$MeshFormat
2.2 0 8
$EndMeshFormat
$Nodes
2840
1 169.6484527587891 266.7879638671875 147.7943725585938
2 170.2902801361551 260.5769827365664 148.8983092685605
3 170.1712374418697 254.2980863802077 149.3076440010668
4 168.3884864504859 249.4334417540448 153.9073126503845
5 166.8883364768388 243.2207312864375 154.4385887640993
6 164.9887517070769 236.6369684510894 153.8116099335616
7 162.5607301929382 231.2519003183062 155.8011576310624
8 159.4917612461052 227.1004279036118 157.518613601246
9 154.3468051016952 224.6082476193824 155.1352688666528
10 149.4034104153236 226.3379772818426 152.3708047316044
11 146.6844099096565 230.2186316482063 149.5651358175616
12 141.8711807610785 233.2099659095376 147.8629718436996
13 134.9890172787329 233.4027716706885 147.5333075987996
14 129.0727287073264 234.8154741554357 147.2282986732727
15 122.5485788853556 236.7160820090905 147.0536591556096
16 115.8048716840818 238.0904345477838 147.0835997515269
17 109.6533951637494 236.9426108567814 145.1389929000641
18 104.2066085381092 235.9474827047295 141.5929768743791
19 98.46418754813421 237.2028730703596 138.1590663908517
20 95.4464199373982 239.8603202962443 133.6373193979693
21 93.74670163788748 244.0687245605067 129.2908691372089
22 90.53449071557711 248.3877447756756 124.9176710906031
23 88.78073981001475 252.0951487715064 121.5369092506859
24 85.82820062658202 255.5708746026333 118.5261168354182
25 82.99947069617275 258.8986292623188 115.1629748808397
26 77.85824828814917 260.9605704073709 110.9860732414282
27 76.23259125502703 263.3073587093139 106.0463818061625
28 73.58934099905166 264.7137026655055 101.2335084178116
29 69.54336974153443 266.3635310332371 96.1373515270255
30 67.76488548334785 270.7925978356441 92.41620715183339
31 63.19218271549367 275.2180709233952 93.69520030620873
32 61.6553276987413 279.7079102643033 98.23774667591165
33 62.81121553038139 285.2999979381863 101.1444813912812
34 65.24329935663445 291.2560938322083 101.4117729944345
35 67.44592401216376 295.5007863879223 105.4174272289843
36 70.09999033260273 300.2622451665744 109.7672922991557
37 73.00425878525117 304.1853041840203 114.0673400249798
38 76.71348336027914 307.5114776560331 117.912246513519
39 80.74586027619391 312.1597879511605 118.4007403998559
40 85.6739689933885 317.0476864946978 118.4126688057943
41 90.34550178481963 320.1574702936404 119.5915755886282
42 95.35541407536721 321.5715690520275 124.1528139666688
43 100.6411614776944 324.0340115056884 122.4027113940368
44 106.8351784737067 324.3120141827892 125.3282825154285
45 113.0589789566376 324.2526417762464 128.334395417027
46 119.6974068502301 323.4188711912212 130.0552463280154
47 124.8875341036987 322.8910607219648 127.7143682518598
48 130.4571810493528 321.2053210569658 127.2256546133043
49 135.0702674209552 318.0548302275995 130.6593988271791
50 137.9452538933791 314.9916379258686 134.379043477595
51 143.1067511925738 312.0202257451596 133.6184083057249
52 147.6898436195823 307.5152291722337 136.1276229771775
53 152.4389974191178 302.6944012528542 137.700889984558
54 157.4854001190993 298.0831282501509 137.0431362723176
55 160.334669787187 292.9265088757288 139.913836888341
56 160.892266695581 289.3937549415088 145.0400205226162
57 164.1884675099039 283.4367539863069 145.8818617739897
58 167.0353441768141 277.8229988177746 144.3245521211506
59 167.8086154342668 272.8016133048049 148.7926642162315
60 165.2526088252123 240.67998167468 158.316723097242
61 103.2122237744717 322.8449047760632 128.1703393146779
62 64.91942123459414 289.7827105686529 108.5907879599968
63 144.8226679784708 234.457992889479 152.8338525300288
64 88.05607027255124 244.0044368540258 128.2764935222845
65 74.0466180843633 258.1210932312449 109.7762062560656
66 79.21900483623725 307.9939440843505 123.8034101038577
67 165.7828843798393 275.9474000979894 152.479074801129
68 133.7238201907346 316.5292809481704 136.6615718504513
69 153.2183961790742 300.1489505664311 142.2568283573877
70 62.48875749295881 264.5769108813697 97.92923720307144
71 93.6536641178518 235.1024767953003 144.3640851568918
72 126.3789001622179 239.0475790214504 155.017466657128
73 113.8948652671268 239.8573535131173 153.5768905855712
74 126.9049766632461 321.0184656265478 131.491560767151
75 119.9715662818694 321.0877309489846 136.7243447403565
76 168.6106251673475 258.7599476312054 155.2469607704347
77 93.02171427722242 317.7385098040235 129.733891397275
78 154.5914845691736 226.7689706168826 160.939411555423
79 143.0884659034915 309.2706443118611 140.655962912997
80 167.1495757680105 253.0442892843822 160.6719306795361
81 76.32446001215985 250.2902133921916 117.3557507549647
82 70.4515577624077 299.5839627624807 115.312981529721
83 61.09150308370851 280.1781922401653 106.0025140135064
84 82.12872686717255 252.9748269513681 118.9580415168714
85 59.48296043528291 273.2433162491989 100.5468446449803
86 59.43808503536133 273.4801030150426 107.7985133117774
87 61.13615365703046 278.760035748878 113.4047184768315
88 59.312898774386 273.3449148686261 113.5104008178722
89 59.59228257378194 277.3331356589621 119.5002046948378
90 57.75497116702488 271.7321294252631 118.8665843010409
91 58.82557831031103 273.4192289862945 125.5151974802705
92 57.09323367449781 268.2166498843906 122.5604497341713
93 58.29446420700086 267.7213668333149 127.7644646789608
94 61.03363770640366 271.8732337055036 132.3236988130097
95 60.26254592118195 266.3900291282299 133.680708842642
96 62.44201133373404 270.2340802898777 138.5561243115646
97 64.44888523269464 277.3830619585526 137.0349559025096
98 64.97398396503893 274.0345938400964 144.7152698883969
99 62.67706847359734 267.8831194425136 144.244660784011
100 66.03638031762858 270.4767482372088 150.2227189443971
101 68.81528517375841 276.8657835942204 150.6844942598616
102 69.42892080600409 272.8663863210695 154.3342939893793
103 72.51379161691801 277.1266735471611 156.4644926710688
104 71.80397821114592 271.7629406523504 159.5401945988523
105 75.7231556238755 276.7323604244833 162.2746047245313
106 76.98595654348443 283.3217427869052 158.4794435897614
107 79.62131718210246 281.2486184866604 165.2624430739504
108 82.03252569164854 287.0424330154797 162.5643636247225
109 84.03216991880797 284.8898132961701 168.4021247482679
110 77.48010171382151 274.9081919616151 167.8813634880538
111 87.26304962537968 291.4322526597305 165.546495674475
112 88.768461076655 287.813097662751 171.712000032179
113 93.79744738694771 294.4111553080422 171.1659484883627
114 93.64651100213899 288.7346252064654 176.2555798091286
115 98.59416395468648 293.5458155410688 177.197364698523
116 98.57584612476151 287.917561495866 180.0358748092031
117 104.2227409590595 292.5687931135982 180.6082574931065
118 103.7585053231038 286.1361003842018 183.503941071597
119 110.6678452209442 291.0387385373963 184.4670762578337
120 108.8911144464072 283.3675804481907 187.8638124765045
121 115.4914805129349 286.3490740576148 189.332890121089
122 113.0657809916931 279.9829152541402 192.4838596522502
123 119.8560618468562 282.2752851296023 193.4939222803524
124 117.3325503041864 275.8140416666863 196.320080179195
125 110.923601392093 273.5399589339704 194.342770915938
126 115.367538463134 269.0823774197536 197.9271361770832
127 109.2946614124966 266.6232141122578 195.312708606289
128 113.7737461583953 262.4024155120846 199.0815460944997
129 119.5700987901938 264.6704813542078 201.1776549483625
130 118.0091978479475 257.9061508501508 202.5854402263666
131 108.0522128951231 260.25986987021 196.3797927758747
132 128.0806726408872 257.0693230136249 204.8046811550925
133 118.1187763046151 292.3221423014201 186.699987661915
134 103.825368803732 297.997100756731 177.7022526313628
135 64.03652089929054 264.1980945337318 149.5479971147263
136 92.3556606995807 297.7290021361273 164.5092041430957
137 79.86970212141931 290.0156007435496 156.9245232534445
138 103.165306476747 263.5195422618064 192.5774726564891
139 102.3043330150535 255.8069052906093 194.4135336924157
140 97.23082284857156 260.264145796901 189.6790304858712
141 95.83610074220179 253.1169181514497 189.9983741085782
142 99.57009703031305 248.6720142473343 193.9205947701494
143 95.15092526468518 245.3326943846592 189.1827354980865
144 99.91689028861224 238.2473501837984 193.955448610645
145 90.84314375501307 249.1390146917753 185.3121237238129
146 91.17303358845331 241.6727288237753 183.8666777373426
147 86.21659991628889 245.4608887583078 180.2887826409122
148 86.24188652174931 238.5096811918606 179.4704747827761
149 80.75190545751778 241.322864655563 177.1625441284351
150 81.43742813495084 234.4904319056531 176.2226466607048
151 76.15227302411689 236.9863307379536 173.5458790138136
152 75.14828356868148 244.0776911714576 174.5828411984729
153 71.65498157097134 240.1465071218609 169.5806585014726
154 57.98945269882795 262.7491740203637 130.0873492001366
155 88.42734969802424 228.1906164564946 178.8412820811319
156 72.78937490653105 233.1362642761311 169.1768236480926
157 68.17664681653743 236.4009320864546 164.560595425415
158 69.36835843670085 229.7544093796644 164.3146110595981
159 65.59711437110549 232.9087980879449 158.9275071569513
160 93.53828711652635 283.5523916088628 179.1930616104771
161 73.39832085259989 225.985420940637 168.8836207592073
162 71.0862660787912 247.3954339598569 169.9680201059748
163 74.63142393692576 251.4393272675212 174.9903877641692
164 64.79624182698267 240.0035982448925 158.5155577395379
165 63.83338053171812 236.1224269016443 152.6320353439751
166 64.47689159926345 229.8296729394996 152.899075836816
167 61.77205164857585 232.7615656678267 147.0257227845638
168 60.44695633145145 239.2337279830485 146.535994633812
169 58.14356882773775 235.8178547475197 141.0360492584875
170 60.2875527668047 224.1861311795285 140.8315638857561
171 124.1733608955212 277.6778656920743 196.738385547366
172 127.1720817397773 283.5429394220258 193.8761957760137
173 131.2578346733399 278.2785065258477 196.1651220093743
174 134.7969980764611 283.9117347037085 192.705137962978
175 138.242215054287 277.934352901399 194.4525682896742
176 142.129591690233 282.6290950129675 188.3956872674081
177 144.4941389591218 275.0924497745214 191.0943063010041
178 148.1968088159459 277.6793067716653 184.8248085919297
179 149.1606252453465 270.266535788875 187.4849093108671
180 146.9721472593495 284.7836339439086 181.4743627223655
181 153.1080338608589 272.324072713288 181.6020838691841
182 153.5899376840685 264.6151205441396 183.7960063528233
183 149.7795834270048 263.4493936640461 189.3701653608366
184 153.7402467573258 256.9261907055699 185.2725946623198
185 149.3026864184746 256.8968383516492 191.7026349048193
186 151.8967629576494 249.1802194399541 188.7941829700422
187 147.5266547679567 250.813748031265 193.9622517830794
188 148.7893550111097 241.6259811129237 191.9857172831901
189 155.823612739957 250.2139412677301 182.1714961384718
190 157.5601590944484 266.9676131437288 177.7099743712509
191 156.8967595733243 273.8488814889952 174.9017559115588
192 57.78413766556715 242.3986808783035 140.659671875801
193 57.38278487812006 239.0091890166178 134.241729994738
194 140.7708503413842 272.6998081574041 195.4248970069364
195 160.04357173446 268.5363678059048 171.2944731017219
196 71.17616780007903 254.5836089851127 169.8656836500031
197 74.72214007815052 258.2490035973296 174.0511339059011
198 98.20225844665775 267.2450967127012 188.4442233949044
199 92.14115012870346 263.4741698032111 185.570934365971
200 57.82958840466058 267.1076195247985 109.314027372723
201 60.03295597032576 245.660836977202 146.3835090638962
202 144.7336760947135 256.5651978422818 196.6175738846549
203 142.228318055439 250.6098014822247 199.0541044423435
204 159.6756110003382 274.7089589981355 168.2318480171865
205 69.52841960597132 223.3019624212337 163.7514262273103
206 73.43884157526102 218.5881358569343 168.8929366688874
207 69.59484117582649 215.0201286387629 163.0310215525827
208 74.39225545049629 207.6236271246032 168.0271959500481
209 160.3821037189081 262.6198128144996 173.3485284743806
210 57.03975981658525 246.3766473590499 133.6446002006693
211 55.49043719581192 243.4143231988089 126.3478642024014
212 56.94360187667468 235.605817454948 127.4031802146643
213 57.10657909735852 238.3155281457894 120.1516663861186
214 55.26422663200338 245.2867119331221 119.2566024899754
215 60.69186818468054 232.1701020236602 122.0968537984866
216 59.42730928564223 242.158603026996 114.2685881996066
217 56.78899180565853 248.9290256204605 113.1557181903276
218 156.5458898098426 279.5878780384621 170.4355849768642
219 159.352454640918 280.5290883962435 163.6599812938747
220 155.0985374057146 285.5770220779968 167.0173861134187
221 158.0621857522056 293.1873536642553 146.9969670517108
222 104.798881608261 249.5973664422639 197.9651449172361
223 54.72069715313491 252.2264807896893 118.1984889416163
224 60.82526417535052 261.9885551958079 143.2482440340761
225 82.90013082862225 311.1097473737336 127.8344308434532
226 79.4525411571617 307.6073006987463 130.8166339263214
227 74.71600314415278 302.9942841438023 127.9910890735835
228 76.56268828352948 303.2416828648779 134.1141289289549
229 81.40583144063346 307.4129066747636 136.3875980651573
230 71.97384779464043 298.1400187282113 132.3771669587303
231 79.21634739396509 302.8715245909234 139.7026674903831
232 84.25730064366094 306.9176528508367 141.5609775976683
233 82.51008503403084 301.7840607094849 145.4161337354567
234 87.9255325542086 305.9820552995982 146.9381425660985
235 77.46184544217803 297.650343848082 143.1967518976559
236 89.72193192501759 310.912444498854 143.2017061829106
237 93.54972894291444 309.9135772431224 148.1151922804458
238 95.96060122521413 315.31256751427 143.0739072902965
239 99.69904129151725 313.0026873785803 148.8094163381931
240 102.5650932789579 317.6169757115361 144.590498786883
241 106.1295415160264 315.5120712659644 149.2866525611075
242 102.8319534377326 311.9852877402157 154.6085106667638
243 109.3992565977743 314.0470571260101 155.0737478141387
244 106.0441490555854 311.0324831346662 160.4364588541712
245 112.5308470486655 312.7926452273763 160.7144108768201
246 115.2127120152616 314.4943301626214 155.9882308759861
247 118.8973021126819 313.5256233487265 160.1790949481691
248 116.552564253612 311.3137363291113 164.9357702351921
249 122.9964344203164 311.3622900061146 164.4539530872177
250 125.4613702635111 312.7143032585572 158.1031281712671
251 129.3568714693504 310.1985587285982 162.5042711020434
252 126.9396959193198 308.507707757928 168.5380498498356
253 133.1933195689959 306.725582273996 166.313710913337
254 131.0030078064233 304.9298090800743 172.3527686717951
255 136.8498375525176 302.6305979797747 169.7665323202065
256 139.2310891097985 304.1372797435885 163.599660870396
257 135.1488572643909 300.5257214016177 176.2123273926414
258 124.3792090621495 305.7404432163858 173.8640727197272
259 143.0860044912892 299.2231086205881 167.8525248869317
260 144.8867437685929 301.3127990780642 159.7237541549762
261 141.3309200908157 305.3343655759938 156.3994118290793
262 67.54903994602847 251.0386508864824 164.8353848963657
263 68.93794542672782 258.3010346795314 164.5840028100415
264 66.43826801942191 255.373466959813 159.5047924439342
265 141.705073989728 288.7897673797905 183.395755829348
266 85.72172690990851 252.4691248844779 181.8428548606182
267 98.84412391889727 321.2995802152332 128.7949794601502
268 103.1575930651369 237.2859596698859 150.4816820856842
269 85.69758979703107 301.4208993101786 151.5442738623609
270 162.6836217563829 269.7608715814514 164.6826979046764
271 130.9640601530318 289.9290329131519 189.8289414796533
272 145.1597631713742 290.687119658358 178.1778630680494
273 63.64908329104807 248.470790248459 109.3379959788978
274 66.99485930021225 243.5152944892048 113.8124566525563
275 137.8995850200102 313.0119904867992 139.676779609389
276 133.4007325244928 314.6680257185622 143.2103721798991
277 85.0473962377919 248.4167061356833 123.4744638489863
278 81.77784643058845 243.0158751939117 126.6047162233256
279 83.23260315217105 238.1165799445218 131.6247420239625
280 77.94796834306726 237.6116922259453 128.5399995570226
281 78.19544493259222 232.5907619734875 132.9806705251063
282 73.98621900542101 232.0137442356225 129.0692491049111
283 74.99420356245479 227.3485110796364 133.5423126990158
284 79.19476328217519 228.7519210335156 137.7564646327745
285 76.02231234097513 222.7169934443687 138.2291604940868
286 80.43237528745024 224.890065743252 142.4811143774254
287 77.93021194562982 217.7984322576748 142.9708628477877
288 82.50860227221963 221.1545115242814 146.993926721825
289 81.3493126318108 215.1146210182076 148.2032730351907
290 86.19795708455507 219.348091212004 152.5222332787717
291 84.42765359187001 213.5296466545056 153.4784251886171
292 87.71286825231022 214.8347470314283 158.7505145229574
293 91.96593391871949 221.3563975893023 158.2890575504494
294 91.75734008813852 218.4349222857726 163.6667436248926
295 96.97201893088101 223.4339379969583 163.8788584987541
296 77.38842373802812 212.540700101929 145.0062151222119
297 88.61548418758959 213.2968693353601 164.7481165070971
298 91.7104286743504 217.3179741960661 168.9207620038093
299 86.04938805358756 212.6668991651492 171.7487373427582
300 85.95747380084751 282.2190972181799 173.4835435164362
301 156.6843934659013 287.9696005877694 160.0630137022723
302 91.4293818134754 226.5188952962336 152.9674974934424
303 93.46824202814432 270.6062708921808 184.1175030593527
304 87.50155332783152 267.1967758850087 181.7707086553981
305 77.7272469904308 222.2911595028251 172.8069699643956
306 59.07041671912611 252.7564013222452 108.8079093839422
307 152.0926444959117 291.3324710300926 165.3387086996445
308 103.3429695796993 279.8087853031226 186.1685654549358
309 109.241810353298 319.5185948440786 144.0045141108847
310 76.85494486015641 242.2996025809787 123.8107439964164
311 60.90070959208251 279.8264148723899 125.6810588667526
312 61.92242529252519 283.1010115698559 120.1753937449547
313 64.25536430740861 287.0234431770888 127.0547871671205
314 153.9398735391133 244.2344427876336 183.9897849739117
315 157.69175590844 244.9271106461098 177.7341733958757
316 155.2160918682506 238.7806116401792 179.2190401580693
317 158.4267928943615 240.0032447831929 172.2019594828658
318 155.268098038824 233.2945501110852 172.9931285796656
319 151.9796977493085 232.4465589752065 178.4791725248802
320 148.9753189944551 229.5468517359874 172.2557468516728
321 146.2434107966282 229.7458756285265 177.8775651561386
322 142.422031485033 232.7676331690423 172.5122482572213
323 140.4989606390915 229.8891826087433 177.8766399695663
324 136.8686905937666 233.5593503437253 176.1693286905586
325 135.6036989745562 228.773458641197 180.1211320738624
326 131.2425375118534 232.7826228928108 178.6700928094489
327 129.9485535230345 227.90727950151 182.0716758677833
328 98.15657862185049 222.194815323514 171.0771850178601
329 124.8007260446643 231.8593811314038 179.6331272875015
330 124.2159564731034 226.5490343423538 183.1001203658212
331 128.5805251373316 222.4030300568634 184.8991669662524
332 123.4205466535125 220.8820050695292 185.5374874049882
333 126.3399312247888 218.0252145097384 189.2588864453283
334 133.0037050906645 220.0516073310877 188.8171790885575
335 129.5247373111861 219.4664035380098 194.7530516976432
336 119.9854567001878 217.2853854176956 189.6039266733658
337 137.0942311987372 236.8935955348044 169.487299793275
338 136.1985766572467 223.0996927379054 194.0228808195604
339 131.7788958861726 224.7981581535799 198.3153468854505
340 118.6169371767351 229.2368802704953 179.8378561369323
341 121.8008305338411 232.8092231556017 173.6781738565787
342 137.8563488969238 228.8549628902932 197.235074674719
343 132.9369264612723 231.0425025795617 200.9379232577675
344 128.2076433091467 227.5696439852666 202.5427735234691
345 128.4624217551304 233.2005395496637 205.7020879822602
346 123.0328611542242 229.7911617719739 206.8421709764261
347 123.1398641708097 236.434350347341 208.2159809015891
348 116.8448749295433 233.7598146540386 206.827490491071
349 129.7538088242865 240.8819641767759 206.3195000977599
350 114.8276759370019 229.5318049563679 174.061081758878
351 112.7138431749581 225.8279559212593 179.4267612147646
352 117.5960855040055 226.9838237637059 204.6731900764404
353 117.6449066536415 240.5289964303333 207.1452436069321
354 147.9311072466304 230.4144329781651 183.8173166290862
355 112.5892398089066 231.9092753021354 202.0465403436401
356 117.5673803113054 230.0889829709298 167.757557038049
357 137.6376599970257 235.812499350009 200.0474451385463
358 110.9051236461261 228.188419297254 169.0187399504956
359 145.9059266186997 231.6193152828366 166.7040705956871
360 123.8352067959184 233.6244890039868 166.0797808845514
361 114.314365898 225.8179512850095 199.1692120168557
362 159.1699177080084 234.6754642893679 166.9399067769713
363 160.8892460902183 246.0513050444309 169.8895010199316
364 119.4690229702085 221.5094386383203 200.4929692513487
365 141.430470738228 226.4200789957583 182.6721193618981
366 70.06358442249103 226.6498129450002 129.0860567087457
367 99.68640014970033 308.5371764646754 159.275921507959
368 103.458633758926 305.7926517996207 165.8903217078612
369 160.1520355946489 287.5895086256696 151.6726401949178
370 163.5164158797146 281.4712895932981 152.0026072012328
371 62.33346433447252 256.607113381444 148.7315126534396
372 139.2984085875258 256.4219034899785 200.1624447456755
373 136.4556281201521 250.9807713650051 202.294581561377
374 60.05548981192635 228.8346130189069 129.1174718058756
375 108.4849749170449 229.8527667083099 197.5498371421252
376 110.1166780028948 224.3483493633698 193.7503834410124
377 104.0052028382427 227.5799203460345 193.8554178452292
378 128.4486376568439 272.8357106818254 198.8503763006009
379 68.57180355676611 281.671302501405 145.0036792036033
380 67.32389302451857 284.1196215626682 138.1428818303343
381 70.93322029719317 287.8777381674923 142.6099414776778
382 138.4292665229998 310.8107657358348 145.7708821333132
383 142.9358981286856 232.4752904578922 194.2428314255804
384 66.82314644120066 221.0998651708845 157.6348170866886
385 66.90815860682942 214.7672779411728 155.6644990100958
386 64.83135049990021 220.2323857590642 151.3501964724007
387 69.34097514818686 208.902463207439 159.2720072881905
388 132.2324666260362 311.7257070160591 156.1192600944159
389 72.27409679344532 282.1494209170755 152.2302145815374
390 84.4300252409391 231.3032261076099 141.9679474720333
391 118.9168801236272 234.7704756964325 160.5926253946777
392 109.5805917868683 297.1020681101352 180.9315464882422
393 109.4806072631475 302.3728719238352 176.8826280940449
394 115.3432179812463 301.2066279706102 180.156091447394
395 64.67151028365417 288.7065598008392 120.1271017101268
396 98.12864238448965 300.4449176753125 168.6174810748744
397 96.33847233839049 238.2281301208735 188.3708063794417
398 105.6143925529418 320.4553776631031 139.4039032693481
399 78.6013011701466 215.2581461642284 173.1253851834754
400 68.08157652376354 209.9220357278164 151.9377592879627
401 59.16322937869157 255.8633374007872 141.4541445793951
402 87.23730507446555 295.9899553199079 160.7212855089256
403 72.29222606405277 205.4183033525582 155.7734301296231
404 96.60186186384021 227.1379112534515 156.5150117600311
405 101.615283156696 227.6417021098205 160.8541428690194
406 88.44607023929397 273.6986716966665 180.2417828846764
407 83.20429735043601 270.3216019493774 178.0148049234672
408 82.26515755329514 264.2648396213046 179.1660193139871
409 78.57939864899791 266.9213332189064 175.2653622440326
410 146.8980269230789 302.0096725765999 153.0112037962831
411 150.275856020186 297.6635041662772 156.5842696858188
412 68.03419995671337 266.7111593178583 156.0445736140381
413 130.1870502038536 319.2530954116792 133.0647641597085
414 89.96251715584397 219.1864252662908 174.9024467677187
415 55.87072765562063 250.6527359674895 128.605337758481
416 57.72192567903345 253.2886376022435 134.869286243577
417 70.21277502718029 297.4630658630437 126.2469818973761
418 70.88987514850334 265.9751355971059 163.3502210255672
419 69.07270491784928 248.6728267172537 111.9834741435504
420 163.086766380655 236.6767809581873 161.1591199007149
421 106.2064556729686 222.9567123219066 187.455134311693
422 95.51637366621733 222.765190511125 177.0897851365827
423 100.9158725086255 227.0447278688504 188.0742916272215
424 159.6999139732687 250.9007315885018 175.5548371446531
425 157.5539419425565 260.4700068911378 179.4662521040462
426 102.5627236552004 222.8686205220503 175.6624410848195
427 67.93251468284694 292.7996576876187 130.35548079955
428 141.8969739416146 262.0511864399565 197.7550368314398
429 135.9660687308846 262.0833144469425 200.4640389121125
430 162.5451768145232 253.5222915813212 168.4620280753834
431 139.7484642138867 295.1324530275263 178.6762023079151
432 150.892470911036 289.188622580732 170.7502207900308
433 108.1904625518848 236.033110035492 200.3651538676664
434 116.5898167095911 305.4689144439076 174.1694534915459
435 127.2943351637879 315.2979006066083 152.591510285488
436 139.3147492955653 243.9810782550834 200.7286795067461
437 109.8157669468464 305.5717900729381 170.965208852037
438 84.57225960541224 208.5438494884388 159.4271284109974
439 89.82832402995749 301.3158565666258 158.2804587777086
440 71.20366041497212 221.4715531481976 133.4736513560776
441 83.85974548254268 207.6870059476979 166.9666051413744
442 167.0849442834639 269.8076901203721 154.3975379503463
443 63.48631894828063 242.8391920922595 152.041364185433
444 152.3122034000528 280.2414634306296 177.8586041009234
445 120.3128289468814 240.2508924774308 151.7726694569205
446 79.14719095508241 209.5402212958867 150.1540667445936
447 74.35888865300956 204.4765312749566 162.5288540191925
448 135.5784497602678 292.2790312394749 184.9348337776026
449 117.4531598184813 222.7324273483741 184.0589991644655
450 151.0402757114378 237.3506076956325 186.0433161519528
451 104.1371578984087 271.2692213166087 191.1271133763848
452 70.44678163516691 293.2975132491909 135.5748362000435
453 87.96657205726646 316.7631013336727 122.5518951575477
454 127.1381461142424 235.1005291216117 170.9635539310771
455 130.5217336078667 236.1062548070142 166.0307993551302
456 63.76359696134669 237.1750236398472 116.7291850425071
457 68.0102635639774 233.7812880664718 121.0056740727865
458 112.3060480492374 256.2563237254259 200.3005371501599
459 115.9696601332594 251.5967038866612 203.820230339416
460 123.0073338132788 253.2568747006838 205.8899283956331
461 122.6361179391062 288.1988726785449 190.5891397503059
462 64.18879747840694 222.7999476622361 131.0349726663501
463 63.03083197231726 249.4837946378961 150.7934159045197
464 122.9744553274293 216.7537964958913 195.9138892595841
465 77.3004984178487 229.8577140639198 173.1865590645356
466 95.95158374102695 232.3644983771533 151.0516690977456
467 112.3860132626134 321.4042383876777 138.5971047497357
468 116.8846539378479 320.499237224594 143.5545498347498
469 123.7253889334318 318.9057216366927 141.639156216019
470 122.3813949371034 318.3816781655414 147.9429121532247
471 108.4897457777568 322.3980121080934 132.0346091349568
472 162.9633995870438 277.6323780340077 157.6896341337198
473 72.98424772009695 217.4297967443434 138.6224738496142
474 66.15202200368013 217.9688154732309 136.4797388887817
475 68.21920187486833 214.0173858217368 142.4441347759807
476 63.37064919274783 218.2193392209687 141.8502098318239
477 143.814108903188 295.3129090082283 173.2653051961292
478 148.551907510231 296.5652350896461 163.1622713503077
479 163.9534909480698 243.0685646576611 163.6496942795576
480 162.7001576978006 263.9232393409335 166.8959160866003
481 166.2714648716128 265.4938754717083 159.9812508740389
482 125.8565862584752 221.6584567141233 199.7356744106472
483 130.2950194782499 251.7713820186995 205.2268412064669
484 95.60610454730771 318.0803736535279 135.9204313100531
485 65.76551597728201 260.1210529728248 154.5375914212609
486 90.07102766296981 231.5201903287632 147.5732998760342
487 91.0018487310283 256.3162543279952 186.0456346794618
488 104.7856234713226 225.3935046229342 170.2725260600892
489 67.35945963529208 243.5410035725552 164.6271456277209
490 103.7732466339941 302.0788990762053 172.7289216868326
491 89.34064116393617 314.9869748372839 134.2030040317352
492 143.3714668574076 306.4924893119618 148.0154400326962
493 155.3143105270015 292.9849914872922 154.0770381122452
494 80.44990949582947 248.4196507502172 178.1494575040346
495 72.09948760157322 261.6255403124257 169.1109532885962
496 160.0905206731681 230.6776678126178 162.2453913259877
497 70.27694530214902 259.3597264188488 103.6120023844753
498 80.33569117366255 296.9960626352641 149.1903085183355
499 75.46814206996791 292.043545861503 147.0842497600156
500 79.87211549686928 256.6085528189654 178.621304724495
501 73.37993182730092 302.3883268955849 120.5250416292983
502 153.5420152788625 229.7651645445764 167.414613465832
503 132.1712856433339 237.7383761871693 152.1280426952794
504 78.82550312619402 204.8743392672653 155.9039131774367
505 101.7896789798253 232.0458653360253 155.3657231394372
506 107.100514174256 231.286475047226 158.5696446627334
507 144.2478199205742 228.1795399433599 188.1945014519108
508 124.9300298692433 293.7905581188044 187.1927593145841
509 120.4144944198624 297.9238559490782 183.9505220530748
510 126.9866968668508 298.580722505054 183.3299660262034
511 145.0445720196354 267.7401074055884 193.8058442243633
512 64.88976564873607 248.0132576588405 157.8857082589944
513 153.047346092433 284.4864501807808 172.5583126418025
514 93.63817288289943 277.3937511459774 181.8903111110491
515 99.29905956663129 274.1641947647256 186.195204024319
516 112.6583054049298 238.2457805582688 204.4866623122231
517 107.7789343930649 243.6047404438289 200.842485674224
518 67.73553308170095 295.0790776554367 112.2966107161697
519 138.7652861872814 236.9395099408104 151.7574333928561
520 141.0058611189995 236.6508944863693 157.9173202388196
521 145.899775811556 232.4454993738082 159.191944571377
522 148.1695493801159 305.0045454414322 142.0367433387811
523 143.7881615221322 239.3186643839729 196.4441480031821
524 71.77860517840867 246.7815308669848 115.9846722075632
525 71.35122836752872 241.1094266231225 119.2994053542337
526 63.79117911788801 282.1570917123122 131.8600066421295
527 63.29944614095071 225.9783927849876 147.6041312666133
528 91.12316525294121 305.9464928376423 152.3781668733475
529 81.18285466737963 204.6631329543527 162.5087120186456
530 75.16258878917824 268.1406989953247 169.8221150785481
531 83.29693515548958 296.1262624331089 155.5321081540878
532 59.2931677754145 260.2194373423547 135.9792684318573
533 96.24973696739679 303.2708429645175 162.6328346378453
534 113.8393716075929 220.7770169066996 189.5530719011399
535 58.02623688408722 249.2453537771763 140.5723190745113
536 85.77349498502498 259.3754143654554 182.3220227618682
537 56.19570406417928 255.5681604271588 112.850071371238
538 55.30655512495429 258.6660609029053 117.9723334274977
539 58.21515490787824 258.8530450313315 106.9670619694075
540 55.06700662823916 255.2407243189602 123.3295772789228
541 168.7114364689708 264.5122314474055 152.8773777108905
542 113.8236326275808 245.1751974953261 204.599179758283
543 99.74328907654493 232.3734015378556 191.6023967425265
544 96.85275000763409 230.6878178905549 185.4607674716704
545 134.5397462994163 240.5156002743508 203.0430206487398
546 120.5067207972246 308.4637782495089 169.4389520110067
547 121.7037267425235 271.356948732575 199.3821295420815
548 57.91127901571092 230.8561394061815 135.9423588183251
549 78.04251665730628 256.3753335045171 114.5750276713666
550 166.8712813688785 247.331307680265 158.8414023220499
551 91.76799909423551 236.7052241245246 138.1944569756001
552 82.37108722172043 233.4365614042854 136.3632206849802
553 79.44282608406191 247.3412155265953 121.542488770809
554 72.45408655242711 209.3325389476321 146.111625182683
555 114.2553990420848 317.1304607335666 150.3500688410272
556 72.96740844407606 236.5664320233456 124.5449234380284
557 168.4898196929225 253.6071211565286 155.7039208228758
558 147.7070262925962 233.5368059335531 188.7199579422469
559 96.77706850619714 309.5912832920142 153.2169254405707
560 135.0113800946958 273.2863084739865 197.4092616800453
561 132.2849772765429 267.4488296462417 200.1510492265703
562 153.1419352725806 297.8672974413863 149.2381741963854
563 156.9166372467923 296.0530735195768 142.3615864312895
564 125.5150120054861 235.513797716619 160.326838389733
565 127.0876647239137 246.8675469819682 207.1090467786717
566 56.62698199405578 266.222687097362 116.1070103484714
567 149.9189863843428 227.5152484571806 157.8919739778087
568 131.4239215478694 236.8670189696961 158.3910212437345
569 136.3522628000583 237.0711721121646 162.1759013919785
570 141.7768774142695 236.0413843832216 165.0180129693352
571 112.4884611106659 230.6445434146851 162.448977382748
572 138.8265789201533 223.733182277383 187.8812769128072
573 129.2173406369599 302.0520677788992 178.0460949890249
574 63.39379648355203 285.1484383291415 112.9794723257723
575 68.60902545146305 262.7480565598058 98.9552694663802
576 62.93160015538953 259.3856970425633 101.3009004958723
577 83.06419719162453 227.2113244877623 176.2150440707847
578 133.2399305090212 297.2816496642383 181.4353728684527
579 116.2557391216892 219.6503090650255 195.3658787370246
580 165.3233435484703 259.1277920911797 163.9509472267337
581 98.52015523318701 282.5966928356412 182.324554764515
582 134.6958894894538 224.112897720808 183.6799378518288
583 91.23001539369318 234.2693998381053 181.8832759902187
584 86.21705121641487 226.2674924177431 148.2110996974269
585 83.43793010152621 219.3331297616932 175.481218766557
586 90.19533498930282 239.9532318482332 132.5449813955897
587 133.4514132836372 256.7292195689582 202.8496295495013
588 145.3178798400529 245.536738977411 196.128762683774
589 66.91330523305277 288.0117314749023 133.6786866474707
590 133.32016885907 245.8162480895081 204.2380316786505
591 74.55975515965753 298.1412395181726 137.9218879433215
592 129.1418094415992 317.5857750499908 139.5316443609124
593 62.25478855579667 270.0930402489064 95.65674892978424
594 135.6500425032111 308.0422794888124 159.9846006990286
595 107.0979474538567 277.3602001073623 190.5247100988322
596 108.9022050265414 226.0055729181612 174.5849198466362
597 132.3355150540907 235.503731459222 173.1176333370538
598 110.3507160511566 250.4073310882507 201.1110825650539
599 103.3604129287898 233.620901515978 196.8608203315721
600 106.929318308622 222.5781538455796 180.7370841104147
601 125.8347535321235 266.6122867202849 201.7724795077281
602 146.5392045505967 261.7411018668534 194.0659151277175
603 59.1805426939092 263.7125822858214 102.3821932475778
604 58.126474088306 268.9993092210982 103.9291479814623
605 120.8983272186394 315.2963641245163 153.9390590418259
606 119.2322449373582 246.8948901293047 206.5187388859467
607 122.971444177254 224.8449573188004 203.7581009332848
608 84.51918463055232 276.4732135909793 175.9483219911321
609 164.5153210134532 248.5514061494284 164.77634528714
610 94.45975189067279 305.9918395795736 157.3563999586791
611 128.2103409823853 316.6063966391513 146.1160873200027
612 110.3579055441687 309.4680850021338 165.3854577970294
613 107.8568959306394 236.3401251556323 154.9800546708326
614 69.25802907570205 253.5019972206412 108.5088354008191
615 114.8480812788976 322.6680951921843 133.1235588169636
616 87.47006781098523 314.5807278030246 127.7771211634374
617 68.25041608890601 295.0016844304207 119.3897828980732
618 123.7008826372461 321.7731780731573 132.3877911153096
619 122.1110825652179 302.5105727226908 179.6891832449144
620 61.46029186459107 221.0363877632572 136.2471812050883
621 102.3695635086933 244.1509056736188 196.7465866899443
622 56.52005501483875 261.2139376472358 112.7688600675772
623 147.7725095700215 294.1652302110842 169.0919104854524
624 117.3085158142632 237.9672564679494 156.4502336773884
625 140.4727657030618 226.7099952041228 192.5923667855216
626 84.13756948203978 311.4882557626705 132.9049066939365
627 66.41274583829242 226.7046886769141 158.8017124648701
628 86.6008601359061 311.302598340258 138.1606756909431
629 99.39492163954309 236.0332894755972 145.6893260557349
630 160.5089787289816 283.0663178836763 157.2379578855123
631 71.03130134349782 209.9035834890146 164.8620492287265
632 133.2043151211811 313.3341427302451 149.7395133184401
633 65.94541179108836 290.6117677647691 114.7836903277151
634 102.0055964973921 320.7041350010543 134.2907849402023
635 67.99843342208879 261.7586963516839 159.5509146423825
636 130.549077121378 294.5154057403672 185.740309960605
637 138.5267179703513 267.5611973921347 197.9992367749594
638 160.7612617897509 256.5640498728891 173.6200243190131
639 73.01841893560416 293.0615523100437 140.9444408711833
640 123.0746849877947 242.7476529950035 208.1237842155548
641 65.33628601748123 228.7366591005297 125.5749770097776
642 65.26079839419688 215.1037845600806 148.2597144072331
643 114.8545142037063 296.4537104320997 183.3478849279511
644 100.1504148204583 224.2541007470136 182.5367423666674
645 89.57232463988569 234.7029878814926 141.898491171803
646 137.2402690179345 287.5711581321137 187.901998643054
647 138.0622033845521 309.3434104594151 152.2923687841015
648 72.62881437232261 286.8063009752101 147.9671577010268
649 75.77662964568944 287.8018225775196 152.5739166465492
650 164.560424035679 272.3125946547418 158.9678800575837
651 106.3929663916429 228.0528412031021 164.5546304560909
652 81.69307101908299 279.0172081034864 170.8546067321015
653 60.13223386195527 251.3620624723545 145.8121982443619
654 100.2462693701 318.8360560134572 139.553538759751
655 59.77108242244968 225.1773242193254 134.4453743945117
656 84.3743541209158 313.2610690903209 122.8440898494638
657 149.3534607207819 228.8822015253937 162.763967343905
658 148.904516982709 302.3860632200785 147.1609327215936
659 73.00742169514814 252.5403156875131 113.31989825377
660 161.8670897910122 275.03528306186 162.8618493782408
661 74.01625084596139 271.4857131927023 164.6935130087178
662 129.9717520097131 262.1136902127661 202.7204078328379
663 70.18312545193518 231.3560097238343 125.4785722309631
664 111.4798958812145 222.3025439405654 183.8522136337388
665 90.80940000217842 223.5701768787201 177.9153340577902
666 79.72482657680314 272.6965583912989 173.356482048913
667 55.94763825529297 262.3359441130677 123.5419918645919
668 89.07105211797767 279.7488814315106 178.0056928800723
669 139.7722244703817 298.7424154857541 173.3975534971867
670 78.36689569979961 205.1823247760347 166.7930868034905
671 79.17370549657662 209.2421330849386 170.5707954787458
672 152.7797717031885 293.6017097039677 159.7268202373627
673 64.78306620733835 253.9444254326373 154.1529761029047
674 112.4875279569367 235.3164121534488 157.8111708007892
675 98.57265149083381 243.0678417251646 192.7207881373197
676 147.5347170111262 230.1108432506617 153.9492612685691
677 73.78921425142701 212.4946218407527 169.1189745513508
678 149.415349654319 286.9900318993859 176.0963944060477
679 59.40776374477623 230.3569163604948 141.9816089867442
680 146.827164704642 236.7927070039787 192.180855557421
681 66.74864169393084 292.2116450594733 124.8831131588984
682 77.76910138364782 262.0190861120081 176.27549856538
683 63.4595350050496 254.3817643920634 105.5213882919443
684 99.40766680606494 298.0570328958808 173.7461375309127
685 109.8666344951036 239.9418697367783 150.2565349361741
686 82.36104564867409 208.6103841589435 154.6721348411398
687 157.962091356159 254.6842007211156 179.2110800720685
688 83.86385086097135 292.0655310958292 160.42861508378
689 65.10524862345679 224.8252954060457 153.6132884323959
690 56.72996389987818 257.3204227721222 129.2037963062146
691 101.551713317838 225.2998640361527 165.9742838187169
692 89.95615276885459 284.501066354536 175.9018022142652
693 63.19265864668033 286.4280961830609 105.6753337328522
694 160.9374429722957 239.757459955573 166.959793661721
695 93.51925368261763 227.3867888783541 180.9827422036714
696 107.5698371021146 254.7852888076139 198.2137461741287
697 61.54934157064158 277.2807936325738 130.2161328390543
698 125.7313181960991 319.8983954607962 135.9493561432012
699 132.7892815552652 236.0712091663709 203.2951747885774
700 151.5768401536054 242.7033285773149 188.0759061882502
701 103.9092988729636 239.2593014052853 198.1917928776195
702 67.85031084583331 211.2780442550621 146.8468395186067
703 65.43705521923432 267.2915627153859 95.1433114560904
704 73.60879518353161 213.8463763082678 142.2503503958224
705 114.9146129726589 307.9871378967324 169.0102297698909
706 86.76229358059585 223.3003367044024 177.1425563143647
707 59.67245524760065 267.9817612640577 99.72199704109984
708 121.7734798548173 237.9047448521472 156.7847148452396
709 87.28991099041357 236.2742474423291 136.345813324024
710 127.2726669993027 234.3138397953829 175.7877353186555
711 91.59747650375881 314.6780082397405 139.263437402647
712 69.48255082387833 289.0441728104483 137.8984633592893
713 162.1398274351045 259.1964591618334 169.3821923279957
714 54.63531329094705 249.3807954184887 123.1059039766373
715 75.45989532056012 263.4632964961776 172.952655394298
716 136.1912490460433 237.6663998285128 156.4121566867253
717 126.2787609220797 238.3963177416126 149.8010690585491
718 60.88836536438714 265.1271091930295 138.4601146133578
719 75.34921614995899 245.6536543382497 119.620508372733
720 103.3694950855275 275.5808266906118 188.7174915719962
721 91.39680128622146 318.554412053473 124.4473410843055
722 147.6082176574452 291.4950384704818 173.4529688316677
723 78.59517738448361 292.7226261222165 152.2430149453561
724 86.73209890081498 232.924515633831 178.6767467949857
725 63.18411621510735 220.5223294968586 146.1866499866161
726 74.20843561066644 206.9614829127089 150.8548210165099
727 149.4441211113654 246.3778703391896 191.8753950716782
728 123.4907817894195 260.6191622286677 203.6672526473569
729 95.05806435205793 220.8022923556541 167.4552871270912
730 95.1517107655271 249.1809364226004 124.2405219977426
731 143.536689586879 229.9248586599886 143.7469642902451
732 75.39161471902197 268.7624844622163 97.95639723398315
733 120.1405985205531 234.4015968925125 140.6278279966558
734 116.7912612036166 324.8632748398665 124.719308630154
735 75.05277078872911 308.0593885777789 109.3138179297729
736 92.31515113477199 322.4091261172961 114.8530008783993
737 67.06153298285149 292.3198401384608 95.35699493460163
738 145.5680040973436 312.8130586398661 128.7169041602954
739 164.2276006077203 231.6797130395579 150.509023399232
740 132.7330973649895 321.902479306374 122.5205409716136
741 168.1326738408495 278.2929064146678 139.521152919064
742 87.833170375648 261.1004034105852 114.6711165770699
743 86.1990714404247 265.1206747147649 110.3793630905355
744 104.211190978117 325.0710831424353 118.859067834088
745 121.5826754043774 324.7712846786084 123.3703681441581
746 170.2026630448548 248.2553193959125 146.1080839499353
747 171.453288403482 262.0243757300084 143.0652626009272
748 153.4442906774829 220.1406640154801 146.8965263040039
749 105.4953703598279 237.6846110983808 135.169662965964
750 102.5624209463796 247.3984270792587 125.511385537727
751 156.737163119202 302.1477277247852 132.5177527706146
752 164.462260556448 289.0319045652379 134.9577875874004
753 132.2592655120152 232.0407247698177 142.0808789622348
754 72.41131193422943 304.1917460066389 103.4663105823139
755 76.33432498365096 309.9494257927346 101.9041913146417
756 73.70994408164047 306.3128045666184 96.88225729033772
757 76.71902752840541 311.782899188784 95.44383189838787
758 74.51155367961591 306.435223542545 89.90946663669853
759 77.62529842042392 312.9627018108443 88.87633271572864
760 80.11519812114479 307.2580687719821 84.66551253654507
761 81.82309304370737 313.9158019794577 83.84757222237201
762 87.89003271559821 308.8500403974142 83.05183486165393
763 87.85412082989254 316.2666671250424 82.23046090620144
764 93.67188829540731 313.1474743852434 84.10989364423585
765 94.42458844092839 305.7911974234263 85.9494293767367
766 99.74524841564838 310.9521868114088 86.42741171892918
767 101.6621991804493 304.4413079474498 88.37611054139941
768 94.12682472601254 319.8807541901571 82.83337103374532
769 105.8078563573836 309.2082580971341 87.71151669552602
770 107.9613013336964 303.1438552521448 89.88488303204235
771 103.980701004916 297.7043521724489 90.76876140340721
772 110.726338228514 297.3432931739868 91.97580996010456
773 106.8242678126541 286.7610392214392 92.43999881678931
774 114.7491914075843 302.5460378029229 90.36439878451547
775 68.10888823054648 276.8350434405535 89.86549768782766
776 117.3718765914869 296.3752890365961 92.3961873543973
777 121.4899175394353 302.003522889736 91.67469742974561
778 123.765941572236 295.5296442143435 93.54992727900111
779 128.1497673866384 300.7413741540024 92.63209776647032
780 129.905123431755 294.3932678379148 94.17951142957148
781 134.5971142840731 298.9842218362718 93.60172049325537
782 135.8691297786264 292.447480968904 94.40493718535205
783 140.7349051013786 296.4180384437 92.92233656926959
784 141.6359101151872 289.5290473408385 93.40136464685516
785 136.1488249821642 286.0359435482306 94.45337043571446
786 142.11302194015 282.6682233970959 93.59939296995235
787 136.3018782914032 279.57466629994 94.46517970938378
788 142.2064696811264 276.0026492574239 93.62213530618116
789 134.2083942976622 268.5081692366211 93.66309513558315
790 147.8044168273181 278.9199367346338 92.13747596520341
791 147.7186541918526 271.785941598092 92.19912240751665
792 153.3752168116351 274.5734112824655 89.58288353030994
793 152.9716638292095 267.3587550423027 89.23832914742653
794 158.961901769628 270.8106886899694 86.73748515883494
795 159.3001181267312 263.1591793230726 85.98676114331997
796 159.4011933100093 277.6786014766453 86.57983542437465
797 167.1282881021542 262.9721494300561 86.33198019281708
798 164.2852442005353 256.4148730284617 84.6009433105327
799 169.89535537607 256.9998024819387 89.26555858984342
800 168.1672345601787 249.9482842237835 87.01603249549754
801 157.0217912852323 255.0771013703103 86.15661872870268
802 171.0419937638366 250.5395368908988 94.24838036382711
803 169.7033397261704 243.7861818238987 90.75463063361823
804 170.9005966081881 246.9536451191956 100.6073513714263
805 168.6274850575335 238.575862944931 96.11191201335841
806 171.8820724528092 260.0926701516611 97.21704981290003
807 139.4932903428348 303.5665085233564 92.19142657383375
808 126.0837305616685 307.2843361370881 90.53200000116425
809 146.0077430103701 300.3010701489513 90.71112888617138
810 145.1658512364738 307.4039708567695 89.69968754014543
811 151.0096613274444 304.1211033777713 88.69444106963891
812 152.2141645167748 311.3256447425265 90.9630843616066
813 156.2049423802496 306.2877538278914 90.61746427482123
814 143.7688768796448 314.6541729519081 90.4796199836312
815 155.033653033841 313.0142801405141 98.23607623929706
816 158.8122644732371 306.8266490633656 99.73945110635046
817 156.8406312928673 301.1435054238837 88.83847777385648
818 77.43344546927145 301.085028985333 85.28575016991144
819 80.31337877700619 315.3647339323036 99.99814557697817
820 130.6771831310545 283.601272275494 94.49497849057772
821 146.0166824851664 264.0673178889982 91.65398065338464
822 88.61515146563383 322.649169965007 84.59303998885152
823 95.5892153627703 327.0672213938716 83.636048276146
824 90.31572119969837 327.2830463363017 89.25394586348753
825 96.3039147832789 331.4461464389234 89.96684654868369
826 101.0088935721821 332.577330817542 83.65765870804206
827 103.1632842689315 334.6530750222728 91.18261939810662
828 108.1933594895716 334.7697934738991 85.32417924623488
829 110.8982969357398 335.4629541518134 92.60396973970265
830 115.5788927940564 334.4353773172161 87.02573642431913
831 118.6712981722642 334.8316313857422 93.86540309333938
832 122.5621502721209 332.2585392711662 88.81250322435818
833 125.6310524528981 331.7432952101574 95.56518093312049
834 118.5912995321726 329.2890073861798 83.42087825492193
835 124.759572619681 326.0789552228626 86.28236691960871
836 120.3454631756082 332.0351824776858 100.7887655864974
837 127.8624176050542 329.6727793208435 101.5586087754297
838 99.26071643254677 330.9745947328263 96.55937832295733
839 119.3620240178789 322.1635871158934 84.56630419405644
840 131.8034195184878 328.273271046783 96.79098069719774
841 134.1479720670031 326.5790555010539 103.1325962731921
842 107.0900256636138 329.8258522668311 80.86739492897928
843 73.9010046698796 272.4228890650028 92.24585285944974
844 80.40203688996381 272.4294425766014 95.60963693272866
845 79.79661968413669 276.2091745390576 90.29350230435173
846 85.80933000499752 275.0809648000251 92.69354492180526
847 84.61566234670866 279.9871432828722 88.54390048701214
848 77.61950641509625 282.1799996456066 86.57390422480611
849 91.23753755895768 277.340276849542 89.21535416241612
850 92.12130157516759 273.0453705039167 94.62018002261662
851 90.34822943004093 283.0987677921734 87.02794665938248
852 124.3679204770813 329.3763807382441 107.570198576859
853 117.3744824497104 329.891581386451 107.9590258905009
854 95.72448032777935 254.5291370624947 119.87037214625
855 79.91349634833335 267.2781602367598 103.0052000708731
856 170.615952882337 268.88289420365 142.0624603001951
857 172.1826948881676 264.2736565336607 136.9879337819475
858 172.3888341496755 257.526695675682 137.8787343686802
859 172.797762908077 259.9007640021947 132.197875961532
860 172.5182934899867 253.174971637793 132.7927372031134
861 173.3149231070362 256.236233532473 127.2046112009891
862 173.3024121428491 262.6227318702125 125.9459924310266
863 172.4520595489934 249.5020397514381 127.7645008509777
864 173.4125490160805 259.0639433131193 121.0080961304377
865 172.7510677116575 265.6407656399173 119.9776011944538
866 172.082020333964 270.0020017814948 126.2382308421099
867 171.5659234925609 272.5140538161207 119.4928337565601
868 171.9131338704735 268.1922492680645 113.8645857881042
869 170.4947271747311 274.9072752545043 113.2047116160003
870 169.8416133250197 279.2200056694389 119.1164361747072
871 168.6501529094871 281.7598368549379 112.9951216009434
872 170.1342891129142 278.0479786448277 107.2505625579002
873 168.0213774993708 284.8159756305453 106.9077799326804
874 166.0726883437839 288.4053797006152 113.4946634432057
875 165.235946213952 291.5081999574537 106.9979556563218
876 162.6440247379638 295.4572907541398 113.4998059307171
877 167.3298880153304 288.3755544311211 101.3726261420681
878 171.3941771539382 246.3485038734008 133.1514822342301
879 171.0753185876549 242.4619421186148 127.3723078771744
880 171.9150386050206 246.2415424030148 122.2870306699295
881 170.3262462587256 239.5172465422631 121.7261623333
882 169.3039288161345 235.4505235100881 127.1822933266586
883 168.3317299151279 233.1471371249468 121.1490654885755
884 166.880681959609 228.5541489213035 125.9721347845537
885 165.6837005871698 226.8412437701517 119.8747332188753
886 163.3385819540522 222.3371691653376 125.1829793655524
887 162.4364804070827 221.1978745542972 118.6791254675241
888 158.6383129922289 217.1536457646721 124.3595610724079
889 157.7666237442063 216.2989135960685 117.2799669788828
890 152.0636264493853 212.4565165878473 122.0693732139598
891 152.9354147924084 212.1838912657058 115.0064707076348
892 144.2329379470844 210.4933563570015 118.0858847342109
893 156.6030037505861 215.895198015404 110.1511187022859
894 164.4744811497808 225.7534171298489 114.0303726728018
895 164.3197706838458 224.1113506443163 131.2072208976649
896 151.8394963145996 211.5546389551124 107.8931759352494
897 155.7241171860861 215.4174136827961 103.248281573997
898 151.2829896348399 211.1328792335955 101.297020596394
899 155.3850143035904 214.3772348180533 96.3863339540038
900 151.146923325723 209.6226639721401 94.61609711214616
901 154.765993966722 212.4109413890542 89.7548690905931
902 146.4044394877738 206.7746416621823 82.26664956072715
903 145.5627833945626 206.4200529691893 99.04091704459972
904 159.2839546631595 218.1080337752295 91.58349161105768
905 157.8873155403092 216.8487475902244 84.79524040034815
906 166.6062316641154 243.9901528701321 85.43156295946304
907 161.6571876359464 222.4375652926225 87.22223726124238
908 157.5276522555127 223.2793168968524 81.41971036544557
909 153.9873323049863 213.8828294920045 128.9063590478147
910 169.5315641092395 237.0754620022581 116.1507091285407
911 162.3295940093947 223.2968157001312 94.53937061383111
912 152.7809113191968 218.0139561995721 79.93995824309653
913 150.8043969184145 225.1053712154119 81.06772696677912
914 155.7635986859408 230.4575585051451 81.52368402607269
915 149.0969625897418 232.5887510793911 83.7756277181423
916 144.3039602819448 227.2142666229768 83.26184549622261
917 141.9746379306918 235.0916293261752 85.65309596143824
918 137.7522339697949 228.7437934617359 84.64201840170517
919 133.9949879957194 233.9344850644185 86.0820159813597
920 132.0502094751101 227.8214312894451 84.97349550142638
921 124.2173184503474 234.1902645668929 88.85632665185769
922 138.0946119452778 240.4428300750368 87.58350448992955
923 133.845087880489 222.7140040016276 83.75977302143542
924 127.3327007744189 224.2661815962707 85.51516295664494
925 129.4119503533662 218.7231885767517 83.68933883451305
926 124.0950668216747 219.5174662359732 86.28930218565473
927 125.009508569367 213.6481817740531 83.89722745101427
928 120.8647576253424 218.7271461396506 92.41561233735783
929 131.1363952940529 213.4120877946571 81.60621906607577
930 126.2790349272215 207.6417804061213 81.62999410933182
931 120.9468280736895 209.6681741125406 87.52853907162815
932 122.1732397596289 203.9589841870667 85.15551267616343
933 120.8918884104521 206.3903598108542 92.81403373180518
934 128.5202469341461 201.9126541092786 80.52860701435149
935 164.7886277965777 291.6823168817067 119.6105353673015
936 126.3813712392777 197.7706068251402 86.20765013719803
937 133.2837461433083 198.9931665239878 83.39561714032514
938 132.238221110458 197.468347715161 90.81082838612761
939 154.4221652065657 236.5389561716964 83.46398928871284
940 112.0959272840608 325.753195527535 120.9403323230026
941 161.7549576397275 297.8232768862728 120.6871980253076
942 159.41940866336 301.24048911069 116.1119571443022
943 158.2940661589512 223.6498291113128 151.2439871012114
944 120.1195281745194 289.8846374854968 93.66627604050059
945 138.3728506665857 324.5648519775442 97.63509245118982
946 140.1848789555364 322.8609429709434 103.8004575839801
947 135.5319140198075 324.5434214279659 91.87516719157446
948 164.6024745481513 227.8291950144458 90.05215254531032
949 81.78510008182357 314.8609320265077 113.3018871178207
950 96.71486452952374 274.4965375236624 90.06206934038119
951 97.79163380854362 270.6786965292999 95.89104016503143
952 125.3070287128921 318.6963792718262 87.17332032266589
953 104.4334240872139 315.0617234860919 85.34973524166043
954 109.7094532605048 313.4417770211447 86.46573661939738
955 131.5502652560242 241.6656761167588 87.95911755076331
956 135.0874255642489 246.5566948976351 89.16580812149968
957 128.1140153029155 246.9763870677799 89.05568287634935
958 141.5068166840169 246.4601598224967 88.7156452917542
959 138.5815820718698 252.2136357105425 90.4596853881462
960 165.0773271870482 274.367619029885 85.95049663728845
961 164.9960918482626 280.8042901245086 87.07048022918275
962 159.375418995821 284.669658587162 86.36036014867669
963 169.4934556644759 276.4712088531811 90.21352387579937
964 159.8508091432348 220.1988998844204 105.7611150407099
965 122.4284580924006 224.8945775983466 89.82835133007772
966 122.1473698800248 227.7956162197562 99.49465342098937
967 134.9811503104127 324.8869862380959 109.9491274115433
968 141.4313253989395 320.5050794838531 110.0020439145525
969 145.4519270863281 318.2928842363386 105.2548713937276
970 146.474236758749 316.1087820645503 111.5470925973488
971 143.0627961641645 318.6412178666536 116.3556534180962
972 140.0596062583624 316.4549981155082 127.1863356654846
973 84.58212101320034 323.0738173341429 88.99003836786852
974 87.41381445868882 324.5846620593882 94.86377014509969
975 164.6749548159875 294.7116005932471 100.780389594455
976 157.9626577688404 303.8081404648898 121.7721142571571
977 155.1964719887697 307.3064027476005 116.3494747070682
978 159.5967148025994 220.8957164963946 144.9390856561966
979 154.0965203320243 217.6576801671318 141.9825076312246
980 102.7629561992298 271.7298769402656 92.00757709454791
981 103.3763387166626 267.6266617377104 97.45425337330924
982 108.2933392249719 267.464509770074 93.24872089627578
983 108.3699629953106 263.0611848527819 97.96963778329076
984 104.2388348439429 263.9998441584056 103.1449318262012
985 109.6338600674791 259.8091223488248 103.7488962865803
986 112.5983098960923 262.4509914348863 93.26227916989134
987 113.8409454550549 268.1480635505196 91.1972894455874
988 118.5124775034151 263.0942063370359 91.17232128157312
989 116.3523065252362 257.2592866260092 93.61588305075104
990 120.4777626842224 269.1587813246257 92.56430393359774
991 105.4692342010882 260.2628233197329 108.819649497581
992 110.3615848315113 256.2350150039006 109.3282685658816
993 115.1668537306253 274.2513515064938 93.03561228983089
994 98.7761504558953 264.2356297876333 108.4930666471049
995 113.5081999147193 254.5246905425201 103.8720949068125
996 114.0727102606696 251.1907824864588 109.5713970774275
997 116.9877405954944 248.8834834585558 104.4717667027666
998 117.6005662648338 246.1470266087455 110.5647159475532
999 120.0089788159855 243.1372947714228 105.3657571521437
1000 120.1749701798572 240.7029725961138 112.1142949290707
1001 119.4434555163653 245.4064131058259 117.1062745520512
1002 121.5922765650743 239.037689706221 118.2627028317733
1003 117.5480808100685 241.7036527874855 122.919495693437
1004 121.9046226105695 234.3087933201462 113.6119655653301
1005 123.9385194495289 232.903170944065 119.8396541555501
1006 123.1571782375153 228.3548919924507 115.332901163032
1007 126.005873376432 227.1710235502992 121.7361226904284
1008 125.0551527282783 221.586402903561 117.2905155802569
1009 128.5982892303304 221.5337857669543 122.5091261537926
1010 128.8862393689285 234.1769712246432 124.3640991488584
1011 128.9986898571068 215.6380822170631 117.6547013803926
1012 125.1905448970318 216.4059769950262 112.8246238108776
1013 129.6895570343194 210.8323844488227 112.8454567076161
1014 125.3360971910083 211.8839856661061 108.173416598819
1015 129.9323828346054 206.6406023112797 107.7911614182275
1016 110.6091704584073 253.0719018050264 115.9469015606136
1017 134.7414628703971 217.3048407602754 122.0132274369306
1018 132.896032862022 222.6693213605275 126.9971541358113
1019 138.5079212216926 220.1549384816627 127.9296481155806
1020 137.1127771840279 224.5025492737112 132.2687683420789
1021 142.6655358666154 222.857599659776 133.7682727778452
1022 135.6246589092749 208.1434341001778 111.2282193663086
1023 165.4365168916176 285.7372751722894 137.7053858295523
1024 112.8325081095614 247.0091689646324 120.8811230299446
1025 166.8211919870139 291.836640177522 94.77231784861196
1026 92.85562915546814 269.835627100313 100.4295132449951
1027 144.8164256102428 252.8513202788288 89.63902054895661
1028 148.1125324977939 245.985656116472 87.42769995908796
1029 157.0413082374931 304.5064559437469 111.447164130736
1030 147.1082097918851 213.2664607077195 127.2428493956776
1031 85.19764231835984 301.6666996844315 83.56485855216293
1032 81.41612165948177 295.5365301603858 84.65810915088829
1033 87.8756258739121 294.6151361764839 84.11780982046214
1034 137.5425271934257 201.0860715672876 88.58464003269916
1035 111.8571374079579 242.8078729640191 126.739366823906
1036 115.5925155875855 237.2701760609808 129.4506482599973
1037 165.081283462988 228.7289373155891 97.01345862137077
1038 123.570131626937 218.0018685015932 106.9820304251475
1039 123.0430453472086 213.6106618701087 102.2356815651834
1040 119.2257046162314 245.7719168544336 98.00887599909717
1041 74.75900264224541 294.5123043481758 85.85154232354175
1042 136.474538977798 205.1885138610068 105.3023695649724
1043 130.3200479748976 202.4461141317694 102.6141105593786
1044 108.4576091532441 319.2999281305642 84.07316378164089
1045 167.1628960740533 238.388577314527 148.3486850605117
1046 165.9206213237711 231.1739466700212 143.6813186312152
1047 160.5976631533987 234.4492394148581 82.0849465329342
1048 148.9148217183119 214.7646354089517 132.1091746580176
1049 148.6960556997666 221.1229882777837 143.0667956256496
1050 136.4151125483096 201.5973289711051 95.03401285552114
1051 146.1664396340446 219.7280386033934 80.23616546827489
1052 160.9496160057916 297.0201581547353 131.2798597295553
1053 168.3660047754263 237.8220175911972 141.2712384718112
1054 168.0336740832349 237.954708015891 88.60739809678886
1055 121.1566890370227 239.5153370476925 100.3296038111094
1056 114.0209614989967 331.4376752173613 103.0930455807426
1057 110.8342151572542 329.6409800280759 107.8608435985326
1058 72.45333379959193 299.6605268264668 88.99457431353451
1059 164.1906545746448 297.7551557899299 95.28451799925864
1060 163.8565648377837 294.3910998423553 89.30529093669722
1061 147.980686467793 314.941008456597 117.7286822227743
1062 97.76027334332365 298.3874734737807 87.64534814906966
1063 122.1583186871449 257.4150612668162 91.180173299031
1064 132.4990384830436 228.0474875524456 131.232937170031
1065 119.4310636970184 315.5630302228145 86.98659073490359
1066 124.9950836399389 263.419262898623 91.8589658757013
1067 128.4537024256475 257.7707925113126 91.15011914244143
1068 99.70287599263494 322.5479404716445 82.2189167985014
1069 118.9966932265733 251.8886956584963 93.03072578208497
1070 85.96046386968158 318.4440268090026 110.3943983623661
1071 81.98847484704665 320.4508492696245 94.4800501183465
1072 150.0552905136423 313.3842442882347 107.1355095197261
1073 122.3466718199942 275.3165339995359 93.46403002353148
1074 116.4080659218282 280.2661317306394 93.49512055976075
1075 101.1842669319929 290.7490797412008 89.53697234847459
1076 141.9059576408671 207.4667418937943 109.3744734018921
1077 169.3973276246513 273.7862590171681 141.1812272274466
1078 171.2403687063947 270.2475837848456 134.3201381476921
1079 153.8278322262933 308.6017225353185 122.498264668606
1080 108.6029089214846 331.0612521242952 102.1187535439856
1081 104.4619911880227 328.2170174271437 107.7462835214027
1082 64.31305095222478 283.6113404147874 94.58037458839125
1083 168.9100728548469 285.28423336702 95.76482481868507
1084 147.7188344364342 286.1587625016101 91.73296071390104
1085 102.8525636429608 277.6153619090813 89.44010401094251
1086 86.08284774647902 320.4236289024617 102.0213080982694
1087 90.87666295807728 324.3881606114621 100.8427588712439
1088 148.394666562782 238.956270499226 85.54731536648245
1089 101.0766890973259 258.7804214569371 113.9606086101578
1090 159.7175862088539 218.2490795025091 130.3475565180564
1091 146.7499147762208 206.0404048016631 92.37790596257993
1092 121.2137378367298 328.2987210058491 113.3606095434607
1093 128.0345030282688 327.0446863302197 112.6825821492288
1094 167.0654021937859 233.0946340469378 137.7281254243634
1095 171.9929998419825 253.8407469125947 101.4978073173833
1096 171.7785507735181 249.5258836628229 106.6860643139261
1097 172.4986106959486 256.6363617172319 109.2114855054606
1098 170.3844427933046 243.5765707611843 105.5181051577351
1099 172.4321028498295 251.3844048823622 112.3336494030096
1100 70.86010020085156 301.2317229699335 98.6810304721478
1101 139.4658357154499 203.3340726567977 83.1007218383437
1102 134.7676888538354 212.0197134764007 115.9188018144372
1103 123.1563071206429 230.5695459159116 108.7502311717106
1104 121.7097897814266 236.4462263518159 125.5528204239455
1105 125.7757790205199 233.7144770709821 130.4982151198136
1106 170.0537722485328 269.9476577138324 89.45106016384118
1107 171.4135955751616 272.1240088207786 96.12234948676928
1108 112.7375141822524 324.8171570806382 82.07351435032972
1109 140.8856986019884 215.918225632335 124.5100562903921
1110 161.8059474244339 249.0555202986457 83.92189001043019
1111 127.2190186060326 269.2417252917057 93.11837587012532
1112 132.8153663860106 306.1072200378423 92.2092152230142
1113 122.4390376121027 220.6765623362821 100.9349646934211
1114 84.2678489960191 290.9772186258934 85.11974482202295
1115 151.920353509073 260.2691094181474 88.82084136605951
1116 120.8755619516416 242.0376569613555 94.24475471267525
1117 109.4177315395205 278.7174884455042 92.44869699539052
1118 148.1777267716811 213.1762849588362 79.25750481983179
1119 141.2075214387889 215.0765741782477 79.41398105055265
1120 118.9567579150935 308.6223835403065 89.03632167990874
1121 126.0981907485055 233.514272265657 141.7188671870296
1122 137.942947530883 310.8708727397305 90.6621021717765
1123 130.5879835058143 313.6193576822248 89.65209300737625
1124 92.72502729074812 327.6880069377341 96.05588430975213
1125 160.7429377728984 220.758301487811 138.4277788916518
1126 78.19695863995939 311.3543205287569 113.5544932141769
1127 79.15212320378541 312.6501659694139 107.1601669451879
1128 141.8506964581392 320.3530221605245 93.35841613439372
1129 153.2941006110286 282.3449577487416 89.23727042874796
1130 153.8616774104536 290.043206827723 88.36562071807199
1131 132.8285346775641 207.6259757663635 79.33440713660252
1132 96.83905959584099 280.2224849565509 86.9010546928406
1133 126.4751384150167 198.0393491316485 93.60626914170186
1134 159.2509511088565 241.9756375165471 83.09206544370856
1135 94.14815589963885 292.4798939970355 85.83754675779647
1136 99.05335532256311 244.0038270365913 129.402300511414
1137 162.3539345878425 298.0741984933458 105.9690544019312
1138 86.264917812357 271.1022675894785 99.15307554192214
1139 149.2271415338093 317.2708770078499 94.62653257857576
1140 82.56673822845481 262.5810203893802 111.894726257838
1141 159.3530042113393 219.3603718236789 99.08743991003539
1142 141.6296626591037 258.6025275596947 91.74727442732768
1143 150.8576308960961 311.8004929296635 113.5254821862825
1144 171.4101729173541 250.8546214929654 139.1004155145344
1145 91.84803723381093 265.4858992765372 110.3402093564388
1146 136.9040452134413 317.9312643028475 89.79406474115673
1147 163.1336092904436 224.9824733547952 142.6594614824088
1148 172.5663353390213 261.5471764362554 114.891863481105
1149 172.4057322081388 263.6690117139086 108.7561691821156
1150 171.4518722804393 270.5748946486585 107.5154054650793
1151 172.0071451953773 266.7523142990458 101.5314055492307
1152 114.6575294719584 328.2824543679715 113.6115017460339
1153 165.7671933159132 287.4762211300254 88.81448758534765
1154 112.9421669001017 290.3585388936258 93.42552522672709
1155 154.7637999467333 248.0685343087232 85.83083368296315
1156 138.1528294426354 321.9548818575857 114.7274810576563
1157 147.1202531020245 293.2436886516044 91.19979259840883
1158 123.4871164419866 223.5960254450446 110.3978263732125
1159 138.3346662624948 320.0793784533143 120.531592451551
1160 169.7784748998309 281.5389130664307 101.5647763098159
1161 114.3951370669123 317.8044366945674 85.48410712127873
1162 162.7718271111141 224.5693331525778 101.6892764392884
1163 165.6995909864374 230.9512477613347 104.7233854710705
1164 161.9753807615915 228.2063925364645 83.4554823705349
1165 141.0696390576411 269.5425464734112 93.4473971923814
1166 171.1353561839181 263.2527889561218 91.01015275858816
1167 121.6685976365001 237.5077537366954 107.2044420100201
1168 148.4257702308432 224.7536449650492 147.051136484958
1169 112.591216035671 331.6005745340375 82.50075889969824
1170 160.1326590690493 290.8177783872642 86.45177120144606
1171 125.0262776823772 207.5902186238552 103.8304211434528
1172 124.2118757010959 202.3992324793221 97.61489879757367
1173 90.65385042984303 256.6274274961506 118.6411611651065
1174 103.7712175264651 254.4576353126843 118.1313164219065
1175 140.9157073616709 227.8186984330795 137.7875470889888
1176 101.7820602437204 284.0471054668667 89.22389950818324
1177 124.7955295721466 240.3346915050537 89.31420065325494
1178 167.4913392200103 285.5679340551997 119.5472971639568
1179 168.4006674045775 282.2465407513849 124.9489190052215
1180 147.4382723825429 209.1634909718456 113.6132397303907
1181 171.5118423199489 246.0557877115076 111.8125750338636
1182 154.4856317918139 215.4270558835159 135.3487852247124
1183 144.7972739281763 320.4566099758882 99.22666332948613
1184 98.65526420115781 267.2551482588168 101.7499767691146
1185 172.774076692578 252.7287486485039 122.1676450348667
1186 80.49746195592628 264.8346530448157 108.0621575974544
1187 134.9789305693185 258.0059223421466 91.99308143914178
1188 165.9642366160139 288.141572706059 125.6032846725292
1189 163.047910998833 294.2166052237631 125.5426199796149
1190 167.2566294114078 231.1187366515989 115.2762497462356
1191 167.6636970788615 234.4988536747244 110.0295490973333
1192 150.272938852629 316.1706878784134 101.006789166369
1193 154.910205694803 310.1559783395182 103.7948242470236
1194 160.8693350440155 220.7763224816198 112.143730061402
1195 143.6470480965095 217.8502368838975 130.2084972853773
1196 144.3908202317987 316.2090484134137 122.1706382174555
1197 139.8882361003216 221.3283647670245 82.32593508218613
1198 113.8933666010722 236.6775997012229 140.6718584667857
1199 116.9937334609056 233.333300074642 135.3900817867807
1200 172.4277030937473 260.2362063528288 103.4953604128735
1201 162.0122263668877 301.0872218872048 99.97351793162684
1202 152.7994147156853 211.8924221923743 83.28643016291599
1203 122.539339940787 282.4903320661961 93.98633242325508
1204 126.3217446063014 288.9894347340137 94.43606256520374
1205 98.05301101111336 324.0618079068639 117.8316632364252
1206 129.6025479342228 328.1273681460247 90.94717881760899
1207 105.2977265860623 243.008978353793 129.8013653716779
1208 69.66941057094641 293.4065693556266 89.4873230871662
1209 72.33598794526901 287.8942696985575 86.75032510986551
1210 78.89759042714965 289.5663631690275 85.47073105178316
1211 70.95298593358987 281.5256127629898 87.75820908248703
1212 82.94147628338996 316.0552666703676 106.2865036786956
1213 120.2791471796663 212.6641102862204 93.02449310087005
1214 169.4180045780395 238.3847317844804 133.6873875289598
1215 151.8372992697315 297.5264501060853 88.71103968532225
1216 171.2250827620602 274.354127863279 102.1076461566663
1217 116.187528084493 252.12538314506 98.73218944925034
1218 159.5692336792326 300.1889515334069 126.3416602535968
1219 166.9985218918528 233.186016344021 92.86649908363079
1220 110.0838423175506 239.8567863230496 131.3961604943728
1221 149.8323495910332 207.6005729337956 87.85279799900289
1222 150.9422937355848 253.4436966699286 88.12394690814222
1223 171.3986371489694 255.7685603130041 143.792972966157
1224 147.2011609463235 219.221745388895 137.148060826209
1225 146.8344607520878 208.1396822347227 105.549080851342
1226 141.6477528437653 206.1816034991753 104.2005625589394
1227 170.2513722063857 244.5723547666292 140.0000188854893
1228 111.6877820928551 307.6353091634633 88.41587134279658
1229 152.9931096272017 242.1432419653143 85.2021894700646
1230 152.9637687839572 305.6253850747883 132.5989050974232
1231 166.4637619358192 285.0446503033083 131.7213409797195
1232 168.7839467531397 279.1123313057745 130.2802502967533
1233 107.7939831066969 327.4782342814793 113.2874045697226
1234 106.3467161024484 333.1702432803184 96.46582881498099
1235 137.8753834983579 230.8252026087464 143.1547075377299
1236 163.1603192964797 225.2683190064155 107.8993119651154
1237 138.0011559214133 263.6697862348634 93.12701038638785
1238 130.0227500820617 327.7624477565509 106.9496243803174
1239 160.4536976939884 303.6118218626859 94.07820498187738
1240 155.4640144649851 305.6737699453539 127.6694457953737
1241 109.1259114786933 235.7878418900773 139.4216900800563
1242 112.230854071966 258.2867314848831 98.36130864997784
1243 87.54981166595596 267.9396466773616 105.5602583009756
1244 131.6522518620867 252.1924466772575 90.33073994401623
1245 121.8138804359246 209.9290952236967 98.10615488234274
1246 121.3985886384932 223.2902991850889 96.00262761927641
1247 121.224458444413 228.0841889867798 93.86812854578362
1248 94.78227502053679 260.925225100646 114.8067639827525
1249 100.3673092939468 250.9188203939635 121.6780299433748
1250 106.5738663586022 249.5970860574368 120.8991754256528
1251 121.1617790676393 233.9593588150867 94.36605874935195
1252 135.023029533535 228.6988072166638 136.9885833695521
1253 126.726315193817 230.3127629464204 86.76500827696893
1254 128.2940080140014 236.4460718938174 87.16861254543659
1255 170.4670373671482 276.3728609931749 124.9552270199949
1256 131.0577434794417 199.4035872489728 97.03161417407898
1257 135.2846978817191 202.4207190454058 100.382865021472
1258 80.27834521566895 318.3908837815028 88.40002853044456
1259 130.2821024720044 275.9856621078039 94.35519824913688
1260 91.43562688380857 299.3821814993753 84.92654918288778
1261 122.2992078391734 233.498234647915 102.6446891601008
1262 171.1597360418538 243.1463664374881 117.0323228397715
1263 101.9886954402119 329.11745339883 102.3146059117666
1264 97.63563313971088 325.9074912310267 107.653615464508
1265 96.1184529727449 326.7823219987202 102.1326714936535
1266 91.84650529661673 323.1138513504918 108.5734448683404
1267 158.6509078929845 304.4082277914503 105.955095167661
1268 121.4063543974448 215.0630568596368 88.14010821022663
1269 165.6267703318437 232.8148440340234 86.05645707794596
1270 122.3929527020548 200.9200346439807 90.67172047879794
1271 101.0764788184769 325.8382337512755 112.7949487739053
1272 106.1903147101049 256.6186728326184 113.3612081191917
1273 131.4023460704306 321.8788480271027 88.38176579837355
1274 170.4343368580659 278.6906781696397 95.85621327500333
1275 105.9611360614443 323.9895440960597 81.76185476205028
1276 143.4962921659584 204.1990762281956 87.72599265261498
1277 139.6197763864759 208.0252876610112 79.09730573390219
1278 127.7323269580137 323.6172486561012 122.4071740812317
1279 135.7117945650993 217.0648337869809 81.6641320757854
1280 130.0250263402041 228.4886880161086 126.2670795695153
1281 162.7253156238611 226.3553117615373 148.3627526124216
1282 100.6158864617755 240.215583941626 132.9237894038856
1283 121.4239154868716 216.4414291209237 97.46437104301361
1284 169.839329031393 240.3327633895333 110.6370451283874
1285 168.4277256102866 237.5500985205314 103.6110522651115
1286 123.0026645678828 231.7615188286208 135.6236145241278
1287 168.4485280175367 243.777697618655 149.3871300783444
1288 115.3425231242567 249.1765873374597 115.0141399588777
1289 96.15056125312215 286.2756666701091 86.3795124892211
1290 118.4098538871727 326.3494489597313 118.9892429830523
1291 145.8016330750254 225.0647282826251 140.4601995900512
1292 94.23905271021644 322.5525172121591 118.3301142203219
1293 95.83507861795795 324.1214851360436 113.0921630296593
1294 172.8510617717611 255.4933027248617 116.4271320286614
1295 114.7599341350973 312.3387835513898 87.37665408778797
1296 171.8138108311171 266.5327347442556 95.58964865751723
1297 114.1130753616064 333.5943604718901 97.95351301583008
1298 124.2241992757716 312.7434548700705 88.55056386482329
1299 122.9736572503719 224.9905153161629 104.9168317455938
1300 140.6216056791625 209.5430699713176 114.5020591039625
1301 122.2626078424483 246.4543588667043 91.40722576939925
1302 172.4524717349299 265.3270601939622 130.9089007388134
1303 111.4087701061847 283.7253574907127 93.40680397761483
1304 161.6760266078763 227.5879686681373 152.7807195413885
1305 135.4820081920559 319.4813610677418 125.6408377305002
1306 162.6388585024795 289.386128229054 139.991113046018
1307 67.06426352976514 286.8985271587073 90.85715553208264
1308 146.761985559924 258.6109930580915 90.38444868999042
1309 136.9747598096577 273.871626628169 94.33410881392132
1310 124.8692306088472 326.0684649087494 117.6567253737074
1311 141.5860598799789 204.101752853809 93.70915961815595
1312 88.22780288817199 319.9807323298426 115.3803417727971
1313 149.4726718503567 312.5975780903917 123.0581323183187
1314 166.1157251705919 282.0242874944798 141.3890681182911
1315 151.1841062377036 309.3866473287207 128.5275417335235
1316 108.2731483689441 272.9913642473874 91.1977399484413
1317 99.18281353188047 316.980575039807 84.02369386854754
1318 106.9406156128027 292.7383989999263 92.46725796699002
1319 132.3333961165243 324.1982545677006 117.1053992852541
1320 69.59446603969582 297.7492196917655 94.09527151517972
1321 116.7618473304926 285.4351206416902 93.51075617142745
1322 68.01517436219343 296.1910840615969 100.2231607641033
1323 131.8743428177617 289.1283967505696 94.49567202937126
1324 84.22045874534646 285.890708843079 86.06547368382465
1325 165.5842366026747 229.5631908801922 110.3312253366468
1326 151.802571990497 311.4584938767283 118.8005530236586
1327 168.666868272662 281.8431917893416 90.99960032561478
1328 131.0500293559005 263.187320240078 92.63313055706804
1329 120.1514104270321 233.2361668269478 130.6212059129365
1330 167.1222511518999 233.9077167820575 99.55296036533267
1331 159.8607335695154 300.7476522659102 110.672984497922
1332 74.27532725158075 277.3432902819633 88.70699403045741
1333 164.8191993340279 238.2733529120383 84.05563590890465
1334 94.24336311299743 267.154533671966 105.4471206735705
1335 125.369412413711 252.1010624509872 90.01981546437409
1336 167.405665905701 230.8252090247488 131.8584216884591
1337 161.5752575757927 299.3264283943415 90.68962927028383
1338 129.5890356834896 232.185201847055 135.2025990557553
1339 69.7233056094847 299.6470325338888 104.4459463646443
1340 78.68584075949916 316.049280139743 93.16367028048636
1341 64.76157569862001 287.591264727324 97.18041801750863
1342 164.7419344120083 227.3705850697549 137.3276435775885
1343 172.4115427289878 249.2913114103521 117.2778117325036
1344 141.9722564249504 313.8912514992954 130.6617891600189
1345 140.0038059728099 212.9225119154122 119.4829710265412
1346 169.1797827677311 242.2897125248427 144.9445595002096
1347 164.1695149682033 291.0822884047932 130.3697383023902
1348 71.91107111090581 302.5853626583825 93.46391481276839
1349 107.7730761575139 246.3439862084761 125.0797753934303
1350 136.4982018507961 212.4344807116176 79.40005130538489
1351 145.0277082971358 211.980458796243 122.1680331038125
1352 170.3853412615657 274.3683466443882 130.0143291857358
1353 148.8685263387915 210.594060323775 118.1915289017873
1354 84.06331645714414 319.4859379526615 84.62798023370205
1355 169.8320083894729 241.869994455704 100.4201607032876
1356 66.4909650253251 280.6928594424592 90.34950317678248
1357 134.6474053328854 203.4981664823878 80.60977917860369
1358 130.8641372894772 232.7193597544259 129.1206989028046
1359 152.4803534541497 223.3424150654534 151.1604049576094
1360 169.6129866429316 276.0962838016538 135.4217376851458
1361 167.6403717493245 281.2101236879993 136.0085514062104
1362 89.46931172220462 288.791171407363 85.17408423422717
1363 101.6777750547851 327.2487228742849 81.20094639986011
1364 89.78810924717152 304.0550196419551 84.14882785329533
1365 161.821746290574 293.6739481063772 135.6607547699355
1366 105.4821260073973 281.5889643473416 91.05694391217467
1367 122.551857420741 230.4056834904649 90.52298139292145
1368 157.6318161110864 295.8872008884271 87.24926114273222
1369 157.4174798171798 308.8913486984692 94.93118954188702
1370 112.0055626359719 236.4905384136305 135.1840387236926
1371 63.92217944398243 279.3218644548979 93.2610297554524
1372 140.0104040632624 204.4236602249391 99.73886243051788
1373 103.6544552023005 319.7410610849125 83.38878931577551
1374 164.3280836474514 268.4465998003919 85.30513880965802
1375 163.5063900828675 286.5773149307284 142.368609561546
1376 143.5178853514337 241.4490266941878 87.20622394175405
1377 154.0217649096637 308.6474133191379 109.5735545834575
1378 170.1706795389881 244.1469620469394 96.21696647292249
1379 103.1193723268787 247.6273209469684 191.3189347265724
1380 111.2232669492636 254.3517818385153 166.2377178855043
1381 139.176089662458 251.2029583200176 142.7187117714732
1382 141.2313591534184 253.1228671059453 124.0198849061494
1383 113.3182846508953 280.0306903244298 148.2460947019498
1384 108.7809031042783 248.7126604395119 176.4196047456729
1385 99.49848452155571 249.7496128457992 163.9764319991574
1386 97.47829662141061 245.4949347684664 148.3594180835344
1387 137.3656415423592 275.7545782283566 144.2965716529414
1388 87.74770568598709 249.7988602010829 165.9287513729838
1389 124.8871447404463 297.4104148575614 148.8831145813392
1390 113.4101104729301 299.6746984798742 152.7199123794088
1391 113.3002273671778 301.5963357234372 122.0503318575822
1392 124.7460980848202 287.1791841834108 151.7705297957668
1393 143.3755995459441 276.265893793189 122.9522814473767
1394 124.5354980168961 313.1719169378506 139.9416061953213
1395 122.7225134430418 310.0876741011005 127.81361816033
1396 100.0906189046581 290.2024262549364 155.6779540179555
1397 106.1325104031041 284.479928345128 153.145990691178
1398 109.6250880593176 274.1701236912435 153.7228675719281
1399 106.8060151946485 291.2817044332905 162.5956962927469
1400 108.8119350561555 289.7865856508026 138.6127160957728
1401 107.5778788213591 299.2057351470762 138.2304673225829
1402 107.3923749133618 309.6359855224914 129.8554836788238
1403 124.2909289747268 296.7689136522624 160.2103686504817
1404 124.5003922818216 287.3898565738718 165.1572509748891
1405 124.8790819904876 297.9880749460931 140.0709986293257
1406 122.9171885432495 288.604910264812 139.2576678522612
1407 121.1038741918393 285.6112868686131 175.2043980480351
1408 84.60342974045236 245.893405281537 145.9031706120057
1409 70.78620133816075 261.2156128917046 139.450828456325
1410 85.8553097563663 262.9301133219846 139.5575248432752
1411 72.69280626763668 257.9064117909085 121.1169051243637
1412 132.0425794645826 270.937048300823 178.3826815973291
1413 120.6191594969762 272.9233340875964 173.1469000763083
1414 131.1651287444533 256.6881268280724 174.1206563852304
1415 131.8415593282146 285.7535797878201 165.7697512184045
1416 147.2995061240096 273.9189225369358 164.0871172220126
1417 146.8240120314754 264.7316786152863 164.8108108786686
1418 144.3175492975266 283.227105263832 154.3015132002529
1419 130.5988844015644 260.7634920210102 190.0732197565044
1420 144.8159914493059 259.2609077615315 177.2627898228949
1421 160.0454344095806 277.0671094406834 149.9024432825126
1422 148.8882677540314 283.5750757492679 140.0489158129838
1423 150.4486829425277 283.4085363713775 129.2403033338162
1424 156.44841859233 271.5415221265945 139.4546806535836
1425 161.8202367327902 258.1118671123748 140.8284602427091
1426 147.8609549737433 274.8249446595188 143.1295529977262
1427 133.3757758583016 274.6382097271007 137.9682296250535
1428 118.4701823707516 275.1371901621237 139.8526245459936
1429 134.1187273938159 264.1516468054579 137.639826571727
1430 147.4433821088653 262.6053026423987 137.426326522887
1431 143.1583616867703 254.6741458705551 137.1831330902052
1432 144.042308268561 264.3319297037796 152.4362147511688
1433 145.1724036339539 274.2197213890072 151.2368191323922
1434 143.6298663940484 274.3172597381631 128.3863379026061
1435 159.6256993830806 252.5931503870777 139.9779611893788
1436 159.3091489859853 261.3703741354285 150.3555895657393
1437 160.7332428980875 260.4636773805439 125.3567073085473
1438 160.2441099166342 272.879436785371 125.2635960012453
1439 155.7483136894776 270.6683088157548 111.6966146393211
1440 158.5841108377327 270.1883313297847 105.3753554483849
1441 132.265661464925 276.4639267757098 190.6447047131739
1442 124.7873952352997 265.3536653531358 186.0579036012121
1443 147.2451425819527 246.5905317651767 151.3831363777451
1444 134.2796962049854 249.8455409924397 148.0229452073105
1445 133.1872126175865 263.022972009821 153.0055566303169
1446 131.9577166747067 246.9444407560715 160.946976493727
1447 130.0343249555216 245.3795127179133 136.2032733246346
1448 118.8377495660588 250.4563438604724 150.4206554908768
1449 111.0592093627375 249.5621795696803 150.7294850668018
1450 122.4887573402521 262.3006216198828 149.3016643695646
1451 122.6322811055831 270.1297599165317 150.5986565203107
1452 121.3975830505292 250.6660339070461 157.4054023494183
1453 120.6118107822509 250.9647560204575 136.9800590476266
1454 111.843739663552 264.0815412805496 153.2407924504559
1455 106.6299560934592 247.3818139866013 162.9212383863565
1456 110.7698295872087 262.4102906318401 137.990990893789
1457 110.0864775891426 273.1966218852687 141.6575703276247
1458 98.79237610493935 260.7880282949091 151.9638848384804
1459 133.4882655140952 288.2718768453486 149.4459262100256
1460 130.7299953307058 274.0696088443412 151.8534600129176
1461 133.0792860462661 288.3812176625383 140.3443193855785
1462 133.6725852470451 298.8986999404801 139.1263594955319
1463 131.5212273910444 297.0048715228881 126.8246691367984
1464 139.5929713029799 313.9695250277873 115.7807327363015
1465 150.8334318629159 290.1373650220883 149.8183225311874
1466 137.2230035048015 286.412422195568 126.997766683866
1467 143.8916263980772 288.3182386985853 113.6134660397939
1468 156.1277667993188 287.2755813677416 141.9545838748443
1469 122.4342821731613 271.2595077451494 101.2496386140367
1470 101.1604314486986 284.7519971302763 102.6263307453373
1471 87.32697878572066 288.9668271729707 105.0055669259536
1472 83.21156098586951 293.8353560853797 98.58717921273468
1473 87.15162463554412 282.8614514417587 115.4210205573412
1474 145.4361569010076 246.5916795073993 161.6969679677998
1475 136.1822245734868 262.0941008201956 162.8496257106532
1476 135.2294647996642 249.8488993965458 176.7082413278553
1477 119.7512424657186 245.6501084158292 176.8144343666875
1478 121.108237107177 261.8048443035559 177.5762199951868
1479 122.7579117192135 262.4062862504557 165.1238251100341
1480 133.9224176146872 243.4561567005778 171.3637886767886
1481 137.0391799807421 249.6430052454215 184.6711744406629
1482 135.4860935476248 272.0319845327649 159.3060042391954
1483 144.6303982838045 262.2191446562678 185.6472129721217
1484 87.39170933619015 272.8399059189447 148.5206890574165
1485 80.32866472852413 279.6612589006063 156.262309730612
1486 99.10854382871527 275.9634271741614 165.196135149054
1487 76.88977644784221 285.6855799301783 142.8734360819733
1488 87.4100722937273 280.2881020411984 136.1328315610625
1489 95.06843913323731 286.1364175331728 134.7036371927283
1490 100.1021134174784 298.4648387269262 140.417808269141
1491 82.09772297700584 271.1626576103668 136.6480380296098
1492 83.75447829299105 289.4536823679355 122.9179103327804
1493 121.2286573677023 249.3622725133297 190.8756877020007
1494 109.6162524716799 263.5066506721517 175.2531616269052
1495 119.21194381836 266.028739038718 193.5651895044802
1496 108.8155793842171 274.776983766366 175.3992029904457
1497 107.4720928799789 261.6037759562585 159.6076325582103
1498 94.58226387779756 287.1834003668171 113.5172490703271
1499 147.7652796340557 294.8154776370782 118.7354354263831
1500 123.8750267874611 294.3607808221263 123.814846967363
1501 136.3292570012477 300.2940700691014 113.3414105078774
1502 68.32259683227448 283.0778209666724 104.2486255500924
1503 98.36690576783678 276.9422779508559 155.11490614622
1504 98.58459592166578 299.8762967396446 130.5874223226531
1505 67.45725825013434 258.4833487257915 134.7617468221918
1506 63.93901221327656 252.9989844066632 136.0443082794255
1507 97.17539466476923 265.756700119719 166.2691032441992
1508 88.14529786354237 260.5828006698831 152.8523820029872
1509 118.3219483101941 288.9051541561063 179.1494270019336
1510 112.7909273460047 291.159156120645 179.5930435461237
1511 111.2084095936045 297.155592608854 174.5510757270501
1512 96.01606185138299 307.4585361053336 117.6133698633375
1513 110.1350049894422 308.8497572949323 115.4172469700922
1514 109.963020344143 306.2309492394375 102.0806533779049
1515 94.81951384922118 301.2751806811971 121.8911414914479
1516 100.1929544388671 307.2323880895555 103.7614253390514
1517 123.1817245067458 312.1324951949503 114.3060120390667
1518 111.2299018397936 298.1193517977598 112.821665077663
1519 95.50530555007624 297.8595043257781 102.8539966060905
1520 88.57001682136179 309.0428617546372 124.5393783801886
1521 95.62949082125631 275.0634295985558 125.0365064236632
1522 101.0487592574865 263.2779622379763 136.2063725524303
1523 117.1403256703753 262.7328442103966 125.2172419742674
1524 106.7930349025949 271.0863500845899 124.2838210698187
1525 83.73237709073362 275.417152430108 122.8269646718814
1526 101.1970890879276 288.7521453658788 128.2366372404038
1527 101.0902675366981 274.1927929485349 139.4306599190015
1528 71.53238039987357 250.2996296471875 122.3947961778266
1529 83.82425514844068 252.6651358613327 126.9575616691949
1530 158.2333016436483 247.8185238311778 152.6514487546629
1531 74.21900313654008 296.4511661924359 107.9588462628637
1532 109.9235323272302 296.7552370699767 100.8835277819722
1533 141.0607260851742 240.0685771895542 128.899513165696
1534 147.4133709765162 240.0595266491115 118.1465596053634
1535 106.94981037879 275.2963950154796 161.8088050828813
1536 68.3678402930767 242.1346849888731 147.2170902872827
1537 136.5120921083629 296.1705104432025 166.310558583483
1538 119.1081833782809 270.3795314136549 165.5045540252292
1539 143.3210687867509 290.4176430320585 166.5003671305885
1540 66.83740659541523 256.7620084523122 141.374629860504
1541 72.16944293667311 290.3490019673015 129.9472590928928
1542 72.85256576756957 253.0591314268374 154.8240906588959
1543 69.19983779547219 246.2685406494157 153.7041316914151
1544 68.1331618572125 252.0323410709157 148.1274526144066
1545 90.89738580165637 278.1672872059206 174.2034379316331
1546 85.02182246593497 268.3840735069883 173.5059594000087
1547 141.7749641917849 243.2089134707271 163.9228472489039
1548 75.85154400097859 239.6118291393284 165.170623475711
1549 82.09877842380462 240.1471311235495 168.7466083722666
1550 75.97955795601607 246.9517041098499 167.1579994315213
1551 71.45505116341465 238.6027696048079 155.4791324563289
1552 158.6145502636531 235.5457101623308 126.0232219989909
1553 128.1659856210028 260.8697358100561 142.6414040768722
1554 132.1692502490591 244.5165457653042 124.2175938847131
1555 124.3499367304957 246.2814353127629 151.7929320675173
1556 117.8326111652761 245.2997580527811 153.0466430472479
1557 120.0895690368849 239.2407123033964 163.6548382478175
1558 92.18414331868331 258.3598475375014 179.5901360906704
1559 116.1016611199017 302.661573602795 166.8001138506991
1560 67.91368931215537 269.8573800742383 129.2224381566268
1561 123.9858611225356 259.0182061268372 197.8531213498518
1562 126.4213647430051 265.8079237705996 195.3218164426055
1563 162.0784909469392 250.6166991843148 155.9157434297894
1564 155.2411130303741 252.9212559366219 130.3850652032796
1565 114.1244305727973 245.2676553415039 159.2324004390276
1566 119.4986573853477 238.1515379660736 170.5944987341623
1567 157.0613198518364 270.087372560533 160.8514859540844
1568 107.5145182897227 298.0527182995381 130.0655397612554
1569 147.8284802247152 229.8579686307855 121.5084933365942
1570 82.22917587936588 297.7578208134401 136.4994990067151
1571 75.89426117644894 291.2904531733724 136.2641202642565
1572 145.5594535826685 244.798504413198 186.9075499176325
1573 102.549446042338 231.2664397273678 167.6972828826303
1574 109.2580485357293 232.6167578395753 169.7741603197488
1575 109.9959264227423 236.7830742046289 175.8549868629237
1576 102.750831224909 230.2097324458157 177.3223004040369
1577 65.29612157511555 240.7188110353953 135.8857353530327
1578 85.31145217050042 221.7859556194861 165.7334079493251
1579 84.09464444118669 283.6531416683112 143.5664575135397
1580 73.22287452276177 279.5256150436348 139.2054061026073
1581 72.37999294366972 284.5078368097063 135.0298426237171
1582 116.4371569444073 272.4894904462247 191.0483614881611
1583 81.18782670242375 290.4447857549723 136.2477318440272
1584 97.47524895570939 265.6910848561042 181.1295556702035
1585 122.8580652676695 225.5466897143153 193.1851240314663
1586 119.3546651566364 252.9786297166691 197.5396682532112
1587 76.75960759250093 226.6136740462443 160.6714497522318
1588 78.07191270797931 297.7256014811234 120.5764738678168
1589 110.1288972591871 289.1071988892765 116.434943202535
1590 74.80148918408388 257.6812336796082 161.8634632350035
1591 131.8886033742993 291.3524406608482 178.81570655396
1592 133.3277968153557 296.70330281481 173.5673126364722
1593 105.7350667312468 278.1856736614284 181.4202235695969
1594 68.40828119543676 284.4304254067933 124.8533118130061
1595 62.93333408366166 245.6296630315759 119.509812169268
1596 161.3007883275394 265.3737233496793 154.3816882931724
1597 148.3604002461527 264.9692882504269 129.5642854945525
1598 158.4862247568734 260.6245500914149 114.6311377297821
1599 116.2061771779915 314.6071443946296 142.700231477692
1600 138.0842600618889 232.4964976667905 186.8620273026171
1601 107.3889513862917 239.2600111241904 163.9055704492848
1602 63.15908337477793 269.2629550518295 116.89468292872
1603 79.64229045200422 232.8319033769204 151.6764650596681
1604 71.22357332727849 229.8697119958315 144.0235127218599
1605 138.8203718842853 302.9239096472785 149.7245136596391
1606 144.8331118557986 248.7759372042889 127.5728108902384
1607 142.1785347464444 242.3065751236533 103.350439250913
1608 135.4431049523631 219.7547048083491 101.8439694044881
1609 64.02934943277103 247.3684484345267 142.2692663195381
1610 71.00221744182639 246.4066585560962 140.5000683529654
1611 65.18939801429582 230.8634795649651 134.1171442701872
1612 95.09554789384769 303.3420092746488 145.7222583782227
1613 125.6166420300527 240.2024089184247 163.0837437386816
1614 114.4453910826749 246.1110674657346 143.6938680532534
1615 119.6326232728008 258.6216992943873 109.4455387525947
1616 70.46465851445166 251.1717029690226 134.1206440083049
1617 62.63450688185313 256.3521859815806 127.6694707760983
1618 130.3740844431756 232.6718432566245 192.4278341540461
1619 124.2348305536745 239.8462777212203 176.8078748924375
1620 117.6858157835617 237.6008257231104 177.1955300964577
1621 124.376859481557 246.9080746311593 183.6322988277477
1622 128.4144977277134 238.0197800617788 182.93590502162
1623 123.3512823062131 232.5404415702659 187.2361370738837
1624 67.0306691938079 277.0333252492682 123.7996622773778
1625 62.80671157873137 253.2524161282797 119.5275595100732
1626 126.5641412043487 290.224354523523 131.3762640545282
1627 121.9801438350799 300.374901094909 115.2524252477572
1628 124.1831457051739 307.8558578868575 103.0934994675671
1629 125.3614603038894 318.0873303804735 126.361245163233
1630 133.555570648078 313.9897870738085 129.5889742598892
1631 125.5221854857285 300.7537737437186 130.9032132400278
1632 136.9383967046754 276.5993632520673 127.8700293637408
1633 133.527967056798 288.4887494778217 116.3920739494238
1634 132.2015765959934 298.82364875963 105.4519086644467
1635 131.4744356749988 313.907204944279 123.1474102140728
1636 133.7632496205472 308.0516702587482 102.5212216613266
1637 67.64376022993318 265.7247574175442 143.4989469101785
1638 85.6514608394158 308.6622713420257 115.132413223922
1639 154.9545135091015 277.3799080974225 160.3178715547267
1640 112.8729834563671 313.8037875940357 129.8470004470354
1641 109.4242477749954 284.4807988511791 122.8396800133793
1642 122.6923435726846 235.0216334965865 200.1873426214882
1643 115.0601229483001 319.1092889841818 124.381451448983
1644 126.5060537973929 314.207126992037 132.4302545093885
1645 132.1209868598174 258.4683547441065 196.7301030273275
1646 131.2425294043899 302.5940118787136 149.2625404626305
1647 102.5121395127273 314.2907266238835 139.4867624964535
1648 94.57107538693043 308.3746474208134 138.4912063061799
1649 93.12321194796561 309.4018433586349 130.7979033917536
1650 85.88931625410102 303.8334224712405 131.4478182290476
1651 74.79593363618154 253.9154813860328 167.4221892098961
1652 73.77025179291405 247.8312497102178 160.3186025087808
1653 152.9121830337179 284.4677653660783 154.9147707795358
1654 109.1534383755604 303.6961104000302 159.3470119751141
1655 90.49978814426817 226.8109165557019 172.301366183771
1656 132.0840781535065 303.5084965630043 158.638082038224
1657 157.3514200181603 237.9890866494823 158.7583137397679
1658 155.4353241020153 231.2884216942246 150.5332397200116
1659 155.1995168991731 234.1124455408956 141.6813883510433
1660 154.3642175690135 226.4631687219715 142.2041530278692
1661 119.3534833522212 307.9981974287717 160.007498068178
1662 118.5344545667835 301.4404743810234 158.1994871586738
1663 116.9984708692813 308.5690017360419 151.2349997359262
1664 63.52795823093949 247.3832166369616 128.7495863955058
1665 137.975050514234 279.599347729286 184.8539830405074
1666 136.1319631569461 276.2072684751757 177.7526996193756
1667 67.2106608471815 265.0190035411592 136.7309359606119
1668 132.5999134399819 309.1896878978329 143.237788791332
1669 123.5294433866625 245.9154540308732 169.6174971438552
1670 65.93888947322023 237.2816503966492 127.2760457934207
1671 124.6926904775062 302.9386944742411 165.7287406503198
1672 62.59262827296667 263.7693443108424 122.4359713645658
1673 74.60863202324613 287.4350648989378 99.82391860634878
1674 106.677523235897 288.4259153211959 102.1601613563641
1675 68.86859871947004 280.2672704689862 95.71614947099404
1676 133.1131230611325 269.3803652368275 192.1210629320988
1677 111.7702674461819 231.8391847191712 190.9482833871162
1678 160.6749954505771 242.9173873470141 155.3057895810709
1679 152.8960332281667 244.2295018326899 153.887982348227
1680 163.339979914457 246.1345185976952 149.1119303862772
1681 162.0281881599429 247.1671805006613 143.2934305658331
1682 166.219249915969 253.0526366114857 141.9861692752337
1683 158.964669900496 251.0128401678438 111.7091533679795
1684 127.7675745517122 248.4677313935398 199.2644953972096
1685 139.155599819736 250.966554484448 193.194398341354
1686 99.25617508605978 316.6917476586459 124.1678197103255
1687 94.27779037284112 312.3300214367518 124.7473836307737
1688 92.62969050576056 315.1296098201731 118.1741924381633
1689 150.9681163809155 264.0803682794141 172.234625420149
1690 155.346752398936 259.3528826816781 173.4459550081425
1691 156.3022584606559 264.5235805351238 167.4645577210759
1692 66.45070583450176 258.2454882369971 114.5955151714401
1693 69.81530311893843 254.4346674856905 129.162927107372
1694 84.94757187845715 239.1091833299002 141.022300611705
1695 88.87074848443037 245.1141081569191 137.8265382469314
1696 99.49451750341647 284.4674006495725 174.5277272797444
1697 145.2278701883253 240.3080335456571 151.503074792696
1698 139.4621017364418 258.1856175861427 192.7077364938965
1699 80.65073184832434 291.1641205085001 141.9081066111399
1700 68.35873266832225 267.2961697900754 120.7313595199797
1701 87.85722443141638 258.8638958552644 130.3163148284261
1702 133.1671831514716 248.6877080617424 115.4753506968477
1703 64.43112223482703 268.60378298854 106.0322214050192
1704 70.9769075632837 227.5574762776498 152.9349679271787
1705 147.7047349255826 256.6341793483837 171.9864114560405
1706 154.9220338941395 252.8161122748193 171.3842437023347
1707 158.0774435757936 257.7439498153277 166.5343306482706
1708 104.8175327518975 232.019944482551 184.9056917854647
1709 121.6103819653031 243.5371621673534 147.0979534105043
1710 128.1493735881437 245.2750553199883 146.0689158091759
1711 135.4143037414578 259.9203854714561 124.2376352315777
1712 123.6320613649504 252.5885149634449 144.9029444909701
1713 121.344217797596 242.9258838396501 140.5096125690347
1714 129.0537358573877 239.1441737717813 143.3529004987531
1715 122.4804014182355 238.0482524335063 134.9704878770648
1716 131.0401035530173 236.9296332179013 104.283157408065
1717 105.869869927469 319.0090430205408 123.3689280573989
1718 108.3775797868876 318.5128237379357 115.9458644411483
1719 130.424806717285 245.3926772406089 152.4250804104739
1720 137.7946917824216 244.5880058776173 152.2949518202235
1721 127.2756472596864 253.8214937539737 151.7726267336343
1722 131.9787604704019 242.8608165327316 157.562296251458
1723 136.0756316131522 239.7944746376012 176.7813072547731
1724 139.0758463977212 244.9247811428892 179.3539148263536
1725 136.8258115666351 240.0430215007773 184.0646079556597
1726 138.8894728867148 290.9022336025381 173.0744753328361
1727 145.443246410356 283.8162010886933 171.4060352625291
1728 149.6174337014087 277.6523201939809 171.7214399315073
1729 71.22365406932774 219.8305447839263 145.665491356962
1730 148.7676042511051 240.6876107298526 159.0786891724543
1731 148.1095388276409 236.3689756959576 147.1221716684219
1732 146.327697692793 228.2299550038134 101.5632407547191
1733 79.5686889203149 261.4546218876229 169.6897919532142
1734 119.6387487166789 243.4616920769513 159.5439445202335
1735 125.2334328146054 244.8324491826128 157.9806438260785
1736 117.5961955529064 244.9436510342917 166.8811433331711
1737 114.2318897361225 239.0219116353678 163.9767832004109
1738 137.6178627869908 244.2502433319079 159.6473759785747
1739 65.15835406049219 262.4427288171574 107.7128146088644
1740 81.14273406034837 289.8173902250412 148.5288120860222
1741 93.92965275685411 230.7927287811163 162.0964612639577
1742 100.7333296120764 236.4680519069105 161.8856606345891
1743 99.74202679856572 244.9988109845168 168.9641703709097
1744 129.8603038772121 239.2016763767876 176.0213597133804
1745 129.2481863146582 245.5648678066499 176.1508332465528
1746 103.7776342671932 306.4913901680283 137.1804001869799
1747 101.9984178111231 314.9657976969701 130.7894607365052
1748 143.9689700819165 236.7161313730686 181.3214448565643
1749 146.2898733065677 244.1260706572529 179.5260666311873
1750 116.5469850285436 242.9589035184696 198.7853657260491
1751 74.54539672323443 220.2362231917285 156.3586955703507
1752 77.96689193495803 212.95227676276 160.0133677009216
1753 150.956213839554 294.7662469689229 144.6634805187691
1754 147.6178883347215 289.8086438669654 143.2554693186993
1755 128.0354365823381 241.192058324943 170.5150297295202
1756 129.9800193602911 249.6760743744346 171.0333589596192
1757 129.7888767812486 243.8071701875307 164.6862652537919
1758 119.6052693674244 315.7778753772843 133.6778584045944
1759 123.8950260939206 307.5765479794935 135.073026779757
1760 96.84805923650005 230.4798340782267 171.7834832372917
1761 124.9105167890699 307.4209822798663 144.786044654291
1762 131.6413769642546 308.29791071677 136.3170164756209
1763 157.1973242630138 247.2194284989822 105.0615202126116
1764 159.269847351863 260.0609464501694 101.1986844246612
1765 145.6859331227438 263.5139919327769 105.1803761200399
1766 130.958600016275 271.2318102185553 105.0905423594627
1767 142.0001082122798 286.3983788832373 105.4521818111404
1768 143.9254162681875 272.4375829140454 101.9069591564524
1769 147.2650272326501 274.4728372525796 117.964570047488
1770 135.6957434124653 262.2575107801466 105.4289495044134
1771 134.8506097097489 249.2543628422694 104.2164946634499
1772 130.2466872601426 259.8323905314939 113.2762481367907
1773 148.6188382303991 248.2877110689283 103.705580725172
1774 142.0810301296502 252.2546731560639 114.0898058759171
1775 143.7295773821883 263.0419138928697 115.9453398618509
1776 133.7713210499151 286.1244811908725 106.2103649197003
1777 130.0036269096258 276.2877159778334 114.2172982649961
1778 123.783209094994 284.1066483014153 101.3601638162161
1779 118.1891481553545 269.8193772438254 111.1662267703754
1780 136.2786248410492 268.0956465896523 100.5229840587155
1781 128.4889644484793 264.1351327100524 99.73689074014924
1782 155.2541667602037 235.5658571645755 116.6682220698841
1783 134.6870518375295 232.5585683890862 91.23716862111756
1784 162.5818485453479 277.1086572243019 92.94699253387945
1785 123.0573078582319 252.7137296971038 114.8549004360505
1786 116.9138664564508 257.6684904585125 117.8022505778817
1787 118.0574929263324 270.8925626597695 128.326553325615
1788 109.8858668779615 261.2598888784461 115.0180006471344
1789 112.8257680244033 254.3214530204332 124.3586580837608
1790 161.1665311692414 240.2955925503882 129.5870675455976
1791 123.4595335760355 296.7646136568717 101.6328947785906
1792 122.5913186865427 287.2967288249422 117.4896791533746
1793 146.7761830519168 296.4918945623155 97.99310712490323
1794 160.5733538483466 290.2244289024133 93.63736057758919
1795 129.0935669707773 228.5757738476029 103.0214538054666
1796 156.5212893328938 234.5316713830904 108.0865796676738
1797 133.0941575492594 208.7221882904919 87.8230703104711
1798 160.2809393488436 254.633445116044 91.4019026278947
1799 145.4382405225091 311.6238989047957 98.64516337773043
1800 138.1240718506986 308.0791947705571 98.94564452005021
1801 166.3939724392436 269.9875610702881 99.17233630666952
1802 161.2786251486959 266.954872510332 100.5813960302474
1803 165.8186004666141 270.3405304782274 105.1473658326868
1804 150.0511603408649 219.808543756764 124.2888430150362
1805 162.4712214003172 283.4322746451153 92.57305213753997
1806 102.8976849718364 286.7054326825744 95.64419894916354
1807 106.7408635829572 294.9281904312758 98.0255281235292
1808 108.3938802149286 289.2935029617231 96.97315642057058
1809 140.7780614991856 274.1826213109069 98.81917004524637
1810 142.0705915276941 266.9512226293929 100.7294236599302
1811 120.085899174266 264.0412882062386 98.29637493886449
1812 131.1325924493268 238.8353863219289 119.8623439683593
1813 165.6338454393365 258.5188164866902 112.0896080310253
1814 159.178310512839 258.1792612401871 108.4059064766649
1815 166.7805456523669 265.233633006897 110.9417813297883
1816 166.5509176100988 250.6649738457061 109.1191769345062
1817 166.9114144452784 258.7982706110399 118.6682425169615
1818 159.5605280684376 287.3492731284577 117.4816549672684
1819 88.58464569972821 271.1382898446494 113.8285171382218
1820 155.2938988243183 298.5160426431826 96.58360867883236
1821 161.6149658603597 275.1316170921056 100.0411289481507
1822 166.4172363266732 252.2054828256723 99.04230468426692
1823 159.9932595707443 253.03926200743 99.45252283335587
1824 162.4490189782711 239.1944652667605 106.621564890603
1825 161.3986712443977 237.3690075616041 92.10438591884591
1826 162.4255889711755 263.6525564558465 92.46035940299558
1827 128.1462589368429 298.6493916057864 99.22068748345896
1828 155.7129184215167 233.5290585365702 88.87779251376008
1829 161.8552581244853 240.202141607646 121.9776041810858
1830 166.09912817721 244.8753543099867 124.4957199150714
1831 153.6997904520898 268.5793713409003 98.0985494490742
1832 84.08246073186294 306.4009381894699 94.26915722896192
1833 136.8458426680024 298.9820643219654 99.55171618875741
1834 117.6518917849466 244.631439394569 131.4460949608103
1835 118.3297720827866 293.8402922996936 97.88017599781014
1836 124.1987261468411 292.6874652139937 99.05045869751496
1837 131.8206291160002 293.6093526187149 99.54824540041948
1838 126.3378600497055 294.7116021579137 104.8199584251177
1839 150.2591889757806 240.3955433176003 93.00044680224265
1840 144.4955779019377 232.5640851760431 91.82700857866418
1841 140.1273495958641 239.8180943085236 93.27063826994552
1842 146.6401210550203 281.3710812596637 99.10095110058937
1843 154.4799559663252 283.5715741545641 96.89941120297617
1844 162.3307119824699 270.6054000525391 93.04332235141513
1845 151.0428064412895 303.0414622988665 115.8845616633617
1846 74.11158657676901 286.4143446554688 92.49677819948084
1847 142.827698843526 302.1968010977043 99.3761749231828
1848 157.6847071732854 225.2216842640453 124.8147663072401
1849 108.5773424985794 317.4781956564831 91.5217450614246
1850 97.85012391999744 322.3880568995677 89.78329736434104
1851 101.3398945544372 322.1616369509965 97.95113934290826
1852 138.9259658137861 231.5115665816355 132.2201851765998
1853 146.8563301433132 234.4864814826138 129.7465396525888
1854 137.8443801732686 233.3902892004892 125.8688775576672
1855 134.8708872938615 237.3924826995789 129.5061067630552
1856 135.0164020856262 243.2525895704196 130.3768967700984
1857 127.5831122907674 241.0081750876573 129.1780932751726
1858 129.585279856869 249.263126944474 128.6916363591406
1859 124.7023830850678 243.8807050278392 123.6165003765769
1860 130.4368064928547 238.8536612883599 135.0763930128543
1861 161.7698340225711 276.934063501174 113.597991089474
1862 165.5522650041549 252.017012178029 134.9420241213947
1863 159.0871017131684 251.8937058971463 134.3689445764029
1864 167.0939651699933 251.7150590926891 127.5683232058325
1865 155.2761698522056 297.0488731310488 109.0904070287131
1866 149.492542828948 305.4021706635442 96.82831500321259
1867 127.2805375634349 237.9859407766862 112.6074526371726
1868 124.4531927410954 244.7730164481751 111.3894431089502
1869 135.8251742299619 215.7381378280917 91.30230298724032
1870 139.8083742903411 280.9352135608881 99.28728856436432
1871 134.6916831941738 283.2336628251375 100.6135823807438
1872 106.849726807983 313.4564945277999 98.13243288327052
1873 114.5870201043753 312.519651052621 96.37102145978882
1874 107.7708128292653 306.4968012666529 95.22355485399409
1875 106.3028569429215 311.8811499767107 108.7871790332537
1876 149.9352640626296 220.803344804129 105.2725507708889
1877 156.6830555572027 227.2342551668658 105.6081543735298
1878 166.5404792577461 251.2290933400504 117.3927610579795
1879 164.4492112003485 245.8151522021511 102.1036243788896
1880 87.60497829806654 315.3223896636251 89.85224409503586
1881 128.508529229895 320.5739889092487 97.16415684948402
1882 114.6363327410676 327.5820766283703 90.54011721876265
1883 120.0259502917838 320.8187674545123 93.25206229068691
1884 112.822180103757 318.7786917374007 101.1599679870593
1885 132.5058661951873 214.7618050641215 109.0293338742516
1886 135.5860237257896 210.4588654708125 102.6871836380569
1887 146.7089928609277 288.5824059286493 98.61482006469699
1888 140.3125928024709 286.9057867961565 98.47421738523589
1889 140.6818456753608 293.3541871977986 100.3774196617544
1890 166.7973264628009 256.9573869469173 124.2227977482922
1891 167.1597636118328 264.4421104431102 122.9768352004613
1892 166.6290493051558 257.658053210816 130.1292376446685
1893 118.404033278124 288.06894490065 99.27949441568231
1894 166.194676940591 263.9461184430574 129.2333033492781
1895 166.1906616876837 270.7001562668858 128.9410623534369
1896 111.9275806634751 325.1819530572137 106.6266120958482
1897 120.4956525748977 323.3714011968742 106.6593397002853
1898 113.0793767774434 319.1475606444608 109.8944833948881
1899 113.1222910335478 312.0417719455268 105.6921295034433
1900 110.8506454868719 325.6968428783689 99.06091914992057
1901 88.42262307123814 288.4833830589486 91.90094562776508
1902 81.03517227160822 287.4385960857836 92.40741092696784
1903 167.4491875909276 259.8069084750202 135.5637841833132
1904 160.7201461785093 257.093600722808 133.9934850215303
1905 167.1308280882882 266.5223848632618 136.6939892124086
1906 167.2471621925011 261.2741071902051 141.7878011250582
1907 123.880723730142 278.2621682600296 99.81839835699681
1908 111.6737457808944 274.2380431885051 98.83791643734111
1909 112.9355023415635 301.0505127799611 96.18090734649242
1910 117.3067894193156 306.2585116123404 98.30695315517472
1911 119.7800528596512 299.3379476478233 97.88870715596799
1912 123.0471701002865 300.8979757831285 105.3119811881307
1913 147.9303394969004 275.0514804424702 99.37144428699423
1914 153.9320016081316 276.3998688296551 96.07613266050885
1915 145.2853822158751 308.1339013957592 118.0136841457849
1916 162.4750243792807 284.1745038068469 122.4838221368079
1917 124.4239598493169 246.7115301672002 134.0597479440113
1918 95.48656528547805 280.2944562779518 93.3585677827275
1919 162.2374008223585 282.82174586161 108.8376693483702
1920 164.2247140425761 270.6104385650482 111.7835526736997
1921 166.22823935944 271.2940634777581 119.9816793384739
1922 153.2352778102935 286.6513754351421 105.1148532381519
1923 92.58400318149796 273.0907373851511 106.3919932054813
1924 132.7323646394248 303.6480404373839 98.58177871203561
1925 114.6179967872812 267.9534135711638 96.4618718771677
1926 162.6001044601423 277.8288773519931 123.0190865312817
1927 112.520949346433 294.6785220287983 97.28143365868347
1928 107.9733558879488 300.522424510194 97.83830869940242
1929 114.1063165367248 299.4931370217826 103.0895026495883
1930 125.5892356365511 304.1909961016261 97.34977320789027
1931 105.6373707866635 274.403717958456 96.68086182493028
1932 101.388097792319 279.3363436826768 95.99132359952087
1933 98.24148949975523 275.2613552437974 102.5319280653041
1934 134.985388287149 288.8252777668133 100.1736931784026
1935 126.9388324644675 215.6011681145916 91.3768317474206
1936 127.2181986584525 235.8223833416109 95.90452827094069
1937 115.1337277565386 262.9860491576964 103.7227086277279
1938 111.0981218073687 268.7696438755828 102.0912368798618
1939 166.6070676653006 243.9766734109708 117.0977094474465
1940 160.7299221874302 247.026875174888 117.7778361718458
1941 151.5675355111734 302.7645584873014 125.0168237803297
1942 117.5552971124436 274.8824486854824 98.45458150005405
1943 159.1788727437469 264.4642399582648 111.0141814001779
1944 161.1941474470016 283.3356726089704 129.9354149263006
1945 104.100121576859 266.4835229053679 115.4604145505149
1946 104.2087920616716 260.5379724343962 120.6718026313385
1947 102.8910369232948 255.4319072258938 127.4415544212684
1948 161.1875030320717 246.0442331602175 136.9385455307109
1949 166.1613306192095 244.9468253594693 131.2014727995785
1950 128.998620062765 221.4738299582194 106.2184589924248
1951 128.4453811165129 215.0481142584073 100.5886719665712
1952 140.5666655456016 252.3906582507392 97.38525984665327
1953 136.3646492963622 245.4153176910123 96.85567786307934
1954 159.4849370570347 272.6472355595402 118.7091337363982
1955 167.835198547722 264.698955787502 117.1204247906866
1956 160.6397935128137 265.0375093218929 117.9830362146628
1957 161.0616581312074 254.384879089805 128.8363877627934
1958 159.6435963693759 247.4162849342674 129.8862291534253
1959 133.0494133200806 220.7394456774076 113.5964164838125
1960 83.9466018537245 273.1620801839076 108.3392402330916
1961 83.19493816392389 267.6707993665077 115.9938105316839
1962 72.98281394348446 266.9923907969726 108.0001318123077
1963 75.5767006216969 275.5038990863165 107.5960818975661
1964 76.96132923754894 268.3748879617915 113.3286534480359
1965 77.18680825450613 263.7633877738184 119.5771393213413
1966 80.02477216877358 296.6124572386333 91.29739663844856
1967 74.01779692908818 295.0366698789882 99.5479358220845
1968 121.4893065592041 251.2520253310774 105.8632481444625
1969 144.8574059315784 215.0210751738379 87.72464868782778
1970 132.1859076484085 240.0116141867755 92.89047679955505
1971 128.0459029122586 222.0860704340203 96.93882718608873
1972 112.8331302189842 286.1573984364604 99.1007725112059
1973 121.2474064945888 257.4114969502219 98.35840706021109
1974 128.7741165236934 257.9416895849898 96.27408464628844
1975 154.8682669967554 291.224610000309 99.26268337875094
1976 161.8993168810572 284.4310021774725 100.7737435493337
1977 162.9330739881264 276.4646163879416 105.8718475462331
1978 134.8663971620698 260.0170758084953 98.13794310508302
1979 100.98397394624 249.7254763754255 133.2677925289547
1980 105.7927598813668 243.7799177852143 141.0869522814184
1981 166.1795718618871 260.8519402289195 98.87783842164285
1982 130.9721747916053 291.41986870841 105.1595658707118
1983 99.21382171724433 312.4727516407144 92.74387825101807
1984 155.1581819536739 222.789874550135 133.3703045000749
1985 152.1417053895639 248.0864389042017 91.72465384103754
1986 147.188453136887 215.8941011589427 114.0174814183949
1987 160.9740744452553 278.4360290954732 142.1740348136656
1988 153.6662117008441 278.5839627423105 141.3031318468694
1989 163.3865821657937 270.7848381469283 143.2349142760762
1990 163.5293078690419 276.8574015828744 137.1231695276874
1991 147.3748426176212 260.9312178029517 99.13051465435198
1992 153.5912717873997 260.1253117747733 96.67181146998075
1993 161.6187413757443 263.0987134543384 135.4873133091249
1994 157.8751216157359 290.2351896527813 135.4041376554568
1995 124.7402818513473 319.6923755093533 116.8830450025658
1996 125.5913177447389 311.3506238743947 120.7515295486335
1997 130.2861816061626 229.0636194162383 114.8250457927777
1998 156.4538949428724 290.3574507486517 127.533353926888
1999 135.9665641447173 223.6596378989711 91.02225525564145
2000 163.0820262463983 245.2446100705466 110.4964692755492
2001 161.5750309719283 231.7740878452682 111.4771552559279
2002 162.0404961436045 238.5757592268967 113.9477035468007
2003 161.4533936885614 232.6090352731534 119.7595258475431
2004 160.179864975765 250.6934854829871 123.556523619084
2005 127.7641841284502 229.0650746559227 93.40085008488978
2006 142.8430481745504 214.174311953543 105.2725081687477
2007 166.4999955358493 257.3115528448734 104.8910770844174
2008 134.805914753755 276.3552836969594 100.5205119391774
2009 112.1817702764526 280.255901863582 97.60983652434352
2010 144.4337487779067 308.7332928691446 126.3578289863857
2011 129.2792332984066 287.7709124198319 100.6670165350739
2012 163.5120734172 276.6043533682956 130.4711479425601
2013 145.3785483351866 246.4517203236379 95.09468068184707
2014 118.6114815933838 281.4087746874007 98.04120617815173
2015 128.7988204466238 281.3013061514278 98.76673091921641
2016 161.5377122458397 283.5259576692007 136.8462188762807
2017 137.8586482355932 306.53343445252 131.6424340081216
2018 164.9519300321812 258.548837272924 148.6222040888248
2019 133.1669034075902 207.6637952986581 96.03063586482872
2020 145.8202169438921 215.160963987585 96.29886024691676
2021 128.5667431310593 244.0142554536718 105.2787063913545
2022 144.8509469060723 302.1394537950152 130.2567829049587
2023 151.2385111402613 296.7557562437137 128.3762205842942
2024 78.71009752707985 302.1292411171671 101.37850403866
2025 125.1453287820548 251.9449436342643 95.7455289504022
2026 98.69488290472592 319.0417372903083 115.4534279904982
2027 102.2714977026449 311.8325396982701 118.6369352158133
2028 160.1818875614298 255.6890673021423 117.8166679489754
2029 91.03523385957166 315.0093050168291 109.9366060184647
2030 155.1086227736334 283.0659775040842 135.4588159933152
2031 160.5706006860343 233.8313979109559 100.9504156335703
2032 156.7485856335199 227.1754287256326 115.6351714628246
2033 106.9809217176415 282.6892970816622 98.03468134835838
2034 105.9138934132571 282.086386977843 106.5639449077024
2035 99.00433548281126 312.7580121662378 112.3765365965953
2036 98.72955036373362 321.4729431033109 106.1261031218567
2037 101.3122307832507 293.0769487095506 97.20007481165628
2038 105.5738810821648 297.5444249365729 104.6383408599877
2039 143.9363063494555 301.6387352570706 136.6022251883199
2040 105.7821297914974 326.6236746408148 88.17391071505259
2041 129.3652304946809 255.4787157398754 103.8665079647232
2042 80.31859349841538 294.6922833967286 106.043791960787
2043 73.93309594004852 287.4733519442154 107.475569340603
2044 161.2601740197436 239.4038785715246 148.9799303453455
2045 153.1716783579335 238.6564187845263 151.2381139304068
2046 162.8203088755209 239.8224738848088 142.775602435888
2047 156.9579905271369 283.8807440937501 148.1334591656756
2048 163.7458118270664 240.2761467005766 99.18957415678967
2049 155.3702224845817 241.4062798805478 100.8224234584276
2050 111.2776305248057 250.9236480813821 193.398198013144
2051 107.6477704679037 241.642793341974 192.8226714153402
2052 105.7422373529701 249.499303514968 186.0091892925323
2053 102.3037669377254 241.405156491219 186.4969227629953
2054 105.7504251687987 245.7475857299464 180.4209694086213
2055 118.6500077159886 252.5189692157111 164.6451402655462
2056 126.1850671898335 252.0820429719442 163.6757939378175
2057 116.5392570888759 253.0853972396066 176.7644444846049
2058 112.5890498938678 262.6658054087829 166.6821662173031
2059 111.9025343672203 271.0595820590167 165.2360405474525
2060 112.0398096649104 259.0857793292843 179.2995117829544
2061 112.649615269619 258.6746441056907 159.7346874704225
2062 111.8206106767828 247.7495198460459 166.5840603311528
2063 112.7370016672981 244.8055072431248 179.7257167820303
2064 111.2411917054879 252.3732682960916 179.0425109638148
2065 113.513393481144 251.8420432218343 158.127706410806
2066 148.4437103908451 252.2069596920862 144.1276079494206
2067 149.0085220490311 258.6886200094647 141.8384519522042
2068 147.8064038448865 245.6942869225012 139.3788089462672
2069 129.8331665322684 251.3333127376145 140.4978830784684
2070 136.2457478201735 258.0025669763875 140.3792975870162
2071 135.9168759444408 270.128859588132 140.264866779371
2072 134.5544860548027 243.2736635267675 144.430973756374
2073 135.1354537767261 251.9255784584571 155.8819620099715
2074 135.223681267128 252.3526238385912 135.1992425116143
2075 135.6743555877415 249.2380462235776 129.4173826064752
2076 137.2753914639902 251.2624052790725 117.7469648924637
2077 147.6381724367128 251.8939704652436 118.0461641458794
2078 148.3201314108931 258.2683993740667 118.8092309302246
2079 148.4965163316713 246.1971868837838 118.6850475819542
2080 147.5711742113927 250.3601993188119 123.9358241317257
2081 129.9646675607835 252.6108649551608 117.2095843758679
2082 127.948986959645 245.9222635012657 117.4908445987297
2083 134.4860653445509 257.0694782339069 118.3238543525898
2084 130.9132864518868 268.8695575400117 117.3281854227117
2085 135.7050963597034 244.9591780838939 118.2553175305506
2086 133.3214159610877 250.7843097835899 122.4239212495993
2087 118.5475527018126 282.2621830542229 141.9918063008141
2088 117.0079050192254 275.9393440631243 153.3793179725558
2089 118.1839646870699 274.6987871125767 133.3768829090168
2090 111.6792167872057 282.0769820117919 141.2645522722618
2091 114.7272425774569 296.7371897495093 140.9784023395949
2092 112.5391864106601 281.048180947966 157.4229801759869
2093 111.3293047130211 275.8680977539547 133.1303116793945
2094 105.2577738964193 245.775995831978 173.3379116243861
2095 113.207929209726 245.2533345465871 172.9896119938889
2096 113.0297140538017 257.5430050941274 173.2319635317168
2097 92.76630748228841 244.8785336449217 173.4408249524006
2098 95.44898304916272 258.1607015623771 172.2601973573388
2099 105.4600715673575 257.7139837811378 172.7903809633449
2100 106.4178004579984 257.8456966960072 164.4717799189803
2101 95.45275609911816 240.0193007354865 155.5106549487494
2102 106.760802175419 244.9846336155712 154.9155844348752
2103 94.82632477263759 256.906069203393 156.7848570634325
2104 105.5506333900575 255.2242619582821 147.8363979949524
2105 94.15726761991257 254.2304216095442 149.4277133838792
2106 92.0842204620388 258.186301283245 142.7852681025127
2107 96.01213793611858 243.1198881413283 137.9785280185041
2108 128.6397170346827 275.0303763223198 141.2163148187678
2109 125.3192707530814 282.2710994589523 141.6913347944458
2110 133.2572503967491 280.5656528980197 139.8026329914348
2111 137.3607586989918 284.0186825248729 152.1377469352456
2112 137.3935427189408 277.5935411833 153.2972964687452
2113 137.5586332042953 277.9118414304639 135.5533816138696
2114 82.44493868081581 245.5451949452705 163.0404803467386
2115 88.59314325150881 246.2005005196667 158.7132034929885
2116 88.20253137577674 257.4630983966542 157.9852773380382
2117 83.49464141249013 246.0428568834909 171.6938968560348
2118 81.8808319816288 260.2498414220035 159.7699583927842
2119 120.5031334679956 293.6571196035989 145.0290010340237
2120 128.2612353031635 291.395613365152 145.6836316485661
2121 136.6399527580363 295.2904727359889 147.0106351747675
2122 130.414136044464 293.9454135113506 156.364303181098
2123 118.8316547125364 301.1364685575969 146.9251281386193
2124 118.5264023105844 286.7583131366634 146.5444849398352
2125 119.867692263207 294.3106311822737 152.8948670953869
2126 107.1386028731779 294.8132057925639 144.3272592799519
2127 113.5211419198207 294.993539683651 147.4066785361413
2128 109.8617557334701 288.4624529686062 146.5156933136188
2129 99.80673494596027 295.6706002503315 148.5238691835181
2130 103.0500873525946 289.4966772161795 148.9882536402318
2131 104.8915483227093 303.9637750483741 149.5261337953974
2132 107.1796241564819 294.0683015563624 153.4557087045103
2133 121.7780948672027 303.7905529095681 123.2999335142231
2134 130.4204758507836 281.5341069433371 147.8663759217829
2135 118.2494144002157 284.0385818776959 153.5933506997085
2136 119.6172953039056 282.0898469155435 160.8272581049801
2137 137.5158787630209 275.6645446430337 117.5958073924928
2138 150.1832532646199 280.054477864751 115.852062716706
2139 151.053707845126 275.0442213150714 122.5484663271931
2140 120.6556945538818 277.6443551689135 117.795214460735
2141 136.0616984113181 282.8971190606689 120.9094466044434
2142 117.4229997450777 308.4949420265343 138.7557515076956
2143 118.165291576559 305.8582601296411 130.5412466525201
2144 129.9511206652034 306.9983057798437 126.7315786133132
2145 138.0279753452247 308.8349563747659 123.0545016563627
2146 119.9420459888331 313.6019577786593 122.5283010804767
2147 90.08299807235525 281.7576320711047 148.9611728593339
2148 105.7542468546121 284.0121361486964 145.2286641987822
2149 91.36893961116597 296.8488572753917 151.4100434236245
2150 90.96610970846548 287.3764805411501 157.7477730203358
2151 93.15197782504301 283.3037884386022 142.1585470745319
2152 107.1905609655583 268.8914464243035 148.7483981316906
2153 115.1308265942027 268.2390086432031 146.2588958650294
2154 98.89733984690237 267.6389973430741 146.4951650157733
2155 90.77190372842621 269.0964390330133 144.0685198595014
2156 104.309929926578 276.0606328646375 147.0397598947046
2157 106.9283376907646 262.0404700341861 147.4814928062444
2158 102.6214530605595 267.6471422725731 156.5974682270456
2159 105.189375848989 266.4108449209934 142.042777836362
2160 105.3407375786568 283.0659566267911 160.8081494048196
2161 114.9087856598566 295.6038951541263 159.0966888104474
2162 110.3760490973646 281.0044341287851 173.3101141465973
2163 98.16305467163008 283.6933527905705 159.8928887551001
2164 98.47681434205313 299.187765712377 157.4232581689303
2165 103.5365126971202 282.4784816652817 137.272511265695
2166 111.3403324152547 284.1680790888119 135.2039444310255
2167 112.7412418046793 283.205673441559 129.7705527683012
2168 99.88952408383734 281.1386430941508 130.0216621335676
2169 103.2164997896548 292.8350165830837 135.4773022323872
2170 106.7912595331096 281.0511475890547 129.2013620248408
2171 106.2308189883902 304.2631954974353 125.1744516509921
2172 113.8714135827933 309.5204934978206 123.3922680392698
2173 100.261594943752 308.4526701851596 125.7871245455433
2174 107.0917028808085 312.4325888162672 123.711844327197
2175 139.8619271795836 297.5001511481476 161.0899654232623
2176 119.8131055812297 290.1094710660866 159.8070001295425
2177 119.2304892108689 289.8057039600524 170.3238054748991
2178 118.7256816257638 296.6209191845265 174.9006874966619
2179 130.3321516526258 284.4443071738859 156.5107866790767
2180 130.6993260309365 283.3308441814264 172.3535425839905
2181 117.26086385835 283.8824646409907 170.930816296023
2182 118.2161292176837 281.3674821215325 178.0188054065142
2183 119.5320044175575 294.2608132590041 136.1753347506115
2184 117.9084941100165 301.42939827559 136.9551818585381
2185 116.6412963871139 296.5834369212971 128.5315608077597
2186 116.341914023675 288.8519118321238 132.943591096663
2187 118.6696757555153 282.1740648480006 135.5392665805009
2188 129.057570992643 282.1448527715916 133.1372600873912
2189 118.5053856667834 281.1125303132234 127.828073253115
2190 91.49790649848991 242.5149923695278 143.8374612374641
2191 88.47419114502098 257.2708997743049 147.2485176419402
2192 90.39056294769087 246.0314459867733 151.5782675749639
2193 76.06561192177028 249.6071926568592 146.3567167822355
2194 75.36894278955853 244.4839244561535 152.8101708359889
2195 81.1871159936421 244.3045295371205 136.4476158890035
2196 81.17196939454864 261.7117575351925 147.7633824067338
2197 82.06435287871287 246.912039174622 154.1970892133699
2198 81.72202865774398 256.7215740353332 134.0157221882966
2199 67.3440239165473 262.1638773257395 128.9575485571869
2200 130.4498095958787 265.8640707051029 171.6269415535086
2201 144.4286626782502 270.6635652044597 170.4080844794133
2202 142.2708717748532 264.1255233817474 171.7143654443209
2203 124.1279230493372 268.2176398498248 170.6701292254847
2204 124.3665374992928 272.1586234559978 182.7605679619508
2205 130.2913034038309 275.851589505917 172.0326586740418
2206 131.5132382435836 277.2247018488636 183.5284782880258
2207 133.1277870393569 277.8637773760634 165.4923108163503
2208 134.9204774663787 264.5537887401078 184.4499946413339
2209 129.6135565687503 271.2093261108193 184.3918257495069
2210 130.1025480822259 270.2664071193638 165.3725531433608
2211 117.6254658311611 277.8860116182941 170.7086786040894
2212 116.0318907126279 279.2880771822059 185.063267144329
2213 117.1770223450555 265.4470305761196 173.6099962896438
2214 118.4252608036317 269.9030071494377 183.5943500342317
2215 140.0899195993022 257.5146488409013 169.4253819159367
2216 124.7014829324655 259.2809797027519 171.0496750173646
2217 127.0618782224911 257.3498506169694 182.7480152384482
2218 130.6472867767976 258.1086059667434 166.9853106267494
2219 143.115785045999 271.0934071856432 157.7536344276131
2220 149.5358765123584 268.3593929790971 157.293716564727
2221 137.2862023079663 270.7548225722549 172.4306668072874
2222 142.6732015108614 277.4194377241053 160.2272576009997
2223 141.2703252144946 264.7480454747862 158.3930966395024
2224 141.81075752912 257.3081210384897 162.0155701481244
2225 148.7126308305859 258.4085886047954 157.3187007467003
2226 157.2621093153729 262.0777864377716 160.8681470006888
2227 142.1188137918107 280.4681744778914 148.0920990047629
2228 148.8791481140267 282.4665859829703 147.4388370369601
2229 136.7900590463294 282.7036734371042 145.9977113946195
2230 145.2243060548416 296.1547288419785 149.5904276441936
2231 141.9038173319891 282.1567650623971 141.2227471993887
2232 144.2353722961419 283.5836461990125 135.0598010884083
2233 153.2623505120701 277.1192277892861 149.2854120030655
2234 162.9988187463652 269.9579116140326 150.4855799001343
2235 163.1838141696065 264.3720656285627 145.368082017906
2236 149.13608737487 278.7344065631688 135.0357353482482
2237 137.3573921635931 285.4180305769492 134.1400265964271
2238 142.3547571619914 290.9514402054256 138.2906172188979
2239 144.5581055407584 295.5183118236054 132.3137642705418
2240 142.8889348106033 280.6803803871328 130.1075002189059
2241 143.8577759598953 283.8047924170108 124.1413538219233
2242 150.4289411946796 280.2921996976565 122.0176550302048
2243 155.8540747619914 282.9864768083506 124.1343111040367
2244 141.2718475993007 294.0506222234424 125.4000399164723
2245 144.2208505858463 302.1372739246038 123.3905809230204
2246 157.3874904756759 276.6763376597332 134.8579725086956
2247 154.6484543147756 276.6215087073081 128.3400792325997
2248 154.2920816878797 264.7860902329802 135.4060074215762
2249 155.0350308818333 257.7578585841075 138.0236994604617
2250 154.9289237170318 264.1730268270928 146.5819132436153
2251 156.7840158631168 269.9818821424981 146.9147752069217
2252 156.9958567102783 268.8757300154977 130.0016112492785
2253 155.8700274393199 270.7995670650967 123.6243099456304
2254 156.1233801434573 258.1873183313916 145.6670101689793
2255 156.4301857927946 257.7946498515108 154.3770008186878
2256 154.7407687144752 259.6105536586828 129.3763700476008
2257 142.9463996122517 274.6095413296532 135.3164032707784
2258 149.7578814521221 270.7313449818321 136.01203335428
2259 148.0521372836201 271.8156354076788 130.2810931892872
2260 135.123161157726 269.9379382138044 132.9184875127879
2261 140.8776584208158 264.6894792115776 136.7843990078518
2262 138.7287489826881 268.6498103839108 149.5660343261223
2263 141.5929409218094 268.3797231801346 130.7233111053539
2264 129.6558041906131 270.2000362811003 136.0118479769528
2265 122.6841494748689 268.8994856878395 133.7514424758431
2266 122.3511425555804 262.7683697768852 136.0046053225956
2267 131.0211314824372 275.6087559188909 133.3817776844495
2268 129.2986279081504 263.446280459498 134.0406482366795
2269 131.5578781228388 263.9566647336021 128.3115510909168
2270 129.573258179658 268.5941196869518 146.7692943132496
2271 128.2363534834516 269.6155691114288 128.7002736109827
2272 116.1103185468456 267.013537107624 135.2222879543843
2273 131.0428685985456 257.360049091017 136.2383241421489
2274 124.3169913681955 257.0479322120643 135.2335272455502
2275 121.3126081527829 256.8770325685886 126.9237948992165
2276 127.99091665978 257.9041684387881 129.1111941875272
2277 127.6401072587021 256.0605073021102 122.5290652417602
2278 137.3819430257728 245.923692499382 137.5086126732272
2279 154.9797523591694 242.3809125958915 135.0624979044753
2280 147.8179913718497 244.2334238440234 130.6826836842665
2281 141.8507198791205 242.8071870683234 145.8356861364907
2282 141.2999385791174 247.5840769349501 131.5572168301719
2283 138.3698017886334 246.5429882926476 124.4077506904748
2284 143.2282152901805 260.311415280631 144.6319640093251
2285 149.3324749235125 259.3982063990966 149.0998797236751
2286 135.6985877366885 257.4790469172502 147.571272054961
2287 141.0440321965758 257.8274163476383 154.379729574892
2288 143.2613851010358 269.3790503496712 125.4017514457134
2289 149.0245790510606 271.122647107993 124.5941446982415
2290 135.8612932944682 268.8195081054535 124.2207178164451
2291 142.1149924353091 262.8876397379015 123.5943238470354
2292 155.7466161755628 245.7574780648152 147.4783236041169
2293 153.2057058656999 247.1139574622696 130.4799066312087
2294 153.2052696582691 246.2698911465095 123.8653552470014
2295 154.6191729360071 259.8389338075291 120.2113305350813
2296 156.0384711214474 276.1197665137493 122.0000260274
2297 151.2175680465802 276.1964611188575 111.2034816269922
2298 155.9053802871582 281.9772851272554 112.7518627388394
2299 153.733660964085 275.6531590595475 116.7541868554308
2300 154.875867269724 277.991120157765 104.8426572738127
2301 153.7684546563926 264.3817927964143 115.4187857192966
2302 153.9355744819779 257.9474631483899 112.0554383964929
2303 154.4789622292351 264.411448431214 105.6841243050802
2304 153.2216471482629 270.2844719472388 118.8957888749509
2305 124.5771624560081 274.9967354055421 190.6447514112913
2306 124.1344374231414 278.5736645898131 183.4927814351898
2307 129.7958306588104 285.4793781234815 185.5847834507057
2308 118.0243980172046 259.7377806036258 183.4429028478034
2309 113.7374028627524 257.4456942144412 146.9314770747932
2310 117.8618996127785 257.1204590071689 153.4509332025662
2311 118.0093140229343 258.4324948679262 140.4525594988484
2312 99.40030348083714 257.0964605179794 143.2803533394658
2313 107.7802838989321 257.8614590905707 153.7447245414593
2314 107.5942120556019 255.1463762745985 140.3718832108153
2315 110.6763215648379 250.6682317062681 133.2138085718
2316 106.0340322059427 269.158804056212 134.2768269420466
2317 129.0062080194194 300.2403960319178 120.6984229186628
2318 130.75974302968 289.8968010312685 123.8491136473476
2319 131.712609264657 305.3674768512108 110.4321865284705
2320 125.3910343844026 306.9338889662397 110.3482396431312
2321 131.7213470664484 314.7609195840717 113.9175036454903
2322 130.9635519489197 310.6159451777557 106.7711253376192
2323 129.8930077458283 306.8314964745193 117.630201565917
2324 129.1501052469574 304.6786363475603 104.1702481495562
2325 144.4884104053079 308.0278758142332 108.4598444632356
2326 141.7956813088564 288.3239420892504 147.4440451690985
2327 145.8847868010712 291.2727994636726 157.7782738912788
2328 150.2880383734903 287.7447612477388 135.4257195937725
2329 131.043008310716 283.1633573927993 125.5177046694264
2330 124.4048557560131 283.1785835345253 124.1024831896678
2331 142.6229803813569 281.7586078085114 109.965385093857
2332 149.1147469299839 283.4810176382645 111.0529478955145
2333 149.9399757824622 292.0986612525003 111.7168172045141
2334 136.8081190037754 283.3214842399071 113.4015225579651
2335 142.7870303942092 294.1273528631177 109.8281386779148
2336 145.9071025715809 299.7541696260186 111.0401405821724
2337 141.6618622862324 297.7211143880291 117.672947669805
2338 143.927732461276 281.6423823189896 117.1702422281943
2339 91.83440593588846 295.97968295475 94.06859206329581
2340 93.89102167487171 304.6162770714832 94.72543401929812
2341 92.65502017802633 280.4058382559102 110.4980976444185
2342 95.41163413836505 282.4891661457028 118.8719189737434
2343 81.84286749951373 280.2810562923261 98.87861668352276
2344 89.34397566160611 279.220910910505 97.80172347942472
2345 74.98211431313051 277.6152048775108 98.54058504474681
2346 84.61364144766866 281.268484089454 106.8869271570534
2347 142.7892474829985 243.7671148289166 156.3934349722104
2348 157.5967312858348 246.4396867163462 159.2277550311077
2349 152.9847994568067 245.4575835006866 174.8948876705273
2350 142.2803369308639 243.7938903219319 171.8024567271071
2351 127.3067636772056 258.0340839168034 158.0581084854831
2352 127.2761181554671 267.3920899145339 157.7889730759881
2353 118.4358847210899 257.2702627846119 171.0821945457208
2354 116.1468698462224 245.219479833402 186.1215626844007
2355 119.7096563492736 257.6986434793938 160.032426573786
2356 118.4294490080619 266.5373495947661 157.1008515924391
2357 136.6740377706307 251.8982853080909 171.3166649118623
2358 142.1459728790005 251.897939083228 175.8783904052291
2359 135.2592695642944 250.9642225742571 164.4751409135914
2360 135.7410570529159 242.8428378004382 165.3979955008575
2361 131.3721944755552 244.5415053213694 182.6143671126513
2362 136.2080784110064 257.185586487894 186.0576305202893
2363 144.361000319443 268.6963632416626 178.599463807518
2364 144.2367253199818 253.1401418456485 184.3817211290508
2365 150.9975652504592 258.2286572062204 178.9209172208386
2366 81.6289940811486 269.7210808589188 143.3395651037225
2367 73.2705729308981 268.4319272665169 150.6894244121456
2368 71.47863223273599 272.4954357527445 142.9551805248089
2369 83.2641154023745 277.2897038714037 148.1107091996681
2370 80.06430168969902 277.2557226138333 140.6079029568151
2371 81.5491537692124 269.7675310850272 153.5398879137505
2372 80.09794433370277 272.5767082734865 161.768428570497
2373 87.51341470317823 279.043870733301 155.0976140149943
2374 86.06532501360698 280.6811421499364 163.340233466883
2375 92.95179131883827 270.9473359075847 162.7056588235521
2376 105.9961588880234 271.2193499423924 172.5948500064339
2377 92.34372566932032 278.4374893882288 160.8592042955055
2378 93.72441961765391 263.237052374769 159.4761625533603
2379 93.41105122985316 265.4372070237989 174.5644542697133
2380 91.6973626214542 271.5675989562924 172.8871337185574
2381 80.01923525669794 283.7040295098292 135.6471491151356
2382 87.23737210646617 282.1396408213097 129.1764489354493
2383 72.95152830214066 283.6152275101054 128.6864338818746
2384 81.42902150313198 283.9495798570059 150.2169356902219
2385 79.51183016478409 282.4786671105929 127.2645636316618
2386 78.25007830183965 296.6604006894152 129.3359479619084
2387 81.64199483172602 283.0153722616799 120.9641029462357
2388 93.44601618485241 295.3004856190299 135.0835522705128
2389 88.96593192014237 268.8852488650068 135.3469432538689
2390 74.70891483711252 270.8241381022784 135.1850665864389
2391 73.05254310407403 277.1062861270608 130.2008460474042
2392 72.4713939337194 263.7464769974757 134.3859750635026
2393 77.06326651748461 270.3068723077628 127.382802522548
2394 81.92725102759199 275.942265022116 132.6779052958308
2395 80.73343877009695 263.9114887047493 134.7494720452418
2396 84.16104962570536 267.9840940321189 129.0633058410081
2397 89.54446491110082 282.2113409609858 122.4838016140608
2398 87.02867795904221 295.693420675361 127.1523166979747
2399 74.6133254817283 280.3393280726661 121.3573297567087
2400 115.7361022056577 259.4278070797502 191.5271287146958
2401 111.4184513047653 268.8865590427541 172.7016608059597
2402 111.8958246347866 274.3655219564226 170.7967448883719
2403 110.4720945871328 273.0941085429143 186.6320683688938
2404 99.66002362779749 270.6784117847937 172.673854881437
2405 98.03097919251189 277.6367554021108 174.1891210967275
2406 102.8991044726928 264.8127212573979 172.7175377340034
2407 104.3810042311433 277.0014880936566 171.6089656978528
2408 105.8139179660999 270.3375168687911 166.9508760750399
2409 101.3626090502361 259.547458099473 158.7985909940369
2410 116.384405866236 288.9231723005074 124.8186925003405
2411 131.0137731271581 294.0074353186431 110.9702237283916
2412 123.9595121781747 293.2870051274676 112.0672181358158
2413 128.1452999078602 300.0320570511266 111.48798221063
2414 129.9907362083961 287.8107822924283 111.2811469424522
2415 128.0804820505194 293.5868855533077 117.4834241197147
2416 68.32926897328556 272.4426136078902 100.4931785145274
2417 66.73443250127855 276.45559353034 108.7741219508015
2418 69.64223015916758 283.0862921503082 115.0369409786129
2419 94.52858418647988 275.1234993869911 147.4265505926048
2420 93.66573884749164 262.2260054372131 147.5306730967243
2421 91.96369736071674 269.3459047273562 153.4341690527944
2422 94.81348439016605 271.7336006159589 140.1417001145994
2423 94.20044889651962 291.1635391589883 121.6771846477088
2424 106.6072149912789 294.5812642575688 122.4473713865948
2425 90.4120155137239 288.640306541899 128.5512224956465
2426 124.9431593294259 291.2289694437043 181.2544091494097
2427 124.0821844537743 283.7128514591432 179.102785969009
2428 124.6425903735643 289.7080084885176 174.6799378517609
2429 110.8138597014487 284.8506519307665 179.7519846601772
2430 112.5242586843785 288.8403494434757 172.1330890328073
2431 105.223749276078 290.6042857889812 173.844885825849
2432 105.5443619380527 297.7508522025062 168.2532576366955
2433 113.3417010822831 294.2455722801231 166.6947137912513
2434 93.23042255771725 308.6473129411295 111.3597951048632
2435 108.0309613680561 304.4807787037219 109.0913454432717
2436 91.93516588300129 307.948901603909 102.7016848418696
2437 101.2227782746933 307.0727428496496 112.0991636065873
2438 94.29755797168454 294.3223338392839 110.9056960693686
2439 92.69448412490517 302.2105285206874 111.4742761272642
2440 95.27529095047335 287.7980370087496 105.9229043769404
2441 91.75225852529601 316.3908972579119 98.79376585837339
2442 117.2626990904644 306.1000150651971 108.6832087679682
2443 117.0656013388453 315.0494362146954 114.9551324776951
2444 122.057141047658 314.6563575001965 105.239699815918
2445 119.1276997446122 307.008698038769 117.043028401708
2446 84.36135958564391 302.001581857472 121.878320108602
2447 95.74991078323829 266.3657627927948 119.4723602407481
2448 96.37736237177036 269.4839930898441 133.0236000658049
2449 93.51565949475395 258.8070897505868 135.3220052381893
2450 92.94721867026793 253.5239283644647 128.3554530915904
2451 92.87890370085752 268.7845988549465 127.3199998649279
2452 116.710196655385 269.6415302795219 121.6390348190995
2453 117.0973301280113 257.5511148610954 132.0137792541722
2454 81.64935999399762 267.6353481223508 123.0548069505011
2455 88.78101631002798 268.1154679294047 122.0171169597598
2456 74.98426846659783 272.0742939649026 120.4888944264861
2457 84.00200604729963 260.3189446571216 123.5352997223621
2458 95.48083707155541 283.5480551059351 126.2547612063046
2459 102.4462245694078 279.7680603910603 122.5191913012479
2460 146.0930928191037 238.6334280959442 124.6218973831259
2461 138.7861727275662 240.5210258580031 122.4310780937761
2462 140.693639884078 226.3970585723108 126.8628164246012
2463 141.9310741333339 233.268833919519 111.7624154256939
2464 148.2673790465625 233.3485500201714 114.5066480464188
2465 135.3274806633486 234.2970755630998 111.9609548431714
2466 141.2460337095218 239.7800731643979 112.4335831658546
2467 142.0248003951667 227.2070799263876 111.2783760768806
2468 138.9533713414301 232.3087805157237 118.592388887674
2469 140.2314736026451 233.4938612640213 105.2871150898219
2470 78.58022418437916 239.5460017644793 146.5538948319867
2471 80.13439203515478 238.9204601904998 157.7525187756075
2472 70.15963773147865 235.5989580772942 138.3811959522455
2473 76.39121257859101 251.634755858518 137.7548828169462
2474 73.09063062461593 258.6181935730297 146.5227574190574
2475 73.28328524034318 244.8017450579342 133.9943553128012
2476 80.46584808968571 289.4324059271857 130.3988945362181
2477 73.90023776196456 289.1825853865118 122.6174611965938
2478 80.51728905822618 255.3810648090157 154.1925302645025
2479 87.9041237645643 252.3919289852043 152.7683344254393
2480 80.1352601438014 252.1963059831477 161.7559815770948
2481 82.8160221739203 254.0025557909397 147.5646435744202
2482 74.0317532842446 261.0474356975521 155.7432123324747
2483 90.08791409660935 277.7990733500646 167.5883717145305
2484 92.75294896491613 284.1227151891288 168.328309581045
2485 85.64606733067249 261.0651862971413 174.509246886169
2486 86.41230015049979 266.3299101269224 166.4123979278348
2487 84.5012612243664 273.4588921233266 168.1968145529281
2488 86.74321785551086 273.6265531741712 160.3477159970678
2489 149.0848811137482 247.4468100688686 167.8354933150612
2490 155.7713917047237 244.4751859322683 165.6901105102536
2491 151.1523512481803 237.0700990313707 165.7341656081002
2492 143.3937155182388 251.1524843355111 166.5670569374636
2493 141.9547126858497 250.7450368616286 159.01948586486
2494 92.51109929216469 242.0020241345879 165.1955386968564
2495 87.7808143198879 238.8080863135641 158.6524746368929
2496 81.52352363957108 253.9816749624602 169.5677603041343
2497 82.60539518309592 231.7850517898323 167.6891034426747
2498 85.71694935148672 230.1272973147777 156.6767986871495
2499 154.8895062080335 231.3467376388454 124.5330426172354
2500 153.8664331702804 237.8848883359898 123.7548382112945
2501 155.4963470262552 233.4006303598866 132.7506624836749
2502 144.1143397878582 244.7657970085567 124.2924601446479
2503 121.7733636694705 259.4994322962496 121.6832185854948
2504 99.40140987341924 259.9436016019441 178.3616841626734
2505 105.0827781452688 263.5105255959479 182.7579815283557
2506 98.45168877166061 252.1912008519449 178.7593656100802
2507 88.84389061353217 252.5140753043333 175.2520704982171
2508 121.6614331303233 295.4098037036305 167.0204931799427
2509 153.547014362588 251.9940140751285 152.5436592759137
2510 157.500355556941 253.1585431092327 162.3146544194019
2511 162.7445169761274 258.1992083814955 156.0680730150798
2512 161.6768342759226 252.8418874015744 148.9269850086798
2513 153.8672382887904 264.0257767970033 152.9734466905747
2514 156.6449497099287 271.8344643448435 154.0517363968887
2515 140.9847424724204 219.9644188895201 109.6294534512459
2516 150.8153839979714 223.0108801950177 112.9893626678159
2517 139.9934834633394 214.3413627176168 113.5866489314003
2518 140.4420288564043 222.0953976607359 119.968014063865
2519 142.6308164858963 222.079604433541 101.5933216055471
2520 63.17628549654338 246.7041665341868 135.9105552367312
2521 86.95225322206062 289.89548541763 143.4343312341816
2522 87.63374461346949 275.589033130924 141.5859014911423
2523 75.49356232316867 264.7398162044631 141.0615432198215
2524 76.23000010608895 278.038177145699 147.6516434467345
2525 112.5778436732931 265.9882256980979 180.8838462574543
2526 104.8788327838501 270.8298277326361 179.8586461684379
2527 97.07669591106159 273.3959192542553 179.1031919605321
2528 74.43097893414368 233.2961275104283 160.1394049210343
2529 78.83326713712692 226.1277990793686 150.4360222967983
2530 86.48342017554688 294.534248376456 115.1936810869358
2531 77.24666762952239 290.2156992908012 114.7648157896287
2532 106.1110592872807 281.8506657472947 114.8150643821989
2533 111.3979232600938 281.4659763868087 110.2421769037345
2534 111.0902460213437 281.6651501103173 103.8547058468625
2535 100.0054617575669 281.6774506413181 109.0283633736021
2536 99.66811558213084 280.6055965226472 115.3856761084421
2537 138.4461482687956 285.8514853922156 179.9166521701617
2538 130.604669987924 283.2010188337658 178.3306942387895
2539 130.2527827396374 290.0861298289047 171.8781207032693
2540 126.5306330113609 297.2223425151004 175.2237693531266
2541 129.5268974849278 297.3267844755184 166.8208042518725
2542 68.57862929233698 274.2842255723726 115.1708195620702
2543 148.4630321156248 259.0167578793921 125.6573351842167
2544 152.2095517589473 258.954456158513 104.8820913312137
2545 139.8794430785883 297.3732344765523 154.5599903696462
2546 138.8009197107915 303.6119101479814 142.3235636663618
2547 143.6462953353214 234.8754154406097 99.14228696238111
2548 151.887683925693 234.3413950382473 99.24936814068079
2549 135.6892276028594 234.6534692859069 98.42694477535359
2550 137.9781862516411 227.9829735214086 97.96720709426459
2551 97.41163188613216 236.4067489523967 180.0566232269873
2552 97.29697153491267 245.2350463796107 181.0286218020526
2553 100.6076329073821 238.0857012589927 172.2598368126201
2554 122.9869837315804 246.1841486600449 163.3961597923558
2555 118.5561808815168 295.880168175555 109.0792021043031
2556 116.6222477904236 288.6218907390923 110.9144655232534
2557 117.612557594893 293.9502216801539 118.3182493856746
2558 119.4422941912287 293.8044277441701 103.4957547296588
2559 130.6213047037149 311.3084854768326 98.80724852760216
2560 129.6507058400443 269.1082220848191 123.0269368648683
2561 123.6053397832275 267.551434572708 122.390993362524
2562 129.1429119481739 275.8043268835057 123.159314646177
2563 129.5363170821236 263.2803769211527 122.4022642275928
2564 130.7021129103271 281.8093821442661 110.5114854079448
2565 124.0961818996672 283.2340161324261 110.7839608582776
2566 129.0336559282054 283.6880363518687 117.6141132203444
2567 129.0453618390517 282.1568666917697 104.6439035341451
2568 111.7529485177547 304.6136695847661 132.5286883165737
2569 109.7910642362044 314.1635156629835 136.9631846736252
2570 124.5889272101136 303.3695559028293 153.9635185067638
2571 148.9924520222952 277.0300640244802 156.50349807705
2572 149.8794175704008 283.5996086997353 162.5389713936111
2573 154.8484217875051 241.0826152864508 142.2265805260315
2574 155.8735409476536 246.8711980540236 140.227947898209
2575 143.5183465587586 277.5685699499824 177.1122785080779
2576 136.7491828973152 283.1800215210012 172.1755769647563
2577 136.719315934568 267.135993827337 177.4855607019807
2578 138.886843594325 271.8970698241708 185.8976584909731
2579 139.1740213442973 276.1594260885844 168.6286681302618
2580 117.0094337171078 240.2211632708227 191.2383146497376
2581 110.8284426103743 238.5828687736946 184.2240416091172
2582 155.1829159460682 251.3278928785294 143.5462626670388
2583 162.6128614136839 239.2730893778205 136.2077369908326
2584 152.8156148894017 241.3697846956717 109.3219476347111
2585 154.7927457664526 243.9826823615712 116.04408059054
2586 152.6022288034173 271.0447103765507 170.704783008733
2587 150.9380158740065 265.3970616663521 178.9523053554016
2588 149.495627886745 223.9030670162543 93.6127655196463
2589 93.8045174594852 251.0855489953867 167.3251329502145
2590 98.85738418605895 252.2152506711628 170.8232989455965
2591 99.61365960255908 252.9660937791983 158.988714696204
2592 100.7978460380735 244.5526737675929 158.7148505175225
2593 154.4799760063339 248.0570340592119 98.18322754651057
2594 140.7216816171912 260.7519845713342 99.00057486498446
2595 139.3662303622743 260.0446102058166 111.1782346538469
2596 147.160911315652 255.7569981833059 109.9120171296918
2597 141.1188091652249 257.5413678208341 117.5709870749254
2598 131.0140339311383 271.160814537073 98.67356187820066
2599 128.851359466582 275.9864373968069 102.1870055112659
2600 126.084418522583 266.7671470974408 108.7485169645673
2601 143.3732155569876 275.7248625132654 111.7208872793529
2602 148.3611784110178 269.8882336405979 113.9385420378536
2603 148.6377703432167 263.6114448495665 111.0905455812734
2604 147.9287879383948 271.1062023374949 105.9578994351242
2605 135.195087762334 269.0128940034927 110.9795775005967
2606 142.4913070936753 277.463014781722 104.1036547171311
2607 141.7729547037472 267.2635332061345 109.5892703133635
2608 141.7543786468754 269.5564366004576 118.2368337335733
2609 139.5023362545934 272.4770263629467 105.2164540627834
2610 127.5632319310949 245.6306131611548 97.28957519654556
2611 139.0359487039269 247.4940248922855 111.8925628526456
2612 146.726320848505 247.1613430026046 112.0483848326679
2613 132.9440274553413 243.8891086867034 111.2618267509575
2614 142.408714421324 246.7894696730873 118.4338162670334
2615 121.3156242772697 250.7479265667209 120.9296014424185
2616 128.6475321211867 250.9865080952514 110.5609217360511
2617 117.4741083850298 264.5093909756375 117.1501969371339
2618 112.0810633800127 269.5377323088006 117.3234746977596
2619 110.4072611604337 275.957242934943 115.9857280391621
2620 109.9416435780758 266.5181191758302 109.4934655637916
2621 111.4589462395503 263.7952154367655 121.1687973392591
2622 153.0217368864318 240.7026254821022 129.4865455280642
2623 162.6463562705511 232.6237480323663 129.1679503089773
2624 117.5593187375116 279.9797412338038 111.9627471719446
2625 115.319279372591 283.6279948523209 118.2893954475027
2626 117.6071060340973 281.0394854538078 104.1523896612283
2627 136.040729748264 227.4436333515286 106.0363349049076
2628 157.0902415068466 227.2219987915015 96.72124040643999
2629 161.3641344829828 245.8857344013572 93.00440266574438
2630 137.2635824182806 316.909993067801 98.09019214220611
2631 136.5064390785826 304.7361289169214 105.5459956499733
2632 141.6801674745969 299.2098718386037 105.4934957015796
2633 162.115849195116 263.8467951122183 106.1065962009828
2634 167.5113459302983 264.389735823581 104.695115711463
2635 95.63483560047783 287.8336364468532 96.52119468253161
2636 100.4297774676542 292.3561183234794 105.4531673538924
2637 99.93129358680925 288.4294078908679 109.8731902562591
2638 152.4117789338278 249.9431184398927 109.8473069606239
2639 151.2131056533635 286.6594370782112 117.8675955657198
2640 141.3935005426199 288.6410684049359 119.1692542354366
2641 155.8235483236308 295.2181332401771 119.7047474164465
2642 157.1815210666603 280.5498312404208 118.6277114968177
2643 163.0790283429442 282.2381245445093 116.379999406069
2644 156.9779050975879 289.4299750862973 111.8897344436922
2645 154.1048048001847 253.8734263807381 95.07418965157346
2646 161.5459623774666 252.3588913406847 105.8130367011894
2647 124.2359567842724 288.8810281169818 106.1058147467817
2648 148.2710869829285 226.2281807559248 131.6965771519198
2649 146.1922074956517 232.0974232965455 137.2887320571394
2650 138.7671689372285 237.4856575232211 137.329877608194
2651 139.9447136884303 253.8179825066663 131.2602000361334
2652 134.1685820810016 256.2192576029623 129.538191187004
2653 122.2593246382873 250.4983986264094 128.2061693653073
2654 128.2711135564471 252.4004911033371 133.5923383849019
2655 127.427518953588 249.4045166389299 122.8152705836506
2656 153.2590689978858 250.1132979302585 135.9975707802526
2657 148.3957887896354 294.4766291898243 104.5895684789937
2658 150.4965656866502 303.5441305952867 104.7463579599403
2659 100.5093423369477 315.5676215325345 105.6101701498241
2660 106.2006492792107 320.8472410398044 106.3009272026449
2661 123.2619701869457 311.2243154080295 95.83696847513593
2662 131.6273307629522 319.7148490679521 107.5758156238116
2663 162.4955926938252 270.6342647635228 135.3219032917615
2664 161.4524364005173 267.5222110364304 124.2205325854239
2665 112.0618377377356 292.617453002639 103.4996076685411
2666 114.3796940098929 286.9989022278602 104.9058591661427
2667 101.0798968859703 301.1497440733217 96.06440452247195
2668 147.6252665398016 253.876469452973 97.49955822075363
2669 133.3617798051873 252.9390626151073 97.51118527377507
2670 140.5210559768799 254.6241290354101 104.9870252007451
2671 86.36606339084523 302.6174327256549 105.4695051574064
2672 78.93491346602944 301.8274747147627 112.1879445692856
2673 119.7792700388823 238.6976703472011 183.4957167586037
2674 103.4988739850374 238.9357875612194 179.4379077891895
2675 105.2549114100607 253.6603399429968 179.2363472926933
2676 104.1957742846451 252.0438224133281 173.3532719795973
2677 124.7148104103243 252.7512064397912 170.4915644400925
2678 128.5850478347818 250.375467717557 157.1887649033663
2679 123.4786678145461 252.6072838768576 176.7144001249776
2680 130.6284888807245 251.8596509805282 180.3874700975482
2681 116.7575898442593 252.3881527366814 184.3290710514993
2682 117.058062207147 250.8394631762605 170.941497238183
2683 109.7410837109582 251.6451507456437 172.3634294222863
2684 111.8580069174558 278.3292383962353 166.0054278276438
2685 110.9078359824924 267.816539810043 160.1973451309733
2686 113.828547726229 274.5753859724063 178.3377918587888
2687 109.0727566135264 257.7618980433569 186.8190937847425
2688 157.6512771498439 265.0031920279618 141.0517637049921
2689 151.1318741770772 265.1264626122332 142.2431637289744
2690 149.6518764455133 257.4115070579682 134.2407292280907
2691 144.6864867920643 237.2260132810729 141.9280342971962
2692 149.0838684112493 242.7331211392829 146.6618473262541
2693 143.417361435687 268.8022017949154 142.6021270124623
2694 130.0984597142787 267.0921250745149 140.7500827365309
2695 135.4566456479384 264.2716171048378 143.6725247276093
2696 148.3386945747789 265.469832968742 120.2878901599029
2697 154.0242595978538 254.4757620054043 123.7748403697809
2698 153.6746080319435 251.6933637861981 116.6774874057228
2699 147.9803539599644 252.4205189532677 130.0982659832844
2700 137.0126998879492 263.7373711361426 117.4949840064674
2701 123.6336589682627 276.1073779645322 155.1070067352561
2702 116.5456834320457 275.6298135954181 160.8232411502249
2703 122.2987951844035 277.1929897289325 147.2097683233394
2704 111.7527041002635 304.5864533101591 143.4001412666902
2705 115.3656646667075 289.3701674351689 140.6749725183624
2706 112.5402348888543 295.0446257815779 134.6416440618683
2707 113.5615188541118 289.3623769062384 152.6360438721563
2708 98.78711178476175 256.8682502404059 164.9962038397955
2709 104.4454927336359 263.476423101127 164.7463559209663
2710 104.8756143544055 251.7879993473759 167.7364282128206
2711 86.58215333795201 256.446230699239 140.7789348362454
2712 93.71366321954608 264.1427066905023 140.5982085212497
2713 93.77698435265768 250.7376286692936 139.2650009830881
2714 123.5014697748444 268.2995325221504 141.1241932332568
2715 124.42116193292 275.6201742647888 132.8345621432562
2716 138.3378357297257 289.8974750047107 153.9808615307903
2717 138.5774603920497 283.0251308528667 161.0511535742729
2718 86.65051029953675 265.8422645073636 159.1401135713946
2719 77.1290244390207 266.1128459918411 161.3641153360242
2720 85.77520740928387 252.0257314124907 159.2344541214908
2721 93.64084373829142 250.2973942132519 158.7423252058566
2722 89.20466784445114 257.9077286796072 165.2569564732831
2723 89.2227087330108 237.9932031230666 173.8202463565453
2724 95.43764379120215 289.3481218289207 149.0354640753941
2725 98.82472914272161 283.0459325471814 148.6294681150048
2726 100.916319818038 289.7205510308731 142.3244826276434
2727 147.8724928274972 277.5529945186091 127.9304755297316
2728 123.6767294949059 270.9675722823197 116.689436877115
2729 121.9324971377186 274.5152286240731 124.349312923124
2730 124.5595897584389 276.5393490249929 107.8811829512046
2731 136.7789780946097 300.5846855231864 124.2545876299237
2732 99.46513951367149 282.6805953261822 167.7966835932267
2733 112.727643245277 288.0612554109978 159.0983948176569
2734 113.6402255613449 285.8551916809233 165.2955771586719
2735 98.97958954596189 290.6751264990067 166.8912938300651
2736 109.1556073567553 289.2837596426738 130.3419216234081
2737 102.1531607550977 275.0054989620922 130.910242469169
2738 137.4328540710618 290.6378388152694 160.3211947282507
2739 124.3738313340544 282.2024035380853 172.5765344608074
2740 87.58836015728306 263.9121798074498 146.4387232788756
2741 89.37504560418883 250.6382311168905 145.2668864768438
2742 89.41129217268329 238.9821746896509 149.6948708230002
2743 78.22072912711533 237.0980687317551 138.5033311163943
2744 122.0019669524694 284.7243908544696 185.7045947372684
2745 125.0919930695017 269.2727916960125 177.849574836899
2746 124.2760758900386 278.0332841672819 167.0612256887555
2747 128.1381093718359 277.6058519120614 160.7255278332476
2748 138.041746633908 264.3788763250707 192.2755075611477
2749 130.1318170142514 263.3556653988381 178.6109020626184
2750 121.1172445818759 276.2938288083806 178.4303718816018
2751 123.2412154824937 258.4102811406152 190.1289975175808
2752 130.0011188413625 253.1561354967818 190.1499231112799
2753 135.843204178625 262.6478968513497 171.9883004330696
2754 139.3921288146283 268.9314225793802 165.527180943808
2755 149.6270964043754 249.4246817779236 159.1033563767176
2756 137.5506391636679 294.7678496214887 132.0769794284263
2757 145.2718405072505 289.1590123417132 130.6806036787661
2758 149.0144459343237 289.133736502682 124.2618198812143
2759 149.0306268355418 267.968727033365 148.3745724082465
2760 123.5171699467266 263.0309496880062 128.5870929137649
2761 136.8572217327936 263.6139105956528 130.5846192592211
2762 110.2060891128243 263.9458851530808 128.6526167785504
2763 147.5563550768337 279.4132669870834 105.9433700297986
2764 154.3208437318388 265.0828353337066 123.6982618752306
2765 138.0283436358513 313.5091262195324 105.98121613951
2766 144.0911211219578 297.9755394414351 143.0877924528393
2767 150.1723276587174 296.2234330092572 136.5883038607793
2768 135.8183857559752 293.2172084287348 119.5329248018727
2769 136.244967740954 293.1218080062573 106.2384278188248
2770 95.53045612573001 274.5020108768114 115.4042892999841
2771 150.1756949262187 250.9599148219178 178.5017625830197
2772 148.9986351292244 237.8505742556866 173.2823526196775
2773 137.5339532139712 258.3163787790204 178.5111079315949
2774 87.20630251532097 289.3659510787003 136.4995692141867
2775 89.06940021727699 274.0222541215321 129.5340209253688
2776 94.57996551744958 277.5781795709483 134.1780323426716
2777 74.33415720396552 257.764561727082 135.3797360030314
2778 76.53599965798746 261.9459639827562 128.4574466487963
2779 110.8345009496612 265.0200690176187 188.4093646980837
2780 137.5275801396586 290.7575062762369 112.4519880866369
2781 79.07184155163583 277.7448720767493 114.7294363899704
2782 70.25801826964714 265.5801577312626 113.0875354669222
2783 127.3676573940516 276.2587064352553 178.1312447852734
2784 100.2813715918655 300.1720416798356 111.260266577249
2785 103.8616222571231 302.9957228660202 117.6357582963535
2786 94.19622016372233 281.9310047041046 102.5516587245979
2787 100.8908207435303 266.6681146163768 127.6513143609295
2788 93.77957487916856 262.1484481853046 127.0960767093854
2789 79.71243568292267 257.5812473383538 141.0403200493353
2790 86.50748223235914 250.5589470504708 133.1008543533849
2791 76.81840153616139 250.9651953917674 128.9404104387589
2792 72.39800830550979 244.8060758914144 126.6640156369818
2793 83.72555640205012 250.9244727840596 140.4544634564261
2794 150.2125712836472 256.8563394153587 165.2019760329551
2795 143.1360766327817 251.9394362174774 151.2147863516181
2796 149.248736241047 238.4431152806561 135.9947946815098
2797 93.40180412640758 292.8275755957725 143.346442137236
2798 87.04656012803822 297.4459549972511 143.2640425047765
2799 87.52289064432543 290.5608194330069 150.7638565795756
2800 113.8223009290928 274.7748223406732 106.8122198551065
2801 105.7769308693419 275.2382253422689 103.5725422076438
2802 124.1248661936704 262.5138188037789 115.91734744042
2803 125.1371585089004 241.2598111674347 190.5196636966941
2804 132.1211861246116 239.346700950683 189.0264073714539
2805 105.6946896037533 253.2523093797543 159.6449151133337
2806 101.1261628604478 252.21394889911 152.6792819791533
2807 146.4559015767437 269.4403407088836 98.02962950203865
2808 135.353132863241 278.3765876991168 107.3246310199266
2809 135.148190687127 253.5838869018248 111.492092850375
2810 102.6457329920783 274.0300823398386 118.2109975293839
2811 104.1672054478886 275.0960291901872 111.1558105210174
2812 112.979020069615 276.8340879203111 123.8234851080426
2813 137.1296913404985 308.1973704089033 112.2983364676126
2814 106.9579373805762 288.2862125201193 109.1370939774285
2815 102.1060346568799 293.7349853966012 114.4469021587942
2816 101.8149250471032 286.7677808007381 117.7155387232404
2817 154.5503826861358 253.5684256042558 104.0481335645777
2818 148.3113183290198 232.4225314261794 107.366440470111
2819 142.3973573998639 259.4301462733968 130.3171137553504
2820 136.8641513665775 258.9103311696971 134.4543205035613
2821 106.0066809615654 283.4047989449957 167.943278353459
2822 139.7035773031895 240.700506719692 192.0068615030726
2823 132.1670759181443 245.6886477569251 191.0578091339617
2824 131.4441588243829 239.965505332423 197.7764235824245
2825 91.05991365586024 322.2353030418031 88.33167980713152
2826 154.4430554491777 305.3716352065837 94.50271429623825
2827 140.9329712125069 210.6943119968184 83.7869806424339
2828 150.7475646603034 216.4804394686236 83.99657299543263
2829 63.47254888659955 264.4095550846073 101.8511498165679
2830 73.24356617760368 214.0053148675436 150.8083980969117
2831 156.6315421282918 225.9626577605218 88.37093343386418
2832 132.3184104905624 225.9794035797289 190.5967157412227
2833 132.9701784767583 204.3464220383361 84.33055296680226
2834 126.8255797535071 203.338701648104 87.27354794120946
2835 65.92998725047096 223.638074360727 137.6158736150105
2836 154.0249748654992 228.1352947307371 154.4817338327939
2837 64.28161029269435 268.3470837535401 99.8439304919726
2838 153.6688950235435 219.7862071279773 87.69728550019329
2839 76.98513472358769 208.3001968450683 164.8696438882893
2840 153.2168563138278 232.8190175634747 158.6357489857078
$EndNodes
$Elements
15234
1 15 2 0 1 1
2 1 2 0 3 1 2
3 1 2 0 3 2 3
4 1 2 0 3 3 4
5 1 2 0 3 4 5
6 1 2 0 3 5 6
7 1 2 0 3 6 7
8 1 2 0 3 7 8
9 1 2 0 3 8 9
10 1 2 0 3 9 10
11 1 2 0 3 10 11
12 1 2 0 3 11 12
13 1 2 0 3 12 13
14 1 2 0 3 13 14
15 1 2 0 3 14 15
16 1 2 0 3 15 16
17 1 2 0 3 16 17
18 1 2 0 3 17 18
19 1 2 0 3 18 19
20 1 2 0 3 19 20
21 1 2 0 3 20 21
22 1 2 0 3 21 22
23 1 2 0 3 22 23
24 1 2 0 3 23 24
25 1 2 0 3 24 25
26 1 2 0 3 25 26
27 1 2 0 3 26 27
28 1 2 0 3 27 28
29 1 2 0 3 28 29
30 1 2 0 3 29 30
31 1 2 0 3 30 31
32 1 2 0 3 31 32
33 1 2 0 3 32 33
34 1 2 0 3 33 34
35 1 2 0 3 34 35
36 1 2 0 3 35 36
37 1 2 0 3 36 37
38 1 2 0 3 37 38
39 1 2 0 3 38 39
40 1 2 0 3 39 40
41 1 2 0 3 40 41
42 1 2 0 3 41 42
43 1 2 0 3 42 43
44 1 2 0 3 43 44
45 1 2 0 3 44 45
46 1 2 0 3 45 46
47 1 2 0 3 46 47
48 1 2 0 3 47 48
49 1 2 0 3 48 49
50 1 2 0 3 49 50
51 1 2 0 3 50 51
52 1 2 0 3 51 52
53 1 2 0 3 52 53
54 1 2 0 3 53 54
55 1 2 0 3 54 55
56 1 2 0 3 55 56
57 1 2 0 3 56 57
58 1 2 0 3 57 58
59 1 2 0 3 58 59
60 1 2 0 3 59 1
61 2 2 0 2 141 145 143
62 2 2 0 2 141 143 142
63 2 2 0 2 555 605 470
64 2 2 0 2 246 605 555
65 2 2 0 2 135 412 100
66 2 2 0 2 328 422 414
67 2 2 0 2 191 444 181
68 2 2 0 2 299 585 399
69 2 2 0 2 177 179 178
70 2 2 0 2 58 370 67
71 2 2 0 2 173 174 172
72 2 2 0 2 396 490 368
73 2 2 0 2 552 709 390
74 2 2 0 2 144 675 397
75 2 2 0 2 390 584 286
76 2 2 0 2 17 268 18
77 2 2 0 2 594 647 388
78 2 2 0 2 200 603 539
79 2 2 0 2 213 215 212
80 2 2 0 2 56 369 57
81 2 2 0 2 27 497 28
82 2 2 0 2 631 677 207
83 2 2 0 2 337 597 455
84 2 2 0 2 261 647 594
85 2 2 0 2 175 176 174
86 2 2 0 2 178 180 176
87 2 2 0 2 57 370 58
88 2 2 0 2 273 614 419
89 2 2 0 2 184 425 182
90 2 2 0 2 397 543 144
91 2 2 0 2 207 677 206
92 2 2 0 2 106 649 389
93 2 2 0 2 328 414 298
94 2 2 0 2 273 683 614
95 2 2 0 2 128 130 129
96 2 2 0 2 98 379 97
97 2 2 0 2 132 728 460
98 2 2 0 2 170 725 527
99 2 2 0 2 87 574 83
100 2 2 0 2 464 482 364
101 2 2 0 2 364 579 464
102 2 2 0 2 69 563 54
103 2 2 0 2 574 693 83
104 2 2 0 2 106 389 103
105 2 2 0 2 269 531 439
106 2 2 0 2 138 139 131
107 2 2 0 2 390 709 645
108 2 2 0 2 53 69 54
109 2 2 0 2 205 207 206
110 2 2 0 2 379 380 97
111 2 2 0 2 385 642 400
112 2 2 0 2 401 532 416
113 2 2 0 2 274 525 456
114 2 2 0 2 411 562 410
115 2 2 0 2 304 536 199
116 2 2 0 2 397 675 143
117 2 2 0 2 218 444 191
118 2 2 0 2 476 725 170
119 2 2 0 2 511 637 428
120 2 2 0 2 394 619 434
121 2 2 0 2 369 493 301
122 2 2 0 2 263 495 418
123 2 2 0 2 288 584 290
124 2 2 0 2 562 658 410
125 2 2 0 2 357 523 436
126 2 2 0 2 174 271 172
127 2 2 0 2 184 687 425
128 2 2 0 2 434 619 258
129 2 2 0 2 121 133 119
130 2 2 0 2 368 533 396
131 2 2 0 2 460 483 132
132 2 2 0 2 138 140 139
133 2 2 0 2 121 461 133
134 2 2 0 2 368 490 437
135 2 2 0 2 460 728 130
136 2 2 0 2 262 512 489
137 2 2 0 2 399 671 299
138 2 2 0 2 431 669 257
139 2 2 0 2 119 643 392
140 2 2 0 2 100 412 102
141 2 2 0 2 271 646 448
142 2 2 0 2 456 525 457
143 2 2 0 2 66 656 39
144 2 2 0 2 65 497 27
145 2 2 0 2 113 136 111
146 2 2 0 2 386 642 385
147 2 2 0 2 23 277 84
148 2 2 0 2 288 290 289
149 2 2 0 2 481 580 76
150 2 2 0 2 177 511 179
151 2 2 0 2 493 672 301
152 2 2 0 2 611 632 276
153 2 2 0 2 133 643 119
154 2 2 0 2 435 632 611
155 2 2 0 2 96 98 97
156 2 2 0 2 128 129 126
157 2 2 0 2 200 604 603
158 2 2 0 2 436 545 357
159 2 2 0 2 185 186 184
160 2 2 0 2 369 370 57
161 2 2 0 2 34 62 35
162 2 2 0 2 455 569 337
163 2 2 0 2 42 267 43
164 2 2 0 2 439 531 402
165 2 2 0 2 308 581 515
166 2 2 0 2 447 670 208
167 2 2 0 2 168 443 201
168 2 2 0 2 194 637 511
169 2 2 0 2 337 570 322
170 2 2 0 2 515 581 514
171 2 2 0 2 354 365 321
172 2 2 0 2 496 502 78
173 2 2 0 2 189 687 184
174 2 2 0 2 186 189 184
175 2 2 0 2 478 623 307
176 2 2 0 2 179 182 181
177 2 2 0 2 416 535 401
178 2 2 0 2 268 629 18
179 2 2 0 2 257 578 431
180 2 2 0 2 199 536 487
181 2 2 0 2 179 181 178
182 2 2 0 2 307 623 432
183 2 2 0 2 455 597 454
184 2 2 0 2 32 85 83
185 2 2 0 2 173 175 174
186 2 2 0 2 290 291 289
187 2 2 0 2 243 555 241
188 2 2 0 2 181 444 178
189 2 2 0 2 177 178 176
190 2 2 0 2 264 512 262
191 2 2 0 2 145 146 143
192 2 2 0 2 113 396 136
193 2 2 0 2 119 392 117
194 2 2 0 2 215 374 212
195 2 2 0 2 389 648 379
196 2 2 0 2 246 555 243
197 2 2 0 2 128 458 130
198 2 2 0 2 286 584 288
199 2 2 0 2 544 695 644
200 2 2 0 2 175 177 176
201 2 2 0 2 321 365 323
202 2 2 0 2 466 629 268
203 2 2 0 2 527 679 170
204 2 2 0 2 180 265 176
205 2 2 0 2 298 729 328
206 2 2 0 2 376 579 361
207 2 2 0 2 162 489 153
208 2 2 0 2 443 463 201
209 2 2 0 2 194 511 177
210 2 2 0 2 170 679 548
211 2 2 0 2 404 405 295
212 2 2 0 2 529 670 447
213 2 2 0 2 290 584 302
214 2 2 0 2 199 487 140
215 2 2 0 2 211 214 213
216 2 2 0 2 101 389 379
217 2 2 0 2 548 655 170
218 2 2 0 2 145 147 146
219 2 2 0 2 437 612 368
220 2 2 0 2 125 451 127
221 2 2 0 2 85 86 83
222 2 2 0 2 174 646 271
223 2 2 0 2 211 213 212
224 2 2 0 2 500 536 408
225 2 2 0 2 427 681 313
226 2 2 0 2 268 505 466
227 2 2 0 2 50 275 51
228 2 2 0 2 135 485 412
229 2 2 0 2 205 206 161
230 2 2 0 2 450 700 188
231 2 2 0 2 315 424 189
232 2 2 0 2 182 190 181
233 2 2 0 2 410 492 261
234 2 2 0 2 137 649 106
235 2 2 0 2 188 680 450
236 2 2 0 2 418 635 263
237 2 2 0 2 185 187 186
238 2 2 0 2 213 456 215
239 2 2 0 2 182 425 190
240 2 2 0 2 512 673 463
241 2 2 0 2 291 446 289
242 2 2 0 2 314 316 315
243 2 2 0 2 89 312 87
244 2 2 0 2 596 600 426
245 2 2 0 2 208 631 447
246 2 2 0 2 652 666 608
247 2 2 0 2 322 570 359
248 2 2 0 2 539 622 200
249 2 2 0 2 76 580 80
250 2 2 0 2 225 656 66
251 2 2 0 2 517 598 222
252 2 2 0 2 157 164 159
253 2 2 0 2 164 165 159
254 2 2 0 2 424 687 189
255 2 2 0 2 359 570 521
256 2 2 0 2 330 449 340
257 2 2 0 2 467 468 75
258 2 2 0 2 136 402 111
259 2 2 0 2 51 275 79
260 2 2 0 2 214 216 213
261 2 2 0 2 464 579 336
262 2 2 0 2 140 487 141
263 2 2 0 2 153 489 157
264 2 2 0 2 274 456 216
265 2 2 0 2 55 221 56
266 2 2 0 2 190 191 181
267 2 2 0 2 136 533 439
268 2 2 0 2 421 534 376
269 2 2 0 2 76 541 481
270 2 2 0 2 425 687 638
271 2 2 0 2 290 302 293
272 2 2 0 2 544 644 423
273 2 2 0 2 205 384 207
274 2 2 0 2 314 450 316
275 2 2 0 2 420 694 362
276 2 2 0 2 55 563 221
277 2 2 0 2 214 217 216
278 2 2 0 2 440 474 462
279 2 2 0 2 439 528 269
280 2 2 0 2 170 620 476
281 2 2 0 2 362 502 496
282 2 2 0 2 468 555 470
283 2 2 0 2 316 318 317
284 2 2 0 2 17 685 268
285 2 2 0 2 116 117 115
286 2 2 0 2 125 595 451
287 2 2 0 2 190 195 191
288 2 2 0 2 312 574 87
289 2 2 0 2 301 672 307
290 2 2 0 2 450 680 558
291 2 2 0 2 340 449 351
292 2 2 0 2 16 445 73
293 2 2 0 2 108 137 106
294 2 2 0 2 264 673 512
295 2 2 0 2 532 690 416
296 2 2 0 2 118 119 117
297 2 2 0 2 116 118 117
298 2 2 0 2 408 682 500
299 2 2 0 2 305 465 161
300 2 2 0 2 258 546 434
301 2 2 0 2 317 363 315
302 2 2 0 2 43 267 61
303 2 2 0 2 521 657 359
304 2 2 0 2 111 688 108
305 2 2 0 2 96 97 94
306 2 2 0 2 31 85 32
307 2 2 0 2 129 547 126
308 2 2 0 2 351 600 596
309 2 2 0 2 340 341 329
310 2 2 0 2 168 169 167
311 2 2 0 2 402 688 111
312 2 2 0 2 504 529 447
313 2 2 0 2 361 579 364
314 2 2 0 2 297 441 438
315 2 2 0 2 183 184 182
316 2 2 0 2 279 281 280
317 2 2 0 2 293 404 295
318 2 2 0 2 425 638 209
319 2 2 0 2 58 67 59
320 2 2 0 2 507 558 383
321 2 2 0 2 448 636 271
322 2 2 0 2 446 554 296
323 2 2 0 2 530 666 110
324 2 2 0 2 290 293 292
325 2 2 0 2 408 536 304
326 2 2 0 2 59 442 1
327 2 2 0 2 71 629 466
328 2 2 0 2 206 305 161
329 2 2 0 2 281 282 280
330 2 2 0 2 316 450 319
331 2 2 0 2 461 508 133
332 2 2 0 2 601 728 662
333 2 2 0 2 319 450 354
334 2 2 0 2 165 443 168
335 2 2 0 2 313 589 427
336 2 2 0 2 509 619 394
337 2 2 0 2 644 695 422
338 2 2 0 2 316 317 315
339 2 2 0 2 501 617 417
340 2 2 0 2 518 633 617
341 2 2 0 2 543 599 144
342 2 2 0 2 176 646 174
343 2 2 0 2 443 512 463
344 2 2 0 2 218 513 444
345 2 2 0 2 395 574 312
346 2 2 0 2 178 444 180
347 2 2 0 2 4 557 550
348 2 2 0 2 113 684 396
349 2 2 0 2 73 685 16
350 2 2 0 2 216 456 213
351 2 2 0 2 356 360 341
352 2 2 0 2 382 492 79
353 2 2 0 2 442 650 481
354 2 2 0 2 123 461 121
355 2 2 0 2 114 115 113
356 2 2 0 2 414 585 299
357 2 2 0 2 359 502 320
358 2 2 0 2 86 87 83
359 2 2 0 2 362 496 420
360 2 2 0 2 262 489 162
361 2 2 0 2 283 440 366
362 2 2 0 2 143 675 142
363 2 2 0 2 153 157 156
364 2 2 0 2 533 610 439
365 2 2 0 2 105 106 103
366 2 2 0 2 289 446 296
367 2 2 0 2 239 241 240
368 2 2 0 2 273 274 216
369 2 2 0 2 154 690 532
370 2 2 0 2 7 496 8
371 2 2 0 2 140 141 139
372 2 2 0 2 427 589 452
373 2 2 0 2 347 348 346
374 2 2 0 2 314 315 189
375 2 2 0 2 340 350 341
376 2 2 0 2 488 651 358
377 2 2 0 2 110 661 530
378 2 2 0 2 486 584 390
379 2 2 0 2 363 424 315
380 2 2 0 2 167 679 527
381 2 2 0 2 446 726 554
382 2 2 0 2 210 211 193
383 2 2 0 2 293 294 292
384 2 2 0 2 354 507 365
385 2 2 0 2 115 684 113
386 2 2 0 2 667 690 154
387 2 2 0 2 168 192 169
388 2 2 0 2 540 690 667
389 2 2 0 2 492 647 261
390 2 2 0 2 206 399 305
391 2 2 0 2 493 562 411
392 2 2 0 2 465 577 150
393 2 2 0 2 114 116 115
394 2 2 0 2 371 485 135
395 2 2 0 2 271 461 172
396 2 2 0 2 127 451 138
397 2 2 0 2 34 693 62
398 2 2 0 2 379 381 380
399 2 2 0 2 576 683 539
400 2 2 0 2 80 557 76
401 2 2 0 2 428 602 511
402 2 2 0 2 261 594 256
403 2 2 0 2 125 127 126
404 2 2 0 2 157 489 164
405 2 2 0 2 388 647 632
406 2 2 0 2 266 500 494
407 2 2 0 2 141 487 145
408 2 2 0 2 577 724 150
409 2 2 0 2 589 712 452
410 2 2 0 2 440 462 366
411 2 2 0 2 138 198 140
412 2 2 0 2 8 496 78
413 2 2 0 2 192 193 169
414 2 2 0 2 380 526 97
415 2 2 0 2 214 223 217
416 2 2 0 2 165 168 167
417 2 2 0 2 363 694 479
418 2 2 0 2 200 566 88
419 2 2 0 2 271 508 461
420 2 2 0 2 395 633 574
421 2 2 0 2 403 726 504
422 2 2 0 2 222 621 517
423 2 2 0 2 510 578 573
424 2 2 0 2 54 563 55
425 2 2 0 2 360 454 341
426 2 2 0 2 309 468 467
427 2 2 0 2 127 128 126
428 2 2 0 2 477 669 431
429 2 2 0 2 353 516 348
430 2 2 0 2 129 728 601
431 2 2 0 2 482 607 364
432 2 2 0 2 504 726 446
433 2 2 0 2 458 459 130
434 2 2 0 2 163 500 197
435 2 2 0 2 466 486 71
436 2 2 0 2 301 630 369
437 2 2 0 2 539 683 306
438 2 2 0 2 158 205 161
439 2 2 0 2 122 125 124
440 2 2 0 2 318 362 317
441 2 2 0 2 348 352 346
442 2 2 0 2 518 617 82
443 2 2 0 2 164 443 165
444 2 2 0 2 211 714 214
445 2 2 0 2 494 500 163
446 2 2 0 2 297 438 292
447 2 2 0 2 51 79 52
448 2 2 0 2 347 353 348
449 2 2 0 2 175 194 177
450 2 2 0 2 409 666 530
451 2 2 0 2 264 635 485
452 2 2 0 2 195 204 191
453 2 2 0 2 363 430 424
454 2 2 0 2 495 530 418
455 2 2 0 2 279 552 281
456 2 2 0 2 573 578 257
457 2 2 0 2 19 551 20
458 2 2 0 2 157 159 158
459 2 2 0 2 163 196 162
460 2 2 0 2 183 185 184
461 2 2 0 2 595 720 451
462 2 2 0 2 110 666 652
463 2 2 0 2 421 664 534
464 2 2 0 2 340 351 350
465 2 2 0 2 139 696 131
466 2 2 0 2 147 149 148
467 2 2 0 2 275 382 79
468 2 2 0 2 476 620 474
469 2 2 0 2 80 580 430
470 2 2 0 2 313 681 395
471 2 2 0 2 489 512 164
472 2 2 0 2 122 123 121
473 2 2 0 2 468 470 469
474 2 2 0 2 122 124 123
475 2 2 0 2 470 605 435
476 2 2 0 2 310 553 278
477 2 2 0 2 82 617 501
478 2 2 0 2 266 494 147
479 2 2 0 2 260 261 256
480 2 2 0 2 38 66 39
481 2 2 0 2 31 593 85
482 2 2 0 2 550 557 80
483 2 2 0 2 93 667 154
484 2 2 0 2 481 541 442
485 2 2 0 2 479 609 363
486 2 2 0 2 379 648 381
487 2 2 0 2 210 415 211
488 2 2 0 2 477 623 259
489 2 2 0 2 278 553 277
490 2 2 0 2 159 627 158
491 2 2 0 2 241 309 240
492 2 2 0 2 62 518 35
493 2 2 0 2 457 641 215
494 2 2 0 2 125 126 124
495 2 2 0 2 348 516 355
496 2 2 0 2 415 714 211
497 2 2 0 2 472 630 219
498 2 2 0 2 103 389 101
499 2 2 0 2 168 201 192
500 2 2 0 2 109 111 108
501 2 2 0 2 152 163 162
502 2 2 0 2 534 579 376
503 2 2 0 2 69 658 562
504 2 2 0 2 335 482 464
505 2 2 0 2 64 277 22
506 2 2 0 2 112 113 111
507 2 2 0 2 186 314 189
508 2 2 0 2 468 469 75
509 2 2 0 2 356 391 360
510 2 2 0 2 348 355 352
511 2 2 0 2 239 242 241
512 2 2 0 2 124 547 171
513 2 2 0 2 305 577 465
514 2 2 0 2 241 555 309
515 2 2 0 2 481 650 270
516 2 2 0 2 350 356 341
517 2 2 0 2 192 210 193
518 2 2 0 2 334 582 572
519 2 2 0 2 359 657 502
520 2 2 0 2 488 691 651
521 2 2 0 2 474 620 462
522 2 2 0 2 510 619 509
523 2 2 0 2 88 566 90
524 2 2 0 2 263 635 264
525 2 2 0 2 292 438 291
526 2 2 0 2 542 598 517
527 2 2 0 2 642 702 400
528 2 2 0 2 179 183 182
529 2 2 0 2 77 267 42
530 2 2 0 2 107 108 106
531 2 2 0 2 195 270 204
532 2 2 0 2 422 665 414
533 2 2 0 2 217 273 216
534 2 2 0 2 260 410 261
535 2 2 0 2 155 695 583
536 2 2 0 2 190 425 209
537 2 2 0 2 145 266 147
538 2 2 0 2 318 502 362
539 2 2 0 2 152 162 153
540 2 2 0 2 101 379 98
541 2 2 0 2 459 460 130
542 2 2 0 2 105 107 106
543 2 2 0 2 190 209 195
544 2 2 0 2 130 728 129
545 2 2 0 2 521 570 520
546 2 2 0 2 447 631 387
547 2 2 0 2 211 212 193
548 2 2 0 2 32 83 33
549 2 2 0 2 163 197 196
550 2 2 0 2 442 541 1
551 2 2 0 2 165 167 166
552 2 2 0 2 554 726 400
553 2 2 0 2 217 537 306
554 2 2 0 2 145 487 266
555 2 2 0 2 403 504 447
556 2 2 0 2 350 358 356
557 2 2 0 2 118 120 119
558 2 2 0 2 198 199 140
559 2 2 0 2 147 148 146
560 2 2 0 2 374 548 212
561 2 2 0 2 259 478 260
562 2 2 0 2 260 478 411
563 2 2 0 2 345 349 347
564 2 2 0 2 302 486 466
565 2 2 0 2 457 663 641
566 2 2 0 2 153 156 151
567 2 2 0 2 353 542 516
568 2 2 0 2 473 474 440
569 2 2 0 2 272 431 265
570 2 2 0 2 466 505 404
571 2 2 0 2 224 371 135
572 2 2 0 2 616 656 225
573 2 2 0 2 276 632 382
574 2 2 0 2 12 519 13
575 2 2 0 2 430 609 80
576 2 2 0 2 435 611 470
577 2 2 0 2 102 103 101
578 2 2 0 2 127 131 128
579 2 2 0 2 255 256 253
580 2 2 0 2 201 535 192
581 2 2 0 2 548 679 169
582 2 2 0 2 396 533 136
583 2 2 0 2 127 138 131
584 2 2 0 2 266 536 500
585 2 2 0 2 62 693 574
586 2 2 0 2 146 397 143
587 2 2 0 2 117 134 115
588 2 2 0 2 158 627 205
589 2 2 0 2 373 590 436
590 2 2 0 2 64 279 278
591 2 2 0 2 227 501 417
592 2 2 0 2 161 465 156
593 2 2 0 2 152 153 151
594 2 2 0 2 328 426 422
595 2 2 0 2 167 527 166
596 2 2 0 2 136 439 402
597 2 2 0 2 234 236 232
598 2 2 0 2 355 361 352
599 2 2 0 2 394 643 509
600 2 2 0 2 217 306 273
601 2 2 0 2 445 717 72
602 2 2 0 2 505 506 405
603 2 2 0 2 105 110 107
604 2 2 0 2 479 694 420
605 2 2 0 2 255 259 256
606 2 2 0 2 6 420 7
607 2 2 0 2 141 142 139
608 2 2 0 2 75 615 467
609 2 2 0 2 320 502 318
610 2 2 0 2 324 337 322
611 2 2 0 2 569 570 337
612 2 2 0 2 263 264 262
613 2 2 0 2 16 685 17
614 2 2 0 2 573 619 510
615 2 2 0 2 361 364 352
616 2 2 0 2 142 222 139
617 2 2 0 2 306 683 273
618 2 2 0 2 319 320 318
619 2 2 0 2 273 419 274
620 2 2 0 2 196 495 263
621 2 2 0 2 407 408 304
622 2 2 0 2 165 166 159
623 2 2 0 2 105 661 110
624 2 2 0 2 281 283 282
625 2 2 0 2 385 387 207
626 2 2 0 2 193 548 169
627 2 2 0 2 72 708 445
628 2 2 0 2 25 549 26
629 2 2 0 2 112 114 113
630 2 2 0 2 406 407 304
631 2 2 0 2 152 494 163
632 2 2 0 2 456 457 215
633 2 2 0 2 210 416 415
634 2 2 0 2 331 582 334
635 2 2 0 2 49 413 68
636 2 2 0 2 473 475 474
637 2 2 0 2 2 76 3
638 2 2 0 2 212 548 193
639 2 2 0 2 441 529 438
640 2 2 0 2 341 710 329
641 2 2 0 2 260 411 410
642 2 2 0 2 126 547 124
643 2 2 0 2 238 654 484
644 2 2 0 2 404 505 405
645 2 2 0 2 358 571 356
646 2 2 0 2 437 490 393
647 2 2 0 2 233 498 269
648 2 2 0 2 415 690 540
649 2 2 0 2 259 260 256
650 2 2 0 2 138 451 198
651 2 2 0 2 427 452 230
652 2 2 0 2 460 606 565
653 2 2 0 2 431 448 265
654 2 2 0 2 91 311 89
655 2 2 0 2 480 481 270
656 2 2 0 2 332 449 330
657 2 2 0 2 180 272 265
658 2 2 0 2 237 238 236
659 2 2 0 2 333 464 336
660 2 2 0 2 277 553 84
661 2 2 0 2 282 556 280
662 2 2 0 2 198 303 199
663 2 2 0 2 383 625 507
664 2 2 0 2 540 714 415
665 2 2 0 2 364 607 352
666 2 2 0 2 322 359 320
667 2 2 0 2 390 645 486
668 2 2 0 2 451 515 198
669 2 2 0 2 488 596 426
670 2 2 0 2 109 112 111
671 2 2 0 2 453 656 616
672 2 2 0 2 316 319 318
673 2 2 0 2 131 458 128
674 2 2 0 2 436 590 545
675 2 2 0 2 48 413 49
676 2 2 0 2 149 494 152
677 2 2 0 2 392 393 134
678 2 2 0 2 164 512 443
679 2 2 0 2 147 494 149
680 2 2 0 2 259 669 477
681 2 2 0 2 198 515 303
682 2 2 0 2 66 226 225
683 2 2 0 2 283 366 282
684 2 2 0 2 421 644 600
685 2 2 0 2 384 385 207
686 2 2 0 2 299 671 441
687 2 2 0 2 223 540 538
688 2 2 0 2 234 237 236
689 2 2 0 2 497 575 28
690 2 2 0 2 18 629 19
691 2 2 0 2 393 490 134
692 2 2 0 2 201 653 535
693 2 2 0 2 64 278 277
694 2 2 0 2 508 510 509
695 2 2 0 2 235 499 498
696 2 2 0 2 99 224 135
697 2 2 0 2 525 556 457
698 2 2 0 2 37 501 38
699 2 2 0 2 328 488 426
700 2 2 0 2 445 624 73
701 2 2 0 2 219 660 472
702 2 2 0 2 295 691 328
703 2 2 0 2 44 471 45
704 2 2 0 2 317 694 363
705 2 2 0 2 349 640 347
706 2 2 0 2 638 687 424
707 2 2 0 2 97 697 94
708 2 2 0 2 19 629 71
709 2 2 0 2 96 99 98
710 2 2 0 2 256 594 253
711 2 2 0 2 438 686 291
712 2 2 0 2 192 535 210
713 2 2 0 2 46 618 47
714 2 2 0 2 400 702 554
715 2 2 0 2 90 91 89
716 2 2 0 2 100 101 98
717 2 2 0 2 392 394 393
718 2 2 0 2 345 347 346
719 2 2 0 2 249 250 247
720 2 2 0 2 420 496 7
721 2 2 0 2 149 152 151
722 2 2 0 2 195 480 270
723 2 2 0 2 583 724 155
724 2 2 0 2 35 518 36
725 2 2 0 2 249 251 250
726 2 2 0 2 309 398 240
727 2 2 0 2 462 655 374
728 2 2 0 2 508 509 133
729 2 2 0 2 377 421 376
730 2 2 0 2 269 528 234
731 2 2 0 2 313 395 312
732 2 2 0 2 13 503 14
733 2 2 0 2 342 343 339
734 2 2 0 2 250 605 247
735 2 2 0 2 303 304 199
736 2 2 0 2 171 547 378
737 2 2 0 2 197 495 196
738 2 2 0 2 403 447 387
739 2 2 0 2 434 437 393
740 2 2 0 2 444 678 180
741 2 2 0 2 662 728 132
742 2 2 0 2 311 313 312
743 2 2 0 2 303 514 406
744 2 2 0 2 487 536 266
745 2 2 0 2 172 461 123
746 2 2 0 2 335 464 333
747 2 2 0 2 302 466 404
748 2 2 0 2 388 435 250
749 2 2 0 2 373 587 483
750 2 2 0 2 120 121 119
751 2 2 0 2 606 640 565
752 2 2 0 2 196 262 162
753 2 2 0 2 237 239 238
754 2 2 0 2 219 301 220
755 2 2 0 2 626 628 491
756 2 2 0 2 616 626 491
757 2 2 0 2 438 529 504
758 2 2 0 2 285 440 283
759 2 2 0 2 309 467 398
760 2 2 0 2 339 482 335
761 2 2 0 2 400 403 387
762 2 2 0 2 524 525 274
763 2 2 0 2 353 606 542
764 2 2 0 2 309 555 468
765 2 2 0 2 196 263 262
766 2 2 0 2 156 465 151
767 2 2 0 2 235 498 233
768 2 2 0 2 303 406 304
769 2 2 0 2 484 634 267
770 2 2 0 2 291 686 446
771 2 2 0 2 551 586 20
772 2 2 0 2 228 229 226
773 2 2 0 2 345 346 344
774 2 2 0 2 475 476 474
775 2 2 0 2 383 523 357
776 2 2 0 2 423 644 421
777 2 2 0 2 228 231 229
778 2 2 0 2 433 701 599
779 2 2 0 2 617 633 395
780 2 2 0 2 171 172 123
781 2 2 0 2 210 535 416
782 2 2 0 2 371 673 485
783 2 2 0 2 369 630 370
784 2 2 0 2 117 392 134
785 2 2 0 2 219 630 301
786 2 2 0 2 460 565 483
787 2 2 0 2 407 409 408
788 2 2 0 2 245 246 243
789 2 2 0 2 338 342 339
790 2 2 0 2 355 433 375
791 2 2 0 2 428 429 372
792 2 2 0 2 334 572 338
793 2 2 0 2 169 679 167
794 2 2 0 2 450 558 354
795 2 2 0 2 417 427 230
796 2 2 0 2 155 724 577
797 2 2 0 2 307 672 478
798 2 2 0 2 185 202 187
799 2 2 0 2 239 240 238
800 2 2 0 2 107 109 108
801 2 2 0 2 303 515 514
802 2 2 0 2 251 388 250
803 2 2 0 2 285 473 440
804 2 2 0 2 120 122 121
805 2 2 0 2 355 516 433
806 2 2 0 2 330 340 329
807 2 2 0 2 28 575 29
808 2 2 0 2 272 477 431
809 2 2 0 2 373 436 203
810 2 2 0 2 66 227 226
811 2 2 0 2 484 711 238
812 2 2 0 2 484 654 634
813 2 2 0 2 77 491 484
814 2 2 0 2 284 552 390
815 2 2 0 2 9 567 10
816 2 2 0 2 435 605 250
817 2 2 0 2 21 64 22
818 2 2 0 2 151 465 150
819 2 2 0 2 372 373 203
820 2 2 0 2 338 339 335
821 2 2 0 2 223 538 537
822 2 2 0 2 158 161 156
823 2 2 0 2 483 587 132
824 2 2 0 2 356 571 391
825 2 2 0 2 328 691 488
826 2 2 0 2 223 537 217
827 2 2 0 2 358 651 571
828 2 2 0 2 124 171 123
829 2 2 0 2 280 556 310
830 2 2 0 2 245 247 246
831 2 2 0 2 287 704 473
832 2 2 0 2 259 623 478
833 2 2 0 2 374 641 462
834 2 2 0 2 118 308 120
835 2 2 0 2 82 501 37
836 2 2 0 2 400 726 403
837 2 2 0 2 307 432 220
838 2 2 0 2 537 539 306
839 2 2 0 2 500 682 197
840 2 2 0 2 342 383 357
841 2 2 0 2 265 646 176
842 2 2 0 2 616 721 453
843 2 2 0 2 492 522 79
844 2 2 0 2 202 203 187
845 2 2 0 2 391 564 360
846 2 2 0 2 301 307 220
847 2 2 0 2 516 542 517
848 2 2 0 2 171 173 172
849 2 2 0 2 399 585 305
850 2 2 0 2 433 599 375
851 2 2 0 2 419 524 274
852 2 2 0 2 219 220 218
853 2 2 0 2 88 89 87
854 2 2 0 2 412 418 104
855 2 2 0 2 558 680 383
856 2 2 0 2 77 484 267
857 2 2 0 2 483 590 373
858 2 2 0 2 478 672 411
859 2 2 0 2 523 588 436
860 2 2 0 2 311 526 313
861 2 2 0 2 305 585 577
862 2 2 0 2 538 667 566
863 2 2 0 2 224 401 371
864 2 2 0 2 171 378 173
865 2 2 0 2 566 667 92
866 2 2 0 2 380 589 526
867 2 2 0 2 430 638 424
868 2 2 0 2 391 674 624
869 2 2 0 2 397 544 543
870 2 2 0 2 299 441 297
871 2 2 0 2 71 551 19
872 2 2 0 2 66 501 227
873 2 2 0 2 394 434 393
874 2 2 0 2 202 372 203
875 2 2 0 2 287 473 285
876 2 2 0 2 224 532 401
877 2 2 0 2 377 423 421
878 2 2 0 2 621 675 144
879 2 2 0 2 311 312 89
880 2 2 0 2 358 596 488
881 2 2 0 2 516 517 433
882 2 2 0 2 293 295 294
883 2 2 0 2 498 531 269
884 2 2 0 2 204 218 191
885 2 2 0 2 188 588 523
886 2 2 0 2 370 472 67
887 2 2 0 2 64 586 279
888 2 2 0 2 93 94 91
889 2 2 0 2 467 471 398
890 2 2 0 2 535 653 401
891 2 2 0 2 327 331 330
892 2 2 0 2 204 219 218
893 2 2 0 2 416 690 415
894 2 2 0 2 284 390 286
895 2 2 0 2 334 338 335
896 2 2 0 2 149 151 150
897 2 2 0 2 526 697 97
898 2 2 0 2 221 369 56
899 2 2 0 2 344 482 339
900 2 2 0 2 565 590 483
901 2 2 0 2 26 65 27
902 2 2 0 2 175 560 194
903 2 2 0 2 321 322 320
904 2 2 0 2 1 541 2
905 2 2 0 2 234 528 237
906 2 2 0 2 39 656 40
907 2 2 0 2 154 532 95
908 2 2 0 2 173 560 175
909 2 2 0 2 561 637 560
910 2 2 0 2 296 704 287
911 2 2 0 2 568 569 455
912 2 2 0 2 157 158 156
913 2 2 0 2 367 368 244
914 2 2 0 2 324 597 337
915 2 2 0 2 276 382 275
916 2 2 0 2 49 68 50
917 2 2 0 2 2 541 76
918 2 2 0 2 294 297 292
919 2 2 0 2 108 688 137
920 2 2 0 2 227 228 226
921 2 2 0 2 571 674 391
922 2 2 0 2 202 428 372
923 2 2 0 2 36 82 37
924 2 2 0 2 385 400 387
925 2 2 0 2 95 96 94
926 2 2 0 2 454 710 341
927 2 2 0 2 513 678 444
928 2 2 0 2 472 650 67
929 2 2 0 2 102 104 103
930 2 2 0 2 223 714 540
931 2 2 0 2 46 615 75
932 2 2 0 2 300 652 608
933 2 2 0 2 310 556 525
934 2 2 0 2 144 701 621
935 2 2 0 2 342 357 343
936 2 2 0 2 449 664 351
937 2 2 0 2 249 252 251
938 2 2 0 2 92 667 93
939 2 2 0 2 367 533 368
940 2 2 0 2 233 269 234
941 2 2 0 2 342 625 383
942 2 2 0 2 3 557 4
943 2 2 0 2 33 693 34
944 2 2 0 2 564 568 455
945 2 2 0 2 231 235 233
946 2 2 0 2 249 546 252
947 2 2 0 2 599 701 144
948 2 2 0 2 377 543 423
949 2 2 0 2 327 330 329
950 2 2 0 2 114 160 116
951 2 2 0 2 504 686 438
952 2 2 0 2 52 522 53
953 2 2 0 2 560 637 194
954 2 2 0 2 375 376 361
955 2 2 0 2 94 697 91
956 2 2 0 2 81 719 524
957 2 2 0 2 8 78 9
958 2 2 0 2 336 534 449
959 2 2 0 2 587 662 132
960 2 2 0 2 480 580 481
961 2 2 0 2 245 248 247
962 2 2 0 2 240 654 238
963 2 2 0 2 179 511 183
964 2 2 0 2 100 102 101
965 2 2 0 2 4 550 5
966 2 2 0 2 222 696 139
967 2 2 0 2 77 721 616
968 2 2 0 2 63 521 520
969 2 2 0 2 252 258 254
970 2 2 0 2 53 522 69
971 2 2 0 2 372 587 373
972 2 2 0 2 254 257 255
973 2 2 0 2 41 721 42
974 2 2 0 2 378 560 173
975 2 2 0 2 419 659 524
976 2 2 0 2 209 480 195
977 2 2 0 2 239 559 242
978 2 2 0 2 279 280 278
979 2 2 0 2 221 493 369
980 2 2 0 2 368 612 244
981 2 2 0 2 236 628 232
982 2 2 0 2 671 677 208
983 2 2 0 2 236 711 628
984 2 2 0 2 302 404 293
985 2 2 0 2 377 599 543
986 2 2 0 2 612 705 248
987 2 2 0 2 355 375 361
988 2 2 0 2 352 607 346
989 2 2 0 2 499 639 381
990 2 2 0 2 384 386 385
991 2 2 0 2 252 546 258
992 2 2 0 2 209 713 480
993 2 2 0 2 463 673 371
994 2 2 0 2 65 614 497
995 2 2 0 2 242 559 367
996 2 2 0 2 99 718 224
997 2 2 0 2 520 570 569
998 2 2 0 2 524 659 81
999 2 2 0 2 349 590 565
1000 2 2 0 2 452 591 230
1001 2 2 0 2 15 445 16
1002 2 2 0 2 120 595 122
1003 2 2 0 2 30 593 31
1004 2 2 0 2 397 583 544
1005 2 2 0 2 42 721 77
1006 2 2 0 2 122 595 125
1007 2 2 0 2 583 695 544
1008 2 2 0 2 565 640 349
1009 2 2 0 2 509 643 133
1010 2 2 0 2 628 711 491
1011 2 2 0 2 553 719 81
1012 2 2 0 2 242 367 244
1013 2 2 0 2 545 590 349
1014 2 2 0 2 186 700 314
1015 2 2 0 2 467 615 471
1016 2 2 0 2 396 684 490
1017 2 2 0 2 645 709 551
1018 2 2 0 2 227 417 230
1019 2 2 0 2 13 519 503
1020 2 2 0 2 503 717 14
1021 2 2 0 2 410 658 492
1022 2 2 0 2 432 513 220
1023 2 2 0 2 360 564 455
1024 2 2 0 2 345 699 349
1025 2 2 0 2 247 605 246
1026 2 2 0 2 248 546 249
1027 2 2 0 2 86 604 200
1028 2 2 0 2 118 581 308
1029 2 2 0 2 255 669 259
1030 2 2 0 2 231 233 232
1031 2 2 0 2 220 513 218
1032 2 2 0 2 215 641 374
1033 2 2 0 2 542 606 459
1034 2 2 0 2 252 254 253
1035 2 2 0 2 431 578 448
1036 2 2 0 2 528 559 237
1037 2 2 0 2 166 627 159
1038 2 2 0 2 411 672 493
1039 2 2 0 2 116 581 118
1040 2 2 0 2 350 596 358
1041 2 2 0 2 308 595 120
1042 2 2 0 2 354 558 507
1043 2 2 0 2 129 601 547
1044 2 2 0 2 302 584 486
1045 2 2 0 2 510 636 578
1046 2 2 0 2 378 561 560
1047 2 2 0 2 109 300 112
1048 2 2 0 2 343 345 344
1049 2 2 0 2 328 729 295
1050 2 2 0 2 375 377 376
1051 2 2 0 2 146 583 397
1052 2 2 0 2 254 255 253
1053 2 2 0 2 578 636 448
1054 2 2 0 2 514 668 406
1055 2 2 0 2 405 691 295
1056 2 2 0 2 351 596 350
1057 2 2 0 2 620 655 462
1058 2 2 0 2 336 449 332
1059 2 2 0 2 314 700 450
1060 2 2 0 2 485 673 264
1061 2 2 0 2 514 581 160
1062 2 2 0 2 208 677 631
1063 2 2 0 2 360 455 454
1064 2 2 0 2 253 594 251
1065 2 2 0 2 160 668 514
1066 2 2 0 2 63 520 519
1067 2 2 0 2 336 579 534
1068 2 2 0 2 363 609 430
1069 2 2 0 2 566 622 538
1070 2 2 0 2 86 88 87
1071 2 2 0 2 567 657 521
1072 2 2 0 2 91 697 311
1073 2 2 0 2 371 653 463
1074 2 2 0 2 252 253 251
1075 2 2 0 2 349 699 545
1076 2 2 0 2 38 501 66
1077 2 2 0 2 242 244 243
1078 2 2 0 2 344 607 482
1079 2 2 0 2 507 572 365
1080 2 2 0 2 149 150 148
1081 2 2 0 2 160 581 116
1082 2 2 0 2 429 662 587
1083 2 2 0 2 458 598 459
1084 2 2 0 2 221 562 493
1085 2 2 0 2 437 705 612
1086 2 2 0 2 539 603 576
1087 2 2 0 2 580 713 430
1088 2 2 0 2 531 723 137
1089 2 2 0 2 254 573 257
1090 2 2 0 2 670 671 208
1091 2 2 0 2 502 657 78
1092 2 2 0 2 327 329 326
1093 2 2 0 2 639 712 381
1094 2 2 0 2 90 92 91
1095 2 2 0 2 413 592 68
1096 2 2 0 2 88 90 89
1097 2 2 0 2 271 636 508
1098 2 2 0 2 432 678 513
1099 2 2 0 2 334 335 333
1100 2 2 0 2 505 613 506
1101 2 2 0 2 228 591 231
1102 2 2 0 2 22 277 23
1103 2 2 0 2 102 412 104
1104 2 2 0 2 204 660 219
1105 2 2 0 2 470 611 469
1106 2 2 0 2 245 612 248
1107 2 2 0 2 242 243 241
1108 2 2 0 2 280 310 278
1109 2 2 0 2 206 677 399
1110 2 2 0 2 86 200 88
1111 2 2 0 2 386 689 527
1112 2 2 0 2 186 727 700
1113 2 2 0 2 61 471 44
1114 2 2 0 2 166 689 627
1115 2 2 0 2 233 234 232
1116 2 2 0 2 76 557 3
1117 2 2 0 2 406 608 407
1118 2 2 0 2 202 602 428
1119 2 2 0 2 538 622 537
1120 2 2 0 2 36 518 82
1121 2 2 0 2 387 631 207
1122 2 2 0 2 205 627 384
1123 2 2 0 2 446 686 504
1124 2 2 0 2 638 713 209
1125 2 2 0 2 319 321 320
1126 2 2 0 2 600 664 421
1127 2 2 0 2 227 230 228
1128 2 2 0 2 321 323 322
1129 2 2 0 2 237 559 239
1130 2 2 0 2 526 589 313
1131 2 2 0 2 439 610 528
1132 2 2 0 2 486 645 71
1133 2 2 0 2 459 606 460
1134 2 2 0 2 24 84 25
1135 2 2 0 2 67 650 442
1136 2 2 0 2 231 591 235
1137 2 2 0 2 412 635 418
1138 2 2 0 2 327 582 331
1139 2 2 0 2 20 586 21
1140 2 2 0 2 99 135 100
1141 2 2 0 2 15 717 445
1142 2 2 0 2 104 105 103
1143 2 2 0 2 231 232 229
1144 2 2 0 2 525 719 310
1145 2 2 0 2 45 615 46
1146 2 2 0 2 452 639 591
1147 2 2 0 2 532 718 95
1148 2 2 0 2 80 609 550
1149 2 2 0 2 547 601 378
1150 2 2 0 2 214 714 223
1151 2 2 0 2 436 588 203
1152 2 2 0 2 60 550 479
1153 2 2 0 2 367 610 533
1154 2 2 0 2 347 640 353
1155 2 2 0 2 230 591 228
1156 2 2 0 2 338 625 342
1157 2 2 0 2 576 603 70
1158 2 2 0 2 331 334 333
1159 2 2 0 2 575 576 70
1160 2 2 0 2 375 599 377
1161 2 2 0 2 463 653 201
1162 2 2 0 2 343 344 339
1163 2 2 0 2 485 635 412
1164 2 2 0 2 475 704 554
1165 2 2 0 2 284 285 283
1166 2 2 0 2 554 702 475
1167 2 2 0 2 508 636 510
1168 2 2 0 2 346 607 344
1169 2 2 0 2 258 573 254
1170 2 2 0 2 429 587 372
1171 2 2 0 2 142 621 222
1172 2 2 0 2 185 602 202
1173 2 2 0 2 248 249 247
1174 2 2 0 2 543 544 423
1175 2 2 0 2 79 522 52
1176 2 2 0 2 459 598 542
1177 2 2 0 2 244 245 243
1178 2 2 0 2 270 660 204
1179 2 2 0 2 490 684 134
1180 2 2 0 2 388 632 435
1181 2 2 0 2 298 414 299
1182 2 2 0 2 527 689 166
1183 2 2 0 2 608 666 407
1184 2 2 0 2 85 604 86
1185 2 2 0 2 251 594 388
1186 2 2 0 2 381 648 499
1187 2 2 0 2 471 615 45
1188 2 2 0 2 571 651 506
1189 2 2 0 2 5 60 6
1190 2 2 0 2 75 618 46
1191 2 2 0 2 462 641 366
1192 2 2 0 2 43 61 44
1193 2 2 0 2 475 642 476
1194 2 2 0 2 492 658 522
1195 2 2 0 2 72 568 564
1196 2 2 0 2 382 647 492
1197 2 2 0 2 559 610 367
1198 2 2 0 2 593 707 85
1199 2 2 0 2 591 639 235
1200 2 2 0 2 428 637 429
1201 2 2 0 2 357 699 343
1202 2 2 0 2 78 567 9
1203 2 2 0 2 506 651 405
1204 2 2 0 2 537 622 539
1205 2 2 0 2 452 712 639
1206 2 2 0 2 229 626 226
1207 2 2 0 2 528 610 559
1208 2 2 0 2 96 718 99
1209 2 2 0 2 235 639 499
1210 2 2 0 2 148 583 146
1211 2 2 0 2 90 566 92
1212 2 2 0 2 203 588 187
1213 2 2 0 2 77 616 491
1214 2 2 0 2 72 717 503
1215 2 2 0 2 572 625 338
1216 2 2 0 2 110 652 107
1217 2 2 0 2 498 723 531
1218 2 2 0 2 391 708 564
1219 2 2 0 2 183 602 185
1220 2 2 0 2 326 597 324
1221 2 2 0 2 585 706 577
1222 2 2 0 2 497 576 575
1223 2 2 0 2 378 601 561
1224 2 2 0 2 11 63 12
1225 2 2 0 2 503 568 72
1226 2 2 0 2 429 637 561
1227 2 2 0 2 575 703 29
1228 2 2 0 2 432 722 678
1229 2 2 0 2 295 729 294
1230 2 2 0 2 448 646 265
1231 2 2 0 2 95 718 96
1232 2 2 0 2 281 552 284
1233 2 2 0 2 298 299 297
1234 2 2 0 2 499 723 498
1235 2 2 0 2 398 654 240
1236 2 2 0 2 426 644 422
1237 2 2 0 2 63 519 12
1238 2 2 0 2 238 711 236
1239 2 2 0 2 362 694 317
1240 2 2 0 2 551 709 586
1241 2 2 0 2 392 643 394
1242 2 2 0 2 527 725 386
1243 2 2 0 2 381 712 380
1244 2 2 0 2 495 715 530
1245 2 2 0 2 325 326 324
1246 2 2 0 2 93 95 94
1247 2 2 0 2 401 653 371
1248 2 2 0 2 60 479 420
1249 2 2 0 2 84 549 25
1250 2 2 0 2 137 688 531
1251 2 2 0 2 14 717 15
1252 2 2 0 2 530 715 409
1253 2 2 0 2 268 613 505
1254 2 2 0 2 26 549 65
1255 2 2 0 2 47 618 74
1256 2 2 0 2 523 680 188
1257 2 2 0 2 109 652 300
1258 2 2 0 2 451 720 515
1259 2 2 0 2 370 630 472
1260 2 2 0 2 290 292 291
1261 2 2 0 2 469 611 592
1262 2 2 0 2 507 625 572
1263 2 2 0 2 333 336 332
1264 2 2 0 2 226 626 225
1265 2 2 0 2 281 284 283
1266 2 2 0 2 613 674 506
1267 2 2 0 2 497 683 576
1268 2 2 0 2 170 655 620
1269 2 2 0 2 399 677 671
1270 2 2 0 2 550 609 479
1271 2 2 0 2 614 659 419
1272 2 2 0 2 331 333 332
1273 2 2 0 2 134 684 115
1274 2 2 0 2 418 661 104
1275 2 2 0 2 641 663 366
1276 2 2 0 2 511 602 183
1277 2 2 0 2 556 663 457
1278 2 2 0 2 11 676 63
1279 2 2 0 2 188 727 588
1280 2 2 0 2 331 332 330
1281 2 2 0 2 383 680 523
1282 2 2 0 2 491 711 484
1283 2 2 0 2 546 705 434
1284 2 2 0 2 286 287 285
1285 2 2 0 2 180 678 272
1286 2 2 0 2 47 74 48
1287 2 2 0 2 471 634 398
1288 2 2 0 2 530 661 418
1289 2 2 0 2 131 696 458
1290 2 2 0 2 197 715 495
1291 2 2 0 2 524 719 525
1292 2 2 0 2 624 708 391
1293 2 2 0 2 569 716 520
1294 2 2 0 2 282 663 556
1295 2 2 0 2 284 286 285
1296 2 2 0 2 592 611 276
1297 2 2 0 2 221 563 562
1298 2 2 0 2 380 712 589
1299 2 2 0 2 21 586 64
1300 2 2 0 2 407 666 409
1301 2 2 0 2 61 634 471
1302 2 2 0 2 409 682 408
1303 2 2 0 2 68 592 276
1304 2 2 0 2 366 663 282
1305 2 2 0 2 668 692 300
1306 2 2 0 2 244 612 245
1307 2 2 0 2 294 298 297
1308 2 2 0 2 272 722 477
1309 2 2 0 2 434 705 437
1310 2 2 0 2 78 657 567
1311 2 2 0 2 200 622 566
1312 2 2 0 2 648 649 499
1313 2 2 0 2 649 723 499
1314 2 2 0 2 561 662 429
1315 2 2 0 2 572 582 365
1316 2 2 0 2 545 699 357
1317 2 2 0 2 540 667 538
1318 2 2 0 2 63 676 521
1319 2 2 0 2 187 727 186
1320 2 2 0 2 651 691 405
1321 2 2 0 2 441 670 529
1322 2 2 0 2 104 661 105
1323 2 2 0 2 258 619 573
1324 2 2 0 2 325 327 326
1325 2 2 0 2 329 710 326
1326 2 2 0 2 613 685 73
1327 2 2 0 2 608 668 300
1328 2 2 0 2 62 633 518
1329 2 2 0 2 70 703 575
1330 2 2 0 2 326 710 597
1331 2 2 0 2 319 354 321
1332 2 2 0 2 68 276 275
1333 2 2 0 2 142 675 621
1334 2 2 0 2 531 688 402
1335 2 2 0 2 84 553 81
1336 2 2 0 2 414 706 585
1337 2 2 0 2 73 674 613
1338 2 2 0 2 92 93 91
1339 2 2 0 2 40 453 41
1340 2 2 0 2 67 442 59
1341 2 2 0 2 634 654 398
1342 2 2 0 2 458 696 598
1343 2 2 0 2 515 720 308
1344 2 2 0 2 517 701 433
1345 2 2 0 2 323 324 322
1346 2 2 0 2 574 633 62
1347 2 2 0 2 232 628 229
1348 2 2 0 2 353 640 606
1349 2 2 0 2 598 696 222
1350 2 2 0 2 224 718 532
1351 2 2 0 2 627 689 384
1352 2 2 0 2 384 689 386
1353 2 2 0 2 417 681 427
1354 2 2 0 2 600 644 426
1355 2 2 0 2 311 697 526
1356 2 2 0 2 107 652 109
1357 2 2 0 2 257 669 255
1358 2 2 0 2 343 699 345
1359 2 2 0 2 286 288 287
1360 2 2 0 2 300 692 112
1361 2 2 0 2 588 727 187
1362 2 2 0 2 310 719 553
1363 2 2 0 2 65 659 614
1364 2 2 0 2 288 289 287
1365 2 2 0 2 554 704 296
1366 2 2 0 2 148 724 583
1367 2 2 0 2 568 716 569
1368 2 2 0 2 114 692 160
1369 2 2 0 2 323 365 325
1370 2 2 0 2 601 662 561
1371 2 2 0 2 441 671 670
1372 2 2 0 2 522 658 69
1373 2 2 0 2 374 655 548
1374 2 2 0 2 614 683 497
1375 2 2 0 2 700 727 188
1376 2 2 0 2 99 100 98
1377 2 2 0 2 29 703 30
1378 2 2 0 2 506 674 571
1379 2 2 0 2 60 420 6
1380 2 2 0 2 30 703 593
1381 2 2 0 2 85 707 604
1382 2 2 0 2 549 659 65
1383 2 2 0 2 268 685 613
1384 2 2 0 2 365 582 325
1385 2 2 0 2 10 676 11
1386 2 2 0 2 473 704 475
1387 2 2 0 2 562 563 69
1388 2 2 0 2 534 664 449
1389 2 2 0 2 160 692 668
1390 2 2 0 2 480 713 580
1391 2 2 0 2 624 674 73
1392 2 2 0 2 520 716 519
1393 2 2 0 2 5 550 60
1394 2 2 0 2 93 154 95
1395 2 2 0 2 248 705 546
1396 2 2 0 2 597 710 454
1397 2 2 0 2 389 649 648
1398 2 2 0 2 289 296 287
1399 2 2 0 2 229 628 626
1400 2 2 0 2 83 693 33
1401 2 2 0 2 225 626 616
1402 2 2 0 2 567 676 10
1403 2 2 0 2 604 707 603
1404 2 2 0 2 477 722 623
1405 2 2 0 2 395 681 617
1406 2 2 0 2 406 668 608
1407 2 2 0 2 325 582 327
1408 2 2 0 2 386 725 642
1409 2 2 0 2 74 413 48
1410 2 2 0 2 469 698 75
1411 2 2 0 2 621 701 517
1412 2 2 0 2 650 660 270
1413 2 2 0 2 323 325 324
1414 2 2 0 2 413 698 592
1415 2 2 0 2 267 634 61
1416 2 2 0 2 279 709 552
1417 2 2 0 2 70 707 593
1418 2 2 0 2 294 729 298
1419 2 2 0 2 351 664 600
1420 2 2 0 2 678 722 272
1421 2 2 0 2 632 647 382
1422 2 2 0 2 68 275 50
1423 2 2 0 2 112 692 114
1424 2 2 0 2 519 716 503
1425 2 2 0 2 682 715 197
1426 2 2 0 2 40 656 453
1427 2 2 0 2 503 716 568
1428 2 2 0 2 564 708 72
1429 2 2 0 2 308 720 595
1430 2 2 0 2 642 725 476
1431 2 2 0 2 577 706 155
1432 2 2 0 2 472 660 650
1433 2 2 0 2 603 707 70
1434 2 2 0 2 665 706 414
1435 2 2 0 2 445 708 624
1436 2 2 0 2 665 695 155
1437 2 2 0 2 150 724 148
1438 2 2 0 2 137 723 649
1439 2 2 0 2 475 702 642
1440 2 2 0 2 593 703 70
1441 2 2 0 2 453 721 41
1442 2 2 0 2 521 676 567
1443 2 2 0 2 617 681 417
1444 2 2 0 2 81 659 549
1445 2 2 0 2 623 722 432
1446 2 2 0 2 422 695 665
1447 2 2 0 2 586 709 279
1448 2 2 0 2 71 645 551
1449 2 2 0 2 592 698 469
1450 2 2 0 2 430 713 638
1451 2 2 0 2 409 715 682
1452 2 2 0 2 81 549 84
1453 2 2 0 2 155 706 665
1454 2 2 0 2 74 698 413
1455 2 2 0 2 75 698 618
1456 2 2 0 2 618 698 74
1457 2 2 0 2 23 84 24
1458 2 2 0 3 52 738 51
1459 2 2 0 3 799 806 802
1460 2 2 0 3 40 1312 1070
1461 2 2 0 3 850 1138 846
1462 2 2 0 3 1118 1202 902
1463 2 2 0 3 789 1328 1111
1464 2 2 0 3 878 1227 1214
1465 2 2 0 3 37 735 36
1466 2 2 0 3 827 828 826
1467 2 2 0 3 1070 1266 1086
1468 2 2 0 3 966 1251 1247
1469 2 2 0 3 825 827 826
1470 2 2 0 3 966 1299 1261
1471 2 2 0 3 966 1261 1251
1472 2 2 0 3 792 1129 796
1473 2 2 0 3 979 1224 1182
1474 2 2 0 3 1024 1250 1016
1475 2 2 0 3 735 754 36
1476 2 2 0 3 937 938 936
1477 2 2 0 3 878 1214 879
1478 2 2 0 3 30 843 29
1479 2 2 0 3 895 1090 886
1480 2 2 0 3 1203 1259 1073
1481 2 2 0 3 820 1259 1203
1482 2 2 0 3 1192 1193 815
1483 2 2 0 3 16 733 15
1484 2 2 0 3 1214 1227 1053
1485 2 2 0 3 44 940 744
1486 2 2 0 3 1083 1153 1025
1487 2 2 0 3 1072 1193 1192
1488 2 2 0 3 767 1062 765
1489 2 2 0 3 1111 1328 1066
1490 2 2 0 3 1172 1270 1133
1491 2 2 0 3 1261 1299 1103
1492 2 2 0 3 1202 1221 902
1493 2 2 0 3 854 1248 1089
1494 2 2 0 3 1101 1357 1277
1495 2 2 0 3 814 1146 1128
1496 2 2 0 3 1122 1146 814
1497 2 2 0 3 797 799 798
1498 2 2 0 3 38 735 37
1499 2 2 0 3 59 1077 58
1500 2 2 0 3 844 1138 855
1501 2 2 0 3 829 831 830
1502 2 2 0 3 781 1112 807
1503 2 2 0 3 802 803 800
1504 2 2 0 3 1277 1357 1131
1505 2 2 0 3 52 1315 738
1506 2 2 0 3 1065 1298 1120
1507 2 2 0 3 1086 1266 1087
1508 2 2 0 3 844 855 732
1509 2 2 0 3 746 1223 3
1510 2 2 0 3 797 798 795
1511 2 2 0 3 827 829 828
1512 2 2 0 3 1129 1130 962
1513 2 2 0 3 29 843 732
1514 2 2 0 3 1120 1298 808
1515 2 2 0 3 805 1054 803
1516 2 2 0 3 879 1214 882
1517 2 2 0 3 4 746 3
1518 2 2 0 3 895 1125 1090
1519 2 2 0 3 1173 1248 854
1520 2 2 0 3 1130 1170 962
1521 2 2 0 3 25 742 24
1522 2 2 0 3 1151 1296 1107
1523 2 2 0 3 797 1166 799
1524 2 2 0 3 842 1169 1108
1525 2 2 0 3 16 1198 733
1526 2 2 0 3 1107 1216 1151
1527 2 2 0 3 825 838 827
1528 2 2 0 3 933 1270 1172
1529 2 2 0 3 1016 1250 1174
1530 2 2 0 3 1051 1197 916
1531 2 2 0 3 6 1045 5
1532 2 2 0 3 23 854 730
1533 2 2 0 3 812 1139 815
1534 2 2 0 3 1108 1275 842
1535 2 2 0 3 888 890 889
1536 2 2 0 3 1089 1174 854
1537 2 2 0 3 916 1197 918
1538 2 2 0 3 796 1129 962
1539 2 2 0 3 1026 1138 850
1540 2 2 0 3 829 830 828
1541 2 2 0 3 816 1369 815
1542 2 2 0 3 806 1095 802
1543 2 2 0 3 825 826 823
1544 2 2 0 3 1075 1318 773
1545 2 2 0 3 920 1253 919
1546 2 2 0 3 1080 1297 1234
1547 2 2 0 3 1182 1224 1048
1548 2 2 0 3 824 825 823
1549 2 2 0 3 1253 1254 919
1550 2 2 0 3 833 1206 832
1551 2 2 0 3 940 1233 744
1552 2 2 0 3 888 909 890
1553 2 2 0 3 1144 1223 746
1554 2 2 0 3 798 801 795
1555 2 2 0 3 1106 1166 797
1556 2 2 0 3 815 1193 816
1557 2 2 0 3 23 1173 854
1558 2 2 0 3 937 1034 938
1559 2 2 0 3 802 1378 803
1560 2 2 0 3 831 832 830
1561 2 2 0 3 1128 1139 814
1562 2 2 0 3 38 1126 735
1563 2 2 0 3 47 745 46
1564 2 2 0 3 906 1134 1110
1565 2 2 0 3 799 802 800
1566 2 2 0 3 790 1129 792
1567 2 2 0 3 766 767 765
1568 2 2 0 3 1049 1224 979
1569 2 2 0 3 955 957 956
1570 2 2 0 3 1177 1251 1116
1571 2 2 0 3 1062 1260 765
1572 2 2 0 3 1045 1287 5
1573 2 2 0 3 846 1138 844
1574 2 2 0 3 1142 1237 821
1575 2 2 0 3 1125 1182 1090
1576 2 2 0 3 1008 1158 1012
1577 2 2 0 3 1111 1259 789
1578 2 2 0 3 1016 1288 1024
1579 2 2 0 3 921 1251 1177
1580 2 2 0 3 990 1111 1066
1581 2 2 0 3 799 800 798
1582 2 2 0 3 1000 1002 1001
1583 2 2 0 3 740 1319 1278
1584 2 2 0 3 730 1136 21
1585 2 2 0 3 1056 1297 1080
1586 2 2 0 3 1021 1291 1175
1587 2 2 0 3 1224 1291 1021
1588 2 2 0 3 1 856 59
1589 2 2 0 3 815 1369 812
1590 2 2 0 3 824 1124 825
1591 2 2 0 3 1031 1032 818
1592 2 2 0 3 1156 1319 1159
1593 2 2 0 3 1159 1319 740
1594 2 2 0 3 855 1243 1186
1595 2 2 0 3 1109 1351 1030
1596 2 2 0 3 913 1051 916
1597 2 2 0 3 832 834 830
1598 2 2 0 3 832 1206 835
1599 2 2 0 3 912 1051 913
1600 2 2 0 3 1148 1294 1097
1601 2 2 0 3 874 1178 871
1602 2 2 0 3 1128 1183 1139
1603 2 2 0 3 875 876 874
1604 2 2 0 3 821 1237 1165
1605 2 2 0 3 1086 1212 1070
1606 2 2 0 3 907 1164 948
1607 2 2 0 3 24 1173 23
1608 2 2 0 3 760 1031 818
1609 2 2 0 3 856 1077 59
1610 2 2 0 3 1083 1327 1153
1611 2 2 0 3 876 941 935
1612 2 2 0 3 979 1182 1125
1613 2 2 0 3 1133 1256 1172
1614 2 2 0 3 40 1070 949
1615 2 2 0 3 1059 1239 1201
1616 2 2 0 3 792 796 794
1617 2 2 0 3 906 1110 800
1618 2 2 0 3 808 1123 1112
1619 2 2 0 3 825 1124 838
1620 2 2 0 3 750 1136 730
1621 2 2 0 3 804 1378 802
1622 2 2 0 3 44 744 43
1623 2 2 0 3 946 1183 945
1624 2 2 0 3 803 1378 805
1625 2 2 0 3 1259 1309 789
1626 2 2 0 3 802 1095 804
1627 2 2 0 3 1186 1243 743
1628 2 2 0 3 1095 1096 804
1629 2 2 0 3 818 1058 758
1630 2 2 0 3 902 1277 1118
1631 2 2 0 3 773 1176 1075
1632 2 2 0 3 1284 1285 1098
1633 2 2 0 3 934 936 932
1634 2 2 0 3 857 1078 856
1635 2 2 0 3 1102 1345 1017
1636 2 2 0 3 876 935 874
1637 2 2 0 3 808 1298 1123
1638 2 2 0 3 771 1318 1075
1639 2 2 0 3 810 1122 814
1640 2 2 0 3 1191 1285 1284
1641 2 2 0 3 1091 1276 1221
1642 2 2 0 3 805 1219 1054
1643 2 2 0 3 1097 1149 1148
1644 2 2 0 3 1012 1158 1038
1645 2 2 0 3 4 1287 746
1646 2 2 0 3 794 795 793
1647 2 2 0 3 770 771 767
1648 2 2 0 3 1040 1217 1069
1649 2 2 0 3 800 1110 798
1650 2 2 0 3 1276 1311 1034
1651 2 2 0 3 1201 1239 816
1652 2 2 0 3 770 772 771
1653 2 2 0 3 1069 1301 1040
1654 2 2 0 3 1093 1319 967
1655 2 2 0 3 871 1178 870
1656 2 2 0 3 838 1234 827
1657 2 2 0 3 886 888 887
1658 2 2 0 3 884 895 886
1659 2 2 0 3 799 1166 806
1660 2 2 0 3 838 1263 1234
1661 2 2 0 3 762 1031 760
1662 2 2 0 3 1010 1104 1005
1663 2 2 0 3 761 762 760
1664 2 2 0 3 1221 1276 902
1665 2 2 0 3 23 730 22
1666 2 2 0 3 904 1141 899
1667 2 2 0 3 952 1273 1123
1668 2 2 0 3 779 1112 781
1669 2 2 0 3 742 1173 24
1670 2 2 0 3 1025 1153 1060
1671 2 2 0 3 915 1088 939
1672 2 2 0 3 879 882 881
1673 2 2 0 3 792 794 793
1674 2 2 0 3 795 1374 797
1675 2 2 0 3 1058 1348 758
1676 2 2 0 3 934 937 936
1677 2 2 0 3 973 1258 1071
1678 2 2 0 3 757 758 756
1679 2 2 0 3 33 1082 32
1680 2 2 0 3 886 1090 888
1681 2 2 0 3 930 1131 934
1682 2 2 0 3 828 842 826
1683 2 2 0 3 884 886 885
1684 2 2 0 3 873 875 874
1685 2 2 0 3 875 1137 876
1686 2 2 0 3 908 1164 907
1687 2 2 0 3 1034 1311 1050
1688 2 2 0 3 1011 1102 1017
1689 2 2 0 3 781 807 783
1690 2 2 0 3 1010 1105 1104
1691 2 2 0 3 1002 1003 1001
1692 2 2 0 3 794 1374 795
1693 2 2 0 3 1199 1329 1286
1694 2 2 0 3 812 1369 813
1695 2 2 0 3 795 1115 793
1696 2 2 0 3 917 1088 915
1697 2 2 0 3 807 1122 810
1698 2 2 0 3 1031 1260 1033
1699 2 2 0 3 780 1204 778
1700 2 2 0 3 22 730 21
1701 2 2 0 3 810 812 811
1702 2 2 0 3 959 1244 1187
1703 2 2 0 3 1084 1129 790
1704 2 2 0 3 1131 1350 1277
1705 2 2 0 3 766 769 767
1706 2 2 0 3 1112 1122 807
1707 2 2 0 3 771 1062 767
1708 2 2 0 3 812 813 811
1709 2 2 0 3 916 917 915
1710 2 2 0 3 922 1376 917
1711 2 2 0 3 957 1244 956
1712 2 2 0 3 888 889 887
1713 2 2 0 3 786 1084 790
1714 2 2 0 3 896 897 893
1715 2 2 0 3 1139 1192 815
1716 2 2 0 3 1107 1296 1106
1717 2 2 0 3 917 1376 1088
1718 2 2 0 3 856 1078 1077
1719 2 2 0 3 912 913 908
1720 2 2 0 3 876 942 941
1721 2 2 0 3 1209 1210 848
1722 2 2 0 3 898 903 900
1723 2 2 0 3 1108 1161 1044
1724 2 2 0 3 801 1115 795
1725 2 2 0 3 807 809 783
1726 2 2 0 3 835 839 834
1727 2 2 0 3 832 835 834
1728 2 2 0 3 1031 1364 1260
1729 2 2 0 3 831 1297 836
1730 2 2 0 3 839 1108 834
1731 2 2 0 3 764 765 762
1732 2 2 0 3 829 1297 831
1733 2 2 0 3 1206 1273 835
1734 2 2 0 3 748 978 943
1735 2 2 0 3 1138 1243 855
1736 2 2 0 3 848 1211 1209
1737 2 2 0 3 938 1133 936
1738 2 2 0 3 913 915 914
1739 2 2 0 3 1030 1195 1109
1740 2 2 0 3 1088 1376 1028
1741 2 2 0 3 884 885 883
1742 2 2 0 3 1068 1373 1317
1743 2 2 0 3 882 884 883
1744 2 2 0 3 1028 1229 1088
1745 2 2 0 3 1105 1358 1338
1746 2 2 0 3 1106 1296 1166
1747 2 2 0 3 967 1238 1093
1748 2 2 0 3 869 1150 872
1749 2 2 0 3 890 891 889
1750 2 2 0 3 918 1197 923
1751 2 2 0 3 1037 1162 911
1752 2 2 0 3 919 922 917
1753 2 2 0 3 979 1125 978
1754 2 2 0 3 930 931 927
1755 2 2 0 3 905 908 907
1756 2 2 0 3 798 1110 801
1757 2 2 0 3 945 1183 1128
1758 2 2 0 3 836 837 833
1759 2 2 0 3 836 853 852
1760 2 2 0 3 1017 1019 1018
1761 2 2 0 3 937 1101 1034
1762 2 2 0 3 913 914 908
1763 2 2 0 3 26 1140 25
1764 2 2 0 3 1031 1033 1032
1765 2 2 0 3 1199 1286 733
1766 2 2 0 3 1003 1024 1001
1767 2 2 0 3 1234 1263 1080
1768 2 2 0 3 912 1118 1051
1769 2 2 0 3 967 968 946
1770 2 2 0 3 886 887 885
1771 2 2 0 3 1068 1317 768
1772 2 2 0 3 1172 1245 933
1773 2 2 0 3 911 1141 904
1774 2 2 0 3 1087 1266 1265
1775 2 2 0 3 1095 1097 1096
1776 2 2 0 3 19 749 18
1777 2 2 0 3 928 965 926
1778 2 2 0 3 1152 1233 940
1779 2 2 0 3 835 1273 952
1780 2 2 0 3 990 1066 988
1781 2 2 0 3 1017 1345 1109
1782 2 2 0 3 987 1316 993
1783 2 2 0 3 882 883 881
1784 2 2 0 3 873 874 871
1785 2 2 0 3 822 824 823
1786 2 2 0 3 860 1144 878
1787 2 2 0 3 1267 1331 1137
1788 2 2 0 3 793 1115 821
1789 2 2 0 3 903 1091 900
1790 2 2 0 3 1258 1340 1071
1791 2 2 0 3 994 1248 1145
1792 2 2 0 3 1081 1271 1233
1793 2 2 0 3 1278 1319 1310
1794 2 2 0 3 891 896 893
1795 2 2 0 3 755 757 756
1796 2 2 0 3 1131 1357 934
1797 2 2 0 3 1017 1018 1009
1798 2 2 0 3 760 818 758
1799 2 2 0 3 831 836 833
1800 2 2 0 3 811 1215 809
1801 2 2 0 3 28 855 27
1802 2 2 0 3 1000 1004 1002
1803 2 2 0 3 1092 1093 852
1804 2 2 0 3 923 1279 925
1805 2 2 0 3 786 787 785
1806 2 2 0 3 1015 1043 1042
1807 2 2 0 3 761 763 762
1808 2 2 0 3 778 1204 944
1809 2 2 0 3 954 1228 769
1810 2 2 0 3 961 963 960
1811 2 2 0 3 1048 1224 1195
1812 2 2 0 3 1201 1267 1137
1813 2 2 0 3 793 821 791
1814 2 2 0 3 786 788 787
1815 2 2 0 3 964 1236 1194
1816 2 2 0 3 1265 1266 1264
1817 2 2 0 3 769 1228 770
1818 2 2 0 3 1351 1353 890
1819 2 2 0 3 1174 1272 1016
1820 2 2 0 3 1097 1294 1099
1821 2 2 0 3 914 1164 908
1822 2 2 0 3 1096 1098 804
1823 2 2 0 3 819 1086 1071
1824 2 2 0 3 918 919 917
1825 2 2 0 3 1338 1358 1064
1826 2 2 0 3 5 1287 4
1827 2 2 0 3 973 1071 974
1828 2 2 0 3 836 1297 1056
1829 2 2 0 3 1336 1342 895
1830 2 2 0 3 1151 1216 1150
1831 2 2 0 3 803 906 800
1832 2 2 0 3 1006 1158 1008
1833 2 2 0 3 45 940 44
1834 2 2 0 3 901 905 904
1835 2 2 0 3 1034 1050 938
1836 2 2 0 3 819 1340 757
1837 2 2 0 3 822 823 768
1838 2 2 0 3 1217 1242 989
1839 2 2 0 3 969 1183 946
1840 2 2 0 3 1007 1010 1005
1841 2 2 0 3 1076 1225 1180
1842 2 2 0 3 764 766 765
1843 2 2 0 3 1123 1273 1146
1844 2 2 0 3 1234 1297 829
1845 2 2 0 3 755 819 757
1846 2 2 0 3 1108 1169 834
1847 2 2 0 3 836 852 837
1848 2 2 0 3 1070 1312 1266
1849 2 2 0 3 915 939 914
1850 2 2 0 3 1266 1312 736
1851 2 2 0 3 1060 1368 1337
1852 2 2 0 3 837 840 833
1853 2 2 0 3 807 810 809
1854 2 2 0 3 1044 1161 954
1855 2 2 0 3 1088 1229 939
1856 2 2 0 3 757 759 758
1857 2 2 0 3 1180 1225 896
1858 2 2 0 3 1015 1042 1022
1859 2 2 0 3 836 1056 853
1860 2 2 0 3 796 960 794
1861 2 2 0 3 968 969 946
1862 2 2 0 3 1080 1081 1057
1863 2 2 0 3 784 786 785
1864 2 2 0 3 29 732 28
1865 2 2 0 3 888 1090 909
1866 2 2 0 3 939 1047 914
1867 2 2 0 3 955 1177 957
1868 2 2 0 3 1013 1102 1011
1869 2 2 0 3 861 864 862
1870 2 2 0 3 1078 1302 866
1871 2 2 0 3 899 1141 897
1872 2 2 0 3 790 792 791
1873 2 2 0 3 755 756 754
1874 2 2 0 3 759 760 758
1875 2 2 0 3 898 1225 903
1876 2 2 0 3 1134 1155 1110
1877 2 2 0 3 1071 1086 974
1878 2 2 0 3 783 1157 784
1879 2 2 0 3 777 779 778
1880 2 2 0 3 823 1068 768
1881 2 2 0 3 935 1178 874
1882 2 2 0 3 1203 1321 944
1883 2 2 0 3 1170 1368 1060
1884 2 2 0 3 866 1302 862
1885 2 2 0 3 1195 1224 1021
1886 2 2 0 3 839 1161 1108
1887 2 2 0 3 1110 1155 801
1888 2 2 0 3 1056 1080 1057
1889 2 2 0 3 735 755 754
1890 2 2 0 3 907 948 911
1891 2 2 0 3 1324 1362 851
1892 2 2 0 3 830 1169 828
1893 2 2 0 3 40 949 39
1894 2 2 0 3 853 1092 852
1895 2 2 0 3 777 1120 808
1896 2 2 0 3 826 1363 823
1897 2 2 0 3 948 1037 911
1898 2 2 0 3 963 1107 1106
1899 2 2 0 3 809 1157 783
1900 2 2 0 3 731 1168 11
1901 2 2 0 3 13 1235 12
1902 2 2 0 3 869 870 867
1903 2 2 0 3 942 977 976
1904 2 2 0 3 952 1065 839
1905 2 2 0 3 861 862 859
1906 2 2 0 3 909 1030 890
1907 2 2 0 3 54 1052 751
1908 2 2 0 3 1047 1164 914
1909 2 2 0 3 1012 1014 1013
1910 2 2 0 3 869 871 870
1911 2 2 0 3 1071 1340 819
1912 2 2 0 3 858 860 859
1913 2 2 0 3 923 925 924
1914 2 2 0 3 1033 1260 1135
1915 2 2 0 3 930 932 931
1916 2 2 0 3 929 1131 930
1917 2 2 0 3 905 912 908
1918 2 2 0 3 797 1374 1106
1919 2 2 0 3 897 964 893
1920 2 2 0 3 1030 1351 890
1921 2 2 0 3 963 1106 960
1922 2 2 0 3 15 1121 14
1923 2 2 0 3 1073 1259 1111
1924 2 2 0 3 923 924 920
1925 2 2 0 3 993 1117 1074
1926 2 2 0 3 774 777 776
1927 2 2 0 3 1094 1342 1336
1928 2 2 0 3 865 866 862
1929 2 2 0 3 911 1162 1141
1930 2 2 0 3 1118 1277 1119
1931 2 2 0 3 1230 1315 52
1932 2 2 0 3 944 1204 1203
1933 2 2 0 3 1056 1057 853
1934 2 2 0 3 949 1212 1127
1935 2 2 0 3 1097 1099 1096
1936 2 2 0 3 810 811 809
1937 2 2 0 3 46 745 734
1938 2 2 0 3 913 916 915
1939 2 2 0 3 1089 1248 994
1940 2 2 0 3 756 1100 754
1941 2 2 0 3 1123 1298 952
1942 2 2 0 3 901 904 899
1943 2 2 0 3 967 1156 968
1944 2 2 0 3 835 952 839
1945 2 2 0 3 912 1202 1118
1946 2 2 0 3 1163 1285 1191
1947 2 2 0 3 1118 1119 1051
1948 2 2 0 3 790 791 788
1949 2 2 0 3 770 774 772
1950 2 2 0 3 906 1333 1134
1951 2 2 0 3 827 1234 829
1952 2 2 0 3 1061 1143 970
1953 2 2 0 3 1178 1179 870
1954 2 2 0 3 1084 1130 1129
1955 2 2 0 3 1114 1362 1324
1956 2 2 0 3 810 814 812
1957 2 2 0 3 1237 1328 789
1958 2 2 0 3 758 1348 756
1959 2 2 0 3 1015 1171 1043
1960 2 2 0 3 1002 1104 1003
1961 2 2 0 3 1012 1013 1011
1962 2 2 0 3 1105 1338 1286
1963 2 2 0 3 1172 1256 1043
1964 2 2 0 3 765 1364 762
1965 2 2 0 3 1120 1295 1065
1966 2 2 0 3 792 793 791
1967 2 2 0 3 784 1157 1084
1968 2 2 0 3 1003 1104 1036
1969 2 2 0 3 809 1215 1157
1970 2 2 0 3 1000 1167 1004
1971 2 2 0 3 942 1029 977
1972 2 2 0 3 784 1084 786
1973 2 2 0 3 942 976 941
1974 2 2 0 3 1101 1277 902
1975 2 2 0 3 771 1075 1062
1976 2 2 0 3 1017 1109 1019
1977 2 2 0 3 884 1336 895
1978 2 2 0 3 786 790 788
1979 2 2 0 3 1018 1280 1009
1980 2 2 0 3 936 1270 932
1981 2 2 0 3 897 1141 964
1982 2 2 0 3 991 1089 994
1983 2 2 0 3 851 1132 849
1984 2 2 0 3 819 1212 1086
1985 2 2 0 3 1006 1008 1007
1986 2 2 0 3 1003 1035 1024
1987 2 2 0 3 1047 1269 1164
1988 2 2 0 3 1004 1167 1103
1989 2 2 0 3 834 1169 830
1990 2 2 0 3 787 820 785
1991 2 2 0 3 9 943 8
1992 2 2 0 3 1135 1260 1062
1993 2 2 0 3 860 861 859
1994 2 2 0 3 43 1205 42
1995 2 2 0 3 873 1160 877
1996 2 2 0 3 868 1150 869
1997 2 2 0 3 1046 1281 1147
1998 2 2 0 3 791 1165 788
1999 2 2 0 3 1090 1182 909
2000 2 2 0 3 33 1341 1082
2001 2 2 0 3 858 1144 860
2002 2 2 0 3 1123 1146 1122
2003 2 2 0 3 17 1198 16
2004 2 2 0 3 977 1377 1143
2005 2 2 0 3 1005 1104 1002
2006 2 2 0 3 873 877 875
2007 2 2 0 3 1037 1163 1162
2008 2 2 0 3 956 1244 959
2009 2 2 0 3 1033 1114 1032
2010 2 2 0 3 943 1359 748
2011 2 2 0 3 1003 1036 1035
2012 2 2 0 3 849 950 850
2013 2 2 0 3 1050 1256 938
2014 2 2 0 3 1164 1269 948
2015 2 2 0 3 840 1206 833
2016 2 2 0 3 877 1160 1083
2017 2 2 0 3 777 778 776
2018 2 2 0 3 896 898 897
2019 2 2 0 3 808 1112 779
2020 2 2 0 3 1134 1229 1155
2021 2 2 0 3 821 1165 791
2022 2 2 0 3 995 1242 1217
2023 2 2 0 3 1112 1123 1122
2024 2 2 0 3 949 1127 1126
2025 2 2 0 3 1007 1280 1010
2026 2 2 0 3 895 1342 1125
2027 2 2 0 3 993 1073 990
2028 2 2 0 3 1029 1377 977
2029 2 2 0 3 774 1120 777
2030 2 2 0 3 1068 1363 1275
2031 2 2 0 3 1117 1316 1085
2032 2 2 0 3 853 1152 1092
2033 2 2 0 3 967 1319 1156
2034 2 2 0 3 1081 1233 1057
2035 2 2 0 3 870 1255 867
2036 2 2 0 3 774 776 772
2037 2 2 0 3 971 1061 970
2038 2 2 0 3 1095 1200 1097
2039 2 2 0 3 1015 1022 1013
2040 2 2 0 3 939 1229 1134
2041 2 2 0 3 777 808 779
2042 2 2 0 3 1187 1244 1067
2043 2 2 0 3 970 1072 969
2044 2 2 0 3 865 867 866
2045 2 2 0 3 1207 1220 749
2046 2 2 0 3 981 1184 951
2047 2 2 0 3 784 785 782
2048 2 2 0 3 1046 1094 1053
2049 2 2 0 3 1149 1150 868
2050 2 2 0 3 1073 1111 990
2051 2 2 0 3 991 994 984
2052 2 2 0 3 950 980 951
2053 2 2 0 3 968 971 970
2054 2 2 0 3 1233 1271 744
2055 2 2 0 3 828 1169 842
2056 2 2 0 3 977 1079 976
2057 2 2 0 3 1125 1147 978
2058 2 2 0 3 849 850 846
2059 2 2 0 3 1057 1152 853
2060 2 2 0 3 905 907 904
2061 2 2 0 3 975 1137 875
2062 2 2 0 3 831 833 832
2063 2 2 0 3 891 1180 896
2064 2 2 0 3 1211 1307 1209
2065 2 2 0 3 926 1268 928
2066 2 2 0 3 843 844 732
2067 2 2 0 3 939 1134 1047
2068 2 2 0 3 898 899 897
2069 2 2 0 3 993 1316 1117
2070 2 2 0 3 796 961 960
2071 2 2 0 3 1014 1015 1013
2072 2 2 0 3 849 1132 950
2073 2 2 0 3 1128 1146 947
2074 2 2 0 3 1024 1288 1001
2075 2 2 0 3 1251 1261 1055
2076 2 2 0 3 813 817 811
2077 2 2 0 3 1275 1373 1068
2078 2 2 0 3 985 995 992
2079 2 2 0 3 1000 1001 998
2080 2 2 0 3 1181 1343 1262
2081 2 2 0 3 749 1282 1207
2082 2 2 0 3 918 920 919
2083 2 2 0 3 941 1218 1189
2084 2 2 0 3 993 1074 1073
2085 2 2 0 3 1084 1157 1130
2086 2 2 0 3 1148 1149 868
2087 2 2 0 3 1125 1342 1147
2088 2 2 0 3 1032 1041 818
2089 2 2 0 3 916 918 917
2090 2 2 0 3 869 872 871
2091 2 2 0 3 733 1121 15
2092 2 2 0 3 1232 1255 1179
2093 2 2 0 3 984 1184 981
2094 2 2 0 3 898 900 899
2095 2 2 0 3 1194 1236 894
2096 2 2 0 3 801 1222 1115
2097 2 2 0 3 739 1281 1046
2098 2 2 0 3 776 1154 772
2099 2 2 0 3 822 973 824
2100 2 2 0 3 763 822 768
2101 2 2 0 3 12 731 11
2102 2 2 0 3 950 1132 1085
2103 2 2 0 3 877 975 875
2104 2 2 0 3 1211 1356 1307
2105 2 2 0 3 1065 1161 839
2106 2 2 0 3 907 911 904
2107 2 2 0 3 930 934 932
2108 2 2 0 3 974 1124 824
2109 2 2 0 3 1025 1059 975
2110 2 2 0 3 887 894 885
2111 2 2 0 3 919 955 922
2112 2 2 0 3 841 967 946
2113 2 2 0 3 978 1281 943
2114 2 2 0 3 747 856 1
2115 2 2 0 3 973 974 824
2116 2 2 0 3 1124 1265 838
2117 2 2 0 3 932 933 931
2118 2 2 0 3 1047 1333 1269
2119 2 2 0 3 968 970 969
2120 2 2 0 3 1040 1055 999
2121 2 2 0 3 1042 1076 1022
2122 2 2 0 3 905 1202 912
2123 2 2 0 3 1153 1170 1060
2124 2 2 0 3 779 780 778
2125 2 2 0 3 845 848 847
2126 2 2 0 3 951 1184 1026
2127 2 2 0 3 1155 1222 801
2128 2 2 0 3 1274 1327 1083
2129 2 2 0 3 1171 1172 1043
2130 2 2 0 3 877 1025 975
2131 2 2 0 3 1089 1272 1174
2132 2 2 0 3 1161 1295 954
2133 2 2 0 3 962 1170 1153
2134 2 2 0 3 817 1215 811
2135 2 2 0 3 953 954 769
2136 2 2 0 3 1144 1227 878
2137 2 2 0 3 945 947 840
2138 2 2 0 3 19 1282 749
2139 2 2 0 3 1019 1021 1020
2140 2 2 0 3 732 855 28
2141 2 2 0 3 929 930 927
2142 2 2 0 3 1286 1329 1105
2143 2 2 0 3 1183 1192 1139
2144 2 2 0 3 1038 1113 1039
2145 2 2 0 3 1059 1201 975
2146 2 2 0 3 901 1202 905
2147 2 2 0 3 1149 1151 1150
2148 2 2 0 3 1009 1280 1007
2149 2 2 0 3 932 1270 933
2150 2 2 0 3 928 1283 1246
2151 2 2 0 3 1044 1275 1108
2152 2 2 0 3 743 1145 742
2153 2 2 0 3 959 1027 958
2154 2 2 0 3 956 959 958
2155 2 2 0 3 1075 1135 1062
2156 2 2 0 3 823 1363 1068
2157 2 2 0 3 42 1292 41
2158 2 2 0 3 953 1044 954
2159 2 2 0 3 1231 1232 1179
2160 2 2 0 3 803 1054 906
2161 2 2 0 3 970 1143 1072
2162 2 2 0 3 1020 1064 1018
2163 2 2 0 3 941 1189 935
2164 2 2 0 3 1133 1270 936
2165 2 2 0 3 956 958 922
2166 2 2 0 3 965 1253 924
2167 2 2 0 3 950 951 850
2168 2 2 0 3 1046 1053 1045
2169 2 2 0 3 1193 1267 816
2170 2 2 0 3 1114 1210 1032
2171 2 2 0 3 1147 1281 978
2172 2 2 0 3 865 868 867
2173 2 2 0 3 865 1148 868
2174 2 2 0 3 860 878 863
2175 2 2 0 3 1191 1325 1163
2176 2 2 0 3 796 962 961
2177 2 2 0 3 1159 1196 971
2178 2 2 0 3 909 1048 1030
2179 2 2 0 3 14 753 13
2180 2 2 0 3 1130 1368 1170
2181 2 2 0 3 878 879 863
2182 2 2 0 3 945 1128 947
2183 2 2 0 3 1027 1028 958
2184 2 2 0 3 1267 1377 1029
2185 2 2 0 3 1193 1377 1267
2186 2 2 0 3 1022 1102 1013
2187 2 2 0 3 26 1186 1140
2188 2 2 0 3 1032 1210 1041
2189 2 2 0 3 995 996 992
2190 2 2 0 3 962 1153 961
2191 2 2 0 3 1025 1060 1059
2192 2 2 0 3 1156 1159 971
2193 2 2 0 3 985 991 984
2194 2 2 0 3 1119 1197 1051
2195 2 2 0 3 1216 1274 1160
2196 2 2 0 3 955 956 922
2197 2 2 0 3 1158 1299 1038
2198 2 2 0 3 1154 1303 773
2199 2 2 0 3 1066 1067 1063
2200 2 2 0 3 1162 1236 964
2201 2 2 0 3 1160 1274 1083
2202 2 2 0 3 1150 1216 872
2203 2 2 0 3 1040 1116 1055
2204 2 2 0 3 889 1194 887
2205 2 2 0 3 31 775 30
2206 2 2 0 3 841 945 840
2207 2 2 0 3 877 1083 1025
2208 2 2 0 3 1227 1346 1053
2209 2 2 0 3 964 1194 893
2210 2 2 0 3 1135 1362 1033
2211 2 2 0 3 937 1357 1101
2212 2 2 0 3 1198 1199 733
2213 2 2 0 3 1069 1217 989
2214 2 2 0 3 872 1216 1160
2215 2 2 0 3 1072 1192 969
2216 2 2 0 3 730 1249 750
2217 2 2 0 3 959 1187 1142
2218 2 2 0 3 735 1127 755
2219 2 2 0 3 944 1154 776
2220 2 2 0 3 968 1156 971
2221 2 2 0 3 1290 1310 1092
2222 2 2 0 3 1147 1342 1046
2223 2 2 0 3 748 979 978
2224 2 2 0 3 1086 1087 974
2225 2 2 0 3 983 985 984
2226 2 2 0 3 892 1353 1351
2227 2 2 0 3 1040 1301 1116
2228 2 2 0 3 20 1282 19
2229 2 2 0 3 759 761 760
2230 2 2 0 3 14 1121 753
2231 2 2 0 3 976 1218 941
2232 2 2 0 3 841 1238 967
2233 2 2 0 3 1041 1209 1208
2234 2 2 0 3 972 1344 738
2235 2 2 0 3 948 1219 1037
2236 2 2 0 3 1145 1334 994
2237 2 2 0 3 775 843 30
2238 2 2 0 3 1069 1335 1301
2239 2 2 0 3 820 1323 785
2240 2 2 0 3 755 1127 819
2241 2 2 0 3 837 841 840
2242 2 2 0 3 806 1200 1095
2243 2 2 0 3 1171 1245 1172
2244 2 2 0 3 988 1063 989
2245 2 2 0 3 780 1323 1204
2246 2 2 0 3 988 1066 1063
2247 2 2 0 3 1006 1007 1005
2248 2 2 0 3 1019 1020 1018
2249 2 2 0 3 21 1136 20
2250 2 2 0 3 1106 1374 960
2251 2 2 0 3 766 953 769
2252 2 2 0 3 1055 1167 999
2253 2 2 0 3 1021 1175 1020
2254 2 2 0 3 951 1026 850
2255 2 2 0 3 1048 1195 1030
2256 2 2 0 3 2 747 1
2257 2 2 0 3 738 1196 972
2258 2 2 0 3 879 881 880
2259 2 2 0 3 851 1289 1132
2260 2 2 0 3 934 1357 937
2261 2 2 0 3 987 993 990
2262 2 2 0 3 743 1243 1145
2263 2 2 0 3 814 1139 812
2264 2 2 0 3 909 1182 1048
2265 2 2 0 3 1028 1222 1155
2266 2 2 0 3 893 1194 889
2267 2 2 0 3 864 865 862
2268 2 2 0 3 969 1192 1183
2269 2 2 0 3 891 893 889
2270 2 2 0 3 1087 1124 974
2271 2 2 0 3 994 1184 984
2272 2 2 0 3 982 1316 987
2273 2 2 0 3 1187 1328 1237
2274 2 2 0 3 1046 1342 1094
2275 2 2 0 3 983 984 981
2276 2 2 0 3 872 1160 873
2277 2 2 0 3 751 1230 53
2278 2 2 0 3 847 1324 851
2279 2 2 0 3 747 858 857
2280 2 2 0 3 1153 1327 961
2281 2 2 0 3 971 1196 1061
2282 2 2 0 3 1317 1373 953
2283 2 2 0 3 1137 1331 876
2284 2 2 0 3 806 1296 1151
2285 2 2 0 3 861 1185 864
2286 2 2 0 3 980 982 981
2287 2 2 0 3 58 1077 741
2288 2 2 0 3 902 1276 1101
2289 2 2 0 3 1246 1283 1113
2290 2 2 0 3 813 1239 817
2291 2 2 0 3 821 1308 1142
2292 2 2 0 3 1036 1220 1035
2293 2 2 0 3 997 1217 1040
2294 2 2 0 3 972 1196 1159
2295 2 2 0 3 857 1302 1078
2296 2 2 0 3 54 751 53
2297 2 2 0 3 745 1310 1290
2298 2 2 0 3 779 781 780
2299 2 2 0 3 48 1278 47
2300 2 2 0 3 985 992 991
2301 2 2 0 3 1041 1058 818
2302 2 2 0 3 959 1142 1027
2303 2 2 0 3 739 1046 1045
2304 2 2 0 3 1103 1158 1006
2305 2 2 0 3 1038 1299 1113
2306 2 2 0 3 1310 1319 1093
2307 2 2 0 3 950 1085 980
2308 2 2 0 3 1141 1162 964
2309 2 2 0 3 1132 1176 1085
2310 2 2 0 3 1041 1208 1058
2311 2 2 0 3 1052 1218 751
2312 2 2 0 3 1134 1333 1047
2313 2 2 0 3 864 1148 865
2314 2 2 0 3 982 986 983
2315 2 2 0 3 872 873 871
2316 2 2 0 3 763 768 764
2317 2 2 0 3 1178 1188 1179
2318 2 2 0 3 851 1362 1289
2319 2 2 0 3 1008 1012 1011
2320 2 2 0 3 868 869 867
2321 2 2 0 3 1157 1215 1130
2322 2 2 0 3 754 1339 36
2323 2 2 0 3 928 1246 965
2324 2 2 0 3 1099 1343 1181
2325 2 2 0 3 921 1254 1253
2326 2 2 0 3 837 1238 841
2327 2 2 0 3 31 1371 775
2328 2 2 0 3 1080 1263 1081
2329 2 2 0 3 1190 1191 910
2330 2 2 0 3 18 1241 17
2331 2 2 0 3 1163 1236 1162
2332 2 2 0 3 887 1194 894
2333 2 2 0 3 879 880 863
2334 2 2 0 3 991 1272 1089
2335 2 2 0 3 1151 1200 806
2336 2 2 0 3 1063 1069 989
2337 2 2 0 3 867 1255 866
2338 2 2 0 3 876 1331 942
2339 2 2 0 3 987 990 988
2340 2 2 0 3 1165 1237 789
2341 2 2 0 3 734 940 45
2342 2 2 0 3 858 859 857
2343 2 2 0 3 1026 1243 1138
2344 2 2 0 3 1179 1255 870
2345 2 2 0 3 1064 1280 1018
2346 2 2 0 3 740 1305 1159
2347 2 2 0 3 1109 1195 1019
2348 2 2 0 3 883 910 881
2349 2 2 0 3 1251 1367 1247
2350 2 2 0 3 863 1185 861
2351 2 2 0 3 50 972 49
2352 2 2 0 3 896 1225 898
2353 2 2 0 3 1235 1252 1175
2354 2 2 0 3 900 901 899
2355 2 2 0 3 731 1235 1175
2356 2 2 0 3 778 944 776
2357 2 2 0 3 1097 1200 1149
2358 2 2 0 3 787 1309 1259
2359 2 2 0 3 1197 1279 923
2360 2 2 0 3 921 1367 1251
2361 2 2 0 3 1091 1221 900
2362 2 2 0 3 952 1298 1065
2363 2 2 0 3 858 1223 1144
2364 2 2 0 3 1208 1307 737
2365 2 2 0 3 1012 1038 1014
2366 2 2 0 3 1033 1362 1114
2367 2 2 0 3 1087 1265 1124
2368 2 2 0 3 762 1364 1031
2369 2 2 0 3 1008 1011 1009
2370 2 2 0 3 1041 1210 1209
2371 2 2 0 3 843 845 844
2372 2 2 0 3 1117 1303 1074
2373 2 2 0 3 940 1290 1152
2374 2 2 0 3 1079 1315 1240
2375 2 2 0 3 1204 1323 820
2376 2 2 0 3 1222 1308 1115
2377 2 2 0 3 1070 1212 949
2378 2 2 0 3 980 981 951
2379 2 2 0 3 1014 1171 1015
2380 2 2 0 3 931 1268 927
2381 2 2 0 3 985 1242 995
2382 2 2 0 3 1004 1103 1006
2383 2 2 0 3 966 1246 1113
2384 2 2 0 3 1180 1300 1076
2385 2 2 0 3 27 1186 26
2386 2 2 0 3 7 739 6
2387 2 2 0 3 34 1341 33
2388 2 2 0 3 997 1040 999
2389 2 2 0 3 963 1327 1274
2390 2 2 0 3 1057 1233 1152
2391 2 2 0 3 1113 1299 966
2392 2 2 0 3 1065 1295 1161
2393 2 2 0 3 747 1223 858
2394 2 2 0 3 1205 1292 42
2395 2 2 0 3 995 997 996
2396 2 2 0 3 982 983 981
2397 2 2 0 3 1115 1308 821
2398 2 2 0 3 947 1206 840
2399 2 2 0 3 847 851 849
2400 2 2 0 3 7 1304 739
2401 2 2 0 3 1096 1181 1098
2402 2 2 0 3 1232 1352 1255
2403 2 2 0 3 866 1352 1078
2404 2 2 0 3 789 1309 1165
2405 2 2 0 3 860 863 861
2406 2 2 0 3 1307 1341 737
2407 2 2 0 3 1289 1362 1135
2408 2 2 0 3 1301 1335 957
2409 2 2 0 3 1099 1181 1096
2410 2 2 0 3 975 1201 1137
2411 2 2 0 3 1215 1368 1130
2412 2 2 0 3 1039 1171 1014
2413 2 2 0 3 1093 1238 852
2414 2 2 0 3 1028 1376 958
2415 2 2 0 3 1175 1252 1020
2416 2 2 0 3 924 1253 920
2417 2 2 0 3 739 1045 6
2418 2 2 0 3 894 1190 885
2419 2 2 0 3 933 1245 1213
2420 2 2 0 3 731 1291 1168
2421 2 2 0 3 47 1278 745
2422 2 2 0 3 1210 1324 848
2423 2 2 0 3 1092 1310 1093
2424 2 2 0 3 1019 1195 1021
2425 2 2 0 3 1074 1203 1073
2426 2 2 0 3 53 1230 52
2427 2 2 0 3 787 1259 820
2428 2 2 0 3 841 946 945
2429 2 2 0 3 880 1185 863
2430 2 2 0 3 1079 1240 976
2431 2 2 0 3 1203 1204 820
2432 2 2 0 3 989 1242 986
2433 2 2 0 3 747 857 856
2434 2 2 0 3 947 1273 1206
2435 2 2 0 3 1107 1274 1216
2436 2 2 0 3 17 1241 1198
2437 2 2 0 3 986 1242 983
2438 2 2 0 3 1036 1329 1199
2439 2 2 0 3 54 1365 1052
2440 2 2 0 3 925 1279 929
2441 2 2 0 3 1085 1366 1117
2442 2 2 0 3 1199 1370 1036
2443 2 2 0 3 1061 1326 1143
2444 2 2 0 3 996 1016 992
2445 2 2 0 3 1094 1214 1053
2446 2 2 0 3 935 1189 1188
2447 2 2 0 3 994 1334 1184
2448 2 2 0 3 933 1213 931
2449 2 2 0 3 1103 1299 1158
2450 2 2 0 3 935 1188 1178
2451 2 2 0 3 1022 1300 1102
2452 2 2 0 3 852 1238 837
2453 2 2 0 3 1167 1261 1103
2454 2 2 0 3 963 1274 1107
2455 2 2 0 3 885 1190 883
2456 2 2 0 3 737 1322 1320
2457 2 2 0 3 11 1168 10
2458 2 2 0 3 1038 1039 1014
2459 2 2 0 3 49 1305 48
2460 2 2 0 3 2 1223 747
2461 2 2 0 3 822 1354 973
2462 2 2 0 3 1127 1212 819
2463 2 2 0 3 1177 1301 957
2464 2 2 0 3 1091 1311 1276
2465 2 2 0 3 1101 1276 1034
2466 2 2 0 3 1043 1257 1042
2467 2 2 0 3 883 1190 910
2468 2 2 0 3 774 1228 1120
2469 2 2 0 3 1011 1017 1009
2470 2 2 0 3 25 1140 742
2471 2 2 0 3 46 734 45
2472 2 2 0 3 965 1367 1253
2473 2 2 0 3 997 999 998
2474 2 2 0 3 1145 1248 742
2475 2 2 0 3 12 1235 731
2476 2 2 0 3 1177 1254 921
2477 2 2 0 3 948 1269 1219
2478 2 2 0 3 1074 1321 1203
2479 2 2 0 3 773 1318 1154
2480 2 2 0 3 938 1256 1133
2481 2 2 0 3 1027 1222 1028
2482 2 2 0 3 1155 1229 1028
2483 2 2 0 3 1240 1315 1230
2484 2 2 0 3 775 1371 1356
2485 2 2 0 3 748 1049 979
2486 2 2 0 3 918 923 920
2487 2 2 0 3 961 1327 963
2488 2 2 0 3 1143 1326 977
2489 2 2 0 3 36 1339 35
2490 2 2 0 3 999 1167 1000
2491 2 2 0 3 1320 1322 1100
2492 2 2 0 3 770 1228 774
2493 2 2 0 3 1035 1220 1207
2494 2 2 0 3 1126 1127 735
2495 2 2 0 3 1174 1249 854
2496 2 2 0 3 862 1302 859
2497 2 2 0 3 1072 1377 1193
2498 2 2 0 3 39 1126 38
2499 2 2 0 3 1020 1252 1064
2500 2 2 0 3 988 989 986
2501 2 2 0 3 1116 1301 1177
2502 2 2 0 3 1187 1237 1142
2503 2 2 0 3 734 1290 940
2504 2 2 0 3 1225 1226 903
2505 2 2 0 3 995 1217 997
2506 2 2 0 3 882 1336 884
2507 2 2 0 3 949 1126 39
2508 2 2 0 3 1188 1231 1179
2509 2 2 0 3 781 783 782
2510 2 2 0 3 1004 1005 1002
2511 2 2 0 3 1143 1377 1072
2512 2 2 0 3 1104 1329 1036
2513 2 2 0 3 845 847 846
2514 2 2 0 3 57 1375 56
2515 2 2 0 3 1098 1355 804
2516 2 2 0 3 845 846 844
2517 2 2 0 3 1027 1308 1222
2518 2 2 0 3 783 784 782
2519 2 2 0 3 997 998 996
2520 2 2 0 3 1008 1009 1007
2521 2 2 0 3 903 1311 1091
2522 2 2 0 3 1245 1283 1213
2523 2 2 0 3 983 1242 985
2524 2 2 0 3 1050 1257 1256
2525 2 2 0 3 1219 1269 1054
2526 2 2 0 3 1113 1283 1039
2527 2 2 0 3 816 1267 1201
2528 2 2 0 3 1165 1309 788
2529 2 2 0 3 1035 1349 1024
2530 2 2 0 3 848 1324 847
2531 2 2 0 3 925 929 927
2532 2 2 0 3 746 1227 1144
2533 2 2 0 3 1213 1268 931
2534 2 2 0 3 1042 1226 1076
2535 2 2 0 3 847 849 846
2536 2 2 0 3 999 1000 998
2537 2 2 0 3 976 1240 1218
2538 2 2 0 3 55 1365 54
2539 2 2 0 3 1181 1284 1098
2540 2 2 0 3 1189 1218 1052
2541 2 2 0 3 900 1221 901
2542 2 2 0 3 1219 1330 1037
2543 2 2 0 3 1085 1316 980
2544 2 2 0 3 1136 1282 20
2545 2 2 0 3 769 770 767
2546 2 2 0 3 1100 1339 754
2547 2 2 0 3 1024 1349 1250
2548 2 2 0 3 1063 1335 1069
2549 2 2 0 3 1275 1363 842
2550 2 2 0 3 1152 1290 1092
2551 2 2 0 3 1010 1358 1105
2552 2 2 0 3 845 1332 848
2553 2 2 0 3 1146 1273 947
2554 2 2 0 3 1039 1245 1171
2555 2 2 0 3 1001 1288 998
2556 2 2 0 3 1078 1360 1077
2557 2 2 0 3 1166 1296 806
2558 2 2 0 3 3 1223 2
2559 2 2 0 3 973 1354 1258
2560 2 2 0 3 740 1278 48
2561 2 2 0 3 987 988 986
2562 2 2 0 3 781 782 780
2563 2 2 0 3 1029 1331 1267
2564 2 2 0 3 1220 1370 749
2565 2 2 0 3 805 1355 1285
2566 2 2 0 3 1176 1289 1075
2567 2 2 0 3 744 1205 43
2568 2 2 0 3 1037 1330 1163
2569 2 2 0 3 1116 1251 1055
2570 2 2 0 3 1075 1289 1135
2571 2 2 0 3 1300 1345 1102
2572 2 2 0 3 1036 1370 1220
2573 2 2 0 3 1105 1329 1104
2574 2 2 0 3 1004 1006 1005
2575 2 2 0 3 838 1265 1263
2576 2 2 0 3 842 1363 826
2577 2 2 0 3 1243 1334 1145
2578 2 2 0 3 1016 1272 992
2579 2 2 0 3 788 1309 787
2580 2 2 0 3 848 1332 1211
2581 2 2 0 3 1114 1324 1210
2582 2 2 0 3 901 1221 1202
2583 2 2 0 3 1154 1321 1303
2584 2 2 0 3 1185 1294 864
2585 2 2 0 3 748 1168 1049
2586 2 2 0 3 1119 1279 1197
2587 2 2 0 3 749 1370 1241
2588 2 2 0 3 1266 1293 1264
2589 2 2 0 3 943 1304 8
2590 2 2 0 3 48 1305 740
2591 2 2 0 3 927 1268 926
2592 2 2 0 3 892 1300 1180
2593 2 2 0 3 813 1369 1239
2594 2 2 0 3 1149 1200 1151
2595 2 2 0 3 977 1326 1079
2596 2 2 0 3 926 965 924
2597 2 2 0 3 1154 1318 772
2598 2 2 0 3 751 1240 1230
2599 2 2 0 3 785 1323 782
2600 2 2 0 3 1163 1325 1236
2601 2 2 0 3 982 987 986
2602 2 2 0 3 1246 1247 965
2603 2 2 0 3 1231 1361 1232
2604 2 2 0 3 1214 1336 882
2605 2 2 0 3 1264 1271 1081
2606 2 2 0 3 1066 1328 1067
2607 2 2 0 3 1185 1343 1294
2608 2 2 0 3 1263 1264 1081
2609 2 2 0 3 753 1235 13
2610 2 2 0 3 1064 1358 1280
2611 2 2 0 3 1049 1291 1224
2612 2 2 0 3 1269 1333 1054
2613 2 2 0 3 1142 1308 1027
2614 2 2 0 3 1076 1300 1022
2615 2 2 0 3 1285 1330 805
2616 2 2 0 3 1239 1369 816
2617 2 2 0 3 1174 1250 1249
2618 2 2 0 3 1082 1371 32
2619 2 2 0 3 750 1207 1136
2620 2 2 0 3 929 1350 1131
2621 2 2 0 3 763 1354 822
2622 2 2 0 3 1262 1284 1181
2623 2 2 0 3 1307 1356 1082
2624 2 2 0 3 1198 1370 1199
2625 2 2 0 3 9 1359 943
2626 2 2 0 3 958 1376 922
2627 2 2 0 3 1055 1261 1167
2628 2 2 0 3 1257 1372 1042
2629 2 2 0 3 768 1317 764
2630 2 2 0 3 960 1374 794
2631 2 2 0 3 742 1248 1173
2632 2 2 0 3 1249 1250 750
2633 2 2 0 3 756 1348 1100
2634 2 2 0 3 1263 1265 1264
2635 2 2 0 3 773 1366 1176
2636 2 2 0 3 749 1241 18
2637 2 2 0 3 925 927 926
2638 2 2 0 3 953 1373 1044
2639 2 2 0 3 1053 1346 1045
2640 2 2 0 3 763 764 762
2641 2 2 0 3 766 1317 953
2642 2 2 0 3 1277 1350 1119
2643 2 2 0 3 761 1354 763
2644 2 2 0 3 1213 1283 928
2645 2 2 0 3 944 1321 1154
2646 2 2 0 3 1054 1333 906
2647 2 2 0 3 739 1304 1281
2648 2 2 0 3 992 1272 991
2649 2 2 0 3 1191 1284 910
2650 2 2 0 3 1042 1372 1226
2651 2 2 0 3 966 1247 1246
2652 2 2 0 3 1322 1339 1100
2653 2 2 0 3 942 1331 1029
2654 2 2 0 3 1239 1337 817
2655 2 2 0 3 759 1258 761
2656 2 2 0 3 854 1249 730
2657 2 2 0 3 1196 1313 1061
2658 2 2 0 3 775 1332 843
2659 2 2 0 3 56 1306 55
2660 2 2 0 3 1337 1368 817
2661 2 2 0 3 8 1304 7
2662 2 2 0 3 1218 1240 751
2663 2 2 0 3 1079 1326 1313
2664 2 2 0 3 1163 1330 1285
2665 2 2 0 3 50 1344 972
2666 2 2 0 3 1168 1291 1049
2667 2 2 0 3 1190 1325 1191
2668 2 2 0 3 1159 1305 972
2669 2 2 0 3 910 1262 881
2670 2 2 0 3 745 1290 734
2671 2 2 0 3 1132 1289 1176
2672 2 2 0 3 996 1288 1016
2673 2 2 0 3 805 1330 1219
2674 2 2 0 3 890 1353 891
2675 2 2 0 3 32 1371 31
2676 2 2 0 3 1121 1338 753
2677 2 2 0 3 1208 1320 1058
2678 2 2 0 3 919 1254 955
2679 2 2 0 3 1052 1365 1347
2680 2 2 0 3 864 1294 1148
2681 2 2 0 3 1060 1337 1059
2682 2 2 0 3 1175 1291 731
2683 2 2 0 3 1294 1343 1099
2684 2 2 0 3 58 1314 57
2685 2 2 0 3 881 1262 880
2686 2 2 0 3 1303 1366 773
2687 2 2 0 3 1207 1349 1035
2688 2 2 0 3 742 1140 743
2689 2 2 0 3 748 1359 1168
2690 2 2 0 3 910 1284 1262
2691 2 2 0 3 1264 1293 1271
2692 2 2 0 3 1256 1257 1043
2693 2 2 0 3 1023 1361 1231
2694 2 2 0 3 757 1340 759
2695 2 2 0 3 1262 1343 880
2696 2 2 0 3 843 1332 845
2697 2 2 0 3 1094 1336 1214
2698 2 2 0 3 1260 1364 765
2699 2 2 0 3 955 1254 1177
2700 2 2 0 3 998 1288 996
2701 2 2 0 3 34 1322 737
2702 2 2 0 3 894 1325 1190
2703 2 2 0 3 772 1318 771
2704 2 2 0 3 1168 1359 10
2705 2 2 0 3 1313 1315 1079
2706 2 2 0 3 1352 1360 1078
2707 2 2 0 3 1117 1366 1303
2708 2 2 0 3 1313 1326 1061
2709 2 2 0 3 41 1312 40
2710 2 2 0 3 859 1302 857
2711 2 2 0 3 744 1271 1205
2712 2 2 0 3 1211 1332 775
2713 2 2 0 3 1039 1283 1245
2714 2 2 0 3 1207 1282 1136
2715 2 2 0 3 1232 1361 1360
2716 2 2 0 3 51 1344 50
2717 2 2 0 3 1076 1226 1225
2718 2 2 0 3 1285 1355 1098
2719 2 2 0 3 957 1335 1244
2720 2 2 0 3 1188 1347 1231
2721 2 2 0 3 1067 1335 1063
2722 2 2 0 3 892 1345 1300
2723 2 2 0 3 1209 1307 1208
2724 2 2 0 3 35 1322 34
2725 2 2 0 3 737 1341 34
2726 2 2 0 3 1044 1373 1275
2727 2 2 0 3 10 1359 9
2728 2 2 0 3 1232 1360 1352
2729 2 2 0 3 954 1295 1228
2730 2 2 0 3 891 1353 1180
2731 2 2 0 3 764 1317 766
2732 2 2 0 3 1023 1231 752
2733 2 2 0 3 1082 1341 1307
2734 2 2 0 3 1252 1338 1064
2735 2 2 0 3 753 1252 1235
2736 2 2 0 3 1184 1334 1026
2737 2 2 0 3 1067 1328 1187
2738 2 2 0 3 1244 1335 1067
2739 2 2 0 3 1347 1365 752
2740 2 2 0 3 1360 1361 741
2741 2 2 0 3 925 926 924
2742 2 2 0 3 980 1316 982
2743 2 2 0 3 1311 1372 1050
2744 2 2 0 3 782 1323 780
2745 2 2 0 3 1189 1347 1188
2746 2 2 0 3 733 1286 1121
2747 2 2 0 3 1258 1354 761
2748 2 2 0 3 750 1349 1207
2749 2 2 0 3 1228 1295 1120
2750 2 2 0 3 855 1186 27
2751 2 2 0 3 35 1339 1322
2752 2 2 0 3 1286 1338 1121
2753 2 2 0 3 1279 1350 929
2754 2 2 0 3 1077 1360 741
2755 2 2 0 3 1280 1358 1010
2756 2 2 0 3 1026 1334 1243
2757 2 2 0 3 880 1343 1185
2758 2 2 0 3 759 1340 1258
2759 2 2 0 3 928 1268 1213
2760 2 2 0 3 737 1320 1208
2761 2 2 0 3 1052 1347 1189
2762 2 2 0 3 753 1338 1252
2763 2 2 0 3 1180 1353 892
2764 2 2 0 3 1226 1372 903
2765 2 2 0 3 1050 1372 1257
2766 2 2 0 3 1176 1366 1085
2767 2 2 0 3 775 1356 1211
2768 2 2 0 3 738 1313 1196
2769 2 2 0 3 746 1346 1227
2770 2 2 0 3 1250 1349 750
2771 2 2 0 3 972 1305 49
2772 2 2 0 3 1255 1352 866
2773 2 2 0 3 1231 1347 752
2774 2 2 0 3 1140 1186 743
2775 2 2 0 3 1059 1337 1239
2776 2 2 0 3 1236 1325 894
2777 2 2 0 3 1278 1310 745
2778 2 2 0 3 1045 1346 1287
2779 2 2 0 3 817 1368 1215
2780 2 2 0 3 1100 1348 1320
2781 2 2 0 3 1241 1370 1198
2782 2 2 0 3 736 1293 1266
2783 2 2 0 3 738 1315 1313
2784 2 2 0 3 56 1375 1306
2785 2 2 0 3 1320 1348 1058
2786 2 2 0 3 1287 1346 746
2787 2 2 0 3 1247 1367 965
2788 2 2 0 3 736 1312 41
2789 2 2 0 3 41 1292 736
2790 2 2 0 3 1314 1375 57
2791 2 2 0 3 1119 1350 1279
2792 2 2 0 3 1303 1321 1074
2793 2 2 0 3 1271 1293 1205
2794 2 2 0 3 1314 1361 1023
2795 2 2 0 3 903 1372 1311
2796 2 2 0 3 892 1351 1345
2797 2 2 0 3 805 1378 1355
2798 2 2 0 3 1253 1367 921
2799 2 2 0 3 752 1365 1306
2800 2 2 0 3 1306 1365 55
2801 2 2 0 3 738 1344 51
2802 2 2 0 3 1023 1375 1314
2803 2 2 0 3 1355 1378 804
2804 2 2 0 3 1345 1351 1109
2805 2 2 0 3 741 1361 1314
2806 2 2 0 3 741 1314 58
2807 2 2 0 3 1356 1371 1082
2808 2 2 0 3 1205 1293 1292
2809 2 2 0 3 1281 1304 943
2810 2 2 0 3 1292 1293 736
2811 2 2 0 3 752 1306 1023
2812 2 2 0 3 1306 1375 1023
2813 4 2 0 1 1217 1973 1069 989
2814 4 2 0 1 1868 1968 999 998
2815 4 2 0 1 1745 1755 1619 1669
2816 4 2 0 1 1741 2494 2101 2495
2817 4 2 0 1 2139 1769 2289 1393
2818 4 2 0 1 2375 2380 2483 2487
2819 4 2 0 1 1708 2051 2053 144
2820 4 2 0 1 2075 1856 2278 1447
2821 4 2 0 1 2383 1594 1541 2477
2822 4 2 0 1 1744 1755 1619 1745
2823 4 2 0 1 2779 1582 2403 127
2824 4 2 0 1 2139 2289 2247 2727
2825 4 2 0 1 1211 848 1209 1846
2826 4 2 0 1 46 1629 1758 1643
2827 4 2 0 1 2493 2795 2347 1720
2828 4 2 0 1 1547 2493 1738 2359
2829 4 2 0 1 1737 1734 624 1565
2830 4 2 0 1 1395 1759 1758 2143
2831 4 2 0 1 1696 2732 2735 2821
2832 4 2 0 1 2108 2715 2264 2714
2833 4 2 0 1 2019 1951 1171 1886
2834 4 2 0 1 2068 2280 2656 2279
2835 4 2 0 1 2038 1518 2435 2784
2836 4 2 0 1 2623 1552 1829 2003
2837 4 2 0 1 936 2834 938 937
2838 4 2 0 1 1468 1994 2767 563
2839 4 2 0 1 2540 258 1671 2178
2840 4 2 0 1 1663 243 2131 1654
2841 4 2 0 1 1816 1683 1878 1813
2842 4 2 0 1 1533 1852 2650 1855
2843 4 2 0 1 418 2482 2719 1590
2844 4 2 0 1 2412 2565 2647 2414
2845 4 2 0 1 1557 708 391 624
2846 4 2 0 1 2798 1570 2774 1699
2847 4 2 0 1 938 2833 937 2834
2848 4 2 0 1 1758 1644 1629 618
2849 4 2 0 1 265 2537 180 176
2850 4 2 0 1 2312 2157 2314 2159
2851 4 2 0 1 2130 2128 1397 2148
2852 4 2 0 1 2003 2500 1552 1829
2853 4 2 0 1 2391 697 1560 97
2854 4 2 0 1 938 2833 2834 1797
2855 4 2 0 1 256 1656 253 594
2856 4 2 0 1 1734 1557 624 708
2857 4 2 0 1 2833 937 2834 934
2858 4 2 0 1 85 2837 593 2416
2859 4 2 0 1 1330 2048 2031 1285
2860 4 2 0 1 1073 2014 1942 1907
2861 4 2 0 1 983 985 1242 1937
2862 4 2 0 1 361 1642 352 1585
2863 4 2 0 1 2460 1853 1854 1569
2864 4 2 0 1 1081 2036 1271 1264
2865 4 2 0 1 2492 1705 2489 2794
2866 4 2 0 1 1645 1684 2752 1685
2867 4 2 0 1 2529 286 288 1729
2868 4 2 0 1 2703 2109 2134 2108
2869 4 2 0 1 2402 2211 2686 1413
2870 4 2 0 1 2074 2651 2075 2652
2871 4 2 0 1 1850 768 2825 823
2872 4 2 0 1 1817 1294 1878 1813
2873 4 2 0 1 618 47 74 1629
2874 4 2 0 1 1413 2686 2402 2401
2875 4 2 0 1 1911 1930 777 1910
2876 4 2 0 1 2529 1751 1587 1704
2877 4 2 0 1 1644 618 74 1629
2878 4 2 0 1 2378 1458 2421 2158
2879 4 2 0 1 1495 2751 1561 2400
2880 4 2 0 1 1849 2040 1882 1044
2881 4 2 0 1 1904 1993 2256 2249
2882 4 2 0 1 413 1629 48 1630
2883 4 2 0 1 2108 2264 2715 2267
2884 4 2 0 1 1620 1477 2673 1619
2885 4 2 0 1 2354 2803 2673 1621
2886 4 2 0 1 593 2416 703 30
2887 4 2 0 1 413 1629 1630 1644
2888 4 2 0 1 1905 2235 856 1989
2889 4 2 0 1 1758 1643 2146 1640
2890 4 2 0 1 630 1653 301 369
2891 4 2 0 1 1081 2036 1264 1263
2892 4 2 0 1 114 115 1696 2735
2893 4 2 0 1 471 1717 1640 1747
2894 4 2 0 1 1717 471 1640 1643
2895 4 2 0 1 1894 1892 1993 1437
2896 4 2 0 1 1437 1892 1993 1904
2897 4 2 0 1 1888 786 1887 1842
2898 4 2 0 1 1563 1530 1680 1678
2899 4 2 0 1 1894 1903 1892 859
2900 4 2 0 1 995 1973 1615 1968
2901 4 2 0 1 2402 2686 1496 2401
2902 4 2 0 1 1312 1688 41 40
2903 4 2 0 1 58 1314 1987 57
2904 4 2 0 1 1626 2237 1466 2756
2905 4 2 0 1 1941 2010 2022 1315
2906 4 2 0 1 2310 1450 1721 1712
2907 4 2 0 1 2252 1894 1895 2663
2908 4 2 0 1 2535 2637 1498 2816
2909 4 2 0 1 1726 1592 2539 1591
2910 4 2 0 1 593 2416 2837 703
2911 4 2 0 1 1565 1455 2102 1601
2912 4 2 0 1 254 1592 2541 255
2913 4 2 0 1 573 619 2540 510
2914 4 2 0 1 1685 1481 2752 2362
2915 4 2 0 1 2365 425 2587 182
2916 4 2 0 1 58 370 57 1421
2917 4 2 0 1 861 859 1892 860
2918 4 2 0 1 2493 2224 2492 2794
2919 4 2 0 1 1559 2508 2178 2433
2920 4 2 0 1 1894 2252 1437 1993
2921 4 2 0 1 1652 2480 2114 2197
2922 4 2 0 1 2416 1675 843 30
2923 4 2 0 1 1848 888 1090 1804
2924 4 2 0 1 52 2010 1315 2022
2925 4 2 0 1 1357 937 2833 934
2926 4 2 0 1 53 522 52 2039
2927 4 2 0 1 898 896 2006 1225
2928 4 2 0 1 1905 1078 857 1302
2929 4 2 0 1 51 79 2039 52
2930 4 2 0 1 1895 1438 2664 2252
2931 4 2 0 1 1717 2174 1640 1747
2932 4 2 0 1 2749 2209 1412 2745
2933 4 2 0 1 1894 1903 1993 1892
2934 4 2 0 1 2590 2708 2710 1385
2935 4 2 0 1 2708 2722 2721 2589
2936 4 2 0 1 2708 2722 2589 2098
2937 4 2 0 1 1143 2325 1845 1915
2938 4 2 0 1 1138 844 2343 846
2939 4 2 0 1 632 1761 1668 1646
2940 4 2 0 1 1595 273 216 217
2941 4 2 0 1 2325 1143 1377 1072
2942 4 2 0 1 1326 1061 1143 1915
2943 4 2 0 1 132 1561 728 662
2944 4 2 0 1 977 1845 1326 1143
2945 4 2 0 1 2723 2117 2494 1549
2946 4 2 0 1 1357 1131 934 2833
2947 4 2 0 1 1892 1903 1993 1904
2948 4 2 0 1 685 16 17 1614
2949 4 2 0 1 424 2771 687 1706
2950 4 2 0 1 2174 1717 1640 1643
2951 4 2 0 1 1277 2833 1797 1131
2952 4 2 0 1 187 588 1685 1572
2953 4 2 0 1 2386 1570 1650 228
2954 4 2 0 1 2826 812 813 811
2955 4 2 0 1 1060 1794 1337 1368
2956 4 2 0 1 1059 1794 1337 1060
2957 4 2 0 1 908 2831 913 2838
2958 4 2 0 1 2299 2296 2304 1954
2959 4 2 0 1 1320 1966 1058 1348
2960 4 2 0 1 156 1587 158 2528
2961 4 2 0 1 2553 1743 1601 1742
2962 4 2 0 1 1586 458 598 459
2963 4 2 0 1 363 430 2510 1706
2964 4 2 0 1 640 1750 1642 353
2965 4 2 0 1 1673 1846 2345 1675
2966 4 2 0 1 1592 1726 669 431
2967 4 2 0 1 2040 1900 1851 1849
2968 4 2 0 1 908 913 2831 914
2969 4 2 0 1 1736 2055 1669 2554
2970 4 2 0 1 1971 1950 1113 1951
2971 4 2 0 1 2708 2721 2722 2103
2972 4 2 0 1 908 2831 2838 907
2973 4 2 0 1 1967 1348 1966 1320
2974 4 2 0 1 2386 2446 227 1650
2975 4 2 0 1 760 1832 759 758
2976 4 2 0 1 2457 2788 1701 1173
2977 4 2 0 1 2762 1522 1456 2316
2978 4 2 0 1 905 907 908 2838
2979 4 2 0 1 1832 760 818 758
2980 4 2 0 1 1967 1348 1320 1100
2981 4 2 0 1 236 1612 1648 237
2982 4 2 0 1 1875 1718 2660 2659
2983 4 2 0 1 1224 2648 1660 1984
2984 4 2 0 1 143 141 2052 2552
2985 4 2 0 1 2386 2446 1650 2398
2986 4 2 0 1 66 227 1650 226
2987 4 2 0 1 2446 227 1650 66
2988 4 2 0 1 225 1650 1520 626
2989 4 2 0 1 1578 729 295 1655
2990 4 2 0 1 682 715 1733 197
2991 4 2 0 1 357 2824 343 699
2992 4 2 0 1 1939 2002 1284 910
2993 4 2 0 1 1658 1281 943 1660
2994 4 2 0 1 2119 1389 1405 2123
2995 4 2 0 1 225 1650 66 1520
2996 4 2 0 1 89 91 1602 1624
2997 4 2 0 1 280 2475 2792 1577
2998 4 2 0 1 2623 1552 2499 2501
2999 4 2 0 1 1228 1849 954 769
3000 4 2 0 1 748 1660 1359 943
3001 4 2 0 1 2315 1220 1035 1834
3002 4 2 0 1 1124 1850 974 824
3003 4 2 0 1 11 1659 1658 1660
3004 4 2 0 1 2630 1800 1122 1799
3005 4 2 0 1 2116 2103 2722 2721
3006 4 2 0 1 2263 2819 2761 2291
3007 4 2 0 1 1761 1389 2123 1405
3008 4 2 0 1 2660 1233 1271 1718
3009 4 2 0 1 2310 1448 2309 1712
3010 4 2 0 1 1234 1851 2040 1900
3011 4 2 0 1 1939 910 1284 1262
3012 4 2 0 1 93 667 92 1672
3013 4 2 0 1 1496 2686 2526 2401
3014 4 2 0 1 418 2482 1590 635
3015 4 2 0 1 903 898 900 2020
3016 4 2 0 1 1406 1626 2187 2186
3017 4 2 0 1 1847 809 1866 1793
3018 4 2 0 1 1654 245 612 1661
3019 4 2 0 1 1603 584 2529 390
3020 4 2 0 1 196 262 1651 162
3021 4 2 0 1 1299 1950 1158 1038
3022 4 2 0 1 1578 298 299 297
3023 4 2 0 1 390 645 1694 486
3024 4 2 0 1 1792 2566 2415 2318
3025 4 2 0 1 519 2281 1720 1697
3026 4 2 0 1 1708 377 1677 543
3027 4 2 0 1 238 236 1648 237
3028 4 2 0 1 1544 463 1543 673
3029 4 2 0 1 1559 248 1661 612
3030 4 2 0 1 1967 1208 1966 1846
3031 4 2 0 1 1626 2185 2183 1631
3032 4 2 0 1 2716 2327 2230 2545
3033 4 2 0 1 1573 405 1741 1742
3034 4 2 0 1 2769 2780 2411 2414
3035 4 2 0 1 2442 2555 1929 1912
3036 4 2 0 1 1916 1179 1944 1926
3037 4 2 0 1 2566 1792 2415 2414
3038 4 2 0 1 2077 2698 2078 2697
3039 4 2 0 1 2254 2688 2249 2689
3040 4 2 0 1 617 2531 1588 2477
3041 4 2 0 1 2346 2786 2341 1923
3042 4 2 0 1 97 2368 98 96
3043 4 2 0 1 2036 1263 1851 1265
3044 4 2 0 1 2836 9 78 567
3045 4 2 0 1 1719 2073 1444 1721
3046 4 2 0 1 2305 173 1441 172
3047 4 2 0 1 2227 1426 2231 2228
3048 4 2 0 1 707 70 2837 2829
3049 4 2 0 1 2019 938 1050 1256
3050 4 2 0 1 2135 2124 1392 2703
3051 4 2 0 1 1996 1635 2321 1995
3052 4 2 0 1 1876 2020 2519 2588
3053 4 2 0 1 2702 2092 2684 2136
3054 4 2 0 1 2077 2596 2597 2078
3055 4 2 0 1 819 1340 1880 1832
3056 4 2 0 1 1559 1654 2161 2433
3057 4 2 0 1 2176 2177 2734 1404
3058 4 2 0 1 2569 1402 2568 1746
3059 4 2 0 1 260 2545 2175 261
3060 4 2 0 1 2110 2109 2108 2134
3061 4 2 0 1 2145 2245 2017 2731
3062 4 2 0 1 359 2491 657 521
3063 4 2 0 1 1986 896 893 891
3064 4 2 0 1 362 2840 1657 496
3065 4 2 0 1 432 623 1539 722
3066 4 2 0 1 2182 2162 2211 2686
3067 4 2 0 1 1618 344 1585 339
3068 4 2 0 1 2701 1392 2136 2179
3069 4 2 0 1 2701 2135 1392 2703
3070 4 2 0 1 2420 2105 2106 2312
3071 4 2 0 1 2037 1519 2635 2636
3072 4 2 0 1 2001 1191 1325 1163
3073 4 2 0 1 2200 2203 2216 1478
3074 4 2 0 1 1542 512 1543 1652
3075 4 2 0 1 2092 2734 2684 2136
3076 4 2 0 1 1895 1905 2663 1894
3077 4 2 0 1 2699 1382 2282 2651
3078 4 2 0 1 394 434 2178 1511
3079 4 2 0 1 2044 1045 6 739
3080 4 2 0 1 2541 2508 2540 1671
3081 4 2 0 1 330 331 327 1585
3082 4 2 0 1 1891 865 1955 1921
3083 4 2 0 1 1562 601 129 1561
3084 4 2 0 1 179 511 1483 183
3085 4 2 0 1 517 542 1750 598
3086 4 2 0 1 1645 1698 2748 429
3087 4 2 0 1 1559 248 612 705
3088 4 2 0 1 2125 1403 2122 2570
3089 4 2 0 1 1646 1389 2122 2570
3090 4 2 0 1 754 1531 1967 2024
3091 4 2 0 1 1624 1700 2456 1560
3092 4 2 0 1 619 258 2540 2178
3093 4 2 0 1 2539 2428 1591 2540
3094 4 2 0 1 2042 2530 2671 2672
3095 4 2 0 1 2815 2423 1498 2816
3096 4 2 0 1 1739 566 1692 1602
3097 4 2 0 1 2756 2731 2017 2022
3098 4 2 0 1 2419 2422 2155 2522
3099 4 2 0 1 2541 2508 1671 1403
3100 4 2 0 1 2840 496 78 8
3101 4 2 0 1 2478 2481 2193 2474
3102 4 2 0 1 870 1178 871 2643
3103 4 2 0 1 1969 2827 1279 1119
3104 4 2 0 1 1651 2496 1590 1733
3105 4 2 0 1 760 1880 1832 762
3106 4 2 0 1 2246 1424 1987 1988
3107 4 2 0 1 2363 2208 2577 2773
3108 4 2 0 1 2088 2153 1383 2703
3109 4 2 0 1 1479 2353 2216 2213
3110 4 2 0 1 2340 765 1983 767
3111 4 2 0 1 1990 2246 1987 2016
3112 4 2 0 1 1752 385 2830 400
3113 4 2 0 1 2772 319 316 1748
3114 4 2 0 1 1476 2357 2773 2358
3115 4 2 0 1 2551 2053 1708 2674
3116 4 2 0 1 313 427 589 1541
3117 4 2 0 1 58 57 1987 1421
3118 4 2 0 1 650 2514 1567 472
3119 4 2 0 1 2559 1122 1123 2630
3120 4 2 0 1 2839 677 671 1752
3121 4 2 0 1 2611 1771 2613 2809
3122 4 2 0 1 2839 677 208 671
3123 4 2 0 1 25 2457 84 24
3124 4 2 0 1 467 1758 2569 615
3125 4 2 0 1 2839 677 631 208
3126 4 2 0 1 1691 1689 2586 1417
3127 4 2 0 1 2550 1783 1999 2005
3128 4 2 0 1 2839 677 1752 631
3129 4 2 0 1 1092 852 1093 1897
3130 4 2 0 1 1425 1435 2254 2249
3131 4 2 0 1 2690 1564 2656 2699
3132 4 2 0 1 2611 1702 2076 2809
3133 4 2 0 1 2243 1423 1944 1998
3134 4 2 0 1 1849 1228 954 1295
3135 4 2 0 1 1526 2424 2423 1504
3136 4 2 0 1 1622 329 2673 1619
3137 4 2 0 1 1389 2122 1392 2120
3138 4 2 0 1 661 110 2372 105
3139 4 2 0 1 2018 1425 2512 2254
3140 4 2 0 1 2189 2188 2715 2330
3141 4 2 0 1 1991 2668 2670 2594
3142 4 2 0 1 474 2835 1729 440
3143 4 2 0 1 935 1998 2641 1818
3144 4 2 0 1 1435 2582 2512 2254
3145 4 2 0 1 1986 889 1804 890
3146 4 2 0 1 1726 1592 669 1537
3147 4 2 0 1 2360 337 1547 2350
3148 4 2 0 1 1440 1977 2300 1439
3149 4 2 0 1 185 187 2364 186
3150 4 2 0 1 2690 2248 2256 1597
3151 4 2 0 1 474 476 2835 620
3152 4 2 0 1 2795 2509 2066 2285
3153 4 2 0 1 1993 2249 2688 2248
3154 4 2 0 1 2050 458 598 1586
3155 4 2 0 1 1973 1974 1066 1781
3156 4 2 0 1 2018 2235 2254 1436
3157 4 2 0 1 316 1749 2349 2772
3158 4 2 0 1 581 160 2405 514
3159 4 2 0 1 2308 1442 2751 2217
3160 4 2 0 1 1596 2235 2018 1436
3161 4 2 0 1 2512 1436 2511 2018
3162 4 2 0 1 2511 1596 2018 1436
3163 4 2 0 1 1178 1188 1916 1179
3164 4 2 0 1 1457 2159 2156 1527
3165 4 2 0 1 1189 1052 1218 1998
3166 4 2 0 1 2251 1436 1596 2513
3167 4 2 0 1 478 623 1539 307
3168 4 2 0 1 1726 669 431 477
3169 4 2 0 1 474 476 1729 2835
3170 4 2 0 1 80 430 2510 609
3171 4 2 0 1 1104 1859 1812 1002
3172 4 2 0 1 2514 1596 1567 2513
3173 4 2 0 1 2251 1436 2513 2250
3174 4 2 0 1 2030 1422 2328 2236
3175 4 2 0 1 1824 2031 2049 2048
3176 4 2 0 1 14 1714 503 13
3177 4 2 0 1 1715 1917 1447 1857
3178 4 2 0 1 1933 2535 2811 2801
3179 4 2 0 1 876 1865 1331 1137
3180 4 2 0 1 479 550 1678 2348
3181 4 2 0 1 2391 697 97 526
3182 4 2 0 1 2388 1570 2798 1650
3183 4 2 0 1 1983 765 2340 1880
3184 4 2 0 1 1105 1715 1860 1857
3185 4 2 0 1 2278 2072 1860 2650
3186 4 2 0 1 1721 1710 1712 1444
3187 4 2 0 1 2757 1998 2767 2328
3188 4 2 0 1 423 544 1708 644
3189 4 2 0 1 1287 746 1346 1680
3190 4 2 0 1 2787 2451 2447 2788
3191 4 2 0 1 1810 821 1165 2807
3192 4 2 0 1 1719 717 1710 503
3193 4 2 0 1 2827 1101 1276 1797
3194 4 2 0 1 609 363 2510 2490
3195 4 2 0 1 1555 1719 717 1710
3196 4 2 0 1 1952 1607 1953 2013
3197 4 2 0 1 2806 2105 1458 2312
3198 4 2 0 1 2721 2105 2103 2806
3199 4 2 0 1 2105 2103 2806 1458
3200 4 2 0 1 1211 1356 775 1675
3201 4 2 0 1 1700 2456 2782 2542
3202 4 2 0 1 2420 2105 1458 1508
3203 4 2 0 1 1653 672 301 493
3204 4 2 0 1 1054 1825 1219 805
3205 4 2 0 1 962 1794 1153 1170
3206 4 2 0 1 2730 1778 1907 2626
3207 4 2 0 1 2079 1534 2612 2585
3208 4 2 0 1 1984 909 1048 1804
3209 4 2 0 1 1914 792 1831 791
3210 4 2 0 1 1415 2180 2205 2576
3211 4 2 0 1 1063 1974 1973 2025
3212 4 2 0 1 1233 1718 744 1271
3213 4 2 0 1 2336 2632 1501 2325
3214 4 2 0 1 1969 2827 1276 1797
3215 4 2 0 1 2730 1778 2626 2565
3216 4 2 0 1 1739 603 576 539
3217 4 2 0 1 97 2368 96 2390
3218 4 2 0 1 1070 949 1212 2029
3219 4 2 0 1 634 654 484 1647
3220 4 2 0 1 1766 1777 2808 2730
3221 4 2 0 1 2728 2730 2600 1779
3222 4 2 0 1 1541 427 417 681
3223 4 2 0 1 2388 1570 1650 2398
3224 4 2 0 1 2019 1935 1245 1951
3225 4 2 0 1 2663 1360 2012 1990
3226 4 2 0 1 2026 1718 2035 2659
3227 4 2 0 1 2025 1217 1069 1040
3228 4 2 0 1 392 394 1511 393
3229 4 2 0 1 1203 1321 2014 1893
3230 4 2 0 1 1277 1118 1119 2827
3231 4 2 0 1 1822 1981 2007 1095
3232 4 2 0 1 1819 2781 1960 1961
3233 4 2 0 1 2435 1875 1514 1516
3234 4 2 0 1 1056 836 1897 1900
3235 4 2 0 1 1874 767 2667 1983
3236 4 2 0 1 2496 2485 500 2507
3237 4 2 0 1 2827 1118 1119 1969
3238 4 2 0 1 905 1202 901 2828
3239 4 2 0 1 1784 1327 963 961
3240 4 2 0 1 2009 993 1942 1908
3241 4 2 0 1 2327 2572 307 1539
3242 4 2 0 1 1283 1935 1951 1245
3243 4 2 0 1 2498 290 2529 584
3244 4 2 0 1 790 1914 1843 1842
3245 4 2 0 1 2584 1796 2049 1824
3246 4 2 0 1 27 1962 855 28
3247 4 2 0 1 2514 2220 1639 2571
3248 4 2 0 1 1724 1476 1480 1745
3249 4 2 0 1 1480 1744 1745 1755
3250 4 2 0 1 2467 2465 2468 2463
3251 4 2 0 1 1480 1744 1755 597
3252 4 2 0 1 597 1480 337 455
3253 4 2 0 1 2491 359 2772 570
3254 4 2 0 1 1805 1794 1153 962
3255 4 2 0 1 1480 1744 597 1723
3256 4 2 0 1 2744 133 121 461
3257 4 2 0 1 2347 716 1738 1720
3258 4 2 0 1 1757 2360 1480 455
3259 4 2 0 1 1755 1757 1480 455
3260 4 2 0 1 1600 507 354 558
3261 4 2 0 1 388 435 1646 2570
3262 4 2 0 1 273 419 614 1692
3263 4 2 0 1 2001 2002 1782 2003
3264 4 2 0 1 2753 2749 2773 2577
3265 4 2 0 1 1949 1830 879 1790
3266 4 2 0 1 1387 2227 2229 2112
3267 4 2 0 1 882 1830 879 881
3268 4 2 0 1 1277 2833 1131 1357
3269 4 2 0 1 101 379 389 2524
3270 4 2 0 1 2083 1382 2076 2597
3271 4 2 0 1 2422 2712 2389 2448
3272 4 2 0 1 2244 2640 2337 1499
3273 4 2 0 1 1925 990 1469 1811
3274 4 2 0 1 291 1752 446 686
3275 4 2 0 1 1954 2642 2299 2296
3276 4 2 0 1 826 2040 1363 842
3277 4 2 0 1 1962 27 855 1186
3278 4 2 0 1 2257 2113 1387 2231
3279 4 2 0 1 1999 2588 2550 2519
3280 4 2 0 1 847 1901 1902 2343
3281 4 2 0 1 1860 1856 1855 1857
3282 4 2 0 1 2464 2468 2466 2463
3283 4 2 0 1 1623 330 340 329
3284 4 2 0 1 1603 1587 2529 2498
3285 4 2 0 1 258 1559 1671 2178
3286 4 2 0 1 1932 1117 2033 1931
3287 4 2 0 1 130 1586 460 459
3288 4 2 0 1 2169 1400 2726 2165
3289 4 2 0 1 1881 2444 2559 2662
3290 4 2 0 1 1727 513 444 1728
3291 4 2 0 1 2731 2244 1463 2768
3292 4 2 0 1 1579 2521 2151 2774
3293 4 2 0 1 1782 2464 1796 2032
3294 4 2 0 1 1489 2169 2388 2726
3295 4 2 0 1 62 2418 1502 2043
3296 4 2 0 1 2042 1673 1967 1472
3297 4 2 0 1 1898 1233 1896 2660
3298 4 2 0 1 1502 1673 34 2043
3299 4 2 0 1 2239 2023 2244 2022
3300 4 2 0 1 2042 1673 1472 1471
3301 4 2 0 1 2021 1716 1953 1607
3302 4 2 0 1 353 1642 348 516
3303 4 2 0 1 291 289 446 1752
3304 4 2 0 1 1279 2827 1969 1797
3305 4 2 0 1 1517 2321 2323 2320
3306 4 2 0 1 1741 2101 505 466
3307 4 2 0 1 1280 2518 2468 2462
3308 4 2 0 1 504 1752 686 446
3309 4 2 0 1 2342 2770 2536 2459
3310 4 2 0 1 2010 1079 1313 1315
3311 4 2 0 1 1138 844 855 2343
3312 4 2 0 1 1516 2029 2659 2441
3313 4 2 0 1 1502 1673 2043 2345
3314 4 2 0 1 2815 2785 1518 2784
3315 4 2 0 1 1846 1211 1307 1209
3316 4 2 0 1 1741 2101 1742 505
3317 4 2 0 1 1771 2021 1953 1607
3318 4 2 0 1 1532 1928 2038 1929
3319 4 2 0 1 1519 2038 1516 2784
3320 4 2 0 1 2789 2193 2473 2793
3321 4 2 0 1 2808 2331 2606 1767
3322 4 2 0 1 1626 2237 2756 1461
3323 4 2 0 1 1971 2550 1999 2005
3324 4 2 0 1 640 1642 349 347
3325 4 2 0 1 2438 2439 1515 2784
3326 4 2 0 1 2251 1436 2250 2235
3327 4 2 0 1 2613 2465 1716 2466
3328 4 2 0 1 913 2838 2828 912
3329 4 2 0 1 2838 913 908 912
3330 4 2 0 1 957 2025 1335 1301
3331 4 2 0 1 2065 2355 2061 2055
3332 4 2 0 1 1670 1577 2792 1664
3333 4 2 0 1 1928 1909 1514 1929
3334 4 2 0 1 1857 1834 1917 2653
3335 4 2 0 1 1928 1929 1927 1909
3336 4 2 0 1 1658 2044 1657 6
3337 4 2 0 1 1912 2442 1910 1929
3338 4 2 0 1 1816 2007 1813 1097
3339 4 2 0 1 2165 1526 2170 2168
3340 4 2 0 1 1116 1301 1040 2610
3341 4 2 0 1 1415 2738 2717 2179
3342 4 2 0 1 1158 1950 1959 1012
3343 4 2 0 1 2669 1771 2610 1953
3344 4 2 0 1 1142 821 1991 1308
3345 4 2 0 1 2834 1172 1133 1797
3346 4 2 0 1 1898 1233 2660 1718
3347 4 2 0 1 2618 2452 2812 1524
3348 4 2 0 1 2617 2618 1788 2621
3349 4 2 0 1 1868 2613 2082 1867
3350 4 2 0 1 946 968 967 2662
3351 4 2 0 1 2834 1172 1270 1133
3352 4 2 0 1 2459 1524 2619 2812
3353 4 2 0 1 1797 1172 1133 2019
3354 4 2 0 1 2309 1614 2311 1712
3355 4 2 0 1 2432 134 490 684
3356 4 2 0 1 2127 2132 2131 2126
3357 4 2 0 1 2214 2779 2400 1495
3358 4 2 0 1 1477 2063 1620 2673
3359 4 2 0 1 610 559 367 2164
3360 4 2 0 1 2059 2702 2685 1535
3361 4 2 0 1 1983 765 766 767
3362 4 2 0 1 1521 2382 1525 2775
3363 4 2 0 1 498 2798 235 233
3364 4 2 0 1 2702 2092 1535 2684
3365 4 2 0 1 2158 1398 1535 2685
3366 4 2 0 1 2053 143 1379 2052
3367 4 2 0 1 2736 1400 2706 2169
3368 4 2 0 1 1938 1779 1937 1469
3369 4 2 0 1 2813 2145 1501 1915
3370 4 2 0 1 2800 1779 1938 1469
3371 4 2 0 1 2821 1486 2160 1535
3372 4 2 0 1 2658 1072 1799 2325
3373 4 2 0 1 2662 1156 967 1319
3374 4 2 0 1 1411 2457 1529 84
3375 4 2 0 1 1728 2201 2575 2579
3376 4 2 0 1 982 1316 1908 1925
3377 4 2 0 1 1513 1391 1518 2445
3378 4 2 0 1 1398 2702 1535 2685
3379 4 2 0 1 1233 1057 1152 1896
3380 4 2 0 1 2092 2702 1535 1398
3381 4 2 0 1 1545 300 668 692
3382 4 2 0 1 1388 2720 2722 2721
3383 4 2 0 1 2821 2684 2407 1535
3384 4 2 0 1 973 974 1880 2825
3385 4 2 0 1 889 1848 1804 888
3386 4 2 0 1 2684 2821 2162 2734
3387 4 2 0 1 974 973 824 2825
3388 4 2 0 1 1486 1535 2407 2408
3389 4 2 0 1 2380 608 2487 1546
3390 4 2 0 1 2483 652 2487 1545
3391 4 2 0 1 1880 2825 974 1850
3392 4 2 0 1 2009 993 1908 1117
3393 4 2 0 1 1555 2678 1452 1735
3394 4 2 0 1 2262 1433 2112 2219
3395 4 2 0 1 2708 2378 2409 2103
3396 4 2 0 1 1779 2730 1469 2800
3397 4 2 0 1 1326 1845 1915 1143
3398 4 2 0 1 1971 1246 1113 966
3399 4 2 0 1 1068 2040 1373 1275
3400 4 2 0 1 16 1556 1614 73
3401 4 2 0 1 936 2834 937 934
3402 4 2 0 1 1614 73 1556 1449
3403 4 2 0 1 1376 2013 1841 1839
3404 4 2 0 1 1776 1767 2808 1871
3405 4 2 0 1 1616 2473 2777 1540
3406 4 2 0 1 2451 2396 2775 2455
3407 4 2 0 1 2376 2401 2526 2406
3408 4 2 0 1 938 2833 1797 1034
3409 4 2 0 1 1591 2537 2538 2576
3410 4 2 0 1 339 2832 335 1585
3411 4 2 0 1 815 1866 1799 812
3412 4 2 0 1 1615 1779 1937 2620
3413 4 2 0 1 2095 1620 1477 2063
3414 4 2 0 1 627 2528 1587 1704
3415 4 2 0 1 777 2661 1930 808
3416 4 2 0 1 1017 2518 1009 1018
3417 4 2 0 1 1608 2519 1999 2550
3418 4 2 0 1 335 2832 338 334
3419 4 2 0 1 1197 1279 1119 1969
3420 4 2 0 1 139 141 1379 142
3421 4 2 0 1 1679 2692 1443 2292
3422 4 2 0 1 1682 1903 1906 858
3423 4 2 0 1 2337 1501 2780 2768
3424 4 2 0 1 650 67 2514 472
3425 4 2 0 1 1666 2221 2205 2579
3426 4 2 0 1 478 2327 260 411
3427 4 2 0 1 859 1894 1302 862
3428 4 2 0 1 1736 1737 2095 2062
3429 4 2 0 1 1736 2095 1737 1566
3430 4 2 0 1 2520 535 1609 1506
3431 4 2 0 1 2145 1501 2731 2323
3432 4 2 0 1 799 1826 1798 1981
3433 4 2 0 1 675 2051 144 2053
3434 4 2 0 1 2182 2212 2686 2750
3435 4 2 0 1 764 1983 1880 765
3436 4 2 0 1 1605 410 2545 2230
3437 4 2 0 1 1052 1994 54 1998
3438 4 2 0 1 2034 1470 2033 2801
3439 4 2 0 1 1971 1869 1935 1999
3440 4 2 0 1 1574 2553 1576 1575
3441 4 2 0 1 311 1594 313 526
3442 4 2 0 1 1982 1837 1934 2011
3443 4 2 0 1 806 1981 1151 1296
3444 4 2 0 1 894 887 2032 1194
3445 4 2 0 1 1574 2553 1575 1601
3446 4 2 0 1 2476 2386 1492 2477
3447 4 2 0 1 58 1314 741 1987
3448 4 2 0 1 1564 1904 2249 1863
3449 4 2 0 1 661 104 105 2372
3450 4 2 0 1 67 58 1421 370
3451 4 2 0 1 2553 1575 2674 1576
3452 4 2 0 1 1654 242 2131 367
3453 4 2 0 1 1843 1887 1922 1975
3454 4 2 0 1 1526 1568 2736 2424
3455 4 2 0 1 718 1667 95 96
3456 4 2 0 1 70 575 2837 2829
3457 4 2 0 1 1837 1982 1934 2769
3458 4 2 0 1 839 1883 1882 1161
3459 4 2 0 1 2308 2687 2681 2400
3460 4 2 0 1 1673 1846 737 1967
3461 4 2 0 1 2779 2505 2687 138
3462 4 2 0 1 1889 1837 1934 2769
3463 4 2 0 1 2444 2322 2559 2662
3464 4 2 0 1 2044 2046 2292 1680
3465 4 2 0 1 1975 1157 1130 1084
3466 4 2 0 1 1656 2541 1403 2122
3467 4 2 0 1 1579 1487 1699 2381
3468 4 2 0 1 2442 2444 1910 1899
3469 4 2 0 1 707 70 593 2837
3470 4 2 0 1 2836 676 10 567
3471 4 2 0 1 2260 2257 2071 2261
3472 4 2 0 1 1776 1982 1934 2011
3473 4 2 0 1 1597 2258 2263 2261
3474 4 2 0 1 1462 1461 2756 2238
3475 4 2 0 1 1462 2766 2039 2546
3476 4 2 0 1 1975 1922 1865 2657
3477 4 2 0 1 1628 2559 2661 2444
3478 4 2 0 1 2505 198 140 138
3479 4 2 0 1 2045 1658 1659 2044
3480 4 2 0 1 1485 103 2372 105
3481 4 2 0 1 2252 2256 2248 1597
3482 4 2 0 1 2475 2473 2791 1616
3483 4 2 0 1 2190 2742 645 71
3484 4 2 0 1 1993 2688 2249 1425
3485 4 2 0 1 1039 1283 1951 1245
3486 4 2 0 1 1717 940 44 1643
3487 4 2 0 1 2437 1512 2027 2035
3488 4 2 0 1 1464 1061 1196 1915
3489 4 2 0 1 2813 2631 2765 2325
3490 4 2 0 1 815 1193 1192 1799
3491 4 2 0 1 675 2051 621 144
3492 4 2 0 1 1982 1776 1934 2769
3493 4 2 0 1 2609 1766 2008 1780
3494 4 2 0 1 2236 2259 2257 2727
3495 4 2 0 1 785 787 1871 820
3496 4 2 0 1 882 1830 1790 879
3497 4 2 0 1 2274 2275 2653 2453
3498 4 2 0 1 2467 1876 2515 2519
3499 4 2 0 1 990 988 1925 987
3500 4 2 0 1 1607 1716 2549 2469
3501 4 2 0 1 575 1703 2829 1739
3502 4 2 0 1 1299 1971 1113 966
3503 4 2 0 1 1938 982 1925 983
3504 4 2 0 1 1410 2740 2711 2106
3505 4 2 0 1 1938 1925 1942 1469
3506 4 2 0 1 2734 2430 2162 2181
3507 4 2 0 1 1837 1836 1838 1827
3508 4 2 0 1 1690 1707 1691 713
3509 4 2 0 1 2493 2755 1474 2347
3510 4 2 0 1 2502 2283 1382 2614
3511 4 2 0 1 2291 2543 1382 2078
3512 4 2 0 1 91 89 1602 90
3513 4 2 0 1 2687 2779 2400 2308
3514 4 2 0 1 2446 66 1650 1520
3515 4 2 0 1 1896 1057 1152 853
3516 4 2 0 1 1967 1348 1100 2024
3517 4 2 0 1 2500 2460 2294 1534
3518 4 2 0 1 2079 2502 2294 2080
3519 4 2 0 1 2283 2075 1856 2282
3520 4 2 0 1 2010 51 1344 2017
3521 4 2 0 1 1658 676 10 2836
3522 4 2 0 1 1727 444 513 678
3523 4 2 0 1 1829 1940 2585 2294
3524 4 2 0 1 1942 2800 2626 1908
3525 4 2 0 1 1865 876 2644 875
3526 4 2 0 1 1981 2007 1764 1823
3527 4 2 0 1 1111 990 1066 1811
3528 4 2 0 1 123 1582 2305 124
3529 4 2 0 1 2736 1568 2169 2706
3530 4 2 0 1 1756 1414 2677 2679
3531 4 2 0 1 1830 863 879 880
3532 4 2 0 1 1938 2800 1942 1908
3533 4 2 0 1 722 1726 1539 1727
3534 4 2 0 1 2179 1460 2112 2747
3535 4 2 0 1 2460 2280 2294 2502
3536 4 2 0 1 960 1784 963 961
3537 4 2 0 1 2295 2698 2028 2697
3538 4 2 0 1 2650 753 13 1714
3539 4 2 0 1 1064 1854 1852 2462
3540 4 2 0 1 2026 1266 736 1293
3541 4 2 0 1 705 434 1559 546
3542 4 2 0 1 2661 2444 2559 1881
3543 4 2 0 1 1785 2802 1615 1786
3544 4 2 0 1 293 2498 1578 1741
3545 4 2 0 1 863 1830 879 1949
3546 4 2 0 1 2271 2268 2265 2760
3547 4 2 0 1 1233 1057 1896 1081
3548 4 2 0 1 2046 1681 1680 1346
3549 4 2 0 1 729 298 328 1655
3550 4 2 0 1 1427 2113 2071 2260
3551 4 2 0 1 865 1955 1921 868
3552 4 2 0 1 1425 1435 2512 2254
3553 4 2 0 1 342 2832 1618 1600
3554 4 2 0 1 1592 2539 1591 2540
3555 4 2 0 1 1615 2616 1785 1968
3556 4 2 0 1 275 276 1668 382
3557 4 2 0 1 2457 2198 1529 1701
3558 4 2 0 1 342 357 383 1600
3559 4 2 0 1 2107 71 19 629
3560 4 2 0 1 151 152 1549 1548
3561 4 2 0 1 2718 2375 2421 2488
3562 4 2 0 1 2366 2389 2522 2155
3563 4 2 0 1 1948 2656 2574 1435
3564 4 2 0 1 2720 2116 2722 2721
3565 4 2 0 1 1729 704 554 475
3566 4 2 0 1 2733 2734 2160 2092
3567 4 2 0 1 2570 1671 1661 1662
3568 4 2 0 1 1734 1452 1556 1565
3569 4 2 0 1 540 223 1625 714
3570 4 2 0 1 2066 2068 2656 2582
3571 4 2 0 1 1525 2770 1473 2397
3572 4 2 0 1 2313 2310 1449 2309
3573 4 2 0 1 1388 2494 2117 2114
3574 4 2 0 1 1752 207 631 677
3575 4 2 0 1 2570 1671 1662 1403
3576 4 2 0 1 1632 1434 2263 2288
3577 4 2 0 1 1617 540 1625 415
3578 4 2 0 1 227 2386 417 1588
3579 4 2 0 1 1564 2293 2656 2699
3580 4 2 0 1 2716 1459 2179 2122
3581 4 2 0 1 1559 1662 1661 1671
3582 4 2 0 1 704 1729 554 296
3583 4 2 0 1 1594 2418 312 395
3584 4 2 0 1 2207 2717 1482 2747
3585 4 2 0 1 2520 1616 1610 2475
3586 4 2 0 1 837 1881 833 840
3587 4 2 0 1 2329 2566 2562 2330
3588 4 2 0 1 322 321 1748 323
3589 4 2 0 1 2215 1475 2218 2753
3590 4 2 0 1 538 1672 1625 1692
3591 4 2 0 1 538 1672 1692 566
3592 4 2 0 1 2075 1856 2282 2278
3593 4 2 0 1 1742 1760 1573 2553
3594 4 2 0 1 2107 551 19 71
3595 4 2 0 1 1671 1662 2508 1559
3596 4 2 0 1 2732 2821 2160 2735
3597 4 2 0 1 1867 1005 1812 1002
3598 4 2 0 1 2271 2265 2268 2264
3599 4 2 0 1 375 377 599 1677
3600 4 2 0 1 1882 839 834 835
3601 4 2 0 1 253 251 1671 252
3602 4 2 0 1 1623 330 329 327
3603 4 2 0 1 1544 1540 653 371
3604 4 2 0 1 193 1664 1577 1670
3605 4 2 0 1 2418 1624 2542 2399
3606 4 2 0 1 1621 2752 1493 2823
3607 4 2 0 1 432 513 1727 220
3608 4 2 0 1 2004 1437 2028 2697
3609 4 2 0 1 1617 540 415 690
3610 4 2 0 1 2204 2745 2209 1442
3611 4 2 0 1 1617 667 154 1672
3612 4 2 0 1 2371 2118 2718 2719
3613 4 2 0 1 75 469 1599 1758
3614 4 2 0 1 1995 1278 745 1629
3615 4 2 0 1 401 416 532 1506
3616 4 2 0 1 2508 2539 2540 2428
3617 4 2 0 1 1677 421 664 534
3618 4 2 0 1 2531 1492 1588 2477
3619 4 2 0 1 1112 1930 1924 2559
3620 4 2 0 1 2692 2045 2573 2292
3621 4 2 0 1 2702 2701 2088 2136
3622 4 2 0 1 2586 218 1728 191
3623 4 2 0 1 159 157 2528 1551
3624 4 2 0 1 1657 2491 2490 1730
3625 4 2 0 1 2420 2105 2191 2106
3626 4 2 0 1 2765 1800 2559 2630
3627 4 2 0 1 2491 320 318 2772
3628 4 2 0 1 823 1068 1363 1850
3629 4 2 0 1 2485 500 682 1733
3630 4 2 0 1 2193 2194 2470 2197
3631 4 2 0 1 1562 1676 1442 2305
3632 4 2 0 1 2662 2322 2559 2765
3633 4 2 0 1 2322 2631 1636 2765
3634 4 2 0 1 1924 2324 2631 1636
3635 4 2 0 1 1800 2631 2765 1636
3636 4 2 0 1 1800 1924 2631 1636
3637 4 2 0 1 2766 658 492 2230
3638 4 2 0 1 2380 1546 2487 2486
3639 4 2 0 1 1605 2121 1646 2546
3640 4 2 0 1 1689 190 195 2586
3641 4 2 0 1 2203 2216 1478 2213
3642 4 2 0 1 1907 1942 1469 2626
3643 4 2 0 1 1688 42 1686 2026
3644 4 2 0 1 1778 1836 2647 2011
3645 4 2 0 1 751 1941 1230 1240
3646 4 2 0 1 2248 1430 2689 2258
3647 4 2 0 1 1305 1635 972 1630
3648 4 2 0 1 2603 2301 2602 2696
3649 4 2 0 1 2507 500 266 536
3650 4 2 0 1 1668 647 1646 1605
3651 4 2 0 1 2181 2182 2739 1407
3652 4 2 0 1 1662 1663 1661 2570
3653 4 2 0 1 1907 1778 2014 2626
3654 4 2 0 1 2079 2698 2585 2612
3655 4 2 0 1 1616 1505 1506 1540
3656 4 2 0 1 1663 250 1661 2570
3657 4 2 0 1 449 1623 1677 1585
3658 4 2 0 1 1684 349 1642 2824
3659 4 2 0 1 1761 1389 1405 1646
3660 4 2 0 1 1642 2580 1750 2803
3661 4 2 0 1 920 918 1999 923
3662 4 2 0 1 5 60 1678 6
3663 4 2 0 1 1548 2471 2114 1549
3664 4 2 0 1 1743 2494 1385 2592
3665 4 2 0 1 2720 2480 2722 2118
3666 4 2 0 1 149 152 2117 1549
3667 4 2 0 1 79 1668 2546 382
3668 4 2 0 1 1753 221 1468 563
3669 4 2 0 1 2091 1401 2184 2706
3670 4 2 0 1 2135 2125 2707 2176
3671 4 2 0 1 2327 2545 260 411
3672 4 2 0 1 1093 2662 1238 967
3673 4 2 0 1 2442 2435 1518 1513
3674 4 2 0 1 1065 1883 1295 1120
3675 4 2 0 1 1332 1211 775 1675
3676 4 2 0 1 306 1625 1692 537
3677 4 2 0 1 2446 38 66 1638
3678 4 2 0 1 1581 2476 1571 2381
3679 4 2 0 1 1759 1395 1631 2143
3680 4 2 0 1 1268 1213 931 1935
3681 4 2 0 1 1692 1700 2782 1602
3682 4 2 0 1 2309 2153 2157 1454
3683 4 2 0 1 1621 1745 2361 1619
3684 4 2 0 1 469 611 470 1394
3685 4 2 0 1 1592 2541 255 1537
3686 4 2 0 1 2745 2214 1478 1442
3687 4 2 0 1 680 1572 450 1748
3688 4 2 0 1 1794 1805 1153 1083
3689 4 2 0 1 1481 2822 1685 2823
3690 4 2 0 1 1068 2040 1363 1850
3691 4 2 0 1 1690 425 2587 2365
3692 4 2 0 1 2404 1584 2527 2379
3693 4 2 0 1 2421 1508 2371 2740
3694 4 2 0 1 641 462 1611 374
3695 4 2 0 1 889 1848 888 887
3696 4 2 0 1 1846 1673 2345 2343
3697 4 2 0 1 1145 1819 1243 743
3698 4 2 0 1 1761 470 611 1394
3699 4 2 0 1 991 1945 994 1089
3700 4 2 0 1 469 470 1599 1394
3701 4 2 0 1 2345 1332 845 843
3702 4 2 0 1 960 794 1784 796
3703 4 2 0 1 2292 2066 1443 2509
3704 4 2 0 1 2749 2217 1414 2773
3705 4 2 0 1 430 1707 713 580
3706 4 2 0 1 2295 2764 2301 2696
3707 4 2 0 1 1554 2655 1858 2086
3708 4 2 0 1 613 2102 2592 1601
3709 4 2 0 1 1730 2840 1657 2491
3710 4 2 0 1 1645 1562 1676 1419
3711 4 2 0 1 680 1572 1748 2822
3712 4 2 0 1 1455 1380 2710 2062
3713 4 2 0 1 507 1600 354 365
3714 4 2 0 1 592 1668 611 1394
3715 4 2 0 1 2779 1582 127 1495
3716 4 2 0 1 1507 2098 2722 2708
3717 4 2 0 1 397 144 2053 675
3718 4 2 0 1 68 592 1762 1668
3719 4 2 0 1 2422 2155 2154 2419
3720 4 2 0 1 2308 2751 2400 2681
3721 4 2 0 1 583 146 2723 148
3722 4 2 0 1 324 1723 1725 1748
3723 4 2 0 1 1655 585 1578 414
3724 4 2 0 1 286 284 285 1604
3725 4 2 0 1 2453 1456 2762 2315
3726 4 2 0 1 2529 1751 290 1587
3727 4 2 0 1 276 592 68 1668
3728 4 2 0 1 2520 1616 2475 1664
3729 4 2 0 1 1682 1903 858 1862
3730 4 2 0 1 2525 2401 2526 2686
3731 4 2 0 1 1679 2692 2292 2045
3732 4 2 0 1 717 1714 1710 503
3733 4 2 0 1 671 2839 441 670
3734 4 2 0 1 1812 1005 1010 1104
3735 4 2 0 1 2365 1420 2587 1689
3736 4 2 0 1 2509 1530 2512 1563
3737 4 2 0 1 2249 1993 1425 1904
3738 4 2 0 1 1758 1643 1629 2146
3739 4 2 0 1 2753 2577 2202 2221
3740 4 2 0 1 2370 2368 2390 2366
3741 4 2 0 1 2215 1475 2753 2202
3742 4 2 0 1 1748 365 354 1600
3743 4 2 0 1 1656 251 1671 253
3744 4 2 0 1 1690 190 209 1689
3745 4 2 0 1 2402 2401 1538 1413
3746 4 2 0 1 1828 1269 1825 948
3747 4 2 0 1 12 1697 1731 2281
3748 4 2 0 1 2730 1778 2567 1907
3749 4 2 0 1 2173 1402 1747 1746
3750 4 2 0 1 12 1697 2281 519
3751 4 2 0 1 2145 2337 2731 1501
3752 4 2 0 1 869 1150 868 1920
3753 4 2 0 1 1628 2324 1930 2559
3754 4 2 0 1 1778 1907 2015 2567
3755 4 2 0 1 1748 365 1600 323
3756 4 2 0 1 1681 2512 2582 2292
3757 4 2 0 1 2640 1467 2338 2334
3758 4 2 0 1 1301 2025 1335 1069
3759 4 2 0 1 2248 2258 2252 1597
3760 4 2 0 1 1435 1681 1948 1682
3761 4 2 0 1 882 1214 879 1790
3762 4 2 0 1 2023 2758 2244 1499
3763 4 2 0 1 2068 2574 2656 2582
3764 4 2 0 1 2501 1094 1659 1342
3765 4 2 0 1 1679 2509 2292 1443
3766 4 2 0 1 669 477 1537 259
3767 4 2 0 1 51 2022 2039 2017
3768 4 2 0 1 1719 2072 1720 503
3769 4 2 0 1 1153 1794 1060 1170
3770 4 2 0 1 2566 2414 2334 2564
3771 4 2 0 1 399 1578 299 1752
3772 4 2 0 1 544 1576 1708 644
3773 4 2 0 1 2826 1866 811 1820
3774 4 2 0 1 1778 1836 1893 2647
3775 4 2 0 1 2551 544 1576 1708
3776 4 2 0 1 1492 2531 1588 2530
3777 4 2 0 1 544 397 543 1708
3778 4 2 0 1 144 397 1708 543
3779 4 2 0 1 1794 1820 1975 975
3780 4 2 0 1 1990 1360 1361 741
3781 4 2 0 1 397 144 1708 2053
3782 4 2 0 1 1211 848 1846 1332
3783 4 2 0 1 591 2386 228 1570
3784 4 2 0 1 399 299 671 1752
3785 4 2 0 1 2441 1071 1880 819
3786 4 2 0 1 2428 2538 2739 2539
3787 4 2 0 1 238 654 240 1647
3788 4 2 0 1 2077 2078 2080 2697
3789 4 2 0 1 1181 1878 2000 1939
3790 4 2 0 1 2045 2840 1658 1657
3791 4 2 0 1 897 2020 1876 2588
3792 4 2 0 1 2064 2060 2057 2096
3793 4 2 0 1 2010 738 972 1344
3794 4 2 0 1 2492 1547 2350 2359
3795 4 2 0 1 2053 397 2551 1708
3796 4 2 0 1 861 859 862 1892
3797 4 2 0 1 1955 1815 868 1148
3798 4 2 0 1 966 1936 2005 1251
3799 4 2 0 1 2551 544 1708 397
3800 4 2 0 1 410 1605 492 2230
3801 4 2 0 1 1875 2035 2659 1516
3802 4 2 0 1 2660 1233 1896 1081
3803 4 2 0 1 2834 933 1172 1797
3804 4 2 0 1 1532 1807 1927 2665
3805 4 2 0 1 838 1851 1850 2040
3806 4 2 0 1 2785 2173 2027 1512
3807 4 2 0 1 1688 1686 2027 2026
3808 4 2 0 1 2765 1799 1800 2630
3809 4 2 0 1 2018 2235 2 1906
3810 4 2 0 1 2252 1894 1437 2664
3811 4 2 0 1 799 1826 1981 1166
3812 4 2 0 1 1677 144 1708 543
3813 4 2 0 1 1690 2365 2587 1689
3814 4 2 0 1 1562 2751 1419 1561
3815 4 2 0 1 1931 982 1316 1908
3816 4 2 0 1 1485 107 2372 2374
3817 4 2 0 1 1687 1688 2027 1512
3818 4 2 0 1 1778 1907 2014 1203
3819 4 2 0 1 1645 132 587 662
3820 4 2 0 1 1627 2317 2133 1500
3821 4 2 0 1 2508 2428 2178 2177
3822 4 2 0 1 1625 1664 1617 415
3823 4 2 0 1 1138 1026 1923 1243
3824 4 2 0 1 2425 2398 2388 2423
3825 4 2 0 1 1321 2009 2014 1972
3826 4 2 0 1 1909 1928 1874 770
3827 4 2 0 1 2758 2023 1998 2641
3828 4 2 0 1 2698 2638 2596 2302
3829 4 2 0 1 2418 2417 1963 2542
3830 4 2 0 1 1718 2172 1643 2174
3831 4 2 0 1 2236 2259 2727 2247
3832 4 2 0 1 2244 2022 2756 2239
3833 4 2 0 1 2834 933 1270 1172
3834 4 2 0 1 2766 2326 2121 2238
3835 4 2 0 1 1078 1895 1352 866
3836 4 2 0 1 1718 2172 2174 1513
3837 4 2 0 1 2022 2245 2731 2017
3838 4 2 0 1 1235 2649 1175 2650
3839 4 2 0 1 936 2834 1270 1133
3840 4 2 0 1 441 2839 671 1752
3841 4 2 0 1 1321 944 1893 1203
3842 4 2 0 1 2174 1717 1718 2027
3843 4 2 0 1 2142 1758 1640 2569
3844 4 2 0 1 1816 2000 1878 1683
3845 4 2 0 1 889 1986 893 891
3846 4 2 0 1 1014 1012 1885 1038
3847 4 2 0 1 1824 2049 2031 1796
3848 4 2 0 1 1925 1938 1937 1469
3849 4 2 0 1 1634 2411 1501 2413
3850 4 2 0 1 2173 1686 2027 1687
3851 4 2 0 1 1531 2042 2531 2043
3852 4 2 0 1 845 1846 2343 1902
3853 4 2 0 1 1903 858 1862 860
3854 4 2 0 1 2409 2591 2806 2805
3855 4 2 0 1 936 2834 932 1270
3856 4 2 0 1 1751 2830 1752 385
3857 4 2 0 1 878 1864 1862 860
3858 4 2 0 1 1864 878 1862 1949
3859 4 2 0 1 957 2025 1301 2610
3860 4 2 0 1 421 423 1708 644
3861 4 2 0 1 2629 805 2048 1825
3862 4 2 0 1 289 287 296 1729
3863 4 2 0 1 1101 2833 1357 937
3864 4 2 0 1 1719 2072 503 1710
3865 4 2 0 1 1824 2002 1284 2000
3866 4 2 0 1 1876 896 893 1986
3867 4 2 0 1 2545 410 260 411
3868 4 2 0 1 1876 2467 2515 2516
3869 4 2 0 1 1940 2698 1683 2585
3870 4 2 0 1 1719 1735 1722 2678
3871 4 2 0 1 286 287 288 1729
3872 4 2 0 1 2077 2078 1382 2080
3873 4 2 0 1 1955 865 864 1148
3874 4 2 0 1 1408 1694 2470 2195
3875 4 2 0 1 1281 1147 978 1660
3876 4 2 0 1 1321 1972 2014 1893
3877 4 2 0 1 2081 2086 2083 2277
3878 4 2 0 1 1277 2833 1357 1101
3879 4 2 0 1 2073 1738 1722 1720
3880 4 2 0 1 2834 931 933 1797
3881 4 2 0 1 1941 2023 2641 1218
3882 4 2 0 1 1826 794 1844 1374
3883 4 2 0 1 568 716 503 1722
3884 4 2 0 1 2453 1456 2315 2311
3885 4 2 0 1 2420 2740 2712 2106
3886 4 2 0 1 1905 2235 1906 856
3887 4 2 0 1 730 1979 2450 21
3888 4 2 0 1 503 2072 1720 519
3889 4 2 0 1 2519 1608 1999 2020
3890 4 2 0 1 740 1635 1305 48
3891 4 2 0 1 2138 2338 2242 2639
3892 4 2 0 1 1446 1757 1722 2360
3893 4 2 0 1 1647 240 239 241
3894 4 2 0 1 243 242 241 2131
3895 4 2 0 1 502 2840 496 78
3896 4 2 0 1 1214 1949 879 1790
3897 4 2 0 1 2629 805 1825 803
3898 4 2 0 1 2704 2126 2127 2131
3899 4 2 0 1 1612 1490 1746 2131
3900 4 2 0 1 1390 1654 2131 2132
3901 4 2 0 1 1546 1733 2485 409
3902 4 2 0 1 1914 790 1913 1842
3903 4 2 0 1 2317 2768 2731 1463
3904 4 2 0 1 1013 1015 1014 1885
3905 4 2 0 1 710 341 329 1619
3906 4 2 0 1 2650 13 753 1235
3907 4 2 0 1 359 322 2772 570
3908 4 2 0 1 1352 2012 1895 1360
3909 4 2 0 1 1569 2648 2462 1804
3910 4 2 0 1 2663 2012 1360 1895
3911 4 2 0 1 327 2832 1618 1585
3912 4 2 0 1 1684 2752 2823 1493
3913 4 2 0 1 2126 1490 2129 2131
3914 4 2 0 1 2458 2423 1526 2816
3915 4 2 0 1 151 1549 152 149
3916 4 2 0 1 2504 2675 2506 2099
3917 4 2 0 1 1677 449 351 340
3918 4 2 0 1 350 356 358 1574
3919 4 2 0 1 2823 1725 2822 2804
3920 4 2 0 1 2056 2216 2055 2677
3921 4 2 0 1 2224 2493 2359 2073
3922 4 2 0 1 2493 2224 2359 2492
3923 4 2 0 1 1259 2598 2008 2599
3924 4 2 0 1 1734 445 1556 1735
3925 4 2 0 1 1888 785 1871 1934
3926 4 2 0 1 2384 1485 389 2524
3927 4 2 0 1 2609 1766 1780 2605
3928 4 2 0 1 2075 2651 2282 1382
3929 4 2 0 1 2703 2108 1460 2270
3930 4 2 0 1 327 2832 1585 331
3931 4 2 0 1 1178 935 1916 1188
3932 4 2 0 1 195 204 1691 2586
3933 4 2 0 1 369 1465 2047 1653
3934 4 2 0 1 1500 1626 2330 2318
3935 4 2 0 1 2709 2058 2685 2408
3936 4 2 0 1 1463 1631 1462 2017
3937 4 2 0 1 572 1600 582 2832
3938 4 2 0 1 1811 1973 1066 1781
3939 4 2 0 1 146 148 147 2723
3940 4 2 0 1 1980 2314 2104 1449
3941 4 2 0 1 628 232 1648 236
3942 4 2 0 1 2181 2684 2734 2136
3943 4 2 0 1 334 572 582 2832
3944 4 2 0 1 705 434 437 1559
3945 4 2 0 1 2543 2690 2699 2256
3946 4 2 0 1 2212 2306 2214 2750
3947 4 2 0 1 1568 2171 2568 1391
3948 4 2 0 1 2692 2068 2691 2281
3949 4 2 0 1 2601 2297 2604 2763
3950 4 2 0 1 1737 1575 1566 2095
3951 4 2 0 1 2101 1386 2592 268
3952 4 2 0 1 2301 1943 2302 2303
3953 4 2 0 1 1986 1351 1353 890
3954 4 2 0 1 1556 1565 624 1734
3955 4 2 0 1 1490 2388 2726 2797
3956 4 2 0 1 2454 2457 1961 2455
3957 4 2 0 1 2430 2821 2734 2162
3958 4 2 0 1 331 334 582 2832
3959 4 2 0 1 2019 1257 1886 1043
3960 4 2 0 1 1426 1422 2228 1988
3961 4 2 0 1 2137 2808 2601 2605
3962 4 2 0 1 1282 1979 2107 1980
3963 4 2 0 1 2414 2334 1776 2780
3964 4 2 0 1 1546 2379 304 2485
3965 4 2 0 1 1696 160 692 1545
3966 4 2 0 1 2832 1600 327 1618
3967 4 2 0 1 2642 2643 1818 1916
3968 4 2 0 1 1072 969 2325 970
3969 4 2 0 1 181 1728 2575 444
3970 4 2 0 1 2715 1787 2729 2271
3971 4 2 0 1 1641 2625 2619 2532
3972 4 2 0 1 1596 442 481 541
3973 4 2 0 1 2176 2177 1404 2508
3974 4 2 0 1 2289 2288 1434 1393
3975 4 2 0 1 2233 1433 2228 1426
3976 4 2 0 1 2611 1702 2809 2613
3977 4 2 0 1 1948 2574 2656 2279
3978 4 2 0 1 1178 1818 874 2643
3979 4 2 0 1 1015 1886 1014 1885
3980 4 2 0 1 1822 804 802 1095
3981 4 2 0 1 1863 1435 1862 1904
3982 4 2 0 1 1996 2133 2445 2323
3983 4 2 0 1 2172 1513 2171 2174
3984 4 2 0 1 1290 1898 1897 2443
3985 4 2 0 1 1682 1903 1862 1425
3986 4 2 0 1 1272 992 1788 1016
3987 4 2 0 1 744 2026 43 1205
3988 4 2 0 1 1016 1615 1788 1786
3989 4 2 0 1 1861 869 1921 1920
3990 4 2 0 1 992 1615 1788 1016
3991 4 2 0 1 1905 1903 857 1906
3992 4 2 0 1 659 81 1411 1528
3993 4 2 0 1 1793 809 1866 1820
3994 4 2 0 1 2122 1459 2121 2716
3995 4 2 0 1 445 1555 717 1709
3996 4 2 0 1 1883 1206 1881 1273
3997 4 2 0 1 1206 1883 835 1273
3998 4 2 0 1 2588 2831 1828 2628
3999 4 2 0 1 1767 1922 1887 2657
4000 4 2 0 1 915 2831 914 1828
4001 4 2 0 1 2063 1575 2054 2094
4002 4 2 0 1 396 2432 490 684
4003 4 2 0 1 1747 1647 1648 1746
4004 4 2 0 1 812 810 1799 814
4005 4 2 0 1 1632 1434 2288 1393
4006 4 2 0 1 2398 2425 1492 2423
4007 4 2 0 1 2127 2131 2132 1390
4008 4 2 0 1 643 392 394 1511
4009 4 2 0 1 610 533 2164 367
4010 4 2 0 1 2720 1388 2722 2480
4011 4 2 0 1 788 790 1913 791
4012 4 2 0 1 1566 1755 1669 1619
4013 4 2 0 1 2514 1639 1567 472
4014 4 2 0 1 1493 2354 2580 2050
4015 4 2 0 1 1015 1886 1885 1022
4016 4 2 0 1 2159 2316 1456 1522
4017 4 2 0 1 552 284 2743 281
4018 4 2 0 1 1164 2831 1828 914
4019 4 2 0 1 922 955 1970 956
4020 4 2 0 1 2625 2532 2533 2619
4021 4 2 0 1 528 2149 2164 439
4022 4 2 0 1 1809 1810 1165 2807
4023 4 2 0 1 164 1543 1551 443
4024 4 2 0 1 2276 1858 2277 2652
4025 4 2 0 1 1349 1979 750 1207
4026 4 2 0 1 2595 2605 2607 1770
4027 4 2 0 1 2110 2229 1461 2134
4028 4 2 0 1 1903 858 857 1906
4029 4 2 0 1 82 2531 1588 617
4030 4 2 0 1 1460 2262 2112 1482
4031 4 2 0 1 2831 914 1164 908
4032 4 2 0 1 2776 2458 2168 1521
4033 4 2 0 1 1886 1015 1042 1022
4034 4 2 0 1 1855 1358 1852 1338
4035 4 2 0 1 1600 326 327 1618
4036 4 2 0 1 2740 2420 2155 2421
4037 4 2 0 1 2406 2505 2504 2099
4038 4 2 0 1 396 2432 2735 2164
4039 4 2 0 1 262 1590 1651 1652
4040 4 2 0 1 1734 1557 2554 1736
4041 4 2 0 1 1445 2352 1482 1460
4042 4 2 0 1 2613 2082 2616 1868
4043 4 2 0 1 1954 1438 2253 2664
4044 4 2 0 1 2678 2056 2359 2351
4045 4 2 0 1 1892 1957 1862 1904
4046 4 2 0 1 2609 1766 2605 2808
4047 4 2 0 1 816 1866 2826 1820
4048 4 2 0 1 1338 1358 1852 1064
4049 4 2 0 1 683 273 614 1692
4050 4 2 0 1 968 1156 967 2662
4051 4 2 0 1 289 2830 446 1752
4052 4 2 0 1 2074 2070 1431 2820
4053 4 2 0 1 445 1734 624 708
4054 4 2 0 1 2658 816 1820 1866
4055 4 2 0 1 1777 2137 2334 2141
4056 4 2 0 1 1668 647 1605 382
4057 4 2 0 1 1605 2545 2121 2230
4058 4 2 0 1 80 2511 557 1563
4059 4 2 0 1 2658 816 1866 1193
4060 4 2 0 1 904 2588 899 1141
4061 4 2 0 1 870 1179 1916 1926
4062 4 2 0 1 1766 1469 1781 2600
4063 4 2 0 1 1421 2233 1987 2251
4064 4 2 0 1 2253 2139 2247 2296
4065 4 2 0 1 2658 816 1193 1267
4066 4 2 0 1 2640 2768 2244 2337
4067 4 2 0 1 441 2839 529 670
4068 4 2 0 1 2830 554 296 446
4069 4 2 0 1 2632 2631 1501 2325
4070 4 2 0 1 2326 1465 1754 2230
4071 4 2 0 1 2093 1787 1524 2812
4072 4 2 0 1 2182 2162 2686 2429
4073 4 2 0 1 1682 1903 1425 1906
4074 4 2 0 1 2140 2566 2330 2562
4075 4 2 0 1 1983 1872 2659 1516
4076 4 2 0 1 630 370 472 1421
4077 4 2 0 1 1267 1865 1820 1137
4078 4 2 0 1 746 1681 2512 1682
4079 4 2 0 1 726 1752 446 2830
4080 4 2 0 1 2830 726 554 446
4081 4 2 0 1 1868 1785 2082 2616
4082 4 2 0 1 1817 1891 864 1955
4083 4 2 0 1 2658 1267 1865 1820
4084 4 2 0 1 2574 2068 2656 2279
4085 4 2 0 1 1517 2442 2445 2443
4086 4 2 0 1 2149 498 2799 531
4087 4 2 0 1 1490 1612 2129 2131
4088 4 2 0 1 2406 2098 2708 2099
4089 4 2 0 1 2829 707 70 603
4090 4 2 0 1 2007 1814 1813 2633
4091 4 2 0 1 861 1864 863 860
4092 4 2 0 1 2056 2055 1669 2677
4093 4 2 0 1 2263 2819 2291 1597
4094 4 2 0 1 180 1665 2575 178
4095 4 2 0 1 2769 1767 1934 1889
4096 4 2 0 1 1924 807 1800 1833
4097 4 2 0 1 2745 2203 2200 1478
4098 4 2 0 1 1739 2829 576 603
4099 4 2 0 1 1980 1198 1614 17
4100 4 2 0 1 1709 1714 717 15
4101 4 2 0 1 2678 2073 1719 1721
4102 4 2 0 1 1919 872 873 871
4103 4 2 0 1 2331 2763 2606 1767
4104 4 2 0 1 988 990 1925 1811
4105 4 2 0 1 1462 2039 2766 2238
4106 4 2 0 1 2765 1799 2630 969
4107 4 2 0 1 1468 56 1306 55
4108 4 2 0 1 2030 1987 2246 2016
4109 4 2 0 1 2606 2604 1913 2763
4110 4 2 0 1 1675 775 843 30
4111 4 2 0 1 1800 1847 1833 807
4112 4 2 0 1 2567 2011 1871 2015
4113 4 2 0 1 1830 1939 1829 1940
4114 4 2 0 1 2508 1559 2178 1671
4115 4 2 0 1 1429 2264 2260 2268
4116 4 2 0 1 286 1604 285 1729
4117 4 2 0 1 2213 1494 2525 2401
4118 4 2 0 1 1703 2829 603 707
4119 4 2 0 1 259 477 1537 1539
4120 4 2 0 1 2135 2733 2176 2707
4121 4 2 0 1 2449 1947 1979 2450
4122 4 2 0 1 2145 1464 1635 1159
4123 4 2 0 1 2829 603 70 576
4124 4 2 0 1 2201 2221 2363 2575
4125 4 2 0 1 1988 2047 2228 2233
4126 4 2 0 1 2688 2250 2689 2254
4127 4 2 0 1 1517 2442 2443 2444
4128 4 2 0 1 1761 2570 1663 2123
4129 4 2 0 1 247 245 1661 248
4130 4 2 0 1 2235 1425 1993 1906
4131 4 2 0 1 1552 2623 1790 2501
4132 4 2 0 1 2584 2464 2818 1796
4133 4 2 0 1 2430 2821 2162 2431
4134 4 2 0 1 2623 883 1829 882
4135 4 2 0 1 1798 799 800 798
4136 4 2 0 1 2829 1703 603 1739
4137 4 2 0 1 69 562 1753 563
4138 4 2 0 1 2244 2756 2022 2731
4139 4 2 0 1 2599 2730 1907 1469
4140 4 2 0 1 2720 2116 2721 2479
4141 4 2 0 1 2345 1963 2043 1502
4142 4 2 0 1 883 881 1829 882
4143 4 2 0 1 1257 2019 1256 1043
4144 4 2 0 1 1607 2584 2548 2049
4145 4 2 0 1 529 2839 441 1752
4146 4 2 0 1 2330 2625 2189 2410
4147 4 2 0 1 1633 2566 2334 2141
4148 4 2 0 1 2404 2406 2379 1507
4149 4 2 0 1 1542 485 264 2482
4150 4 2 0 1 2740 1484 2371 2421
4151 4 2 0 1 1841 917 1376 1840
4152 4 2 0 1 352 364 1585 607
4153 4 2 0 1 123 1582 124 122
4154 4 2 0 1 2798 1570 1699 235
4155 4 2 0 1 208 447 2839 670
4156 4 2 0 1 1828 2588 2628 2548
4157 4 2 0 1 2501 2648 1848 1984
4158 4 2 0 1 2507 2590 2506 2097
4159 4 2 0 1 1841 917 1840 1783
4160 4 2 0 1 1841 1783 1970 922
4161 4 2 0 1 720 515 1593 2526
4162 4 2 0 1 2305 173 172 171
4163 4 2 0 1 1841 917 1783 922
4164 4 2 0 1 2789 2193 2793 2481
4165 4 2 0 1 1675 2416 31 30
4166 4 2 0 1 1409 1637 1540 2474
4167 4 2 0 1 1761 1462 1762 1668
4168 4 2 0 1 1724 1723 1725 2361
4169 4 2 0 1 443 1551 164 165
4170 4 2 0 1 1753 1468 1754 2767
4171 4 2 0 1 1688 1292 42 2026
4172 4 2 0 1 2588 904 2628 1141
4173 4 2 0 1 1795 2550 2549 2627
4174 4 2 0 1 1970 1783 2549 1936
4175 4 2 0 1 2781 1473 2531 2387
4176 4 2 0 1 2542 88 1602 89
4177 4 2 0 1 2792 1693 2791 1528
4178 4 2 0 1 2740 2420 1508 2191
4179 4 2 0 1 1880 2825 1850 768
4180 4 2 0 1 1340 1071 1880 1258
4181 4 2 0 1 2391 1624 2383 2399
4182 4 2 0 1 695 2551 1576 1760
4183 4 2 0 1 1938 982 1931 1908
4184 4 2 0 1 2706 2185 2184 2183
4185 4 2 0 1 495 1651 263 1590
4186 4 2 0 1 2472 282 283 1611
4187 4 2 0 1 2125 2119 2124 2127
4188 4 2 0 1 145 487 1558 266
4189 4 2 0 1 1490 2126 1401 2131
4190 4 2 0 1 2265 2089 2715 1787
4191 4 2 0 1 2529 1751 288 290
4192 4 2 0 1 1735 1757 2056 2554
4193 4 2 0 1 1546 2379 2485 2486
4194 4 2 0 1 1872 1884 1849 1851
4195 4 2 0 1 2418 1624 2399 1594
4196 4 2 0 1 1872 2660 1884 1851
4197 4 2 0 1 2434 2671 2439 1638
4198 4 2 0 1 730 1979 1947 2450
4199 4 2 0 1 1928 1874 2667 1516
4200 4 2 0 1 991 984 994 2620
4201 4 2 0 1 1607 1839 2049 2548
4202 4 2 0 1 1105 1338 1860 1715
4203 4 2 0 1 1581 2476 2381 2383
4204 4 2 0 1 2686 2525 2403 2526
4205 4 2 0 1 1578 414 585 299
4206 4 2 0 1 1358 1855 1857 1860
4207 4 2 0 1 122 2403 120 2212
4208 4 2 0 1 1358 1338 1855 1860
4209 4 2 0 1 2167 2410 2736 2186
4210 4 2 0 1 2241 2141 1632 1466
4211 4 2 0 1 1235 2649 2650 2691
4212 4 2 0 1 1956 2295 1437 2764
4213 4 2 0 1 1649 1520 1515 1650
4214 4 2 0 1 2280 2068 2656 2699
4215 4 2 0 1 1960 1138 1923 1243
4216 4 2 0 1 321 2772 322 1748
4217 4 2 0 1 504 447 1752 403
4218 4 2 0 1 1105 1358 1857 1860
4219 4 2 0 1 1358 1105 1338 1860
4220 4 2 0 1 2712 2420 2312 2154
4221 4 2 0 1 712 1541 1571 1581
4222 4 2 0 1 1302 1903 857 1905
4223 4 2 0 1 549 81 1411 659
4224 4 2 0 1 2058 1494 2213 2401
4225 4 2 0 1 477 1726 1537 1539
4226 4 2 0 1 812 814 1799 1139
4227 4 2 0 1 529 2839 447 670
4228 4 2 0 1 667 566 92 1672
4229 4 2 0 1 1332 1846 2345 845
4230 4 2 0 1 135 100 1637 99
4231 4 2 0 1 1594 311 1624 526
4232 4 2 0 1 1935 2019 1869 1951
4233 4 2 0 1 2199 93 1560 1672
4234 4 2 0 1 1950 1158 1959 1997
4235 4 2 0 1 2680 1481 2752 2361
4236 4 2 0 1 245 247 1661 246
4237 4 2 0 1 1886 2019 1869 2020
4238 4 2 0 1 889 1986 891 890
4239 4 2 0 1 1608 1886 1869 2020
4240 4 2 0 1 1879 2048 2049 2629
4241 4 2 0 1 2079 2698 2612 2077
4242 4 2 0 1 2519 2467 1732 2627
4243 4 2 0 1 1829 883 2003 910
4244 4 2 0 1 2354 2803 1621 1493
4245 4 2 0 1 1960 1819 743 1243
4246 4 2 0 1 1604 2529 1704 1729
4247 4 2 0 1 1654 242 367 244
4248 4 2 0 1 165 159 1551 164
4249 4 2 0 1 1886 1608 1869 1951
4250 4 2 0 1 2019 1886 1869 1951
4251 4 2 0 1 2475 2743 1610 2472
4252 4 2 0 1 1529 2198 2778 2791
4253 4 2 0 1 2794 1691 1707 2226
4254 4 2 0 1 1181 2000 1878 1816
4255 4 2 0 1 521 520 1730 63
4256 4 2 0 1 2073 2493 1738 1720
4257 4 2 0 1 1779 2619 2618 2140
4258 4 2 0 1 817 1820 1368 1337
4259 4 2 0 1 447 2839 529 1752
4260 4 2 0 1 156 1548 153 151
4261 4 2 0 1 1889 2632 1833 2769
4262 4 2 0 1 368 2432 490 396
4263 4 2 0 1 1931 1085 1117 1316
4264 4 2 0 1 2526 1494 2525 2505
4265 4 2 0 1 267 1686 77 42
4266 4 2 0 1 300 652 109 2483
4267 4 2 0 1 1591 2426 510 2540
4268 4 2 0 1 71 2742 645 486
4269 4 2 0 1 1268 1935 926 928
4270 4 2 0 1 2624 1779 2619 2800
4271 4 2 0 1 1815 1149 1148 1813
4272 4 2 0 1 1660 748 1168 1049
4273 4 2 0 1 1817 1294 1813 1148
4274 4 2 0 1 1494 2060 2099 2096
4275 4 2 0 1 2094 2054 2506 2552
4276 4 2 0 1 2376 2404 2406 2526
4277 4 2 0 1 2092 2684 2160 1535
4278 4 2 0 1 1582 2212 2305 2214
4279 4 2 0 1 2749 2200 2216 1478
4280 4 2 0 1 2268 2276 2274 2760
4281 4 2 0 1 1907 1778 2015 1203
4282 4 2 0 1 2272 1523 2453 2762
4283 4 2 0 1 414 665 422 1655
4284 4 2 0 1 2613 2616 2082 1702
4285 4 2 0 1 1865 2336 2657 2333
4286 4 2 0 1 1794 1805 1129 962
4287 4 2 0 1 1778 1204 1893 1836
4288 4 2 0 1 2547 2818 2548 1607
4289 4 2 0 1 2467 1876 2519 1732
4290 4 2 0 1 1598 2028 2302 1814
4291 4 2 0 1 2292 1443 2066 2692
4292 4 2 0 1 872 1150 1803 1216
4293 4 2 0 1 2078 2301 2696 2295
4294 4 2 0 1 792 1129 1914 1784
4295 4 2 0 1 2769 1833 1634 2632
4296 4 2 0 1 1649 628 1650 1648
4297 4 2 0 1 2162 2430 2429 2181
4298 4 2 0 1 2004 1940 2028 1878
4299 4 2 0 1 1041 1846 1210 1966
4300 4 2 0 1 2289 2259 1434 2288
4301 4 2 0 1 2500 1534 2294 2585
4302 4 2 0 1 2145 1630 2144 2017
4303 4 2 0 1 816 1866 1193 815
4304 4 2 0 1 859 1903 858 857
4305 4 2 0 1 2509 2755 2510 2225
4306 4 2 0 1 2004 1830 1940 1878
4307 4 2 0 1 1626 2237 1461 2188
4308 4 2 0 1 2000 1940 1878 1683
4309 4 2 0 1 2000 1939 1878 1940
4310 4 2 0 1 190 425 2587 1690
4311 4 2 0 1 858 1906 747 857
4312 4 2 0 1 1645 1562 1419 1561
4313 4 2 0 1 680 1600 1748 558
4314 4 2 0 1 894 2001 2003 1190
4315 4 2 0 1 1839 1828 1088 1229
4316 4 2 0 1 1865 2336 2333 1845
4317 4 2 0 1 1157 784 1084 1887
4318 4 2 0 1 784 1793 1889 1887
4319 4 2 0 1 2288 2696 2291 2608
4320 4 2 0 1 1224 979 1984 1660
4321 4 2 0 1 1785 2503 2615 2277
4322 4 2 0 1 1763 2638 1683 2817
4323 4 2 0 1 1254 2005 1783 1936
4324 4 2 0 1 1892 861 1890 862
4325 4 2 0 1 1985 1155 2629 1229
4326 4 2 0 1 1224 979 1182 1984
4327 4 2 0 1 2688 2235 1425 1993
4328 4 2 0 1 958 959 956 1953
4329 4 2 0 1 2655 2081 2615 2277
4330 4 2 0 1 1360 1078 2663 1895
4331 4 2 0 1 1895 1905 1078 2663
4332 4 2 0 1 2774 2381 1699 1583
4333 4 2 0 1 1773 2596 2817 2668
4334 4 2 0 1 1599 1761 470 1663
4335 4 2 0 1 434 1559 2178 1511
4336 4 2 0 1 1921 1891 1895 2664
4337 4 2 0 1 1891 1894 1895 2664
4338 4 2 0 1 376 1585 361 579
4339 4 2 0 1 1435 1863 1948 2656
4340 4 2 0 1 1681 2046 1948 1227
4341 4 2 0 1 1410 2740 2196 2711
4342 4 2 0 1 2108 2694 2270 2714
4343 4 2 0 1 1903 1425 1906 1993
4344 4 2 0 1 1859 1812 1554 1857
4345 4 2 0 1 1466 2768 2640 2141
4346 4 2 0 1 715 495 530 1733
4347 4 2 0 1 2371 2367 2196 2482
4348 4 2 0 1 1903 1425 1993 1904
4349 4 2 0 1 788 1870 787 1809
4350 4 2 0 1 1999 925 1869 1935
4351 4 2 0 1 2500 2622 1790 2294
4352 4 2 0 1 1814 2544 2817 2302
4353 4 2 0 1 1222 2668 1308 1027
4354 4 2 0 1 1223 2018 2 1906
4355 4 2 0 1 766 1983 767 769
4356 4 2 0 1 1135 2635 1901 1289
4357 4 2 0 1 2185 2736 2186 2706
4358 4 2 0 1 1760 426 1576 422
4359 4 2 0 1 1433 2220 2759 2514
4360 4 2 0 1 2512 1436 2018 2254
4361 4 2 0 1 872 1977 1803 1920
4362 4 2 0 1 2243 2296 2642 1926
4363 4 2 0 1 1943 1814 2633 1813
4364 4 2 0 1 2243 2642 1916 1926
4365 4 2 0 1 1865 1845 942 1029
4366 4 2 0 1 2662 2630 2765 2559
4367 4 2 0 1 742 2447 1173 1248
4368 4 2 0 1 772 1807 1927 1928
4369 4 2 0 1 26 1965 1411 549
4370 4 2 0 1 1391 2172 2445 1513
4371 4 2 0 1 221 1468 563 55
4372 4 2 0 1 2083 2595 2700 2597
4373 4 2 0 1 2284 1431 2261 1430
4374 4 2 0 1 2289 1769 2696 2608
4375 4 2 0 1 2269 2260 2268 2761
4376 4 2 0 1 1814 2544 2302 2303
4377 4 2 0 1 1811 986 989 1242
4378 4 2 0 1 1482 2754 2579 2210
4379 4 2 0 1 1496 2162 1593 2686
4380 4 2 0 1 2443 1643 2146 1995
4381 4 2 0 1 2838 905 2828 912
4382 4 2 0 1 1397 1383 2707 2092
4383 4 2 0 1 2171 2174 1513 2027
4384 4 2 0 1 1941 2023 1230 2022
4385 4 2 0 1 1179 1255 2012 1926
4386 4 2 0 1 1464 1156 1159 971
4387 4 2 0 1 1921 1955 1920 868
4388 4 2 0 1 1921 1438 1954 2664
4389 4 2 0 1 870 1861 1921 1926
4390 4 2 0 1 2233 1653 2571 1639
4391 4 2 0 1 1866 807 1799 810
4392 4 2 0 1 2094 2674 2553 1575
4393 4 2 0 1 1623 2580 2803 2673
4394 4 2 0 1 1730 2489 1474 1547
4395 4 2 0 1 2639 2243 2242 2642
4396 4 2 0 1 2682 2679 1669 2677
4397 4 2 0 1 500 2507 2485 536
4398 4 2 0 1 2333 2336 2657 2335
4399 4 2 0 1 2333 2336 1499 1845
4400 4 2 0 1 1250 1349 1789 1947
4401 4 2 0 1 1453 2311 2453 2315
4402 4 2 0 1 905 1202 2828 912
4403 4 2 0 1 2729 2812 2140 2452
4404 4 2 0 1 2289 2253 2247 2252
4405 4 2 0 1 2627 2469 2550 2549
4406 4 2 0 1 2030 1944 2247 1423
4407 4 2 0 1 1316 993 1908 1925
4408 4 2 0 1 1453 1713 2069 1712
4409 4 2 0 1 785 787 1870 1871
4410 4 2 0 1 1840 1732 2550 2588
4411 4 2 0 1 2741 2105 2106 2191
4412 4 2 0 1 2615 1024 2653 1789
4413 4 2 0 1 1316 993 1925 987
4414 4 2 0 1 526 1581 2391 2383
4415 4 2 0 1 1498 2342 2536 2816
4416 4 2 0 1 1279 2827 1350 1119
4417 4 2 0 1 82 617 1588 501
4418 4 2 0 1 1626 1406 2188 1461
4419 4 2 0 1 2738 2716 2179 2122
4420 4 2 0 1 2650 1860 1856 1855
4421 4 2 0 1 2745 2214 1413 2213
4422 4 2 0 1 903 2019 1311 1372
4423 4 2 0 1 2295 1598 2302 2301
4424 4 2 0 1 2232 2237 2757 2240
4425 4 2 0 1 1663 245 1661 246
4426 4 2 0 1 1821 1977 1803 1216
4427 4 2 0 1 2283 2076 2614 2085
4428 4 2 0 1 1101 1277 2827 902
4429 4 2 0 1 1023 1314 2016 1361
4430 4 2 0 1 140 1558 1584 2504
4431 4 2 0 1 1421 2514 2251 2234
4432 4 2 0 1 1562 561 1676 378
4433 4 2 0 1 2497 724 1655 2723
4434 4 2 0 1 1361 1990 1314 2016
4435 4 2 0 1 2409 2100 2708 2805
4436 4 2 0 1 1711 2819 2652 1382
4437 4 2 0 1 2108 1387 2071 1427
4438 4 2 0 1 2145 2337 1501 1915
4439 4 2 0 1 1471 2341 1498 1473
4440 4 2 0 1 2337 2336 1915 1845
4441 4 2 0 1 1277 1101 2827 1797
4442 4 2 0 1 782 785 1888 1934
4443 4 2 0 1 2337 2245 1845 1915
4444 4 2 0 1 2563 2276 2760 2277
4445 4 2 0 1 435 388 250 2570
4446 4 2 0 1 2770 2342 2341 1473
4447 4 2 0 1 2557 2410 1500 2185
4448 4 2 0 1 2557 2412 1792 2556
4449 4 2 0 1 533 368 396 2164
4450 4 2 0 1 2630 947 1146 1881
4451 4 2 0 1 262 1550 1651 162
4452 4 2 0 1 201 168 1536 443
4453 4 2 0 1 84 553 1528 81
4454 4 2 0 1 2494 1760 2553 2723
4455 4 2 0 1 1872 1884 1899 1873
4456 4 2 0 1 1485 649 2384 389
4457 4 2 0 1 2396 2394 2390 1491
4458 4 2 0 1 2531 2781 2387 2399
4459 4 2 0 1 1413 2745 2205 2783
4460 4 2 0 1 2508 1559 2161 2433
4461 4 2 0 1 2686 1413 2750 2214
4462 4 2 0 1 2252 2253 2664 2764
4463 4 2 0 1 2690 1564 2699 2256
4464 4 2 0 1 2245 2145 1915 2337
4465 4 2 0 1 1922 2644 2332 2298
4466 4 2 0 1 2110 1427 2113 1387
4467 4 2 0 1 1396 2163 1397 2160
4468 4 2 0 1 1421 2233 2047 1987
4469 4 2 0 1 1143 1845 2325 1377
4470 4 2 0 1 1202 902 1221 1969
4471 4 2 0 1 1107 1274 1801 1216
4472 4 2 0 1 1061 970 1143 1915
4473 4 2 0 1 1079 1941 1915 1845
4474 4 2 0 1 2651 2699 1431 2282
4475 4 2 0 1 45 46 1643 734
4476 4 2 0 1 2332 2639 2338 2138
4477 4 2 0 1 1499 2336 2333 2335
4478 4 2 0 1 2561 2563 2271 2760
4479 4 2 0 1 1079 2010 1915 1941
4480 4 2 0 1 2826 815 1369 812
4481 4 2 0 1 493 672 411 2327
4482 4 2 0 1 2826 815 812 1866
4483 4 2 0 1 1749 1724 2350 1748
4484 4 2 0 1 185 1698 602 1483
4485 4 2 0 1 2753 2577 2221 2200
4486 4 2 0 1 2245 1941 1845 1915
4487 4 2 0 1 2363 1689 2587 1420
4488 4 2 0 1 2208 2749 2773 2217
4489 4 2 0 1 1369 812 813 2826
4490 4 2 0 1 2779 1582 1495 2214
4491 4 2 0 1 463 201 653 1609
4492 4 2 0 1 1658 943 1304 8
4493 4 2 0 1 222 139 1379 142
4494 4 2 0 1 2055 2682 1669 2677
4495 4 2 0 1 2036 1263 2660 1851
4496 4 2 0 1 2010 1941 2245 1915
4497 4 2 0 1 1850 2825 974 824
4498 4 2 0 1 2617 2620 1615 1788
4499 4 2 0 1 2636 1470 2635 2037
4500 4 2 0 1 1542 2474 485 2482
4501 4 2 0 1 443 1551 1536 1543
4502 4 2 0 1 1847 2631 2632 2325
4503 4 2 0 1 2243 1998 1944 1916
4504 4 2 0 1 667 93 154 1672
4505 4 2 0 1 2626 2647 1893 2666
4506 4 2 0 1 1998 1188 1944 1916
4507 4 2 0 1 2698 2638 2612 2596
4508 4 2 0 1 823 2825 824 822
4509 4 2 0 1 2009 993 1117 1074
4510 4 2 0 1 1850 2825 824 823
4511 4 2 0 1 1197 1869 1969 1999
4512 4 2 0 1 38 735 2672 37
4513 4 2 0 1 2125 1403 1662 2161
4514 4 2 0 1 828 1169 830 1882
4515 4 2 0 1 167 166 527 1604
4516 4 2 0 1 1595 273 274 216
4517 4 2 0 1 944 1204 1893 1203
4518 4 2 0 1 1499 2336 2337 1845
4519 4 2 0 1 546 249 1671 1661
4520 4 2 0 1 1593 1496 2526 2407
4521 4 2 0 1 610 559 2164 528
4522 4 2 0 1 1459 2716 2179 2111
4523 4 2 0 1 870 1178 2643 1916
4524 4 2 0 1 2732 1696 2405 2407
4525 4 2 0 1 1838 2555 2412 1912
4526 4 2 0 1 1813 1598 2028 1956
4527 4 2 0 1 2551 2553 2674 1576
4528 4 2 0 1 1446 1735 2056 2678
4529 4 2 0 1 2308 2057 2679 2681
4530 4 2 0 1 2040 1363 842 1275
4531 4 2 0 1 1815 1955 1813 1148
4532 4 2 0 1 1670 212 213 215
4533 4 2 0 1 2007 1149 2634 1813
4534 4 2 0 1 1294 1343 1878 1099
4535 4 2 0 1 2253 2764 2304 1956
4536 4 2 0 1 111 2374 2150 2484
4537 4 2 0 1 1964 1140 1186 1961
4538 4 2 0 1 1350 2827 1279 1797
4539 4 2 0 1 2521 1740 2799 2798
4540 4 2 0 1 385 387 400 1752
4541 4 2 0 1 1808 1972 1154 1927
4542 4 2 0 1 2045 1730 1679 1697
4543 4 2 0 1 201 535 653 1609
4544 4 2 0 1 1808 1303 773 1154
4545 4 2 0 1 2457 1411 1965 84
4546 4 2 0 1 25 2457 1965 84
4547 4 2 0 1 1962 497 65 1739
4548 4 2 0 1 2071 1429 2261 2695
4549 4 2 0 1 2729 2812 2452 1787
4550 4 2 0 1 2416 29 703 30
4551 4 2 0 1 1840 918 1999 1783
4552 4 2 0 1 1919 2643 2298 1861
4553 4 2 0 1 84 25 549 1965
4554 4 2 0 1 1693 2778 2777 2791
4555 4 2 0 1 2002 1829 1782 2003
4556 4 2 0 1 2782 1700 1411 1965
4557 4 2 0 1 1971 1869 1999 1608
4558 4 2 0 1 1274 1821 1976 1784
4559 4 2 0 1 2280 2502 2080 2294
4560 4 2 0 1 1637 718 99 96
4561 4 2 0 1 1911 1835 1927 776
4562 4 2 0 1 751 53 2767 54
4563 4 2 0 1 1805 1274 1976 1784
4564 4 2 0 1 2541 1656 1671 253
4565 4 2 0 1 2237 2113 1632 2240
4566 4 2 0 1 944 1835 776 1154
4567 4 2 0 1 769 767 1874 1983
4568 4 2 0 1 1900 2040 1882 1849
4569 4 2 0 1 1644 1635 1629 1630
4570 4 2 0 1 792 1129 1784 796
4571 4 2 0 1 762 764 763 1880
4572 4 2 0 1 792 1914 1129 790
4573 4 2 0 1 2332 1467 2639 2333
4574 4 2 0 1 1177 957 2610 1970
4575 4 2 0 1 2337 2336 1499 2335
4576 4 2 0 1 871 872 1861 1919
4577 4 2 0 1 420 1678 1657 479
4578 4 2 0 1 2509 2255 2510 1563
4579 4 2 0 1 1719 1735 2678 1555
4580 4 2 0 1 650 1596 442 481
4581 4 2 0 1 2523 2392 1409 1667
4582 4 2 0 1 1431 2690 1430 2067
4583 4 2 0 1 1711 2083 2700 2597
4584 4 2 0 1 454 597 1755 1744
4585 4 2 0 1 2013 2593 1985 2668
4586 4 2 0 1 1017 1019 2518 1018
4587 4 2 0 1 1483 2365 182 184
4588 4 2 0 1 1839 2593 2013 2049
4589 4 2 0 1 596 1575 1574 1576
4590 4 2 0 1 2013 1028 1985 1839
4591 4 2 0 1 2569 471 615 1640
4592 4 2 0 1 2668 2013 1027 1985
4593 4 2 0 1 1376 2013 1839 1028
4594 4 2 0 1 1517 1995 2443 2146
4595 4 2 0 1 35 518 2043 1531
4596 4 2 0 1 1290 2443 1995 1643
4597 4 2 0 1 2042 1531 2024 1967
4598 4 2 0 1 826 1850 1363 2040
4599 4 2 0 1 2386 227 230 228
4600 4 2 0 1 1472 1832 2671 2339
4601 4 2 0 1 1745 2680 1756 2679
4602 4 2 0 1 1634 1838 1837 1982
4603 4 2 0 1 1361 1314 1990 741
4604 4 2 0 1 926 1935 965 928
4605 4 2 0 1 575 2416 29 703
4606 4 2 0 1 53 69 2767 54
4607 4 2 0 1 63 2045 1731 1697
4608 4 2 0 1 322 320 359 2772
4609 4 2 0 1 966 1246 1247 2005
4610 4 2 0 1 874 876 2644 1818
4611 4 2 0 1 1971 1246 966 2005
4612 4 2 0 1 1993 2248 2256 2249
4613 4 2 0 1 1409 2392 2523 2777
4614 4 2 0 1 2044 1046 1659 2046
4615 4 2 0 1 1692 1700 1602 1672
4616 4 2 0 1 2535 2786 1470 1933
4617 4 2 0 1 1912 1628 1930 1910
4618 4 2 0 1 1971 928 965 1935
4619 4 2 0 1 2782 26 1965 1411
4620 4 2 0 1 2125 1392 2122 2176
4621 4 2 0 1 2195 2791 2473 2790
4622 4 2 0 1 1692 26 2782 1411
4623 4 2 0 1 1367 2005 1253 921
4624 4 2 0 1 2778 2198 2395 2777
4625 4 2 0 1 2473 2198 2790 2791
4626 4 2 0 1 1961 742 2455 2457
4627 4 2 0 1 1404 2734 2136 2181
4628 4 2 0 1 850 1026 2344 1138
4629 4 2 0 1 2730 2565 2626 2624
4630 4 2 0 1 2385 2476 2381 2382
4631 4 2 0 1 1584 515 2527 303
4632 4 2 0 1 451 595 125 2403
4633 4 2 0 1 2065 1455 1565 2062
4634 4 2 0 1 106 1485 105 103
4635 4 2 0 1 2795 1444 1381 2281
4636 4 2 0 1 177 1665 176 178
4637 4 2 0 1 2647 2666 2626 2556
4638 4 2 0 1 180 1665 178 176
4639 4 2 0 1 1932 1117 1931 1085
4640 4 2 0 1 2472 1670 1577 280
4641 4 2 0 1 1409 2392 1505 1667
4642 4 2 0 1 1778 1893 2014 2626
4643 4 2 0 1 1383 2128 2148 1397
4644 4 2 0 1 2792 553 310 719
4645 4 2 0 1 935 1998 1916 1188
4646 4 2 0 1 449 1623 1585 330
4647 4 2 0 1 1414 2216 2677 2679
4648 4 2 0 1 517 1750 433 2051
4649 4 2 0 1 495 2719 530 1733
4650 4 2 0 1 1096 1879 804 1098
4651 4 2 0 1 804 1879 1096 1822
4652 4 2 0 1 2723 148 147 149
4653 4 2 0 1 2054 2064 1384 2675
4654 4 2 0 1 1942 1907 2014 2626
4655 4 2 0 1 2380 2483 2487 1545
4656 4 2 0 1 2730 1778 2565 2567
4657 4 2 0 1 2105 2192 2721 2479
4658 4 2 0 1 1673 1902 1967 1472
4659 4 2 0 1 1828 1269 948 1164
4660 4 2 0 1 679 2472 1611 169
4661 4 2 0 1 2625 2812 2140 2189
4662 4 2 0 1 2364 184 186 2771
4663 4 2 0 1 1730 2755 2490 2348
4664 4 2 0 1 1865 2333 2644 2641
4665 4 2 0 1 432 513 678 1727
4666 4 2 0 1 2571 2572 1418 2222
4667 4 2 0 1 1480 1745 1756 1755
4668 4 2 0 1 1698 202 602 428
4669 4 2 0 1 2795 2066 2284 2285
4670 4 2 0 1 2426 133 2744 508
4671 4 2 0 1 1998 1189 2641 1218
4672 4 2 0 1 2217 2208 1419 2362
4673 4 2 0 1 2023 1941 2641 1499
4674 4 2 0 1 2432 396 2735 684
4675 4 2 0 1 440 1611 1604 283
4676 4 2 0 1 297 438 1752 292
4677 4 2 0 1 273 419 1692 1625
4678 4 2 0 1 1134 1828 1047 1825
4679 4 2 0 1 2672 754 2024 1531
4680 4 2 0 1 2371 2369 1484 2366
4681 4 2 0 1 2672 754 1531 36
4682 4 2 0 1 84 1411 2791 1529
4683 4 2 0 1 1114 1210 1324 1902
4684 4 2 0 1 2835 1604 440 1611
4685 4 2 0 1 1536 167 1604 165
4686 4 2 0 1 2194 1542 2193 1543
4687 4 2 0 1 1559 434 437 1511
4688 4 2 0 1 1670 212 193 211
4689 4 2 0 1 1047 1828 939 914
4690 4 2 0 1 2042 1531 2672 2024
4691 4 2 0 1 2416 1962 1963 2417
4692 4 2 0 1 750 730 1947 1249
4693 4 2 0 1 471 634 61 1747
4694 4 2 0 1 2207 1415 2747 2746
4695 4 2 0 1 2023 2245 1499 2244
4696 4 2 0 1 1511 134 393 490
4697 4 2 0 1 2442 1518 2435 1929
4698 4 2 0 1 612 1654 1559 437
4699 4 2 0 1 1070 949 2029 40
4700 4 2 0 1 232 234 1612 236
4701 4 2 0 1 471 45 1643 44
4702 4 2 0 1 1758 698 1644 618
4703 4 2 0 1 2150 2149 2724 2799
4704 4 2 0 1 1652 1542 2194 1543
4705 4 2 0 1 750 1979 1947 730
4706 4 2 0 1 1605 1656 647 1646
4707 4 2 0 1 1819 2770 1525 2455
4708 4 2 0 1 2601 2607 2604 2602
4709 4 2 0 1 2640 2758 2639 1499
4710 4 2 0 1 1047 1828 914 1164
4711 4 2 0 1 2244 2758 2241 2640
4712 4 2 0 1 1834 1370 1036 1715
4713 4 2 0 1 1568 1401 2706 2568
4714 4 2 0 1 2521 1740 2798 1699
4715 4 2 0 1 2026 744 1717 1718
4716 4 2 0 1 2391 97 1560 2390
4717 4 2 0 1 1334 1145 994 1923
4718 4 2 0 1 679 2472 169 167
4719 4 2 0 1 1098 2000 1181 1816
4720 4 2 0 1 2766 2039 2767 2238
4721 4 2 0 1 2283 2076 2085 2086
4722 4 2 0 1 2105 1386 2713 2312
4723 4 2 0 1 1828 939 1088 1229
4724 4 2 0 1 2498 2471 2528 2497
4725 4 2 0 1 1999 1197 916 1969
4726 4 2 0 1 2023 2239 2767 2022
4727 4 2 0 1 2778 2393 1560 2390
4728 4 2 0 1 2503 2563 2760 2277
4729 4 2 0 1 2005 1795 2549 1936
4730 4 2 0 1 960 963 1844 1106
4731 4 2 0 1 2019 1171 1951 1245
4732 4 2 0 1 634 267 1747 484
4733 4 2 0 1 2501 1984 1660 2648
4734 4 2 0 1 1834 1036 1370 1220
4735 4 2 0 1 165 1704 1604 1551
4736 4 2 0 1 2243 2296 2242 2642
4737 4 2 0 1 581 1696 118 1593
4738 4 2 0 1 2287 2224 1475 2073
4739 4 2 0 1 522 79 2039 2546
4740 4 2 0 1 1360 2012 1361 1232
4741 4 2 0 1 2726 2725 2724 2151
4742 4 2 0 1 1361 2012 1360 1990
4743 4 2 0 1 1467 2640 2338 2639
4744 4 2 0 1 1255 1921 867 866
4745 4 2 0 1 278 553 2791 1529
4746 4 2 0 1 1465 1468 2228 1754
4747 4 2 0 1 2404 2406 1507 2408
4748 4 2 0 1 1127 735 2024 2672
4749 4 2 0 1 56 57 369 2047
4750 4 2 0 1 695 1655 583 1760
4751 4 2 0 1 1674 2034 1470 2033
4752 4 2 0 1 507 1600 365 572
4753 4 2 0 1 1565 1455 1601 2062
4754 4 2 0 1 1945 1089 1788 1946
4755 4 2 0 1 2056 1452 2554 2055
4756 4 2 0 1 2453 2275 2653 1789
4757 4 2 0 1 2237 2110 2231 1461
4758 4 2 0 1 1677 1642 1750 355
4759 4 2 0 1 1713 1121 1715 1714
4760 4 2 0 1 1655 585 414 706
4761 4 2 0 1 2553 1575 1601 2094
4762 4 2 0 1 1303 773 1366 2033
4763 4 2 0 1 56 221 2047 369
4764 4 2 0 1 2625 2812 2189 1641
4765 4 2 0 1 188 727 1572 588
4766 4 2 0 1 1730 1443 2347 2755
4767 4 2 0 1 583 1655 695 155
4768 4 2 0 1 1658 2045 1657 2044
4769 4 2 0 1 183 1483 182 184
4770 4 2 0 1 221 56 2047 1468
4771 4 2 0 1 326 1723 1622 1725
4772 4 2 0 1 57 1468 1987 2047
4773 4 2 0 1 2729 2812 1787 2189
4774 4 2 0 1 57 1468 2047 56
4775 4 2 0 1 1350 2827 1277 1119
4776 4 2 0 1 1237 1142 2594 1978
4777 4 2 0 1 2681 2217 1621 2679
4778 4 2 0 1 399 1752 677 206
4779 4 2 0 1 57 1468 56 1375
4780 4 2 0 1 100 2368 2367 1637
4781 4 2 0 1 773 1806 2033 1808
4782 4 2 0 1 2683 2095 2057 2064
4783 4 2 0 1 2827 902 1969 1276
4784 4 2 0 1 596 1575 1576 351
4785 4 2 0 1 449 1585 1677 534
4786 4 2 0 1 2434 2437 1516 2035
4787 4 2 0 1 2353 2216 2679 2677
4788 4 2 0 1 1600 354 1748 558
4789 4 2 0 1 2133 1996 1395 2144
4790 4 2 0 1 1101 1034 1276 1797
4791 4 2 0 1 1505 2392 1409 2777
4792 4 2 0 1 467 309 398 2569
4793 4 2 0 1 1650 628 626 229
4794 4 2 0 1 1512 2437 2027 2785
4795 4 2 0 1 1996 1635 1395 2144
4796 4 2 0 1 2095 2683 2057 2682
4797 4 2 0 1 927 929 1797 930
4798 4 2 0 1 2507 2117 2097 147
4799 4 2 0 1 122 125 2403 1582
4800 4 2 0 1 2494 1760 2723 1741
4801 4 2 0 1 1477 2095 2057 2682
4802 4 2 0 1 2066 2284 2067 1431
4803 4 2 0 1 157 1548 156 2528
4804 4 2 0 1 2263 2257 2260 2261
4805 4 2 0 1 1976 873 875 1919
4806 4 2 0 1 1381 2070 2069 2286
4807 4 2 0 1 1653 1465 2327 493
4808 4 2 0 1 1980 1370 1834 1614
4809 4 2 0 1 1980 1198 17 1241
4810 4 2 0 1 2019 938 1133 1797
4811 4 2 0 1 2354 2052 2063 2581
4812 4 2 0 1 1505 2392 2199 1667
4813 4 2 0 1 2668 2544 2817 1992
4814 4 2 0 1 2822 2804 2824 2823
4815 4 2 0 1 2360 1757 569 455
4816 4 2 0 1 674 1601 73 613
4817 4 2 0 1 2794 1706 2489 2510
4818 4 2 0 1 1539 259 2175 1537
4819 4 2 0 1 2307 2427 2306 2744
4820 4 2 0 1 1390 2125 2707 2127
4821 4 2 0 1 938 2834 1133 1797
4822 4 2 0 1 575 2829 70 576
4823 4 2 0 1 1536 463 201 443
4824 4 2 0 1 1551 2194 1652 2471
4825 4 2 0 1 2280 2293 2656 2279
4826 4 2 0 1 2072 1381 2281 2278
4827 4 2 0 1 1573 2553 1601 1742
4828 4 2 0 1 1737 1574 1601 571
4829 4 2 0 1 1547 2360 2350 2359
4830 4 2 0 1 5 1563 1678 550
4831 4 2 0 1 588 436 2822 523
4832 4 2 0 1 674 73 1601 1737
4833 4 2 0 1 282 366 283 1611
4834 4 2 0 1 695 2551 1760 583
4835 4 2 0 1 1751 2830 385 1729
4836 4 2 0 1 1575 351 1708 1576
4837 4 2 0 1 2384 1487 648 1740
4838 4 2 0 1 69 2766 1753 658
4839 4 2 0 1 1551 443 1536 165
4840 4 2 0 1 1751 2830 1729 289
4841 4 2 0 1 1943 1598 2301 2302
4842 4 2 0 1 2195 280 2475 278
4843 4 2 0 1 1601 73 2102 1565
4844 4 2 0 1 2400 127 1495 2779
4845 4 2 0 1 722 623 1539 477
4846 4 2 0 1 2199 2392 1505 2777
4847 4 2 0 1 1642 2803 1684 2824
4848 4 2 0 1 1584 515 303 198
4849 4 2 0 1 2327 2175 2738 1539
4850 4 2 0 1 254 2541 253 255
4851 4 2 0 1 2153 1428 1383 2703
4852 4 2 0 1 249 251 1661 250
4853 4 2 0 1 2042 2671 2024 2672
4854 4 2 0 1 397 146 2551 583
4855 4 2 0 1 1394 698 592 1644
4856 4 2 0 1 2166 2186 2705 2187
4857 4 2 0 1 254 2541 1671 253
4858 4 2 0 1 1565 1601 73 1737
4859 4 2 0 1 1593 595 720 2403
4860 4 2 0 1 2388 1490 1504 1648
4861 4 2 0 1 251 1656 1661 250
4862 4 2 0 1 308 581 118 1593
4863 4 2 0 1 680 1572 2822 188
4864 4 2 0 1 1835 944 778 1836
4865 4 2 0 1 2092 1383 2088 1398
4866 4 2 0 1 2547 1839 1607 2548
4867 4 2 0 1 934 2834 932 936
4868 4 2 0 1 934 2834 930 932
4869 4 2 0 1 2363 1689 1420 2202
4870 4 2 0 1 597 1480 455 1755
4871 4 2 0 1 2092 2135 2136 2088
4872 4 2 0 1 2676 2683 2710 2099
4873 4 2 0 1 130 460 1561 728
4874 4 2 0 1 2732 1696 2735 2484
4875 4 2 0 1 1503 2147 2419 2373
4876 4 2 0 1 2710 2676 2099 2590
4877 4 2 0 1 138 2505 451 2779
4878 4 2 0 1 1573 488 1574 1576
4879 4 2 0 1 117 115 134 2431
4880 4 2 0 1 2721 2192 1386 2101
4881 4 2 0 1 575 1739 497 28
4882 4 2 0 1 2394 2370 2390 1491
4883 4 2 0 1 2019 1257 1256 1050
4884 4 2 0 1 97 697 1560 94
4885 4 2 0 1 89 91 1624 311
4886 4 2 0 1 1410 2198 1701 2711
4887 4 2 0 1 1700 1411 1965 2199
4888 4 2 0 1 12 1697 519 63
4889 4 2 0 1 1722 1720 503 1719
4890 4 2 0 1 1494 2058 2096 2099
4891 4 2 0 1 597 454 1755 455
4892 4 2 0 1 1848 1090 895 1984
4893 4 2 0 1 4 1563 2512 1680
4894 4 2 0 1 1876 1986 893 2516
4895 4 2 0 1 2243 2642 1818 1916
4896 4 2 0 1 1454 2152 2158 1398
4897 4 2 0 1 216 214 1595 217
4898 4 2 0 1 903 2019 1886 2020
4899 4 2 0 1 2060 1494 2099 2505
4900 4 2 0 1 2107 2190 2713 1695
4901 4 2 0 1 2741 2190 2713 1386
4902 4 2 0 1 495 2719 1733 1590
4903 4 2 0 1 1534 2464 1569 2468
4904 4 2 0 1 1615 1288 1785 1786
4905 4 2 0 1 1489 2425 2458 2382
4906 4 2 0 1 535 2520 416 1506
4907 4 2 0 1 1655 585 706 577
4908 4 2 0 1 2107 551 1695 586
4909 4 2 0 1 666 652 2487 110
4910 4 2 0 1 608 2487 1546 666
4911 4 2 0 1 183 185 602 1483
4912 4 2 0 1 2493 1474 2492 1547
4913 4 2 0 1 2105 1386 2741 2713
4914 4 2 0 1 2741 2191 2106 2711
4915 4 2 0 1 1600 365 325 323
4916 4 2 0 1 1946 1524 2762 2621
4917 4 2 0 1 2527 2380 2379 303
4918 4 2 0 1 2742 2192 2101 1386
4919 4 2 0 1 1486 2163 2377 2484
4920 4 2 0 1 2742 2190 2192 1386
4921 4 2 0 1 2110 1427 1387 2108
4922 4 2 0 1 2110 2109 2134 1461
4923 4 2 0 1 2237 1461 2188 2110
4924 4 2 0 1 1914 790 791 1913
4925 4 2 0 1 1576 426 488 596
4926 4 2 0 1 1109 1351 2518 1804
4927 4 2 0 1 493 221 1465 562
4928 4 2 0 1 1500 1626 1463 1631
4929 4 2 0 1 2113 2257 2232 2231
4930 4 2 0 1 1946 1016 1788 1789
4931 4 2 0 1 2113 2237 2188 2110
4932 4 2 0 1 1187 1952 1978 2669
4933 4 2 0 1 1542 1544 1543 673
4934 4 2 0 1 1729 386 527 725
4935 4 2 0 1 2267 2188 2108 2110
4936 4 2 0 1 1603 1587 2498 2528
4937 4 2 0 1 2110 1427 2108 2267
4938 4 2 0 1 300 2483 109 2484
4939 4 2 0 1 489 1652 1543 512
4940 4 2 0 1 336 1585 449 534
4941 4 2 0 1 2267 2113 2188 2110
4942 4 2 0 1 649 2384 648 1740
4943 4 2 0 1 193 1664 1670 211
4944 4 2 0 1 192 201 1609 535
4945 4 2 0 1 1406 1461 2120 2109
4946 4 2 0 1 336 449 1585 332
4947 4 2 0 1 2102 1455 2805 2592
4948 4 2 0 1 2547 1839 2548 1840
4949 4 2 0 1 1405 1461 2120 1406
4950 4 2 0 1 1980 2315 1207 1979
4951 4 2 0 1 1388 2494 2589 2097
4952 4 2 0 1 2729 2812 2189 2140
4953 4 2 0 1 328 1760 1655 422
4954 4 2 0 1 1655 585 577 1578
4955 4 2 0 1 1787 1523 2272 2762
4956 4 2 0 1 255 256 259 1537
4957 4 2 0 1 1495 2751 2400 1442
4958 4 2 0 1 531 137 1740 2799
4959 4 2 0 1 1737 1575 1574 1566
4960 4 2 0 1 2798 2521 2774 2797
4961 4 2 0 1 1656 2545 261 2175
4962 4 2 0 1 1472 2671 2024 2042
4963 4 2 0 1 1602 566 92 90
4964 4 2 0 1 1505 1616 1506 1693
4965 4 2 0 1 2520 2475 1577 1664
4966 4 2 0 1 2422 2151 2522 2419
4967 4 2 0 1 2797 2388 1489 2774
4968 4 2 0 1 440 366 1611 283
4969 4 2 0 1 409 1733 2485 682
4970 4 2 0 1 2388 1489 2726 2797
4971 4 2 0 1 2172 2568 2171 1391
4972 4 2 0 1 2543 2291 2696 2078
4973 4 2 0 1 311 91 1624 697
4974 4 2 0 1 2742 2495 466 2101
4975 4 2 0 1 351 2581 1575 1708
4976 4 2 0 1 2133 2172 1391 2143
4977 4 2 0 1 1707 2226 2510 2794
4978 4 2 0 1 2838 905 904 901
4979 4 2 0 1 1573 1576 2553 1760
4980 4 2 0 1 1455 1743 1601 2094
4981 4 2 0 1 2137 2290 2084 2608
4982 4 2 0 1 2613 1812 2466 2085
4983 4 2 0 1 400 726 554 2830
4984 4 2 0 1 828 2040 826 842
4985 4 2 0 1 1849 1883 1900 1884
4986 4 2 0 1 531 498 1740 723
4987 4 2 0 1 2564 1776 2567 2414
4988 4 2 0 1 1767 2331 1467 2334
4989 4 2 0 1 1776 1767 2334 2808
4990 4 2 0 1 2078 2603 1775 2696
4991 4 2 0 1 1057 1896 1080 1056
4992 4 2 0 1 2662 1881 1897 1238
4993 4 2 0 1 2443 2444 1897 1995
4994 4 2 0 1 1921 1438 2664 1895
4995 4 2 0 1 2011 1778 2567 2647
4996 4 2 0 1 988 986 1925 987
4997 4 2 0 1 2640 2334 1633 2780
4998 4 2 0 1 2472 283 282 281
4999 4 2 0 1 1470 1932 2635 1806
5000 4 2 0 1 2173 1402 1746 2171
5001 4 2 0 1 1911 1930 1910 1912
5002 4 2 0 1 2042 2530 2672 2531
5003 4 2 0 1 2725 2165 2148 2156
5004 4 2 0 1 2124 2087 1383 2090
5005 4 2 0 1 535 401 653 1609
5006 4 2 0 1 23 854 2450 730
5007 4 2 0 1 2087 1428 2090 2187
5008 4 2 0 1 1837 2769 1833 1634
5009 4 2 0 1 1883 839 1065 1161
5010 4 2 0 1 2126 1490 2726 2129
5011 4 2 0 1 2724 2130 2726 2129
5012 4 2 0 1 2486 2487 2488 2372
5013 4 2 0 1 281 2472 283 284
5014 4 2 0 1 1977 1160 1976 1919
5015 4 2 0 1 790 1914 791 792
5016 4 2 0 1 1149 1815 2634 1813
5017 4 2 0 1 1825 1219 805 1330
5018 4 2 0 1 1037 1825 1219 948
5019 4 2 0 1 1604 2472 283 1611
5020 4 2 0 1 2313 2409 1497 2158
5021 4 2 0 1 2313 2409 2158 1458
5022 4 2 0 1 1604 283 2472 284
5023 4 2 0 1 785 1934 820 1871
5024 4 2 0 1 2344 851 1901 1918
5025 4 2 0 1 2409 2378 2158 1458
5026 4 2 0 1 2291 1775 2608 2696
5027 4 2 0 1 1516 2441 1983 2340
5028 4 2 0 1 1648 1650 1504 2388
5029 4 2 0 1 1688 1312 736 2029
5030 4 2 0 1 2330 2625 2410 1792
5031 4 2 0 1 1832 1364 765 1260
5032 4 2 0 1 837 852 836 1897
5033 4 2 0 1 1276 1311 1969 1797
5034 4 2 0 1 2078 2603 2596 1775
5035 4 2 0 1 1648 1504 1650 1649
5036 4 2 0 1 1850 825 824 1124
5037 4 2 0 1 2620 991 992 1788
5038 4 2 0 1 1925 1938 1942 1908
5039 4 2 0 1 1675 1356 775 1371
5040 4 2 0 1 2342 1498 2536 2341
5041 4 2 0 1 1834 1003 1024 2653
5042 4 2 0 1 1808 1927 1318 1807
5043 4 2 0 1 1921 2664 1954 1956
5044 4 2 0 1 2715 2189 2089 2187
5045 4 2 0 1 1641 2736 1526 2170
5046 4 2 0 1 2459 1641 1526 2170
5047 4 2 0 1 1940 2698 2585 2294
5048 4 2 0 1 2596 1774 2597 2595
5049 4 2 0 1 1834 1024 1003 1035
5050 4 2 0 1 843 2345 2416 732
5051 4 2 0 1 843 2416 2345 1675
5052 4 2 0 1 2432 1559 2433 1654
5053 4 2 0 1 1564 1904 1863 1957
5054 4 2 0 1 1917 2654 2069 1447
5055 4 2 0 1 1302 1903 1905 1894
5056 4 2 0 1 1009 1997 2518 1959
5057 4 2 0 1 1822 1798 802 2629
5058 4 2 0 1 1828 1269 1164 1047
5059 4 2 0 1 2499 2648 1853 1569
5060 4 2 0 1 2118 2486 2722 2718
5061 4 2 0 1 1425 1435 1682 2512
5062 4 2 0 1 2432 1559 1654 437
5063 4 2 0 1 2547 1839 1840 1841
5064 4 2 0 1 1997 1009 1280 1007
5065 4 2 0 1 1141 1876 2588 897
5066 4 2 0 1 2701 2135 2088 2136
5067 4 2 0 1 2091 2184 1401 2704
5068 4 2 0 1 1813 1598 1956 1943
5069 4 2 0 1 2568 2704 1401 2184
5070 4 2 0 1 897 2020 2588 899
5071 4 2 0 1 1765 1810 2594 1770
5072 4 2 0 1 2346 2344 1960 2343
5073 4 2 0 1 776 1835 1927 1154
5074 4 2 0 1 2706 2568 1401 2184
5075 4 2 0 1 2547 1839 1841 1607
5076 4 2 0 1 1171 2019 1886 1043
5077 4 2 0 1 1234 1851 1900 1263
5078 4 2 0 1 2473 2475 1610 1616
5079 4 2 0 1 29 2416 28 732
5080 4 2 0 1 2526 720 451 2403
5081 4 2 0 1 901 1202 1969 2828
5082 4 2 0 1 1283 1971 1951 1935
5083 4 2 0 1 931 927 1935 1797
5084 4 2 0 1 1797 933 1172 2019
5085 4 2 0 1 1974 1328 1066 1781
5086 4 2 0 1 1694 2742 1408 2470
5087 4 2 0 1 1490 1401 1746 2131
5088 4 2 0 1 1960 1138 855 2343
5089 4 2 0 1 1263 2660 1851 1900
5090 4 2 0 1 784 782 1889 783
5091 4 2 0 1 2026 744 1271 1205
5092 4 2 0 1 2742 1603 2471 2470
5093 4 2 0 1 221 1468 2047 1465
5094 4 2 0 1 40 1688 453 656
5095 4 2 0 1 1564 2699 2697 2294
5096 4 2 0 1 1794 1083 1153 1025
5097 4 2 0 1 390 1603 486 2470
5098 4 2 0 1 2526 451 720 515
5099 4 2 0 1 2291 2288 2608 2290
5100 4 2 0 1 1196 1464 2145 1159
5101 4 2 0 1 2093 1527 2737 2316
5102 4 2 0 1 2673 340 1623 1677
5103 4 2 0 1 1412 2783 2205 2745
5104 4 2 0 1 2140 2729 2562 2330
5105 4 2 0 1 2459 2619 1524 2810
5106 4 2 0 1 1938 1931 982 981
5107 4 2 0 1 1808 1303 1154 1972
5108 4 2 0 1 2794 1689 1705 1690
5109 4 2 0 1 2474 371 1544 485
5110 4 2 0 1 982 980 1931 1316
5111 4 2 0 1 1689 2201 2586 1417
5112 4 2 0 1 2412 2557 1792 2415
5113 4 2 0 1 1810 1768 2604 2807
5114 4 2 0 1 2138 2298 2639 2642
5115 4 2 0 1 786 1084 1887 1842
5116 4 2 0 1 1107 963 1106 1844
5117 4 2 0 1 1843 1821 1784 1976
5118 4 2 0 1 1623 340 2673 329
5119 4 2 0 1 1002 1868 1867 1000
5120 4 2 0 1 1811 1973 1242 989
5121 4 2 0 1 2081 2655 2082 2086
5122 4 2 0 1 753 1860 1121 1714
5123 4 2 0 1 2226 2220 1417 1567
5124 4 2 0 1 2135 2733 2707 2092
5125 4 2 0 1 2547 1841 2549 1607
5126 4 2 0 1 2135 2733 2092 2136
5127 4 2 0 1 1886 1226 1042 1372
5128 4 2 0 1 419 524 1595 274
5129 4 2 0 1 1538 2702 2684 2211
5130 4 2 0 1 2702 1538 2746 2211
5131 4 2 0 1 2353 1478 2213 2096
5132 4 2 0 1 1538 1413 2746 2211
5133 4 2 0 1 2602 1775 2607 2603
5134 4 2 0 1 714 1664 1595 1625
5135 4 2 0 1 2040 1169 1882 1108
5136 4 2 0 1 1475 2352 1482 1445
5137 4 2 0 1 2658 1072 2325 1377
5138 4 2 0 1 2658 1072 1377 1193
5139 4 2 0 1 1140 742 743 1961
5140 4 2 0 1 2831 904 911 2628
5141 4 2 0 1 1030 1048 1804 1195
5142 4 2 0 1 1195 1019 2462 2518
5143 4 2 0 1 2549 1841 2547 1840
5144 4 2 0 1 1459 2120 1461 2134
5145 4 2 0 1 1992 793 1831 1826
5146 4 2 0 1 2223 1475 2754 1482
5147 4 2 0 1 1727 2717 2579 2576
5148 4 2 0 1 1997 1812 2468 2465
5149 4 2 0 1 1024 1288 2615 1001
5150 4 2 0 1 462 374 655 1611
5151 4 2 0 1 2529 390 286 1604
5152 4 2 0 1 2717 2572 1727 2222
5153 4 2 0 1 1255 870 867 1921
5154 4 2 0 1 1628 2322 2559 2444
5155 4 2 0 1 1415 2207 2205 2746
5156 4 2 0 1 779 781 1827 780
5157 4 2 0 1 2717 1727 2572 1539
5158 4 2 0 1 82 36 37 2672
5159 4 2 0 1 2228 1418 1433 2571
5160 4 2 0 1 1850 1983 1849 1851
5161 4 2 0 1 847 2344 2343 846
5162 4 2 0 1 1234 1851 1263 838
5163 4 2 0 1 2725 2163 1397 1396
5164 4 2 0 1 2539 1592 1537 2541
5165 4 2 0 1 672 478 2327 307
5166 4 2 0 1 2630 969 946 2765
5167 4 2 0 1 2011 1776 2647 2567
5168 4 2 0 1 2323 2321 2813 2319
5169 4 2 0 1 832 831 1882 833
5170 4 2 0 1 828 830 829 1882
5171 4 2 0 1 2228 1433 1418 2227
5172 4 2 0 1 1779 2619 2800 2620
5173 4 2 0 1 1758 1629 1395 2146
5174 4 2 0 1 2322 2444 2321 2662
5175 4 2 0 1 2335 2632 1889 2769
5176 4 2 0 1 485 2367 2482 2474
5177 4 2 0 1 1116 1040 1055 2610
5178 4 2 0 1 2793 2790 2711 2713
5179 4 2 0 1 1802 1981 2634 2633
5180 4 2 0 1 1711 2819 2761 2652
5181 4 2 0 1 1534 2461 2502 2614
5182 4 2 0 1 2051 2354 2580 2581
5183 4 2 0 1 1426 1433 2228 2227
5184 4 2 0 1 2581 2354 2580 2673
5185 4 2 0 1 1186 1960 1243 855
5186 4 2 0 1 1544 1609 653 1540
5187 4 2 0 1 2363 2208 2773 1483
5188 4 2 0 1 2232 2237 2231 2238
5189 4 2 0 1 2121 1459 1461 2326
5190 4 2 0 1 1105 1338 1715 1286
5191 4 2 0 1 2239 2039 2756 2238
5192 4 2 0 1 1999 925 1935 924
5193 4 2 0 1 2519 2627 2550 1608
5194 4 2 0 1 81 84 1411 1528
5195 4 2 0 1 2239 2039 2238 2767
5196 4 2 0 1 2140 2330 2566 1792
5197 4 2 0 1 2570 1656 388 250
5198 4 2 0 1 574 2418 312 87
5199 4 2 0 1 649 2384 389 648
5200 4 2 0 1 1094 1046 1659 1342
5201 4 2 0 1 2238 2237 2231 1461
5202 4 2 0 1 2358 1749 2771 2364
5203 4 2 0 1 625 507 572 1600
5204 4 2 0 1 2134 2112 1387 2229
5205 4 2 0 1 2294 1958 1564 2293
5206 4 2 0 1 2243 1926 1944 2247
5207 4 2 0 1 1013 1015 1885 1022
5208 4 2 0 1 2259 2289 2247 2252
5209 4 2 0 1 2115 2720 2114 1388
5210 4 2 0 1 2289 2259 2247 2727
5211 4 2 0 1 1551 1652 1543 489
5212 4 2 0 1 854 730 1947 2450
5213 4 2 0 1 2288 2696 2608 2289
5214 4 2 0 1 566 1739 622 200
5215 4 2 0 1 760 1880 762 761
5216 4 2 0 1 2570 388 1656 1646
5217 4 2 0 1 429 1698 2748 428
5218 4 2 0 1 2233 2514 2251 1421
5219 4 2 0 1 838 1851 1263 1265
5220 4 2 0 1 2249 1430 2690 2067
5221 4 2 0 1 2386 2446 2398 1588
5222 4 2 0 1 1608 2519 2006 2020
5223 4 2 0 1 1608 1886 1885 1951
5224 4 2 0 1 1426 1424 2251 2689
5225 4 2 0 1 1707 1706 2510 430
5226 4 2 0 1 1986 2517 2006 1076
5227 4 2 0 1 2293 2280 2656 2699
5228 4 2 0 1 1034 938 2019 1797
5229 4 2 0 1 2511 481 1596 2226
5230 4 2 0 1 1435 2249 1863 2656
5231 4 2 0 1 2266 2274 2453 2760
5232 4 2 0 1 2335 2769 1767 2780
5233 4 2 0 1 1008 1158 1997 1959
5234 4 2 0 1 1037 948 2628 1825
5235 4 2 0 1 2337 2768 2731 1501
5236 4 2 0 1 2265 1428 2272 2714
5237 4 2 0 1 1096 1098 1181 1816
5238 4 2 0 1 2519 1608 2006 2515
5239 4 2 0 1 1094 2623 2501 2583
5240 4 2 0 1 904 911 2628 1141
5241 4 2 0 1 1858 1917 2653 1857
5242 4 2 0 1 2615 2275 2653 2277
5243 4 2 0 1 1063 1974 2025 1067
5244 4 2 0 1 282 663 1670 556
5245 4 2 0 1 1950 1012 1885 1959
5246 4 2 0 1 1445 2695 1553 2270
5247 4 2 0 1 2795 1381 2286 2284
5248 4 2 0 1 1034 2019 938 1050
5249 4 2 0 1 1299 1950 1113 1971
5250 4 2 0 1 278 553 1529 277
5251 4 2 0 1 897 2020 899 898
5252 4 2 0 1 2615 2275 2277 2503
5253 4 2 0 1 1804 2516 2518 1569
5254 4 2 0 1 2790 2449 2711 2713
5255 4 2 0 1 1999 2588 2519 2020
5256 4 2 0 1 2518 2467 2516 2515
5257 4 2 0 1 2655 1858 2277 2653
5258 4 2 0 1 1045 1046 739 2044
5259 4 2 0 1 2074 2075 2282 2278
5260 4 2 0 1 1195 1109 2518 1804
5261 4 2 0 1 1586 2050 1750 598
5262 4 2 0 1 1542 485 1544 673
5263 4 2 0 1 1714 14 717 15
5264 4 2 0 1 2478 2720 2118 2480
5265 4 2 0 1 2820 2651 2074 2652
5266 4 2 0 1 113 2484 2735 114
5267 4 2 0 1 1981 1802 1764 2633
5268 4 2 0 1 1223 2018 1906 1682
5269 4 2 0 1 1290 1643 734 940
5270 4 2 0 1 1980 18 1241 17
5271 4 2 0 1 2283 1533 2461 2502
5272 4 2 0 1 2469 1716 2549 2627
5273 4 2 0 1 547 378 1562 2305
5274 4 2 0 1 1562 378 547 601
5275 4 2 0 1 1973 1217 1069 2025
5276 4 2 0 1 1221 900 1969 1091
5277 4 2 0 1 2241 1632 2141 1393
5278 4 2 0 1 2006 898 903 2020
5279 4 2 0 1 1761 1389 1646 2570
5280 4 2 0 1 1761 2570 1646 435
5281 4 2 0 1 2493 2347 1738 1720
5282 4 2 0 1 2154 2159 2312 1522
5283 4 2 0 1 2084 2728 2561 2562
5284 4 2 0 1 2154 2312 2159 2157
5285 4 2 0 1 1582 122 125 124
5286 4 2 0 1 1536 463 1609 201
5287 4 2 0 1 2038 1928 2667 1516
5288 4 2 0 1 1924 807 1833 781
5289 4 2 0 1 2715 2267 2271 2562
5290 4 2 0 1 2757 2758 2241 2244
5291 4 2 0 1 1244 2669 2610 1953
5292 4 2 0 1 1843 1821 1976 2300
5293 4 2 0 1 1767 1870 1888 1842
5294 4 2 0 1 1815 1803 2634 2633
5295 4 2 0 1 1150 872 1803 1920
5296 4 2 0 1 2154 2422 1522 2712
5297 4 2 0 1 925 927 929 1797
5298 4 2 0 1 683 1739 576 539
5299 4 2 0 1 1063 1974 1067 1066
5300 4 2 0 1 1522 2154 1527 2422
5301 4 2 0 1 271 636 2307 508
5302 4 2 0 1 1663 555 470 1599
5303 4 2 0 1 636 2426 1591 2307
5304 4 2 0 1 2744 2426 508 2307
5305 4 2 0 1 1838 2011 2647 1836
5306 4 2 0 1 2806 2313 1449 2104
5307 4 2 0 1 2157 2309 2313 2104
5308 4 2 0 1 1877 2001 1796 2032
5309 4 2 0 1 2416 2345 1963 855
5310 4 2 0 1 1779 2802 1615 2600
5311 4 2 0 1 950 1932 980 1085
5312 4 2 0 1 2668 2544 2596 2817
5313 4 2 0 1 2516 889 893 1194
5314 4 2 0 1 2122 2121 1646 2545
5315 4 2 0 1 1758 698 618 75
5316 4 2 0 1 1663 470 555 605
5317 4 2 0 1 2806 2313 2805 1449
5318 4 2 0 1 2445 1996 2323 1517
5319 4 2 0 1 764 1850 768 1880
5320 4 2 0 1 746 2512 1681 1680
5321 4 2 0 1 1458 2104 2157 2313
5322 4 2 0 1 1453 2274 2653 2453
5323 4 2 0 1 2157 2313 2309 1454
5324 4 2 0 1 1458 2104 2313 2806
5325 4 2 0 1 1059 1794 1060 1025
5326 4 2 0 1 764 1850 1880 1983
5327 4 2 0 1 1181 1878 1939 1343
5328 4 2 0 1 2309 2313 2104 1449
5329 4 2 0 1 1348 2024 1966 1832
5330 4 2 0 1 2441 1516 2436 2340
5331 4 2 0 1 1739 614 497 65
5332 4 2 0 1 1100 2024 754 1967
5333 4 2 0 1 2813 2322 2765 2631
5334 4 2 0 1 2322 2319 2324 2631
5335 4 2 0 1 2813 2322 2631 2319
5336 4 2 0 1 1026 1138 1923 2344
5337 4 2 0 1 1609 401 653 1540
5338 4 2 0 1 2649 1852 2648 1175
5339 4 2 0 1 1338 1852 1252 1064
5340 4 2 0 1 2813 2322 2319 2321
5341 4 2 0 1 1790 1948 2583 1949
5342 4 2 0 1 2813 2322 2321 2765
5343 4 2 0 1 779 780 1827 778
5344 4 2 0 1 2042 2530 2531 1471
5345 4 2 0 1 2322 2320 2321 2444
5346 4 2 0 1 2322 2320 2444 1628
5347 4 2 0 1 2624 1779 2800 2730
5348 4 2 0 1 1208 1846 1307 1209
5349 4 2 0 1 2167 2410 2186 2189
5350 4 2 0 1 2562 2290 2271 2560
5351 4 2 0 1 1204 2015 820 2011
5352 4 2 0 1 1204 2015 2011 1778
5353 4 2 0 1 1594 526 2383 589
5354 4 2 0 1 2167 2410 2189 1641
5355 4 2 0 1 1641 2410 2189 2625
5356 4 2 0 1 1301 2025 1069 1040
5357 4 2 0 1 1008 1007 1009 1997
5358 4 2 0 1 390 284 286 1604
5359 4 2 0 1 980 1931 1932 951
5360 4 2 0 1 2344 851 1918 849
5361 4 2 0 1 788 1913 2807 791
5362 4 2 0 1 2812 1641 2167 2189
5363 4 2 0 1 2081 1785 2082 2615
5364 4 2 0 1 2326 2327 1465 2230
5365 4 2 0 1 1287 1045 2044 1346
5366 4 2 0 1 1037 2031 1162 1163
5367 4 2 0 1 2690 2248 1597 1430
5368 4 2 0 1 2004 1564 1958 1957
5369 4 2 0 1 1605 2766 2121 2546
5370 4 2 0 1 769 1228 1874 770
5371 4 2 0 1 2421 2419 2154 2155
5372 4 2 0 1 1399 2733 2132 2161
5373 4 2 0 1 1344 2145 2010 2017
5374 4 2 0 1 1454 2152 1398 2153
5375 4 2 0 1 1470 2636 2635 2440
5376 4 2 0 1 133 2426 1509 509
5377 4 2 0 1 742 2447 1819 2455
5378 4 2 0 1 1458 1508 2421 2420
5379 4 2 0 1 23 2457 1701 1173
5380 4 2 0 1 2734 2684 2821 2160
5381 4 2 0 1 2640 1633 2334 2141
5382 4 2 0 1 1652 1542 2480 2197
5383 4 2 0 1 2837 70 593 703
5384 4 2 0 1 2764 2289 2304 2696
5385 4 2 0 1 2371 2373 2369 1485
5386 4 2 0 1 2324 1924 1930 2559
5387 4 2 0 1 1422 2238 1754 2328
5388 4 2 0 1 368 1654 612 437
5389 4 2 0 1 1128 1799 1183 2630
5390 4 2 0 1 632 388 1646 647
5391 4 2 0 1 2786 2344 2635 1918
5392 4 2 0 1 1466 2329 1626 2318
5393 4 2 0 1 1553 2266 2268 2274
5394 4 2 0 1 1429 2264 2268 2694
5395 4 2 0 1 1763 2638 2817 1773
5396 4 2 0 1 769 1874 1228 1872
5397 4 2 0 1 2603 2607 2604 1765
5398 4 2 0 1 2300 1977 1861 1439
5399 4 2 0 1 1417 1475 2215 2202
5400 4 2 0 1 2109 2124 2703 1392
5401 4 2 0 1 2473 2793 2193 2195
5402 4 2 0 1 152 1550 153 162
5403 4 2 0 1 2255 2509 2510 2225
5404 4 2 0 1 1456 1947 2762 2315
5405 4 2 0 1 1019 2462 2518 1018
5406 4 2 0 1 2280 2068 2699 2282
5407 4 2 0 1 1858 1917 1857 1447
5408 4 2 0 1 685 16 1614 73
5409 4 2 0 1 2590 2676 2099 2506
5410 4 2 0 1 643 1510 119 392
5411 4 2 0 1 2457 2788 2396 1701
5412 4 2 0 1 1 1906 856 747
5413 4 2 0 1 1468 1422 1754 2328
5414 4 2 0 1 856 1906 1 2235
5415 4 2 0 1 1230 53 2039 2767
5416 4 2 0 1 2012 2252 2247 1438
5417 4 2 0 1 2071 2108 2264 2694
5418 4 2 0 1 1480 1756 1745 1476
5419 4 2 0 1 2746 1413 2739 2211
5420 4 2 0 1 1622 710 329 1619
5421 4 2 0 1 304 199 536 1558
5422 4 2 0 1 760 1880 761 759
5423 4 2 0 1 163 2117 152 1550
5424 4 2 0 1 2577 2221 2200 1412
5425 4 2 0 1 1519 2671 1471 2438
5426 4 2 0 1 402 688 2799 2150
5427 4 2 0 1 2831 911 904 907
5428 4 2 0 1 2368 101 2524 379
5429 4 2 0 1 1832 1880 759 1340
5430 4 2 0 1 2346 1960 1473 2781
5431 4 2 0 1 2173 1649 1504 1746
5432 4 2 0 1 837 841 1881 840
5433 4 2 0 1 1086 2029 1212 2441
5434 4 2 0 1 51 1344 2017 50
5435 4 2 0 1 2145 2010 1915 1196
5436 4 2 0 1 1255 1921 1895 1926
5437 4 2 0 1 1467 2640 2639 1499
5438 4 2 0 1 1888 784 1889 1887
5439 4 2 0 1 1127 755 2024 735
5440 4 2 0 1 2288 2696 2289 1597
5441 4 2 0 1 2064 2063 2057 2681
5442 4 2 0 1 609 1563 2348 2510
5443 4 2 0 1 2684 1535 2059 2408
5444 4 2 0 1 69 562 658 1753
5445 4 2 0 1 948 2628 1828 2831
5446 4 2 0 1 133 1510 1509 121
5447 4 2 0 1 1665 1666 2575 2578
5448 4 2 0 1 1964 1140 1965 26
5449 4 2 0 1 1755 1757 1613 1669
5450 4 2 0 1 2787 2451 2788 2448
5451 4 2 0 1 1563 2509 2348 2510
5452 4 2 0 1 849 850 950 1918
5453 4 2 0 1 1258 1880 759 761
5454 4 2 0 1 1901 2339 1471 2635
5455 4 2 0 1 2509 2755 2348 2510
5456 4 2 0 1 1911 1836 2558 1835
5457 4 2 0 1 1978 1952 1142 2594
5458 4 2 0 1 773 1318 1806 1808
5459 4 2 0 1 1679 2755 2348 2509
5460 4 2 0 1 2475 280 2743 2472
5461 4 2 0 1 1551 2194 2471 2470
5462 4 2 0 1 193 2520 192 1577
5463 4 2 0 1 1380 2683 2096 2099
5464 4 2 0 1 1551 159 1704 2528
5465 4 2 0 1 2492 2357 2215 2359
5466 4 2 0 1 2198 2793 2790 2711
5467 4 2 0 1 1971 1950 1951 1608
5468 4 2 0 1 2253 2304 1954 1956
5469 4 2 0 1 1343 1939 1181 1262
5470 4 2 0 1 1554 2075 2086 1858
5471 4 2 0 1 2032 885 894 2003
5472 4 2 0 1 1144 878 1227 1862
5473 4 2 0 1 1258 759 1880 1340
5474 4 2 0 1 2595 2605 1770 1772
5475 4 2 0 1 1817 1955 1813 1956
5476 4 2 0 1 1557 1736 1669 2554
5477 4 2 0 1 2566 2564 2334 1777
5478 4 2 0 1 2203 1479 2200 2216
5479 4 2 0 1 1478 2353 2679 2057
5480 4 2 0 1 2055 1734 2554 1736
5481 4 2 0 1 113 2484 114 112
5482 4 2 0 1 2492 1705 2358 2489
5483 4 2 0 1 1730 1474 2347 1547
5484 4 2 0 1 1546 1733 409 530
5485 4 2 0 1 1604 170 527 679
5486 4 2 0 1 1474 2489 2492 1547
5487 4 2 0 1 1491 2366 2395 2389
5488 4 2 0 1 2482 2478 2118 1590
5489 4 2 0 1 1742 2494 2592 2101
5490 4 2 0 1 2489 2349 2350 2772
5491 4 2 0 1 1446 2056 2359 2678
5492 4 2 0 1 1961 2454 2455 1525
5493 4 2 0 1 1724 1723 2350 1748
5494 4 2 0 1 2421 2377 2373 2488
5495 4 2 0 1 322 2350 2772 570
5496 4 2 0 1 1724 2358 2364 1749
5497 4 2 0 1 2837 703 575 70
5498 4 2 0 1 2534 2034 2033 2801
5499 4 2 0 1 2365 2364 2771 184
5500 4 2 0 1 2473 2198 2791 2777
5501 4 2 0 1 2365 2364 184 1483
5502 4 2 0 1 1409 1667 1540 1637
5503 4 2 0 1 1250 1947 1174 1249
5504 4 2 0 1 575 2416 703 2837
5505 4 2 0 1 1603 390 2529 1604
5506 4 2 0 1 2394 1488 2775 2382
5507 4 2 0 1 1749 1724 1572 2364
5508 4 2 0 1 1724 2358 1749 2350
5509 4 2 0 1 1134 1828 1825 1229
5510 4 2 0 1 1686 43 1717 2026
5511 4 2 0 1 1525 2385 2387 2399
5512 4 2 0 1 1650 628 229 232
5513 4 2 0 1 1819 2341 2770 1923
5514 4 2 0 1 2523 2366 2196 1410
5515 4 2 0 1 1642 607 1585 344
5516 4 2 0 1 2708 2098 2589 2590
5517 4 2 0 1 1229 1828 1825 1839
5518 4 2 0 1 2789 2523 2196 1410
5519 4 2 0 1 1800 1847 807 1799
5520 4 2 0 1 968 2321 2662 2765
5521 4 2 0 1 1832 1031 762 1364
5522 4 2 0 1 1515 2438 2530 2439
5523 4 2 0 1 2196 2481 2478 2474
5524 4 2 0 1 762 1031 1832 760
5525 4 2 0 1 1794 1153 1060 1025
5526 4 2 0 1 1924 1112 781 779
5527 4 2 0 1 2239 2023 2767 2757
5528 4 2 0 1 1912 2412 1838 2413
5529 4 2 0 1 921 1251 2005 1936
5530 4 2 0 1 921 2005 1251 1367
5531 4 2 0 1 2146 1643 1629 1995
5532 4 2 0 1 2228 2326 1754 2231
5533 4 2 0 1 1510 119 2429 121
5534 4 2 0 1 1230 2022 2039 52
5535 4 2 0 1 2307 508 461 271
5536 4 2 0 1 1647 238 239 240
5537 4 2 0 1 2576 2538 1666 2537
5538 4 2 0 1 2210 1479 2200 2203
5539 4 2 0 1 2181 2684 2136 2211
5540 4 2 0 1 2401 2402 1538 2059
5541 4 2 0 1 2417 574 2418 1502
5542 4 2 0 1 1492 2425 2476 2382
5543 4 2 0 1 2404 1584 2379 2406
5544 4 2 0 1 1332 1846 1675 2345
5545 4 2 0 1 1332 1211 1675 1846
5546 4 2 0 1 2770 2342 1473 2397
5547 4 2 0 1 2389 2396 2394 2775
5548 4 2 0 1 2404 2527 2380 2379
5549 4 2 0 1 1761 1762 1759 1394
5550 4 2 0 1 1507 2098 2708 2406
5551 4 2 0 1 2142 1394 1758 1599
5552 4 2 0 1 2335 2632 2769 1501
5553 4 2 0 1 1708 664 600 351
5554 4 2 0 1 553 2792 2791 1528
5555 4 2 0 1 2307 461 508 2744
5556 4 2 0 1 1496 2162 2686 2402
5557 4 2 0 1 2482 2367 2196 2474
5558 4 2 0 1 2223 2224 2287 2225
5559 4 2 0 1 2751 2217 1442 1419
5560 4 2 0 1 337 1723 2350 1480
5561 4 2 0 1 479 1678 1657 2348
5562 4 2 0 1 2509 2292 2512 1530
5563 4 2 0 1 111 2150 2735 2484
5564 4 2 0 1 883 2623 2003 884
5565 4 2 0 1 1507 2098 2406 2379
5566 4 2 0 1 1507 2098 2379 2722
5567 4 2 0 1 532 2199 154 95
5568 4 2 0 1 2388 2798 2774 2797
5569 4 2 0 1 911 2831 948 907
5570 4 2 0 1 1167 1716 1055 2021
5571 4 2 0 1 1802 1764 2633 2303
5572 4 2 0 1 2802 2617 1779 1615
5573 4 2 0 1 2543 2699 1382 2080
5574 4 2 0 1 2537 1727 2575 2576
5575 4 2 0 1 2572 2327 2717 1539
5576 4 2 0 1 133 2744 508 461
5577 4 2 0 1 2521 2798 2799 2797
5578 4 2 0 1 2794 1689 1690 1691
5579 4 2 0 1 2065 2355 2055 1452
5580 4 2 0 1 2708 2100 2099 2710
5581 4 2 0 1 2100 2058 2061 1497
5582 4 2 0 1 519 716 2347 1720
5583 4 2 0 1 189 2349 314 2771
5584 4 2 0 1 2221 2577 2202 2363
5585 4 2 0 1 2678 1446 1722 2073
5586 4 2 0 1 1730 2840 2491 521
5587 4 2 0 1 2779 2214 2400 2308
5588 4 2 0 1 351 2581 1708 1677
5589 4 2 0 1 1487 1571 1699 2381
5590 4 2 0 1 694 317 363 2490
5591 4 2 0 1 588 2822 1685 1572
5592 4 2 0 1 1645 372 429 587
5593 4 2 0 1 1723 1724 1480 1745
5594 4 2 0 1 2233 1426 2228 1988
5595 4 2 0 1 2766 2326 2238 1754
5596 4 2 0 1 2716 2121 2230 2326
5597 4 2 0 1 1761 1462 1668 1646
5598 4 2 0 1 1730 2840 521 63
5599 4 2 0 1 1822 806 799 1981
5600 4 2 0 1 1142 1952 1027 2668
5601 4 2 0 1 2687 2060 2308 2681
5602 4 2 0 1 1843 1130 1975 1794
5603 4 2 0 1 2680 1414 1756 2679
5604 4 2 0 1 2353 1380 2055 2682
5605 4 2 0 1 1464 1061 1915 970
5606 4 2 0 1 2638 2698 2612 2585
5607 4 2 0 1 2137 2338 2334 2141
5608 4 2 0 1 2638 2584 1683 2585
5609 4 2 0 1 2761 2268 1429 2260
5610 4 2 0 1 1338 1855 1860 2650
5611 4 2 0 1 2353 2055 2058 1479
5612 4 2 0 1 1789 1788 1946 2621
5613 4 2 0 1 2439 1512 1638 1515
5614 4 2 0 1 1611 548 679 169
5615 4 2 0 1 1254 2005 1936 921
5616 4 2 0 1 2425 2398 2476 2774
5617 4 2 0 1 1570 1583 2476 2774
5618 4 2 0 1 2032 885 2003 1848
5619 4 2 0 1 907 2831 1164 908
5620 4 2 0 1 2649 2501 1660 2648
5621 4 2 0 1 2062 2682 2683 2095
5622 4 2 0 1 2045 1730 1697 63
5623 4 2 0 1 170 1729 527 725
5624 4 2 0 1 571 1601 651 1574
5625 4 2 0 1 2165 2726 2151 2725
5626 4 2 0 1 1454 1398 2685 2356
5627 4 2 0 1 2313 2310 1454 2061
5628 4 2 0 1 1489 1488 2382 2776
5629 4 2 0 1 2425 1489 2774 2382
5630 4 2 0 1 2394 2385 2381 2382
5631 4 2 0 1 1486 2732 2484 2405
5632 4 2 0 1 2380 2483 1545 2405
5633 4 2 0 1 1956 1943 1439 1920
5634 4 2 0 1 1930 778 779 1827
5635 4 2 0 1 1057 1896 1056 853
5636 4 2 0 1 1630 68 413 1644
5637 4 2 0 1 1486 2483 2380 2405
5638 4 2 0 1 1643 46 745 734
5639 4 2 0 1 2632 2336 2657 2658
5640 4 2 0 1 2164 1654 1399 2132
5641 4 2 0 1 2632 2336 1501 2335
5642 4 2 0 1 2137 1393 2338 2141
5643 4 2 0 1 2405 2526 1593 2527
5644 4 2 0 1 1872 1514 1874 1873
5645 4 2 0 1 2144 2317 2323 2731
5646 4 2 0 1 1856 1533 2282 2650
5647 4 2 0 1 651 1601 571 506
5648 4 2 0 1 2252 2246 2247 2258
5649 4 2 0 1 1750 353 606 542
5650 4 2 0 1 2021 1716 2610 1953
5651 4 2 0 1 2611 1702 2613 2085
5652 4 2 0 1 1534 2502 2461 2460
5653 4 2 0 1 2613 1812 2085 2082
5654 4 2 0 1 1893 2666 2647 2558
5655 4 2 0 1 2639 2298 2332 2644
5656 4 2 0 1 2402 2162 2684 2407
5657 4 2 0 1 1183 1799 1139 1192
5658 4 2 0 1 51 275 50 2017
5659 4 2 0 1 946 2630 945 1183
5660 4 2 0 1 1221 1276 1091 1969
5661 4 2 0 1 2483 2484 1545 2405
5662 4 2 0 1 2613 2616 1702 2809
5663 4 2 0 1 948 2628 2831 911
5664 4 2 0 1 2612 1773 2584 1607
5665 4 2 0 1 2483 1486 2484 2405
5666 4 2 0 1 2612 2670 1774 2596
5667 4 2 0 1 948 2831 1164 907
5668 4 2 0 1 1634 2411 2413 1838
5669 4 2 0 1 1439 2297 2604 2602
5670 4 2 0 1 2604 1810 2607 2609
5671 4 2 0 1 1750 353 542 516
5672 4 2 0 1 1708 664 1677 421
5673 4 2 0 1 1830 2004 1864 1878
5674 4 2 0 1 1708 664 351 1677
5675 4 2 0 1 1634 2411 1838 1982
5676 4 2 0 1 2269 1711 2290 2761
5677 4 2 0 1 2320 1912 2324 2413
5678 4 2 0 1 2662 841 1238 967
5679 4 2 0 1 2040 1169 1108 842
5680 4 2 0 1 442 2234 59 1
5681 4 2 0 1 1144 1227 1682 1862
5682 4 2 0 1 1864 1892 1862 860
5683 4 2 0 1 58 741 1077 1987
5684 4 2 0 1 1431 2690 2656 2699
5685 4 2 0 1 1164 2831 948 1828
5686 4 2 0 1 1805 1129 1784 1843
5687 4 2 0 1 1864 861 1185 1890
5688 4 2 0 1 2320 2324 1912 1628
5689 4 2 0 1 64 2195 278 279
5690 4 2 0 1 2699 2280 2080 2294
5691 4 2 0 1 715 495 1733 197
5692 4 2 0 1 2610 1116 1936 1055
5693 4 2 0 1 676 2840 521 567
5694 4 2 0 1 1503 2375 2421 2158
5695 4 2 0 1 1156 1159 1319 2321
5696 4 2 0 1 1458 2154 2421 2158
5697 4 2 0 1 1314 1375 2016 1987
5698 4 2 0 1 2317 2413 1627 2323
5699 4 2 0 1 1915 2336 1501 2325
5700 4 2 0 1 278 2195 64 2790
5701 4 2 0 1 2154 1503 2421 2158
5702 4 2 0 1 1922 2333 2332 2644
5703 4 2 0 1 2446 2398 1588 2530
5704 4 2 0 1 2349 2489 2771 1706
5705 4 2 0 1 1847 2631 2325 1800
5706 4 2 0 1 2045 2840 1657 1730
5707 4 2 0 1 1973 1615 1811 1937
5708 4 2 0 1 2430 2821 2431 1399
5709 4 2 0 1 2453 1456 2311 2272
5710 4 2 0 1 2680 2362 1481 2773
5711 4 2 0 1 2384 2147 1579 2799
5712 4 2 0 1 1696 114 2735 2484
5713 4 2 0 1 1145 742 2447 1819
5714 4 2 0 1 1394 1759 1758 1644
5715 4 2 0 1 1052 1994 1998 1347
5716 4 2 0 1 79 522 492 2546
5717 4 2 0 1 1230 53 52 2039
5718 4 2 0 1 1559 248 705 546
5719 4 2 0 1 2238 2766 1754 2767
5720 4 2 0 1 1727 2572 1416 2222
5721 4 2 0 1 2010 51 2017 2022
5722 4 2 0 1 1386 629 1980 268
5723 4 2 0 1 2532 2536 2816 2535
5724 4 2 0 1 2498 486 466 302
5725 4 2 0 1 2150 2164 2735 1396
5726 4 2 0 1 2164 396 136 2735
5727 4 2 0 1 1396 2163 2160 2735
5728 4 2 0 1 1692 1739 2782 65
5729 4 2 0 1 2671 2434 2439 2436
5730 4 2 0 1 1571 2386 1570 2476
5731 4 2 0 1 2542 88 89 87
5732 4 2 0 1 2523 2366 1410 2395
5733 4 2 0 1 200 1602 1703 88
5734 4 2 0 1 2498 466 486 2742
5735 4 2 0 1 2391 2385 1525 2399
5736 4 2 0 1 96 95 1560 1667
5737 4 2 0 1 2785 2437 2784 1512
5738 4 2 0 1 2815 2785 2784 1515
5739 4 2 0 1 2083 2081 2809 2076
5740 4 2 0 1 2280 2460 1853 1533
5741 4 2 0 1 2446 38 2672 1588
5742 4 2 0 1 175 177 2578 1665
5743 4 2 0 1 1872 1228 769 1849
5744 4 2 0 1 2437 1513 2435 1875
5745 4 2 0 1 1821 1977 1976 2300
5746 4 2 0 1 1107 1844 1296 1801
5747 4 2 0 1 804 1096 1095 1822
5748 4 2 0 1 2300 1440 2604 1831
5749 4 2 0 1 226 229 1650 626
5750 4 2 0 1 2077 2614 2612 2079
5751 4 2 0 1 949 40 39 1638
5752 4 2 0 1 175 2578 177 194
5753 4 2 0 1 1817 1891 1955 1956
5754 4 2 0 1 1898 2444 1899 1884
5755 4 2 0 1 1971 2550 2005 1795
5756 4 2 0 1 927 925 926 1935
5757 4 2 0 1 2400 458 2050 1586
5758 4 2 0 1 1716 2465 2627 2469
5759 4 2 0 1 1091 900 1969 2020
5760 4 2 0 1 1532 2038 2665 1929
5761 4 2 0 1 2819 2690 1431 2699
5762 4 2 0 1 2596 1765 1991 2670
5763 4 2 0 1 1911 1912 1929 2558
5764 4 2 0 1 2086 1702 2085 2082
5765 4 2 0 1 2820 2651 2652 2819
5766 4 2 0 1 1217 1973 1968 2025
5767 4 2 0 1 1771 2616 2809 2041
5768 4 2 0 1 1413 2686 2750 2211
5769 4 2 0 1 1787 2271 2561 2729
5770 4 2 0 1 876 1865 2641 942
5771 4 2 0 1 2327 478 1539 307
5772 4 2 0 1 2400 458 1586 128
5773 4 2 0 1 1459 2111 2326 2716
5774 4 2 0 1 2069 2278 2072 1447
5775 4 2 0 1 1480 1744 1723 1745
5776 4 2 0 1 1179 1232 1231 1944
5777 4 2 0 1 830 832 1882 834
5778 4 2 0 1 2555 2558 2665 1929
5779 4 2 0 1 1273 1883 835 952
5780 4 2 0 1 1849 1228 1295 1873
5781 4 2 0 1 1612 234 2149 528
5782 4 2 0 1 1718 2172 1513 2443
5783 4 2 0 1 2624 2619 2140 2625
5784 4 2 0 1 1718 1875 2035 2659
5785 4 2 0 1 1850 2040 1851 1849
5786 4 2 0 1 139 2050 2052 2687
5787 4 2 0 1 2815 2785 1515 2424
5788 4 2 0 1 2579 1416 1728 2201
5789 4 2 0 1 1575 2063 2095 2094
5790 4 2 0 1 2150 136 111 2735
5791 4 2 0 1 2055 2056 1669 2554
5792 4 2 0 1 1556 624 1565 73
5793 4 2 0 1 2675 2054 2506 2094
5794 4 2 0 1 2158 2709 2685 2408
5795 4 2 0 1 1593 1696 118 2429
5796 4 2 0 1 2102 2806 2805 1449
5797 4 2 0 1 629 2190 2742 1386
5798 4 2 0 1 1385 2708 2721 2589
5799 4 2 0 1 2421 2377 2488 2375
5800 4 2 0 1 2081 1785 2615 2277
5801 4 2 0 1 1771 2616 2041 2021
5802 4 2 0 1 627 2528 1704 159
5803 4 2 0 1 1002 1868 1000 1001
5804 4 2 0 1 2080 2614 2079 2502
5805 4 2 0 1 2070 2273 1429 2820
5806 4 2 0 1 2603 2596 2595 1765
5807 4 2 0 1 2267 2271 2562 1632
5808 4 2 0 1 2007 2634 2633 1813
5809 4 2 0 1 1868 2021 2613 1867
5810 4 2 0 1 1345 1017 1109 2518
5811 4 2 0 1 1702 2081 2616 2082
5812 4 2 0 1 1441 2206 2209 2305
5813 4 2 0 1 2443 2444 2442 1899
5814 4 2 0 1 1970 957 2610 956
5815 4 2 0 1 1859 2655 2082 2615
5816 4 2 0 1 139 2050 2687 131
5817 4 2 0 1 2154 1503 2158 2156
5818 4 2 0 1 139 2050 131 696
5819 4 2 0 1 1451 2714 2270 1450
5820 4 2 0 1 139 2050 222 1379
5821 4 2 0 1 2159 1527 2154 2156
5822 4 2 0 1 1380 1455 2805 2065
5823 4 2 0 1 2409 2100 2805 1497
5824 4 2 0 1 1789 1834 2653 2453
5825 4 2 0 1 1452 1734 1556 1735
5826 4 2 0 1 2276 2275 2653 2274
5827 4 2 0 1 1895 866 1255 1352
5828 4 2 0 1 2252 2256 1597 2764
5829 4 2 0 1 1894 1903 1905 1993
5830 4 2 0 1 2360 337 569 1547
5831 4 2 0 1 1550 2496 2117 2114
5832 4 2 0 1 2052 2054 2506 2675
5833 4 2 0 1 1895 1255 866 1921
5834 4 2 0 1 2276 2275 2277 2653
5835 4 2 0 1 390 709 552 1694
5836 4 2 0 1 1079 1845 1915 1326
5837 4 2 0 1 1726 2537 1591 2576
5838 4 2 0 1 2142 2568 2143 2184
5839 4 2 0 1 2384 137 2373 2150
5840 4 2 0 1 1674 1470 2814 2636
5841 4 2 0 1 2374 2150 2484 2377
5842 4 2 0 1 2329 2566 2141 2562
5843 4 2 0 1 2738 2327 1539 2717
5844 4 2 0 1 2670 2595 1770 2809
5845 4 2 0 1 605 247 1661 250
5846 4 2 0 1 2107 2190 1386 2713
5847 4 2 0 1 1776 2769 2414 2780
5848 4 2 0 1 521 2840 657 567
5849 4 2 0 1 2271 2560 2561 2562
5850 4 2 0 1 1056 1896 1897 853
5851 4 2 0 1 2840 2491 521 657
5852 4 2 0 1 1770 2041 2670 2809
5853 4 2 0 1 2738 2175 1537 1539
5854 4 2 0 1 2557 1627 2133 1500
5855 4 2 0 1 2568 2704 2184 2142
5856 4 2 0 1 2670 2041 1770 1978
5857 4 2 0 1 163 2117 494 152
5858 4 2 0 1 1096 1879 1098 1816
5859 4 2 0 1 2267 2113 1632 2188
5860 4 2 0 1 2467 2464 2468 1569
5861 4 2 0 1 2809 1772 1770 2041
5862 4 2 0 1 2074 2075 1858 2652
5863 4 2 0 1 1793 1975 2657 1887
5864 4 2 0 1 413 1629 1644 74
5865 4 2 0 1 2464 2516 2032 1569
5866 4 2 0 1 2443 1290 1718 1643
5867 4 2 0 1 1634 1912 1838 2413
5868 4 2 0 1 2143 1759 2184 1631
5869 4 2 0 1 1236 894 2032 1194
5870 4 2 0 1 2001 894 2003 2032
5871 4 2 0 1 1979 1136 730 750
5872 4 2 0 1 1455 1380 2805 2710
5873 4 2 0 1 1701 2389 2449 2788
5874 4 2 0 1 1387 2270 2108 2071
5875 4 2 0 1 1249 854 1947 1174
5876 4 2 0 1 2740 1484 2421 2155
5877 4 2 0 1 2316 2448 2737 2787
5878 4 2 0 1 1782 2001 2003 2032
5879 4 2 0 1 1545 2527 2380 2405
5880 4 2 0 1 2681 2052 2687 2064
5881 4 2 0 1 2809 1770 1772 2595
5882 4 2 0 1 1654 2432 2164 1399
5883 4 2 0 1 2226 270 1567 1691
5884 4 2 0 1 2058 2401 2059 2408
5885 4 2 0 1 499 1487 1699 1740
5886 4 2 0 1 2171 2174 2027 2173
5887 4 2 0 1 2801 994 1184 984
5888 4 2 0 1 2756 1463 2731 2244
5889 4 2 0 1 2672 2439 2446 2530
5890 4 2 0 1 2446 66 1520 1638
5891 4 2 0 1 2557 2410 2185 2424
5892 4 2 0 1 1496 2162 2402 2407
5893 4 2 0 1 1569 1782 2500 2499
5894 4 2 0 1 619 434 2178 394
5895 4 2 0 1 1534 2464 1782 1569
5896 4 2 0 1 1753 2766 1754 2230
5897 4 2 0 1 1536 2194 1551 2470
5898 4 2 0 1 2539 1415 2739 1404
5899 4 2 0 1 1667 1540 532 1505
5900 4 2 0 1 2371 104 2719 2372
5901 4 2 0 1 2707 2733 2176 2161
5902 4 2 0 1 640 1750 353 606
5903 4 2 0 1 113 2484 112 111
5904 4 2 0 1 2192 2495 2742 2101
5905 4 2 0 1 2418 1624 1594 312
5906 4 2 0 1 210 2520 416 535
5907 4 2 0 1 1536 2194 2470 2193
5908 4 2 0 1 2801 1184 994 1933
5909 4 2 0 1 657 2840 78 567
5910 4 2 0 1 2457 1411 1529 2778
5911 4 2 0 1 1505 1617 532 2199
5912 4 2 0 1 1691 1689 209 195
5913 4 2 0 1 2207 2717 2747 1415
5914 4 2 0 1 1691 209 1689 1690
5915 4 2 0 1 1551 2194 1543 1652
5916 4 2 0 1 324 597 326 1723
5917 4 2 0 1 2578 511 194 2748
5918 4 2 0 1 1536 2194 2193 1543
5919 4 2 0 1 2402 2684 1538 2059
5920 4 2 0 1 1582 126 1495 547
5921 4 2 0 1 1676 2208 1442 2209
5922 4 2 0 1 482 335 464 1585
5923 4 2 0 1 128 126 129 1495
5924 4 2 0 1 378 1441 1676 2305
5925 4 2 0 1 2539 1726 1591 2576
5926 4 2 0 1 2226 1707 580 480
5927 4 2 0 1 1825 1037 1330 2031
5928 4 2 0 1 1988 1424 2251 1426
5929 4 2 0 1 2068 2278 2282 2650
5930 4 2 0 1 1238 837 1897 852
5931 4 2 0 1 2234 2235 2251 1989
5932 4 2 0 1 863 1830 1949 1864
5933 4 2 0 1 163 2117 2496 494
5934 4 2 0 1 1424 2246 1990 2663
5935 4 2 0 1 2357 2218 2215 2359
5936 4 2 0 1 2219 2223 2754 1482
5937 4 2 0 1 1903 1425 1904 1862
5938 4 2 0 1 2755 2493 2492 2794
5939 4 2 0 1 2538 2180 2576 2205
5940 4 2 0 1 1196 1464 1159 971
5941 4 2 0 1 946 969 968 2765
5942 4 2 0 1 2398 2425 2476 1492
5943 4 2 0 1 1343 1939 880 1878
5944 4 2 0 1 2351 2218 2359 1475
5945 4 2 0 1 2375 2483 2377 2488
5946 4 2 0 1 2255 2226 2513 2225
5947 4 2 0 1 2262 2693 2284 2695
5948 4 2 0 1 1523 2503 2561 2760
5949 4 2 0 1 1728 181 2586 191
5950 4 2 0 1 1360 1990 2663 1077
5951 4 2 0 1 2480 2496 2722 2118
5952 4 2 0 1 2215 2794 1705 2492
5953 4 2 0 1 1598 1943 1814 2302
5954 4 2 0 1 2286 1712 1721 1553
5955 4 2 0 1 1238 1897 837 1881
5956 4 2 0 1 2715 2189 1787 2089
5957 4 2 0 1 2795 2281 2066 1443
5958 4 2 0 1 1530 1563 1680 2512
5959 4 2 0 1 2733 2160 2734 1399
5960 4 2 0 1 1946 1789 2621 2762
5961 4 2 0 1 2265 1787 2271 2760
5962 4 2 0 1 2084 1772 2563 2802
5963 4 2 0 1 1388 2496 2722 2480
5964 4 2 0 1 2219 1432 2220 2223
5965 4 2 0 1 1223 2018 1682 3
5966 4 2 0 1 1437 1892 1904 1957
5967 4 2 0 1 2003 1552 2500 2499
5968 4 2 0 1 2589 1388 2722 2721
5969 4 2 0 1 680 2822 1748 1600
5970 4 2 0 1 2275 2503 2760 2277
5971 4 2 0 1 2649 1175 2648 1291
5972 4 2 0 1 2632 2658 1847 2325
5973 4 2 0 1 1954 2642 2296 1926
5974 4 2 0 1 1803 1821 1440 1977
5975 4 2 0 1 2232 1423 2757 2328
5976 4 2 0 1 2693 1433 1387 2262
5977 4 2 0 1 1864 1878 1890 1185
5978 4 2 0 1 1921 1438 1895 1926
5979 4 2 0 1 1955 1891 1921 1956
5980 4 2 0 1 1554 1812 1855 1857
5981 4 2 0 1 2378 2116 2722 2718
5982 4 2 0 1 1905 856 1077 1989
5983 4 2 0 1 2609 1809 2606 1768
5984 4 2 0 1 2219 1432 2223 2262
5985 4 2 0 1 2118 2486 2718 2719
5986 4 2 0 1 2358 2489 2771 2350
5987 4 2 0 1 1059 1820 975 1201
5988 4 2 0 1 502 2840 78 657
5989 4 2 0 1 2812 2618 2619 2140
5990 4 2 0 1 2098 2485 2379 2722
5991 4 2 0 1 1505 1409 1540 2777
5992 4 2 0 1 295 293 1578 1741
5993 4 2 0 1 2395 2396 2389 1701
5994 4 2 0 1 2630 841 1881 2662
5995 4 2 0 1 1881 1123 952 1273
5996 4 2 0 1 2424 2557 1518 1391
5997 4 2 0 1 2026 744 1718 1271
5998 4 2 0 1 2358 2364 2771 1420
5999 4 2 0 1 1179 2012 1255 1232
6000 4 2 0 1 1423 2030 2328 2236
6001 4 2 0 1 1944 1232 1231 1361
6002 4 2 0 1 2219 1432 2262 1433
6003 4 2 0 1 491 1649 626 616
6004 4 2 0 1 2531 2043 1471 2346
6005 4 2 0 1 2117 2723 149 1549
6006 4 2 0 1 1705 2365 1420 2771
6007 4 2 0 1 2387 2531 2477 1492
6008 4 2 0 1 2386 227 417 230
6009 4 2 0 1 2353 2058 2055 1380
6010 4 2 0 1 2306 2182 2427 2750
6011 4 2 0 1 2219 1432 1433 2220
6012 4 2 0 1 2746 1404 2136 2181
6013 4 2 0 1 2050 696 222 598
6014 4 2 0 1 2356 2352 1479 2351
6015 4 2 0 1 2094 2683 2062 2710
6016 4 2 0 1 636 1591 578 448
6017 4 2 0 1 1655 295 1578 1741
6018 4 2 0 1 321 2772 1748 319
6019 4 2 0 1 373 1645 1685 1684
6020 4 2 0 1 363 430 1706 424
6021 4 2 0 1 1562 2305 1495 547
6022 4 2 0 1 1707 1706 2794 2510
6023 4 2 0 1 2816 1641 1526 2459
6024 4 2 0 1 368 2432 437 490
6025 4 2 0 1 674 1737 391 624
6026 4 2 0 1 2774 2521 2151 2797
6027 4 2 0 1 2377 1503 2373 2150
6028 4 2 0 1 2378 1508 1458 2103
6029 4 2 0 1 720 595 451 2403
6030 4 2 0 1 2819 2651 1382 2699
6031 4 2 0 1 2526 2376 1496 2401
6032 4 2 0 1 2192 2741 1408 2479
6033 4 2 0 1 2698 2638 1683 2585
6034 4 2 0 1 2363 1666 2577 2578
6035 4 2 0 1 1360 1078 1895 1352
6036 4 2 0 1 2087 1406 2124 2109
6037 4 2 0 1 2368 1637 98 96
6038 4 2 0 1 1832 755 756 2024
6039 4 2 0 1 231 229 1570 228
6040 4 2 0 1 649 499 723 1740
6041 4 2 0 1 742 2457 24 1173
6042 4 2 0 1 1739 683 614 1692
6043 4 2 0 1 2692 2573 2691 2068
6044 4 2 0 1 2574 2068 2292 2582
6045 4 2 0 1 2496 2485 2507 2722
6046 4 2 0 1 1494 2058 2099 2406
6047 4 2 0 1 1308 821 1992 1115
6048 4 2 0 1 2732 1486 2821 2407
6049 4 2 0 1 2112 2219 2222 1482
6050 4 2 0 1 2376 2401 2406 2408
6051 4 2 0 1 1308 1992 821 1991
6052 4 2 0 1 2154 2420 2312 1458
6053 4 2 0 1 1681 2582 2512 1435
6054 4 2 0 1 2109 2715 2188 2108
6055 4 2 0 1 1445 1450 1721 2351
6056 4 2 0 1 2410 2557 1589 2424
6057 4 2 0 1 1707 430 2510 580
6058 4 2 0 1 1759 2144 1644 1762
6059 4 2 0 1 2329 1466 2141 2318
6060 4 2 0 1 1515 2171 1504 2424
6061 4 2 0 1 2346 2344 2343 1471
6062 4 2 0 1 1519 1471 2440 2438
6063 4 2 0 1 2418 1624 312 2542
6064 4 2 0 1 2345 2416 1963 1502
6065 4 2 0 1 152 149 2117 494
6066 4 2 0 1 2483 300 1545 2484
6067 4 2 0 1 1599 309 2569 241
6068 4 2 0 1 2352 1445 2351 1450
6069 4 2 0 1 2046 1681 2292 1680
6070 4 2 0 1 1645 1698 429 372
6071 4 2 0 1 2776 2389 2422 2522
6072 4 2 0 1 2571 2572 2222 1416
6073 4 2 0 1 1383 1457 2156 2090
6074 4 2 0 1 2366 2522 2389 1491
6075 4 2 0 1 2725 2165 2726 2148
6076 4 2 0 1 1806 1366 1932 1176
6077 4 2 0 1 2436 1832 2441 2340
6078 4 2 0 1 2340 765 1062 1260
6079 4 2 0 1 2346 2786 1923 2344
6080 4 2 0 1 1896 853 1152 1897
6081 4 2 0 1 2396 2451 2775 2389
6082 4 2 0 1 82 1588 2531 2672
6083 4 2 0 1 2382 2394 1525 2775
6084 4 2 0 1 160 1545 668 692
6085 4 2 0 1 2165 1489 2776 2151
6086 4 2 0 1 2724 2147 2799 2151
6087 4 2 0 1 1508 2481 2479 2478
6088 4 2 0 1 1217 1973 989 1242
6089 4 2 0 1 1542 2478 2480 2197
6090 4 2 0 1 22 730 2450 21
6091 4 2 0 1 2473 1540 2193 2474
6092 4 2 0 1 2776 1488 2389 2522
6093 4 2 0 1 1488 2370 2522 1579
6094 4 2 0 1 1672 1625 1411 1617
6095 4 2 0 1 1411 1700 1672 2199
6096 4 2 0 1 2417 574 1502 83
6097 4 2 0 1 207 387 1752 631
6098 4 2 0 1 663 366 282 1611
6099 4 2 0 1 2072 2278 2281 2650
6100 4 2 0 1 2501 2649 1853 2648
6101 4 2 0 1 1959 1012 1885 1011
6102 4 2 0 1 2501 2279 1659 2583
6103 4 2 0 1 1679 2755 2509 1443
6104 4 2 0 1 2725 2147 2724 2151
6105 4 2 0 1 1876 2020 898 2006
6106 4 2 0 1 2669 1244 959 1953
6107 4 2 0 1 2637 2438 2815 2636
6108 4 2 0 1 920 2005 1999 1783
6109 4 2 0 1 1486 2732 2405 2407
6110 4 2 0 1 2356 2355 2351 1479
6111 4 2 0 1 1213 1935 1245 933
6112 4 2 0 1 2019 1043 1172 1256
6113 4 2 0 1 1925 1811 1937 1242
6114 4 2 0 1 2095 2063 1384 2094
6115 4 2 0 1 1486 2821 2407 1535
6116 4 2 0 1 2217 2749 2216 1478
6117 4 2 0 1 196 163 1651 197
6118 4 2 0 1 2180 2539 2576 1415
6119 4 2 0 1 1749 2349 2771 314
6120 4 2 0 1 1597 1430 2819 2690
6121 4 2 0 1 387 447 1752 631
6122 4 2 0 1 1587 206 161 205
6123 4 2 0 1 2613 2021 1771 1607
6124 4 2 0 1 2398 2388 2423 1504
6125 4 2 0 1 2351 2356 2310 2355
6126 4 2 0 1 1471 2346 2341 1473
6127 4 2 0 1 1127 1126 2672 1638
6128 4 2 0 1 2499 1848 2032 2003
6129 4 2 0 1 1127 949 1126 1638
6130 4 2 0 1 2238 2239 2767 2757
6131 4 2 0 1 2438 1471 2440 1498
6132 4 2 0 1 1866 810 1799 812
6133 4 2 0 1 5 1680 2044 1678
6134 4 2 0 1 1496 2376 2526 2407
6135 4 2 0 1 2215 2794 2492 2224
6136 4 2 0 1 2244 1466 2318 2768
6137 4 2 0 1 2548 1877 2031 1796
6138 4 2 0 1 1785 1772 2277 2081
6139 4 2 0 1 2636 1519 2440 2438
6140 4 2 0 1 1015 1171 1886 1043
6141 4 2 0 1 1054 1825 1269 1219
6142 4 2 0 1 2484 1696 1545 2405
6143 4 2 0 1 1981 799 1822 1798
6144 4 2 0 1 118 120 1593 2429
6145 4 2 0 1 1486 2375 2483 2377
6146 4 2 0 1 1510 121 2429 1509
6147 4 2 0 1 2206 1665 2538 2307
6148 4 2 0 1 2723 2551 2553 2097
6149 4 2 0 1 2504 2675 2099 2505
6150 4 2 0 1 2811 2800 2801 2533
6151 4 2 0 1 1966 1846 1210 1902
6152 4 2 0 1 2162 1696 2821 2407
6153 4 2 0 1 2026 1292 1293 736
6154 4 2 0 1 2715 2271 2729 2562
6155 4 2 0 1 1294 1817 864 1148
6156 4 2 0 1 1769 2139 2242 1393
6157 4 2 0 1 1593 120 118 308
6158 4 2 0 1 2658 2632 1793 2657
6159 4 2 0 1 2138 2297 2332 2298
6160 4 2 0 1 2276 2269 2268 2652
6161 4 2 0 1 232 1570 229 1650
6162 4 2 0 1 1750 353 516 1642
6163 4 2 0 1 2751 2752 1586 1493
6164 4 2 0 1 2682 1477 2679 2057
6165 4 2 0 1 113 2484 111 2735
6166 4 2 0 1 2557 1518 2555 2556
6167 4 2 0 1 656 1688 453 1520
6168 4 2 0 1 1766 1781 1469 2598
6169 4 2 0 1 1626 2329 2330 2318
6170 4 2 0 1 2144 2145 2323 1635
6171 4 2 0 1 2657 1889 2632 1793
6172 4 2 0 1 1806 1674 2033 1808
6173 4 2 0 1 2411 1634 2769 1982
6174 4 2 0 1 2269 2276 2268 2760
6175 4 2 0 1 2564 1776 2414 2334
6176 4 2 0 1 1665 2206 2538 1666
6177 4 2 0 1 616 453 1687 1520
6178 4 2 0 1 229 1570 232 231
6179 4 2 0 1 2238 2326 1461 2231
6180 4 2 0 1 2306 2206 2538 2307
6181 4 2 0 1 1214 2583 1053 1227
6182 4 2 0 1 453 1688 1687 1520
6183 4 2 0 1 2573 2046 1659 2583
6184 4 2 0 1 2306 2783 2538 2206
6185 4 2 0 1 2291 2597 2700 1775
6186 4 2 0 1 1957 2004 1864 1958
6187 4 2 0 1 630 1639 472 219
6188 4 2 0 1 1347 752 1944 1231
6189 4 2 0 1 79 1668 382 275
6190 4 2 0 1 420 694 479 1657
6191 4 2 0 1 2460 2468 1569 1854
6192 4 2 0 1 1496 2376 2402 2401
6193 4 2 0 1 1435 2574 2582 2656
6194 4 2 0 1 77 1649 616 1687
6195 4 2 0 1 161 1587 158 156
6196 4 2 0 1 1869 1311 2019 1797
6197 4 2 0 1 1422 1426 2231 2236
6198 4 2 0 1 411 1465 2327 2230
6199 4 2 0 1 1276 1969 1311 1091
6200 4 2 0 1 1546 2379 2486 2380
6201 4 2 0 1 2766 2326 1754 2230
6202 4 2 0 1 2212 2214 2686 2750
6203 4 2 0 1 2566 2564 2565 2414
6204 4 2 0 1 1387 2113 2110 2231
6205 4 2 0 1 2607 2603 2595 1765
6206 4 2 0 1 1869 1311 1797 1969
6207 4 2 0 1 1913 1768 2807 2604
6208 4 2 0 1 1858 2655 2277 2086
6209 4 2 0 1 1764 1802 1826 1831
6210 4 2 0 1 2669 1244 2610 2025
6211 4 2 0 1 2020 1311 1969 1091
6212 4 2 0 1 1965 1961 25 1140
6213 4 2 0 1 1776 1767 1934 2769
6214 4 2 0 1 2696 1597 2291 2543
6215 4 2 0 1 2604 2607 1810 1765
6216 4 2 0 1 632 1761 1646 435
6217 4 2 0 1 2258 1430 2261 1597
6218 4 2 0 1 1405 1461 1406 1626
6219 4 2 0 1 193 2520 1577 1664
6220 4 2 0 1 2004 1830 1829 1940
6221 4 2 0 1 1830 1949 1864 1958
6222 4 2 0 1 2623 1094 1342 1336
6223 4 2 0 1 1094 2501 1659 2583
6224 4 2 0 1 1686 1747 77 1687
6225 4 2 0 1 1195 2462 2648 1804
6226 4 2 0 1 1681 2574 2292 2582
6227 4 2 0 1 2662 2630 2559 1881
6228 4 2 0 1 1318 1806 2037 1075
6229 4 2 0 1 2120 2121 1461 1462
6230 4 2 0 1 968 969 970 2765
6231 4 2 0 1 1557 1734 2554 1613
6232 4 2 0 1 1734 1735 2554 1613
6233 4 2 0 1 2816 1641 2459 2532
6234 4 2 0 1 2319 2324 2413 2320
6235 4 2 0 1 25 1961 1965 2457
6236 4 2 0 1 1171 1014 1886 1951
6237 4 2 0 1 2055 2554 1734 1452
6238 4 2 0 1 1886 1014 1171 1015
6239 4 2 0 1 2340 1062 767 2667
6240 4 2 0 1 1400 2126 2169 2726
6241 4 2 0 1 2578 511 2748 1483
6242 4 2 0 1 1734 1452 2554 1735
6243 4 2 0 1 2823 436 2822 1685
6244 4 2 0 1 1685 436 2822 588
6245 4 2 0 1 1866 807 810 809
6246 4 2 0 1 1676 1562 378 2305
6247 4 2 0 1 1821 1831 2300 1914
6248 4 2 0 1 1160 1821 1216 1977
6249 4 2 0 1 2402 2376 1496 2407
6250 4 2 0 1 1805 962 1153 961
6251 4 2 0 1 1224 1660 2648 1291
6252 4 2 0 1 2068 2280 2796 2650
6253 4 2 0 1 2611 1607 2612 2466
6254 4 2 0 1 1008 1006 1007 1997
6255 4 2 0 1 2322 2320 1628 2324
6256 4 2 0 1 2727 2241 2242 1393
6257 4 2 0 1 2078 2301 2295 2302
6258 4 2 0 1 2700 1775 2595 2607
6259 4 2 0 1 1096 1816 1099 1097
6260 4 2 0 1 1821 1160 1976 1977
6261 4 2 0 1 1717 471 61 1747
6262 4 2 0 1 2662 1093 1995 1319
6263 4 2 0 1 2444 1884 1897 1883
6264 4 2 0 1 2630 947 1881 945
6265 4 2 0 1 672 478 411 2327
6266 4 2 0 1 1883 2661 1298 1881
6267 4 2 0 1 2748 1698 602 428
6268 4 2 0 1 2402 2376 2408 2401
6269 4 2 0 1 1867 1005 1002 1004
6270 4 2 0 1 2611 2613 1607 2466
6271 4 2 0 1 2764 2304 2289 2253
6272 4 2 0 1 2025 1063 1067 1335
6273 4 2 0 1 2501 1790 2500 2622
6274 4 2 0 1 1103 1867 1716 1167
6275 4 2 0 1 2212 1593 2686 2403
6276 4 2 0 1 2802 2503 2563 2561
6277 4 2 0 1 2460 1854 1853 1533
6278 4 2 0 1 2363 2208 2578 2577
6279 4 2 0 1 1485 108 2374 2373
6280 4 2 0 1 2591 1385 2805 2708
6281 4 2 0 1 2177 2181 2739 1407
6282 4 2 0 1 2214 2686 1413 2213
6283 4 2 0 1 1593 595 2403 120
6284 4 2 0 1 1482 2717 2222 2112
6285 4 2 0 1 2174 1686 2173 1747
6286 4 2 0 1 124 1582 547 126
6287 4 2 0 1 1605 2766 2546 492
6288 4 2 0 1 1521 2458 2397 2382
6289 4 2 0 1 1479 2210 1538 2203
6290 4 2 0 1 2421 2419 1484 2373
6291 4 2 0 1 2352 2218 1479 2351
6292 4 2 0 1 1639 2572 1653 2571
6293 4 2 0 1 2310 1452 2351 2355
6294 4 2 0 1 2306 2783 2206 2209
6295 4 2 0 1 180 1727 444 2575
6296 4 2 0 1 665 155 695 1655
6297 4 2 0 1 665 695 422 1655
6298 4 2 0 1 2754 2201 1416 2579
6299 4 2 0 1 695 1760 422 1655
6300 4 2 0 1 2434 2671 2029 2436
6301 4 2 0 1 305 2497 577 1578
6302 4 2 0 1 730 854 1947 1249
6303 4 2 0 1 2454 2456 1965 2393
6304 4 2 0 1 1288 1615 1016 1786
6305 4 2 0 1 2229 2111 2134 2112
6306 4 2 0 1 2566 2140 1792 2565
6307 4 2 0 1 2210 2203 2746 1538
6308 4 2 0 1 1433 1387 2227 1426
6309 4 2 0 1 192 168 169 1577
6310 4 2 0 1 2202 2201 1417 2754
6311 4 2 0 1 2491 694 317 362
6312 4 2 0 1 2221 2201 2754 2579
6313 4 2 0 1 2671 2029 1638 2434
6314 4 2 0 1 2497 724 2723 150
6315 4 2 0 1 2602 1775 2603 2696
6316 4 2 0 1 1212 2029 2671 2436
6317 4 2 0 1 867 870 869 1921
6318 4 2 0 1 1919 2644 2298 1818
6319 4 2 0 1 2412 2411 2414 2647
6320 4 2 0 1 1638 1212 2029 2671
6321 4 2 0 1 577 155 1655 724
6322 4 2 0 1 2671 1832 1127 1212
6323 4 2 0 1 2267 1632 2260 2271
6324 4 2 0 1 2382 1525 2394 2385
6325 4 2 0 1 2265 2266 2272 2760
6326 4 2 0 1 2815 2038 2814 2636
6327 4 2 0 1 2410 1626 2330 1500
6328 4 2 0 1 239 1648 1746 1612
6329 4 2 0 1 2671 1127 1832 2024
6330 4 2 0 1 366 440 1611 462
6331 4 2 0 1 663 641 1611 1670
6332 4 2 0 1 1458 2421 1508 2378
6333 4 2 0 1 2718 2118 1508 2116
6334 4 2 0 1 163 152 162 1550
6335 4 2 0 1 1676 2209 1442 2305
6336 4 2 0 1 1666 2783 2206 2538
6337 4 2 0 1 177 179 2578 178
6338 4 2 0 1 592 68 1762 1644
6339 4 2 0 1 68 1630 1762 1644
6340 4 2 0 1 222 2051 1379 2050
6341 4 2 0 1 2745 1412 2200 2205
6342 4 2 0 1 2288 2263 1632 2290
6343 4 2 0 1 2101 2742 629 466
6344 4 2 0 1 960 1106 1844 1374
6345 4 2 0 1 2179 1460 2134 2112
6346 4 2 0 1 1722 72 503 568
6347 4 2 0 1 2640 1466 2241 2244
6348 4 2 0 1 1627 2445 2323 2320
6349 4 2 0 1 2562 2271 2290 1632
6350 4 2 0 1 2002 2584 2585 2000
6351 4 2 0 1 2413 2320 1627 2323
6352 4 2 0 1 1875 1872 1514 1516
6353 4 2 0 1 1688 40 2029 1638
6354 4 2 0 1 2500 1829 1782 2585
6355 4 2 0 1 1568 1401 2568 1746
6356 4 2 0 1 1722 503 72 1719
6357 4 2 0 1 1534 2500 1782 2585
6358 4 2 0 1 2824 436 590 545
6359 4 2 0 1 1534 2584 2585 1782
6360 4 2 0 1 1581 1487 1580 2381
6361 4 2 0 1 1540 1544 2193 2474
6362 4 2 0 1 1503 2725 1397 2156
6363 4 2 0 1 2449 2312 2712 2106
6364 4 2 0 1 2425 2398 2774 2388
6365 4 2 0 1 1456 1947 2314 1522
6366 4 2 0 1 2789 2198 2777 2395
6367 4 2 0 1 2475 1616 2791 2792
6368 4 2 0 1 518 36 1531 35
6369 4 2 0 1 1579 2370 2522 2369
6370 4 2 0 1 389 2384 2524 648
6371 4 2 0 1 2824 590 436 1684
6372 4 2 0 1 2389 2394 2396 1491
6373 4 2 0 1 96 1560 95 94
6374 4 2 0 1 2002 1829 2585 1782
6375 4 2 0 1 2199 93 1672 154
6376 4 2 0 1 2801 1938 981 1931
6377 4 2 0 1 2810 1521 2459 2770
6378 4 2 0 1 1186 1960 855 1963
6379 4 2 0 1 1786 1789 2621 1788
6380 4 2 0 1 2155 1410 2366 2389
6381 4 2 0 1 1409 2523 2474 2777
6382 4 2 0 1 2584 2002 2585 1782
6383 4 2 0 1 2019 933 1172 1245
6384 4 2 0 1 2723 146 2097 147
6385 4 2 0 1 1765 2670 1770 2594
6386 4 2 0 1 1743 2710 2590 2094
6387 4 2 0 1 2795 2493 2287 2073
6388 4 2 0 1 13 2072 2281 2650
6389 4 2 0 1 2801 981 1938 984
6390 4 2 0 1 1713 1917 1447 1715
6391 4 2 0 1 597 1744 326 1723
6392 4 2 0 1 1743 2710 2094 1455
6393 4 2 0 1 2150 2163 2735 2484
6394 4 2 0 1 2581 2053 2054 2674
6395 4 2 0 1 2217 1478 2308 1442
6396 4 2 0 1 2581 1575 1708 2674
6397 4 2 0 1 1762 2144 1644 1630
6398 4 2 0 1 1743 2710 1455 1385
6399 4 2 0 1 983 1938 1937 1925
6400 4 2 0 1 2311 2266 2453 2272
6401 4 2 0 1 1518 1589 2814 2556
6402 4 2 0 1 1504 2398 1650 1515
6403 4 2 0 1 2557 2410 1589 2625
6404 4 2 0 1 1442 2214 2400 1495
6405 4 2 0 1 1428 2108 2703 2714
6406 4 2 0 1 600 426 1576 596
6407 4 2 0 1 1576 600 596 351
6408 4 2 0 1 1627 2445 2320 2442
6409 4 2 0 1 1747 1649 1687 2173
6410 4 2 0 1 2637 1470 2440 2636
6411 4 2 0 1 2714 2311 2272 2266
6412 4 2 0 1 2083 1772 2700 2595
6413 4 2 0 1 1696 116 118 2431
6414 4 2 0 1 2823 1725 2804 2361
6415 4 2 0 1 1978 789 1781 1780
6416 4 2 0 1 600 1576 426 644
6417 4 2 0 1 2669 1974 2025 2041
6418 4 2 0 1 1128 1799 2630 814
6419 4 2 0 1 1810 1780 2594 1770
6420 4 2 0 1 69 2767 522 53
6421 4 2 0 1 69 2766 658 522
6422 4 2 0 1 2610 2041 2669 2025
6423 4 2 0 1 870 1861 871 869
6424 4 2 0 1 2823 436 2824 2822
6425 4 2 0 1 1976 875 873 877
6426 4 2 0 1 1975 1137 1865 875
6427 4 2 0 1 2021 1771 2610 2041
6428 4 2 0 1 1968 2025 2610 1040
6429 4 2 0 1 1822 1879 1823 2629
6430 4 2 0 1 1151 1107 1296 1801
6431 4 2 0 1 794 792 1844 1784
6432 4 2 0 1 1822 1378 1879 2629
6433 4 2 0 1 2000 1939 1284 1181
6434 4 2 0 1 1802 1821 1803 1801
6435 4 2 0 1 999 1968 2610 1040
6436 4 2 0 1 999 2021 2610 1968
6437 4 2 0 1 430 638 1706 424
6438 4 2 0 1 1435 1682 1948 1862
6439 4 2 0 1 2623 1094 1214 2583
6440 4 2 0 1 1425 1435 1862 1682
6441 4 2 0 1 731 12 1731 2691
6442 4 2 0 1 1714 14 753 13
6443 4 2 0 1 1716 2627 1997 1795
6444 4 2 0 1 1968 2021 2610 2041
6445 4 2 0 1 2025 1968 2610 2041
6446 4 2 0 1 1945 2618 2621 1788
6447 4 2 0 1 1277 2827 1350 1797
6448 4 2 0 1 1959 2467 1997 2518
6449 4 2 0 1 584 302 486 2498
6450 4 2 0 1 1947 1789 1174 1946
6451 4 2 0 1 147 2117 149 494
6452 4 2 0 1 1046 1094 1659 2046
6453 4 2 0 1 2452 2617 1523 2621
6454 4 2 0 1 2762 1522 2316 2787
6455 4 2 0 1 1786 2617 2621 1523
6456 4 2 0 1 1787 2093 2762 2272
6457 4 2 0 1 1938 982 1908 1925
6458 4 2 0 1 2039 522 2767 53
6459 4 2 0 1 2534 2009 1972 2626
6460 4 2 0 1 617 1588 501 417
6461 4 2 0 1 1893 1972 2014 2626
6462 4 2 0 1 2666 1972 1893 2626
6463 4 2 0 1 232 2798 1570 1650
6464 4 2 0 1 2637 2815 1498 2816
6465 4 2 0 1 2007 1981 1764 2633
6466 4 2 0 1 1981 2007 2634 2633
6467 4 2 0 1 1837 782 780 781
6468 4 2 0 1 1099 1813 1097 1816
6469 4 2 0 1 2634 1815 2633 1813
6470 4 2 0 1 2755 1730 1474 2347
6471 4 2 0 1 1479 2218 2056 2351
6472 4 2 0 1 1630 49 48 413
6473 4 2 0 1 2795 2285 2287 2225
6474 4 2 0 1 662 1562 1645 1561
6475 4 2 0 1 1508 2105 2479 2191
6476 4 2 0 1 2652 1711 2269 2761
6477 4 2 0 1 748 1660 979 1049
6478 4 2 0 1 522 2767 2766 2039
6479 4 2 0 1 212 1670 193 1611
6480 4 2 0 1 636 2426 2307 508
6481 4 2 0 1 636 2426 508 510
6482 4 2 0 1 1688 1292 2026 736
6483 4 2 0 1 2190 551 1695 2107
6484 4 2 0 1 1663 435 250 2570
6485 4 2 0 1 942 1845 2641 976
6486 4 2 0 1 2139 2727 2247 2242
6487 4 2 0 1 2296 2139 2247 2242
6488 4 2 0 1 2457 742 2455 1173
6489 4 2 0 1 757 819 1832 1340
6490 4 2 0 1 1114 1966 1032 1210
6491 4 2 0 1 2386 2398 1650 1570
6492 4 2 0 1 401 535 416 1506
6493 4 2 0 1 1941 751 1230 2023
6494 4 2 0 1 1694 390 2470 2743
6495 4 2 0 1 2727 2241 1393 2240
6496 4 2 0 1 663 1670 556 457
6497 4 2 0 1 1764 2646 2817 1823
6498 4 2 0 1 306 273 683 1692
6499 4 2 0 1 157 1548 153 156
6500 4 2 0 1 1268 1213 1935 928
6501 4 2 0 1 1837 1982 2769 1634
6502 4 2 0 1 1487 2370 1580 2381
6503 4 2 0 1 103 1485 2524 389
6504 4 2 0 1 396 113 2735 684
6505 4 2 0 1 1688 1292 736 41
6506 4 2 0 1 1677 361 355 375
6507 4 2 0 1 1677 361 375 376
6508 4 2 0 1 1771 2616 2613 2809
6509 4 2 0 1 1688 2434 2029 2035
6510 4 2 0 1 392 134 393 1511
6511 4 2 0 1 781 1924 1827 1833
6512 4 2 0 1 1822 1879 2646 1823
6513 4 2 0 1 1696 2162 2821 2431
6514 4 2 0 1 316 1749 2772 1748
6515 4 2 0 1 2349 316 2772 317
6516 4 2 0 1 2498 290 1578 1587
6517 4 2 0 1 1127 2671 2672 2024
6518 4 2 0 1 779 1924 1930 1827
6519 4 2 0 1 621 517 701 2051
6520 4 2 0 1 2824 349 1642 699
6521 4 2 0 1 2068 1381 2278 2281
6522 4 2 0 1 2026 1717 744 43
6523 4 2 0 1 771 1318 2037 1075
6524 4 2 0 1 1924 807 781 1112
6525 4 2 0 1 2790 278 2791 1529
6526 4 2 0 1 326 1623 327 1618
6527 4 2 0 1 596 1575 351 350
6528 4 2 0 1 1587 290 1578 1751
6529 4 2 0 1 2068 1381 2281 2066
6530 4 2 0 1 139 138 131 2687
6531 4 2 0 1 2551 544 397 583
6532 4 2 0 1 1922 2333 2644 1865
6533 4 2 0 1 2495 2494 1549 2497
6534 4 2 0 1 1578 298 414 299
6535 4 2 0 1 232 2798 234 233
6536 4 2 0 1 234 2798 232 1612
6537 4 2 0 1 2335 2333 1767 2657
6538 4 2 0 1 2767 69 563 54
6539 4 2 0 1 2335 1767 2333 1467
6540 4 2 0 1 2408 2376 2402 2407
6541 4 2 0 1 1412 2208 2749 2577
6542 4 2 0 1 2767 563 69 1753
6543 4 2 0 1 133 2426 509 508
6544 4 2 0 1 2292 1530 1679 1678
6545 4 2 0 1 2252 2246 2258 1424
6546 4 2 0 1 1946 2788 854 1947
6547 4 2 0 1 210 192 2520 535
6548 4 2 0 1 485 1544 673 371
6549 4 2 0 1 1411 2778 1965 2199
6550 4 2 0 1 1171 2019 1043 1172
6551 4 2 0 1 2246 2252 2247 2012
6552 4 2 0 1 856 59 1077 1989
6553 4 2 0 1 214 223 1595 217
6554 4 2 0 1 188 588 2822 523
6555 4 2 0 1 59 58 1077 1989
6556 4 2 0 1 58 1987 1077 1989
6557 4 2 0 1 333 331 332 1585
6558 4 2 0 1 187 1572 1685 2364
6559 4 2 0 1 587 1684 373 483
6560 4 2 0 1 1698 185 2364 1483
6561 4 2 0 1 2285 2066 2067 2254
6562 4 2 0 1 449 1623 330 340
6563 4 2 0 1 2380 1507 2379 2486
6564 4 2 0 1 1695 2793 2790 2195
6565 4 2 0 1 1771 1952 2669 2670
6566 4 2 0 1 2509 2066 2285 2254
6567 4 2 0 1 1564 1863 2249 2656
6568 4 2 0 1 1624 89 312 2542
6569 4 2 0 1 2690 2256 2248 2249
6570 4 2 0 1 1850 825 1124 838
6571 4 2 0 1 1679 1530 2292 2509
6572 4 2 0 1 1266 2036 2441 1087
6573 4 2 0 1 2417 574 83 87
6574 4 2 0 1 443 168 1536 165
6575 4 2 0 1 2353 1478 2679 2216
6576 4 2 0 1 1613 1557 1669 2554
6577 4 2 0 1 2216 2353 2055 2677
6578 4 2 0 1 513 1728 220 218
6579 4 2 0 1 434 258 1559 546
6580 4 2 0 1 2353 2682 2055 2677
6581 4 2 0 1 2426 2428 1509 2178
6582 4 2 0 1 478 2327 2175 260
6583 4 2 0 1 643 1510 392 1511
6584 4 2 0 1 258 619 434 2178
6585 4 2 0 1 2703 2108 2134 1460
6586 4 2 0 1 2179 2112 2717 2747
6587 4 2 0 1 1679 1530 2348 1678
6588 4 2 0 1 69 2766 522 2767
6589 4 2 0 1 2365 2364 1483 1420
6590 4 2 0 1 2371 2369 2373 1484
6591 4 2 0 1 2788 2451 2447 2455
6592 4 2 0 1 1647 309 240 241
6593 4 2 0 1 538 1625 667 540
6594 4 2 0 1 199 1584 1558 304
6595 4 2 0 1 454 1744 1619 710
6596 4 2 0 1 326 1623 329 327
6597 4 2 0 1 1557 1613 1669 1566
6598 4 2 0 1 2682 1669 2679 1477
6599 4 2 0 1 2060 2064 2687 2675
6600 4 2 0 1 1145 2447 742 1248
6601 4 2 0 1 1603 2742 486 2470
6602 4 2 0 1 2348 1530 1679 2509
6603 4 2 0 1 88 2417 2542 1703
6604 4 2 0 1 207 385 1752 387
6605 4 2 0 1 328 295 1655 1760
6606 4 2 0 1 670 2839 208 671
6607 4 2 0 1 1950 1158 1038 1012
6608 4 2 0 1 1551 1652 489 1548
6609 4 2 0 1 404 466 1741 505
6610 4 2 0 1 1769 2289 2696 2304
6611 4 2 0 1 1518 2665 2556 2814
6612 4 2 0 1 2102 1386 268 2592
6613 4 2 0 1 2603 2544 2596 1765
6614 4 2 0 1 1810 1768 2807 1809
6615 4 2 0 1 2601 2607 2602 2608
6616 4 2 0 1 1396 2163 2735 2150
6617 4 2 0 1 1765 1831 2807 2604
6618 4 2 0 1 129 126 547 1495
6619 4 2 0 1 1579 2384 2524 2369
6620 4 2 0 1 2087 2124 1383 2703
6621 4 2 0 1 1487 379 2524 648
6622 4 2 0 1 656 66 1638 1520
6623 4 2 0 1 306 1625 537 217
6624 4 2 0 1 2165 1400 2148 2090
6625 4 2 0 1 449 330 1585 332
6626 4 2 0 1 1318 773 1806 1075
6627 4 2 0 1 2088 1383 2153 1398
6628 4 2 0 1 1398 2356 2702 2685
6629 4 2 0 1 568 1757 1613 455
6630 4 2 0 1 365 1600 582 572
6631 4 2 0 1 2556 2665 1518 2555
6632 4 2 0 1 2684 2702 2136 2211
6633 4 2 0 1 436 357 2824 2822
6634 4 2 0 1 2315 1220 1834 1980
6635 4 2 0 1 1386 1980 2713 2312
6636 4 2 0 1 2788 2396 1701 2389
6637 4 2 0 1 364 482 464 1585
6638 4 2 0 1 2824 357 545 699
6639 4 2 0 1 1726 1592 1591 431
6640 4 2 0 1 1698 2748 602 1483
6641 4 2 0 1 337 2360 1480 2350
6642 4 2 0 1 300 652 2483 1545
6643 4 2 0 1 2162 2430 2431 2429
6644 4 2 0 1 2395 1410 1701 2389
6645 4 2 0 1 2785 2173 1512 1515
6646 4 2 0 1 1649 1747 1648 1746
6647 4 2 0 1 1622 326 329 710
6648 4 2 0 1 2393 2778 1560 1965
6649 4 2 0 1 1576 600 1708 644
6650 4 2 0 1 2488 1485 2374 2373
6651 4 2 0 1 418 2482 635 412
6652 4 2 0 1 551 586 1694 1695
6653 4 2 0 1 1207 2315 1035 1349
6654 4 2 0 1 466 302 404 1741
6655 4 2 0 1 2190 551 2107 71
6656 4 2 0 1 1849 1900 1883 1882
6657 4 2 0 1 89 88 1602 90
6658 4 2 0 1 1567 481 2226 1596
6659 4 2 0 1 2789 2198 1410 2711
6660 4 2 0 1 1789 2315 1035 1834
6661 4 2 0 1 485 2367 2474 135
6662 4 2 0 1 1789 1035 2315 1349
6663 4 2 0 1 1684 349 2824 590
6664 4 2 0 1 599 144 1677 543
6665 4 2 0 1 1476 1724 1480 2350
6666 4 2 0 1 159 157 158 2528
6667 4 2 0 1 2198 2793 2711 2789
6668 4 2 0 1 2212 1509 2744 2182
6669 4 2 0 1 2182 2181 2739 2211
6670 4 2 0 1 2487 2374 2372 107
6671 4 2 0 1 938 2833 1034 937
6672 4 2 0 1 1742 506 613 1601
6673 4 2 0 1 2834 1797 2833 930
6674 4 2 0 1 2355 2310 2061 2356
6675 4 2 0 1 683 1739 614 497
6676 4 2 0 1 575 1739 576 497
6677 4 2 0 1 2392 2778 2777 2199
6678 4 2 0 1 1540 1409 2474 2777
6679 4 2 0 1 2520 192 1577 1609
6680 4 2 0 1 104 661 2719 2372
6681 4 2 0 1 2568 2569 1746 2704
6682 4 2 0 1 1693 2199 1411 1617
6683 4 2 0 1 254 258 1671 2540
6684 4 2 0 1 2625 2410 1589 1641
6685 4 2 0 1 2348 1530 1563 1678
6686 4 2 0 1 1546 408 409 2485
6687 4 2 0 1 2026 1688 736 2029
6688 4 2 0 1 1568 2185 2568 2706
6689 4 2 0 1 2483 2374 2377 2488
6690 4 2 0 1 1459 2229 1461 2326
6691 4 2 0 1 1485 2371 2372 103
6692 4 2 0 1 672 2572 307 2327
6693 4 2 0 1 515 198 2526 451
6694 4 2 0 1 513 1728 1727 220
6695 4 2 0 1 2718 2372 2371 2719
6696 4 2 0 1 2545 2716 2738 2122
6697 4 2 0 1 2636 1519 2635 2440
6698 4 2 0 1 1485 2372 107 105
6699 4 2 0 1 110 661 2372 530
6700 4 2 0 1 1652 489 262 512
6701 4 2 0 1 661 530 2719 2372
6702 4 2 0 1 2406 2504 2505 1584
6703 4 2 0 1 1546 2379 2380 304
6704 4 2 0 1 2835 462 620 655
6705 4 2 0 1 2020 900 899 898
6706 4 2 0 1 2474 371 485 135
6707 4 2 0 1 137 108 2150 688
6708 4 2 0 1 1584 2527 2379 303
6709 4 2 0 1 1487 2370 2381 1579
6710 4 2 0 1 2753 2215 2202 2773
6711 4 2 0 1 1227 1862 1949 1948
6712 4 2 0 1 172 271 174 2307
6713 4 2 0 1 2374 2377 2488 2373
6714 4 2 0 1 1441 560 378 1676
6715 4 2 0 1 2212 122 123 121
6716 4 2 0 1 2539 1726 2576 1415
6717 4 2 0 1 2124 2119 1392 2120
6718 4 2 0 1 2023 2245 2244 2022
6719 4 2 0 1 1734 1557 708 1613
6720 4 2 0 1 2432 1511 2431 2433
6721 4 2 0 1 2053 2581 1708 2674
6722 4 2 0 1 2430 1510 2178 1511
6723 4 2 0 1 1227 1949 1862 878
6724 4 2 0 1 152 1550 2117 1549
6725 4 2 0 1 2189 2188 2330 1626
6726 4 2 0 1 155 577 1655 706
6727 4 2 0 1 2432 1559 437 1511
6728 4 2 0 1 2060 2505 2099 2675
6729 4 2 0 1 2022 51 2039 52
6730 4 2 0 1 1735 1734 708 1613
6731 4 2 0 1 256 1656 594 261
6732 4 2 0 1 592 1762 1394 1644
6733 4 2 0 1 1718 1875 2027 2035
6734 4 2 0 1 2189 2188 1626 2187
6735 4 2 0 1 1739 603 539 200
6736 4 2 0 1 1654 1390 1662 2161
6737 4 2 0 1 356 350 1566 1574
6738 4 2 0 1 341 350 1566 356
6739 4 2 0 1 1391 2785 2424 2171
6740 4 2 0 1 2581 1620 2673 340
6741 4 2 0 1 1521 2459 1524 2810
6742 4 2 0 1 1617 1625 1411 1528
6743 4 2 0 1 500 2496 197 1733
6744 4 2 0 1 2681 2052 2064 2063
6745 4 2 0 1 2192 2495 2101 2115
6746 4 2 0 1 584 2529 286 288
6747 4 2 0 1 2749 2209 2745 1442
6748 4 2 0 1 633 395 2477 617
6749 4 2 0 1 2749 2209 1442 2208
6750 4 2 0 1 1725 2804 2361 1622
6751 4 2 0 1 2749 2209 2208 1412
6752 4 2 0 1 2210 1475 2352 1482
6753 4 2 0 1 2208 1676 2578 2209
6754 4 2 0 1 2753 1475 2200 2754
6755 4 2 0 1 399 1578 585 299
6756 4 2 0 1 633 2477 395 2418
6757 4 2 0 1 2552 397 2551 2053
6758 4 2 0 1 1475 2210 2200 2754
6759 4 2 0 1 1742 268 2592 613
6760 4 2 0 1 1742 268 613 505
6761 4 2 0 1 2122 2121 2545 2716
6762 4 2 0 1 2432 1399 2735 2164
6763 4 2 0 1 174 1441 175 173
6764 4 2 0 1 2259 2263 2288 1597
6765 4 2 0 1 2693 2695 2071 2261
6766 4 2 0 1 2217 2751 2308 2681
6767 4 2 0 1 1584 515 198 2526
6768 4 2 0 1 2317 1500 1631 2133
6769 4 2 0 1 1708 377 543 423
6770 4 2 0 1 1380 2353 2058 2096
6771 4 2 0 1 199 1584 198 140
6772 4 2 0 1 1597 2263 2258 2259
6773 4 2 0 1 1557 1737 356 1566
6774 4 2 0 1 2056 1479 2055 2216
6775 4 2 0 1 242 239 241 2131
6776 4 2 0 1 2122 2121 1459 2120
6777 4 2 0 1 2766 1753 658 2230
6778 4 2 0 1 632 388 435 1646
6779 4 2 0 1 1694 2743 2470 2195
6780 4 2 0 1 1837 1323 782 1934
6781 4 2 0 1 1850 1068 2040 1373
6782 4 2 0 1 1563 1530 2348 2509
6783 4 2 0 1 2432 134 1511 490
6784 4 2 0 1 2121 1462 1646 2546
6785 4 2 0 1 453 616 1687 721
6786 4 2 0 1 753 2650 1338 1860
6787 4 2 0 1 2238 2121 2766 1462
6788 4 2 0 1 1338 2650 753 1252
6789 4 2 0 1 2666 1972 2665 1893
6790 4 2 0 1 2238 2121 1462 1461
6791 4 2 0 1 2569 634 1647 398
6792 4 2 0 1 423 544 543 1708
6793 4 2 0 1 2551 2674 1708 1576
6794 4 2 0 1 2723 2494 2497 1549
6795 4 2 0 1 1464 1061 970 971
6796 4 2 0 1 1695 2190 2713 2741
6797 4 2 0 1 60 5 1678 550
6798 4 2 0 1 1719 1735 1555 72
6799 4 2 0 1 1980 1370 1241 749
6800 4 2 0 1 811 2826 817 813
6801 4 2 0 1 2395 2396 1701 2457
6802 4 2 0 1 1476 2680 1481 2773
6803 4 2 0 1 184 189 186 2771
6804 4 2 0 1 425 687 2365 1690
6805 4 2 0 1 1877 1194 2032 2516
6806 4 2 0 1 1724 1481 1572 2364
6807 4 2 0 1 2365 2364 1420 2771
6808 4 2 0 1 1698 1645 2748 1419
6809 4 2 0 1 2144 2145 2017 2731
6810 4 2 0 1 2491 359 657 502
6811 4 2 0 1 1559 248 546 1661
6812 4 2 0 1 68 275 1762 50
6813 4 2 0 1 2123 1662 2570 1663
6814 4 2 0 1 45 940 734 1643
6815 4 2 0 1 1194 2516 964 893
6816 4 2 0 1 927 1268 931 1935
6817 4 2 0 1 1604 1536 2470 2472
6818 4 2 0 1 2190 551 71 645
6819 4 2 0 1 1508 2481 2478 2196
6820 4 2 0 1 414 298 1578 1655
6821 4 2 0 1 1224 1048 2648 1984
6822 4 2 0 1 1529 2450 23 1701
6823 4 2 0 1 2095 1620 2063 1575
6824 4 2 0 1 1529 2450 1701 2790
6825 4 2 0 1 1510 2430 2431 1511
6826 4 2 0 1 2476 2398 1570 2774
6827 4 2 0 1 2476 1570 2398 2386
6828 4 2 0 1 2098 2485 1558 2379
6829 4 2 0 1 2150 136 2735 2164
6830 4 2 0 1 1584 198 140 2505
6831 4 2 0 1 2050 458 131 696
6832 4 2 0 1 2525 2686 2403 2214
6833 4 2 0 1 1485 2371 103 2524
6834 4 2 0 1 2150 136 2164 402
6835 4 2 0 1 2383 2391 2385 2381
6836 4 2 0 1 2380 2404 2379 1507
6837 4 2 0 1 1817 1294 864 1185
6838 4 2 0 1 1048 1984 1804 2648
6839 4 2 0 1 1684 460 565 483
6840 4 2 0 1 1021 1852 1175 2648
6841 4 2 0 1 1186 1962 1963 855
6842 4 2 0 1 2392 2778 2390 2395
6843 4 2 0 1 1933 981 1931 2801
6844 4 2 0 1 573 254 2540 258
6845 4 2 0 1 2348 1563 550 1678
6846 4 2 0 1 2026 42 43 1205
6847 4 2 0 1 212 1670 213 211
6848 4 2 0 1 2348 550 1563 609
6849 4 2 0 1 2436 1832 2340 2671
6850 4 2 0 1 2436 2441 1212 2029
6851 4 2 0 1 2038 1518 1929 2435
6852 4 2 0 1 1415 2179 1404 2122
6853 4 2 0 1 1403 2541 1404 2122
6854 4 2 0 1 2315 1980 1834 1614
6855 4 2 0 1 1978 789 1780 1237
6856 4 2 0 1 2315 1980 1614 2314
6857 4 2 0 1 2556 2555 2558 2665
6858 4 2 0 1 794 792 1784 796
6859 4 2 0 1 590 1684 565 483
6860 4 2 0 1 1318 1807 2037 1808
6861 4 2 0 1 2601 2331 2334 2338
6862 4 2 0 1 1654 1559 2161 1662
6863 4 2 0 1 1766 2600 1781 1770
6864 4 2 0 1 1979 2314 2315 1947
6865 4 2 0 1 817 2826 811 1820
6866 4 2 0 1 2473 1616 1610 1540
6867 4 2 0 1 2389 2394 2522 1488
6868 4 2 0 1 1935 925 1869 1797
6869 4 2 0 1 2195 280 278 279
6870 4 2 0 1 1845 977 1029 1377
6871 4 2 0 1 735 755 2024 754
6872 4 2 0 1 2441 1832 1880 2340
6873 4 2 0 1 1349 2315 1979 1207
6874 4 2 0 1 23 1173 1701 2450
6875 4 2 0 1 1883 1849 1882 1161
6876 4 2 0 1 2450 2790 2449 1701
6877 4 2 0 1 2443 2442 1513 1899
6878 4 2 0 1 1529 2450 2790 22
6879 4 2 0 1 2765 1799 969 2325
6880 4 2 0 1 1630 1635 1629 48
6881 4 2 0 1 1883 1849 1873 1884
6882 4 2 0 1 1897 2444 2662 1995
6883 4 2 0 1 2422 2151 2419 1527
6884 4 2 0 1 280 2475 1577 2472
6885 4 2 0 1 1979 2315 1349 1947
6886 4 2 0 1 1488 1579 2151 2774
6887 4 2 0 1 2726 2724 2725 2130
6888 4 2 0 1 2195 2791 2475 2473
6889 4 2 0 1 2660 1898 1899 1884
6890 4 2 0 1 11 1659 1660 731
6891 4 2 0 1 2147 1579 2799 2151
6892 4 2 0 1 1579 2147 2522 2151
6893 4 2 0 1 1848 885 886 887
6894 4 2 0 1 2044 1658 739 6
6895 4 2 0 1 817 2826 1239 813
6896 4 2 0 1 2046 1681 1346 1227
6897 4 2 0 1 882 1830 881 1829
6898 4 2 0 1 1239 2826 817 1820
6899 4 2 0 1 2140 2728 1777 2562
6900 4 2 0 1 2758 2640 2244 1499
6901 4 2 0 1 1108 1161 1882 1044
6902 4 2 0 1 1800 2631 2325 2765
6903 4 2 0 1 1239 2826 1369 813
6904 4 2 0 1 2695 2070 1553 1429
6905 4 2 0 1 2279 2656 1948 1958
6906 4 2 0 1 374 548 655 1611
6907 4 2 0 1 2309 2157 2314 2104
6908 4 2 0 1 2622 2279 1790 1958
6909 4 2 0 1 882 1830 1829 1790
6910 4 2 0 1 896 1180 891 1986
6911 4 2 0 1 2065 2102 2805 1449
6912 4 2 0 1 1984 909 1804 1090
6913 4 2 0 1 909 1048 1804 1030
6914 4 2 0 1 2065 2102 1449 1565
6915 4 2 0 1 2342 2816 1498 2423
6916 4 2 0 1 1336 2623 882 884
6917 4 2 0 1 1971 1869 1608 1951
6918 4 2 0 1 1825 1054 1269 1333
6919 4 2 0 1 1879 1285 1098 1824
6920 4 2 0 1 2535 2532 2034 2814
6921 4 2 0 1 2815 2423 1515 2438
6922 4 2 0 1 816 2826 815 1369
6923 4 2 0 1 1134 1828 1229 939
6924 4 2 0 1 1039 1113 1038 1951
6925 4 2 0 1 1283 1039 1951 1113
6926 4 2 0 1 966 1936 1251 1261
6927 4 2 0 1 2838 905 901 2828
6928 4 2 0 1 1317 1983 953 1850
6929 4 2 0 1 2674 1575 1708 1576
6930 4 2 0 1 2322 2324 2559 1636
6931 4 2 0 1 2034 1470 2535 2814
6932 4 2 0 1 2616 2081 2809 1772
6933 4 2 0 1 2810 2536 2532 2811
6934 4 2 0 1 913 2828 1051 912
6935 4 2 0 1 2285 2067 2689 2254
6936 4 2 0 1 2834 931 1797 930
6937 4 2 0 1 2693 2759 2284 2689
6938 4 2 0 1 771 1928 772 770
6939 4 2 0 1 2778 2198 2777 2791
6940 4 2 0 1 1957 1892 1890 1437
6941 4 2 0 1 2802 2728 1779 2617
6942 4 2 0 1 876 1865 942 1331
6943 4 2 0 1 1424 2248 2689 2258
6944 4 2 0 1 1052 1994 1347 1365
6945 4 2 0 1 810 1866 809 811
6946 4 2 0 1 1820 1215 1130 1157
6947 4 2 0 1 2033 2534 1674 2034
6948 4 2 0 1 1083 1805 1153 1327
6949 4 2 0 1 1576 600 351 1708
6950 4 2 0 1 783 807 1833 1847
6951 4 2 0 1 2688 2248 2249 2689
6952 4 2 0 1 23 2457 1173 24
6953 4 2 0 1 1637 718 1540 224
6954 4 2 0 1 1064 1854 2462 1280
6955 4 2 0 1 2456 2391 1525 2399
6956 4 2 0 1 23 2457 84 1529
6957 4 2 0 1 1721 1710 1444 1719
6958 4 2 0 1 2342 1521 2397 2770
6959 4 2 0 1 2107 586 21 20
6960 4 2 0 1 1614 1453 1712 1713
6961 4 2 0 1 1051 2828 913 1969
6962 4 2 0 1 1614 16 17 1198
6963 4 2 0 1 1721 1710 1719 1555
6964 4 2 0 1 2617 2728 1779 2452
6965 4 2 0 1 2728 2729 2452 2561
6966 4 2 0 1 2624 2619 2625 2533
6967 4 2 0 1 1347 1994 1998 1944
6968 4 2 0 1 994 2620 2801 2811
6969 4 2 0 1 1721 1710 1555 1712
6970 4 2 0 1 995 985 1937 1242
6971 4 2 0 1 2051 2354 2581 2052
6972 4 2 0 1 916 915 917 1840
6973 4 2 0 1 2457 1411 2778 1965
6974 4 2 0 1 97 94 1560 96
6975 4 2 0 1 1719 2678 1722 2073
6976 4 2 0 1 1957 1564 2256 2697
6977 4 2 0 1 2838 2831 904 907
6978 4 2 0 1 1751 2529 1729 1704
6979 4 2 0 1 2441 1124 1851 1850
6980 4 2 0 1 291 438 1752 686
6981 4 2 0 1 463 1544 653 371
6982 4 2 0 1 2678 2073 1721 2351
6983 4 2 0 1 2005 1367 1253 965
6984 4 2 0 1 1877 2548 1732 2818
6985 4 2 0 1 1992 793 1826 1115
6986 4 2 0 1 1277 1131 1797 1350
6987 4 2 0 1 1469 2600 1937 1811
6988 4 2 0 1 1282 1979 1980 1207
6989 4 2 0 1 1542 1544 2193 1543
6990 4 2 0 1 1124 1851 1850 838
6991 4 2 0 1 1925 983 1242 1937
6992 4 2 0 1 641 663 457 1670
6993 4 2 0 1 1213 931 1935 933
6994 4 2 0 1 2474 371 135 1540
6995 4 2 0 1 1034 1101 2833 1797
6996 4 2 0 1 1361 1944 2016 1231
6997 4 2 0 1 1540 401 371 224
6998 4 2 0 1 2325 1464 970 2765
6999 4 2 0 1 1112 1924 1800 2559
7000 4 2 0 1 2520 1616 1664 1506
7001 4 2 0 1 1847 809 1793 783
7002 4 2 0 1 2073 1719 1720 1722
7003 4 2 0 1 2319 2320 2323 2321
7004 4 2 0 1 1059 1239 1820 1201
7005 4 2 0 1 1332 2345 1675 843
7006 4 2 0 1 2611 1771 1607 2613
7007 4 2 0 1 1896 1056 1897 1900
7008 4 2 0 1 488 596 1574 1576
7009 4 2 0 1 876 874 2644 875
7010 4 2 0 1 1719 2073 1720 1444
7011 4 2 0 1 2325 1143 1072 970
7012 4 2 0 1 1719 2678 1721 1555
7013 4 2 0 1 1984 1125 1342 1660
7014 4 2 0 1 1448 2065 1556 1452
7015 4 2 0 1 2588 2519 1732 2550
7016 4 2 0 1 2044 1045 2046 1346
7017 4 2 0 1 211 210 1664 415
7018 4 2 0 1 1713 1121 733 1715
7019 4 2 0 1 1917 1713 1834 1715
7020 4 2 0 1 2466 1534 2584 2612
7021 4 2 0 1 2068 1381 2066 1431
7022 4 2 0 1 2144 2317 1631 2133
7023 4 2 0 1 1711 2819 1382 2291
7024 4 2 0 1 993 990 1925 987
7025 4 2 0 1 2450 2713 2449 2790
7026 4 2 0 1 982 1931 980 981
7027 4 2 0 1 1392 2179 2122 2176
7028 4 2 0 1 1555 1452 1556 1735
7029 4 2 0 1 1116 1177 2610 1936
7030 4 2 0 1 1376 2013 1028 958
7031 4 2 0 1 994 2801 2620 984
7032 4 2 0 1 1933 981 2801 1184
7033 4 2 0 1 1766 1777 2730 2600
7034 4 2 0 1 2588 1876 1732 2519
7035 4 2 0 1 2339 1832 2671 2340
7036 4 2 0 1 416 532 1506 1617
7037 4 2 0 1 2456 1964 1965 2782
7038 4 2 0 1 2588 2548 1732 2628
7039 4 2 0 1 1448 1555 1556 1709
7040 4 2 0 1 1448 2065 1449 1556
7041 4 2 0 1 1051 2828 1118 912
7042 4 2 0 1 2416 2837 575 1703
7043 4 2 0 1 1876 2588 1732 2628
7044 4 2 0 1 1877 1876 1732 2628
7045 4 2 0 1 2165 1489 2168 2776
7046 4 2 0 1 1877 2548 2818 1796
7047 4 2 0 1 1186 1140 743 1961
7048 4 2 0 1 1892 859 862 1894
7049 4 2 0 1 2818 1876 1732 1877
7050 4 2 0 1 405 404 1741 505
7051 4 2 0 1 2299 2297 1861 1439
7052 4 2 0 1 1222 2645 2668 1985
7053 4 2 0 1 1032 1966 1031 818
7054 4 2 0 1 1773 2817 2593 2668
7055 4 2 0 1 1966 1032 1031 1033
7056 4 2 0 1 861 863 1864 1185
7057 4 2 0 1 1803 1440 1821 1802
7058 4 2 0 1 1832 760 1031 818
7059 4 2 0 1 1802 1821 1844 1831
7060 4 2 0 1 873 1160 1976 877
7061 4 2 0 1 1919 1922 1976 2300
7062 4 2 0 1 1160 872 1919 1977
7063 4 2 0 1 2136 2176 2179 1392
7064 4 2 0 1 1618 1642 343 2824
7065 4 2 0 1 2283 2502 2461 2614
7066 4 2 0 1 1959 1102 1011 1885
7067 4 2 0 1 1171 2019 1172 1245
7068 4 2 0 1 1108 2040 1275 1044
7069 4 2 0 1 2457 2788 2455 2396
7070 4 2 0 1 2179 2176 2136 1404
7071 4 2 0 1 520 1738 2347 716
7072 4 2 0 1 1109 1030 1351 1804
7073 4 2 0 1 1502 34 33 693
7074 4 2 0 1 1341 1502 33 1675
7075 4 2 0 1 2644 874 1818 1919
7076 4 2 0 1 2603 1439 2303 2604
7077 4 2 0 1 1760 295 1655 1741
7078 4 2 0 1 2297 2298 1861 2300
7079 4 2 0 1 1059 1794 975 1820
7080 4 2 0 1 2632 1634 1501 2631
7081 4 2 0 1 1913 791 1831 2807
7082 4 2 0 1 1978 789 1237 1328
7083 4 2 0 1 2599 2808 2008 2567
7084 4 2 0 1 1297 1900 1234 1882
7085 4 2 0 1 831 836 1882 833
7086 4 2 0 1 2015 1259 2008 2599
7087 4 2 0 1 1881 1123 1273 1146
7088 4 2 0 1 459 598 1750 542
7089 4 2 0 1 1634 2632 1833 2631
7090 4 2 0 1 295 405 404 1741
7091 4 2 0 1 2584 2818 2548 1796
7092 4 2 0 1 2623 1848 1984 2501
7093 4 2 0 1 295 691 1741 1760
7094 4 2 0 1 295 405 1741 691
7095 4 2 0 1 2006 903 898 1225
7096 4 2 0 1 964 1876 893 2516
7097 4 2 0 1 2288 2696 1597 2291
7098 4 2 0 1 1028 1839 1229 1985
7099 4 2 0 1 2083 2597 2076 2809
7100 4 2 0 1 2420 2740 1508 2421
7101 4 2 0 1 1615 1288 1016 996
7102 4 2 0 1 691 1573 1741 1760
7103 4 2 0 1 2453 1456 2272 2762
7104 4 2 0 1 459 1750 598 1586
7105 4 2 0 1 405 1573 1741 691
7106 4 2 0 1 2561 2271 2563 2560
7107 4 2 0 1 1766 1777 2600 2605
7108 4 2 0 1 1215 817 811 1820
7109 4 2 0 1 1649 484 1747 77
7110 4 2 0 1 289 2830 296 446
7111 4 2 0 1 1870 2808 1871 2008
7112 4 2 0 1 1648 484 1647 1747
7113 4 2 0 1 726 1752 504 446
7114 4 2 0 1 2305 124 171 123
7115 4 2 0 1 936 938 2834 1133
7116 4 2 0 1 1445 1450 2270 1553
7117 4 2 0 1 1294 1343 1185 1878
7118 4 2 0 1 438 441 297 1752
7119 4 2 0 1 1294 1817 1878 1185
7120 4 2 0 1 1133 2019 1172 1256
7121 4 2 0 1 1957 1864 1862 1958
7122 4 2 0 1 638 687 1706 424
7123 4 2 0 1 1214 1949 1790 2583
7124 4 2 0 1 1638 1212 2671 1127
7125 4 2 0 1 1526 2459 2170 2168
7126 4 2 0 1 1185 1878 880 1864
7127 4 2 0 1 2130 2126 2129 2132
7128 4 2 0 1 1879 1355 804 1098
7129 4 2 0 1 1967 1339 35 1531
7130 4 2 0 1 990 1942 993 1925
7131 4 2 0 1 2349 424 363 1706
7132 4 2 0 1 772 776 1927 1154
7133 4 2 0 1 1303 1321 2009 1074
7134 4 2 0 1 1967 35 1339 1322
7135 4 2 0 1 2534 2666 1972 1674
7136 4 2 0 1 1994 1468 1306 55
7137 4 2 0 1 2701 2136 1392 2135
7138 4 2 0 1 2252 2248 1993 2663
7139 4 2 0 1 1748 365 323 321
7140 4 2 0 1 1387 2229 2231 2110
7141 4 2 0 1 1465 1653 1418 2228
7142 4 2 0 1 2820 2273 2268 2652
7143 4 2 0 1 1998 2243 1818 1916
7144 4 2 0 1 1115 2645 1798 1992
7145 4 2 0 1 885 883 2003 884
7146 4 2 0 1 2001 894 1325 1190
7147 4 2 0 1 1839 2593 1985 2013
7148 4 2 0 1 1600 324 1748 323
7149 4 2 0 1 324 1600 1748 1725
7150 4 2 0 1 1118 2828 1051 1969
7151 4 2 0 1 1762 1759 1394 1644
7152 4 2 0 1 1708 664 421 600
7153 4 2 0 1 2023 1052 1998 1218
7154 4 2 0 1 1178 1818 2643 1916
7155 4 2 0 1 635 264 2482 1590
7156 4 2 0 1 2012 1255 1895 1926
7157 4 2 0 1 1118 2828 1202 912
7158 4 2 0 1 1195 1224 2648 1021
7159 4 2 0 1 2074 2651 1431 2282
7160 4 2 0 1 1660 2501 1659 1342
7161 4 2 0 1 1201 1267 1820 1137
7162 4 2 0 1 1673 1846 1902 2343
7163 4 2 0 1 1599 469 1394 1758
7164 4 2 0 1 551 2107 20 586
7165 4 2 0 1 2683 2094 2675 2676
7166 4 2 0 1 635 2482 264 485
7167 4 2 0 1 2058 1479 2055 2355
7168 4 2 0 1 2709 2409 2708 1507
7169 4 2 0 1 1566 1755 1619 454
7170 4 2 0 1 1202 2828 1118 1969
7171 4 2 0 1 1852 1338 2650 1855
7172 4 2 0 1 1402 2174 2172 2171
7173 4 2 0 1 1644 1635 1630 2144
7174 4 2 0 1 1399 2733 2161 2433
7175 4 2 0 1 2126 2128 2127 2132
7176 4 2 0 1 2704 2126 2131 1401
7177 4 2 0 1 2209 2204 1442 2305
7178 4 2 0 1 1933 2344 1026 1923
7179 4 2 0 1 1933 850 2344 1918
7180 4 2 0 1 383 507 1600 558
7181 4 2 0 1 1456 2272 2762 2316
7182 4 2 0 1 1523 1787 2272 2760
7183 4 2 0 1 2823 1725 2361 1481
7184 4 2 0 1 2708 1385 2805 2710
7185 4 2 0 1 1538 2210 2747 2746
7186 4 2 0 1 1394 698 1644 1758
7187 4 2 0 1 1703 707 2837 2829
7188 4 2 0 1 2235 2250 2254 1436
7189 4 2 0 1 1894 2252 1993 2663
7190 4 2 0 1 2543 2690 2256 1597
7191 4 2 0 1 2045 2840 1730 63
7192 4 2 0 1 2046 1681 1948 2573
7193 4 2 0 1 2396 2451 2788 2455
7194 4 2 0 1 12 1697 63 1731
7195 4 2 0 1 1978 1952 2594 2670
7196 4 2 0 1 322 1723 1748 2350
7197 4 2 0 1 2367 103 104 2371
7198 4 2 0 1 1492 2423 2425 2397
7199 4 2 0 1 520 716 2347 519
7200 4 2 0 1 1479 2210 2352 1538
7201 4 2 0 1 2367 104 103 102
7202 4 2 0 1 1765 1810 1991 2594
7203 4 2 0 1 1679 2692 2045 1697
7204 4 2 0 1 2129 2130 1396 2724
7205 4 2 0 1 2149 2129 1396 2724
7206 4 2 0 1 1457 2316 2272 1456
7207 4 2 0 1 2150 2149 2799 402
7208 4 2 0 1 2241 2338 2242 1393
7209 4 2 0 1 2688 2235 2251 2250
7210 4 2 0 1 1605 2766 492 2230
7211 4 2 0 1 1905 856 857 1078
7212 4 2 0 1 630 1653 369 2047
7213 4 2 0 1 1905 2235 1989 1993
7214 4 2 0 1 1679 2045 1678 1657
7215 4 2 0 1 1810 2607 1780 1770
7216 4 2 0 1 2166 1400 2090 2705
7217 4 2 0 1 2508 2176 2433 2161
7218 4 2 0 1 2352 2218 2351 1475
7219 4 2 0 1 2062 2682 2095 1736
7220 4 2 0 1 2282 1382 2502 2283
7221 4 2 0 1 581 515 1593 308
7222 4 2 0 1 2783 1413 2739 2205
7223 4 2 0 1 2122 1537 1415 2738
7224 4 2 0 1 2732 1486 2160 2821
7225 4 2 0 1 1727 1416 2579 2222
7226 4 2 0 1 1426 2257 2693 1387
7227 4 2 0 1 2785 2171 2027 2173
7228 4 2 0 1 1765 2607 1810 1770
7229 4 2 0 1 2315 1220 1980 1207
7230 4 2 0 1 2150 2164 1396 2149
7231 4 2 0 1 1589 2815 2814 2816
7232 4 2 0 1 2165 1526 2736 2170
7233 4 2 0 1 1489 2425 2388 1526
7234 4 2 0 1 2725 2163 1396 2150
7235 4 2 0 1 2388 1570 2398 2774
7236 4 2 0 1 1026 1933 1923 1184
7237 4 2 0 1 1907 2730 2626 1469
7238 4 2 0 1 2644 1922 1919 2298
7239 4 2 0 1 1633 2566 2415 2414
7240 4 2 0 1 1931 1933 1932 951
7241 4 2 0 1 1807 1674 1808 2665
7242 4 2 0 1 2145 972 1196 1159
7243 4 2 0 1 1026 1933 1184 951
7244 4 2 0 1 1626 2410 2185 1500
7245 4 2 0 1 822 1880 1354 763
7246 4 2 0 1 1354 1880 822 973
7247 4 2 0 1 940 1717 744 1718
7248 4 2 0 1 1391 2785 2171 1513
7249 4 2 0 1 2560 2084 2561 2562
7250 4 2 0 1 1627 2445 2442 1518
7251 4 2 0 1 1111 1328 1781 1066
7252 4 2 0 1 2089 2715 2187 1428
7253 4 2 0 1 321 2772 319 320
7254 4 2 0 1 2563 1711 2700 2290
7255 4 2 0 1 2396 2454 2455 2457
7256 4 2 0 1 146 143 2552 145
7257 4 2 0 1 1554 2085 2082 2086
7258 4 2 0 1 761 1880 1354 1258
7259 4 2 0 1 2009 1942 1074 2014
7260 4 2 0 1 2447 2810 1524 1945
7261 4 2 0 1 2566 1777 2141 2562
7262 4 2 0 1 1787 2265 2272 2760
7263 4 2 0 1 1858 1917 2654 2653
7264 4 2 0 1 1678 2045 1679 2292
7265 4 2 0 1 821 1237 2594 1810
7266 4 2 0 1 2190 1695 1408 2741
7267 4 2 0 1 408 500 2485 536
7268 4 2 0 1 1658 2840 2836 8
7269 4 2 0 1 1487 379 1580 2524
7270 4 2 0 1 2522 2366 1484 2369
7271 4 2 0 1 235 1571 1570 1699
7272 4 2 0 1 1705 1420 2365 1689
7273 4 2 0 1 2492 2357 2359 2350
7274 4 2 0 1 2357 2218 2359 1756
7275 4 2 0 1 1614 1448 1556 1709
7276 4 2 0 1 2347 519 1720 1697
7277 4 2 0 1 1457 2093 2272 2316
7278 4 2 0 1 1354 1880 761 763
7279 4 2 0 1 1575 1737 1574 1601
7280 4 2 0 1 16 1556 73 445
7281 4 2 0 1 2098 2406 2379 2504
7282 4 2 0 1 596 1575 350 1574
7283 4 2 0 1 1744 454 1619 1755
7284 4 2 0 1 2683 1380 2096 2682
7285 4 2 0 1 2133 1395 1631 2144
7286 4 2 0 1 2836 9 8 78
7287 4 2 0 1 1538 2747 2210 2352
7288 4 2 0 1 1658 2840 8 7
7289 4 2 0 1 1481 1685 2364 2362
7290 4 2 0 1 376 1585 534 1677
7291 4 2 0 1 2507 2098 1558 2506
7292 4 2 0 1 1561 1645 2752 1419
7293 4 2 0 1 749 18 1980 19
7294 4 2 0 1 1443 2795 2347 2755
7295 4 2 0 1 1048 1224 2648 1195
7296 4 2 0 1 1975 1137 875 975
7297 4 2 0 1 1188 1179 1231 1944
7298 4 2 0 1 1605 1668 2546 1646
7299 4 2 0 1 2727 1423 2240 2236
7300 4 2 0 1 2756 1626 1462 1463
7301 4 2 0 1 2094 2062 2683 2095
7302 4 2 0 1 2058 2355 2055 2061
7303 4 2 0 1 128 1586 2400 1561
7304 4 2 0 1 2356 2058 2685 2061
7305 4 2 0 1 2102 685 1449 73
7306 4 2 0 1 1452 2065 1556 1565
7307 4 2 0 1 2654 2074 2069 1447
7308 4 2 0 1 1555 1719 72 717
7309 4 2 0 1 1278 47 745 1629
7310 4 2 0 1 2107 1980 629 19
7311 4 2 0 1 841 946 967 2662
7312 4 2 0 1 1321 1074 2014 2009
7313 4 2 0 1 2107 1282 1980 19
7314 4 2 0 1 390 1604 2470 2743
7315 4 2 0 1 460 132 1561 728
7316 4 2 0 1 2680 2362 2217 2752
7317 4 2 0 1 2598 1111 1781 1469
7318 4 2 0 1 2365 1706 687 2771
7319 4 2 0 1 1469 2600 1811 1781
7320 4 2 0 1 128 1586 1561 130
7321 4 2 0 1 392 117 134 1511
7322 4 2 0 1 1510 117 392 1511
7323 4 2 0 1 1974 1973 2041 1781
7324 4 2 0 1 254 573 2540 1592
7325 4 2 0 1 1539 2175 259 478
7326 4 2 0 1 1726 1592 1537 2539
7327 4 2 0 1 2719 412 418 104
7328 4 2 0 1 1947 854 1946 1174
7329 4 2 0 1 2041 2600 1770 1781
7330 4 2 0 1 200 1602 88 566
7331 4 2 0 1 2394 2391 2390 1580
7332 4 2 0 1 2416 2345 1675 1502
7333 4 2 0 1 532 154 1617 690
7334 4 2 0 1 1678 2045 2044 1657
7335 4 2 0 1 1717 940 1643 1718
7336 4 2 0 1 634 267 61 1747
7337 4 2 0 1 1686 43 2026 42
7338 4 2 0 1 1872 1875 2659 1516
7339 4 2 0 1 1975 875 1865 1922
7340 4 2 0 1 599 2051 433 1677
7341 4 2 0 1 1973 1615 2041 1781
7342 4 2 0 1 424 2771 1706 2349
7343 4 2 0 1 1575 2581 2054 2674
7344 4 2 0 1 1615 1973 1811 1781
7345 4 2 0 1 1481 1724 1572 1725
7346 4 2 0 1 2600 1615 1781 2041
7347 4 2 0 1 432 678 722 1727
7348 4 2 0 1 1666 2205 2221 1412
7349 4 2 0 1 2430 2177 2178 1509
7350 4 2 0 1 1567 481 1596 650
7351 4 2 0 1 1615 2600 1781 1811
7352 4 2 0 1 1707 638 713 1690
7353 4 2 0 1 425 190 209 1690
7354 4 2 0 1 1649 484 77 491
7355 4 2 0 1 1696 2732 2821 2407
7356 4 2 0 1 2557 2410 1792 1500
7357 4 2 0 1 1996 2146 1629 1995
7358 4 2 0 1 1996 1635 2144 2323
7359 4 2 0 1 1310 1092 1995 1290
7360 4 2 0 1 2197 2481 2479 1408
7361 4 2 0 1 1761 470 1663 435
7362 4 2 0 1 2250 2285 2513 2759
7363 4 2 0 1 2352 2218 1475 2210
7364 4 2 0 1 2693 2759 2689 1426
7365 4 2 0 1 435 1761 611 632
7366 4 2 0 1 2571 1418 2572 1653
7367 4 2 0 1 2111 2716 2717 1418
7368 4 2 0 1 1482 1460 2352 2747
7369 4 2 0 1 1380 2683 2710 2062
7370 4 2 0 1 685 2102 1980 268
7371 4 2 0 1 2507 2552 2097 2506
7372 4 2 0 1 2683 2064 2057 2096
7373 4 2 0 1 1838 2011 1836 1837
7374 4 2 0 1 2194 1652 2471 2197
7375 4 2 0 1 1647 309 398 240
7376 4 2 0 1 52 2010 2022 51
7377 4 2 0 1 1504 1401 1746 1490
7378 4 2 0 1 2616 2041 1772 2809
7379 4 2 0 1 2822 1481 1572 1725
7380 4 2 0 1 2056 2678 1735 1452
7381 4 2 0 1 1668 1761 611 1394
7382 4 2 0 1 1755 454 1613 455
7383 4 2 0 1 1668 611 1761 632
7384 4 2 0 1 2447 2810 1521 1524
7385 4 2 0 1 52 2010 51 738
7386 4 2 0 1 2822 1481 1685 1572
7387 4 2 0 1 1446 1735 2678 1722
7388 4 2 0 1 2598 1309 1780 789
7389 4 2 0 1 1913 1914 1842 2300
7390 4 2 0 1 2730 2599 1766 1469
7391 4 2 0 1 2598 1309 789 1259
7392 4 2 0 1 2757 2241 2758 1423
7393 4 2 0 1 1838 1982 2411 2647
7394 4 2 0 1 855 732 2345 844
7395 4 2 0 1 2317 2768 1463 2415
7396 4 2 0 1 872 869 871 1861
7397 4 2 0 1 1942 2800 1469 2626
7398 4 2 0 1 12 1731 63 11
7399 4 2 0 1 2345 732 855 2416
7400 4 2 0 1 2257 2259 2258 2263
7401 4 2 0 1 2034 1674 1470 2814
7402 4 2 0 1 2276 2275 2274 2760
7403 4 2 0 1 2802 1785 2277 2503
7404 4 2 0 1 2237 1466 2757 2240
7405 4 2 0 1 1658 676 63 11
7406 4 2 0 1 2045 1730 1657 1679
7407 4 2 0 1 1973 2025 2041 1968
7408 4 2 0 1 2668 2544 1992 1991
7409 4 2 0 1 2569 471 398 467
7410 4 2 0 1 63 2840 521 676
7411 4 2 0 1 1222 1028 1155 1985
7412 4 2 0 1 1222 2645 1985 1798
7413 4 2 0 1 2045 2840 63 1658
7414 4 2 0 1 2293 1564 2656 1958
7415 4 2 0 1 557 2018 2512 2511
7416 4 2 0 1 2688 2248 2689 1424
7417 4 2 0 1 2569 634 398 471
7418 4 2 0 1 498 1699 2798 1740
7419 4 2 0 1 746 1287 4 1680
7420 4 2 0 1 566 1602 92 1672
7421 4 2 0 1 498 1699 1740 499
7422 4 2 0 1 659 1625 1411 1692
7423 4 2 0 1 1334 1026 1243 1923
7424 4 2 0 1 2725 2130 2148 2726
7425 4 2 0 1 2342 1473 1498 2341
7426 4 2 0 1 2416 28 732 855
7427 4 2 0 1 2174 1686 2027 2173
7428 4 2 0 1 1731 1658 63 11
7429 4 2 0 1 1839 1028 1229 1088
7430 4 2 0 1 915 2831 1828 2588
7431 4 2 0 1 1730 1547 570 2491
7432 4 2 0 1 914 1828 939 915
7433 4 2 0 1 1376 2013 958 1841
7434 4 2 0 1 2085 2283 1554 2461
7435 4 2 0 1 1191 2001 2002 1824
7436 4 2 0 1 1730 570 1547 520
7437 4 2 0 1 2317 2768 2415 1501
7438 4 2 0 1 2081 1702 2616 2809
7439 4 2 0 1 1825 1839 2049 2629
7440 4 2 0 1 1086 2029 2441 1266
7441 4 2 0 1 1827 1791 1911 1836
7442 4 2 0 1 2317 1500 2415 1463
7443 4 2 0 1 1521 1525 2382 2397
7444 4 2 0 1 2660 1233 1081 1271
7445 4 2 0 1 1880 768 763 822
7446 4 2 0 1 2021 1716 2613 1867
7447 4 2 0 1 2268 2274 2276 2273
7448 4 2 0 1 1076 1022 1886 1042
7449 4 2 0 1 2283 1533 2502 2282
7450 4 2 0 1 2351 1475 1445 2352
7451 4 2 0 1 2715 2267 2264 2271
7452 4 2 0 1 1554 2075 1858 1856
7453 4 2 0 1 2086 1702 2082 2081
7454 4 2 0 1 2817 1823 2593 2645
7455 4 2 0 1 2086 2075 1382 2652
7456 4 2 0 1 2584 1607 1773 2049
7457 4 2 0 1 2006 1022 1885 1886
7458 4 2 0 1 2085 2613 2082 1702
7459 4 2 0 1 1554 1812 2461 1855
7460 4 2 0 1 472 660 1567 650
7461 4 2 0 1 1952 2013 1953 959
7462 4 2 0 1 2276 2654 2274 2653
7463 4 2 0 1 2007 1822 2646 1823
7464 4 2 0 1 1773 2596 2668 2670
7465 4 2 0 1 1592 1591 431 578
7466 4 2 0 1 1804 1986 1351 2518
7467 4 2 0 1 472 1567 660 1639
7468 4 2 0 1 2295 2543 2078 2697
7469 4 2 0 1 1917 1453 2654 2653
7470 4 2 0 1 956 1841 1953 1970
7471 4 2 0 1 698 1644 74 413
7472 4 2 0 1 1763 2638 1773 2584
7473 4 2 0 1 1015 1886 1042 1043
7474 4 2 0 1 765 767 2340 1062
7475 4 2 0 1 913 916 1051 1969
7476 4 2 0 1 1997 2468 1812 1010
7477 4 2 0 1 2038 1674 2636 2037
7478 4 2 0 1 658 410 492 2230
7479 4 2 0 1 1178 1818 1916 935
7480 4 2 0 1 1023 1375 1306 2016
7481 4 2 0 1 2296 2253 2304 1954
7482 4 2 0 1 1533 2502 2460 2461
7483 4 2 0 1 2233 1639 2514 1421
7484 4 2 0 1 2079 1534 2294 2502
7485 4 2 0 1 1421 1987 1989 2251
7486 4 2 0 1 2766 1753 1754 2767
7487 4 2 0 1 784 1793 1887 1157
7488 4 2 0 1 1843 1130 1794 1129
7489 4 2 0 1 784 1793 1157 783
7490 4 2 0 1 1861 1954 1439 1920
7491 4 2 0 1 1581 97 526 2391
7492 4 2 0 1 1581 97 2391 1580
7493 4 2 0 1 707 1703 604 603
7494 4 2 0 1 2764 2252 1437 2664
7495 4 2 0 1 2332 2338 2639 1467
7496 4 2 0 1 2498 1741 466 2495
7497 4 2 0 1 1423 2758 2757 1998
7498 4 2 0 1 1323 1837 1204 2011
7499 4 2 0 1 1703 86 604 200
7500 4 2 0 1 2498 466 1741 302
7501 4 2 0 1 1816 2007 2646 1813
7502 4 2 0 1 865 1955 868 1148
7503 4 2 0 1 1578 729 1655 298
7504 4 2 0 1 33 1675 32 1082
7505 4 2 0 1 872 869 1861 1920
7506 4 2 0 1 2547 2818 1607 2469
7507 4 2 0 1 1765 1770 2670 2595
7508 4 2 0 1 1502 32 1675 2416
7509 4 2 0 1 1839 2593 2049 2629
7510 4 2 0 1 1054 1825 906 1333
7511 4 2 0 1 2818 1877 1796 2032
7512 4 2 0 1 2416 83 32 85
7513 4 2 0 1 2393 2394 2390 2396
7514 4 2 0 1 2393 2394 2396 1525
7515 4 2 0 1 1578 729 298 294
7516 4 2 0 1 1806 1674 1808 2037
7517 4 2 0 1 1972 1893 1154 1927
7518 4 2 0 1 1129 1914 1784 1843
7519 4 2 0 1 1977 872 1861 1920
7520 4 2 0 1 1815 1803 2633 1920
7521 4 2 0 1 65 1962 2782 26
7522 4 2 0 1 2727 1423 2247 2242
7523 4 2 0 1 979 1125 1182 1984
7524 4 2 0 1 1125 1090 1182 1984
7525 4 2 0 1 2285 2066 2284 2067
7526 4 2 0 1 1358 1010 1857 1855
7527 4 2 0 1 883 885 2003 1190
7528 4 2 0 1 1977 1440 1920 1439
7529 4 2 0 1 1048 1224 1182 1984
7530 4 2 0 1 65 2782 1962 1739
7531 4 2 0 1 1994 1365 1306 752
7532 4 2 0 1 1552 2623 2499 2003
7533 4 2 0 1 1955 1815 1956 1920
7534 4 2 0 1 1683 1816 2646 1813
7535 4 2 0 1 2160 1503 1486 2163
7536 4 2 0 1 2085 1812 2461 1554
7537 4 2 0 1 1096 1822 2007 1095
7538 4 2 0 1 1992 793 1115 821
7539 4 2 0 1 2668 1142 1308 1027
7540 4 2 0 1 1771 1952 2670 1607
7541 4 2 0 1 1503 2375 2158 1486
7542 4 2 0 1 2013 958 1841 1953
7543 4 2 0 1 966 1936 1261 1795
7544 4 2 0 1 1814 1683 2646 1813
7545 4 2 0 1 2709 2409 1507 2158
7546 4 2 0 1 410 1605 261 492
7547 4 2 0 1 1463 2144 2731 2317
7548 4 2 0 1 2023 751 1052 1218
7549 4 2 0 1 2766 522 2039 2546
7550 4 2 0 1 2232 1423 2328 2236
7551 4 2 0 1 1840 918 1783 917
7552 4 2 0 1 2007 1814 2633 1764
7553 4 2 0 1 1840 918 917 916
7554 4 2 0 1 2084 2728 2802 2561
7555 4 2 0 1 1969 2588 1999 2020
7556 4 2 0 1 1877 2001 2032 1236
7557 4 2 0 1 1607 1839 2013 2049
7558 4 2 0 1 2548 2584 1796 2049
7559 4 2 0 1 2044 2045 1678 2292
7560 4 2 0 1 1096 2007 1097 1095
7561 4 2 0 1 2588 1969 916 913
7562 4 2 0 1 774 1874 1910 1228
7563 4 2 0 1 1688 2434 2035 1512
7564 4 2 0 1 85 2837 2416 1703
7565 4 2 0 1 1471 2339 2671 1519
7566 4 2 0 1 1806 1932 2635 1176
7567 4 2 0 1 2838 2020 1969 901
7568 4 2 0 1 628 491 711 1648
7569 4 2 0 1 2063 2354 2581 2673
7570 4 2 0 1 2280 2699 1606 2282
7571 4 2 0 1 2121 1646 1462 2120
7572 4 2 0 1 1674 1470 2636 2037
7573 4 2 0 1 1465 1653 2228 2047
7574 4 2 0 1 2111 2227 2229 2326
7575 4 2 0 1 2327 2716 2326 1418
7576 4 2 0 1 2221 2753 2200 2754
7577 4 2 0 1 2212 1593 2403 120
7578 4 2 0 1 1446 2360 1722 1738
7579 4 2 0 1 1864 861 1892 860
7580 4 2 0 1 2018 1425 1682 2512
7581 4 2 0 1 1926 2012 2247 1438
7582 4 2 0 1 2028 1437 2295 2697
7583 4 2 0 1 1463 2144 2317 1631
7584 4 2 0 1 2137 2601 2608 2605
7585 4 2 0 1 2712 2312 1522 2154
7586 4 2 0 1 1345 1986 2518 1351
7587 4 2 0 1 2085 2283 2461 2614
7588 4 2 0 1 2645 2593 2817 2668
7589 4 2 0 1 2588 915 1840 1828
7590 4 2 0 1 2278 2074 1431 2282
7591 4 2 0 1 1094 2046 1053 2583
7592 4 2 0 1 1236 894 2001 2032
7593 4 2 0 1 1236 2001 894 1325
7594 4 2 0 1 2570 1671 1403 1656
7595 4 2 0 1 1033 2339 1901 1135
7596 4 2 0 1 2153 2157 2159 1456
7597 4 2 0 1 1428 2108 2714 2715
7598 4 2 0 1 1380 1455 2065 2062
7599 4 2 0 1 2406 2709 2708 1507
7600 4 2 0 1 2589 2507 2097 2590
7601 4 2 0 1 2007 1814 1764 2646
7602 4 2 0 1 606 1586 1750 459
7603 4 2 0 1 2339 1832 2340 1260
7604 4 2 0 1 2721 1385 2592 2591
7605 4 2 0 1 2212 122 121 120
7606 4 2 0 1 2486 2380 2375 2487
7607 4 2 0 1 1814 2028 1683 1813
7608 4 2 0 1 117 134 1511 2431
7609 4 2 0 1 304 2485 2379 1558
7610 4 2 0 1 1282 1979 1207 1136
7611 4 2 0 1 2380 608 1546 406
7612 4 2 0 1 1282 1979 1136 2107
7613 4 2 0 1 2714 2311 2266 1553
7614 4 2 0 1 2030 2246 1988 2236
7615 4 2 0 1 2605 1780 2607 1770
7616 4 2 0 1 2651 2819 1431 2699
7617 4 2 0 1 1860 1856 1857 1447
7618 4 2 0 1 1596 2226 1567 2513
7619 4 2 0 1 1683 2028 1878 1813
7620 4 2 0 1 1365 1994 55 54
7621 4 2 0 1 2607 1780 2605 2609
7622 4 2 0 1 2639 2333 1499 2641
7623 4 2 0 1 1396 1399 2132 2164
7624 4 2 0 1 2557 1500 2133 2185
7625 4 2 0 1 2816 1589 1641 2532
7626 4 2 0 1 1761 470 435 611
7627 4 2 0 1 2566 1792 2330 2318
7628 4 2 0 1 612 245 248 1661
7629 4 2 0 1 1399 2433 2161 1654
7630 4 2 0 1 1400 1401 2706 2169
7631 4 2 0 1 2165 2736 1526 2169
7632 4 2 0 1 2439 2437 2784 1516
7633 4 2 0 1 1513 2443 2445 2442
7634 4 2 0 1 2437 1512 2035 2434
7635 4 2 0 1 1290 940 1718 1643
7636 4 2 0 1 2456 2781 1961 1964
7637 4 2 0 1 2557 1589 2424 1518
7638 4 2 0 1 1777 2137 2141 2562
7639 4 2 0 1 2331 1467 2338 2332
7640 4 2 0 1 1467 2640 2337 2780
7641 4 2 0 1 2290 1393 2288 2608
7642 4 2 0 1 2084 2700 2608 2290
7643 4 2 0 1 1633 2768 2318 2141
7644 4 2 0 1 2724 2147 2150 2799
7645 4 2 0 1 2496 1733 2722 2118
7646 4 2 0 1 2126 1400 2128 2726
7647 4 2 0 1 1527 2165 2776 2151
7648 4 2 0 1 2149 2724 2799 2797
7649 4 2 0 1 603 200 1703 604
7650 4 2 0 1 2203 2745 2213 1478
7651 4 2 0 1 2370 2394 2522 1491
7652 4 2 0 1 2309 1450 2153 1454
7653 4 2 0 1 1538 1479 2356 2352
7654 4 2 0 1 1574 2553 1601 1573
7655 4 2 0 1 2100 1380 2099 2710
7656 4 2 0 1 603 1703 200 1739
7657 4 2 0 1 1568 2736 2185 2706
7658 4 2 0 1 1002 1868 1001 2082
7659 4 2 0 1 2082 1002 1867 1812
7660 4 2 0 1 1445 2262 2270 1460
7661 4 2 0 1 2091 2706 2183 2705
7662 4 2 0 1 1428 2087 1383 2703
7663 4 2 0 1 2160 1503 2163 1397
7664 4 2 0 1 816 2826 1369 1239
7665 4 2 0 1 816 1866 815 2826
7666 4 2 0 1 2593 1763 1879 1823
7667 4 2 0 1 608 2487 666 652
7668 4 2 0 1 2409 2378 1507 2158
7669 4 2 0 1 2401 2058 2406 2408
7670 4 2 0 1 2150 2164 2149 402
7671 4 2 0 1 2684 2821 2160 1535
7672 4 2 0 1 123 1582 122 2212
7673 4 2 0 1 2675 2052 2687 140
7674 4 2 0 1 409 1733 682 715
7675 4 2 0 1 193 2520 1664 210
7676 4 2 0 1 2052 139 2687 140
7677 4 2 0 1 2587 2365 182 1483
7678 4 2 0 1 899 2838 901 2020
7679 4 2 0 1 2286 1444 2795 2073
7680 4 2 0 1 2351 1475 2359 2073
7681 4 2 0 1 2255 2285 2513 2254
7682 4 2 0 1 2754 1416 2222 2579
7683 4 2 0 1 1548 151 2497 1549
7684 4 2 0 1 1676 2208 2578 2748
7685 4 2 0 1 1713 1370 1834 1715
7686 4 2 0 1 1479 2058 2213 1538
7687 4 2 0 1 1415 1726 1539 1537
7688 4 2 0 1 122 2403 125 595
7689 4 2 0 1 1705 1420 2202 2215
7690 4 2 0 1 133 1510 121 119
7691 4 2 0 1 2817 2593 1823 1763
7692 4 2 0 1 1420 1705 2202 1689
7693 4 2 0 1 1622 1621 2803 2361
7694 4 2 0 1 1839 1985 2629 1229
7695 4 2 0 1 2056 2218 2677 1756
7696 4 2 0 1 1980 1834 1370 1220
7697 4 2 0 1 488 651 1574 358
7698 4 2 0 1 2694 2695 2071 2270
7699 4 2 0 1 899 2838 2020 2588
7700 4 2 0 1 16 1556 445 1709
7701 4 2 0 1 1406 2087 2187 2109
7702 4 2 0 1 2159 1527 2316 1522
7703 4 2 0 1 2181 2684 2211 2162
7704 4 2 0 1 2235 2688 2254 2250
7705 4 2 0 1 858 1223 1906 1682
7706 4 2 0 1 1769 2137 2338 2601
7707 4 2 0 1 2738 2175 2122 1537
7708 4 2 0 1 1510 2430 2178 1509
7709 4 2 0 1 1713 1370 1715 1198
7710 4 2 0 1 2227 1433 1418 2112
7711 4 2 0 1 411 1465 2230 562
7712 4 2 0 1 1344 2145 2017 1630
7713 4 2 0 1 1980 1198 1241 1370
7714 4 2 0 1 2514 2220 2513 1567
7715 4 2 0 1 2509 2795 1443 2755
7716 4 2 0 1 2764 2301 2304 1956
7717 4 2 0 1 1839 2593 2629 1985
7718 4 2 0 1 2712 2422 1522 2448
7719 4 2 0 1 2283 2075 2282 1382
7720 4 2 0 1 899 2838 2588 904
7721 4 2 0 1 2046 2044 2292 2573
7722 4 2 0 1 1413 2203 2213 1538
7723 4 2 0 1 2232 2238 2328 2757
7724 4 2 0 1 899 2838 904 901
7725 4 2 0 1 1398 1383 2156 1397
7726 4 2 0 1 1387 2262 2071 2693
7727 4 2 0 1 2546 1462 2017 2039
7728 4 2 0 1 2838 2020 2588 1969
7729 4 2 0 1 2651 2819 1382 2652
7730 4 2 0 1 2624 2619 2533 2800
7731 4 2 0 1 2557 1500 1792 2415
7732 4 2 0 1 2263 2291 2761 2290
7733 4 2 0 1 2566 1633 2415 2318
7734 4 2 0 1 2762 1522 2787 1947
7735 4 2 0 1 3 746 4 2512
7736 4 2 0 1 1437 1957 1904 2256
7737 4 2 0 1 1564 1863 2656 1958
7738 4 2 0 1 2220 2226 2513 1567
7739 4 2 0 1 2422 1527 1522 2448
7740 4 2 0 1 2028 2004 1878 1890
7741 4 2 0 1 2546 2017 1462 1762
7742 4 2 0 1 2543 2690 1597 2819
7743 4 2 0 1 2068 2278 2650 2281
7744 4 2 0 1 1527 2316 1522 2448
7745 4 2 0 1 1812 1002 1005 1104
7746 4 2 0 1 2079 2698 2077 2294
7747 4 2 0 1 2068 2278 1431 2282
7748 4 2 0 1 1848 1984 2648 1804
7749 4 2 0 1 46 1629 47 618
7750 4 2 0 1 2599 2598 1766 1469
7751 4 2 0 1 1852 2650 1338 1252
7752 4 2 0 1 1980 1614 2314 1449
7753 4 2 0 1 2084 2802 2563 2561
7754 4 2 0 1 152 1548 151 153
7755 4 2 0 1 1099 1813 1816 1878
7756 4 2 0 1 1096 1822 1816 2007
7757 4 2 0 1 870 1255 1179 1926
7758 4 2 0 1 1989 59 1421 2234
7759 4 2 0 1 1149 1815 1148 868
7760 4 2 0 1 46 1629 618 1758
7761 4 2 0 1 2794 1691 2226 1417
7762 4 2 0 1 1475 1417 2224 2223
7763 4 2 0 1 1550 489 153 162
7764 4 2 0 1 1591 2537 2307 2538
7765 4 2 0 1 619 509 2540 510
7766 4 2 0 1 2748 511 637 428
7767 4 2 0 1 2428 2538 2539 1591
7768 4 2 0 1 2208 1676 1442 1419
7769 4 2 0 1 1728 2572 1727 220
7770 4 2 0 1 2343 855 2345 844
7771 4 2 0 1 2265 2089 1787 2272
7772 4 2 0 1 2310 2309 2313 1454
7773 4 2 0 1 2345 855 2343 1963
7774 4 2 0 1 2152 2154 2158 2156
7775 4 2 0 1 1555 1452 1448 1556
7776 4 2 0 1 1980 18 268 629
7777 4 2 0 1 170 1611 548 679
7778 4 2 0 1 487 266 536 1558
7779 4 2 0 1 1380 2353 2096 2682
7780 4 2 0 1 2590 2710 2708 2099
7781 4 2 0 1 1014 1039 1038 1951
7782 4 2 0 1 1527 2725 2151 2419
7783 4 2 0 1 170 548 1611 655
7784 4 2 0 1 842 2040 1275 1108
7785 4 2 0 1 2336 2632 2325 2658
7786 4 2 0 1 1228 1872 1873 1849
7787 4 2 0 1 174 1665 175 1441
7788 4 2 0 1 1924 1634 2631 2324
7789 4 2 0 1 1553 1712 2274 2069
7790 4 2 0 1 1553 2274 1712 2311
7791 4 2 0 1 2290 1393 2608 2137
7792 4 2 0 1 1924 1634 2324 1827
7793 4 2 0 1 1827 1791 1838 1912
7794 4 2 0 1 1453 2274 1712 2069
7795 4 2 0 1 1453 1712 2274 2311
7796 4 2 0 1 1922 1767 2332 2333
7797 4 2 0 1 1441 560 1676 175
7798 4 2 0 1 1196 1915 1313 2010
7799 4 2 0 1 2601 2808 2606 2609
7800 4 2 0 1 1793 1975 1887 1157
7801 4 2 0 1 2335 1501 2769 2780
7802 4 2 0 1 1468 1994 2328 2767
7803 4 2 0 1 2639 2298 2644 1818
7804 4 2 0 1 2076 2611 2614 2085
7805 4 2 0 1 561 429 2748 637
7806 4 2 0 1 334 572 2832 338
7807 4 2 0 1 1441 560 175 173
7808 4 2 0 1 2491 2489 2490 1730
7809 4 2 0 1 1679 2692 1697 1443
7810 4 2 0 1 609 550 479 2348
7811 4 2 0 1 2512 1681 1435 1682
7812 4 2 0 1 1690 1705 2365 1689
7813 4 2 0 1 700 1572 186 314
7814 4 2 0 1 1707 638 1690 1706
7815 4 2 0 1 1802 1826 1831 1844
7816 4 2 0 1 1196 1313 1915 1061
7817 4 2 0 1 1945 1524 2447 1946
7818 4 2 0 1 1313 1915 1061 1326
7819 4 2 0 1 2587 181 2586 2363
7820 4 2 0 1 581 2527 1593 515
7821 4 2 0 1 2362 2208 1483 2773
7822 4 2 0 1 2783 2427 2739 2750
7823 4 2 0 1 2365 2587 1420 1483
7824 4 2 0 1 1821 1914 1844 1831
7825 4 2 0 1 2363 1728 2586 2201
7826 4 2 0 1 1645 1698 2752 1419
7827 4 2 0 1 185 187 202 1685
7828 4 2 0 1 185 1698 202 602
7829 4 2 0 1 341 454 1619 710
7830 4 2 0 1 2056 2218 2359 2351
7831 4 2 0 1 2581 1677 340 2673
7832 4 2 0 1 2458 2425 2397 2382
7833 4 2 0 1 2225 2226 1417 2794
7834 4 2 0 1 2389 2522 2394 1491
7835 4 2 0 1 581 2527 515 514
7836 4 2 0 1 2740 2155 2712 1410
7837 4 2 0 1 2363 1728 2201 2575
7838 4 2 0 1 1752 207 677 206
7839 4 2 0 1 327 2832 331 582
7840 4 2 0 1 2369 2370 2522 2366
7841 4 2 0 1 2025 1244 1335 1067
7842 4 2 0 1 379 2368 97 1580
7843 4 2 0 1 1743 2553 2552 2097
7844 4 2 0 1 1626 2183 1405 1631
7845 4 2 0 1 2102 685 1980 1449
7846 4 2 0 1 2342 1521 2770 2459
7847 4 2 0 1 2128 1383 2148 2090
7848 4 2 0 1 2832 327 1600 582
7849 4 2 0 1 2737 2459 2168 2170
7850 4 2 0 1 1978 2041 1781 1974
7851 4 2 0 1 2816 1589 2532 2814
7852 4 2 0 1 339 2832 1585 1618
7853 4 2 0 1 2447 2810 1945 2770
7854 4 2 0 1 2119 2183 2705 2091
7855 4 2 0 1 2721 2192 2101 2115
7856 4 2 0 1 2447 2810 2770 1521
7857 4 2 0 1 2776 2422 2389 2448
7858 4 2 0 1 2093 1457 2272 1428
7859 4 2 0 1 854 2447 2788 1946
7860 4 2 0 1 2736 1641 2167 2170
7861 4 2 0 1 448 431 2537 1591
7862 4 2 0 1 2406 2709 1507 2408
7863 4 2 0 1 2591 2103 2721 2708
7864 4 2 0 1 2525 2060 2687 2505
7865 4 2 0 1 1751 207 1752 206
7866 4 2 0 1 1485 107 2374 108
7867 4 2 0 1 1846 1966 1967 1902
7868 4 2 0 1 1426 1387 2231 2257
7869 4 2 0 1 2290 1393 2137 1632
7870 4 2 0 1 2410 2186 2189 1626
7871 4 2 0 1 1524 2618 2619 2812
7872 4 2 0 1 2260 1632 2257 2263
7873 4 2 0 1 2787 2316 2448 1522
7874 4 2 0 1 2269 2271 2563 2760
7875 4 2 0 1 1454 1398 2356 2153
7876 4 2 0 1 2409 2313 2806 1458
7877 4 2 0 1 2128 1400 2705 2090
7878 4 2 0 1 2424 1568 1391 2171
7879 4 2 0 1 1751 207 206 205
7880 4 2 0 1 2207 2210 2579 2205
7881 4 2 0 1 448 2537 431 265
7882 4 2 0 1 2784 2038 1516 2435
7883 4 2 0 1 2557 1589 1518 2556
7884 4 2 0 1 2637 2438 2636 2440
7885 4 2 0 1 2534 2033 1972 2009
7886 4 2 0 1 2625 1589 2556 2533
7887 4 2 0 1 1587 206 205 1751
7888 4 2 0 1 1914 1821 1844 1784
7889 4 2 0 1 2661 1883 1120 1873
7890 4 2 0 1 1832 1966 1348 758
7891 4 2 0 1 2662 2444 2321 1995
7892 4 2 0 1 722 1726 272 477
7893 4 2 0 1 1760 426 422 328
7894 4 2 0 1 1826 793 1831 1844
7895 4 2 0 1 1760 488 1573 1576
7896 4 2 0 1 1797 1935 933 2019
7897 4 2 0 1 1532 1927 1929 2665
7898 4 2 0 1 777 2661 808 1120
7899 4 2 0 1 2038 1674 2665 2814
7900 4 2 0 1 1797 933 1935 931
7901 4 2 0 1 793 792 1831 1844
7902 4 2 0 1 2370 2394 2390 1580
7903 4 2 0 1 1914 792 1844 1831
7904 4 2 0 1 596 350 358 1574
7905 4 2 0 1 1789 2315 2453 2762
7906 4 2 0 1 2083 1772 2595 2809
7907 4 2 0 1 2736 2410 1641 2424
7908 4 2 0 1 1795 2550 2627 1608
7909 4 2 0 1 2547 1732 2548 2818
7910 4 2 0 1 1013 1012 1885 1014
7911 4 2 0 1 118 2429 119 120
7912 4 2 0 1 2781 2043 1963 2418
7913 4 2 0 1 82 2531 617 518
7914 4 2 0 1 117 2429 1510 119
7915 4 2 0 1 1581 1571 1487 2381
7916 4 2 0 1 1520 2446 1515 1650
7917 4 2 0 1 792 1914 1844 1784
7918 4 2 0 1 2421 2371 1508 2718
7919 4 2 0 1 1568 2185 1391 2568
7920 4 2 0 1 2118 2482 1590 2719
7921 4 2 0 1 2098 2406 2504 2099
7922 4 2 0 1 1853 2462 2648 1852
7923 4 2 0 1 629 2101 268 1386
7924 4 2 0 1 1010 1358 1854 1855
7925 4 2 0 1 2068 2280 2279 2796
7926 4 2 0 1 979 1125 1984 1660
7927 4 2 0 1 7 1658 1304 8
7928 4 2 0 1 1248 1945 2447 1946
7929 4 2 0 1 58 1421 1987 1989
7930 4 2 0 1 2714 1450 2153 2311
7931 4 2 0 1 235 1571 1699 639
7932 4 2 0 1 1944 1994 2030 2016
7933 4 2 0 1 2255 2509 2285 2254
7934 4 2 0 1 2820 2819 2652 2761
7935 4 2 0 1 227 1588 501 66
7936 4 2 0 1 1602 1700 2782 2542
7937 4 2 0 1 1528 525 1595 524
7938 4 2 0 1 26 1692 2782 65
7939 4 2 0 1 1014 1951 1038 1885
7940 4 2 0 1 1846 1341 1673 737
7941 4 2 0 1 1587 206 1751 1578
7942 4 2 0 1 1673 1341 1846 1675
7943 4 2 0 1 1762 592 1394 1668
7944 4 2 0 1 1770 2594 2670 1978
7945 4 2 0 1 309 1647 2569 241
7946 4 2 0 1 469 468 1599 470
7947 4 2 0 1 2218 1475 2200 2753
7948 4 2 0 1 265 2537 431 272
7949 4 2 0 1 1707 480 1691 713
7950 4 2 0 1 2753 2221 2202 2754
7951 4 2 0 1 1726 431 272 477
7952 4 2 0 1 2744 133 1509 121
7953 4 2 0 1 2404 1584 2406 2526
7954 4 2 0 1 1592 431 257 578
7955 4 2 0 1 2545 1605 2121 1646
7956 4 2 0 1 2832 333 331 334
7957 4 2 0 1 1761 1762 1394 1668
7958 4 2 0 1 2716 1459 2121 2326
7959 4 2 0 1 2194 2471 2470 2197
7960 4 2 0 1 2117 1550 2114 1549
7961 4 2 0 1 1708 377 423 421
7962 4 2 0 1 2102 1386 2592 2806
7963 4 2 0 1 351 2581 1677 340
7964 4 2 0 1 1924 1800 2559 1636
7965 4 2 0 1 2436 1832 2671 1212
7966 4 2 0 1 2765 2322 2559 1636
7967 4 2 0 1 1849 1883 1295 1161
7968 4 2 0 1 2172 2568 1391 2143
7969 4 2 0 1 2323 2813 2321 1464
7970 4 2 0 1 1093 2662 1995 1897
7971 4 2 0 1 2322 2319 2321 2320
7972 4 2 0 1 2064 2683 2099 2096
7973 4 2 0 1 172 2305 171 123
7974 4 2 0 1 1665 177 2578 178
7975 4 2 0 1 1665 2537 2575 1666
7976 4 2 0 1 1141 1877 1162 2628
7977 4 2 0 1 1285 2048 1355 805
7978 4 2 0 1 2838 1969 2828 901
7979 4 2 0 1 1222 2668 1027 1985
7980 4 2 0 1 625 2832 342 1600
7981 4 2 0 1 2584 2638 2612 2585
7982 4 2 0 1 1980 2806 2312 1386
7983 4 2 0 1 1497 2313 1454 2061
7984 4 2 0 1 2107 1980 1386 629
7985 4 2 0 1 2832 333 1585 331
7986 4 2 0 1 2789 2523 2777 2474
7987 4 2 0 1 1646 1656 2570 2122
7988 4 2 0 1 2197 2479 2481 2478
7989 4 2 0 1 2496 2485 2722 1733
7990 4 2 0 1 1570 229 1650 228
7991 4 2 0 1 792 793 1831 791
7992 4 2 0 1 1997 1280 2468 1010
7993 4 2 0 1 2570 1671 1656 1661
7994 4 2 0 1 1656 388 250 251
7995 4 2 0 1 2565 1778 2647 2567
7996 4 2 0 1 1259 2599 2015 1907
7997 4 2 0 1 1992 1826 1831 1764
7998 4 2 0 1 1280 2468 2518 1997
7999 4 2 0 1 2828 1969 2838 913
8000 4 2 0 1 247 249 248 1661
8001 4 2 0 1 1922 2763 2300 2332
8002 4 2 0 1 1973 995 1217 1968
8003 4 2 0 1 410 2545 260 261
8004 4 2 0 1 2452 2728 1779 2140
8005 4 2 0 1 1838 1836 2647 2558
8006 4 2 0 1 2173 2171 1746 1504
8007 4 2 0 1 1854 2468 1280 1010
8008 4 2 0 1 1911 2558 1836 1791
8009 4 2 0 1 1807 771 1318 2037
8010 4 2 0 1 1912 1634 1838 1827
8011 4 2 0 1 1870 786 785 1888
8012 4 2 0 1 1259 1907 1203 1073
8013 4 2 0 1 2436 1519 1516 2439
8014 4 2 0 1 410 1605 2545 261
8015 4 2 0 1 1605 1656 1646 2545
8016 4 2 0 1 1605 1656 2545 261
8017 4 2 0 1 554 2830 702 400
8018 4 2 0 1 57 370 369 2047
8019 4 2 0 1 2245 2145 2337 2731
8020 4 2 0 1 2002 2584 1796 1782
8021 4 2 0 1 2297 1439 2604 2300
8022 4 2 0 1 2007 1200 1097 1095
8023 4 2 0 1 1769 2608 2602 2696
8024 4 2 0 1 2048 1378 1355 805
8025 4 2 0 1 2081 2083 2809 1772
8026 4 2 0 1 1771 2669 2041 2670
8027 4 2 0 1 880 1830 1864 1878
8028 4 2 0 1 1345 2517 1017 2518
8029 4 2 0 1 1358 1852 1854 1855
8030 4 2 0 1 2001 1191 1163 1824
8031 4 2 0 1 2612 1774 2670 2611
8032 4 2 0 1 2601 2609 2606 2604
8033 4 2 0 1 2297 2601 2602 1769
8034 4 2 0 1 2469 1607 2466 2818
8035 4 2 0 1 2596 1774 2595 2670
8036 4 2 0 1 2031 1824 1796 1163
8037 4 2 0 1 2629 805 803 1378
8038 4 2 0 1 1158 1950 1795 1997
8039 4 2 0 1 180 2537 272 1727
8040 4 2 0 1 1281 1046 1660 1658
8041 4 2 0 1 883 881 910 1829
8042 4 2 0 1 1854 1280 2468 2462
8043 4 2 0 1 1714 2072 1860 1447
8044 4 2 0 1 1223 2018 3 2
8045 4 2 0 1 1421 57 1987 2047
8046 4 2 0 1 2255 1596 1436 2513
8047 4 2 0 1 1921 1891 866 1895
8048 4 2 0 1 1375 1468 2016 1987
8049 4 2 0 1 265 2537 272 180
8050 4 2 0 1 1990 2663 1077 1989
8051 4 2 0 1 1223 2 747 1906
8052 4 2 0 1 702 2830 554 1729
8053 4 2 0 1 1302 1903 1894 859
8054 4 2 0 1 2236 2259 2247 2258
8055 4 2 0 1 2512 1436 2254 2255
8056 4 2 0 1 2251 1436 2235 1596
8057 4 2 0 1 1165 788 2807 791
8058 4 2 0 1 2233 1988 1987 2251
8059 4 2 0 1 2252 2259 2258 2247
8060 4 2 0 1 1382 2083 1711 2597
8061 4 2 0 1 2280 2068 2282 2650
8062 4 2 0 1 2514 2233 1433 2571
8063 4 2 0 1 2736 2166 2165 2170
8064 4 2 0 1 2217 2216 2679 1478
8065 4 2 0 1 445 1734 1556 624
8066 4 2 0 1 1757 1755 1613 455
8067 4 2 0 1 1565 1737 2062 1601
8068 4 2 0 1 1760 488 691 1573
8069 4 2 0 1 1734 1452 1565 2055
8070 4 2 0 1 1582 122 2212 2403
8071 4 2 0 1 2783 2538 2739 2427
8072 4 2 0 1 678 180 272 1727
8073 4 2 0 1 123 1582 2212 2305
8074 4 2 0 1 2749 2745 1478 1442
8075 4 2 0 1 2354 2803 1493 2580
8076 4 2 0 1 2056 2678 1452 2351
8077 4 2 0 1 2352 2218 2210 1479
8078 4 2 0 1 1604 440 283 285
8079 4 2 0 1 1165 2807 788 1809
8080 4 2 0 1 1461 2109 2134 2120
8081 4 2 0 1 2238 1754 2328 2767
8082 4 2 0 1 2265 2715 2264 2271
8083 4 2 0 1 1450 1721 1712 1553
8084 4 2 0 1 2539 1415 1404 2541
8085 4 2 0 1 1482 1460 2747 2112
8086 4 2 0 1 256 260 2175 261
8087 4 2 0 1 2137 2808 2605 1777
8088 4 2 0 1 2703 2135 2124 1383
8089 4 2 0 1 286 287 1729 285
8090 4 2 0 1 1064 1854 1280 1358
8091 4 2 0 1 2787 2737 1521 2448
8092 4 2 0 1 1527 2422 2776 2448
8093 4 2 0 1 1450 2311 1712 2309
8094 4 2 0 1 147 146 2097 2552
8095 4 2 0 1 2464 2467 2516 1569
8096 4 2 0 1 2126 2129 2132 2131
8097 4 2 0 1 1535 2685 2059 2408
8098 4 2 0 1 1486 2404 2380 1507
8099 4 2 0 1 1545 2527 2405 514
8100 4 2 0 1 1010 1358 1280 1854
8101 4 2 0 1 1790 1948 1949 1958
8102 4 2 0 1 2715 2265 2714 1428
8103 4 2 0 1 2396 1491 2395 2389
8104 4 2 0 1 1248 1945 1946 1089
8105 4 2 0 1 1863 1957 1862 1958
8106 4 2 0 1 2420 2155 2154 2712
8107 4 2 0 1 106 137 108 1485
8108 4 2 0 1 122 120 2403 595
8109 4 2 0 1 1400 2736 2706 2186
8110 4 2 0 1 1581 589 526 380
8111 4 2 0 1 2385 2383 2381 2476
8112 4 2 0 1 2797 2129 2724 2726
8113 4 2 0 1 1454 2152 2153 2157
8114 4 2 0 1 1581 526 589 2383
8115 4 2 0 1 2432 1559 1511 2433
8116 4 2 0 1 251 249 1671 252
8117 4 2 0 1 1581 2476 2383 1541
8118 4 2 0 1 1792 2415 1500 2318
8119 4 2 0 1 2165 2151 2726 1489
8120 4 2 0 1 2153 2309 2157 1456
8121 4 2 0 1 1644 74 618 698
8122 4 2 0 1 2154 2157 2158 1458
8123 4 2 0 1 2169 1490 2388 2726
8124 4 2 0 1 619 573 2540 258
8125 4 2 0 1 702 2830 642 400
8126 4 2 0 1 1828 1269 1047 1825
8127 4 2 0 1 1666 2537 2575 2576
8128 4 2 0 1 1441 560 173 378
8129 4 2 0 1 623 432 1539 307
8130 4 2 0 1 350 1575 340 1620
8131 4 2 0 1 2218 2215 2753 1414
8132 4 2 0 1 1612 2797 2129 2149
8133 4 2 0 1 2525 2686 2214 2213
8134 4 2 0 1 185 1483 184 2364
8135 4 2 0 1 2218 1414 2200 2216
8136 4 2 0 1 188 727 700 1572
8137 4 2 0 1 1474 2493 2347 1547
8138 4 2 0 1 642 2830 702 1729
8139 4 2 0 1 2066 2509 2582 2254
8140 4 2 0 1 1567 204 2586 1691
8141 4 2 0 1 1665 174 646 2307
8142 4 2 0 1 642 2830 385 400
8143 4 2 0 1 1685 373 1684 436
8144 4 2 0 1 297 1578 294 292
8145 4 2 0 1 1578 293 294 292
8146 4 2 0 1 1653 672 2327 2572
8147 4 2 0 1 172 174 1441 2307
8148 4 2 0 1 2122 1459 1392 2120
8149 4 2 0 1 385 2830 642 1729
8150 4 2 0 1 2788 1173 2455 2447
8151 4 2 0 1 2140 2624 1792 2565
8152 4 2 0 1 2213 1494 2060 2525
8153 4 2 0 1 1819 1145 2770 2447
8154 4 2 0 1 1947 1250 750 1249
8155 4 2 0 1 915 2831 2588 913
8156 4 2 0 1 2046 2573 1948 2583
8157 4 2 0 1 1654 243 2131 242
8158 4 2 0 1 2588 915 913 916
8159 4 2 0 1 1476 2357 2358 2350
8160 4 2 0 1 2491 2489 2350 2772
8161 4 2 0 1 2526 1494 2505 2406
8162 4 2 0 1 2356 2058 1538 2685
8163 4 2 0 1 1564 1863 1958 1957
8164 4 2 0 1 2221 2210 2579 2754
8165 4 2 0 1 2537 1726 1727 2576
8166 4 2 0 1 2426 2744 1509 2427
8167 4 2 0 1 2152 2159 2154 2156
8168 4 2 0 1 2392 1560 1667 2390
8169 4 2 0 1 2176 2733 2433 2161
8170 4 2 0 1 1312 2029 1266 736
8171 4 2 0 1 1312 1266 2029 1070
8172 4 2 0 1 2421 1484 2419 2155
8173 4 2 0 1 2449 2448 2788 2389
8174 4 2 0 1 1863 1435 1904 2249
8175 4 2 0 1 1228 1910 1120 1873
8176 4 2 0 1 1564 2293 2699 2294
8177 4 2 0 1 2046 1094 1659 2583
8178 4 2 0 1 1443 1679 1730 1697
8179 4 2 0 1 8 2836 943 9
8180 4 2 0 1 1425 2688 2249 2254
8181 4 2 0 1 1530 1678 2292 1680
8182 4 2 0 1 2574 1681 2292 2573
8183 4 2 0 1 1435 2574 1681 2582
8184 4 2 0 1 2582 2509 2292 2512
8185 4 2 0 1 1911 1930 1912 1827
8186 4 2 0 1 2325 1464 2765 2813
8187 4 2 0 1 164 1543 443 512
8188 4 2 0 1 944 1835 778 776
8189 4 2 0 1 2320 2445 2323 1517
8190 4 2 0 1 164 1543 512 489
8191 4 2 0 1 1822 806 1981 1095
8192 4 2 0 1 2177 2428 1509 1407
8193 4 2 0 1 2092 2702 1398 2088
8194 4 2 0 1 515 720 1593 308
8195 4 2 0 1 1822 806 1095 802
8196 4 2 0 1 635 264 1590 263
8197 4 2 0 1 362 2840 496 502
8198 4 2 0 1 2145 2245 1915 2010
8199 4 2 0 1 1538 2701 2747 2352
8200 4 2 0 1 471 467 2569 615
8201 4 2 0 1 1700 1624 2456 2542
8202 4 2 0 1 1883 1849 1295 1873
8203 4 2 0 1 1041 1846 1966 1208
8204 4 2 0 1 1472 2343 1673 1902
8205 4 2 0 1 1973 1063 988 1066
8206 4 2 0 1 2840 496 8 7
8207 4 2 0 1 2658 816 1267 1820
8208 4 2 0 1 1037 1825 1330 1219
8209 4 2 0 1 1201 816 1820 1267
8210 4 2 0 1 1922 1975 1887 2657
8211 4 2 0 1 1125 1984 1342 895
8212 4 2 0 1 2685 2058 1538 2059
8213 4 2 0 1 722 678 272 1727
8214 4 2 0 1 1228 1120 1295 1873
8215 4 2 0 1 2491 694 1657 2490
8216 4 2 0 1 1281 1660 978 943
8217 4 2 0 1 2203 1479 2213 1538
8218 4 2 0 1 1900 1234 1263 1080
8219 4 2 0 1 832 1883 1882 835
8220 4 2 0 1 2840 496 7 1657
8221 4 2 0 1 8 2840 2836 78
8222 4 2 0 1 2840 2491 657 502
8223 4 2 0 1 1852 2649 2650 1175
8224 4 2 0 1 746 4 2512 1680
8225 4 2 0 1 1346 2046 1227 1053
8226 4 2 0 1 455 454 1613 360
8227 4 2 0 1 60 550 1678 479
8228 4 2 0 1 1036 1329 1104 1715
8229 4 2 0 1 2624 1779 2730 2140
8230 4 2 0 1 2762 1522 1947 1456
8231 4 2 0 1 339 2832 338 335
8232 4 2 0 1 1739 575 576 2829
8233 4 2 0 1 1259 2015 820 1203
8234 4 2 0 1 925 1279 1797 929
8235 4 2 0 1 1039 1171 1245 1951
8236 4 2 0 1 2086 1702 2081 2076
8237 4 2 0 1 85 2837 1703 707
8238 4 2 0 1 102 104 412 2367
8239 4 2 0 1 832 1883 835 1206
8240 4 2 0 1 2518 2516 2467 1569
8241 4 2 0 1 1437 2004 2028 1890
8242 4 2 0 1 1551 1603 1704 1604
8243 4 2 0 1 1459 2179 1392 2134
8244 4 2 0 1 1002 1868 2082 1867
8245 4 2 0 1 1570 231 591 235
8246 4 2 0 1 1139 1799 815 1192
8247 4 2 0 1 239 1648 1612 237
8248 4 2 0 1 559 2164 2131 367
8249 4 2 0 1 1526 2425 2388 2423
8250 4 2 0 1 1761 1462 1646 1405
8251 4 2 0 1 1613 454 1566 360
8252 4 2 0 1 1395 1996 2146 1629
8253 4 2 0 1 356 341 360 1566
8254 4 2 0 1 2237 2113 2232 2231
8255 4 2 0 1 1668 647 382 632
8256 4 2 0 1 79 275 2017 1762
8257 4 2 0 1 1139 815 1799 812
8258 4 2 0 1 2417 2416 83 1502
8259 4 2 0 1 1126 949 39 1638
8260 4 2 0 1 1703 1962 2417 2542
8261 4 2 0 1 1964 1960 1963 2781
8262 4 2 0 1 1448 2310 2309 1449
8263 4 2 0 1 1737 1557 391 624
8264 4 2 0 1 337 2360 569 455
8265 4 2 0 1 2052 2050 1379 2051
8266 4 2 0 1 1684 1645 2752 1561
8267 4 2 0 1 293 1578 290 292
8268 4 2 0 1 341 454 360 1566
8269 4 2 0 1 23 854 1173 2450
8270 4 2 0 1 1260 1031 1832 1364
8271 4 2 0 1 1260 1832 1031 1966
8272 4 2 0 1 1923 1184 994 1334
8273 4 2 0 1 23 2457 1529 1701
8274 4 2 0 1 1616 1664 1693 2792
8275 4 2 0 1 1557 1613 1566 360
8276 4 2 0 1 1692 537 538 622
8277 4 2 0 1 2643 1919 2298 1818
8278 4 2 0 1 2737 1527 2776 2448
8279 4 2 0 1 2368 2366 2523 2390
8280 4 2 0 1 1612 2797 2149 2798
8281 4 2 0 1 137 2384 2373 1485
8282 4 2 0 1 1485 649 389 106
8283 4 2 0 1 356 1557 1566 360
8284 4 2 0 1 1957 2004 1890 1864
8285 4 2 0 1 2004 1957 1890 1437
8286 4 2 0 1 1923 994 1184 1933
8287 4 2 0 1 1561 128 129 1495
8288 4 2 0 1 115 134 2431 684
8289 4 2 0 1 2050 517 1750 598
8290 4 2 0 1 1571 639 712 381
8291 4 2 0 1 2380 608 406 1545
8292 4 2 0 1 2644 2333 2332 2639
8293 4 2 0 1 1529 2450 22 23
8294 4 2 0 1 2450 2790 22 21
8295 4 2 0 1 574 62 1502 693
8296 4 2 0 1 632 276 382 1668
8297 4 2 0 1 485 2367 135 412
8298 4 2 0 1 2400 2050 2687 2681
8299 4 2 0 1 2053 2674 2552 2054
8300 4 2 0 1 2723 2117 147 2097
8301 4 2 0 1 515 2527 1593 2526
8302 4 2 0 1 2050 2354 2681 1493
8303 4 2 0 1 143 141 1379 2052
8304 4 2 0 1 350 341 1566 1620
8305 4 2 0 1 1817 1437 1956 2028
8306 4 2 0 1 1654 368 2432 437
8307 4 2 0 1 2432 1511 437 490
8308 4 2 0 1 1817 1437 2028 1890
8309 4 2 0 1 161 205 158 1587
8310 4 2 0 1 165 1704 1551 159
8311 4 2 0 1 506 405 1742 505
8312 4 2 0 1 1751 386 1704 1729
8313 4 2 0 1 1875 1898 1899 2660
8314 4 2 0 1 1875 1898 2660 1718
8315 4 2 0 1 2305 173 171 378
8316 4 2 0 1 1698 2362 2752 1419
8317 4 2 0 1 1562 561 378 601
8318 4 2 0 1 268 2101 466 505
8319 4 2 0 1 511 2578 179 1483
8320 4 2 0 1 373 1645 1684 587
8321 4 2 0 1 1742 506 505 613
8322 4 2 0 1 520 570 1547 569
8323 4 2 0 1 370 67 472 1421
8324 4 2 0 1 511 179 2578 177
8325 4 2 0 1 1587 205 158 627
8326 4 2 0 1 689 627 384 1704
8327 4 2 0 1 1935 2019 1245 933
8328 4 2 0 1 574 1502 62 2418
8329 4 2 0 1 140 2506 1558 2504
8330 4 2 0 1 2506 140 487 141
8331 4 2 0 1 1277 2833 1101 1797
8332 4 2 0 1 25 2457 24 742
8333 4 2 0 1 1120 777 1910 774
8334 4 2 0 1 269 234 2798 233
8335 4 2 0 1 1521 2776 2382 2775
8336 4 2 0 1 823 768 2825 822
8337 4 2 0 1 2642 2643 2298 1818
8338 4 2 0 1 1440 2633 1803 1920
8339 4 2 0 1 452 639 712 1571
8340 4 2 0 1 540 1625 415 714
8341 4 2 0 1 1654 243 242 244
8342 4 2 0 1 2535 2532 2814 2816
8343 4 2 0 1 1617 667 1672 1625
8344 4 2 0 1 1647 239 1648 1746
8345 4 2 0 1 2734 2092 2684 2160
8346 4 2 0 1 245 243 1654 244
8347 4 2 0 1 1943 1440 1920 2633
8348 4 2 0 1 1654 368 612 244
8349 4 2 0 1 2541 2508 1403 1404
8350 4 2 0 1 2540 254 2541 1671
8351 4 2 0 1 1654 1559 1662 1661
8352 4 2 0 1 2428 2177 1509 2178
8353 4 2 0 1 1656 1403 2541 1671
8354 4 2 0 1 1511 1559 2178 2433
8355 4 2 0 1 1403 2508 2176 1404
8356 4 2 0 1 1954 1956 1439 1920
8357 4 2 0 1 1605 2766 2230 2121
8358 4 2 0 1 2427 2182 2739 2750
8359 4 2 0 1 1954 1921 1956 1920
8360 4 2 0 1 2555 1912 2558 1929
8361 4 2 0 1 524 1595 274 525
8362 4 2 0 1 471 1717 61 44
8363 4 2 0 1 2511 481 2226 580
8364 4 2 0 1 249 251 1671 1661
8365 4 2 0 1 2539 1591 2538 2576
8366 4 2 0 1 636 2426 510 1591
8367 4 2 0 1 194 1676 560 175
8368 4 2 0 1 2307 2427 2744 2426
8369 4 2 0 1 2537 2307 646 448
8370 4 2 0 1 174 1665 646 176
8371 4 2 0 1 1909 1911 1929 1927
8372 4 2 0 1 2195 280 279 2743
8373 4 2 0 1 271 174 2307 646
8374 4 2 0 1 271 2307 448 646
8375 4 2 0 1 542 606 1750 459
8376 4 2 0 1 2511 481 580 76
8377 4 2 0 1 2038 1518 2665 1929
8378 4 2 0 1 2052 2053 2552 2054
8379 4 2 0 1 689 166 627 1704
8380 4 2 0 1 1760 426 328 488
8381 4 2 0 1 1729 475 702 642
8382 4 2 0 1 2835 1604 1611 170
8383 4 2 0 1 2570 2123 2125 1662
8384 4 2 0 1 2498 2529 290 1587
8385 4 2 0 1 282 280 2472 281
8386 4 2 0 1 159 166 1704 627
8387 4 2 0 1 115 113 684 2735
8388 4 2 0 1 115 684 2431 2735
8389 4 2 0 1 133 1510 119 643
8390 4 2 0 1 2483 1486 2377 2484
8391 4 2 0 1 2130 2126 2132 2128
8392 4 2 0 1 2485 304 536 1558
8393 4 2 0 1 1767 2331 2332 1467
8394 4 2 0 1 1572 1749 2771 314
8395 4 2 0 1 943 2836 8 1658
8396 4 2 0 1 1835 2558 1929 2665
8397 4 2 0 1 2226 2255 2510 2225
8398 4 2 0 1 2349 315 317 363
8399 4 2 0 1 80 2511 580 76
8400 4 2 0 1 1573 651 1574 488
8401 4 2 0 1 726 403 504 1752
8402 4 2 0 1 1745 1477 2679 1669
8403 4 2 0 1 480 2226 481 580
8404 4 2 0 1 2702 1538 2747 2746
8405 4 2 0 1 609 2510 2348 2490
8406 4 2 0 1 2347 520 1697 1730
8407 4 2 0 1 1735 1757 2554 1613
8408 4 2 0 1 2498 290 584 302
8409 4 2 0 1 1835 1911 1929 2558
8410 4 2 0 1 2511 80 557 76
8411 4 2 0 1 1677 355 1750 433
8412 4 2 0 1 2830 1729 296 554
8413 4 2 0 1 1927 1835 1929 2665
8414 4 2 0 1 2243 2758 1998 2639
8415 4 2 0 1 522 2766 492 2546
8416 4 2 0 1 2766 522 492 658
8417 4 2 0 1 1757 568 569 455
8418 4 2 0 1 73 445 1556 624
8419 4 2 0 1 716 1738 1720 1722
8420 4 2 0 1 579 464 336 1585
8421 4 2 0 1 2702 2701 2747 1538
8422 4 2 0 1 1446 1735 1722 1757
8423 4 2 0 1 1944 1994 2016 752
8424 4 2 0 1 1911 1835 1929 1927
8425 4 2 0 1 2232 1422 2236 2328
8426 4 2 0 1 541 2234 2235 1596
8427 4 2 0 1 995 992 1937 985
8428 4 2 0 1 995 1615 1937 992
8429 4 2 0 1 992 2620 1937 985
8430 4 2 0 1 1485 649 106 137
8431 4 2 0 1 581 2527 514 2405
8432 4 2 0 1 943 2836 1359 9
8433 4 2 0 1 380 1581 589 712
8434 4 2 0 1 581 2527 2405 1593
8435 4 2 0 1 1615 2620 1937 992
8436 4 2 0 1 608 1545 668 406
8437 4 2 0 1 1649 491 77 616
8438 4 2 0 1 310 2792 719 525
8439 4 2 0 1 1827 1911 778 1836
8440 4 2 0 1 2792 1670 525 556
8441 4 2 0 1 1670 2792 525 1595
8442 4 2 0 1 2379 1584 1558 2504
8443 4 2 0 1 1681 2574 1948 2573
8444 4 2 0 1 2500 2460 1534 1569
8445 4 2 0 1 205 1751 384 627
8446 4 2 0 1 377 599 1677 543
8447 4 2 0 1 2138 2298 2642 2299
8448 4 2 0 1 1830 1949 1958 1790
8449 4 2 0 1 2577 2753 2202 2773
8450 4 2 0 1 337 570 1547 2350
8451 4 2 0 1 1706 363 2490 2510
8452 4 2 0 1 1639 301 1653 2572
8453 4 2 0 1 1424 2251 1989 1987
8454 4 2 0 1 1707 638 1706 430
8455 4 2 0 1 2349 317 2772 2490
8456 4 2 0 1 178 179 2578 2363
8457 4 2 0 1 424 2771 2349 189
8458 4 2 0 1 1359 2836 943 1658
8459 4 2 0 1 1487 499 648 1740
8460 4 2 0 1 1726 722 272 1727
8461 4 2 0 1 1685 373 436 203
8462 4 2 0 1 640 1750 606 1684
8463 4 2 0 1 1790 1948 1958 2279
8464 4 2 0 1 403 447 1752 387
8465 4 2 0 1 1359 2836 10 9
8466 4 2 0 1 671 399 1752 677
8467 4 2 0 1 1404 2747 2746 2136
8468 4 2 0 1 10 2836 1359 1658
8469 4 2 0 1 287 704 296 1729
8470 4 2 0 1 669 255 259 1537
8471 4 2 0 1 450 1749 1748 1572
8472 4 2 0 1 170 476 1729 725
8473 4 2 0 1 450 1749 1572 314
8474 4 2 0 1 662 1562 1561 601
8475 4 2 0 1 2650 1714 13 2072
8476 4 2 0 1 321 319 1748 354
8477 4 2 0 1 2142 1599 1758 2569
8478 4 2 0 1 2171 1568 2568 1746
8479 4 2 0 1 2573 2279 1948 2583
8480 4 2 0 1 469 592 611 1394
8481 4 2 0 1 30 2416 31 593
8482 4 2 0 1 1600 2822 1748 1725
8483 4 2 0 1 2012 2246 2663 1990
8484 4 2 0 1 1724 1749 1572 1748
8485 4 2 0 1 2250 2759 2251 2689
8486 4 2 0 1 319 316 1748 450
8487 4 2 0 1 1591 431 578 448
8488 4 2 0 1 2573 2574 1948 2279
8489 4 2 0 1 2279 2293 2656 1958
8490 4 2 0 1 2772 319 318 316
8491 4 2 0 1 2753 2749 2577 2200
8492 4 2 0 1 713 1690 638 209
8493 4 2 0 1 1977 1821 1440 2300
8494 4 2 0 1 322 2350 570 337
8495 4 2 0 1 2226 2225 2510 2794
8496 4 2 0 1 1467 2640 2780 2334
8497 4 2 0 1 2327 478 2175 1539
8498 4 2 0 1 2798 2149 234 269
8499 4 2 0 1 2510 580 2511 2226
8500 4 2 0 1 430 80 2510 580
8501 4 2 0 1 2217 2208 1442 1419
8502 4 2 0 1 2363 2208 1483 2578
8503 4 2 0 1 2159 2157 2314 1456
8504 4 2 0 1 1136 2107 1979 21
8505 4 2 0 1 2492 2357 2350 2358
8506 4 2 0 1 235 1571 639 591
8507 4 2 0 1 2472 1670 280 282
8508 4 2 0 1 639 452 591 1571
8509 4 2 0 1 2698 2004 2294 1940
8510 4 2 0 1 591 2386 1570 1571
8511 4 2 0 1 990 1942 1925 1469
8512 4 2 0 1 941 942 2641 976
8513 4 2 0 1 2416 575 29 28
8514 4 2 0 1 749 1980 1207 1282
8515 4 2 0 1 1571 452 591 230
8516 4 2 0 1 463 1536 1609 1544
8517 4 2 0 1 2520 192 1609 535
8518 4 2 0 1 284 1604 2743 2472
8519 4 2 0 1 2472 169 167 168
8520 4 2 0 1 1505 1617 2199 1693
8521 4 2 0 1 427 452 1541 230
8522 4 2 0 1 249 247 250 1661
8523 4 2 0 1 1605 647 261 492
8524 4 2 0 1 1656 2545 2175 2122
8525 4 2 0 1 429 1645 587 662
8526 4 2 0 1 1663 605 250 435
8527 4 2 0 1 1726 2537 431 1591
8528 4 2 0 1 183 511 1483 602
8529 4 2 0 1 372 1698 428 202
8530 4 2 0 1 1534 2079 2294 2585
8531 4 2 0 1 1679 2755 1443 1730
8532 4 2 0 1 557 550 1563 4
8533 4 2 0 1 2044 5 1678 6
8534 4 2 0 1 902 1221 1969 1276
8535 4 2 0 1 2702 2746 2747 2136
8536 4 2 0 1 2491 570 2772 2350
8537 4 2 0 1 2806 2591 2592 2805
8538 4 2 0 1 234 2149 2798 1612
8539 4 2 0 1 1857 1856 1858 1447
8540 4 2 0 1 1713 1121 1714 15
8541 4 2 0 1 1722 503 1720 716
8542 4 2 0 1 1713 1121 15 733
8543 4 2 0 1 1797 1279 1869 1969
8544 4 2 0 1 339 344 1585 482
8545 4 2 0 1 361 1642 1585 1677
8546 4 2 0 1 2179 2701 2747 2136
8547 4 2 0 1 5 1563 550 4
8548 4 2 0 1 13 2691 2650 2281
8549 4 2 0 1 364 482 1585 607
8550 4 2 0 1 2824 1684 2823 2803
8551 4 2 0 1 1197 1869 1999 923
8552 4 2 0 1 1197 1869 923 1279
8553 4 2 0 1 1586 128 458 130
8554 4 2 0 1 1197 1869 1279 1969
8555 4 2 0 1 1698 185 202 1685
8556 4 2 0 1 2312 1979 1522 2314
8557 4 2 0 1 2449 1947 2450 2788
8558 4 2 0 1 606 1684 1750 1586
8559 4 2 0 1 1495 2751 1442 1562
8560 4 2 0 1 13 2691 2281 12
8561 4 2 0 1 1546 408 2485 304
8562 4 2 0 1 2449 1947 2788 1522
8563 4 2 0 1 13 2691 12 1235
8564 4 2 0 1 2391 1581 1580 2381
8565 4 2 0 1 418 495 263 1590
8566 4 2 0 1 1708 2051 144 1677
8567 4 2 0 1 1637 99 98 96
8568 4 2 0 1 2449 2712 2312 1522
8569 4 2 0 1 2563 2276 2269 2760
8570 4 2 0 1 2212 1509 2182 2429
8571 4 2 0 1 13 2691 1235 2650
8572 4 2 0 1 635 418 263 1590
8573 4 2 0 1 1663 605 1661 250
8574 4 2 0 1 1361 1944 2012 2016
8575 4 2 0 1 61 1686 1717 1747
8576 4 2 0 1 940 1717 44 744
8577 4 2 0 1 2173 1649 1687 1515
8578 4 2 0 1 2797 2129 2726 1490
8579 4 2 0 1 1739 683 576 497
8580 4 2 0 1 2107 551 20 19
8581 4 2 0 1 1733 2496 1590 2118
8582 4 2 0 1 262 1590 1652 264
8583 4 2 0 1 470 1663 435 605
8584 4 2 0 1 1686 43 42 267
8585 4 2 0 1 2043 1967 35 1531
8586 4 2 0 1 2452 1787 1524 2762
8587 4 2 0 1 265 2537 646 448
8588 4 2 0 1 2537 265 646 176
8589 4 2 0 1 695 2551 583 544
8590 4 2 0 1 2537 1665 646 2307
8591 4 2 0 1 1692 614 65 659
8592 4 2 0 1 1665 2537 646 176
8593 4 2 0 1 1703 575 28 1739
8594 4 2 0 1 566 1739 1692 622
8595 4 2 0 1 2711 2449 2106 2713
8596 4 2 0 1 31 2416 85 593
8597 4 2 0 1 2688 2663 1993 2248
8598 4 2 0 1 303 2527 406 514
8599 4 2 0 1 1704 527 1604 1729
8600 4 2 0 1 386 1704 1729 527
8601 4 2 0 1 304 1546 406 2380
8602 4 2 0 1 304 2380 406 303
8603 4 2 0 1 2012 1944 1361 1232
8604 4 2 0 1 1546 608 407 406
8605 4 2 0 1 322 1723 2350 337
8606 4 2 0 1 324 597 1723 337
8607 4 2 0 1 245 1654 612 244
8608 4 2 0 1 2441 974 1850 1880
8609 4 2 0 1 2012 1990 1361 2016
8610 4 2 0 1 2569 1402 1746 1747
8611 4 2 0 1 2032 885 1848 887
8612 4 2 0 1 2704 2126 1401 2091
8613 4 2 0 1 969 2630 946 1183
8614 4 2 0 1 1545 2527 514 406
8615 4 2 0 1 1646 2122 1389 2120
8616 4 2 0 1 1592 669 255 257
8617 4 2 0 1 1671 2508 1662 1403
8618 4 2 0 1 2380 608 1545 2487
8619 4 2 0 1 1727 1726 1539 2576
8620 4 2 0 1 2591 2103 2708 2409
8621 4 2 0 1 1980 685 268 17
8622 4 2 0 1 679 2472 167 1604
8623 4 2 0 1 2311 2314 1614 2309
8624 4 2 0 1 2688 2663 2248 1424
8625 4 2 0 1 1709 16 1614 1713
8626 4 2 0 1 1611 170 1604 679
8627 4 2 0 1 740 1278 1995 1629
8628 4 2 0 1 1260 1832 2340 765
8629 4 2 0 1 819 1127 755 1832
8630 4 2 0 1 1673 34 2043 1967
8631 4 2 0 1 772 1807 1318 1927
8632 4 2 0 1 2032 885 887 894
8633 4 2 0 1 772 1909 1927 776
8634 4 2 0 1 2492 2357 2358 2215
8635 4 2 0 1 2688 2663 1424 1989
8636 4 2 0 1 1123 2661 1298 808
8637 4 2 0 1 2441 2036 1851 1087
8638 4 2 0 1 1932 1117 1085 1366
8639 4 2 0 1 401 1540 1506 532
8640 4 2 0 1 1547 1738 2493 2347
8641 4 2 0 1 760 1880 759 1832
8642 4 2 0 1 874 2644 875 1919
8643 4 2 0 1 401 1609 1506 1540
8644 4 2 0 1 1259 1907 2015 1203
8645 4 2 0 1 369 1465 1653 493
8646 4 2 0 1 570 2491 1547 2350
8647 4 2 0 1 675 2051 2053 1379
8648 4 2 0 1 1879 1285 1824 2048
8649 4 2 0 1 2339 1260 2340 1062
8650 4 2 0 1 2688 2663 1989 1993
8651 4 2 0 1 1798 2645 1985 2629
8652 4 2 0 1 1992 793 821 1831
8653 4 2 0 1 1815 1943 1813 1956
8654 4 2 0 1 924 1971 1999 2005
8655 4 2 0 1 1580 381 1487 1581
8656 4 2 0 1 1581 381 1487 1571
8657 4 2 0 1 1837 1836 1827 780
8658 4 2 0 1 2339 1832 1260 1966
8659 4 2 0 1 2630 1123 1881 1146
8660 4 2 0 1 1800 1847 1799 2325
8661 4 2 0 1 1581 381 1571 712
8662 4 2 0 1 1581 381 712 380
8663 4 2 0 1 137 531 688 2799
8664 4 2 0 1 2787 1521 1524 2447
8665 4 2 0 1 2149 531 2799 402
8666 4 2 0 1 2147 2384 2150 2799
8667 4 2 0 1 1115 2645 1992 1308
8668 4 2 0 1 1301 2025 1040 2610
8669 4 2 0 1 1187 1952 2669 959
8670 4 2 0 1 1991 1142 2668 2594
8671 4 2 0 1 1850 2040 1849 1373
8672 4 2 0 1 1881 1206 833 840
8673 4 2 0 1 924 920 1999 923
8674 4 2 0 1 1999 925 924 923
8675 4 2 0 1 2630 1128 945 1183
8676 4 2 0 1 1290 1310 745 1995
8677 4 2 0 1 1615 995 996 992
8678 4 2 0 1 1703 2416 28 575
8679 4 2 0 1 1962 1703 28 1739
8680 4 2 0 1 2416 1703 28 1962
8681 4 2 0 1 2532 2536 2459 2816
8682 4 2 0 1 1643 1290 745 1995
8683 4 2 0 1 46 745 1629 1643
8684 4 2 0 1 1675 1332 843 775
8685 4 2 0 1 1247 966 2005 1251
8686 4 2 0 1 22 23 2450 730
8687 4 2 0 1 854 1089 1946 1174
8688 4 2 0 1 1238 1093 1897 2662
8689 4 2 0 1 920 2005 1783 1253
8690 4 2 0 1 1238 1897 1093 852
8691 4 2 0 1 1254 1970 919 955
8692 4 2 0 1 1185 880 1878 1343
8693 4 2 0 1 876 942 2641 941
8694 4 2 0 1 2411 2769 1634 1501
8695 4 2 0 1 816 2826 1239 1820
8696 4 2 0 1 924 1971 2005 965
8697 4 2 0 1 924 1971 965 1935
8698 4 2 0 1 920 2005 1253 924
8699 4 2 0 1 1895 1438 2252 2012
8700 4 2 0 1 1180 1986 1225 1076
8701 4 2 0 1 1828 1839 1840 2548
8702 4 2 0 1 2588 915 916 1840
8703 4 2 0 1 1254 919 1970 1783
8704 4 2 0 1 1030 1195 1804 1109
8705 4 2 0 1 1876 896 1986 2006
8706 4 2 0 1 892 2517 1986 1180
8707 4 2 0 1 2441 1071 819 1086
8708 4 2 0 1 1877 1194 2516 964
8709 4 2 0 1 922 919 1970 955
8710 4 2 0 1 1076 1226 2006 1225
8711 4 2 0 1 2437 1875 2435 1516
8712 4 2 0 1 2031 1825 2628 2548
8713 4 2 0 1 1984 909 1090 1182
8714 4 2 0 1 2019 1050 1311 1372
8715 4 2 0 1 1804 1351 1986 890
8716 4 2 0 1 1019 1195 1109 2518
8717 4 2 0 1 1175 1021 2648 1291
8718 4 2 0 1 1045 1046 2044 2046
8719 4 2 0 1 922 1970 919 1783
8720 4 2 0 1 2572 1728 218 220
8721 4 2 0 1 958 1376 1841 922
8722 4 2 0 1 1839 1607 2013 1841
8723 4 2 0 1 1177 1970 2610 1936
8724 4 2 0 1 2609 1766 2808 2008
8725 4 2 0 1 2013 1607 1953 1841
8726 4 2 0 1 2609 2808 2606 2008
8727 4 2 0 1 2609 1809 1780 2008
8728 4 2 0 1 85 2837 707 593
8729 4 2 0 1 218 1728 2572 1639
8730 4 2 0 1 2053 143 2052 2552
8731 4 2 0 1 990 988 1066 1811
8732 4 2 0 1 2620 1938 1937 985
8733 4 2 0 1 1267 1331 1865 1137
8734 4 2 0 1 1922 1975 875 1976
8735 4 2 0 1 977 942 1845 1029
8736 4 2 0 1 2238 1422 1754 2231
8737 4 2 0 1 740 1278 1319 1995
8738 4 2 0 1 2179 2701 1460 2747
8739 4 2 0 1 2620 1779 1937 1938
8740 4 2 0 1 1065 1883 1120 1298
8741 4 2 0 1 2669 1974 2041 1978
8742 4 2 0 1 1973 988 1811 1066
8743 4 2 0 1 51 79 2017 2039
8744 4 2 0 1 1085 1918 1932 1176
8745 4 2 0 1 1373 2040 1849 1044
8746 4 2 0 1 1838 2555 1912 2558
8747 4 2 0 1 2462 1195 2518 1804
8748 4 2 0 1 1798 801 798 1110
8749 4 2 0 1 1719 2072 1710 1444
8750 4 2 0 1 218 219 2572 220
8751 4 2 0 1 2325 1464 2813 1915
8752 4 2 0 1 1267 2658 1029 1377
8753 4 2 0 1 2056 1446 2359 1757
8754 4 2 0 1 51 275 2017 79
8755 4 2 0 1 2756 1463 1462 2017
8756 4 2 0 1 1879 2593 1823 2629
8757 4 2 0 1 2756 2017 2731 1463
8758 4 2 0 1 2740 2191 2711 2106
8759 4 2 0 1 1147 1125 1660 1342
8760 4 2 0 1 1660 1658 11 1168
8761 4 2 0 1 2039 79 2017 2546
8762 4 2 0 1 2402 2684 2059 2408
8763 4 2 0 1 1688 453 721 41
8764 4 2 0 1 980 1931 951 981
8765 4 2 0 1 1971 928 1935 1283
8766 4 2 0 1 2836 567 78 2840
8767 4 2 0 1 1980 18 629 19
8768 4 2 0 1 1862 1949 1948 1958
8769 4 2 0 1 52 2010 738 1315
8770 4 2 0 1 1024 1250 1349 1789
8771 4 2 0 1 2572 219 218 1639
8772 4 2 0 1 2153 2309 1456 2311
8773 4 2 0 1 1704 527 689 166
8774 4 2 0 1 549 26 1692 1411
8775 4 2 0 1 1103 1167 1716 1261
8776 4 2 0 1 1880 763 768 764
8777 4 2 0 1 1670 456 457 215
8778 4 2 0 1 1213 1283 1935 928
8779 4 2 0 1 2550 2547 1840 2549
8780 4 2 0 1 1254 1177 921 1936
8781 4 2 0 1 1971 928 1283 1246
8782 4 2 0 1 79 1762 2017 2546
8783 4 2 0 1 1859 1834 1857 2653
8784 4 2 0 1 549 1692 26 65
8785 4 2 0 1 1046 1147 1660 1342
8786 4 2 0 1 966 1795 1971 2005
8787 4 2 0 1 2650 1856 1860 2278
8788 4 2 0 1 1714 14 1121 753
8789 4 2 0 1 1951 1950 1038 1885
8790 4 2 0 1 2035 1688 2026 2029
8791 4 2 0 1 1688 2434 1512 1638
8792 4 2 0 1 2035 1688 1512 2027
8793 4 2 0 1 1938 1931 2801 1908
8794 4 2 0 1 1886 1014 1885 1951
8795 4 2 0 1 2345 1673 2043 2343
8796 4 2 0 1 1114 1901 1966 1902
8797 4 2 0 1 2344 1901 2343 1471
8798 4 2 0 1 1832 757 758 756
8799 4 2 0 1 2043 2343 2346 1963
8800 4 2 0 1 2639 2333 2641 2644
8801 4 2 0 1 1865 1845 2641 942
8802 4 2 0 1 2811 2034 2533 2801
8803 4 2 0 1 2534 2034 2801 2533
8804 4 2 0 1 2770 1945 994 2811
8805 4 2 0 1 1960 1138 1243 855
8806 4 2 0 1 2107 586 1695 21
8807 4 2 0 1 2618 2452 1779 2140
8808 4 2 0 1 1962 2416 855 28
8809 4 2 0 1 1901 1362 1135 1289
8810 4 2 0 1 2800 1938 1942 1469
8811 4 2 0 1 2357 2218 1414 2215
8812 4 2 0 1 1759 2184 1631 1405
8813 4 2 0 1 1909 1910 1514 1929
8814 4 2 0 1 246 1663 555 605
8815 4 2 0 1 2006 1022 1886 1076
8816 4 2 0 1 2262 2223 1445 1432
8817 4 2 0 1 2346 2786 2344 1471
8818 4 2 0 1 1085 1918 1176 1132
8819 4 2 0 1 1037 2628 948 911
8820 4 2 0 1 1076 1886 2006 1226
8821 4 2 0 1 1380 2065 2805 2061
8822 4 2 0 1 1028 1222 1027 1985
8823 4 2 0 1 2009 1931 2801 2033
8824 4 2 0 1 1939 881 1830 1829
8825 4 2 0 1 1763 2584 1773 2049
8826 4 2 0 1 1815 1943 2633 1813
8827 4 2 0 1 2634 1802 2633 1803
8828 4 2 0 1 1160 872 873 1919
8829 4 2 0 1 1814 1943 2633 2303
8830 4 2 0 1 1149 1151 2634 1150
8831 4 2 0 1 865 1891 864 862
8832 4 2 0 1 1200 1981 1151 806
8833 4 2 0 1 799 1826 1166 797
8834 4 2 0 1 2781 2043 2418 2531
8835 4 2 0 1 862 1894 1302 866
8836 4 2 0 1 1891 1894 862 866
8837 4 2 0 1 1894 1302 866 1895
8838 4 2 0 1 1866 2826 811 812
8839 4 2 0 1 1975 1794 1976 1843
8840 4 2 0 1 794 960 1844 1374
8841 4 2 0 1 1891 1894 866 1895
8842 4 2 0 1 2698 2004 2697 2294
8843 4 2 0 1 1283 1971 1246 1113
8844 4 2 0 1 82 37 501 2672
8845 4 2 0 1 2781 2418 2542 2399
8846 4 2 0 1 2781 2043 2531 2346
8847 4 2 0 1 2141 2137 1632 2562
8848 4 2 0 1 975 1976 875 1975
8849 4 2 0 1 2280 2460 2294 2622
8850 4 2 0 1 246 1663 243 555
8851 4 2 0 1 975 1976 1975 1794
8852 4 2 0 1 1876 893 896 897
8853 4 2 0 1 1877 1194 964 1236
8854 4 2 0 1 975 1976 1794 877
8855 4 2 0 1 2593 2013 2049 1773
8856 4 2 0 1 1663 243 245 246
8857 4 2 0 1 975 1976 877 875
8858 4 2 0 1 2467 2469 2818 1732
8859 4 2 0 1 896 1876 898 2006
8860 4 2 0 1 1933 981 1184 951
8861 4 2 0 1 1030 1351 1804 890
8862 4 2 0 1 889 1804 890 888
8863 4 2 0 1 2312 1980 2314 2104
8864 4 2 0 1 1250 1789 1174 1947
8865 4 2 0 1 1829 1830 1958 1790
8866 4 2 0 1 35 2043 518 62
8867 4 2 0 1 2043 35 1967 34
8868 4 2 0 1 1780 1978 2594 1770
8869 4 2 0 1 1979 2107 2713 21
8870 4 2 0 1 2517 1102 1022 1300
8871 4 2 0 1 1848 1090 1984 1804
8872 4 2 0 1 34 62 2043 35
8873 4 2 0 1 2031 1877 2628 1162
8874 4 2 0 1 889 1848 887 2032
8875 4 2 0 1 2531 518 2043 633
8876 4 2 0 1 1932 2786 2635 1918
8877 4 2 0 1 1162 911 1141 2628
8878 4 2 0 1 2031 1877 1162 1163
8879 4 2 0 1 751 2023 54 2767
8880 4 2 0 1 2418 2531 2043 633
8881 4 2 0 1 2325 1464 1915 970
8882 4 2 0 1 2023 751 54 1052
8883 4 2 0 1 62 518 633 2043
8884 4 2 0 1 2312 2314 1980 1979
8885 4 2 0 1 1035 1834 1036 1003
8886 4 2 0 1 2418 62 633 2043
8887 4 2 0 1 1747 267 77 484
8888 4 2 0 1 891 1986 1353 890
8889 4 2 0 1 2053 2581 2052 2051
8890 4 2 0 1 62 2418 633 574
8891 4 2 0 1 2002 1939 1829 910
8892 4 2 0 1 2444 1883 1897 1881
8893 4 2 0 1 1708 2051 1677 2581
8894 4 2 0 1 2040 1068 1363 1275
8895 4 2 0 1 836 1883 1882 833
8896 4 2 0 1 1161 1849 954 1295
8897 4 2 0 1 1708 2051 2581 2053
8898 4 2 0 1 1190 2002 2001 2003
8899 4 2 0 1 1190 2002 2003 910
8900 4 2 0 1 1239 1059 1820 1337
8901 4 2 0 1 1793 809 1820 1157
8902 4 2 0 1 2046 2583 1948 1227
8903 4 2 0 1 1367 1247 2005 1251
8904 4 2 0 1 2581 1620 340 1575
8905 4 2 0 1 1869 2020 1969 1999
8906 4 2 0 1 2331 2601 2332 2338
8907 4 2 0 1 924 2005 1253 965
8908 4 2 0 1 1785 998 1968 1868
8909 4 2 0 1 1970 1716 2610 1936
8910 4 2 0 1 1457 2153 2159 1456
8911 4 2 0 1 2086 1702 2076 2085
8912 4 2 0 1 2666 2534 1972 2626
8913 4 2 0 1 2615 2655 2277 2653
8914 4 2 0 1 2581 2580 1677 2673
8915 4 2 0 1 1950 1959 1885 1608
8916 4 2 0 1 2519 2467 2627 2515
8917 4 2 0 1 1868 1167 2021 1867
8918 4 2 0 1 1010 1005 1997 1007
8919 4 2 0 1 2266 2268 2274 2760
8920 4 2 0 1 2071 2264 2108 1427
8921 4 2 0 1 1177 1116 1251 1936
8922 4 2 0 1 2595 2605 1772 2700
8923 4 2 0 1 416 2520 1664 1506
8924 4 2 0 1 2063 1477 2354 2673
8925 4 2 0 1 1063 1973 988 989
8926 4 2 0 1 271 172 461 2307
8927 4 2 0 1 2834 931 930 932
8928 4 2 0 1 1477 1621 2673 1619
8929 4 2 0 1 66 656 1638 39
8930 4 2 0 1 2065 2313 2805 2061
8931 4 2 0 1 2805 1380 2100 2710
8932 4 2 0 1 2805 2100 1380 2061
8933 4 2 0 1 1603 2529 1704 1604
8934 4 2 0 1 2603 2301 2302 2303
8935 4 2 0 1 1664 2520 416 210
8936 4 2 0 1 2221 2201 2579 2575
8937 4 2 0 1 1096 1879 1816 1822
8938 4 2 0 1 1115 2645 1308 1222
8939 4 2 0 1 1664 1617 416 1506
8940 4 2 0 1 1463 2144 1631 2017
8941 4 2 0 1 2221 2579 1666 2575
8942 4 2 0 1 49 1305 972 1630
8943 4 2 0 1 2100 1380 2061 2058
8944 4 2 0 1 2257 1387 2071 2693
8945 4 2 0 1 740 2321 1159 1635
8946 4 2 0 1 1303 1366 1117 2033
8947 4 2 0 1 2065 2355 2310 2061
8948 4 2 0 1 2290 1393 1632 2288
8949 4 2 0 1 416 1664 415 1617
8950 4 2 0 1 1811 988 989 986
8951 4 2 0 1 1864 1892 1890 1957
8952 4 2 0 1 327 1585 1623 330
8953 4 2 0 1 2113 2257 2071 2260
8954 4 2 0 1 327 1623 1585 1618
8955 4 2 0 1 1872 1875 1899 2660
8956 4 2 0 1 1922 1865 2644 875
8957 4 2 0 1 2257 2113 2071 1387
8958 4 2 0 1 1607 2611 2612 2670
8959 4 2 0 1 1883 1065 1295 1161
8960 4 2 0 1 1002 1859 1812 2082
8961 4 2 0 1 2627 2467 1997 1959
8962 4 2 0 1 1006 1004 1005 1997
8963 4 2 0 1 1175 1852 1020 1252
8964 4 2 0 1 1868 1785 2616 1968
8965 4 2 0 1 2699 2080 2697 2294
8966 4 2 0 1 2787 1524 1946 2447
8967 4 2 0 1 1521 2451 2775 2455
8968 4 2 0 1 1760 1576 695 422
8969 4 2 0 1 2815 2038 2636 2784
8970 4 2 0 1 685 1614 1980 1449
8971 4 2 0 1 445 1555 1709 1556
8972 4 2 0 1 445 1555 1556 1735
8973 4 2 0 1 1785 998 1868 1001
8974 4 2 0 1 1258 1880 973 1071
8975 4 2 0 1 977 1079 1845 976
8976 4 2 0 1 942 977 1845 976
8977 4 2 0 1 1859 1002 1001 2082
8978 4 2 0 1 2156 1457 2165 2090
8979 4 2 0 1 1675 775 31 1371
8980 4 2 0 1 575 1703 2837 2829
8981 4 2 0 1 1626 2189 2187 2186
8982 4 2 0 1 2283 2076 2086 1382
8983 4 2 0 1 1945 991 1788 1089
8984 4 2 0 1 1258 973 1880 1354
8985 4 2 0 1 2071 2261 1429 2260
8986 4 2 0 1 564 1557 708 391
8987 4 2 0 1 1731 731 11 12
8988 4 2 0 1 2601 1769 2137 2608
8989 4 2 0 1 2241 1466 1632 2240
8990 4 2 0 1 2768 1633 2640 2141
8991 4 2 0 1 1397 2128 2132 2707
8992 4 2 0 1 2212 1509 2429 121
8993 4 2 0 1 1559 2508 2161 1662
8994 4 2 0 1 1559 546 1671 1661
8995 4 2 0 1 2508 2428 2177 1404
8996 4 2 0 1 2545 2327 260 2175
8997 4 2 0 1 11 1659 731 1731
8998 4 2 0 1 2207 2576 2205 2579
8999 4 2 0 1 2167 2410 1641 2736
9000 4 2 0 1 1422 2232 2231 2238
9001 4 2 0 1 2738 1415 1539 1537
9002 4 2 0 1 669 1726 1537 477
9003 4 2 0 1 2813 1915 1501 2325
9004 4 2 0 1 2113 2237 2110 2231
9005 4 2 0 1 2030 1422 2236 1988
9006 4 2 0 1 1595 1625 273 217
9007 4 2 0 1 2145 1630 972 1635
9008 4 2 0 1 2730 2564 2565 1777
9009 4 2 0 1 1904 1437 2256 1993
9010 4 2 0 1 1957 1863 1862 1904
9011 4 2 0 1 273 1625 1595 419
9012 4 2 0 1 2764 2256 1597 2543
9013 4 2 0 1 2274 2273 1553 2069
9014 4 2 0 1 1606 2280 2502 2080
9015 4 2 0 1 1475 1417 2223 2754
9016 4 2 0 1 1475 2202 2754 2753
9017 4 2 0 1 1448 2065 1452 2310
9018 4 2 0 1 73 1565 1556 1449
9019 4 2 0 1 1448 2065 2310 1449
9020 4 2 0 1 1614 2309 2314 1449
9021 4 2 0 1 1980 2102 1449 2806
9022 4 2 0 1 16 1556 1709 1614
9023 4 2 0 1 2157 2312 2314 2104
9024 4 2 0 1 1820 1157 809 1215
9025 4 2 0 1 2759 1426 2251 2689
9026 4 2 0 1 2232 1422 2231 2236
9027 4 2 0 1 1793 809 1157 783
9028 4 2 0 1 2766 2326 2230 2121
9029 4 2 0 1 1334 1145 1923 1243
9030 4 2 0 1 2346 2344 1923 1960
9031 4 2 0 1 1138 1960 1923 2344
9032 4 2 0 1 2052 2064 2675 2687
9033 4 2 0 1 843 2416 29 732
9034 4 2 0 1 2442 2555 1912 1627
9035 4 2 0 1 843 29 2416 30
9036 4 2 0 1 2639 2241 2242 2758
9037 4 2 0 1 616 656 453 1520
9038 4 2 0 1 2126 1490 2169 2726
9039 4 2 0 1 2456 1961 2781 1525
9040 4 2 0 1 854 2447 1946 1248
9041 4 2 0 1 2421 2377 2375 1503
9042 4 2 0 1 1941 751 1218 1240
9043 4 2 0 1 2521 2798 2774 1699
9044 4 2 0 1 1521 1524 2459 2737
9045 4 2 0 1 1925 986 982 987
9046 4 2 0 1 1458 2104 2806 2312
9047 4 2 0 1 1458 2104 2312 2157
9048 4 2 0 1 2371 2718 2421 2488
9049 4 2 0 1 2232 2257 2240 2236
9050 4 2 0 1 1137 1865 875 876
9051 4 2 0 1 233 232 1570 231
9052 4 2 0 1 233 1570 232 2798
9053 4 2 0 1 1898 1513 1718 1875
9054 4 2 0 1 2185 1626 1500 1631
9055 4 2 0 1 2232 1423 2236 2240
9056 4 2 0 1 1402 2174 1640 2172
9057 4 2 0 1 1729 473 440 285
9058 4 2 0 1 1729 440 473 474
9059 4 2 0 1 227 1650 228 2386
9060 4 2 0 1 1961 2455 742 1819
9061 4 2 0 1 2454 2456 1525 1961
9062 4 2 0 1 2768 2244 1466 2640
9063 4 2 0 1 1925 982 986 983
9064 4 2 0 1 1868 1167 1867 1000
9065 4 2 0 1 1536 167 165 168
9066 4 2 0 1 64 586 2195 279
9067 4 2 0 1 551 709 645 1694
9068 4 2 0 1 196 262 263 1651
9069 4 2 0 1 1508 2740 2196 2371
9070 4 2 0 1 2193 1408 2470 2195
9071 4 2 0 1 608 300 668 1545
9072 4 2 0 1 1545 652 608 300
9073 4 2 0 1 2371 2118 2719 2482
9074 4 2 0 1 1642 346 347 348
9075 4 2 0 1 2527 515 514 303
9076 4 2 0 1 1167 1004 1867 1000
9077 4 2 0 1 300 112 692 2484
9078 4 2 0 1 2360 1738 1547 569
9079 4 2 0 1 445 1735 72 1555
9080 4 2 0 1 2701 2702 2747 2136
9081 4 2 0 1 1565 1737 73 624
9082 4 2 0 1 1719 1735 72 1722
9083 4 2 0 1 503 2072 13 1714
9084 4 2 0 1 2095 1575 2094 1601
9085 4 2 0 1 2062 2682 1736 2055
9086 4 2 0 1 2363 1666 2221 2577
9087 4 2 0 1 2683 2675 2094 1384
9088 4 2 0 1 568 1757 569 1722
9089 4 2 0 1 1967 737 34 1322
9090 4 2 0 1 1967 34 737 1673
9091 4 2 0 1 280 1577 2792 1670
9092 4 2 0 1 1004 1002 1867 1000
9093 4 2 0 1 645 2742 1694 486
9094 4 2 0 1 157 1551 1548 2528
9095 4 2 0 1 2363 1666 2575 2221
9096 4 2 0 1 704 473 475 1729
9097 4 2 0 1 2180 2539 2538 2576
9098 4 2 0 1 289 1751 1752 290
9099 4 2 0 1 1921 1891 2664 1956
9100 4 2 0 1 2646 1763 1879 2000
9101 4 2 0 1 1815 1803 1920 1150
9102 4 2 0 1 1843 1922 1842 2300
9103 4 2 0 1 1711 2276 2277 2652
9104 4 2 0 1 2384 137 1740 649
9105 4 2 0 1 804 1378 1879 1822
9106 4 2 0 1 1376 1839 1840 1088
9107 4 2 0 1 1868 1001 998 1000
9108 4 2 0 1 2668 2544 1991 2596
9109 4 2 0 1 1577 2475 2792 1664
9110 4 2 0 1 1667 532 1540 718
9111 4 2 0 1 2449 2312 2106 2713
9112 4 2 0 1 2392 2523 2777 2395
9113 4 2 0 1 999 1868 998 1000
9114 4 2 0 1 2518 1280 1009 1018
9115 4 2 0 1 2005 965 1246 1247
9116 4 2 0 1 2637 2535 1470 2814
9117 4 2 0 1 2188 2267 2562 1632
9118 4 2 0 1 1792 1500 2330 2318
9119 4 2 0 1 2005 1246 965 1971
9120 4 2 0 1 1229 1134 2629 1825
9121 4 2 0 1 1778 1203 2014 1893
9122 4 2 0 1 2728 2084 1777 2562
9123 4 2 0 1 2195 2791 2790 278
9124 4 2 0 1 2366 2370 2522 1491
9125 4 2 0 1 1229 2629 1134 1155
9126 4 2 0 1 2116 2720 2722 2118
9127 4 2 0 1 519 2072 2281 13
9128 4 2 0 1 2257 2727 2240 2236
9129 4 2 0 1 1126 38 1638 39
9130 4 2 0 1 2281 12 519 13
9131 4 2 0 1 1612 1490 1648 1746
9132 4 2 0 1 1466 2237 1632 2240
9133 4 2 0 1 234 1612 236 237
9134 4 2 0 1 1009 2518 1997 1280
9135 4 2 0 1 2156 2165 2148 2090
9136 4 2 0 1 1147 1046 1660 1281
9137 4 2 0 1 2243 2758 2639 2242
9138 4 2 0 1 2472 1670 282 1611
9139 4 2 0 1 2472 1670 1611 1577
9140 4 2 0 1 1679 2755 1730 2348
9141 4 2 0 1 1046 1660 1659 1342
9142 4 2 0 1 1017 1959 1102 1011
9143 4 2 0 1 2730 2599 1907 2567
9144 4 2 0 1 1848 888 887 886
9145 4 2 0 1 2800 2730 1469 2626
9146 4 2 0 1 1742 268 505 2101
9147 4 2 0 1 143 675 2053 1379
9148 4 2 0 1 1575 351 350 340
9149 4 2 0 1 2721 2592 1386 2806
9150 4 2 0 1 1655 2723 1741 2497
9151 4 2 0 1 2551 2723 2553 1760
9152 4 2 0 1 1008 1012 1959 1011
9153 4 2 0 1 2723 583 1760 2551
9154 4 2 0 1 302 293 404 1741
9155 4 2 0 1 359 2491 521 570
9156 4 2 0 1 2489 1705 2771 1706
9157 4 2 0 1 2279 2573 1659 2583
9158 4 2 0 1 1012 1013 1885 1011
9159 4 2 0 1 1008 1959 1009 1011
9160 4 2 0 1 544 1576 644 695
9161 4 2 0 1 7 420 6 1657
9162 4 2 0 1 1707 638 430 713
9163 4 2 0 1 2564 2730 2565 2567
9164 4 2 0 1 2139 2727 2242 1393
9165 4 2 0 1 425 687 184 2365
9166 4 2 0 1 2449 2312 2713 1979
9167 4 2 0 1 1728 2579 2575 1727
9168 4 2 0 1 2525 2505 2403 2526
9169 4 2 0 1 2810 2770 2459 2536
9170 4 2 0 1 2449 2312 1979 1522
9171 4 2 0 1 2192 1408 2190 2742
9172 4 2 0 1 2478 2481 2197 2193
9173 4 2 0 1 2783 2739 2538 2205
9174 4 2 0 1 1684 1750 1493 2803
9175 4 2 0 1 2753 2218 1414 2200
9176 4 2 0 1 2053 675 143 397
9177 4 2 0 1 2281 1444 1381 2072
9178 4 2 0 1 1676 637 561 2748
9179 4 2 0 1 2080 2614 2502 1382
9180 4 2 0 1 16 733 1713 15
9181 4 2 0 1 1709 16 1713 15
9182 4 2 0 1 1852 2462 1020 1064
9183 4 2 0 1 1907 2599 2015 2567
9184 4 2 0 1 1709 16 15 445
9185 4 2 0 1 2796 2622 2279 2501
9186 4 2 0 1 1450 2311 2309 2153
9187 4 2 0 1 445 1734 708 1735
9188 4 2 0 1 2192 2495 2115 2197
9189 4 2 0 1 2579 1666 2576 2205
9190 4 2 0 1 2795 1444 2281 1720
9191 4 2 0 1 1235 12 731 2691
9192 4 2 0 1 2280 2460 2622 1853
9193 4 2 0 1 1676 637 2748 194
9194 4 2 0 1 2125 1390 2123 2127
9195 4 2 0 1 1145 2447 994 2770
9196 4 2 0 1 617 518 2531 633
9197 4 2 0 1 2392 1560 2390 2778
9198 4 2 0 1 468 555 1599 470
9199 4 2 0 1 1717 2174 1718 1643
9200 4 2 0 1 1490 1746 1504 1648
9201 4 2 0 1 1599 467 1758 2569
9202 4 2 0 1 1686 267 77 1747
9203 4 2 0 1 1013 1102 1022 1885
9204 4 2 0 1 2351 2310 2356 1450
9205 4 2 0 1 1455 2062 2710 2094
9206 4 2 0 1 2678 1452 2351 1721
9207 4 2 0 1 2135 2125 2176 1392
9208 4 2 0 1 1757 1755 1756 1669
9209 4 2 0 1 1145 994 2447 1248
9210 4 2 0 1 1945 994 2447 2770
9211 4 2 0 1 1922 2763 2332 1767
9212 4 2 0 1 968 946 2765 2662
9213 4 2 0 1 1413 2746 2739 2205
9214 4 2 0 1 40 1688 656 1638
9215 4 2 0 1 1466 2640 2241 2141
9216 4 2 0 1 1922 2763 1767 1842
9217 4 2 0 1 1393 2241 2338 2141
9218 4 2 0 1 1945 2620 2811 2619
9219 4 2 0 1 2337 1501 2335 2780
9220 4 2 0 1 2412 2557 2555 2556
9221 4 2 0 1 2009 1931 2033 1117
9222 4 2 0 1 2342 1521 2458 2397
9223 4 2 0 1 2312 2159 2314 1522
9224 4 2 0 1 2559 1122 2630 1800
9225 4 2 0 1 1837 1323 1204 780
9226 4 2 0 1 1924 1634 1827 1833
9227 4 2 0 1 2324 1930 1912 1628
9228 4 2 0 1 814 2630 1122 1799
9229 4 2 0 1 2324 1634 2413 1912
9230 4 2 0 1 740 2321 1635 1995
9231 4 2 0 1 269 2149 528 439
9232 4 2 0 1 373 1645 587 372
9233 4 2 0 1 1978 1780 1781 1770
9234 4 2 0 1 1046 1045 1053 2046
9235 4 2 0 1 1922 2763 1842 2300
9236 4 2 0 1 1981 1296 1166 1826
9237 4 2 0 1 1945 2447 994 1248
9238 4 2 0 1 1151 1981 2634 1801
9239 4 2 0 1 1327 1805 1153 961
9240 4 2 0 1 1865 2336 1845 2658
9241 4 2 0 1 962 1805 1129 796
9242 4 2 0 1 2730 2564 2808 2567
9243 4 2 0 1 1302 1903 859 857
9244 4 2 0 1 1895 1905 1894 1302
9245 4 2 0 1 1892 859 1903 860
9246 4 2 0 1 1094 1046 1053 2046
9247 4 2 0 1 2045 1731 2573 1659
9248 4 2 0 1 1254 2005 921 1253
9249 4 2 0 1 1247 1367 2005 965
9250 4 2 0 1 1840 1732 2588 2548
9251 4 2 0 1 1199 1329 1715 1286
9252 4 2 0 1 1390 2125 2123 1662
9253 4 2 0 1 1804 1986 2518 2516
9254 4 2 0 1 2460 2468 1854 2461
9255 4 2 0 1 1853 2462 1852 1854
9256 4 2 0 1 753 1714 2650 1860
9257 4 2 0 1 1001 1024 1003 2615
9258 4 2 0 1 1158 1103 1006 1997
9259 4 2 0 1 1834 1104 1857 1715
9260 4 2 0 1 2396 1525 2775 2455
9261 4 2 0 1 1103 1158 1795 1997
9262 4 2 0 1 2091 2123 2704 2127
9263 4 2 0 1 692 2484 114 1696
9264 4 2 0 1 2011 1776 1871 1934
9265 4 2 0 1 1893 1835 2665 2558
9266 4 2 0 1 1239 816 1820 1201
9267 4 2 0 1 1847 2632 1833 1889
9268 4 2 0 1 2658 1866 1793 1847
9269 4 2 0 1 1847 1793 1889 783
9270 4 2 0 1 114 2484 692 112
9271 4 2 0 1 803 1378 802 2629
9272 4 2 0 1 733 1715 1121 1286
9273 4 2 0 1 640 1684 606 565
9274 4 2 0 1 1378 1822 802 2629
9275 4 2 0 1 2644 1922 875 1919
9276 4 2 0 1 2558 1893 1836 2647
9277 4 2 0 1 733 1199 1715 1286
9278 4 2 0 1 1323 1837 2011 1934
9279 4 2 0 1 1808 1318 1927 1154
9280 4 2 0 1 2765 2559 1800 1636
9281 4 2 0 1 1293 2036 1271 2026
9282 4 2 0 1 940 1290 1718 1152
9283 4 2 0 1 1290 1898 2443 1718
9284 4 2 0 1 2767 751 1230 53
9285 4 2 0 1 2533 2814 2556 2666
9286 4 2 0 1 2685 2058 2059 2408
9287 4 2 0 1 1925 986 1811 1242
9288 4 2 0 1 2767 1230 751 2023
9289 4 2 0 1 955 957 1177 1970
9290 4 2 0 1 1786 2503 1523 1789
9291 4 2 0 1 1288 1024 2615 1789
9292 4 2 0 1 2728 2730 1777 2600
9293 4 2 0 1 1978 789 1328 1781
9294 4 2 0 1 2006 1022 1076 2517
9295 4 2 0 1 1947 1789 2762 2315
9296 4 2 0 1 1167 2021 1055 999
9297 4 2 0 1 1035 1834 1220 1036
9298 4 2 0 1 2665 1674 1972 2666
9299 4 2 0 1 1785 998 1001 1288
9300 4 2 0 1 2091 2123 2184 2704
9301 4 2 0 1 2006 1022 2517 1885
9302 4 2 0 1 1901 1471 2339 1472
9303 4 2 0 1 1894 1891 1437 2664
9304 4 2 0 1 1683 1763 2817 2646
9305 4 2 0 1 1135 2635 1289 1075
9306 4 2 0 1 1347 1994 1944 752
9307 4 2 0 1 1830 1939 1940 1878
9308 4 2 0 1 1462 1631 1626 1405
9309 4 2 0 1 2834 933 932 1270
9310 4 2 0 1 1034 1276 1797 1311
9311 4 2 0 1 2019 1050 1034 1311
9312 4 2 0 1 2019 1034 1797 1311
9313 4 2 0 1 1135 2635 1075 2339
9314 4 2 0 1 1840 1999 2550 1783
9315 4 2 0 1 1666 2783 2538 2205
9316 4 2 0 1 2736 1400 2169 2165
9317 4 2 0 1 1787 2452 2729 2561
9318 4 2 0 1 2728 2729 2561 2562
9319 4 2 0 1 1786 2615 2503 1789
9320 4 2 0 1 1772 2084 2700 2605
9321 4 2 0 1 1874 1928 1514 1516
9322 4 2 0 1 1615 2620 992 1788
9323 4 2 0 1 1813 1598 1943 1814
9324 4 2 0 1 2666 1893 2665 2558
9325 4 2 0 1 1662 1390 1654 1663
9326 4 2 0 1 1814 2544 2303 1764
9327 4 2 0 1 2295 2543 2696 2078
9328 4 2 0 1 1352 2012 1360 1232
9329 4 2 0 1 1816 1096 1099 1181
9330 4 2 0 1 1181 1878 1343 1099
9331 4 2 0 1 829 830 831 1882
9332 4 2 0 1 1405 1762 1631 1759
9333 4 2 0 1 1662 1390 1663 2123
9334 4 2 0 1 605 246 1661 247
9335 4 2 0 1 1169 834 1882 1108
9336 4 2 0 1 1900 836 1882 1297
9337 4 2 0 1 836 831 1882 1297
9338 4 2 0 1 605 1661 246 1663
9339 4 2 0 1 1150 1815 868 1920
9340 4 2 0 1 2301 2764 2304 2696
9341 4 2 0 1 793 792 1844 794
9342 4 2 0 1 889 1848 2032 1804
9343 4 2 0 1 1852 2649 2648 1853
9344 4 2 0 1 892 2517 1345 1986
9345 4 2 0 1 2203 2745 2200 2205
9346 4 2 0 1 1131 929 1797 1350
9347 4 2 0 1 929 1279 1797 1350
9348 4 2 0 1 2627 2467 1959 2515
9349 4 2 0 1 1628 2322 2324 2559
9350 4 2 0 1 1 59 1989 2234
9351 4 2 0 1 180 2537 1727 2575
9352 4 2 0 1 1628 1912 2320 2442
9353 4 2 0 1 2172 1395 2146 1640
9354 4 2 0 1 181 178 2575 2363
9355 4 2 0 1 2133 2172 2445 1391
9356 4 2 0 1 940 45 44 1643
9357 4 2 0 1 2236 2259 2258 2257
9358 4 2 0 1 1813 1598 1814 2028
9359 4 2 0 1 2297 2300 1861 1439
9360 4 2 0 1 2634 1151 1803 1150
9361 4 2 0 1 1 1989 59 856
9362 4 2 0 1 2564 2808 2334 1777
9363 4 2 0 1 2560 2084 2562 2290
9364 4 2 0 1 1776 2567 2414 2647
9365 4 2 0 1 2410 2557 1792 2625
9366 4 2 0 1 2076 2611 2809 1774
9367 4 2 0 1 781 1837 1827 780
9368 4 2 0 1 1655 155 583 724
9369 4 2 0 1 2025 1063 1335 1069
9370 4 2 0 1 1968 1288 996 998
9371 4 2 0 1 1893 1972 2665 1927
9372 4 2 0 1 1653 672 493 2327
9373 4 2 0 1 1421 1653 2047 2233
9374 4 2 0 1 1988 2047 2233 1987
9375 4 2 0 1 2092 2707 1397 2733
9376 4 2 0 1 2130 2132 2129 1396
9377 4 2 0 1 1421 1653 630 2047
9378 4 2 0 1 1655 2723 583 1760
9379 4 2 0 1 1290 1898 1718 1152
9380 4 2 0 1 2746 2181 2136 2211
9381 4 2 0 1 1900 1884 1851 1849
9382 4 2 0 1 2702 2746 2136 2211
9383 4 2 0 1 2568 2704 1746 1401
9384 4 2 0 1 1568 1401 2169 2706
9385 4 2 0 1 1404 2747 2136 2179
9386 4 2 0 1 1983 1872 1849 1851
9387 4 2 0 1 2825 973 824 822
9388 4 2 0 1 2207 2576 2579 2717
9389 4 2 0 1 1850 1068 768 823
9390 4 2 0 1 1839 2548 1828 1825
9391 4 2 0 1 2469 2465 2463 2466
9392 4 2 0 1 1877 1194 1236 2032
9393 4 2 0 1 1584 2505 140 2504
9394 4 2 0 1 2355 2058 2356 2061
9395 4 2 0 1 1479 2353 2055 2216
9396 4 2 0 1 1744 1622 1619 710
9397 4 2 0 1 1478 2353 2057 2096
9398 4 2 0 1 2058 2709 2100 2099
9399 4 2 0 1 583 2723 1655 724
9400 4 2 0 1 2100 1380 2058 2099
9401 4 2 0 1 1175 1235 2650 1252
9402 4 2 0 1 2281 2692 1443 1697
9403 4 2 0 1 2069 2278 1447 2074
9404 4 2 0 1 1946 1016 1789 1174
9405 4 2 0 1 1325 2001 1163 1236
9406 4 2 0 1 2764 2253 2664 1956
9407 4 2 0 1 513 1728 218 444
9408 4 2 0 1 1383 2092 2088 2135
9409 4 2 0 1 2013 1952 1027 959
9410 4 2 0 1 379 2368 98 97
9411 4 2 0 1 1722 569 716 1738
9412 4 2 0 1 2227 2229 2326 2231
9413 4 2 0 1 1722 716 569 568
9414 4 2 0 1 1391 1627 2445 2133
9415 4 2 0 1 1016 1789 1288 1786
9416 4 2 0 1 2552 397 2053 143
9417 4 2 0 1 2406 1584 2505 2526
9418 4 2 0 1 2098 2708 2099 2590
9419 4 2 0 1 1288 1789 1016 1024
9420 4 2 0 1 1742 613 2592 1601
9421 4 2 0 1 141 139 1379 2052
9422 4 2 0 1 1250 1789 1016 1174
9423 4 2 0 1 2102 1386 2806 1980
9424 4 2 0 1 1408 2192 2479 2197
9425 4 2 0 1 2636 2815 2784 2438
9426 4 2 0 1 2316 2737 2448 1527
9427 4 2 0 1 2314 2309 2104 1449
9428 4 2 0 1 2790 64 22 21
9429 4 2 0 1 2790 2449 1701 2711
9430 4 2 0 1 2617 2620 1788 2618
9431 4 2 0 1 1786 2615 1789 1288
9432 4 2 0 1 2272 2153 1456 2311
9433 4 2 0 1 1465 1753 1754 2230
9434 4 2 0 1 1727 2579 2575 2576
9435 4 2 0 1 2219 2571 1433 2222
9436 4 2 0 1 2185 2706 2184 2568
9437 4 2 0 1 2327 2716 2230 2326
9438 4 2 0 1 370 630 369 2047
9439 4 2 0 1 1475 2210 2754 1482
9440 4 2 0 1 2693 2262 2071 2695
9441 4 2 0 1 2142 2704 1663 1599
9442 4 2 0 1 1612 2164 2149 2129
9443 4 2 0 1 1390 1663 2704 2131
9444 4 2 0 1 329 1620 2673 1619
9445 4 2 0 1 769 1874 767 770
9446 4 2 0 1 1400 1401 2169 2126
9447 4 2 0 1 2128 2707 2127 2132
9448 4 2 0 1 2183 1406 2705 2186
9449 4 2 0 1 2094 2674 1575 2054
9450 4 2 0 1 2263 2257 2261 2258
9451 4 2 0 1 2272 2266 2453 2760
9452 4 2 0 1 245 1654 1663 1661
9453 4 2 0 1 2617 2452 2618 2621
9454 4 2 0 1 245 1663 1654 243
9455 4 2 0 1 2566 2140 2565 1777
9456 4 2 0 1 2237 2232 2757 2238
9457 4 2 0 1 1633 2566 2141 2318
9458 4 2 0 1 2412 2557 2415 1627
9459 4 2 0 1 2563 2276 2277 1711
9460 4 2 0 1 1554 2075 1856 2283
9461 4 2 0 1 368 2432 396 2164
9462 4 2 0 1 1612 2164 2129 2131
9463 4 2 0 1 2094 2674 2054 2552
9464 4 2 0 1 1515 2171 2424 2785
9465 4 2 0 1 2177 2430 2178 2433
9466 4 2 0 1 559 2164 1612 2131
9467 4 2 0 1 2398 1492 2530 2423
9468 4 2 0 1 180 1665 176 2537
9469 4 2 0 1 180 1665 2537 2575
9470 4 2 0 1 493 301 1653 369
9471 4 2 0 1 2152 1457 2159 2156
9472 4 2 0 1 2425 1489 2388 2774
9473 4 2 0 1 2155 2422 2154 2712
9474 4 2 0 1 2158 2685 1535 2408
9475 4 2 0 1 2740 1484 2155 2366
9476 4 2 0 1 2671 1519 2439 2438
9477 4 2 0 1 2420 2740 2155 2712
9478 4 2 0 1 1787 2189 2093 2089
9479 4 2 0 1 1400 2736 2166 2165
9480 4 2 0 1 1400 2126 2128 2705
9481 4 2 0 1 2317 1500 1463 1631
9482 4 2 0 1 2701 2135 2703 2088
9483 4 2 0 1 2459 2737 1524 2170
9484 4 2 0 1 1947 2787 2788 1522
9485 4 2 0 1 2717 1482 2747 2112
9486 4 2 0 1 2134 1387 2112 1460
9487 4 2 0 1 2716 2327 2545 2738
9488 4 2 0 1 2545 2327 2175 2738
9489 4 2 0 1 2704 1390 2127 2123
9490 4 2 0 1 2410 2186 1626 2185
9491 4 2 0 1 2185 2143 2568 2184
9492 4 2 0 1 2119 2091 2127 2123
9493 4 2 0 1 2743 1604 2470 2472
9494 4 2 0 1 2087 1428 1383 2090
9495 4 2 0 1 2751 1561 1586 2752
9496 4 2 0 1 463 1536 1543 443
9497 4 2 0 1 2496 1388 2117 2114
9498 4 2 0 1 2098 2590 2099 2506
9499 4 2 0 1 2306 2204 2305 2214
9500 4 2 0 1 2733 2707 1397 2132
9501 4 2 0 1 2686 2401 1413 2213
9502 4 2 0 1 1621 2752 2823 2361
9503 4 2 0 1 2217 2308 2679 2681
9504 4 2 0 1 2525 2214 1478 2213
9505 4 2 0 1 2525 2401 2686 2213
9506 4 2 0 1 2750 2182 2739 2211
9507 4 2 0 1 2305 2306 2212 2744
9508 4 2 0 1 1696 1593 2405 2407
9509 4 2 0 1 2428 2538 1591 2426
9510 4 2 0 1 2177 1404 2181 2734
9511 4 2 0 1 1510 117 119 392
9512 4 2 0 1 2587 2363 1420 1483
9513 4 2 0 1 424 2771 189 687
9514 4 2 0 1 369 1465 493 221
9515 4 2 0 1 2207 2210 1482 2579
9516 4 2 0 1 2214 1442 2400 2308
9517 4 2 0 1 2761 2820 1429 2268
9518 4 2 0 1 2355 2058 1479 2356
9519 4 2 0 1 2109 1392 2134 2120
9520 4 2 0 1 1980 1370 749 1220
9521 4 2 0 1 221 1753 1468 1465
9522 4 2 0 1 2057 1477 2679 2681
9523 4 2 0 1 2167 2186 2736 2166
9524 4 2 0 1 1728 2572 1639 1416
9525 4 2 0 1 2288 2289 2608 1393
9526 4 2 0 1 1052 1994 1365 54
9527 4 2 0 1 832 1883 833 1882
9528 4 2 0 1 2764 2256 2543 2295
9529 4 2 0 1 2642 2643 1916 1926
9530 4 2 0 1 1632 1434 2240 2257
9531 4 2 0 1 559 1612 237 239
9532 4 2 0 1 2256 1993 2252 2248
9533 4 2 0 1 559 1612 2164 528
9534 4 2 0 1 2084 2605 2608 2700
9535 4 2 0 1 1450 2352 2270 1451
9536 4 2 0 1 1944 2246 2030 2247
9537 4 2 0 1 498 499 1740 723
9538 4 2 0 1 2400 458 131 2050
9539 4 2 0 1 2758 2023 2244 2757
9540 4 2 0 1 2289 2259 1597 2252
9541 4 2 0 1 1430 2248 1597 2258
9542 4 2 0 1 2109 2703 2134 1392
9543 4 2 0 1 1773 2638 2817 2596
9544 4 2 0 1 144 2051 621 701
9545 4 2 0 1 2693 2261 2284 2695
9546 4 2 0 1 1429 2261 2070 2820
9547 4 2 0 1 675 2051 1379 621
9548 4 2 0 1 1002 1859 1001 1003
9549 4 2 0 1 2083 2563 1711 2700
9550 4 2 0 1 346 1642 347 345
9551 4 2 0 1 2229 2110 1461 2231
9552 4 2 0 1 2823 1725 1481 2822
9553 4 2 0 1 2036 1081 1271 2660
9554 4 2 0 1 2654 2074 2273 2069
9555 4 2 0 1 2142 2123 2184 1761
9556 4 2 0 1 1858 2276 2277 2653
9557 4 2 0 1 2695 2070 2286 1553
9558 4 2 0 1 997 1968 996 998
9559 4 2 0 1 1658 1046 1659 2044
9560 4 2 0 1 1959 1885 1608 2515
9561 4 2 0 1 2655 2081 2082 2615
9562 4 2 0 1 2081 2083 2086 2076
9563 4 2 0 1 170 2835 620 655
9564 4 2 0 1 2036 2660 1271 2026
9565 4 2 0 1 2761 2820 2268 2652
9566 4 2 0 1 1293 2036 2026 1266
9567 4 2 0 1 2597 2596 2595 1775
9568 4 2 0 1 2077 1774 2597 2596
9569 4 2 0 1 1977 1919 1976 2300
9570 4 2 0 1 1820 1794 1368 1337
9571 4 2 0 1 817 1820 1215 1368
9572 4 2 0 1 1774 1382 2597 2076
9573 4 2 0 1 1771 2616 2021 2613
9574 4 2 0 1 2700 2607 2608 1775
9575 4 2 0 1 2727 2289 1393 2139
9576 4 2 0 1 2078 2603 2302 2596
9577 4 2 0 1 2295 2028 1598 1956
9578 4 2 0 1 2253 2139 2296 2304
9579 4 2 0 1 1437 2764 2664 1956
9580 4 2 0 1 1705 2215 2202 1417
9581 4 2 0 1 2749 2745 2200 1478
9582 4 2 0 1 2783 2306 2538 2427
9583 4 2 0 1 38 735 1126 2672
9584 4 2 0 1 991 1272 992 1788
9585 4 2 0 1 1540 401 653 371
9586 4 2 0 1 1189 935 2641 941
9587 4 2 0 1 2324 1924 2559 1636
9588 4 2 0 1 832 1883 1206 833
9589 4 2 0 1 1059 1794 1820 1337
9590 4 2 0 1 1156 1464 1159 2321
9591 4 2 0 1 2322 2631 2324 1636
9592 4 2 0 1 1800 1924 1833 2631
9593 4 2 0 1 755 1127 2024 1832
9594 4 2 0 1 1513 2174 1718 2027
9595 4 2 0 1 2434 2436 1516 2439
9596 4 2 0 1 2671 1127 2672 1638
9597 4 2 0 1 1929 2038 2435 1514
9598 4 2 0 1 1446 2678 2359 2073
9599 4 2 0 1 2360 337 1480 455
9600 4 2 0 1 2267 2715 2188 2562
9601 4 2 0 1 2217 2680 1414 2773
9602 4 2 0 1 2795 2493 2347 2755
9603 4 2 0 1 2142 2123 1761 1663
9604 4 2 0 1 1205 2026 1293 1271
9605 4 2 0 1 1723 1724 2350 1480
9606 4 2 0 1 351 2581 340 1575
9607 4 2 0 1 2349 424 189 315
9608 4 2 0 1 1419 1698 2362 2748
9609 4 2 0 1 2553 2551 2674 2552
9610 4 2 0 1 361 1642 1677 355
9611 4 2 0 1 2354 1621 2681 1493
9612 4 2 0 1 1572 1481 1685 2364
9613 4 2 0 1 317 2349 363 2490
9614 4 2 0 1 2142 2123 1663 2704
9615 4 2 0 1 2588 2838 1969 913
9616 4 2 0 1 1676 1441 2578 2209
9617 4 2 0 1 2523 2789 2777 2395
9618 4 2 0 1 2789 2198 2395 1410
9619 4 2 0 1 2105 2312 2713 2106
9620 4 2 0 1 2421 2154 2419 1503
9621 4 2 0 1 2481 2741 2191 2479
9622 4 2 0 1 2581 1620 1575 2063
9623 4 2 0 1 300 2484 692 1545
9624 4 2 0 1 2130 2132 1396 1397
9625 4 2 0 1 2058 2213 1494 2096
9626 4 2 0 1 1546 1733 530 2486
9627 4 2 0 1 2196 2118 2371 2482
9628 4 2 0 1 2381 2476 2774 2382
9629 4 2 0 1 1489 2169 2726 2165
9630 4 2 0 1 227 228 1650 226
9631 4 2 0 1 2387 1525 2397 2382
9632 4 2 0 1 2384 1487 2524 648
9633 4 2 0 1 1589 2815 2816 2424
9634 4 2 0 1 2188 2715 2330 2562
9635 4 2 0 1 2119 1389 1392 2120
9636 4 2 0 1 1316 993 1117 1908
9637 4 2 0 1 2053 2551 2552 2674
9638 4 2 0 1 2142 2123 2704 2184
9639 4 2 0 1 2720 1388 2115 2721
9640 4 2 0 1 1114 1966 1033 1032
9641 4 2 0 1 2060 2064 2099 2096
9642 4 2 0 1 138 2779 131 2687
9643 4 2 0 1 2715 2729 2330 2562
9644 4 2 0 1 1983 1872 769 1849
9645 4 2 0 1 2380 304 2379 303
9646 4 2 0 1 2567 2565 2414 2647
9647 4 2 0 1 785 1870 787 786
9648 4 2 0 1 1930 778 1827 1911
9649 4 2 0 1 1123 2661 2559 1881
9650 4 2 0 1 1893 1835 1154 1927
9651 4 2 0 1 2137 2601 2334 2338
9652 4 2 0 1 2808 2331 1767 2334
9653 4 2 0 1 2335 1767 2769 1889
9654 4 2 0 1 2701 2702 2088 2356
9655 4 2 0 1 1553 2694 2268 2714
9656 4 2 0 1 1765 2596 1991 2544
9657 4 2 0 1 2712 2449 2448 1522
9658 4 2 0 1 2157 2153 2159 2152
9659 4 2 0 1 2124 2128 2707 2127
9660 4 2 0 1 1398 1503 2160 1397
9661 4 2 0 1 1654 2164 2131 2132
9662 4 2 0 1 100 1637 99 98
9663 4 2 0 1 2483 2374 2484 2377
9664 4 2 0 1 2430 2821 1399 2734
9665 4 2 0 1 2035 1688 2027 2026
9666 4 2 0 1 2439 2437 1516 2434
9667 4 2 0 1 2340 1519 2671 2339
9668 4 2 0 1 1489 1488 2776 2151
9669 4 2 0 1 772 1909 776 774
9670 4 2 0 1 1838 2412 2411 2413
9671 4 2 0 1 2329 2188 2330 2562
9672 4 2 0 1 1464 2145 2323 2813
9673 4 2 0 1 2802 2617 1615 1786
9674 4 2 0 1 1945 991 2620 1788
9675 4 2 0 1 1173 854 2788 2450
9676 4 2 0 1 1945 2618 2620 2619
9677 4 2 0 1 2776 1488 2522 2151
9678 4 2 0 1 2810 1945 2811 2619
9679 4 2 0 1 1521 2787 1524 2737
9680 4 2 0 1 1523 2452 2621 2762
9681 4 2 0 1 2501 2500 1790 1552
9682 4 2 0 1 1552 2500 2499 2501
9683 4 2 0 1 731 2649 2691 1659
9684 4 2 0 1 1694 2190 551 1695
9685 4 2 0 1 551 1694 586 709
9686 4 2 0 1 709 586 279 1694
9687 4 2 0 1 883 2623 1829 2003
9688 4 2 0 1 1694 551 2190 645
9689 4 2 0 1 552 390 1694 2743
9690 4 2 0 1 280 2743 2472 281
9691 4 2 0 1 2393 2394 1525 2391
9692 4 2 0 1 2712 2449 2389 2448
9693 4 2 0 1 2456 2781 2542 2399
9694 4 2 0 1 2486 2375 2380 1507
9695 4 2 0 1 2476 2425 2774 2382
9696 4 2 0 1 1546 407 666 409
9697 4 2 0 1 2058 2709 2406 2408
9698 4 2 0 1 2743 2470 2195 1610
9699 4 2 0 1 695 2551 544 1576
9700 4 2 0 1 157 1551 489 1548
9701 4 2 0 1 729 295 1655 328
9702 4 2 0 1 2053 2581 2054 2052
9703 4 2 0 1 1423 2241 2240 2757
9704 4 2 0 1 753 1121 1860 1338
9705 4 2 0 1 1941 1845 2641 1499
9706 4 2 0 1 1917 1453 1834 1713
9707 4 2 0 1 2503 2617 2802 1786
9708 4 2 0 1 1859 1001 1003 2615
9709 4 2 0 1 2470 2743 2472 1610
9710 4 2 0 1 1445 2695 2286 1553
9711 4 2 0 1 1417 2215 1475 2224
9712 4 2 0 1 2572 1418 2222 2717
9713 4 2 0 1 1689 2201 1417 2202
9714 4 2 0 1 2586 218 191 204
9715 4 2 0 1 2235 856 1989 1
9716 4 2 0 1 209 190 195 1689
9717 4 2 0 1 2023 1998 2641 1218
9718 4 2 0 1 1689 195 1691 2586
9719 4 2 0 1 1612 2797 2798 2388
9720 4 2 0 1 2310 2065 2061 2313
9721 4 2 0 1 841 837 1881 1238
9722 4 2 0 1 882 2623 1214 1790
9723 4 2 0 1 1612 2797 2388 1490
9724 4 2 0 1 1949 878 1214 879
9725 4 2 0 1 841 1881 2662 1238
9726 4 2 0 1 1536 2193 2470 1610
9727 4 2 0 1 2708 2378 2103 2722
9728 4 2 0 1 2046 1045 1053 1346
9729 4 2 0 1 2125 2707 2176 2161
9730 4 2 0 1 917 1376 1840 1088
9731 4 2 0 1 1828 915 1840 1088
9732 4 2 0 1 1214 1094 1053 2583
9733 4 2 0 1 2656 1863 1948 1958
9734 4 2 0 1 259 2175 1537 256
9735 4 2 0 1 1656 2545 2122 1646
9736 4 2 0 1 2125 1390 2707 2161
9737 4 2 0 1 1103 1261 1716 1795
9738 4 2 0 1 1299 1103 1158 1795
9739 4 2 0 1 1012 1950 1885 1038
9740 4 2 0 1 1971 2550 1795 1608
9741 4 2 0 1 995 997 1217 1968
9742 4 2 0 1 1949 878 1227 1214
9743 4 2 0 1 2411 1501 2413 2415
9744 4 2 0 1 2737 2787 1524 2316
9745 4 2 0 1 1785 2802 1772 1615
9746 4 2 0 1 1952 1607 1773 2670
9747 4 2 0 1 1949 1214 1227 2583
9748 4 2 0 1 2566 2140 1777 2562
9749 4 2 0 1 2058 1380 2096 2099
9750 4 2 0 1 2470 2193 2195 1610
9751 4 2 0 1 738 2010 1196 1313
9752 4 2 0 1 1943 1440 2633 2303
9753 4 2 0 1 2704 1390 2131 2127
9754 4 2 0 1 2119 2091 2123 1405
9755 4 2 0 1 1635 1644 1395 2144
9756 4 2 0 1 2091 1405 2183 2184
9757 4 2 0 1 1787 2093 2189 2812
9758 4 2 0 1 1402 2172 1640 2568
9759 4 2 0 1 1981 1802 1801 1826
9760 4 2 0 1 1404 2747 2179 1415
9761 4 2 0 1 1734 1565 1736 2055
9762 4 2 0 1 2078 2301 2302 2603
9763 4 2 0 1 2327 2716 2717 2738
9764 4 2 0 1 1296 1981 1801 1826
9765 4 2 0 1 1106 1826 1844 1374
9766 4 2 0 1 2010 738 1196 972
9767 4 2 0 1 181 179 178 2363
9768 4 2 0 1 179 181 2587 2363
9769 4 2 0 1 2469 2467 2465 2627
9770 4 2 0 1 2699 2280 1606 2080
9771 4 2 0 1 1554 2655 2086 2082
9772 4 2 0 1 1773 2593 2817 1763
9773 4 2 0 1 79 522 2039 52
9774 4 2 0 1 2523 1637 2474 2367
9775 4 2 0 1 2720 2115 2479 2721
9776 4 2 0 1 2115 2192 2197 2479
9777 4 2 0 1 2520 2475 1610 1577
9778 4 2 0 1 2116 2103 2721 2479
9779 4 2 0 1 1637 2368 2367 2523
9780 4 2 0 1 2733 2707 2132 2161
9781 4 2 0 1 2637 2535 2814 2816
9782 4 2 0 1 1828 915 1088 939
9783 4 2 0 1 2601 2808 2609 2605
9784 4 2 0 1 788 1309 1165 1809
9785 4 2 0 1 1767 1870 1842 2606
9786 4 2 0 1 2241 2640 2338 2141
9787 4 2 0 1 2137 2808 1777 2334
9788 4 2 0 1 1941 1079 1240 976
9789 4 2 0 1 2625 2556 2624 2533
9790 4 2 0 1 1802 2634 1801 1803
9791 4 2 0 1 1945 991 994 2620
9792 4 2 0 1 2815 2785 2424 1518
9793 4 2 0 1 995 1973 1937 1615
9794 4 2 0 1 1079 1941 1240 1315
9795 4 2 0 1 1795 2550 2005 2549
9796 4 2 0 1 2613 2465 2466 1812
9797 4 2 0 1 1008 1158 1959 1012
9798 4 2 0 1 1199 1715 1370 1198
9799 4 2 0 1 2707 1390 2132 2161
9800 4 2 0 1 1103 1299 1261 1795
9801 4 2 0 1 1868 1167 1000 999
9802 4 2 0 1 889 1986 1804 2516
9803 4 2 0 1 1109 1345 2518 1351
9804 4 2 0 1 2093 2812 2170 2167
9805 4 2 0 1 976 1941 1218 1240
9806 4 2 0 1 1939 881 910 1262
9807 4 2 0 1 531 269 439 2149
9808 4 2 0 1 2283 1856 1554 2461
9809 4 2 0 1 1815 1149 1150 868
9810 4 2 0 1 2238 2326 2231 1754
9811 4 2 0 1 2335 2337 2336 1501
9812 4 2 0 1 784 1793 783 1889
9813 4 2 0 1 2331 2763 1767 2332
9814 4 2 0 1 2012 2246 1990 2016
9815 4 2 0 1 2138 2297 2298 2299
9816 4 2 0 1 2632 2658 1793 1847
9817 4 2 0 1 2049 1763 1879 2593
9818 4 2 0 1 1824 2048 2049 1879
9819 4 2 0 1 2001 1782 1796 2032
9820 4 2 0 1 881 880 1939 1830
9821 4 2 0 1 1554 2655 2082 1859
9822 4 2 0 1 2699 2282 1382 1606
9823 4 2 0 1 1943 1440 2303 1439
9824 4 2 0 1 2611 1774 2614 2612
9825 4 2 0 1 1847 809 783 807
9826 4 2 0 1 2023 2245 2022 1941
9827 4 2 0 1 970 969 2325 2765
9828 4 2 0 1 1189 1998 2641 935
9829 4 2 0 1 2727 2241 2240 1423
9830 4 2 0 1 1464 2145 2813 1915
9831 4 2 0 1 1464 1061 971 1196
9832 4 2 0 1 1955 1815 1813 1956
9833 4 2 0 1 861 864 1185 1890
9834 4 2 0 1 2078 1775 2291 2696
9835 4 2 0 1 1821 2300 1831 1440
9836 4 2 0 1 1919 1977 1861 2300
9837 4 2 0 1 2602 1775 2696 2608
9838 4 2 0 1 2078 2291 1775 2597
9839 4 2 0 1 44 1717 61 43
9840 4 2 0 1 38 2446 2672 1638
9841 4 2 0 1 881 1939 880 1262
9842 4 2 0 1 531 2149 439 402
9843 4 2 0 1 2638 2698 1683 2302
9844 4 2 0 1 61 1686 1747 267
9845 4 2 0 1 1648 2798 232 1650
9846 4 2 0 1 1966 1901 1472 1902
9847 4 2 0 1 1285 1098 1824 1284
9848 4 2 0 1 1452 2065 1565 2055
9849 4 2 0 1 2812 1641 2170 2167
9850 4 2 0 1 481 541 2511 1596
9851 4 2 0 1 640 1684 565 349
9852 4 2 0 1 2255 1596 2513 2226
9853 4 2 0 1 61 1686 267 43
9854 4 2 0 1 2613 2616 2021 1868
9855 4 2 0 1 2460 2468 2461 1534
9856 4 2 0 1 1688 1312 41 736
9857 4 2 0 1 2173 1687 2027 1512
9858 4 2 0 1 885 894 2003 1190
9859 4 2 0 1 1856 1533 2650 1855
9860 4 2 0 1 1853 2462 1854 1569
9861 4 2 0 1 1383 2156 2148 2090
9862 4 2 0 1 2459 1641 2170 2812
9863 4 2 0 1 2028 1814 1683 2302
9864 4 2 0 1 2672 2446 2439 1638
9865 4 2 0 1 1504 1401 1490 2169
9866 4 2 0 1 2462 1804 2518 1569
9867 4 2 0 1 1394 698 1758 469
9868 4 2 0 1 1819 1961 2455 1525
9869 4 2 0 1 469 75 1599 468
9870 4 2 0 1 2483 652 2374 2487
9871 4 2 0 1 2048 1825 2049 2629
9872 4 2 0 1 889 2032 887 1194
9873 4 2 0 1 733 16 1713 1198
9874 4 2 0 1 1550 2480 2496 2114
9875 4 2 0 1 1352 2012 1232 1255
9876 4 2 0 1 2789 2481 2793 2711
9877 4 2 0 1 2105 2741 2106 2713
9878 4 2 0 1 2553 2551 2552 2097
9879 4 2 0 1 2516 1877 964 1876
9880 4 2 0 1 1737 1575 2095 1601
9881 4 2 0 1 2708 2378 2722 1507
9882 4 2 0 1 2474 371 1540 1544
9883 4 2 0 1 947 1881 1206 1273
9884 4 2 0 1 1848 2499 2032 1569
9885 4 2 0 1 947 1206 1881 840
9886 4 2 0 1 1696 2821 2735 2431
9887 4 2 0 1 1921 865 867 866
9888 4 2 0 1 249 546 248 1661
9889 4 2 0 1 783 782 1889 1833
9890 4 2 0 1 1891 865 866 862
9891 4 2 0 1 111 113 2735 136
9892 4 2 0 1 1612 1746 239 2131
9893 4 2 0 1 2128 1383 2707 1397
9894 4 2 0 1 1798 1822 1823 2629
9895 4 2 0 1 2593 1879 2049 2629
9896 4 2 0 1 2135 2125 1392 2124
9897 4 2 0 1 1668 647 632 1646
9898 4 2 0 1 1128 1799 814 1139
9899 4 2 0 1 1078 1302 1895 866
9900 4 2 0 1 1761 1462 1405 1762
9901 4 2 0 1 2749 2217 2216 1414
9902 4 2 0 1 2065 1380 2062 2055
9903 4 2 0 1 1446 2073 2359 1738
9904 4 2 0 1 2034 2532 2533 2814
9905 4 2 0 1 2489 2755 2492 2794
9906 4 2 0 1 2513 2225 2285 2255
9907 4 2 0 1 2112 1418 2717 2222
9908 4 2 0 1 2112 2717 1418 2111
9909 4 2 0 1 2273 1553 2268 2274
9910 4 2 0 1 506 674 613 1601
9911 4 2 0 1 1737 674 571 1601
9912 4 2 0 1 674 506 571 1601
9913 4 2 0 1 1742 1573 651 1601
9914 4 2 0 1 651 1573 1574 1601
9915 4 2 0 1 1822 799 802 1798
9916 4 2 0 1 1062 2037 2339 1075
9917 4 2 0 1 2137 2290 1632 2562
9918 4 2 0 1 132 1684 587 483
9919 4 2 0 1 1459 2326 2111 2229
9920 4 2 0 1 2428 2427 2739 2538
9921 4 2 0 1 2071 1429 2695 2694
9922 4 2 0 1 1459 2111 2134 2229
9923 4 2 0 1 1730 2755 1474 2489
9924 4 2 0 1 2002 1939 1284 2000
9925 4 2 0 1 1737 2095 2062 1601
9926 4 2 0 1 609 363 2490 479
9927 4 2 0 1 609 479 2490 2348
9928 4 2 0 1 1798 799 802 800
9929 4 2 0 1 2795 2493 2225 2287
9930 4 2 0 1 1135 1062 1260 2339
9931 4 2 0 1 850 2344 1918 849
9932 4 2 0 1 1624 1594 2383 2399
9933 4 2 0 1 2535 2786 2440 1470
9934 4 2 0 1 38 501 2672 1588
9935 4 2 0 1 2736 2424 1641 1526
9936 4 2 0 1 2737 2093 2170 2165
9937 4 2 0 1 2062 2095 2094 1601
9938 4 2 0 1 1824 2000 1098 1879
9939 4 2 0 1 117 115 2431 116
9940 4 2 0 1 533 396 136 2164
9941 4 2 0 1 113 115 114 2735
9942 4 2 0 1 100 2368 1637 98
9943 4 2 0 1 100 102 2367 101
9944 4 2 0 1 2478 1542 2480 1590
9945 4 2 0 1 712 1541 1581 589
9946 4 2 0 1 1490 1612 1648 2388
9947 4 2 0 1 1487 639 1699 1571
9948 4 2 0 1 2398 2446 1650 1515
9949 4 2 0 1 1824 1098 2000 1284
9950 4 2 0 1 2409 2591 2805 2708
9951 4 2 0 1 1565 2102 1449 73
9952 4 2 0 1 1614 685 73 1449
9953 4 2 0 1 1550 2480 2114 1652
9954 4 2 0 1 2793 2741 2713 2711
9955 4 2 0 1 2624 1779 2140 2619
9956 4 2 0 1 2797 2724 2799 2151
9957 4 2 0 1 1656 1403 2570 2122
9958 4 2 0 1 1075 1289 1176 2635
9959 4 2 0 1 2011 2567 1778 2015
9960 4 2 0 1 2423 2438 1498 2530
9961 4 2 0 1 2093 2812 2167 2189
9962 4 2 0 1 944 1835 1893 1836
9963 4 2 0 1 588 203 187 1685
9964 4 2 0 1 1685 373 203 372
9965 4 2 0 1 1600 2804 1622 1618
9966 4 2 0 1 1898 1513 1875 1899
9967 4 2 0 1 1898 1513 1899 2443
9968 4 2 0 1 1883 1873 1295 1120
9969 4 2 0 1 2030 1944 1423 1998
9970 4 2 0 1 2093 2166 2167 2170
9971 4 2 0 1 2166 2093 2165 2170
9972 4 2 0 1 1347 1994 752 1365
9973 4 2 0 1 1309 789 1165 1780
9974 4 2 0 1 2812 2459 1524 2170
9975 4 2 0 1 1348 1832 758 756
9976 4 2 0 1 1210 848 1324 1902
9977 4 2 0 1 2093 2812 1524 2170
9978 4 2 0 1 509 2426 2178 2540
9979 4 2 0 1 1992 1826 1764 1798
9980 4 2 0 1 2426 509 2178 1509
9981 4 2 0 1 1866 809 811 1820
9982 4 2 0 1 619 509 2178 2540
9983 4 2 0 1 790 788 1913 1842
9984 4 2 0 1 2669 2670 1978 2041
9985 4 2 0 1 1938 983 1937 985
9986 4 2 0 1 881 1830 879 880
9987 4 2 0 1 1067 1974 1187 1328
9988 4 2 0 1 1190 2002 910 1191
9989 4 2 0 1 1244 1974 1067 2025
9990 4 2 0 1 1782 2500 2499 2003
9991 4 2 0 1 1244 1974 2025 2669
9992 4 2 0 1 2535 2341 1498 2440
9993 4 2 0 1 509 619 2178 394
9994 4 2 0 1 2531 1471 2043 2042
9995 4 2 0 1 1829 2002 910 2003
9996 4 2 0 1 34 62 1502 2043
9997 4 2 0 1 2384 1579 2524 1487
9998 4 2 0 1 2719 2367 2371 2482
9999 4 2 0 1 1667 718 1637 96
10000 4 2 0 1 643 509 1509 2178
10001 4 2 0 1 2163 1503 2377 2150
10002 4 2 0 1 1570 1571 1583 1699
10003 4 2 0 1 509 643 394 2178
10004 4 2 0 1 2381 1579 2774 1699
10005 4 2 0 1 2212 121 2429 120
10006 4 2 0 1 2426 133 1509 2744
10007 4 2 0 1 606 1684 1586 460
10008 4 2 0 1 606 1684 460 565
10009 4 2 0 1 203 187 1685 202
10010 4 2 0 1 1314 1990 1987 2016
10011 4 2 0 1 643 1510 1511 2178
10012 4 2 0 1 1388 2507 2097 2589
10013 4 2 0 1 1510 643 1509 2178
10014 4 2 0 1 2478 2480 2118 1590
10015 4 2 0 1 1809 1309 1165 1780
10016 4 2 0 1 2552 397 143 146
10017 4 2 0 1 167 1604 527 679
10018 4 2 0 1 2507 145 266 147
10019 4 2 0 1 2504 2675 2505 140
10020 4 2 0 1 2715 2109 2187 1428
10021 4 2 0 1 2496 500 494 2507
10022 4 2 0 1 1160 1821 1274 1216
10023 4 2 0 1 821 1237 1810 1165
10024 4 2 0 1 2496 1651 1590 2480
10025 4 2 0 1 2153 1383 1428 1457
10026 4 2 0 1 1400 2128 2148 2090
10027 4 2 0 1 1019 1021 2462 1020
10028 4 2 0 1 2221 2577 1666 1412
10029 4 2 0 1 2532 2536 2535 2811
10030 4 2 0 1 2206 1665 2578 1666
10031 4 2 0 1 2363 179 2578 1483
10032 4 2 0 1 2215 2753 1414 2773
10033 4 2 0 1 1398 2153 1457 1383
10034 4 2 0 1 2358 1481 2364 2773
10035 4 2 0 1 139 2052 2050 1379
10036 4 2 0 1 872 1160 1216 1977
10037 4 2 0 1 425 2365 184 182
10038 4 2 0 1 2496 2480 1590 2118
10039 4 2 0 1 1821 1216 1803 1801
10040 4 2 0 1 1457 1398 1383 2156
10041 4 2 0 1 1544 463 673 371
10042 4 2 0 1 1651 1652 1590 2480
10043 4 2 0 1 1542 1652 2480 1590
10044 4 2 0 1 1599 1761 1663 2142
10045 4 2 0 1 1586 606 460 459
10046 4 2 0 1 1751 207 205 384
10047 4 2 0 1 1599 2704 1663 241
10048 4 2 0 1 555 309 468 1599
10049 4 2 0 1 400 403 726 1752
10050 4 2 0 1 2465 2627 1997 1716
10051 4 2 0 1 1704 527 166 1604
10052 4 2 0 1 1021 1852 1020 1175
10053 4 2 0 1 467 309 2569 1599
10054 4 2 0 1 2166 2093 2167 2187
10055 4 2 0 1 1542 2478 2482 1590
10056 4 2 0 1 660 204 1567 270
10057 4 2 0 1 231 1570 591 228
10058 4 2 0 1 826 1850 2040 825
10059 4 2 0 1 106 1485 103 389
10060 4 2 0 1 1649 628 1648 491
10061 4 2 0 1 1405 1461 1626 1462
10062 4 2 0 1 2465 2467 1997 2627
10063 4 2 0 1 379 2368 1580 2524
10064 4 2 0 1 1875 1513 1718 2027
10065 4 2 0 1 1686 2174 1717 1747
10066 4 2 0 1 2129 2164 1396 2132
10067 4 2 0 1 368 533 367 2164
10068 4 2 0 1 1581 97 1580 380
10069 4 2 0 1 2185 2183 1631 2184
10070 4 2 0 1 251 1656 1671 1661
10071 4 2 0 1 1389 2125 2122 2570
10072 4 2 0 1 2570 2125 2123 1389
10073 4 2 0 1 1580 381 1581 380
10074 4 2 0 1 157 489 153 1548
10075 4 2 0 1 2119 1389 2120 1405
10076 4 2 0 1 1639 2572 2571 1416
10077 4 2 0 1 262 489 1550 162
10078 4 2 0 1 2630 841 2662 946
10079 4 2 0 1 2630 947 945 1128
10080 4 2 0 1 2220 1639 2571 1416
10081 4 2 0 1 2496 1651 197 1733
10082 4 2 0 1 100 2368 98 101
10083 4 2 0 1 1689 2201 2202 2363
10084 4 2 0 1 2792 1670 1664 1595
10085 4 2 0 1 2473 2198 2777 2789
10086 4 2 0 1 920 1783 919 1253
10087 4 2 0 1 1739 614 65 1692
10088 4 2 0 1 1689 1705 2202 1417
10089 4 2 0 1 663 282 1670 1611
10090 4 2 0 1 293 2498 1741 302
10091 4 2 0 1 2201 1728 2586 1416
10092 4 2 0 1 190 181 2586 2587
10093 4 2 0 1 293 2498 302 290
10094 4 2 0 1 2761 2260 1429 2261
10095 4 2 0 1 584 390 286 2529
10096 4 2 0 1 2290 2260 2761 2263
10097 4 2 0 1 287 473 1729 285
10098 4 2 0 1 2823 436 1685 1684
10099 4 2 0 1 2054 2064 2675 2052
10100 4 2 0 1 2778 2396 2390 2395
10101 4 2 0 1 1146 814 2630 1122
10102 4 2 0 1 2267 2260 1632 2113
10103 4 2 0 1 2264 2267 2108 1427
10104 4 2 0 1 2477 1541 417 681
10105 4 2 0 1 2110 1427 2267 2113
10106 4 2 0 1 306 1625 217 273
10107 4 2 0 1 1625 537 217 223
10108 4 2 0 1 2113 2267 2260 1427
10109 4 2 0 1 1146 2630 814 1128
10110 4 2 0 1 317 2772 318 316
10111 4 2 0 1 2779 2687 2400 131
10112 4 2 0 1 2296 1926 2247 1438
10113 4 2 0 1 1698 1483 2364 2362
10114 4 2 0 1 2253 2296 2247 1438
10115 4 2 0 1 1954 1438 1926 2296
10116 4 2 0 1 506 1742 651 1601
10117 4 2 0 1 1825 1219 948 1269
10118 4 2 0 1 2241 1466 2240 2757
10119 4 2 0 1 2098 2507 2589 2590
10120 4 2 0 1 1047 1825 1269 1333
10121 4 2 0 1 2253 2247 2252 1438
10122 4 2 0 1 2823 436 1684 2824
10123 4 2 0 1 2252 2253 1438 2664
10124 4 2 0 1 1876 2519 2006 2515
10125 4 2 0 1 625 2832 1600 572
10126 4 2 0 1 700 727 186 1572
10127 4 2 0 1 436 357 2822 523
10128 4 2 0 1 597 1744 710 326
10129 4 2 0 1 1573 691 651 488
10130 4 2 0 1 1466 2241 2244 2757
10131 4 2 0 1 2517 1986 2006 2515
10132 4 2 0 1 1947 1789 1946 2762
10133 4 2 0 1 1885 2517 2006 2515
10134 4 2 0 1 579 364 1585 361
10135 4 2 0 1 1789 1523 2621 2762
10136 4 2 0 1 1931 980 1085 1316
10137 4 2 0 1 1448 1614 1556 1449
10138 4 2 0 1 1981 1802 2634 1801
10139 4 2 0 1 372 203 1685 202
10140 4 2 0 1 1698 372 1685 202
10141 4 2 0 1 1562 129 547 1495
10142 4 2 0 1 1684 1645 132 587
10143 4 2 0 1 436 357 545 2824
10144 4 2 0 1 342 2832 338 339
10145 4 2 0 1 1448 1614 1449 2309
10146 4 2 0 1 188 2822 680 523
10147 4 2 0 1 2519 2627 1608 2515
10148 4 2 0 1 1511 2430 2431 2433
10149 4 2 0 1 2160 2735 1399 1396
10150 4 2 0 1 1451 1460 2701 2352
10151 4 2 0 1 115 1696 2431 116
10152 4 2 0 1 2721 1386 2592 2101
10153 4 2 0 1 1980 749 1207 1220
10154 4 2 0 1 1742 1760 1741 1573
10155 4 2 0 1 506 405 651 1742
10156 4 2 0 1 1658 1660 1359 1168
10157 4 2 0 1 405 1573 691 651
10158 4 2 0 1 1378 804 802 1822
10159 4 2 0 1 1140 25 1965 26
10160 4 2 0 1 211 1670 1595 1664
10161 4 2 0 1 1700 91 1602 1672
10162 4 2 0 1 1588 617 2477 417
10163 4 2 0 1 2754 2219 2222 1416
10164 4 2 0 1 1521 2770 1525 2397
10165 4 2 0 1 2174 1686 1717 2027
10166 4 2 0 1 1789 2453 1523 2762
10167 4 2 0 1 2264 2271 2260 2268
10168 4 2 0 1 2210 2207 1482 2747
10169 4 2 0 1 1578 297 1752 292
10170 4 2 0 1 1822 806 802 799
10171 4 2 0 1 1451 2714 1450 2153
10172 4 2 0 1 1748 365 321 354
10173 4 2 0 1 1429 2264 2694 2071
10174 4 2 0 1 2042 1673 1471 2043
10175 4 2 0 1 1608 1885 2006 2515
10176 4 2 0 1 1575 350 1574 1566
10177 4 2 0 1 1806 2037 1075 2635
10178 4 2 0 1 1660 1224 979 1049
10179 4 2 0 1 718 1540 224 532
10180 4 2 0 1 1578 729 294 295
10181 4 2 0 1 1591 636 578 510
10182 4 2 0 1 640 1750 1684 1642
10183 4 2 0 1 381 379 1487 648
10184 4 2 0 1 1472 2343 1902 1901
10185 4 2 0 1 1472 2343 1901 1471
10186 4 2 0 1 1387 1433 2112 2262
10187 4 2 0 1 2105 2741 2479 2191
10188 4 2 0 1 2388 2398 1650 1504
10189 4 2 0 1 1387 1433 2227 2112
10190 4 2 0 1 2681 1621 2217 1493
10191 4 2 0 1 1959 2517 1885 2515
10192 4 2 0 1 482 344 1585 607
10193 4 2 0 1 1639 301 2572 219
10194 4 2 0 1 2111 2227 2326 1418
10195 4 2 0 1 1653 2327 1465 1418
10196 4 2 0 1 2179 2717 2112 2111
10197 4 2 0 1 2546 79 382 492
10198 4 2 0 1 2630 947 1128 1146
10199 4 2 0 1 1482 2754 2222 2579
10200 4 2 0 1 1605 1668 382 2546
10201 4 2 0 1 1981 1200 1095 806
10202 4 2 0 1 385 1751 207 1752
10203 4 2 0 1 390 709 1694 645
10204 4 2 0 1 2441 1071 1086 974
10205 4 2 0 1 2060 2525 2308 1478
10206 4 2 0 1 2308 2057 2681 2060
10207 4 2 0 1 2060 2064 2057 2681
10208 4 2 0 1 1843 1887 1975 1084
10209 4 2 0 1 2217 1621 2752 1493
10210 4 2 0 1 2400 1493 2050 2681
10211 4 2 0 1 1865 2336 2658 2657
10212 4 2 0 1 1442 2751 2400 2308
10213 4 2 0 1 199 1584 304 303
10214 4 2 0 1 1485 2384 2369 2524
10215 4 2 0 1 712 1541 589 452
10216 4 2 0 1 2353 2682 2679 2057
10217 4 2 0 1 2525 2060 2308 2687
10218 4 2 0 1 1581 2383 589 1541
10219 4 2 0 1 306 1625 273 1692
10220 4 2 0 1 924 1935 965 926
10221 4 2 0 1 25 26 549 1965
10222 4 2 0 1 84 81 1411 549
10223 4 2 0 1 2423 2815 1515 2424
10224 4 2 0 1 1667 2368 2523 2390
10225 4 2 0 1 1793 1975 1157 1820
10226 4 2 0 1 1692 537 622 539
10227 4 2 0 1 386 1704 527 689
10228 4 2 0 1 1670 374 215 641
10229 4 2 0 1 486 2742 1694 2470
10230 4 2 0 1 2398 1504 2423 1515
10231 4 2 0 1 2658 1793 1866 1820
10232 4 2 0 1 2439 2437 2434 1512
10233 4 2 0 1 1086 2029 1266 1070
10234 4 2 0 1 1717 471 1643 44
10235 4 2 0 1 1519 2038 2784 2636
10236 4 2 0 1 784 786 1084 1887
10237 4 2 0 1 1914 1843 1842 2300
10238 4 2 0 1 1516 2029 2441 2436
10239 4 2 0 1 2658 1793 1820 2657
10240 4 2 0 1 1387 2113 2071 1427
10241 4 2 0 1 2349 316 317 315
10242 4 2 0 1 1913 2763 1842 2606
10243 4 2 0 1 1073 2014 1907 1203
10244 4 2 0 1 2348 1657 2490 1730
10245 4 2 0 1 1700 91 1672 1560
10246 4 2 0 1 322 2350 1748 2772
10247 4 2 0 1 2737 2165 2168 2776
10248 4 2 0 1 2181 2684 2162 2734
10249 4 2 0 1 1489 2165 2168 1526
10250 4 2 0 1 2526 1494 2406 2401
10251 4 2 0 1 117 2429 119 118
10252 4 2 0 1 2163 2732 2735 2484
10253 4 2 0 1 93 1560 1672 91
10254 4 2 0 1 1526 2458 2816 2459
10255 4 2 0 1 2557 1500 2415 1627
10256 4 2 0 1 2425 1489 2458 1526
10257 4 2 0 1 1033 2339 1135 1260
10258 4 2 0 1 966 1936 1795 2005
10259 4 2 0 1 2459 2458 2168 1526
10260 4 2 0 1 1670 456 525 457
10261 4 2 0 1 416 415 690 1617
10262 4 2 0 1 1932 2786 1918 1933
10263 4 2 0 1 253 1537 2541 1656
10264 4 2 0 1 214 216 1595 213
10265 4 2 0 1 714 1664 1625 415
10266 4 2 0 1 253 1537 1656 256
10267 4 2 0 1 1656 256 1537 2175
10268 4 2 0 1 2778 2454 2396 2457
10269 4 2 0 1 1656 2541 2122 1537
10270 4 2 0 1 2175 1656 2122 1537
10271 4 2 0 1 2357 1476 1480 2350
10272 4 2 0 1 507 383 1600 625
10273 4 2 0 1 1415 2539 1537 2541
10274 4 2 0 1 1472 1832 2339 1966
10275 4 2 0 1 326 1600 327 325
10276 4 2 0 1 1685 1698 2364 2362
10277 4 2 0 1 383 342 1600 625
10278 4 2 0 1 1665 2537 2538 2307
10279 4 2 0 1 2537 1726 272 1727
10280 4 2 0 1 2437 2784 1516 2435
10281 4 2 0 1 509 2426 510 508
10282 4 2 0 1 1412 2221 2200 2205
10283 4 2 0 1 2508 2539 2428 1404
10284 4 2 0 1 275 276 68 1668
10285 4 2 0 1 1635 2321 2323 1996
10286 4 2 0 1 221 562 1753 1465
10287 4 2 0 1 1761 1762 1405 1759
10288 4 2 0 1 276 632 611 1668
10289 4 2 0 1 1415 1726 1537 2539
10290 4 2 0 1 2215 2224 2492 2359
10291 4 2 0 1 1656 647 1646 388
10292 4 2 0 1 79 1668 275 1762
10293 4 2 0 1 1605 2546 382 492
10294 4 2 0 1 2493 2492 2359 1547
10295 4 2 0 1 2678 2351 2359 2073
10296 4 2 0 1 562 221 1753 563
10297 4 2 0 1 935 876 2641 941
10298 4 2 0 1 2360 1446 2359 1738
10299 4 2 0 1 1698 372 428 429
10300 4 2 0 1 2357 2218 1756 1414
10301 4 2 0 1 432 2572 1727 1539
10302 4 2 0 1 1642 607 344 346
10303 4 2 0 1 383 2822 680 1600
10304 4 2 0 1 141 2052 2506 140
10305 4 2 0 1 1477 2095 1736 1566
10306 4 2 0 1 2406 1584 2379 2504
10307 4 2 0 1 1221 900 901 1969
10308 4 2 0 1 2832 333 334 335
10309 4 2 0 1 1197 1051 1969 1119
10310 4 2 0 1 651 1574 358 571
10311 4 2 0 1 900 2020 901 1969
10312 4 2 0 1 2054 2052 2506 2552
10313 4 2 0 1 1700 2456 1560 1965
10314 4 2 0 1 695 1576 644 422
10315 4 2 0 1 141 2052 2552 2506
10316 4 2 0 1 1751 2830 289 1752
10317 4 2 0 1 2514 1639 2220 1567
10318 4 2 0 1 1752 447 2839 631
10319 4 2 0 1 280 1670 2792 556
10320 4 2 0 1 2471 1603 2498 2528
10321 4 2 0 1 2255 2254 2513 1436
10322 4 2 0 1 204 270 195 1691
10323 4 2 0 1 1563 80 2510 609
10324 4 2 0 1 650 1596 1567 2514
10325 4 2 0 1 713 1690 209 1691
10326 4 2 0 1 517 2050 222 598
10327 4 2 0 1 2319 1634 2413 2324
10328 4 2 0 1 2319 1634 2324 2631
10329 4 2 0 1 1548 2471 1551 1652
10330 4 2 0 1 1742 405 1741 505
10331 4 2 0 1 163 2117 1550 2496
10332 4 2 0 1 1741 2498 1578 2497
10333 4 2 0 1 577 2497 465 150
10334 4 2 0 1 82 518 1531 2531
10335 4 2 0 1 1686 42 721 77
10336 4 2 0 1 2256 2252 1993 1437
10337 4 2 0 1 2004 1830 1864 1958
10338 4 2 0 1 1144 746 1223 1682
10339 4 2 0 1 1435 1425 1904 2249
10340 4 2 0 1 2755 2489 2510 2794
10341 4 2 0 1 2497 161 1587 1578
10342 4 2 0 1 305 2497 1578 161
10343 4 2 0 1 1675 1371 32 1082
10344 4 2 0 1 1208 1846 737 1307
10345 4 2 0 1 819 755 757 1832
10346 4 2 0 1 1340 819 1880 1071
10347 4 2 0 1 2456 2393 1560 1965
10348 4 2 0 1 825 2040 827 838
10349 4 2 0 1 1587 206 1578 161
10350 4 2 0 1 1624 91 1700 1560
10351 4 2 0 1 1850 1068 1317 768
10352 4 2 0 1 1514 1872 1899 1873
10353 4 2 0 1 2559 1122 1800 1112
10354 4 2 0 1 1112 1930 2559 808
10355 4 2 0 1 38 66 501 1588
10356 4 2 0 1 38 2446 66 1588
10357 4 2 0 1 1111 990 1469 1073
10358 4 2 0 1 1767 1888 1887 1842
10359 4 2 0 1 1395 1758 1759 1644
10360 4 2 0 1 1919 1160 1976 873
10361 4 2 0 1 871 874 873 1919
10362 4 2 0 1 787 2015 1871 820
10363 4 2 0 1 2669 1974 1978 1187
10364 4 2 0 1 1992 1798 1764 1823
10365 4 2 0 1 2593 1763 1773 2049
10366 4 2 0 1 91 1624 697 1560
10367 4 2 0 1 697 91 1560 94
10368 4 2 0 1 1758 698 75 469
10369 4 2 0 1 2645 2593 2668 1985
10370 4 2 0 1 2495 2471 2498 2497
10371 4 2 0 1 801 1798 1155 1110
10372 4 2 0 1 957 2025 2610 1244
10373 4 2 0 1 786 790 1084 1842
10374 4 2 0 1 1301 957 2610 1177
10375 4 2 0 1 1794 1059 975 1025
10376 4 2 0 1 1640 1395 2146 1758
10377 4 2 0 1 559 1612 239 2131
10378 4 2 0 1 1716 1970 2610 1953
10379 4 2 0 1 242 559 2131 367
10380 4 2 0 1 1971 2550 1608 1999
10381 4 2 0 1 1898 1233 1718 1152
10382 4 2 0 1 1587 2498 2528 2497
10383 4 2 0 1 1827 1836 778 780
10384 4 2 0 1 1845 2658 1029 1865
10385 4 2 0 1 2267 2264 2260 1427
10386 4 2 0 1 1234 2040 829 1882
10387 4 2 0 1 2040 1169 842 828
10388 4 2 0 1 1332 848 1846 845
10389 4 2 0 1 1331 1267 1865 1029
10390 4 2 0 1 416 415 1664 210
10391 4 2 0 1 1548 1551 2471 2528
10392 4 2 0 1 1693 2778 2791 1411
10393 4 2 0 1 1693 2778 1411 2199
10394 4 2 0 1 1903 1905 1993 1906
10395 4 2 0 1 2254 2250 2513 1436
10396 4 2 0 1 1287 2044 1680 1346
10397 4 2 0 1 1988 2258 2236 2246
10398 4 2 0 1 2514 1639 472 1421
10399 4 2 0 1 1815 1149 2634 1150
10400 4 2 0 1 1617 540 690 667
10401 4 2 0 1 1954 1438 2296 2253
10402 4 2 0 1 1971 928 1246 965
10403 4 2 0 1 2199 154 1672 1617
10404 4 2 0 1 2253 2139 2304 2289
10405 4 2 0 1 2698 2004 1940 2028
10406 4 2 0 1 2044 2045 2292 2573
10407 4 2 0 1 2411 1633 2414 2780
10408 4 2 0 1 3 746 1682 1223
10409 4 2 0 1 2244 2768 2318 1463
10410 4 2 0 1 1267 2658 1865 1029
10411 4 2 0 1 1763 2584 2049 1824
10412 4 2 0 1 465 150 2497 151
10413 4 2 0 1 2412 2411 2415 2414
10414 4 2 0 1 1500 2318 2415 1463
10415 4 2 0 1 2001 1163 1796 1824
10416 4 2 0 1 2756 1626 1463 2318
10417 4 2 0 1 1886 1226 1076 1042
10418 4 2 0 1 1969 1999 2588 916
10419 4 2 0 1 964 1876 897 893
10420 4 2 0 1 896 1876 897 898
10421 4 2 0 1 1742 268 2101 2592
10422 4 2 0 1 1244 1953 2610 956
10423 4 2 0 1 1064 1854 1358 1852
10424 4 2 0 1 1649 484 491 1648
10425 4 2 0 1 1649 484 1648 1747
10426 4 2 0 1 1647 1648 239 238
10427 4 2 0 1 238 1648 484 1647
10428 4 2 0 1 236 238 1648 711
10429 4 2 0 1 1909 1928 1514 1874
10430 4 2 0 1 2637 2438 2440 1498
10431 4 2 0 1 2045 1658 1731 1659
10432 4 2 0 1 1808 1303 1972 2033
10433 4 2 0 1 731 1731 1659 2691
10434 4 2 0 1 11 1659 1731 1658
10435 4 2 0 1 2833 1131 934 930
10436 4 2 0 1 2462 1018 1020 1064
10437 4 2 0 1 2549 1953 1970 1716
10438 4 2 0 1 1261 1251 1055 1936
10439 4 2 0 1 2611 1702 2085 2076
10440 4 2 0 1 2613 1812 2082 1867
10441 4 2 0 1 993 1925 1942 1908
10442 4 2 0 1 1785 2081 2082 2616
10443 4 2 0 1 1103 1867 1167 1004
10444 4 2 0 1 2573 2796 1659 2691
10445 4 2 0 1 1959 2517 1102 1885
10446 4 2 0 1 1783 1254 1936 1970
10447 4 2 0 1 2501 2796 2649 1659
10448 4 2 0 1 1017 1959 1009 2518
10449 4 2 0 1 2549 1953 1841 1970
10450 4 2 0 1 2796 2649 1659 2691
10451 4 2 0 1 1199 733 1715 1198
10452 4 2 0 1 2056 1756 2677 1669
10453 4 2 0 1 2056 1757 1756 1669
10454 4 2 0 1 798 1826 1798 799
10455 4 2 0 1 1129 1805 1784 796
10456 4 2 0 1 1073 1469 1259 1907
10457 4 2 0 1 1204 944 1893 1836
10458 4 2 0 1 1074 1321 2014 1203
10459 4 2 0 1 1642 2580 1677 1750
10460 4 2 0 1 2692 2573 2068 2292
10461 4 2 0 1 2001 2002 1796 1782
10462 4 2 0 1 2613 2465 1812 1867
10463 4 2 0 1 2692 2045 1697 1731
10464 4 2 0 1 1681 2046 2292 2573
10465 4 2 0 1 1795 1971 1950 1299
10466 4 2 0 1 2066 2509 2292 2582
10467 4 2 0 1 1848 2623 2003 2499
10468 4 2 0 1 2692 2045 1731 2573
10469 4 2 0 1 2495 2498 1741 2497
10470 4 2 0 1 2588 897 899 1141
10471 4 2 0 1 1021 1852 2648 2462
10472 4 2 0 1 1855 1812 2461 1854
10473 4 2 0 1 2072 1714 1860 2650
10474 4 2 0 1 2796 2622 2501 1853
10475 4 2 0 1 2220 2219 1417 1416
10476 4 2 0 1 1531 754 1967 1339
10477 4 2 0 1 2494 2723 2497 1741
10478 4 2 0 1 1959 1017 1009 1011
10479 4 2 0 1 181 190 2586 191
10480 4 2 0 1 1877 2001 1163 1796
10481 4 2 0 1 903 2006 2020 1886
10482 4 2 0 1 190 2587 2586 1689
10483 4 2 0 1 2517 1345 1017 1102
10484 4 2 0 1 1102 1013 1011 1885
10485 4 2 0 1 1180 2517 1986 1076
10486 4 2 0 1 1017 2517 1102 1959
10487 4 2 0 1 2028 1817 1813 1956
10488 4 2 0 1 798 1826 799 797
10489 4 2 0 1 1959 2517 2515 2518
10490 4 2 0 1 2363 1728 2575 181
10491 4 2 0 1 1689 2201 2363 2586
10492 4 2 0 1 1532 1807 1928 1927
10493 4 2 0 1 1514 1875 1899 1872
10494 4 2 0 1 2660 1896 1884 1900
10495 4 2 0 1 1872 1884 1873 1849
10496 4 2 0 1 1514 1910 1874 1873
10497 4 2 0 1 1898 1896 1884 2660
10498 4 2 0 1 2774 1699 1579 2521
10499 4 2 0 1 1076 2517 1022 1300
10500 4 2 0 1 2319 2813 1501 2631
10501 4 2 0 1 1876 2020 2006 2519
10502 4 2 0 1 2226 1707 2510 580
10503 4 2 0 1 2498 1587 1578 2497
10504 4 2 0 1 2441 1124 1850 974
10505 4 2 0 1 1520 1512 1687 1515
10506 4 2 0 1 2381 2774 1579 1488
10507 4 2 0 1 1098 2000 1284 1181
10508 4 2 0 1 1099 1813 1878 1294
10509 4 2 0 1 649 137 1740 723
10510 4 2 0 1 1817 1437 1890 1891
10511 4 2 0 1 1181 1939 1284 1262
10512 4 2 0 1 1181 1878 1099 1816
10513 4 2 0 1 1939 1343 880 1262
10514 4 2 0 1 2149 498 531 269
10515 4 2 0 1 1709 1713 1712 1710
10516 4 2 0 1 2070 2273 2820 2074
10517 4 2 0 1 2654 2273 2274 2069
10518 4 2 0 1 1872 2660 1899 1884
10519 4 2 0 1 1909 1911 776 774
10520 4 2 0 1 2630 1123 2559 1881
10521 4 2 0 1 2325 1143 970 1915
10522 4 2 0 1 1932 1918 2635 1176
10523 4 2 0 1 2344 847 849 846
10524 4 2 0 1 1780 1766 1781 1770
10525 4 2 0 1 1450 2310 2309 1712
10526 4 2 0 1 2070 2273 2074 2069
10527 4 2 0 1 1772 2605 1770 2600
10528 4 2 0 1 957 2025 1244 1335
10529 4 2 0 1 904 2588 2831 2838
10530 4 2 0 1 2603 2544 1765 2303
10531 4 2 0 1 1802 1831 1764 2303
10532 4 2 0 1 2073 2795 2286 2287
10533 4 2 0 1 2072 2281 1720 519
10534 4 2 0 1 1719 2072 1444 1720
10535 4 2 0 1 1444 2281 1720 2072
10536 4 2 0 1 1735 1757 1613 1722
10537 4 2 0 1 1757 568 1613 1722
10538 4 2 0 1 570 2491 521 1730
10539 4 2 0 1 520 570 521 1730
10540 4 2 0 1 2662 2322 2765 2321
10541 4 2 0 1 1986 1076 2006 1225
10542 4 2 0 1 1848 1090 886 895
10543 4 2 0 1 2347 520 1730 1547
10544 4 2 0 1 2276 2654 2653 1858
10545 4 2 0 1 14 1714 1121 15
10546 4 2 0 1 1104 1859 1002 1003
10547 4 2 0 1 498 531 1740 2799
10548 4 2 0 1 1962 2416 1963 855
10549 4 2 0 1 950 980 1932 951
10550 4 2 0 1 498 1699 499 235
10551 4 2 0 1 1334 1026 1923 1184
10552 4 2 0 1 1094 2623 1214 1336
10553 4 2 0 1 1819 1960 743 1961
10554 4 2 0 1 1471 2341 2440 1498
10555 4 2 0 1 2627 1959 1608 2515
10556 4 2 0 1 1840 918 916 1999
10557 4 2 0 1 925 1279 1869 1797
10558 4 2 0 1 1279 925 1869 923
10559 4 2 0 1 1356 1211 1307 1675
10560 4 2 0 1 1520 1512 1515 1638
10561 4 2 0 1 1502 32 2416 83
10562 4 2 0 1 1966 1832 818 758
10563 4 2 0 1 1902 1966 1967 1472
10564 4 2 0 1 498 1699 235 2798
10565 4 2 0 1 1487 1579 1699 1740
10566 4 2 0 1 2384 1579 1487 1740
10567 4 2 0 1 1211 1846 1307 1675
10568 4 2 0 1 2090 1428 2093 2187
10569 4 2 0 1 1839 2548 1825 2049
10570 4 2 0 1 1155 1798 2629 1110
10571 4 2 0 1 2174 1402 1640 1747
10572 4 2 0 1 467 75 1758 615
10573 4 2 0 1 1763 1879 2000 1824
10574 4 2 0 1 174 172 1441 173
10575 4 2 0 1 432 2572 1539 307
10576 4 2 0 1 738 2010 1313 1315
10577 4 2 0 1 2568 2569 2704 2142
10578 4 2 0 1 1424 2251 1987 1988
10579 4 2 0 1 2518 2462 1280 1018
10580 4 2 0 1 2683 2676 2710 2094
10581 4 2 0 1 2065 2102 1565 1455
10582 4 2 0 1 1107 1784 963 1844
10583 4 2 0 1 685 2102 613 73
10584 4 2 0 1 18 1980 268 17
10585 4 2 0 1 731 2649 1660 1291
10586 4 2 0 1 1107 1296 1844 1106
10587 4 2 0 1 819 1127 1832 1212
10588 4 2 0 1 40 656 39 1638
10589 4 2 0 1 2299 2304 2602 1439
10590 4 2 0 1 432 2572 307 220
10591 4 2 0 1 1266 2036 1087 1265
10592 4 2 0 1 1821 1784 1801 1844
10593 4 2 0 1 1826 1296 1844 1801
10594 4 2 0 1 654 1647 398 240
10595 4 2 0 1 1919 1922 875 1976
10596 4 2 0 1 1083 1805 1327 1274
10597 4 2 0 1 1821 1802 1440 1831
10598 4 2 0 1 960 1784 1844 963
10599 4 2 0 1 1415 2717 1539 2576
10600 4 2 0 1 2729 2330 2140 2189
10601 4 2 0 1 2007 1822 1816 2646
10602 4 2 0 1 1816 2000 1683 2646
10603 4 2 0 1 1670 215 374 212
10604 4 2 0 1 1909 770 774 772
10605 4 2 0 1 806 1981 1296 1166
10606 4 2 0 1 2717 1727 1539 2576
10607 4 2 0 1 2617 2452 1779 2618
10608 4 2 0 1 1336 2623 1214 882
10609 4 2 0 1 1779 2619 2620 2618
10610 4 2 0 1 795 1798 801 798
10611 4 2 0 1 1041 1846 1208 1209
10612 4 2 0 1 2810 1945 2619 1524
10613 4 2 0 1 1041 1846 1209 1210
10614 4 2 0 1 1791 1827 1911 1912
10615 4 2 0 1 1849 953 954 769
10616 4 2 0 1 1321 1303 2009 1972
10617 4 2 0 1 2637 2438 1498 2815
10618 4 2 0 1 1931 980 1932 1085
10619 4 2 0 1 782 1323 1837 780
10620 4 2 0 1 2315 1220 1207 1035
10621 4 2 0 1 2330 2625 1792 2140
10622 4 2 0 1 293 295 404 1741
10623 4 2 0 1 2622 2501 1790 2279
10624 4 2 0 1 1681 1227 1948 1682
10625 4 2 0 1 2462 1280 1018 1064
10626 4 2 0 1 2460 1533 2461 1854
10627 4 2 0 1 2501 2583 2623 1790
10628 4 2 0 1 1520 1512 1638 1688
10629 4 2 0 1 2501 2583 1790 2279
10630 4 2 0 1 2535 2786 1933 2341
10631 4 2 0 1 1345 892 1986 1351
10632 4 2 0 1 938 2019 1133 1256
10633 4 2 0 1 1274 1107 1801 1784
10634 4 2 0 1 1821 1274 1801 1784
10635 4 2 0 1 1921 1955 1956 1920
10636 4 2 0 1 2489 2349 2490 1706
10637 4 2 0 1 1850 823 824 825
10638 4 2 0 1 925 1935 924 926
10639 4 2 0 1 1850 2441 1880 1983
10640 4 2 0 1 1863 1435 1948 1862
10641 4 2 0 1 1901 1362 851 1324
10642 4 2 0 1 1068 1850 1317 1373
10643 4 2 0 1 1850 953 1317 1373
10644 4 2 0 1 1861 1921 1954 1920
10645 4 2 0 1 1815 1943 1956 1920
10646 4 2 0 1 432 2572 220 1727
10647 4 2 0 1 986 988 1925 1811
10648 4 2 0 1 986 983 1242 1925
10649 4 2 0 1 764 1850 1983 1317
10650 4 2 0 1 2353 2682 2057 2096
10651 4 2 0 1 1552 2623 1829 1790
10652 4 2 0 1 1756 2677 1669 2679
10653 4 2 0 1 2553 2494 2723 2097
10654 4 2 0 1 375 355 1677 433
10655 4 2 0 1 2580 2050 2051 1750
10656 4 2 0 1 1759 2144 1762 1631
10657 4 2 0 1 1759 2144 1631 1395
10658 4 2 0 1 2010 1079 1315 1941
10659 4 2 0 1 363 694 2490 479
10660 4 2 0 1 1658 2840 676 2836
10661 4 2 0 1 2090 2093 1428 1457
10662 4 2 0 1 2794 1706 1705 2489
10663 4 2 0 1 1626 2237 2188 1466
10664 4 2 0 1 1667 95 2199 532
10665 4 2 0 1 2239 2039 2767 2022
10666 4 2 0 1 1462 2756 1461 1626
10667 4 2 0 1 1466 2329 2188 1626
10668 4 2 0 1 1461 1406 2188 2109
10669 4 2 0 1 2772 1749 2349 2350
10670 4 2 0 1 2215 2794 2224 1417
10671 4 2 0 1 1446 1735 1757 2056
10672 4 2 0 1 1785 998 1288 1968
10673 4 2 0 1 2210 1475 2200 2218
10674 4 2 0 1 2363 1689 2586 2587
10675 4 2 0 1 568 1613 1722 72
10676 4 2 0 1 1428 2108 2715 2109
10677 4 2 0 1 1451 2714 2153 2703
10678 4 2 0 1 1505 1667 2199 532
10679 4 2 0 1 2703 2108 2270 2714
10680 4 2 0 1 2352 1445 2270 1460
10681 4 2 0 1 2301 2304 1956 1439
10682 4 2 0 1 2605 2607 2608 2700
10683 4 2 0 1 2491 2489 2772 2490
10684 4 2 0 1 2295 2764 2696 2543
10685 4 2 0 1 1565 2062 1736 2055
10686 4 2 0 1 861 1864 1892 1890
10687 4 2 0 1 1774 2077 2612 2596
10688 4 2 0 1 2563 2276 1711 2269
10689 4 2 0 1 2564 1776 2334 2808
10690 4 2 0 1 2579 1416 1727 1728
10691 4 2 0 1 2313 1449 2310 2065
10692 4 2 0 1 2286 2795 1444 1381
10693 4 2 0 1 1664 2792 1595 1528
10694 4 2 0 1 1979 1136 750 1207
10695 4 2 0 1 2313 2065 2805 1449
10696 4 2 0 1 1994 2030 2328 1998
10697 4 2 0 1 1465 1468 2047 2228
10698 4 2 0 1 1422 1754 2231 2228
10699 4 2 0 1 411 1465 562 493
10700 4 2 0 1 2620 985 984 1938
10701 4 2 0 1 1512 2785 1515 2784
10702 4 2 0 1 317 2491 2772 2490
10703 4 2 0 1 1472 1832 1966 2024
10704 4 2 0 1 1417 1567 1416 2586
10705 4 2 0 1 2365 687 184 2771
10706 4 2 0 1 2208 1419 2362 2748
10707 4 2 0 1 2362 2217 2752 1419
10708 4 2 0 1 1645 1676 2748 1419
10709 4 2 0 1 2578 511 177 194
10710 4 2 0 1 2680 2362 2752 1481
10711 4 2 0 1 1724 2358 2350 1476
10712 4 2 0 1 2495 2471 2114 2197
10713 4 2 0 1 304 1584 2379 303
10714 4 2 0 1 2526 1494 2401 2525
10715 4 2 0 1 991 2620 992 985
10716 4 2 0 1 2500 1552 1829 1790
10717 4 2 0 1 1380 2058 2055 2061
10718 4 2 0 1 1503 1535 2160 1486
10719 4 2 0 1 1637 135 1540 2474
10720 4 2 0 1 2417 2418 87 2542
10721 4 2 0 1 2742 2471 2495 2197
10722 4 2 0 1 2473 1540 1610 2193
10723 4 2 0 1 1542 485 2474 1544
10724 4 2 0 1 2441 819 1832 1212
10725 4 2 0 1 2036 1266 2029 2026
10726 4 2 0 1 1649 2173 1504 1515
10727 4 2 0 1 2342 2423 1473 2397
10728 4 2 0 1 1457 2159 1527 2316
10729 4 2 0 1 2366 1410 2395 2389
10730 4 2 0 1 2737 2093 1524 2170
10731 4 2 0 1 1947 1456 2314 2315
10732 4 2 0 1 1524 1945 2621 1946
10733 4 2 0 1 180 444 1727 678
10734 4 2 0 1 2620 984 985 991
10735 4 2 0 1 1266 2441 1086 1087
10736 4 2 0 1 1413 2401 1538 2213
10737 4 2 0 1 2714 1450 2311 1553
10738 4 2 0 1 2111 2227 1418 2112
10739 4 2 0 1 1445 2262 2695 2270
10740 4 2 0 1 1398 2702 2356 2088
10741 4 2 0 1 1832 762 1880 765
10742 4 2 0 1 1408 2742 2197 2470
10743 4 2 0 1 2471 2742 2495 2498
10744 4 2 0 1 819 2441 1086 1212
10745 4 2 0 1 2015 2599 2008 2567
10746 4 2 0 1 787 2015 2008 1871
10747 4 2 0 1 1870 2808 2008 2606
10748 4 2 0 1 305 2497 161 465
10749 4 2 0 1 1603 1587 2528 1704
10750 4 2 0 1 583 2723 146 2551
10751 4 2 0 1 1576 2551 2553 1760
10752 4 2 0 1 148 150 149 2723
10753 4 2 0 1 1309 1809 787 2008
10754 4 2 0 1 1656 647 388 594
10755 4 2 0 1 2428 2426 2540 2178
10756 4 2 0 1 1654 612 1559 1661
10757 4 2 0 1 434 1511 393 437
10758 4 2 0 1 1511 490 393 437
10759 4 2 0 1 250 1656 1661 2570
10760 4 2 0 1 2175 2545 2738 2122
10761 4 2 0 1 1870 787 2008 1871
10762 4 2 0 1 2015 2567 2008 1871
10763 4 2 0 1 2422 2151 1527 2776
10764 4 2 0 1 2836 567 2840 676
10765 4 2 0 1 1809 1870 2008 2606
10766 4 2 0 1 2165 2737 1527 2776
10767 4 2 0 1 97 96 1560 2390
10768 4 2 0 1 2340 1832 1880 765
10769 4 2 0 1 1909 1911 1927 776
10770 4 2 0 1 2728 2084 2600 1777
10771 4 2 0 1 1772 2084 2605 2600
10772 4 2 0 1 2171 1568 1746 1504
10773 4 2 0 1 2557 2424 2185 1391
10774 4 2 0 1 2009 1303 1117 2033
10775 4 2 0 1 1718 2172 2443 1643
10776 4 2 0 1 2458 1489 2168 1526
10777 4 2 0 1 1622 2803 1618 2804
10778 4 2 0 1 1642 607 346 352
10779 4 2 0 1 1618 2803 1642 2824
10780 4 2 0 1 2095 1620 1575 1566
10781 4 2 0 1 350 1575 1620 1566
10782 4 2 0 1 192 168 1577 1609
10783 4 2 0 1 201 168 192 1609
10784 4 2 0 1 201 168 1609 1536
10785 4 2 0 1 1870 1809 2008 787
10786 4 2 0 1 2214 2745 1478 2213
10787 4 2 0 1 1628 2559 1930 2661
10788 4 2 0 1 2324 1924 1827 1930
10789 4 2 0 1 1693 1664 1506 1617
10790 4 2 0 1 1112 1930 808 779
10791 4 2 0 1 777 808 1930 779
10792 4 2 0 1 777 2661 1120 1910
10793 4 2 0 1 1309 1259 2008 787
10794 4 2 0 1 2233 1653 2047 2228
10795 4 2 0 1 1988 2047 1987 1468
10796 4 2 0 1 1204 2015 1203 820
10797 4 2 0 1 718 1667 532 95
10798 4 2 0 1 2763 2297 2604 2300
10799 4 2 0 1 2012 2252 1895 2663
10800 4 2 0 1 1765 2603 2303 2604
10801 4 2 0 1 1625 1664 1595 1528
10802 4 2 0 1 794 793 1826 1844
10803 4 2 0 1 656 225 1520 616
10804 4 2 0 1 1625 1664 1528 1617
10805 4 2 0 1 1648 2798 1650 2388
10806 4 2 0 1 1660 1168 1291 1049
10807 4 2 0 1 1224 1660 1291 1049
10808 4 2 0 1 1237 1810 1165 1780
10809 4 2 0 1 1913 1831 791 1914
10810 4 2 0 1 1660 731 1291 1168
10811 4 2 0 1 416 532 1617 690
10812 4 2 0 1 1617 540 667 1625
10813 4 2 0 1 1388 2507 2117 2097
10814 4 2 0 1 273 419 1595 274
10815 4 2 0 1 2190 2742 1408 1694
10816 4 2 0 1 457 1670 556 525
10817 4 2 0 1 2684 2402 2407 2408
10818 4 2 0 1 788 786 1870 1842
10819 4 2 0 1 216 456 1595 213
10820 4 2 0 1 430 363 2510 609
10821 4 2 0 1 1045 5 2044 6
10822 4 2 0 1 2649 731 1660 1659
10823 4 2 0 1 2489 2349 2772 2490
10824 4 2 0 1 2512 1436 2255 2511
10825 4 2 0 1 557 2512 4 1563
10826 4 2 0 1 557 2512 1563 2511
10827 4 2 0 1 1670 456 213 1595
10828 4 2 0 1 280 2792 310 556
10829 4 2 0 1 2777 1693 2791 1616
10830 4 2 0 1 1809 1913 1842 2606
10831 4 2 0 1 1870 1809 1842 2606
10832 4 2 0 1 1964 1960 2781 1961
10833 4 2 0 1 1703 1739 2782 1602
10834 4 2 0 1 1809 788 1842 1913
10835 4 2 0 1 1594 311 313 312
10836 4 2 0 1 1870 788 1842 1809
10837 4 2 0 1 2042 1531 1967 2043
10838 4 2 0 1 1624 91 1602 1700
10839 4 2 0 1 1786 2503 1785 2802
10840 4 2 0 1 1693 1664 1617 1528
10841 4 2 0 1 2085 2283 2086 1554
10842 4 2 0 1 1204 2015 1778 1203
10843 4 2 0 1 1429 2070 2261 2695
10844 4 2 0 1 1883 1273 1881 952
10845 4 2 0 1 1523 2453 2275 2760
10846 4 2 0 1 2056 2355 1479 2351
10847 4 2 0 1 1883 1298 952 1881
10848 4 2 0 1 1714 1713 1710 1447
10849 4 2 0 1 1555 2678 1721 1452
10850 4 2 0 1 1555 1452 1721 1448
10851 4 2 0 1 2761 2263 2260 2261
10852 4 2 0 1 1235 2649 731 1175
10853 4 2 0 1 1046 1658 1659 1660
10854 4 2 0 1 1298 1123 952 1881
10855 4 2 0 1 1883 839 835 952
10856 4 2 0 1 1856 2278 2650 2282
10857 4 2 0 1 753 1235 1252 2650
10858 4 2 0 1 2833 2834 930 934
10859 4 2 0 1 132 1645 1561 662
10860 4 2 0 1 1621 2803 2823 1493
10861 4 2 0 1 189 2349 315 314
10862 4 2 0 1 2063 2095 2057 1477
10863 4 2 0 1 322 1723 337 324
10864 4 2 0 1 185 183 184 1483
10865 4 2 0 1 1161 839 1108 1882
10866 4 2 0 1 1478 2217 2308 2679
10867 4 2 0 1 680 1572 188 450
10868 4 2 0 1 1528 525 524 719
10869 4 2 0 1 1517 2442 2444 2320
10870 4 2 0 1 322 1723 324 1748
10871 4 2 0 1 511 2748 1483 602
10872 4 2 0 1 2143 2184 1759 2142
10873 4 2 0 1 1759 2144 1395 1644
10874 4 2 0 1 2133 1395 2143 1631
10875 4 2 0 1 2500 2460 1569 1853
10876 4 2 0 1 876 935 2641 1818
10877 4 2 0 1 2460 2500 2622 1853
10878 4 2 0 1 79 1668 1762 2546
10879 4 2 0 1 2499 2500 1569 1853
10880 4 2 0 1 990 1942 1073 993
10881 4 2 0 1 990 1942 1469 1073
10882 4 2 0 1 1921 1861 1954 1926
10883 4 2 0 1 1954 2642 1926 1861
10884 4 2 0 1 1440 1977 1920 1803
10885 4 2 0 1 1954 2642 1861 2299
10886 4 2 0 1 2444 1517 1995 2443
10887 4 2 0 1 2299 1861 1954 1439
10888 4 2 0 1 2603 2607 2595 1775
10889 4 2 0 1 1702 2081 2076 2809
10890 4 2 0 1 2609 2607 1780 1810
10891 4 2 0 1 2444 2320 2321 1517
10892 4 2 0 1 1773 1952 2670 2668
10893 4 2 0 1 1073 2014 1203 1074
10894 4 2 0 1 777 2661 1910 1930
10895 4 2 0 1 1517 2442 2320 2445
10896 4 2 0 1 774 1874 1228 770
10897 4 2 0 1 1928 1909 772 770
10898 4 2 0 1 771 2037 2667 1062
10899 4 2 0 1 1533 1852 1854 1853
10900 4 2 0 1 968 2321 2765 1464
10901 4 2 0 1 1798 1222 1115 801
10902 4 2 0 1 2304 2301 2602 1439
10903 4 2 0 1 2500 2499 2501 1853
10904 4 2 0 1 1843 1821 2300 1914
10905 4 2 0 1 2573 2796 2279 1659
10906 4 2 0 1 1765 1991 2303 2544
10907 4 2 0 1 1764 1814 2817 2646
10908 4 2 0 1 1517 1995 2146 1996
10909 4 2 0 1 2613 2465 1867 1716
10910 4 2 0 1 2499 2648 1569 1848
10911 4 2 0 1 2499 2648 1848 2501
10912 4 2 0 1 1831 1992 1764 2303
10913 4 2 0 1 2443 2445 1517 2146
10914 4 2 0 1 2445 1996 1517 2146
10915 4 2 0 1 1839 1376 1840 1841
10916 4 2 0 1 1074 993 1073 1942
10917 4 2 0 1 2007 1814 2646 1813
10918 4 2 0 1 1939 1830 880 1878
10919 4 2 0 1 1149 2007 1097 1813
10920 4 2 0 1 1981 1200 2007 1095
10921 4 2 0 1 2698 2028 1683 2302
10922 4 2 0 1 1943 1815 2633 1920
10923 4 2 0 1 826 1850 825 823
10924 4 2 0 1 757 1340 1832 759
10925 4 2 0 1 1260 1966 1031 1033
10926 4 2 0 1 2344 1901 2635 1918
10927 4 2 0 1 724 148 583 2723
10928 4 2 0 1 1217 2025 1968 1040
10929 4 2 0 1 1472 2042 2024 1967
10930 4 2 0 1 2015 2008 1259 787
10931 4 2 0 1 1914 1129 790 1843
10932 4 2 0 1 420 1678 6 1657
10933 4 2 0 1 2598 1309 1259 2008
10934 4 2 0 1 1794 1820 1368 1130
10935 4 2 0 1 1843 1130 1129 1084
10936 4 2 0 1 1794 1805 1843 1129
10937 4 2 0 1 2079 1534 2502 2614
10938 4 2 0 1 1517 1995 1996 2321
10939 4 2 0 1 1505 1617 1693 1506
10940 4 2 0 1 1841 1783 1840 2549
10941 4 2 0 1 1259 2015 787 820
10942 4 2 0 1 2269 2761 2268 2652
10943 4 2 0 1 1204 1837 780 1836
10944 4 2 0 1 2622 2500 2501 1853
10945 4 2 0 1 1021 1224 2648 1291
10946 4 2 0 1 2610 2669 2041 1771
10947 4 2 0 1 1142 1952 2668 2594
10948 4 2 0 1 1254 1177 1936 1970
10949 4 2 0 1 1950 2627 1997 1959
10950 4 2 0 1 1313 1915 1079 2010
10951 4 2 0 1 2599 2598 2008 1766
10952 4 2 0 1 2609 1809 2008 2606
10953 4 2 0 1 1005 1006 1997 1007
10954 4 2 0 1 2567 2808 2008 1871
10955 4 2 0 1 1177 921 1936 1251
10956 4 2 0 1 2661 1123 1298 1881
10957 4 2 0 1 1278 740 48 1629
10958 4 2 0 1 2444 1995 1517 2321
10959 4 2 0 1 1889 1837 2769 1833
10960 4 2 0 1 2036 1081 2660 1263
10961 4 2 0 1 1865 2658 1820 2657
10962 4 2 0 1 1820 1975 1865 2657
10963 4 2 0 1 2598 1309 2008 1780
10964 4 2 0 1 1323 782 1934 785
10965 4 2 0 1 2631 2813 1501 2325
10966 4 2 0 1 2320 1912 2413 1627
10967 4 2 0 1 1505 1617 1506 532
10968 4 2 0 1 1616 1664 2792 2475
10969 4 2 0 1 1693 1664 1528 2792
10970 4 2 0 1 1297 1234 1900 1080
10971 4 2 0 1 1183 1799 1192 969
10972 4 2 0 1 1514 1910 1899 2442
10973 4 2 0 1 2692 2281 1731 1697
10974 4 2 0 1 973 2825 1880 822
10975 4 2 0 1 1234 829 1297 1882
10976 4 2 0 1 1898 1233 1152 1896
10977 4 2 0 1 1909 1911 1910 1929
10978 4 2 0 1 1898 1513 2443 1718
10979 4 2 0 1 1807 1532 1928 2038
10980 4 2 0 1 1911 777 776 774
10981 4 2 0 1 1519 2671 2439 2436
10982 4 2 0 1 2442 1899 1514 2435
10983 4 2 0 1 1767 1889 2335 2657
10984 4 2 0 1 1805 1794 1976 1083
10985 4 2 0 1 810 1122 807 1799
10986 4 2 0 1 2471 1652 2114 2197
10987 4 2 0 1 1843 1805 1976 1784
10988 4 2 0 1 1151 2634 1803 1801
10989 4 2 0 1 2496 2507 2117 1388
10990 4 2 0 1 2437 1875 1516 2035
10991 4 2 0 1 2520 1616 1506 1610
10992 4 2 0 1 1874 1872 1983 1516
10993 4 2 0 1 2785 2437 2435 2784
10994 4 2 0 1 772 1807 1928 771
10995 4 2 0 1 2535 1933 1470 2801
10996 4 2 0 1 1016 1789 1786 1788
10997 4 2 0 1 2214 2305 1442 2204
10998 4 2 0 1 2214 1442 2305 1495
10999 4 2 0 1 984 1938 985 983
11000 4 2 0 1 992 1615 1016 996
11001 4 2 0 1 1193 1072 1192 1799
11002 4 2 0 1 456 1670 213 215
11003 4 2 0 1 2107 1282 19 20
11004 4 2 0 1 1933 981 951 1931
11005 4 2 0 1 1946 1016 1174 1272
11006 4 2 0 1 2598 1259 1111 1469
11007 4 2 0 1 1523 2452 2762 1787
11008 4 2 0 1 1272 1089 1174 1946
11009 4 2 0 1 1887 1767 2657 1889
11010 4 2 0 1 1888 1767 1887 1889
11011 4 2 0 1 2295 1598 2301 1956
11012 4 2 0 1 2690 1564 2256 2249
11013 4 2 0 1 1817 1891 1890 864
11014 4 2 0 1 1898 1896 1152 1897
11015 4 2 0 1 2698 2077 2294 2697
11016 4 2 0 1 2622 2293 2279 1958
11017 4 2 0 1 863 1864 1949 878
11018 4 2 0 1 997 1217 1968 1040
11019 4 2 0 1 1582 2214 2305 1495
11020 4 2 0 1 1868 2021 999 1968
11021 4 2 0 1 905 2838 908 912
11022 4 2 0 1 836 1883 1881 1897
11023 4 2 0 1 999 997 1968 1040
11024 4 2 0 1 2449 1410 1701 2711
11025 4 2 0 1 854 2447 1248 1173
11026 4 2 0 1 1883 836 1900 1897
11027 4 2 0 1 1349 1947 750 1979
11028 4 2 0 1 1349 1250 750 1947
11029 4 2 0 1 1528 1693 2791 1411
11030 4 2 0 1 1141 1876 897 964
11031 4 2 0 1 2779 1582 2214 2403
11032 4 2 0 1 1905 1894 1993 2663
11033 4 2 0 1 2236 2258 2247 2246
11034 4 2 0 1 1204 1836 780 778
11035 4 2 0 1 2239 2039 2022 2756
11036 4 2 0 1 69 2766 2767 1753
11037 4 2 0 1 2138 2297 2299 1769
11038 4 2 0 1 2469 2547 2550 2549
11039 4 2 0 1 2758 1998 2639 2641
11040 4 2 0 1 2464 2584 1782 1796
11041 4 2 0 1 2022 1230 2039 2767
11042 4 2 0 1 1424 2246 1987 1990
11043 4 2 0 1 2243 2758 2242 1423
11044 4 2 0 1 1964 1962 2542 1963
11045 4 2 0 1 1900 1883 1897 1884
11046 4 2 0 1 2295 2028 2302 1598
11047 4 2 0 1 420 694 1657 362
11048 4 2 0 1 63 2045 1658 1731
11049 4 2 0 1 2020 1608 1999 1869
11050 4 2 0 1 2794 1691 1690 1707
11051 4 2 0 1 902 1118 2827 1969
11052 4 2 0 1 2020 900 901 899
11053 4 2 0 1 897 2020 898 1876
11054 4 2 0 1 2026 1718 2027 2035
11055 4 2 0 1 1898 1896 1897 1884
11056 4 2 0 1 1983 1872 1874 769
11057 4 2 0 1 1562 2305 1442 1495
11058 4 2 0 1 1083 1160 1976 1274
11059 4 2 0 1 440 474 2835 462
11060 4 2 0 1 1533 2502 2282 2280
11061 4 2 0 1 2502 1606 2080 1382
11062 4 2 0 1 1794 975 877 1025
11063 4 2 0 1 2024 1966 1472 1967
11064 4 2 0 1 33 693 83 1502
11065 4 2 0 1 1806 1470 1932 2033
11066 4 2 0 1 1967 1208 1846 737
11067 4 2 0 1 1058 1966 818 758
11068 4 2 0 1 40 949 2029 1638
11069 4 2 0 1 1126 38 2672 1638
11070 4 2 0 1 1566 1755 454 1613
11071 4 2 0 1 2751 2217 1493 2681
11072 4 2 0 1 1805 1083 1976 1274
11073 4 2 0 1 2676 2683 2099 2675
11074 4 2 0 1 1494 2406 2099 2505
11075 4 2 0 1 2095 2063 2057 2064
11076 4 2 0 1 2505 2060 2687 2675
11077 4 2 0 1 1160 1083 1976 877
11078 4 2 0 1 1966 1058 1348 758
11079 4 2 0 1 1821 1160 1274 1976
11080 4 2 0 1 2779 2525 2403 2214
11081 4 2 0 1 1496 2162 2407 1593
11082 4 2 0 1 2115 2494 2101 2721
11083 4 2 0 1 1856 2075 1858 1447
11084 4 2 0 1 2074 2070 2069 1381
11085 4 2 0 1 1457 2159 2316 1456
11086 4 2 0 1 2051 2354 2052 2050
11087 4 2 0 1 1448 1614 1712 1709
11088 4 2 0 1 1432 2285 2284 2759
11089 4 2 0 1 1001 1859 2082 2615
11090 4 2 0 1 1894 1891 862 1890
11091 4 2 0 1 1834 1453 2653 2453
11092 4 2 0 1 2083 1382 1711 2086
11093 4 2 0 1 1615 1973 2041 1968
11094 4 2 0 1 1615 2616 1968 2041
11095 4 2 0 1 1975 1820 1130 1157
11096 4 2 0 1 1383 2128 2124 2090
11097 4 2 0 1 1894 1892 1437 1890
11098 4 2 0 1 2087 2124 2703 2109
11099 4 2 0 1 1817 2028 1878 1890
11100 4 2 0 1 2694 2264 2268 2714
11101 4 2 0 1 2093 2166 2090 2187
11102 4 2 0 1 2109 2087 2187 1428
11103 4 2 0 1 652 2374 107 109
11104 4 2 0 1 2409 2313 1497 2805
11105 4 2 0 1 2507 145 1558 266
11106 4 2 0 1 2058 1497 2100 2709
11107 4 2 0 1 1486 2375 2158 1507
11108 4 2 0 1 1582 126 127 1495
11109 4 2 0 1 198 1584 2526 2505
11110 4 2 0 1 146 2551 2097 2552
11111 4 2 0 1 2483 2375 2487 2488
11112 4 2 0 1 2105 2192 2479 2741
11113 4 2 0 1 1820 1215 1368 1130
11114 4 2 0 1 2192 2741 1386 2190
11115 4 2 0 1 2113 2237 1632 2188
11116 4 2 0 1 1891 865 864 1955
11117 4 2 0 1 1892 1894 862 1890
11118 4 2 0 1 2257 2693 2071 2261
11119 4 2 0 1 2237 1466 1632 2188
11120 4 2 0 1 1794 1820 1130 1975
11121 4 2 0 1 2140 2730 2565 1777
11122 4 2 0 1 2756 2239 2238 2757
11123 4 2 0 1 2187 2188 2109 2715
11124 4 2 0 1 2264 2265 2268 2714
11125 4 2 0 1 1612 2129 2797 1490
11126 4 2 0 1 1399 1396 1397 2160
11127 4 2 0 1 2732 2163 2160 1486
11128 4 2 0 1 2152 1457 2156 1398
11129 4 2 0 1 1817 1437 1891 1956
11130 4 2 0 1 2430 1511 2178 2433
11131 4 2 0 1 2135 2733 2136 2176
11132 4 2 0 1 133 509 1509 643
11133 4 2 0 1 2284 1431 2066 1381
11134 4 2 0 1 2375 2378 2158 1507
11135 4 2 0 1 2152 1457 1398 2153
11136 4 2 0 1 2420 2105 2312 1458
11137 4 2 0 1 2152 1457 2153 2159
11138 4 2 0 1 1390 2704 1663 2123
11139 4 2 0 1 1348 2024 756 1100
11140 4 2 0 1 962 1794 1170 1130
11141 4 2 0 1 1794 1060 1170 1368
11142 4 2 0 1 2569 634 471 1747
11143 4 2 0 1 2009 1942 2014 2626
11144 4 2 0 1 2164 1654 367 368
11145 4 2 0 1 1485 107 106 105
11146 4 2 0 1 684 2432 2431 2735
11147 4 2 0 1 1398 2152 2158 2156
11148 4 2 0 1 1450 1454 2356 2153
11149 4 2 0 1 2087 2109 2703 1428
11150 4 2 0 1 1390 1654 2132 2161
11151 4 2 0 1 1593 581 1696 2405
11152 4 2 0 1 2709 2409 2158 1497
11153 4 2 0 1 1497 2313 2158 1454
11154 4 2 0 1 2177 2430 2734 2181
11155 4 2 0 1 2313 2157 2158 1454
11156 4 2 0 1 2785 2171 1513 2027
11157 4 2 0 1 1521 2737 2459 2168
11158 4 2 0 1 2342 2770 2341 2536
11159 4 2 0 1 2815 2038 2784 1518
11160 4 2 0 1 1290 1092 1897 1152
11161 4 2 0 1 1759 1761 2142 2184
11162 4 2 0 1 2009 1942 2626 1908
11163 4 2 0 1 239 1648 237 238
11164 4 2 0 1 1290 1898 1152 1897
11165 4 2 0 1 2732 2163 1486 2484
11166 4 2 0 1 2806 2409 1458 2103
11167 4 2 0 1 2405 2526 2527 2404
11168 4 2 0 1 2157 2152 2154 2158
11169 4 2 0 1 1403 2125 2176 2161
11170 4 2 0 1 940 1233 1152 1718
11171 4 2 0 1 1962 1964 2542 2782
11172 4 2 0 1 2706 2091 2183 2184
11173 4 2 0 1 2089 2189 2093 2187
11174 4 2 0 1 2145 2010 1196 972
11175 4 2 0 1 2143 2185 1391 2133
11176 4 2 0 1 2625 2812 1641 2619
11177 4 2 0 1 1982 1776 2647 2011
11178 4 2 0 1 2371 2740 2196 2366
11179 4 2 0 1 485 2367 412 2482
11180 4 2 0 1 2534 2009 2626 1908
11181 4 2 0 1 2398 1492 1588 2530
11182 4 2 0 1 1581 97 380 526
11183 4 2 0 1 2789 2523 2474 2196
11184 4 2 0 1 135 1637 2367 2474
11185 4 2 0 1 2800 2534 2626 1908
11186 4 2 0 1 2064 2060 2099 2675
11187 4 2 0 1 2367 2523 2366 2196
11188 4 2 0 1 2525 2779 2403 2505
11189 4 2 0 1 1676 1441 2209 2305
11190 4 2 0 1 2204 2745 1442 2214
11191 4 2 0 1 826 1850 823 1363
11192 4 2 0 1 2217 2749 1478 1442
11193 4 2 0 1 1593 2526 2686 2403
11194 4 2 0 1 2182 2162 2429 2181
11195 4 2 0 1 2212 1593 120 2429
11196 4 2 0 1 114 115 116 1696
11197 4 2 0 1 2145 1635 972 1159
11198 4 2 0 1 2507 2552 2506 145
11199 4 2 0 1 478 623 259 1539
11200 4 2 0 1 2265 2266 2714 2272
11201 4 2 0 1 1806 1366 1176 773
11202 4 2 0 1 2794 1689 1691 1417
11203 4 2 0 1 1565 2065 2062 2055
11204 4 2 0 1 2716 2327 2717 1418
11205 4 2 0 1 2539 2180 2739 1415
11206 4 2 0 1 2219 2754 2222 1482
11207 4 2 0 1 1728 444 1727 2575
11208 4 2 0 1 2327 2572 2717 1418
11209 4 2 0 1 1417 1416 1567 2220
11210 4 2 0 1 1567 1691 2586 1417
11211 4 2 0 1 1616 2473 2791 2777
11212 4 2 0 1 828 826 2040 827
11213 4 2 0 1 2749 1412 2577 2200
11214 4 2 0 1 2252 2256 2764 1437
11215 4 2 0 1 2010 2245 2022 2017
11216 4 2 0 1 2138 2601 2338 2332
11217 4 2 0 1 2331 2763 2332 2601
11218 4 2 0 1 2566 2334 2414 1633
11219 4 2 0 1 1079 1941 1845 976
11220 4 2 0 1 2040 1373 1275 1044
11221 4 2 0 1 1845 977 1377 1143
11222 4 2 0 1 1989 1421 59 58
11223 4 2 0 1 660 1639 1567 204
11224 4 2 0 1 2781 1964 2456 2542
11225 4 2 0 1 2740 1484 2366 2371
11226 4 2 0 1 2363 1728 181 2586
11227 4 2 0 1 2220 2223 1417 2219
11228 4 2 0 1 1206 1883 1881 833
11229 4 2 0 1 2259 2263 1434 2288
11230 4 2 0 1 2252 2259 1597 2258
11231 4 2 0 1 1423 2757 2328 1998
11232 4 2 0 1 2233 2759 1426 2251
11233 4 2 0 1 2564 2566 2565 1777
11234 4 2 0 1 2795 2066 1381 2284
11235 4 2 0 1 2715 2265 1787 2271
11236 4 2 0 1 2371 2367 2366 2196
11237 4 2 0 1 1883 836 1881 833
11238 4 2 0 1 1858 2652 2086 2277
11239 4 2 0 1 2147 2384 2373 2150
11240 4 2 0 1 1658 2840 7 1657
11241 4 2 0 1 2595 2605 2700 2607
11242 4 2 0 1 1715 1857 1447 1860
11243 4 2 0 1 2081 1772 2277 2083
11244 4 2 0 1 1003 1024 2653 2615
11245 4 2 0 1 1856 1857 1858 1554
11246 4 2 0 1 2072 1714 1710 1447
11247 4 2 0 1 1453 1917 1834 2653
11248 4 2 0 1 1857 1859 1858 1554
11249 4 2 0 1 2371 2421 2373 2488
11250 4 2 0 1 2028 1817 1878 1813
11251 4 2 0 1 2285 2287 1432 2284
11252 4 2 0 1 2287 2795 2286 2284
11253 4 2 0 1 1988 2258 2246 1424
11254 4 2 0 1 1451 1460 2352 2270
11255 4 2 0 1 2262 2219 2112 1482
11256 4 2 0 1 2698 2004 2028 2697
11257 4 2 0 1 1564 2004 1958 2294
11258 4 2 0 1 2002 2000 2585 1940
11259 4 2 0 1 2078 2543 2080 2697
11260 4 2 0 1 2007 1096 1097 1816
11261 4 2 0 1 1437 2028 2295 1956
11262 4 2 0 1 1955 1815 1920 868
11263 4 2 0 1 2299 1439 1954 2304
11264 4 2 0 1 1809 1913 2606 1768
11265 4 2 0 1 2488 1485 2373 2371
11266 4 2 0 1 1621 2680 1745 2679
11267 4 2 0 1 2552 397 146 2551
11268 4 2 0 1 694 2491 317 2490
11269 4 2 0 1 1966 1832 1031 818
11270 4 2 0 1 1323 1204 820 2011
11271 4 2 0 1 2063 2095 1384 2064
11272 4 2 0 1 2676 2675 2099 2506
11273 4 2 0 1 1888 1870 1871 785
11274 4 2 0 1 1425 2235 2254 2018
11275 4 2 0 1 2481 2196 2191 2711
11276 4 2 0 1 2693 2284 2261 1430
11277 4 2 0 1 2093 1787 2762 1524
11278 4 2 0 1 2198 1410 1701 2395
11279 4 2 0 1 810 814 1122 1799
11280 4 2 0 1 1930 778 1911 777
11281 4 2 0 1 1930 778 777 779
11282 4 2 0 1 2444 1883 1881 2661
11283 4 2 0 1 2781 2531 1473 2346
11284 4 2 0 1 1634 2324 1827 1912
11285 4 2 0 1 2444 1628 2320 2442
11286 4 2 0 1 1975 1137 975 1820
11287 4 2 0 1 1793 1975 1820 2657
11288 4 2 0 1 944 1204 778 1836
11289 4 2 0 1 1998 1818 2639 2641
11290 4 2 0 1 2245 1941 1499 1845
11291 4 2 0 1 1847 809 807 1866
11292 4 2 0 1 2477 617 395 681
11293 4 2 0 1 2056 1757 2359 1756
11294 4 2 0 1 2383 1541 2476 2477
11295 4 2 0 1 2056 2355 2351 1452
11296 4 2 0 1 1847 783 1889 1833
11297 4 2 0 1 1200 1149 2007 1097
11298 4 2 0 1 1480 2357 2359 1756
11299 4 2 0 1 1972 1674 1808 2033
11300 4 2 0 1 2391 2394 2385 2381
11301 4 2 0 1 1443 2347 1720 1697
11302 4 2 0 1 2795 1444 1720 2073
11303 4 2 0 1 2514 2220 2759 2513
11304 4 2 0 1 2586 218 204 1639
11305 4 2 0 1 2221 2210 2754 2200
11306 4 2 0 1 2534 1972 2033 1674
11307 4 2 0 1 2199 1672 1411 1617
11308 4 2 0 1 1004 1103 1997 1006
11309 4 2 0 1 1814 2544 1764 2817
11310 4 2 0 1 2368 101 379 98
11311 4 2 0 1 1507 2379 2486 2722
11312 4 2 0 1 2423 1492 2530 1473
11313 4 2 0 1 390 1603 2470 1604
11314 4 2 0 1 2491 694 362 1657
11315 4 2 0 1 1571 1583 2381 2476
11316 4 2 0 1 2521 1740 1699 1579
11317 4 2 0 1 1867 1005 1004 1997
11318 4 2 0 1 2462 2468 1854 1569
11319 4 2 0 1 2523 2789 2395 1410
11320 4 2 0 1 2531 2781 2399 2418
11321 4 2 0 1 2456 1964 1961 1965
11322 4 2 0 1 742 2447 2455 1173
11323 4 2 0 1 2774 1488 2381 2382
11324 4 2 0 1 1594 2383 2399 2477
11325 4 2 0 1 1624 2391 2383 526
11326 4 2 0 1 1492 2531 2530 1473
11327 4 2 0 1 1570 1571 2476 1583
11328 4 2 0 1 2423 2530 1498 1473
11329 4 2 0 1 2438 2671 2530 2439
11330 4 2 0 1 1344 2145 1630 972
11331 4 2 0 1 2378 2116 2718 1508
11332 4 2 0 1 2058 1479 2356 1538
11333 4 2 0 1 2283 2075 1382 2086
11334 4 2 0 1 2518 2462 1569 2468
11335 4 2 0 1 2212 1582 2403 2214
11336 4 2 0 1 1818 2644 2639 2641
11337 4 2 0 1 275 1762 50 2017
11338 4 2 0 1 2264 1427 2071 2260
11339 4 2 0 1 1922 1843 1976 2300
11340 4 2 0 1 520 519 2347 1697
11341 4 2 0 1 2335 1467 2337 2780
11342 4 2 0 1 2023 2758 1499 2641
11343 4 2 0 1 2245 2244 2022 2731
11344 4 2 0 1 2169 1526 2388 1504
11345 4 2 0 1 2398 2530 1515 2423
11346 4 2 0 1 1526 1568 2424 1504
11347 4 2 0 1 865 867 868 1921
11348 4 2 0 1 2145 1630 1635 2144
11349 4 2 0 1 2410 1589 1641 2424
11350 4 2 0 1 1504 1401 2169 1568
11351 4 2 0 1 1933 951 1918 1932
11352 4 2 0 1 1933 850 1918 951
11353 4 2 0 1 951 1932 950 1918
11354 4 2 0 1 2441 974 1086 1087
11355 4 2 0 1 2789 2193 2481 2474
11356 4 2 0 1 1292 2026 1293 1205
11357 4 2 0 1 850 951 950 1918
11358 4 2 0 1 1933 2344 1923 2786
11359 4 2 0 1 1875 1872 2659 2660
11360 4 2 0 1 2424 1504 1515 2423
11361 4 2 0 1 1626 1631 1462 1463
11362 4 2 0 1 2130 2126 2128 2726
11363 4 2 0 1 2423 2438 2530 1515
11364 4 2 0 1 1874 1983 2667 1516
11365 4 2 0 1 1648 2798 2388 1612
11366 4 2 0 1 1649 616 1687 1520
11367 4 2 0 1 1571 2386 2476 1541
11368 4 2 0 1 2446 1520 1515 1638
11369 4 2 0 1 1700 2456 1965 2782
11370 4 2 0 1 1933 850 951 1026
11371 4 2 0 1 1739 1692 2782 1602
11372 4 2 0 1 1964 26 1965 2782
11373 4 2 0 1 1289 851 1132 1918
11374 4 2 0 1 1345 2517 2518 1986
11375 4 2 0 1 2517 1986 2515 2518
11376 4 2 0 1 2467 1959 2515 2518
11377 4 2 0 1 2002 2001 1796 1824
11378 4 2 0 1 1812 2466 2461 2468
11379 4 2 0 1 1533 2502 2280 2460
11380 4 2 0 1 2501 2796 1659 2279
11381 4 2 0 1 1856 1533 1855 2461
11382 4 2 0 1 1508 2481 2196 2191
11383 4 2 0 1 1667 1409 1540 1505
11384 4 2 0 1 135 1540 371 224
11385 4 2 0 1 279 1694 2195 2743
11386 4 2 0 1 552 709 279 1694
11387 4 2 0 1 2101 629 268 466
11388 4 2 0 1 1601 2102 73 613
11389 4 2 0 1 2793 2481 2741 2711
11390 4 2 0 1 2740 1410 2712 2106
11391 4 2 0 1 2197 2720 2115 2479
11392 4 2 0 1 2493 2224 2225 2287
11393 4 2 0 1 849 950 1132 1918
11394 4 2 0 1 650 660 1567 270
11395 4 2 0 1 6 2044 1657 1678
11396 4 2 0 1 80 550 609 1563
11397 4 2 0 1 2196 2478 2482 2474
11398 4 2 0 1 2507 266 1558 536
11399 4 2 0 1 530 1733 2719 2486
11400 4 2 0 1 682 500 197 1733
11401 4 2 0 1 608 2487 652 1545
11402 4 2 0 1 851 849 1132 1918
11403 4 2 0 1 2379 2485 2486 2722
11404 4 2 0 1 2054 2064 2052 2063
11405 4 2 0 1 2425 1492 2397 2382
11406 4 2 0 1 599 2051 1677 144
11407 4 2 0 1 2553 2494 2097 1743
11408 4 2 0 1 2580 2050 1750 1493
11409 4 2 0 1 2266 2265 2268 2760
11410 4 2 0 1 2220 1433 2759 1432
11411 4 2 0 1 2493 2795 2225 2755
11412 4 2 0 1 1417 2220 2225 2223
11413 4 2 0 1 2223 2287 1432 2225
11414 4 2 0 1 1417 2224 2223 2225
11415 4 2 0 1 2392 2523 2395 2390
11416 4 2 0 1 2523 2366 2395 2390
11417 4 2 0 1 1409 1667 1637 2523
11418 4 2 0 1 2781 2043 2346 1963
11419 4 2 0 1 2742 2471 2197 2470
11420 4 2 0 1 2522 1484 2366 2155
11421 4 2 0 1 2815 2438 1515 2784
11422 4 2 0 1 2456 1964 2782 2542
11423 4 2 0 1 2037 771 1075 1062
11424 4 2 0 1 2556 2624 2533 2626
11425 4 2 0 1 2811 2034 2801 2535
11426 4 2 0 1 2423 1492 1473 2397
11427 4 2 0 1 2530 1471 1498 1473
11428 4 2 0 1 1462 1631 1405 1762
11429 4 2 0 1 2456 1624 2391 2399
11430 4 2 0 1 1509 2182 2181 1407
11431 4 2 0 1 546 249 252 1671
11432 4 2 0 1 2541 1415 1404 2122
11433 4 2 0 1 1344 2145 972 2010
11434 4 2 0 1 2125 1403 2570 1662
11435 4 2 0 1 2145 2245 2010 2017
11436 4 2 0 1 2599 2808 2567 2730
11437 4 2 0 1 2465 1812 2468 2466
11438 4 2 0 1 2584 2464 1782 1534
11439 4 2 0 1 2464 2818 1796 2032
11440 4 2 0 1 1162 1163 1877 1236
11441 4 2 0 1 1179 2012 1944 1926
11442 4 2 0 1 1141 1877 2628 1876
11443 4 2 0 1 2567 1871 2011 1776
11444 4 2 0 1 991 1272 1788 1089
11445 4 2 0 1 1946 1016 1272 1788
11446 4 2 0 1 1766 2598 2008 1780
11447 4 2 0 1 2412 1838 2411 2647
11448 4 2 0 1 2618 1945 2620 1788
11449 4 2 0 1 1907 1942 1073 1469
11450 4 2 0 1 2617 1615 1786 1788
11451 4 2 0 1 1073 1259 1469 1111
11452 4 2 0 1 2140 2624 2565 2730
11453 4 2 0 1 2073 2287 2286 1445
11454 4 2 0 1 2274 2275 2453 2760
11455 4 2 0 1 2599 2808 1766 2008
11456 4 2 0 1 2560 2084 2563 2561
11457 4 2 0 1 216 456 274 1595
11458 4 2 0 1 2820 2273 1429 2268
11459 4 2 0 1 2173 1402 2171 2174
11460 4 2 0 1 2011 2015 820 1871
11461 4 2 0 1 1758 1395 1629 1644
11462 4 2 0 1 2820 2819 2261 1431
11463 4 2 0 1 1303 1321 1154 1972
11464 4 2 0 1 1635 1996 1629 1995
11465 4 2 0 1 1402 2172 2568 2171
11466 4 2 0 1 2577 1412 2578 1666
11467 4 2 0 1 1441 2206 2578 2209
11468 4 2 0 1 944 1321 1893 1154
11469 4 2 0 1 2572 220 301 307
11470 4 2 0 1 2666 2556 2558 2665
11471 4 2 0 1 1765 1991 2670 2594
11472 4 2 0 1 1716 1261 1055 1936
11473 4 2 0 1 1716 1261 1936 1795
11474 4 2 0 1 1534 2584 2612 2585
11475 4 2 0 1 1911 777 778 776
11476 4 2 0 1 1962 2417 2542 1963
11477 4 2 0 1 2013 1952 1773 2668
11478 4 2 0 1 1773 2596 2670 2612
11479 4 2 0 1 2023 2239 2244 2757
11480 4 2 0 1 1431 2066 2656 2690
11481 4 2 0 1 2764 2252 2289 1597
11482 4 2 0 1 2543 2764 2696 1597
11483 4 2 0 1 2198 2790 1701 2711
11484 4 2 0 1 1992 1826 1798 1115
11485 4 2 0 1 1953 1970 2610 956
11486 4 2 0 1 1771 1952 1607 1953
11487 4 2 0 1 2790 2198 1701 1529
11488 4 2 0 1 1774 2611 2809 2670
11489 4 2 0 1 1173 2450 2788 1701
11490 4 2 0 1 1992 1764 2817 1823
11491 4 2 0 1 984 2620 1938 2801
11492 4 2 0 1 2596 1765 2670 2595
11493 4 2 0 1 1071 973 974 1880
11494 4 2 0 1 420 1678 60 6
11495 4 2 0 1 1714 1709 717 1710
11496 4 2 0 1 1716 2610 1936 1055
11497 4 2 0 1 801 1222 1155 1798
11498 4 2 0 1 2031 1825 2548 2049
11499 4 2 0 1 1040 999 1055 2610
11500 4 2 0 1 2457 2198 1701 2395
11501 4 2 0 1 762 1832 1364 765
11502 4 2 0 1 1200 1149 2634 2007
11503 4 2 0 1 1149 1200 2634 1151
11504 4 2 0 1 1981 1200 2634 2007
11505 4 2 0 1 1200 1981 2634 1151
11506 4 2 0 1 1767 1467 2332 2333
11507 4 2 0 1 1607 2469 2549 2547
11508 4 2 0 1 2030 1987 2016 1468
11509 4 2 0 1 1688 2434 1638 2029
11510 4 2 0 1 2559 1122 1112 1123
11511 4 2 0 1 779 1924 1827 781
11512 4 2 0 1 2703 2153 1451 2088
11513 4 2 0 1 1444 2069 2072 1710
11514 4 2 0 1 2153 2356 1451 2088
11515 4 2 0 1 1660 2649 2648 1291
11516 4 2 0 1 2518 2467 2468 1569
11517 4 2 0 1 36 1531 1339 754
11518 4 2 0 1 1910 1514 1899 1873
11519 4 2 0 1 36 35 1339 1531
11520 4 2 0 1 744 1717 44 43
11521 4 2 0 1 2701 2703 1451 2088
11522 4 2 0 1 829 831 1297 1882
11523 4 2 0 1 2441 819 1880 1832
11524 4 2 0 1 656 1688 1520 1638
11525 4 2 0 1 1931 1316 1117 1908
11526 4 2 0 1 1674 2666 2665 2814
11527 4 2 0 1 1410 2449 2389 2712
11528 4 2 0 1 1967 1208 737 1320
11529 4 2 0 1 1208 1966 1058 1320
11530 4 2 0 1 1795 1716 2549 1936
11531 4 2 0 1 1613 1757 2554 1669
11532 4 2 0 1 1476 2680 1756 1745
11533 4 2 0 1 1448 1614 2309 1712
11534 4 2 0 1 1736 1557 1669 1566
11535 4 2 0 1 1477 1620 1566 1619
11536 4 2 0 1 2085 2466 2614 2461
11537 4 2 0 1 2356 2701 1451 2088
11538 4 2 0 1 1595 456 274 525
11539 4 2 0 1 1387 2270 2071 2262
11540 4 2 0 1 2698 2295 2078 2697
11541 4 2 0 1 2068 1431 2656 2699
11542 4 2 0 1 2077 2597 1382 2078
11543 4 2 0 1 1533 1852 1855 1854
11544 4 2 0 1 2693 1433 2262 2759
11545 4 2 0 1 1435 2249 2656 2582
11546 4 2 0 1 2293 2280 2294 2622
11547 4 2 0 1 1829 2002 2585 1940
11548 4 2 0 1 2460 2500 2294 2622
11549 4 2 0 1 2280 1606 2502 2282
11550 4 2 0 1 2460 2468 1534 1569
11551 4 2 0 1 2282 2502 1382 1606
11552 4 2 0 1 856 1906 857 747
11553 4 2 0 1 2183 1406 2186 1626
11554 4 2 0 1 2776 1488 2775 2389
11555 4 2 0 1 2800 2534 2801 2533
11556 4 2 0 1 617 2477 417 681
11557 4 2 0 1 1761 1759 1405 2184
11558 4 2 0 1 1406 2109 2120 2124
11559 4 2 0 1 2122 2121 2120 1646
11560 4 2 0 1 2705 1406 2187 2186
11561 4 2 0 1 2166 2705 2090 2187
11562 4 2 0 1 2167 2186 2166 2187
11563 4 2 0 1 2265 2089 2272 1428
11564 4 2 0 1 1398 2153 2088 2356
11565 4 2 0 1 2375 2380 1507 1486
11566 4 2 0 1 150 148 724 2723
11567 4 2 0 1 2102 1386 1980 268
11568 4 2 0 1 2375 2380 1486 2483
11569 4 2 0 1 757 755 756 1832
11570 4 2 0 1 1746 2704 2569 241
11571 4 2 0 1 2021 1868 2616 1968
11572 4 2 0 1 5 1680 1287 2044
11573 4 2 0 1 1468 1753 1754 1465
11574 4 2 0 1 1186 1960 743 1243
11575 4 2 0 1 1960 1186 743 1961
11576 4 2 0 1 394 643 1511 2178
11577 4 2 0 1 1404 2747 1415 2746
11578 4 2 0 1 2177 2428 2739 1404
11579 4 2 0 1 795 793 1115 1826
11580 4 2 0 1 2750 1413 2739 2783
11581 4 2 0 1 1415 2738 1539 2717
11582 4 2 0 1 1686 1688 2027 1687
11583 4 2 0 1 2059 2702 1535 2684
11584 4 2 0 1 2221 2201 2202 2754
11585 4 2 0 1 1798 795 1115 1826
11586 4 2 0 1 1233 940 744 1718
11587 4 2 0 1 1486 2404 1507 2408
11588 4 2 0 1 2428 2177 2739 1407
11589 4 2 0 1 1666 2783 2205 1412
11590 4 2 0 1 2345 843 844 732
11591 4 2 0 1 2189 2188 2187 2715
11592 4 2 0 1 1230 2022 52 1315
11593 4 2 0 1 2545 2327 2230 411
11594 4 2 0 1 2757 2023 2767 1998
11595 4 2 0 1 2319 2320 2413 2323
11596 4 2 0 1 2354 2803 2580 2673
11597 4 2 0 1 2756 2237 2757 2238
11598 4 2 0 1 2758 2639 1499 2641
11599 4 2 0 1 2444 1884 1883 1873
11600 4 2 0 1 2503 2563 2561 2760
11601 4 2 0 1 1858 1917 1447 2654
11602 4 2 0 1 2655 2081 2277 2086
11603 4 2 0 1 1960 1138 2343 2344
11604 4 2 0 1 843 2345 844 845
11605 4 2 0 1 2083 2563 2700 1772
11606 4 2 0 1 2654 2652 2276 2273
11607 4 2 0 1 1422 2232 2238 2328
11608 4 2 0 1 1628 1912 2442 1910
11609 4 2 0 1 1988 2258 1424 1426
11610 4 2 0 1 870 2643 1861 1926
11611 4 2 0 1 1189 1347 1052 1998
11612 4 2 0 1 370 630 2047 1421
11613 4 2 0 1 1898 2444 1884 1897
11614 4 2 0 1 1783 2005 2549 1936
11615 4 2 0 1 2491 320 2772 359
11616 4 2 0 1 1572 314 2771 186
11617 4 2 0 1 1023 1361 2016 1231
11618 4 2 0 1 2381 2774 2476 1583
11619 4 2 0 1 2654 1453 2069 2274
11620 4 2 0 1 1701 2449 2389 1410
11621 4 2 0 1 2367 101 103 2524
11622 4 2 0 1 2521 1740 1579 2799
11623 4 2 0 1 1503 2147 2373 2150
11624 4 2 0 1 1518 2785 2435 2784
11625 4 2 0 1 1791 1912 1911 2558
11626 4 2 0 1 1138 850 846 2344
11627 4 2 0 1 2478 2720 2480 2197
11628 4 2 0 1 1624 2456 2391 1560
11629 4 2 0 1 2392 1560 2778 2199
11630 4 2 0 1 586 1695 2195 1694
11631 4 2 0 1 1577 2475 1610 2472
11632 4 2 0 1 2118 1733 2719 1590
11633 4 2 0 1 1978 1781 2041 1770
11634 4 2 0 1 1972 2009 2014 2626
11635 4 2 0 1 1615 2600 1811 1937
11636 4 2 0 1 2084 1772 2802 2600
11637 4 2 0 1 2808 2331 2334 2601
11638 4 2 0 1 2290 2260 2263 1632
11639 4 2 0 1 2700 2595 1775 2597
11640 4 2 0 1 2607 2609 2605 2601
11641 4 2 0 1 2291 1711 2761 2290
11642 4 2 0 1 1771 2041 2809 2670
11643 4 2 0 1 956 1841 1970 922
11644 4 2 0 1 2597 2596 1775 2078
11645 4 2 0 1 1167 2021 1867 1716
11646 4 2 0 1 1328 1974 1978 1781
11647 4 2 0 1 2595 1774 2809 2670
11648 4 2 0 1 2704 1599 2569 241
11649 4 2 0 1 2549 1953 1716 1607
11650 4 2 0 1 2053 2052 1379 2051
11651 4 2 0 1 850 2344 849 846
11652 4 2 0 1 2030 1987 1988 2246
11653 4 2 0 1 2822 1618 2824 2804
11654 4 2 0 1 2822 1618 2804 1600
11655 4 2 0 1 2617 1786 2621 1788
11656 4 2 0 1 2093 2316 2762 2272
11657 4 2 0 1 1945 1788 2621 1946
11658 4 2 0 1 2452 2618 2621 1524
11659 4 2 0 1 1598 1943 2301 1956
11660 4 2 0 1 2009 993 1074 1942
11661 4 2 0 1 1977 872 1803 1216
11662 4 2 0 1 1802 1440 2633 1803
11663 4 2 0 1 387 403 400 1752
11664 4 2 0 1 1838 2555 2558 2647
11665 4 2 0 1 1100 1322 1967 1339
11666 4 2 0 1 1100 1320 1967 1322
11667 4 2 0 1 1967 1348 2024 1966
11668 4 2 0 1 905 907 2838 904
11669 4 2 0 1 1911 1912 1910 1929
11670 4 2 0 1 35 34 1322 1967
11671 4 2 0 1 1320 737 1967 1322
11672 4 2 0 1 1967 1208 1320 1966
11673 4 2 0 1 1244 2669 959 1187
11674 4 2 0 1 1237 1142 1978 1187
11675 4 2 0 1 22 64 1529 277
11676 4 2 0 1 1232 1179 2012 1944
11677 4 2 0 1 2056 2355 2055 1479
11678 4 2 0 1 2450 2713 2790 21
11679 4 2 0 1 84 553 277 1529
11680 4 2 0 1 23 84 277 1529
11681 4 2 0 1 2576 1666 2538 2205
11682 4 2 0 1 86 2416 83 2417
11683 4 2 0 1 1356 1675 1082 1371
11684 4 2 0 1 1100 2024 756 754
11685 4 2 0 1 1647 654 398 634
11686 4 2 0 1 2660 1718 1271 2026
11687 4 2 0 1 1944 2246 2247 2012
11688 4 2 0 1 2704 2142 2569 1599
11689 4 2 0 1 1375 1314 57 1987
11690 4 2 0 1 221 56 1468 55
11691 4 2 0 1 57 1468 1375 1987
11692 4 2 0 1 1994 1468 55 563
11693 4 2 0 1 1023 752 2016 1306
11694 4 2 0 1 1941 751 2023 1218
11695 4 2 0 1 752 1994 2016 1306
11696 4 2 0 1 38 66 1638 39
11697 4 2 0 1 2173 1687 1512 1515
11698 4 2 0 1 1103 1716 1997 1795
11699 4 2 0 1 1588 227 2446 66
11700 4 2 0 1 1541 2386 2476 2477
11701 4 2 0 1 1812 2465 1997 1867
11702 4 2 0 1 1688 1292 41 42
11703 4 2 0 1 1867 1005 1997 1812
11704 4 2 0 1 1103 1867 1004 1997
11705 4 2 0 1 1950 2627 1959 1608
11706 4 2 0 1 1950 2627 1608 1795
11707 4 2 0 1 1103 1867 1997 1716
11708 4 2 0 1 2465 1716 1997 1867
11709 4 2 0 1 2273 2070 1553 2069
11710 4 2 0 1 1964 1960 1961 1186
11711 4 2 0 1 88 566 1602 90
11712 4 2 0 1 2457 2454 1961 1965
11713 4 2 0 1 1692 1700 1672 1411
11714 4 2 0 1 2391 697 526 1624
11715 4 2 0 1 1637 135 99 224
11716 4 2 0 1 135 1637 1540 224
11717 4 2 0 1 718 1637 99 224
11718 4 2 0 1 903 2006 1886 1226
11719 4 2 0 1 1886 1608 1885 2006
11720 4 2 0 1 1608 1886 2020 2006
11721 4 2 0 1 2030 1987 1468 1988
11722 4 2 0 1 2821 1399 2735 2431
11723 4 2 0 1 2367 2368 2524 2366
11724 4 2 0 1 2370 2369 2524 2366
11725 4 2 0 1 1468 1994 1306 2016
11726 4 2 0 1 2367 2371 2366 2524
11727 4 2 0 1 1545 514 668 406
11728 4 2 0 1 1546 408 304 407
11729 4 2 0 1 1546 408 407 409
11730 4 2 0 1 2744 2305 123 2212
11731 4 2 0 1 2305 173 378 1441
11732 4 2 0 1 1665 174 2307 1441
11733 4 2 0 1 2744 2212 123 121
11734 4 2 0 1 1375 1468 1306 2016
11735 4 2 0 1 1021 1852 2462 1020
11736 4 2 0 1 1684 1645 1561 132
11737 4 2 0 1 2048 1378 1879 1355
11738 4 2 0 1 640 1684 349 1642
11739 4 2 0 1 1378 804 1879 1355
11740 4 2 0 1 2547 1732 2818 2469
11741 4 2 0 1 1840 1732 2548 2547
11742 4 2 0 1 345 1642 349 699
11743 4 2 0 1 140 1558 2506 487
11744 4 2 0 1 599 2051 144 701
11745 4 2 0 1 1686 77 721 1687
11746 4 2 0 1 139 222 2050 696
11747 4 2 0 1 2516 1877 1876 2818
11748 4 2 0 1 2516 889 1194 2032
11749 4 2 0 1 1617 667 690 154
11750 4 2 0 1 2444 1883 2661 1873
11751 4 2 0 1 1625 524 659 1528
11752 4 2 0 1 1804 889 2516 2032
11753 4 2 0 1 1782 2464 2032 1569
11754 4 2 0 1 1804 1848 2032 1569
11755 4 2 0 1 2744 172 461 123
11756 4 2 0 1 1569 2648 1804 1848
11757 4 2 0 1 2579 1666 2575 2576
11758 4 2 0 1 2081 1785 1772 2616
11759 4 2 0 1 2370 2368 1580 2390
11760 4 2 0 1 177 1665 175 176
11761 4 2 0 1 77 616 721 1687
11762 4 2 0 1 2208 2217 2773 2362
11763 4 2 0 1 1686 1688 1687 721
11764 4 2 0 1 1481 2362 2364 2773
11765 4 2 0 1 450 1572 188 700
11766 4 2 0 1 2491 320 359 502
11767 4 2 0 1 1111 2598 1781 789
11768 4 2 0 1 127 2779 131 138
11769 4 2 0 1 1111 789 1781 1328
11770 4 2 0 1 124 1582 126 125
11771 4 2 0 1 2041 2600 1772 1770
11772 4 2 0 1 2 2235 541 1
11773 4 2 0 1 1639 2220 1567 1416
11774 4 2 0 1 1911 777 774 1910
11775 4 2 0 1 220 2572 301 219
11776 4 2 0 1 420 1678 479 60
11777 4 2 0 1 1707 1706 1690 2794
11778 4 2 0 1 2537 1726 431 272
11779 4 2 0 1 2013 1607 2049 1773
11780 4 2 0 1 2273 1553 2070 1429
11781 4 2 0 1 2346 1960 2341 1473
11782 4 2 0 1 137 2384 1740 2799
11783 4 2 0 1 1290 1643 745 734
11784 4 2 0 1 1588 2386 417 2477
11785 4 2 0 1 2388 1570 2774 2798
11786 4 2 0 1 2798 1570 235 233
11787 4 2 0 1 2130 2132 1397 2128
11788 4 2 0 1 2704 2126 2091 2127
11789 4 2 0 1 2704 1401 2131 1746
11790 4 2 0 1 1116 1301 2610 1177
11791 4 2 0 1 1663 1654 2131 1390
11792 4 2 0 1 1402 2568 1746 2171
11793 4 2 0 1 836 1056 1897 853
11794 4 2 0 1 326 1623 1618 1622
11795 4 2 0 1 258 546 252 1671
11796 4 2 0 1 2540 2541 254 1592
11797 4 2 0 1 258 254 1671 252
11798 4 2 0 1 1960 2346 2341 1923
11799 4 2 0 1 1663 1654 1662 1661
11800 4 2 0 1 254 253 1671 252
11801 4 2 0 1 2717 1482 2222 2579
11802 4 2 0 1 636 271 2307 448
11803 4 2 0 1 436 1684 590 373
11804 4 2 0 1 2473 2793 2195 2790
11805 4 2 0 1 673 463 1543 512
11806 4 2 0 1 1536 463 1543 1544
11807 4 2 0 1 2195 2791 278 2475
11808 4 2 0 1 1879 1763 2049 1824
11809 4 2 0 1 262 1652 512 264
11810 4 2 0 1 1544 463 653 1609
11811 4 2 0 1 1542 512 1652 264
11812 4 2 0 1 1677 1642 1585 1623
11813 4 2 0 1 1542 512 264 673
11814 4 2 0 1 326 1623 1622 329
11815 4 2 0 1 2158 1486 2408 1535
11816 4 2 0 1 2376 2404 2408 2406
11817 4 2 0 1 1486 2407 2404 2408
11818 4 2 0 1 2010 738 1344 51
11819 4 2 0 1 2133 1996 2144 2323
11820 4 2 0 1 1507 2709 2158 2408
11821 4 2 0 1 390 486 1694 2470
11822 4 2 0 1 1486 2404 2407 2405
11823 4 2 0 1 165 1704 159 166
11824 4 2 0 1 449 1677 351 664
11825 4 2 0 1 1917 1453 2069 2654
11826 4 2 0 1 1453 1917 2069 1713
11827 4 2 0 1 2413 2319 2323 1501
11828 4 2 0 1 414 1655 422 328
11829 4 2 0 1 1752 1578 292 290
11830 4 2 0 1 2319 2813 2323 1501
11831 4 2 0 1 2319 1634 2631 1501
11832 4 2 0 1 1618 2803 2824 2804
11833 4 2 0 1 1696 2162 2431 2429
11834 4 2 0 1 1545 160 668 514
11835 4 2 0 1 2295 2543 2697 2256
11836 4 2 0 1 2212 1509 121 2744
11837 4 2 0 1 1829 1790 1958 2294
11838 4 2 0 1 1593 595 120 308
11839 4 2 0 1 519 520 63 1697
11840 4 2 0 1 1745 1477 1669 1619
11841 4 2 0 1 2699 2543 2697 2080
11842 4 2 0 1 324 326 1725 1723
11843 4 2 0 1 2004 1957 1437 2697
11844 4 2 0 1 1679 2348 1730 1657
11845 4 2 0 1 1618 344 339 343
11846 4 2 0 1 1642 344 343 345
11847 4 2 0 1 2319 1634 1501 2413
11848 4 2 0 1 1736 2682 2095 1477
11849 4 2 0 1 449 1623 340 1677
11850 4 2 0 1 1414 1476 2357 2773
11851 4 2 0 1 597 454 710 1744
11852 4 2 0 1 1477 1566 1669 1619
11853 4 2 0 1 2467 2469 2463 2818
11854 4 2 0 1 2699 1564 2697 2256
11855 4 2 0 1 2464 2467 2463 2818
11856 4 2 0 1 1642 352 346 348
11857 4 2 0 1 2824 349 699 545
11858 4 2 0 1 1561 1684 1586 2752
11859 4 2 0 1 2400 1493 2681 2751
11860 4 2 0 1 331 330 332 1585
11861 4 2 0 1 339 335 482 1585
11862 4 2 0 1 1437 1957 2256 2697
11863 4 2 0 1 1819 2341 1923 1960
11864 4 2 0 1 1451 1460 2270 2703
11865 4 2 0 1 2701 2352 2356 1451
11866 4 2 0 1 365 582 1600 325
11867 4 2 0 1 7 1658 1657 6
11868 4 2 0 1 520 1697 1730 63
11869 4 2 0 1 2349 424 315 363
11870 4 2 0 1 2694 1553 1429 2695
11871 4 2 0 1 2348 479 2490 1657
11872 4 2 0 1 1553 2694 1429 2268
11873 4 2 0 1 2511 80 2510 1563
11874 4 2 0 1 2510 2511 580 80
11875 4 2 0 1 557 2018 2511 76
11876 4 2 0 1 2824 1642 343 699
11877 4 2 0 1 1611 2835 655 462
11878 4 2 0 1 2703 2135 1383 2088
11879 4 2 0 1 2072 1714 503 1710
11880 4 2 0 1 2742 2190 645 1694
11881 4 2 0 1 2824 349 545 590
11882 4 2 0 1 2342 2423 1498 1473
11883 4 2 0 1 1611 2835 462 440
11884 4 2 0 1 1429 2264 2071 2260
11885 4 2 0 1 1604 170 1729 527
11886 4 2 0 1 1751 205 1587 627
11887 4 2 0 1 1112 1930 779 1924
11888 4 2 0 1 529 441 438 1752
11889 4 2 0 1 2149 498 269 2798
11890 4 2 0 1 289 1751 290 288
11891 4 2 0 1 396 113 136 2735
11892 4 2 0 1 379 389 2524 648
11893 4 2 0 1 368 1654 367 244
11894 4 2 0 1 2553 2494 1743 1742
11895 4 2 0 1 2150 136 402 111
11896 4 2 0 1 1743 2494 2097 2589
11897 4 2 0 1 495 1651 1733 197
11898 4 2 0 1 163 2496 1651 197
11899 4 2 0 1 1637 1409 2523 2474
11900 4 2 0 1 2196 2118 2482 2478
11901 4 2 0 1 2589 2590 1743 1385
11902 4 2 0 1 2589 1743 2590 2097
11903 4 2 0 1 412 485 2482 635
11904 4 2 0 1 1470 1806 2635 2037
11905 4 2 0 1 1652 1542 264 1590
11906 4 2 0 1 531 402 688 2799
11907 4 2 0 1 1980 2806 1449 2104
11908 4 2 0 1 2150 2149 1396 2724
11909 4 2 0 1 2806 1980 2312 2104
11910 4 2 0 1 408 500 682 2485
11911 4 2 0 1 1553 2273 2268 1429
11912 4 2 0 1 2207 2717 2579 1482
11913 4 2 0 1 1587 1751 627 1704
11914 4 2 0 1 1418 2326 2228 2227
11915 4 2 0 1 2181 2430 1509 2177
11916 4 2 0 1 279 280 281 2743
11917 4 2 0 1 2835 1604 170 1729
11918 4 2 0 1 1611 2835 170 655
11919 4 2 0 1 1578 1751 1752 206
11920 4 2 0 1 451 2779 127 138
11921 4 2 0 1 2779 451 127 2403
11922 4 2 0 1 451 125 127 2403
11923 4 2 0 1 125 1582 127 2403
11924 4 2 0 1 2352 2210 1482 2747
11925 4 2 0 1 280 282 1670 556
11926 4 2 0 1 2181 1509 2430 2429
11927 4 2 0 1 1387 2262 2112 1460
11928 4 2 0 1 2443 1290 1995 1897
11929 4 2 0 1 2704 2131 1663 241
11930 4 2 0 1 399 1578 1752 206
11931 4 2 0 1 2430 1510 2429 1509
11932 4 2 0 1 2766 2121 2546 1462
11933 4 2 0 1 1546 2487 530 666
11934 4 2 0 1 1603 2471 1551 2528
11935 4 2 0 1 1648 484 491 711
11936 4 2 0 1 238 484 1648 711
11937 4 2 0 1 654 238 484 1647
11938 4 2 0 1 1647 634 1747 484
11939 4 2 0 1 2756 2039 1462 2238
11940 4 2 0 1 1389 2120 1405 1646
11941 4 2 0 1 2485 408 409 682
11942 4 2 0 1 2052 2675 2506 140
11943 4 2 0 1 2487 110 530 666
11944 4 2 0 1 2507 2552 145 147
11945 4 2 0 1 2718 2118 2116 2722
11946 4 2 0 1 599 2051 701 433
11947 4 2 0 1 375 599 433 1677
11948 4 2 0 1 2051 2354 2050 2580
11949 4 2 0 1 2119 2125 2123 2127
11950 4 2 0 1 458 1586 130 459
11951 4 2 0 1 1642 355 348 516
11952 4 2 0 1 355 1642 1750 516
11953 4 2 0 1 269 234 528 2149
11954 4 2 0 1 2804 2824 2823 2803
11955 4 2 0 1 1310 1278 745 1995
11956 4 2 0 1 2326 2327 1418 1465
11957 4 2 0 1 2326 1465 1418 2228
11958 4 2 0 1 2092 2734 2136 2733
11959 4 2 0 1 2162 2402 2211 2686
11960 4 2 0 1 1389 2125 2123 2119
11961 4 2 0 1 306 537 1692 539
11962 4 2 0 1 306 683 539 1692
11963 4 2 0 1 683 1739 539 1692
11964 4 2 0 1 2489 1706 2490 2510
11965 4 2 0 1 309 555 241 1599
11966 4 2 0 1 1761 2570 435 1663
11967 4 2 0 1 80 557 550 1563
11968 4 2 0 1 2225 2755 2510 2794
11969 4 2 0 1 557 2512 3 4
11970 4 2 0 1 2661 808 2559 1930
11971 4 2 0 1 33 1675 1082 1341
11972 4 2 0 1 662 1562 601 561
11973 4 2 0 1 1562 561 1645 1676
11974 4 2 0 1 1746 1647 239 241
11975 4 2 0 1 1726 722 1539 477
11976 4 2 0 1 662 1562 561 1645
11977 4 2 0 1 1645 429 561 662
11978 4 2 0 1 342 2832 339 1618
11979 4 2 0 1 476 474 1729 475
11980 4 2 0 1 1746 239 2131 241
11981 4 2 0 1 2179 2701 1392 2134
11982 4 2 0 1 2701 2703 1392 2134
11983 4 2 0 1 2701 2179 1460 2134
11984 4 2 0 1 625 2832 572 338
11985 4 2 0 1 2364 1483 1420 2773
11986 4 2 0 1 1656 251 253 594
11987 4 2 0 1 1656 388 251 594
11988 4 2 0 1 1656 256 2175 261
11989 4 2 0 1 2703 2701 1460 2134
11990 4 2 0 1 2137 2290 2562 2084
11991 4 2 0 1 2329 1632 2562 2141
11992 4 2 0 1 2329 1632 2141 1466
11993 4 2 0 1 2729 2271 2561 2562
11994 4 2 0 1 2728 2729 2562 2140
11995 4 2 0 1 2329 1632 1466 2188
11996 4 2 0 1 1504 1401 1568 1746
11997 4 2 0 1 40 1688 41 453
11998 4 2 0 1 225 656 1520 66
11999 4 2 0 1 157 156 158 2528
12000 4 2 0 1 627 1751 384 1704
12001 4 2 0 1 386 1704 689 384
12002 4 2 0 1 2488 1485 2371 2372
12003 4 2 0 1 1503 2147 2150 2725
12004 4 2 0 1 1690 425 638 209
12005 4 2 0 1 687 425 638 1690
12006 4 2 0 1 1509 2182 2429 2181
12007 4 2 0 1 859 1903 860 858
12008 4 2 0 1 2421 2377 1503 2373
12009 4 2 0 1 2371 2373 2421 1484
12010 4 2 0 1 2509 2255 1563 2512
12011 4 2 0 1 2371 2369 2366 2524
12012 4 2 0 1 1570 1583 2774 1699
12013 4 2 0 1 499 649 648 1740
12014 4 2 0 1 2092 1398 2160 1397
12015 4 2 0 1 1399 2733 1397 2132
12016 4 2 0 1 2092 1383 1398 1397
12017 4 2 0 1 191 204 195 2586
12018 4 2 0 1 623 477 259 1539
12019 4 2 0 1 209 480 1691 195
12020 4 2 0 1 1307 1846 737 1341
12021 4 2 0 1 2130 2725 1397 1396
12022 4 2 0 1 1341 1502 1675 1673
12023 4 2 0 1 642 476 1729 475
12024 4 2 0 1 1509 2427 2428 2426
12025 4 2 0 1 1751 386 1729 385
12026 4 2 0 1 1751 386 385 384
12027 4 2 0 1 214 223 714 1595
12028 4 2 0 1 441 299 297 1752
12029 4 2 0 1 2118 2486 2719 1733
12030 4 2 0 1 2725 1503 2419 2156
12031 4 2 0 1 1503 2154 2419 2156
12032 4 2 0 1 196 495 197 1651
12033 4 2 0 1 2428 2427 2538 2426
12034 4 2 0 1 262 1590 264 263
12035 4 2 0 1 1527 2725 2419 2156
12036 4 2 0 1 533 2164 136 439
12037 4 2 0 1 2776 2458 1521 2382
12038 4 2 0 1 34 62 693 1502
12039 4 2 0 1 1521 2737 2168 2776
12040 4 2 0 1 438 504 1752 686
12041 4 2 0 1 2458 1521 2459 2168
12042 4 2 0 1 1509 2428 2427 1407
12043 4 2 0 1 1403 2125 2122 2176
12044 4 2 0 1 2179 1404 2122 2176
12045 4 2 0 1 2471 2495 2114 1549
12046 4 2 0 1 1542 485 673 264
12047 4 2 0 1 495 2719 1590 418
12048 4 2 0 1 2744 172 123 2305
12049 4 2 0 1 409 1546 530 666
12050 4 2 0 1 2835 476 1729 170
12051 4 2 0 1 1675 1846 1307 1341
12052 4 2 0 1 2706 1400 2186 2705
12053 4 2 0 1 1675 1307 1082 1341
12054 4 2 0 1 1371 1675 32 31
12055 4 2 0 1 1675 1356 1082 1307
12056 4 2 0 1 2705 2187 1406 2087
12057 4 2 0 1 2649 731 1175 1291
12058 4 2 0 1 1281 1658 943 1304
12059 4 2 0 1 1642 344 345 346
12060 4 2 0 1 1406 2087 2124 2705
12061 4 2 0 1 1660 731 1168 11
12062 4 2 0 1 2193 1408 2793 2481
12063 4 2 0 1 2193 2793 1408 2195
12064 4 2 0 1 2154 1527 2419 2156
12065 4 2 0 1 1489 1488 2151 2774
12066 4 2 0 1 2203 1479 2216 2213
12067 4 2 0 1 1850 2441 1983 1851
12068 4 2 0 1 2745 2203 2213 1413
12069 4 2 0 1 764 1983 765 766
12070 4 2 0 1 2340 2441 1983 1880
12071 4 2 0 1 422 1576 644 426
12072 4 2 0 1 1519 2038 2667 1516
12073 4 2 0 1 1875 1513 2435 1899
12074 4 2 0 1 1983 766 953 769
12075 4 2 0 1 2182 1509 2427 1407
12076 4 2 0 1 2216 2353 1478 2213
12077 4 2 0 1 1866 810 812 811
12078 4 2 0 1 1767 1888 1934 1889
12079 4 2 0 1 2182 2427 2739 1407
12080 4 2 0 1 1889 1837 1833 782
12081 4 2 0 1 1317 1983 766 953
12082 4 2 0 1 798 1826 797 795
12083 4 2 0 1 1478 2060 2213 2096
12084 4 2 0 1 2213 1494 2096 2060
12085 4 2 0 1 1784 1107 1801 1844
12086 4 2 0 1 2525 2060 2213 1478
12087 4 2 0 1 2304 1769 2602 2696
12088 4 2 0 1 1825 1054 906 803
12089 4 2 0 1 1378 2048 1879 2629
12090 4 2 0 1 2058 2401 1538 2059
12091 4 2 0 1 2724 2725 2150 2147
12092 4 2 0 1 2058 2353 2213 2096
12093 4 2 0 1 1595 223 714 1625
12094 4 2 0 1 1134 1828 939 1047
12095 4 2 0 1 794 795 1374 1826
12096 4 2 0 1 1445 2223 1482 1475
12097 4 2 0 1 2724 2150 2725 1396
12098 4 2 0 1 2147 2419 2522 2151
12099 4 2 0 1 2262 1445 1482 1460
12100 4 2 0 1 2262 2223 1482 1445
12101 4 2 0 1 1124 1851 838 1265
12102 4 2 0 1 2262 2223 2219 1482
12103 4 2 0 1 2130 2725 1396 2724
12104 4 2 0 1 822 2825 1880 768
12105 4 2 0 1 2725 2165 1527 2151
12106 4 2 0 1 2040 827 838 1234
12107 4 2 0 1 1900 1234 1882 2040
12108 4 2 0 1 826 2040 827 825
12109 4 2 0 1 2040 1169 828 1882
12110 4 2 0 1 411 1465 493 2327
12111 4 2 0 1 1966 1041 1032 1210
12112 4 2 0 1 1472 1832 2024 2671
12113 4 2 0 1 714 1664 415 211
12114 4 2 0 1 1863 1862 1948 1958
12115 4 2 0 1 856 857 1906 1905
12116 4 2 0 1 1944 2246 2012 2016
12117 4 2 0 1 1435 1425 1862 1904
12118 4 2 0 1 863 1864 878 860
12119 4 2 0 1 562 410 2230 411
12120 4 2 0 1 410 562 2230 658
12121 4 2 0 1 2643 1178 871 874
12122 4 2 0 1 1753 562 2230 1465
12123 4 2 0 1 313 1594 312 395
12124 4 2 0 1 869 1921 1920 868
12125 4 2 0 1 1594 2418 395 2477
12126 4 2 0 1 1150 1151 1803 1216
12127 4 2 0 1 2643 871 1861 1919
12128 4 2 0 1 867 869 868 1921
12129 4 2 0 1 562 1753 2230 658
12130 4 2 0 1 870 1861 869 1921
12131 4 2 0 1 1393 2241 1632 2240
12132 4 2 0 1 2000 1683 2585 1940
12133 4 2 0 1 3 2018 1682 2512
12134 4 2 0 1 1144 878 1862 860
12135 4 2 0 1 1763 2646 1823 2817
12136 4 2 0 1 2113 2257 1632 2240
12137 4 2 0 1 1099 1813 1294 1097
12138 4 2 0 1 2257 2113 2232 2240
12139 4 2 0 1 1632 2240 1434 1393
12140 4 2 0 1 2412 2557 1627 2555
12141 4 2 0 1 1776 1982 2414 2769
12142 4 2 0 1 1984 909 1182 1048
12143 4 2 0 1 1869 1311 1969 2020
12144 4 2 0 1 1986 1180 891 1353
12145 4 2 0 1 892 1986 1351 1353
12146 4 2 0 1 2727 1434 2240 1393
12147 4 2 0 1 2727 2257 2240 1434
12148 4 2 0 1 427 313 681 1541
12149 4 2 0 1 600 421 1708 644
12150 4 2 0 1 2241 2758 1423 2242
12151 4 2 0 1 1596 2235 2251 2234
12152 4 2 0 1 313 1594 681 1541
12153 4 2 0 1 2067 2066 2249 2254
12154 4 2 0 1 2494 1743 1385 2589
12155 4 2 0 1 2464 2516 2818 2032
12156 4 2 0 1 1254 2005 1253 1783
12157 4 2 0 1 2690 2066 2249 2067
12158 4 2 0 1 1268 927 926 1935
12159 4 2 0 1 2066 2582 2249 2254
12160 4 2 0 1 2582 2066 2249 2656
12161 4 2 0 1 2370 1579 2524 2369
12162 4 2 0 1 1435 2582 2254 2249
12163 4 2 0 1 764 1983 766 1317
12164 4 2 0 1 876 874 935 1818
12165 4 2 0 1 1464 1156 971 968
12166 4 2 0 1 2494 2589 1385 2721
12167 4 2 0 1 2592 2494 2721 2101
12168 4 2 0 1 2661 1123 2559 808
12169 4 2 0 1 566 1692 538 622
12170 4 2 0 1 2025 1973 2041 1974
12171 4 2 0 1 956 1841 922 958
12172 4 2 0 1 1811 1111 1781 1066
12173 4 2 0 1 2605 1766 1780 1770
12174 4 2 0 1 63 2840 676 1658
12175 4 2 0 1 2605 2084 1777 2600
12176 4 2 0 1 2466 2584 1534 2464
12177 4 2 0 1 1982 2769 2411 2414
12178 4 2 0 1 1639 630 472 1421
12179 4 2 0 1 1183 1799 969 2630
12180 4 2 0 1 1464 970 2765 968
12181 4 2 0 1 2756 2244 2318 1463
12182 4 2 0 1 2413 2317 1627 2415
12183 4 2 0 1 1430 2819 2690 1431
12184 4 2 0 1 1644 1635 1395 1629
12185 4 2 0 1 1310 1092 1093 1995
12186 4 2 0 1 1660 748 1359 1168
12187 4 2 0 1 538 1625 540 223
12188 4 2 0 1 2808 2331 2601 2606
12189 4 2 0 1 2820 1431 2261 2070
12190 4 2 0 1 309 1647 398 2569
12191 4 2 0 1 2599 1259 1469 1907
12192 4 2 0 1 2835 474 620 462
12193 4 2 0 1 2153 1428 2714 2272
12194 4 2 0 1 982 1316 1925 987
12195 4 2 0 1 2770 2810 1945 2811
12196 4 2 0 1 1599 1761 2142 1394
12197 4 2 0 1 2352 1450 2356 1451
12198 4 2 0 1 1678 1679 1657 2348
12199 4 2 0 1 1812 2085 2082 1554
12200 4 2 0 1 1451 1460 2703 2701
12201 4 2 0 1 999 997 998 1968
12202 4 2 0 1 2694 1553 2270 2714
12203 4 2 0 1 1288 1785 2615 1001
12204 4 2 0 1 2153 1450 1451 2356
12205 4 2 0 1 2362 1483 2364 2773
12206 4 2 0 1 1453 1614 1834 1713
12207 4 2 0 1 1451 2714 2703 2270
12208 4 2 0 1 2695 2694 1553 2270
12209 4 2 0 1 1950 1299 1113 1038
12210 4 2 0 1 592 611 1668 276
12211 4 2 0 1 2592 2721 2494 1385
12212 4 2 0 1 1444 2073 2286 1721
12213 4 2 0 1 1487 2370 1579 2524
12214 4 2 0 1 1709 1555 1710 1712
12215 4 2 0 1 2505 451 2779 2403
12216 4 2 0 1 1944 1994 1998 2030
12217 4 2 0 1 1998 1994 2767 2328
12218 4 2 0 1 2023 2245 1941 1499
12219 4 2 0 1 1783 918 1999 920
12220 4 2 0 1 1444 1710 1712 2069
12221 4 2 0 1 927 925 1935 1797
12222 4 2 0 1 1202 1118 902 1969
12223 4 2 0 1 1614 1453 2311 1712
12224 4 2 0 1 1448 1555 1712 1721
12225 4 2 0 1 746 3 1682 2512
12226 4 2 0 1 2583 2046 1053 1227
12227 4 2 0 1 1045 5 1287 2044
12228 4 2 0 1 746 1681 1346 1680
12229 4 2 0 1 1292 42 2026 1205
12230 4 2 0 1 834 839 1882 1108
12231 4 2 0 1 2286 1712 1553 2069
12232 4 2 0 1 832 830 1882 831
12233 4 2 0 1 1056 1896 1080 1900
12234 4 2 0 1 1709 1614 1712 1713
12235 4 2 0 1 904 2831 2588 2628
12236 4 2 0 1 1973 1811 1242 1937
12237 4 2 0 1 138 451 2505 198
12238 4 2 0 1 2598 1259 789 1111
12239 4 2 0 1 1973 995 1937 1242
12240 4 2 0 1 2598 789 1780 1781
12241 4 2 0 1 1780 1809 2609 1810
12242 4 2 0 1 1710 1713 1712 2069
12243 4 2 0 1 1895 1905 1302 1078
12244 4 2 0 1 878 863 879 1949
12245 4 2 0 1 2262 1445 2695 2286
12246 4 2 0 1 1444 1381 2069 2286
12247 4 2 0 1 1089 1272 1788 1946
12248 4 2 0 1 1489 1488 2774 2382
12249 4 2 0 1 2449 1947 1522 1979
12250 4 2 0 1 2286 1712 2069 1444
12251 4 2 0 1 2620 1945 2811 994
12252 4 2 0 1 1721 1445 2286 1553
12253 4 2 0 1 1721 2073 2286 1445
12254 4 2 0 1 2069 2070 1553 2286
12255 4 2 0 1 2795 2509 1443 2066
12256 4 2 0 1 518 36 82 1531
12257 4 2 0 1 1673 1846 1967 1902
12258 4 2 0 1 2505 451 2526 198
12259 4 2 0 1 2611 1771 2809 2670
12260 4 2 0 1 2692 2573 1731 2691
12261 4 2 0 1 929 1131 1797 930
12262 4 2 0 1 1835 1911 778 776
12263 4 2 0 1 2765 1799 2325 1800
12264 4 2 0 1 2068 2066 2292 2582
12265 4 2 0 1 1123 2630 1122 1146
12266 4 2 0 1 2692 2066 2292 2068
12267 4 2 0 1 1943 1440 1439 1920
12268 4 2 0 1 2568 2569 2142 1640
12269 4 2 0 1 2505 451 2403 2526
12270 4 2 0 1 2596 2078 2698 2302
12271 4 2 0 1 2596 2698 2078 2077
12272 4 2 0 1 2787 1521 2447 2451
12273 4 2 0 1 2370 2368 2524 1580
12274 4 2 0 1 1478 2214 2308 1442
12275 4 2 0 1 1478 2525 2308 2214
12276 4 2 0 1 1794 962 1129 1130
12277 4 2 0 1 2400 127 2779 131
12278 4 2 0 1 2779 2525 2308 2687
12279 4 2 0 1 746 1681 1682 1227
12280 4 2 0 1 1864 1949 1862 1958
12281 4 2 0 1 1170 1794 1368 1130
12282 4 2 0 1 2690 2066 2067 1431
12283 4 2 0 1 2525 2779 2308 2214
12284 4 2 0 1 2315 1980 2314 1979
12285 4 2 0 1 806 1981 1166 799
12286 4 2 0 1 797 1826 1106 1374
12287 4 2 0 1 2494 1388 2117 2097
12288 4 2 0 1 795 793 1826 794
12289 4 2 0 1 1802 1821 1801 1844
12290 4 2 0 1 1783 918 919 917
12291 4 2 0 1 848 847 1324 1902
12292 4 2 0 1 2445 1627 2323 2133
12293 4 2 0 1 1861 2643 2642 1926
12294 4 2 0 1 2243 1944 1926 1916
12295 4 2 0 1 1189 1998 935 1188
12296 4 2 0 1 1189 1347 1998 1188
12297 4 2 0 1 1557 356 391 360
12298 4 2 0 1 2069 2278 2074 1381
12299 4 2 0 1 712 1541 452 1571
12300 4 2 0 1 2820 2651 2819 1431
12301 4 2 0 1 1450 2311 1553 1712
12302 4 2 0 1 1010 1105 1857 1104
12303 4 2 0 1 1834 1789 2315 2453
12304 4 2 0 1 2598 1259 1469 2599
12305 4 2 0 1 1638 1212 1127 949
12306 4 2 0 1 754 1100 1967 1339
12307 4 2 0 1 931 927 1797 930
12308 4 2 0 1 2540 578 1592 573
12309 4 2 0 1 2317 2144 2323 2133
12310 4 2 0 1 1846 848 1209 1210
12311 4 2 0 1 1627 2317 2323 2133
12312 4 2 0 1 1101 2827 1276 902
12313 4 2 0 1 2540 578 573 510
12314 4 2 0 1 2763 2297 2300 2332
12315 4 2 0 1 2255 2511 2510 1563
12316 4 2 0 1 2138 2601 2332 2297
12317 4 2 0 1 573 1592 257 578
12318 4 2 0 1 2297 2601 2332 2763
12319 4 2 0 1 1352 2012 1255 1895
12320 4 2 0 1 2715 2265 2264 2714
12321 4 2 0 1 1894 2252 1895 2664
12322 4 2 0 1 2535 1933 2770 2341
12323 4 2 0 1 752 1023 2016 1231
12324 4 2 0 1 1932 2786 1933 1470
12325 4 2 0 1 2535 2786 2341 2440
12326 4 2 0 1 1471 2438 2530 1498
12327 4 2 0 1 2815 2423 2438 1498
12328 4 2 0 1 1819 2781 1961 1525
12329 4 2 0 1 687 189 184 2771
12330 4 2 0 1 922 1783 919 917
12331 4 2 0 1 1783 918 920 919
12332 4 2 0 1 960 794 1844 1784
12333 4 2 0 1 1443 2347 1697 1730
12334 4 2 0 1 2358 1481 2773 1476
12335 4 2 0 1 2489 2492 1547 2350
12336 4 2 0 1 2437 1513 1875 2027
12337 4 2 0 1 1124 1851 1265 1087
12338 4 2 0 1 1263 2036 1264 1265
12339 4 2 0 1 2492 2489 2358 2350
12340 4 2 0 1 1757 2360 2359 1480
12341 4 2 0 1 1756 1480 1757 2359
12342 4 2 0 1 2834 931 932 933
12343 4 2 0 1 1756 1757 1480 1755
12344 4 2 0 1 2198 2457 2778 2395
12345 4 2 0 1 2358 2215 2773 1420
12346 4 2 0 1 2363 2577 2202 2773
12347 4 2 0 1 2363 2202 1420 2773
12348 4 2 0 1 1483 2363 1420 2773
12349 4 2 0 1 2457 2396 2778 2395
12350 4 2 0 1 5 1563 4 1680
12351 4 2 0 1 2661 808 1120 1298
12352 4 2 0 1 1883 2661 1120 1298
12353 4 2 0 1 1896 1900 1897 1884
12354 4 2 0 1 2661 1910 2444 1873
12355 4 2 0 1 530 2486 2719 2372
12356 4 2 0 1 1766 2605 2600 1770
12357 4 2 0 1 1870 2808 2606 1767
12358 4 2 0 1 2606 1913 2604 1768
12359 4 2 0 1 2011 1323 1934 820
12360 4 2 0 1 1323 785 1934 820
12361 4 2 0 1 786 784 785 1888
12362 4 2 0 1 362 2840 502 2491
12363 4 2 0 1 1041 1966 818 1058
12364 4 2 0 1 1901 1114 1033 1362
12365 4 2 0 1 1041 1966 1058 1208
12366 4 2 0 1 530 2487 2486 2372
12367 4 2 0 1 2488 1485 2372 2374
12368 4 2 0 1 1966 1041 818 1032
12369 4 2 0 1 2718 2375 2488 2486
12370 4 2 0 1 1665 174 175 176
12371 4 2 0 1 1079 977 1845 1326
12372 4 2 0 1 1919 874 873 875
12373 4 2 0 1 97 2368 2390 1580
12374 4 2 0 1 2623 1094 2501 1342
12375 4 2 0 1 2501 1984 1342 1660
12376 4 2 0 1 2623 1984 1342 2501
12377 4 2 0 1 892 1180 1986 1353
12378 4 2 0 1 2396 1491 2390 2395
12379 4 2 0 1 1125 1090 1984 895
12380 4 2 0 1 795 797 1374 1826
12381 4 2 0 1 325 1600 327 582
12382 4 2 0 1 2456 2781 2399 1525
12383 4 2 0 1 56 1468 1306 1375
12384 4 2 0 1 2601 2607 2608 2605
12385 4 2 0 1 1703 1602 2782 2542
12386 4 2 0 1 1535 2684 2407 2408
12387 4 2 0 1 2291 2290 2700 1711
12388 4 2 0 1 2531 2387 1473 1492
12389 4 2 0 1 150 151 1549 2497
12390 4 2 0 1 2478 2720 2197 2479
12391 4 2 0 1 2497 724 150 577
12392 4 2 0 1 341 350 340 1620
12393 4 2 0 1 2102 685 613 268
12394 4 2 0 1 1654 2131 2164 367
12395 4 2 0 1 1479 2353 2213 2058
12396 4 2 0 1 2404 2376 2407 2526
12397 4 2 0 1 1485 2384 2373 2369
12398 4 2 0 1 2291 2700 2290 2608
12399 4 2 0 1 2264 2694 2108 2714
12400 4 2 0 1 586 1695 64 2195
12401 4 2 0 1 1542 2478 2197 2193
12402 4 2 0 1 64 1695 2790 2195
12403 4 2 0 1 2192 1408 2742 2197
12404 4 2 0 1 1428 2108 2109 2703
12405 4 2 0 1 2190 1695 1694 1408
12406 4 2 0 1 2357 2215 2773 2358
12407 4 2 0 1 310 2792 525 556
12408 4 2 0 1 188 588 1572 2822
12409 4 2 0 1 1749 2358 2771 2350
12410 4 2 0 1 1698 1645 2752 1685
12411 4 2 0 1 1698 1685 2752 2362
12412 4 2 0 1 2751 2217 1419 2752
12413 4 2 0 1 2645 1992 2817 1823
12414 4 2 0 1 2543 2819 1597 2291
12415 4 2 0 1 1387 2270 2262 1460
12416 4 2 0 1 2252 2246 1424 2663
12417 4 2 0 1 2263 2819 1597 2261
12418 4 2 0 1 2543 2690 2819 2699
12419 4 2 0 1 2764 2289 2252 2253
12420 4 2 0 1 178 2363 2578 2575
12421 4 2 0 1 2539 2180 2538 2739
12422 4 2 0 1 2208 2748 1483 2578
12423 4 2 0 1 2207 2576 2717 1415
12424 4 2 0 1 179 2587 1483 2363
12425 4 2 0 1 2398 2386 1588 1492
12426 4 2 0 1 1486 1507 2158 2408
12427 4 2 0 1 2748 194 2578 1676
12428 4 2 0 1 1454 2685 2061 2356
12429 4 2 0 1 1188 1347 1944 1231
12430 4 2 0 1 1565 2065 1556 1449
12431 4 2 0 1 2218 2056 2677 2216
12432 4 2 0 1 2588 2831 2838 913
12433 4 2 0 1 2405 2526 2404 2407
12434 4 2 0 1 1631 1762 1462 2017
12435 4 2 0 1 2189 2715 2729 2330
12436 4 2 0 1 1073 2014 1074 1942
12437 4 2 0 1 2503 2617 1786 1523
12438 4 2 0 1 1626 1500 1463 2318
12439 4 2 0 1 1398 1503 1397 2156
12440 4 2 0 1 1464 2145 1635 2323
12441 4 2 0 1 2411 1633 2780 2768
12442 4 2 0 1 1690 687 1706 638
12443 4 2 0 1 2224 2493 2225 2794
12444 4 2 0 1 496 7 1657 420
12445 4 2 0 1 187 1572 2364 186
12446 4 2 0 1 5 1680 4 1287
12447 4 2 0 1 1528 525 719 2792
12448 4 2 0 1 362 2840 2491 1657
12449 4 2 0 1 1749 1572 2771 2364
12450 4 2 0 1 1399 1396 2735 2164
12451 4 2 0 1 1876 1986 2516 2515
12452 4 2 0 1 2521 2797 2799 2151
12453 4 2 0 1 652 2487 110 107
12454 4 2 0 1 2147 2369 2373 2384
12455 4 2 0 1 2420 2155 2421 2154
12456 4 2 0 1 1503 2375 1486 2377
12457 4 2 0 1 591 2386 1571 230
12458 4 2 0 1 111 2374 2484 109
12459 4 2 0 1 2163 1486 2377 1503
12460 4 2 0 1 2422 2151 2776 2522
12461 4 2 0 1 1593 595 308 720
12462 4 2 0 1 1413 2745 2750 2214
12463 4 2 0 1 1413 2783 2750 2745
12464 4 2 0 1 2684 2162 2821 2407
12465 4 2 0 1 1642 345 349 347
12466 4 2 0 1 117 2429 118 2431
12467 4 2 0 1 2750 2182 2211 2686
12468 4 2 0 1 160 1696 2405 1545
12469 4 2 0 1 133 1510 643 1509
12470 4 2 0 1 2404 1584 2526 2527
12471 4 2 0 1 2725 2163 2150 1503
12472 4 2 0 1 2591 2103 2409 2806
12473 4 2 0 1 2494 1388 2589 2721
12474 4 2 0 1 2378 2116 1508 2103
12475 4 2 0 1 2013 1028 1027 1985
12476 4 2 0 1 2478 2116 2720 2479
12477 4 2 0 1 2485 1733 2486 2722
12478 4 2 0 1 2094 2676 2710 2590
12479 4 2 0 1 2725 2163 1503 1397
12480 4 2 0 1 1807 1674 2665 2038
12481 4 2 0 1 1791 1912 2558 1838
12482 4 2 0 1 2435 2038 1516 1514
12483 4 2 0 1 1929 2442 1514 2435
12484 4 2 0 1 2405 2526 2407 1593
12485 4 2 0 1 2790 64 1529 22
12486 4 2 0 1 23 22 1529 277
12487 4 2 0 1 278 64 1529 2790
12488 4 2 0 1 718 1667 1637 1540
12489 4 2 0 1 1503 1535 1486 2158
12490 4 2 0 1 1536 2470 2472 1610
12491 4 2 0 1 2473 2193 1610 2195
12492 4 2 0 1 1616 1664 1506 1693
12493 4 2 0 1 2013 1028 958 1027
12494 4 2 0 1 196 163 162 1651
12495 4 2 0 1 2495 2115 2114 2494
12496 4 2 0 1 163 500 2496 197
12497 4 2 0 1 489 1652 1550 1548
12498 4 2 0 1 1652 489 1550 262
12499 4 2 0 1 2751 2217 2752 1493
12500 4 2 0 1 1561 130 728 129
12501 4 2 0 1 130 1586 1561 460
12502 4 2 0 1 460 1684 1561 132
12503 4 2 0 1 1586 1684 1561 460
12504 4 2 0 1 1487 639 1571 381
12505 4 2 0 1 1525 2781 2399 2387
12506 4 2 0 1 2768 1501 2411 2415
12507 4 2 0 1 1579 2521 2799 2151
12508 4 2 0 1 2317 2768 1501 2731
12509 4 2 0 1 2625 2557 1792 2556
12510 4 2 0 1 1525 2394 2385 2391
12511 4 2 0 1 1594 1624 2383 526
12512 4 2 0 1 1879 1285 2048 1355
12513 4 2 0 1 2556 2625 2624 1792
12514 4 2 0 1 1571 1583 1699 2381
12515 4 2 0 1 2744 2182 1509 2427
12516 4 2 0 1 2305 1441 2206 2307
12517 4 2 0 1 2429 1696 118 2431
12518 4 2 0 1 2207 2210 2205 2746
12519 4 2 0 1 2750 2739 1413 2211
12520 4 2 0 1 659 1411 1625 1528
12521 4 2 0 1 2199 93 154 95
12522 4 2 0 1 1398 1503 2156 2158
12523 4 2 0 1 2537 1591 2307 448
12524 4 2 0 1 641 366 1611 462
12525 4 2 0 1 366 641 1611 663
12526 4 2 0 1 1670 641 1611 374
12527 4 2 0 1 212 1670 1611 374
12528 4 2 0 1 548 212 1611 374
12529 4 2 0 1 1670 1577 193 1611
12530 4 2 0 1 192 1577 169 193
12531 4 2 0 1 341 1620 329 1619
12532 4 2 0 1 1737 356 1566 1574
12533 4 2 0 1 1737 1557 1736 1566
12534 4 2 0 1 1481 1685 2752 2823
12535 4 2 0 1 2337 2336 1501 1915
12536 4 2 0 1 1605 647 492 382
12537 4 2 0 1 1635 1305 972 1159
12538 4 2 0 1 1668 1762 2546 1462
12539 4 2 0 1 1503 2147 2725 2419
12540 4 2 0 1 1591 636 2307 448
12541 4 2 0 1 413 1629 74 48
12542 4 2 0 1 1774 2077 1382 2614
12543 4 2 0 1 383 2822 1600 357
12544 4 2 0 1 1457 1527 2156 2165
12545 4 2 0 1 2625 1792 2140 2624
12546 4 2 0 1 383 2822 357 523
12547 4 2 0 1 2165 2737 2168 2170
12548 4 2 0 1 383 2822 523 680
12549 4 2 0 1 157 159 164 1551
12550 4 2 0 1 157 1551 164 489
12551 4 2 0 1 1651 495 1733 1590
12552 4 2 0 1 262 1590 263 1651
12553 4 2 0 1 1652 1548 2114 1550
12554 4 2 0 1 150 2723 1549 149
12555 4 2 0 1 163 1550 162 1651
12556 4 2 0 1 164 1543 489 1551
12557 4 2 0 1 2194 1542 2197 2193
12558 4 2 0 1 1520 1512 1688 1687
12559 4 2 0 1 262 1652 1651 1550
12560 4 2 0 1 141 145 2506 2552
12561 4 2 0 1 1654 1399 2132 2161
12562 4 2 0 1 1399 2432 2431 2433
12563 4 2 0 1 2540 2508 2178 1671
12564 4 2 0 1 1761 2184 1405 2123
12565 4 2 0 1 1341 1502 1673 34
12566 4 2 0 1 1673 34 737 1341
12567 4 2 0 1 546 258 1559 1671
12568 4 2 0 1 2508 1403 2161 1662
12569 4 2 0 1 2508 1403 2176 2161
12570 4 2 0 1 555 1599 1663 241
12571 4 2 0 1 1761 1389 2570 2123
12572 4 2 0 1 1625 537 223 538
12573 4 2 0 1 1692 566 1672 1602
12574 4 2 0 1 538 1672 566 667
12575 4 2 0 1 1520 1649 1515 1687
12576 4 2 0 1 2430 1399 2431 2433
12577 4 2 0 1 84 1965 549 1411
12578 4 2 0 1 1693 1617 1411 1528
12579 4 2 0 1 1817 864 1890 1185
12580 4 2 0 1 1764 2007 2646 1823
12581 4 2 0 1 1790 2622 1958 2294
12582 4 2 0 1 1148 1149 1097 1813
12583 4 2 0 1 2375 2486 2487 2488
12584 4 2 0 1 1786 2615 1288 1785
12585 4 2 0 1 1831 1991 2303 1765
12586 4 2 0 1 2004 1564 2697 2294
12587 4 2 0 1 193 1664 211 210
12588 4 2 0 1 2475 278 280 2792
12589 4 2 0 1 1670 211 1595 213
12590 4 2 0 1 2481 1408 2197 2193
12591 4 2 0 1 1528 525 2792 1595
12592 4 2 0 1 1595 524 1625 1528
12593 4 2 0 1 2263 2819 2261 2761
12594 4 2 0 1 1285 1163 2031 1330
12595 4 2 0 1 1187 1952 959 1142
12596 4 2 0 1 955 1177 1254 1970
12597 4 2 0 1 2668 1952 2670 2594
12598 4 2 0 1 1840 1999 916 2588
12599 4 2 0 1 2613 1716 1607 2466
12600 4 2 0 1 1222 1798 1985 1155
12601 4 2 0 1 956 1841 958 1953
12602 4 2 0 1 1714 1709 1713 15
12603 4 2 0 1 445 1709 717 15
12604 4 2 0 1 2086 1711 2277 2652
12605 4 2 0 1 1329 1105 1104 1715
12606 4 2 0 1 1358 1105 1857 1010
12607 4 2 0 1 2695 2262 2071 2270
12608 4 2 0 1 2358 2364 1420 2773
12609 4 2 0 1 2734 2733 2433 2176
12610 4 2 0 1 2176 2177 2508 2433
12611 4 2 0 1 1723 1724 1725 1748
12612 4 2 0 1 1541 1594 681 2477
12613 4 2 0 1 558 354 1748 450
12614 4 2 0 1 680 383 1600 558
12615 4 2 0 1 2489 2491 2350 1547
12616 4 2 0 1 1399 2734 2733 2433
12617 4 2 0 1 337 570 569 1547
12618 4 2 0 1 2357 2215 1414 2773
12619 4 2 0 1 558 680 450 1748
12620 4 2 0 1 1455 2062 2094 1601
12621 4 2 0 1 1743 1742 2592 1601
12622 4 2 0 1 335 333 464 1585
12623 4 2 0 1 2832 333 335 1585
12624 4 2 0 1 2803 1621 2823 2361
12625 4 2 0 1 1541 2386 417 230
12626 4 2 0 1 1477 1736 1669 1566
12627 4 2 0 1 326 1744 1622 1723
12628 4 2 0 1 2718 2372 2719 2486
12629 4 2 0 1 1723 1744 1622 2361
12630 4 2 0 1 705 612 1559 437
12631 4 2 0 1 2494 1760 1741 1742
12632 4 2 0 1 1760 488 328 691
12633 4 2 0 1 295 328 691 1760
12634 4 2 0 1 2596 1991 2668 2670
12635 4 2 0 1 1251 1116 1055 1936
12636 4 2 0 1 1771 1952 1953 2669
12637 4 2 0 1 1840 1999 2588 2550
12638 4 2 0 1 2021 1771 1953 2610
12639 4 2 0 1 2430 2734 1399 2433
12640 4 2 0 1 2518 2467 1997 2468
12641 4 2 0 1 2573 2796 2691 2068
12642 4 2 0 1 2499 1782 2032 1569
12643 4 2 0 1 1390 2125 1662 2161
12644 4 2 0 1 2464 2466 2468 1534
12645 4 2 0 1 2516 1877 2818 2032
12646 4 2 0 1 2540 578 1591 1592
12647 4 2 0 1 874 2643 1818 1919
12648 4 2 0 1 2617 2620 1779 1615
12649 4 2 0 1 995 1615 996 1968
12650 4 2 0 1 1868 1167 999 2021
12651 4 2 0 1 1975 1157 1084 1887
12652 4 2 0 1 1843 1821 1914 1784
12653 4 2 0 1 2176 2177 2433 2734
12654 4 2 0 1 1944 2246 2016 2030
12655 4 2 0 1 2430 2177 2734 2433
12656 4 2 0 1 1030 909 890 1804
12657 4 2 0 1 2380 2527 406 303
12658 4 2 0 1 997 995 996 1968
12659 4 2 0 1 1289 1901 1918 2635
12660 4 2 0 1 1918 1289 2635 1176
12661 4 2 0 1 2516 1804 2032 1569
12662 4 2 0 1 1877 2001 1236 1163
12663 4 2 0 1 96 1667 1560 2390
12664 4 2 0 1 1879 2000 1816 2646
12665 4 2 0 1 1891 1437 2664 1956
12666 4 2 0 1 2664 2253 1954 1956
12667 4 2 0 1 1471 2786 2440 2341
12668 4 2 0 1 2698 2295 2028 2302
12669 4 2 0 1 1764 1992 2544 2303
12670 4 2 0 1 1810 1765 2807 2604
12671 4 2 0 1 1191 1163 1824 1285
12672 4 2 0 1 2048 2031 1285 1824
12673 4 2 0 1 2031 1163 1285 1824
12674 4 2 0 1 2002 1191 1824 1284
12675 4 2 0 1 1191 1285 1824 1284
12676 4 2 0 1 1037 2031 1163 1330
12677 4 2 0 1 394 434 1511 393
12678 4 2 0 1 1330 2048 1825 2031
12679 4 2 0 1 2762 2787 2316 1524
12680 4 2 0 1 1580 381 380 379
12681 4 2 0 1 2615 2275 2503 1789
12682 4 2 0 1 1135 2635 2339 1901
12683 4 2 0 1 1196 1464 1915 2145
12684 4 2 0 1 2037 2339 1075 2635
12685 4 2 0 1 2796 2280 1853 2650
12686 4 2 0 1 1010 1812 1857 1855
12687 4 2 0 1 97 379 1580 380
12688 4 2 0 1 1713 1917 2069 1447
12689 4 2 0 1 2233 2759 2251 2514
12690 4 2 0 1 2248 2252 2258 1424
12691 4 2 0 1 1746 1647 241 2569
12692 4 2 0 1 1588 227 501 417
12693 4 2 0 1 1806 1674 2037 1470
12694 4 2 0 1 1875 1899 2435 1514
12695 4 2 0 1 2667 770 1874 1928
12696 4 2 0 1 2026 2036 2659 2029
12697 4 2 0 1 1859 1834 2653 1003
12698 4 2 0 1 1928 1807 2038 2667
12699 4 2 0 1 1834 1104 1715 1036
12700 4 2 0 1 1105 1715 1857 1104
12701 4 2 0 1 1898 2444 1897 2443
12702 4 2 0 1 2785 1513 1518 2435
12703 4 2 0 1 1900 2660 1851 1884
12704 4 2 0 1 2036 2660 2026 2659
12705 4 2 0 1 2394 2391 1580 2381
12706 4 2 0 1 2444 1881 1897 2662
12707 4 2 0 1 853 1092 1152 1897
12708 4 2 0 1 2444 1884 1873 1899
12709 4 2 0 1 1228 1872 1874 1873
12710 4 2 0 1 1431 2068 2656 2066
12711 4 2 0 1 2611 2085 2613 2466
12712 4 2 0 1 2643 2642 2298 1861
12713 4 2 0 1 2662 1156 1319 2321
12714 4 2 0 1 1921 1438 1926 1954
12715 4 2 0 1 1995 2662 1319 2321
12716 4 2 0 1 2040 828 827 829
12717 4 2 0 1 1263 1081 2660 1900
12718 4 2 0 1 1081 1896 2660 1900
12719 4 2 0 1 2661 1873 1120 1910
12720 4 2 0 1 2040 1108 1882 1044
12721 4 2 0 1 1910 1228 1120 774
12722 4 2 0 1 1019 2462 1018 1020
12723 4 2 0 1 2444 1873 1910 1899
12724 4 2 0 1 1835 1893 2665 1927
12725 4 2 0 1 1278 1310 1319 1995
12726 4 2 0 1 1767 1467 2335 2780
12727 4 2 0 1 2296 2139 2299 2304
12728 4 2 0 1 2253 2139 2289 2247
12729 4 2 0 1 1487 2370 2524 1580
12730 4 2 0 1 2661 2444 1910 1628
12731 4 2 0 1 1145 2770 994 1923
12732 4 2 0 1 1759 2142 1394 1758
12733 4 2 0 1 2535 1470 2034 2801
12734 4 2 0 1 1999 925 923 1869
12735 4 2 0 1 1288 1968 996 1615
12736 4 2 0 1 1759 2142 1758 2143
12737 4 2 0 1 1453 1834 2315 2453
12738 4 2 0 1 1829 2500 1782 2003
12739 4 2 0 1 2615 2275 1789 2653
12740 4 2 0 1 2091 2123 1405 2184
12741 4 2 0 1 895 1848 1984 2623
12742 4 2 0 1 2400 127 128 1495
12743 4 2 0 1 1891 1894 1437 1890
12744 4 2 0 1 1812 2461 2466 2085
12745 4 2 0 1 1534 2466 2468 2461
12746 4 2 0 1 1382 1774 2614 2076
12747 4 2 0 1 2623 883 882 884
12748 4 2 0 1 966 1795 1261 1299
12749 4 2 0 1 1950 1299 1158 1795
12750 4 2 0 1 2669 1952 1953 959
12751 4 2 0 1 958 2013 959 1953
12752 4 2 0 1 2549 1953 1607 1841
12753 4 2 0 1 1759 1761 1394 2142
12754 4 2 0 1 749 18 1241 1980
12755 4 2 0 1 749 1980 1282 19
12756 4 2 0 1 1310 1093 1319 1995
12757 4 2 0 1 2494 1760 1742 2553
12758 4 2 0 1 2478 2116 2479 1508
12759 4 2 0 1 1252 1852 1020 1064
12760 4 2 0 1 2248 2252 1424 2663
12761 4 2 0 1 1987 1990 1077 1989
12762 4 2 0 1 2663 1905 1077 1989
12763 4 2 0 1 1424 1990 1989 2663
12764 4 2 0 1 1115 2645 1222 1798
12765 4 2 0 1 1536 1577 1610 2472
12766 4 2 0 1 1098 1879 2000 1816
12767 4 2 0 1 2584 1824 1763 2000
12768 4 2 0 1 2584 1824 2000 2002
12769 4 2 0 1 1878 1817 1890 1185
12770 4 2 0 1 1992 2645 2668 1308
12771 4 2 0 1 2770 1933 994 1923
12772 4 2 0 1 1471 2671 2339 1472
12773 4 2 0 1 179 2587 182 1483
12774 4 2 0 1 541 2234 1596 442
12775 4 2 0 1 2255 2509 2254 2512
12776 4 2 0 1 2255 2226 2510 2511
12777 4 2 0 1 557 2018 76 3
12778 4 2 0 1 1905 2235 1993 1906
12779 4 2 0 1 480 2226 270 481
12780 4 2 0 1 1536 1577 2472 168
12781 4 2 0 1 2743 2475 1610 2195
12782 4 2 0 1 2680 2362 2773 2217
12783 4 2 0 1 1638 1212 949 2029
12784 4 2 0 1 2645 1222 2668 1308
12785 4 2 0 1 1991 1992 2668 1308
12786 4 2 0 1 2441 1124 974 1087
12787 4 2 0 1 2330 2625 2140 2189
12788 4 2 0 1 1933 2770 994 2811
12789 4 2 0 1 1932 1931 2033 2801
12790 4 2 0 1 1184 984 981 2801
12791 4 2 0 1 1836 1791 2558 1838
12792 4 2 0 1 2484 1696 692 1545
12793 4 2 0 1 1540 1609 1506 1610
12794 4 2 0 1 1544 1536 1610 2193
12795 4 2 0 1 1536 1544 1610 1609
12796 4 2 0 1 2649 2501 1659 1660
12797 4 2 0 1 141 143 1379 142
12798 4 2 0 1 621 222 1379 142
12799 4 2 0 1 2418 1594 2399 2477
12800 4 2 0 1 2581 2063 2054 2052
12801 4 2 0 1 1384 2054 2675 2094
12802 4 2 0 1 1380 2062 2055 2682
12803 4 2 0 1 1725 1723 1622 2361
12804 4 2 0 1 1736 2682 1477 1669
12805 4 2 0 1 1565 1737 1736 2062
12806 4 2 0 1 1736 2682 1669 2055
12807 4 2 0 1 1737 1734 1565 1736
12808 4 2 0 1 2574 2068 2279 2573
12809 4 2 0 1 2401 2402 2059 2408
12810 4 2 0 1 2077 2612 2614 1774
12811 4 2 0 1 2654 2652 2273 2074
12812 4 2 0 1 2692 2066 2068 2281
12813 4 2 0 1 2058 1497 2685 2061
12814 4 2 0 1 2295 2764 1956 2301
12815 4 2 0 1 2080 2614 1382 2077
12816 4 2 0 1 1973 988 989 1811
12817 4 2 0 1 2601 2608 2602 1769
12818 4 2 0 1 2119 1406 2124 2705
12819 4 2 0 1 2119 2183 2091 1405
12820 4 2 0 1 1428 1457 1383 2090
12821 4 2 0 1 1457 2093 2165 2090
12822 4 2 0 1 2109 2124 1392 2120
12823 4 2 0 1 2135 2125 2124 2707
12824 4 2 0 1 2183 2706 2186 2705
12825 4 2 0 1 2313 2409 2806 2805
12826 4 2 0 1 2100 2708 2805 2710
12827 4 2 0 1 1642 2580 2803 1623
12828 4 2 0 1 2495 2742 466 2498
12829 4 2 0 1 1244 1974 1187 1067
12830 4 2 0 1 629 2190 1386 2107
12831 4 2 0 1 629 2190 2107 71
12832 4 2 0 1 2385 2387 2399 2477
12833 4 2 0 1 2742 2101 629 1386
12834 4 2 0 1 2080 2614 2077 2079
12835 4 2 0 1 418 661 530 2719
12836 4 2 0 1 2068 2691 2650 2796
12837 4 2 0 1 2192 2495 2197 2742
12838 4 2 0 1 1388 2507 2589 2722
12839 4 2 0 1 495 2719 418 530
12840 4 2 0 1 156 1548 151 2497
12841 4 2 0 1 2125 2119 1392 2124
12842 4 2 0 1 2068 2650 2691 2281
12843 4 2 0 1 259 2175 256 260
12844 4 2 0 1 289 2830 1729 296
12845 4 2 0 1 1383 2092 2135 2707
12846 4 2 0 1 2387 2385 1492 2477
12847 4 2 0 1 1454 2152 2157 2158
12848 4 2 0 1 2569 1747 1746 1647
12849 4 2 0 1 2246 2252 2012 2663
12850 4 2 0 1 1503 1535 2158 1398
12851 4 2 0 1 1654 2164 2432 368
12852 4 2 0 1 1523 2272 2453 2760
12853 4 2 0 1 2715 2189 2729 1787
12854 4 2 0 1 2329 2566 2330 2318
12855 4 2 0 1 2768 1466 2318 2141
12856 4 2 0 1 2540 578 510 1591
12857 4 2 0 1 2133 1996 2445 2146
12858 4 2 0 1 410 2545 2230 411
12859 4 2 0 1 1490 2126 2169 1401
12860 4 2 0 1 1635 1996 1395 1629
12861 4 2 0 1 2073 2493 2359 1738
12862 4 2 0 1 2133 1996 2146 1395
12863 4 2 0 1 1464 1635 1159 2321
12864 4 2 0 1 2770 1521 1525 2455
12865 4 2 0 1 2311 2266 1553 2274
12866 4 2 0 1 2157 2159 2154 2152
12867 4 2 0 1 2419 1503 2373 2421
12868 4 2 0 1 309 467 468 1599
12869 4 2 0 1 1522 1527 2154 2159
12870 4 2 0 1 2065 2102 1455 2805
12871 4 2 0 1 1497 2100 2805 2061
12872 4 2 0 1 1469 1779 1937 2600
12873 4 2 0 1 2428 2539 2739 1404
12874 4 2 0 1 2783 2306 2427 2750
12875 4 2 0 1 2306 2305 2206 2307
12876 4 2 0 1 2306 2182 2750 2212
12877 4 2 0 1 2162 1593 2686 2429
12878 4 2 0 1 2181 2177 2739 1404
12879 4 2 0 1 2439 1512 1515 2784
12880 4 2 0 1 2531 2418 2477 633
12881 4 2 0 1 1526 2388 1504 2423
12882 4 2 0 1 1622 1621 2673 2803
12883 4 2 0 1 2143 2185 2133 1631
12884 4 2 0 1 2734 1404 2136 2176
12885 4 2 0 1 1656 647 594 261
12886 4 2 0 1 2738 1415 2122 2179
12887 4 2 0 1 984 1938 983 981
12888 4 2 0 1 1938 982 983 981
12889 4 2 0 1 2733 2734 2136 2176
12890 4 2 0 1 2179 1415 2747 2717
12891 4 2 0 1 1230 1941 2022 1315
12892 4 2 0 1 243 2131 241 1663
12893 4 2 0 1 2187 2109 2188 1406
12894 4 2 0 1 2360 1738 569 1722
12895 4 2 0 1 1774 2595 2809 2597
12896 4 2 0 1 2281 1443 1720 1697
12897 4 2 0 1 1293 2036 1266 1264
12898 4 2 0 1 1536 2194 1543 1551
12899 4 2 0 1 1293 2036 1264 1271
12900 4 2 0 1 2036 1266 1264 1265
12901 4 2 0 1 1696 114 692 160
12902 4 2 0 1 2363 1666 2578 2575
12903 4 2 0 1 592 698 413 1644
12904 4 2 0 1 1698 2748 1483 2362
12905 4 2 0 1 1665 178 2578 2575
12906 4 2 0 1 2783 2306 2204 2209
12907 4 2 0 1 68 592 413 1644
12908 4 2 0 1 2149 2164 1396 2129
12909 4 2 0 1 1676 1562 1442 1419
12910 4 2 0 1 119 121 120 2429
12911 4 2 0 1 1414 2749 2200 2216
12912 4 2 0 1 2056 1452 1735 2554
12913 4 2 0 1 2130 2126 2726 2129
12914 4 2 0 1 1479 2218 2200 2216
12915 4 2 0 1 2215 2794 1417 1705
12916 4 2 0 1 2513 2285 2225 1432
12917 4 2 0 1 1757 1446 2359 2360
12918 4 2 0 1 2255 1596 2226 2511
12919 4 2 0 1 1433 2262 2759 1432
12920 4 2 0 1 218 1728 191 444
12921 4 2 0 1 2360 1738 2359 1547
12922 4 2 0 1 2235 2688 2251 1989
12923 4 2 0 1 1387 2227 2231 2229
12924 4 2 0 1 1426 1422 1988 2236
12925 4 2 0 1 2296 2243 2247 1926
12926 4 2 0 1 2030 1422 1988 1468
12927 4 2 0 1 1487 639 499 1699
12928 4 2 0 1 235 1571 591 1570
12929 4 2 0 1 2326 2227 2231 2228
12930 4 2 0 1 2566 2329 2141 2318
12931 4 2 0 1 2639 2243 2642 1818
12932 4 2 0 1 2642 2299 2242 2138
12933 4 2 0 1 2639 2241 2640 2338
12934 4 2 0 1 2083 2595 2597 2809
12935 4 2 0 1 1178 1818 935 874
12936 4 2 0 1 1423 2727 2247 2236
12937 4 2 0 1 2243 1423 2247 1944
12938 4 2 0 1 2030 1423 2247 2236
12939 4 2 0 1 2012 1926 2247 1944
12940 4 2 0 1 2795 2285 2284 2287
12941 4 2 0 1 2220 1432 2759 2513
12942 4 2 0 1 1480 2357 2350 2359
12943 4 2 0 1 2493 2755 2225 2794
12944 4 2 0 1 2220 2226 2225 2513
12945 4 2 0 1 1417 2224 2225 2794
12946 4 2 0 1 740 1635 1159 1305
12947 4 2 0 1 2110 2109 1461 2188
12948 4 2 0 1 2285 1432 2513 2759
12949 4 2 0 1 1424 2258 2689 1426
12950 4 2 0 1 1430 2819 1431 2261
12951 4 2 0 1 2265 2089 1428 2715
12952 4 2 0 1 688 137 2799 2150
12953 4 2 0 1 2311 1453 2453 2274
12954 4 2 0 1 2070 2284 2286 1381
12955 4 2 0 1 2311 2314 1456 2315
12956 4 2 0 1 1444 2072 2069 1381
12957 4 2 0 1 1614 1453 1834 2315
12958 4 2 0 1 2649 2796 2650 2691
12959 4 2 0 1 1554 1856 1855 2461
12960 4 2 0 1 1852 1175 2650 1252
12961 4 2 0 1 1805 1327 1784 961
12962 4 2 0 1 617 2531 2477 633
12963 4 2 0 1 5 1563 1680 1678
12964 4 2 0 1 2223 2287 1445 1432
12965 4 2 0 1 2069 2278 1381 2072
12966 4 2 0 1 1783 1254 919 1253
12967 4 2 0 1 1431 2284 2070 1381
12968 4 2 0 1 1448 2310 1721 1712
12969 4 2 0 1 1713 1447 2069 1710
12970 4 2 0 1 1695 2107 21 2713
12971 4 2 0 1 1764 1992 2817 2544
12972 4 2 0 1 1940 2028 1878 1683
12973 4 2 0 1 2543 2699 2697 2256
12974 4 2 0 1 2078 2543 1382 2080
12975 4 2 0 1 2293 2280 2699 2294
12976 4 2 0 1 2139 1769 2299 2304
12977 4 2 0 1 1769 2139 2289 2304
12978 4 2 0 1 1805 1784 796 961
12979 4 2 0 1 1439 1440 2604 2300
12980 4 2 0 1 1538 1413 2203 2746
12981 4 2 0 1 1450 2310 2356 1454
12982 4 2 0 1 2271 1787 2561 2760
12983 4 2 0 1 1413 2203 2746 2205
12984 4 2 0 1 1834 1104 1036 1003
12985 4 2 0 1 2795 2066 2281 1381
12986 4 2 0 1 1860 1856 1447 2278
12987 4 2 0 1 1621 1622 2673 1619
12988 4 2 0 1 1540 1544 1610 2193
12989 4 2 0 1 1731 2692 2691 2281
12990 4 2 0 1 2143 2185 1631 2184
12991 4 2 0 1 1421 1653 2233 1639
12992 4 2 0 1 2716 2545 2230 2121
12993 4 2 0 1 1468 2030 2328 1994
12994 4 2 0 1 1422 1468 1754 2228
12995 4 2 0 1 2238 2121 1461 2326
12996 4 2 0 1 2111 2227 2112 2229
12997 4 2 0 1 2716 2111 2326 1418
12998 4 2 0 1 2611 2085 2466 2614
12999 4 2 0 1 1922 2333 1865 2657
13000 4 2 0 1 2534 2800 2626 2533
13001 4 2 0 1 1634 1837 1838 1827
13002 4 2 0 1 2450 2713 1979 2449
13003 4 2 0 1 1837 781 1827 1833
13004 4 2 0 1 2625 1589 2533 2532
13005 4 2 0 1 1769 2338 2137 1393
13006 4 2 0 1 1107 1274 963 1784
13007 4 2 0 1 2043 2346 2343 1471
13008 4 2 0 1 1784 960 796 961
13009 4 2 0 1 1963 2417 2418 1502
13010 4 2 0 1 1502 32 83 33
13011 4 2 0 1 2671 1472 1471 2042
13012 4 2 0 1 2423 2815 2424 2816
13013 4 2 0 1 2671 2439 1638 2672
13014 4 2 0 1 2717 1727 2579 2222
13015 4 2 0 1 2313 1497 2805 2061
13016 4 2 0 1 2157 2313 2158 1458
13017 4 2 0 1 2056 2355 1452 2055
13018 4 2 0 1 222 2051 2050 517
13019 4 2 0 1 1642 2580 1623 1677
13020 4 2 0 1 2779 2525 2687 2505
13021 4 2 0 1 100 2368 101 2367
13022 4 2 0 1 2798 2149 2799 2797
13023 4 2 0 1 1527 2422 2154 2419
13024 4 2 0 1 2740 1508 2196 2191
13025 4 2 0 1 2368 101 2367 2524
13026 4 2 0 1 2371 2369 2524 1485
13027 4 2 0 1 2375 2378 2421 2158
13028 4 2 0 1 2383 2385 2399 2477
13029 4 2 0 1 2487 110 2372 530
13030 4 2 0 1 2719 2367 2482 412
13031 4 2 0 1 2718 2372 2486 2488
13032 4 2 0 1 2420 2154 2421 1458
13033 4 2 0 1 2385 2383 2476 2477
13034 4 2 0 1 1485 107 108 106
13035 4 2 0 1 110 105 107 2372
13036 4 2 0 1 2718 2372 2488 2371
13037 4 2 0 1 2386 2398 2476 1492
13038 4 2 0 1 2387 1492 2382 2397
13039 4 2 0 1 1580 381 379 1487
13040 4 2 0 1 2385 2476 1492 2477
13041 4 2 0 1 2367 103 101 102
13042 4 2 0 1 2386 1541 417 2477
13043 4 2 0 1 93 1560 91 94
13044 4 2 0 1 1667 2368 2390 96
13045 4 2 0 1 2391 97 2390 1580
13046 4 2 0 1 2396 2778 2390 2393
13047 4 2 0 1 1467 2331 2338 2334
13048 4 2 0 1 2448 2451 2788 2389
13049 4 2 0 1 2566 1777 2334 2141
13050 4 2 0 1 1468 2030 1994 2016
13051 4 2 0 1 2676 2675 2506 2094
13052 4 2 0 1 2400 127 131 128
13053 4 2 0 1 356 1737 391 571
13054 4 2 0 1 2308 2057 2060 1478
13055 4 2 0 1 1593 720 2526 2403
13056 4 2 0 1 1731 12 2281 2691
13057 4 2 0 1 2793 1695 2713 2741
13058 4 2 0 1 1737 674 391 571
13059 4 2 0 1 2310 1454 2061 2356
13060 4 2 0 1 2030 1422 1468 2328
13061 4 2 0 1 2683 2064 2099 2675
13062 4 2 0 1 2400 2050 131 2687
13063 4 2 0 1 1497 1454 2685 2061
13064 4 2 0 1 2416 1703 2417 86
13065 4 2 0 1 2416 1703 1962 2417
13066 4 2 0 1 2417 574 87 2418
13067 4 2 0 1 108 2150 2374 2373
13068 4 2 0 1 1960 2346 1963 2781
13069 4 2 0 1 2166 2736 2167 2170
13070 4 2 0 1 1471 2530 2531 1473
13071 4 2 0 1 2815 2637 2814 2816
13072 4 2 0 1 1526 1568 1504 2169
13073 4 2 0 1 235 639 1699 499
13074 4 2 0 1 1568 2424 1504 2171
13075 4 2 0 1 2797 1489 2726 2151
13076 4 2 0 1 2130 2128 2148 2726
13077 4 2 0 1 1512 2434 2439 1638
13078 4 2 0 1 962 1805 796 961
13079 4 2 0 1 1807 1532 2038 2665
13080 4 2 0 1 498 2798 2799 1740
13081 4 2 0 1 2354 2052 2050 2681
13082 4 2 0 1 1806 1075 1176 2635
13083 4 2 0 1 1515 2171 2785 2173
13084 4 2 0 1 1490 2169 2388 1504
13085 4 2 0 1 1640 1395 1758 2143
13086 4 2 0 1 1986 1876 2006 2515
13087 4 2 0 1 1787 2452 1524 2812
13088 4 2 0 1 1737 356 1574 571
13089 4 2 0 1 1626 2410 2330 2189
13090 4 2 0 1 1703 1962 2782 1739
13091 4 2 0 1 2030 1423 2328 1998
13092 4 2 0 1 1505 1616 2777 1540
13093 4 2 0 1 2198 2457 1529 2778
13094 4 2 0 1 1574 356 358 571
13095 4 2 0 1 1840 1732 2547 2550
13096 4 2 0 1 1876 2467 2516 2818
13097 4 2 0 1 2467 2464 2516 2818
13098 4 2 0 1 2354 2052 2681 2063
13099 4 2 0 1 1594 2383 1541 589
13100 4 2 0 1 1616 1540 1506 1610
13101 4 2 0 1 1695 2195 1694 1408
13102 4 2 0 1 452 427 1541 589
13103 4 2 0 1 284 390 552 2743
13104 4 2 0 1 2496 2480 1388 2114
13105 4 2 0 1 2494 2117 2114 1549
13106 4 2 0 1 2115 2494 1388 2114
13107 4 2 0 1 313 1594 1541 589
13108 4 2 0 1 520 1738 716 569
13109 4 2 0 1 2800 2534 1908 2801
13110 4 2 0 1 2755 2493 1474 2492
13111 4 2 0 1 2250 2285 2759 2689
13112 4 2 0 1 481 2511 541 76
13113 4 2 0 1 2755 1474 2489 2492
13114 4 2 0 1 2742 1603 2498 2471
13115 4 2 0 1 1594 313 526 589
13116 4 2 0 1 584 1603 2529 2498
13117 4 2 0 1 2507 145 2506 1558
13118 4 2 0 1 1743 2710 1385 2590
13119 4 2 0 1 2709 2406 2708 2099
13120 4 2 0 1 293 2498 290 1578
13121 4 2 0 1 487 141 145 2506
13122 4 2 0 1 1741 2101 466 2495
13123 4 2 0 1 1743 2494 2592 1742
13124 4 2 0 1 1477 2063 2354 2681
13125 4 2 0 1 1986 889 893 2516
13126 4 2 0 1 2383 1581 2391 2381
13127 4 2 0 1 1545 2527 406 2380
13128 4 2 0 1 1494 2058 2406 2401
13129 4 2 0 1 2504 2098 2099 2506
13130 4 2 0 1 140 1584 1558 199
13131 4 2 0 1 2590 1743 2506 2097
13132 4 2 0 1 1558 2098 2504 2506
13133 4 2 0 1 2235 2 1906 1
13134 4 2 0 1 2525 1494 2060 2505
13135 4 2 0 1 1589 2815 2424 1518
13136 4 2 0 1 1501 2317 2731 2323
13137 4 2 0 1 2815 2038 1518 2814
13138 4 2 0 1 1779 1615 1937 2600
13139 4 2 0 1 1838 2011 1837 1982
13140 4 2 0 1 2620 1779 1938 2800
13141 4 2 0 1 487 145 1558 2506
13142 4 2 0 1 1140 1964 1965 1961
13143 4 2 0 1 1624 1700 1602 2542
13144 4 2 0 1 2531 2387 2477 2399
13145 4 2 0 1 2386 1588 1492 2477
13146 4 2 0 1 2718 2375 2486 2378
13147 4 2 0 1 2375 2486 2378 1507
13148 4 2 0 1 1962 1703 2782 2542
13149 4 2 0 1 1906 2 747 1
13150 4 2 0 1 2781 2418 1963 2542
13151 4 2 0 1 353 1642 347 348
13152 4 2 0 1 2627 1716 2549 1795
13153 4 2 0 1 1728 181 191 444
13154 4 2 0 1 1642 353 347 640
13155 4 2 0 1 990 1111 1469 1811
13156 4 2 0 1 1795 1971 1608 1950
13157 4 2 0 1 1912 2412 2413 1627
13158 4 2 0 1 2411 1982 2414 2647
13159 4 2 0 1 2647 2666 2556 2558
13160 4 2 0 1 2534 2814 2666 1674
13161 4 2 0 1 1501 2768 2411 2780
13162 4 2 0 1 1838 2011 1982 2647
13163 4 2 0 1 2557 2625 1589 2556
13164 4 2 0 1 343 1642 345 699
13165 4 2 0 1 190 1690 2587 1689
13166 4 2 0 1 2602 1775 2608 2607
13167 4 2 0 1 1868 1785 1001 2082
13168 4 2 0 1 2820 2074 2273 2652
13169 4 2 0 1 915 917 1840 1088
13170 4 2 0 1 2632 1634 2769 1501
13171 4 2 0 1 1639 2233 2514 2571
13172 4 2 0 1 2234 1421 1989 2251
13173 4 2 0 1 480 2226 1691 270
13174 4 2 0 1 1433 2220 2514 2571
13175 4 2 0 1 1744 326 1622 710
13176 4 2 0 1 2063 1477 2057 2681
13177 4 2 0 1 2358 1481 1476 1724
13178 4 2 0 1 2680 2217 1414 2679
13179 4 2 0 1 1750 2580 1677 2051
13180 4 2 0 1 454 341 1619 1566
13181 4 2 0 1 1621 1477 2354 2681
13182 4 2 0 1 2581 2580 2051 1677
13183 4 2 0 1 903 900 1091 2020
13184 4 2 0 1 1971 1869 1951 1935
13185 4 2 0 1 1585 579 534 336
13186 4 2 0 1 2019 1935 1869 1797
13187 4 2 0 1 1839 1828 1840 1088
13188 4 2 0 1 2599 2808 2730 1766
13189 4 2 0 1 1777 2808 2730 2564
13190 4 2 0 1 1774 2597 2809 2076
13191 4 2 0 1 1765 2607 1770 2595
13192 4 2 0 1 2730 1469 1766 2600
13193 4 2 0 1 2535 2637 1470 2440
13194 4 2 0 1 1628 2444 1910 2442
13195 4 2 0 1 152 1548 1550 1549
13196 4 2 0 1 1716 2021 2613 1607
13197 4 2 0 1 1711 2819 2291 2761
13198 4 2 0 1 2077 2698 2612 2596
13199 4 2 0 1 449 1677 664 534
13200 4 2 0 1 2787 1947 2788 1946
13201 4 2 0 1 1789 1834 1024 2653
13202 4 2 0 1 1024 1035 1834 1789
13203 4 2 0 1 1035 1024 1349 1789
13204 4 2 0 1 1879 1763 2646 1823
13205 4 2 0 1 1981 1822 2007 1823
13206 4 2 0 1 1992 2645 1798 1823
13207 4 2 0 1 1798 1981 1764 1823
13208 4 2 0 1 2396 2454 1525 2455
13209 4 2 0 1 2533 2556 2814 1589
13210 4 2 0 1 2811 2800 2533 2619
13211 4 2 0 1 2442 2555 1627 1518
13212 4 2 0 1 2437 1513 2027 2785
13213 4 2 0 1 1555 1448 1712 1709
13214 4 2 0 1 1542 1652 2194 2197
13215 4 2 0 1 2304 1954 1956 1439
13216 4 2 0 1 920 2005 924 1999
13217 4 2 0 1 150 149 1549 151
13218 4 2 0 1 1477 1621 2679 2681
13219 4 2 0 1 2297 2298 2300 2332
13220 4 2 0 1 1794 1083 877 1976
13221 4 2 0 1 2643 874 871 1919
13222 4 2 0 1 2298 1919 2300 1922
13223 4 2 0 1 2301 2304 2602 2696
13224 4 2 0 1 2298 1922 2300 2332
13225 4 2 0 1 1794 1805 1976 1843
13226 4 2 0 1 1550 2480 1652 1651
13227 4 2 0 1 1432 2262 2759 2284
13228 4 2 0 1 1623 1622 329 2673
13229 4 2 0 1 2714 1450 1553 2270
13230 4 2 0 1 2693 2759 2262 2284
13231 4 2 0 1 2029 2434 1516 2035
13232 4 2 0 1 2446 2439 1515 2530
13233 4 2 0 1 1387 2270 1460 2108
13234 4 2 0 1 1912 1627 2320 2442
13235 4 2 0 1 1517 2323 2321 1996
13236 4 2 0 1 1743 2094 2506 2552
13237 4 2 0 1 2637 2535 1498 2440
13238 4 2 0 1 2349 316 315 314
13239 4 2 0 1 1518 2555 2665 1929
13240 4 2 0 1 2037 1519 2667 2339
13241 4 2 0 1 2666 2556 2533 2626
13242 4 2 0 1 1572 2822 1725 1748
13243 4 2 0 1 2800 2624 2626 2533
13244 4 2 0 1 1584 199 198 303
13245 4 2 0 1 1455 1743 2592 1601
13246 4 2 0 1 2721 2192 2115 2479
13247 4 2 0 1 1677 376 421 534
13248 4 2 0 1 1737 674 73 624
13249 4 2 0 1 2095 2683 1384 2064
13250 4 2 0 1 2681 2052 2050 2687
13251 4 2 0 1 1414 2217 2216 2679
13252 4 2 0 1 1414 2218 2677 2216
13253 4 2 0 1 2218 1414 2677 1756
13254 4 2 0 1 222 2051 517 621
13255 4 2 0 1 222 2051 621 1379
13256 4 2 0 1 1852 2649 1853 2650
13257 4 2 0 1 1533 2280 2282 2650
13258 4 2 0 1 2283 1533 2282 1856
13259 4 2 0 1 2466 2611 2614 2612
13260 4 2 0 1 2543 2819 2291 1382
13261 4 2 0 1 2445 1513 2442 1518
13262 4 2 0 1 1606 2699 2080 1382
13263 4 2 0 1 2543 2819 1382 2699
13264 4 2 0 1 1940 2698 2028 1683
13265 4 2 0 1 1584 515 2526 2527
13266 4 2 0 1 2124 1383 2135 2707
13267 4 2 0 1 2128 1383 2124 2707
13268 4 2 0 1 1612 2164 528 2149
13269 4 2 0 1 1550 1548 2114 1549
13270 4 2 0 1 1400 2166 2186 2705
13271 4 2 0 1 2125 2124 2707 2127
13272 4 2 0 1 2038 1807 2037 2667
13273 4 2 0 1 2378 2409 2103 1458
13274 4 2 0 1 2572 1728 1727 1416
13275 4 2 0 1 2122 1459 2179 1392
13276 4 2 0 1 1406 1626 2188 2187
13277 4 2 0 1 2098 2507 1558 2485
13278 4 2 0 1 2741 2481 2191 2711
13279 4 2 0 1 1979 2312 2713 1980
13280 4 2 0 1 2789 1410 2196 2711
13281 4 2 0 1 2718 2378 1508 2421
13282 4 2 0 1 103 104 2372 105
13283 4 2 0 1 196 495 1651 263
13284 4 2 0 1 2793 2481 1408 2741
13285 4 2 0 1 2591 2103 2806 2721
13286 4 2 0 1 2105 2192 2741 1386
13287 4 2 0 1 2769 1501 2411 2780
13288 4 2 0 1 1062 771 767 2667
13289 4 2 0 1 2558 1836 1893 1835
13290 4 2 0 1 1470 2637 2814 2636
13291 4 2 0 1 1514 1910 2442 1929
13292 4 2 0 1 1578 293 295 294
13293 4 2 0 1 298 1578 294 297
13294 4 2 0 1 1399 2734 2821 2160
13295 4 2 0 1 1696 115 2431 2735
13296 4 2 0 1 2037 1519 2636 2038
13297 4 2 0 1 2683 1380 2710 2099
13298 4 2 0 1 2163 2732 2160 2735
13299 4 2 0 1 1536 1577 168 1609
13300 4 2 0 1 2155 2422 2389 2522
13301 4 2 0 1 2520 1577 1610 1609
13302 4 2 0 1 2098 2507 2590 2506
13303 4 2 0 1 2424 1568 2185 1391
13304 4 2 0 1 156 1587 2528 2497
13305 4 2 0 1 1391 2785 1513 1518
13306 4 2 0 1 1747 1649 77 1687
13307 4 2 0 1 1847 2631 1833 2632
13308 4 2 0 1 597 1480 1723 337
13309 4 2 0 1 1686 1747 1687 2173
13310 4 2 0 1 242 559 239 2131
13311 4 2 0 1 1515 2171 2173 1504
13312 4 2 0 1 1649 1747 1746 2173
13313 4 2 0 1 2751 1561 2752 1419
13314 4 2 0 1 429 1645 561 2748
13315 4 2 0 1 1645 1676 561 2748
13316 4 2 0 1 1536 1577 1609 1610
13317 4 2 0 1 2098 2379 1558 2504
13318 4 2 0 1 2208 1676 1419 2748
13319 4 2 0 1 2037 1062 2339 2667
13320 4 2 0 1 2232 1423 2240 2757
13321 4 2 0 1 2239 2756 2244 2757
13322 4 2 0 1 2157 2154 2312 1458
13323 4 2 0 1 2497 161 465 156
13324 4 2 0 1 2645 1798 1823 2629
13325 4 2 0 1 2237 1461 2238 2756
13326 4 2 0 1 1753 1468 2767 563
13327 4 2 0 1 1754 1468 2328 2767
13328 4 2 0 1 2780 1633 2414 2334
13329 4 2 0 1 872 1977 1861 1919
13330 4 2 0 1 1843 1887 1084 1842
13331 4 2 0 1 1943 2301 1956 1439
13332 4 2 0 1 2439 1519 1516 2784
13333 4 2 0 1 1683 1814 2817 2302
13334 4 2 0 1 1822 1879 1816 2646
13335 4 2 0 1 2472 169 168 1577
13336 4 2 0 1 1928 2038 1514 1516
13337 4 2 0 1 2324 1912 1930 1827
13338 4 2 0 1 2640 2768 2337 2780
13339 4 2 0 1 520 1738 1547 2347
13340 4 2 0 1 1713 733 1198 1715
13341 4 2 0 1 2100 2709 2708 2099
13342 4 2 0 1 185 1698 2364 1685
13343 4 2 0 1 1947 1349 1789 2315
13344 4 2 0 1 1713 1370 1198 1614
13345 4 2 0 1 2451 2787 1521 2448
13346 4 2 0 1 1521 2737 2776 2448
13347 4 2 0 1 2451 2396 2788 2389
13348 4 2 0 1 2155 1410 2389 2712
13349 4 2 0 1 2366 1491 2395 2390
13350 4 2 0 1 1700 1672 2199 1560
13351 4 2 0 1 2346 1471 2531 1473
13352 4 2 0 1 1963 1960 855 2343
13353 4 2 0 1 1114 1966 1210 1902
13354 4 2 0 1 2786 1470 2635 2440
13355 4 2 0 1 2667 770 1928 771
13356 4 2 0 1 1531 518 2043 2531
13357 4 2 0 1 480 713 209 1691
13358 4 2 0 1 2345 1846 2343 845
13359 4 2 0 1 1901 847 2344 2343
13360 4 2 0 1 2777 1693 1616 1505
13361 4 2 0 1 1540 1505 1506 532
13362 4 2 0 1 16 1614 1713 1198
13363 4 2 0 1 1616 1693 2791 2792
13364 4 2 0 1 278 2475 2791 2792
13365 4 2 0 1 1693 2778 2199 2777
13366 4 2 0 1 419 524 1625 1595
13367 4 2 0 1 2199 154 1617 532
13368 4 2 0 1 1692 549 1411 659
13369 4 2 0 1 1945 2618 2619 1524
13370 4 2 0 1 2532 1589 2533 2814
13371 4 2 0 1 2565 2556 2624 1792
13372 4 2 0 1 2439 2437 1512 2784
13373 4 2 0 1 1945 1248 994 1089
13374 4 2 0 1 2800 1938 2801 1908
13375 4 2 0 1 1554 2655 1859 1858
13376 4 2 0 1 2611 1771 2670 1607
13377 4 2 0 1 2021 1968 2616 2041
13378 4 2 0 1 2076 2611 1774 2614
13379 4 2 0 1 1785 1001 2082 2615
13380 4 2 0 1 552 279 281 2743
13381 4 2 0 1 1085 1366 1176 1932
13382 4 2 0 1 2627 2519 2550 1732
13383 4 2 0 1 1197 918 923 1999
13384 4 2 0 1 1716 1970 2549 1936
13385 4 2 0 1 1155 1798 1985 2629
13386 4 2 0 1 2504 2675 140 2506
13387 4 2 0 1 1743 2552 2506 2097
13388 4 2 0 1 2225 1432 2220 2513
13389 4 2 0 1 480 1707 580 713
13390 4 2 0 1 2225 2220 1432 2223
13391 4 2 0 1 2206 2306 2209 2305
13392 4 2 0 1 1548 156 2528 2497
13393 4 2 0 1 2255 1596 2511 1436
13394 4 2 0 1 1488 2370 1579 2381
13395 4 2 0 1 1085 1918 1132 950
13396 4 2 0 1 2508 2539 1404 2541
13397 4 2 0 1 836 837 1881 833
13398 4 2 0 1 1488 2370 2381 2394
13399 4 2 0 1 1488 2370 2394 2522
13400 4 2 0 1 2725 2147 2151 2419
13401 4 2 0 1 2724 2797 2726 2151
13402 4 2 0 1 1502 1673 2345 1675
13403 4 2 0 1 2418 1963 1502 2043
13404 4 2 0 1 2704 1746 2131 241
13405 4 2 0 1 1414 1476 2773 2680
13406 4 2 0 1 2446 2530 1588 2672
13407 4 2 0 1 524 419 1625 659
13408 4 2 0 1 2212 2306 2305 2214
13409 4 2 0 1 376 1585 1677 361
13410 4 2 0 1 450 1572 700 314
13411 4 2 0 1 2439 2671 2530 2672
13412 4 2 0 1 1414 1476 2680 1756
13413 4 2 0 1 1411 1529 2778 2791
13414 4 2 0 1 2530 1588 2672 2531
13415 4 2 0 1 229 226 1650 228
13416 4 2 0 1 625 2832 338 342
13417 4 2 0 1 564 455 1613 360
13418 4 2 0 1 2306 2204 2209 2305
13419 4 2 0 1 2702 2356 1538 2685
13420 4 2 0 1 909 1090 888 1804
13421 4 2 0 1 1876 2467 2818 1732
13422 4 2 0 1 2467 2469 1732 2627
13423 4 2 0 1 1810 1237 2594 1780
13424 4 2 0 1 1999 916 1197 918
13425 4 2 0 1 1658 1281 739 1304
13426 4 2 0 1 1141 1877 1876 964
13427 4 2 0 1 2198 2790 2791 1529
13428 4 2 0 1 1162 1037 911 2628
13429 4 2 0 1 324 322 1748 323
13430 4 2 0 1 1658 1660 943 1359
13431 4 2 0 1 1825 1037 2031 2628
13432 4 2 0 1 1155 1028 1229 1985
13433 4 2 0 1 2569 634 1747 1647
13434 4 2 0 1 1650 628 232 1648
13435 4 2 0 1 1615 2616 2041 1772
13436 4 2 0 1 1615 2600 1772 2041
13437 4 2 0 1 2386 2446 1588 227
13438 4 2 0 1 2802 1615 2600 1772
13439 4 2 0 1 225 1650 626 226
13440 4 2 0 1 2452 2617 2561 1523
13441 4 2 0 1 775 1675 31 30
13442 4 2 0 1 2728 2617 2561 2452
13443 4 2 0 1 2835 476 170 620
13444 4 2 0 1 2503 2617 1523 2561
13445 4 2 0 1 223 1595 217 1625
13446 4 2 0 1 2728 2802 2561 2617
13447 4 2 0 1 2172 1395 1640 2143
13448 4 2 0 1 2398 2446 1515 2530
13449 4 2 0 1 1144 858 1862 1682
13450 4 2 0 1 2044 2046 1680 1346
13451 4 2 0 1 2208 2749 2217 1442
13452 4 2 0 1 1643 1758 615 1640
13453 4 2 0 1 1648 2798 1612 232
13454 4 2 0 1 1289 1918 1132 1176
13455 4 2 0 1 2795 1443 2347 1720
13456 4 2 0 1 1872 1874 1514 1516
13457 4 2 0 1 23 84 2457 24
13458 4 2 0 1 517 542 516 1750
13459 4 2 0 1 2450 2449 2788 1701
13460 4 2 0 1 2569 1747 471 1640
13461 4 2 0 1 2172 2174 1640 1643
13462 4 2 0 1 2211 2402 1538 1413
13463 4 2 0 1 2568 2172 1640 2143
13464 4 2 0 1 574 2418 633 395
13465 4 2 0 1 2042 2530 1471 2671
13466 4 2 0 1 574 693 1502 83
13467 4 2 0 1 2436 1519 2340 1516
13468 4 2 0 1 46 45 1643 615
13469 4 2 0 1 1859 1834 1003 1104
13470 4 2 0 1 2172 1395 2143 2133
13471 4 2 0 1 1758 75 618 46
13472 4 2 0 1 2173 1402 2174 1747
13473 4 2 0 1 1758 75 46 615
13474 4 2 0 1 1635 2323 2321 1464
13475 4 2 0 1 2172 2443 1643 2146
13476 4 2 0 1 2138 2601 2297 1769
13477 4 2 0 1 2138 2601 1769 2338
13478 4 2 0 1 2759 2514 2513 2251
13479 4 2 0 1 442 67 59 2234
13480 4 2 0 1 471 1643 615 1640
13481 4 2 0 1 1762 2144 1630 2017
13482 4 2 0 1 2010 1941 2022 2245
13483 4 2 0 1 1405 1461 1462 2120
13484 4 2 0 1 1405 2120 1462 1646
13485 4 2 0 1 1630 1344 972 50
13486 4 2 0 1 275 68 1762 1668
13487 4 2 0 1 2244 2768 2731 2337
13488 4 2 0 1 2245 2244 2731 2337
13489 4 2 0 1 2257 2232 2231 2236
13490 4 2 0 1 2546 1668 1462 1646
13491 4 2 0 1 93 91 1672 92
13492 4 2 0 1 1441 1665 2578 2206
13493 4 2 0 1 91 1602 1672 92
13494 4 2 0 1 1602 91 90 92
13495 4 2 0 1 2370 2394 1580 2381
13496 4 2 0 1 1412 2208 2577 2578
13497 4 2 0 1 1412 2208 2578 2209
13498 4 2 0 1 2744 121 123 461
13499 4 2 0 1 1485 649 137 2384
13500 4 2 0 1 2206 1412 2578 2209
13501 4 2 0 1 1412 2206 2578 1666
13502 4 2 0 1 419 1692 1625 659
13503 4 2 0 1 1804 909 890 888
13504 4 2 0 1 2794 1689 1417 1705
13505 4 2 0 1 2163 2150 2377 2484
13506 4 2 0 1 1399 2432 2735 2431
13507 4 2 0 1 2138 2298 2332 2639
13508 4 2 0 1 1639 1416 1567 2586
13509 4 2 0 1 1639 1728 1416 2586
13510 4 2 0 1 1639 204 2586 1567
13511 4 2 0 1 2586 218 1639 1728
13512 4 2 0 1 2102 2806 2592 2805
13513 4 2 0 1 2508 2539 2541 2540
13514 4 2 0 1 258 434 1559 2178
13515 4 2 0 1 1003 1859 2615 2653
13516 4 2 0 1 2508 2428 2540 2178
13517 4 2 0 1 2129 2164 2132 2131
13518 4 2 0 1 2060 1478 2057 2096
13519 4 2 0 1 1743 2553 1601 2094
13520 4 2 0 1 2269 2260 2271 2268
13521 4 2 0 1 1384 2683 2675 2064
13522 4 2 0 1 2683 2095 1384 2094
13523 4 2 0 1 1385 2708 2589 2590
13524 4 2 0 1 885 1848 886 884
13525 4 2 0 1 2623 1336 1342 895
13526 4 2 0 1 1385 2591 2721 2708
13527 4 2 0 1 2497 724 577 1655
13528 4 2 0 1 1385 2591 2805 2592
13529 4 2 0 1 577 2497 1655 1578
13530 4 2 0 1 1603 1551 1704 2528
13531 4 2 0 1 1455 2805 1385 2710
13532 4 2 0 1 1385 1455 1743 2592
13533 4 2 0 1 474 473 1729 475
13534 4 2 0 1 1603 1587 1704 2529
13535 4 2 0 1 1455 1385 2805 2592
13536 4 2 0 1 2203 2210 2205 2200
13537 4 2 0 1 178 181 2575 444
13538 4 2 0 1 2271 2269 2563 2290
13539 4 2 0 1 1984 2623 1342 895
13540 4 2 0 1 2655 1859 2653 2615
13541 4 2 0 1 1416 2201 1417 2586
13542 4 2 0 1 2307 2427 2426 2538
13543 4 2 0 1 179 181 182 2587
13544 4 2 0 1 425 190 2587 182
13545 4 2 0 1 190 181 2587 182
13546 4 2 0 1 200 1602 566 1739
13547 4 2 0 1 1913 1831 2300 2604
13548 4 2 0 1 86 1703 88 200
13549 4 2 0 1 200 1602 1739 1703
13550 4 2 0 1 2792 553 719 1528
13551 4 2 0 1 1913 1831 2604 2807
13552 4 2 0 1 2603 1439 2604 2602
13553 4 2 0 1 714 1664 211 1595
13554 4 2 0 1 214 211 1595 714
13555 4 2 0 1 1808 1303 2033 773
13556 4 2 0 1 1913 2763 2604 2300
13557 4 2 0 1 1440 1831 2303 2604
13558 4 2 0 1 1542 512 673 1543
13559 4 2 0 1 1695 586 64 21
13560 4 2 0 1 143 675 1379 142
13561 4 2 0 1 675 621 1379 142
13562 4 2 0 1 773 1318 1808 1154
13563 4 2 0 1 1909 1911 774 1910
13564 4 2 0 1 498 269 2798 233
13565 4 2 0 1 2584 2466 1607 2818
13566 4 2 0 1 2584 2466 2818 2464
13567 4 2 0 1 1667 2368 96 1637
13568 4 2 0 1 2584 2466 2612 1607
13569 4 2 0 1 2810 2459 2619 2532
13570 4 2 0 1 2534 2666 2533 2626
13571 4 2 0 1 2534 2814 1674 2034
13572 4 2 0 1 1641 2459 2619 2812
13573 4 2 0 1 253 1537 256 255
13574 4 2 0 1 253 1537 255 2541
13575 4 2 0 1 1726 1415 1539 2576
13576 4 2 0 1 669 1592 255 1537
13577 4 2 0 1 259 2175 260 478
13578 4 2 0 1 2459 1641 2619 2532
13579 4 2 0 1 2446 2439 1638 1515
13580 4 2 0 1 2485 408 536 304
13581 4 2 0 1 2507 2552 147 2097
13582 4 2 0 1 1336 2623 884 895
13583 4 2 0 1 64 278 1529 277
13584 4 2 0 1 915 2831 913 914
13585 4 2 0 1 2469 2627 2550 1732
13586 4 2 0 1 584 2529 288 290
13587 4 2 0 1 438 291 1752 292
13588 4 2 0 1 1751 1578 1752 290
13589 4 2 0 1 1574 2553 1573 1576
13590 4 2 0 1 2547 1732 2469 2550
13591 4 2 0 1 1757 2056 2554 1669
13592 4 2 0 1 341 1620 340 329
13593 4 2 0 1 1141 1877 964 1162
13594 4 2 0 1 641 1670 457 215
13595 4 2 0 1 280 278 310 2792
13596 4 2 0 1 2777 1693 1505 2199
13597 4 2 0 1 1141 1876 2628 2588
13598 4 2 0 1 895 1848 884 886
13599 4 2 0 1 2269 1711 2563 2290
13600 4 2 0 1 187 185 2364 1685
13601 4 2 0 1 1416 1417 2754 2219
13602 4 2 0 1 2340 1519 2667 1516
13603 4 2 0 1 1859 2655 2653 1858
13604 4 2 0 1 553 2792 278 2791
13605 4 2 0 1 352 361 1585 364
13606 4 2 0 1 1618 344 343 1642
13607 4 2 0 1 1642 607 352 1585
13608 4 2 0 1 361 1642 355 352
13609 4 2 0 1 2804 2803 2823 2361
13610 4 2 0 1 270 204 1567 1691
13611 4 2 0 1 342 339 343 1618
13612 4 2 0 1 2822 1618 1600 357
13613 4 2 0 1 357 1618 1600 342
13614 4 2 0 1 357 1618 342 343
13615 4 2 0 1 357 1618 343 2824
13616 4 2 0 1 2349 1749 2771 2350
13617 4 2 0 1 1724 1572 1725 1748
13618 4 2 0 1 314 189 2771 186
13619 4 2 0 1 450 1749 314 316
13620 4 2 0 1 553 278 2792 310
13621 4 2 0 1 564 1557 360 1613
13622 4 2 0 1 2640 1467 2337 1499
13623 4 2 0 1 84 553 2791 1528
13624 4 2 0 1 421 377 376 1677
13625 4 2 0 1 377 375 376 1677
13626 4 2 0 1 1567 481 650 270
13627 4 2 0 1 291 1752 292 290
13628 4 2 0 1 289 291 290 1752
13629 4 2 0 1 284 1604 283 285
13630 4 2 0 1 1467 2335 2337 1499
13631 4 2 0 1 2333 1467 2639 1499
13632 4 2 0 1 1467 2333 2335 1499
13633 4 2 0 1 2418 574 312 395
13634 4 2 0 1 2487 2374 2488 2372
13635 4 2 0 1 1848 888 886 1090
13636 4 2 0 1 409 1733 715 530
13637 4 2 0 1 2548 1877 2628 2031
13638 4 2 0 1 2371 104 2372 103
13639 4 2 0 1 2031 1877 1163 1796
13640 4 2 0 1 2654 1453 2274 2653
13641 4 2 0 1 2802 2503 2277 2563
13642 4 2 0 1 2654 2652 2074 1858
13643 4 2 0 1 2654 2652 1858 2276
13644 4 2 0 1 2084 2560 2563 2290
13645 4 2 0 1 1592 669 257 431
13646 4 2 0 1 254 573 1592 257
13647 4 2 0 1 254 1592 255 257
13648 4 2 0 1 1983 2441 2659 1851
13649 4 2 0 1 2441 2036 2659 1851
13650 4 2 0 1 2233 2759 2514 1433
13651 4 2 0 1 1872 1983 2659 1851
13652 4 2 0 1 1314 1990 741 1987
13653 4 2 0 1 2514 1596 2251 2234
13654 4 2 0 1 2688 2235 1993 1989
13655 4 2 0 1 2084 2563 2700 2290
13656 4 2 0 1 1688 42 41 721
13657 4 2 0 1 1688 453 1687 721
13658 4 2 0 1 1688 42 721 1686
13659 4 2 0 1 2772 1749 2350 1748
13660 4 2 0 1 2226 1567 1417 1691
13661 4 2 0 1 564 568 1613 455
13662 4 2 0 1 2038 1928 1514 1929
13663 4 2 0 1 2201 2221 2202 2363
13664 4 2 0 1 553 84 2791 1529
13665 4 2 0 1 1808 1807 2665 1927
13666 4 2 0 1 1807 1674 2038 2037
13667 4 2 0 1 726 1752 2830 400
13668 4 2 0 1 212 548 1611 193
13669 4 2 0 1 1972 1808 2665 1927
13670 4 2 0 1 2665 1674 1808 1972
13671 4 2 0 1 2672 754 36 735
13672 4 2 0 1 2672 754 735 2024
13673 4 2 0 1 702 1729 554 475
13674 4 2 0 1 2107 1282 20 1136
13675 4 2 0 1 2742 1603 486 2498
13676 4 2 0 1 1603 584 486 2498
13677 4 2 0 1 36 735 37 2672
13678 4 2 0 1 1536 1551 1604 2470
13679 4 2 0 1 2475 2473 1610 2195
13680 4 2 0 1 584 1603 486 390
13681 4 2 0 1 1531 82 2531 2672
13682 4 2 0 1 36 82 1531 2672
13683 4 2 0 1 1962 497 1739 28
13684 4 2 0 1 1962 497 28 27
13685 4 2 0 1 1745 1477 1619 1621
13686 4 2 0 1 1756 1669 1745 2679
13687 4 2 0 1 1756 1745 1669 1755
13688 4 2 0 1 1665 1441 2307 2206
13689 4 2 0 1 1847 2631 1800 1833
13690 4 2 0 1 2308 2057 1478 2679
13691 4 2 0 1 2744 172 2305 2307
13692 4 2 0 1 2744 172 2307 461
13693 4 2 0 1 519 716 1720 503
13694 4 2 0 1 2493 2224 2287 2073
13695 4 2 0 1 503 13 2072 519
13696 4 2 0 1 1719 717 503 72
13697 4 2 0 1 2400 1493 2751 1586
13698 4 2 0 1 1546 1733 2486 2485
13699 4 2 0 1 2118 2486 1733 2722
13700 4 2 0 1 608 1546 407 666
13701 4 2 0 1 2018 2235 541 2
13702 4 2 0 1 1596 2235 541 2018
13703 4 2 0 1 76 2018 2511 541
13704 4 2 0 1 2511 1596 541 2018
13705 4 2 0 1 2195 586 1694 279
13706 4 2 0 1 1536 1551 165 1604
13707 4 2 0 1 284 2743 281 2472
13708 4 2 0 1 1611 548 169 193
13709 4 2 0 1 1609 2520 1506 1610
13710 4 2 0 1 2023 1230 2022 2767
13711 4 2 0 1 1594 2477 395 681
13712 4 2 0 1 313 1594 395 681
13713 4 2 0 1 553 81 719 1528
13714 4 2 0 1 2471 1548 2528 2497
13715 4 2 0 1 1962 1964 2782 26
13716 4 2 0 1 577 1578 585 305
13717 4 2 0 1 328 298 414 1655
13718 4 2 0 1 2364 185 186 184
13719 4 2 0 1 399 1578 305 585
13720 4 2 0 1 1578 399 305 206
13721 4 2 0 1 161 1578 305 206
13722 4 2 0 1 2364 1572 2771 186
13723 4 2 0 1 155 665 706 1655
13724 4 2 0 1 2115 2495 2101 2494
13725 4 2 0 1 1528 84 1411 2791
13726 4 2 0 1 1548 2471 1549 2497
13727 4 2 0 1 596 488 1574 358
13728 4 2 0 1 2250 2285 2689 2254
13729 4 2 0 1 405 1573 651 1742
13730 4 2 0 1 187 727 1572 186
13731 4 2 0 1 1939 881 1829 910
13732 4 2 0 1 2249 1430 2067 2689
13733 4 2 0 1 1622 1618 2803 1623
13734 4 2 0 1 1642 352 348 355
13735 4 2 0 1 1635 1305 48 1630
13736 4 2 0 1 2249 1430 2689 2248
13737 4 2 0 1 49 1630 68 413
13738 4 2 0 1 1305 49 48 1630
13739 4 2 0 1 2067 2285 2689 2284
13740 4 2 0 1 2285 2759 2689 2284
13741 4 2 0 1 2004 1829 1958 2294
13742 4 2 0 1 783 1833 807 781
13743 4 2 0 1 1709 1555 717 1710
13744 4 2 0 1 2004 1940 1829 2294
13745 4 2 0 1 1713 1370 1614 1834
13746 4 2 0 1 2500 1829 2585 2294
13747 4 2 0 1 1534 2460 2294 2502
13748 4 2 0 1 1400 2091 2705 2706
13749 4 2 0 1 1684 349 590 565
13750 4 2 0 1 1400 1401 2126 2091
13751 4 2 0 1 2811 2034 2535 2532
13752 4 2 0 1 1737 1734 1736 1557
13753 4 2 0 1 2102 1455 2592 1601
13754 4 2 0 1 2095 1620 1566 1477
13755 4 2 0 1 2811 2034 2532 2533
13756 4 2 0 1 2091 2126 2705 2127
13757 4 2 0 1 1400 1401 2091 2706
13758 4 2 0 1 1400 2091 2126 2705
13759 4 2 0 1 1561 601 728 662
13760 4 2 0 1 601 1561 728 129
13761 4 2 0 1 463 443 1543 512
13762 4 2 0 1 895 1848 2623 884
13763 4 2 0 1 378 2305 547 171
13764 4 2 0 1 2430 1510 2431 2429
13765 4 2 0 1 2119 2091 2705 2127
13766 4 2 0 1 2119 2124 2127 2705
13767 4 2 0 1 1562 601 547 129
13768 4 2 0 1 1760 426 488 1576
13769 4 2 0 1 2009 1931 1117 1908
13770 4 2 0 1 2009 2534 2033 2801
13771 4 2 0 1 414 665 1655 706
13772 4 2 0 1 1806 1366 773 2033
13773 4 2 0 1 445 72 1735 708
13774 4 2 0 1 14 1714 717 503
13775 4 2 0 1 2119 2183 1405 1406
13776 4 2 0 1 1912 2412 1627 2555
13777 4 2 0 1 2556 2565 2626 2647
13778 4 2 0 1 2126 2128 2705 2127
13779 4 2 0 1 128 130 1561 129
13780 4 2 0 1 2305 124 547 171
13781 4 2 0 1 2556 2626 2565 2624
13782 4 2 0 1 465 156 151 2497
13783 4 2 0 1 1582 124 547 2305
13784 4 2 0 1 1658 7 739 6
13785 4 2 0 1 160 1545 2405 514
13786 4 2 0 1 1621 1477 2673 2354
13787 4 2 0 1 1046 1658 739 2044
13788 4 2 0 1 1046 1281 739 1658
13789 4 2 0 1 2412 2565 2414 1792
13790 4 2 0 1 2762 2787 1946 1947
13791 4 2 0 1 2793 1695 2790 2713
13792 4 2 0 1 1979 1947 1522 2314
13793 4 2 0 1 764 1850 1317 768
13794 4 2 0 1 1136 1979 730 21
13795 4 2 0 1 2684 2402 1538 2211
13796 4 2 0 1 2059 2702 2684 1538
13797 4 2 0 1 2450 2713 21 1979
13798 4 2 0 1 1911 1835 778 1836
13799 4 2 0 1 1136 2107 21 20
13800 4 2 0 1 772 1807 771 1318
13801 4 2 0 1 774 1874 770 1909
13802 4 2 0 1 2478 2116 1508 2118
13803 4 2 0 1 2497 161 156 1587
13804 4 2 0 1 2478 2116 2118 2720
13805 4 2 0 1 2556 2666 2814 2665
13806 4 2 0 1 1711 2269 2276 2652
13807 4 2 0 1 1634 1837 1827 1833
13808 4 2 0 1 2755 2510 2490 2348
13809 4 2 0 1 817 1239 1820 1337
13810 4 2 0 1 1793 1887 2657 1889
13811 4 2 0 1 1888 782 1934 1889
13812 4 2 0 1 1489 2169 2165 1526
13813 4 2 0 1 1489 2169 1526 2388
13814 4 2 0 1 1151 1107 1801 1216
13815 4 2 0 1 1981 1802 1826 1764
13816 4 2 0 1 1274 1821 1801 1216
13817 4 2 0 1 1798 1981 1826 1764
13818 4 2 0 1 1992 821 1991 1831
13819 4 2 0 1 2412 2565 1792 2556
13820 4 2 0 1 1330 2048 1285 805
13821 4 2 0 1 1330 2048 805 1825
13822 4 2 0 1 581 1696 2405 160
13823 4 2 0 1 2212 2182 2686 2429
13824 4 2 0 1 1825 1054 803 805
13825 4 2 0 1 2629 805 1378 2048
13826 4 2 0 1 762 764 1880 765
13827 4 2 0 1 114 1696 116 160
13828 4 2 0 1 1263 1081 1900 1080
13829 4 2 0 1 2040 828 829 1882
13830 4 2 0 1 1169 1882 834 830
13831 4 2 0 1 1056 836 1900 1297
13832 4 2 0 1 836 1883 1900 1882
13833 4 2 0 1 1850 2040 825 838
13834 4 2 0 1 2441 1124 1087 1851
13835 4 2 0 1 2165 1400 2726 2148
13836 4 2 0 1 1266 2026 736 2029
13837 4 2 0 1 1696 581 116 160
13838 4 2 0 1 1963 2345 2043 2343
13839 4 2 0 1 2344 851 849 847
13840 4 2 0 1 773 1806 1075 1176
13841 4 2 0 1 2182 2162 2181 2211
13842 4 2 0 1 2716 2738 2179 2717
13843 4 2 0 1 2755 1730 2490 2489
13844 4 2 0 1 1523 2561 1787 2760
13845 4 2 0 1 2276 2654 2273 2274
13846 4 2 0 1 2162 1593 2429 1696
13847 4 2 0 1 2162 1593 1696 2407
13848 4 2 0 1 870 2643 871 1861
13849 4 2 0 1 2298 2300 1919 1861
13850 4 2 0 1 869 872 1150 1920
13851 4 2 0 1 1892 1903 1862 860
13852 4 2 0 1 1404 2746 2739 2181
13853 4 2 0 1 500 2507 266 494
13854 4 2 0 1 2623 882 1829 1790
13855 4 2 0 1 2117 2507 494 147
13856 4 2 0 1 1404 1415 2739 2746
13857 4 2 0 1 2584 2002 1796 1824
13858 4 2 0 1 1825 1828 2628 2548
13859 4 2 0 1 2031 1037 1162 2628
13860 4 2 0 1 2180 1415 2205 2739
13861 4 2 0 1 2180 2538 2739 2205
13862 4 2 0 1 2618 1945 2621 1524
13863 4 2 0 1 2074 2070 1381 1431
13864 4 2 0 1 1660 748 978 943
13865 4 2 0 1 2701 2352 1460 2747
13866 4 2 0 1 2210 2207 2747 2746
13867 4 2 0 1 1828 2588 2548 1840
13868 4 2 0 1 1415 2746 2205 2739
13869 4 2 0 1 2584 1607 2548 2818
13870 4 2 0 1 1783 2550 2549 2005
13871 4 2 0 1 1841 917 922 1376
13872 4 2 0 1 1413 2205 2745 2203
13873 4 2 0 1 2207 2576 1415 2205
13874 4 2 0 1 2496 494 500 163
13875 4 2 0 1 266 2507 147 494
13876 4 2 0 1 2025 1063 1069 1973
13877 4 2 0 1 1412 2783 2745 2209
13878 4 2 0 1 2210 2203 2205 2746
13879 4 2 0 1 1469 1111 1781 1811
13880 4 2 0 1 2794 1706 1690 1705
13881 4 2 0 1 1101 1034 2833 937
13882 4 2 0 1 2117 2723 147 149
13883 4 2 0 1 2349 363 2490 1706
13884 4 2 0 1 959 1244 956 1953
13885 4 2 0 1 955 957 1970 956
13886 4 2 0 1 957 1244 2610 956
13887 4 2 0 1 2505 2675 2687 140
13888 4 2 0 1 1991 1142 1308 2668
13889 4 2 0 1 1244 1974 2669 1187
13890 4 2 0 1 1237 1328 1187 1978
13891 4 2 0 1 1328 1974 1187 1978
13892 4 2 0 1 479 694 2490 1657
13893 4 2 0 1 1313 1915 1326 1079
13894 4 2 0 1 2555 2412 2556 2647
13895 4 2 0 1 740 2321 1995 1319
13896 4 2 0 1 2537 1665 2538 1666
13897 4 2 0 1 180 178 2575 444
13898 4 2 0 1 1523 2561 2452 1787
13899 4 2 0 1 563 1994 2767 54
13900 4 2 0 1 55 1994 563 54
13901 4 2 0 1 2059 2702 1538 2685
13902 4 2 0 1 2598 1766 1781 1780
13903 4 2 0 1 1998 1994 54 2767
13904 4 2 0 1 2762 2787 1524 1946
13905 4 2 0 1 2617 2620 2618 1779
13906 4 2 0 1 1523 2275 2503 2760
13907 4 2 0 1 2756 1466 2244 2757
13908 4 2 0 1 2505 138 140 2687
13909 4 2 0 1 1838 2555 2647 2412
13910 4 2 0 1 1786 2615 1785 2503
13911 4 2 0 1 2503 2617 2561 2802
13912 4 2 0 1 1024 1250 1789 1016
13913 4 2 0 1 141 139 2052 140
13914 4 2 0 1 2365 1706 2771 1705
13915 4 2 0 1 2365 1706 1705 1690
13916 4 2 0 1 2365 1706 1690 687
13917 4 2 0 1 2489 1705 2358 2771
13918 4 2 0 1 1083 1794 877 1025
13919 4 2 0 1 1420 2358 1705 2771
13920 4 2 0 1 1420 1705 2358 2215
13921 4 2 0 1 2271 2269 2268 2760
13922 4 2 0 1 2770 1819 2447 2455
13923 4 2 0 1 1812 1010 1857 1104
13924 4 2 0 1 2555 2556 2558 2647
13925 4 2 0 1 2451 1521 2447 2455
13926 4 2 0 1 1006 1158 1997 1008
13927 4 2 0 1 1134 1825 1047 1333
13928 4 2 0 1 2776 1488 2382 2775
13929 4 2 0 1 2751 1561 2400 1586
13930 4 2 0 1 2289 2259 2288 1597
13931 4 2 0 1 1562 1561 129 1495
13932 4 2 0 1 2385 1492 2382 2387
13933 4 2 0 1 1869 1311 2020 2019
13934 4 2 0 1 2451 2448 2775 2389
13935 4 2 0 1 2451 1521 2775 2448
13936 4 2 0 1 2448 2776 2775 2389
13937 4 2 0 1 2024 755 756 754
13938 4 2 0 1 1348 2024 1832 756
13939 4 2 0 1 1582 126 125 127
13940 4 2 0 1 1521 2776 2775 2448
13941 4 2 0 1 2755 2489 2490 2510
13942 4 2 0 1 1519 2438 2784 2439
13943 4 2 0 1 1519 2636 2784 2438
13944 4 2 0 1 2721 2105 2806 1386
13945 4 2 0 1 2643 870 1916 1926
13946 4 2 0 1 2004 1830 1958 1829
13947 4 2 0 1 924 1971 1935 1999
13948 4 2 0 1 1051 1118 1969 1119
13949 4 2 0 1 2789 2481 2711 2196
13950 4 2 0 1 2478 1542 2482 2474
13951 4 2 0 1 1542 2478 2193 2474
13952 4 2 0 1 134 2432 2431 684
13953 4 2 0 1 1234 1851 838 2040
13954 4 2 0 1 1081 1896 1900 1080
13955 4 2 0 1 1081 1057 1896 1080
13956 4 2 0 1 2198 2793 2473 2790
13957 4 2 0 1 117 116 2431 118
13958 4 2 0 1 2626 1893 2647 1778
13959 4 2 0 1 2019 903 1886 1372
13960 4 2 0 1 385 1751 384 207
13961 4 2 0 1 1649 616 1520 626
13962 4 2 0 1 1812 1010 1005 1997
13963 4 2 0 1 1489 2774 2151 2797
13964 4 2 0 1 1488 1579 2522 2151
13965 4 2 0 1 1951 1950 1885 1608
13966 4 2 0 1 1102 2517 1022 1885
13967 4 2 0 1 1886 1257 1042 1043
13968 4 2 0 1 1113 1950 1038 1951
13969 4 2 0 1 1740 1579 2799 2384
13970 4 2 0 1 324 1600 325 323
13971 4 2 0 1 821 1991 1831 2807
13972 4 2 0 1 1716 2021 2610 1055
13973 4 2 0 1 821 1810 1991 2807
13974 4 2 0 1 1780 1237 789 1165
13975 4 2 0 1 1973 1063 1069 989
13976 4 2 0 1 966 1795 1299 1971
13977 4 2 0 1 1780 1809 1810 1165
13978 4 2 0 1 821 793 791 1831
13979 4 2 0 1 1991 1765 1831 2807
13980 4 2 0 1 1810 1765 1991 2807
13981 4 2 0 1 2597 2291 1382 2078
13982 4 2 0 1 1751 386 384 1704
13983 4 2 0 1 1526 2816 2423 2424
13984 4 2 0 1 117 2429 2431 1510
13985 4 2 0 1 1303 2009 1972 2033
13986 4 2 0 1 2536 2342 2459 2816
13987 4 2 0 1 1135 1062 2339 1075
13988 4 2 0 1 2667 770 771 767
13989 4 2 0 1 1806 1366 2033 1932
13990 4 2 0 1 1883 839 952 1065
13991 4 2 0 1 2342 2458 2459 2816
13992 4 2 0 1 1883 1065 952 1298
13993 4 2 0 1 2342 2423 2458 2816
13994 4 2 0 1 1696 581 118 116
13995 4 2 0 1 790 1129 1084 1843
13996 4 2 0 1 2763 1913 1842 2300
13997 4 2 0 1 786 784 1888 1887
13998 4 2 0 1 1922 1767 2333 2657
13999 4 2 0 1 2632 1793 1889 1847
14000 4 2 0 1 2534 2009 1908 2801
14001 4 2 0 1 642 1729 476 725
14002 4 2 0 1 1470 1932 2033 2801
14003 4 2 0 1 146 145 2552 147
14004 4 2 0 1 1195 1048 1804 2648
14005 4 2 0 1 2458 2423 2425 1526
14006 4 2 0 1 1569 2500 1782 1534
14007 4 2 0 1 1622 1621 2361 1619
14008 4 2 0 1 2764 2256 2295 1437
14009 4 2 0 1 2820 2651 1431 2074
14010 4 2 0 1 2246 2030 2247 2236
14011 4 2 0 1 935 1998 1818 1916
14012 4 2 0 1 1188 1347 1998 1944
14013 4 2 0 1 1179 1188 1916 1944
14014 4 2 0 1 1178 870 1179 1916
14015 4 2 0 1 1895 1438 2012 1926
14016 4 2 0 1 1191 2001 1325 1190
14017 4 2 0 1 1190 2002 1191 2001
14018 4 2 0 1 883 1190 2003 910
14019 4 2 0 1 2816 1589 2424 1641
14020 4 2 0 1 885 1848 884 2003
14021 4 2 0 1 975 1820 1137 1201
14022 4 2 0 1 1975 1137 1820 1865
14023 4 2 0 1 111 2374 109 108
14024 4 2 0 1 2693 1433 2759 1426
14025 4 2 0 1 2374 108 107 109
14026 4 2 0 1 1744 1622 2361 1619
14027 4 2 0 1 264 1542 2482 1590
14028 4 2 0 1 1274 1327 963 1784
14029 4 2 0 1 1312 1070 2029 40
14030 4 2 0 1 1688 1312 2029 40
14031 4 2 0 1 1086 2029 1070 1212
14032 4 2 0 1 1266 2036 2029 2441
14033 4 2 0 1 1983 953 1849 769
14034 4 2 0 1 1667 2368 1637 2523
14035 4 2 0 1 858 1223 747 1906
14036 4 2 0 1 1425 2018 1682 1906
14037 4 2 0 1 2512 1681 1680 2292
14038 4 2 0 1 858 1144 1223 1682
14039 4 2 0 1 1425 2235 2018 1906
14040 4 2 0 1 93 1560 94 95
14041 4 2 0 1 2803 1684 2823 1493
14042 4 2 0 1 1744 1723 1745 2361
14043 4 2 0 1 2804 1622 2803 2361
14044 4 2 0 1 2370 2366 2390 1491
14045 4 2 0 1 2217 1621 2679 2680
14046 4 2 0 1 427 1541 417 230
14047 4 2 0 1 2040 827 1234 829
14048 4 2 0 1 1283 1213 1935 1245
14049 4 2 0 1 1283 1971 1113 1951
14050 4 2 0 1 1433 2219 2222 2112
14051 4 2 0 1 2219 2571 2220 1433
14052 4 2 0 1 1418 1433 2222 2112
14053 4 2 0 1 1433 1418 2222 2571
14054 4 2 0 1 2219 2571 2222 1416
14055 4 2 0 1 2219 2571 1416 2220
14056 4 2 0 1 2257 2259 1434 2727
14057 4 2 0 1 2228 1754 2326 1465
14058 4 2 0 1 2391 697 1624 1560
14059 4 2 0 1 781 782 783 1833
14060 4 2 0 1 2336 2632 2657 2335
14061 4 2 0 1 1941 1230 1240 1315
14062 4 2 0 1 2299 1769 2242 2138
14063 4 2 0 1 2139 1769 2242 2299
14064 4 2 0 1 47 48 74 1629
14065 4 2 0 1 2172 1395 2133 2146
14066 4 2 0 1 2338 1769 2242 1393
14067 4 2 0 1 865 1891 866 1921
14068 4 2 0 1 2322 2319 2320 2324
14069 4 2 0 1 2645 2593 1985 2629
14070 4 2 0 1 832 1882 834 835
14071 4 2 0 1 2778 2199 1560 1965
14072 4 2 0 1 2138 1769 2242 2338
14073 4 2 0 1 1345 2517 1300 1102
14074 4 2 0 1 892 2517 1300 1345
14075 4 2 0 1 2517 1180 1300 1076
14076 4 2 0 1 2517 892 1300 1180
14077 4 2 0 1 2688 2250 2251 2689
14078 4 2 0 1 1424 2688 2251 2689
14079 4 2 0 1 1257 1886 1042 1372
14080 4 2 0 1 1257 2019 1372 1050
14081 4 2 0 1 2199 1700 1560 1965
14082 4 2 0 1 903 1226 1886 1372
14083 4 2 0 1 2019 1257 1372 1886
14084 4 2 0 1 300 112 2484 109
14085 4 2 0 1 1426 2233 2251 1988
14086 4 2 0 1 2416 86 83 85
14087 4 2 0 1 798 1826 795 1798
14088 4 2 0 1 1798 798 800 1110
14089 4 2 0 1 304 1546 407 406
14090 4 2 0 1 1825 1134 906 1333
14091 4 2 0 1 1105 1329 1286 1715
14092 4 2 0 1 2233 2759 1433 1426
14093 4 2 0 1 2258 2689 2693 1430
14094 4 2 0 1 2070 2284 2261 2695
14095 4 2 0 1 1431 2284 2261 2070
14096 4 2 0 1 1630 49 68 50
14097 4 2 0 1 2039 2756 1462 2017
14098 4 2 0 1 1463 2144 2017 2731
14099 4 2 0 1 2258 2693 2689 1426
14100 4 2 0 1 1630 68 1762 50
14101 4 2 0 1 2258 2693 2261 1430
14102 4 2 0 1 49 1630 972 50
14103 4 2 0 1 1825 803 906 2629
14104 4 2 0 1 1814 1683 2817 2646
14105 4 2 0 1 1879 1285 1355 1098
14106 4 2 0 1 1825 2031 2048 2049
14107 4 2 0 1 1289 1901 851 1918
14108 4 2 0 1 456 1670 525 1595
14109 4 2 0 1 2258 2693 1426 2257
14110 4 2 0 1 2258 2693 2257 2261
14111 4 2 0 1 1502 32 33 1675
14112 4 2 0 1 517 1750 516 433
14113 4 2 0 1 1074 1303 1117 2009
14114 4 2 0 1 2658 1845 1029 1377
14115 4 2 0 1 1597 2288 2291 2263
14116 4 2 0 1 1714 1715 1860 1121
14117 4 2 0 1 1865 942 1331 1029
14118 4 2 0 1 1193 2658 1267 1377
14119 4 2 0 1 1655 1741 1578 2497
14120 4 2 0 1 2495 2494 2114 1549
14121 4 2 0 1 1550 2480 1651 2496
14122 4 2 0 1 2720 2480 2114 1388
14123 4 2 0 1 616 225 1520 626
14124 4 2 0 1 1550 2496 1651 163
14125 4 2 0 1 2725 2156 2148 1397
14126 4 2 0 1 1503 1535 1398 2160
14127 4 2 0 1 1649 628 491 626
14128 4 2 0 1 2092 2733 1397 2160
14129 4 2 0 1 2416 1703 86 85
14130 4 2 0 1 1399 2433 1654 2432
14131 4 2 0 1 1398 2092 2160 1535
14132 4 2 0 1 2067 2254 2249 2689
14133 4 2 0 1 1403 2122 1404 2176
14134 4 2 0 1 1410 2449 2712 2106
14135 4 2 0 1 2107 1979 2713 1980
14136 4 2 0 1 2422 2155 2389 2712
14137 4 2 0 1 2639 2241 2758 2640
14138 4 2 0 1 2111 2716 2179 2717
14139 4 2 0 1 1521 2770 2447 2455
14140 4 2 0 1 1715 1338 1860 1121
14141 4 2 0 1 2449 1410 2711 2106
14142 4 2 0 1 2192 2741 2190 1408
14143 4 2 0 1 2688 1424 2251 1989
14144 4 2 0 1 1433 2233 2228 2571
14145 4 2 0 1 67 2514 472 1421
14146 4 2 0 1 1421 1653 1639 630
14147 4 2 0 1 1988 2047 1468 2228
14148 4 2 0 1 369 1465 221 2047
14149 4 2 0 1 2593 2645 1823 2629
14150 4 2 0 1 2509 2255 2285 2225
14151 4 2 0 1 2226 2220 2225 1417
14152 4 2 0 1 450 1749 316 1748
14153 4 2 0 1 2285 2287 2225 1432
14154 4 2 0 1 568 564 1613 72
14155 4 2 0 1 1430 2284 2067 2689
14156 4 2 0 1 1447 2072 2069 1710
14157 4 2 0 1 2066 2692 1443 2281
14158 4 2 0 1 2250 2759 2513 2251
14159 4 2 0 1 2073 1446 1722 1738
14160 4 2 0 1 2065 1380 2055 2061
14161 4 2 0 1 1735 708 72 1613
14162 4 2 0 1 708 564 72 1613
14163 4 2 0 1 2310 1450 2309 1454
14164 4 2 0 1 1757 2360 569 1722
14165 4 2 0 1 2236 2258 1426 2257
14166 4 2 0 1 2571 1418 1653 2228
14167 4 2 0 1 1426 2257 2231 2236
14168 4 2 0 1 1763 2638 2584 1683
14169 4 2 0 1 2153 1457 2272 1456
14170 4 2 0 1 1639 301 219 630
14171 4 2 0 1 1988 2258 1426 2236
14172 4 2 0 1 432 722 1539 1727
14173 4 2 0 1 2492 1705 2215 2358
14174 4 2 0 1 341 1620 1619 1566
14175 4 2 0 1 445 1555 72 717
14176 4 2 0 1 1475 2224 2359 2073
14177 4 2 0 1 1475 2215 2218 2359
14178 4 2 0 1 2224 2215 1475 2359
14179 4 2 0 1 2752 1481 2823 2361
14180 4 2 0 1 1715 1338 1121 1286
14181 4 2 0 1 1725 2804 1622 1600
14182 4 2 0 1 2565 1778 2626 2647
14183 4 2 0 1 2393 2391 1560 2390
14184 4 2 0 1 2374 2150 2377 2373
14185 4 2 0 1 590 1684 483 373
14186 4 2 0 1 2719 2367 412 104
14187 4 2 0 1 102 100 2367 412
14188 4 2 0 1 183 179 182 1483
14189 4 2 0 1 2412 2565 2556 2647
14190 4 2 0 1 1933 1931 1932 2801
14191 4 2 0 1 2037 1519 2339 2635
14192 4 2 0 1 1901 847 1902 1324
14193 4 2 0 1 2342 1521 2459 2458
14194 4 2 0 1 1498 2535 2536 2341
14195 4 2 0 1 2113 2237 2232 2240
14196 4 2 0 1 2428 2426 1591 2540
14197 4 2 0 1 1592 2539 2540 2541
14198 4 2 0 1 2401 2058 1538 2213
14199 4 2 0 1 509 2426 2540 510
14200 4 2 0 1 2508 2177 2178 2433
14201 4 2 0 1 1941 976 1218 2641
14202 4 2 0 1 61 1686 43 1717
14203 4 2 0 1 38 37 2672 501
14204 4 2 0 1 1649 1504 1650 1515
14205 4 2 0 1 1457 2153 2272 1428
14206 4 2 0 1 1599 1761 1394 470
14207 4 2 0 1 225 1650 226 66
14208 4 2 0 1 1649 1520 1650 626
14209 4 2 0 1 591 2386 230 228
14210 4 2 0 1 2073 2351 1445 1721
14211 4 2 0 1 1341 1502 34 33
14212 4 2 0 1 2671 2530 1471 2438
14213 4 2 0 1 2073 2351 1475 1445
14214 4 2 0 1 735 1127 1126 2672
14215 4 2 0 1 1531 2042 2672 2531
14216 4 2 0 1 2083 2563 1772 2277
14217 4 2 0 1 2128 1400 2148 2726
14218 4 2 0 1 1581 2476 1541 1571
14219 4 2 0 1 2224 2223 2287 1475
14220 4 2 0 1 1570 231 235 233
14221 4 2 0 1 1114 1901 1324 1362
14222 4 2 0 1 1473 2387 2397 1492
14223 4 2 0 1 1191 2002 910 1284
14224 4 2 0 1 1762 2144 2017 1631
14225 4 2 0 1 2083 2563 2277 1711
14226 4 2 0 1 2287 2223 1445 1475
14227 4 2 0 1 1762 1630 50 2017
14228 4 2 0 1 1772 2802 2277 2563
14229 4 2 0 1 1790 1948 2279 2583
14230 4 2 0 1 1362 1901 851 1289
14231 4 2 0 1 2022 2756 2039 2017
14232 4 2 0 1 2068 2574 2292 2573
14233 4 2 0 1 1144 746 1682 1227
14234 4 2 0 1 1903 1892 1862 1904
14235 4 2 0 1 318 2491 2772 317
14236 4 2 0 1 1772 1785 2277 2802
14237 4 2 0 1 2044 1678 1680 2292
14238 4 2 0 1 1892 1864 1862 1957
14239 4 2 0 1 1621 2680 2752 2361
14240 4 2 0 1 354 319 1748 450
14241 4 2 0 1 727 588 187 1572
14242 4 2 0 1 2752 1684 1586 1493
14243 4 2 0 1 1698 1645 1685 372
14244 4 2 0 1 1481 1724 1725 2361
14245 4 2 0 1 2287 1432 2284 2286
14246 4 2 0 1 2638 1683 2817 2302
14247 4 2 0 1 316 1749 314 2349
14248 4 2 0 1 326 324 1725 1600
14249 4 2 0 1 321 2772 320 322
14250 4 2 0 1 1432 2287 1445 2286
14251 4 2 0 1 2262 2695 2284 2286
14252 4 2 0 1 1487 639 381 499
14253 4 2 0 1 137 531 1740 723
14254 4 2 0 1 2400 458 128 131
14255 4 2 0 1 82 501 1588 2672
14256 4 2 0 1 1472 2343 1471 1673
14257 4 2 0 1 1593 1496 2686 2526
14258 4 2 0 1 2732 1696 2484 2405
14259 4 2 0 1 2527 2404 2380 2405
14260 4 2 0 1 287 473 704 1729
14261 4 2 0 1 976 941 1218 2641
14262 4 2 0 1 552 1694 279 2743
14263 4 2 0 1 385 386 1729 642
14264 4 2 0 1 289 287 1729 288
14265 4 2 0 1 289 1751 288 1729
14266 4 2 0 1 1751 2529 288 1729
14267 4 2 0 1 286 2529 1604 1729
14268 4 2 0 1 2835 1604 1729 440
14269 4 2 0 1 1618 1642 1623 1585
14270 4 2 0 1 1745 1477 1621 2679
14271 4 2 0 1 1618 344 1642 1585
14272 4 2 0 1 2289 1769 2608 1393
14273 4 2 0 1 2560 2271 2563 2290
14274 4 2 0 1 2257 2259 2263 1434
14275 4 2 0 1 1845 1941 2641 976
14276 4 2 0 1 2290 2260 1632 2271
14277 4 2 0 1 2259 2289 1434 2727
14278 4 2 0 1 2727 2241 1423 2242
14279 4 2 0 1 2291 2700 2608 1775
14280 4 2 0 1 740 1635 48 1629
14281 4 2 0 1 2142 2568 1640 2143
14282 4 2 0 1 1643 2172 2146 1640
14283 4 2 0 1 2172 2445 2443 2146
14284 4 2 0 1 89 311 1624 312
14285 4 2 0 1 2569 1402 1747 1640
14286 4 2 0 1 2172 2133 2445 2146
14287 4 2 0 1 1822 1981 1798 1823
14288 4 2 0 1 1422 1468 2228 1988
14289 4 2 0 1 2233 1653 2228 2571
14290 4 2 0 1 1865 1845 2333 2641
14291 4 2 0 1 1614 685 1980 17
14292 4 2 0 1 2327 2572 1418 1653
14293 4 2 0 1 1653 672 2572 301
14294 4 2 0 1 535 401 1609 1506
14295 4 2 0 1 1432 2262 2284 2286
14296 4 2 0 1 2262 1432 1445 2286
14297 4 2 0 1 1666 2783 1412 2206
14298 4 2 0 1 2029 2035 1516 2659
14299 4 2 0 1 1966 2339 1472 1901
14300 4 2 0 1 1567 481 270 2226
14301 4 2 0 1 1933 2344 2786 1918
14302 4 2 0 1 1519 2340 2667 2339
14303 4 2 0 1 1807 1674 2037 1808
14304 4 2 0 1 2358 1481 1724 2364
14305 4 2 0 1 2079 2698 2294 2585
14306 4 2 0 1 2577 2749 2773 2208
14307 4 2 0 1 203 588 436 1685
14308 4 2 0 1 373 1645 372 1685
14309 4 2 0 1 1980 1198 1370 1614
14310 4 2 0 1 1544 1536 2193 1543
14311 4 2 0 1 1408 2481 2479 2741
14312 4 2 0 1 2333 1845 1499 2641
14313 4 2 0 1 165 1704 166 1604
14314 4 2 0 1 166 165 1604 167
14315 4 2 0 1 2344 2786 2635 1471
14316 4 2 0 1 1901 1114 1324 1902
14317 4 2 0 1 2077 2080 2294 2697
14318 4 2 0 1 1609 1544 1610 1540
14319 4 2 0 1 1536 167 168 2472
14320 4 2 0 1 1536 167 2472 1604
14321 4 2 0 1 2077 2079 2294 2080
14322 4 2 0 1 440 1604 1729 285
14323 4 2 0 1 1471 2786 2635 2440
14324 4 2 0 1 1104 1859 1857 1812
14325 4 2 0 1 2068 1381 1431 2278
14326 4 2 0 1 1036 1199 1715 1370
14327 4 2 0 1 1329 1199 1715 1036
14328 4 2 0 1 1859 1834 1104 1857
14329 4 2 0 1 1857 1834 1715 1917
14330 4 2 0 1 1723 1724 1745 2361
14331 4 2 0 1 2217 1621 2680 2752
14332 4 2 0 1 2822 1618 357 2824
14333 4 2 0 1 1725 2804 1600 2822
14334 4 2 0 1 1745 1744 2361 1619
14335 4 2 0 1 2064 2060 2687 2681
14336 4 2 0 1 2795 2493 2073 1720
14337 4 2 0 1 1470 1933 1932 2801
14338 4 2 0 1 1737 1734 1557 624
14339 4 2 0 1 1440 1802 2303 1831
14340 4 2 0 1 1557 1737 391 356
14341 4 2 0 1 1802 1440 2303 2633
14342 4 2 0 1 564 1557 1613 708
14343 4 2 0 1 326 1600 1725 1622
14344 4 2 0 1 1600 326 1618 1622
14345 4 2 0 1 1684 1586 1493 1750
14346 4 2 0 1 71 2742 486 466
14347 4 2 0 1 441 299 1752 671
14348 4 2 0 1 299 1578 297 1752
14349 4 2 0 1 438 529 1752 504
14350 4 2 0 1 529 447 1752 504
14351 4 2 0 1 1758 46 1643 615
14352 4 2 0 1 243 555 1663 241
14353 4 2 0 1 75 467 1599 468
14354 4 2 0 1 467 75 1599 1758
14355 4 2 0 1 1394 698 469 592
14356 4 2 0 1 1714 1709 1710 1713
14357 4 2 0 1 1815 1803 1150 2634
14358 4 2 0 1 1471 1519 2635 2339
14359 4 2 0 1 947 1881 945 840
14360 4 2 0 1 1796 2031 2548 2049
14361 4 2 0 1 1519 1471 2635 2440
14362 4 2 0 1 2603 2544 2303 2302
14363 4 2 0 1 2603 2544 2302 2596
14364 4 2 0 1 1151 1981 1801 1296
14365 4 2 0 1 1991 1992 2303 2544
14366 4 2 0 1 1992 1991 2303 1831
14367 4 2 0 1 1805 1327 1274 1784
14368 4 2 0 1 2074 2654 1858 1447
14369 4 2 0 1 1959 1008 1009 1997
14370 4 2 0 1 2305 1582 1495 547
14371 4 2 0 1 1783 2550 1840 2549
14372 4 2 0 1 2021 999 2610 1055
14373 4 2 0 1 1518 2038 2665 2814
14374 4 2 0 1 1933 850 1026 2344
14375 4 2 0 1 1714 1715 1447 1860
14376 4 2 0 1 1932 1117 1366 2033
14377 4 2 0 1 2009 1931 1908 2801
14378 4 2 0 1 1806 1674 1470 2033
14379 4 2 0 1 1901 2344 2635 1471
14380 4 2 0 1 2344 851 847 1901
14381 4 2 0 1 2078 2301 2603 2696
14382 4 2 0 1 2645 1992 2668 2817
14383 4 2 0 1 1562 2751 1442 1419
14384 4 2 0 1 2295 1437 2256 2697
14385 4 2 0 1 2584 1683 2585 2000
14386 4 2 0 1 1798 800 2629 1110
14387 4 2 0 1 863 1830 1864 880
14388 4 2 0 1 795 1798 1115 801
14389 4 2 0 1 1826 1802 1801 1844
14390 4 2 0 1 2609 2606 2604 1768
14391 4 2 0 1 1166 1296 1106 1826
14392 4 2 0 1 797 1166 1106 1826
14393 4 2 0 1 1714 1713 1447 1715
14394 4 2 0 1 1321 1972 1893 1154
14395 4 2 0 1 1204 1778 1893 1203
14396 4 2 0 1 2074 2075 2278 1447
14397 4 2 0 1 2075 2074 1858 1447
14398 4 2 0 1 800 906 2629 1110
14399 4 2 0 1 2412 2411 2413 2415
14400 4 2 0 1 1464 970 968 971
14401 4 2 0 1 1866 807 1847 1799
14402 4 2 0 1 1924 807 1112 1800
14403 4 2 0 1 1128 1799 1139 1183
14404 4 2 0 1 947 1881 1273 1146
14405 4 2 0 1 809 1215 811 1820
14406 4 2 0 1 1122 1800 807 1799
14407 4 2 0 1 969 1072 2325 1799
14408 4 2 0 1 1825 1134 2629 906
14409 4 2 0 1 1607 1773 2670 2612
14410 4 2 0 1 1376 1028 1839 1088
14411 4 2 0 1 1856 1554 1855 1857
14412 4 2 0 1 856 1905 1077 1078
14413 4 2 0 1 1412 2783 2209 2206
14414 4 2 0 1 1990 1424 1989 1987
14415 4 2 0 1 1870 786 1888 1842
14416 4 2 0 1 1078 1905 1077 2663
14417 4 2 0 1 2412 2413 1627 2415
14418 4 2 0 1 1843 1130 1084 1975
14419 4 2 0 1 2603 1439 2602 2301
14420 4 2 0 1 1870 2808 1767 1871
14421 4 2 0 1 2728 2730 1779 2140
14422 4 2 0 1 2728 2084 2802 2600
14423 4 2 0 1 741 1990 1077 1987
14424 4 2 0 1 1309 788 787 1809
14425 4 2 0 1 1501 2317 2413 2415
14426 4 2 0 1 788 786 787 1870
14427 4 2 0 1 1809 1309 1780 2008
14428 4 2 0 1 953 1850 1849 1373
14429 4 2 0 1 1087 2036 1851 1265
14430 4 2 0 1 839 1883 835 1882
14431 4 2 0 1 1850 1983 953 1849
14432 4 2 0 1 1910 1228 1874 1873
14433 4 2 0 1 1898 2444 2443 1899
14434 4 2 0 1 1905 1993 1989 2663
14435 4 2 0 1 2004 1864 1878 1890
14436 4 2 0 1 862 861 1890 864
14437 4 2 0 1 1891 862 1890 864
14438 4 2 0 1 2768 1633 2318 2415
14439 4 2 0 1 847 1901 851 1324
14440 4 2 0 1 2411 1633 2768 2415
14441 4 2 0 1 1846 848 1210 1902
14442 4 2 0 1 1673 1471 2043 2343
14443 4 2 0 1 2346 1960 1963 2343
14444 4 2 0 1 848 845 847 1902
14445 4 2 0 1 848 1846 845 1902
14446 4 2 0 1 2295 2698 2078 2302
14447 4 2 0 1 2601 2297 2602 2604
14448 4 2 0 1 821 1831 791 2807
14449 4 2 0 1 1913 1809 2807 1768
14450 4 2 0 1 1831 1765 2303 2604
14451 4 2 0 1 1360 1078 1077 2663
14452 4 2 0 1 2544 2596 2817 2302
14453 4 2 0 1 1145 1819 1923 1243
14454 4 2 0 1 1819 1145 1923 2770
14455 4 2 0 1 2770 1933 1923 2341
14456 4 2 0 1 1819 1960 1923 1243
14457 4 2 0 1 1819 2341 1960 1473
14458 4 2 0 1 1488 2394 2775 2389
14459 4 2 0 1 1990 1360 741 1077
14460 4 2 0 1 1063 1974 1066 1973
14461 4 2 0 1 944 1835 1154 1893
14462 4 2 0 1 1932 2786 1470 2635
14463 4 2 0 1 1933 2786 1923 2341
14464 4 2 0 1 1085 1918 950 1932
14465 4 2 0 1 2622 2293 1958 2294
14466 4 2 0 1 2002 1939 2000 1940
14467 4 2 0 1 1939 2002 1829 1940
14468 4 2 0 1 2745 2783 2204 2209
14469 4 2 0 1 1829 2500 1790 2294
14470 4 2 0 1 815 1866 1193 1799
14471 4 2 0 1 1564 2004 2697 1957
14472 4 2 0 1 1010 1280 1007 1997
14473 4 2 0 1 1039 1171 1951 1014
14474 4 2 0 1 2658 1072 1193 1799
14475 4 2 0 1 896 1986 2006 1225
14476 4 2 0 1 2630 841 946 945
14477 4 2 0 1 2658 1799 1193 1866
14478 4 2 0 1 742 1819 743 1961
14479 4 2 0 1 25 742 1140 1961
14480 4 2 0 1 25 2457 742 1961
14481 4 2 0 1 642 386 1729 725
14482 4 2 0 1 742 1145 743 1819
14483 4 2 0 1 1318 772 1927 1154
14484 4 2 0 1 1928 1927 1929 1532
14485 4 2 0 1 1845 2658 2325 1377
14486 4 2 0 1 1982 1776 2414 2647
14487 4 2 0 1 1974 1067 1066 1328
14488 4 2 0 1 1889 1837 782 1934
14489 4 2 0 1 2221 2210 2205 2579
14490 4 2 0 1 1837 782 781 1833
14491 4 2 0 1 2813 2145 2323 1501
14492 4 2 0 1 2609 2607 2604 2601
14493 4 2 0 1 784 782 1888 1889
14494 4 2 0 1 2411 1633 2415 2414
14495 4 2 0 1 1776 1767 2769 2780
14496 4 2 0 1 2596 2638 2817 2302
14497 4 2 0 1 958 2013 1027 959
14498 4 2 0 1 2658 1799 1866 1847
14499 4 2 0 1 2658 1799 1847 2325
14500 4 2 0 1 2593 2013 1773 2668
14501 4 2 0 1 1978 1952 2670 2669
14502 4 2 0 1 2336 1845 2325 1915
14503 4 2 0 1 1782 2499 2032 2003
14504 4 2 0 1 1845 2336 2325 2658
14505 4 2 0 1 1767 1467 2780 2334
14506 4 2 0 1 1877 2548 2628 1732
14507 4 2 0 1 964 1162 1877 1236
14508 4 2 0 1 1881 841 945 840
14509 4 2 0 1 948 2628 1825 1828
14510 4 2 0 1 1204 1778 2011 1836
14511 4 2 0 1 906 1134 2629 1110
14512 4 2 0 1 1837 1204 2011 1836
14513 4 2 0 1 903 1091 1311 2020
14514 4 2 0 1 2019 903 1311 2020
14515 4 2 0 1 1776 1767 2780 2334
14516 4 2 0 1 1202 1221 901 1969
14517 4 2 0 1 803 906 2629 800
14518 4 2 0 1 1277 1118 2827 902
14519 4 2 0 1 1955 1817 1813 1148
14520 4 2 0 1 1717 2026 1718 2027
14521 4 2 0 1 1717 1686 2026 2027
14522 4 2 0 1 2026 2029 2659 2035
14523 4 2 0 1 2660 1872 2659 1851
14524 4 2 0 1 2436 2434 1516 2029
14525 4 2 0 1 2441 2036 2029 2659
14526 4 2 0 1 1516 2441 2659 1983
14527 4 2 0 1 2660 1718 2026 2659
14528 4 2 0 1 2437 1875 2035 2027
14529 4 2 0 1 2036 2660 2659 1851
14530 4 2 0 1 1731 2691 2573 1659
14531 4 2 0 1 2623 1214 1790 2583
14532 4 2 0 1 2742 71 629 466
14533 4 2 0 1 2573 2796 2068 2279
14534 4 2 0 1 2044 2046 1659 2573
14535 4 2 0 1 2499 2648 2501 1853
14536 4 2 0 1 1564 1904 1957 2256
14537 4 2 0 1 858 1144 1862 860
14538 4 2 0 1 2796 2622 1853 2280
14539 4 2 0 1 2574 1435 1681 1948
14540 4 2 0 1 1817 1955 864 1148
14541 4 2 0 1 2063 2581 2054 1575
14542 4 2 0 1 1384 2063 2054 2094
14543 4 2 0 1 2485 2507 1558 536
14544 4 2 0 1 1148 1294 1813 1097
14545 4 2 0 1 471 45 615 1643
14546 4 2 0 1 2054 2064 2063 1384
14547 4 2 0 1 1798 800 802 2629
14548 4 2 0 1 863 880 1864 1185
14549 4 2 0 1 800 803 802 2629
14550 4 2 0 1 1167 1261 1055 1716
14551 4 2 0 1 1373 953 1044 1849
14552 4 2 0 1 1750 355 516 433
14553 4 2 0 1 496 420 1657 362
14554 4 2 0 1 1685 1684 2752 2823
14555 4 2 0 1 1382 2083 2076 2086
14556 4 2 0 1 2072 2278 1860 1447
14557 4 2 0 1 1381 2278 2074 1431
14558 4 2 0 1 1859 1812 2082 1554
14559 4 2 0 1 1858 2086 2652 2075
14560 4 2 0 1 2276 2275 2760 2277
14561 4 2 0 1 2749 1412 2200 2745
14562 4 2 0 1 1849 953 1044 954
14563 4 2 0 1 2709 1497 2158 2685
14564 4 2 0 1 1161 1849 1044 954
14565 4 2 0 1 2714 2311 2153 2272
14566 4 2 0 1 2135 1392 2176 2136
14567 4 2 0 1 1708 377 421 1677
14568 4 2 0 1 2740 2420 2191 2106
14569 4 2 0 1 2352 1450 2270 1445
14570 4 2 0 1 2266 1553 2268 2714
14571 4 2 0 1 1134 1155 2629 1110
14572 4 2 0 1 2496 2507 1388 2722
14573 4 2 0 1 2806 2591 2721 2592
14574 4 2 0 1 2708 2378 1507 2409
14575 4 2 0 1 2551 146 2097 2723
14576 4 2 0 1 2507 2098 2589 2722
14577 4 2 0 1 1901 1114 1966 1033
14578 4 2 0 1 1428 2153 2714 2703
14579 4 2 0 1 2715 2267 2188 2108
14580 4 2 0 1 2471 2495 1549 2497
14581 4 2 0 1 1408 2193 2470 2197
14582 4 2 0 1 150 2723 2497 1549
14583 4 2 0 1 2115 2495 2114 2197
14584 4 2 0 1 1703 707 604 85
14585 4 2 0 1 2167 2186 2187 2189
14586 4 2 0 1 1626 2185 2186 2183
14587 4 2 0 1 1033 2339 1260 1966
14588 4 2 0 1 2124 2128 2127 2705
14589 4 2 0 1 2183 1406 1626 1405
14590 4 2 0 1 1391 1627 1518 2445
14591 4 2 0 1 1707 2226 1691 480
14592 4 2 0 1 1627 2557 1518 2555
14593 4 2 0 1 1789 1786 2621 1523
14594 4 2 0 1 2442 2555 1518 1929
14595 4 2 0 1 1628 2661 1930 1910
14596 4 2 0 1 2748 429 428 637
14597 4 2 0 1 2642 2138 2242 2639
14598 4 2 0 1 2244 2245 1499 2337
14599 4 2 0 1 1676 637 194 560
14600 4 2 0 1 2296 2299 2242 2642
14601 4 2 0 1 2243 2758 1423 1998
14602 4 2 0 1 2243 2296 2247 2242
14603 4 2 0 1 2184 2183 1631 1405
14604 4 2 0 1 2317 1501 2413 2323
14605 4 2 0 1 2144 2145 2731 2323
14606 4 2 0 1 2452 1524 2621 2762
14607 4 2 0 1 1161 1849 1882 1044
14608 4 2 0 1 1513 2172 2171 1391
14609 4 2 0 1 2789 2481 2196 2474
14610 4 2 0 1 1980 2107 1386 2713
14611 4 2 0 1 2701 1538 2356 2352
14612 4 2 0 1 2105 2806 1386 2312
14613 4 2 0 1 2311 2314 2315 1614
14614 4 2 0 1 2718 2375 2378 2421
14615 4 2 0 1 2821 1399 2160 2735
14616 4 2 0 1 2316 2093 2762 1524
14617 4 2 0 1 2344 1138 2343 846
14618 4 2 0 1 2164 136 439 402
14619 4 2 0 1 847 845 2343 1902
14620 4 2 0 1 533 610 2164 439
14621 4 2 0 1 1649 628 626 1650
14622 4 2 0 1 847 845 846 2343
14623 4 2 0 1 236 628 711 1648
14624 4 2 0 1 1526 1568 2169 2736
14625 4 2 0 1 232 1612 1648 236
14626 4 2 0 1 844 845 2343 846
14627 4 2 0 1 2736 1400 2166 2186
14628 4 2 0 1 1746 1649 1504 1648
14629 4 2 0 1 2569 1402 1640 2568
14630 4 2 0 1 2535 1498 2536 2816
14631 4 2 0 1 2058 1497 2709 2685
14632 4 2 0 1 511 2748 602 428
14633 4 2 0 1 2404 2376 2408 2407
14634 4 2 0 1 117 1510 2431 1511
14635 4 2 0 1 2156 1383 2148 1397
14636 4 2 0 1 1551 1603 1604 2470
14637 4 2 0 1 2197 2720 2480 2114
14638 4 2 0 1 2195 280 2743 2475
14639 4 2 0 1 390 284 1604 2743
14640 4 2 0 1 2471 1603 1551 2470
14641 4 2 0 1 2392 1560 2199 1667
14642 4 2 0 1 2370 2368 2366 2524
14643 4 2 0 1 2450 854 2788 1947
14644 4 2 0 1 1692 1672 1625 1411
14645 4 2 0 1 1479 2210 2200 2218
14646 4 2 0 1 2709 2058 2406 2099
14647 4 2 0 1 2079 1534 2614 2612
14648 4 2 0 1 2218 1479 2056 2216
14649 4 2 0 1 2219 2223 1417 2754
14650 4 2 0 1 1380 2062 2682 2683
14651 4 2 0 1 1566 1755 1613 1669
14652 4 2 0 1 2056 2218 1756 2359
14653 4 2 0 1 2682 2353 2679 2677
14654 4 2 0 1 2357 1476 1756 1480
14655 4 2 0 1 2795 2509 2285 2225
14656 4 2 0 1 2509 2795 2755 2225
14657 4 2 0 1 67 2514 1421 2234
14658 4 2 0 1 650 1596 2234 442
14659 4 2 0 1 1596 650 2234 2514
14660 4 2 0 1 67 650 2234 442
14661 4 2 0 1 650 67 2234 2514
14662 4 2 0 1 1534 2466 2614 2612
14663 4 2 0 1 2337 2245 1499 1845
14664 4 2 0 1 2185 1500 2133 1631
14665 4 2 0 1 2166 1400 2165 2090
14666 4 2 0 1 2768 1633 2780 2640
14667 4 2 0 1 1189 941 2641 1218
14668 4 2 0 1 1983 2340 2667 1516
14669 4 2 0 1 2632 1889 2657 2335
14670 4 2 0 1 2469 2818 2466 2463
14671 4 2 0 1 2089 2093 1428 2187
14672 4 2 0 1 1564 1904 2256 2249
14673 4 2 0 1 1596 2514 2251 2513
14674 4 2 0 1 2250 2285 2254 2513
14675 4 2 0 1 2466 1534 2614 2461
14676 4 2 0 1 1469 1925 1811 1937
14677 4 2 0 1 2693 1433 1426 1387
14678 4 2 0 1 1900 1056 1297 1080
14679 4 2 0 1 1459 2121 1461 2120
14680 4 2 0 1 2110 2109 2188 2108
14681 4 2 0 1 2269 2260 2761 2290
14682 4 2 0 1 2265 2266 2268 2714
14683 4 2 0 1 538 1672 667 1625
14684 4 2 0 1 2159 1456 2314 1522
14685 4 2 0 1 2149 498 2798 2799
14686 4 2 0 1 2089 2093 2272 1428
14687 4 2 0 1 1787 2089 2093 2272
14688 4 2 0 1 995 1973 1217 1242
14689 4 2 0 1 2119 2183 1406 2705
14690 4 2 0 1 2045 2044 1659 2573
14691 4 2 0 1 2066 2690 2249 2656
14692 4 2 0 1 2690 1564 2249 2656
14693 4 2 0 1 2249 1430 2248 2690
14694 4 2 0 1 2284 1431 1430 2067
14695 4 2 0 1 2137 1393 2141 1632
14696 4 2 0 1 2291 2263 2288 2290
14697 4 2 0 1 211 214 1595 213
14698 4 2 0 1 2284 2070 2286 2695
14699 4 2 0 1 1692 1700 1411 2782
14700 4 2 0 1 1667 2392 2390 2523
14701 4 2 0 1 2727 1393 2289 1434
14702 4 2 0 1 2642 2299 2298 1861
14703 4 2 0 1 2601 2763 2604 2606
14704 4 2 0 1 2607 2603 2604 2602
14705 4 2 0 1 2603 1439 2301 2303
14706 4 2 0 1 2185 2706 2186 2183
14707 4 2 0 1 311 1594 1624 312
14708 4 2 0 1 1296 1826 1844 1106
14709 4 2 0 1 1809 788 1913 2807
14710 4 2 0 1 1764 1814 2633 2303
14711 4 2 0 1 1660 1125 978 979
14712 4 2 0 1 748 1660 978 979
14713 4 2 0 1 2311 2266 2274 2453
14714 4 2 0 1 1857 1859 2653 1858
14715 4 2 0 1 790 1843 1084 1842
14716 4 2 0 1 1125 1147 1660 978
14717 4 2 0 1 1453 1614 2311 2315
14718 4 2 0 1 740 2321 1319 1159
14719 4 2 0 1 2318 2768 2415 1463
14720 4 2 0 1 2414 2412 1792 2415
14721 4 2 0 1 1466 1626 2756 2318
14722 4 2 0 1 2756 1466 2318 2244
14723 4 2 0 1 86 1703 604 85
14724 4 2 0 1 1426 1422 2231 2228
14725 4 2 0 1 2410 2186 2185 2736
14726 4 2 0 1 2111 2179 2134 2112
14727 4 2 0 1 1426 1387 2227 2231
14728 4 2 0 1 2326 2229 1461 2231
14729 4 2 0 1 1901 1362 1033 1135
14730 4 2 0 1 1684 460 483 132
14731 4 2 0 1 876 2644 1818 2641
14732 4 2 0 1 1625 537 538 1692
14733 4 2 0 1 1423 2243 2247 2242
14734 4 2 0 1 1739 539 622 200
14735 4 2 0 1 2346 2786 1471 2341
14736 4 2 0 1 2345 845 2343 844
14737 4 2 0 1 1033 2339 1966 1901
14738 4 2 0 1 2682 2683 2057 2096
14739 4 2 0 1 1620 329 2673 340
14740 4 2 0 1 2803 1622 1623 2673
14741 4 2 0 1 564 1557 391 360
14742 4 2 0 1 2124 2128 2705 2090
14743 4 2 0 1 1623 2580 2673 1677
14744 4 2 0 1 2753 2749 2200 1414
14745 4 2 0 1 1414 1476 1756 2357
14746 4 2 0 1 1739 1692 622 539
14747 4 2 0 1 2202 2215 1420 2773
14748 4 2 0 1 2753 2749 1414 2773
14749 4 2 0 1 1093 2662 967 1319
14750 4 2 0 1 2741 2711 2106 2713
14751 4 2 0 1 1810 1768 1809 2609
14752 4 2 0 1 1810 1768 2609 2604
14753 4 2 0 1 418 2482 412 2719
14754 4 2 0 1 2196 2118 2478 1508
14755 4 2 0 1 1507 2378 2722 2486
14756 4 2 0 1 100 135 1637 2367
14757 4 2 0 1 135 100 412 2367
14758 4 2 0 1 2378 2116 2103 2722
14759 4 2 0 1 1913 1831 1914 2300
14760 4 2 0 1 2392 2778 2395 2777
14761 4 2 0 1 2770 2535 2341 2536
14762 4 2 0 1 520 1738 569 1547
14763 4 2 0 1 2423 2342 2458 2397
14764 4 2 0 1 2776 2458 2382 1489
14765 4 2 0 1 2105 2103 1508 2479
14766 4 2 0 1 2387 1525 1473 2397
14767 4 2 0 1 2391 2383 2385 2399
14768 4 2 0 1 1450 2310 1721 2351
14769 4 2 0 1 2352 1450 2351 2356
14770 4 2 0 1 2105 2103 1458 1508
14771 4 2 0 1 2391 2456 2393 1560
14772 4 2 0 1 1667 95 1560 2199
14773 4 2 0 1 2181 2746 2739 2211
14774 4 2 0 1 2092 2702 2088 2136
14775 4 2 0 1 2402 2162 2211 2684
14776 4 2 0 1 2404 1486 2380 2405
14777 4 2 0 1 134 2432 1511 2431
14778 4 2 0 1 2105 2192 1386 2721
14779 4 2 0 1 821 2594 1237 1142
14780 4 2 0 1 2736 1568 2185 2424
14781 4 2 0 1 2410 2736 2185 2424
14782 4 2 0 1 1391 2785 1518 2424
14783 4 2 0 1 821 1810 2594 1991
14784 4 2 0 1 1964 1960 1186 1963
14785 4 2 0 1 1963 2417 1502 2416
14786 4 2 0 1 2454 2456 1961 1965
14787 4 2 0 1 1962 1964 1186 1963
14788 4 2 0 1 2214 2212 2686 2403
14789 4 2 0 1 2305 2306 2744 2307
14790 4 2 0 1 2307 2427 2538 2306
14791 4 2 0 1 2426 1591 2307 2538
14792 4 2 0 1 172 2305 2307 1441
14793 4 2 0 1 2721 2105 2479 2103
14794 4 2 0 1 2436 1832 1212 2441
14795 4 2 0 1 1062 2340 2339 2667
14796 4 2 0 1 771 1807 1928 2667
14797 4 2 0 1 1807 771 2037 2667
14798 4 2 0 1 381 1487 499 648
14799 4 2 0 1 2037 1519 2038 2667
14800 4 2 0 1 1142 821 2594 1991
14801 4 2 0 1 2441 1071 974 1880
14802 4 2 0 1 1658 1168 1359 10
14803 4 2 0 1 2667 770 767 1874
14804 4 2 0 1 524 81 659 1528
14805 4 2 0 1 761 762 763 1880
14806 4 2 0 1 452 1571 1541 230
14807 4 2 0 1 1519 2671 2436 2340
14808 4 2 0 1 559 1612 528 237
14809 4 2 0 1 2437 1513 2785 2435
14810 4 2 0 1 9 2836 10 567
14811 4 2 0 1 757 1832 758 759
14812 4 2 0 1 1983 2340 767 2667
14813 4 2 0 1 2733 1399 1397 2160
14814 4 2 0 1 854 2447 1173 2788
14815 4 2 0 1 1187 1952 1142 1978
14816 4 2 0 1 2712 2420 2106 2312
14817 4 2 0 1 2725 2130 1397 2148
14818 4 2 0 1 2198 2793 2789 2473
14819 4 2 0 1 2391 2456 1525 2393
14820 4 2 0 1 2316 2737 2093 1524
14821 4 2 0 1 854 1248 1946 1089
14822 4 2 0 1 2456 2454 1525 2393
14823 4 2 0 1 1540 2473 2777 2474
14824 4 2 0 1 2454 2396 1525 2393
14825 4 2 0 1 2393 2394 2391 2390
14826 4 2 0 1 1716 2465 2469 2466
14827 4 2 0 1 2789 2193 2474 2473
14828 4 2 0 1 1607 1716 2469 2466
14829 4 2 0 1 2465 2466 2468 2463
14830 4 2 0 1 2464 2467 2468 2463
14831 4 2 0 1 2496 2485 1733 500
14832 4 2 0 1 2098 2507 2485 2722
14833 4 2 0 1 1658 11 1168 10
14834 4 2 0 1 1540 401 224 532
14835 4 2 0 1 676 1658 10 11
14836 4 2 0 1 2367 2523 2196 2474
14837 4 2 0 1 2473 2789 2777 2474
14838 4 2 0 1 1544 1542 2193 2474
14839 4 2 0 1 2360 1480 2350 2359
14840 4 2 0 1 2795 2281 1443 1720
14841 4 2 0 1 2073 2287 1445 1475
14842 4 2 0 1 464 333 336 1585
14843 4 2 0 1 1928 1909 1927 772
14844 4 2 0 1 234 1612 237 528
14845 4 2 0 1 1848 2623 884 2003
14846 4 2 0 1 2534 2814 2034 2533
14847 4 2 0 1 1533 1852 1853 2650
14848 4 2 0 1 1853 2462 1569 2648
14849 4 2 0 1 2469 2465 2467 2463
14850 4 2 0 1 2649 2796 1853 2650
14851 4 2 0 1 2280 1533 1853 2650
14852 4 2 0 1 2199 93 95 1560
14853 4 2 0 1 1624 311 697 526
14854 4 2 0 1 1924 1634 1833 2631
14855 4 2 0 1 2371 2367 103 2524
14856 4 2 0 1 1452 1721 2310 2351
14857 4 2 0 1 1950 2627 1795 1997
14858 4 2 0 1 1017 2517 1959 2518
14859 4 2 0 1 2467 2465 1997 2468
14860 4 2 0 1 1019 1017 2518 1109
14861 4 2 0 1 2625 2812 2619 2140
14862 4 2 0 1 1780 1237 2594 1978
14863 4 2 0 1 1571 2386 1541 230
14864 4 2 0 1 2796 2622 2280 2279
14865 4 2 0 1 2501 2796 1853 2649
14866 4 2 0 1 1750 1677 433 2051
14867 4 2 0 1 517 2050 1750 2051
14868 4 2 0 1 517 433 701 2051
14869 4 2 0 1 1525 1521 2775 2455
14870 4 2 0 1 1589 2815 1518 2814
14871 4 2 0 1 2093 1527 2165 2737
14872 4 2 0 1 2810 2536 2459 2532
14873 4 2 0 1 2816 1641 2424 1526
14874 4 2 0 1 1439 1440 2303 2604
14875 4 2 0 1 2596 2603 2595 1775
14876 4 2 0 1 1554 2075 2283 2086
14877 4 2 0 1 1711 2086 1382 2652
14878 4 2 0 1 1774 2077 2597 1382
14879 4 2 0 1 2764 2289 2696 1597
14880 4 2 0 1 2083 1711 2277 2086
14881 4 2 0 1 2291 1382 1711 2597
14882 4 2 0 1 1910 1909 1514 1874
14883 4 2 0 1 1841 1783 2549 1970
14884 4 2 0 1 1072 969 1192 1799
14885 4 2 0 1 2050 1586 1750 1493
14886 4 2 0 1 324 326 325 1600
14887 4 2 0 1 2818 2464 2466 2463
14888 4 2 0 1 2452 2618 2812 2140
14889 4 2 0 1 2637 2815 2814 2636
14890 4 2 0 1 1475 1417 2754 2202
14891 4 2 0 1 2534 2814 2533 2666
14892 4 2 0 1 2093 1527 1457 2165
14893 4 2 0 1 1791 1827 1838 1836
14894 4 2 0 1 2619 2532 2811 2810
14895 4 2 0 1 2728 2729 2140 2452
14896 4 2 0 1 2581 1620 2063 2673
14897 4 2 0 1 1766 1777 2605 2808
14898 4 2 0 1 2567 2414 2565 2564
14899 4 2 0 1 1750 2580 1493 2803
14900 4 2 0 1 2619 2811 2532 2533
14901 4 2 0 1 2811 1933 2801 994
14902 4 2 0 1 2093 1527 2316 1457
14903 4 2 0 1 1792 2566 2565 2414
14904 4 2 0 1 1695 2790 2713 21
14905 4 2 0 1 1682 1227 1948 1862
14906 4 2 0 1 2707 1390 2127 2132
14907 4 2 0 1 1530 2512 1680 2292
14908 4 2 0 1 2280 2293 2279 2622
14909 4 2 0 1 1949 2583 1227 1948
14910 4 2 0 1 2235 2688 1425 2254
14911 4 2 0 1 1676 637 560 561
14912 4 2 0 1 2284 1430 2693 2689
14913 4 2 0 1 2582 2509 2512 2254
14914 4 2 0 1 2442 1513 1899 2435
14915 4 2 0 1 903 2006 1226 1225
14916 4 2 0 1 1695 64 2790 21
14917 4 2 0 1 1180 896 1225 1986
14918 4 2 0 1 1986 2516 2515 2518
14919 4 2 0 1 1452 2310 1721 1448
14920 4 2 0 1 1466 2237 2757 2756
14921 4 2 0 1 2291 1711 2700 2597
14922 4 2 0 1 2084 2137 2608 2605
14923 4 2 0 1 2260 2257 1632 2113
14924 4 2 0 1 2093 2189 2167 2187
14925 4 2 0 1 1393 1769 2608 2137
14926 4 2 0 1 2084 1772 2700 2563
14927 4 2 0 1 1922 1843 1975 1976
14928 4 2 0 1 1870 1888 1871 1767
14929 4 2 0 1 1767 1888 1871 1934
14930 4 2 0 1 1767 1922 1842 1887
14931 4 2 0 1 1843 1887 1842 1922
14932 4 2 0 1 2275 1523 2503 1789
14933 4 2 0 1 1112 1800 807 1122
14934 4 2 0 1 1615 1785 1288 1968
14935 4 2 0 1 2453 1523 2275 1789
14936 4 2 0 1 2075 2651 1382 2652
14937 4 2 0 1 1010 1812 1854 2468
14938 4 2 0 1 1681 746 1346 1227
14939 4 2 0 1 2283 2076 1382 2614
14940 4 2 0 1 1848 2623 2499 2501
14941 4 2 0 1 1010 1812 1855 1854
14942 4 2 0 1 1548 489 153 1550
14943 4 2 0 1 2725 2165 2156 1527
14944 4 2 0 1 1943 2301 1439 2303
14945 4 2 0 1 1861 1977 1920 1439
14946 4 2 0 1 1806 1318 2037 1808
14947 4 2 0 1 561 378 560 1676
14948 4 2 0 1 2331 2763 2601 2606
14949 4 2 0 1 876 1865 2644 2641
14950 4 2 0 1 2296 2139 2242 2299
14951 4 2 0 1 2797 2129 2149 2724
14952 4 2 0 1 2283 1533 1856 2461
14953 4 2 0 1 1812 2468 2461 1854
14954 4 2 0 1 679 2472 1604 1611
14955 4 2 0 1 1533 1855 2461 1854
14956 4 2 0 1 2569 1758 1640 615
14957 4 2 0 1 194 511 637 2748
14958 4 2 0 1 419 614 1692 659
14959 4 2 0 1 1216 1151 1803 1801
14960 4 2 0 1 81 524 719 1528
14961 4 2 0 1 2639 2298 1818 2642
14962 4 2 0 1 2299 2297 2298 1861
14963 4 2 0 1 2142 2143 1640 1758
14964 4 2 0 1 1943 1814 2302 2303
14965 4 2 0 1 305 2497 465 577
14966 4 2 0 1 31 2416 32 85
14967 4 2 0 1 1675 2416 32 31
14968 4 2 0 1 2172 2445 1513 2443
14969 4 2 0 1 1655 1760 1741 2723
14970 4 2 0 1 1952 2013 1027 2668
14971 4 2 0 1 2781 1964 2542 1963
14972 4 2 0 1 1952 1142 1027 959
14973 4 2 0 1 1825 1839 2629 1229
14974 4 2 0 1 2137 2084 1777 2605
14975 4 2 0 1 487 199 140 1558
14976 4 2 0 1 141 143 145 2552
14977 4 2 0 1 2494 2495 1741 2497
14978 4 2 0 1 304 1584 1558 2379
14979 4 2 0 1 1445 1721 1450 1553
14980 4 2 0 1 1776 2808 2567 1871
14981 4 2 0 1 138 139 140 2687
14982 4 2 0 1 2701 2702 2356 1538
14983 4 2 0 1 2065 2355 1452 2310
14984 4 2 0 1 1779 2730 2600 1469
14985 4 2 0 1 2763 1767 1842 2606
14986 4 2 0 1 2221 2210 2200 2205
14987 4 2 0 1 2640 2338 2141 2334
14988 4 2 0 1 2177 1509 2181 1407
14989 4 2 0 1 2428 2427 1407 2739
14990 4 2 0 1 2820 2761 1429 2261
14991 4 2 0 1 2267 2271 2260 2264
14992 4 2 0 1 2269 2260 2290 2271
14993 4 2 0 1 2557 1627 1391 2133
14994 4 2 0 1 1952 1607 2013 1773
14995 4 2 0 1 2820 2819 2761 2261
14996 4 2 0 1 2385 1492 2476 2382
14997 4 2 0 1 2286 1712 1444 1721
14998 4 2 0 1 1597 1430 2261 2819
14999 4 2 0 1 2694 2108 2270 2071
15000 4 2 0 1 2788 2787 1946 2447
15001 4 2 0 1 2728 2730 2140 1777
15002 4 2 0 1 2728 2802 1779 2600
15003 4 2 0 1 2328 2238 2767 2757
15004 4 2 0 1 1632 1434 2257 2263
15005 4 2 0 1 2094 1743 2506 2590
15006 4 2 0 1 1388 2494 2115 2721
15007 4 2 0 1 786 788 790 1842
15008 4 2 0 1 2409 2100 1497 2709
15009 4 2 0 1 2409 2100 2709 2708
15010 4 2 0 1 268 2102 2592 613
15011 4 2 0 1 672 2572 301 307
15012 4 2 0 1 2119 1406 1405 2120
15013 4 2 0 1 2119 1406 2120 2124
15014 4 2 0 1 2229 1459 1461 2134
15015 4 2 0 1 1605 1656 261 647
15016 4 2 0 1 1392 1459 2134 2120
15017 4 2 0 1 1389 2125 1392 2122
15018 4 2 0 1 2125 1389 1392 2119
15019 4 2 0 1 2122 1415 1537 2541
15020 4 2 0 1 2449 2448 1522 2788
15021 4 2 0 1 2787 2448 2788 1522
15022 4 2 0 1 1624 2456 2542 2399
15023 4 2 0 1 1652 2471 2114 1548
15024 4 2 0 1 1741 2101 2494 1742
15025 4 2 0 1 2723 2117 2097 2494
15026 4 2 0 1 2329 1632 2188 2562
15027 4 2 0 1 2137 2084 2562 1777
15028 4 2 0 1 2329 1626 2330 2188
15029 4 2 0 1 89 312 2542 87
15030 4 2 0 1 89 1624 1602 2542
15031 4 2 0 1 312 2418 2542 87
15032 4 2 0 1 2620 2800 2811 2619
15033 4 2 0 1 2410 1500 2330 1792
15034 4 2 0 1 88 2417 1703 86
15035 4 2 0 1 1627 2557 1391 1518
15036 4 2 0 1 1396 1399 1397 2132
15037 4 2 0 1 2705 2087 2090 2187
15038 4 2 0 1 2371 2118 1508 2718
15039 4 2 0 1 661 104 2719 418
15040 4 2 0 1 629 2190 71 2742
15041 4 2 0 1 2197 2720 2114 2115
15042 4 2 0 1 2419 2155 1484 2522
15043 4 2 0 1 2420 2105 1508 2191
15044 4 2 0 1 2740 2191 2196 2711
15045 4 2 0 1 2793 1408 1695 2741
15046 4 2 0 1 2793 1695 1408 2195
15047 4 2 0 1 2185 2557 1391 2133
15048 4 2 0 1 2306 2182 2212 2744
15049 4 2 0 1 2306 2182 2744 2427
15050 4 2 0 1 2306 2204 2214 2750
15051 4 2 0 1 2306 2783 2204 2750
15052 4 2 0 1 2204 2745 2214 2750
15053 4 2 0 1 2783 2745 2204 2750
15054 4 2 0 1 1314 1023 2016 1375
15055 4 2 0 1 870 1255 1926 1921
15056 4 2 0 1 1944 752 2016 1231
15057 4 2 0 1 2758 2023 2757 1998
15058 4 2 0 1 110 2487 2372 107
15059 4 2 0 1 2639 2241 2338 2242
15060 4 2 0 1 2639 2243 1818 1998
15061 4 2 0 1 821 2807 791 1165
15062 4 2 0 1 2297 1769 2602 2299
15063 4 2 0 1 2487 1546 530 2486
15064 4 2 0 1 2297 2299 2602 1439
15065 4 2 0 1 2299 1769 2602 2304
15066 4 2 0 1 782 1888 785 784
15067 4 2 0 1 2185 2143 1391 2568
15068 4 2 0 1 2150 111 402 688
15069 4 2 0 1 2087 2124 2705 2090
15070 4 2 0 1 1776 1767 1871 1934
15071 4 2 0 1 2748 2208 1483 2362
15072 4 2 0 1 1416 2754 1417 2201
15073 4 2 0 1 1500 2317 2415 1627
15074 4 2 0 1 2137 2808 2334 2601
15075 4 2 0 1 2093 2166 2165 2090
15076 4 2 0 1 1021 2462 1195 1019
15077 4 2 0 1 2564 1776 2808 2567
15078 4 2 0 1 1508 2481 2191 2479
15079 4 2 0 1 2800 2730 2626 2624
15080 4 2 0 1 852 836 1897 853
15081 4 2 0 1 1290 1092 1995 1897
15082 4 2 0 1 837 836 1881 1897
15083 4 2 0 1 852 1092 853 1897
15084 4 2 0 1 1093 1092 1897 1995
15085 4 2 0 1 1615 2616 1772 1785
15086 4 2 0 1 190 191 195 2586
15087 4 2 0 1 480 270 1691 195
15088 4 2 0 1 2378 2718 2722 2486
15089 4 2 0 1 2116 1508 2103 2479
15090 4 2 0 1 2489 2349 2771 2350
15091 4 2 0 1 579 364 464 1585
15092 4 2 0 1 1454 1497 2685 2158
15093 4 2 0 1 1618 2803 1623 1642
15094 4 2 0 1 376 1585 579 534
15095 4 2 0 1 1642 2803 1750 1684
15096 4 2 0 1 2038 1674 2814 2636
15097 4 2 0 1 2620 1938 2801 2800
15098 4 2 0 1 2620 2800 2801 2811
15099 4 2 0 1 1933 2535 2770 2811
15100 4 2 0 1 2625 1589 2532 1641
15101 4 2 0 1 2776 2458 1489 2168
15102 4 2 0 1 2770 2810 2811 2536
15103 4 2 0 1 2535 2770 2811 2536
15104 4 2 0 1 1235 2649 2691 731
15105 4 2 0 1 2273 2276 2268 2652
15106 4 2 0 1 2074 2651 2282 2075
15107 4 2 0 1 2425 2423 2458 2397
15108 4 2 0 1 2699 2068 1431 2282
15109 4 2 0 1 2396 2394 2775 1525
15110 4 2 0 1 1724 1476 1745 2361
15111 4 2 0 1 7 1658 739 1304
15112 4 2 0 1 2023 1998 54 2767
15113 4 2 0 1 2023 1052 54 1998
15114 4 2 0 1 2491 2489 1730 1547
15115 4 2 0 1 1962 27 26 65
15116 4 2 0 1 318 2491 317 362
15117 4 2 0 1 318 2491 362 502
15118 4 2 0 1 2491 320 502 318
15119 4 2 0 1 1962 497 27 65
15120 4 2 0 1 320 2772 319 318
15121 4 2 0 1 1476 1724 1481 2361
15122 4 2 0 1 1621 2680 2361 1745
15123 4 2 0 1 1819 2341 1473 2770
15124 4 2 0 1 774 1874 1909 1910
15125 4 2 0 1 1476 2680 1745 2361
15126 4 2 0 1 76 2018 541 2
15127 4 2 0 1 2680 1476 1481 2361
15128 4 2 0 1 2368 2523 2366 2367
15129 4 2 0 1 193 2520 210 192
15130 4 2 0 1 76 2018 2 3
15131 4 2 0 1 557 2018 3 2512
15132 4 2 0 1 2542 88 1703 1602
15133 4 2 0 1 1577 1611 169 193
15134 4 2 0 1 2472 169 1577 1611
15135 4 2 0 1 88 2417 86 87
15136 4 2 0 1 86 2417 83 87
15137 4 2 0 1 333 332 336 1585
15138 4 2 0 1 1819 2781 1525 1473
15139 4 2 0 1 2770 1819 1525 1473
15140 4 2 0 1 1773 2638 2596 2612
15141 4 2 0 1 1773 2638 2612 2584
15142 4 2 0 1 1683 1763 2646 2000
15143 4 2 0 1 1683 1763 2000 2584
15144 4 2 0 1 88 2417 87 2542
15145 4 2 0 1 101 103 2524 389
15146 4 2 0 1 2483 2374 109 2484
15147 4 2 0 1 2483 652 109 2374
15148 4 2 0 1 112 111 2484 109
15149 4 2 0 1 111 2374 108 2150
15150 4 2 0 1 2212 1593 2429 2686
15151 4 2 0 1 1365 1994 1306 55
15152 4 2 0 1 370 57 1421 2047
15153 4 2 0 1 1021 1195 2462 2648
15154 4 2 0 1 1561 128 1495 2400
15155 4 2 0 1 2400 1493 1586 2050
15156 4 2 0 1 2050 458 696 598
15157 4 2 0 1 1488 2394 2381 2382
15158 4 2 0 1 2833 1131 930 1797
15159 4 2 0 1 2196 2118 1508 2371
15160 4 2 0 1 916 1197 1051 1969
15161 4 2 0 1 1495 2751 1562 1561
15162 4 2 0 1 1819 2781 1473 1960
15163 4 2 0 1 2255 2511 1563 2512
15164 4 2 0 1 1613 1735 1722 72
15165 4 2 0 1 2781 1525 1473 2387
15166 4 2 0 1 2630 841 945 1881
15167 4 2 0 1 2778 2454 2457 1965
15168 4 2 0 1 2778 2454 1965 2393
15169 4 2 0 1 2778 2454 2393 2396
15170 4 2 0 1 1140 1964 1186 26
15171 4 2 0 1 2740 1410 2196 2366
15172 4 2 0 1 1964 1962 1186 26
15173 4 2 0 1 1962 27 1186 26
15174 4 2 0 1 152 1548 153 1550
15175 4 2 0 1 2662 2630 946 2765
15176 4 2 0 1 2740 2155 1410 2366
15177 4 2 0 1 108 137 2150 2373
15178 4 2 0 1 137 108 1485 2373
15179 4 2 0 1 2531 2418 2399 2477
15180 4 2 0 1 2042 1673 2043 1967
15181 4 2 0 1 1387 2108 1460 2134
15182 4 2 0 1 1643 1995 745 1629
15183 4 2 0 1 46 1629 745 47
15184 4 2 0 1 1278 47 1629 48
15185 4 2 0 1 1464 2813 2321 2765
15186 4 2 0 1 1635 740 1995 1629
15187 4 2 0 1 541 2234 442 1
15188 4 2 0 1 541 2234 1 2235
15189 4 2 0 1 2234 2235 1989 1
15190 4 2 0 1 1421 67 2234 59
15191 4 2 0 1 1387 2108 2134 2110
15192 4 2 0 1 58 67 1421 59
15193 4 2 0 1 1934 2011 820 1871
15194 4 2 0 1 1484 2147 2419 2522
15195 4 2 0 1 1676 194 2578 175
15196 4 2 0 1 1441 1676 2578 175
15197 4 2 0 1 65 1692 659 549
15198 4 2 0 1 1665 1441 2578 175
15199 4 2 0 1 1484 2147 2522 2369
15200 4 2 0 1 1484 2147 2369 2373
15201 4 2 0 1 2719 2367 104 2371
15202 4 2 0 1 2147 2369 2384 1579
15203 4 2 0 1 2483 2487 2374 2488
15204 4 2 0 1 610 528 2164 439
15205 4 2 0 1 1639 301 630 1653
15206 4 2 0 1 2487 652 2374 107
15207 4 2 0 1 2676 2094 2506 2590
15208 4 2 0 1 968 2321 1464 1156
15209 4 2 0 1 2229 1387 2134 2110
15210 4 2 0 1 2147 2369 1579 2522
15211 4 2 0 1 1484 2147 2373 2419
15212 4 2 0 1 2839 447 208 631
15213 4 2 0 1 2111 1459 2134 2179
15214 4 2 0 1 1344 1630 2017 50
15215 4 2 0 1 126 128 127 1495
15216 4 2 0 1 2457 2788 1173 2455
15217 4 2 0 1 2164 2149 402 439
15218 4 2 0 1 108 111 2150 688
15219 4 2 0 1 2384 137 2150 2799
15220 4 2 0 1 2385 1525 2387 2382
15221 4 2 0 1 2311 2314 2309 1456
15222 4 2 0 1 1639 660 472 219
15223 4 2 0 1 1743 2553 2094 2552
15224 4 2 0 1 199 487 536 1558
15225 4 2 0 1 2094 2674 2552 2553
15226 4 2 0 1 968 2321 1156 2662
15227 4 2 0 1 2157 2309 2314 1456
15228 4 2 0 1 1123 1112 2559 808
15229 4 2 0 1 2507 2496 2117 494
15230 4 2 0 1 627 2528 159 158
15231 4 2 0 1 627 2528 158 1587
15232 4 2 0 1 1454 1398 2158 2685
15233 4 2 0 1 660 1639 204 219
15234 4 2 0 1 1639 218 204 219
$EndElements
