$MeshFormat
2.2 0 8
$EndMeshFormat
$Nodes
3228
1 120.869758605957 165.1170654296875 116.1179809570312
2 116.785519687324 160.6024327402082 115.2288718488996
3 115.1958654470045 157.1539233234058 110.142426393751
4 111.2715166361226 153.5828241617203 112.7733675557944
5 106.003688953438 149.6050712496547 111.321863756132
6 99.64957532863248 147.2110653885405 112.1996598201519
7 93.95546578618382 145.2871844620072 109.5039943075675
8 89.06519040362164 144.9814429247146 105.7247521043804
9 85.50631914784256 143.3165665640793 101.2609259392739
10 80.9741523428267 140.6725742589576 97.75537400248442
11 77.36458986783586 136.7063131540326 95.57598456558533
12 71.94275204703665 133.9429877319844 93.08354305025705
13 66.6178515168434 134.5738221891429 92.95720039713098
14 65.12416640891146 128.2876074115414 91.93471711006809
15 63.92840646196044 121.6982164824145 91.29822517865783
16 60.40578468687808 117.3571576261148 93.49228548760954
17 58.62512562191373 113.6064684963484 98.66340175349167
18 59.1510244966739 108.237165903889 100.9468775566263
19 60.56860020844031 101.6795424769319 101.963837859206
20 62.61234348699571 95.21586298506848 103.1898996962467
21 64.01129981478738 91.83823667744667 107.067105771245
22 65.07533848087441 90.65331897939838 113.0500202977699
23 66.2095052376166 90.216466532838 118.3358021569754
24 69.15283444368853 86.5878790234614 122.4219594043908
25 72.67957450224229 82.49187221442814 125.7850589051406
26 76.07243652813658 80.27978378244303 129.6336460835627
27 80.51233511672471 77.88139946726145 133.753302781411
28 85.49987823726796 74.63699849479407 137.1325634890219
29 91.05968342014867 71.88092640182252 140.2294051931354
30 96.92812688399508 70.82264869690864 143.4568264905959
31 99.51135855050745 71.90929723401614 148.4896067858833
32 103.8771070480019 72.10666986497476 152.6839247907607
33 108.6641430652639 73.12307975815619 157.5399515738659
34 112.668216501576 74.41047509293239 161.9366821151887
35 119.0409247978554 74.79989037449168 164.5418526881456
36 125.5863940707824 75.1751532572338 165.6213753688746
37 131.4195419709727 77.53580414300559 167.4465608905186
38 136.4424725888021 80.51827104208803 168.778170089861
39 142.1153717078603 83.59738510651171 167.7623134871893
40 146.2450378425493 87.13632487727982 166.0800966824366
41 149.7509638795831 92.37679109451661 167.9352518725711
42 152.5365839865393 97.82136462094982 170.946993585261
43 155.8100689075303 103.6397354519766 172.6807793260373
44 158.9766340736503 109.1407266481475 172.361839340143
45 160.8897751143314 115.3798529504965 174.6210160834166
46 163.5862213318728 120.228367736172 173.115271220994
47 165.4170831724608 126.8267121068394 172.7547932449519
48 166.323694976232 133.581762204584 172.3421261342157
49 167.5879505297508 138.7365984489702 170.2136147297399
50 168.1074663643901 143.3110450628458 167.2580649171986
51 168.8628777370827 145.2573898131498 161.3270144304882
52 170.0101095223572 145.0595459000685 155.6005961900037
53 169.8161945188217 148.2287050116447 149.8862382331324
54 169.0190395571921 149.193443440102 145.0016383584793
55 166.3021645999639 154.1551397676444 141.4461384968984
56 162.8880664652594 158.6182003636613 139.6705128828697
57 162.3535679238421 158.2143263097533 133.4364978585619
58 157.7509894878521 161.0535746942381 131.0020634731477
59 152.7372674249939 164.4063160647159 130.1558858031509
60 149.8132519343713 164.9920604042146 124.1123300994759
61 144.0984668974305 167.0678886356329 122.2200433432096
62 138.442015465223 167.1521791096043 119.0250475276025
63 133.0001275819351 166.5970889315961 115.1937206191239
64 126.8418040117007 167.1537146418628 115.2671729676679
65 130.4959950107044 165.9464705847858 110.1306167335001
66 77.17833474283853 131.1417313193758 94.6157948362423
67 170.575980574189 139.879660027291 160.4802798146349
68 136.1900483213345 76.47464358011504 162.0995155742904
69 149.8105180041983 87.6800397569389 162.1636930691971
70 162.8987754686431 111.4776985096234 168.7325211768902
71 98.6931914767745 146.1580782690411 106.4951893253988
72 153.4715741437125 161.8885371924631 122.6077462753986
73 71.94401565202486 79.85523615664077 120.7124241077678
74 101.200293277935 68.4323052872069 142.7792281439091
75 114.9778127499117 70.88995133123831 155.8635605962643
76 171.122643937209 145.0855427052059 141.1624054655732
77 88.61837981648721 68.71353715640583 133.822209410316
78 109.1560590001186 150.5283789913481 106.8412864007673
79 123.409467842937 72.06444484820534 159.7674818815298
80 62.91852493122973 104.9363096134538 91.71672343021837
81 74.0045011809965 125.6935962040728 92.77763757013723
82 79.72152070838141 124.3953934498114 95.56104661447907
83 167.1765978495559 121.3483567080436 168.3167004579941
84 173.3150007916811 133.7735877846348 153.251992765134
85 118.4334585067877 159.0107061715362 102.9921142223977
86 91.94553925677823 141.0402564633454 99.97451314510405
87 79.82704864001583 74.65467594672377 129.4774213491788
88 154.8657373929247 91.89093838628067 161.9358092147523
89 153.5630487353295 86.94515549882658 157.0022518334382
90 158.3682317943351 91.38476267365272 156.3886194881262
91 157.219356276716 85.41087678026662 151.6811251269249
92 161.3262030614162 90.45888990794406 151.7045251669635
93 160.6860694488743 85.75992306085332 148.5080085005814
94 165.0193457051057 89.14911403911624 146.8080745495623
95 162.8937517357703 83.97297495570949 144.1844214917702
96 167.26455052415 87.56114117275661 141.8872598811295
97 165.0906996339406 82.30426789337356 139.5374957835427
98 169.0417917512812 85.92555713257833 136.9418152544065
99 166.9406047337393 80.39115566546911 134.6847417226555
100 169.8830139303852 84.31912147125415 131.8451579729957
101 167.7831266380969 79.5337095761236 129.9549832779285
102 169.6858134412047 82.21728074379064 126.6009981745704
103 167.0746081790984 76.65625365387325 125.6756501875636
104 169.5672484426645 79.52312633566221 121.2228680730639
105 166.5263620745755 73.56780938195632 120.4615484666495
106 169.1973486405207 77.01039099452157 115.7426503042852
107 166.1534855857066 71.41825962487067 114.6125866332401
108 168.4524604672158 75.19915173157659 109.7842100559352
109 165.9790892606362 69.84610730694496 109.3100906704438
110 168.5801843192723 72.78940895103992 103.7403836382044
111 171.0522349575909 79.92716716650425 105.1129421106824
112 171.0832592984607 76.05224347495043 97.91070529976125
113 172.6536482082266 83.06719761234292 98.10661134994804
114 170.2700051428916 80.63663798236406 92.29366184839895
115 165.7335887261301 67.10243732540401 103.8450259149495
116 172.6542130720409 87.84326583183214 92.88392257444875
117 167.1458826232289 86.34672657017354 88.69234280777087
118 170.4050640361864 93.45918284096888 88.67502395866913
119 163.0112950123791 93.02552936313957 88.52685325987773
120 160.0488574936745 85.98881829221791 90.14896101628413
121 155.7983024579344 93.0433765809817 91.3292281754004
122 152.8375908635414 86.31315749812192 92.75144963310846
123 158.834902950244 99.24751070420339 89.67713024883733
124 172.3558568877605 88.54590157835847 127.4024311688121
125 148.2483250195266 92.68203781539449 94.05796143388356
126 146.1990593384253 86.36262670132554 95.34217264169868
127 141.4867957074842 91.58728856532201 97.19621029169787
128 139.5102445255934 85.09438364212862 98.204372520772
129 134.0562801192338 89.88369453334636 99.35645595564165
130 133.277777220019 83.26831246811135 99.91964514314515
131 127.0188046953168 87.99917372190336 100.7509115134074
132 127.3097789662621 79.69476905286466 101.1480908815473
133 120.9197772791364 82.45337108635243 101.4916971533631
134 121.3961311841532 75.06642433587695 101.2892518454696
135 114.2017757649658 78.308702252874 101.4819472342239
136 162.3849476350197 67.43732235574353 119.5602920899048
137 136.4217708907866 96.83270558043742 98.34529365055178
138 118.9717064181948 90.06911805503543 101.4946315270201
139 66.66864892665455 86.43011081648874 109.1488016424474
140 138.4432894148479 77.92582563712493 98.643135361652
141 116.789767378687 72.64146350793381 100.9454640374129
142 110.152421238774 71.76374452510029 100.2440562190341
143 113.9321976131741 66.71180892043547 99.71693666583758
144 107.460677154063 65.61184259556202 98.41390490145874
145 111.4724051738598 60.75896406367242 97.78920533761047
146 105.1362578128952 59.63889542615742 96.23232363510161
147 109.3663656923989 54.75740942888576 95.43782772107305
148 102.741995616739 53.48612504524046 93.51411313191574
149 107.2119125576186 48.34422256122659 92.6214055008231
150 100.4638697841569 47.6738074065191 91.19557682319433
151 104.6182138006139 42.08054694178453 91.44307718883161
152 111.852822829715 42.72550111084308 91.3036105638071
153 95.91364861963973 53.45956032048669 91.72710583133052
154 90.31683978005951 46.52370130410617 94.79381023802227
155 105.295342275581 78.00197074432739 100.3400877926401
156 108.9987846136532 34.07985325010923 97.34190038643376
157 169.3580900936917 93.11711653954383 144.4510041144808
158 174.9674696032239 94.81088681521024 95.39864279600914
159 118.8499471143147 62.39126471644983 99.1580494516601
160 173.2887883799044 86.93369989698972 103.4857690537597
161 162.9991967412673 77.57031615975936 137.0420313516529
162 100.7753056991201 64.35270334291145 96.51718831036781
163 75.88562723499064 120.2871392141763 93.5045268815322
164 81.61128884760842 118.8047841403719 96.44824771938099
165 85.90263835991675 123.3543661314178 97.26888678940691
166 87.25068215754581 117.1288697830551 96.08974229016505
167 91.81123625808875 122.1514019286535 95.31413242111509
168 93.10868491107206 115.468080662772 94.36504342613807
169 98.16280702903022 120.2545473611855 94.67625540533341
170 87.66857361334083 110.9949613716441 95.09734503855415
171 93.94204282020698 109.2954117734726 95.9274972394586
172 88.67582767842789 104.8312612631422 95.05851069106183
173 94.83115846908737 102.9919909298774 97.47676841859243
174 89.74179444995914 98.46193543289856 96.18246626367646
175 100.1292479232575 107.7190332150207 98.20135961951783
176 83.18135068515635 100.9913593156738 93.88720122646289
177 84.84259841229482 94.23666932761562 94.65900012198355
178 100.7466822579052 101.0828411231379 99.46434625050344
179 106.9330384979215 104.8027894430948 99.74216301421356
180 78.64897035355283 96.10809213146075 92.88851233951998
181 80.59512320492379 89.71738947298253 93.05775394331592
182 74.06548127147703 91.35213495597591 91.47443596265329
183 76.71704439636666 84.73956797450234 91.54677152258935
184 82.87181597792798 83.12633018291962 93.12751016776799
185 78.84760119881471 77.95217075547447 91.18374893752271
186 142.8901279168854 164.32850324279 115.3370302270739
187 84.95578002039662 77.0484020996804 93.12311314775644
188 80.91249125769842 71.66463624539412 90.80764821218973
189 74.0689339102027 72.7600629727784 91.02497572873199
190 76.63648931345411 66.12792704341683 91.32100931176105
191 70.90044420807472 68.32351671287024 96.9789761649895
192 75.04359241336917 60.98787821279274 96.16435821130383
193 74.31393546652171 63.91963044417238 102.8385426999222
194 77.69365417514132 58.02911589181225 102.0685471895812
195 79.22500105532518 62.40446520404053 108.1364154184141
196 82.36017933185343 56.56977296614073 107.0811024086507
197 84.10760566070704 60.8005354064763 112.4697206292165
198 87.93494785328468 55.79667378567 111.32254287194
199 89.07960897029902 59.43772520817181 117.0856771231836
200 93.19218256480357 54.78319875687585 115.6110901062385
201 93.83077112494561 58.90881638820225 121.6373228495909
202 98.41860052464465 54.88059190384605 120.0682025564157
203 97.61532985061679 50.21442393481185 114.4480622268777
204 103.0854816970867 50.57637086429187 118.6684650063004
205 103.3890845546818 56.26241350064103 125.1816439505665
206 108.027304572677 52.35010909703352 122.9753849494131
207 108.6648117658409 56.17029343626121 128.7615706925326
208 112.6663351001127 53.07607364693277 126.1525492435376
209 113.0787834828914 48.79520116001814 122.2485691234995
210 118.6268624309169 51.24396029359653 126.4514565090577
211 118.6436447712341 46.29099637421671 121.329046693369
212 124.3269703127765 48.57938818710591 124.4034067868259
213 124.3334904518918 44.35393364722562 119.6158156381935
214 130.1023960500983 47.31839782843063 122.0372594789148
215 130.026802452394 51.0222091429285 127.1605998380721
216 130.1960954599447 43.18170068633893 116.9475816443873
217 136.0562939981233 46.60641213180986 119.2919495271327
218 135.7136657753973 43.32180257699904 113.3509150544767
219 142.1373372141971 47.21110432393129 114.266789223973
220 140.1897747707863 44.10491067609443 109.7167614502112
221 135.9412780629899 40.82382991185712 107.4925868928338
222 142.1387701705501 41.67340305769304 104.9172136676195
223 136.9856797922876 38.91994436846497 101.5363606945631
224 143.6204138350786 40.41955343093882 99.01931791677814
225 137.0091782562207 41.12679044405209 95.58641711938326
226 142.674454868574 45.19450290027556 93.03729985455043
227 149.3393698132403 44.74584020643646 96.27728350076454
228 147.2527786893598 50.65238381817067 92.3202929729643
229 168.2575026874363 73.87474839966009 92.12753751721638
230 140.5181633054705 52.14313893962902 93.42155452844788
231 141.4458408744322 50.56335472623294 121.3377511028552
232 113.1399635570254 45.02248093175174 118.5231315471352
233 144.9901085886578 57.29021931393093 93.54109766319682
234 146.9655970574537 51.90135701281574 117.113172030269
235 146.4117539462739 54.6108496009217 123.4781112066698
236 115.1779516545882 55.88489656369306 131.3534227656402
237 130.4200433843858 37.09830300966653 104.0684200808018
238 153.2711613644826 50.43618337155441 95.37008532210078
239 138.462381414379 58.65354051892845 95.87404032102602
240 133.5689310638106 53.67459924613181 95.54035419523434
241 90.53406046664716 92.20943381654079 96.70228106081228
242 68.40296889257505 83.51044240922555 111.3923376312125
243 68.24612756550259 81.43109464779118 106.0370724277525
244 65.88128140422504 85.00580546041317 102.202271234139
245 62.94376235629213 95.60353215292051 95.9459035699394
246 137.0251145268435 163.574251308799 111.7330452015236
247 142.5786565379049 162.1071649824873 109.6551015972824
248 138.6926333374823 161.3538074949076 105.3782087271669
249 143.377005508695 160.5983381949033 104.7023221125835
250 140.7535447271363 159.6888978984698 100.7906704568874
251 145.6622407309303 159.5384069217178 100.8317138535694
252 143.1482687926986 159.4887456142253 97.61520784593566
253 146.4119380296173 159.1619645637025 96.90025248397562
254 143.6687644912071 159.5234662804731 93.75770964324225
255 148.7982951430697 158.5414787412559 93.29587844922335
256 145.412579725077 160.0543162945803 88.85602378348391
257 151.5954023970061 158.1256605454157 87.90329580791973
258 154.4090735962445 155.792533795359 94.93373053777557
259 147.5594749424985 159.3378056593656 82.73186537852219
260 154.2080853150102 156.6252865051814 82.56866997139336
261 149.7076851130526 155.8094054337488 77.88225954737554
262 156.0183044038675 152.7707891462438 78.50913564275365
263 148.8929678826618 146.0994734477743 77.17266785617348
264 140.5740706958066 160.4277157944617 84.17015765914253
265 149.5103587153557 159.88507032216 106.3196597604896
266 149.4799937255102 80.27556426055145 94.31489498649697
267 128.0884143479916 73.18110407631826 100.5723655308834
268 76.02521352624939 68.37492160816889 109.0938490104493
269 115.1159724529726 154.8220725928712 103.9881126029458
270 118.4104707070622 153.8921400478107 99.34352690475335
271 122.1131347415856 159.0310007693572 97.48699133490436
272 122.0417345525546 153.1479877096286 94.35339305677071
273 117.9250964906595 147.6106758120146 97.56637643169518
274 122.0557684343055 147.1315563148435 92.87635063213212
275 118.8497180928309 141.4258806715543 94.97356555974683
276 123.760083742647 140.9858617977744 91.65583678648889
277 120.3888394471789 135.2976818190819 93.55948363803614
278 126.0663401117652 135.0188741030852 91.36131054773575
279 122.7256581118019 129.1582216258996 93.28782609051848
280 129.2592096860369 128.8210383583534 92.11709868434461
281 125.4699097626434 123.4714135810439 94.39291741404864
282 131.7175639573101 122.9548646214836 93.47782175995356
283 135.7189531763275 128.1630095707811 90.83368866456546
284 138.3463129610627 121.9554552353349 91.88496495766418
285 142.1672673149743 127.1329791913724 89.24408349172619
286 144.9077933534935 121.0965336330913 90.08354359229993
287 148.5376345889657 125.9488647013998 87.57662678808936
288 113.7435740882788 135.8707353256652 95.98133621477548
289 128.7711754152044 140.4662315048495 89.0654862101043
290 150.9796274112968 119.927877276687 88.44554801728268
291 154.6953990712601 124.3639824633069 86.1107041631233
292 173.4567392413589 100.4296874378367 89.83207754874405
293 176.1119201465087 103.2486683446131 96.47340655469449
294 175.2214021795747 108.0864028119185 91.18362149572388
295 176.1948957860978 111.0401103008765 98.00042368212324
296 176.4832353860657 106.5120153374724 103.4286212412288
297 176.4638907181655 114.297363121782 105.268789671402
298 175.6210522178479 118.4302494763858 99.73684890893483
299 175.5305674564485 122.1759078188845 106.3219333170845
300 176.492422054454 118.198584182348 112.4512505801228
301 174.8561354476299 125.2466588483803 100.7598120711098
302 173.9077452638827 129.4133648961954 106.43464691955
303 165.1614637819082 155.0964560071637 133.2114069074801
304 174.9772532293961 122.3525193185176 94.29958612925587
305 173.5871185424421 128.517895657342 95.59842906396524
306 156.9105043990663 117.5655848580974 87.22396684273244
307 127.7503995210764 117.9837124695057 95.80900247991151
308 147.5672115519999 115.5200892645071 90.64005802571376
309 118.7143737612293 123.9459976814698 95.42835372443874
310 123.0260374410734 163.3657239204207 102.0203186369079
311 152.3833603703059 130.7338645292442 84.84389416988179
312 159.3319953815031 128.5729733227321 82.69148303032281
313 96.11700325458023 127.4051953556225 95.57888674369769
314 125.3951551522172 152.1447326936721 88.84293449129162
315 139.4706103400454 133.0595409418028 88.11365442937127
316 76.52643420195525 102.854675061469 93.03672728488773
317 134.632567829588 160.8540768239953 100.0864207869783
318 83.30732950048225 65.26509149029394 90.517929398783
319 79.51967397733122 54.98127329354188 95.77645347824217
320 153.41043516784 47.94194003326208 101.6912717419696
321 157.123314063398 52.78918494859966 100.1571218224571
322 157.5816008120936 56.10021541743289 94.35229075102035
323 102.4664690367174 45.82981857112773 113.6199831233663
324 96.79663606923837 46.19434475645511 109.0879497730383
325 86.41656552526837 51.48392398891797 106.1693844570933
326 163.6731402266638 65.11465164429146 108.4262525868924
327 142.8840019192452 63.89101200981225 95.54014921920111
328 102.7258072369553 125.2621720505387 94.84824160627525
329 105.9365560585491 111.5876995331783 98.29007061780447
330 113.3517662670093 109.019032849838 99.10106700306488
331 159.3891192932056 97.07609423435056 161.2717953532404
332 107.4217721227311 98.16982410508405 100.9004434906732
333 101.8223841502826 94.66980153170209 100.2390103651509
334 101.6520763589729 41.65586892325285 107.6713414140718
335 151.5548843415299 56.7332657261101 119.4658533770165
336 151.2303859397336 58.92972962866616 126.148044653584
337 145.3710155009783 57.66967783568182 129.7432387879756
338 149.9679589325605 62.25057707639282 132.5913567340858
339 143.503348783641 61.70193091989017 136.0809398041929
340 147.9881083314247 66.50127590565518 138.2994965316217
341 141.843362753071 66.52038216174529 141.7863159808755
342 137.1283157408564 62.41918869791877 139.0834046172664
343 146.4513504476093 70.97332424529944 144.5323301478605
344 135.7384581396325 66.58664442514703 145.0050713612632
345 130.80378611329 63.43935791554526 141.4137616996759
346 173.882061584719 126.6573019948216 89.0708748985095
347 172.5532711171863 132.9237927364193 90.63790641770697
348 171.6243543165589 134.4871700185199 97.21233224959417
349 169.7297733642962 139.1218590476101 92.39234836841163
350 168.9813767553156 139.9841078076519 98.73363963865455
351 173.6321186231496 119.8532865999277 87.984177088896
352 162.618578925079 96.38743337642023 155.5839337401472
353 166.1392440523352 144.7546118463363 94.56911897411806
354 165.9902427971018 145.9173099287193 100.9404658750053
355 167.2520120099182 144.0923729015418 87.73406871770297
356 169.0807379644698 140.8993573391922 105.07170939482
357 165.8227641164548 146.7094401287345 107.8614716061598
358 169.1383340201244 141.5242270274682 111.9573277331031
359 166.6913975370934 147.6662894384122 115.8001699871492
360 170.5758410247801 142.0406662709534 118.9896399313049
361 161.9384539785349 151.6399468611862 111.6817586898101
362 157.1237265812389 80.89248991704758 147.1440101973006
363 103.3777564887024 58.76256867664857 131.5026385238742
364 108.8458461054957 84.98020100571986 101.4199054448406
365 84.83809846768895 64.02784493846347 118.662265270383
366 101.2928377104993 132.0092338243391 95.5873714939805
367 131.9508438352813 59.88516126806508 97.94583020331054
368 155.586401536374 135.3346146780102 81.13460011918282
369 152.5084237629656 53.91725799860725 113.1752894064598
370 154.313738729408 67.25970838915562 135.0539573984479
371 163.7765855789326 153.1495881974396 120.1613988153736
372 152.0459833358649 81.58602385302635 152.2042102174595
373 129.7640593829728 66.55806295338755 147.5495746374924
374 124.5648610491339 64.19098881606311 144.5923078842155
375 125.3262043051479 61.06609308980575 138.8041257500415
376 119.430004720318 62.35474855011546 141.6552900131154
377 134.6063549933625 70.22108639844681 151.1135444553551
378 96.67403697210644 42.03901455163208 93.50367680045278
379 172.057229032363 83.72565243858905 116.6445832427015
380 124.3991840437782 40.34230634224977 113.7157896177739
381 169.3182762180805 127.2530010970511 166.2019013566478
382 170.1123831515756 122.2624562223888 162.6378648669877
383 159.8129039541825 152.4147828915408 83.61385334858275
384 161.9008186741087 148.1991358462213 79.78693133217425
385 171.864020912172 136.6041745650919 115.8457898599193
386 173.2643748846608 136.1773637277444 122.7421868883781
387 174.8203092940836 129.8822651660707 118.531191259644
388 174.9125325782401 130.3527361862842 127.201607232356
389 171.1402399257511 141.5740519330139 126.0313577607487
390 176.2833650713908 124.5988433144368 123.2023387241231
391 176.2771274448552 124.1667199817132 130.3433695963442
392 177.2798359139581 118.5011875884795 126.2067501597644
393 177.4194354924161 118.0921961677333 133.2926457019242
394 177.4918171393831 112.5103700035261 129.3270269756316
395 177.1606077408525 112.137456279516 136.3489837661974
396 176.62485068297 117.6209266052099 140.3653306943808
397 175.6066744868083 111.7256234146818 143.3605367512375
398 175.4740812448232 130.1698762997259 133.8111351407131
399 177.1366080184372 106.6650475887717 132.5062272303511
400 177.4465561248815 106.9164120618436 125.4843741073137
401 175.3105579635173 117.037904995018 147.4777908066347
402 173.6909258481391 111.4967278459425 149.7641670906403
403 176.0307535353308 123.4963854851805 144.1602921370543
404 149.5878488105497 136.5154673138424 82.98812347155184
405 66.1982867010737 116.3835461905597 90.12556873536072
406 77.86478390004172 113.9901465148165 94.65465835211054
407 163.4422531285681 103.0790715702193 160.8166861678911
408 71.94244597006382 98.49024312283571 91.14801760168685
409 176.0702698051702 100.904810043078 129.0624034485619
410 176.8144812021633 100.9789613863882 121.8110011708907
411 177.4857706357081 107.3473267454369 118.5215298645163
412 176.9432267886799 101.665456552352 114.7652733300266
413 175.8301616378153 95.53343702595629 117.6878174410118
414 175.3123049731405 101.1368573997575 136.011287276139
415 127.0572707390475 55.02616960851292 97.0074007762119
416 128.3951204283432 48.84231950123478 94.37948983810158
417 121.1148581453496 50.73279994774298 95.40953173551929
418 123.3571808770394 44.20620576514789 92.79722644842556
419 170.7592094856782 124.4128452335146 83.74324060781336
420 149.2371277996669 62.59432520728323 93.10131225922211
421 175.56524502103 98.14070369985549 103.0988588485298
422 173.8179502457904 106.007059409186 145.6946491904525
423 170.4294677119848 105.7535442593386 86.25428781088925
424 89.13968210852292 81.90078063451969 95.54039135104979
425 91.71885201301754 75.91117658940584 95.80592571807583
426 174.5565482219467 122.9516730415077 151.2443111996017
427 69.52132241737735 105.0820238621243 89.75445373457602
428 139.1700255931919 57.46928505698928 133.304473572421
429 109.2152083788596 59.05776026394565 134.3343485292525
430 161.6036140380816 134.0083690698163 79.51730478783067
431 151.5293476040814 98.94737104963829 92.08912452277126
432 154.5005179674792 105.0917019009987 90.33044219835003
433 161.2360117486547 151.1606410393583 103.3012586384677
434 67.53396364273027 78.1682365856032 100.2210343022832
435 171.4642287922587 143.3756451472378 151.1155192781623
436 95.54652136211374 82.01145158188891 98.25991323477152
437 170.9369732255218 105.8424934025402 151.6800514713665
438 169.9055728385144 111.8917075030335 156.8483001627298
439 107.3905898022223 41.90665910742588 111.4483474748853
440 129.7598454414108 94.88433670137393 99.63057500813073
441 131.3190162929668 101.7495128817947 98.67430871133796
442 137.4277221421511 103.9063778492474 97.04442670751752
443 124.8707253673696 99.95174812768289 99.85264770454476
444 125.6895182367761 107.2416640651569 98.85607274151899
445 147.996573424447 104.8890061551887 92.4884657399023
446 164.323768729934 79.68678587505065 89.17784047527627
447 162.1215685517443 73.07198048922575 89.40271859933591
448 162.0698668837652 156.2157849675834 128.1726411500766
449 158.2400552126904 158.7219967998004 124.0331123132346
450 147.1748196722741 69.37255073973456 94.72902318219872
451 70.80929083607336 79.04742674891328 110.9216577209836
452 161.2638176629788 106.2424823759512 87.83387614115162
453 110.7226816073547 116.4914660539729 97.35571430138805
454 117.3110789608194 114.2653228098001 97.84399812167563
455 106.7423106575956 37.99934480321375 106.1464291949963
456 113.07567315217 38.466760305477 109.0534251684216
457 175.1043653559884 125.7711206622848 112.1136753849831
458 96.23487643165905 41.58186140896961 103.9224789104437
459 167.8172251775337 115.6250768907569 164.2506485192891
460 145.3323644175487 45.57056450489821 107.8621216955516
461 130.0137131239751 73.40571904972437 161.2748441388918
462 67.52794937504169 82.06170444923941 95.10221344145938
463 153.2978816713965 67.73414482215846 92.29502709080442
464 170.5323312238971 138.1178013753678 85.48567163326334
465 63.75206509768216 110.6672010421287 90.76211674213764
466 161.383268722569 58.15533030568525 98.98458528530972
467 165.3913342455429 67.5878470148895 92.49113642233566
468 68.84333895774208 83.72026821979638 116.4664296641286
469 156.2855042866632 58.55992713133071 115.3577009930552
470 119.0996333319197 65.37095208855524 147.7707910284173
471 114.1131992451025 64.46906754284673 144.3059876768384
472 175.7910512229692 96.49786146981016 110.8469902225383
473 120.8202808866069 54.89641521153662 131.8100044441023
474 102.4059255015828 84.86153494765543 100.370180605877
475 131.9958395464971 58.61489751407672 136.390357389582
476 171.5518123951544 128.3501795601711 160.6642177692693
477 156.8210024852372 78.58930261939342 91.48752492541493
478 168.7921972517435 117.7414682062474 84.39719402994869
479 98.47269450957185 75.66801725342698 98.39701745679105
480 170.4803759188201 133.5277580235216 164.2170348949726
481 164.5689097194177 123.2138855134467 82.66906195087144
482 95.3077358986834 68.80952878621291 95.78161643393642
483 156.6507883169879 55.93442013143482 110.2216958465443
484 123.4205225592323 166.1206816559684 109.2837902173635
485 119.4562151381209 104.0103750712769 99.90331909572286
486 143.6647746658265 99.29022862740484 95.29700025456776
487 166.3910725464784 142.7039127150617 81.33843995909544
488 108.6641583208989 130.2593362089408 94.76178787914678
489 95.33566496131084 67.15010295020898 137.9060997379883
490 93.17632302326504 62.73000248685268 131.8828995682386
491 156.7184232832606 155.8387871992847 109.3428000024661
492 162.1185690382439 149.489024830861 96.99465730156493
493 100.7284504532707 37.75189491127421 102.5965756276997
494 88.29752952789121 64.17022996579337 128.4446142707979
495 166.3113723771413 151.0812512992541 127.2578814313585
496 168.5227932512286 149.9843055559387 133.154261977444
497 177.1153084966991 109.0654673418027 111.0906566825308
498 155.4906935003779 155.5655707367831 102.3473278718491
499 152.1472307766704 160.21320966757 113.5672196907975
500 173.8558812008158 94.48241535432135 132.7682037127434
501 94.51804447594327 133.6283863495677 98.74695123391095
502 99.36595410287654 138.9543385936652 99.45601670691187
503 87.05709152147894 137.0753885312187 97.33170815968769
504 173.458890993111 135.9522785430329 130.052947081499
505 174.4428960982056 135.8864540159855 136.9503855054438
506 175.5005210071009 130.0497269610674 140.7460903296787
507 173.9535038788557 136.3341230290472 143.7722396032041
508 71.93054097346905 69.93833577717238 103.8797890671662
509 162.5124222340894 149.7219313505851 90.07276406969403
510 104.028254604945 147.6464790843607 105.9550363245779
511 108.1790297887376 145.6207005255387 101.8080423194568
512 119.0350970133336 97.3412690461624 101.0678889043615
513 140.7388079705648 70.71118979334547 97.531758963019
514 177.2600751120498 118.5202614342243 119.5745735237163
515 158.9216068126389 102.4371483865627 166.9681249816434
516 174.6509720920406 92.48274758925217 101.6091314932011
517 155.6946722376567 63.59322922642466 128.6326268755539
518 159.8332113952773 68.70445643540063 130.7373604266327
519 80.42853742622657 66.41868873040004 114.2535230327138
520 76.46518667928157 71.65749759555283 115.0265910406023
521 79.79544590947614 69.91742230801403 122.2703873502504
522 108.1894215780997 91.9273761570835 101.3867789428452
523 83.90141466695732 69.20871564397471 129.341884046055
524 171.7553263900126 143.1089482921618 134.6240053788268
525 158.6212717352051 139.5108195666265 77.86683822449562
526 104.2229220916278 61.82626266534946 136.6466544156542
527 156.6600350630221 61.94449914843432 121.4176209875971
528 144.4955603599508 83.87052392147565 162.3448271078778
529 174.3197465988326 90.31806783972422 113.7974063024183
530 128.0714896360099 70.17313515467006 154.2745111847968
531 150.8092507226436 75.77895288289366 147.1718289817942
532 146.3408812644897 77.78810210295471 152.9658445037522
533 155.4258809363346 75.57435593365351 142.6023275959672
534 119.4577318765247 162.7133776080889 106.8233723956342
535 65.16747007542511 88.74995032501863 95.96297504277719
536 108.7776428785935 67.46870078386945 146.3981626214216
537 130.0114150263186 42.50013898022453 93.63079876876419
538 124.8675952644681 37.74015683162232 94.29020130139918
539 118.3471668635588 39.41516012251353 91.7228245729507
540 118.9681713741094 33.78788876369254 96.00136995972389
541 124.4849796350417 34.60909594414372 100.0488964030223
542 117.9852800547636 33.61640090641018 102.4210673742026
543 123.4065488668397 36.38067248586881 106.9517371406906
544 148.5977694501692 163.8822816988339 118.3661598855775
545 113.8899748963247 50.10175643404405 94.3972168348845
546 157.1449606521316 157.3199529333691 116.5904387543575
547 166.3460927064489 99.40661924877683 87.01813964097168
548 165.8842027896428 110.9783725934093 85.38264216443505
549 109.0153508360023 70.26055009322327 152.0016285497289
550 69.26930608905437 122.3454328767376 90.87888684391382
551 115.5349947574204 129.6395627200996 95.2208363109357
552 110.8919055307591 123.1419759368332 95.77825335404279
553 91.85424418559886 50.83062852603818 110.2072082277412
554 176.663120850319 123.8893905788095 137.1737320089205
555 174.8542452151945 130.3587664838408 148.4926295242998
556 87.29339381236009 70.68180980716663 92.96723396597403
557 89.84275190284927 64.18209231139072 92.59499492874221
558 86.66884551566666 58.83028921316225 90.67408297499412
559 140.3603003755537 70.65188289533198 148.5457223087424
560 139.6442794852651 74.68544808165089 153.7318231722872
561 69.47153406677445 126.9010484283508 91.41089663250145
562 128.1014562055731 162.1786554965806 96.73629868164755
563 108.4071794272645 64.07253322411442 140.9613845870174
564 166.4772437188292 154.3133393841067 137.1656152944584
565 132.9860496040508 108.5206283285326 97.21323107449611
566 139.071350925254 109.9800704075827 94.84904058203306
567 83.54216973265666 129.7618927007013 96.99202681531293
568 172.3436265003385 112.8575008168771 87.18733602631545
569 132.8158435666716 134.3585057518871 89.66857122860439
570 136.8766528414258 140.1264286073442 86.17089397108502
571 131.7990535212444 146.0160790521924 85.59551086861944
572 137.1876908643941 146.0364122979528 82.335766531552
573 133.036356497208 151.1907323463452 82.14713147839106
574 138.6824865512097 151.4265500419793 78.59064832370359
575 141.4716850554234 142.2926747003388 82.68654999741625
576 135.5352232145342 50.45528818205206 124.2960907598425
577 166.1813464002681 129.3651045705388 80.8222482464197
578 163.4074654735055 71.04693198711198 125.4390473034946
579 156.1367426320989 111.108461298565 88.74311953187886
580 155.4839175739398 61.61676041804832 91.35532418914869
581 128.8994475136834 164.2166393431535 103.487887012889
582 133.5094106170041 160.574060560462 92.88097312549093
583 125.6444921575442 61.33106557545768 99.04758018427034
584 130.220292092953 66.4099320579416 99.54612369740795
585 169.1391829232917 149.4879146456531 138.7303726253629
586 104.5900448981793 118.4487475473137 96.37097298539132
587 71.51296712359951 129.8028873618672 92.08704176476817
588 173.011798812399 117.2877795864739 153.4204780913872
589 106.9167588464441 136.759222969409 96.79720100819928
590 134.2345959439086 115.9488147821352 94.91937566379174
591 151.3450297716335 56.10557383887325 92.24962408823563
592 112.9933642461628 101.840483795323 100.6566922069773
593 81.28000784615196 107.6755783921477 95.26703506354049
594 81.78199241142813 52.56921369026173 101.2012849109747
595 84.62197645807657 50.68346376679755 95.39849613656145
596 175.008814376735 95.04144658632742 124.941286952199
597 99.20039994143542 114.0399175061448 96.32819399720736
598 148.5990700899054 43.57050852566646 102.9586982085328
599 161.4837523132946 61.74983797235845 93.46255090453505
600 118.5613699202349 42.26798797702183 116.443755742496
601 142.7075659991786 157.0200306364632 78.31195915205086
602 142.9784640406021 146.4256247820837 79.10599111521739
603 145.1764407043385 75.50378282245511 95.81663027847837
604 95.78771198016129 96.31303333407357 98.52994297089597
605 97.45228155504266 89.29833710375206 99.27556230744131
606 136.5618057908727 65.13363347497055 98.16209739827889
607 98.84339692372328 58.4587557493586 94.1450602445174
608 135.6085589867628 156.7591245320514 81.37512145124965
609 130.258401938467 155.3185380846167 84.73042871674582
610 127.0253182145185 158.6252566821371 90.34902502432631
611 116.0812161445036 55.78280051316377 96.80143508889645
612 152.6624911906317 141.0771573753552 78.89485234186135
613 134.5231431740014 71.67148436119888 99.48490032850466
614 171.2668874416443 131.2142026600339 84.3191230369097
615 154.4147778994885 51.6347167698474 106.9480958221717
616 166.3576227360564 94.98228919113549 150.0654067316736
617 171.2856394081375 99.60220126126873 146.8122020021442
618 140.5412999964087 54.07253513657318 126.9767686378474
619 177.4966942138666 112.7594781984478 122.4182108333267
620 64.15989038064718 90.23291217534808 101.9001901929156
621 145.9169242640753 131.7597687548959 86.40738550635244
622 175.1819117544045 115.4521185933398 92.75250898476797
623 112.9389642137679 89.37559957322807 101.4934703717965
624 103.0490782815779 70.48564279544712 98.63250465378249
625 120.417672920231 69.42366052975059 154.0285931034675
626 158.6506862033704 73.14148949456451 136.9814423058108
627 171.3125691992271 135.9934186147937 109.2993488616254
628 135.3483624559702 47.50561002117533 93.17318180259804
629 172.6608292608395 96.57228177375832 139.9078504004543
630 76.02591666454566 75.66257898201067 124.5671811035667
631 170.6212985278797 80.22399054773064 111.2278328781364
632 120.171919640906 58.69397371357697 135.885157897886
633 173.9099198539872 89.56887288481681 120.4130420565914
634 164.3676269014317 74.81124479654324 131.5802545710358
635 141.506939456441 115.8454212299655 92.45033916087225
636 91.76580656034402 46.34966539291862 104.6232338015349
637 87.07117786066141 47.77685854101561 100.2957193794825
638 89.4686743836337 52.70002685668068 91.6497648253694
639 92.38267895071228 42.52778265643173 99.29689373097494
640 119.1378730666357 38.98290840219578 111.2702713274586
641 160.0970694977624 79.43608097921299 142.0047099342808
642 168.6686212970113 69.73392148875858 97.86515885534894
643 148.1372803607752 82.75625823927143 157.3166124529916
644 141.9686836742947 79.71054821619133 158.506321146539
645 80.35711555293302 59.51914860626313 91.56836730517561
646 156.4454856546744 146.1032422487341 76.26352058346232
647 175.7445898171665 106.7992965073411 139.4938752956124
648 123.9582126743817 68.03610100836718 100.2400142144661
649 176.4356376948425 102.2393267551449 108.3971388123779
650 173.2776883441891 128.6246830922557 154.8277567728285
651 101.2805007605918 144.3900204107589 102.3063376085723
652 130.8446672164896 37.60414464556212 97.69279999455659
653 102.5171572020167 36.68705062070175 96.1750695265824
654 130.0454048981638 39.70454995851083 110.2803347230845
655 177.4728370627141 113.0483983551613 116.6093783578919
656 90.06474382335671 128.5392911355377 98.07729882837282
657 111.8563580765184 34.68194684228725 103.7131094939048
658 173.4162023753359 131.4046446738826 112.4179812163886
659 171.6490365524989 134.996202755416 103.3085172098644
660 151.5524958687151 74.08388484579154 93.48459423235104
661 105.3295932623111 35.48218844719016 101.3920178894865
662 112.2702937919235 142.1153084508812 99.06103185732273
663 126.4766362958741 146.2730436470351 88.66352329232434
664 86.72485212202375 87.8919794329972 95.08322870311358
665 157.3035085136759 154.7673593709391 88.59536962059472
666 151.9661946588656 71.09367046070213 140.3500063418991
667 118.595011872948 163.3137433148773 111.8789356103318
668 145.6102022204148 151.4357752938554 76.1577336342668
669 68.09173717531999 93.25718843545542 91.99768863335115
670 65.44064607498522 99.35913706372661 91.38893685984019
671 108.0092363158842 46.17818867802757 117.7334350461174
672 142.5850530690676 105.7239888927578 94.50359460579526
673 72.47737476410141 79.87523494810867 91.38007508767176
674 69.0191083059163 74.7677135013796 94.77848727570486
675 164.5770250082928 116.6155656078865 169.6586284255302
676 165.6980519304216 109.0959429313489 162.7461843088513
677 121.5824351137823 118.5619467145496 96.48856440657514
678 123.5884432067946 113.4004393651935 97.77840037118223
679 81.31685389769304 135.0888903853312 96.36998034054196
680 125.5772085080782 56.4364869830333 134.2519657524637
681 172.3359672583193 122.9021285737103 156.8491738582099
682 159.3594357241893 67.21877380094152 90.49857525150298
683 165.3252093422003 63.85003232013707 98.23161870514269
684 155.3897968555914 96.98598760364771 166.1195550147463
685 95.59945648706818 143.9829171491895 103.7981841294399
686 171.9851991883381 134.1404158460575 158.4250972298564
687 133.574001030071 73.26685351295703 156.3932350801953
688 82.90908940777084 113.2974817169393 96.84029479906017
689 150.6082801099806 110.3891903603369 90.71165730258787
690 98.0007802520968 58.70056340538392 127.486203044907
691 139.268653610323 159.5638892450981 95.82527996856004
692 169.5644583233973 138.3398699309881 165.8762628489184
693 167.6094753693542 135.1648653615752 80.60410065539952
694 162.9181862798307 117.1335271240075 85.23312742720128
695 117.6751819046952 45.4046677415283 92.91211630069498
696 113.3764747889841 35.43977318299827 93.57778851543978
697 59.86922834377489 109.1966387062527 95.4695911924225
698 159.6652642483782 66.36980724223781 125.1652142589762
699 171.5814495066092 88.87734777047078 133.6087515561141
700 114.385254271455 60.85378012953633 138.17619869809
701 134.6748263211412 54.02014815408612 130.2647836616722
702 168.3172839828411 146.9375334480689 122.4904603964719
703 112.9428982721314 95.33893637377126 101.4676204981674
704 164.1385346854998 148.0720602848171 84.89559507328488
705 70.06663361536002 75.82247870636374 105.0543805763092
706 95.57232314789178 62.75512053097648 94.25160955664528
707 112.5391123619535 149.5384432445978 101.7161493080428
708 170.7922635949306 91.09845736146572 138.5616161559321
709 92.7532726772785 58.24948278287667 92.13220177956499
710 69.0372814146794 73.15572291642219 100.1427892906063
711 72.39379066993058 115.4112492993377 91.49635424472829
712 148.5684684204719 49.81359838699436 111.1100023907122
713 92.36323184492102 60.93472838954293 126.4994555568623
714 166.773819207452 101.1856922254755 153.7550852246049
715 121.581125092495 57.09237571774137 97.77869353442034
716 113.0042592957877 41.88880732413029 114.2186310814928
717 173.9386442445218 101.9280049986763 141.4766176572532
718 74.54175951457029 109.1659842984633 92.49495839704497
719 171.6899730743178 84.96244790567552 122.5667732280908
720 146.611105173016 141.7766407623805 80.79520648024879
721 69.42954183102677 111.1273710401317 90.0723861647943
722 128.996166259914 150.2867587756957 85.41180397655228
723 170.6021895371521 117.9671403398527 158.9092083684087
724 174.468824779818 91.64830654773706 107.1830580712308
725 163.4009792939329 66.38723634692654 113.8292957787868
726 88.82416044312635 61.9744104801692 122.9176295977906
727 70.6077479134301 86.30213610081022 91.89595305845253
728 144.9102638104106 73.61148393560069 149.377537111674
729 114.1799339632949 32.60758483614506 98.44812087803845
730 91.92323309235384 86.56659933890293 97.18827901264548
731 150.1791850271405 157.9561302664842 98.86114538024472
732 98.81252008723627 62.16881122792541 135.0738638273261
733 117.526999485325 72.51429122837028 160.1088879568618
734 160.100746516278 62.6488954292901 116.2027229413393
735 176.0073455366822 124.2228088319253 117.9793135470742
736 140.2738253491373 80.6450317025967 164.1067873032174
737 133.6741239293413 163.3276949665309 106.7497359707505
738 96.91054461303342 39.06789268434976 98.99397609311094
739 124.0172625151211 93.90936838762789 100.6959221030241
740 143.6317680319441 81.3722544239253 96.47686994340189
741 173.2876813106072 130.4480337326193 100.9753504246342
742 105.1760547079787 141.5343104034938 100.1956791406344
743 162.6334095465923 61.74871402777786 104.0503654765815
744 146.971628955066 162.3887393783932 112.7986793329725
745 115.2434081355584 119.4043440590704 96.56546002895649
746 115.2585378261979 84.89862352509661 101.4973897737397
747 63.40134370110864 92.12912311281092 98.73979738325114
748 172.6052141823116 85.44447448849451 109.6602281507898
749 163.6802530479957 138.6460235199383 78.51300749546022
750 144.9798599659965 110.3355517880388 92.57305214949076
751 171.7682734312593 143.2862919697347 146.0403851338083
752 132.4209481202758 77.25923918999821 100.1909131922145
753 124.2167665513251 66.68365635974006 149.8619691583374
754 158.3842353797325 152.931296669382 98.20841318595532
755 159.0008991471194 56.54420584349771 105.0776512032205
756 100.3116793333782 80.17069348731542 99.49255898793366
757 155.613186599402 161.4534556235295 126.922689926043
758 168.873353450316 135.3218869482624 168.3279495834835
759 143.426574166679 137.2405602526395 84.89836669522722
760 60.95759757749682 101.1855315941996 97.31989882492782
761 83.24233984412069 73.32253416156038 132.6062909051453
762 84.77843528449836 65.50111089443324 124.6581605440108
763 134.2472373947716 159.539450186417 86.85371634784103
764 124.995616943963 52.42663310411594 129.4797944252983
765 167.2576507341616 106.149650546936 157.2185785054864
766 118.8123263562218 68.3806548044672 100.3210707721049
767 173.2442041658804 137.5969325697898 149.6898872804264
768 117.9113452102034 36.40640240458772 107.3165773011652
769 156.6141567097394 72.07056248013005 91.16303172676804
770 104.0776734211951 70.20641475575744 148.2890257317439
771 73.37096042772127 74.02100206022179 110.0165108117259
772 72.60696514511572 77.12669914038966 115.9808130488407
773 75.2744274974728 74.61945693735099 119.5852340341989
774 169.1294954817016 146.4982384884365 128.9479468597501
775 159.5624656182847 122.5091521680936 84.9513802403538
776 171.8371269428354 139.4069713925844 154.9372237024073
777 170.5450580549788 142.0083522853258 157.6747177215294
778 151.377017125437 150.8340241128641 75.81394475641417
779 107.8741898461289 37.58227307023935 92.98520121374548
780 150.4072968852116 47.41388615904921 106.0646089461712
781 168.4807519403636 131.4431448095542 168.7481283688221
782 173.9820889020341 88.86211319151751 98.17642191184632
783 155.5741124337108 100.4823864673179 168.9059505552122
784 158.9655429571339 152.5875940774761 93.46650644071204
785 130.0221772004722 54.96581965590594 132.8574036628338
786 152.4860978349747 114.8882718681418 89.168038285946
787 162.3086512683892 143.2740883526633 78.14553642493442
788 112.4976632845172 153.1538244915882 107.5538457640336
789 139.6118857504174 160.1213375023142 90.11622678819381
790 83.88229323488574 54.76317249783562 92.25458337874277
791 119.8076522404174 109.8084291245469 98.87913821021868
792 172.9157214159939 140.6117570324212 140.221867261296
793 160.2019389064184 60.751005989291 110.8028061181731
794 94.66777011719208 47.9998360372437 91.65454270873926
795 114.388923936468 68.01317904182426 150.0575313102078
796 128.8010981414119 112.8266222554972 97.07782775583732
797 103.5937113651118 89.73888954964208 100.7586164048598
798 160.9492790267499 112.3563865575073 86.99301847951239
799 66.7763585499786 87.18268531244817 113.9260486417163
800 162.3497858624332 106.9763050729589 166.2682696696384
801 77.90180962035149 81.3696666241382 135.5282607864334
802 112.6483490827181 77.18713002199496 167.076979709524
803 95.12757532851197 73.61081024670045 149.0449322103361
804 166.6858827755652 154.0700692301625 153.8355655299096
805 149.5835165659176 166.6184685900517 132.2046876595889
806 57.89274429565978 112.701526435135 104.4542286705737
807 71.56199878769141 139.799832172521 95.26506665730069
808 93.74769647913377 146.1855560570649 115.5407924438075
809 124.006825744074 163.4286528508697 119.8961670971523
810 136.2013086048653 84.4654077949443 173.9016642249942
811 158.1779252002935 111.8658514645017 177.3904435416858
812 164.8031040748804 137.6028922224165 174.9779706748031
813 82.94263236602654 145.5258034792186 107.2372777840687
814 60.00459451475445 103.1130600105887 108.4440158200204
815 112.9611125459204 156.2201053661737 115.9995890969322
816 158.9203892695571 163.0387150438038 144.0858266318806
817 152.2911736973269 100.0277107629397 177.6796912616324
818 102.694744582828 75.7261851718268 157.4503872123942
819 164.9146214678586 151.3957006775125 168.7087206909727
820 139.3629453152774 169.4322254205582 125.024505572487
821 98.62370116877844 148.7717418356135 119.2120291403865
822 92.47278332581988 148.2693835362036 122.2373370921223
823 98.75498837239719 149.0739532207754 124.0802251247558
824 95.79300568990824 150.2315812510925 127.5497237096461
825 88.48474243885958 151.437111526675 128.0667842441507
826 93.99972667444044 153.066767603521 131.6452619333779
827 89.77289463779675 155.2126624477123 133.6512261744666
828 83.86482739449677 155.8327797661171 131.1006736390601
829 86.20328673400155 157.3946468573286 135.8172622106043
830 81.57850937160174 159.308391476735 135.0938712726978
831 84.98221680948195 158.4039673819127 140.1137276563557
832 79.41166784643055 160.0283222334041 140.5444756671494
833 83.7941392561209 158.3934272048507 145.3944300305163
834 78.79896291344964 161.8414723305892 146.2830631857154
835 83.27704500928849 159.8796500501651 151.302515706001
836 74.36920257492319 163.3558944862914 140.8472113977437
837 73.38527298532884 165.2078122564856 147.3395299198173
838 68.35296072157631 164.9788484974966 141.9018560480974
839 61.10256799767365 127.1442439411401 93.92362044954932
840 67.26889386822323 163.4512651422108 149.5464758079613
841 63.28324066636022 160.9317618409383 143.5962881999312
842 64.61936720471674 156.9634018733495 150.3708804724205
843 89.06809136444137 156.7870226064619 148.9669171376331
844 88.60693833523153 159.522556187039 155.2996772634595
845 61.87562787568449 153.9063901154105 144.2279975639433
846 63.86420102699427 149.863196835262 150.3034751438696
847 94.70258624070286 157.2085229371267 152.289552804176
848 94.13829696262978 159.7037045663154 158.4155565108476
849 88.76604913900591 163.4891270154284 161.0666673826625
850 94.62783174466813 162.7959156731701 163.5361741994068
851 90.08596366482575 167.0005637944383 166.2494604350647
852 96.02014659013415 165.2250640425653 168.5070304333578
853 92.02617659600902 167.9001583834006 171.8744593926045
854 97.69169918281709 166.7214020965428 173.7475648474951
855 93.79820138931764 167.4640521192419 177.9232955440746
856 98.65090922342263 167.3048938982069 178.6546503583585
857 96.15239658562732 165.6636626900679 182.9754475225019
858 101.8030968408801 168.4701680084111 182.6929980908976
859 100.0792297792481 164.8222609751848 187.4772006201457
860 94.15704806268981 161.8757270505549 187.5302378878978
861 98.80163765218295 159.8694222336772 191.4864528997938
862 94.29236575883397 155.6516856211975 190.2965472205206
863 99.47648870291223 154.1336548911848 194.351191292231
864 95.68142879932745 148.9422148662342 191.9958501975119
865 103.4824925359343 169.5513374550647 175.8079069679908
866 101.108173377866 147.9685366898144 196.0457963782011
867 97.96069979434489 142.0713972832671 193.1606032606537
868 103.6866725722966 141.6256117840135 197.2601064395187
869 102.7441974774988 164.0119392487847 192.8519206305658
870 100.7654693589868 135.6415931917798 193.953881626022
871 106.6048630899899 135.2843896382515 198.1803273039816
872 109.0622817565744 141.1407728454756 201.3767677985756
873 112.5080132568044 134.9792441611644 202.1696972156594
874 114.6564635647856 140.9410885545662 205.2408057951903
875 118.469010479558 134.8420352409858 206.4339026707094
876 94.72963248204302 136.1380241433704 190.1694517317159
877 97.50648627044002 129.7273222297592 191.0557186270894
878 91.11170605837208 130.3793093256857 187.3021257804471
879 120.6788010743553 141.3382029459711 208.5705490867404
880 61.67368800867661 146.7346915750227 144.3908589352045
881 63.53222907992829 142.8527876921297 150.3962407955871
882 94.1308442770447 122.9048215457258 187.5444741986803
883 116.0052480375589 128.6862297147061 202.5683841328479
884 59.96162087712646 150.765961473757 138.5961651863427
885 122.4775075605826 128.6996684852604 205.9772911887891
886 61.71812793548862 138.9659712650746 143.8720747808743
887 63.88425476171635 135.7909274806445 150.1320094650328
888 85.71155023089747 169.4548219601641 170.851241724918
889 119.5593389908807 122.5893397688082 202.0761083597891
890 62.58964612748232 131.6587238391005 143.9768979084215
891 64.81255454682366 128.9582209086085 149.9510918252733
892 64.25665637221914 124.5970788338595 144.398676742278
893 66.40779364399594 122.4975742967445 150.4365070013818
894 126.4253831155599 122.9440916016852 203.7084637215569
895 59.90172195069792 134.8852754702709 137.5332659183447
896 66.34726133527141 145.8854294957057 156.0604832247169
897 123.5423249341287 117.2931117997843 200.3413750875998
898 129.9837519022211 128.1058508257653 205.925391496769
899 134.4203144967378 122.5723181310177 202.9976974557451
900 137.9709686430754 130.4463956301976 204.505283171369
901 90.70992712434111 150.7596306016518 187.3748908748667
902 65.89373441498725 117.9156753660985 145.2497925638752
903 64.81980231774928 95.32926845076331 120.1467971978998
904 70.7588979028481 88.13389807248355 128.5080238798074
905 68.27850571816269 116.0890959476421 151.3494780954664
906 68.64637618175662 120.3856220622649 155.8459911130935
907 70.77217507013756 114.3520907090713 157.085497591965
908 100.2723427268888 158.8359318632029 155.8111417294779
909 62.60968413524783 119.7425461930387 139.3087001203273
910 70.41895169839486 109.6788747234101 152.4028857738696
911 73.48450055618429 108.3513697831831 158.4718125138642
912 87.51412461449935 125.3040584811214 183.4217938316513
913 89.67086541522335 118.3900047864509 182.6312798734275
914 95.12528312998893 116.0282453326816 186.0600488962805
915 91.72065311048186 111.5908588892408 181.6135056006166
916 97.28987410050433 109.2177240932724 185.0170001433431
917 94.19167825042871 104.762817065185 180.4023228330133
918 99.80172234515732 102.4396979494295 184.0213640358024
919 63.15231719514646 143.8115778213395 97.39855579491143
920 78.15853769293489 158.9996099978566 129.4006331882666
921 142.7733816438002 125.5960708603673 201.1979277411391
922 144.3107868087869 134.1439959963157 202.5100870855995
923 140.4900053053769 118.9374967148321 200.0025849507666
924 116.3740333037031 146.9065719509894 207.6318961912737
925 122.529110270784 148.2871117967931 209.455352760167
926 97.32664093585279 98.13983911925546 178.6507607734671
927 103.0744597536928 95.9389501408041 182.1648926444662
928 106.6102539917792 172.6095774733773 181.4814412663775
929 110.5214120530727 172.6030396245395 174.9067722251927
930 113.08258364581 172.6470186539105 181.8797404086295
931 117.7061313158621 171.9843487520907 175.8831882527093
932 119.4837192651345 172.468249633781 183.7115576495982
933 124.4134585805541 173.374138503261 179.2205131030726
934 124.4886867416091 172.4935125660249 172.6156694525113
935 130.1018240388337 175.8274897164775 175.0826349146661
936 129.1483648292341 177.1070086149792 182.3703925567375
937 130.2262079103631 174.201628729763 168.1950940888004
938 136.200607731016 178.9763637670148 171.5868551833267
939 135.5782440307445 176.535084928162 163.7682986104292
940 130.0803803864995 172.7054225313974 160.2889344335125
941 143.0149402023711 177.4868302410426 165.5506115938005
942 142.9732304490957 178.1834521110195 173.036213278073
943 73.29603531915311 103.2532399498117 153.3242098273746
944 76.87186565614519 101.8520059519155 159.0079218990877
945 148.2918796733177 174.6159015353242 170.2058590416449
946 147.518277550213 174.7719309143126 176.6141132594877
947 149.2633009472397 128.4528096644706 197.6788625204759
948 150.6735839986421 136.1553347676586 197.6279829371488
949 147.3317747346609 140.6914381251659 201.1018862664349
950 151.7732977333494 143.0761770019309 196.5971644002318
951 148.5872905339317 147.1171437678613 199.680042523467
952 152.3912006139903 150.121683252861 194.5365719014877
953 149.1935165785979 152.4098795851557 197.8172875581479
954 117.5776340767933 153.3652152066502 209.1930829309428
955 124.1708313605689 155.3621020860028 209.4973346084719
956 135.2338466590204 174.4900777672773 156.1260202095045
957 129.853193187618 171.7504388749895 152.7660251682447
958 106.018556641769 100.5463681172339 186.5136854574119
959 109.3598326353262 94.23718825102611 184.566116925377
960 76.97639552612108 96.93326860218491 153.7807112539058
961 80.64178519771846 95.57384396639995 159.2567614441001
962 68.2987677636121 160.0205045861269 157.0313848788784
963 64.23511456699509 112.9904027894924 140.3188838724897
964 61.32927848551488 114.4018389616631 133.8619096672681
965 102.1980677431545 157.0081506741828 148.8248145767361
966 85.31421522056377 132.5486513800379 183.5484014316334
967 82.36548261201739 127.7132549058788 178.9668647519501
968 80.34600540872135 134.7830745613827 179.0406624379221
969 125.0514944710329 169.3050880883364 156.4685395517482
970 124.6325664403925 167.7933867676562 149.4891742042736
971 154.2776747164915 132.318965082984 192.5809575754329
972 119.0101100628991 159.6615258702701 209.4039311144393
973 125.8961964738512 162.0026260468363 209.4319262029425
974 152.5514607425801 170.6114841130638 174.1589208938487
975 153.8220787972122 170.0590929353552 167.4817070059559
976 112.4923503783797 99.11450700590781 188.7932311687388
977 116.2669726734832 93.49593813342722 186.5048268836917
978 125.6274199215468 79.29164707731867 170.9653965348734
979 100.8738596308579 113.4110690702973 188.7575780569443
980 150.8704111717692 170.221003633371 180.3622003181255
981 155.3155801611363 165.5489627174971 177.6939020349922
982 86.50593044122027 113.7608498795267 177.6024200748978
983 119.4183489357291 98.50293472353746 190.8230956854242
984 121.22139577994 166.4962912995925 208.2452071902936
985 127.7849134044955 168.8829004754529 207.4478297323203
986 146.6139445175207 174.0304275627626 182.7490854199519
987 114.7879663425412 172.5094904420116 188.1771584566131
988 101.0126420406731 92.07118716894192 176.3607901664332
989 77.50940641049613 130.0041425005851 174.3115670296569
990 75.80518906094107 137.0965212362776 173.9500118173162
991 129.5056830879523 170.4466614893553 145.4108577543538
992 125.1667717149705 165.7376804410897 142.6026236651925
993 72.88232325544791 98.28826067434368 148.1459562592843
994 81.15690146758969 90.86645342860103 153.955655741543
995 84.75362251869272 90.44052099777812 159.6920141310518
996 123.3872075447428 93.71142367227377 187.5993853741195
997 126.1939290879801 98.26608079802092 191.4135252373217
998 143.8241348105402 146.0874824459142 204.5845811870143
999 63.28666353816303 107.7950874870921 134.9078169150457
1000 61.89797278693053 109.7324315112399 128.2204711623677
1001 60.09730045504144 116.3754289638373 127.1954729089493
1002 156.094304968794 144.5487992728857 189.250047577293
1003 132.7095918128249 164.1090023601791 208.1626980229449
1004 133.8182733642657 170.3787053234958 205.0361954393339
1005 129.2246444113608 174.8265779251358 203.8117364836569
1006 80.96969025662463 100.2304368415401 163.703857858604
1007 135.248933290462 175.5376615352887 200.4951522272917
1008 130.1825081979403 94.6005947474783 187.5229864105899
1009 132.8167857963363 99.08895374911167 190.9661803695649
1010 121.5375771740341 162.0076032055344 154.8287196723099
1011 107.7383179765815 168.3675674335014 169.3102607393895
1012 73.00698088288847 132.6300250827176 169.0817079429015
1013 152.8894778799784 124.2125099971732 192.7084964331933
1014 113.3785444697443 89.45423659305968 182.1932284661456
1015 117.026486490212 116.2840940849433 198.2092752989514
1016 148.772888206412 169.0933428677895 186.6432490228492
1017 111.8903612634049 157.4441524935797 207.4996228873067
1018 138.2661141250216 170.5564080011754 201.7560133368849
1019 85.7463501459828 76.15900771249397 143.2405222276976
1020 74.54122889707016 114.4343562455458 163.2524515850969
1021 136.7602611651178 96.01301597560115 187.0653979469338
1022 139.1925694797226 100.9982309149014 190.1692458118463
1023 146.6953203361166 90.79871139946822 173.0472302794245
1024 78.40534136159562 141.9031071039186 178.386013679467
1025 74.6811833850312 144.0540251234822 172.9352105739292
1026 77.17106925279191 148.7457040075754 176.9559412513823
1027 74.05376648985532 151.0439489424656 171.6528109491279
1028 162.1811519396782 124.3781966332379 177.9983986058297
1029 76.83823184315952 155.2622890521251 175.5528222588321
1030 73.84125025762602 157.7071119128786 170.262991127897
1031 95.29546435157525 94.14404407684337 172.8336931981359
1032 98.78487662731126 87.87496094365744 171.2223279995729
1033 84.93040229310679 148.34469266637 121.5327693088739
1034 60.55420078569321 112.0074515946925 121.4569988837539
1035 58.60852459761924 118.8399977810177 120.4196734631746
1036 127.3054333882809 143.3356647911183 209.483390831796
1037 166.5892854858809 150.7304374946525 162.8049748042079
1038 58.48527054985619 123.2768590779822 126.3323293054704
1039 57.40838253743975 126.1292694717536 119.9368840125779
1040 135.2926030900198 103.2324761687899 194.0657484875461
1041 154.8575620720361 152.8939265075464 188.566054213454
1042 159.1398332673608 150.1873154561078 183.9061844982402
1043 63.35390295621612 165.1086836955035 136.4382601282697
1044 120.5541108274522 173.4293194163417 190.1539969119211
1045 165.5413805289876 145.0280291020023 171.8091307484101
1046 128.6890426162611 169.1764697601508 138.3576631821576
1047 125.6958792780721 163.4781158574096 135.9590133956793
1048 123.2175904769381 159.808508324212 140.374085791508
1049 125.093108594899 157.216461864435 134.391140550922
1050 119.6224607697142 156.076300560806 137.6603978364556
1051 135.4936754750441 172.0643813833623 139.8098567121849
1052 115.7792340486196 172.6131615057414 194.2667831671084
1053 107.1238466984053 157.3848316877483 154.633947133879
1054 163.7791895064265 156.1641026454436 165.5335453643772
1055 66.32289034524388 132.7012759225166 155.1614311964098
1056 133.6102330058731 168.0621939265744 122.4183716406189
1057 85.63157220560082 85.92613641706718 154.1620737350587
1058 89.1279655822098 86.12154281213387 159.9212594041495
1059 119.5500727629561 155.7067282996108 144.1465914472622
1060 113.9062631542949 154.4974522402126 140.7708717819079
1061 114.5247174163266 154.7122683363196 133.0563358237378
1062 107.6558386625499 155.2794909223399 136.9057234681187
1063 127.624941721097 89.86244252629241 184.1065951398481
1064 140.6482541352007 107.0750665404707 194.24545795507
1065 161.8076178854536 155.4470099989443 171.6524617798541
1066 109.7280774306948 105.4769142956055 190.4205646144324
1067 57.56690742634083 129.9032690144623 125.3594728520793
1068 56.56243583139728 133.1644476221704 119.1190353265573
1069 56.53744388298523 129.1867536499015 114.1314472890327
1070 56.55589315028844 136.3130588666759 112.5928929858063
1071 56.53425964862902 139.8365831732626 118.0068862579839
1072 56.64752231470936 144.0666538348477 111.9557313990624
1073 56.64857742644164 146.9302558956777 117.471422811017
1074 57.14513982996252 151.0315515645342 111.2616904048412
1075 58.13556540296865 153.5849910900075 117.0457818082784
1076 60.34731219029366 156.4775338688415 110.6124402175325
1077 62.88051243585907 158.4425552179777 116.5312424665396
1078 67.23046997884059 157.9062635355693 111.212204827959
1079 57.10239229458104 143.6011741524038 122.4540584609772
1080 59.55172440164867 158.0948898156688 121.9706143818009
1081 63.47747601316883 157.0994094590756 104.977815658528
1082 70.57911631389942 155.1957882678846 106.2380201222309
1083 66.36346100271702 153.0751571685671 100.9585692460347
1084 72.63294869318339 153.5750379000217 113.3024223835362
1085 122.9352817918679 103.1988797640809 194.7707630078354
1086 95.62842158782966 155.3441069570392 136.0830027968636
1087 121.3827866633718 165.4586490236239 160.3268499205278
1088 71.21903236061263 153.2160032191705 166.0882255523699
1089 117.2976056097966 157.6709989506249 121.1287554918101
1090 80.75383083920954 85.18922508325572 148.5137374335912
1091 74.9804481073714 125.6455587984248 169.4026581405709
1092 57.68941548122888 119.6802006384421 100.3198047929973
1093 57.21242198808825 131.2374452264639 106.9548620742232
1094 61.60180105783479 99.5614696999865 112.3583832788429
1095 63.96439636065637 162.51222942881 121.2504914880887
1096 104.5887745713112 86.38688647228027 174.0852650973571
1097 64.08859128260966 103.3048760397484 129.6172114232393
1098 65.62602624385839 101.1843681714677 135.664619863907
1099 144.5839064430902 173.7547017101257 189.2291082974259
1100 144.7752880509635 104.0085275720458 188.8989240710165
1101 147.034901057219 109.5294195093266 190.8908854269347
1102 103.7830001072628 153.5340795879152 199.2020472202771
1103 102.7771464531182 81.71156207122709 168.934953903391
1104 73.37254497616732 149.6818786292802 101.6286445881785
1105 156.8683581131188 165.4416318965222 171.4732734727572
1106 130.0382387951154 178.8607940946461 197.8369502966784
1107 135.2096356629825 178.4717515071096 193.7006965175064
1108 142.8471804414736 176.8915044231707 184.8567313223102
1109 77.01657418697404 162.1507711773876 174.25043258043
1110 73.87029876471357 164.6231762031791 168.3478086481165
1111 80.49628301397982 158.3945434356387 179.2318978796162
1112 152.1082310184483 165.9875362369589 135.5038291655429
1113 147.0701801876091 169.0016294803944 136.4792772278103
1114 150.8658161646454 168.4392497845454 142.1901231627236
1115 105.2907890289024 160.7768183232092 160.694799085274
1116 107.0167042528937 153.2173471096923 129.9034852202658
1117 128.2042291314274 160.1470820720453 130.2613834216125
1118 145.5658872362555 172.0952127152817 143.0911683775624
1119 149.5140509244642 171.1726279916748 149.3095574483241
1120 58.20815374041622 114.2688591984155 114.6041843977719
1121 160.6553456937598 143.908691191914 183.4286120874731
1122 149.1175670603338 173.4276653083591 163.4307824121571
1123 154.8353035077633 169.2909613846511 160.698763722259
1124 71.47152873110961 128.1356172249398 164.2131859815383
1125 112.2580132510339 158.0902396807516 158.5767012030865
1126 73.90650243679858 85.53372919922604 133.4823702042472
1127 70.78155554556513 91.05103691546775 135.5020542314457
1128 74.13467249101434 87.39931831386062 139.6833890031677
1129 56.85327643515262 118.6950563292179 108.2035623564417
1130 149.7943294789943 107.4892821851902 186.4504794063035
1131 151.4385114645117 113.506042075456 188.6549996220981
1132 88.46218263557526 90.02871427563268 164.730011589838
1133 60.17172679570004 162.7808581670159 126.3456012835937
1134 65.71777739562323 166.4411792068605 126.1679985658525
1135 57.85733222224604 156.2969251383711 127.6656665677092
1136 145.9101374362504 168.2435970364131 193.1138628228065
1137 150.4795358384378 163.0181571598033 189.503309277511
1138 119.4811861095269 170.6377208457787 169.7312430197321
1139 58.71208919758612 126.8740572984674 131.4524367081113
1140 69.44686653273428 134.7804304173877 161.9703131806685
1141 132.8740323263256 134.1264839955525 207.4324938079916
1142 130.3312996799566 179.4389661761956 191.7366955984898
1143 81.32377048073636 147.0709976302163 181.51284071591
1144 103.819289836496 129.2229209227544 194.5352080976223
1145 158.1236349687233 156.4906218626127 182.3214330639131
1146 134.1343085970052 115.349935026224 200.1408825993672
1147 156.8262083620001 126.2586004964305 187.028451221676
1148 159.1232339938611 133.123566998836 185.2916529555585
1149 147.8696782814026 115.0948989820737 193.7724984036253
1150 69.6938618877457 163.600494912484 123.1582424899211
1151 124.1360900577556 176.3242624290413 200.1625062174585
1152 133.7879154670917 169.6119790502482 128.8159714983217
1153 58.12053901553037 148.0442771723986 105.320734800984
1154 163.458660590635 131.6311664585444 177.6634119302043
1155 96.47396044379963 84.02072388600153 166.372892380893
1156 145.0093031850655 174.7875503376845 158.4212999666173
1157 113.3971324045628 156.0974549118031 152.8618562077774
1158 134.2129769067555 179.5152459672498 178.6121788690103
1159 143.1520607871452 174.571097539063 148.4116262650803
1160 75.67016307106017 143.5051176560606 97.70903760789615
1161 92.56312546444553 143.4117128192085 189.0614698505534
1162 110.080475434573 171.4859074915198 191.9621382054335
1163 111.3783815783881 170.568928580892 198.3420404816308
1164 100.6598407495271 123.5212129104318 192.0677745630049
1165 106.9792257158942 123.0777394582147 195.3560322066811
1166 67.37977996365191 96.15894579210783 130.8202532499153
1167 156.4670960170475 137.5624452966865 189.120632987556
1168 138.252405522209 136.670442638893 206.18692239662
1169 59.88028025153592 143.3859894281929 138.3572508074988
1170 57.85046348701483 140.1963457174357 132.1985444024723
1171 58.23704025574291 147.6066527649646 133.3740986858611
1172 60.21735465287012 106.1211747411732 115.2492914193666
1173 58.39360951130755 108.6081338694919 109.5979789963229
1174 135.9928534373616 173.4196716090499 148.3720851240259
1175 66.73768487531757 152.707310979289 155.9617639919088
1176 107.6682950442467 155.0804683022179 143.796395597295
1177 72.26085984868143 165.4899627848676 128.5820279558197
1178 155.2529572444685 166.8265910246325 146.8875343900877
1179 78.49802128374856 83.23345607439865 142.334940620583
1180 147.719311707635 162.4066382902603 195.0934691780502
1181 69.04040658236381 145.6321778364317 97.53449408207524
1182 111.3049996064416 164.8347290649712 163.5895100373932
1183 89.17096172407877 164.7573960440971 182.3573575806745
1184 79.84673438903725 153.2580950207199 125.3887635474043
1185 79.15148354053002 149.3672984514081 119.79034810344
1186 163.0264288334282 158.8825194151513 143.8533096490947
1187 165.3392099673643 157.2288055887849 149.5171363730067
1188 160.8806744266247 162.5287440233879 150.1362971021509
1189 139.6262016693104 171.5317270213799 132.3395379575365
1190 134.3511558958544 91.00171378549379 183.3458996661878
1191 140.5537774454563 92.89720219363731 182.4313682890933
1192 69.840604060884 104.8803479431062 147.3872088656237
1193 125.7572447493131 153.6308107030975 128.2224959014007
1194 68.8518190114883 100.0800787909254 142.4622812109235
1195 90.61241770413976 81.45580982923998 154.676274715378
1196 118.3043575914548 78.61234589241545 170.7204468776812
1197 121.9482557234337 81.67786026367797 175.465629212702
1198 111.7212284776743 80.39382862904944 172.0552518997764
1199 82.75878700657327 165.2681894932549 177.2529481426782
1200 92.06777413862997 100.6472232236514 174.8562204828752
1201 89.25493679421668 95.90402927448014 169.2077031668339
1202 87.04794760120049 102.9139505530286 170.9340002587641
1203 110.1651861388849 129.0813959187562 198.1395189558578
1204 74.71926871328535 153.1741139898676 119.8897208093554
1205 120.9779566850417 110.227327785529 197.6004313316403
1206 127.9554073195634 112.661035141136 199.2727118653779
1207 113.338914866902 110.8574351638499 194.9662757146924
1208 73.16878363856543 121.5294776641636 164.436316111101
1209 77.17937658141427 118.6266026385826 168.9203321289261
1210 79.65535463332469 111.757884525184 168.0786163456643
1211 128.9120465018887 83.08331876566102 175.4619470165805
1212 159.5449527082016 118.0926765240602 179.7753850762788
1213 155.3289123602634 119.0830243231476 186.6370974473134
1214 89.0673702181944 107.1601887926732 176.4686242219656
1215 76.5889864076245 149.0257562408653 108.7437878142355
1216 87.88769810153704 145.0954647357333 111.9632096199472
1217 76.5250713318718 92.12566524758964 148.857090472447
1218 117.5704864836526 173.0332633504817 201.1837523510728
1219 129.0196594836535 150.59045703525 209.4948810619627
1220 133.6761270971694 146.0006556495718 209.2568618048439
1221 135.4501828512564 152.7025210009903 209.2261881624092
1222 150.3999887569525 171.5790457037536 156.2206058661919
1223 60.74593545825044 157.8698325726984 137.9881729771816
1224 112.3315187260047 168.246037127684 204.3760678286789
1225 108.2950933309089 165.4503112991276 201.0365253201043
1226 71.64465376784126 139.7077972132133 168.2789896458719
1227 68.91146243184973 142.2544556131238 162.0053632148136
1228 120.5800189982024 89.42727345430187 183.7900504403738
1229 57.43362891968548 140.0904427852645 106.5555541956825
1230 58.34255866335284 136.0187543885718 100.5904775777666
1231 61.10934673311456 126.882357850988 138.1432612449482
1232 139.732446279271 112.9728536098817 197.8048832375081
1233 75.85705578147872 162.8388860190534 134.8494065387385
1234 83.18697825702324 139.9633522599358 182.8693554193358
1235 57.45855116138053 150.3228868608635 123.4544047784786
1236 110.1881938901045 116.8972248989936 195.4196781170117
1237 113.599007301056 122.7213669882027 198.1332374356644
1238 101.5431500352953 156.6682078340162 140.6085462882064
1239 94.91601567274363 157.0232617381117 144.391485454379
1240 126.1996136713624 135.5893463995723 209.1311810796316
1241 106.6460286931956 77.35862291227728 163.4043697946368
1242 89.2404589703082 157.962026560791 185.9316286803159
1243 101.0629130903736 163.0048609730842 164.9998818140152
1244 84.36266105804411 120.6525249967661 178.4135482632939
1245 84.47214948029463 153.3655050487376 183.3751434648998
1246 104.4244515914259 150.8413581666343 122.7481134758606
1247 127.5726445377107 159.1255012385627 124.5902412643916
1248 124.0704004741606 170.5202788686719 164.8446913234802
1249 105.9198529140175 147.3310144046674 200.4449599900814
1250 130.8939067140096 157.344524851664 209.4706253345855
1251 137.1957144155813 159.325474363886 207.991182802107
1252 142.1423596933445 153.7318130075602 206.0637472322036
1253 141.9559748821745 160.5652615302965 204.3103832283493
1254 122.1912359011436 161.4336769078953 147.3287935056061
1255 70.88065975572344 159.663475146284 164.1082244115639
1256 72.4877402684041 165.3764373088248 161.1715849955697
1257 76.63193258268616 169.0763927223884 164.2777578868826
1258 78.05257513474163 167.227111396421 158.5177582415357
1259 78.64599614851946 168.5584790075437 171.032583390349
1260 83.86367365284923 169.0715841132006 163.3737126529634
1261 160.2609501690049 161.1430327011192 138.7074870999428
1262 57.34706441655347 124.7945476306161 105.0961126916321
1263 79.33109591009143 123.0309417409155 174.084562452918
1264 100.7414068441673 153.4479332866498 132.1648950980793
1265 61.07800154201201 152.7385193286741 102.2886059026448
1266 103.3784269225008 107.1862326328376 187.9472951759196
1267 106.9401357707855 111.7804955589772 191.7408282941798
1268 108.0864061213053 152.5866334259647 203.7811207685432
1269 158.5668756488731 160.0972904208668 175.9973987305732
1270 158.9697853637554 164.9197509438962 164.5445173054037
1271 159.7477180222998 163.7875739104442 157.4090693531184
1272 143.0414325415187 98.06946789744489 185.7325417098457
1273 146.6086507998664 94.97132856560725 179.2625652493733
1274 104.9700447862672 169.5510541948584 188.4469992621763
1275 86.1678002536101 79.5431001391013 149.1054450930309
1276 111.9420304837583 153.7492402719538 124.48760258383
1277 118.5964073904001 153.9563081792755 127.1493704863762
1278 77.72990607114284 106.9686771462618 163.6189386788705
1279 66.2745295597834 106.4806476043302 141.4217602561149
1280 63.53076831815542 95.26554128108687 115.3453957104312
1281 62.74508639367257 100.4205792357888 118.2171254108005
1282 64.86230496502331 99.13249979637322 124.4301474781445
1283 62.69301130148739 105.1562409095443 122.7564011632337
1284 96.41671379742341 77.61689993990063 155.2087420235792
1285 67.69589304724371 111.2684031918296 146.2233768251338
1286 149.9007197492598 94.66154741811833 173.97056883958
1287 84.83199376100067 94.58845196473926 164.2454193490837
1288 106.9675545471928 90.23995379555413 179.398521994771
1289 147.2801779496202 120.9762771766509 197.0310310870033
1290 70.99424047717764 166.8678788995068 135.1151356176944
1291 72.61032431915227 165.1159468662268 154.4425134491539
1292 71.21097005659438 146.5941252445254 167.3422230736942
1293 58.09831069415588 127.6544451638782 99.37152913832563
1294 57.29822489143104 138.1763980235941 125.2666615364741
1295 116.3544945449466 104.6174171548998 193.2870260356785
1296 133.5421636517191 180.0112856456639 186.8309385058276
1297 57.30853524167058 121.9777702724122 114.5208931350285
1298 110.7408554033979 84.68181567404872 176.2200553388608
1299 69.12724115644789 158.8189604615829 118.6699240656122
1300 162.0424877916872 148.0046573450424 178.7183650186772
1301 155.9190162146524 106.8209902721621 177.7261155232424
1302 122.8113654129951 172.4178555008405 205.4663782909348
1303 138.3912023512117 165.4596671219394 204.9994378486983
1304 67.30792038858282 92.36108234693168 124.3716926679783
1305 81.57858232745207 115.8152112084141 173.2731119791697
1306 59.87804094612235 121.1234111458047 132.8398004032146
1307 140.2782575619707 173.2021150956481 195.8058083390762
1308 129.2115211206366 166.8009015661166 132.1608877932395
1309 107.9164303533608 152.4997954273673 117.2960125586106
1310 106.3705702580529 158.8046788480383 201.8146417148487
1311 88.96014585833839 138.0648535635017 186.436223017599
1312 83.42165793808211 163.768047541446 157.3265836250446
1313 78.93352712503102 146.1213291378906 102.3089706176964
1314 82.13103292395293 146.0165015733563 113.8875723067104
1315 72.1677662342837 92.98190892397248 142.6865001407971
1316 117.9028408056277 157.0359203808239 156.2988262261912
1317 68.88266150070753 149.0621966561916 161.2658157266382
1318 59.55124404216221 161.0236173715277 132.2546557757949
1319 94.04179677212566 82.42852632371726 160.5685067823883
1320 151.5899559916537 156.3816964028545 192.9036486051023
1321 73.80382622194551 159.5947406891507 124.2149107360849
1322 129.5091930420453 102.8941154610388 195.0276943117807
1323 142.8353666141451 165.5537731784728 199.5323030697463
1324 148.6807325460173 101.3255754096169 183.3169157953579
1325 84.25686492435047 109.1242100287025 172.0326826942896
1326 152.7597124914767 164.8785995633985 183.6168090050428
1327 102.4676390912576 158.8187022351254 196.3973664266032
1328 117.8206500450662 85.1555101715401 179.4044916972396
1329 66.44681241004669 139.1669237390271 156.0376244091186
1330 115.0082823100382 164.529430583094 207.9532023695832
1331 142.038259984427 87.02901972693604 173.0642665671479
1332 162.311865642432 137.6667749697924 180.7601756632849
1333 160.790421036779 153.4103842347855 177.786515387263
1334 168.0743322211132 152.076584784296 149.5997665235016
1335 122.8002818837536 156.3904820171566 122.7030162680457
1336 86.86155353198531 145.4925876116809 185.1214428784635
1337 66.99482116492932 126.4736593222819 154.9886188220855
1338 124.8166547379827 174.8645433515382 186.2954676258447
1339 144.1859149833499 168.3965332808169 127.1605819699322
1340 100.0636611162755 79.51050806546571 162.2014462865375
1341 129.3259996159755 165.0201109720172 120.6702951883521
1342 129.7024087714715 164.9183646321405 126.7119584050259
1343 142.8993639747978 90.7718588172857 177.6459760217101
1344 111.0498049658418 146.5666922014793 204.1664203166854
1345 104.0756326593336 117.5917776352037 192.1675754994392
1346 62.09086903443466 133.5114271606729 94.46202841661163
1347 154.9476692472637 111.4472634485747 183.1768080128236
1348 57.945442005014 133.5937782875643 131.2395197926462
1349 155.2411257649905 167.5471637659107 153.6788320870484
1350 163.3731845001452 159.0793388415788 155.407759692208
1351 90.76335523962 156.9144450455071 139.184208371503
1352 66.26389600301302 168.2317022816744 131.7170413256912
1353 78.37305257765594 163.9958152160743 152.1977470368169
1354 160.3134749683933 160.7498177276049 168.67556122803
1355 88.39279209490624 167.7558414159637 176.2517589132547
1356 58.74986064863466 154.2968074876356 133.1195481970926
1357 93.38882469675369 89.45967943727948 168.4585857703768
1358 143.0252984599158 177.6271450845068 179.3974103896223
1359 106.613746037144 167.983221390612 195.7448671131818
1360 69.13993530777333 154.9387224310491 160.9273724523792
1361 59.44158998663232 122.3819127915835 95.41984683884947
1362 77.36931802628796 149.2950915517209 114.8442974243119
1363 133.2740174123846 108.216083392836 197.5026215916932
1364 62.87618463494009 95.15338037899909 108.8990907177697
1365 125.2309472204767 85.29690508008123 179.6548932654162
1366 117.571771078444 161.3013826570618 160.5477301288181
1367 117.711090859986 167.1874274878 164.7928423617194
1368 132.3214460428579 81.28212861153149 171.3737447538476
1369 132.5469110689319 86.39288313867796 178.8108579640305
1370 138.9394556637564 148.1170838730402 207.8414360770198
1371 125.4574829642304 177.0424987264206 192.6990084260319
1372 162.9258147768842 150.6745869404965 173.5127948353889
1373 108.089805699176 79.12553644257763 168.823722344176
1374 154.1184446225108 158.9260027466676 186.3393463674851
1375 68.33036300999137 96.15823128015839 137.7339482933529
1376 102.012040543054 165.810625801281 169.7750596007249
1377 144.2108515689539 112.1702546765721 195.0943207186986
1378 140.3791512499101 173.9063364026921 143.5392972758158
1379 68.7668508610187 129.3394851273563 159.3745688152791
1380 59.34269971964458 142.4061253726202 100.7753847124496
1381 139.6058312856374 177.7276740970911 189.5037446353359
1382 109.8132931341386 172.3974141649866 186.5162261034557
1383 142.220458155094 172.1502585587828 137.8909072844518
1384 119.8667719965243 156.0880938012716 150.5308642119154
1385 76.274132088394 87.81449388274726 144.5952756244318
1386 133.1606718458923 170.2545137543867 134.246955049938
1387 105.8064658977109 164.430075823835 165.3563913731009
1388 81.8543880508398 78.37115740141464 138.7391481222052
1389 112.6615839076436 151.2724088315553 207.0342520244872
1390 90.66038127877798 73.82147969215102 145.5139827934384
1391 168.6319790626178 149.9059263455379 153.6975339838581
1392 82.27948200479842 104.8003832274039 167.3852203286502
1393 120.8642959500345 174.4215746156738 195.7504613850431
1394 88.53067137123898 146.3415543818055 117.1672415994598
1395 58.92782814195051 153.9122798273815 106.3947862289486
1396 146.0475178092362 151.4650747415447 201.98845210396
1397 59.1507883966054 106.2308856713405 105.1044564303096
1398 113.5920247604002 154.3766156430187 146.7781702813085
1399 162.0924579229185 160.3634506751414 161.8047751376303
1400 132.4416615606806 139.6009945792419 208.9010325382325
1401 163.3589513940948 142.2577419891488 177.990227488039
1402 155.6299235765636 165.0764887017881 140.3966981989575
1403 61.50647075385396 98.54336826109113 106.494582372916
1404 80.00657802502135 152.5262687114883 179.5732481383578
1405 145.0220423903892 169.2519947348649 132.0188830615232
1406 109.9343536693696 162.8186359034466 205.4203623575773
1407 120.9256076819227 154.5588672610765 132.080814595452
1408 84.70693897416443 160.4531407216197 182.6566031521047
1409 146.253033611248 173.9593381668725 153.3023307703054
1410 140.8856738508689 175.9069348926788 153.8169199676539
1411 113.7919654407439 169.9985531019421 169.5317926544838
1412 166.6104594680405 153.9611402938336 145.9105891023137
1413 155.9913157760663 163.8095892399901 135.6877074619221
1414 82.327530043274 80.27541128905524 144.7068674134762
1415 104.917996010406 163.0979432354043 197.7557226403005
1416 160.535878619499 127.4507930095358 182.4121596050165
1417 119.2862975854714 161.4063568077635 118.9288086528897
1418 151.60361608217 118.5027214175149 191.5295549341299
1419 139.8050879612196 176.7630288549777 159.6668042286473
1420 103.3079585561005 150.0676248221523 116.3063791444565
1421 129.253026273895 118.1188288806291 201.6781157919272
1422 137.8728306028194 88.62838279842835 178.876386455653
1423 69.82996163137838 124.1221497870105 160.0039781851104
1424 57.50731158066778 113.5517381380362 109.4610778128826
1425 108.6719174851716 155.3446378048399 149.4515624354714
1426 154.0429363255503 138.8334863266962 193.3708733967176
1427 57.64239021584674 150.793674799718 129.1268107148491
1428 167.129232435368 147.5705295923042 166.2257434115359
1429 101.3304883932722 150.9102716667679 127.510222133199
1430 61.98451642672727 148.6427196876912 99.88538866687675
1431 142.9045589536707 139.8024181726642 204.6536445234425
1432 165.1868266791594 155.1474732032862 159.18464547905
1433 98.96279397000569 160.6057742128355 160.9289256548306
1434 98.8698509325599 118.5556368523214 189.2270886411871
1435 61.85935089123805 139.8544035511922 96.43822414345036
1436 66.67339457889472 142.0274323515492 95.87911239358354
1437 66.56583747279785 138.4767484802234 94.35495793621047
1438 159.3273189918637 139.0849294857168 185.1645160285125
1439 126.8394826854951 107.2090439188261 197.3685043856135
1440 91.92206539692359 86.1471745185713 164.3947362342847
1441 156.5057658320606 161.5745108587749 180.9182364339536
1442 145.7471313108394 157.6937817324566 199.9912601807276
1443 159.1220724048949 123.0424582782989 183.1452103494118
1444 128.6282106645418 177.9850198122571 187.6720088578538
1445 167.8116565607281 149.7300863935735 157.9383802804721
1446 84.84140674075806 99.1070703511196 167.0733658364709
1447 99.55486633110812 73.69633731988819 152.484593790389
1448 152.3914836887469 105.2959403230926 182.0365843202788
1449 59.20382664096401 130.4635261905739 134.737242576294
1450 148.3680998545772 166.7519455074317 128.7175711958667
1451 91.11485957422516 77.03531666268806 150.8576936436347
1452 88.7443741807773 157.1139623977796 143.6907728869504
1453 56.66436636949068 125.1329461029369 109.8854427868815
1454 57.50560818800433 145.0472811221696 127.7813009105308
1455 138.7938722111623 179.3938194378481 182.7582605686842
1456 138.4757818402743 142.4397322550126 207.3072061650921
1457 144.2353765147788 116.1337625739334 197.0323375356095
1458 61.90056306529176 165.7583797589083 130.4705346419681
1459 139.3055555506072 179.7134007045049 176.5722636292369
1460 115.9680442756538 81.66329166379688 174.9455466523336
1461 73.46520209318462 84.12050519354958 129.6148981819708
1462 117.6593994020098 169.8425850542356 205.9886889866053
1463 71.09024439242832 118.790315640266 160.1941855356833
1464 107.1102520547407 82.24504167224467 171.9384406169299
1465 122.0176730593553 76.76160475277992 167.9770085017541
1466 140.4597449142366 117.6653068980707 117.2848661137763
1467 115.3304805034626 123.2493172939545 119.8315204732577
1468 146.4811572564338 93.82589492252502 119.8227857353571
1469 141.5385169858345 121.2453278078242 145.033390325088
1470 147.4869317193947 136.8210468809866 99.31596125273597
1471 95.40566792326545 117.7303566939262 115.4606551033585
1472 116.5675409507067 101.7398695651651 113.8719563125674
1473 115.9473731499698 90.34250164540462 138.9560969801484
1474 119.3054252044405 118.7120231237578 138.8918160200782
1475 151.5497097269258 141.9524366832992 113.3185564837251
1476 142.1708402678202 150.6295362232667 113.6051219407597
1477 136.954885360079 148.1961722578654 92.23125185834722
1478 135.6820974146431 154.6263800777669 91.89260562728703
1479 149.2319854718187 152.203221114893 93.82554822472837
1480 158.1449818447287 144.7980439494976 93.03040094736177
1481 151.6820154930588 139.439828193281 87.20803701832259
1482 154.721304247514 148.2601219812797 85.26687757168887
1483 160.8311678166204 113.6160420017949 99.18277216840023
1484 163.2426191303322 113.6446800274322 106.2094417553314
1485 147.9270480495752 100.8741917260027 109.7079291397241
1486 163.816082659676 102.9901075616685 113.8976156292486
1487 163.5019168253316 127.2702658855529 94.78927531820152
1488 164.3164008900628 126.9853806560721 111.1996196815948
1489 149.7293343410995 114.1990581716961 110.4283895673671
1490 166.1803625120638 116.4992569225328 123.908747906785
1491 166.6996338535038 126.1442254952973 123.7995318746446
1492 168.4636097247007 109.557032995517 135.4431238468263
1493 167.3098887903417 103.4813431706495 93.86585288021038
1494 148.5418841869231 83.71610132773114 110.2613137726419
1495 163.1504711583172 101.0818853493445 121.0261534916232
1496 151.3890451997351 100.4971696841047 124.0452296381364
1497 126.3433434698005 84.77507991164936 153.2363455144142
1498 111.0681444096948 86.59398944040757 150.168015769342
1499 92.78198102562416 115.6126629028397 142.4618321299418
1500 117.6531050593618 118.8101527798542 166.0761966099709
1501 109.6014587173648 98.08036026187106 151.4420995647585
1502 125.4306377512183 102.7330242917326 154.589490439616
1503 126.5229668713004 86.51985787041669 139.6776865797264
1504 122.0421897871627 90.27672273974363 119.0777580661012
1505 136.6248194932512 102.3420206840205 150.9485914581079
1506 151.881687004423 115.4444342461182 148.2716043731763
1507 137.8135845153891 109.7601999107893 148.2987510130814
1508 140.6967996971889 124.3435281177429 151.7957558708511
1509 133.4052331506127 110.6891883041959 140.2438592320497
1510 134.8354589592147 97.88928874990718 165.7741003099974
1511 136.2373513350808 103.1646758748346 140.2518687290695
1512 137.9879538147356 102.2956790179252 120.6630557412942
1513 136.4699462571079 87.29864041022702 137.6951651905109
1514 152.4067557871228 86.66765631586902 139.9125070149111
1515 155.4518794274754 86.26852232867851 124.6461792363652
1516 141.8574547315522 85.68224231894079 122.8299828870677
1517 135.8490817694644 85.58423981080354 112.7071210402065
1518 127.1147954302033 68.84466002377927 136.2988290763627
1519 123.5625295653869 71.60925786871357 126.55991279114
1520 122.3968308194909 112.8032820295873 150.8240529715067
1521 126.119231108222 114.5326057789824 165.0998807146469
1522 126.0375432340747 102.5406189201748 164.1691733871516
1523 118.6989775098603 95.4875211837019 128.1879407896081
1524 136.9337247565406 119.1787857734496 165.7924555696572
1525 142.0377748147287 75.41403482325444 142.0289150064784
1526 139.0019702855102 78.06973644689398 127.2471366017843
1527 154.4458240517752 102.5737461083107 135.1175332671636
1528 153.9328875996283 114.3526203349518 141.4021163502923
1529 155.0862085511199 73.70513020459198 113.7820968760062
1530 140.0753051749729 75.46220833313433 111.3986517099462
1531 97.35408293348955 138.1184582041298 122.7246602876293
1532 76.57555942029842 124.9487014699041 112.850528863461
1533 74.41933852554486 142.7411302601986 122.6645569516247
1534 86.04403203720001 138.473768711097 125.2109800014991
1535 112.4056004050699 129.0871567256245 107.0775589507168
1536 95.56713933945123 126.0217742396974 113.2044574035437
1537 89.736495595382 99.64736645626715 112.1755503632977
1538 85.34810594493065 113.6304414951602 110.421219146138
1539 89.37311323277569 123.5623259581618 110.8787871910916
1540 88.71453892779046 127.8661235367428 127.2882045481449
1541 84.98916922381999 129.1975777563022 134.1033485387582
1542 72.36636135404468 110.866853658118 106.5705139725716
1543 74.56599839880153 123.8138927937111 121.4240530920808
1544 88.87888341213454 140.3417594522124 139.3797350481179
1545 72.86820063376835 137.4710184967578 132.8253281521494
1546 148.6552071696073 158.7527431512719 124.6960712174117
1547 133.3977253260042 154.8044044648433 124.3810752597978
1548 135.9739768178769 142.8256659950582 121.3043793981
1549 133.507439229132 155.7280272707649 139.5227055788325
1550 150.0315462446553 138.0016193339334 120.8974450466857
1551 93.69512732132269 86.03127900856842 134.2756673018641
1552 85.04283928629029 101.8554483677885 136.3028461081214
1553 154.1998433993222 129.1257389067592 146.2294753106177
1554 164.8340817020008 125.9694376047016 149.962182179669
1555 156.5912075354217 106.9777046294585 161.7597242042902
1556 155.6951178115871 126.2589160838555 162.3124167132081
1557 135.6747951218072 128.7584386666159 163.4838187532598
1558 135.4124974808558 108.2280671389784 174.6716653311917
1559 101.2069310988544 103.18284270376 108.1440696086896
1560 111.3319170362584 113.8842607717669 109.3104398584042
1561 124.687595491875 112.8604082149544 109.3446746389012
1562 113.1640907818255 115.6065467031788 123.29494242464
1563 115.190197697287 98.41335330970912 107.6015383678798
1564 125.0693117276112 99.34913298552082 112.8162020066753
1565 138.0485187433094 100.5857514812963 111.2039109832617
1566 114.3419188303908 85.63383650310456 111.6341902406725
1567 113.0269645933868 101.2712962910854 121.7781173554237
1568 122.116341793254 123.9166731744658 114.4830867872187
1569 127.1286626041163 128.3072961870883 123.9907827193453
1570 127.2356281463468 114.0356602798515 126.4272703965287
1571 127.1136584478322 90.37116552484929 107.3660020265412
1572 124.7562032675529 75.51884770084574 110.1202025856106
1573 123.3570761743486 105.1132028150639 123.3901097154972
1574 121.5961803871179 91.72814016651016 105.9179584509237
1575 99.43603703508333 87.7068067768643 110.5205887715582
1576 113.1185887804862 78.05764640157621 110.7847170955121
1577 109.3838235542096 92.55924338253463 123.0771928575267
1578 120.8111401352885 67.20402967410723 113.2199053895272
1579 85.25259210578987 83.91515882622308 109.1415799834317
1580 96.18541763266228 76.00464975653193 113.9914967079193
1581 101.7474568631999 92.84972085503279 125.9139187235308
1582 108.8583679039959 73.11738967266376 124.5932082188947
1583 98.39989503867716 114.8853699828121 110.7742438702753
1584 97.08408247900923 104.0114027576923 125.1416306635907
1585 112.4714972373742 100.1639645765688 138.2145590277794
1586 116.2028140166291 92.45549296525358 106.9415265158045
1587 75.18225481329907 112.1070371017096 120.4564879704452
1588 155.9514544485513 83.69354522081568 143.2369907135262
1589 138.3455433059746 62.64014210822229 108.08324918515
1590 147.9659011298443 70.90201154467738 106.2375805003667
1591 142.6853881354352 142.3466955104196 115.169706020471
1592 138.7119277934408 115.4366608239618 110.4844856485561
1593 127.8242882985961 97.13226196021238 107.1337781324081
1594 136.7632690666268 123.3623396168294 110.844733418573
1595 141.2687602776618 112.1579547959436 124.881257463646
1596 125.2082939736248 80.92543238902255 107.0360960536648
1597 127.9697409988324 92.86623213038085 115.3645093847436
1598 102.0915475703806 61.30057044553229 103.4874574883103
1599 123.3041344443929 118.0186298713376 172.7064186198917
1600 138.969973498089 129.4973917586299 175.0479135238326
1601 127.2126192160761 46.37926858047178 110.3135644700986
1602 129.7613757289641 44.41284553163093 101.0825862127588
1603 82.55918624222622 83.71148244606911 100.6635853626876
1604 89.42128571689187 103.6700425105842 120.2161364911351
1605 97.02799794725901 80.14764407681051 106.1625191263592
1606 97.04972689192408 85.56507426757466 103.7398233447576
1607 142.9822606022545 94.61823650231696 168.6609408304415
1608 109.4728420144791 99.90446542582447 162.7882658062397
1609 124.627859646322 98.51406060153835 175.532852494191
1610 151.1143557765489 134.9023727064092 166.3822049722456
1611 137.3184408775726 141.7319485153518 165.6277630163834
1612 124.59524950329 140.7599786328529 159.7798329096272
1613 150.6776881154701 155.0736315485113 166.2838571852068
1614 152.1953014515143 139.7427195542062 176.2204742505134
1615 150.3789250532377 139.2378993580529 147.4900178600649
1616 112.1372712919327 129.2378795839758 126.5525907574571
1617 125.7611556265318 142.9173657097318 107.244429037802
1618 112.9111580166583 140.7783323226601 122.3439236657596
1619 108.8472869467547 139.6399159823911 138.4801188475018
1620 101.3030245945035 116.15954728912 122.8143759516041
1621 101.6823439346969 124.413833170573 122.002682619395
1622 97.23458934090766 122.6126336284356 141.3150985534771
1623 98.27935578401885 139.4797118706436 106.9519350321606
1624 96.77308871128029 142.4883387190555 138.2005237913057
1625 165.8368226402495 130.5657195648018 87.16673752317874
1626 166.097154300145 132.8975237740148 94.60726397486262
1627 148.3008057129142 124.9335212715743 106.6779382423119
1628 106.6053548556162 124.7355002030697 102.0949797302796
1629 107.1185901361794 125.6888389414539 110.3633197028529
1630 115.2974186709154 115.9987669179709 132.8002820418091
1631 169.8173160488739 97.21152945144426 111.1626323607942
1632 97.49676286555106 99.02071315128231 135.1154764024085
1633 168.4371925785584 124.0822068381379 114.436466243128
1634 151.5166464476337 125.9119422415567 123.7881877628669
1635 165.2846574338362 126.8498532162738 136.634250858811
1636 114.2331386657238 68.761340763774 135.5406413870647
1637 147.2837078904215 143.3161593318725 142.0748403658372
1638 150.9752152807011 152.8771059103701 148.9181094764201
1639 121.2741206156597 85.89620752622989 105.4765316388917
1640 140.7014970567014 127.0356135362774 121.0169719056094
1641 119.8197754358696 129.0576694497066 99.28673384782923
1642 124.7907185791343 140.4067172289984 124.588276108276
1643 119.1088227530153 128.9309976015365 139.0301554233516
1644 112.4799897325628 131.0453834138345 100.7973281133541
1645 127.6317123116713 156.2552706841557 100.8769110301074
1646 97.2805206663334 97.63241486845335 149.4602491881598
1647 93.27844583772502 76.63613752829123 141.0006828794233
1648 98.7485022333356 112.0594283350255 136.8604864820683
1649 85.86440856338362 110.0934933877727 142.2738981374233
1650 150.2060144552752 103.1625430775693 97.54878304205398
1651 151.9078247342237 114.4740260440605 124.7526377703935
1652 146.5342435646647 111.5362879136879 98.03701604499366
1653 83.15227364670596 110.487034328369 120.9063634278277
1654 108.6693303990404 118.2971930875017 106.7055915454398
1655 119.1714644243445 43.94287973767408 109.0367598468708
1656 169.8320444482935 128.2131018187405 146.4194304936543
1657 147.2782665159403 125.7918383971476 142.2149005387633
1658 110.3099317907121 81.22349095901313 106.8591404252524
1659 138.3749383602802 142.019664580412 138.8959430851103
1660 134.0658937031119 153.9526455044154 146.9338601879085
1661 123.4952830234105 110.5455820726478 133.6219692127382
1662 113.8581702167201 113.5454679618922 104.1546526500977
1663 116.61285726451 105.4981379425425 105.5958655755638
1664 99.38437635041758 108.515244753097 162.5997267767594
1665 114.3720775861042 115.595058256083 161.0230400222233
1666 127.9526968463415 137.0681601320236 136.458931724795
1667 118.0042742898557 80.66531517608789 107.4647994541447
1668 169.9274343347616 128.9946402835073 133.0454433279919
1669 169.0728900722352 95.60054157078146 94.95903856705638
1670 164.0875026503632 78.10325709422837 107.2852998056617
1671 168.2737566476113 136.1993570005653 148.2502450925991
1672 161.8369859162482 136.1479978467762 148.3829343319927
1673 138.0967066987915 142.7332920618226 151.7915649228272
1674 122.7688843664075 136.5034185107083 147.7211808571219
1675 167.8035901239583 138.5776486686586 154.7360258452179
1676 124.8337411061208 148.5094767820998 100.7132314946094
1677 124.2763786341452 159.3378650054631 111.0321460773867
1678 166.7816913270321 130.9929234172577 113.7062131302501
1679 160.4253493643249 128.1412535055082 114.7514917559725
1680 167.5637706437984 131.1722240549361 120.3188631251999
1681 167.3457441299773 131.8217759230282 106.6210640526617
1682 150.9091237147086 96.86885012444155 99.00366849873933
1683 109.98984655277 49.56600246688659 108.8765326258957
1684 159.860230177461 70.7454437680981 108.2030410145519
1685 170.147336366375 129.9487491935451 125.177084578424
1686 163.0100228526736 128.5932699059436 126.5518764638997
1687 135.0786070023503 122.1494121946192 134.4868666999748
1688 165.4878240583256 136.6843210371102 127.313539278091
1689 169.9555144056121 124.1220608817836 127.7594183357449
1690 115.1551473976899 75.23422461141242 146.0427042313488
1691 114.077229102788 81.57340028520707 143.4924818169389
1692 114.7691123963177 68.79431774777532 142.7110627988055
1693 115.2713854685565 74.26950512913052 106.7788590864744
1694 121.6975614263577 72.08774289302255 106.6548375697241
1695 167.5809889567551 138.0360749533261 133.4679891658706
1696 159.8159452087582 138.3071913569338 134.9868553966898
1697 167.0311503507179 137.9575827577519 140.9574268704083
1698 141.6400599725327 143.386707974172 94.52859464124789
1699 131.19987988177 141.980813342764 93.23774753629336
1700 93.42301221172004 65.30884335233455 122.465834259366
1701 167.4723497351127 90.4033052455773 126.826493840187
1702 170.1361246991976 101.306736707744 126.7385450210737
1703 109.4565144914379 88.38546261473348 107.8302476175645
1704 115.5440712144024 86.77001787432575 106.1397632508598
1705 115.7929386226368 86.81338020727037 119.8553744784853
1706 163.6057853730718 82.76596134684735 114.3553537321493
1707 167.1239580543031 89.65756164662164 115.7545539496707
1708 135.0569281354715 66.65098866002367 106.3388857413249
1709 68.25515681299608 137.1975896243187 99.76087378113391
1710 75.64717108434081 130.6265504932406 99.32405408913671
1711 71.78834373968201 133.2401676806286 107.1946766678616
1712 77.97734414427251 139.2182078932346 105.140729672273
1713 133.071694376595 108.1778212577343 103.215222504221
1714 109.0436812669424 63.12536644667677 130.3631826609605
1715 108.2052877475086 73.9668800491104 106.5114422795445
1716 169.0771836473986 110.9828723964264 113.5209085781929
1717 172.1696351867526 110.6742676451885 121.6532135515549
1718 104.1558893672018 91.42829404367387 108.1969493707448
1719 110.2603726820327 95.33329064681477 106.2120368252654
1720 109.1215865729036 89.48823086534986 115.7672811069147
1721 167.7324291224707 90.49577952586232 105.4949769980462
1722 150.3048622169546 69.15452297686258 129.5501922745106
1723 149.3602005111138 63.37437666291964 123.3218531636694
1724 145.2065744967259 150.6888349260408 85.66529510315864
1725 149.146970555789 143.4767596548823 93.7259713833388
1726 163.4568117251273 135.4361605797264 153.6806753054754
1727 168.1546838796862 130.005378045914 152.9784011456721
1728 123.0270125827514 82.37286374814299 166.76749261816
1729 74.69493823626988 83.30298983379677 115.6659556918311
1730 115.5935718154549 75.97932118390897 154.1667670141346
1731 114.1554161035241 81.87008051903972 151.4656204277311
1732 108.3788248283125 82.17461173065213 155.2733982483043
1733 107.5056904381889 89.93215448878949 152.8950666865347
1734 107.9124489556218 111.924888586467 150.1140306306248
1735 97.61942552416971 117.4634994083148 149.200577158268
1736 115.6207663317409 128.0332835870916 153.6171751930676
1737 107.8628090443241 84.65194104872486 146.073238659698
1738 106.7980261810643 76.05454257199477 149.7475896726876
1739 117.5926194555976 66.40091573589648 106.0808302390454
1740 153.5688621484245 73.98928113967612 99.1139403387819
1741 63.36391792303608 129.7159419116889 104.6202257578501
1742 67.6135877972395 127.312758665615 97.73936495493135
1743 142.0084823335569 158.3240581605641 117.5276545570401
1744 86.5652148091086 103.080302158395 100.4185897795027
1745 82.76096510282609 103.2126720761172 108.0286131604566
1746 91.85375670987763 57.96819767015609 101.2628369946273
1747 148.8938831398926 107.7649059587633 173.0173972674989
1748 113.1442894673123 111.0028336747014 179.5224469745777
1749 125.1052406263295 127.7430598425656 178.7570072166168
1750 139.5519456367537 140.5236564045152 171.5203169727575
1751 142.8654504209147 120.4778213571055 185.357918736578
1752 155.8996993995552 114.6964243765 170.9467884346146
1753 107.0684617554116 42.67801400582191 99.90832297436647
1754 161.7819640267085 122.4707262591765 166.4350989580095
1755 123.7977068038475 122.0994153378598 159.6382652522202
1756 102.5130301466885 77.04071506474962 106.989744112206
1757 103.2161985285572 84.27594429378867 105.6102652652225
1758 103.2581978596657 83.50550962538679 113.6254686351992
1759 144.1242492125601 135.5367152852716 92.79805079488516
1760 117.1733924193974 61.38540751027809 128.0318840094663
1761 119.4862154690807 55.23125057541329 122.6720635032243
1762 119.5900192746706 49.15849862025184 115.3287879155672
1763 94.84240715129673 62.78947831161732 106.4883064231624
1764 169.8972675012483 104.2318605237093 117.5912473448403
1765 99.68020620059686 75.51648332248715 142.4081486049656
1766 93.45601325037177 83.81259741847892 140.9876641344456
1767 95.19890669313703 80.28897648120063 148.1327820435862
1768 93.95619229565732 77.25035506858499 134.0088797366812
1769 82.80393242417291 67.5687704191993 100.7521549516238
1770 75.95611511061998 76.72770745902558 98.3475308113354
1771 101.9106709551182 80.51879341962082 148.5453005554567
1772 102.4578604444724 89.3771833350381 146.3129008375764
1773 85.89638983903041 114.2135041755454 149.7233725040342
1774 100.4630108879819 127.8481264500539 149.3586122624461
1775 92.79616448852703 63.08154248825474 113.9222642063311
1776 87.73650060723048 70.27730085235355 115.617556314179
1777 85.06067024579637 109.3942316438114 101.6103581064146
1778 155.8126209613753 144.6510828924351 100.3447660671467
1779 135.8672131204658 155.2499345710573 101.0558730356287
1780 134.7156978708747 156.5982404480209 110.4438482792719
1781 162.3064321663328 151.5064976289728 139.5806912300875
1782 154.8689003602928 149.8423984229634 142.3264407386978
1783 163.6667990177405 144.2286513785179 138.9417764206991
1784 162.5534566801365 151.3790728355915 146.6567645767362
1785 92.60303987496475 109.3731593747678 101.1452090323582
1786 98.67961850000573 109.9346068384823 105.8558419042651
1787 121.5094568297667 99.30618177792574 106.6653162427122
1788 121.2401450753836 94.68329350958336 112.1876187941018
1789 80.82924077546748 76.99550234501891 116.4164163570884
1790 83.90275565450011 90.71663633404246 101.7186445696425
1791 91.40927735109243 90.23516432207843 104.2268442143911
1792 97.81315966449098 91.41640529212398 105.7036306576479
1793 96.68444075340872 95.11414336606263 112.5842293329949
1794 72.94517782825855 86.66563139876125 98.951020527406
1795 76.52590911680387 94.86067699622352 98.31593951827676
1796 83.34179065457546 97.7632667425504 100.8413536343035
1797 75.40255508041267 97.73213152270272 105.6880402405009
1798 163.6663000519254 84.46331950716078 122.0714988052574
1799 121.1667644302069 45.31432112492865 100.8627871025303
1800 89.36915027423423 123.3361223732693 103.5612148340024
1801 97.6626042667931 124.1092103813949 101.2408469942159
1802 82.73356235017255 124.941833553557 101.158370528246
1803 90.8048863529628 116.1033250313331 100.3827903613504
1804 170.0642927061146 117.4071305351807 117.3901963577079
1805 80.77210699946865 74.5680729383083 107.401551013204
1806 76.07613640106187 81.15173675383609 108.4648120122927
1807 77.76624289593792 89.27012325757099 108.1220611449915
1808 70.82443361532455 89.20484069975727 107.6590000351388
1809 67.4926327285645 96.62258758711428 108.4781124512697
1810 120.0323169038448 151.4809780729826 106.6187847716012
1811 137.1992043195173 152.1857130629463 161.268053486373
1812 126.9402712372085 62.28093272263239 131.055701616443
1813 126.1603598733227 56.78417015996865 126.1005029238864
1814 128.8558575128584 51.15120871199565 118.1865933801358
1815 148.5171414442651 54.94219792644 100.6040059154376
1816 132.1339567076477 128.6342119162382 98.85678598202105
1817 112.340731583592 71.97300300606223 113.1197580900656
1818 167.3191369323291 108.9351785948367 148.1012155842007
1819 160.0326506596275 108.119816533299 146.9237620684117
1820 168.8332746718276 116.5040220451623 148.0133985999104
1821 169.7556710656327 109.1063384638738 141.5445293325066
1822 75.11085460099312 93.74578530426716 136.4230803036291
1823 125.63514710015 131.5745283356099 98.78215609707192
1824 141.8354100744275 48.50342112601909 102.1482819089313
1825 113.7057589135425 44.5285921048314 103.2061316842211
1826 157.6133690615311 128.3470338958221 171.3425897979118
1827 155.9106886456656 135.2474935265522 173.465557034714
1828 164.2077122301127 130.5461322455666 166.9483975095704
1829 134.4888072971395 51.47296092890113 108.4669063413284
1830 135.5672133906422 73.14864398887126 105.4765872693312
1831 128.766742178025 73.7088868995901 106.723207056897
1832 100.2681200177036 50.60169909600558 101.2093088249791
1833 164.1464266907976 144.0249350272604 146.0530302497421
1834 120.0950193470129 120.651248074132 101.5016280595654
1835 114.1918871428529 122.0866422817124 101.1292185096544
1836 114.8282658283062 121.8619356499414 107.022928629009
1837 121.3652082208757 52.71691736478515 105.4066876686337
1838 76.52088205810617 123.4908174377883 101.8855641760766
1839 77.75161938407194 112.4688629964132 100.6350004669274
1840 83.53051109737505 117.2064403488747 103.3228326193201
1841 71.14112896474811 118.3697237614926 98.91304112870806
1842 69.32578448518046 117.6136317623511 110.2329105864226
1843 79.85802967236418 111.0325784166274 107.4694836409002
1844 76.25226403804903 118.0697888391441 107.1608716346759
1845 74.37676586101585 116.5499040462961 114.6242003213954
1846 145.8908317949632 127.7715860680449 95.02792458755539
1847 137.5901724690793 134.0960722739922 93.69096177491365
1848 139.6887887867009 130.2117754778495 100.7280363889656
1849 82.81534686937898 96.40594975758673 110.1805031429864
1850 169.8769414762627 122.3423557562155 99.61851633643305
1851 168.1015420216915 126.1680097225288 106.9556167660706
1852 82.52458643354656 122.5420232774487 107.684555506934
1853 161.1844729309629 143.5137913163728 106.4424417537776
1854 170.8452727367833 102.9185956484387 133.5493181529815
1855 68.932987530811 110.3531772670817 96.90604977771942
1856 133.3291515606255 58.0088605553923 123.7776758000704
1857 142.0005180797066 64.53940591373895 125.0599727493601
1858 142.664141657811 58.38553339488939 117.293961540613
1859 133.4029387333285 93.9558679644379 104.6836568780618
1860 167.1497117849528 84.19328521636369 97.91787464659437
1861 163.6953017334945 115.514388531895 155.5839954018171
1862 133.710319197419 102.2926733150991 107.1174227799868
1863 170.2466236278115 123.4281708878348 121.356566921942
1864 159.5531238137368 108.565881899553 94.15015877397094
1865 153.0501442491143 63.96102151198653 101.9999084376994
1866 77.04857949610687 104.6758529003702 100.904893980781
1867 75.76950920140111 104.6651217319435 108.0916731801313
1868 161.4984454760633 136.7661347693405 86.21767509951155
1869 152.4593610143735 135.2426840337354 92.69587691829183
1870 153.5287728014315 108.8409250081186 98.7136210554591
1871 147.5329066326991 119.4245884345011 98.60968001684878
1872 147.4752256959641 110.7266974642998 105.9921832989454
1873 125.6094047693405 122.8146272452042 100.7136674542475
1874 121.618609356875 121.8873046243825 107.5743635364721
1875 109.9832818285831 102.7754732628912 107.1195645801511
1876 109.1551519156769 97.11917815455256 113.2134817906865
1877 163.5220347761607 149.9181436047251 153.0557055028999
1878 125.921030340043 104.1296748740637 105.6701982229672
1879 127.8959797842658 58.39702242636076 104.7826766319878
1880 84.63247329930722 76.88262540900668 100.0153908175862
1881 145.5867694883696 86.59992006016088 102.9113609878149
1882 153.1408936443536 121.3749418514328 93.06655350668724
1883 89.00955651140353 110.6863856764296 107.7880811891298
1884 128.4292509280513 75.95361975222025 148.7633306852476
1885 129.0392937829166 71.3339172688657 143.0604366756742
1886 166.0146588036465 122.3651236169312 154.6475390048728
1887 158.0313918191938 123.1672913116035 153.0886620975127
1888 124.8511995792033 128.1516581868221 153.478969479667
1889 169.862525280709 122.4502866415775 149.5934295727149
1890 168.3249444862162 124.5254841182997 91.51576251234302
1891 107.8683177122329 109.8542195558731 107.1008727245345
1892 121.6438142474872 110.1480653639995 105.3273362776344
1893 86.61981003435554 82.04103427351964 135.4592904091238
1894 85.46661981163632 76.47689690600168 127.0005239967054
1895 80.75551037285629 87.20452423851502 137.4351390114303
1896 80.72045861894499 96.51230622147288 134.8982228501854
1897 89.01683442292072 97.10119482591818 104.1979564101166
1898 95.54795074466007 97.93209452261668 105.8415733979196
1899 101.2196923052027 123.5592088362392 108.1250207586671
1900 166.8811817278816 90.42619294907087 97.80072857557602
1901 160.3049494218944 94.87181489007587 98.37651968656132
1902 167.9607419625922 98.67842653857419 102.51807376358
1903 84.46541821195599 90.43258241324406 108.8625127877771
1904 162.0240321983239 75.91612534470725 113.9952150791423
1905 162.424316939449 81.93974213411246 129.9079580951684
1906 132.9402659823922 121.4072108418936 101.2007577522017
1907 90.33393112229093 77.63908081494631 105.2452610876053
1908 102.3471694103309 116.2733695318997 105.8174616765946
1909 121.1102814318109 72.81024332562308 148.6249900128375
1910 120.9988325088784 69.41613660586911 141.1309583758555
1911 167.5725575722859 108.9067572138888 127.7431804995009
1912 172.5871819192567 117.7160210515231 125.8285488486492
1913 102.869711194587 93.33254096252308 115.9753514494248
1914 103.5843400982249 97.46505789264279 106.1426322595052
1915 88.15940184407209 118.2177559412278 107.90610388541
1916 159.6041724340945 134.6569726953142 141.2180958247091
1917 168.1172728618242 130.1010163940366 140.3182036737193
1918 157.4588592136954 129.3473832903817 93.1107348781875
1919 161.0173482617168 123.2414453435508 90.02081306010759
1920 154.4538788959298 124.4132228539397 101.862698364924
1921 163.18780376344 129.3557318883483 159.563742151737
1922 161.9803150091718 92.11391373088125 108.4279936116087
1923 167.8903470227721 96.1827480217695 135.5379871866452
1924 162.0446139405512 129.6627389679988 153.1083235331715
1925 159.5393306319888 88.66212396920388 116.341290938728
1926 137.88421386094 114.6834592820554 99.97001747619068
1927 134.3830115133653 81.76004282118213 160.9390754098688
1928 127.5163815056311 83.57761056187944 161.8734634782404
1929 135.2265562701413 90.6066154723312 159.9774115255629
1930 133.4028573698452 83.96222441892542 153.6442134956472
1931 141.7382770232767 87.16904019716858 161.1481536762503
1932 144.6282764174451 94.35238458273483 160.8394830297126
1933 141.1404050109543 95.48796259270178 152.6574549405371
1934 140.3403957398677 87.78606586267517 154.7512642998878
1935 115.3610363331004 59.44100752103751 104.8915714106065
1936 72.15221326449338 89.15279879101089 115.210706659625
1937 68.92555035193229 103.5178065456111 108.4938861367378
1938 68.32681757862569 96.23400316163996 100.2046309500096
1939 129.2427635239131 149.443092350778 94.54394956954211
1940 128.0938612453338 127.9531751595459 105.0831564509282
1941 155.2216409317757 152.2521046918369 127.2353671545616
1942 162.1441253585718 144.8038068272549 123.7136994054777
1943 168.1405942085659 129.5119226762864 100.332810161169
1944 87.64872738163206 137.5780252278815 105.3149494967087
1945 85.24099451562876 141.3632237686708 120.4066104360694
1946 92.55778188617012 131.0894215814571 106.8888877986079
1947 90.52093613324627 139.4205703917449 113.7753385504804
1948 89.83652420658305 135.8306439650313 122.2699652050214
1949 72.28356566055669 126.0003259901827 137.4565953138893
1950 86.79617540945023 127.7501914941982 146.5054530679092
1951 91.55167936741341 142.3780962383314 120.523442497839
1952 89.16313184062223 143.7293883034477 126.3643654778049
1953 88.58227126246619 144.0104722601248 147.840619431798
1954 99.54243939570074 138.6539397305545 149.9599870482169
1955 83.01358974110728 138.2246188336206 161.9991527581795
1956 107.863792489734 57.97871301519476 104.6430176437636
1957 109.5763683211594 66.80686668816108 105.6158657995718
1958 102.0531101132527 61.86512965563031 115.3725755415154
1959 128.2174044586384 122.3168234894324 108.9261648720795
1960 82.58354147235043 130.2090531333386 106.1843800023302
1961 156.4664962324132 75.31739035393183 129.5632318859483
1962 162.0899282028149 76.58589128204481 122.1301434140847
1963 150.4417774640526 150.982135017255 114.0707890936394
1964 119.0333542968932 116.0403088381912 104.7198714999561
1965 125.0537882251586 141.0777484066321 98.39408865255814
1966 117.9243509886124 143.7545750977696 104.407952667848
1967 160.8580048042752 69.72761403172034 97.95370965660983
1968 63.91795931340877 111.409332295033 107.8175513403236
1969 91.16167404090797 71.06452217925896 124.3798968946992
1970 127.1478844758366 65.62033079430829 107.7041260805412
1971 128.7535687686636 65.17027565309475 116.1313928460684
1972 155.5870089734136 101.1694116455472 155.1458473554834
1973 161.7792067375048 107.5747722592922 154.9101832150789
1974 168.2327511587878 101.8435046617861 141.2073009362208
1975 142.2655316935693 154.7339997034565 99.55982403011248
1976 159.5670593040155 116.0890869865233 92.35035776701936
1977 167.5143194688109 117.3877757974443 92.48466050226546
1978 118.1620020669191 153.01423695797 114.6171738123793
1979 94.94086386051345 117.9883526379779 107.4660255110226
1980 109.8300491641781 59.81907404160111 122.04025518766
1981 111.8550722256475 54.52318048379453 115.7731045421705
1982 139.8063629628021 147.5230135605382 101.9399626422326
1983 138.9046612984351 142.0271425519586 106.3272851156048
1984 137.6270845242584 148.5086962149477 108.2330930903692
1985 145.133555874221 154.372309727568 107.9730279692713
1986 146.9835539154032 128.195963592826 101.6259285740537
1987 126.5079932210791 116.8104012088174 104.9645744508818
1988 164.4535382708369 143.5717745259153 160.2789268482711
1989 155.4483055668609 141.6481150661816 159.3001171789919
1990 153.7193920415277 150.8862093728122 160.2541257805844
1991 159.9166179431212 150.1810812494402 158.5769541086884
1992 164.2104394229918 136.8082158005885 159.4772263444629
1993 162.6672446680504 142.1454718008491 152.9239439190194
1994 89.24875571560561 69.36656507825776 105.2680144788106
1995 99.43210879527682 54.91737300462816 110.2543405556051
1996 63.8540837903827 115.93793092561 98.64387950419406
1997 155.6602238474247 77.7812288444705 121.0107046800621
1998 167.0734611710671 110.6294934326362 92.92078470368513
1999 167.1756787021039 107.4273447753741 100.6748531130187
2000 153.9422900556714 115.028657938536 95.87349153680267
2001 163.0932664536391 120.8392191010784 160.0028004071224
2002 134.361360921551 78.99145578550863 105.5341789558775
2003 121.9770401718537 60.99087470257886 105.645654609223
2004 113.8083576630961 146.7728005473467 110.6767574406188
2005 114.7726000941217 145.0561995521932 118.8503866797173
2006 112.0434571092687 64.01803093861501 113.5545154631479
2007 161.364818437783 103.7481996172219 141.3660474489207
2008 153.7061591896994 106.8289793948388 141.8485479936868
2009 157.3912981396354 143.6708772531586 166.3089832190923
2010 162.2553638605343 136.9638087202463 166.724764799031
2011 157.3174839331892 143.1446813106899 174.5202948088009
2012 156.6662091060973 149.4691138942337 173.1169303112096
2013 135.7606921416754 151.1329359187946 176.5861971236914
2014 150.2351158802243 59.10564992511443 109.8925458226117
2015 149.3310151107767 116.5722062688705 172.7900973209524
2016 155.7057173102217 121.588128078714 174.8767787793236
2017 66.70686738915357 104.0093376930918 100.8377532676509
2018 106.3667901165618 138.6815976261734 104.3124924912447
2019 107.5035977250019 143.4717922032023 111.9341226803311
2020 163.8848751215852 88.24083131083471 135.8403650750885
2021 153.9246295942786 89.84111768063937 133.7285353013635
2022 151.7581317365977 96.64831810550679 132.1109507363924
2023 159.0221847604711 95.80021389351441 134.6203285028842
2024 160.189893358235 89.29090192932932 129.0686210210525
2025 141.8903668496785 164.9772420345896 132.6541464297741
2026 149.6815386247537 159.9243681373087 132.5690966146397
2027 148.7735240040928 163.5903310924398 139.3524236423014
2028 157.3819007511352 154.8620595534335 135.1129325326004
2029 96.57779617741976 137.5245898734188 115.3913154692956
2030 96.94350266074868 143.7310876391437 120.4696846324552
2031 161.7721839895359 146.6339294574546 132.124853367324
2032 78.47697361037484 82.54156634963715 122.9048759584681
2033 131.7839089731841 160.0991702579452 117.4028468375074
2034 140.3635591197428 110.0035624020832 103.2291469825762
2035 156.1139534228661 82.36728778453943 135.5722367335489
2036 78.71566753877057 92.46097186601992 114.9867301481432
2037 72.8165892268032 97.11968237569025 113.5063652190932
2038 74.92921168095069 88.88917468101441 122.7092436597748
2039 67.19127370154068 102.6217190786733 115.9974151275493
2040 68.31072817487936 110.872156993561 115.2395514431586
2041 143.4107369310968 99.61513701342106 175.173893270084
2042 149.9409671133509 101.777561013657 166.8936303405477
2043 147.7552844904628 152.0443734373834 100.9257207108044
2044 146.3720003217524 143.5569178129204 106.0388167436842
2045 95.05782446121242 152.1623383279076 172.2280857034079
2046 149.3701761809971 140.5302933610786 191.5941424439779
2047 141.3518318016164 137.0834044972155 185.3865693244621
2048 127.894079470403 135.4921212392038 191.4218262629365
2049 110.7983468248508 152.0363461356542 189.8725910228184
2050 121.61265327247 151.8779956843815 190.6615926608586
2051 120.6279204414311 122.1803736043038 188.1167735366554
2052 126.2963492465984 142.5307929463601 175.7149013140855
2053 140.6498803457608 149.9222054420067 188.76582647435
2054 122.8072356231451 149.7333448750018 172.9440384054858
2055 111.1416198866544 159.7883288361718 170.6618734050585
2056 115.4626431986933 138.8906243314645 173.9326186732789
2057 98.05861511867501 141.5034544293237 177.1678119530507
2058 102.4002605845736 138.513449405993 160.4189879015142
2059 108.8061611504048 136.8340282941286 147.1286135698679
2060 100.340136996738 150.8540519844965 145.2380803592734
2061 99.26101494597866 122.8308339475502 166.4583653726977
2062 107.5491282612245 150.3067613503317 137.9273552377608
2063 110.8235529701422 138.9355168878666 162.1198492049364
2064 112.9609499067011 128.5866071354155 163.2666891450864
2065 67.71118685066756 123.7722747344986 133.4145392238233
2066 155.7404829194503 138.7958204218623 180.6137241052807
2067 75.93741565324538 157.52623706262 159.1802877356038
2068 102.5367695058078 162.7854630079862 177.5846986001885
2069 99.42541523599178 157.0468084806296 180.9550367299265
2070 113.7654099166736 123.5412308279221 172.9498121454938
2071 98.66403872733926 124.4874462385045 177.9403372298773
2072 112.2125077424083 106.715899921604 186.3298986450331
2073 82.22704094046728 141.7758245734933 126.4749819699189
2074 143.3539062273724 126.2110141661669 192.9850068363185
2075 141.6663448885647 169.9664836573336 159.5470720203582
2076 112.5917761729508 122.1827271163329 139.6750256843858
2077 75.64311120415751 133.8589662132935 159.7992388856891
2078 128.6778816632743 171.6224919829494 194.6479216788575
2079 129.9392832431152 162.6751569172777 194.0880809668462
2080 128.7606991583352 170.8246722500535 184.5883160998297
2081 120.628545152273 166.9534406000871 193.5388775449131
2082 121.0426014617431 158.9500848277495 185.2558945807814
2083 121.9245921731983 167.7081248225347 185.8884356943489
2084 135.9886985486525 162.3289700058554 125.3745368390203
2085 132.8866872314625 162.6298487981071 133.1954855078613
2086 64.79106006112967 150.8398388057296 110.5829509484408
2087 125.5277334820763 156.893488328972 155.8275215538435
2088 121.6688192454031 148.7280842054646 155.6518764267224
2089 111.3465128713618 148.5153731188844 151.3480715119224
2090 116.7030756567919 149.4714331855544 151.6590540171169
2091 114.3646337558947 150.0548226403344 158.1598981290524
2092 114.1533139682722 148.6999695770365 144.1394468022621
2093 113.6169328775763 126.8318419942755 192.0541710851734
2094 94.38879235339543 142.0062650235642 182.6000031178894
2095 73.91790382182191 141.1853089193789 152.9402754982636
2096 68.86415713467279 142.4577280258294 148.3428959191339
2097 92.5902601128614 150.8634961629553 146.3338376685372
2098 126.6221848976095 156.0946268033533 146.9661491129786
2099 120.9199792644581 149.0745041078821 147.2549696561644
2100 107.6161976739568 149.8608204764382 145.5923206860433
2101 76.795767208551 125.8308906995913 161.1945805754056
2102 86.1820109949884 128.6494669867979 160.605526455597
2103 140.8516961179218 168.9940130173418 151.7227735375626
2104 93.91755435476838 120.7068339798096 179.8987049150225
2105 149.7295470364216 154.8441115683993 181.0061104595774
2106 154.7299718207878 148.9242334806261 180.5605788622653
2107 154.7870581330849 156.2313081807014 173.9509419710685
2108 64.60733932977583 150.8522983394802 122.887402085099
2109 64.58330454510821 142.1052536713392 119.2453626002485
2110 130.404832956968 101.1335257352073 185.8797827422721
2111 133.8607837655246 107.7088978569774 190.2409467777177
2112 113.3065730945651 120.6690613622333 191.6585457490008
2113 94.99987748200648 142.4870272347707 126.6587050103476
2114 81.08198746472799 159.3730216030618 166.5004404713106
2115 133.8186271996874 171.6965117569674 176.7078818623889
2116 127.1766587076955 166.144254007547 179.3201891476506
2117 102.728690816217 142.9959506665849 119.5899485539413
2118 132.2289446149438 164.3842785970446 157.9595604200932
2119 126.394547789798 163.2935172677802 163.7240228195967
2120 119.3279500598762 163.520856364817 169.7701780012702
2121 68.66479839064445 149.9531871445263 147.7050366049831
2122 75.31403345733418 147.6036704439777 145.421701419386
2123 63.75023015168145 149.1710287004078 131.4445945877327
2124 120.9157549792372 101.3166986368284 185.7143078582576
2125 63.18863896806926 141.57130989847 126.7845543495782
2126 87.60566849431298 88.21778289741992 148.9727670274608
2127 136.2747692567464 140.7862487040693 201.0527034251216
2128 141.4333247104902 141.9027989559023 193.4624111248926
2129 128.3142399322844 115.2358626210622 193.0767684588186
2130 100.9378226993581 143.0498268579959 188.3722222360301
2131 120.0951069368219 148.7222025468352 129.6764759241887
2132 121.5729446462615 140.470968107305 128.2791832175674
2133 76.39392309046302 157.2090269762093 152.3431537768853
2134 98.33356625409169 149.783064810762 138.8915331887315
2135 140.5995702276272 170.443202071927 169.3212187772069
2136 149.1682136107067 164.0733877819263 171.6375055480004
2137 75.09266267974714 142.4712421523522 160.2589966319801
2138 63.53048904570175 116.5864511490163 114.7040429065726
2139 130.3491714982193 156.5029667381461 204.0780075558995
2140 86.98152049169724 94.78308445915029 155.8763121852461
2141 93.77721916633335 92.45064897888196 162.2995907390174
2142 61.54056415539488 135.5641681102262 114.1048587657617
2143 62.25571955388597 143.1197545982781 111.1505029260527
2144 63.17426946932068 129.0036935816191 113.2676292555695
2145 64.15225139512535 134.6027947167234 121.329805613438
2146 63.69109635882123 137.8202430915661 105.6710291837861
2147 71.99769787616997 146.7871679634008 119.5349042562576
2148 78.30604205943959 143.425379933534 119.149660040224
2149 78.75140915364055 138.2294790234117 119.2800558935149
2150 77.79999055303534 146.6854986539554 125.7283721106037
2151 77.57207429008058 107.6805867501141 149.0760663473895
2152 99.57856349632678 134.6967827914952 186.696013338351
2153 93.50994591987977 135.6435799434275 179.9648929708592
2154 139.560470027647 162.7442678270504 147.3759539804551
2155 72.54610745359679 116.6261545240402 141.5711124576943
2156 68.95209828665466 123.7448645780963 141.2578175995599
2157 67.88663761538474 115.3471480997818 135.8362679122753
2158 69.27588434185695 108.5854878899842 122.3949544335287
2159 63.28469236192473 121.657220412555 106.1255304503948
2160 151.6430330376 164.5465877764064 162.1422233855313
2161 156.3555970887214 158.6059500143273 166.6029463872274
2162 68.25939068918038 108.0378389904003 129.0202485181695
2163 131.4226703091233 163.0489078134916 144.644616393671
2164 87.37834610365542 160.5113407040799 172.8482928871006
2165 84.45394762348936 151.4202827083614 174.0582728252642
2166 74.52221419568797 134.1428427258628 152.2973976961155
2167 70.05200109927523 135.3174964649943 147.1659623477289
2168 141.8350060578653 109.8706758829711 186.2420441749593
2169 75.46262938212132 115.8368030369942 148.354467797619
2170 107.2913126329434 129.9112923441184 186.2505711743824
2171 107.5547626693 100.7845619725004 180.7930385946509
2172 105.8844872820216 121.9712333773688 187.0769145992932
2173 109.8808451562069 145.416965245909 139.6792378755305
2174 106.3421075339475 95.06759548320788 173.1980114948065
2175 66.76665399830655 159.3097063750893 131.3079578870681
2176 114.2392258201465 162.9814493329824 199.4323900730847
2177 80.25967228824788 100.7046570708227 148.1198417545079
2178 74.85118229837718 101.3306676193505 140.9716459326725
2179 86.59716626815568 134.415527901385 175.4792667250004
2180 80.01132665542076 136.1398026581483 169.247236069245
2181 62.43376812807805 122.8662309081735 116.3380360096146
2182 68.29653397159906 122.9606982283102 115.3607188042913
2183 63.60150145052011 120.2152768126445 121.6451431614729
2184 68.34262204403637 144.7952358670443 104.4858800600079
2185 130.8539528183434 164.0020670075058 138.8472276583058
2186 128.3199205479247 147.229210888708 203.6919703011567
2187 120.3605998922051 154.9706827229376 203.052306754567
2188 121.342465587105 148.4041201757351 198.2442532616741
2189 128.9882999999837 154.0078989078299 197.1341261472242
2190 138.1707569368032 154.9777957372579 200.2085042582808
2191 87.41818398741897 126.9732851212456 174.6284380690507
2192 81.95939780010998 128.3740313011174 167.5890422455712
2193 149.1226426427441 163.1301184301097 179.655022009347
2194 119.0318961368982 115.029584028423 192.3143259437695
2195 67.40776764261562 131.6275929071344 135.8887755404982
2196 113.1082155855578 150.1385028123641 199.6512494901006
2197 113.2331489921039 141.0318625336621 195.1733331219331
2198 107.4396113758626 148.2448177907624 193.7176363805457
2199 106.9405786442844 138.8187228011627 189.1119718794226
2200 69.26028536597376 117.2398344021442 119.8395225813149
2201 92.20623425212527 115.3195386027944 175.0263017049795
2202 69.9608447815032 127.9631807982194 148.7716565942512
2203 74.00379376307671 109.7441320118016 142.1021625101473
2204 71.30600777005138 102.0248103854291 134.6521588486402
2205 128.1907358880394 87.52679599792665 173.276756445282
2206 70.44044534610538 129.7863111409961 116.1285207030005
2207 63.62712577923396 127.6812790270234 121.8868179922732
2208 112.8864841091155 88.6390282524285 173.0876226853661
2209 147.7818605186808 148.8815853031479 187.8754435445157
2210 104.822562243966 149.560658678025 152.2111800498394
2211 101.7944910377861 151.1680124151826 159.3222947641149
2212 109.0307158003779 141.8176829938873 152.0537209138008
2213 108.9299680744778 152.2698786581344 157.0647861724617
2214 79.77108570838497 144.163743969535 169.1489033844457
2215 118.2429636055576 149.5544019255101 138.0725090898708
2216 71.87582809647775 151.0294856079402 129.0998007687158
2217 121.8511743802652 159.0614870964073 194.468781704155
2218 107.0076619378391 156.9804925502893 192.7939012582884
2219 86.40117639721548 118.6553808456395 168.7774168084979
2220 79.71931325554519 118.1265183763196 161.1427367448167
2221 84.92195040193415 142.2860361305904 175.8957181478939
2222 113.0947478525378 115.5735860963564 186.8045881047764
2223 114.3882684678889 101.3654862036106 181.5283061401356
2224 112.5313118933613 95.53815947721944 177.1801805067344
2225 145.5389844973365 134.5852708174584 192.4827536560994
2226 150.4557874753457 134.5857009515515 185.671513492745
2227 125.7608792236529 127.6571271743925 198.9052976982401
2228 91.20336753708351 145.951403800655 132.4946070028844
2229 84.1212007218554 146.9935130238309 133.1473776881623
2230 88.69256279574059 136.9940803536288 131.6345543922891
2231 90.93572360352877 149.6137950517349 139.3231300662158
2232 149.9927156397512 108.1377295538479 179.3586140607277
2233 71.25558920935536 131.472604850753 122.1280276249806
2234 103.4492097205789 145.0298750911405 141.6891662685551
2235 62.95662398416775 133.8859117157873 129.6551413025964
2236 73.5508420968771 122.7518151043219 147.5709700915078
2237 136.9680560423018 148.5802348451338 201.9581577254342
2238 106.6233749528935 86.32787553209401 166.7808999441283
2239 99.87148954282715 87.47170965364144 162.0015945910083
2240 140.6589925853919 163.0019833184485 139.5972637071538
2241 125.926860856062 151.0917904891157 140.4719225002212
2242 118.2923326634973 109.3861375502133 187.9404230316319
2243 143.5017689476895 117.344413155543 191.5407371214148
2244 156.3368460236109 157.8027100630148 159.9302893103313
2245 79.94512023932471 151.1253282724145 163.2456777283794
2246 129.0388396831498 95.13172995102109 179.5323875577019
2247 115.5120561895689 142.0987917322889 156.0060174401189
2248 120.2223723398692 151.5975881124695 163.6396687736705
2249 68.87288529416995 128.732805028215 127.547133345684
2250 135.6295147200782 162.5564560243213 199.3505585449601
2251 135.5833321256382 171.155360534263 191.455413556746
2252 128.4015332546302 90.18055815891991 166.8529178973707
2253 97.94225943596744 156.2950365393775 163.7263354234393
2254 96.05800938346802 148.6437844805004 165.5494872995171
2255 101.6192370493441 151.5779965662781 166.5319846196846
2256 103.2597626795661 157.8421084623115 169.9004529257049
2257 143.0668713929356 156.2624588007051 193.6953877216974
2258 109.8290003623542 146.9113974434402 126.5171430953885
2259 102.2514740028566 145.0706166178642 126.5806306239633
2260 101.6537082436317 138.8227064666756 128.3088848762704
2261 102.0835541056084 130.6367310137508 126.5545720279958
2262 102.9934594733033 144.4150675770133 134.6427909285227
2263 95.19817414238183 133.9154223099735 127.9352339261396
2264 97.42802633822417 146.6162067328348 132.2565831664777
2265 107.9871986605477 145.6409521850076 120.5999375713662
2266 102.8363832979312 135.2266164436354 119.9206233718408
2267 83.36255214183944 152.33018071656 153.5399527325389
2268 93.33211613092253 87.7969406576084 155.0187975348027
2269 91.95293931295437 151.9055180188635 158.8627215486616
2270 89.53380046559666 156.5397624666407 164.9948165790756
2271 73.40960505812981 96.29181315419072 121.6356457325937
2272 142.2257638336547 171.7168683133248 176.6110586821202
2273 72.59577761319282 155.5107314676432 138.5521710719955
2274 72.73059010992976 158.0615732289922 145.2727219468684
2275 106.5997446200637 116.5980892165796 182.1975360926749
2276 136.2673690321277 103.042534769976 181.4216043713643
2277 112.0065037399826 166.3367825229737 180.8349745348476
2278 99.66634991873832 121.9225873801457 182.923637839116
2279 79.9033659109401 87.40433392438524 129.711053950417
2280 74.36714563708006 93.49237111064996 129.4955980027903
2281 112.0887773542223 164.7811614286929 190.7955751718931
2282 127.5914550885972 149.3135733573303 133.6780786340859
2283 148.8655855157064 146.0576423928398 177.5482609698165
2284 66.31274128375604 122.6335432335967 126.6312041111248
2285 116.0788737267746 142.9320174919587 140.5621666628855
2286 140.3656517624442 163.6127032784518 188.5311832525561
2287 133.9328869370831 155.3303817577868 131.6009225533643
2288 148.3142535949344 154.8233467747781 173.5920191829806
2289 141.1692229726968 157.1853230588707 127.5056560252268
2290 134.6006061215317 148.3519157488811 127.6014784302835
2291 132.8102328666025 141.8000160026942 132.5887487111554
2292 126.5297230151753 148.3050709185231 127.3453814902531
2293 128.8276830083637 142.999635823025 126.9406583350535
2294 128.1864203204708 149.7415525338846 121.087043709453
2295 119.1454491254762 150.7740978899069 121.6638573293505
2296 78.8064268969884 112.3413431602402 155.9133331780403
2297 73.1814355130664 121.3132913242161 154.3608953646433
2298 74.12625514089504 127.8868064401445 154.4103591957186
2299 81.3212795175608 129.7238858541395 153.9619084520012
2300 99.84946903403875 115.9331505773957 183.0005370389192
2301 154.8396206921227 128.6101335172427 179.8954644488147
2302 96.9009423299801 159.6272575045844 171.4976082786481
2303 92.91767955137976 162.2232940273489 177.7570439845483
2304 149.7198644194404 115.1287302656108 180.3884142406655
2305 159.5080327493741 150.7914756170234 166.5043191460541
2306 87.02566135649982 81.97648796713844 142.7066081285847
2307 107.6861366983951 133.2778735750637 112.1737927165649
2308 69.9370146977154 124.9726007735287 107.3710983211122
2309 144.8778243378915 148.2466442271859 195.4005499358647
2310 141.8572783937805 141.3789211120011 178.8210366346623
2311 135.0991847922762 172.0138581169385 184.1611721800161
2312 141.9417554636849 170.9246989859917 184.3031884213975
2313 84.10389065880429 153.5564278337986 138.6349624109659
2314 137.1436060339259 96.11209886615774 180.1230122691638
2315 135.1176164714079 92.3777069192093 173.9952050565767
2316 77.49902933995213 150.3765797914418 135.2077158358358
2317 81.00907687609003 144.2374032084184 139.5316717560968
2318 83.03408402862493 135.4306167033322 139.2114569614657
2319 82.27804120921 151.1557622872415 145.5418263922867
2320 140.1060035625081 161.0303250228169 156.6915866239092
2321 154.6971850495325 146.8067559517048 151.1146995737647
2322 92.39763307628 155.0887898122021 180.5111108602071
2323 90.92893221086241 148.4580631589467 180.6063702750604
2324 149.8613198755494 122.4056972970933 187.1726806599908
2325 149.240737444191 122.669492315596 180.2713907026395
2326 151.0617998814595 147.5817575327637 169.0733914939203
2327 135.6346388414493 121.8966499092168 195.1289839263974
2328 135.1378856842111 117.6740678799018 186.6746902738343
2329 141.9282921935091 116.0522423428948 177.8248706595817
2330 81.41864799011353 122.5519731530409 153.0722660151079
2331 155.4574597537962 156.9872881894052 151.8217149289302
2332 146.2911051330168 157.4904922329303 151.0063735440297
2333 156.4495543042019 157.9793102645451 143.9909798975406
2334 114.0503845859139 84.48823248188458 167.7472593033962
2335 113.9701236836975 80.44908832221522 161.4874402979558
2336 105.1237519223579 97.09871815613624 167.1187952304019
2337 108.3893395367781 88.68033699719975 159.8921084213379
2338 148.3075923999093 116.7247701987234 116.0178302933421
2339 161.5230742798852 116.7543631782106 114.1067831643758
2340 148.0858711172792 133.3875111340495 112.4381991592268
2341 148.8877399631578 107.7512105753426 113.0535207607533
2342 144.2749535708688 118.0899140218828 107.4976193344443
2343 140.7574857427951 131.1541838858735 114.4687165480934
2344 141.0181875241239 132.0684392209074 128.2682179826898
2345 142.790755135542 111.3650835231632 113.4450832195194
2346 140.5815599615009 113.3842086422606 133.3890042262753
2347 114.7846386477654 116.8491076058772 112.5726916394121
2348 127.6288533067588 114.7986043153986 113.5310050293183
2349 133.0075507293527 117.1236743689401 112.2051067689683
2350 127.8975301369581 128.5050327072779 114.561863782488
2351 128.6851583341484 109.5908228087548 113.6073689235539
2352 108.3393734769497 115.2141300181524 114.7655731258406
2353 101.677463953887 120.1132984157554 113.7788310198198
2354 108.8614973744828 105.838700952954 114.6039883756926
2355 114.4481851711917 134.6693280237954 117.0499581007407
2356 115.4949763019816 110.0785033266216 111.3071416275796
2357 143.3961972868373 89.5566214532019 112.2853636816547
2358 142.7741396545704 102.9828090496405 113.2843333971004
2359 138.7353310054144 104.158280028847 125.9701681815606
2360 140.5183683752044 105.1593744984899 107.8073480116043
2361 141.0804090574898 82.53746497306292 115.3087492009085
2362 139.8568433913874 82.99394768800421 106.8949442814934
2363 141.3179389916564 91.84669077690188 128.1236249676094
2364 140.1442408402849 91.8769613518742 136.4628258269421
2365 138.5814491914653 89.46331205536966 104.6004905822527
2366 138.7900210187504 116.8994078177819 139.516603687956
2367 145.4731081061795 120.501184507935 136.8727857149065
2368 161.5239359907798 116.158075551137 138.3397942905747
2369 146.4666139383492 111.662378409828 139.5358961614937
2370 146.7518124763752 117.39941878643 144.5060126529094
2371 140.2264193601615 125.5335971694686 140.1364345081101
2372 141.0753684223441 133.3585883404282 140.0688535692599
2373 139.8556870212089 130.1827773219435 147.0513067870589
2374 141.4053734216832 107.3744142718484 142.8102080121222
2375 140.9735832278261 113.8351922966991 145.0006799072101
2376 145.2495319632869 112.8492593740771 160.2036250683715
2377 161.6809235361825 138.9630299811927 94.95518521158554
2378 164.6157489191092 137.0432991482591 108.2095860235858
2379 146.8242533768289 133.5869896164978 105.4432286179085
2380 89.98606188921133 116.0559654304099 113.5731363947637
2381 101.5988881414875 128.7109125585196 115.7041966060404
2382 101.5082430851709 110.6767392516227 114.6626928669168
2383 82.03148589920471 117.0325689881364 114.226042982074
2384 88.4093789262982 131.2180042896966 113.9572440567012
2385 82.8346001680212 108.7952540529226 112.7075846203415
2386 87.97803349327354 110.2221169117087 115.5218075193178
2387 86.49140009392914 117.8674141794934 126.9055454512818
2388 114.8550112594358 92.38880176858669 112.8218667378675
2389 134.0546861401873 91.1796206443114 111.1592639832236
2390 129.3407606940065 104.3202747234443 114.3066816244696
2391 128.9143228522734 85.72021283157697 111.4555215711018
2392 128.0684356615721 92.74174912336824 124.6795665406322
2393 110.0900793205988 83.09695952561734 114.1370151862624
2394 115.0770531540422 86.66180379702715 129.2373866338717
2395 133.3769077241499 90.44834104472605 140.8848793350452
2396 127.7068381221556 103.1998313117627 139.4911317730607
2397 127.6062729110856 90.39282090146868 147.5370930262661
2398 105.8126390887034 93.32181776070475 139.7193074021742
2399 109.7716032300242 105.2234834699816 145.2841578499912
2400 115.6318671763277 76.14585282902891 138.4949768250593
2401 115.0707621677202 87.78091010172369 146.5664891719433
2402 117.2925699263628 87.33748711364051 160.1034231011582
2403 128.2504993979098 118.2014202475567 139.2028298199145
2404 126.3792423848269 132.2768410833193 141.0331787049506
2405 128.5159050350257 115.8014121191211 146.3373837826674
2406 108.5771001770911 113.9929819807582 139.9648789966775
2407 99.73518795804664 116.6251785759761 140.7794124254567
2408 113.8023737711954 136.9059414249836 141.5977835681366
2409 115.4162191620157 132.6934665253825 145.8966444392057
2410 115.9175456206022 109.3888522399315 139.2222613032856
2411 114.5818699334612 116.710970502009 145.4255155351476
2412 142.7168191779531 150.087183999208 123.345765886599
2413 129.009911402757 149.5530093056933 108.4518486686789
2414 135.1423949728979 150.132960191675 116.6299558043575
2415 132.508004982363 149.9807831573406 102.2889421553446
2416 162.820656994064 106.0039944015528 106.6729684322667
2417 170.8206136265953 111.0170165069485 106.5738995378124
2418 155.4792877762271 110.0683364449851 107.040708867918
2419 161.4502024563409 122.5321573042823 108.9366999392928
2420 160.5222277302948 130.5752054866712 108.9459362114013
2421 162.5690577949979 123.931439455377 119.5014285374169
2422 162.0171406816209 121.408075094166 99.18130036137373
2423 162.8528101195805 109.5931779590482 119.8191783615045
2424 159.774425892776 108.1088302368803 101.6066509725536
2425 146.6053894036289 94.30323187983345 104.5528286208916
2426 161.6701510697017 99.47050191709405 107.2889046693848
2427 160.8443293980802 92.8835193422469 122.1287281461131
2428 147.6089897651302 96.19071479337316 127.0254166137519
2429 153.5821847530015 121.0713801185676 119.3985835774734
2430 156.6186865968444 136.4919286920548 117.731590122208
2431 155.1047557818067 122.9010602754199 135.3305347359611
2432 153.6592666148429 123.3255953020515 112.1139443189359
2433 165.3794482975351 139.3281306001996 120.0207072264077
2434 163.8062884555196 136.2213284590458 114.672434035662
2435 158.8121139331028 116.4724130150758 122.9392266328879
2436 162.2881522878174 116.9560561310747 130.7967047393345
2437 164.3027619384458 124.0211279355279 131.7831054283083
2438 161.8923869221697 122.3287581373348 137.2699301287033
2439 161.4216475663756 108.86337023248 133.4322558656331
2440 154.5741725864248 109.8269661912052 134.5351006089987
2441 148.0359936406117 107.0320064846169 134.9032109952747
2442 161.8283436790172 110.7485643732947 141.1944608086002
2443 158.7297165176666 110.6528015883295 127.1164384848483
2444 164.0253083137215 121.8173687294456 126.1221992730278
2445 158.841745850729 102.0367497852527 98.61762832080464
2446 170.2337682726652 104.0283989043438 108.79964644953
2447 165.0017929481996 84.29092861725171 106.3310853802007
2448 159.0809249898679 86.55883853272044 99.66661801852916
2449 144.7585079397234 78.01636514607414 103.3618838600588
2450 148.6842148456061 77.72280310067814 121.0063569748658
2451 148.2143846599436 84.22784946571203 119.0639070098101
2452 169.0067026618121 96.55045865280698 119.3713949898456
2453 154.2908128873842 95.87499351081576 121.102515171582
2454 152.8265879473868 97.16406306653919 114.2586110638415
2455 159.8689444804151 96.08291388207039 114.4223621385323
2456 160.7447126053975 109.0386225885904 112.7276863157897
2457 120.843251300621 82.47189093709534 149.639179227967
2458 131.5353484636142 83.55517314599278 146.2971709747797
2459 142.6510854615476 82.08082370890671 149.276687792834
2460 113.5283476663387 96.9809805215929 145.382716201288
2461 121.0627309662425 97.17782953787814 144.2937256698878
2462 121.7722087273125 78.6880537710523 160.7434595367575
2463 100.5127635874495 96.36504097912994 144.7748726348831
2464 106.1628653650993 99.10329464266066 145.8956903291972
2465 107.6161291802266 96.33294701218914 158.3340599281348
2466 99.49469416553109 129.8597999235792 141.2626474360301
2467 80.65215527866957 116.6307399243932 140.7878122350489
2468 81.31160767532332 129.3258519063095 141.4512919321094
2469 88.48793885695457 131.918809068412 139.7803827681323
2470 87.93745820138119 118.5397848049252 157.5013682285758
2471 127.7769997897995 129.4402970054577 165.3244372105511
2472 110.1923201618632 116.0418529708485 167.0019063958967
2473 102.4597919183236 115.1579375902267 168.2019146786964
2474 107.691713602526 116.4007876628582 174.2519506482666
2475 114.1401954500462 134.8706794509364 165.7152321937015
2476 115.6567920834337 131.2563643728556 171.1476125115848
2477 117.0969513745709 111.0031908272814 165.1916321755383
2478 115.6525712564945 108.5469292098747 172.8677825581678
2479 115.0515599367726 114.9620623272961 172.6901653926924
2480 120.115678193238 82.19669401117461 135.0490134878772
2481 131.3335404268513 83.3493732575993 134.6644316042327
2482 140.309349469328 83.3500654713054 134.4904242733824
2483 135.7679127545543 72.22800536917946 135.8047349616128
2484 133.8034134300699 83.80716784347385 140.5093773229454
2485 110.4960928599374 83.21600468630604 136.4670934432989
2486 123.6956348893109 103.2802873646955 130.9217303414926
2487 120.3886487442514 73.68947663323034 133.5504240327164
2488 120.7241152138983 65.76971122381616 134.1510529319597
2489 122.9428249617228 75.21306660302835 140.8696070273553
2490 122.0824732976804 81.95335508693921 143.0707066355653
2491 124.3477764998759 83.15402573162049 126.4569570636043
2492 121.2667632255081 80.11474974172013 119.6744989055383
2493 134.7122738598917 81.60636963393037 120.7792254830986
2494 135.1730064051264 97.03311750292909 122.4929717623047
2495 109.901255472025 84.25708752875555 121.0403998282593
2496 114.8477142619689 79.66017658558432 116.4872983350182
2497 122.624783842436 98.58103030087169 119.1342819982253
2498 120.2551650603197 76.03650951665017 113.1607836265529
2499 121.1712472214134 86.41311693776788 112.2036695639727
2500 133.3471742609801 97.18830117172622 144.5701796875971
2501 140.9822826336303 96.66318880199593 143.796365815345
2502 148.7845159714133 96.32815497594918 148.1126865651302
2503 143.858716787229 90.55143165602581 148.1039671493612
2504 128.0310982295305 98.78466143718721 148.5820682765624
2505 136.8668850388768 89.67022918924293 147.8455601688453
2506 132.5562217965169 97.97220481973342 157.5150346575489
2507 147.3304274760438 109.9403586903825 147.0875965203473
2508 148.2443559322631 122.9021589832454 149.2425227255989
2509 163.5383428490009 122.0791540291718 145.3751141593507
2510 147.8782594292695 133.047748912855 145.0350951362713
2511 150.4953706008385 109.049226327745 166.665266240881
2512 134.6239074143655 122.8216416029394 145.5539762692571
2513 128.2205317377259 123.2203064943881 148.6772548082004
2514 127.9313540938473 137.5552332638839 144.496299300149
2515 129.5962300081928 121.6917289646667 158.7714993980721
2516 133.6742602458251 138.7574957009342 146.5951310413637
2517 133.8777927303086 135.6394025072031 159.1704281598166
2518 135.3453504768858 115.7031426553129 145.2940315266833
2519 133.927015963244 122.8950587151943 161.2313411014526
2520 131.8161079632499 107.0992381740892 130.0493005838243
2521 140.6359598298151 105.51446540408 134.0797468041102
2522 128.2793600423533 122.580014790644 130.1228349508238
2523 133.8902035250123 121.8185306339103 126.3873952662865
2524 134.8068048280512 97.92384891610787 132.4730296049952
2525 144.9579632527007 98.45274069260849 134.7442623236631
2526 126.9152352259372 97.36565404179495 132.2583260710317
2527 132.7145000676327 90.23694744066952 133.5474961384364
2528 142.969441744027 98.9070981341319 122.6893801378835
2529 140.5557038551338 97.36098568584076 115.7412665423804
2530 129.3862088792699 99.12757614694183 118.9377023764986
2531 135.892330896535 109.0345770281699 120.4968772341618
2532 135.2740627888756 109.9570653680035 112.6225501661049
2533 136.7968237010797 90.52038066302661 118.9626211296415
2534 133.2984185938841 97.42557060601624 112.9075894713277
2535 148.8488850353884 84.76149940368336 135.4578862578933
2536 149.5217190447626 75.59599913938591 136.4655813185659
2537 148.0889076270431 75.25805159739632 126.9574916122538
2538 148.536490492145 81.92621545676039 141.9124298737401
2539 148.1082028829108 82.57770430567986 128.1400300431474
2540 132.1618083539292 85.71179477416625 106.090268012773
2541 140.5261926394315 97.39837821865204 106.7472170549831
2542 129.1683808572344 85.68578379757098 118.036049296041
2543 143.1431859250646 68.63991033486529 134.8486974488451
2544 132.2971967946988 69.80111081036483 128.2077928346127
2545 114.7237686479862 68.72433017094818 127.0490648424421
2546 123.5821031066816 71.11156086899925 118.9512508206634
2547 133.5969171715166 72.21769365889752 120.3984655795634
2548 142.0797118079036 76.47455461696678 120.2509595954389
2549 134.6016026112915 64.66358686040824 121.3489634507981
2550 115.8179770262012 72.23526098652378 119.8159361501212
2551 108.377429393984 67.78076952125647 120.7944622697233
2552 117.5952548767267 64.03114987245705 120.1168405047771
2553 101.8582998063594 83.57668608942099 131.6355019635995
2554 100.8782591133561 75.13015818468007 135.8003581422705
2555 101.3366634893424 83.82485825726629 139.6993821769026
2556 106.4273698191419 99.68773172697369 130.2764500985989
2557 107.8395408686302 75.62071281300683 134.7349629959519
2558 107.7658703672585 75.54084255574038 142.2151667791983
2559 102.6611461651813 77.43406336914096 127.5847578658938
2560 107.8557138796779 83.93573141817312 127.8339681118504
2561 122.9886303813474 111.3919053239616 142.6561138174721
2562 115.2316095195129 110.1643436968827 148.3651098280879
2563 122.12442533649 120.020267808117 146.0411126329567
2564 119.4586350863393 108.5890330670906 157.4687834679526
2565 121.1501008263589 95.72035156995784 159.3547865114606
2566 114.0855460388548 96.00893331185009 159.8097196060792
2567 113.066462740738 93.2982743375901 166.1472028809807
2568 115.0958233497327 95.06388066610194 152.6761212752713
2569 120.3743469744649 90.02304919499237 166.3811677126137
2570 121.6254048459593 90.05178950191922 153.6081798776672
2571 121.6393440301401 96.4231956694459 166.3630802147582
2572 118.9064863755414 96.07967171880699 172.4390031577615
2573 122.0901250405976 97.03853376877359 151.901506314276
2574 135.7425837771911 110.5745630067545 155.5751422668876
2575 127.8376825469084 110.7578872416907 157.9325284839209
2576 134.7430708862707 109.1962332005673 165.117879202326
2577 134.3252094126189 123.1032427132101 155.1173024061559
2578 134.9996324830088 77.82912943543133 141.4977217721258
2579 128.871198914844 79.58404510907918 141.7434311658133
2580 140.509799449526 86.17988484948793 142.5506161299679
2581 143.3382066123949 75.3179973628619 132.6967204780318
2582 149.912505337719 124.3301876157234 129.8894045264097
2583 147.933980778527 105.6101591014206 127.6994009594918
2584 150.5788562880909 70.49079762046351 120.4664423943711
2585 108.0841308733526 138.8428059437983 118.0379910777114
2586 108.151000175121 129.4710599765243 119.6402033944918
2587 106.6711143337047 136.8114246208142 132.5461233148669
2588 82.38897829807284 135.6883479879073 122.2188608711734
2589 94.8662877807933 129.988640162099 120.818482410358
2590 96.55689317403578 122.6225702698832 119.4066915134851
2591 94.16968349777676 129.0062089052605 134.4693131478911
2592 95.6547839846195 139.2264480495402 133.0265633616703
2593 95.14729997939854 135.3615309432498 139.5641342109401
2594 68.56735092532099 124.9838012282323 121.286369870888
2595 82.81228127796608 121.4020169536985 120.4335114800195
2596 72.1798834379574 138.2167967781164 119.3183877112013
2597 83.41733026326941 129.2789755908341 119.9733323264428
2598 80.91362265800151 138.2174215275744 133.1912505900489
2599 83.75223623962061 138.0008603400377 114.3712476773776
2600 66.59707843240678 141.2900714089403 133.1555614924815
2601 71.79417317388464 143.6271148702881 112.3086908040472
2602 68.37194495170873 136.438116443804 113.8473437622847
2603 119.7913102747579 136.5044141307556 102.065610051313
2604 95.10641964234583 124.9388643321229 107.2122662862538
2605 107.0838604145621 122.1880855069964 118.5092347457482
2606 107.1447561649033 122.9584305946372 126.4746830779488
2607 89.28430746818493 123.5592375907143 119.0154711459485
2608 94.84188509014672 123.6656387331812 126.6671732181963
2609 82.73100875011403 92.88405844083657 120.4018193463878
2610 95.70089489578505 97.84655744291051 119.7798802433246
2611 81.3510779049717 95.54267913949927 127.4990651816294
2612 81.74267694564215 125.3034149935076 126.4452069989712
2613 82.77063400578457 121.2081060784949 132.5611237275172
2614 95.57494968494026 119.6882757856632 135.0766642229658
2615 101.7402510502129 125.8700425552561 134.3704720283391
2616 74.86929827906768 119.2259450478514 134.5978198500663
2617 76.50980751488775 123.2556167783321 141.5050013752146
2618 74.29859565281464 123.4686015089082 128.758622057606
2619 83.21733065955775 133.2853055707354 127.7143920160304
2620 81.94437276519844 111.9885357443148 134.5172401328971
2621 81.14895947127803 123.7436142416149 138.1197640027765
2622 81.7647938498426 122.3405100660426 145.6396316124026
2623 134.1906256921363 136.2500540273052 115.0231050399272
2624 142.2504670153414 135.5148221303286 121.1524323261504
2625 127.5766829839191 134.0027342373259 120.4391732632425
2626 128.2558045758359 137.8750048545851 113.1221248819186
2627 134.0501015642693 129.8087818000433 118.5516545619646
2628 135.6231623515362 134.860292107701 133.2108498463038
2629 133.5648960057285 148.0435369438031 136.9861051789049
2630 139.8246505767072 148.9035326367218 132.7603833666621
2631 148.0376249950172 150.8686899902247 133.4479977357198
2632 134.0030288860421 146.4686933647118 145.122025958589
2633 153.0434236319369 147.0144885417851 120.063781029166
2634 148.9583781963083 129.3787574368314 119.2761291827789
2635 161.4566483118543 132.1993131645433 120.5460853617263
2636 145.2933935823248 137.1337301097649 134.7758999570417
2637 88.88369385367952 100.1320680843218 131.4383669552796
2638 95.19179247210165 85.27033143766231 126.7579635907284
2639 86.90288994054569 83.10678722341572 128.2171829292481
2640 94.67963545860135 76.36166681124512 127.053418581783
2641 73.84923316336371 110.149641321581 134.6584735058049
2642 79.63971571540206 93.97020962708504 142.9524564232982
2643 155.3790038486568 121.6743062897002 144.1087635322648
2644 155.6332295940685 135.3303138378002 145.9312933221267
2645 161.013882206779 115.4612179113026 147.6190383335174
2646 157.5911926459125 115.3409638484155 161.8795281781701
2647 153.9915525804369 116.988957540842 153.6330182369858
2648 155.9203164590544 110.2406398124326 151.3254806914715
2649 150.1059424779972 108.8576817078914 154.5230003517266
2650 148.5975550654885 121.2107096701931 157.2700760088876
2651 153.2643593845157 133.3042706626513 159.5475977342953
2652 147.9429242868983 139.1180803158983 159.2667534570752
2653 145.0477340010782 135.8454600906577 152.879493942644
2654 148.1288174293898 118.8507930884796 165.223455401397
2655 147.3092199457789 115.3212613624537 152.2318683768918
2656 148.2315398281847 123.1549163192122 172.6607214263277
2657 142.2621007092577 113.9659651209919 169.953821795944
2658 128.6604370301144 108.7864080864214 171.0382378853807
2659 121.5045051534695 110.4360571376214 170.8793612577705
2660 125.8624417884271 108.6563764056161 187.6523475731114
2661 133.9303672530382 125.4581810087458 172.0165989621651
2662 128.6372993570764 110.129490300621 107.158724792007
2663 107.197551732965 108.2009449794051 123.555162504452
2664 103.1209365499503 101.0634695975475 118.7517589773449
2665 122.5832022567169 123.7798325174356 122.5824320694153
2666 134.9183199087068 122.7690248181151 119.16048964428
2667 114.0652079268191 124.5821438697296 113.0659438902228
2668 120.6773926789068 137.8195502461806 121.9840714094837
2669 121.5335090657581 138.3692391649793 113.4013920547515
2670 121.8654178502164 116.3640759804768 119.4621226906556
2671 121.1078645427153 117.4256069262716 111.4939691200043
2672 121.40526031915 123.5940202352678 132.8391222847243
2673 120.4663528404387 111.5634713229878 124.512650317963
2674 114.9121685450857 109.2333526017879 119.1780073432816
2675 122.7097128844926 107.9272178679806 113.4986518956941
2676 103.1222961346254 85.83291070494778 122.0948655219973
2677 99.32975974253068 80.58176156474757 120.3538358900657
2678 107.4152892463648 77.44797392767919 119.6343429694487
2679 107.8766051724747 77.42646419789955 112.5737091551592
2680 134.1025190490161 61.18368063809017 104.8486440688123
2681 98.23470007442482 69.83436634340856 106.7995914228254
2682 95.50592075772819 89.45251348291613 119.2873110031136
2683 86.62768579469423 84.59496517942739 119.737242631262
2684 88.63983934704879 96.18017519364575 117.9376191792647
2685 92.60067830369653 79.60463277234045 121.0292823272382
2686 93.32619095273232 84.70001092792849 111.6178344846232
2687 100.5173268168168 71.87386049203366 121.7751756720819
2688 101.8092966032726 63.36351864881102 124.0644869713567
2689 104.4422690039836 70.95025894073282 113.4892384672973
2690 93.53874082152845 110.659229652438 119.7230826615304
2691 157.7105054107971 90.0110923595329 142.7006501000533
2692 147.9350566690343 91.53849007529146 140.2866538710327
2693 135.0360145748559 136.0725382491865 105.0051890427104
2694 140.663144539375 135.824848981453 108.7260914681107
2695 140.3189216137528 138.3374814116407 101.0697469348791
2696 128.2918370730862 135.280065563212 106.0171480662363
2697 133.9699407362188 142.1870767437999 110.352844495118
2698 132.8479862446395 143.3369226463866 101.7220944695578
2699 134.4461051819221 129.9321811679326 108.4658304877004
2700 132.1702754007711 136.2237768471864 97.86968550756835
2701 109.0965238975591 109.6954426711307 174.4068930709153
2702 121.8178490228404 125.1634349631669 166.2308271144616
2703 102.5505257766839 76.86371240224622 115.4281867648098
2704 90.58308879317379 83.94468688340608 103.3292375860181
2705 88.44039455657267 78.04897540406512 115.4371305168575
2706 96.38172285387111 69.01479006635007 116.1483191406206
2707 136.5102066166123 87.56549161749759 167.5009161694777
2708 141.9051055224257 105.407815583758 168.5412480148622
2709 142.2358607350859 103.0416378120126 159.8707752373712
2710 100.7216408232123 94.89486865582892 162.4179037090667
2711 101.4918649166695 94.4949092147598 153.5317475213147
2712 106.7015550339624 108.3726355114853 157.8738257376527
2713 120.5459660742728 87.28248625065126 172.6690679567222
2714 143.3243853858904 133.1370670690109 159.6117532268555
2715 128.5134454122771 134.6806263943657 152.4715208253927
2716 132.960516274491 143.6453904991876 159.9840207882877
2717 129.722681267845 136.6164269795864 165.5177081900108
2718 135.0602425024838 134.3407620238738 171.4978825426258
2719 136.6504589960166 136.3899275867815 152.8419194242094
2720 116.6592317389272 135.4326653180375 159.3773723902674
2721 110.061247481352 134.7784481418564 156.99449713634
2722 115.6700353969489 135.7584747877412 151.7732736532147
2723 120.8410640285661 142.2551673368877 151.7191259608998
2724 120.2102423194584 128.0842538703749 159.014788361109
2725 121.7233070440003 133.388092645265 164.6043747610124
2726 121.8278176657971 134.8456591455143 154.9044955446342
2727 147.6002865120595 147.5018448985157 160.8526114469863
2728 148.6847044339004 151.4905588983902 153.9139041840515
2729 148.5335421262841 139.9762513036162 171.7925870815161
2730 148.127084189658 141.5397960347069 184.8438531395743
2731 147.5858537849567 129.7383711549055 174.516240495496
2732 161.6263211981937 129.8679274885827 146.8331698741537
2733 113.2644236261954 137.3781188187106 106.8292678307411
2734 120.3693697184792 128.7771385441398 106.9120027979883
2735 122.4994765470122 134.7651521171372 134.125756208093
2736 101.1471890665442 134.8071774141229 135.1564362016993
2737 102.6883762974895 138.451424459802 141.4473839088807
2738 108.364336970479 143.3033611873134 131.7048421159687
2739 107.8108690025815 130.0895119752425 131.9722353881682
2740 108.4802952078584 137.9245699032654 125.5266047095429
2741 100.3537764512397 131.1882860610626 106.8409534067231
2742 106.4961365496211 131.7556379399644 103.6283737618961
2743 102.6792826580649 137.7256256215976 113.0536381327282
2744 147.0391800751913 120.6510631674096 122.9925642128596
2745 108.227643079171 108.328979102767 134.6030414171173
2746 101.5478694715218 108.5899902614596 130.6094023775709
2747 109.0872537674681 122.3774744710587 133.725881526045
2748 168.9131220509735 118.8995923075509 108.3234455774928
2749 146.4753301467804 150.1113124725855 147.3318730366443
2750 148.9189982461834 164.2080069261081 146.9313453209594
2751 93.087117529325 97.57558296203685 144.7745237553276
2752 86.26094940153425 96.29661312524031 148.5699553839113
2753 93.73590672257021 109.6285830965276 148.2281960547301
2754 93.50662588267866 111.7698855910105 157.4359796008817
2755 95.43194138558292 89.75313967145073 146.992980022086
2756 94.08863556400418 106.8091366907177 133.7152575594895
2757 87.20027594278568 107.2944206980532 135.6841688893259
2758 89.99003283911121 122.0788213310735 132.3536569748437
2759 93.82778289321244 109.1039001790081 140.5786743067347
2760 94.92569868032388 114.6009118765524 129.0317238470074
2761 154.2154443790967 96.92551077034494 106.1262749742651
2762 155.1504229912287 103.7249963766388 103.6675952463281
2763 147.3296491846573 103.8430109333683 103.4089939037017
2764 155.3197573951145 103.4265229784174 110.7301951204807
2765 147.2478801374916 111.1828265751909 119.9540980220427
2766 145.5030352258417 124.1279540792847 114.5346371273874
2767 94.27132859590981 111.8064152002865 112.2837974635472
2768 83.69298141264217 125.8536763463597 113.6442532515099
2769 140.6553916639454 147.4365188166786 147.4840582025196
2770 127.4208975964367 148.3682606998232 146.0824294244822
2771 128.6652805312492 149.5091315144255 158.0446618130736
2772 86.57276130695668 109.5229086977236 163.0576019684213
2773 93.97257245045058 121.8138611859268 161.7414593781753
2774 96.56921270753253 128.2224309658536 159.2404512604521
2775 93.33884312798688 107.4859478069297 170.0353223137507
2776 161.6878092734187 130.703667849232 133.6876789168178
2777 169.6892247421336 118.2762045739984 133.1155124512067
2778 169.1755394960807 115.4741707148571 141.4119065192205
2779 168.7591052095921 122.6960720096191 139.8650616833869
2780 156.0013996830363 79.33711927278689 107.2576265257147
2781 162.7704572393511 77.49914194234927 98.19493450478524
2782 115.8711687341351 141.610957488492 147.5517589956251
2783 123.0046954477412 143.3369123405531 143.8703175653378
2784 121.9113137379632 129.4190370595628 147.4834224094064
2785 126.2804881724693 152.6264262196714 114.9966954534969
2786 154.5756970794845 130.864843703874 113.2181757708137
2787 153.0542348225194 130.2376741733861 106.2554609143109
2788 160.0179871242062 144.523396299368 114.5894485305852
2789 160.7075618454293 129.3971741068921 101.6945510263451
2790 153.9360341939161 130.9599469308243 125.7983193358586
2791 157.9725813992281 136.9896928518715 127.1298434240762
2792 160.3528891267947 127.4645938226492 140.4174343980956
2793 125.0989457312686 76.96953215136099 155.29512360875
2794 153.146130260321 142.9986871127686 134.2867247777582
2795 163.3843861829096 96.03647202736052 128.4721004451788
2796 155.6256074153533 94.43721974631306 127.5195261511261
2797 158.3936144726655 102.4120724952374 127.2588256371237
2798 155.123596735749 82.72596794415935 115.2671862103743
2799 152.5594208632307 90.11084192909003 116.7899558770236
2800 141.7051089380182 66.02300973535773 103.6185477907572
2801 133.5300691400969 69.37440860020764 112.6294173248055
2802 77.71532254858562 133.0167521473185 113.1600190652595
2803 76.39606600140671 139.2377645864464 113.3597157524513
2804 77.32561643330766 132.1442827039313 119.6398213130869
2805 154.8322830413421 112.8810824275174 115.4992762369039
2806 141.3046003531446 71.30534683726054 128.1090817742891
2807 154.0448472086864 65.07391527347482 114.3893093051995
2808 155.6421548986065 135.9084506452963 152.8346922943559
2809 155.9923497377399 129.1978192918687 154.2557867808176
2810 120.6815091188771 83.26171546296861 155.789214031624
2811 115.0313597956322 88.18540537499291 152.9518336045295
2812 100.9170936989004 85.06651179060016 154.3676774863703
2813 109.073850700956 92.19817542590707 147.2833134008937
2814 100.776318387916 110.8392164649869 144.9135006405483
2815 105.4799945086116 121.3774121334509 143.4801012031022
2816 91.31877904333122 104.2590302670656 106.0002007175626
2817 87.88141594265436 105.0584849975669 112.2697400284058
2818 75.61447213554325 107.5584839850912 114.3165966372765
2819 82.06672737376842 101.8238919116675 116.4899421735675
2820 142.2837298481248 107.6262456901366 178.2973874846152
2821 99.97281036372893 110.9407900163086 175.9480036457821
2822 100.5417382689415 119.4994209861938 174.6654658359903
2823 106.8018105795562 124.3796587468523 172.9720138937613
2824 108.7466733434044 130.1202522259343 169.2679187896801
2825 142.9217498908062 134.204492501997 172.596518904126
2826 128.4655220078855 137.4195654154879 172.8522206416548
2827 131.4060970966455 142.3655015293517 170.160708637163
2828 134.1480377708594 148.4823773681038 169.3490396391719
2829 135.4044630006669 144.9266604371232 184.7153144738384
2830 135.3498268244093 128.7449338896369 186.0825512583343
2831 134.2850268993614 137.8951352521349 184.1791428425875
2832 138.1590825423289 134.0558962746462 190.4550643553186
2833 128.3603904189526 124.61870767237 184.4294935657415
2834 127.2714813822081 117.8058851815767 181.8254730820344
2835 128.1544974626479 123.7379904688017 191.9517145626336
2836 132.2939266762707 122.8980876665373 179.5764544845208
2837 137.7517150464288 135.4846984057846 178.3581092372874
2838 134.7420742130984 117.5164276328918 179.8750590801042
2839 153.8665867113364 121.8014531071017 168.37010817907
2840 115.593587290526 121.9994010519386 158.8881105159155
2841 121.254802383123 116.0468655168073 158.4682813470577
2842 121.3839342016516 122.1359464800427 153.070003615734
2843 118.4235573345395 59.26161775740507 112.6174733477807
2844 125.4651437251657 57.95070741468832 114.5128810575557
2845 156.5977162811619 103.5056161287255 117.8203677645365
2846 95.16966802084926 91.89143742141412 138.4467360228814
2847 86.40765256689123 89.35581446854553 141.3163959077484
2848 94.55365734854735 93.50366237876938 128.770133806034
2849 101.2923954353535 103.8212551761006 149.614383922714
2850 100.2879219879079 90.80941374581455 133.4036661472386
2851 78.04898073930276 129.112010989068 147.9431320668892
2852 89.92652009823364 121.4239852698974 148.6586768789944
2853 85.98506739700184 134.7464566210043 146.5399601275661
2854 93.41868711780953 132.9082027792722 145.8577304444659
2855 95.65670523877691 141.5654934370111 145.576663751253
2856 95.43588126290109 135.2826743614903 159.5879229746053
2857 153.8372457532482 133.1941342724217 99.84687779400757
2858 154.4207364566654 148.0331984051222 107.3951981159893
2859 115.6511952879993 95.01536017442378 118.7356325266704
2860 80.78620459115426 86.36987019640358 115.2124202875203
2861 88.87878510712198 91.32165431497258 112.870478336637
2862 88.30346123987812 90.07521071251497 124.107724237711
2863 122.2559752791222 146.5898937045681 114.4062652968334
2864 135.6407708252333 62.82410573307914 131.0561413800856
2865 125.5892242502352 64.16342022538997 122.4340939290476
2866 156.1102343144508 101.9936169051894 148.1281259644229
2867 126.9582470919523 71.9968317750984 113.3815577099602
2868 126.5943778007562 79.51633590614873 113.4798718395269
2869 156.5223112986973 141.2913908335543 144.35969670392
2870 77.72269631176478 117.6567657302025 124.7972142732764
2871 141.0378913046227 121.9788155174943 100.3171537904291
2872 142.6232289604855 128.1387998042208 108.0197576590235
2873 164.0677359607538 102.0836421649196 133.9234278532967
2874 134.1292027955971 58.89730127227806 114.0703077303221
2875 142.167487722717 66.68659012985177 113.6119435281199
2876 141.4639430945962 57.33477778136427 105.6160521872819
2877 135.6453556833571 102.9464398976808 115.3665944474559
2878 136.2544567186302 75.81943526921307 148.2644435399697
2879 127.2768545872363 76.98825637383963 135.5875137540359
2880 148.2734194408056 128.5290234768154 154.4681856047725
2881 151.4390616728608 90.27286774264418 99.5569533323041
2882 154.261993694248 88.99272259246823 108.2772306973247
2883 126.530350289722 91.0380674767445 160.208216527401
2884 127.8890153026693 93.10375766244734 154.1096619609097
2885 133.7864078884532 93.39220373949976 152.0140564913886
2886 151.5654117906631 101.0925200254785 160.8839310108029
2887 132.6674373509961 104.8687578691252 158.4274824251539
2888 150.3703099183404 96.16074952086097 155.8619302016675
2889 149.0800784906263 89.76603241221433 154.1800153381299
2890 127.9946514342839 120.900994879228 115.8096979082725
2891 121.0108950229736 130.1068340510497 117.8276661737623
2892 68.65098168206364 115.8978494712366 127.7206122058216
2893 69.4539707057002 135.799359952903 127.2553242813943
2894 78.49928193480355 134.8621098564019 145.5453681438104
2895 75.5474698643343 140.1559465870443 146.4823446402893
2896 81.97495792256427 140.7499234079807 145.4925013215327
2897 82.57974186291705 145.5902770496963 159.4223233764017
2898 129.2481735766232 144.3841503172027 114.772383681141
2899 134.6962610280522 116.2169300109069 105.6499679116426
2900 146.8195097139787 156.2005006469496 158.7359282144557
2901 169.541476055404 115.0331954794545 100.612289510745
2902 115.6132736029167 143.9403120171119 127.4052461733203
2903 146.9392491562394 102.4648035716737 141.1233336102862
2904 145.8482822679925 102.8920582901967 150.7358277638317
2905 154.056680933376 97.53851049973507 140.4876159237385
2906 162.8580844492325 94.57939185876843 142.0580721667363
2907 155.9040187874198 94.10285632018096 149.2451682055882
2908 142.4182601026967 148.1628634197453 170.3463000585336
2909 141.256920812732 161.8052470373824 170.8952162724918
2910 127.9801223675198 147.0367615030972 171.2701197357431
2911 127.0420048325502 165.256150339251 171.2862167406387
2912 127.3678307532795 152.0466877223658 184.6079553329994
2913 134.2644069781098 165.2146657471694 173.1849431418381
2914 135.0587967113981 151.8047008619422 184.4282272447929
2915 135.6658290251565 148.5973704277221 193.5322076618055
2916 146.8265614750798 143.6044804595796 126.5330526531155
2917 150.8901888057425 157.3814664394373 138.3130255553738
2918 142.4418509792019 155.6544293839654 135.8250283501669
2919 147.2595756218509 151.6888822843138 140.9544249009244
2920 154.5922894721936 142.9929704975233 125.8454486133885
2921 107.8559436852252 151.9597115664754 176.6501089479024
2922 106.9713623318838 149.5084569414073 185.2180465597719
2923 122.1708034821321 137.7316046766305 185.548277191091
2924 114.6493998863496 139.431067733785 184.7906852574688
2925 117.5567692046831 130.3566864747503 185.6991350764882
2926 111.9047322205258 133.5762050727288 193.2009037039426
2927 120.2049196550182 147.8490105047939 184.8216787072985
2928 120.6174452250347 127.394978800021 193.8700432826774
2929 118.9465442195625 134.6430811789698 193.553428749575
2930 122.0479841945619 135.1285384718957 178.1977242010439
2931 123.5622772152218 149.6754812674344 179.3709452868079
2932 99.0509644372395 150.9619540646163 187.1768935457775
2933 112.541307350757 123.8173319930697 183.4034226380876
2934 121.3715600464279 115.5881772453202 186.0846980763032
2935 119.6920095792092 113.5185549593853 179.5639489163232
2936 120.354446932661 121.061117618442 194.7523421416618
2937 119.8573009451543 122.0425782095317 180.4036927185445
2938 121.6006283401784 136.3717837841839 171.2288592444727
2939 123.1561580618451 142.9111036736188 168.8426023179078
2940 121.1880944166525 127.8977805059081 173.4028050260106
2941 115.7100616615049 148.6364919756903 171.3229273993778
2942 114.5346525219459 147.3389164900936 189.8146660273009
2943 110.4042771551129 136.9715006874897 169.8642676550799
2944 104.66193241132 135.9235338936101 171.5249862571202
2945 96.45639474047566 136.8531051038074 172.56621482342
2946 101.8760262527062 143.905912823849 171.999466064692
2947 100.4820103834779 129.0062210313623 173.2668639942091
2948 109.6772133500932 143.7705637329512 172.5111300002094
2949 92.9594886731517 143.5045849767326 173.5339412793453
2950 93.05800671233646 130.818343263306 173.8108785782154
2951 93.80260074078771 122.7615398831219 172.4596585466744
2952 108.217431281246 144.4243656634902 158.7323358905417
2953 107.2104187975307 134.6563505204423 164.4532305035484
2954 88.33301361416103 135.7933702679886 158.0375132305678
2955 89.06678315793582 143.2677836636516 156.8042284803935
2956 89.33044575442153 136.7208021412525 166.9078250156934
2957 90.95881055138429 137.215054755924 152.0076291181688
2958 95.57011682360078 144.2469352502908 160.0753032525396
2959 96.15635664000725 141.6320943059391 166.2919627293271
2960 96.73815074802629 141.2213184844699 153.8202431780797
2961 93.40438843281319 128.9543355710687 166.8960566655849
2962 100.0051257277173 136.5245413498524 166.8886239407044
2963 96.71287445972797 134.1611867400342 151.9222360283814
2964 101.3147640040996 135.0212043717516 146.3521299308358
2965 102.6862584308338 142.9992923624643 148.4195904730331
2966 109.4876080596769 143.3285846817158 145.5327018658597
2967 108.5325344886742 129.9702671838259 150.1525943221314
2968 96.93690482769179 148.7319842773424 152.6711080571308
2969 89.46639485542018 150.5895931389046 151.7358815659616
2970 109.395664239424 125.4732970173249 157.7649794809013
2971 102.3200908639389 123.0588905769253 159.9912616322061
2972 101.3923865014769 115.9289997158763 160.6849044764328
2973 108.3855486477825 116.4333993050885 158.5596901310377
2974 107.3947591729705 122.639247947965 165.5334432849353
2975 106.7389377853117 121.0604450359284 152.4335779222248
2976 106.148699554258 160.3585327648204 185.2185982160989
2977 99.17936552662694 148.5084774435289 179.300152144096
2978 105.0642445439797 143.8589946218597 180.5847123233918
2979 112.7332251328561 118.1340683177047 179.0389656158063
2980 119.6119027285432 106.5462952153464 179.6988347745829
2981 106.2493274295114 108.629222833714 181.4791059632687
2982 70.10184754783943 143.2622479085233 126.1866687104218
2983 76.44552532842501 137.9298009443565 125.7207725577193
2984 75.29252944340809 143.4996736711796 132.569700679218
2985 135.5522792951406 132.049326556014 197.9398761613022
2986 143.8608020953801 129.1180999286867 185.7063455094688
2987 144.4593288092736 163.6585731000264 164.2068762722533
2988 135.7437376502384 164.4278216344201 165.0629174371398
2989 82.09701975158841 137.2638597176407 153.3393057043046
2990 127.0976689387652 156.2182825411373 190.5767648997406
2991 128.9340910231718 163.5202200706922 187.355774813344
2992 115.262737696535 154.8817052718958 193.5262799786307
2993 124.2294113426283 165.7465862502998 201.5141866910337
2994 132.981157660146 156.0024954445029 154.2533918345521
2995 140.7300902683995 154.1847972189054 152.0738429349227
2996 130.8892025702298 163.7145780323472 151.1275692806499
2997 135.2589515129067 148.7367440475258 153.5947786288975
2998 128.1551786171159 150.7331082525579 151.5920571598982
2999 128.2722225032982 142.6551814412417 151.2674518403504
3000 128.96199427432 155.5409306298316 162.9403481128502
3001 115.5076253083348 130.7075479477643 179.0520230469049
3002 102.0273073415138 136.4628920769685 179.7297843015936
3003 93.65897521396444 128.0567889474347 180.9660566941064
3004 81.15471458647592 144.8382402669044 151.5307276980791
3005 74.955271783334 149.0331042958699 154.4140474368469
3006 69.46035564609491 141.3495670424275 140.4106297146994
3007 67.52982207994934 149.3568416648439 137.6999823444316
3008 90.44587078709675 128.9779794727914 153.3093534693417
3009 106.0930601008243 123.5879946081115 179.0791938129419
3010 101.0833825910397 128.5185424172667 182.5028294166667
3011 142.059890383342 154.4627125699263 176.065235486976
3012 137.4709390126464 157.1542208500558 180.7981624110001
3013 141.2400746727358 163.0212372526439 178.0424981377467
3014 141.965824988192 148.8449563518453 181.1073564946491
3015 144.6246515352167 156.5374306381991 185.8008857316903
3016 126.3359680668236 110.8352299748049 177.4917404870507
3017 126.9081754627493 103.2522955221251 179.2972319439333
3018 119.3716326425093 100.5328154451719 177.5978346542137
3019 132.0710689790329 100.9937934672231 172.965130554824
3020 88.40888025662969 146.3131728250548 166.1328378749805
3021 133.7475552108157 163.6568264812348 180.9561214101499
3022 119.9102231184757 165.9330643409674 176.7917471048433
3023 118.0112691025174 155.6631231987573 177.214849408282
3024 127.7924892447298 157.7384576424457 178.0240773385858
3025 129.9137583950314 148.4058311698463 177.1562668630224
3026 128.4046847214551 153.9677218264721 170.5970877754771
3027 127.7359212523884 147.4231837370826 165.1090998593244
3028 86.95396766457367 97.03736272216693 139.8081501273969
3029 87.56909619815973 91.00642487622125 132.126956797139
3030 127.9437208545245 136.9999396370203 202.4829471273875
3031 128.7526003813449 144.3928684448782 196.9997069470363
3032 134.1306512207757 140.538486784564 191.9117774392076
3033 142.0415487224701 144.1888087010557 185.8203389902236
3034 115.5153100191044 136.373226401621 125.9970072584942
3035 113.847109155089 145.8042708745097 134.2480652429735
3036 122.8476195015342 142.8330134635953 134.6546979679834
3037 122.3600939884543 144.5352221311811 122.5403024086399
3038 93.00570428600754 94.19387759505096 152.6185846598662
3039 93.79957557219782 101.7914914129197 154.9801826880436
3040 83.91335750859386 103.2607945285401 155.8391658238269
3041 87.08635649398289 101.1255295977544 162.4080230681223
3042 87.65093635299102 105.251868180381 148.8563776027476
3043 76.78328861720198 130.2333340026639 125.6537246712152
3044 141.9538521415106 155.326849466571 143.7543188904492
3045 73.23135344734352 129.5659041232701 142.3612810172751
3046 77.33143250801207 109.7036744878008 127.1945280730721
3047 73.6174412398455 101.7571766324981 128.1317500048166
3048 133.5466813238704 110.4703822004403 181.6408977983177
3049 108.7256488914474 130.7281694391731 176.1162919630451
3050 113.0647050071491 103.6174437490994 175.1726742766363
3051 105.9141828510648 103.681709643615 172.7094367137099
3052 100.3857767673078 101.3292763814538 175.4707075597738
3053 96.05455947155056 103.5771939136371 146.1408235036569
3054 89.95292875049509 103.1735476947841 141.0497359087744
3055 81.46521421460184 104.3512389316385 140.4118217837099
3056 80.62411043887433 104.1433075464434 132.3030121808349
3057 128.6369245323661 147.9230664260537 190.4684657202505
3058 120.1830832225044 139.6206963846247 200.0594448507332
3059 134.498941303489 156.6999397080266 189.5193570180197
3060 121.487782050049 142.8468290067757 191.4645108038406
3061 126.0959898768177 94.93859598604536 171.6392095447574
3062 102.1132714368672 144.8282119074189 163.8615326356049
3063 102.0011567960801 144.3284533396694 155.7327423252521
3064 113.2925751530289 155.3420143024975 184.8461711686883
3065 95.04041562818372 115.2556024753942 167.096294505387
3066 129.283348765881 142.8592972919895 140.6120588295806
3067 120.9320941139174 93.61383118041934 179.3564015806631
3068 106.8047721681759 141.3719816419015 166.2673834559933
3069 115.6415967269553 142.4896401698419 164.8988309946484
3070 108.7783134984972 150.5344490657029 166.0630535578042
3071 76.54081143550256 129.552685041494 133.5473703854599
3072 100.565318028861 121.5515133419544 128.5767847026053
3073 89.37864708971577 96.6504880134611 124.6334903445837
3074 82.39301022579079 101.7029081687865 124.0503649550787
3075 75.06097735930544 104.1174587016229 120.8157686224421
3076 139.836447428895 140.9328393800934 129.298216322855
3077 134.5969326822942 135.8609019271451 124.6463681601433
3078 127.4295764424044 135.8920123236103 128.0159763098774
3079 127.9438062848484 140.3849922460693 120.1816258785121
3080 147.7263930836554 129.202466888924 180.7928612231001
3081 134.5347195306744 142.5355425113588 176.7820637302304
3082 147.387241740862 135.9058764876962 179.3316019816448
3083 76.00263217618392 136.5975243071825 139.5888561734516
3084 133.2448752126622 117.0389951506855 173.337669597763
3085 140.2006861638627 124.1193190539906 178.7592353422113
3086 142.5845938962207 148.5728493056272 154.8389181349514
3087 147.3371596635966 164.4041956420923 154.7328635174
3088 148.7277634306078 157.490732278793 144.9286074341508
3089 154.0704045770084 116.9937401183182 104.9690572294322
3090 146.2296562775961 128.4701819832396 125.7685706258729
3091 148.440380902205 135.7817756542609 127.7838139703301
3092 133.8276499793164 128.4570891558583 126.7865257560578
3093 140.8449854555411 121.7284285981669 127.4079386031315
3094 138.923413759012 128.430172592043 133.8325282341175
3095 148.8007308905964 116.0297583008166 131.5532273926744
3096 156.3280882842176 115.8629443936668 131.6493030129769
3097 131.0286592699482 114.9572711841562 133.413369030206
3098 133.0515807782388 116.5147438529959 120.2066789542117
3099 128.7950302833501 110.2436295112805 120.0458536178593
3100 120.4002044658928 130.5411098031763 127.2176823311794
3101 114.7114906539586 136.551233827371 133.4595793910119
3102 115.5979077044452 121.950243520982 127.3898916069412
3103 114.8580785585337 126.2230046739856 133.7712136849958
3104 122.4391660655686 117.5756890977106 129.1524189335791
3105 108.6642075842688 115.2384887419441 129.5834320496522
3106 115.1684576446881 106.7255623910702 129.2321751227273
3107 147.0620984256581 95.40462052499164 112.1413038134062
3108 148.4857823540697 101.7166964059203 117.6303909252019
3109 147.777614509833 77.32395649158005 113.5953265992316
3110 132.1964418541498 103.577563524506 122.6314409065756
3111 141.544567253565 99.37924665176673 128.7744220304678
3112 142.1787556236503 105.4549616906231 118.9043268111611
3113 146.625951345142 90.74341587808443 132.4866820228354
3114 153.2090281428588 128.9527243505144 139.9489403118807
3115 146.992108897818 129.2859089811242 134.6369179572782
3116 133.6021097519344 135.6636198186272 140.5323645032551
3117 141.2339640637836 138.9590298636965 146.3153787024367
3118 130.338543334956 130.8767505116857 146.5888433752756
3119 139.396216052556 129.603317981905 155.4776312184507
3120 133.9991455200469 116.8454660102085 159.4872043585028
3121 141.2596117039172 123.0043703979743 159.8274245107081
3122 140.8053352451695 117.0146936077091 151.6558937707056
3123 155.3996468224273 137.5621335694242 107.5555228942497
3124 162.8919816451498 136.5362508570032 101.826318092791
3125 133.9047262649977 87.37824222613111 126.6138954124575
3126 127.6936939964401 99.59434701507783 125.9021620121785
3127 124.8583932243446 88.84578574379525 132.3584864544377
3128 108.458343469354 90.67113042723044 132.3006340056556
3129 114.025962358086 77.86179578507466 127.5500769072415
3130 120.3482565579604 101.7043414754989 136.9262248958737
3131 125.9977553362786 94.25246553003983 139.2424187049905
3132 130.1798404375079 108.3239400368987 148.5243069311825
3133 120.3392189377388 90.48850295258461 146.5203465861234
3134 119.7802368534401 103.9679660173956 146.5146456188085
3135 106.5646871576733 103.14702996773 153.1483531215529
3136 114.231813714699 103.9334802519157 152.4121459814456
3137 111.5961309035981 102.3360779064301 158.2726323974327
3138 134.2245334351389 128.9223461540852 139.8352770585894
3139 127.0070047646013 125.3123558886746 140.3600958185547
3140 128.6603727490575 129.9058735546479 133.7782666443882
3141 127.7929554100079 117.3642256074687 153.9161848845876
3142 121.16711758951 137.0894756292663 140.9089249768914
3143 114.7685637647274 124.4586861892651 146.4126842055813
3144 112.7040660264312 109.9136587757128 158.0996494034863
3145 115.2742221580399 116.9775671860631 153.1344805842754
3146 149.6394039980922 90.19843497684778 125.8527010055116
3147 156.2417438623023 127.7390844387539 120.0367306293733
3148 154.4956338906195 132.0177494118751 133.9006837865921
3149 156.4356223123148 122.8412305849895 127.2484405223644
3150 108.3914001794945 130.7265851959775 140.3163899592003
3151 93.03603707753123 128.6059408406754 141.4401113442498
3152 94.05902811682252 126.0753743940124 146.8755188666858
3153 129.4910276016177 122.2998721168629 165.6324165399524
3154 127.9448188063801 130.4368416483742 171.6361072342416
3155 128.1188090276537 128.8594878447975 159.4672708132258
3156 127.4860906286955 123.5399357847087 174.0702177589845
3157 102.1813182109311 129.958970074478 164.8428834228634
3158 99.96422109834988 108.0012683436625 169.4110466658651
3159 98.66078336714592 100.9604536522703 167.9594980815874
3160 131.5627976866442 78.1978165345313 128.1512164466702
3161 127.7753182376907 77.21708240402586 119.5221792970208
3162 133.1761102557041 78.74902088275159 112.6937605401384
3163 150.2694544772292 87.50643300143948 146.7772759008569
3164 127.5347767682321 117.2537446284019 159.7449369086614
3165 127.805978084368 123.8533813968589 154.6722258734871
3166 133.7598912660839 115.211455250088 127.4477908225896
3167 106.4132425761169 69.87422258811465 130.803072801806
3168 99.2368331895688 67.64175435636334 130.7528496374728
3169 115.1376579781651 101.7972434975385 166.5534626657928
3170 132.8847047837561 128.9757739395167 152.8283400703195
3171 133.668927336448 116.6156803568263 151.067719432646
3172 90.16411875908499 116.4096937181941 121.0733449910716
3173 102.9149036274536 117.5803769892213 133.8112188524535
3174 88.30659220902761 122.9957934162568 140.2020313810219
3175 152.5550115143739 136.0429997852015 140.2391154073324
3176 142.8095211358981 109.1514315937473 153.6957061571914
3177 141.0061888910643 142.4087458106374 159.1004055142241
3178 146.7498474481457 141.7819202196406 165.5389467672249
3179 146.8762801881824 143.4626182510331 152.4581995705728
3180 141.3570961269243 135.5463035302061 165.7183631253766
3181 147.3485007703195 127.8251862673497 165.1401376105935
3182 141.0154075331187 125.0687462436623 169.9067048159854
3183 102.6513414194567 102.2185616404969 159.614423734211
3184 93.45124733397363 102.5320744642679 163.8574941334597
3185 101.0906732310447 110.3855672300259 154.2215044031714
3186 103.4514729750082 136.8935888174653 153.4610941333239
3187 89.44106233761026 114.5138200592319 135.312754964782
3188 94.8688667881077 104.8048828575582 113.5281316313033
3189 151.7425674665165 82.90764082960941 100.336857175838
3190 153.8324175167711 108.0452753462935 121.5441545410675
3191 127.4657279607221 142.8272162879578 183.3184772883791
3192 125.1798538415421 129.9552346790591 186.0088789914424
3193 132.7828045385451 129.0875412384289 178.4458775967492
3194 129.5783414212014 135.2257721787361 180.0919331511191
3195 101.2373997282736 103.8341872511863 139.8940484887707
3196 128.8555694256462 121.793114044231 122.8997038036981
3197 144.5395771127037 144.1878307115171 134.7459626708661
3198 140.8187724809242 149.3734998442788 140.2957577066543
3199 114.3845376237118 147.1878977326783 179.231775764613
3200 121.6333535611396 156.9916392508007 168.9673727040351
3201 120.3502908531099 142.8051827967043 177.6202301307656
3202 102.1151655674451 151.6529309937931 173.1513602956625
3203 103.8959310485629 129.8189480502818 157.7326545135729
3204 108.9802978591131 138.0244105722102 178.3432105229474
3205 135.1864642322167 157.5867239915638 171.4438549159498
3206 142.7284715011237 156.4631438637514 166.4963125180415
3207 122.3971233759234 103.0423531898718 172.3032566470579
3208 108.1258877364737 108.5686000549549 166.3307238252431
3209 97.1112667107504 122.4004612042174 154.8655567829792
3210 141.5169205703286 131.0166095733127 179.8536982008787
3211 150.2471250985594 129.0039202906823 187.544479583484
3212 118.3666884940727 101.0315502964642 157.8432409162502
3213 87.86260046215106 108.9345845860013 127.8343412786034
3214 84.02488958660881 58.95505491715377 97.17031557618108
3215 65.68105323639659 159.2885156524107 124.6016031570918
3216 136.8579188679436 152.865413616013 85.39584796678984
3217 116.3773117817642 38.93727740820351 98.54347905881666
3218 93.07576806685242 50.41365963635577 97.42807192604252
3219 78.05568102592365 164.0437036745349 163.4847591406271
3220 158.2222929452886 63.74583569086902 96.46679763771638
3221 159.4516673894541 142.8533223047338 83.81774383601655
3222 154.2054905350896 58.14418067031158 97.63724237014918
3223 100.6109654544802 43.35473009080774 98.24691953660312
3224 88.59986971594904 54.68455968728647 96.25397935026405
3225 79.2112334354424 62.72504600561778 96.96630684909054
3226 68.98007264740465 161.5435963826853 138.0064128454844
3227 151.2565897155669 150.8226133157444 80.25516411093712
3228 96.64734777620455 47.06043824469008 95.78020876798918
$EndNodes
$Elements
17418
1 15 2 0 1 1
2 1 2 0 3 1 2
3 1 2 0 3 2 3
4 1 2 0 3 3 4
5 1 2 0 3 4 5
6 1 2 0 3 5 6
7 1 2 0 3 6 7
8 1 2 0 3 7 8
9 1 2 0 3 8 9
10 1 2 0 3 9 10
11 1 2 0 3 10 11
12 1 2 0 3 11 12
13 1 2 0 3 12 13
14 1 2 0 3 13 14
15 1 2 0 3 14 15
16 1 2 0 3 15 16
17 1 2 0 3 16 17
18 1 2 0 3 17 18
19 1 2 0 3 18 19
20 1 2 0 3 19 20
21 1 2 0 3 20 21
22 1 2 0 3 21 22
23 1 2 0 3 22 23
24 1 2 0 3 23 24
25 1 2 0 3 24 25
26 1 2 0 3 25 26
27 1 2 0 3 26 27
28 1 2 0 3 27 28
29 1 2 0 3 28 29
30 1 2 0 3 29 30
31 1 2 0 3 30 31
32 1 2 0 3 31 32
33 1 2 0 3 32 33
34 1 2 0 3 33 34
35 1 2 0 3 34 35
36 1 2 0 3 35 36
37 1 2 0 3 36 37
38 1 2 0 3 37 38
39 1 2 0 3 38 39
40 1 2 0 3 39 40
41 1 2 0 3 40 41
42 1 2 0 3 41 42
43 1 2 0 3 42 43
44 1 2 0 3 43 44
45 1 2 0 3 44 45
46 1 2 0 3 45 46
47 1 2 0 3 46 47
48 1 2 0 3 47 48
49 1 2 0 3 48 49
50 1 2 0 3 49 50
51 1 2 0 3 50 51
52 1 2 0 3 51 52
53 1 2 0 3 52 53
54 1 2 0 3 53 54
55 1 2 0 3 54 55
56 1 2 0 3 55 56
57 1 2 0 3 56 57
58 1 2 0 3 57 58
59 1 2 0 3 58 59
60 1 2 0 3 59 60
61 1 2 0 3 60 61
62 1 2 0 3 61 62
63 1 2 0 3 62 63
64 1 2 0 3 63 64
65 1 2 0 3 64 1
66 2 2 0 2 255 731 258
67 2 2 0 2 423 547 452
68 2 2 0 2 532 644 560
69 2 2 0 2 9 503 10
70 2 2 0 2 293 421 158
71 2 2 0 2 371 546 449
72 2 2 0 2 521 523 87
73 2 2 0 2 452 548 423
74 2 2 0 2 459 676 438
75 2 2 0 2 138 703 512
76 2 2 0 2 623 703 138
77 2 2 0 2 427 670 80
78 2 2 0 2 560 644 68
79 2 2 0 2 421 516 158
80 2 2 0 2 89 643 372
81 2 2 0 2 16 697 17
82 2 2 0 2 80 465 427
83 2 2 0 2 603 660 450
84 2 2 0 2 89 91 90
85 2 2 0 2 62 246 63
86 2 2 0 2 131 739 440
87 2 2 0 2 438 723 459
88 2 2 0 2 378 639 154
89 2 2 0 2 465 697 16
90 2 2 0 2 69 88 41
91 2 2 0 2 191 674 189
92 2 2 0 2 482 624 162
93 2 2 0 2 43 515 44
94 2 2 0 2 91 92 90
95 2 2 0 2 601 668 574
96 2 2 0 2 543 654 380
97 2 2 0 2 117 446 120
98 2 2 0 2 617 714 616
99 2 2 0 2 442 486 137
100 2 2 0 2 72 546 499
101 2 2 0 2 191 710 674
102 2 2 0 2 371 449 448
103 2 2 0 2 436 605 474
104 2 2 0 2 253 731 255
105 2 2 0 2 131 440 129
106 2 2 0 2 40 69 41
107 2 2 0 2 50 692 51
108 2 2 0 2 86 502 501
109 2 2 0 2 150 153 148
110 2 2 0 2 89 372 91
111 2 2 0 2 312 577 481
112 2 2 0 2 474 756 436
113 2 2 0 2 342 475 428
114 2 2 0 2 343 666 531
115 2 2 0 2 552 586 328
116 2 2 0 2 154 794 378
117 2 2 0 2 472 724 421
118 2 2 0 2 68 687 560
119 2 2 0 2 405 465 16
120 2 2 0 2 74 732 526
121 2 2 0 2 437 714 617
122 2 2 0 2 489 732 74
123 2 2 0 2 258 731 498
124 2 2 0 2 457 735 300
125 2 2 0 2 446 477 120
126 2 2 0 2 86 685 502
127 2 2 0 2 442 672 486
128 2 2 0 2 210 473 236
129 2 2 0 2 632 700 236
130 2 2 0 2 300 735 514
131 2 2 0 2 237 654 543
132 2 2 0 2 499 544 72
133 2 2 0 2 19 760 20
134 2 2 0 2 150 794 153
135 2 2 0 2 236 700 429
136 2 2 0 2 92 616 352
137 2 2 0 2 266 660 603
138 2 2 0 2 120 121 119
139 2 2 0 2 412 497 411
140 2 2 0 2 133 138 131
141 2 2 0 2 491 498 265
142 2 2 0 2 531 666 533
143 2 2 0 2 288 551 488
144 2 2 0 2 154 637 595
145 2 2 0 2 118 547 292
146 2 2 0 2 13 561 14
147 2 2 0 2 361 546 371
148 2 2 0 2 20 760 245
149 2 2 0 2 265 499 491
150 2 2 0 2 383 665 509
151 2 2 0 2 122 125 121
152 2 2 0 2 260 262 261
153 2 2 0 2 271 610 272
154 2 2 0 2 186 246 62
155 2 2 0 2 479 624 482
156 2 2 0 2 421 724 516
157 2 2 0 2 28 77 29
158 2 2 0 2 138 739 131
159 2 2 0 2 486 672 445
160 2 2 0 2 521 762 523
161 2 2 0 2 643 644 532
162 2 2 0 2 342 428 339
163 2 2 0 2 25 630 26
164 2 2 0 2 13 587 561
165 2 2 0 2 210 236 208
166 2 2 0 2 574 608 601
167 2 2 0 2 237 543 541
168 2 2 0 2 447 477 446
169 2 2 0 2 453 586 552
170 2 2 0 2 431 486 445
171 2 2 0 2 137 486 127
172 2 2 0 2 515 800 44
173 2 2 0 2 110 112 111
174 2 2 0 2 261 668 601
175 2 2 0 2 629 717 617
176 2 2 0 2 157 629 617
177 2 2 0 2 294 622 295
178 2 2 0 2 431 432 123
179 2 2 0 2 317 582 562
180 2 2 0 2 378 794 150
181 2 2 0 2 356 659 350
182 2 2 0 2 120 122 121
183 2 2 0 2 568 622 294
184 2 2 0 2 129 137 127
185 2 2 0 2 669 727 535
186 2 2 0 2 380 640 543
187 2 2 0 2 498 754 258
188 2 2 0 2 133 746 138
189 2 2 0 2 506 555 403
190 2 2 0 2 193 508 191
191 2 2 0 2 142 155 135
192 2 2 0 2 448 449 58
193 2 2 0 2 182 727 669
194 2 2 0 2 214 215 212
195 2 2 0 2 86 503 9
196 2 2 0 2 439 716 671
197 2 2 0 2 321 755 615
198 2 2 0 2 665 784 509
199 2 2 0 2 445 750 689
200 2 2 0 2 481 775 312
201 2 2 0 2 375 475 345
202 2 2 0 2 112 114 113
203 2 2 0 2 161 641 626
204 2 2 0 2 697 760 18
205 2 2 0 2 92 352 90
206 2 2 0 2 117 120 119
207 2 2 0 2 501 503 86
208 2 2 0 2 488 552 328
209 2 2 0 2 114 117 116
210 2 2 0 2 653 738 378
211 2 2 0 2 51 692 67
212 2 2 0 2 485 592 330
213 2 2 0 2 69 643 89
214 2 2 0 2 421 649 472
215 2 2 0 2 33 75 34
216 2 2 0 2 195 519 268
217 2 2 0 2 493 738 653
218 2 2 0 2 64 484 1
219 2 2 0 2 134 135 133
220 2 2 0 2 61 544 186
221 2 2 0 2 540 729 696
222 2 2 0 2 626 641 533
223 2 2 0 2 205 690 202
224 2 2 0 2 155 364 135
225 2 2 0 2 122 477 266
226 2 2 0 2 295 297 296
227 2 2 0 2 391 554 393
228 2 2 0 2 314 610 609
229 2 2 0 2 112 113 111
230 2 2 0 2 119 547 118
231 2 2 0 2 330 791 485
232 2 2 0 2 292 293 158
233 2 2 0 2 110 111 108
234 2 2 0 2 70 676 459
235 2 2 0 2 595 638 154
236 2 2 0 2 488 589 288
237 2 2 0 2 541 652 237
238 2 2 0 2 226 227 224
239 2 2 0 2 188 189 185
240 2 2 0 2 507 767 555
241 2 2 0 2 260 261 259
242 2 2 0 2 37 461 68
243 2 2 0 2 562 581 317
244 2 2 0 2 448 495 371
245 2 2 0 2 457 658 387
246 2 2 0 2 120 477 122
247 2 2 0 2 121 431 123
248 2 2 0 2 589 742 662
249 2 2 0 2 114 116 113
250 2 2 0 2 182 408 180
251 2 2 0 2 671 716 232
252 2 2 0 2 194 195 193
253 2 2 0 2 56 303 57
254 2 2 0 2 65 581 484
255 2 2 0 2 429 526 363
256 2 2 0 2 300 497 297
257 2 2 0 2 259 264 256
258 2 2 0 2 403 554 506
259 2 2 0 2 393 554 396
260 2 2 0 2 545 611 417
261 2 2 0 2 743 793 755
262 2 2 0 2 292 547 423
263 2 2 0 2 518 634 626
264 2 2 0 2 388 504 398
265 2 2 0 2 471 795 536
266 2 2 0 2 190 191 189
267 2 2 0 2 648 766 134
268 2 2 0 2 387 735 457
269 2 2 0 2 192 193 191
270 2 2 0 2 350 659 348
271 2 2 0 2 504 505 398
272 2 2 0 2 294 295 293
273 2 2 0 2 502 685 651
274 2 2 0 2 117 119 118
275 2 2 0 2 57 448 58
276 2 2 0 2 359 360 358
277 2 2 0 2 475 701 428
278 2 2 0 2 289 571 570
279 2 2 0 2 202 690 201
280 2 2 0 2 124 596 500
281 2 2 0 2 690 732 490
282 2 2 0 2 247 744 265
283 2 2 0 2 155 624 479
284 2 2 0 2 272 610 314
285 2 2 0 2 138 746 623
286 2 2 0 2 589 662 288
287 2 2 0 2 225 226 224
288 2 2 0 2 300 655 497
289 2 2 0 2 297 497 296
290 2 2 0 2 247 265 249
291 2 2 0 2 121 123 119
292 2 2 0 2 610 763 609
293 2 2 0 2 529 633 379
294 2 2 0 2 259 601 264
295 2 2 0 2 584 613 606
296 2 2 0 2 2 667 3
297 2 2 0 2 626 634 161
298 2 2 0 2 519 520 268
299 2 2 0 2 451 772 468
300 2 2 0 2 338 339 337
301 2 2 0 2 117 118 116
302 2 2 0 2 4 78 5
303 2 2 0 2 295 296 293
304 2 2 0 2 134 766 141
305 2 2 0 2 459 675 70
306 2 2 0 2 59 72 60
307 2 2 0 2 303 496 495
308 2 2 0 2 615 755 483
309 2 2 0 2 24 73 25
310 2 2 0 2 188 190 189
311 2 2 0 2 403 555 426
312 2 2 0 2 460 712 219
313 2 2 0 2 582 763 610
314 2 2 0 2 339 428 337
315 2 2 0 2 194 196 195
316 2 2 0 2 114 446 117
317 2 2 0 2 447 769 477
318 2 2 0 2 11 66 12
319 2 2 0 2 149 150 148
320 2 2 0 2 3 667 534
321 2 2 0 2 74 563 536
322 2 2 0 2 299 457 300
323 2 2 0 2 464 487 355
324 2 2 0 2 226 228 227
325 2 2 0 2 565 590 566
326 2 2 0 2 207 429 363
327 2 2 0 2 197 519 195
328 2 2 0 2 386 387 385
329 2 2 0 2 142 624 155
330 2 2 0 2 497 655 411
331 2 2 0 2 263 646 612
332 2 2 0 2 214 576 215
333 2 2 0 2 364 797 522
334 2 2 0 2 326 793 743
335 2 2 0 2 298 299 297
336 2 2 0 2 321 615 320
337 2 2 0 2 28 761 77
338 2 2 0 2 345 475 342
339 2 2 0 2 299 300 297
340 2 2 0 2 507 555 506
341 2 2 0 2 18 760 19
342 2 2 0 2 360 386 385
343 2 2 0 2 111 748 631
344 2 2 0 2 160 748 111
345 2 2 0 2 562 610 271
346 2 2 0 2 363 732 690
347 2 2 0 2 338 340 339
348 2 2 0 2 128 129 127
349 2 2 0 2 204 205 202
350 2 2 0 2 384 704 487
351 2 2 0 2 354 492 433
352 2 2 0 2 627 658 302
353 2 2 0 2 720 759 575
354 2 2 0 2 289 570 569
355 2 2 0 2 496 585 524
356 2 2 0 2 261 601 259
357 2 2 0 2 555 767 84
358 2 2 0 2 35 79 36
359 2 2 0 2 689 750 308
360 2 2 0 2 451 468 242
361 2 2 0 2 136 698 527
362 2 2 0 2 378 738 639
363 2 2 0 2 228 238 227
364 2 2 0 2 132 133 131
365 2 2 0 2 334 493 455
366 2 2 0 2 430 577 312
367 2 2 0 2 196 197 195
368 2 2 0 2 527 734 136
369 2 2 0 2 196 198 197
370 2 2 0 2 32 549 33
371 2 2 0 2 475 785 701
372 2 2 0 2 429 700 563
373 2 2 0 2 449 546 72
374 2 2 0 2 3 534 85
375 2 2 0 2 204 206 205
376 2 2 0 2 125 486 431
377 2 2 0 2 206 671 209
378 2 2 0 2 302 659 627
379 2 2 0 2 159 648 583
380 2 2 0 2 73 630 25
381 2 2 0 2 412 649 497
382 2 2 0 2 125 431 121
383 2 2 0 2 764 785 680
384 2 2 0 2 469 527 335
385 2 2 0 2 126 127 125
386 2 2 0 2 357 433 361
387 2 2 0 2 360 389 386
388 2 2 0 2 500 708 699
389 2 2 0 2 127 486 125
390 2 2 0 2 4 788 78
391 2 2 0 2 629 708 500
392 2 2 0 2 450 660 463
393 2 2 0 2 340 341 339
394 2 2 0 2 149 151 150
395 2 2 0 2 524 585 76
396 2 2 0 2 609 722 314
397 2 2 0 2 207 363 205
398 2 2 0 2 606 613 513
399 2 2 0 2 322 591 580
400 2 2 0 2 36 461 37
401 2 2 0 2 59 757 72
402 2 2 0 2 354 433 357
403 2 2 0 2 77 489 29
404 2 2 0 2 66 587 12
405 2 2 0 2 551 552 488
406 2 2 0 2 61 186 62
407 2 2 0 2 357 361 359
408 2 2 0 2 176 593 172
409 2 2 0 2 182 669 408
410 2 2 0 2 153 607 148
411 2 2 0 2 349 464 355
412 2 2 0 2 44 70 45
413 2 2 0 2 657 661 156
414 2 2 0 2 277 551 288
415 2 2 0 2 570 759 315
416 2 2 0 2 482 557 556
417 2 2 0 2 151 653 378
418 2 2 0 2 46 83 47
419 2 2 0 2 548 568 423
420 2 2 0 2 195 268 193
421 2 2 0 2 536 770 74
422 2 2 0 2 433 491 361
423 2 2 0 2 500 699 124
424 2 2 0 2 225 628 226
425 2 2 0 2 14 550 15
426 2 2 0 2 575 759 570
427 2 2 0 2 474 797 364
428 2 2 0 2 338 370 340
429 2 2 0 2 398 554 391
430 2 2 0 2 404 759 720
431 2 2 0 2 473 764 680
432 2 2 0 2 484 581 310
433 2 2 0 2 292 294 293
434 2 2 0 2 540 696 539
435 2 2 0 2 595 637 594
436 2 2 0 2 571 572 570
437 2 2 0 2 536 795 549
438 2 2 0 2 267 648 134
439 2 2 0 2 360 385 358
440 2 2 0 2 361 371 359
441 2 2 0 2 200 202 201
442 2 2 0 2 162 706 482
443 2 2 0 2 569 570 315
444 2 2 0 2 37 68 38
445 2 2 0 2 565 796 590
446 2 2 0 2 129 440 137
447 2 2 0 2 580 591 420
448 2 2 0 2 555 650 426
449 2 2 0 2 200 201 199
450 2 2 0 2 94 616 92
451 2 2 0 2 199 365 197
452 2 2 0 2 408 670 427
453 2 2 0 2 190 192 191
454 2 2 0 2 696 729 156
455 2 2 0 2 226 628 230
456 2 2 0 2 386 388 387
457 2 2 0 2 410 412 411
458 2 2 0 2 295 298 297
459 2 2 0 2 159 766 648
460 2 2 0 2 580 599 322
461 2 2 0 2 389 524 504
462 2 2 0 2 594 637 325
463 2 2 0 2 260 383 262
464 2 2 0 2 386 504 388
465 2 2 0 2 29 489 30
466 2 2 0 2 503 679 10
467 2 2 0 2 196 325 198
468 2 2 0 2 335 527 336
469 2 2 0 2 508 710 191
470 2 2 0 2 226 230 228
471 2 2 0 2 87 630 521
472 2 2 0 2 508 771 705
473 2 2 0 2 192 194 193
474 2 2 0 2 347 464 349
475 2 2 0 2 227 598 224
476 2 2 0 2 74 770 31
477 2 2 0 2 151 378 150
478 2 2 0 2 15 405 16
479 2 2 0 2 154 639 637
480 2 2 0 2 156 729 657
481 2 2 0 2 439 671 323
482 2 2 0 2 263 778 646
483 2 2 0 2 149 152 151
484 2 2 0 2 24 468 73
485 2 2 0 2 198 199 197
486 2 2 0 2 491 546 361
487 2 2 0 2 23 468 24
488 2 2 0 2 88 684 41
489 2 2 0 2 83 381 47
490 2 2 0 2 362 641 95
491 2 2 0 2 452 547 123
492 2 2 0 2 423 568 294
493 2 2 0 2 432 452 123
494 2 2 0 2 172 593 170
495 2 2 0 2 341 559 344
496 2 2 0 2 354 357 356
497 2 2 0 2 410 596 413
498 2 2 0 2 537 628 225
499 2 2 0 2 140 603 513
500 2 2 0 2 581 737 317
501 2 2 0 2 433 498 491
502 2 2 0 2 343 559 341
503 2 2 0 2 54 585 55
504 2 2 0 2 14 561 550
505 2 2 0 2 171 597 175
506 2 2 0 2 512 739 138
507 2 2 0 2 357 359 358
508 2 2 0 2 383 384 262
509 2 2 0 2 132 134 133
510 2 2 0 2 128 130 129
511 2 2 0 2 365 519 197
512 2 2 0 2 93 362 95
513 2 2 0 2 219 712 234
514 2 2 0 2 56 564 303
515 2 2 0 2 238 320 227
516 2 2 0 2 501 656 503
517 2 2 0 2 344 377 373
518 2 2 0 2 410 411 400
519 2 2 0 2 388 390 387
520 2 2 0 2 224 598 222
521 2 2 0 2 198 200 199
522 2 2 0 2 225 652 537
523 2 2 0 2 478 568 548
524 2 2 0 2 465 721 427
525 2 2 0 2 519 521 520
526 2 2 0 2 557 558 318
527 2 2 0 2 230 233 228
528 2 2 0 2 340 343 341
529 2 2 0 2 333 605 604
530 2 2 0 2 180 316 176
531 2 2 0 2 223 225 224
532 2 2 0 2 181 182 180
533 2 2 0 2 8 86 9
534 2 2 0 2 216 654 218
535 2 2 0 2 633 719 379
536 2 2 0 2 596 633 413
537 2 2 0 2 130 131 129
538 2 2 0 2 538 539 418
539 2 2 0 2 122 126 125
540 2 2 0 2 223 652 225
541 2 2 0 2 112 229 114
542 2 2 0 2 355 509 353
543 2 2 0 2 219 234 231
544 2 2 0 2 341 342 339
545 2 2 0 2 366 589 488
546 2 2 0 2 167 656 313
547 2 2 0 2 431 445 432
548 2 2 0 2 514 655 300
549 2 2 0 2 262 778 261
550 2 2 0 2 243 451 242
551 2 2 0 2 229 447 446
552 2 2 0 2 523 761 87
553 2 2 0 2 482 556 425
554 2 2 0 2 149 545 152
555 2 2 0 2 662 707 273
556 2 2 0 2 676 765 438
557 2 2 0 2 513 613 140
558 2 2 0 2 55 564 56
559 2 2 0 2 336 517 338
560 2 2 0 2 79 733 625
561 2 2 0 2 531 533 362
562 2 2 0 2 123 547 119
563 2 2 0 2 5 510 6
564 2 2 0 2 501 502 366
565 2 2 0 2 538 652 541
566 2 2 0 2 118 158 116
567 2 2 0 2 538 540 539
568 2 2 0 2 206 207 205
569 2 2 0 2 487 704 355
570 2 2 0 2 556 557 318
571 2 2 0 2 128 140 130
572 2 2 0 2 409 410 400
573 2 2 0 2 453 454 330
574 2 2 0 2 429 563 526
575 2 2 0 2 517 518 370
576 2 2 0 2 388 391 390
577 2 2 0 2 215 764 212
578 2 2 0 2 338 517 370
579 2 2 0 2 436 730 605
580 2 2 0 2 65 484 64
581 2 2 0 2 420 591 233
582 2 2 0 2 495 702 371
583 2 2 0 2 344 559 377
584 2 2 0 2 111 631 108
585 2 2 0 2 479 756 155
586 2 2 0 2 389 774 524
587 2 2 0 2 505 506 398
588 2 2 0 2 105 578 136
589 2 2 0 2 616 714 352
590 2 2 0 2 161 634 99
591 2 2 0 2 607 709 706
592 2 2 0 2 283 569 315
593 2 2 0 2 141 143 142
594 2 2 0 2 377 530 373
595 2 2 0 2 413 472 412
596 2 2 0 2 135 746 133
597 2 2 0 2 402 437 422
598 2 2 0 2 477 660 266
599 2 2 0 2 492 754 433
600 2 2 0 2 541 542 540
601 2 2 0 2 180 408 316
602 2 2 0 2 26 87 27
603 2 2 0 2 223 224 222
604 2 2 0 2 636 639 458
605 2 2 0 2 278 280 279
606 2 2 0 2 230 240 239
607 2 2 0 2 353 509 492
608 2 2 0 2 417 695 545
609 2 2 0 2 504 524 505
610 2 2 0 2 85 269 3
611 2 2 0 2 511 651 510
612 2 2 0 2 502 589 366
613 2 2 0 2 47 781 48
614 2 2 0 2 220 460 219
615 2 2 0 2 139 243 242
616 2 2 0 2 132 267 134
617 2 2 0 2 230 239 233
618 2 2 0 2 267 613 584
619 2 2 0 2 371 702 359
620 2 2 0 2 141 142 135
621 2 2 0 2 612 646 525
622 2 2 0 2 168 597 171
623 2 2 0 2 522 623 364
624 2 2 0 2 126 128 127
625 2 2 0 2 458 493 334
626 2 2 0 2 278 569 280
627 2 2 0 2 751 767 507
628 2 2 0 2 229 446 114
629 2 2 0 2 309 552 551
630 2 2 0 2 231 576 217
631 2 2 0 2 611 715 417
632 2 2 0 2 360 702 389
633 2 2 0 2 164 406 163
634 2 2 0 2 99 634 101
635 2 2 0 2 255 258 257
636 2 2 0 2 336 527 517
637 2 2 0 2 283 315 285
638 2 2 0 2 177 180 176
639 2 2 0 2 229 467 447
640 2 2 0 2 410 413 412
641 2 2 0 2 498 731 265
642 2 2 0 2 134 141 135
643 2 2 0 2 303 495 448
644 2 2 0 2 509 704 383
645 2 2 0 2 537 538 418
646 2 2 0 2 449 757 58
647 2 2 0 2 335 336 235
648 2 2 0 2 413 529 472
649 2 2 0 2 301 302 299
650 2 2 0 2 347 349 348
651 2 2 0 2 317 737 248
652 2 2 0 2 416 628 537
653 2 2 0 2 21 139 22
654 2 2 0 2 292 423 294
655 2 2 0 2 582 610 562
656 2 2 0 2 388 398 391
657 2 2 0 2 279 551 277
658 2 2 0 2 189 673 185
659 2 2 0 2 558 645 318
660 2 2 0 2 524 774 496
661 2 2 0 2 82 567 165
662 2 2 0 2 416 418 417
663 2 2 0 2 454 791 330
664 2 2 0 2 155 474 364
665 2 2 0 2 357 358 356
666 2 2 0 2 12 587 13
667 2 2 0 2 41 684 42
668 2 2 0 2 391 392 390
669 2 2 0 2 209 671 232
670 2 2 0 2 702 774 389
671 2 2 0 2 33 549 75
672 2 2 0 2 329 330 179
673 2 2 0 2 399 414 409
674 2 2 0 2 310 562 271
675 2 2 0 2 139 244 243
676 2 2 0 2 240 416 415
677 2 2 0 2 327 513 450
678 2 2 0 2 175 597 329
679 2 2 0 2 402 438 437
680 2 2 0 2 718 721 711
681 2 2 0 2 298 301 299
682 2 2 0 2 393 396 395
683 2 2 0 2 240 415 367
684 2 2 0 2 372 531 362
685 2 2 0 2 231 618 576
686 2 2 0 2 414 500 409
687 2 2 0 2 181 183 182
688 2 2 0 2 396 554 403
689 2 2 0 2 521 773 520
690 2 2 0 2 484 667 1
691 2 2 0 2 325 553 198
692 2 2 0 2 375 680 475
693 2 2 0 2 70 675 45
694 2 2 0 2 437 617 422
695 2 2 0 2 240 367 239
696 2 2 0 2 507 792 751
697 2 2 0 2 77 490 489
698 2 2 0 2 440 441 137
699 2 2 0 2 705 771 451
700 2 2 0 2 473 632 236
701 2 2 0 2 473 680 632
702 2 2 0 2 425 556 187
703 2 2 0 2 113 160 111
704 2 2 0 2 334 455 439
705 2 2 0 2 219 231 217
706 2 2 0 2 408 427 316
707 2 2 0 2 334 439 323
708 2 2 0 2 402 588 438
709 2 2 0 2 499 546 491
710 2 2 0 2 238 322 321
711 2 2 0 2 296 421 293
712 2 2 0 2 313 501 366
713 2 2 0 2 565 566 442
714 2 2 0 2 441 565 442
715 2 2 0 2 298 304 301
716 2 2 0 2 233 591 228
717 2 2 0 2 206 208 207
718 2 2 0 2 392 514 390
719 2 2 0 2 239 327 233
720 2 2 0 2 238 591 322
721 2 2 0 2 450 463 420
722 2 2 0 2 320 598 227
723 2 2 0 2 396 401 397
724 2 2 0 2 230 628 240
725 2 2 0 2 572 575 570
726 2 2 0 2 229 642 467
727 2 2 0 2 228 591 238
728 2 2 0 2 234 335 235
729 2 2 0 2 646 778 262
730 2 2 0 2 399 409 400
731 2 2 0 2 506 554 398
732 2 2 0 2 432 579 452
733 2 2 0 2 327 450 420
734 2 2 0 2 563 700 471
735 2 2 0 2 396 403 401
736 2 2 0 2 416 417 415
737 2 2 0 2 500 596 409
738 2 2 0 2 367 606 239
739 2 2 0 2 235 618 231
740 2 2 0 2 82 163 81
741 2 2 0 2 240 628 416
742 2 2 0 2 605 797 474
743 2 2 0 2 309 551 279
744 2 2 0 2 468 772 73
745 2 2 0 2 268 508 193
746 2 2 0 2 316 593 176
747 2 2 0 2 295 622 298
748 2 2 0 2 153 709 607
749 2 2 0 2 175 178 173
750 2 2 0 2 327 420 233
751 2 2 0 2 319 595 594
752 2 2 0 2 322 466 321
753 2 2 0 2 512 592 485
754 2 2 0 2 311 404 368
755 2 2 0 2 407 515 331
756 2 2 0 2 105 136 107
757 2 2 0 2 672 750 445
758 2 2 0 2 374 375 345
759 2 2 0 2 511 742 651
760 2 2 0 2 281 309 279
761 2 2 0 2 637 639 636
762 2 2 0 2 188 318 190
763 2 2 0 2 239 606 327
764 2 2 0 2 436 479 425
765 2 2 0 2 244 434 243
766 2 2 0 2 389 504 386
767 2 2 0 2 77 761 523
768 2 2 0 2 353 492 354
769 2 2 0 2 416 537 418
770 2 2 0 2 516 782 158
771 2 2 0 2 341 344 342
772 2 2 0 2 464 693 487
773 2 2 0 2 265 744 499
774 2 2 0 2 302 457 299
775 2 2 0 2 332 522 333
776 2 2 0 2 479 482 425
777 2 2 0 2 352 407 331
778 2 2 0 2 472 649 412
779 2 2 0 2 399 647 414
780 2 2 0 2 406 718 711
781 2 2 0 2 118 292 158
782 2 2 0 2 222 598 460
783 2 2 0 2 217 576 214
784 2 2 0 2 380 654 216
785 2 2 0 2 588 723 438
786 2 2 0 2 139 799 22
787 2 2 0 2 755 793 483
788 2 2 0 2 327 606 513
789 2 2 0 2 538 541 540
790 2 2 0 2 60 544 61
791 2 2 0 2 75 733 34
792 2 2 0 2 52 435 53
793 2 2 0 2 493 661 455
794 2 2 0 2 30 74 31
795 2 2 0 2 441 442 137
796 2 2 0 2 444 565 441
797 2 2 0 2 372 532 531
798 2 2 0 2 188 556 318
799 2 2 0 2 440 443 441
800 2 2 0 2 90 352 331
801 2 2 0 2 415 583 367
802 2 2 0 2 80 760 697
803 2 2 0 2 184 424 187
804 2 2 0 2 625 733 75
805 2 2 0 2 583 584 367
806 2 2 0 2 463 580 420
807 2 2 0 2 90 331 88
808 2 2 0 2 234 235 231
809 2 2 0 2 487 787 384
810 2 2 0 2 122 266 126
811 2 2 0 2 283 284 282
812 2 2 0 2 287 290 286
813 2 2 0 2 531 728 343
814 2 2 0 2 401 402 397
815 2 2 0 2 168 171 170
816 2 2 0 2 148 607 146
817 2 2 0 2 402 422 397
818 2 2 0 2 351 622 568
819 2 2 0 2 171 175 173
820 2 2 0 2 373 374 345
821 2 2 0 2 627 659 356
822 2 2 0 2 426 681 588
823 2 2 0 2 237 652 223
824 2 2 0 2 351 419 346
825 2 2 0 2 604 605 241
826 2 2 0 2 470 795 471
827 2 2 0 2 311 621 404
828 2 2 0 2 347 614 464
829 2 2 0 2 143 159 145
830 2 2 0 2 443 512 485
831 2 2 0 2 179 332 178
832 2 2 0 2 213 600 380
833 2 2 0 2 130 132 131
834 2 2 0 2 204 671 206
835 2 2 0 2 344 345 342
836 2 2 0 2 349 355 353
837 2 2 0 2 203 323 204
838 2 2 0 2 330 592 179
839 2 2 0 2 238 321 320
840 2 2 0 2 175 329 179
841 2 2 0 2 469 734 527
842 2 2 0 2 443 485 444
843 2 2 0 2 192 319 194
844 2 2 0 2 63 246 65
845 2 2 0 2 285 286 284
846 2 2 0 2 681 723 588
847 2 2 0 2 601 608 264
848 2 2 0 2 87 761 27
849 2 2 0 2 333 604 178
850 2 2 0 2 285 287 286
851 2 2 0 2 234 369 335
852 2 2 0 2 328 586 169
853 2 2 0 2 103 634 578
854 2 2 0 2 160 782 516
855 2 2 0 2 177 181 180
856 2 2 0 2 455 456 439
857 2 2 0 2 277 288 275
858 2 2 0 2 409 596 410
859 2 2 0 2 215 785 764
860 2 2 0 2 278 279 277
861 2 2 0 2 79 461 36
862 2 2 0 2 383 704 384
863 2 2 0 2 396 397 395
864 2 2 0 2 577 693 614
865 2 2 0 2 82 164 163
866 2 2 0 2 393 395 394
867 2 2 0 2 280 569 283
868 2 2 0 2 218 219 217
869 2 2 0 2 513 603 450
870 2 2 0 2 518 626 370
871 2 2 0 2 461 687 68
872 2 2 0 2 366 488 328
873 2 2 0 2 310 581 562
874 2 2 0 2 734 793 725
875 2 2 0 2 298 622 304
876 2 2 0 2 614 693 464
877 2 2 0 2 580 682 599
878 2 2 0 2 340 666 343
879 2 2 0 2 336 337 235
880 2 2 0 2 283 285 284
881 2 2 0 2 560 728 532
882 2 2 0 2 443 444 441
883 2 2 0 2 165 656 167
884 2 2 0 2 353 354 350
885 2 2 0 2 530 687 461
886 2 2 0 2 725 793 326
887 2 2 0 2 530 753 373
888 2 2 0 2 411 619 400
889 2 2 0 2 324 636 458
890 2 2 0 2 304 351 346
891 2 2 0 2 537 652 538
892 2 2 0 2 82 165 164
893 2 2 0 2 329 586 453
894 2 2 0 2 280 283 282
895 2 2 0 2 476 480 381
896 2 2 0 2 344 373 345
897 2 2 0 2 77 494 490
898 2 2 0 2 69 89 88
899 2 2 0 2 478 481 419
900 2 2 0 2 584 606 367
901 2 2 0 2 290 308 286
902 2 2 0 2 258 665 257
903 2 2 0 2 102 124 100
904 2 2 0 2 201 726 199
905 2 2 0 2 395 399 394
906 2 2 0 2 284 590 282
907 2 2 0 2 424 425 187
908 2 2 0 2 482 706 557
909 2 2 0 2 308 635 286
910 2 2 0 2 147 545 149
911 2 2 0 2 372 643 532
912 2 2 0 2 336 338 337
913 2 2 0 2 387 658 385
914 2 2 0 2 536 563 471
915 2 2 0 2 401 588 402
916 2 2 0 2 210 764 473
917 2 2 0 2 559 560 377
918 2 2 0 2 630 773 521
919 2 2 0 2 35 733 79
920 2 2 0 2 490 713 690
921 2 2 0 2 354 356 350
922 2 2 0 2 322 599 466
923 2 2 0 2 158 782 116
924 2 2 0 2 382 476 381
925 2 2 0 2 384 646 262
926 2 2 0 2 110 642 112
927 2 2 0 2 552 745 453
928 2 2 0 2 329 597 586
929 2 2 0 2 529 724 472
930 2 2 0 2 638 794 154
931 2 2 0 2 178 604 173
932 2 2 0 2 369 483 469
933 2 2 0 2 578 634 518
934 2 2 0 2 319 594 194
935 2 2 0 2 481 577 419
936 2 2 0 2 287 311 291
937 2 2 0 2 147 611 545
938 2 2 0 2 337 618 235
939 2 2 0 2 311 312 291
940 2 2 0 2 291 306 290
941 2 2 0 2 329 453 330
942 2 2 0 2 374 470 376
943 2 2 0 2 428 618 337
944 2 2 0 2 187 188 185
945 2 2 0 2 433 754 498
946 2 2 0 2 400 619 394
947 2 2 0 2 83 459 382
948 2 2 0 2 147 149 148
949 2 2 0 2 289 569 278
950 2 2 0 2 244 535 462
951 2 2 0 2 324 334 323
952 2 2 0 2 194 594 196
953 2 2 0 2 333 797 605
954 2 2 0 2 153 794 638
955 2 2 0 2 244 462 434
956 2 2 0 2 196 594 325
957 2 2 0 2 359 702 360
958 2 2 0 2 593 718 406
959 2 2 0 2 264 789 256
960 2 2 0 2 403 426 401
961 2 2 0 2 497 649 296
962 2 2 0 2 79 530 461
963 2 2 0 2 163 550 81
964 2 2 0 2 103 578 105
965 2 2 0 2 332 333 178
966 2 2 0 2 640 716 456
967 2 2 0 2 369 469 335
968 2 2 0 2 203 324 323
969 2 2 0 2 218 654 221
970 2 2 0 2 168 170 166
971 2 2 0 2 313 328 169
972 2 2 0 2 399 400 394
973 2 2 0 2 113 782 160
974 2 2 0 2 395 647 399
975 2 2 0 2 175 179 178
976 2 2 0 2 553 636 324
977 2 2 0 2 505 507 506
978 2 2 0 2 184 187 185
979 2 2 0 2 159 611 145
980 2 2 0 2 287 291 290
981 2 2 0 2 625 795 470
982 2 2 0 2 541 543 542
983 2 2 0 2 174 177 176
984 2 2 0 2 162 624 144
985 2 2 0 2 164 688 406
986 2 2 0 2 174 176 172
987 2 2 0 2 200 553 203
988 2 2 0 2 650 686 476
989 2 2 0 2 200 203 202
990 2 2 0 2 351 478 419
991 2 2 0 2 529 748 724
992 2 2 0 2 152 779 151
993 2 2 0 2 404 612 368
994 2 2 0 2 187 556 188
995 2 2 0 2 8 685 86
996 2 2 0 2 470 471 376
997 2 2 0 2 503 656 567
998 2 2 0 2 377 687 530
999 2 2 0 2 144 624 142
1000 2 2 0 2 379 748 529
1001 2 2 0 2 512 703 592
1002 2 2 0 2 112 642 229
1003 2 2 0 2 203 553 324
1004 2 2 0 2 426 588 401
1005 2 2 0 2 414 629 500
1006 2 2 0 2 275 662 273
1007 2 2 0 2 349 350 348
1008 2 2 0 2 147 148 146
1009 2 2 0 2 662 742 511
1010 2 2 0 2 77 523 494
1011 2 2 0 2 392 619 514
1012 2 2 0 2 515 684 331
1013 2 2 0 2 30 489 74
1014 2 2 0 2 84 686 650
1015 2 2 0 2 558 790 645
1016 2 2 0 2 311 368 312
1017 2 2 0 2 6 510 71
1018 2 2 0 2 81 587 66
1019 2 2 0 2 517 698 518
1020 2 2 0 2 438 765 437
1021 2 2 0 2 304 622 351
1022 2 2 0 2 413 633 529
1023 2 2 0 2 282 590 307
1024 2 2 0 2 424 436 425
1025 2 2 0 2 146 607 162
1026 2 2 0 2 351 568 478
1027 2 2 0 2 39 736 528
1028 2 2 0 2 349 353 350
1029 2 2 0 2 391 393 392
1030 2 2 0 2 211 600 213
1031 2 2 0 2 145 611 147
1032 2 2 0 2 83 382 381
1033 2 2 0 2 577 614 419
1034 2 2 0 2 221 223 222
1035 2 2 0 2 242 799 139
1036 2 2 0 2 245 760 670
1037 2 2 0 2 571 573 572
1038 2 2 0 2 535 727 462
1039 2 2 0 2 406 688 593
1040 2 2 0 2 109 326 115
1041 2 2 0 2 179 592 332
1042 2 2 0 2 599 683 466
1043 2 2 0 2 559 728 560
1044 2 2 0 2 280 281 279
1045 2 2 0 2 43 783 515
1046 2 2 0 2 495 774 702
1047 2 2 0 2 368 612 525
1048 2 2 0 2 600 716 640
1049 2 2 0 2 394 619 392
1050 2 2 0 2 347 348 305
1051 2 2 0 2 683 743 466
1052 2 2 0 2 602 668 263
1053 2 2 0 2 44 800 70
1054 2 2 0 2 365 521 519
1055 2 2 0 2 418 695 417
1056 2 2 0 2 157 616 94
1057 2 2 0 2 368 525 430
1058 2 2 0 2 174 604 241
1059 2 2 0 2 632 680 375
1060 2 2 0 2 174 241 177
1061 2 2 0 2 124 633 596
1062 2 2 0 2 599 682 467
1063 2 2 0 2 625 753 530
1064 2 2 0 2 573 574 572
1065 2 2 0 2 198 553 200
1066 2 2 0 2 670 760 80
1067 2 2 0 2 393 394 392
1068 2 2 0 2 381 781 47
1069 2 2 0 2 374 376 375
1070 2 2 0 2 146 162 144
1071 2 2 0 2 694 775 481
1072 2 2 0 2 7 685 8
1073 2 2 0 2 496 774 495
1074 2 2 0 2 463 682 580
1075 2 2 0 2 273 707 270
1076 2 2 0 2 511 707 662
1077 2 2 0 2 143 144 142
1078 2 2 0 2 590 635 566
1079 2 2 0 2 522 703 623
1080 2 2 0 2 181 184 183
1081 2 2 0 2 284 635 590
1082 2 2 0 2 470 753 625
1083 2 2 0 2 213 214 212
1084 2 2 0 2 280 282 281
1085 2 2 0 2 184 664 424
1086 2 2 0 2 313 656 501
1087 2 2 0 2 157 617 616
1088 2 2 0 2 626 666 370
1089 2 2 0 2 545 695 152
1090 2 2 0 2 282 307 281
1091 2 2 0 2 567 656 165
1092 2 2 0 2 586 597 169
1093 2 2 0 2 518 698 578
1094 2 2 0 2 289 663 571
1095 2 2 0 2 232 600 211
1096 2 2 0 2 245 669 535
1097 2 2 0 2 430 693 577
1098 2 2 0 2 152 695 539
1099 2 2 0 2 245 670 669
1100 2 2 0 2 101 634 103
1101 2 2 0 2 221 237 223
1102 2 2 0 2 84 650 555
1103 2 2 0 2 167 313 169
1104 2 2 0 2 478 694 481
1105 2 2 0 2 390 735 387
1106 2 2 0 2 315 621 285
1107 2 2 0 2 124 699 100
1108 2 2 0 2 617 717 422
1109 2 2 0 2 276 278 277
1110 2 2 0 2 236 429 207
1111 2 2 0 2 355 704 509
1112 2 2 0 2 533 641 362
1113 2 2 0 2 216 217 214
1114 2 2 0 2 573 609 608
1115 2 2 0 2 363 690 205
1116 2 2 0 2 304 305 301
1117 2 2 0 2 544 744 186
1118 2 2 0 2 85 310 271
1119 2 2 0 2 128 740 140
1120 2 2 0 2 364 746 135
1121 2 2 0 2 443 739 512
1122 2 2 0 2 385 627 358
1123 2 2 0 2 677 678 454
1124 2 2 0 2 370 666 340
1125 2 2 0 2 274 276 275
1126 2 2 0 2 145 147 146
1127 2 2 0 2 324 458 334
1128 2 2 0 2 287 621 311
1129 2 2 0 2 115 642 110
1130 2 2 0 2 369 615 483
1131 2 2 0 2 467 683 599
1132 2 2 0 2 173 604 174
1133 2 2 0 2 405 721 465
1134 2 2 0 2 89 90 88
1135 2 2 0 2 309 745 552
1136 2 2 0 2 213 380 216
1137 2 2 0 2 102 719 124
1138 2 2 0 2 288 662 275
1139 2 2 0 2 79 625 530
1140 2 2 0 2 66 82 81
1141 2 2 0 2 653 661 493
1142 2 2 0 2 91 372 362
1143 2 2 0 2 713 726 201
1144 2 2 0 2 316 718 593
1145 2 2 0 2 136 725 107
1146 2 2 0 2 132 752 267
1147 2 2 0 2 583 648 584
1148 2 2 0 2 76 792 524
1149 2 2 0 2 301 741 302
1150 2 2 0 2 274 275 273
1151 2 2 0 2 313 366 328
1152 2 2 0 2 143 145 144
1153 2 2 0 2 307 678 677
1154 2 2 0 2 437 765 714
1155 2 2 0 2 419 614 346
1156 2 2 0 2 32 770 549
1157 2 2 0 2 250 691 317
1158 2 2 0 2 244 620 535
1159 2 2 0 2 306 798 579
1160 2 2 0 2 245 747 20
1161 2 2 0 2 578 698 136
1162 2 2 0 2 642 683 467
1163 2 2 0 2 171 173 172
1164 2 2 0 2 445 689 432
1165 2 2 0 2 302 658 457
1166 2 2 0 2 573 608 574
1167 2 2 0 2 115 683 642
1168 2 2 0 2 368 430 312
1169 2 2 0 2 145 146 144
1170 2 2 0 2 216 218 217
1171 2 2 0 2 548 694 478
1172 2 2 0 2 312 775 291
1173 2 2 0 2 600 640 380
1174 2 2 0 2 526 732 363
1175 2 2 0 2 417 715 415
1176 2 2 0 2 304 346 305
1177 2 2 0 2 286 635 284
1178 2 2 0 2 609 763 608
1179 2 2 0 2 83 675 459
1180 2 2 0 2 260 665 383
1181 2 2 0 2 422 647 397
1182 2 2 0 2 572 602 575
1183 2 2 0 2 455 657 456
1184 2 2 0 2 574 602 572
1185 2 2 0 2 592 703 332
1186 2 2 0 2 516 724 160
1187 2 2 0 2 192 645 319
1188 2 2 0 2 221 654 237
1189 2 2 0 2 318 645 190
1190 2 2 0 2 184 185 183
1191 2 2 0 2 296 649 421
1192 2 2 0 2 281 677 309
1193 2 2 0 2 53 751 54
1194 2 2 0 2 539 696 152
1195 2 2 0 2 267 752 613
1196 2 2 0 2 376 632 375
1197 2 2 0 2 317 691 582
1198 2 2 0 2 243 705 451
1199 2 2 0 2 218 220 219
1200 2 2 0 2 458 738 493
1201 2 2 0 2 276 277 275
1202 2 2 0 2 1 667 2
1203 2 2 0 2 397 647 395
1204 2 2 0 2 526 563 74
1205 2 2 0 2 66 567 82
1206 2 2 0 2 97 641 161
1207 2 2 0 2 169 597 168
1208 2 2 0 2 532 728 531
1209 2 2 0 2 165 166 164
1210 2 2 0 2 376 700 632
1211 2 2 0 2 106 379 104
1212 2 2 0 2 706 709 557
1213 2 2 0 2 314 663 274
1214 2 2 0 2 206 209 208
1215 2 2 0 2 268 771 508
1216 2 2 0 2 263 720 602
1217 2 2 0 2 574 668 602
1218 2 2 0 2 65 737 581
1219 2 2 0 2 358 627 356
1220 2 2 0 2 211 213 212
1221 2 2 0 2 343 728 559
1222 2 2 0 2 325 636 553
1223 2 2 0 2 411 655 619
1224 2 2 0 2 63 65 64
1225 2 2 0 2 34 733 35
1226 2 2 0 2 45 675 46
1227 2 2 0 2 444 796 565
1228 2 2 0 2 365 762 521
1229 2 2 0 2 96 157 94
1230 2 2 0 2 38 736 39
1231 2 2 0 2 140 740 603
1232 2 2 0 2 106 631 379
1233 2 2 0 2 584 648 267
1234 2 2 0 2 95 641 97
1235 2 2 0 2 542 729 540
1236 2 2 0 2 252 691 250
1237 2 2 0 2 173 174 172
1238 2 2 0 2 407 800 515
1239 2 2 0 2 314 722 663
1240 2 2 0 2 247 248 246
1241 2 2 0 2 285 621 287
1242 2 2 0 2 109 725 326
1243 2 2 0 2 455 661 657
1244 2 2 0 2 26 630 87
1245 2 2 0 2 108 631 106
1246 2 2 0 2 346 614 347
1247 2 2 0 2 181 664 184
1248 2 2 0 2 199 726 365
1249 2 2 0 2 664 730 424
1250 2 2 0 2 676 800 407
1251 2 2 0 2 590 796 307
1252 2 2 0 2 171 172 170
1253 2 2 0 2 467 682 447
1254 2 2 0 2 67 777 51
1255 2 2 0 2 272 314 274
1256 2 2 0 2 663 722 571
1257 2 2 0 2 261 778 668
1258 2 2 0 2 213 216 214
1259 2 2 0 2 266 740 126
1260 2 2 0 2 520 771 268
1261 2 2 0 2 608 763 264
1262 2 2 0 2 406 711 163
1263 2 2 0 2 218 221 220
1264 2 2 0 2 346 347 305
1265 2 2 0 2 566 672 442
1266 2 2 0 2 306 775 694
1267 2 2 0 2 272 274 273
1268 2 2 0 2 573 722 609
1269 2 2 0 2 109 110 108
1270 2 2 0 2 190 645 192
1271 2 2 0 2 325 637 636
1272 2 2 0 2 374 753 470
1273 2 2 0 2 185 673 183
1274 2 2 0 2 485 791 444
1275 2 2 0 2 307 677 281
1276 2 2 0 2 424 730 436
1277 2 2 0 2 528 736 644
1278 2 2 0 2 539 695 418
1279 2 2 0 2 696 779 152
1280 2 2 0 2 323 671 204
1281 2 2 0 2 221 222 220
1282 2 2 0 2 582 789 763
1283 2 2 0 2 23 799 468
1284 2 2 0 2 515 783 684
1285 2 2 0 2 212 764 210
1286 2 2 0 2 211 212 210
1287 2 2 0 2 55 585 564
1288 2 2 0 2 669 670 408
1289 2 2 0 2 203 204 202
1290 2 2 0 2 542 768 657
1291 2 2 0 2 490 732 489
1292 2 2 0 2 17 697 18
1293 2 2 0 2 645 790 319
1294 2 2 0 2 97 98 96
1295 2 2 0 2 463 769 682
1296 2 2 0 2 105 106 104
1297 2 2 0 2 510 651 71
1298 2 2 0 2 638 709 153
1299 2 2 0 2 170 688 166
1300 2 2 0 2 476 686 480
1301 2 2 0 2 241 664 177
1302 2 2 0 2 452 798 548
1303 2 2 0 2 657 729 542
1304 2 2 0 2 533 666 626
1305 2 2 0 2 68 736 38
1306 2 2 0 2 415 715 583
1307 2 2 0 2 93 94 92
1308 2 2 0 2 432 689 579
1309 2 2 0 2 189 674 673
1310 2 2 0 2 177 664 181
1311 2 2 0 2 434 705 243
1312 2 2 0 2 668 778 263
1313 2 2 0 2 560 687 377
1314 2 2 0 2 163 711 550
1315 2 2 0 2 453 745 454
1316 2 2 0 2 272 273 270
1317 2 2 0 2 494 713 490
1318 2 2 0 2 222 460 220
1319 2 2 0 2 579 786 306
1320 2 2 0 2 209 232 211
1321 2 2 0 2 246 737 65
1322 2 2 0 2 103 105 104
1323 2 2 0 2 382 681 476
1324 2 2 0 2 535 747 245
1325 2 2 0 2 603 740 266
1326 2 2 0 2 619 655 514
1327 2 2 0 2 166 688 164
1328 2 2 0 2 331 684 88
1329 2 2 0 2 593 688 170
1330 2 2 0 2 477 769 660
1331 2 2 0 2 528 644 643
1332 2 2 0 2 332 703 522
1333 2 2 0 2 724 748 160
1334 2 2 0 2 527 698 517
1335 2 2 0 2 67 692 480
1336 2 2 0 2 639 738 458
1337 2 2 0 2 502 742 589
1338 2 2 0 2 694 798 306
1339 2 2 0 2 557 709 558
1340 2 2 0 2 612 720 263
1341 2 2 0 2 524 792 505
1342 2 2 0 2 140 752 130
1343 2 2 0 2 209 211 210
1344 2 2 0 2 618 701 576
1345 2 2 0 2 75 795 625
1346 2 2 0 2 583 715 159
1347 2 2 0 2 576 701 215
1348 2 2 0 2 369 712 615
1349 2 2 0 2 306 786 290
1350 2 2 0 2 116 782 113
1351 2 2 0 2 385 658 627
1352 2 2 0 2 352 714 407
1353 2 2 0 2 499 744 544
1354 2 2 0 2 712 780 615
1355 2 2 0 2 471 700 376
1356 2 2 0 2 456 716 439
1357 2 2 0 2 462 674 434
1358 2 2 0 2 427 718 316
1359 2 2 0 2 404 720 612
1360 2 2 0 2 78 511 510
1361 2 2 0 2 657 768 456
1362 2 2 0 2 276 289 278
1363 2 2 0 2 631 748 379
1364 2 2 0 2 3 788 4
1365 2 2 0 2 308 750 635
1366 2 2 0 2 96 708 157
1367 2 2 0 2 156 661 653
1368 2 2 0 2 42 783 43
1369 2 2 0 2 620 747 535
1370 2 2 0 2 115 743 683
1371 2 2 0 2 326 743 115
1372 2 2 0 2 95 97 96
1373 2 2 0 2 650 681 426
1374 2 2 0 2 454 745 677
1375 2 2 0 2 143 766 159
1376 2 2 0 2 558 709 638
1377 2 2 0 2 247 249 248
1378 2 2 0 2 480 686 67
1379 2 2 0 2 436 756 479
1380 2 2 0 2 151 779 653
1381 2 2 0 2 678 796 444
1382 2 2 0 2 10 679 11
1383 2 2 0 2 155 756 474
1384 2 2 0 2 107 108 106
1385 2 2 0 2 319 790 595
1386 2 2 0 2 270 707 269
1387 2 2 0 2 514 735 390
1388 2 2 0 2 126 740 128
1389 2 2 0 2 379 719 104
1390 2 2 0 2 427 721 718
1391 2 2 0 2 183 727 182
1392 2 2 0 2 85 271 270
1393 2 2 0 2 571 722 573
1394 2 2 0 2 76 585 54
1395 2 2 0 2 550 561 81
1396 2 2 0 2 466 755 321
1397 2 2 0 2 621 759 404
1398 2 2 0 2 691 789 582
1399 2 2 0 2 39 528 40
1400 2 2 0 2 27 761 28
1401 2 2 0 2 579 798 452
1402 2 2 0 2 15 550 405
1403 2 2 0 2 647 717 414
1404 2 2 0 2 348 741 305
1405 2 2 0 2 651 742 502
1406 2 2 0 2 459 723 382
1407 2 2 0 2 422 717 647
1408 2 2 0 2 428 701 618
1409 2 2 0 2 693 749 487
1410 2 2 0 2 480 781 381
1411 2 2 0 2 595 790 638
1412 2 2 0 2 249 265 251
1413 2 2 0 2 257 665 260
1414 2 2 0 2 109 115 110
1415 2 2 0 2 607 706 162
1416 2 2 0 2 93 95 94
1417 2 2 0 2 167 168 166
1418 2 2 0 2 49 692 50
1419 2 2 0 2 638 790 558
1420 2 2 0 2 674 710 434
1421 2 2 0 2 167 169 168
1422 2 2 0 2 605 730 241
1423 2 2 0 2 435 767 751
1424 2 2 0 2 509 784 492
1425 2 2 0 2 460 780 712
1426 2 2 0 2 208 236 207
1427 2 2 0 2 46 675 83
1428 2 2 0 2 20 620 21
1429 2 2 0 2 234 712 369
1430 2 2 0 2 525 749 430
1431 2 2 0 2 257 260 259
1432 2 2 0 2 265 731 251
1433 2 2 0 2 130 752 132
1434 2 2 0 2 440 739 443
1435 2 2 0 2 78 510 5
1436 2 2 0 2 290 786 308
1437 2 2 0 2 522 797 333
1438 2 2 0 2 523 762 494
1439 2 2 0 2 291 775 306
1440 2 2 0 2 699 708 98
1441 2 2 0 2 101 103 102
1442 2 2 0 2 414 717 629
1443 2 2 0 2 407 765 676
1444 2 2 0 2 6 71 7
1445 2 2 0 2 673 727 183
1446 2 2 0 2 66 679 567
1447 2 2 0 2 85 270 269
1448 2 2 0 2 615 780 320
1449 2 2 0 2 165 167 166
1450 2 2 0 2 58 757 59
1451 2 2 0 2 651 685 71
1452 2 2 0 2 124 719 633
1453 2 2 0 2 107 725 109
1454 2 2 0 2 444 791 678
1455 2 2 0 2 659 741 348
1456 2 2 0 2 209 210 208
1457 2 2 0 2 613 752 140
1458 2 2 0 2 382 723 681
1459 2 2 0 2 269 788 3
1460 2 2 0 2 232 716 600
1461 2 2 0 2 159 715 611
1462 2 2 0 2 303 564 496
1463 2 2 0 2 31 770 32
1464 2 2 0 2 73 773 630
1465 2 2 0 2 476 681 650
1466 2 2 0 2 241 730 664
1467 2 2 0 2 384 787 646
1468 2 2 0 2 248 737 246
1469 2 2 0 2 751 792 76
1470 2 2 0 2 103 104 102
1471 2 2 0 2 543 768 542
1472 2 2 0 2 84 776 686
1473 2 2 0 2 78 788 707
1474 2 2 0 2 141 766 143
1475 2 2 0 2 373 753 374
1476 2 2 0 2 274 663 276
1477 2 2 0 2 707 788 269
1478 2 2 0 2 276 663 289
1479 2 2 0 2 310 534 484
1480 2 2 0 2 48 758 49
1481 2 2 0 2 763 789 264
1482 2 2 0 2 320 780 598
1483 2 2 0 2 11 679 66
1484 2 2 0 2 85 534 310
1485 2 2 0 2 549 770 536
1486 2 2 0 2 677 745 309
1487 2 2 0 2 302 741 659
1488 2 2 0 2 550 711 405
1489 2 2 0 2 104 719 102
1490 2 2 0 2 682 769 447
1491 2 2 0 2 97 161 99
1492 2 2 0 2 690 713 201
1493 2 2 0 2 705 710 508
1494 2 2 0 2 646 787 525
1495 2 2 0 2 78 707 511
1496 2 2 0 2 598 780 460
1497 2 2 0 2 105 107 106
1498 2 2 0 2 271 272 270
1499 2 2 0 2 70 800 676
1500 2 2 0 2 743 755 466
1501 2 2 0 2 107 109 108
1502 2 2 0 2 623 746 364
1503 2 2 0 2 726 762 365
1504 2 2 0 2 52 776 435
1505 2 2 0 2 98 708 96
1506 2 2 0 2 156 779 696
1507 2 2 0 2 258 784 665
1508 2 2 0 2 307 796 678
1509 2 2 0 2 505 792 507
1510 2 2 0 2 483 793 469
1511 2 2 0 2 678 791 454
1512 2 2 0 2 305 741 301
1513 2 2 0 2 635 750 566
1514 2 2 0 2 602 720 575
1515 2 2 0 2 640 768 543
1516 2 2 0 2 186 247 246
1517 2 2 0 2 701 785 215
1518 2 2 0 2 434 710 705
1519 2 2 0 2 97 99 98
1520 2 2 0 2 157 708 629
1521 2 2 0 2 435 751 53
1522 2 2 0 2 494 762 726
1523 2 2 0 2 653 779 156
1524 2 2 0 2 51 777 52
1525 2 2 0 2 100 699 98
1526 2 2 0 2 528 643 69
1527 2 2 0 2 72 544 60
1528 2 2 0 2 95 96 94
1529 2 2 0 2 315 759 621
1530 2 2 0 2 430 749 693
1531 2 2 0 2 673 674 462
1532 2 2 0 2 494 726 713
1533 2 2 0 2 54 751 76
1534 2 2 0 2 254 691 252
1535 2 2 0 2 456 768 640
1536 2 2 0 2 91 362 93
1537 2 2 0 2 254 789 691
1538 2 2 0 2 80 697 465
1539 2 2 0 2 660 769 463
1540 2 2 0 2 564 585 496
1541 2 2 0 2 686 776 67
1542 2 2 0 2 566 750 672
1543 2 2 0 2 71 685 7
1544 2 2 0 2 644 736 68
1545 2 2 0 2 308 786 689
1546 2 2 0 2 520 772 771
1547 2 2 0 2 22 799 23
1548 2 2 0 2 257 259 256
1549 2 2 0 2 99 100 98
1550 2 2 0 2 52 777 776
1551 2 2 0 2 250 317 248
1552 2 2 0 2 469 793 734
1553 2 2 0 2 520 773 772
1554 2 2 0 2 567 679 503
1555 2 2 0 2 771 772 451
1556 2 2 0 2 251 731 253
1557 2 2 0 2 136 734 725
1558 2 2 0 2 256 789 254
1559 2 2 0 2 549 795 75
1560 2 2 0 2 462 727 673
1561 2 2 0 2 40 528 69
1562 2 2 0 2 711 721 405
1563 2 2 0 2 749 787 487
1564 2 2 0 2 303 448 57
1565 2 2 0 2 689 786 579
1566 2 2 0 2 714 765 407
1567 2 2 0 2 772 773 73
1568 2 2 0 2 186 744 247
1569 2 2 0 2 767 776 84
1570 2 2 0 2 548 798 694
1571 2 2 0 2 91 93 92
1572 2 2 0 2 680 785 475
1573 2 2 0 2 534 667 484
1574 2 2 0 2 684 783 42
1575 2 2 0 2 435 776 767
1576 2 2 0 2 754 784 258
1577 2 2 0 2 255 257 256
1578 2 2 0 2 492 784 754
1579 2 2 0 2 101 102 100
1580 2 2 0 2 72 757 449
1581 2 2 0 2 525 787 749
1582 2 2 0 2 48 781 758
1583 2 2 0 2 249 250 248
1584 2 2 0 2 255 256 254
1585 2 2 0 2 99 101 100
1586 2 2 0 2 49 758 692
1587 2 2 0 2 20 747 620
1588 2 2 0 2 253 255 254
1589 2 2 0 2 776 777 67
1590 2 2 0 2 249 251 250
1591 2 2 0 2 468 799 242
1592 2 2 0 2 692 758 480
1593 2 2 0 2 561 587 81
1594 2 2 0 2 253 254 252
1595 2 2 0 2 251 253 252
1596 2 2 0 2 758 781 480
1597 2 2 0 2 251 252 250
1598 2 2 0 2 21 244 139
1599 2 2 0 2 21 620 244
1600 2 2 0 3 1259 1260 1257
1601 2 2 0 3 1167 1438 1002
1602 2 2 0 3 1107 1381 1296
1603 2 2 0 3 858 928 865
1604 2 2 0 3 1307 1323 1136
1605 2 2 0 3 58 1413 57
1606 2 2 0 3 1213 1347 1212
1607 2 2 0 3 888 1260 1259
1608 2 2 0 3 1222 1349 1119
1609 2 2 0 3 1176 1238 965
1610 2 2 0 3 801 1179 1128
1611 2 2 0 3 935 938 937
1612 2 2 0 3 1141 1240 898
1613 2 2 0 3 1231 1306 909
1614 2 2 0 3 1018 1323 1307
1615 2 2 0 3 1002 1438 1121
1616 2 2 0 3 1097 1166 1098
1617 2 2 0 3 898 1240 885
1618 2 2 0 3 1119 1349 1178
1619 2 2 0 3 1205 1295 1085
1620 2 2 0 3 1199 1408 1183
1621 2 2 0 3 3 815 2
1622 2 2 0 3 1183 1355 1199
1623 2 2 0 3 1255 1256 962
1624 2 2 0 3 801 1128 1126
1625 2 2 0 3 1011 1411 1182
1626 2 2 0 3 1381 1455 1296
1627 2 2 0 3 39 810 38
1628 2 2 0 3 1182 1411 1367
1629 2 2 0 3 938 939 937
1630 2 2 0 3 1260 1312 1258
1631 2 2 0 3 888 1259 1199
1632 2 2 0 3 1172 1173 814
1633 2 2 0 3 858 865 856
1634 2 2 0 3 947 948 922
1635 2 2 0 3 901 1161 864
1636 2 2 0 3 962 1360 1255
1637 2 2 0 3 1207 1295 1205
1638 2 2 0 3 1207 1267 1066
1639 2 2 0 3 1257 1260 1258
1640 2 2 0 3 1238 1239 965
1641 2 2 0 3 1108 1455 1381
1642 2 2 0 3 1396 1442 1252
1643 2 2 0 3 1033 1184 825
1644 2 2 0 3 4 815 3
1645 2 2 0 3 921 922 900
1646 2 2 0 3 928 929 865
1647 2 2 0 3 1122 1156 941
1648 2 2 0 3 938 941 939
1649 2 2 0 3 1002 1426 1167
1650 2 2 0 3 1252 1442 1253
1651 2 2 0 3 1062 1264 1238
1652 2 2 0 3 1139 1306 1231
1653 2 2 0 3 1140 1329 1055
1654 2 2 0 3 1134 1352 1177
1655 2 2 0 3 1107 1296 1142
1656 2 2 0 3 1311 1336 1234
1657 2 2 0 3 921 947 922
1658 2 2 0 3 945 1122 941
1659 2 2 0 3 947 971 948
1660 2 2 0 3 899 921 900
1661 2 2 0 3 1044 1371 1338
1662 2 2 0 3 1033 1314 1185
1663 2 2 0 3 1094 1172 814
1664 2 2 0 3 1371 1444 1338
1665 2 2 0 3 950 1002 952
1666 2 2 0 3 950 1426 1002
1667 2 2 0 3 1056 1152 820
1668 2 2 0 3 1253 1323 1303
1669 2 2 0 3 62 1056 820
1670 2 2 0 3 1033 1394 1314
1671 2 2 0 3 899 900 898
1672 2 2 0 3 1181 1430 1083
1673 2 2 0 3 899 923 921
1674 2 2 0 3 1150 1321 1299
1675 2 2 0 3 842 1175 962
1676 2 2 0 3 1384 1398 1157
1677 2 2 0 3 1284 1340 1319
1678 2 2 0 3 922 1168 900
1679 2 2 0 3 873 1203 883
1680 2 2 0 3 1097 1282 1166
1681 2 2 0 3 1299 1321 1204
1682 2 2 0 3 818 1340 1284
1683 2 2 0 3 1002 1041 952
1684 2 2 0 3 1161 1336 1311
1685 2 2 0 3 1177 1352 1290
1686 2 2 0 3 871 1203 873
1687 2 2 0 3 887 1329 881
1688 2 2 0 3 1328 1365 1228
1689 2 2 0 3 847 1239 843
1690 2 2 0 3 1061 1276 1116
1691 2 2 0 3 1126 1461 26
1692 2 2 0 3 838 1290 1043
1693 2 2 0 3 57 1413 1261
1694 2 2 0 3 1199 1355 888
1695 2 2 0 3 1061 1277 1276
1696 2 2 0 3 1116 1276 1246
1697 2 2 0 3 965 1239 847
1698 2 2 0 3 1276 1309 1246
1699 2 2 0 3 1154 1332 1148
1700 2 2 0 3 1059 1398 1384
1701 2 2 0 3 1055 1379 1140
1702 2 2 0 3 1305 1325 982
1703 2 2 0 3 901 1336 1161
1704 2 2 0 3 1174 1410 1159
1705 2 2 0 3 982 1325 1214
1706 2 2 0 3 1020 1209 1208
1707 2 2 0 3 1390 1451 1275
1708 2 2 0 3 931 1411 929
1709 2 2 0 3 883 889 885
1710 2 2 0 3 1212 1347 811
1711 2 2 0 3 889 894 885
1712 2 2 0 3 947 1013 971
1713 2 2 0 3 1303 1323 1018
1714 2 2 0 3 1263 1305 1244
1715 2 2 0 3 1230 1346 1293
1716 2 2 0 3 1094 1281 1172
1717 2 2 0 3 1144 1203 871
1718 2 2 0 3 948 950 949
1719 2 2 0 3 1232 1363 1064
1720 2 2 0 3 886 1169 895
1721 2 2 0 3 895 1231 890
1722 2 2 0 3 982 1214 915
1723 2 2 0 3 1166 1375 1098
1724 2 2 0 3 882 1164 877
1725 2 2 0 3 1145 1333 1269
1726 2 2 0 3 1293 1346 839
1727 2 2 0 3 1238 1264 1086
1728 2 2 0 3 1095 1299 1077
1729 2 2 0 3 1020 1210 1209
1730 2 2 0 3 915 1214 917
1731 2 2 0 3 1064 1363 1040
1732 2 2 0 3 1363 1439 1322
1733 2 2 0 3 849 1312 1260
1734 2 2 0 3 49 1045 812
1735 2 2 0 3 1206 1363 1146
1736 2 2 0 3 1203 1237 883
1737 2 2 0 3 900 1141 898
1738 2 2 0 3 895 1449 1231
1739 2 2 0 3 1148 1416 1154
1740 2 2 0 3 1197 1365 1328
1741 2 2 0 3 826 1264 824
1742 2 2 0 3 1138 1411 931
1743 2 2 0 3 1264 1429 824
1744 2 2 0 3 1289 1418 1013
1745 2 2 0 3 935 1158 938
1746 2 2 0 3 1150 1299 1095
1747 2 2 0 3 825 1184 828
1748 2 2 0 3 998 1396 1252
1749 2 2 0 3 17 1092 16
1750 2 2 0 3 1142 1444 1371
1751 2 2 0 3 1088 1360 1317
1752 2 2 0 3 39 1331 810
1753 2 2 0 3 1019 1390 1275
1754 2 2 0 3 933 935 934
1755 2 2 0 3 808 822 821
1756 2 2 0 3 1316 1366 1010
1757 2 2 0 3 1188 1349 1271
1758 2 2 0 3 935 937 934
1759 2 2 0 3 969 1248 940
1760 2 2 0 3 1204 1362 1084
1761 2 2 0 3 883 885 875
1762 2 2 0 3 1252 1370 998
1763 2 2 0 3 1116 1264 1062
1764 2 2 0 3 836 1290 838
1765 2 2 0 3 956 1410 1174
1766 2 2 0 3 1236 1267 1207
1767 2 2 0 3 817 1324 1273
1768 2 2 0 3 845 880 846
1769 2 2 0 3 929 1011 865
1770 2 2 0 3 1247 1342 1341
1771 2 2 0 3 1066 1295 1207
1772 2 2 0 3 1235 1454 1427
1773 2 2 0 3 1315 1385 1217
1774 2 2 0 3 1240 1400 1036
1775 2 2 0 3 883 1237 889
1776 2 2 0 3 1245 1408 1111
1777 2 2 0 3 948 949 922
1778 2 2 0 3 31 803 30
1779 2 2 0 3 889 897 894
1780 2 2 0 3 1082 1083 1081
1781 2 2 0 3 940 1248 937
1782 2 2 0 3 1206 1439 1363
1783 2 2 0 3 1028 1212 46
1784 2 2 0 3 1169 1170 895
1785 2 2 0 3 870 1144 871
1786 2 2 0 3 950 951 949
1787 2 2 0 3 40 1331 39
1788 2 2 0 3 870 871 868
1789 2 2 0 3 1146 1421 1206
1790 2 2 0 3 1149 1418 1289
1791 2 2 0 3 1273 1286 817
1792 2 2 0 3 947 1289 1013
1793 2 2 0 3 845 846 842
1794 2 2 0 3 864 1161 867
1795 2 2 0 3 1079 1454 1235
1796 2 2 0 3 815 1309 1276
1797 2 2 0 3 809 1417 1335
1798 2 2 0 3 933 934 931
1799 2 2 0 3 1193 1335 1277
1800 2 2 0 3 1317 1360 1175
1801 2 2 0 3 939 940 937
1802 2 2 0 3 1247 1341 809
1803 2 2 0 3 867 870 868
1804 2 2 0 3 1086 1239 1238
1805 2 2 0 3 846 1175 842
1806 2 2 0 3 1099 1307 1136
1807 2 2 0 3 808 821 6
1808 2 2 0 3 885 1240 875
1809 2 2 0 3 1248 1367 1138
1810 2 2 0 3 841 845 842
1811 2 2 0 3 1365 1369 1063
1812 2 2 0 3 845 884 880
1813 2 2 0 3 1010 1384 1316
1814 2 2 0 3 1083 1430 1265
1815 2 2 0 3 1017 1310 1268
1816 2 2 0 3 1023 1331 40
1817 2 2 0 3 1002 1042 1041
1818 2 2 0 3 875 879 874
1819 2 2 0 3 809 1335 1247
1820 2 2 0 3 942 945 941
1821 2 2 0 3 990 1226 1012
1822 2 2 0 3 43 817 42
1823 2 2 0 3 946 974 945
1824 2 2 0 3 1051 1383 1189
1825 2 2 0 3 34 1241 33
1826 2 2 0 3 1075 1235 1080
1827 2 2 0 3 1002 1121 1042
1828 2 2 0 3 879 1240 1036
1829 2 2 0 3 1227 1329 1140
1830 2 2 0 3 1120 1297 1129
1831 2 2 0 3 845 1223 884
1832 2 2 0 3 1175 1360 962
1833 2 2 0 3 1189 1386 1051
1834 2 2 0 3 886 895 890
1835 2 2 0 3 955 1250 973
1836 2 2 0 3 1042 1145 1041
1837 2 2 0 3 1025 1226 990
1838 2 2 0 3 993 1217 960
1839 2 2 0 3 1293 1361 1092
1840 2 2 0 3 1132 1357 1201
1841 2 2 0 3 10 1313 9
1842 2 2 0 3 878 882 877
1843 2 2 0 3 938 942 941
1844 2 2 0 3 1087 1367 1248
1845 2 2 0 3 11 1160 10
1846 2 2 0 3 1271 1350 1188
1847 2 2 0 3 1087 1248 969
1848 2 2 0 3 930 931 929
1849 2 2 0 3 803 1390 30
1850 2 2 0 3 910 943 911
1851 2 2 0 3 1061 1062 1060
1852 2 2 0 3 1282 1304 1166
1853 2 2 0 3 1068 1070 1069
1854 2 2 0 3 18 1397 806
1855 2 2 0 3 965 1425 1176
1856 2 2 0 3 973 1250 1003
1857 2 2 0 3 1128 1385 1315
1858 2 2 0 3 974 975 945
1859 2 2 0 3 993 1315 1217
1860 2 2 0 3 864 867 866
1861 2 2 0 3 1169 1171 1170
1862 2 2 0 3 1005 1302 985
1863 2 2 0 3 1227 1317 896
1864 2 2 0 3 899 1146 923
1865 2 2 0 3 1080 1235 1135
1866 2 2 0 3 1141 1400 1240
1867 2 2 0 3 1120 1173 1172
1868 2 2 0 3 1003 1004 985
1869 2 2 0 3 928 930 929
1870 2 2 0 3 1185 1362 1204
1871 2 2 0 3 1256 1291 962
1872 2 2 0 3 878 912 882
1873 2 2 0 3 1183 1242 860
1874 2 2 0 3 1244 1305 982
1875 2 2 0 3 905 1285 910
1876 2 2 0 3 867 868 866
1877 2 2 0 3 815 1089 2
1878 2 2 0 3 46 1212 45
1879 2 2 0 3 25 904 24
1880 2 2 0 3 894 1421 899
1881 2 2 0 3 876 877 870
1882 2 2 0 3 941 1419 939
1883 2 2 0 3 923 1289 921
1884 2 2 0 3 1194 1279 1098
1885 2 2 0 3 1159 1378 1174
1886 2 2 0 3 33 1241 818
1887 2 2 0 3 881 1329 896
1888 2 2 0 3 873 883 875
1889 2 2 0 3 946 980 974
1890 2 2 0 3 841 1223 845
1891 2 2 0 3 1199 1259 1109
1892 2 2 0 3 909 963 902
1893 2 2 0 3 1020 1278 1210
1894 2 2 0 3 880 1169 886
1895 2 2 0 3 1034 1283 1000
1896 2 2 0 3 1070 1093 1069
1897 2 2 0 3 1201 1287 1132
1898 2 2 0 3 1042 1333 1145
1899 2 2 0 3 991 1051 1046
1900 2 2 0 3 1262 1293 1092
1901 2 2 0 3 1153 1395 1265
1902 2 2 0 3 991 1174 1051
1903 2 2 0 3 921 1289 947
1904 2 2 0 3 1354 1399 1270
1905 2 2 0 3 822 1033 825
1906 2 2 0 3 1063 1369 1190
1907 2 2 0 3 1221 1252 1251
1908 2 2 0 3 869 1359 1274
1909 2 2 0 3 953 1442 1396
1910 2 2 0 3 882 1434 1164
1911 2 2 0 3 1215 1314 813
1912 2 2 0 3 1040 1363 1322
1913 2 2 0 3 964 999 963
1914 2 2 0 3 1059 1254 1048
1915 2 2 0 3 1192 1285 1279
1916 2 2 0 3 1109 1259 1110
1917 2 2 0 3 909 964 963
1918 2 2 0 3 917 918 916
1919 2 2 0 3 884 1169 880
1920 2 2 0 3 1177 1233 920
1921 2 2 0 3 956 1174 957
1922 2 2 0 3 1073 1075 1074
1923 2 2 0 3 1010 1366 1087
1924 2 2 0 3 1082 1215 1104
1925 2 2 0 3 1073 1074 1072
1926 2 2 0 3 1078 1082 1081
1927 2 2 0 3 841 842 840
1928 2 2 0 3 926 927 918
1929 2 2 0 3 1093 1453 1069
1930 2 2 0 3 1033 1185 1184
1931 2 2 0 3 1143 1336 1245
1932 2 2 0 3 926 1031 988
1933 2 2 0 3 1111 1404 1245
1934 2 2 0 3 1055 1329 887
1935 2 2 0 3 943 1192 993
1936 2 2 0 3 1022 1272 1100
1937 2 2 0 3 902 1285 905
1938 2 2 0 3 922 1431 1168
1939 2 2 0 3 939 956 940
1940 2 2 0 3 877 1144 870
1941 2 2 0 3 813 1313 1215
1942 2 2 0 3 1031 1032 988
1943 2 2 0 3 1233 1290 836
1944 2 2 0 3 926 1200 1031
1945 2 2 0 3 894 899 898
1946 2 2 0 3 896 1317 1175
1947 2 2 0 3 806 1397 1173
1948 2 2 0 3 917 1200 926
1949 2 2 0 3 1195 1451 1284
1950 2 2 0 3 1122 1222 1156
1951 2 2 0 3 1172 1283 1034
1952 2 2 0 3 917 926 918
1953 2 2 0 3 1236 1237 1165
1954 2 2 0 3 1013 1147 971
1955 2 2 0 3 1004 1018 1007
1956 2 2 0 3 1062 1176 1060
1957 2 2 0 3 1135 1318 1133
1958 2 2 0 3 918 1266 916
1959 2 2 0 3 926 988 927
1960 2 2 0 3 1083 1265 1081
1961 2 2 0 3 1129 1424 1120
1962 2 2 0 3 1178 1349 1188
1963 2 2 0 3 33 818 32
1964 2 2 0 3 1129 1262 1092
1965 2 2 0 3 960 1217 994
1966 2 2 0 3 1178 1188 816
1967 2 2 0 3 912 913 882
1968 2 2 0 3 1245 1336 901
1969 2 2 0 3 1082 1104 1083
1970 2 2 0 3 1004 1007 1005
1971 2 2 0 3 964 1000 999
1972 2 2 0 3 1209 1305 1263
1973 2 2 0 3 899 1421 1146
1974 2 2 0 3 915 917 916
1975 2 2 0 3 911 1278 1020
1976 2 2 0 3 1078 1084 1082
1977 2 2 0 3 1068 1071 1070
1978 2 2 0 3 1200 1201 1031
1979 2 2 0 3 1135 1356 1318
1980 2 2 0 3 988 1288 927
1981 2 2 0 3 1225 1406 1224
1982 2 2 0 3 942 946 945
1983 2 2 0 3 1152 1189 820
1984 2 2 0 3 977 1228 996
1985 2 2 0 3 959 1014 977
1986 2 2 0 3 1290 1352 1043
1987 2 2 0 3 1192 1279 1194
1988 2 2 0 3 41 1023 40
1989 2 2 0 3 910 1192 943
1990 2 2 0 3 1252 1253 1251
1991 2 2 0 3 1017 1406 1310
1992 2 2 0 3 1262 1453 1093
1993 2 2 0 3 1032 1155 1103
1994 2 2 0 3 1131 1347 1213
1995 2 2 0 3 879 924 874
1996 2 2 0 3 990 1012 989
1997 2 2 0 3 1128 1315 1127
1998 2 2 0 3 978 1197 1196
1999 2 2 0 3 858 1274 928
2000 2 2 0 3 1190 1191 1021
2001 2 2 0 3 1134 1177 1150
2002 2 2 0 3 909 1306 964
2003 2 2 0 3 1069 1297 1039
2004 2 2 0 3 1151 1302 1005
2005 2 2 0 3 903 1304 1282
2006 2 2 0 3 806 1129 1092
2007 2 2 0 3 1179 1414 1090
2008 2 2 0 3 1269 1354 1105
2009 2 2 0 3 1284 1451 803
2010 2 2 0 3 919 1436 1435
2011 2 2 0 3 996 1228 1063
2012 2 2 0 3 892 1231 909
2013 2 2 0 3 35 1196 802
2014 2 2 0 3 1046 1047 992
2015 2 2 0 3 910 911 907
2016 2 2 0 3 1265 1430 1153
2017 2 2 0 3 1111 1408 1199
2018 2 2 0 3 879 925 924
2019 2 2 0 3 1090 1385 1179
2020 2 2 0 3 1219 1250 955
2021 2 2 0 3 1148 1167 971
2022 2 2 0 3 1045 1401 812
2023 2 2 0 3 1003 1303 1004
2024 2 2 0 3 1242 1408 1245
2025 2 2 0 3 47 1028 46
2026 2 2 0 3 876 878 877
2027 2 2 0 3 867 876 870
2028 2 2 0 3 880 881 846
2029 2 2 0 3 917 1214 1200
2030 2 2 0 3 892 909 902
2031 2 2 0 3 1048 1254 992
2032 2 2 0 3 1004 1005 985
2033 2 2 0 3 1113 1118 1114
2034 2 2 0 3 971 1426 948
2035 2 2 0 3 1221 1251 1250
2036 2 2 0 3 1012 1091 989
2037 2 2 0 3 973 1003 985
2038 2 2 0 3 927 1288 959
2039 2 2 0 3 1182 1387 1011
2040 2 2 0 3 900 1168 1141
2041 2 2 0 3 981 1269 1105
2042 2 2 0 3 1071 1072 1070
2043 2 2 0 3 889 1015 897
2044 2 2 0 3 890 1231 892
2045 2 2 0 3 1156 1419 941
2046 2 2 0 3 1147 1148 971
2047 2 2 0 3 873 875 874
2048 2 2 0 3 925 1219 955
2049 2 2 0 3 943 993 960
2050 2 2 0 3 871 872 868
2051 2 2 0 3 875 1240 879
2052 2 2 0 3 1032 1357 1155
2053 2 2 0 3 1001 1035 1034
2054 2 2 0 3 1192 1194 993
2055 2 2 0 3 966 968 967
2056 2 2 0 3 968 989 967
2057 2 2 0 3 1234 1336 1143
2058 2 2 0 3 973 985 984
2059 2 2 0 3 1106 1151 1005
2060 2 2 0 3 1071 1073 1072
2061 2 2 0 3 1180 1320 1137
2062 2 2 0 3 1200 1214 1202
2063 2 2 0 3 913 982 915
2064 2 2 0 3 1320 1442 953
2065 2 2 0 3 1024 1234 1143
2066 2 2 0 3 1277 1407 1193
2067 2 2 0 3 1110 1256 1255
2068 2 2 0 3 1224 1406 1330
2069 2 2 0 3 1180 1442 1320
2070 2 2 0 3 889 1237 1015
2071 2 2 0 3 30 1390 29
2072 2 2 0 3 1254 1384 1010
2073 2 2 0 3 890 892 891
2074 2 2 0 3 957 1174 991
2075 2 2 0 3 1012 1140 1124
2076 2 2 0 3 975 1122 945
2077 2 2 0 3 927 958 918
2078 2 2 0 3 919 1430 1181
2079 2 2 0 3 1279 1285 963
2080 2 2 0 3 983 1295 976
2081 2 2 0 3 1320 1374 1137
2082 2 2 0 3 1075 1076 1074
2083 2 2 0 3 1185 1204 1184
2084 2 2 0 3 1273 1324 1272
2085 2 2 0 3 913 1244 982
2086 2 2 0 3 957 991 970
2087 2 2 0 3 1025 1292 1226
2088 2 2 0 3 974 1105 975
2089 2 2 0 3 1070 1229 1093
2090 2 2 0 3 1204 1321 1184
2091 2 2 0 3 916 1266 979
2092 2 2 0 3 1000 1097 999
2093 2 2 0 3 956 957 940
2094 2 2 0 3 943 944 911
2095 2 2 0 3 1001 1038 1035
2096 2 2 0 3 1007 1106 1005
2097 2 2 0 3 978 1211 1197
2098 2 2 0 3 1315 1375 1127
2099 2 2 0 3 989 1263 967
2100 2 2 0 3 896 1329 1227
2101 2 2 0 3 1319 1340 1155
2102 2 2 0 3 985 1302 984
2103 2 2 0 3 1212 1443 1213
2104 2 2 0 3 912 1244 913
2105 2 2 0 3 1200 1202 1201
2106 2 2 0 3 1109 1110 1030
2107 2 2 0 3 884 1171 1169
2108 2 2 0 3 937 1248 934
2109 2 2 0 3 842 962 840
2110 2 2 0 3 1032 1103 1096
2111 2 2 0 3 1012 1124 1091
2112 2 2 0 3 968 990 989
2113 2 2 0 3 1136 1180 1137
2114 2 2 0 3 1077 1078 1076
2115 2 2 0 3 879 1036 925
2116 2 2 0 3 880 886 881
2117 2 2 0 3 1068 1069 1039
2118 2 2 0 3 1013 1213 1147
2119 2 2 0 3 1127 1375 1166
2120 2 2 0 3 860 1242 862
2121 2 2 0 3 1035 1297 1120
2122 2 2 0 3 1253 1303 1251
2123 2 2 0 3 1098 1375 1194
2124 2 2 0 3 1196 1198 802
2125 2 2 0 3 967 1263 1244
2126 2 2 0 3 1030 1088 1027
2127 2 2 0 3 1165 1237 1203
2128 2 2 0 3 1012 1226 1140
2129 2 2 0 3 1035 1120 1034
2130 2 2 0 3 1168 1400 1141
2131 2 2 0 3 871 873 872
2132 2 2 0 3 1316 1384 1157
2133 2 2 0 3 1280 1364 22
2134 2 2 0 3 1250 1251 1003
2135 2 2 0 3 1008 1190 1021
2136 2 2 0 3 1215 1313 1104
2137 2 2 0 3 1021 1272 1022
2138 2 2 0 3 1104 1181 1083
2139 2 2 0 3 1120 1172 1034
2140 2 2 0 3 1084 1215 1082
2141 2 2 0 3 1121 1300 1042
2142 2 2 0 3 1125 1157 1053
2143 2 2 0 3 973 984 972
2144 2 2 0 3 1201 1357 1031
2145 2 2 0 3 1029 1030 1027
2146 2 2 0 3 1061 1116 1062
2147 2 2 0 3 1229 1230 1093
2148 2 2 0 3 1226 1292 1227
2149 2 2 0 3 1050 1061 1060
2150 2 2 0 3 911 1020 907
2151 2 2 0 3 1078 1081 1076
2152 2 2 0 3 884 1356 1171
2153 2 2 0 3 1184 1321 920
2154 2 2 0 3 48 1154 47
2155 2 2 0 3 878 966 912
2156 2 2 0 3 50 1045 49
2157 2 2 0 3 925 955 954
2158 2 2 0 3 934 1248 1138
2159 2 2 0 3 862 864 863
2160 2 2 0 3 991 1046 992
2161 2 2 0 3 959 1288 1014
2162 2 2 0 3 967 1244 912
2163 2 2 0 3 972 1017 954
2164 2 2 0 3 1208 1209 1091
2165 2 2 0 3 1091 1263 989
2166 2 2 0 3 1270 1271 1123
2167 2 2 0 3 968 1234 1024
2168 2 2 0 3 1228 1365 1063
2169 2 2 0 3 1246 1429 1116
2170 2 2 0 3 1257 1258 1256
2171 2 2 0 3 1072 1229 1070
2172 2 2 0 3 1086 1351 1239
2173 2 2 0 3 1015 1237 1236
2174 2 2 0 3 1146 1363 1232
2175 2 2 0 3 1036 1219 925
2176 2 2 0 3 862 901 864
2177 2 2 0 3 963 1285 902
2178 2 2 0 3 1239 1452 843
2179 2 2 0 3 1160 1181 1104
2180 2 2 0 3 1110 1257 1256
2181 2 2 0 3 1073 1235 1075
2182 2 2 0 3 943 960 944
2183 2 2 0 3 955 973 972
2184 2 2 0 3 959 977 976
2185 2 2 0 3 977 996 983
2186 2 2 0 3 868 1249 866
2187 2 2 0 3 816 1402 1178
2188 2 2 0 3 872 1249 868
2189 2 2 0 3 1265 1395 1081
2190 2 2 0 3 966 1234 968
2191 2 2 0 3 1038 1039 1035
2192 2 2 0 3 975 1270 1123
2193 2 2 0 3 1170 1454 1294
2194 2 2 0 3 999 1279 963
2195 2 2 0 3 1043 1223 841
2196 2 2 0 3 1167 1426 971
2197 2 2 0 3 1068 1294 1071
2198 2 2 0 3 1281 1283 1172
2199 2 2 0 3 1117 1342 1247
2200 2 2 0 3 838 841 840
2201 2 2 0 3 1110 1255 1030
2202 2 2 0 3 984 1462 1330
2203 2 2 0 3 63 1056 62
2204 2 2 0 3 877 1164 1144
2205 2 2 0 3 913 914 882
2206 2 2 0 3 29 1019 28
2207 2 2 0 3 894 898 885
2208 2 2 0 3 966 967 912
2209 2 2 0 3 1084 1299 1204
2210 2 2 0 3 1036 1220 1219
2211 2 2 0 3 1023 1286 1273
2212 2 2 0 3 864 866 863
2213 2 2 0 3 964 1001 1000
2214 2 2 0 3 1266 1267 979
2215 2 2 0 3 827 1351 1086
2216 2 2 0 3 991 992 970
2217 2 2 0 3 957 970 969
2218 2 2 0 3 807 1160 11
2219 2 2 0 3 959 976 958
2220 2 2 0 3 62 820 61
2221 2 2 0 3 45 811 44
2222 2 2 0 3 927 959 958
2223 2 2 0 3 1171 1454 1170
2224 2 2 0 3 821 1420 6
2225 2 2 0 3 1038 1067 1039
2226 2 2 0 3 867 1161 876
2227 2 2 0 3 957 969 940
2228 2 2 0 3 1427 1454 1171
2229 2 2 0 3 1242 1245 901
2230 2 2 0 3 1062 1238 1176
2231 2 2 0 3 1124 1208 1091
2232 2 2 0 3 1164 1165 1144
2233 2 2 0 3 908 965 847
2234 2 2 0 3 1251 1303 1003
2235 2 2 0 3 976 1295 1066
2236 2 2 0 3 1024 1026 1025
2237 2 2 0 3 1294 1348 1170
2238 2 2 0 3 1047 1308 1117
2239 2 2 0 3 1274 1359 1162
2240 2 2 0 3 892 902 893
2241 2 2 0 3 955 972 954
2242 2 2 0 3 1088 1292 1027
2243 2 2 0 3 934 1138 931
2244 2 2 0 3 1220 1221 1219
2245 2 2 0 3 1085 1439 1205
2246 2 2 0 3 1177 1290 1233
2247 2 2 0 3 862 1242 901
2248 2 2 0 3 1165 1203 1144
2249 2 2 0 3 9 1313 813
2250 2 2 0 3 960 994 961
2251 2 2 0 3 1115 1125 1053
2252 2 2 0 3 925 954 924
2253 2 2 0 3 950 952 951
2254 2 2 0 3 994 1217 1090
2255 2 2 0 3 9 813 8
2256 2 2 0 3 1092 1361 16
2257 2 2 0 3 960 961 944
2258 2 2 0 3 1226 1227 1140
2259 2 2 0 3 1188 1350 1187
2260 2 2 0 3 920 1321 1177
2261 2 2 0 3 855 1355 1183
2262 2 2 0 3 1014 1228 977
2263 2 2 0 3 1118 1119 1114
2264 2 2 0 3 1000 1283 1097
2265 2 2 0 3 1032 1096 988
2266 2 2 0 3 1209 1263 1091
2267 2 2 0 3 1436 1437 1435
2268 2 2 0 3 1026 1029 1027
2269 2 2 0 3 12 807 11
2270 2 2 0 3 1357 1440 1155
2271 2 2 0 3 1163 1225 1224
2272 2 2 0 3 1097 1098 999
2273 2 2 0 3 1029 1109 1030
2274 2 2 0 3 908 1053 965
2275 2 2 0 3 1027 1292 1025
2276 2 2 0 3 997 1085 983
2277 2 2 0 3 1113 1405 1383
2278 2 2 0 3 1208 1463 1020
2279 2 2 0 3 1165 1345 1236
2280 2 2 0 3 930 932 931
2281 2 2 0 3 866 1249 1102
2282 2 2 0 3 1273 1343 1023
2283 2 2 0 3 1015 1236 1207
2284 2 2 0 3 886 890 887
2285 2 2 0 3 886 887 881
2286 2 2 0 3 977 983 976
2287 2 2 0 3 1024 1143 1026
2288 2 2 0 3 1075 1077 1076
2289 2 2 0 3 19 1403 814
2290 2 2 0 3 1047 1048 992
2291 2 2 0 3 1210 1325 1305
2292 2 2 0 3 1054 1399 1354
2293 2 2 0 3 807 1181 1160
2294 2 2 0 3 1118 1159 1119
2295 2 2 0 3 1332 1438 1148
2296 2 2 0 3 1330 1462 1224
2297 2 2 0 3 1383 1405 1189
2298 2 2 0 3 1168 1456 1400
2299 2 2 0 3 1136 1137 1016
2300 2 2 0 3 1103 1340 1241
2301 2 2 0 3 992 1254 970
2302 2 2 0 3 1123 1222 1122
2303 2 2 0 3 1039 1297 1035
2304 2 2 0 3 1085 1295 983
2305 2 2 0 3 1146 1232 923
2306 2 2 0 3 1015 1205 897
2307 2 2 0 3 1123 1349 1222
2308 2 2 0 3 1079 1235 1073
2309 2 2 0 3 1077 1299 1078
2310 2 2 0 3 817 1286 42
2311 2 2 0 3 1170 1348 895
2312 2 2 0 3 913 915 914
2313 2 2 0 3 8 1216 7
2314 2 2 0 3 902 905 893
2315 2 2 0 3 994 1090 1057
2316 2 2 0 3 1029 1111 1109
2317 2 2 0 3 838 1043 841
2318 2 2 0 3 1015 1207 1205
2319 2 2 0 3 1071 1294 1079
2320 2 2 0 3 1191 1272 1021
2321 2 2 0 3 996 997 983
2322 2 2 0 3 1066 1267 1266
2323 2 2 0 3 958 1266 918
2324 2 2 0 3 944 1278 911
2325 2 2 0 3 1221 1250 1219
2326 2 2 0 3 1026 1027 1025
2327 2 2 0 3 996 1063 1008
2328 2 2 0 3 1125 1316 1157
2329 2 2 0 3 839 1361 1293
2330 2 2 0 3 1018 1307 1007
2331 2 2 0 3 1065 1354 1269
2332 2 2 0 3 908 1115 1053
2333 2 2 0 3 1105 1270 975
2334 2 2 0 3 1063 1190 1008
2335 2 2 0 3 1270 1399 1271
2336 2 2 0 3 1100 1130 1101
2337 2 2 0 3 1038 1139 1067
2338 2 2 0 3 1064 1377 1232
2339 2 2 0 3 1024 1025 990
2340 2 2 0 3 1004 1303 1018
2341 2 2 0 3 828 1184 920
2342 2 2 0 3 968 1024 990
2343 2 2 0 3 1269 1333 1065
2344 2 2 0 3 1090 1275 1057
2345 2 2 0 3 984 1330 972
2346 2 2 0 3 1066 1266 958
2347 2 2 0 3 37 978 36
2348 2 2 0 3 1205 1206 897
2349 2 2 0 3 976 1066 958
2350 2 2 0 3 1110 1259 1257
2351 2 2 0 3 1081 1395 1076
2352 2 2 0 3 7 808 6
2353 2 2 0 3 1056 1342 1152
2354 2 2 0 3 15 839 14
2355 2 2 0 3 1107 1142 1106
2356 2 2 0 3 1007 1107 1106
2357 2 2 0 3 1158 1459 938
2358 2 2 0 3 1044 1393 1371
2359 2 2 0 3 896 1175 846
2360 2 2 0 3 994 995 961
2361 2 2 0 3 1331 1422 810
2362 2 2 0 3 1067 1068 1039
2363 2 2 0 3 962 1291 840
2364 2 2 0 3 1182 1367 1366
2365 2 2 0 3 1054 1065 819
2366 2 2 0 3 1115 1182 1125
2367 2 2 0 3 1215 1362 1314
2368 2 2 0 3 869 1274 859
2369 2 2 0 3 1210 1305 1209
2370 2 2 0 3 1115 1433 1243
2371 2 2 0 3 1007 1307 1107
2372 2 2 0 3 804 1445 1391
2373 2 2 0 3 1041 1320 952
2374 2 2 0 3 1253 1442 1323
2375 2 2 0 3 824 1429 823
2376 2 2 0 3 829 1351 827
2377 2 2 0 3 892 893 891
2378 2 2 0 3 1230 1293 1093
2379 2 2 0 3 905 910 907
2380 2 2 0 3 1179 1385 1128
2381 2 2 0 3 1098 1279 999
2382 2 2 0 3 1057 1275 1195
2383 2 2 0 3 1100 1101 1064
2384 2 2 0 3 881 896 846
2385 2 2 0 3 1030 1255 1088
2386 2 2 0 3 1119 1178 1114
2387 2 2 0 3 1113 1114 1112
2388 2 2 0 3 1096 1288 988
2389 2 2 0 3 15 1361 839
2390 2 2 0 3 1232 1457 923
2391 2 2 0 3 1160 1313 10
2392 2 2 0 3 996 1008 997
2393 2 2 0 3 1178 1402 1114
2394 2 2 0 3 1218 1302 1151
2395 2 2 0 3 1221 1370 1252
2396 2 2 0 3 1011 1387 1376
2397 2 2 0 3 1309 1420 1246
2398 2 2 0 3 814 1397 19
2399 2 2 0 3 1258 1291 1256
2400 2 2 0 3 1100 1324 1130
2401 2 2 0 3 910 1285 1192
2402 2 2 0 3 1177 1321 1150
2403 2 2 0 3 1043 1458 1318
2404 2 2 0 3 1173 1424 806
2405 2 2 0 3 1011 1376 865
2406 2 2 0 3 1173 1397 814
2407 2 2 0 3 807 1436 1181
2408 2 2 0 3 1111 1199 1109
2409 2 2 0 3 1352 1458 1043
2410 2 2 0 3 835 1353 1312
2411 2 2 0 3 1126 1128 1127
2412 2 2 0 3 1206 1421 897
2413 2 2 0 3 961 1006 944
2414 2 2 0 3 1001 1034 1000
2415 2 2 0 3 1074 1153 1072
2416 2 2 0 3 1058 1132 995
2417 2 2 0 3 1014 1328 1228
2418 2 2 0 3 855 1183 857
2419 2 2 0 3 1255 1360 1088
2420 2 2 0 3 961 1287 1006
2421 2 2 0 3 64 1341 63
2422 2 2 0 3 1074 1395 1153
2423 2 2 0 3 22 1364 21
2424 2 2 0 3 1022 1100 1064
2425 2 2 0 3 844 849 848
2426 2 2 0 3 1010 1087 969
2427 2 2 0 3 815 1276 1089
2428 2 2 0 3 1241 1373 1103
2429 2 2 0 3 5 1309 4
2430 2 2 0 3 808 1394 822
2431 2 2 0 3 1071 1079 1073
2432 2 2 0 3 915 916 914
2433 2 2 0 3 1294 1454 1079
2434 2 2 0 3 61 1339 60
2435 2 2 0 3 1131 1149 1101
2436 2 2 0 3 1292 1317 1227
2437 2 2 0 3 981 1105 974
2438 2 2 0 3 835 844 843
2439 2 2 0 3 1127 1166 904
2440 2 2 0 3 849 1260 851
2441 2 2 0 3 857 1183 860
2442 2 2 0 3 1272 1324 1100
2443 2 2 0 3 1047 1117 1049
2444 2 2 0 3 873 874 872
2445 2 2 0 3 995 1287 961
2446 2 2 0 3 1276 1277 1089
2447 2 2 0 3 932 933 931
2448 2 2 0 3 1278 1392 1210
2449 2 2 0 3 1249 1268 1102
2450 2 2 0 3 1008 1009 997
2451 2 2 0 3 1046 1308 1047
2452 2 2 0 3 903 1282 1281
2453 2 2 0 3 1057 1058 995
2454 2 2 0 3 890 891 887
2455 2 2 0 3 975 1123 1122
2456 2 2 0 3 811 1301 44
2457 2 2 0 3 1008 1021 1009
2458 2 2 0 3 1086 1264 826
2459 2 2 0 3 1155 1340 1103
2460 2 2 0 3 1191 1273 1272
2461 2 2 0 3 994 1057 995
2462 2 2 0 3 1163 1359 1225
2463 2 2 0 3 1432 1445 804
2464 2 2 0 3 980 981 974
2465 2 2 0 3 972 1330 1017
2466 2 2 0 3 951 998 949
2467 2 2 0 3 832 1233 836
2468 2 2 0 3 1236 1345 1267
2469 2 2 0 3 7 1216 808
2470 2 2 0 3 1163 1224 1218
2471 2 2 0 3 822 823 821
2472 2 2 0 3 35 1465 1196
2473 2 2 0 3 1120 1424 1173
2474 2 2 0 3 35 802 34
2475 2 2 0 3 1130 1131 1101
2476 2 2 0 3 14 1346 13
2477 2 2 0 3 916 979 914
2478 2 2 0 3 891 1055 887
2479 2 2 0 3 1194 1315 993
2480 2 2 0 3 1022 1040 1009
2481 2 2 0 3 1288 1298 1014
2482 2 2 0 3 1356 1427 1171
2483 2 2 0 3 930 987 932
2484 2 2 0 3 55 1412 54
2485 2 2 0 3 876 1311 878
2486 2 2 0 3 822 1394 1033
2487 2 2 0 3 844 847 843
2488 2 2 0 3 1137 1326 1016
2489 2 2 0 3 1343 1422 1331
2490 2 2 0 3 1174 1378 1051
2491 2 2 0 3 1318 1356 1223
2492 2 2 0 3 838 840 837
2493 2 2 0 3 1223 1356 884
2494 2 2 0 3 1022 1064 1040
2495 2 2 0 3 1182 1366 1125
2496 2 2 0 3 1132 1287 995
2497 2 2 0 3 844 1312 849
2498 2 2 0 3 1096 1298 1288
2499 2 2 0 3 897 1421 894
2500 2 2 0 3 1246 1420 821
2501 2 2 0 3 1312 1353 1258
2502 2 2 0 3 1153 1229 1072
2503 2 2 0 3 970 1010 969
2504 2 2 0 3 866 1102 863
2505 2 2 0 3 1164 1345 1165
2506 2 2 0 3 1117 1247 1193
2507 2 2 0 3 1061 1407 1277
2508 2 2 0 3 929 1411 1011
2509 2 2 0 3 1067 1294 1068
2510 2 2 0 3 1057 1195 1058
2511 2 2 0 3 59 1413 58
2512 2 2 0 3 1126 1127 904
2513 2 2 0 3 1229 1380 1230
2514 2 2 0 3 904 1304 24
2515 2 2 0 3 1377 1457 1232
2516 2 2 0 3 44 1301 43
2517 2 2 0 3 43 1301 817
2518 2 2 0 3 987 1052 1044
2519 2 2 0 3 24 1304 23
2520 2 2 0 3 1006 1278 944
2521 2 2 0 3 1099 1136 1016
2522 2 2 0 3 1161 1311 876
2523 2 2 0 3 936 1158 935
2524 2 2 0 3 1151 1393 1218
2525 2 2 0 3 1119 1409 1222
2526 2 2 0 3 1284 1319 1195
2527 2 2 0 3 966 1311 1234
2528 2 2 0 3 987 1162 1052
2529 2 2 0 3 986 1099 1016
2530 2 2 0 3 987 1044 932
2531 2 2 0 3 47 1154 1028
2532 2 2 0 3 835 843 833
2533 2 2 0 3 1211 1369 1365
2534 2 2 0 3 1245 1404 1143
2535 2 2 0 3 924 1344 874
2536 2 2 0 3 1043 1318 1223
2537 2 2 0 3 16 1361 15
2538 2 2 0 3 1021 1022 1009
2539 2 2 0 3 801 1126 26
2540 2 2 0 3 1031 1357 1032
2541 2 2 0 3 905 906 893
2542 2 2 0 3 1050 1407 1061
2543 2 2 0 3 1210 1392 1325
2544 2 2 0 3 946 986 980
2545 2 2 0 3 822 825 824
2546 2 2 0 3 53 1391 52
2547 2 2 0 3 835 1312 844
2548 2 2 0 3 908 1433 1115
2549 2 2 0 3 1016 1326 980
2550 2 2 0 3 1152 1386 1189
2551 2 2 0 3 1214 1325 1202
2552 2 2 0 3 23 1280 22
2553 2 2 0 3 1078 1299 1084
2554 2 2 0 3 1029 1404 1111
2555 2 2 0 3 939 1419 956
2556 2 2 0 3 860 862 861
2557 2 2 0 3 1300 1333 1042
2558 2 2 0 3 948 1426 950
2559 2 2 0 3 1038 1306 1139
2560 2 2 0 3 1211 1368 810
2561 2 2 0 3 1189 1339 820
2562 2 2 0 3 1243 1387 1115
2563 2 2 0 3 878 1311 966
2564 2 2 0 3 1222 1409 1156
2565 2 2 0 3 1143 1404 1026
2566 2 2 0 3 37 1368 978
2567 2 2 0 3 1194 1375 1315
2568 2 2 0 3 1130 1347 1131
2569 2 2 0 3 936 1296 1158
2570 2 2 0 3 1050 1059 1048
2571 2 2 0 3 914 1434 882
2572 2 2 0 3 1162 1163 1052
2573 2 2 0 3 1298 1328 1014
2574 2 2 0 3 1186 1188 1187
2575 2 2 0 3 952 953 951
2576 2 2 0 3 970 1254 1010
2577 2 2 0 3 840 1291 837
2578 2 2 0 3 1106 1371 1151
2579 2 2 0 3 1268 1310 1102
2580 2 2 0 3 801 1388 1179
2581 2 2 0 3 810 1369 1211
2582 2 2 0 3 1088 1317 1292
2583 2 2 0 3 1067 1348 1294
2584 2 2 0 3 1268 1389 1017
2585 2 2 0 3 1195 1319 1058
2586 2 2 0 3 1249 1344 1268
2587 2 2 0 3 41 1286 1023
2588 2 2 0 3 986 1108 1099
2589 2 2 0 3 997 1322 1085
2590 2 2 0 3 1137 1374 1326
2591 2 2 0 3 1101 1377 1064
2592 2 2 0 3 1117 1193 1049
2593 2 2 0 3 1053 1425 965
2594 2 2 0 3 1001 1306 1038
2595 2 2 0 3 20 1403 19
2596 2 2 0 3 923 1457 1289
2597 2 2 0 3 1093 1293 1262
2598 2 2 0 3 1189 1405 1339
2599 2 2 0 3 844 848 847
2600 2 2 0 3 1196 1465 978
2601 2 2 0 3 12 1437 807
2602 2 2 0 3 1314 1394 1216
2603 2 2 0 3 1080 1135 1133
2604 2 2 0 3 1125 1366 1316
2605 2 2 0 3 1162 1359 1163
2606 2 2 0 3 1009 1322 997
2607 2 2 0 3 1045 1428 819
2608 2 2 0 3 964 1306 1001
2609 2 2 0 3 978 1368 1211
2610 2 2 0 3 862 863 861
2611 2 2 0 3 980 1326 981
2612 2 2 0 3 1347 1448 1301
2613 2 2 0 3 1136 1323 1180
2614 2 2 0 3 1163 1218 1052
2615 2 2 0 3 29 1390 1019
2616 2 2 0 3 1282 1283 1281
2617 2 2 0 3 1134 1150 1095
2618 2 2 0 3 25 1461 904
2619 2 2 0 3 920 1233 830
2620 2 2 0 3 952 1320 953
2621 2 2 0 3 1366 1367 1087
2622 2 2 0 3 1054 1354 1065
2623 2 2 0 3 836 838 837
2624 2 2 0 3 806 1092 17
2625 2 2 0 3 1247 1335 1193
2626 2 2 0 3 1020 1463 907
2627 2 2 0 3 1277 1335 1089
2628 2 2 0 3 1040 1322 1009
2629 2 2 0 3 1187 1350 804
2630 2 2 0 3 986 1016 980
2631 2 2 0 3 1271 1349 1123
2632 2 2 0 3 1166 1304 904
2633 2 2 0 3 981 1441 1269
2634 2 2 0 3 1376 1387 1243
2635 2 2 0 3 802 1241 34
2636 2 2 0 3 1269 1441 1145
2637 2 2 0 3 888 1355 853
2638 2 2 0 3 50 1428 1045
2639 2 2 0 3 1084 1362 1215
2640 2 2 0 3 1105 1354 1270
2641 2 2 0 3 849 851 850
2642 2 2 0 3 1069 1453 1297
2643 2 2 0 3 1130 1448 1347
2644 2 2 0 3 1050 1060 1059
2645 2 2 0 3 1133 1134 1095
2646 2 2 0 3 1275 1414 1019
2647 2 2 0 3 905 907 906
2648 2 2 0 3 874 1344 872
2649 2 2 0 3 1017 1389 954
2650 2 2 0 3 1337 1423 1379
2651 2 2 0 3 54 1334 53
2652 2 2 0 3 1142 1371 1106
2653 2 2 0 3 1159 1409 1119
2654 2 2 0 3 848 908 847
2655 2 2 0 3 60 1450 59
2656 2 2 0 3 813 1216 8
2657 2 2 0 3 13 1437 12
2658 2 2 0 3 811 1347 1301
2659 2 2 0 3 856 865 854
2660 2 2 0 3 1339 1450 60
2661 2 2 0 3 849 850 848
2662 2 2 0 3 1090 1414 1275
2663 2 2 0 3 1323 1442 1180
2664 2 2 0 3 1059 1384 1254
2665 2 2 0 3 1235 1427 1135
2666 2 2 0 3 1044 1338 932
2667 2 2 0 3 1140 1379 1124
2668 2 2 0 3 891 1337 1055
2669 2 2 0 3 1075 1080 1077
2670 2 2 0 3 933 936 935
2671 2 2 0 3 830 1233 832
2672 2 2 0 3 1164 1434 1345
2673 2 2 0 3 18 806 17
2674 2 2 0 3 949 1431 922
2675 2 2 0 3 1231 1449 1139
2676 2 2 0 3 1041 1374 1320
2677 2 2 0 3 819 1372 1045
2678 2 2 0 3 1374 1441 1326
2679 2 2 0 3 872 1344 1249
2680 2 2 0 3 1118 1378 1159
2681 2 2 0 3 832 834 833
2682 2 2 0 3 818 1447 32
2683 2 2 0 3 1013 1418 1213
2684 2 2 0 3 1217 1385 1090
2685 2 2 0 3 809 1341 64
2686 2 2 0 3 1213 1443 1147
2687 2 2 0 3 1183 1408 1242
2688 2 2 0 3 851 1260 888
2689 2 2 0 3 1378 1383 1051
2690 2 2 0 3 1220 1370 1221
2691 2 2 0 3 1267 1345 979
2692 2 2 0 3 1154 1416 1028
2693 2 2 0 3 852 1243 850
2694 2 2 0 3 1116 1429 1264
2695 2 2 0 3 998 1456 1431
2696 2 2 0 3 1298 1460 1328
2697 2 2 0 3 834 1353 835
2698 2 2 0 3 57 1261 56
2699 2 2 0 3 1094 1364 1280
2700 2 2 0 3 1198 1460 1298
2701 2 2 0 3 1060 1398 1059
2702 2 2 0 3 1241 1340 818
2703 2 2 0 3 42 1286 41
2704 2 2 0 3 1139 1348 1067
2705 2 2 0 3 1051 1386 1046
2706 2 2 0 3 1155 1440 1319
2707 2 2 0 3 1153 1380 1229
2708 2 2 0 3 1211 1365 1197
2709 2 2 0 3 1148 1438 1167
2710 2 2 0 3 1145 1374 1041
2711 2 2 0 3 1335 1417 1089
2712 2 2 0 3 1080 1133 1095
2713 2 2 0 3 1348 1449 895
2714 2 2 0 3 859 1274 858
2715 2 2 0 3 19 1397 18
2716 2 2 0 3 56 1186 55
2717 2 2 0 3 893 1337 891
2718 2 2 0 3 825 826 824
2719 2 2 0 3 1300 1401 1045
2720 2 2 0 3 1196 1460 1198
2721 2 2 0 3 836 837 834
2722 2 2 0 3 1176 1398 1060
2723 2 2 0 3 1344 1389 1268
2724 2 2 0 3 1037 1054 819
2725 2 2 0 3 1104 1313 1160
2726 2 2 0 3 906 1337 893
2727 2 2 0 3 1197 1460 1196
2728 2 2 0 3 834 835 833
2729 2 2 0 3 906 1423 1337
2730 2 2 0 3 1096 1464 1298
2731 2 2 0 3 930 1382 987
2732 2 2 0 3 45 1212 811
2733 2 2 0 3 1380 1435 1230
2734 2 2 0 3 865 1376 854
2735 2 2 0 3 1346 1437 13
2736 2 2 0 3 1190 1422 1191
2737 2 2 0 3 938 1459 942
2738 2 2 0 3 1113 1383 1118
2739 2 2 0 3 1099 1381 1307
2740 2 2 0 3 1036 1400 1220
2741 2 2 0 3 832 836 834
2742 2 2 0 3 810 1368 38
2743 2 2 0 3 932 1338 933
2744 2 2 0 3 1191 1343 1273
2745 2 2 0 3 1049 1050 1048
2746 2 2 0 3 832 833 831
2747 2 2 0 3 827 1086 826
2748 2 2 0 3 1274 1382 928
2749 2 2 0 3 828 920 830
2750 2 2 0 3 928 1382 930
2751 2 2 0 3 1367 1411 1138
2752 2 2 0 3 851 888 853
2753 2 2 0 3 1115 1387 1182
2754 2 2 0 3 1193 1407 1049
2755 2 2 0 3 1314 1362 1185
2756 2 2 0 3 1310 1327 1102
2757 2 2 0 3 851 852 850
2758 2 2 0 3 1076 1395 1074
2759 2 2 0 3 1258 1353 1291
2760 2 2 0 3 1047 1049 1048
2761 2 2 0 3 946 1358 986
2762 2 2 0 3 1205 1439 1206
2763 2 2 0 3 1218 1393 1052
2764 2 2 0 3 51 1428 50
2765 2 2 0 3 1225 1415 1310
2766 2 2 0 3 954 1389 924
2767 2 2 0 3 1037 1445 1432
2768 2 2 0 3 986 1358 1108
2769 2 2 0 3 1089 1417 2
2770 2 2 0 3 1149 1377 1101
2771 2 2 0 3 27 801 26
2772 2 2 0 3 1132 1440 1357
2773 2 2 0 3 1065 1372 819
2774 2 2 0 3 951 1396 998
2775 2 2 0 3 851 853 852
2776 2 2 0 3 1080 1095 1077
2777 2 2 0 3 825 828 827
2778 2 2 0 3 28 1388 27
2779 2 2 0 3 1028 1443 1212
2780 2 2 0 3 1103 1464 1096
2781 2 2 0 3 1019 1414 1388
2782 2 2 0 3 1319 1440 1058
2783 2 2 0 3 1298 1464 1198
2784 2 2 0 3 1307 1381 1107
2785 2 2 0 3 1324 1448 1130
2786 2 2 0 3 1345 1434 979
2787 2 2 0 3 1114 1402 1112
2788 2 2 0 3 1157 1425 1053
2789 2 2 0 3 1291 1353 837
2790 2 2 0 3 49 812 48
2791 2 2 0 3 1026 1404 1029
2792 2 2 0 3 1308 1342 1117
2793 2 2 0 3 812 1154 48
2794 2 2 0 3 31 1447 803
2795 2 2 0 3 852 1376 1243
2796 2 2 0 3 1147 1416 1148
2797 2 2 0 3 23 1304 903
2798 2 2 0 3 1202 1446 1201
2799 2 2 0 3 1124 1423 1208
2800 2 2 0 3 816 1188 1186
2801 2 2 0 3 1302 1462 984
2802 2 2 0 3 6 1420 5
2803 2 2 0 3 1 809 64
2804 2 2 0 3 5 1420 1309
2805 2 2 0 3 63 1341 1056
2806 2 2 0 3 806 1424 1129
2807 2 2 0 3 1046 1386 1308
2808 2 2 0 3 1370 1456 998
2809 2 2 0 3 837 1353 834
2810 2 2 0 3 1019 1388 28
2811 2 2 0 3 1037 1428 51
2812 2 2 0 3 38 1368 37
2813 2 2 0 3 1284 1447 818
2814 2 2 0 3 21 1364 20
2815 2 2 0 3 1129 1453 1262
2816 2 2 0 3 1351 1452 1239
2817 2 2 0 3 1037 1432 1054
2818 2 2 0 3 1108 1381 1099
2819 2 2 0 3 942 1358 946
2820 2 2 0 3 813 1314 1216
2821 2 2 0 3 1359 1415 1225
2822 2 2 0 3 1224 1462 1218
2823 2 2 0 3 1102 1327 863
2824 2 2 0 3 1134 1458 1352
2825 2 2 0 3 1400 1456 1220
2826 2 2 0 3 1153 1430 1380
2827 2 2 0 3 853 1355 855
2828 2 2 0 3 803 1447 1284
2829 2 2 0 3 953 1396 951
2830 2 2 0 3 1162 1382 1274
2831 2 2 0 3 857 860 859
2832 2 2 0 3 1131 1418 1149
2833 2 2 0 3 1213 1418 1131
2834 2 2 0 3 1049 1407 1050
2835 2 2 0 3 924 1389 1344
2836 2 2 0 3 1287 1446 1006
2837 2 2 0 3 1216 1394 808
2838 2 2 0 3 1310 1415 1327
2839 2 2 0 3 1330 1406 1017
2840 2 2 0 3 1112 1413 59
2841 2 2 0 3 51 1445 1037
2842 2 2 0 3 1052 1393 1044
2843 2 2 0 3 1296 1444 1142
2844 2 2 0 3 1275 1451 1195
2845 2 2 0 3 1186 1412 55
2846 2 2 0 3 1371 1393 1151
2847 2 2 0 3 1198 1373 802
2848 2 2 0 3 1201 1446 1287
2849 2 2 0 3 812 1332 1154
2850 2 2 0 3 1435 1437 1346
2851 2 2 0 3 1328 1460 1197
2852 2 2 0 3 1271 1399 1350
2853 2 2 0 3 1121 1401 1300
2854 2 2 0 3 839 1346 14
2855 2 2 0 3 1006 1392 1278
2856 2 2 0 3 36 1465 35
2857 2 2 0 3 863 1327 861
2858 2 2 0 3 1023 1343 1331
2859 2 2 0 3 843 1452 833
2860 2 2 0 3 1379 1423 1124
2861 2 2 0 3 1388 1414 1179
2862 2 2 0 3 1337 1379 1055
2863 2 2 0 3 1152 1342 1308
2864 2 2 0 3 1358 1455 1108
2865 2 2 0 3 860 861 859
2866 2 2 0 3 987 1382 1162
2867 2 2 0 3 802 1373 1241
2868 2 2 0 3 979 1434 914
2869 2 2 0 3 978 1465 36
2870 2 2 0 3 4 1309 815
2871 2 2 0 3 1243 1433 850
2872 2 2 0 3 1297 1453 1129
2873 2 2 0 3 1409 1410 1156
2874 2 2 0 3 1358 1459 1455
2875 2 2 0 3 1054 1432 1399
2876 2 2 0 3 1133 1458 1134
2877 2 2 0 3 998 1431 949
2878 2 2 0 3 1058 1440 1132
2879 2 2 0 3 1145 1441 1374
2880 2 2 0 3 1218 1462 1302
2881 2 2 0 3 1097 1283 1282
2882 2 2 0 3 27 1388 801
2883 2 2 0 3 1230 1435 1346
2884 2 2 0 3 848 1433 908
2885 2 2 0 3 853 855 854
2886 2 2 0 3 54 1412 1334
2887 2 2 0 3 32 1447 31
2888 2 2 0 3 1332 1401 1121
2889 2 2 0 3 1325 1392 1202
2890 2 2 0 3 933 1338 936
2891 2 2 0 3 1310 1406 1225
2892 2 2 0 3 1431 1456 1168
2893 2 2 0 3 1318 1458 1133
2894 2 2 0 3 810 1422 1369
2895 2 2 0 3 1135 1427 1356
2896 2 2 0 3 1392 1446 1202
2897 2 2 0 3 828 829 827
2898 2 2 0 3 830 832 831
2899 2 2 0 3 861 1327 869
2900 2 2 0 3 1045 1372 1300
2901 2 2 0 3 2 1417 1
2902 2 2 0 3 52 1445 51
2903 2 2 0 3 1006 1446 1392
2904 2 2 0 3 823 1246 821
2905 2 2 0 3 831 1351 829
2906 2 2 0 3 1369 1422 1190
2907 2 2 0 3 817 1448 1324
2908 2 2 0 3 1301 1448 817
2909 2 2 0 3 854 1376 852
2910 2 2 0 3 1322 1439 1085
2911 2 2 0 3 904 1461 1126
2912 2 2 0 3 833 1452 831
2913 2 2 0 3 1118 1383 1378
2914 2 2 0 3 828 830 829
2915 2 2 0 3 1350 1432 804
2916 2 2 0 3 1296 1455 1158
2917 2 2 0 3 1410 1419 1156
2918 2 2 0 3 1289 1457 1149
2919 2 2 0 3 907 1463 906
2920 2 2 0 3 831 1452 1351
2921 2 2 0 3 853 854 852
2922 2 2 0 3 919 1435 1380
2923 2 2 0 3 936 1444 1296
2924 2 2 0 3 1261 1413 1402
2925 2 2 0 3 1398 1425 1157
2926 2 2 0 3 1121 1438 1332
2927 2 2 0 3 823 1429 1246
2928 2 2 0 3 869 1415 1359
2929 2 2 0 3 956 1419 1410
2930 2 2 0 3 1334 1391 53
2931 2 2 0 3 819 1428 1037
2932 2 2 0 3 26 1461 25
2933 2 2 0 3 56 1261 1186
2934 2 2 0 3 807 1437 1436
2935 2 2 0 3 1326 1441 981
2936 2 2 0 3 803 1451 1390
2937 2 2 0 3 1308 1386 1152
2938 2 2 0 3 1181 1436 919
2939 2 2 0 3 1187 1412 1186
2940 2 2 0 3 855 857 856
2941 2 2 0 3 1139 1449 1348
2942 2 2 0 3 850 1433 848
2943 2 2 0 3 1338 1444 936
2944 2 2 0 3 1327 1415 869
2945 2 2 0 3 857 859 858
2946 2 2 0 3 814 1403 1094
2947 2 2 0 3 1159 1410 1409
2948 2 2 0 3 825 827 826
2949 2 2 0 3 903 1280 23
2950 2 2 0 3 1333 1372 1065
2951 2 2 0 3 1147 1443 1416
2952 2 2 0 3 1455 1459 1158
2953 2 2 0 3 1399 1432 1350
2954 2 2 0 3 1364 1403 20
2955 2 2 0 3 805 1405 1113
2956 2 2 0 3 1261 1402 816
2957 2 2 0 3 805 1113 1112
2958 2 2 0 3 830 831 829
2959 2 2 0 3 1300 1372 1333
2960 2 2 0 3 1220 1456 1370
2961 2 2 0 3 822 824 823
2962 2 2 0 3 1094 1403 1364
2963 2 2 0 3 1176 1425 1398
2964 2 2 0 3 805 1112 59
2965 2 2 0 3 1416 1443 1028
2966 2 2 0 3 1341 1342 1056
2967 2 2 0 3 903 1281 1280
2968 2 2 0 3 942 1459 1358
2969 2 2 0 3 1 1417 809
2970 2 2 0 3 1280 1281 1094
2971 2 2 0 3 1391 1445 52
2972 2 2 0 3 1373 1464 1103
2973 2 2 0 3 1186 1261 816
2974 2 2 0 3 812 1401 1332
2975 2 2 0 3 1380 1430 919
2976 2 2 0 3 1191 1422 1343
2977 2 2 0 3 820 1339 61
2978 2 2 0 3 855 856 854
2979 2 2 0 3 1423 1463 1208
2980 2 2 0 3 861 869 859
2981 2 2 0 3 1149 1457 1377
2982 2 2 0 3 906 1463 1423
2983 2 2 0 3 804 1334 1187
2984 2 2 0 3 1402 1413 1112
2985 2 2 0 3 804 1391 1334
2986 2 2 0 3 857 858 856
2987 2 2 0 3 1198 1464 1373
2988 2 2 0 3 59 1450 805
2989 2 2 0 3 805 1450 1405
2990 2 2 0 3 1405 1450 1339
2991 2 2 0 3 1334 1412 1187
2992 4 2 0 1 1657 1469 2508 2373
2993 4 2 0 1 2951 3003 2947 2950
2994 4 2 0 1 2909 2987 3206 2988
2995 4 2 0 1 1534 2619 2588 1948
2996 4 2 0 1 1842 2182 1845 1532
2997 4 2 0 1 544 60 1546 72
2998 4 2 0 1 2191 2951 2961 2950
2999 4 2 0 1 2474 2275 1748 2979
3000 4 2 0 1 1394 1216 1947 2599
3001 4 2 0 1 854 2302 2303 852
3002 4 2 0 1 2227 2928 2929 2048
3003 4 2 0 1 7 808 1947 2029
3004 4 2 0 1 433 498 2858 491
3005 4 2 0 1 410 2452 1764 412
3006 4 2 0 1 1821 422 1974 647
3007 4 2 0 1 772 1729 773 1789
3008 4 2 0 1 134 766 1694 141
3009 4 2 0 1 2597 2588 1948 2599
3010 4 2 0 1 2265 2585 2740 2117
3011 4 2 0 1 1540 1948 2597 2619
3012 4 2 0 1 813 2599 1944 1216
3013 4 2 0 1 1314 1185 1362 2148
3014 4 2 0 1 1948 1945 1952 1951
3015 4 2 0 1 2006 2689 1957 1958
3016 4 2 0 1 2006 2689 1958 2551
3017 4 2 0 1 2931 2052 3201 2054
3018 4 2 0 1 3137 1501 3135 3136
3019 4 2 0 1 1957 2689 1817 1715
3020 4 2 0 1 1940 1873 1959 2734
3021 4 2 0 1 2512 2518 1469 3122
3022 4 2 0 1 1956 2006 1957 1958
3023 4 2 0 1 1156 1222 1122 2075
3024 4 2 0 1 556 557 1769 318
3025 4 2 0 1 1957 1817 1739 1693
3026 4 2 0 1 1957 1817 1693 1715
3027 4 2 0 1 1855 1841 1996 1968
3028 4 2 0 1 2037 22 1280 1809
3029 4 2 0 1 389 524 1695 504
3030 4 2 0 1 1968 2159 1841 1996
3031 4 2 0 1 2755 2555 2846 1772
3032 4 2 0 1 2294 1335 2295 1193
3033 4 2 0 1 1842 1841 1542 1968
3034 4 2 0 1 1968 1841 2159 1842
3035 4 2 0 1 839 14 1742 15
3036 4 2 0 1 2873 1854 1911 1492
3037 4 2 0 1 2216 1321 2108 2175
3038 4 2 0 1 854 1376 865 2068
3039 4 2 0 1 1669 421 293 1902
3040 4 2 0 1 2432 1489 2342 3089
3041 4 2 0 1 2612 2618 2613 3071
3042 4 2 0 1 672 750 1652 445
3043 4 2 0 1 2297 2101 2220 2330
3044 4 2 0 1 525 646 3221 787
3045 4 2 0 1 1918 1882 2422 1920
3046 4 2 0 1 2419 2789 1851 2422
3047 4 2 0 1 1660 2770 2241 2632
3048 4 2 0 1 190 1770 1769 188
3049 4 2 0 1 666 2536 626 370
3050 4 2 0 1 2167 3045 2195 3083
3051 4 2 0 1 2509 2778 2368 2779
3052 4 2 0 1 1791 1897 241 1790
3053 4 2 0 1 2789 1851 2422 1943
3054 4 2 0 1 1920 3089 2422 2419
3055 4 2 0 1 2901 1484 2748 2422
3056 4 2 0 1 1920 2789 1918 2857
3057 4 2 0 1 863 861 1327 2218
3058 4 2 0 1 1892 1987 2662 678
3059 4 2 0 1 1713 1878 1862 2662
3060 4 2 0 1 2219 982 1305 1325
3061 4 2 0 1 456 1655 768 1825
3062 4 2 0 1 1779 1984 1780 2415
3063 4 2 0 1 2997 2769 2995 3086
3064 4 2 0 1 3110 2390 1573 3099
3065 4 2 0 1 2332 2749 3088 1638
3066 4 2 0 1 1883 1803 1777 1840
3067 4 2 0 1 1710 12 1742 1709
3068 4 2 0 1 2616 2870 2613 2620
3069 4 2 0 1 3214 790 3224 595
3070 4 2 0 1 1862 2877 2360 2532
3071 4 2 0 1 3112 2345 2532 2531
3072 4 2 0 1 531 2536 1525 2538
3073 4 2 0 1 1682 1901 2881 121
3074 4 2 0 1 2510 1615 2653 2808
3075 4 2 0 1 1494 2449 2780 3109
3076 4 2 0 1 1109 2164 1029 2114
3077 4 2 0 1 766 1739 141 143
3078 4 2 0 1 1746 3214 3224 594
3079 4 2 0 1 2534 2494 2530 1597
3080 4 2 0 1 1821 1974 1492 647
3081 4 2 0 1 1859 131 1571 440
3082 4 2 0 1 2248 1612 2771 3027
3083 4 2 0 1 851 2114 2164 888
3084 4 2 0 1 2944 2948 3068 2946
3085 4 2 0 1 1590 1530 2875 3109
3086 4 2 0 1 1762 1683 1837 1655
3087 4 2 0 1 3214 790 595 319
3088 4 2 0 1 1515 2451 1997 2539
3089 4 2 0 1 1588 2020 95 97
3090 4 2 0 1 1484 2424 1999 2416
3091 4 2 0 1 1961 1515 1997 2539
3092 4 2 0 1 2141 3159 2710 3184
3093 4 2 0 1 174 1897 241 604
3094 4 2 0 1 1813 1812 1856 2865
3095 4 2 0 1 1803 1840 688 1777
3096 4 2 0 1 2387 2870 2613 2612
3097 4 2 0 1 1625 464 693 1868
3098 4 2 0 1 1471 2380 2607 1539
3099 4 2 0 1 1708 1589 2800 2875
3100 4 2 0 1 2915 2189 3059 3057
3101 4 2 0 1 2023 2007 2905 2906
3102 4 2 0 1 1595 3112 2765 2583
3103 4 2 0 1 1669 123 547 119
3104 4 2 0 1 2642 1090 2126 1217
3105 4 2 0 1 1367 2120 1138 1411
3106 4 2 0 1 3214 3224 790 558
3107 4 2 0 1 2439 3096 2443 2440
3108 4 2 0 1 1540 2387 2607 2608
3109 4 2 0 1 2675 2351 2348 3099
3110 4 2 0 1 2296 2297 2330 2169
3111 4 2 0 1 2031 1695 1696 1688
3112 4 2 0 1 2023 2873 2797 1527
3113 4 2 0 1 2352 2353 1620 2605
3114 4 2 0 1 1988 1992 2010 1989
3115 4 2 0 1 2284 1543 2249 2618
3116 4 2 0 1 3060 3058 2197 2929
3117 4 2 0 1 1832 3218 1746 153
3118 4 2 0 1 18 697 1855 2017
3119 4 2 0 1 682 3220 463 580
3120 4 2 0 1 760 697 18 2017
3121 4 2 0 1 3222 420 3220 580
3122 4 2 0 1 2226 1167 2066 2730
3123 4 2 0 1 408 316 427 2017
3124 4 2 0 1 322 3222 3220 580
3125 4 2 0 1 316 408 1938 2017
3126 4 2 0 1 316 1855 427 2017
3127 4 2 0 1 1620 2353 1621 2605
3128 4 2 0 1 316 1855 2017 1866
3129 4 2 0 1 320 598 1824 227
3130 4 2 0 1 278 2700 1823 280
3131 4 2 0 1 1868 430 312 368
3132 4 2 0 1 1797 1867 1866 1937
3133 4 2 0 1 1631 421 472 724
3134 4 2 0 1 863 2932 2218 2198
3135 4 2 0 1 1407 2282 2131 1193
3136 4 2 0 1 2876 1858 234 2014
3137 4 2 0 1 365 199 1700 726
3138 4 2 0 1 1652 689 2000 1870
3139 4 2 0 1 1843 1867 1542 1866
3140 4 2 0 1 1723 1858 2875 2807
3141 4 2 0 1 629 1923 414 500
3142 4 2 0 1 3051 2171 3050 2981
3143 4 2 0 1 697 80 1855 2017
3144 4 2 0 1 760 80 697 2017
3145 4 2 0 1 1721 516 1900 1902
3146 4 2 0 1 3088 2750 2240 2154
3147 4 2 0 1 1518 375 1910 2488
3148 4 2 0 1 2917 1402 1413 2027
3149 4 2 0 1 1992 2651 2010 1989
3150 4 2 0 1 2412 1547 2290 2289
3151 4 2 0 1 475 342 428 2864
3152 4 2 0 1 1609 3019 3061 3207
3153 4 2 0 1 1943 348 305 1626
3154 4 2 0 1 424 2704 1603 1907
3155 4 2 0 1 2917 1402 2027 2333
3156 4 2 0 1 1186 56 2333 1261
3157 4 2 0 1 322 3220 599 580
3158 4 2 0 1 2917 1402 2333 1261
3159 4 2 0 1 420 463 3220 580
3160 4 2 0 1 2917 1402 1261 1413
3161 4 2 0 1 2609 2819 2271 3074
3162 4 2 0 1 2032 1729 2860 1789
3163 4 2 0 1 2766 1594 1640 2343
3164 4 2 0 1 2316 2122 2317 2319
3165 4 2 0 1 1212 46 2016 1028
3166 4 2 0 1 2930 2923 2924 2925
3167 4 2 0 1 2574 3132 1505 2887
3168 4 2 0 1 2387 2758 2608 1540
3169 4 2 0 1 519 520 521 1789
3170 4 2 0 1 773 520 1789 521
3171 4 2 0 1 2237 2915 2128 2127
3172 4 2 0 1 1903 2860 2861 2036
3173 4 2 0 1 2121 896 2096 3005
3174 4 2 0 1 1695 1668 1688 504
3175 4 2 0 1 2323 1143 2165 2221
3176 4 2 0 1 2302 2322 2164 2045
3177 4 2 0 1 549 536 770 1738
3178 4 2 0 1 1963 1743 2412 1546
3179 4 2 0 1 1409 2075 1410 2103
3180 4 2 0 1 2592 2228 2264 2113
3181 4 2 0 1 2065 2195 3071 2249
3182 4 2 0 1 2097 1239 847 2060
3183 4 2 0 1 3138 3118 2373 3116
3184 4 2 0 1 551 309 279 1641
3185 4 2 0 1 1544 2318 2598 2230
3186 4 2 0 1 980 981 2193 974
3187 4 2 0 1 2253 2255 2256 2045
3188 4 2 0 1 301 1851 1850 299
3189 4 2 0 1 2592 2230 2113 2263
3190 4 2 0 1 2949 2977 2323 2094
3191 4 2 0 1 2230 2073 1952 1534
3192 4 2 0 1 2255 1115 2256 3070
3193 4 2 0 1 234 2014 369 712
3194 4 2 0 1 849 851 2114 2270
3195 4 2 0 1 1870 1872 2763 2418
3196 4 2 0 1 2453 2454 2845 2455
3197 4 2 0 1 2943 2056 3069 2948
3198 4 2 0 1 1259 2114 1260 888
3199 4 2 0 1 1849 1903 1807 1790
3200 4 2 0 1 2930 2924 2056 3001
3201 4 2 0 1 2041 1273 1023 1286
3202 4 2 0 1 1203 871 2926 1144
3203 4 2 0 1 1650 1682 2445 2762
3204 4 2 0 1 646 778 263 3227
3205 4 2 0 1 2924 3001 3204 2056
3206 4 2 0 1 2976 2069 2922 2932
3207 4 2 0 1 3199 3204 2978 2948
3208 4 2 0 1 3199 2948 2978 2921
3209 4 2 0 1 2525 2022 3113 2428
3210 4 2 0 1 417 416 1799 418
3211 4 2 0 1 486 431 1682 125
3212 4 2 0 1 2016 2656 2301 1826
3213 4 2 0 1 2086 2147 2109 2601
3214 4 2 0 1 2047 2730 3082 2310
3215 4 2 0 1 2073 2149 2588 2983
3216 4 2 0 1 2825 2837 3082 2310
3217 4 2 0 1 244 434 462 1794
3218 4 2 0 1 2047 3082 2730 2226
3219 4 2 0 1 2180 2192 1012 2077
3220 4 2 0 1 311 287 291 1918
3221 4 2 0 1 1712 2802 2599 2803
3222 4 2 0 1 2969 2968 2097 847
3223 4 2 0 1 1855 405 465 1996
3224 4 2 0 1 2720 2721 2063 2247
3225 4 2 0 1 2228 1624 2592 2264
3226 4 2 0 1 1622 2614 2591 2615
3227 4 2 0 1 2447 111 2781 1860
3228 4 2 0 1 2103 2996 2320 2118
3229 4 2 0 1 2511 2886 515 2042
3230 4 2 0 1 301 1851 299 302
3231 4 2 0 1 2155 2617 2169 2467
3232 4 2 0 1 2226 2730 2066 3082
3233 4 2 0 1 1743 499 544 1546
3234 4 2 0 1 1123 2160 1349 1271
3235 4 2 0 1 409 596 1702 410
3236 4 2 0 1 1761 1981 209 208
3237 4 2 0 1 2511 515 2886 1555
3238 4 2 0 1 1482 646 263 3227
3239 4 2 0 1 959 958 2171 927
3240 4 2 0 1 2918 2919 3198 2631
3241 4 2 0 1 3011 2288 2908 3206
3242 4 2 0 1 2893 1545 3071 2983
3243 4 2 0 1 1081 1082 2086 1083
3244 4 2 0 1 2526 2527 3131 3127
3245 4 2 0 1 398 1668 391 554
3246 4 2 0 1 3215 1177 1134 2175
3247 4 2 0 1 3080 3211 2325 2301
3248 4 2 0 1 928 2277 1382 1274
3249 4 2 0 1 1748 2275 2474 2981
3250 4 2 0 1 2180 989 990 1012
3251 4 2 0 1 1343 1422 2315 1331
3252 4 2 0 1 546 1963 361 2788
3253 4 2 0 1 1803 1801 1800 1979
3254 4 2 0 1 2299 2077 2102 2989
3255 4 2 0 1 1852 1800 1960 1539
3256 4 2 0 1 586 1908 329 1654
3257 4 2 0 1 2522 3140 3092 1569
3258 4 2 0 1 1955 2954 2989 2955
3259 4 2 0 1 169 1803 597 1801
3260 4 2 0 1 606 584 367 2680
3261 4 2 0 1 2369 1528 2008 2440
3262 4 2 0 1 2077 2298 1055 2166
3263 4 2 0 1 1906 796 307 590
3264 4 2 0 1 2552 1981 1980 2006
3265 4 2 0 1 529 1721 724 748
3266 4 2 0 1 177 1796 1790 241
3267 4 2 0 1 2309 1320 2257 953
3268 4 2 0 1 2150 825 2073 1033
3269 4 2 0 1 2889 2502 1933 2888
3270 4 2 0 1 1761 211 1762 212
3271 4 2 0 1 1651 3095 2440 3096
3272 4 2 0 1 48 812 1827 1154
3273 4 2 0 1 571 663 1699 1939
3274 4 2 0 1 2101 1379 2077 2298
3275 4 2 0 1 419 1625 614 577
3276 4 2 0 1 1216 7 1947 1944
3277 4 2 0 1 1430 2086 1153 2184
3278 4 2 0 1 1702 2452 1701 2795
3279 4 2 0 1 1265 2086 1430 1083
3280 4 2 0 1 1689 1491 1685 1863
3281 4 2 0 1 2261 2263 2608 2591
3282 4 2 0 1 1693 135 141 142
3283 4 2 0 1 1092 1293 1262 2159
3284 4 2 0 1 1165 2170 2093 2172
3285 4 2 0 1 2136 2107 2288 1613
3286 4 2 0 1 1932 40 1931 69
3287 4 2 0 1 2933 3001 3049 2170
3288 4 2 0 1 475 345 2864 1812
3289 4 2 0 1 1658 1757 155 1756
3290 4 2 0 1 138 1586 512 703
3291 4 2 0 1 3146 1468 2363 2428
3292 4 2 0 1 1954 2964 2855 2965
3293 4 2 0 1 2593 2964 2855 2854
3294 4 2 0 1 2495 2496 2678 2393
3295 4 2 0 1 2267 2133 833 2319
3296 4 2 0 1 1581 2850 3128 2556
3297 4 2 0 1 771 1805 1806 1789
3298 4 2 0 1 2593 1624 2855 2737
3299 4 2 0 1 1925 1922 2882 2455
3300 4 2 0 1 2905 2691 2907 2692
3301 4 2 0 1 1082 1104 1215 2184
3302 4 2 0 1 1839 1843 1777 1840
3303 4 2 0 1 1865 2876 2014 2800
3304 4 2 0 1 1598 1832 1956 1995
3305 4 2 0 1 2317 1953 2896 1544
3306 4 2 0 1 858 865 2277 2068
3307 4 2 0 1 1749 3001 2937 2925
3308 4 2 0 1 211 212 213 1762
3309 4 2 0 1 1858 618 235 1857
3310 4 2 0 1 1691 2485 2558 1737
3311 4 2 0 1 1530 2361 2548 3109
3312 4 2 0 1 1598 1763 1958 2681
3313 4 2 0 1 234 1858 335 2014
3314 4 2 0 1 1722 2581 2806 2543
3315 4 2 0 1 507 555 767 1671
3316 4 2 0 1 1883 1915 1538 2380
3317 4 2 0 1 2520 2359 2524 3110
3318 4 2 0 1 2273 2122 2316 2319
3319 4 2 0 1 832 2319 2274 2273
3320 4 2 0 1 456 716 1825 439
3321 4 2 0 1 695 417 1799 418
3322 4 2 0 1 2105 2106 2288 2107
3323 4 2 0 1 981 1105 2136 974
3324 4 2 0 1 1787 1574 1593 1788
3325 4 2 0 1 2283 2012 2326 2288
3326 4 2 0 1 1783 585 76 524
3327 4 2 0 1 2781 642 110 1967
3328 4 2 0 1 1753 149 152 151
3329 4 2 0 1 2909 3011 2288 3013
3330 4 2 0 1 132 2540 1596 2002
3331 4 2 0 1 568 1977 548 1998
3332 4 2 0 1 3190 2805 2341 2765
3333 4 2 0 1 2909 2987 2135 2136
3334 4 2 0 1 1595 3095 1651 2744
3335 4 2 0 1 1591 2343 2694 2340
3336 4 2 0 1 354 1480 1778 492
3337 4 2 0 1 1269 1354 2107 1105
3338 4 2 0 1 1443 1212 1213 2325
3339 4 2 0 1 1354 2161 2107 1105
3340 4 2 0 1 2136 2272 945 2135
3341 4 2 0 1 3025 3026 2054 3024
3342 4 2 0 1 1981 671 204 1683
3343 4 2 0 1 2981 3052 2821 3051
3344 4 2 0 1 3066 2282 2629 2291
3345 4 2 0 1 2364 3113 2482 2363
3346 4 2 0 1 3228 794 154 3218
3347 4 2 0 1 2243 1377 1149 1457
3348 4 2 0 1 794 3228 378 150
3349 4 2 0 1 2093 2172 2170 2933
3350 4 2 0 1 2987 2909 3206 2136
3351 4 2 0 1 2909 3011 3206 2288
3352 4 2 0 1 2238 2174 2208 2567
3353 4 2 0 1 103 1962 105 578
3354 4 2 0 1 1247 2294 1335 2033
3355 4 2 0 1 3018 2223 3067 2124
3356 4 2 0 1 2655 3176 2376 3122
3357 4 2 0 1 2180 2214 990 2221
3358 4 2 0 1 2987 3087 2320 2075
3359 4 2 0 1 2497 1504 1597 2392
3360 4 2 0 1 443 485 1878 444
3361 4 2 0 1 1894 761 87 523
3362 4 2 0 1 1938 245 747 20
3363 4 2 0 1 1195 2268 1767 2126
3364 4 2 0 1 2206 2182 2207 2144
3365 4 2 0 1 1195 1057 2268 2126
3366 4 2 0 1 1801 167 656 313
3367 4 2 0 1 1773 1735 2754 2753
3368 4 2 0 1 882 2104 3003 2278
3369 4 2 0 1 1057 2140 2268 2126
3370 4 2 0 1 727 182 1794 183
3371 4 2 0 1 2265 2117 2740 2259
3372 4 2 0 1 1798 103 1962 104
3373 4 2 0 1 153 3228 1832 3218
3374 4 2 0 1 2140 994 2752 2126
3375 4 2 0 1 1346 839 1742 1293
3376 4 2 0 1 317 248 737 1779
3377 4 2 0 1 1900 1669 1902 516
3378 4 2 0 1 2140 1057 994 2126
3379 4 2 0 1 2548 2584 1857 2875
3380 4 2 0 1 2781 642 1967 229
3381 4 2 0 1 153 3228 3218 794
3382 4 2 0 1 761 1894 28 77
3383 4 2 0 1 1772 2398 2846 2463
3384 4 2 0 1 145 1957 144 1956
3385 4 2 0 1 2697 1548 2898 2623
3386 4 2 0 1 794 3228 154 378
3387 4 2 0 1 2080 2083 1338 933
3388 4 2 0 1 1508 2650 3121 3122
3389 4 2 0 1 607 706 709 1746
3390 4 2 0 1 2642 1090 1217 1385
3391 4 2 0 1 2105 2193 1374 1441
3392 4 2 0 1 2186 1219 1220 1221
3393 4 2 0 1 298 299 301 1850
3394 4 2 0 1 2596 2147 2601 2109
3395 4 2 0 1 1003 1251 2139 2250
3396 4 2 0 1 2343 2699 2694 2872
3397 4 2 0 1 2391 1597 2499 2542
3398 4 2 0 1 2896 1953 2853 1544
3399 4 2 0 1 1163 2281 1052 2176
3400 4 2 0 1 2163 1549 1660 2098
3401 4 2 0 1 3029 2611 1896 2637
3402 4 2 0 1 2273 1233 920 2175
3403 4 2 0 1 2326 2283 2288 2908
3404 4 2 0 1 2262 1116 2738 2259
3405 4 2 0 1 2883 2884 2565 2506
3406 4 2 0 1 562 310 271 1645
3407 4 2 0 1 2105 2193 2288 3013
3408 4 2 0 1 2326 1990 2009 2727
3409 4 2 0 1 2305 2012 1613 2326
3410 4 2 0 1 2143 1380 1153 2184
3411 4 2 0 1 2106 2012 2288 2107
3412 4 2 0 1 2257 2209 2053 3015
3413 4 2 0 1 1748 2275 2222 2979
3414 4 2 0 1 2222 2275 1748 2981
3415 4 2 0 1 3074 2819 2271 3075
3416 4 2 0 1 2655 2370 2508 1506
3417 4 2 0 1 3177 2727 2908 3178
3418 4 2 0 1 1380 919 2184 2146
3419 4 2 0 1 2729 2011 2009 2326
3420 4 2 0 1 2144 1093 2146 1741
3421 4 2 0 1 2161 1354 1270 1105
3422 4 2 0 1 2142 1093 1070 2146
3423 4 2 0 1 1435 1380 1230 2146
3424 4 2 0 1 2273 2274 841 845
3425 4 2 0 1 1167 1002 2046 1426
3426 4 2 0 1 3030 875 879 3058
3427 4 2 0 1 573 3216 574 608
3428 4 2 0 1 860 2322 1242 2303
3429 4 2 0 1 1995 198 1746 553
3430 4 2 0 1 1709 1435 1230 2146
3431 4 2 0 1 1518 374 345 1885
3432 4 2 0 1 2465 1608 3137 3183
3433 4 2 0 1 346 1890 304 305
3434 4 2 0 1 1807 1903 2036 2860
3435 4 2 0 1 1233 3226 836 1290
3436 4 2 0 1 1851 299 302 457
3437 4 2 0 1 2346 2366 2367 1687
3438 4 2 0 1 2038 2611 2280 2279
3439 4 2 0 1 154 3224 637 3218
3440 4 2 0 1 2353 1471 2382 1620
3441 4 2 0 1 1058 1319 2268 2141
3442 4 2 0 1 1255 3219 2067 1256
3443 4 2 0 1 2485 1691 1473 1737
3444 4 2 0 1 2162 2641 2157 999
3445 4 2 0 1 1553 2510 2508 2880
3446 4 2 0 1 3162 1831 2868 1596
3447 4 2 0 1 2641 2616 2157 2155
3448 4 2 0 1 2441 2903 2369 2521
3449 4 2 0 1 2312 2272 2311 1455
3450 4 2 0 1 1669 158 292 293
3451 4 2 0 1 2375 2518 1507 3122
3452 4 2 0 1 3223 334 1753 1832
3453 4 2 0 1 1750 3081 2837 2310
3454 4 2 0 1 1279 963 2157 999
3455 4 2 0 1 3126 2497 2530 2392
3456 4 2 0 1 2641 1279 2157 999
3457 4 2 0 1 963 2203 2157 2155
3458 4 2 0 1 2015 2839 1752 2654
3459 4 2 0 1 2095 896 2137 3005
3460 4 2 0 1 145 1957 1956 1935
3461 4 2 0 1 2757 2759 3054 2756
3462 4 2 0 1 1160 1313 1712 10
3463 4 2 0 1 2203 2641 2157 2155
3464 4 2 0 1 1027 2114 2245 1088
3465 4 2 0 1 475 785 2864 701
3466 4 2 0 1 154 3224 3218 638
3467 4 2 0 1 2203 1279 963 2157
3468 4 2 0 1 3052 988 926 1031
3469 4 2 0 1 2992 2049 2198 2218
3470 4 2 0 1 1129 1424 1968 1120
3471 4 2 0 1 2841 2477 2564 1521
3472 4 2 0 1 1279 2203 2641 2157
3473 4 2 0 1 334 1683 439 1753
3474 4 2 0 1 2179 1234 2221 968
3475 4 2 0 1 3144 2564 3137 3136
3476 4 2 0 1 2650 3181 2880 3121
3477 4 2 0 1 1116 2738 2258 3035
3478 4 2 0 1 1558 2657 3084 2329
3479 4 2 0 1 525 3221 646 612
3480 4 2 0 1 612 646 1482 3221
3481 4 2 0 1 2328 2834 3048 2660
3482 4 2 0 1 2093 2172 2933 2112
3483 4 2 0 1 2419 2789 2422 1920
3484 4 2 0 1 1194 2204 1279 2178
3485 4 2 0 1 2186 2237 1220 2127
3486 4 2 0 1 2099 1398 2092 2090
3487 4 2 0 1 2337 2811 2568 2402
3488 4 2 0 1 2938 2475 2056 3069
3489 4 2 0 1 3020 2254 2270 2045
3490 4 2 0 1 1773 3040 2754 2772
3491 4 2 0 1 519 268 1769 195
3492 4 2 0 1 981 2193 1441 1326
3493 4 2 0 1 2304 1752 1747 2015
3494 4 2 0 1 3017 3016 2660 3048
3495 4 2 0 1 1324 1130 2168 1100
3496 4 2 0 1 2919 1782 3088 2749
3497 4 2 0 1 2204 1279 2178 2641
3498 4 2 0 1 1599 2940 2070 2937
3499 4 2 0 1 2224 2171 2223 3050
3500 4 2 0 1 2276 1272 2168 1022
3501 4 2 0 1 1950 3151 2469 2854
3502 4 2 0 1 955 2186 2187 2139
3503 4 2 0 1 2376 2647 2655 2650
3504 4 2 0 1 1279 2203 2178 2641
3505 4 2 0 1 368 3221 612 1481
3506 4 2 0 1 2333 56 1186 1781
3507 4 2 0 1 3060 2188 2942 2197
3508 4 2 0 1 1481 612 1482 3221
3509 4 2 0 1 1961 1905 161 634
3510 4 2 0 1 1052 1163 2176 1218
3511 4 2 0 1 2081 1218 2176 2993
3512 4 2 0 1 2122 2133 2121 3005
3513 4 2 0 1 1839 1843 1866 1777
3514 4 2 0 1 2850 2846 2555 2398
3515 4 2 0 1 893 2236 902 2156
3516 4 2 0 1 2993 1302 1462 984
3517 4 2 0 1 3055 1896 2178 3056
3518 4 2 0 1 1618 2585 2740 2265
3519 4 2 0 1 2728 1990 2331 2900
3520 4 2 0 1 972 2993 1330 984
3521 4 2 0 1 2957 1953 2989 2955
3522 4 2 0 1 960 2140 961 994
3523 4 2 0 1 2811 2570 3133 2568
3524 4 2 0 1 2990 3059 2189 3057
3525 4 2 0 1 1496 3190 2845 3108
3526 4 2 0 1 154 3224 638 595
3527 4 2 0 1 2196 1017 2187 2176
3528 4 2 0 1 166 168 1803 170
3529 4 2 0 1 1680 1685 1688 1686
3530 4 2 0 1 1793 1792 2686 2861
3531 4 2 0 1 1017 972 2187 2176
3532 4 2 0 1 2993 2139 973 2187
3533 4 2 0 1 1039 1035 2181 2183
3534 4 2 0 1 2932 862 901 864
3535 4 2 0 1 1782 2869 1783 1833
3536 4 2 0 1 3207 2478 2659 3169
3537 4 2 0 1 3072 2614 2760 3173
3538 4 2 0 1 2942 2199 2198 2922
3539 4 2 0 1 2133 1175 3005 2067
3540 4 2 0 1 2041 2314 3019 2315
3541 4 2 0 1 2268 2755 3038 2711
3542 4 2 0 1 794 3218 638 154
3543 4 2 0 1 3224 3214 557 558
3544 4 2 0 1 854 2302 852 1376
3545 4 2 0 1 2220 907 2297 2296
3546 4 2 0 1 1766 1765 1768 2555
3547 4 2 0 1 2712 2972 2973 3185
3548 4 2 0 1 2283 2105 2209 2106
3549 4 2 0 1 2586 1621 2381 2605
3550 4 2 0 1 1613 2727 2908 3206
3551 4 2 0 1 248 250 1779 317
3552 4 2 0 1 2106 2730 2283 2066
3553 4 2 0 1 2930 2923 3194 3191
3554 4 2 0 1 196 3214 1746 594
3555 4 2 0 1 3094 2371 3115 2372
3556 4 2 0 1 69 89 643 2889
3557 4 2 0 1 2288 2326 2908 1613
3558 4 2 0 1 1122 2135 941 2075
3559 4 2 0 1 1041 2105 1145 2106
3560 4 2 0 1 2685 2705 2686 1580
3561 4 2 0 1 2908 1811 3205 3206
3562 4 2 0 1 558 645 790 3214
3563 4 2 0 1 2053 3059 2257 3015
3564 4 2 0 1 3012 3011 3015 3014
3565 4 2 0 1 3019 3017 3207 1609
3566 4 2 0 1 2220 2296 2297 2330
3567 4 2 0 1 1556 1828 1754 1921
3568 4 2 0 1 3010 882 2278 1164
3569 4 2 0 1 2086 2147 2601 1084
3570 4 2 0 1 3085 2656 3182 2731
3571 4 2 0 1 2298 2851 2299 2330
3572 4 2 0 1 2660 997 2124 2110
3573 4 2 0 1 2656 2325 2301 2731
3574 4 2 0 1 2169 2330 1773 2622
3575 4 2 0 1 469 335 527 2807
3576 4 2 0 1 2851 2166 2989 2894
3577 4 2 0 1 2418 1489 2805 3089
3578 4 2 0 1 1550 3091 2916 2624
3579 4 2 0 1 2121 842 1175 2133
3580 4 2 0 1 257 665 1482 260
3581 4 2 0 1 1708 1830 2800 613
3582 4 2 0 1 2192 1091 989 1012
3583 4 2 0 1 2166 2299 2989 2077
3584 4 2 0 1 2868 1831 3162 2867
3585 4 2 0 1 2713 1196 1728 1197
3586 4 2 0 1 2652 2651 2653 2808
3587 4 2 0 1 1137 2257 2286 3015
3588 4 2 0 1 46 1826 2016 1028
3589 4 2 0 1 2948 2941 3069 3070
3590 4 2 0 1 1178 1114 2750 1119
3591 4 2 0 1 270 1810 1676 1645
3592 4 2 0 1 2702 2724 2725 3155
3593 4 2 0 1 1114 1178 2750 1402
3594 4 2 0 1 2987 1122 2136 2160
3595 4 2 0 1 1953 2097 2231 2319
3596 4 2 0 1 1324 2232 2168 1130
3597 4 2 0 1 1086 827 2231 1351
3598 4 2 0 1 138 1704 623 746
3599 4 2 0 1 335 1858 2807 2014
3600 4 2 0 1 2697 1983 1591 2694
3601 4 2 0 1 2873 2007 1492 2439
3602 4 2 0 1 1713 442 2034 2360
3603 4 2 0 1 2868 1831 1572 1596
3604 4 2 0 1 531 1588 2538 372
3605 4 2 0 1 161 641 2035 626
3606 4 2 0 1 3227 1724 668 263
3607 4 2 0 1 2144 1741 2146 1711
3608 4 2 0 1 1623 1947 2029 7
3609 4 2 0 1 196 197 198 1746
3610 4 2 0 1 3227 668 778 263
3611 4 2 0 1 36 2462 1728 1928
3612 4 2 0 1 3227 1724 263 1482
3613 4 2 0 1 2809 1924 2732 2808
3614 4 2 0 1 1672 1924 2808 2732
3615 4 2 0 1 2425 2761 2763 1485
3616 4 2 0 1 804 1334 1877 1187
3617 4 2 0 1 629 717 414 1974
3618 4 2 0 1 3064 2942 2922 3199
3619 4 2 0 1 71 685 1623 7
3620 4 2 0 1 2941 2948 2921 3070
3621 4 2 0 1 3175 2636 1637 2794
3622 4 2 0 1 2215 1060 1050 1061
3623 4 2 0 1 2055 2941 3070 2248
3624 4 2 0 1 2697 2626 2623 2898
3625 4 2 0 1 1127 1822 1375 1315
3626 4 2 0 1 2257 2209 3015 1320
3627 4 2 0 1 2069 3202 2921 2977
3628 4 2 0 1 2282 2292 2287 2290
3629 4 2 0 1 2804 2588 2597 2599
3630 4 2 0 1 2870 1587 2892 2200
3631 4 2 0 1 1460 2208 1198 1298
3632 4 2 0 1 2262 1116 2259 1429
3633 4 2 0 1 2265 1246 2259 2258
3634 4 2 0 1 2162 2641 3047 3046
3635 4 2 0 1 682 3220 580 599
3636 4 2 0 1 2123 2216 2982 2108
3637 4 2 0 1 2412 2633 1941 2916
3638 4 2 0 1 1246 2265 2259 2117
3639 4 2 0 1 387 1685 1680 1863
3640 4 2 0 1 2455 2452 2427 1707
3641 4 2 0 1 1238 2060 1239 2134
3642 4 2 0 1 2030 2117 823 2259
3643 4 2 0 1 2153 2152 3010 3002
3644 4 2 0 1 2761 2425 3107 1485
3645 4 2 0 1 804 1445 1877 1391
3646 4 2 0 1 1931 69 643 2889
3647 4 2 0 1 2113 2030 823 2259
3648 4 2 0 1 204 202 205 1958
3649 4 2 0 1 2707 2252 1510 1929
3650 4 2 0 1 2208 1464 1198 1298
3651 4 2 0 1 1097 999 2204 2162
3652 4 2 0 1 2275 2821 2822 2474
3653 4 2 0 1 779 151 653 1753
3654 4 2 0 1 2195 895 1449 1231
3655 4 2 0 1 2969 3004 1953 2955
3656 4 2 0 1 2279 1822 2280 1126
3657 4 2 0 1 3204 3002 2946 2944
3658 4 2 0 1 596 2452 1701 1702
3659 4 2 0 1 653 1753 156 779
3660 4 2 0 1 2050 2189 3057 2990
3661 4 2 0 1 2941 2055 3070 2921
3662 4 2 0 1 1223 3226 2175 1043
3663 4 2 0 1 2958 2960 2955 2968
3664 4 2 0 1 2031 1942 774 1688
3665 4 2 0 1 1861 459 438 723
3666 4 2 0 1 511 2018 2733 2019
3667 4 2 0 1 1685 504 386 1688
3668 4 2 0 1 2961 2856 2774 2102
3669 4 2 0 1 496 1783 1781 2031
3670 4 2 0 1 141 1957 1739 1693
3671 4 2 0 1 1522 2565 3169 3212
3672 4 2 0 1 688 170 1777 593
3673 4 2 0 1 1925 1515 2799 2798
3674 4 2 0 1 2639 2032 26 2279
3675 4 2 0 1 5 510 2019 6
3676 4 2 0 1 1043 3226 838 841
3677 4 2 0 1 2639 1893 2279 27
3678 4 2 0 1 27 26 801 2279
3679 4 2 0 1 1490 1717 1912 1911
3680 4 2 0 1 2160 2161 2136 1613
3681 4 2 0 1 1508 2880 2373 3119
3682 4 2 0 1 2639 26 27 2279
3683 4 2 0 1 890 2156 1231 2195
3684 4 2 0 1 1773 2151 2169 2467
3685 4 2 0 1 2930 3201 2923 3191
3686 4 2 0 1 1771 2555 1737 2558
3687 4 2 0 1 545 1799 1825 695
3688 4 2 0 1 1801 313 656 501
3689 4 2 0 1 2152 3003 3010 877
3690 4 2 0 1 1043 3226 1290 838
3691 4 2 0 1 2111 2129 2328 2660
3692 4 2 0 1 1608 2465 3137 2566
3693 4 2 0 1 2987 1613 2136 3206
3694 4 2 0 1 2180 2179 989 2192
3695 4 2 0 1 2288 1613 2908 3206
3696 4 2 0 1 2322 2977 2323 2045
3697 4 2 0 1 3087 2332 2331 2900
3698 4 2 0 1 3012 2286 3021 3059
3699 4 2 0 1 2012 2305 1613 2107
3700 4 2 0 1 2012 2107 1613 2288
3701 4 2 0 1 1043 3226 2175 1290
3702 4 2 0 1 819 2305 1428 1045
3703 4 2 0 1 1722 2581 2543 2536
3704 4 2 0 1 2186 2139 2189 2187
3705 4 2 0 1 1961 2536 2539 2537
3706 4 2 0 1 2242 1748 2980 2072
3707 4 2 0 1 1259 2114 3219 1260
3708 4 2 0 1 2287 2630 2289 2918
3709 4 2 0 1 2101 2297 2298 2330
3710 4 2 0 1 2831 3194 2837 2830
3711 4 2 0 1 2911 2120 3024 3022
3712 4 2 0 1 1541 2318 2230 2598
3713 4 2 0 1 2972 2973 2472 3208
3714 4 2 0 1 2213 2210 2211 1053
3715 4 2 0 1 2536 1961 2539 2035
3716 4 2 0 1 136 1962 1997 698
3717 4 2 0 1 1732 2335 2337 1241
3718 4 2 0 1 1617 2603 2696 2669
3719 4 2 0 1 272 1939 1676 274
3720 4 2 0 1 1257 1259 3219 1260
3721 4 2 0 1 2960 3186 2965 3063
3722 4 2 0 1 2114 1312 3219 1260
3723 4 2 0 1 2660 997 2110 1322
3724 4 2 0 1 2190 2139 2250 2189
3725 4 2 0 1 2330 2852 3008 2470
3726 4 2 0 1 2911 2988 937 2913
3727 4 2 0 1 1344 1268 2196 1249
3728 4 2 0 1 2993 972 973 984
3729 4 2 0 1 3225 3214 645 318
3730 4 2 0 1 2325 2656 2301 2016
3731 4 2 0 1 2602 2206 2144 1711
3732 4 2 0 1 1903 1849 2036 2861
3733 4 2 0 1 2729 2825 3082 2310
3734 4 2 0 1 376 375 632 2488
3735 4 2 0 1 1956 147 1832 146
3736 4 2 0 1 2825 1750 2837 2310
3737 4 2 0 1 2106 2011 2066 2283
3738 4 2 0 1 624 1756 479 2681
3739 4 2 0 1 549 1690 1738 1730
3740 4 2 0 1 1564 2497 1788 1597
3741 4 2 0 1 3040 3042 2151 1773
3742 4 2 0 1 2352 2354 2382 1891
3743 4 2 0 1 1015 2112 1236 1237
3744 4 2 0 1 2011 2012 2326 2283
3745 4 2 0 1 1592 1594 2899 2349
3746 4 2 0 1 2106 2011 2283 2012
3747 4 2 0 1 2283 2012 2288 2106
3748 4 2 0 1 2895 2122 2317 3006
3749 4 2 0 1 963 964 2157 999
3750 4 2 0 1 858 2976 2277 1274
3751 4 2 0 1 2305 1054 2244 2161
3752 4 2 0 1 356 1853 2378 358
3753 4 2 0 1 1915 1800 1539 1979
3754 4 2 0 1 2243 1131 2324 1418
3755 4 2 0 1 3225 190 1769 318
3756 4 2 0 1 883 3058 2227 2929
3757 4 2 0 1 2792 2776 1917 1635
3758 4 2 0 1 2630 2291 3076 1659
3759 4 2 0 1 2650 1887 1556 2646
3760 4 2 0 1 3214 1769 318 3225
3761 4 2 0 1 1862 1713 2662 2532
3762 4 2 0 1 556 425 1769 482
3763 4 2 0 1 364 155 135 1658
3764 4 2 0 1 3007 1169 880 884
3765 4 2 0 1 1720 2676 1577 1913
3766 4 2 0 1 2122 2133 3005 2319
3767 4 2 0 1 1482 260 383 262
3768 4 2 0 1 2708 2820 1747 2657
3769 4 2 0 1 2364 2501 2524 2395
3770 4 2 0 1 2451 2450 1997 2539
3771 4 2 0 1 2214 2897 1955 2137
3772 4 2 0 1 2680 1708 1589 2800
3773 4 2 0 1 2777 393 396 395
3774 4 2 0 1 3214 1769 3225 194
3775 4 2 0 1 190 3225 645 318
3776 4 2 0 1 2834 3156 2836 3084
3777 4 2 0 1 2643 2647 1506 2645
3778 4 2 0 1 283 315 569 1847
3779 4 2 0 1 2656 3182 2657 2329
3780 4 2 0 1 1499 1648 2814 2759
3781 4 2 0 1 3085 2656 2731 2325
3782 4 2 0 1 1090 2306 2126 1275
3783 4 2 0 1 1679 2786 2420 2432
3784 4 2 0 1 2497 3126 1523 2392
3785 4 2 0 1 1258 1312 2067 1353
3786 4 2 0 1 1627 2340 2766 2432
3787 4 2 0 1 2344 2628 3076 3077
3788 4 2 0 1 1484 2748 2419 2339
3789 4 2 0 1 2893 2235 2145 2249
3790 4 2 0 1 1520 2841 2842 3145
3791 4 2 0 1 1485 2541 3107 2358
3792 4 2 0 1 101 102 103 1905
3793 4 2 0 1 1905 1515 2035 2024
3794 4 2 0 1 2720 1736 2721 2722
3795 4 2 0 1 1633 2419 2748 2339
3796 4 2 0 1 1633 2748 2419 1851
3797 4 2 0 1 2863 1810 1966 2004
3798 4 2 0 1 1572 1831 2868 2867
3799 4 2 0 1 543 3217 1799 541
3800 4 2 0 1 1914 179 178 1559
3801 4 2 0 1 2877 2390 2531 2532
3802 4 2 0 1 1202 3041 1446 1392
3803 4 2 0 1 2638 2682 2677 2685
3804 4 2 0 1 541 542 3217 540
3805 4 2 0 1 1306 1139 1231 2065
3806 4 2 0 1 768 3217 1825 1799
3807 4 2 0 1 2355 2891 2734 2669
3808 4 2 0 1 2414 1548 2294 2898
3809 4 2 0 1 2380 1915 1539 1979
3810 4 2 0 1 705 1805 1770 1806
3811 4 2 0 1 1485 2541 2425 3107
3812 4 2 0 1 1859 1571 1593 440
3813 4 2 0 1 1667 1596 1694 134
3814 4 2 0 1 1579 1903 1807 2860
3815 4 2 0 1 1859 2534 1593 2389
3816 4 2 0 1 2493 2491 3125 2542
3817 4 2 0 1 1909 1690 2489 1910
3818 4 2 0 1 3224 1746 153 709
3819 4 2 0 1 2603 1644 2733 288
3820 4 2 0 1 2716 3027 2828 1811
3821 4 2 0 1 2196 872 2198 2197
3822 4 2 0 1 2774 2971 3209 3203
3823 4 2 0 1 1918 312 311 1868
3824 4 2 0 1 1342 2085 1117 2084
3825 4 2 0 1 2917 3088 2240 3044
3826 4 2 0 1 2011 1121 2066 1401
3827 4 2 0 1 577 1625 614 693
3828 4 2 0 1 2666 1594 2890 2350
3829 4 2 0 1 1662 1663 1892 2356
3830 4 2 0 1 676 1973 438 765
3831 4 2 0 1 3134 2504 2573 2461
3832 4 2 0 1 1940 1906 2699 1959
3833 4 2 0 1 2707 38 1927 736
3834 4 2 0 1 1568 2671 1959 2890
3835 4 2 0 1 1700 490 713 690
3836 4 2 0 1 2970 3203 2971 2974
3837 4 2 0 1 1952 2113 2228 2230
3838 4 2 0 1 154 3224 595 637
3839 4 2 0 1 2018 502 2741 1623
3840 4 2 0 1 2665 3196 2890 2350
3841 4 2 0 1 74 1765 770 2558
3842 4 2 0 1 1332 1401 2066 1121
3843 4 2 0 1 2906 1974 2873 2007
3844 4 2 0 1 3163 2502 2907 2692
3845 4 2 0 1 557 3224 558 709
3846 4 2 0 1 1654 2352 1891 1560
3847 4 2 0 1 1684 1967 1865 1740
3848 4 2 0 1 2076 2411 2406 1474
3849 4 2 0 1 3221 1480 1481 1868
3850 4 2 0 1 1976 798 1998 1864
3851 4 2 0 1 2633 1963 1546 546
3852 4 2 0 1 1963 1475 2788 2633
3853 4 2 0 1 1878 485 1663 1892
3854 4 2 0 1 1713 444 2662 796
3855 4 2 0 1 132 2540 2002 130
3856 4 2 0 1 2337 2465 2711 2710
3857 4 2 0 1 485 1663 330 592
3858 4 2 0 1 1729 1806 2860 1789
3859 4 2 0 1 557 3224 709 1746
3860 4 2 0 1 750 566 1652 635
3861 4 2 0 1 709 3224 558 638
3862 4 2 0 1 1506 2648 2507 1528
3863 4 2 0 1 1878 444 1892 2662
3864 4 2 0 1 2662 2348 2675 2351
3865 4 2 0 1 1590 2584 3109 2875
3866 4 2 0 1 1830 1530 2002 3162
3867 4 2 0 1 3001 2924 3204 2170
3868 4 2 0 1 140 740 2449 603
3869 4 2 0 1 585 1781 55 564
3870 4 2 0 1 2218 3064 2922 2976
3871 4 2 0 1 2533 2493 2361 1516
3872 4 2 0 1 1804 1863 1633 2421
3873 4 2 0 1 2902 2131 1061 3035
3874 4 2 0 1 694 798 1977 1976
3875 4 2 0 1 684 2042 41 42
3876 4 2 0 1 1830 2449 2002 1530
3877 4 2 0 1 1438 1002 1121 2066
3878 4 2 0 1 2544 1812 2549 2864
3879 4 2 0 1 1590 2807 2875 2014
3880 4 2 0 1 695 545 152 1825
3881 4 2 0 1 125 486 127 1682
3882 4 2 0 1 2357 2533 2361 1516
3883 4 2 0 1 3223 334 1832 458
3884 4 2 0 1 1530 2548 2875 3109
3885 4 2 0 1 2522 3097 1570 3166
3886 4 2 0 1 1042 1300 1121 2106
3887 4 2 0 1 1793 2664 1559 3188
3888 4 2 0 1 3223 334 458 493
3889 4 2 0 1 2492 2868 2542 3161
3890 4 2 0 1 1981 1995 1958 1956
3891 4 2 0 1 345 375 1518 1812
3892 4 2 0 1 468 23 1936 799
3893 4 2 0 1 2493 2548 1526 2547
3894 4 2 0 1 1643 2784 2404 3142
3895 4 2 0 1 639 1832 3223 3228
3896 4 2 0 1 1667 133 134 135
3897 4 2 0 1 323 1995 1683 1832
3898 4 2 0 1 1730 1731 1732 2335
3899 4 2 0 1 1817 2679 1715 2689
3900 4 2 0 1 1770 1880 184 1603
3901 4 2 0 1 2124 2660 3017 2980
3902 4 2 0 1 2529 2533 1468 2528
3903 4 2 0 1 2924 2927 3201 3199
3904 4 2 0 1 3138 3140 2404 3116
3905 4 2 0 1 1749 3156 2834 2937
3906 4 2 0 1 2655 2370 3122 2508
3907 4 2 0 1 2342 2034 1592 2899
3908 4 2 0 1 1735 2407 2815 2814
3909 4 2 0 1 1631 724 529 1721
3910 4 2 0 1 1057 1090 994 2126
3911 4 2 0 1 1811 2988 3206 2320
3912 4 2 0 1 435 1671 767 1675
3913 4 2 0 1 2632 3117 1673 2516
3914 4 2 0 1 2761 2454 2764 1485
3915 4 2 0 1 639 738 3223 458
3916 4 2 0 1 2703 2689 1580 1756
3917 4 2 0 1 1659 2769 1637 3198
3918 4 2 0 1 2817 2816 1537 1745
3919 4 2 0 1 3098 3166 3099 2531
3920 4 2 0 1 3197 2794 2631 1637
3921 4 2 0 1 2333 2028 1781 1782
3922 4 2 0 1 2647 2655 2508 1506
3923 4 2 0 1 1942 2920 1941 2633
3924 4 2 0 1 2777 391 1912 1689
3925 4 2 0 1 2367 2582 3093 3115
3926 4 2 0 1 2405 2512 2518 2403
3927 4 2 0 1 1564 2497 2530 2390
3928 4 2 0 1 563 1636 2558 1692
3929 4 2 0 1 2670 3098 2890 3196
3930 4 2 0 1 2279 1822 1126 1895
3931 4 2 0 1 1356 1171 1427 2123
3932 4 2 0 1 2259 824 823 2113
3933 4 2 0 1 678 796 1987 2662
3934 4 2 0 1 1841 1839 1855 406
3935 4 2 0 1 2276 2041 3019 1558
3936 4 2 0 1 793 469 734 2807
3937 4 2 0 1 2296 907 2297 2169
3938 4 2 0 1 2039 903 1281 1280
3939 4 2 0 1 1135 2123 1356 1427
3940 4 2 0 1 2540 1517 3162 2362
3941 4 2 0 1 2007 1492 2439 2442
3942 4 2 0 1 1678 1851 2420 1681
3943 4 2 0 1 2431 3115 3114 3148
3944 4 2 0 1 1592 1594 2349 1466
3945 4 2 0 1 1590 2875 1830 2800
3946 4 2 0 1 2742 2307 2741 1629
3947 4 2 0 1 260 1724 1482 257
3948 4 2 0 1 1567 2674 3106 1573
3949 4 2 0 1 2353 1629 2381 2605
3950 4 2 0 1 1724 3216 1478 789
3951 4 2 0 1 1647 489 29 1768
3952 4 2 0 1 1773 2754 1735 2470
3953 4 2 0 1 2609 2032 2683 2279
3954 4 2 0 1 2607 2612 2597 2595
3955 4 2 0 1 3195 2398 1632 2556
3956 4 2 0 1 178 1914 1559 1898
3957 4 2 0 1 2784 2722 1674 2409
3958 4 2 0 1 2802 2602 2596 2803
3959 4 2 0 1 1617 2626 2669 2696
3960 4 2 0 1 2878 728 2459 560
3961 4 2 0 1 364 1658 1703 1757
3962 4 2 0 1 1724 3216 789 264
3963 4 2 0 1 146 147 1832 148
3964 4 2 0 1 1118 2750 2240 2027
3965 4 2 0 1 782 1669 116 1900
3966 4 2 0 1 2415 1477 1939 1779
3967 4 2 0 1 1937 2040 1968 2039
3968 4 2 0 1 2612 1541 1540 2619
3969 4 2 0 1 1756 1605 1758 1757
3970 4 2 0 1 2622 1773 2169 2467
3971 4 2 0 1 2344 2628 3092 3094
3972 4 2 0 1 763 3216 264 789
3973 4 2 0 1 1894 1893 28 1768
3974 4 2 0 1 1731 1690 2457 1730
3975 4 2 0 1 818 2812 1340 1732
3976 4 2 0 1 643 1934 2889 2459
3977 4 2 0 1 2449 128 2362 1881
3978 4 2 0 1 2577 3171 3122 3120
3979 4 2 0 1 84 776 767 1675
3980 4 2 0 1 975 974 945 2136
3981 4 2 0 1 2011 1401 812 1045
3982 4 2 0 1 2586 2307 2266 2585
3983 4 2 0 1 3031 3032 3057 2915
3984 4 2 0 1 30 1765 31 74
3985 4 2 0 1 2586 2266 2307 2381
3986 4 2 0 1 377 1885 1884 2878
3987 4 2 0 1 2313 827 1351 2231
3988 4 2 0 1 1572 1831 1694 1596
3989 4 2 0 1 2783 2514 1674 3142
3990 4 2 0 1 3042 3040 2752 3039
3991 4 2 0 1 2356 1964 1892 1662
3992 4 2 0 1 1466 2345 2531 2532
3993 4 2 0 1 993 2151 1192 943
3994 4 2 0 1 2641 2620 3056 3046
3995 4 2 0 1 188 1770 1769 187
3996 4 2 0 1 1466 2345 2532 1592
3997 4 2 0 1 563 1692 2558 536
3998 4 2 0 1 1587 2383 2818 1845
3999 4 2 0 1 2816 1897 1898 1537
4000 4 2 0 1 2723 2722 2247 2782
4001 4 2 0 1 593 1744 1866 176
4002 4 2 0 1 1993 1672 1833 1671
4003 4 2 0 1 529 2452 1631 1707
4004 4 2 0 1 2580 2364 2501 2692
4005 4 2 0 1 2530 2877 3110 2494
4006 4 2 0 1 672 750 566 1652
4007 4 2 0 1 2748 457 1851 1633
4008 4 2 0 1 102 100 1701 1905
4009 4 2 0 1 2041 817 1324 1273
4010 4 2 0 1 3 534 667 1677
4011 4 2 0 1 2461 3131 2504 2397
4012 4 2 0 1 110 115 1684 1967
4013 4 2 0 1 2845 3190 2797 2423
4014 4 2 0 1 3131 3133 2397 2461
4015 4 2 0 1 2355 2891 2669 2668
4016 4 2 0 1 2869 1916 2644 3175
4017 4 2 0 1 947 948 971 2225
4018 4 2 0 1 2009 1990 2305 1991
4019 4 2 0 1 2782 2783 3142 2285
4020 4 2 0 1 2987 3087 2075 2160
4021 4 2 0 1 971 1013 3211 1147
4022 4 2 0 1 2525 1511 2521 2524
4023 4 2 0 1 1398 2089 1425 2100
4024 4 2 0 1 2494 3125 2363 2524
4025 4 2 0 1 3182 1557 1524 2661
4026 4 2 0 1 1511 2524 2501 2500
4027 4 2 0 1 1382 2281 1274 2277
4028 4 2 0 1 2252 2883 1510 1929
4029 4 2 0 1 3111 2494 2363 2524
4030 4 2 0 1 2561 2563 1474 2411
4031 4 2 0 1 2591 3151 3174 1622
4032 4 2 0 1 3139 2512 2513 2403
4033 4 2 0 1 2751 3042 3053 3054
4034 4 2 0 1 1477 3216 1478 1724
4035 4 2 0 1 1434 882 1164 2278
4036 4 2 0 1 480 692 2010 758
4037 4 2 0 1 2574 1507 3176 1505
4038 4 2 0 1 347 1890 1626 1625
4039 4 2 0 1 1133 3215 2175 1135
4040 4 2 0 1 2533 2529 2357 2389
4041 4 2 0 1 1134 1095 1150 3215
4042 4 2 0 1 2885 2884 2506 2504
4043 4 2 0 1 3106 2745 2663 2556
4044 4 2 0 1 202 2688 690 205
4045 4 2 0 1 1971 2546 2867 1578
4046 4 2 0 1 2393 1720 1705 1566
4047 4 2 0 1 2573 2570 3133 2397
4048 4 2 0 1 1812 2864 1856 2549
4049 4 2 0 1 1578 2843 2006 1739
4050 4 2 0 1 2076 1630 2747 3103
4051 4 2 0 1 1474 2561 2403 2563
4052 4 2 0 1 1974 1854 647 414
4053 4 2 0 1 2616 2641 2467 2155
4054 4 2 0 1 2561 1661 2410 1474
4055 4 2 0 1 1894 26 87 27
4056 4 2 0 1 2454 2761 3107 1485
4057 4 2 0 1 1485 3108 2454 2764
4058 4 2 0 1 2501 2500 1933 1505
4059 4 2 0 1 2315 2205 2246 3061
4060 4 2 0 1 1736 2842 2724 2840
4061 4 2 0 1 1625 464 1868 349
4062 4 2 0 1 2975 2971 2972 2973
4063 4 2 0 1 389 774 1695 524
4064 4 2 0 1 1520 1502 2564 3134
4065 4 2 0 1 2429 2766 2338 2744
4066 4 2 0 1 2520 1570 3099 1573
4067 4 2 0 1 1528 2370 2507 1506
4068 4 2 0 1 2724 2702 2840 1755
4069 4 2 0 1 1661 2486 3106 1573
4070 4 2 0 1 2388 1566 2499 1705
4071 4 2 0 1 1479 754 1778 1480
4072 4 2 0 1 504 1668 505 1695
4073 4 2 0 1 1876 1875 1563 1719
4074 4 2 0 1 2375 2518 2366 1509
4075 4 2 0 1 1222 2160 2075 3087
4076 4 2 0 1 2912 3059 3024 2991
4077 4 2 0 1 2069 859 2976 2068
4078 4 2 0 1 2728 1990 2900 2727
4079 4 2 0 1 2953 3203 2064 3157
4080 4 2 0 1 1911 1495 2797 2423
4081 4 2 0 1 390 1685 387 1863
4082 4 2 0 1 1659 3117 3116 2372
4083 4 2 0 1 1804 1490 1863 2421
4084 4 2 0 1 631 111 108 1670
4085 4 2 0 1 1484 2424 2416 2418
4086 4 2 0 1 1650 1870 2762 2445
4087 4 2 0 1 2460 3136 2568 3134
4088 4 2 0 1 2815 2076 2747 3150
4089 4 2 0 1 3215 1299 2108 1077
4090 4 2 0 1 2952 2063 3069 3068
4091 4 2 0 1 2339 1490 2421 2435
4092 4 2 0 1 2444 1863 1490 2421
4093 4 2 0 1 1170 895 1348 2235
4094 4 2 0 1 1039 2181 1035 1297
4095 4 2 0 1 2343 1591 2624 2340
4096 4 2 0 1 2444 1863 2421 1491
4097 4 2 0 1 26 1126 801 2279
4098 4 2 0 1 2076 2411 2815 2406
4099 4 2 0 1 2894 3045 2167 3083
4100 4 2 0 1 3046 3213 3056 3074
4101 4 2 0 1 2036 2819 2271 2609
4102 4 2 0 1 243 705 434 1770
4103 4 2 0 1 2116 2083 933 3022
4104 4 2 0 1 2434 2433 2430 2635
4105 4 2 0 1 1878 1564 1593 2390
4106 4 2 0 1 1987 2349 2662 2899
4107 4 2 0 1 2253 2269 2211 2254
4108 4 2 0 1 2749 3086 2769 3179
4109 4 2 0 1 2430 1679 3147 2786
4110 4 2 0 1 2820 2276 3048 1558
4111 4 2 0 1 3045 2894 2468 3083
4112 4 2 0 1 1909 1885 1910 2489
4113 4 2 0 1 923 2074 1289 2243
4114 4 2 0 1 2977 2057 2946 2978
4115 4 2 0 1 2153 2152 878 3003
4116 4 2 0 1 1059 1398 1060 2092
4117 4 2 0 1 2165 1111 1245 2164
4118 4 2 0 1 1443 1213 2324 2325
4119 4 2 0 1 2958 2959 2254 3020
4120 4 2 0 1 1679 2434 2430 2635
4121 4 2 0 1 2672 3139 1643 1474
4122 4 2 0 1 3201 2931 2054 3199
4123 4 2 0 1 3139 2563 1643 1474
4124 4 2 0 1 1884 753 1885 373
4125 4 2 0 1 2368 3096 2440 1528
4126 4 2 0 1 2160 2244 1271 1270
4127 4 2 0 1 381 47 1828 1754
4128 4 2 0 1 2368 3096 1528 2431
4129 4 2 0 1 376 1636 2488 700
4130 4 2 0 1 2272 2193 2136 974
4131 4 2 0 1 2226 3080 2301 3211
4132 4 2 0 1 1303 1251 2250 1253
4133 4 2 0 1 1299 1321 3215 2108
4134 4 2 0 1 632 376 2488 700
4135 4 2 0 1 2552 1578 2006 2550
4136 4 2 0 1 1774 2964 2466 2854
4137 4 2 0 1 1455 2272 2311 2115
4138 4 2 0 1 3215 1299 1077 1095
4139 4 2 0 1 2439 3096 2440 2368
4140 4 2 0 1 1556 2650 2646 2654
4141 4 2 0 1 541 652 538 1602
4142 4 2 0 1 2566 1608 2567 3169
4143 4 2 0 1 2226 3080 3211 2986
4144 4 2 0 1 2451 2450 3109 1997
4145 4 2 0 1 2154 1378 1118 2240
4146 4 2 0 1 3030 885 875 2227
4147 4 2 0 1 1591 1548 2412 2414
4148 4 2 0 1 3003 878 966 912
4149 4 2 0 1 1590 2584 2875 2807
4150 4 2 0 1 1151 2993 1218 1393
4151 4 2 0 1 562 271 610 1645
4152 4 2 0 1 1564 2675 2497 2390
4153 4 2 0 1 2230 2263 1540 1948
4154 4 2 0 1 1694 1831 1572 2867
4155 4 2 0 1 2804 2588 2599 2149
4156 4 2 0 1 2761 1922 2455 2882
4157 4 2 0 1 1816 2699 2693 2696
4158 4 2 0 1 2896 2122 2317 2895
4159 4 2 0 1 1860 112 2781 114
4160 4 2 0 1 223 224 225 1824
4161 4 2 0 1 837 2274 838 836
4162 4 2 0 1 1247 2294 2033 1547
4163 4 2 0 1 1690 1691 2457 2490
4164 4 2 0 1 2132 3034 3100 3101
4165 4 2 0 1 2811 2401 3133 2457
4166 4 2 0 1 3177 1811 1611 2908
4167 4 2 0 1 2714 2651 2653 2652
4168 4 2 0 1 2074 1751 2830 2986
4169 4 2 0 1 937 1248 2119 2911
4170 4 2 0 1 3148 2776 2790 2791
4171 4 2 0 1 1696 2869 3175 1916
4172 4 2 0 1 2811 1731 2401 2457
4173 4 2 0 1 2076 1630 3103 1474
4174 4 2 0 1 1417 1335 1978 1677
4175 4 2 0 1 1585 2399 2464 2460
4176 4 2 0 1 2671 2675 2356 1892
4177 4 2 0 1 1403 1809 1938 2017
4178 4 2 0 1 1938 620 21 20
4179 4 2 0 1 1417 1335 1089 1978
4180 4 2 0 1 2968 3063 2960 2965
4181 4 2 0 1 2516 1673 2999 2719
4182 4 2 0 1 1379 1423 2298 2101
4183 4 2 0 1 2965 2968 2855 2960
4184 4 2 0 1 2160 2161 2244 1270
4185 4 2 0 1 1888 1755 3165 3155
4186 4 2 0 1 2727 1811 2908 3206
4187 4 2 0 1 2715 1612 2726 3155
4188 4 2 0 1 2405 3171 3141 3132
4189 4 2 0 1 1352 1134 2175 1458
4190 4 2 0 1 2478 1748 3050 2980
4191 4 2 0 1 2405 3171 3132 2518
4192 4 2 0 1 1643 2408 3150 2409
4193 4 2 0 1 530 753 1884 373
4194 4 2 0 1 2940 3156 2702 3154
4195 4 2 0 1 1465 1196 978 1728
4196 4 2 0 1 2477 1500 2479 2659
4197 4 2 0 1 1773 3042 2151 1649
4198 4 2 0 1 1619 2737 2059 2966
4199 4 2 0 1 2933 3001 2170 2925
4200 4 2 0 1 2230 2073 1534 2619
4201 4 2 0 1 1352 1134 1177 2175
4202 4 2 0 1 2659 3016 2935 2980
4203 4 2 0 1 3157 2944 2824 2953
4204 4 2 0 1 1557 2519 3153 3155
4205 4 2 0 1 3137 1501 3136 2568
4206 4 2 0 1 949 2309 2046 2128
4207 4 2 0 1 1017 972 2176 1330
4208 4 2 0 1 2925 2924 2170 2926
4209 4 2 0 1 2942 2049 2198 2992
4210 4 2 0 1 2152 3003 877 878
4211 4 2 0 1 2478 2477 2479 2659
4212 4 2 0 1 871 2197 873 2926
4213 4 2 0 1 3080 3210 2986 3082
4214 4 2 0 1 3203 3157 2058 2856
4215 4 2 0 1 2519 2577 2515 3155
4216 4 2 0 1 958 2072 976 2171
4217 4 2 0 1 1612 2517 2717 3155
4218 4 2 0 1 2725 2726 3155 2724
4219 4 2 0 1 2011 812 2010 1045
4220 4 2 0 1 1504 2492 2499 2542
4221 4 2 0 1 1290 2175 1352 1177
4222 4 2 0 1 2960 2058 2856 3186
4223 4 2 0 1 2242 2194 2660 2934
4224 4 2 0 1 1145 2105 2107 2106
4225 4 2 0 1 2267 2245 2067 3005
4226 4 2 0 1 1887 2650 1556 2880
4227 4 2 0 1 1003 1004 1303 2250
4228 4 2 0 1 2053 2309 2915 2128
4229 4 2 0 1 1991 1993 2321 1877
4230 4 2 0 1 2215 1050 1059 2241
4231 4 2 0 1 1443 1147 2301 2324
4232 4 2 0 1 3009 2823 2822 2947
4233 4 2 0 1 2468 1950 2622 3174
4234 4 2 0 1 1612 2720 2725 3069
4235 4 2 0 1 1398 1157 2090 1384
4236 4 2 0 1 1626 1625 349 347
4237 4 2 0 1 2842 3165 3141 2513
4238 4 2 0 1 2783 2514 3142 3066
4239 4 2 0 1 1147 1148 2301 3211
4240 4 2 0 1 2250 2286 2257 3059
4241 4 2 0 1 2273 1223 2175 3007
4242 4 2 0 1 1444 2251 1296 1142
4243 4 2 0 1 1116 2062 1062 1264
4244 4 2 0 1 1379 2298 1423 1337
4245 4 2 0 1 2228 1952 2230 2229
4246 4 2 0 1 743 3220 466 1865
4247 4 2 0 1 2118 3000 2988 2119
4248 4 2 0 1 1269 1105 2107 2136
4249 4 2 0 1 2394 3127 1473 2480
4250 4 2 0 1 3220 683 1967 743
4251 4 2 0 1 858 2976 1274 859
4252 4 2 0 1 466 683 3220 743
4253 4 2 0 1 1599 2702 1521 1500
4254 4 2 0 1 3034 2902 3101 2132
4255 4 2 0 1 654 221 1602 1601
4256 4 2 0 1 1069 1068 2142 1070
4257 4 2 0 1 2548 2547 2875 1857
4258 4 2 0 1 3146 2453 1468 2428
4259 4 2 0 1 480 1992 1921 2010
4260 4 2 0 1 50 2009 1428 1988
4261 4 2 0 1 2968 3063 2965 2210
4262 4 2 0 1 1246 823 2259 1429
4263 4 2 0 1 2394 1473 2485 2480
4264 4 2 0 1 618 576 701 1856
4265 4 2 0 1 2672 3104 2403 1474
4266 4 2 0 1 3125 3127 2481 2527
4267 4 2 0 1 768 543 1799 1655
4268 4 2 0 1 2497 1523 2859 1504
4269 4 2 0 1 719 124 633 1701
4270 4 2 0 1 864 2130 867 1161
4271 4 2 0 1 397 1821 2778 395
4272 4 2 0 1 932 3022 2083 2277
4273 4 2 0 1 1690 1909 2489 2490
4274 4 2 0 1 2464 2399 1501 2460
4275 4 2 0 1 2275 2172 2933 3009
4276 4 2 0 1 358 2433 2788 2434
4277 4 2 0 1 2816 2817 3188 1883
4278 4 2 0 1 1586 2388 2499 1788
4279 4 2 0 1 2579 2879 2489 2490
4280 4 2 0 1 2374 1511 1509 2521
4281 4 2 0 1 1516 3146 2451 1468
4282 4 2 0 1 2022 3146 3113 2428
4283 4 2 0 1 1571 1574 131 1639
4284 4 2 0 1 397 1820 2778 1818
4285 4 2 0 1 2552 2551 2545 2550
4286 4 2 0 1 2641 3046 3056 3047
4287 4 2 0 1 2761 2763 2764 2762
4288 4 2 0 1 916 917 2821 918
4289 4 2 0 1 2979 1748 2479 2935
4290 4 2 0 1 9 1712 1944 813
4291 4 2 0 1 1546 757 72 59
4292 4 2 0 1 1885 2879 2489 2579
4293 4 2 0 1 2305 2161 2107 1065
4294 4 2 0 1 1858 235 1723 1857
4295 4 2 0 1 1884 2579 2489 2490
4296 4 2 0 1 520 772 773 1789
4297 4 2 0 1 1909 1885 2489 1884
4298 4 2 0 1 2073 2619 2230 2598
4299 4 2 0 1 2216 2984 2600 2982
4300 4 2 0 1 1978 788 3 1810
4301 4 2 0 1 1968 1173 1397 814
4302 4 2 0 1 1325 1202 1392 2772
4303 4 2 0 1 2204 1896 3056 2178
4304 4 2 0 1 2077 1124 1379 2101
4305 4 2 0 1 2292 1547 2287 2290
4306 4 2 0 1 1690 1692 2400 1910
4307 4 2 0 1 1472 1875 1876 2354
4308 4 2 0 1 1912 619 394 1717
4309 4 2 0 1 1585 3128 2556 1523
4310 4 2 0 1 2529 2357 2541 3107
4311 4 2 0 1 640 543 768 1655
4312 4 2 0 1 1694 2498 1596 1667
4313 4 2 0 1 1585 3128 1523 1473
4314 4 2 0 1 2640 2559 2687 2677
4315 4 2 0 1 1719 1914 1876 1875
4316 4 2 0 1 253 2043 251 1975
4317 4 2 0 1 1041 1145 1042 2106
4318 4 2 0 1 1896 1822 2642 2178
4319 4 2 0 1 2020 95 97 96
4320 4 2 0 1 2001 1887 1861 2646
4321 4 2 0 1 9 1712 813 1313
4322 4 2 0 1 849 1312 2114 1260
4323 4 2 0 1 617 717 1974 422
4324 4 2 0 1 2617 2616 2467 2155
4325 4 2 0 1 1140 2137 1226 2077
4326 4 2 0 1 3108 1468 2529 3107
4327 4 2 0 1 1594 1906 1848 2871
4328 4 2 0 1 2164 1259 2114 1109
4329 4 2 0 1 2005 2355 2669 2668
4330 4 2 0 1 2374 1511 2501 1505
4331 4 2 0 1 2307 2355 2733 2019
4332 4 2 0 1 3055 2641 2620 3056
4333 4 2 0 1 2545 1636 3129 3167
4334 4 2 0 1 1260 3219 1258 1312
4335 4 2 0 1 1636 2400 3129 2557
4336 4 2 0 1 1260 1258 3219 1257
4337 4 2 0 1 3091 3148 3115 2790
4338 4 2 0 1 2795 2023 2797 2796
4339 4 2 0 1 2294 1548 2293 3079
4340 4 2 0 1 1667 1596 1639 2499
4341 4 2 0 1 1681 302 659 627
4342 4 2 0 1 1684 1670 108 110
4343 4 2 0 1 1665 2973 2974 2840
4344 4 2 0 1 2022 3146 2428 2796
4345 4 2 0 1 2026 2025 2240 2027
4346 4 2 0 1 2509 2778 2779 1820
4347 4 2 0 1 3098 2670 2348 3099
4348 4 2 0 1 2408 1619 3150 2059
4349 4 2 0 1 2348 3098 3099 2532
4350 4 2 0 1 2353 1899 1908 1979
4351 4 2 0 1 3170 1888 2513 3165
4352 4 2 0 1 2168 2328 2329 3048
4353 4 2 0 1 1342 2085 2084 1152
4354 4 2 0 1 554 1917 1668 2779
4355 4 2 0 1 2584 136 1997 698
4356 4 2 0 1 1667 2496 2499 1566
4357 4 2 0 1 2389 1597 2391 2542
4358 4 2 0 1 1519 2492 3129 2491
4359 4 2 0 1 1761 1760 1813 2865
4360 4 2 0 1 336 1723 338 517
4361 4 2 0 1 2394 2480 3129 2491
4362 4 2 0 1 1643 2408 3101 3150
4363 4 2 0 1 2712 1734 3185 2973
4364 4 2 0 1 1312 1258 2067 3219
4365 4 2 0 1 2502 3163 2889 2503
4366 4 2 0 1 1520 2841 2575 3141
4367 4 2 0 1 877 3010 2170 1164
4368 4 2 0 1 1771 1732 1738 1737
4369 4 2 0 1 2538 2535 2482 2692
4370 4 2 0 1 2351 2348 3099 2532
4371 4 2 0 1 805 1113 1405 2025
4372 4 2 0 1 941 1156 1122 2075
4373 4 2 0 1 2073 1534 2588 1945
4374 4 2 0 1 1933 1932 2506 1929
4375 4 2 0 1 2836 3156 2661 3084
4376 4 2 0 1 2041 1607 1510 2708
4377 4 2 0 1 2938 2940 2725 3154
4378 4 2 0 1 2655 3176 3122 2507
4379 4 2 0 1 2184 1709 1711 2146
4380 4 2 0 1 3052 988 1031 2174
4381 4 2 0 1 1191 1343 1422 2314
4382 4 2 0 1 1607 2041 1510 2315
4383 4 2 0 1 2069 862 860 2322
4384 4 2 0 1 3151 2469 2854 2593
4385 4 2 0 1 2041 2314 1273 1272
4386 4 2 0 1 2959 2962 2956 2856
4387 4 2 0 1 410 596 1702 2452
4388 4 2 0 1 1749 2940 2937 3001
4389 4 2 0 1 1894 1893 27 28
4390 4 2 0 1 1256 1257 3219 1258
4391 4 2 0 1 1931 1932 1929 1607
4392 4 2 0 1 1762 716 1683 1655
4393 4 2 0 1 2423 1764 1717 1911
4394 4 2 0 1 2885 1933 2506 1929
4395 4 2 0 1 644 1927 1930 560
4396 4 2 0 1 1255 3219 1256 1110
4397 4 2 0 1 336 235 337 1723
4398 4 2 0 1 2871 1871 1926 635
4399 4 2 0 1 2702 2725 2471 3155
4400 4 2 0 1 365 1700 762 726
4401 4 2 0 1 2664 1913 1559 1876
4402 4 2 0 1 2519 2515 3153 3155
4403 4 2 0 1 1173 806 1968 1397
4404 4 2 0 1 251 1985 265 249
4405 4 2 0 1 2451 2357 2361 1516
4406 4 2 0 1 2717 1557 3155 2517
4407 4 2 0 1 2775 2201 1214 2821
4408 4 2 0 1 3117 1615 3179 2653
4409 4 2 0 1 716 1683 1655 1825
4410 4 2 0 1 667 484 1 1677
4411 4 2 0 1 2657 2329 2820 1747
4412 4 2 0 1 2541 2763 442 2360
4413 4 2 0 1 2429 2339 2435 2805
4414 4 2 0 1 1992 1727 1921 1726
4415 4 2 0 1 3155 2702 3153 2471
4416 4 2 0 1 2519 3120 1524 3153
4417 4 2 0 1 1853 354 3124 1778
4418 4 2 0 1 2333 1781 2028 56
4419 4 2 0 1 1888 1755 3155 2724
4420 4 2 0 1 2252 1368 2707 2205
4421 4 2 0 1 2737 1619 2059 3150
4422 4 2 0 1 2777 554 391 1668
4423 4 2 0 1 731 265 251 2043
4424 4 2 0 1 708 1923 500 699
4425 4 2 0 1 2644 3175 1553 2510
4426 4 2 0 1 1905 1962 1997 1798
4427 4 2 0 1 2449 513 603 1590
4428 4 2 0 1 1854 500 414 1923
4429 4 2 0 1 2675 1472 1787 1564
4430 4 2 0 1 2842 3145 1736 3143
4431 4 2 0 1 2517 3170 3155 2715
4432 4 2 0 1 499 1743 744 1985
4433 4 2 0 1 1509 2405 3132 2518
4434 4 2 0 1 1268 1344 2196 1389
4435 4 2 0 1 1256 2067 1258 3219
4436 4 2 0 1 1509 3097 2520 1661
4437 4 2 0 1 2658 1521 3084 2576
4438 4 2 0 1 477 122 2448 120
4439 4 2 0 1 3047 3046 3056 3074
4440 4 2 0 1 3019 3017 1558 2658
4441 4 2 0 1 2878 2578 1885 1884
4442 4 2 0 1 3130 2526 2396 3131
4443 4 2 0 1 3132 1509 1511 2396
4444 4 2 0 1 2807 1865 2014 1590
4445 4 2 0 1 1730 2793 2457 2810
4446 4 2 0 1 1812 473 632 1760
4447 4 2 0 1 1904 1529 1684 136
4448 4 2 0 1 2547 2546 3161 2867
4449 4 2 0 1 2462 1730 2793 733
4450 4 2 0 1 1315 993 1217 2642
4451 4 2 0 1 1833 1784 53 54
4452 4 2 0 1 1190 2315 2246 2314
4453 4 2 0 1 642 467 1967 229
4454 4 2 0 1 2275 2278 3009 2822
4455 4 2 0 1 790 3224 595 638
4456 4 2 0 1 2578 2579 1885 1884
4457 4 2 0 1 1495 2453 2427 2797
4458 4 2 0 1 2021 1515 2539 3146
4459 4 2 0 1 2563 3139 2403 1474
4460 4 2 0 1 2533 2534 1597 2494
4461 4 2 0 1 1564 2534 2530 1597
4462 4 2 0 1 2425 2761 3107 2882
4463 4 2 0 1 2672 1643 3103 1474
4464 4 2 0 1 2322 2302 2164 2303
4465 4 2 0 1 691 789 1478 582
4466 4 2 0 1 2784 2513 2842 2563
4467 4 2 0 1 551 288 488 1644
4468 4 2 0 1 2512 1687 2403 3139
4469 4 2 0 1 2492 2868 3161 2498
4470 4 2 0 1 2260 2587 2261 2740
4471 4 2 0 1 2785 2295 2294 1335
4472 4 2 0 1 1834 309 745 1835
4473 4 2 0 1 2685 1580 2687 1969
4474 4 2 0 1 2073 2149 2983 2148
4475 4 2 0 1 2492 2868 2498 2499
4476 4 2 0 1 3088 2917 2240 2027
4477 4 2 0 1 3159 3183 1664 3208
4478 4 2 0 1 2160 1222 2075 1122
4479 4 2 0 1 1639 1574 131 138
4480 4 2 0 1 1158 1296 2311 1455
4481 4 2 0 1 1914 1792 1898 333
4482 4 2 0 1 1342 2085 1308 1117
4483 4 2 0 1 1893 2639 3029 1551
4484 4 2 0 1 2073 2149 2148 1945
4485 4 2 0 1 1495 2453 2455 2427
4486 4 2 0 1 3055 2641 3056 2178
4487 4 2 0 1 2774 3008 2963 1774
4488 4 2 0 1 551 1835 1644 552
4489 4 2 0 1 1255 1360 2067 1088
4490 4 2 0 1 2631 1941 2794 2916
4491 4 2 0 1 2430 3147 1679 2635
4492 4 2 0 1 305 1943 1626 1890
4493 4 2 0 1 1517 2389 2540 2391
4494 4 2 0 1 2960 2965 3186 1954
4495 4 2 0 1 1501 2399 3136 2460
4496 4 2 0 1 1668 388 1689 1685
4497 4 2 0 1 2801 1831 1970 2867
4498 4 2 0 1 2277 2083 932 987
4499 4 2 0 1 2867 2498 1694 1578
4500 4 2 0 1 2398 1772 1737 2813
4501 4 2 0 1 1981 1980 2006 1958
4502 4 2 0 1 1552 2757 3056 3055
4503 4 2 0 1 415 367 1829 240
4504 4 2 0 1 1680 1863 2421 1633
4505 4 2 0 1 1824 712 219 460
4506 4 2 0 1 1598 1956 1958 1995
4507 4 2 0 1 1907 479 425 436
4508 4 2 0 1 1764 497 2446 1716
4509 4 2 0 1 1722 2581 2536 2537
4510 4 2 0 1 2717 2826 3154 2718
4511 4 2 0 1 1923 2020 708 2906
4512 4 2 0 1 400 619 411 1717
4513 4 2 0 1 2581 2537 2806 1526
4514 4 2 0 1 2544 1812 2864 1518
4515 4 2 0 1 1820 1889 403 2779
4516 4 2 0 1 1674 2723 2726 2999
4517 4 2 0 1 2580 2364 2692 2482
4518 4 2 0 1 1889 681 1886 588
4519 4 2 0 1 2675 1472 2674 2356
4520 4 2 0 1 1885 753 1910 374
4521 4 2 0 1 3125 2533 2363 1516
4522 4 2 0 1 2758 1541 2613 3174
4523 4 2 0 1 2353 1536 1899 1979
4524 4 2 0 1 820 2084 1339 2025
4525 4 2 0 1 2084 1247 1341 2033
4526 4 2 0 1 2076 2411 3143 2815
4527 4 2 0 1 1517 2533 2542 2493
4528 4 2 0 1 2816 1777 1785 1744
4529 4 2 0 1 1615 2321 3179 2808
4530 4 2 0 1 2544 2865 2547 2549
4531 4 2 0 1 2230 2263 1948 2113
4532 4 2 0 1 3148 2636 3115 3175
4533 4 2 0 1 2776 3148 1696 2791
4534 4 2 0 1 2060 2234 2965 2855
4535 4 2 0 1 739 1574 1787 512
4536 4 2 0 1 2973 2970 2974 2840
4537 4 2 0 1 408 669 1938 670
4538 4 2 0 1 2761 2454 2882 2455
4539 4 2 0 1 2544 2865 2549 1812
4540 4 2 0 1 2745 3195 2746 2556
4541 4 2 0 1 1844 1842 1542 1845
4542 4 2 0 1 1792 1757 1718 1575
4543 4 2 0 1 1402 2333 2750 2027
4544 4 2 0 1 2676 2553 2559 2560
4545 4 2 0 1 1201 3041 1446 1202
4546 4 2 0 1 1767 2268 2755 2126
4547 4 2 0 1 1193 1117 2287 1547
4548 4 2 0 1 2274 837 834 836
4549 4 2 0 1 597 586 1908 329
4550 4 2 0 1 1724 601 261 668
4551 4 2 0 1 1585 3195 2745 2556
4552 4 2 0 1 2862 2639 3029 2279
4553 4 2 0 1 705 1805 1806 771
4554 4 2 0 1 2498 1576 1817 2496
4555 4 2 0 1 1933 1934 2505 2503
4556 4 2 0 1 1855 80 427 2017
4557 4 2 0 1 2474 2275 2821 2981
4558 4 2 0 1 2754 1735 3185 2753
4559 4 2 0 1 1180 1137 1320 2257
4560 4 2 0 1 1146 1421 899 2327
4561 4 2 0 1 2725 2726 2724 2720
4562 4 2 0 1 1289 2243 1149 1457
4563 4 2 0 1 3209 2754 2773 2470
4564 4 2 0 1 1671 1917 1656 2732
4565 4 2 0 1 1932 40 69 41
4566 4 2 0 1 1998 2901 1999 295
4567 4 2 0 1 779 3217 1753 156
4568 4 2 0 1 2731 3080 2301 3082
4569 4 2 0 1 1993 2869 2808 2321
4570 4 2 0 1 2777 2368 1492 2778
4571 4 2 0 1 2013 2828 3205 2908
4572 4 2 0 1 779 3217 156 696
4573 4 2 0 1 2911 2988 2913 3205
4574 4 2 0 1 972 954 2187 955
4575 4 2 0 1 1535 1644 2733 2734
4576 4 2 0 1 2089 1398 1157 2090
4577 4 2 0 1 2100 1398 2092 1060
4578 4 2 0 1 3217 156 696 729
4579 4 2 0 1 1458 2175 1318 1133
4580 4 2 0 1 3118 3138 2404 3116
4581 4 2 0 1 2047 2837 2310 3082
4582 4 2 0 1 695 3217 1825 152
4583 4 2 0 1 540 3217 539 696
4584 4 2 0 1 597 171 175 1785
4585 4 2 0 1 2006 1980 2551 1958
4586 4 2 0 1 2229 1544 2230 2228
4587 4 2 0 1 540 3217 696 729
4588 4 2 0 1 3207 2478 3169 3050
4589 4 2 0 1 2460 3136 3134 2399
4590 4 2 0 1 421 296 1902 2446
4591 4 2 0 1 1764 497 1716 411
4592 4 2 0 1 2698 1477 1699 1939
4593 4 2 0 1 673 674 1770 462
4594 4 2 0 1 1626 1487 1890 1943
4595 4 2 0 1 1920 2419 2420 2432
4596 4 2 0 1 1707 719 633 1701
4597 4 2 0 1 763 3216 789 1478
4598 4 2 0 1 3147 2634 2432 2429
4599 4 2 0 1 166 167 1803 168
4600 4 2 0 1 3177 2716 1611 1811
4601 4 2 0 1 2336 1608 2567 2465
4602 4 2 0 1 3216 609 1478 763
4603 4 2 0 1 1709 807 1160 11
4604 4 2 0 1 2786 2787 2420 2432
4605 4 2 0 1 32 818 33 1738
4606 4 2 0 1 3202 2977 2946 2921
4607 4 2 0 1 3152 1735 1774 3209
4608 4 2 0 1 3074 3073 1604 2637
4609 4 2 0 1 1894 2639 26 27
4610 4 2 0 1 1735 1773 2470 2852
4611 4 2 0 1 862 861 863 2932
4612 4 2 0 1 1502 1522 2564 3212
4613 4 2 0 1 2089 1398 2090 2092
4614 4 2 0 1 3216 608 609 763
4615 4 2 0 1 2273 2274 832 836
4616 4 2 0 1 2902 2295 1276 2131
4617 4 2 0 1 1520 1502 3132 2575
4618 4 2 0 1 2877 3112 2529 2358
4619 4 2 0 1 961 2140 995 994
4620 4 2 0 1 2832 2985 2048 2830
4621 4 2 0 1 906 1423 2297 1337
4622 4 2 0 1 1187 2333 2331 1188
4623 4 2 0 1 2179 2949 2153 2945
4624 4 2 0 1 812 2066 1827 1154
4625 4 2 0 1 2575 3132 3141 2574
4626 4 2 0 1 3031 2915 3057 2189
4627 4 2 0 1 2081 2082 2281 2083
4628 4 2 0 1 1713 444 796 565
4629 4 2 0 1 2439 2436 1492 1911
4630 4 2 0 1 2512 3138 2371 1687
4631 4 2 0 1 751 1697 1671 1833
4632 4 2 0 1 2429 2339 2421 2435
4633 4 2 0 1 2725 1612 2717 3155
4634 4 2 0 1 674 1770 710 191
4635 4 2 0 1 2480 1691 2400 2490
4636 4 2 0 1 2110 2314 2276 1021
4637 4 2 0 1 1731 1730 2810 2335
4638 4 2 0 1 2419 1679 2421 1633
4639 4 2 0 1 2527 1513 2395 2481
4640 4 2 0 1 2875 1708 2874 2801
4641 4 2 0 1 1783 54 76 585
4642 4 2 0 1 114 229 2781 446
4643 4 2 0 1 1334 1412 54 1784
4644 4 2 0 1 1549 2085 2287 1049
4645 4 2 0 1 1633 2419 2339 2421
4646 4 2 0 1 651 511 2018 742
4647 4 2 0 1 2241 1549 1048 2098
4648 4 2 0 1 2634 1640 2766 2744
4649 4 2 0 1 2634 2786 2430 3147
4650 4 2 0 1 2776 1695 1688 1696
4651 4 2 0 1 2918 3198 2630 2631
4652 4 2 0 1 2018 651 502 1623
4653 4 2 0 1 2435 2429 3149 2421
4654 4 2 0 1 3156 3153 1599 2702
4655 4 2 0 1 2725 2702 2471 3154
4656 4 2 0 1 2381 2743 2741 2029
4657 4 2 0 1 2069 3202 2977 2045
4658 4 2 0 1 598 224 1824 227
4659 4 2 0 1 3085 3080 3210 2986
4660 4 2 0 1 2217 2081 2991 2082
4661 4 2 0 1 883 2093 2926 2929
4662 4 2 0 1 74 526 3168 3167
4663 4 2 0 1 2792 2776 2431 3148
4664 4 2 0 1 1754 2016 1826 2839
4665 4 2 0 1 2072 1748 2981 2222
4666 4 2 0 1 2191 2951 3003 2104
4667 4 2 0 1 1482 646 262 384
4668 4 2 0 1 1692 1909 470 1910
4669 4 2 0 1 3163 91 2889 372
4670 4 2 0 1 2496 1576 1566 1667
4671 4 2 0 1 2212 2722 2247 2721
4672 4 2 0 1 2393 1576 2496 2679
4673 4 2 0 1 828 1184 825 2229
4674 4 2 0 1 490 494 77 1969
4675 4 2 0 1 2533 1468 1516 2357
4676 4 2 0 1 1504 2388 2859 1788
4677 4 2 0 1 1472 1563 2388 1876
4678 4 2 0 1 2930 2938 2940 2476
4679 4 2 0 1 2055 2277 1011 2068
4680 4 2 0 1 1528 2367 2643 2431
4681 4 2 0 1 2282 2215 3036 2241
4682 4 2 0 1 82 1802 165 567
4683 4 2 0 1 2346 1687 3166 3097
4684 4 2 0 1 2932 863 866 2198
4685 4 2 0 1 2234 2100 2965 2966
4686 4 2 0 1 1196 2335 1728 35
4687 4 2 0 1 2476 2824 3049 2943
4688 4 2 0 1 2305 1372 1065 2012
4689 4 2 0 1 2104 2071 3003 2278
4690 4 2 0 1 3167 2545 2551 1582
4691 4 2 0 1 2429 2339 2432 2421
4692 4 2 0 1 2368 3096 2431 2436
4693 4 2 0 1 2920 3091 2794 2916
4694 4 2 0 1 2388 1719 1876 1563
4695 4 2 0 1 2032 1894 1789 2683
4696 4 2 0 1 2686 1579 2861 1791
4697 4 2 0 1 119 117 1900 120
4698 4 2 0 1 1321 1299 3215 1150
4699 4 2 0 1 1995 324 553 1832
4700 4 2 0 1 2003 1879 583 1970
4701 4 2 0 1 766 134 1694 648
4702 4 2 0 1 2801 3162 2867 2547
4703 4 2 0 1 1860 782 116 1900
4704 4 2 0 1 739 1571 440 1593
4705 4 2 0 1 1761 1760 208 236
4706 4 2 0 1 2450 2451 2548 2539
4707 4 2 0 1 2367 3115 2431 2582
4708 4 2 0 1 1528 2368 2431 2643
4709 4 2 0 1 3147 1686 2790 3149
4710 4 2 0 1 222 224 1824 598
4711 4 2 0 1 2743 2266 2117 2029
4712 4 2 0 1 3161 2493 3162 2542
4713 4 2 0 1 2502 2501 2903 2692
4714 4 2 0 1 399 409 414 1854
4715 4 2 0 1 90 1972 2907 2888
4716 4 2 0 1 2634 2786 3147 2432
4717 4 2 0 1 283 284 285 1846
4718 4 2 0 1 1509 2405 2518 2403
4719 4 2 0 1 3131 3133 2461 1473
4720 4 2 0 1 125 1682 2881 121
4721 4 2 0 1 2878 1884 1930 2458
4722 4 2 0 1 2305 1372 2012 1045
4723 4 2 0 1 2122 2133 2319 2274
4724 4 2 0 1 2253 2269 2254 2270
4725 4 2 0 1 2469 1541 2468 2318
4726 4 2 0 1 2200 2284 2183 2892
4727 4 2 0 1 1710 1709 1742 1711
4728 4 2 0 1 1056 2033 2084 1341
4729 4 2 0 1 1625 464 614 693
4730 4 2 0 1 3145 2841 2840 1665
4731 4 2 0 1 1623 1947 7 1944
4732 4 2 0 1 2776 1668 1917 1635
4733 4 2 0 1 2266 1531 2117 2029
4734 4 2 0 1 2266 1531 2029 2589
4735 4 2 0 1 2818 1843 1845 2383
4736 4 2 0 1 2925 2093 2928 2929
4737 4 2 0 1 2371 2366 1687 2367
4738 4 2 0 1 2384 2768 2607 2597
4739 4 2 0 1 1056 2033 1341 63
4740 4 2 0 1 2305 1037 1991 1054
4741 4 2 0 1 1409 3087 2103 1119
4742 4 2 0 1 2804 2588 2149 2983
4743 4 2 0 1 3022 2082 3023 3024
4744 4 2 0 1 2274 840 838 841
4745 4 2 0 1 3036 2735 3142 3101
4746 4 2 0 1 1751 2168 2328 2329
4747 4 2 0 1 894 1421 2227 899
4748 4 2 0 1 3085 3080 2986 2325
4749 4 2 0 1 3211 947 2225 2074
4750 4 2 0 1 2122 3007 2316 3006
4751 4 2 0 1 2090 1157 2091 1316
4752 4 2 0 1 2932 2323 2977 2094
4753 4 2 0 1 2120 1367 1138 1248
4754 4 2 0 1 2199 871 1144 2926
4755 4 2 0 1 2802 2149 2804 2599
4756 4 2 0 1 3002 2153 2094 2057
4757 4 2 0 1 2129 2327 1232 2328
4758 4 2 0 1 785 2864 701 1856
4759 4 2 0 1 502 2742 2741 366
4760 4 2 0 1 1948 1952 1945 1534
4761 4 2 0 1 3087 2244 2900 2331
4762 4 2 0 1 837 2274 840 838
4763 4 2 0 1 2713 1196 1197 1460
4764 4 2 0 1 1147 1013 3211 2324
4765 4 2 0 1 966 2191 912 967
4766 4 2 0 1 232 211 1762 209
4767 4 2 0 1 2996 970 1254 1010
4768 4 2 0 1 1366 2120 2055 3200
4769 4 2 0 1 2804 2802 2599 2597
4770 4 2 0 1 2967 2970 3203 2975
4771 4 2 0 1 1549 1048 2163 2185
4772 4 2 0 1 2842 2841 3141 1755
4773 4 2 0 1 2969 2968 847 2269
4774 4 2 0 1 2782 2285 3142 2408
4775 4 2 0 1 2724 2064 2702 2725
4776 4 2 0 1 1608 2566 3137 3169
4777 4 2 0 1 2944 2948 2946 3204
4778 4 2 0 1 2586 2585 2355 2307
4779 4 2 0 1 727 1794 669 535
4780 4 2 0 1 2940 2476 2725 2702
4781 4 2 0 1 1116 1246 1276 2258
4782 4 2 0 1 2886 1932 2709 2888
4783 4 2 0 1 2951 2773 3065 2219
4784 4 2 0 1 493 3223 1753 653
4785 4 2 0 1 1566 1576 1658 1667
4786 4 2 0 1 1080 3215 1077 1095
4787 4 2 0 1 493 3223 653 738
4788 4 2 0 1 2802 2149 2599 2803
4789 4 2 0 1 2393 1576 2679 1658
4790 4 2 0 1 1277 2295 1193 2131
4791 4 2 0 1 2406 2815 2076 2747
4792 4 2 0 1 1815 227 320 1824
4793 4 2 0 1 1411 2055 2277 1011
4794 4 2 0 1 2086 1081 1265 1395
4795 4 2 0 1 1612 2716 2999 2771
4796 4 2 0 1 438 1820 1861 588
4797 4 2 0 1 3103 2739 1616 2747
4798 4 2 0 1 2277 3023 2082 3064
4799 4 2 0 1 2305 2161 1613 2107
4800 4 2 0 1 1013 1147 1213 2324
4801 4 2 0 1 2750 2103 1118 2154
4802 4 2 0 1 2073 2619 2598 2983
4803 4 2 0 1 2739 2606 1616 2747
4804 4 2 0 1 864 2130 866 867
4805 4 2 0 1 2118 3000 2119 2087
4806 4 2 0 1 2173 2100 2234 2966
4807 4 2 0 1 2952 2213 2211 3070
4808 4 2 0 1 2405 2512 2403 2513
4809 4 2 0 1 2976 2921 2922 2069
4810 4 2 0 1 1081 2086 1265 1083
4811 4 2 0 1 117 1669 119 1900
4812 4 2 0 1 1531 2117 2259 2260
4813 4 2 0 1 2586 1621 2605 2606
4814 4 2 0 1 2739 2606 2747 2615
4815 4 2 0 1 2833 2835 3192 2051
4816 4 2 0 1 2164 1259 1109 1199
4817 4 2 0 1 2343 2634 1640 2766
4818 4 2 0 1 1268 1389 2196 1017
4819 4 2 0 1 2835 3192 2048 2830
4820 4 2 0 1 3153 3156 1599 3084
4821 4 2 0 1 2226 3080 2986 3082
4822 4 2 0 1 2729 2011 2326 2283
4823 4 2 0 1 1167 971 2226 1148
4824 4 2 0 1 2322 862 1242 901
4825 4 2 0 1 2835 2129 2936 2051
4826 4 2 0 1 3015 1041 1320 2209
4827 4 2 0 1 2586 1621 2606 2261
4828 4 2 0 1 1827 2066 2301 1154
4829 4 2 0 1 1621 1620 2605 2606
4830 4 2 0 1 2829 2915 2053 2914
4831 4 2 0 1 1887 2647 2645 1861
4832 4 2 0 1 2139 2237 2190 1221
4833 4 2 0 1 1669 117 119 118
4834 4 2 0 1 319 3225 3214 645
4835 4 2 0 1 3072 1620 1621 2606
4836 4 2 0 1 2460 1473 2401 2813
4837 4 2 0 1 3114 3175 3148 3115
4838 4 2 0 1 2745 1648 3173 2746
4839 4 2 0 1 2141 2140 3039 3038
4840 4 2 0 1 3135 3183 2849 2711
4841 4 2 0 1 1245 2323 901 1336
4842 4 2 0 1 2610 2848 2682 1581
4843 4 2 0 1 2150 2216 2982 2984
4844 4 2 0 1 2938 2475 3069 2725
4845 4 2 0 1 1811 1611 2908 2828
4846 4 2 0 1 3157 2944 2953 2962
4847 4 2 0 1 2815 1774 2466 1622
4848 4 2 0 1 864 2130 1161 2932
4849 4 2 0 1 3049 2944 3204 2943
4850 4 2 0 1 2161 1354 1065 1054
4851 4 2 0 1 1887 2508 2880 1553
4852 4 2 0 1 2941 3023 3200 2055
4853 4 2 0 1 1774 3152 2466 1622
4854 4 2 0 1 1145 1269 2107 1441
4855 4 2 0 1 3152 3151 2466 1622
4856 4 2 0 1 2996 1010 1254 2087
4857 4 2 0 1 2777 2368 2778 2779
4858 4 2 0 1 1651 2805 2338 2429
4859 4 2 0 1 2023 2691 2906 2905
4860 4 2 0 1 1470 1725 1869 1759
4861 4 2 0 1 2069 2302 2045 2322
4862 4 2 0 1 1961 1962 1997 1905
4863 4 2 0 1 2657 2376 2511 2708
4864 4 2 0 1 1924 1554 2732 1727
4865 4 2 0 1 1607 2315 1510 2707
4866 4 2 0 1 319 3225 645 192
4867 4 2 0 1 2098 2770 2099 2241
4868 4 2 0 1 318 3214 558 557
4869 4 2 0 1 3067 1365 1328 2713
4870 4 2 0 1 1541 2469 3174 2591
4871 4 2 0 1 2072 2124 1295 976
4872 4 2 0 1 2708 2820 2657 1558
4873 4 2 0 1 2076 2815 3143 3150
4874 4 2 0 1 2656 3182 2731 3181
4875 4 2 0 1 443 441 1593 440
4876 4 2 0 1 2282 2287 2629 2290
4877 4 2 0 1 2668 1618 2355 3034
4878 4 2 0 1 897 894 2227 889
4879 4 2 0 1 28 1647 29 1768
4880 4 2 0 1 2744 1651 2338 2429
4881 4 2 0 1 1264 1238 2134 2062
4882 4 2 0 1 1648 2756 3195 2759
4883 4 2 0 1 2852 1950 2622 2330
4884 4 2 0 1 2815 2407 1622 3173
4885 4 2 0 1 3020 2245 2270 2269
4886 4 2 0 1 2357 2451 2361 1494
4887 4 2 0 1 1965 278 2700 1823
4888 4 2 0 1 2365 1859 137 129
4889 4 2 0 1 278 1965 1699 276
4890 4 2 0 1 2988 2987 3206 2320
4891 4 2 0 1 387 1685 388 386
4892 4 2 0 1 2215 1059 1050 1060
4893 4 2 0 1 1546 2025 1339 2289
4894 4 2 0 1 637 3224 594 1746
4895 4 2 0 1 2025 2287 2084 2289
4896 4 2 0 1 2994 2154 2996 2320
4897 4 2 0 1 1187 1784 1877 2331
4898 4 2 0 1 309 1873 1641 1834
4899 4 2 0 1 3218 3224 153 638
4900 4 2 0 1 1844 1842 1845 1532
4901 4 2 0 1 2819 1849 2037 1745
4902 4 2 0 1 24 23 1304 2038
4903 4 2 0 1 3172 2590 2607 2608
4904 4 2 0 1 1931 1934 643 644
4905 4 2 0 1 1497 2883 2884 2570
4906 4 2 0 1 3131 3130 1523 1473
4907 4 2 0 1 2163 991 2996 1174
4908 4 2 0 1 1693 1658 1715 1576
4909 4 2 0 1 2294 2785 2414 2898
4910 4 2 0 1 1571 1596 2391 2499
4911 4 2 0 1 15 1742 1361 1996
4912 4 2 0 1 1678 1679 2434 2420
4913 4 2 0 1 1715 1576 1658 2679
4914 4 2 0 1 2447 1922 2882 1706
4915 4 2 0 1 1450 1546 2025 1339
4916 4 2 0 1 1450 2025 1546 2026
4917 4 2 0 1 3200 2941 2055 2248
4918 4 2 0 1 2920 3091 2916 1550
4919 4 2 0 1 3173 1648 2406 2407
4920 4 2 0 1 2026 1450 805 59
4921 4 2 0 1 2516 2715 2719 2999
4922 4 2 0 1 849 850 851 2270
4923 4 2 0 1 1277 2295 1276 1089
4924 4 2 0 1 1223 3007 845 884
4925 4 2 0 1 815 2295 1276 1309
4926 4 2 0 1 2690 3172 3213 2760
4927 4 2 0 1 1950 3008 2299 2330
4928 4 2 0 1 2817 2385 2386 1883
4929 4 2 0 1 2894 2895 2167 2166
4930 4 2 0 1 2771 2998 2999 2088
4931 4 2 0 1 1815 1865 3222 420
4932 4 2 0 1 2269 2253 2211 908
4933 4 2 0 1 1519 2546 2492 3161
4934 4 2 0 1 1649 3187 2620 2467
4935 4 2 0 1 2026 805 1450 2025
4936 4 2 0 1 83 381 382 1754
4937 4 2 0 1 100 2020 1701 1905
4938 4 2 0 1 2462 2402 1928 2810
4939 4 2 0 1 3117 1615 2653 2510
4940 4 2 0 1 1678 2434 2378 2420
4941 4 2 0 1 2283 2729 3082 2310
4942 4 2 0 1 2375 2370 3122 2507
4943 4 2 0 1 2975 2967 3143 2815
4944 4 2 0 1 2510 3117 1637 2372
4945 4 2 0 1 2438 2792 2779 1635
4946 4 2 0 1 1924 1887 1886 1921
4947 4 2 0 1 1928 2569 2252 2883
4948 4 2 0 1 1355 2303 853 855
4949 4 2 0 1 2387 3172 3213 1653
4950 4 2 0 1 2585 2266 2740 2117
4951 4 2 0 1 2747 2815 3150 2615
4952 4 2 0 1 2159 806 1996 1968
4953 4 2 0 1 2737 2964 2466 3150
4954 4 2 0 1 1068 1294 1067 2145
4955 4 2 0 1 907 905 2297 2169
4956 4 2 0 1 2680 2876 1589 2874
4957 4 2 0 1 1985 1779 248 1975
4958 4 2 0 1 3025 2912 2829 2914
4959 4 2 0 1 905 2236 2297 2169
4960 4 2 0 1 1992 692 1988 2010
4961 4 2 0 1 1434 1345 2300 2172
4962 4 2 0 1 1139 2235 2249 2207
4963 4 2 0 1 1659 2291 3066 2629
4964 4 2 0 1 456 1825 768 657
4965 4 2 0 1 281 1823 1641 1873
4966 4 2 0 1 2614 2407 1499 1648
4967 4 2 0 1 1906 1987 796 2899
4968 4 2 0 1 1434 2300 1345 979
4969 4 2 0 1 2939 2725 3069 1612
4970 4 2 0 1 3042 3053 3054 2753
4971 4 2 0 1 2985 2835 2227 2048
4972 4 2 0 1 1310 1268 2196 1017
4973 4 2 0 1 1973 676 407 765
4974 4 2 0 1 3211 947 2074 1013
4975 4 2 0 1 2324 1013 3211 2074
4976 4 2 0 1 2633 1591 2916 2412
4977 4 2 0 1 2712 2972 3185 1664
4978 4 2 0 1 2232 1301 1747 1752
4979 4 2 0 1 2055 1115 2256 1387
4980 4 2 0 1 3060 2050 2188 3057
4981 4 2 0 1 2275 2300 1345 2172
4982 4 2 0 1 2275 1345 2300 979
4983 4 2 0 1 1361 2159 1092 1996
4984 4 2 0 1 3009 2172 2933 2170
4985 4 2 0 1 3201 2938 2056 2939
4986 4 2 0 1 2632 1549 1660 3198
4987 4 2 0 1 2055 2976 3064 2277
4988 4 2 0 1 3059 2912 2914 3057
4989 4 2 0 1 2758 3187 3174 2613
4990 4 2 0 1 2198 2197 868 2199
4991 4 2 0 1 1915 1803 1979 1883
4992 4 2 0 1 2138 2182 2183 2200
4993 4 2 0 1 2562 2399 3136 1734
4994 4 2 0 1 2028 2917 1413 2026
4995 4 2 0 1 2633 2920 1941 2916
4996 4 2 0 1 2028 1413 2917 1261
4997 4 2 0 1 2858 1475 2044 3123
4998 4 2 0 1 2769 2632 1660 3198
4999 4 2 0 1 3055 2642 2177 2178
5000 4 2 0 1 2460 2398 2813 2464
5001 4 2 0 1 1802 1840 1838 164
5002 4 2 0 1 2182 2181 2144 2159
5003 4 2 0 1 1626 1918 2789 3124
5004 4 2 0 1 3127 1473 2480 1503
5005 4 2 0 1 1269 1333 2107 1065
5006 4 2 0 1 2344 1640 3092 3077
5007 4 2 0 1 356 354 3124 1853
5008 4 2 0 1 1205 1085 2660 1439
5009 4 2 0 1 1550 1475 2633 2430
5010 4 2 0 1 464 1868 355 487
5011 4 2 0 1 853 2303 854 855
5012 4 2 0 1 1699 289 570 569
5013 4 2 0 1 1707 719 1701 1798
5014 4 2 0 1 2584 1961 1997 2537
5015 4 2 0 1 2340 2432 2787 2786
5016 4 2 0 1 2872 2343 2340 2694
5017 4 2 0 1 1904 631 108 1670
5018 4 2 0 1 1168 1141 2985 900
5019 4 2 0 1 2340 2787 2432 1627
5020 4 2 0 1 1205 2660 1085 2242
5021 4 2 0 1 1524 2657 3084 2576
5022 4 2 0 1 1819 2442 2645 1818
5023 4 2 0 1 733 2462 79 2793
5024 4 2 0 1 2636 2794 2916 3197
5025 4 2 0 1 773 1729 73 2032
5026 4 2 0 1 2050 2189 2990 2217
5027 4 2 0 1 2193 1326 1374 1441
5028 4 2 0 1 2792 1553 3114 2643
5029 4 2 0 1 1690 1692 2558 2400
5030 4 2 0 1 1994 519 197 1776
5031 4 2 0 1 755 3222 1815 1865
5032 4 2 0 1 1107 2078 1142 2251
5033 4 2 0 1 1471 2767 2690 2380
5034 4 2 0 1 422 1821 1974 1818
5035 4 2 0 1 2053 2209 3014 3015
5036 4 2 0 1 2893 1545 2983 2982
5037 4 2 0 1 1819 2648 2645 1528
5038 4 2 0 1 1277 1407 1061 2131
5039 4 2 0 1 2825 1610 2731 3181
5040 4 2 0 1 390 1685 1863 1689
5041 4 2 0 1 1107 2078 2251 1007
5042 4 2 0 1 1557 2714 3180 3181
5043 4 2 0 1 3170 3119 2373 2719
5044 4 2 0 1 579 798 306 1976
5045 4 2 0 1 2656 1826 2839 3181
5046 4 2 0 1 2714 1610 2652 3180
5047 4 2 0 1 2284 2207 1139 2249
5048 4 2 0 1 1826 2731 3181 2656
5049 4 2 0 1 1611 3178 3180 3177
5050 4 2 0 1 3028 3055 1896 2642
5051 4 2 0 1 2000 1870 1483 3089
5052 4 2 0 1 2638 2848 3029 1551
5053 4 2 0 1 1936 1807 2037 2036
5054 4 2 0 1 2816 1897 1745 1744
5055 4 2 0 1 531 343 2536 666
5056 4 2 0 1 2657 1558 2820 2329
5057 4 2 0 1 3030 885 2227 898
5058 4 2 0 1 1973 1972 1555 2648
5059 4 2 0 1 1974 2007 714 1818
5060 4 2 0 1 1974 617 714 616
5061 4 2 0 1 2193 1269 1441 2107
5062 4 2 0 1 1781 1784 1833 54
5063 4 2 0 1 1610 1827 1826 2010
5064 4 2 0 1 1983 2697 1591 1984
5065 4 2 0 1 2123 2600 1170 2125
5066 4 2 0 1 354 356 357 1853
5067 4 2 0 1 2744 3090 1640 3093
5068 4 2 0 1 353 2377 349 350
5069 4 2 0 1 1524 1557 3153 2661
5070 4 2 0 1 2401 1731 1737 1691
5071 4 2 0 1 2201 2219 2775 1325
5072 4 2 0 1 1799 1601 1837 1655
5073 4 2 0 1 1885 2489 2879 1518
5074 4 2 0 1 800 1555 44 1752
5075 4 2 0 1 1170 2600 2123 1169
5076 4 2 0 1 873 871 2926 1203
5077 4 2 0 1 1488 1851 1633 2419
5078 4 2 0 1 2659 2658 1521 1599
5079 4 2 0 1 698 1722 1723 517
5080 4 2 0 1 3182 1524 3084 2661
5081 4 2 0 1 2600 2235 1170 2125
5082 4 2 0 1 2600 1170 2235 895
5083 4 2 0 1 2020 1588 2691 2035
5084 4 2 0 1 2232 1347 1130 1448
5085 4 2 0 1 2823 3009 3049 2947
5086 4 2 0 1 100 2020 99 98
5087 4 2 0 1 2129 1421 2327 2835
5088 4 2 0 1 2671 1836 2347 2667
5089 4 2 0 1 3168 526 363 1714
5090 4 2 0 1 2366 2518 1469 2512
5091 4 2 0 1 1962 106 105 1904
5092 4 2 0 1 2574 3120 2575 2576
5093 4 2 0 1 642 683 115 1967
5094 4 2 0 1 515 2511 43 44
5095 4 2 0 1 2691 2021 2692 2905
5096 4 2 0 1 2448 121 1901 120
5097 4 2 0 1 2912 2050 2927 3057
5098 4 2 0 1 2706 1776 1969 1580
5099 4 2 0 1 1714 2545 3167 1636
5100 4 2 0 1 1903 2861 2860 1579
5101 4 2 0 1 1502 2884 2506 2565
5102 4 2 0 1 1718 1720 1876 1913
5103 4 2 0 1 1718 1720 1913 1758
5104 4 2 0 1 2582 3148 3149 2790
5105 4 2 0 1 708 2020 96 2906
5106 4 2 0 1 1900 2448 1721 1901
5107 4 2 0 1 755 3222 1865 466
5108 4 2 0 1 1865 755 466 743
5109 4 2 0 1 1693 1578 2498 1817
5110 4 2 0 1 1598 144 162 624
5111 4 2 0 1 2520 1661 1570 1573
5112 4 2 0 1 445 750 1652 689
5113 4 2 0 1 132 1831 2002 1596
5114 4 2 0 1 1830 752 140 613
5115 4 2 0 1 2883 2506 1510 1929
5116 4 2 0 1 2638 2682 2685 2683
5117 4 2 0 1 221 1824 1829 220
5118 4 2 0 1 2363 3113 2539 3146
5119 4 2 0 1 1196 2335 802 2334
5120 4 2 0 1 538 1602 418 1799
5121 4 2 0 1 1575 2682 1793 2686
5122 4 2 0 1 149 545 1753 152
5123 4 2 0 1 415 1799 416 1602
5124 4 2 0 1 225 652 1602 537
5125 4 2 0 1 2949 2165 3020 2221
5126 4 2 0 1 1956 611 1683 147
5127 4 2 0 1 1135 2123 2108 2175
5128 4 2 0 1 416 1799 415 417
5129 4 2 0 1 1939 1478 1645 1779
5130 4 2 0 1 2681 2706 1580 1776
5131 4 2 0 1 277 279 1823 1641
5132 4 2 0 1 2238 1340 2337 1241
5133 4 2 0 1 2360 1485 2541 2763
5134 4 2 0 1 2815 1622 2466 2615
5135 4 2 0 1 1776 1907 2681 1994
5136 4 2 0 1 2337 1340 2238 2239
5137 4 2 0 1 1776 2681 1907 1580
5138 4 2 0 1 25 2032 1461 26
5139 4 2 0 1 465 16 1996 405
5140 4 2 0 1 3222 1865 3220 420
5141 4 2 0 1 2044 2858 3123 1778
5142 4 2 0 1 2044 2379 2340 2694
5143 4 2 0 1 498 2858 491 1985
5144 4 2 0 1 1591 2044 2340 2694
5145 4 2 0 1 2699 2623 2694 2693
5146 4 2 0 1 230 1815 239 1824
5147 4 2 0 1 2699 2343 2694 2623
5148 4 2 0 1 654 216 218 1601
5149 4 2 0 1 1858 234 335 235
5150 4 2 0 1 521 1894 87 523
5151 4 2 0 1 793 2014 483 469
5152 4 2 0 1 2775 917 1200 3052
5153 4 2 0 1 2391 2868 3162 2542
5154 4 2 0 1 3009 2979 2933 2275
5155 4 2 0 1 3158 2473 2821 3208
5156 4 2 0 1 1775 1995 1763 1958
5157 4 2 0 1 3051 2336 3159 3208
5158 4 2 0 1 232 716 671 1683
5159 4 2 0 1 2970 2971 2973 2974
5160 4 2 0 1 3208 2973 3144 2712
5161 4 2 0 1 240 415 416 1602
5162 4 2 0 1 481 312 1919 1625
5163 4 2 0 1 2584 1529 136 2807
5164 4 2 0 1 2979 2474 2070 2479
5165 4 2 0 1 394 2777 393 1912
5166 4 2 0 1 1797 1809 2037 1937
5167 4 2 0 1 3009 2979 2275 2474
5168 4 2 0 1 2069 857 2068 2303
5169 4 2 0 1 2478 2477 3169 3208
5170 4 2 0 1 630 773 73 2032
5171 4 2 0 1 3104 3102 1630 2672
5172 4 2 0 1 2415 1477 1779 1982
5173 4 2 0 1 2750 3088 2240 2027
5174 4 2 0 1 1548 2412 2290 3076
5175 4 2 0 1 2794 1782 2631 1637
5176 4 2 0 1 2411 2410 2561 2562
5177 4 2 0 1 2633 1963 2412 1546
5178 4 2 0 1 1923 1701 2795 1702
5179 4 2 0 1 89 643 2889 372
5180 4 2 0 1 1761 1981 2843 1762
5181 4 2 0 1 1669 116 117 118
5182 4 2 0 1 2141 2140 3038 2268
5183 4 2 0 1 2881 2761 2425 2882
5184 4 2 0 1 133 1596 132 131
5185 4 2 0 1 2069 857 2303 860
5186 4 2 0 1 1699 1477 1698 570
5187 4 2 0 1 2627 2699 2623 2343
5188 4 2 0 1 1810 707 273 1966
5189 4 2 0 1 1809 1797 2037 1808
5190 4 2 0 1 2670 2671 2347 1467
5191 4 2 0 1 2704 730 436 424
5192 4 2 0 1 1051 2163 2240 2154
5193 4 2 0 1 814 1403 2017 1937
5194 4 2 0 1 814 2017 1403 19
5195 4 2 0 1 1783 54 585 1781
5196 4 2 0 1 410 596 2452 413
5197 4 2 0 1 2443 2435 3190 1651
5198 4 2 0 1 1733 1501 2813 2711
5199 4 2 0 1 2753 2849 3185 3039
5200 4 2 0 1 1247 2084 1117 1547
5201 4 2 0 1 2681 162 1598 1763
5202 4 2 0 1 1092 806 17 1996
5203 4 2 0 1 65 581 1677 484
5204 4 2 0 1 3170 2577 1557 3155
5205 4 2 0 1 573 608 609 3216
5206 4 2 0 1 270 271 85 1645
5207 4 2 0 1 2738 1116 2258 2259
5208 4 2 0 1 1960 679 1712 1944
5209 4 2 0 1 1620 2352 1562 2663
5210 4 2 0 1 2483 342 2864 2543
5211 4 2 0 1 2714 1610 3180 3181
5212 4 2 0 1 111 112 1860 113
5213 4 2 0 1 2180 2214 2221 2956
5214 4 2 0 1 1611 2718 3180 1750
5215 4 2 0 1 2729 3178 3180 1750
5216 4 2 0 1 1586 1574 512 1787
5217 4 2 0 1 1597 2534 2389 1593
5218 4 2 0 1 2892 2158 1000 1034
5219 4 2 0 1 122 266 3189 126
5220 4 2 0 1 2411 2410 1474 2561
5221 4 2 0 1 3188 1604 2386 2817
5222 4 2 0 1 38 1368 2707 1927
5223 4 2 0 1 2400 1690 2489 2490
5224 4 2 0 1 3102 2672 3103 1630
5225 4 2 0 1 1014 1288 2224 2208
5226 4 2 0 1 3117 2653 1673 2719
5227 4 2 0 1 1928 2569 2883 2402
5228 4 2 0 1 2394 3127 2480 2491
5229 4 2 0 1 3117 1673 2516 2719
5230 4 2 0 1 1942 359 2788 371
5231 4 2 0 1 2720 1736 2726 2724
5232 4 2 0 1 1736 2720 2726 2722
5233 4 2 0 1 2784 2715 1888 3118
5234 4 2 0 1 1343 1422 2314 2315
5235 4 2 0 1 1812 785 680 1813
5236 4 2 0 1 2204 1279 999 1098
5237 4 2 0 1 2784 2715 3118 1674
5238 4 2 0 1 2562 2399 2406 2410
5239 4 2 0 1 2681 162 1763 482
5240 4 2 0 1 1888 1736 2724 2726
5241 4 2 0 1 1024 1234 2221 1143
5242 4 2 0 1 2191 2961 2951 2219
5243 4 2 0 1 1736 1888 2784 2726
5244 4 2 0 1 1000 2158 2892 2162
5245 4 2 0 1 1484 3089 2422 1483
5246 4 2 0 1 3095 2582 2367 2431
5247 4 2 0 1 2695 1982 1983 2044
5248 4 2 0 1 300 299 297 2748
5249 4 2 0 1 2097 2134 2855 2231
5250 4 2 0 1 1868 1626 2377 1918
5251 4 2 0 1 2089 2212 2210 2966
5252 4 2 0 1 2964 2963 1774 3186
5253 4 2 0 1 1916 1553 3175 3114
5254 4 2 0 1 2963 2855 2964 2854
5255 4 2 0 1 100 102 1701 124
5256 4 2 0 1 2748 457 1633 300
5257 4 2 0 1 2023 1923 2795 2873
5258 4 2 0 1 1661 2410 1474 1630
5259 4 2 0 1 2604 1536 1539 1979
5260 4 2 0 1 2960 2058 3186 3063
5261 4 2 0 1 113 112 1860 114
5262 4 2 0 1 2745 3105 3173 2406
5263 4 2 0 1 1858 618 1857 1856
5264 4 2 0 1 1862 2541 2534 1859
5265 4 2 0 1 2967 2409 3143 3150
5266 4 2 0 1 2335 1731 2402 2810
5267 4 2 0 1 1183 1199 2303 1408
5268 4 2 0 1 2345 1872 2341 2360
5269 4 2 0 1 2746 3105 3173 2745
5270 4 2 0 1 786 579 306 1976
5271 4 2 0 1 2810 1731 2402 2811
5272 4 2 0 1 2336 3051 3169 3208
5273 4 2 0 1 1844 1845 2383 1532
5274 4 2 0 1 432 431 1650 445
5275 4 2 0 1 906 1423 1463 2297
5276 4 2 0 1 221 1601 1829 1602
5277 4 2 0 1 1183 2303 1199 1355
5278 4 2 0 1 1486 2456 2423 1716
5279 4 2 0 1 2164 2303 1199 1408
5280 4 2 0 1 1496 2528 2583 3108
5281 4 2 0 1 3183 2712 3135 3185
5282 4 2 0 1 2268 2141 2711 3038
5283 4 2 0 1 1732 1731 2402 2335
5284 4 2 0 1 1882 1918 1846 1920
5285 4 2 0 1 2871 590 1926 1906
5286 4 2 0 1 2901 1484 2422 1483
5287 4 2 0 1 1496 3190 3108 2583
5288 4 2 0 1 2442 2007 2440 2439
5289 4 2 0 1 2022 2525 1527 2583
5290 4 2 0 1 1743 246 186 247
5291 4 2 0 1 785 475 1812 680
5292 4 2 0 1 3019 3017 1609 2246
5293 4 2 0 1 2537 1526 2548 2806
5294 4 2 0 1 1485 3108 2358 3107
5295 4 2 0 1 1731 1732 2402 2811
5296 4 2 0 1 443 1878 1787 1593
5297 4 2 0 1 1574 1586 512 138
5298 4 2 0 1 300 2748 297 2417
5299 4 2 0 1 1486 1764 1631 2446
5300 4 2 0 1 438 1820 588 402
5301 4 2 0 1 3095 2441 2583 2440
5302 4 2 0 1 2453 2454 3108 2845
5303 4 2 0 1 2450 2584 1997 2537
5304 4 2 0 1 3170 2577 3119 1557
5305 4 2 0 1 183 1603 181 1794
5306 4 2 0 1 2036 2609 2271 2038
5307 4 2 0 1 2191 2179 966 3003
5308 4 2 0 1 2775 1202 1325 2772
5309 4 2 0 1 3107 2454 2799 2882
5310 4 2 0 1 2448 121 120 122
5311 4 2 0 1 2780 1590 3109 2449
5312 4 2 0 1 1530 2002 2362 2449
5313 4 2 0 1 1700 199 201 726
5314 4 2 0 1 1529 1997 2798 3109
5315 4 2 0 1 236 1760 208 207
5316 4 2 0 1 3207 2478 3050 2980
5317 4 2 0 1 2223 1748 3050 2981
5318 4 2 0 1 2023 2691 2905 2021
5319 4 2 0 1 1830 2449 1530 1590
5320 4 2 0 1 2748 1484 2419 2422
5321 4 2 0 1 2357 2529 2541 2389
5322 4 2 0 1 3164 3120 3141 2515
5323 4 2 0 1 2000 1882 1920 2422
5324 4 2 0 1 2164 1199 2303 1355
5325 4 2 0 1 1890 1919 1977 2422
5326 4 2 0 1 2377 355 1868 1480
5327 4 2 0 1 333 178 1898 1914
5328 4 2 0 1 1823 280 2700 1816
5329 4 2 0 1 2625 2627 3077 3092
5330 4 2 0 1 2334 2713 2569 2208
5331 4 2 0 1 1825 1799 1837 1655
5332 4 2 0 1 2901 1484 1483 1999
5333 4 2 0 1 2422 1890 1943 1850
5334 4 2 0 1 3216 571 572 1477
5335 4 2 0 1 592 1663 330 1875
5336 4 2 0 1 1890 1487 1919 2422
5337 4 2 0 1 2000 1870 3089 1652
5338 4 2 0 1 2357 3107 2799 2882
5339 4 2 0 1 597 1803 171 1785
5340 4 2 0 1 1319 1340 2812 2239
5341 4 2 0 1 2593 3151 2466 2854
5342 4 2 0 1 171 170 172 1785
5343 4 2 0 1 14 13 1346 1742
5344 4 2 0 1 1991 1432 1037 1445
5345 4 2 0 1 991 2163 2185 1051
5346 4 2 0 1 496 1781 585 564
5347 4 2 0 1 2812 1340 1319 1284
5348 4 2 0 1 1963 2633 2788 546
5349 4 2 0 1 2028 2333 56 1261
5350 4 2 0 1 631 1904 106 1706
5351 4 2 0 1 1032 2141 2710 2239
5352 4 2 0 1 379 631 106 1706
5353 4 2 0 1 1962 106 1904 1706
5354 4 2 0 1 2141 1032 1031 1357
5355 4 2 0 1 113 111 160 1860
5356 4 2 0 1 39 38 810 2707
5357 4 2 0 1 331 2886 2888 88
5358 4 2 0 1 1210 2772 1325 1392
5359 4 2 0 1 475 375 345 1812
5360 4 2 0 1 2844 1970 1578 1971
5361 4 2 0 1 325 553 636 1746
5362 4 2 0 1 2537 2450 2548 2539
5363 4 2 0 1 1831 1694 648 1970
5364 4 2 0 1 2462 2335 2402 2810
5365 4 2 0 1 2844 2552 1761 2865
5366 4 2 0 1 1970 2844 2003 1879
5367 4 2 0 1 2451 1516 2361 2548
5368 4 2 0 1 1590 1830 2875 1530
5369 4 2 0 1 1961 1722 2536 2537
5370 4 2 0 1 2368 2436 2431 2438
5371 4 2 0 1 1590 2014 2875 2800
5372 4 2 0 1 2809 1887 2732 1924
5373 4 2 0 1 96 2691 2906 2020
5374 4 2 0 1 870 2152 877 876
5375 4 2 0 1 91 3163 2889 2907
5376 4 2 0 1 3127 3131 2526 1523
5377 4 2 0 1 1368 2205 810 2707
5378 4 2 0 1 2093 2925 2051 2933
5379 4 2 0 1 2111 1439 2129 2660
5380 4 2 0 1 390 1685 1689 388
5381 4 2 0 1 1508 2512 2373 1469
5382 4 2 0 1 2420 2430 2434 3123
5383 4 2 0 1 1699 276 1965 274
5384 4 2 0 1 1732 2335 2402 2337
5385 4 2 0 1 511 662 2018 742
5386 4 2 0 1 2801 1530 2547 2875
5387 4 2 0 1 2410 2745 3106 1585
5388 4 2 0 1 1094 1809 1403 1937
5389 4 2 0 1 2753 1735 3185 2814
5390 4 2 0 1 1325 2772 1210 2219
5391 4 2 0 1 364 1704 623 1703
5392 4 2 0 1 2410 1630 2406 1474
5393 4 2 0 1 2411 2410 2562 2406
5394 4 2 0 1 1939 1965 274 1699
5395 4 2 0 1 14 839 1742 1346
5396 4 2 0 1 1795 669 1938 408
5397 4 2 0 1 818 1771 1738 1447
5398 4 2 0 1 2007 1492 2442 1821
5399 4 2 0 1 1761 212 1814 1813
5400 4 2 0 1 2048 3060 2923 2929
5401 4 2 0 1 3176 2574 1505 2709
5402 4 2 0 1 746 1639 138 1704
5403 4 2 0 1 415 1602 1837 1799
5404 4 2 0 1 3220 1865 3222 466
5405 4 2 0 1 584 606 1708 2680
5406 4 2 0 1 2399 2745 2406 2410
5407 4 2 0 1 620 244 535 1794
5408 4 2 0 1 424 1880 184 187
5409 4 2 0 1 1720 1703 1566 2393
5410 4 2 0 1 490 1700 494 1969
5411 4 2 0 1 1775 1995 1958 200
5412 4 2 0 1 3167 2688 2687 2551
5413 4 2 0 1 2487 2400 2480 3129
5414 4 2 0 1 2705 1894 1776 1969
5415 4 2 0 1 890 3045 2202 2156
5416 4 2 0 1 2411 2562 1734 2406
5417 4 2 0 1 397 1820 1818 402
5418 4 2 0 1 422 717 1974 647
5419 4 2 0 1 2525 2364 3113 2692
5420 4 2 0 1 1961 1962 698 1997
5421 4 2 0 1 2646 2511 2654 2376
5422 4 2 0 1 364 1704 1703 1658
5423 4 2 0 1 1804 2423 1716 1717
5424 4 2 0 1 1521 3153 1599 3084
5425 4 2 0 1 2543 1857 2806 1722
5426 4 2 0 1 1934 1931 643 2889
5427 4 2 0 1 105 1904 106 107
5428 4 2 0 1 2395 2505 2397 2458
5429 4 2 0 1 2111 2328 3048 2660
5430 4 2 0 1 2110 2111 2276 3048
5431 4 2 0 1 3191 3081 2831 3194
5432 4 2 0 1 1512 3112 2359 2528
5433 4 2 0 1 1559 2354 1876 1875
5434 4 2 0 1 1719 1914 522 1718
5435 4 2 0 1 1724 720 263 1482
5436 4 2 0 1 277 551 1641 288
5437 4 2 0 1 1038 2183 2284 1001
5438 4 2 0 1 2543 338 1857 1722
5439 4 2 0 1 1976 2000 1864 1483
5440 4 2 0 1 2674 2670 2356 2347
5441 4 2 0 1 252 691 1975 250
5442 4 2 0 1 1964 454 678 791
5443 4 2 0 1 1713 1878 2662 444
5444 4 2 0 1 1797 1795 1808 1938
5445 4 2 0 1 2831 3081 2837 3194
5446 4 2 0 1 1501 2464 2813 2711
5447 4 2 0 1 3191 2831 3032 2048
5448 4 2 0 1 1551 2553 2555 1768
5449 4 2 0 1 1350 1187 2331 1188
5450 4 2 0 1 2238 2337 2239 2710
5451 4 2 0 1 1388 1895 1179 2306
5452 4 2 0 1 3052 1200 2775 3159
5453 4 2 0 1 3191 2831 3081 2829
5454 4 2 0 1 1936 2036 2038 2860
5455 4 2 0 1 3032 2831 2047 2832
5456 4 2 0 1 153 1832 150 148
5457 4 2 0 1 2376 2647 2650 2646
5458 4 2 0 1 153 3228 794 150
5459 4 2 0 1 686 476 480 1921
5460 4 2 0 1 2435 2805 3190 1651
5461 4 2 0 1 1828 758 2010 48
5462 4 2 0 1 2646 2511 2376 1555
5463 4 2 0 1 231 2874 1829 217
5464 4 2 0 1 545 1753 152 1825
5465 4 2 0 1 231 1829 2874 1858
5466 4 2 0 1 3220 1865 463 420
5467 4 2 0 1 3131 2500 2397 2395
5468 4 2 0 1 1112 2026 2027 805
5469 4 2 0 1 381 476 1921 480
5470 4 2 0 1 1113 1114 1118 2027
5471 4 2 0 1 2632 1659 3198 2769
5472 4 2 0 1 2357 1517 2365 2362
5473 4 2 0 1 2996 1174 2154 2163
5474 4 2 0 1 1113 805 2027 2025
5475 4 2 0 1 1112 1402 2027 1413
5476 4 2 0 1 805 2025 1405 1450
5477 4 2 0 1 67 1992 1675 686
5478 4 2 0 1 2727 1613 2900 3206
5479 4 2 0 1 2967 2722 2721 1736
5480 4 2 0 1 2703 2677 2687 2678
5481 4 2 0 1 2517 3177 3180 2714
5482 4 2 0 1 2688 1700 2687 1958
5483 4 2 0 1 295 294 1493 1998
5484 4 2 0 1 3187 2387 2620 2613
5485 4 2 0 1 3036 2735 1666 3142
5486 4 2 0 1 2086 2143 2601 2109
5487 4 2 0 1 1690 1691 2558 1738
5488 4 2 0 1 843 2969 847 844
5489 4 2 0 1 914 915 2104 2300
5490 4 2 0 1 2060 2234 2855 2134
5491 4 2 0 1 1893 1551 1766 1768
5492 4 2 0 1 1159 1410 1174 2103
5493 4 2 0 1 573 574 3216 572
5494 4 2 0 1 1700 762 494 1969
5495 4 2 0 1 2153 1234 2094 2221
5496 4 2 0 1 2078 1018 2251 1007
5497 4 2 0 1 3215 1177 2175 1321
5498 4 2 0 1 2120 1367 1182 1411
5499 4 2 0 1 2026 2028 2631 1941
5500 4 2 0 1 621 1759 759 315
5501 4 2 0 1 2274 837 840 2133
5502 4 2 0 1 2825 1610 3181 3180
5503 4 2 0 1 2869 1782 2321 1833
5504 4 2 0 1 1636 563 3167 1714
5505 4 2 0 1 489 490 3168 732
5506 4 2 0 1 1497 2458 1930 1884
5507 4 2 0 1 2213 1425 2089 2210
5508 4 2 0 1 2069 860 862 861
5509 4 2 0 1 295 1493 294 293
5510 4 2 0 1 2968 965 908 2210
5511 4 2 0 1 1068 2207 2145 1067
5512 4 2 0 1 2251 1444 2078 1142
5513 4 2 0 1 2104 882 3003 912
5514 4 2 0 1 2833 2834 2835 2051
5515 4 2 0 1 2593 2964 2854 2466
5516 4 2 0 1 1234 2179 966 968
5517 4 2 0 1 2615 2815 1622 3173
5518 4 2 0 1 2661 3156 3153 3084
5519 4 2 0 1 2981 958 918 2171
5520 4 2 0 1 2909 2913 3205 3013
5521 4 2 0 1 2329 1558 2820 3048
5522 4 2 0 1 2833 2834 2836 2328
5523 4 2 0 1 2593 2964 2466 2737
5524 4 2 0 1 980 981 1326 2193
5525 4 2 0 1 2186 3058 3030 879
5526 4 2 0 1 630 25 26 2032
5527 4 2 0 1 3168 74 732 526
5528 4 2 0 1 1234 1336 2094 2221
5529 4 2 0 1 2885 2505 1930 2397
5530 4 2 0 1 2102 2101 2192 2077
5531 4 2 0 1 2757 3187 3213 2620
5532 4 2 0 1 732 74 3168 489
5533 4 2 0 1 3040 3041 961 2140
5534 4 2 0 1 2961 2191 2192 2219
5535 4 2 0 1 167 165 1803 1800
5536 4 2 0 1 904 2279 2038 2280
5537 4 2 0 1 1995 324 1832 323
5538 4 2 0 1 2638 2640 2559 1768
5539 4 2 0 1 1894 1893 2639 27
5540 4 2 0 1 1454 1427 2123 2108
5541 4 2 0 1 2097 1953 2968 2969
5542 4 2 0 1 2500 2505 2397 2395
5543 4 2 0 1 2887 2574 2575 2576
5544 4 2 0 1 1266 916 2981 918
5545 4 2 0 1 2037 3075 2818 2039
5546 4 2 0 1 2609 2032 2279 2038
5547 4 2 0 1 1894 761 523 77
5548 4 2 0 1 1771 1765 1767 2555
5549 4 2 0 1 1190 1191 1422 2314
5550 4 2 0 1 1803 165 167 166
5551 4 2 0 1 1855 1841 405 1996
5552 4 2 0 1 1291 1258 2067 1353
5553 4 2 0 1 833 2313 1452 2319
5554 4 2 0 1 2312 1358 1108 986
5555 4 2 0 1 1897 1791 1898 2861
5556 4 2 0 1 2905 2007 1527 2008
5557 4 2 0 1 2905 2906 2866 2907
5558 4 2 0 1 920 2216 2175 1321
5559 4 2 0 1 1409 3087 1119 1222
5560 4 2 0 1 2533 2529 2494 2528
5561 4 2 0 1 2905 2903 2866 2008
5562 4 2 0 1 2502 2905 2866 2907
5563 4 2 0 1 2046 1167 971 2226
5564 4 2 0 1 1374 1137 3015 1320
5565 4 2 0 1 971 2225 2046 2226
5566 4 2 0 1 955 2186 2139 1219
5567 4 2 0 1 2889 1932 88 2888
5568 4 2 0 1 2462 1730 733 2335
5569 4 2 0 1 1855 405 1841 711
5570 4 2 0 1 1956 2006 1958 1981
5571 4 2 0 1 1236 1015 1207 2194
5572 4 2 0 1 1479 665 258 784
5573 4 2 0 1 607 1832 1746 153
5574 4 2 0 1 2750 1349 1178 1119
5575 4 2 0 1 1061 2258 2902 3035
5576 4 2 0 1 1074 1075 2086 1076
5577 4 2 0 1 1824 2876 219 712
5578 4 2 0 1 576 618 231 1856
5579 4 2 0 1 1970 2003 2844 1578
5580 4 2 0 1 1855 405 711 721
5581 4 2 0 1 2911 2988 3205 2119
5582 4 2 0 1 3012 2286 3059 3015
5583 4 2 0 1 2272 1358 986 946
5584 4 2 0 1 2015 2839 2654 2656
5585 4 2 0 1 2113 2030 822 823
5586 4 2 0 1 2533 2534 2494 2529
5587 4 2 0 1 909 964 1306 2157
5588 4 2 0 1 2639 2638 2685 2683
5589 4 2 0 1 2084 1247 2033 1547
5590 4 2 0 1 361 433 2858 491
5591 4 2 0 1 2809 1887 1556 2880
5592 4 2 0 1 1906 2699 1959 1594
5593 4 2 0 1 361 2858 433 1853
5594 4 2 0 1 1940 1906 1959 1873
5595 4 2 0 1 1016 2286 2312 2193
5596 4 2 0 1 1312 849 2114 844
5597 4 2 0 1 2666 1466 2349 1594
5598 4 2 0 1 1940 1906 1873 1816
5599 4 2 0 1 2577 2519 1557 3155
5600 4 2 0 1 2573 2461 2568 3134
5601 4 2 0 1 2642 1217 2126 2752
5602 4 2 0 1 2670 2671 2890 2348
5603 4 2 0 1 2220 2219 2772 2470
5604 4 2 0 1 2723 2783 2999 1674
5605 4 2 0 1 3031 3032 2915 2127
5606 4 2 0 1 1995 324 323 203
5607 4 2 0 1 1201 3041 2141 1287
5608 4 2 0 1 1568 2670 2671 2890
5609 4 2 0 1 2058 3203 2856 3186
5610 4 2 0 1 1816 282 284 1906
5611 4 2 0 1 1245 2322 1242 901
5612 4 2 0 1 2095 2895 2989 2166
5613 4 2 0 1 1816 284 282 283
5614 4 2 0 1 2042 2041 1747 2708
5615 4 2 0 1 2697 2698 2413 1984
5616 4 2 0 1 540 542 3217 729
5617 4 2 0 1 2079 2217 2189 2993
5618 4 2 0 1 1985 1779 1975 1982
5619 4 2 0 1 3081 3025 2013 2828
5620 4 2 0 1 947 1289 921 2074
5621 4 2 0 1 2227 2985 899 2327
5622 4 2 0 1 2834 2129 2835 2051
5623 4 2 0 1 2894 2895 2989 2896
5624 4 2 0 1 3011 2013 3205 2908
5625 4 2 0 1 278 1965 276 277
5626 4 2 0 1 1936 1807 2036 2860
5627 4 2 0 1 278 1965 277 1823
5628 4 2 0 1 2353 1536 2590 2381
5629 4 2 0 1 2079 2217 2993 2081
5630 4 2 0 1 1039 1068 2207 2144
5631 4 2 0 1 247 1780 1985 1743
5632 4 2 0 1 2521 1595 2346 2583
5633 4 2 0 1 277 1965 276 275
5634 4 2 0 1 2017 1968 1397 814
5635 4 2 0 1 1485 3108 3107 2454
5636 4 2 0 1 567 1944 503 679
5637 4 2 0 1 2202 2236 2851 2298
5638 4 2 0 1 964 2162 2157 999
5639 4 2 0 1 1841 81 550 1742
5640 4 2 0 1 2905 2007 2008 2866
5641 4 2 0 1 2030 821 822 823
5642 4 2 0 1 1312 2133 2067 1353
5643 4 2 0 1 2616 2617 2467 2621
5644 4 2 0 1 1471 1536 2607 2590
5645 4 2 0 1 2201 2775 1214 1325
5646 4 2 0 1 915 2201 1214 982
5647 4 2 0 1 2254 2255 2946 3062
5648 4 2 0 1 2023 2007 2906 2873
5649 4 2 0 1 927 3052 918 2171
5650 4 2 0 1 1908 1786 1583 1979
5651 4 2 0 1 262 3227 261 778
5652 4 2 0 1 883 2227 889 2928
5653 4 2 0 1 260 3227 262 1482
5654 4 2 0 1 2525 2441 2521 2903
5655 4 2 0 1 2521 1595 2583 2359
5656 4 2 0 1 3111 2521 2525 2583
5657 4 2 0 1 2127 1141 3030 2985
5658 4 2 0 1 898 3030 2985 2227
5659 4 2 0 1 3058 874 875 879
5660 4 2 0 1 1942 2031 495 1941
5661 4 2 0 1 2312 1016 986 1099
5662 4 2 0 1 1975 249 251 250
5663 4 2 0 1 572 575 1477 570
5664 4 2 0 1 3062 2962 3068 2946
5665 4 2 0 1 1463 2101 2220 2297
5666 4 2 0 1 2122 2095 3004 3005
5667 4 2 0 1 1471 2353 1583 1979
5668 4 2 0 1 2642 1090 1385 2847
5669 4 2 0 1 1664 2775 3065 2754
5670 4 2 0 1 1128 1315 1385 2642
5671 4 2 0 1 2960 2957 1953 2855
5672 4 2 0 1 2146 2602 2142 2144
5673 4 2 0 1 889 2227 2936 2928
5674 4 2 0 1 2831 2832 2830 2047
5675 4 2 0 1 1611 2718 1750 2827
5676 4 2 0 1 572 1477 575 1724
5677 4 2 0 1 2223 959 976 2171
5678 4 2 0 1 2336 3052 3051 3159
5679 4 2 0 1 1322 2111 1009 2110
5680 4 2 0 1 1698 1477 575 570
5681 4 2 0 1 1880 1770 187 1769
5682 4 2 0 1 2051 2835 2928 2936
5683 4 2 0 1 2091 2952 2089 2247
5684 4 2 0 1 1303 1323 1253 2250
5685 4 2 0 1 883 1237 2093 2928
5686 4 2 0 1 555 1727 1671 1656
5687 4 2 0 1 2574 3176 2376 2709
5688 4 2 0 1 1310 2218 1415 2176
5689 4 2 0 1 2824 2475 2943 2476
5690 4 2 0 1 1240 1036 3030 879
5691 4 2 0 1 1820 397 401 402
5692 4 2 0 1 1510 1932 2709 1607
5693 4 2 0 1 2736 2737 2466 3150
5694 4 2 0 1 1698 575 1477 1724
5695 4 2 0 1 904 1127 2280 1166
5696 4 2 0 1 2660 2242 2934 2935
5697 4 2 0 1 746 1639 1704 1667
5698 4 2 0 1 1585 3128 1473 2398
5699 4 2 0 1 2659 2478 2980 2935
5700 4 2 0 1 2478 2659 2479 2935
5701 4 2 0 1 2478 1748 2980 2935
5702 4 2 0 1 1748 2478 2479 2935
5703 4 2 0 1 2948 2921 2946 2978
5704 4 2 0 1 2883 1522 1510 2506
5705 4 2 0 1 2904 1972 2649 2886
5706 4 2 0 1 2824 2944 2947 3049
5707 4 2 0 1 2361 1517 2357 2362
5708 4 2 0 1 2961 2962 2856 2956
5709 4 2 0 1 2930 2924 3001 2925
5710 4 2 0 1 1365 1063 3067 1228
5711 4 2 0 1 2950 2179 2945 2956
5712 4 2 0 1 2267 2969 2269 2955
5713 4 2 0 1 2969 3004 2955 2267
5714 4 2 0 1 2896 2895 2989 3004
5715 4 2 0 1 2573 2461 3133 2568
5716 4 2 0 1 2201 1244 2951 2219
5717 4 2 0 1 2234 1624 2855 2134
5718 4 2 0 1 2220 2296 2470 2772
5719 4 2 0 1 2962 2944 2945 2947
5720 4 2 0 1 1991 1432 1350 2244
5721 4 2 0 1 1300 2012 1372 1045
5722 4 2 0 1 1843 1844 1845 2383
5723 4 2 0 1 923 2074 2243 2327
5724 4 2 0 1 155 1715 624 142
5725 4 2 0 1 624 1756 2681 1715
5726 4 2 0 1 1557 2471 3153 3154
5727 4 2 0 1 2853 2299 3008 2989
5728 4 2 0 1 1007 2251 1307 1018
5729 4 2 0 1 2230 1544 2318 2469
5730 4 2 0 1 1321 1299 1204 2108
5731 4 2 0 1 2739 2587 2740 2261
5732 4 2 0 1 2173 2100 2966 2092
5733 4 2 0 1 2314 1191 1272 1021
5734 4 2 0 1 2081 1218 2993 1393
5735 4 2 0 1 1893 1388 801 27
5736 4 2 0 1 2375 2369 2370 2507
5737 4 2 0 1 1859 131 440 129
5738 4 2 0 1 2904 2886 2709 2888
5739 4 2 0 1 2313 2317 2231 2319
5740 4 2 0 1 2214 1024 990 2221
5741 4 2 0 1 2317 1953 1544 2231
5742 4 2 0 1 1859 131 129 2540
5743 4 2 0 1 1985 1779 1780 248
5744 4 2 0 1 1107 2078 1007 1106
5745 4 2 0 1 3203 2963 2856 3186
5746 4 2 0 1 1310 2196 2218 2176
5747 4 2 0 1 2965 2100 2060 2210
5748 4 2 0 1 456 1655 1825 716
5749 4 2 0 1 2951 2201 2219 3065
5750 4 2 0 1 2470 2754 2773 3065
5751 4 2 0 1 2172 1434 2278 2300
5752 4 2 0 1 3029 2611 2637 3073
5753 4 2 0 1 2201 1244 2219 982
5754 4 2 0 1 814 2039 1937 1968
5755 4 2 0 1 2243 1289 923 1457
5756 4 2 0 1 2254 2949 3020 2959
5757 4 2 0 1 1303 1003 2250 1251
5758 4 2 0 1 2835 2051 2928 3192
5759 4 2 0 1 777 776 1675 52
5760 4 2 0 1 1782 2333 2331 1784
5761 4 2 0 1 2649 2904 3176 2507
5762 4 2 0 1 2646 2511 1555 1752
5763 4 2 0 1 1528 2369 2008 2507
5764 4 2 0 1 1666 2514 2404 3116
5765 4 2 0 1 2219 2470 2102 2773
5766 4 2 0 1 1250 2139 1219 955
5767 4 2 0 1 3157 2971 2774 3203
5768 4 2 0 1 1432 1399 1350 2244
5769 4 2 0 1 2153 1311 878 876
5770 4 2 0 1 2972 2754 3065 2773
5771 4 2 0 1 456 1655 716 640
5772 4 2 0 1 2186 2237 2127 3031
5773 4 2 0 1 2314 2276 3019 2246
5774 4 2 0 1 2569 2571 2572 3061
5775 4 2 0 1 805 2025 2026 2027
5776 4 2 0 1 1186 2333 1187 1188
5777 4 2 0 1 2061 2774 2773 2961
5778 4 2 0 1 2754 2470 2772 3065
5779 4 2 0 1 2305 1372 1045 819
5780 4 2 0 1 1992 2651 1989 2808
5781 4 2 0 1 2136 2288 3206 1613
5782 4 2 0 1 2171 2223 2981 2072
5783 4 2 0 1 2242 1748 2072 2222
5784 4 2 0 1 2323 1336 1161 901
5785 4 2 0 1 2648 2649 1506 2507
5786 4 2 0 1 2979 1748 2935 2222
5787 4 2 0 1 2981 958 2171 2072
5788 4 2 0 1 2166 2299 2077 2298
5789 4 2 0 1 2851 2166 2894 2167
5790 4 2 0 1 1011 2277 865 2068
5791 4 2 0 1 2040 1587 2818 1845
5792 4 2 0 1 2984 1545 2598 3083
5793 4 2 0 1 1660 2994 2098 2998
5794 4 2 0 1 2332 3044 3088 2749
5795 4 2 0 1 2118 956 2075 2103
5796 4 2 0 1 2470 3209 3008 2773
5797 4 2 0 1 791 1964 1662 1892
5798 4 2 0 1 2212 2722 2721 2059
5799 4 2 0 1 3018 2223 2124 2980
5800 4 2 0 1 2986 2832 2047 2830
5801 4 2 0 1 1662 1964 791 454
5802 4 2 0 1 1004 1005 2993 985
5803 4 2 0 1 2994 2996 2098 2087
5804 4 2 0 1 2242 2124 2660 1085
5805 4 2 0 1 2691 91 92 2907
5806 4 2 0 1 896 1317 3005 1175
5807 4 2 0 1 2375 2369 2366 2370
5808 4 2 0 1 1197 2205 1728 2713
5809 4 2 0 1 2691 92 91 93
5810 4 2 0 1 79 2793 625 733
5811 4 2 0 1 3184 1202 2772 3041
5812 4 2 0 1 2754 2753 3185 3039
5813 4 2 0 1 1858 618 1856 231
5814 4 2 0 1 2011 2012 1045 2009
5815 4 2 0 1 2154 2750 2240 1118
5816 4 2 0 1 3120 2574 3122 2376
5817 4 2 0 1 1991 1990 2244 2331
5818 4 2 0 1 2305 1054 2161 1065
5819 4 2 0 1 2122 3004 2319 3005
5820 4 2 0 1 2122 2095 3005 2096
5821 4 2 0 1 2302 850 2164 852
5822 4 2 0 1 2122 3004 2895 2896
5823 4 2 0 1 1858 618 231 235
5824 4 2 0 1 3087 2244 2331 1349
5825 4 2 0 1 3087 2244 1349 2160
5826 4 2 0 1 3000 2828 3205 3026
5827 4 2 0 1 3011 2909 3205 3013
5828 4 2 0 1 2272 2115 2135 3013
5829 4 2 0 1 2913 2909 2135 3013
5830 4 2 0 1 1509 2405 2403 2561
5831 4 2 0 1 2913 2115 3021 3013
5832 4 2 0 1 1041 952 1320 2209
5833 4 2 0 1 2115 2913 2135 3013
5834 4 2 0 1 1924 1726 2808 1921
5835 4 2 0 1 1354 1399 1054 2161
5836 4 2 0 1 2329 2304 2820 1747
5837 4 2 0 1 685 1623 502 651
5838 4 2 0 1 2924 3201 2927 2923
5839 4 2 0 1 1028 1826 2301 1154
5840 4 2 0 1 2283 2310 3014 2908
5841 4 2 0 1 2942 2049 2992 3064
5842 4 2 0 1 2120 3200 3024 3023
5843 4 2 0 1 909 2065 1231 2156
5844 4 2 0 1 1313 1104 2184 1215
5845 4 2 0 1 831 2313 1452 833
5846 4 2 0 1 2235 1139 1449 1348
5847 4 2 0 1 2082 2992 3064 2050
5848 4 2 0 1 2141 1357 1440 1155
5849 4 2 0 1 2172 2112 2222 2933
5850 4 2 0 1 1795 669 408 182
5851 4 2 0 1 2004 2005 1309 2019
5852 4 2 0 1 3171 2518 2512 3122
5853 4 2 0 1 659 2378 3124 1681
5854 4 2 0 1 2764 2805 2341 2845
5855 4 2 0 1 2120 3200 3023 2055
5856 4 2 0 1 1743 247 186 744
5857 4 2 0 1 1851 1681 302 1943
5858 4 2 0 1 433 354 1778 492
5859 4 2 0 1 182 408 1795 180
5860 4 2 0 1 1864 1483 1999 1998
5861 4 2 0 1 3021 2080 2116 2991
5862 4 2 0 1 301 1851 302 1943
5863 4 2 0 1 1657 1469 2373 2371
5864 4 2 0 1 2586 1467 2606 2605
5865 4 2 0 1 1909 1884 2489 2490
5866 4 2 0 1 2545 2487 3129 1636
5867 4 2 0 1 2655 3176 2649 2376
5868 4 2 0 1 1503 3131 2397 2395
5869 4 2 0 1 2871 590 284 635
5870 4 2 0 1 2712 1734 3135 3185
5871 4 2 0 1 3097 2366 2346 1687
5872 4 2 0 1 1795 669 182 1794
5873 4 2 0 1 2790 1550 3091 2791
5874 4 2 0 1 2583 2443 2797 3190
5875 4 2 0 1 2493 1526 2548 1516
5876 4 2 0 1 2398 2485 1737 2555
5877 4 2 0 1 2561 2405 2403 2563
5878 4 2 0 1 2981 2275 2821 2300
5879 4 2 0 1 181 1795 182 1794
5880 4 2 0 1 2739 2747 3150 2615
5881 4 2 0 1 1520 2842 2563 3145
5882 4 2 0 1 2399 1585 2410 3134
5883 4 2 0 1 1759 570 1847 1698
5884 4 2 0 1 2981 958 2072 1266
5885 4 2 0 1 1759 570 1698 759
5886 4 2 0 1 1386 2025 1051 2240
5887 4 2 0 1 2461 2460 1473 3133
5888 4 2 0 1 1386 1051 2025 1189
5889 4 2 0 1 2267 2969 843 844
5890 4 2 0 1 2755 1646 2463 2751
5891 4 2 0 1 1831 1830 752 2002
5892 4 2 0 1 1383 1051 2025 2240
5893 4 2 0 1 3089 2805 2339 2432
5894 4 2 0 1 2612 1541 2619 3071
5895 4 2 0 1 2266 2743 2307 2381
5896 4 2 0 1 1951 1945 1033 1394
5897 4 2 0 1 2613 2467 3187 3174
5898 4 2 0 1 2925 2924 2926 2929
5899 4 2 0 1 3105 2406 2747 3173
5900 4 2 0 1 1649 2759 1499 2753
5901 4 2 0 1 2923 2924 2925 2929
5902 4 2 0 1 2609 2032 2038 2860
5903 4 2 0 1 2652 3179 2727 1989
5904 4 2 0 1 23 24 1936 2038
5905 4 2 0 1 1878 441 443 444
5906 4 2 0 1 1383 2025 1051 1189
5907 4 2 0 1 2776 1686 2790 2791
5908 4 2 0 1 1806 1579 1807 2860
5909 4 2 0 1 2184 1083 1181 1430
5910 4 2 0 1 3199 2948 2921 2941
5911 4 2 0 1 1987 2671 1561 2348
5912 4 2 0 1 2348 2351 2662 2532
5913 4 2 0 1 1181 1083 2184 1104
5914 4 2 0 1 2485 2560 3128 2394
5915 4 2 0 1 1719 332 522 1914
5916 4 2 0 1 3074 2611 2637 3056
5917 4 2 0 1 488 2742 1644 589
5918 4 2 0 1 2034 2763 1872 2360
5919 4 2 0 1 1694 1596 2498 1572
5920 4 2 0 1 1563 1586 512 1787
5921 4 2 0 1 1750 2828 3081 2908
5922 4 2 0 1 2487 2879 2491 2480
5923 4 2 0 1 1786 2816 173 1559
5924 4 2 0 1 1192 1279 2178 1194
5925 4 2 0 1 3113 3146 2363 2428
5926 4 2 0 1 2536 1961 626 370
5927 4 2 0 1 3199 3204 2948 2056
5928 4 2 0 1 1730 34 2335 33
5929 4 2 0 1 3104 1661 3097 2403
5930 4 2 0 1 2412 2630 3076 2916
5931 4 2 0 1 2705 1894 2685 2683
5932 4 2 0 1 2676 2553 2560 1581
5933 4 2 0 1 1597 2533 2392 2542
5934 4 2 0 1 2244 1990 2305 1613
5935 4 2 0 1 1775 1995 200 198
5936 4 2 0 1 1994 2681 479 1907
5937 4 2 0 1 1570 3166 2520 3099
5938 4 2 0 1 2735 1666 3142 2404
5939 4 2 0 1 42 2041 1607 1286
5940 4 2 0 1 277 278 1823 279
5941 4 2 0 1 2638 2639 2685 2640
5942 4 2 0 1 808 2030 6 821
5943 4 2 0 1 1584 2760 2756 2746
5944 4 2 0 1 741 301 302 1943
5945 4 2 0 1 1056 2033 63 62
5946 4 2 0 1 757 2026 1546 1941
5947 4 2 0 1 2901 298 1850 299
5948 4 2 0 1 1890 419 481 1625
5949 4 2 0 1 2427 2452 1701 1707
5950 4 2 0 1 622 568 1977 351
5951 4 2 0 1 2784 1674 2404 3142
5952 4 2 0 1 2563 3145 3143 2411
5953 4 2 0 1 2420 1681 2789 3124
5954 4 2 0 1 1713 1878 444 441
5955 4 2 0 1 3178 2009 1989 2727
5956 4 2 0 1 536 74 770 2558
5957 4 2 0 1 2561 2562 2410 3134
5958 4 2 0 1 1771 1772 1737 2555
5959 4 2 0 1 1930 2793 1928 1497
5960 4 2 0 1 489 1765 74 2554
5961 4 2 0 1 2577 1508 2512 3170
5962 4 2 0 1 2444 2436 2777 2437
5963 4 2 0 1 2244 1990 1613 2900
5964 4 2 0 1 2370 2643 1528 2367
5965 4 2 0 1 2367 3094 1687 2371
5966 4 2 0 1 2834 3016 3048 2660
5967 4 2 0 1 2110 3017 2660 3048
5968 4 2 0 1 658 1851 1681 302
5969 4 2 0 1 2427 2453 2796 2797
5970 4 2 0 1 3017 2110 2276 3048
5971 4 2 0 1 390 1685 388 387
5972 4 2 0 1 1869 287 311 1918
5973 4 2 0 1 2339 1490 2435 2423
5974 4 2 0 1 1049 2282 1407 1193
5975 4 2 0 1 2421 1686 1680 2635
5976 4 2 0 1 2434 2378 358 627
5977 4 2 0 1 1680 1491 2421 1863
5978 4 2 0 1 2442 2368 2439 2440
5979 4 2 0 1 496 1783 2031 524
5980 4 2 0 1 1546 2026 2631 1941
5981 4 2 0 1 1626 1487 2789 1918
5982 4 2 0 1 42 1607 2041 2042
5983 4 2 0 1 1685 386 504 388
5984 4 2 0 1 576 214 1814 217
5985 4 2 0 1 2036 2609 2038 2860
5986 4 2 0 1 730 1606 2704 436
5987 4 2 0 1 2260 2738 2587 2740
5988 4 2 0 1 2684 1849 2861 2609
5989 4 2 0 1 2203 1649 2151 3055
5990 4 2 0 1 2204 1896 2178 1822
5991 4 2 0 1 707 1810 270 269
5992 4 2 0 1 1898 178 604 173
5993 4 2 0 1 2143 1380 2184 2146
5994 4 2 0 1 188 556 187 1769
5995 4 2 0 1 2141 1031 1201 1357
5996 4 2 0 1 624 1756 1715 155
5997 4 2 0 1 443 739 1787 512
5998 4 2 0 1 1628 2742 1535 1644
5999 4 2 0 1 2816 1898 173 1559
6000 4 2 0 1 24 1729 1936 2038
6001 4 2 0 1 993 1192 2178 1194
6002 4 2 0 1 415 240 1829 1602
6003 4 2 0 1 2642 993 2177 2178
6004 4 2 0 1 130 2365 2362 128
6005 4 2 0 1 3008 2774 2856 2102
6006 4 2 0 1 2173 2234 1619 2966
6007 4 2 0 1 1708 584 1830 613
6008 4 2 0 1 793 1865 755 2014
6009 4 2 0 1 1376 2055 2068 2256
6010 4 2 0 1 1375 1315 2178 1194
6011 4 2 0 1 1311 1234 1336 2094
6012 4 2 0 1 3201 2930 2924 2056
6013 4 2 0 1 3034 1616 3100 3101
6014 4 2 0 1 2547 1971 2867 2801
6015 4 2 0 1 213 212 214 1814
6016 4 2 0 1 2393 2496 2678 2679
6017 4 2 0 1 77 1969 523 1894
6018 4 2 0 1 2543 339 340 341
6019 4 2 0 1 2570 2810 2402 2811
6020 4 2 0 1 2874 2876 2875 1858
6021 4 2 0 1 2394 1473 1523 3128
6022 4 2 0 1 2483 2543 2864 2806
6023 4 2 0 1 2025 1189 1405 1339
6024 4 2 0 1 2173 2100 2092 2062
6025 4 2 0 1 1112 805 2027 1113
6026 4 2 0 1 795 1730 549 75
6027 4 2 0 1 448 2031 303 2028
6028 4 2 0 1 253 2043 1975 1479
6029 4 2 0 1 2949 2959 2945 2956
6030 4 2 0 1 2682 2676 2677 1758
6031 4 2 0 1 2181 1039 2207 2144
6032 4 2 0 1 1908 1654 1891 329
6033 4 2 0 1 2398 1473 2485 3128
6034 4 2 0 1 3130 2486 3106 1661
6035 4 2 0 1 2015 2511 2657 2654
6036 4 2 0 1 1375 2178 1315 1822
6037 4 2 0 1 2751 2752 3028 2847
6038 4 2 0 1 2686 1579 1791 2704
6039 4 2 0 1 1785 172 173 1744
6040 4 2 0 1 1855 18 1968 1996
6041 4 2 0 1 816 2333 1402 1261
6042 4 2 0 1 246 1743 186 62
6043 4 2 0 1 1477 3216 1724 572
6044 4 2 0 1 2959 2962 2058 3062
6045 4 2 0 1 2967 1774 3203 3186
6046 4 2 0 1 1869 287 1918 1846
6047 4 2 0 1 3216 571 1477 722
6048 4 2 0 1 1261 56 2028 57
6049 4 2 0 1 2959 2949 3020 2956
6050 4 2 0 1 2063 2943 3069 3068
6051 4 2 0 1 1864 1999 1483 2424
6052 4 2 0 1 403 554 396 2779
6053 4 2 0 1 619 1912 394 392
6054 4 2 0 1 1830 513 2800 613
6055 4 2 0 1 512 1563 1787 1663
6056 4 2 0 1 132 2002 1831 752
6057 4 2 0 1 1669 119 1900 1901
6058 4 2 0 1 2578 2580 2482 2484
6059 4 2 0 1 6 510 2019 1623
6060 4 2 0 1 2063 2943 3068 2953
6061 4 2 0 1 3150 3103 2747 2739
6062 4 2 0 1 1478 1724 1479 1477
6063 4 2 0 1 2025 2085 2240 1386
6064 4 2 0 1 2778 2777 396 395
6065 4 2 0 1 1792 1575 1793 2686
6066 4 2 0 1 1952 2073 2230 2229
6067 4 2 0 1 2848 1584 2610 3073
6068 4 2 0 1 292 423 547 1493
6069 4 2 0 1 775 694 1919 306
6070 4 2 0 1 568 478 1977 351
6071 4 2 0 1 2255 3202 2946 3070
6072 4 2 0 1 3068 2948 3069 3070
6073 4 2 0 1 2706 1700 1958 2687
6074 4 2 0 1 1972 2907 2866 352
6075 4 2 0 1 2365 127 128 129
6076 4 2 0 1 2213 1125 3070 2091
6077 4 2 0 1 2941 3201 2939 2054
6078 4 2 0 1 1658 1704 1566 1667
6079 4 2 0 1 260 3227 1482 1724
6080 4 2 0 1 3212 2566 3169 3137
6081 4 2 0 1 2426 2416 2445 2762
6082 4 2 0 1 1487 1626 2789 1943
6083 4 2 0 1 2785 2295 1335 1978
6084 4 2 0 1 3202 2921 2946 3070
6085 4 2 0 1 2055 1125 2248 3070
6086 4 2 0 1 2182 2594 2200 1543
6087 4 2 0 1 119 1901 1669 123
6088 4 2 0 1 2535 3113 2482 2692
6089 4 2 0 1 2401 1691 2490 2457
6090 4 2 0 1 2941 3201 2056 2939
6091 4 2 0 1 1543 2870 2892 2200
6092 4 2 0 1 2904 1507 1505 3176
6093 4 2 0 1 1196 1197 978 1728
6094 4 2 0 1 3119 3121 2577 1508
6095 4 2 0 1 2714 1610 3181 2651
6096 4 2 0 1 554 1917 506 1668
6097 4 2 0 1 968 2221 2180 990
6098 4 2 0 1 1932 1933 2709 2888
6099 4 2 0 1 2373 2512 3170 3118
6100 4 2 0 1 968 2180 2221 2179
6101 4 2 0 1 2032 1461 2279 2038
6102 4 2 0 1 1719 623 1586 1703
6103 4 2 0 1 2688 1980 205 1958
6104 4 2 0 1 2706 2689 1958 2681
6105 4 2 0 1 2743 2585 2117 2266
6106 4 2 0 1 1809 2039 2037 1937
6107 4 2 0 1 455 1825 657 1753
6108 4 2 0 1 1746 3214 1769 557
6109 4 2 0 1 1467 2671 2347 2667
6110 4 2 0 1 1158 2115 938 1459
6111 4 2 0 1 903 23 2037 2271
6112 4 2 0 1 2610 1793 1537 3188
6113 4 2 0 1 1390 1647 1019 2306
6114 4 2 0 1 3210 2825 3082 2731
6115 4 2 0 1 2335 34 1241 33
6116 4 2 0 1 2530 2877 2494 2534
6117 4 2 0 1 2352 1629 2667 1654
6118 4 2 0 1 1894 2639 2685 2683
6119 4 2 0 1 1228 1014 3067 1328
6120 4 2 0 1 1940 2699 2696 2350
6121 4 2 0 1 2493 1517 2361 3162
6122 4 2 0 1 2129 2834 2328 2660
6123 4 2 0 1 3018 3017 2124 3067
6124 4 2 0 1 2643 2647 2645 1887
6125 4 2 0 1 1158 938 2115 935
6126 4 2 0 1 2336 2174 1032 2238
6127 4 2 0 1 2205 3067 2713 1365
6128 4 2 0 1 959 1288 2224 1014
6129 4 2 0 1 3011 3012 3015 3013
6130 4 2 0 1 3015 1041 2209 2105
6131 4 2 0 1 2002 140 2362 2449
6132 4 2 0 1 2157 909 902 2156
6133 4 2 0 1 397 1821 647 422
6134 4 2 0 1 2522 1687 2523 3092
6135 4 2 0 1 3132 2504 3134 2396
6136 4 2 0 1 1430 2086 1265 1153
6137 4 2 0 1 2398 3195 1585 2556
6138 4 2 0 1 2267 2897 3004 2955
6139 4 2 0 1 2618 3043 2612 1543
6140 4 2 0 1 2608 2261 2589 2263
6141 4 2 0 1 3000 2988 2119 3205
6142 4 2 0 1 3209 3008 3152 2852
6143 4 2 0 1 2522 3140 1687 3092
6144 4 2 0 1 2649 2376 1555 2646
6145 4 2 0 1 1812 473 1760 1813
6146 4 2 0 1 112 111 1860 2781
6147 4 2 0 1 1961 518 698 578
6148 4 2 0 1 2157 902 909 963
6149 4 2 0 1 331 90 2888 1972
6150 4 2 0 1 2525 2441 2903 1527
6151 4 2 0 1 2008 2648 2866 1819
6152 4 2 0 1 3098 3166 1570 3099
6153 4 2 0 1 699 100 2020 1701
6154 4 2 0 1 1761 764 1813 473
6155 4 2 0 1 3098 1595 3166 2531
6156 4 2 0 1 2497 1504 1788 1597
6157 4 2 0 1 1571 1596 2540 2391
6158 4 2 0 1 426 403 1656 555
6159 4 2 0 1 1597 1571 2391 2499
6160 4 2 0 1 2059 2212 2782 2966
6161 4 2 0 1 2332 3088 2750 2331
6162 4 2 0 1 2994 2087 2098 2998
6163 4 2 0 1 2160 2161 1270 1105
6164 4 2 0 1 2161 2107 2136 1613
6165 4 2 0 1 2670 2673 2675 3099
6166 4 2 0 1 1989 1993 2808 2321
6167 4 2 0 1 426 1656 403 1889
6168 4 2 0 1 1695 1917 505 1697
6169 4 2 0 1 3212 2566 2565 3169
6170 4 2 0 1 2015 2511 2654 1752
6171 4 2 0 1 2106 2730 2066 1002
6172 4 2 0 1 1447 1767 31 803
6173 4 2 0 1 31 1767 1447 1771
6174 4 2 0 1 2105 2193 1441 2107
6175 4 2 0 1 3097 2346 2520 3166
6176 4 2 0 1 2112 2933 2051 2222
6177 4 2 0 1 2577 2519 3121 1557
6178 4 2 0 1 2186 1036 1220 1219
6179 4 2 0 1 3147 1679 2635 2421
6180 4 2 0 1 3125 1526 3160 2493
6181 4 2 0 1 1972 2904 2888 2886
6182 4 2 0 1 3163 1514 2692 2691
6183 4 2 0 1 3112 2345 2765 2341
6184 4 2 0 1 1633 658 1678 387
6185 4 2 0 1 2675 2348 2670 3099
6186 4 2 0 1 2869 2794 1782 1783
6187 4 2 0 1 2792 1553 2643 2732
6188 4 2 0 1 496 2031 774 524
6189 4 2 0 1 2826 2938 2717 3154
6190 4 2 0 1 2162 1282 1097 1283
6191 4 2 0 1 1315 993 2642 2178
6192 4 2 0 1 571 1699 663 289
6193 4 2 0 1 2697 1984 2413 2414
6194 4 2 0 1 1035 2181 2183 2138
6195 4 2 0 1 2345 2338 1466 2765
6196 4 2 0 1 2053 3059 2914 2915
6197 4 2 0 1 2675 2670 2348 2671
6198 4 2 0 1 663 289 1699 276
6199 4 2 0 1 1489 2418 2341 1872
6200 4 2 0 1 1612 2088 2247 3069
6201 4 2 0 1 2068 2921 2976 2069
6202 4 2 0 1 2474 1748 2981 2701
6203 4 2 0 1 2952 2212 2247 2721
6204 4 2 0 1 2283 2730 2106 2209
6205 4 2 0 1 2316 830 2273 2313
6206 4 2 0 1 663 274 1699 1939
6207 4 2 0 1 1699 274 663 276
6208 4 2 0 1 1532 2595 2768 2597
6209 4 2 0 1 2345 1489 2342 2338
6210 4 2 0 1 2214 1226 1292 2137
6211 4 2 0 1 1485 2341 3108 2764
6212 4 2 0 1 2322 2977 2045 2069
6213 4 2 0 1 2201 1244 2104 2951
6214 4 2 0 1 2317 1544 2318 2598
6215 4 2 0 1 2087 1366 2248 3000
6216 4 2 0 1 1868 525 430 368
6217 4 2 0 1 1648 3195 2756 2746
6218 4 2 0 1 2613 3187 2467 2620
6219 4 2 0 1 2054 2052 3201 2939
6220 4 2 0 1 430 525 1868 749
6221 4 2 0 1 3108 2529 1468 2528
6222 4 2 0 1 3014 2209 2105 3015
6223 4 2 0 1 1953 2097 2855 2231
6224 4 2 0 1 2052 3025 3081 2827
6225 4 2 0 1 2366 2518 2512 2403
6226 4 2 0 1 2266 2381 2586 2261
6227 4 2 0 1 1627 2872 2766 2340
6228 4 2 0 1 2725 2726 2720 1612
6229 4 2 0 1 1750 2825 2718 3180
6230 4 2 0 1 2065 2195 1231 2156
6231 4 2 0 1 2101 1124 1379 1423
6232 4 2 0 1 2876 367 1829 2680
6233 4 2 0 1 2959 2958 2058 2856
6234 4 2 0 1 2179 967 989 2191
6235 4 2 0 1 1015 2194 897 1205
6236 4 2 0 1 2366 2374 2346 2369
6237 4 2 0 1 2327 2074 2830 2985
6238 4 2 0 1 1607 2041 1023 1286
6239 4 2 0 1 2651 1610 1989 2652
6240 4 2 0 1 2303 856 857 2068
6241 4 2 0 1 2528 3112 3108 2529
6242 4 2 0 1 2911 3026 2119 3205
6243 4 2 0 1 1218 1224 2176 1462
6244 4 2 0 1 1376 2055 2256 1387
6245 4 2 0 1 2963 2964 2855 1954
6246 4 2 0 1 848 850 2253 1433
6247 4 2 0 1 367 2680 2876 606
6248 4 2 0 1 2924 3201 2056 3199
6249 4 2 0 1 1245 2164 1111 1408
6250 4 2 0 1 2071 2951 2947 2822
6251 4 2 0 1 2529 2358 3108 3107
6252 4 2 0 1 3001 3204 3049 2170
6253 4 2 0 1 240 2876 1824 239
6254 4 2 0 1 3112 2358 3108 2529
6255 4 2 0 1 3201 2930 2923 2924
6256 4 2 0 1 2322 2069 862 2932
6257 4 2 0 1 1203 883 1237 2093
6258 4 2 0 1 2876 239 367 606
6259 4 2 0 1 866 2130 2932 2198
6260 4 2 0 1 2367 3095 3093 2582
6261 4 2 0 1 2834 2328 3048 2838
6262 4 2 0 1 2155 2203 2467 2169
6263 4 2 0 1 2585 2355 2740 2586
6264 4 2 0 1 2984 2150 2983 2982
6265 4 2 0 1 2332 2749 1638 2728
6266 4 2 0 1 2577 3170 3165 3155
6267 4 2 0 1 2103 3087 2750 1119
6268 4 2 0 1 1139 2235 1067 1348
6269 4 2 0 1 2750 2103 1119 1118
6270 4 2 0 1 1640 2627 3092 3077
6271 4 2 0 1 3147 1686 3149 2421
6272 4 2 0 1 2430 2920 1942 2633
6273 4 2 0 1 882 2278 914 2104
6274 4 2 0 1 3016 2658 3084 1558
6275 4 2 0 1 3051 2171 3052 2174
6276 4 2 0 1 2807 1865 1590 1684
6277 4 2 0 1 1473 1503 2490 2480
6278 4 2 0 1 725 2807 1684 793
6279 4 2 0 1 2571 2572 3207 3169
6280 4 2 0 1 1244 1305 1263 2219
6281 4 2 0 1 1234 1336 2221 1143
6282 4 2 0 1 2202 2166 2298 2851
6283 4 2 0 1 2951 2773 2219 2961
6284 4 2 0 1 1244 2191 1263 967
6285 4 2 0 1 1168 1431 2127 1456
6286 4 2 0 1 896 1317 2137 3005
6287 4 2 0 1 1457 2243 1232 923
6288 4 2 0 1 2201 2104 2300 2822
6289 4 2 0 1 2153 2950 2947 3003
6290 4 2 0 1 2191 2950 2961 2956
6291 4 2 0 1 2070 2823 3009 3049
6292 4 2 0 1 1649 3187 2759 2757
6293 4 2 0 1 3066 2291 1666 3036
6294 4 2 0 1 2954 3008 2989 2957
6295 4 2 0 1 2153 1311 966 878
6296 4 2 0 1 1234 1024 2221 968
6297 4 2 0 1 2179 2153 966 3003
6298 4 2 0 1 196 3214 594 194
6299 4 2 0 1 2927 2942 3064 3199
6300 4 2 0 1 2179 2191 2192 2956
6301 4 2 0 1 2834 2836 2838 3084
6302 4 2 0 1 2059 2965 2966 2737
6303 4 2 0 1 2933 3001 2925 2937
6304 4 2 0 1 196 3214 194 1769
6305 4 2 0 1 2056 2943 3049 3204
6306 4 2 0 1 3008 1950 2853 2854
6307 4 2 0 1 3131 2500 2396 2504
6308 4 2 0 1 2576 2657 3084 1558
6309 4 2 0 1 2792 2509 2732 2643
6310 4 2 0 1 1927 461 37 1928
6311 4 2 0 1 2405 1520 3141 2563
6312 4 2 0 1 196 3214 1769 1746
6313 4 2 0 1 196 1769 194 195
6314 4 2 0 1 12 13 1742 1709
6315 4 2 0 1 2144 1093 1741 1453
6316 4 2 0 1 1899 1801 1908 1979
6317 4 2 0 1 2447 1707 748 1721
6318 4 2 0 1 2895 2894 3083 2896
6319 4 2 0 1 1532 2595 2597 1543
6320 4 2 0 1 2182 2594 1543 2206
6321 4 2 0 1 1706 748 2447 1707
6322 4 2 0 1 1370 1456 2237 998
6323 4 2 0 1 1002 1041 2106 2209
6324 4 2 0 1 894 885 2227 889
6325 4 2 0 1 2293 2291 3077 1548
6326 4 2 0 1 2570 2573 3133 2568
6327 4 2 0 1 3194 2830 2048 3192
6328 4 2 0 1 949 2309 2128 998
6329 4 2 0 1 1577 1567 2859 1876
6330 4 2 0 1 3078 2293 3077 3079
6331 4 2 0 1 3194 2930 2052 2826
6332 4 2 0 1 1041 2105 2106 2209
6333 4 2 0 1 1511 2520 1509 2521
6334 4 2 0 1 355 3221 487 1868
6335 4 2 0 1 1463 2101 2297 1423
6336 4 2 0 1 1954 2960 2855 2963
6337 4 2 0 1 893 892 2202 2156
6338 4 2 0 1 896 2095 2096 3005
6339 4 2 0 1 2895 2896 3083 2317
6340 4 2 0 1 2446 412 1764 1631
6341 4 2 0 1 881 2121 880 846
6342 4 2 0 1 2317 1953 2231 2319
6343 4 2 0 1 1631 649 412 472
6344 4 2 0 1 1223 3226 1043 841
6345 4 2 0 1 1577 2664 1581 2556
6346 4 2 0 1 386 1680 1685 1688
6347 4 2 0 1 1993 1672 1671 1726
6348 4 2 0 1 2758 1541 3174 2591
6349 4 2 0 1 2365 128 1881 2362
6350 4 2 0 1 2084 62 1743 2033
6351 4 2 0 1 1548 2624 3077 2623
6352 4 2 0 1 1409 3087 2075 2103
6353 4 2 0 1 2365 1881 128 127
6354 4 2 0 1 2185 1308 1386 2085
6355 4 2 0 1 715 1879 1837 415
6356 4 2 0 1 1061 2258 3035 1116
6357 4 2 0 1 2625 3078 3100 1569
6358 4 2 0 1 1780 1645 2415 2413
6359 4 2 0 1 1879 415 583 367
6360 4 2 0 1 1835 1662 1836 1654
6361 4 2 0 1 2895 2167 3083 2894
6362 4 2 0 1 2153 2152 3002 2094
6363 4 2 0 1 2470 3008 2102 2773
6364 4 2 0 1 1664 2754 3185 3039
6365 4 2 0 1 2598 1545 2983 3071
6366 4 2 0 1 2269 2897 2267 2955
6367 4 2 0 1 1317 1360 2067 1175
6368 4 2 0 1 2130 2932 2198 2922
6369 4 2 0 1 1734 2849 3135 3185
6370 4 2 0 1 3203 3209 2975 2971
6371 4 2 0 1 2153 3002 2945 2057
6372 4 2 0 1 2921 2948 2946 3070
6373 4 2 0 1 1245 2322 2165 2164
6374 4 2 0 1 2943 2948 3204 2056
6375 4 2 0 1 1935 1837 611 715
6376 4 2 0 1 2897 1955 2955 3020
6377 4 2 0 1 2078 1018 1007 1004
6378 4 2 0 1 804 1432 1350 1877
6379 4 2 0 1 2632 3117 2516 1659
6380 4 2 0 1 3042 3053 2753 3039
6381 4 2 0 1 2469 1950 2854 2853
6382 4 2 0 1 1334 1784 54 53
6383 4 2 0 1 2698 1982 2415 1984
6384 4 2 0 1 357 359 361 2788
6385 4 2 0 1 611 1837 1935 1683
6386 4 2 0 1 1629 1628 1535 1836
6387 4 2 0 1 288 551 1641 1644
6388 4 2 0 1 2292 2131 2132 3036
6389 4 2 0 1 1620 2382 1584 2690
6390 4 2 0 1 3102 3105 2606 1562
6391 4 2 0 1 827 826 1086 2231
6392 4 2 0 1 2617 2621 2468 2622
6393 4 2 0 1 1532 2595 1543 2383
6394 4 2 0 1 2812 2337 2711 2239
6395 4 2 0 1 2664 1584 2382 3188
6396 4 2 0 1 2365 2357 2541 2389
6397 4 2 0 1 782 1669 1900 516
6398 4 2 0 1 2000 786 689 308
6399 4 2 0 1 3171 2577 3141 3120
6400 4 2 0 1 92 94 2691 2906
6401 4 2 0 1 2357 2365 1517 2389
6402 4 2 0 1 2510 1657 2508 2373
6403 4 2 0 1 1912 390 392 514
6404 4 2 0 1 1469 3122 2370 2508
6405 4 2 0 1 683 115 1967 743
6406 4 2 0 1 1925 1515 2798 1798
6407 4 2 0 1 474 364 797 1757
6408 4 2 0 1 1668 2437 2779 1635
6409 4 2 0 1 3167 2688 2551 1714
6410 4 2 0 1 132 1831 1596 134
6411 4 2 0 1 1168 2127 922 2985
6412 4 2 0 1 922 2127 1168 1431
6413 4 2 0 1 157 629 708 1923
6414 4 2 0 1 1528 2648 2645 1506
6415 4 2 0 1 2563 2405 2403 2513
6416 4 2 0 1 3140 3078 3092 1569
6417 4 2 0 1 1678 387 658 385
6418 4 2 0 1 1509 3097 1661 2403
6419 4 2 0 1 1508 2373 2880 2508
6420 4 2 0 1 3139 2563 2403 2513
6421 4 2 0 1 2617 2621 2622 2467
6422 4 2 0 1 1742 550 14 561
6423 4 2 0 1 14 550 1742 15
6424 4 2 0 1 2987 1122 2160 2075
6425 4 2 0 1 795 1730 75 625
6426 4 2 0 1 2965 2212 2210 3063
6427 4 2 0 1 3047 2611 3074 3056
6428 4 2 0 1 1471 2690 3172 2380
6429 4 2 0 1 2186 1400 2127 1220
6430 4 2 0 1 1574 1639 1704 138
6431 4 2 0 1 2801 1708 2874 1970
6432 4 2 0 1 2095 3004 2137 2989
6433 4 2 0 1 2896 3004 1953 2319
6434 4 2 0 1 1122 2135 2136 945
6435 4 2 0 1 1586 1703 1704 1566
6436 4 2 0 1 2336 3052 3159 1031
6437 4 2 0 1 2573 1502 3212 2565
6438 4 2 0 1 927 1288 988 2174
6439 4 2 0 1 3183 2710 3039 2711
6440 4 2 0 1 2399 2745 2410 1585
6441 4 2 0 1 3152 1622 2852 3174
6442 4 2 0 1 1620 1562 2352 2605
6443 4 2 0 1 1520 2575 2841 2564
6444 4 2 0 1 1213 1212 2304 2325
6445 4 2 0 1 2406 2815 2747 3173
6446 4 2 0 1 3032 2831 2829 2047
6447 4 2 0 1 2201 2219 3065 2775
6448 4 2 0 1 2981 916 2300 2821
6449 4 2 0 1 2025 2084 2287 2085
6450 4 2 0 1 1868 464 355 349
6451 4 2 0 1 1477 570 571 572
6452 4 2 0 1 1752 1212 46 2016
6453 4 2 0 1 1481 1480 1482 1725
6454 4 2 0 1 3021 2080 2115 2116
6455 4 2 0 1 2563 2842 3141 2513
6456 4 2 0 1 1900 1721 1902 1901
6457 4 2 0 1 1850 1851 1943 2422
6458 4 2 0 1 2563 2405 2513 3141
6459 4 2 0 1 2002 130 2540 2362
6460 4 2 0 1 1116 2262 2062 1264
6461 4 2 0 1 2639 1894 2685 2640
6462 4 2 0 1 3120 2515 2577 3141
6463 4 2 0 1 3120 2577 2515 2519
6464 4 2 0 1 368 3221 1481 1868
6465 4 2 0 1 2190 2237 2915 2309
6466 4 2 0 1 2377 354 3124 350
6467 4 2 0 1 1546 757 449 72
6468 4 2 0 1 2053 2257 2915 2309
6469 4 2 0 1 2975 2411 3145 1734
6470 4 2 0 1 2501 1933 2505 2503
6471 4 2 0 1 1887 2509 2645 2643
6472 4 2 0 1 1821 397 1818 422
6473 4 2 0 1 104 379 106 1706
6474 4 2 0 1 2059 2212 3186 2721
6475 4 2 0 1 1962 136 105 578
6476 4 2 0 1 2449 128 1881 740
6477 4 2 0 1 3112 1595 2359 2583
6478 4 2 0 1 2880 2510 2508 2373
6479 4 2 0 1 335 1723 527 2807
6480 4 2 0 1 1485 2541 2763 2425
6481 4 2 0 1 2539 1516 2548 1526
6482 4 2 0 1 1469 1508 2508 2373
6483 4 2 0 1 1752 46 1212 45
6484 4 2 0 1 1096 1103 1032 2238
6485 4 2 0 1 1502 2564 3136 3212
6486 4 2 0 1 1732 1730 2335 33
6487 4 2 0 1 707 2004 511 1966
6488 4 2 0 1 2775 917 3052 2821
6489 4 2 0 1 2258 2738 2259 2740
6490 4 2 0 1 2167 887 891 1055
6491 4 2 0 1 2792 3114 2431 2643
6492 4 2 0 1 1946 2604 1536 1539
6493 4 2 0 1 707 2004 1966 1810
6494 4 2 0 1 3114 2792 2431 3148
6495 4 2 0 1 2617 3045 2468 3071
6496 4 2 0 1 1559 175 173 1786
6497 4 2 0 1 2384 1536 1946 2029
6498 4 2 0 1 2316 2150 2984 2216
6499 4 2 0 1 2725 2717 2471 3155
6500 4 2 0 1 2016 1028 1826 2301
6501 4 2 0 1 2346 3166 1687 3093
6502 4 2 0 1 2461 2460 3133 2568
6503 4 2 0 1 2815 2466 3150 2615
6504 4 2 0 1 2965 2212 3063 3186
6505 4 2 0 1 1521 1524 3153 3084
6506 4 2 0 1 1511 2500 1505 3132
6507 4 2 0 1 2335 2337 1241 2238
6508 4 2 0 1 2544 1812 1518 1519
6509 4 2 0 1 2889 1933 2502 2503
6510 4 2 0 1 2889 88 1932 69
6511 4 2 0 1 2795 2427 2796 2797
6512 4 2 0 1 2502 2905 2907 2692
6513 4 2 0 1 617 629 1974 717
6514 4 2 0 1 1972 2502 2907 2888
6515 4 2 0 1 728 2878 2459 1525
6516 4 2 0 1 2582 3148 2790 3115
6517 4 2 0 1 344 2578 1885 2878
6518 4 2 0 1 2540 2365 129 1859
6519 4 2 0 1 3126 2494 2524 2392
6520 4 2 0 1 2877 2534 1862 1565
6521 4 2 0 1 2426 1486 2455 1631
6522 4 2 0 1 2810 1731 2811 2457
6523 4 2 0 1 290 287 286 1882
6524 4 2 0 1 2907 92 616 352
6525 4 2 0 1 2405 3171 2518 2512
6526 4 2 0 1 1516 3146 1468 2363
6527 4 2 0 1 2648 1973 2645 1861
6528 4 2 0 1 2325 2656 2015 2329
6529 4 2 0 1 2658 3016 3084 1599
6530 4 2 0 1 1559 173 175 178
6531 4 2 0 1 2646 675 1754 1752
6532 4 2 0 1 502 2742 366 589
6533 4 2 0 1 2850 2398 2555 3128
6534 4 2 0 1 2651 1610 2010 1989
6535 4 2 0 1 2646 675 1752 70
6536 4 2 0 1 1752 800 2646 70
6537 4 2 0 1 2022 2021 2692 3113
6538 4 2 0 1 2443 2435 1651 3096
6539 4 2 0 1 2517 3170 2715 2719
6540 4 2 0 1 1831 1596 3162 2002
6541 4 2 0 1 1514 2535 2035 2538
6542 4 2 0 1 2787 2786 3123 2340
6543 4 2 0 1 2967 2970 2975 1736
6544 4 2 0 1 267 1830 752 1831
6545 4 2 0 1 1517 2357 2389 2533
6546 4 2 0 1 739 1574 131 1571
6547 4 2 0 1 2876 327 1865 1815
6548 4 2 0 1 2529 1468 2533 2357
6549 4 2 0 1 2864 2544 2806 1857
6550 4 2 0 1 3131 3130 1473 2461
6551 4 2 0 1 1761 1813 2844 2865
6552 4 2 0 1 785 475 2864 1812
6553 4 2 0 1 2844 2552 2865 1578
6554 4 2 0 1 2539 2581 1526 2537
6555 4 2 0 1 2584 1529 1997 136
6556 4 2 0 1 1500 2841 1665 2840
6557 4 2 0 1 1752 2646 800 1555
6558 4 2 0 1 1578 2006 2550 1817
6559 4 2 0 1 1704 1639 2499 1667
6560 4 2 0 1 1692 1909 1910 1690
6561 4 2 0 1 676 2646 800 70
6562 4 2 0 1 676 800 2646 1555
6563 4 2 0 1 2070 1599 1500 2702
6564 4 2 0 1 1909 1885 1884 753
6565 4 2 0 1 246 1743 62 2033
6566 4 2 0 1 1521 1522 2658 2659
6567 4 2 0 1 1928 2569 2402 1728
6568 4 2 0 1 2627 2625 2350 1569
6569 4 2 0 1 2622 1773 2467 3174
6570 4 2 0 1 91 90 92 2907
6571 4 2 0 1 1607 1343 2041 2315
6572 4 2 0 1 3164 3120 2515 3153
6573 4 2 0 1 1259 2114 1109 1110
6574 4 2 0 1 1423 2101 2297 2298
6575 4 2 0 1 2834 2833 2937 2051
6576 4 2 0 1 2584 527 1723 2807
6577 4 2 0 1 2333 1784 1187 2331
6578 4 2 0 1 2584 527 2807 136
6579 4 2 0 1 2584 527 136 698
6580 4 2 0 1 2581 2483 1525 2482
6581 4 2 0 1 2584 527 698 1723
6582 4 2 0 1 2411 2410 2406 1474
6583 4 2 0 1 2621 2622 2467 3174
6584 4 2 0 1 1337 1423 2297 2298
6585 4 2 0 1 1810 1617 1676 2413
6586 4 2 0 1 2851 2236 2622 2330
6587 4 2 0 1 2870 2618 2612 1543
6588 4 2 0 1 1568 2670 2890 2665
6589 4 2 0 1 2292 2294 3037 2295
6590 4 2 0 1 2625 2891 3100 2668
6591 4 2 0 1 2316 2150 2216 1184
6592 4 2 0 1 2541 442 2763 486
6593 4 2 0 1 1125 2213 1115 1053
6594 4 2 0 1 2158 1587 2200 2892
6595 4 2 0 1 2672 3140 3139 2522
6596 4 2 0 1 1086 1239 2231 2134
6597 4 2 0 1 2763 486 442 672
6598 4 2 0 1 3120 3164 1521 3153
6599 4 2 0 1 1545 2195 3006 2600
6600 4 2 0 1 849 851 1260 2114
6601 4 2 0 1 2220 1020 1209 1208
6602 4 2 0 1 2970 2975 2840 2973
6603 4 2 0 1 2121 845 880 846
6604 4 2 0 1 2841 2842 2840 1755
6605 4 2 0 1 2114 851 2164 2270
6606 4 2 0 1 2034 2763 2360 442
6607 4 2 0 1 3073 2609 2684 2862
6608 4 2 0 1 1170 1454 2123 2125
6609 4 2 0 1 1472 2675 1573 2497
6610 4 2 0 1 1166 2271 2280 1304
6611 4 2 0 1 2675 1472 1573 2674
6612 4 2 0 1 2034 672 1652 2763
6613 4 2 0 1 1640 1466 2666 1594
6614 4 2 0 1 2539 2581 2537 2536
6615 4 2 0 1 312 1919 1625 1918
6616 4 2 0 1 772 1806 451 1729
6617 4 2 0 1 3196 2627 2350 1569
6618 4 2 0 1 1567 1472 1573 2497
6619 4 2 0 1 1410 2103 956 1174
6620 4 2 0 1 2412 2414 1548 2290
6621 4 2 0 1 772 1806 1729 1789
6622 4 2 0 1 969 2119 1010 2118
6623 4 2 0 1 1479 256 1724 254
6624 4 2 0 1 1993 1833 2321 1877
6625 4 2 0 1 751 1833 53 54
6626 4 2 0 1 2058 2063 2952 3068
6627 4 2 0 1 2077 2095 2989 2166
6628 4 2 0 1 60 1450 1546 59
6629 4 2 0 1 993 2151 2177 2178
6630 4 2 0 1 1472 1567 1573 2674
6631 4 2 0 1 520 519 1805 1789
6632 4 2 0 1 1581 1584 1632 2556
6633 4 2 0 1 3188 2386 1604 2690
6634 4 2 0 1 2618 2616 3071 2065
6635 4 2 0 1 2141 1058 995 2268
6636 4 2 0 1 2745 1585 2556 3106
6637 4 2 0 1 1579 2683 2686 2861
6638 4 2 0 1 1889 681 588 426
6639 4 2 0 1 1696 2869 1916 1783
6640 4 2 0 1 3175 3114 1553 2510
6641 4 2 0 1 3175 2636 3115 2510
6642 4 2 0 1 2509 1917 1656 2779
6643 4 2 0 1 3217 538 1799 541
6644 4 2 0 1 1117 2084 2287 1547
6645 4 2 0 1 2643 1887 2732 1553
6646 4 2 0 1 3027 2939 2717 2827
6647 4 2 0 1 418 3217 538 1799
6648 4 2 0 1 2770 2783 3066 2999
6649 4 2 0 1 1914 1559 1876 1875
6650 4 2 0 1 2388 1719 1563 1586
6651 4 2 0 1 2233 2893 2596 2145
6652 4 2 0 1 904 24 1304 2038
6653 4 2 0 1 2401 1498 2813 1737
6654 4 2 0 1 2962 2953 2058 3068
6655 4 2 0 1 3217 538 540 539
6656 4 2 0 1 2557 2555 2554 2558
6657 4 2 0 1 2663 2664 2556 1584
6658 4 2 0 1 1519 2492 2550 3129
6659 4 2 0 1 2787 1920 2420 2432
6660 4 2 0 1 2582 3148 3115 2431
6661 4 2 0 1 1499 1773 2852 3174
6662 4 2 0 1 1035 1038 1001 2183
6663 4 2 0 1 2703 2679 1758 2678
6664 4 2 0 1 1564 2675 2390 1878
6665 4 2 0 1 490 1700 3168 690
6666 4 2 0 1 1865 1590 2800 2014
6667 4 2 0 1 2679 2393 1758 2678
6668 4 2 0 1 380 640 600 1655
6669 4 2 0 1 202 203 1995 204
6670 4 2 0 1 1479 256 254 255
6671 4 2 0 1 732 490 3168 690
6672 4 2 0 1 2584 1722 1857 1723
6673 4 2 0 1 779 3217 696 152
6674 4 2 0 1 3217 538 541 540
6675 4 2 0 1 773 630 1789 2032
6676 4 2 0 1 198 1775 1763 197
6677 4 2 0 1 1913 2610 1793 2682
6678 4 2 0 1 1479 254 1724 1478
6679 4 2 0 1 276 1699 278 289
6680 4 2 0 1 2414 1743 1780 2033
6681 4 2 0 1 1550 1475 2430 2340
6682 4 2 0 1 510 651 2018 1623
6683 4 2 0 1 958 2072 1266 1066
6684 4 2 0 1 1975 1698 1479 2043
6685 4 2 0 1 557 556 1769 482
6686 4 2 0 1 1785 171 173 172
6687 4 2 0 1 1994 479 425 1907
6688 4 2 0 1 1964 1834 1835 1836
6689 4 2 0 1 1719 1914 1718 1876
6690 4 2 0 1 869 861 2976 2218
6691 4 2 0 1 2263 2736 2591 2261
6692 4 2 0 1 2526 3126 2524 2392
6693 4 2 0 1 1201 3159 2141 3184
6694 4 2 0 1 2084 1117 2287 2085
6695 4 2 0 1 2336 1031 2710 1032
6696 4 2 0 1 2562 1520 2564 3134
6697 4 2 0 1 2634 1640 3090 2624
6698 4 2 0 1 2129 2834 2934 2051
6699 4 2 0 1 2355 3034 2740 1616
6700 4 2 0 1 2953 3203 3157 2058
6701 4 2 0 1 61 2084 1743 2289
6702 4 2 0 1 2248 2939 2941 3069
6703 4 2 0 1 2957 3008 2853 2854
6704 4 2 0 1 2213 1115 1053 2211
6705 4 2 0 1 3165 2842 3141 1755
6706 4 2 0 1 2393 1720 1758 2495
6707 4 2 0 1 51 67 692 1988
6708 4 2 0 1 2550 2678 3129 2496
6709 4 2 0 1 3011 2013 3012 3205
6710 4 2 0 1 2244 1399 1350 1271
6711 4 2 0 1 2967 2722 1736 2409
6712 4 2 0 1 2851 1950 2330 2622
6713 4 2 0 1 869 2976 861 859
6714 4 2 0 1 2121 2122 2096 3006
6715 4 2 0 1 2299 2077 2298 2101
6716 4 2 0 1 1366 3000 2087 2119
6717 4 2 0 1 2779 2777 554 396
6718 4 2 0 1 2739 2606 2615 2261
6719 4 2 0 1 554 2777 2779 1668
6720 4 2 0 1 2545 2487 1636 2488
6721 4 2 0 1 1479 254 253 255
6722 4 2 0 1 1744 1777 1866 1745
6723 4 2 0 1 1160 11 1712 1709
6724 4 2 0 1 586 552 328 1628
6725 4 2 0 1 2545 2487 2488 1519
6726 4 2 0 1 2736 2593 2466 2737
6727 4 2 0 1 254 1975 253 252
6728 4 2 0 1 1596 2002 2540 3162
6729 4 2 0 1 2483 341 342 2543
6730 4 2 0 1 3079 3078 2668 2625
6731 4 2 0 1 1584 2760 3213 2756
6732 4 2 0 1 2483 341 2543 1525
6733 4 2 0 1 124 596 1701 500
6734 4 2 0 1 1490 2436 2777 2444
6735 4 2 0 1 1668 506 554 398
6736 4 2 0 1 1962 1904 105 136
6737 4 2 0 1 391 1912 392 393
6738 4 2 0 1 1662 329 1891 1654
6739 4 2 0 1 2529 1512 2528 3112
6740 4 2 0 1 3172 1620 2608 2760
6741 4 2 0 1 2870 2595 2612 2387
6742 4 2 0 1 1794 462 535 727
6743 4 2 0 1 3195 2849 2399 2814
6744 4 2 0 1 881 886 2096 887
6745 4 2 0 1 2739 3103 3101 3150
6746 4 2 0 1 2150 825 1033 1184
6747 4 2 0 1 1952 2230 1948 2113
6748 4 2 0 1 1461 904 2279 2038
6749 4 2 0 1 2228 826 824 825
6750 4 2 0 1 1604 2684 2819 1537
6751 4 2 0 1 677 454 1834 745
6752 4 2 0 1 2767 2386 2690 2380
6753 4 2 0 1 2354 1891 1559 2382
6754 4 2 0 1 1662 329 1654 453
6755 4 2 0 1 982 2201 1214 1325
6756 4 2 0 1 2221 2214 3020 2956
6757 4 2 0 1 2180 2192 989 1012
6758 4 2 0 1 2615 3072 2608 2261
6759 4 2 0 1 1608 2336 3183 2465
6760 4 2 0 1 3157 2971 3203 2974
6761 4 2 0 1 2700 1816 2693 2696
6762 4 2 0 1 2071 2951 2822 2104
6763 4 2 0 1 2052 2930 3191 3201
6764 4 2 0 1 3044 3088 2240 2154
6765 4 2 0 1 2234 2737 1619 2966
6766 4 2 0 1 2066 2283 1614 3082
6767 4 2 0 1 1157 2213 2091 1125
6768 4 2 0 1 2192 2961 2219 2102
6769 4 2 0 1 3079 2626 2898 2623
6770 4 2 0 1 2825 1610 3180 2729
6771 4 2 0 1 662 2603 1966 2733
6772 4 2 0 1 2777 2438 2779 2437
6773 4 2 0 1 1553 2809 2732 2808
6774 4 2 0 1 1528 1506 2645 2643
6775 4 2 0 1 662 2603 2733 288
6776 4 2 0 1 2983 2982 2596 2893
6777 4 2 0 1 2831 2832 2048 2830
6778 4 2 0 1 2182 1842 2308 1532
6779 4 2 0 1 1540 2597 2589 2607
6780 4 2 0 1 2379 2044 2695 2694
6781 4 2 0 1 2714 3119 2653 2880
6782 4 2 0 1 82 163 164 1838
6783 4 2 0 1 2767 3188 2386 1883
6784 4 2 0 1 2008 2903 2866 2507
6785 4 2 0 1 1615 3179 2653 2808
6786 4 2 0 1 765 437 1818 438
6787 4 2 0 1 172 173 1744 174
6788 4 2 0 1 1898 1897 173 604
6789 4 2 0 1 177 664 1790 181
6790 4 2 0 1 2746 3105 2745 2663
6791 4 2 0 1 2393 1720 1703 1758
6792 4 2 0 1 920 2216 1321 1184
6793 4 2 0 1 2967 3203 2721 3186
6794 4 2 0 1 2087 2771 2088 2998
6795 4 2 0 1 2130 2198 868 2199
6796 4 2 0 1 1175 962 2067 2133
6797 4 2 0 1 2130 2977 2978 2094
6798 4 2 0 1 2171 3051 3050 2174
6799 4 2 0 1 1324 1272 2168 2820
6800 4 2 0 1 1673 2653 3179 3177
6801 4 2 0 1 1289 2324 2243 2074
6802 4 2 0 1 2979 2474 2479 1748
6803 4 2 0 1 2930 2923 3192 3194
6804 4 2 0 1 1826 48 1827 1154
6805 4 2 0 1 3211 2225 2226 2986
6806 4 2 0 1 958 2072 1066 976
6807 4 2 0 1 1730 1690 2457 1909
6808 4 2 0 1 2505 1930 1934 2885
6809 4 2 0 1 2374 2904 1507 1505
6810 4 2 0 1 2526 2527 3127 2392
6811 4 2 0 1 1663 791 1662 1892
6812 4 2 0 1 2784 2842 2513 1888
6813 4 2 0 1 2903 2904 2866 2507
6814 4 2 0 1 1165 2170 2172 1164
6815 4 2 0 1 1124 1091 1208 2101
6816 4 2 0 1 2409 2408 3150 2059
6817 4 2 0 1 1665 1500 2974 2472
6818 4 2 0 1 926 3052 917 918
6819 4 2 0 1 1551 2850 2555 2553
6820 4 2 0 1 2065 2195 1949 3071
6821 4 2 0 1 1839 718 593 1866
6822 4 2 0 1 1914 1792 333 1718
6823 4 2 0 1 2610 1584 2664 3188
6824 4 2 0 1 1166 2271 1304 1282
6825 4 2 0 1 2435 2436 2444 3149
6826 4 2 0 1 2013 3081 2828 2908
6827 4 2 0 1 1175 2067 962 1360
6828 4 2 0 1 1990 1991 2244 2305
6829 4 2 0 1 3086 1673 3179 3177
6830 4 2 0 1 1702 1717 410 1764
6831 4 2 0 1 2693 1983 2697 2694
6832 4 2 0 1 2769 3117 3179 1673
6833 4 2 0 1 1736 2970 2975 2840
6834 4 2 0 1 1616 2739 2740 2261
6835 4 2 0 1 2376 2657 2576 2708
6836 4 2 0 1 1511 2374 1509 1507
6837 4 2 0 1 2061 2473 2974 2822
6838 4 2 0 1 2462 1730 2335 2810
6839 4 2 0 1 733 2462 2335 35
6840 4 2 0 1 2236 2155 2169 902
6841 4 2 0 1 3045 2195 3083 3071
6842 4 2 0 1 2202 892 891 890
6843 4 2 0 1 1907 425 424 436
6844 4 2 0 1 2230 1952 1948 1534
6845 4 2 0 1 2060 2234 2134 2062
6846 4 2 0 1 1907 424 425 1880
6847 4 2 0 1 1640 2344 2624 3077
6848 4 2 0 1 1946 501 1623 2741
6849 4 2 0 1 349 350 1626 348
6850 4 2 0 1 2004 2863 2669 1966
6851 4 2 0 1 1221 2237 2190 1252
6852 4 2 0 1 3117 2653 3179 1673
6853 4 2 0 1 2052 3191 2930 3194
6854 4 2 0 1 1556 1610 1826 2010
6855 4 2 0 1 1114 1402 2750 2027
6856 4 2 0 1 2698 1477 1939 2415
6857 4 2 0 1 2120 1248 2911 2119
6858 4 2 0 1 969 970 2996 1010
6859 4 2 0 1 1626 350 349 2377
6860 4 2 0 1 2282 1049 2287 1193
6861 4 2 0 1 3117 1659 3116 2516
6862 4 2 0 1 2031 1781 303 2028
6863 4 2 0 1 818 2812 1771 1284
6864 4 2 0 1 818 2812 1732 1771
6865 4 2 0 1 2090 2723 2247 2782
6866 4 2 0 1 2082 2050 3064 2927
6867 4 2 0 1 2978 3199 2922 2924
6868 4 2 0 1 2152 2199 1144 2170
6869 4 2 0 1 489 1768 3168 77
6870 4 2 0 1 2112 1015 1236 2194
6871 4 2 0 1 894 2227 898 899
6872 4 2 0 1 2730 2225 2226 2046
6873 4 2 0 1 2260 2587 2736 2261
6874 4 2 0 1 1344 872 2196 874
6875 4 2 0 1 3201 2938 2939 2052
6876 4 2 0 1 2116 2913 2115 3021
6877 4 2 0 1 2919 1782 2749 1637
6878 4 2 0 1 2942 2050 3064 2992
6879 4 2 0 1 1684 115 743 1967
6880 4 2 0 1 2841 3164 2575 3141
6881 4 2 0 1 2111 1064 2168 1232
6882 4 2 0 1 3192 2925 2937 2051
6883 4 2 0 1 2961 3157 2962 2947
6884 4 2 0 1 2623 2626 2696 2350
6885 4 2 0 1 2751 2752 2755 3038
6886 4 2 0 1 1684 743 115 326
6887 4 2 0 1 2215 2131 3035 1061
6888 4 2 0 1 2853 2957 2854 2855
6889 4 2 0 1 1743 544 744 186
6890 4 2 0 1 3002 2945 2946 2944
6891 4 2 0 1 2954 1955 2102 2956
6892 4 2 0 1 2409 2967 3143 1736
6893 4 2 0 1 2062 2738 3035 2173
6894 4 2 0 1 2464 1501 3135 2711
6895 4 2 0 1 2968 2969 2955 2269
6896 4 2 0 1 2615 2261 2608 2591
6897 4 2 0 1 2737 2234 2855 2965
6898 4 2 0 1 979 916 2981 1266
6899 4 2 0 1 2849 2464 3135 2711
6900 4 2 0 1 2040 2039 1283 1172
6901 4 2 0 1 2295 815 1089 1978
6902 4 2 0 1 2082 2992 2050 2217
6903 4 2 0 1 2141 2239 2711 2710
6904 4 2 0 1 2165 3020 2270 2045
6905 4 2 0 1 3049 2944 3002 3204
6906 4 2 0 1 2150 825 1184 2229
6907 4 2 0 1 2386 2385 1538 1883
6908 4 2 0 1 2852 1773 2622 3174
6909 4 2 0 1 2054 3026 3025 2910
6910 4 2 0 1 2950 2961 2945 2947
6911 4 2 0 1 3017 3018 1609 3067
6912 4 2 0 1 2093 1203 2926 1144
6913 4 2 0 1 2753 2849 3039 3053
6914 4 2 0 1 1382 2281 2277 987
6915 4 2 0 1 2849 2464 2711 2463
6916 4 2 0 1 2775 917 2821 1214
6917 4 2 0 1 2165 2114 2270 2245
6918 4 2 0 1 2120 2055 3023 3022
6919 4 2 0 1 1499 3187 2614 1648
6920 4 2 0 1 1952 822 1033 825
6921 4 2 0 1 2134 1624 2855 2231
6922 4 2 0 1 3070 2055 1115 2256
6923 4 2 0 1 2233 2594 2249 2207
6924 4 2 0 1 3030 2985 3032 2127
6925 4 2 0 1 1016 2286 2193 1137
6926 4 2 0 1 1016 2286 1137 1136
6927 4 2 0 1 3195 2399 2406 2814
6928 4 2 0 1 2221 1026 1143 2165
6929 4 2 0 1 1010 1316 1384 2087
6930 4 2 0 1 1595 1466 3093 2744
6931 4 2 0 1 2055 1115 1387 1182
6932 4 2 0 1 2740 2586 2266 2585
6933 4 2 0 1 1826 47 48 1154
6934 4 2 0 1 2695 1982 2044 1698
6935 4 2 0 1 1826 48 47 1828
6936 4 2 0 1 1766 1765 1647 1768
6937 4 2 0 1 1165 2170 1164 1144
6938 4 2 0 1 2315 1369 2205 810
6939 4 2 0 1 949 2225 2046 948
6940 4 2 0 1 2283 2730 2209 3014
6941 4 2 0 1 382 1754 1921 2001
6942 4 2 0 1 1766 1765 1767 1647
6943 4 2 0 1 3081 3194 2718 2837
6944 4 2 0 1 2286 2193 3015 3013
6945 4 2 0 1 1609 3018 3017 3207
6946 4 2 0 1 949 2225 948 922
6947 4 2 0 1 949 998 2128 2127
6948 4 2 0 1 2139 1250 1221 1251
6949 4 2 0 1 2825 2729 3180 1750
6950 4 2 0 1 1269 981 1105 2136
6951 4 2 0 1 2721 2967 3186 2059
6952 4 2 0 1 2074 2985 2327 921
6953 4 2 0 1 2911 1138 1248 2120
6954 4 2 0 1 3182 1557 2718 3180
6955 4 2 0 1 2219 2201 982 1325
6956 4 2 0 1 1214 915 2821 2201
6957 4 2 0 1 2474 2974 2473 2822
6958 4 2 0 1 1134 1095 3215 1133
6959 4 2 0 1 2219 1244 1305 982
6960 4 2 0 1 2224 927 2171 2174
6961 4 2 0 1 1600 2661 3193 2718
6962 4 2 0 1 2834 2833 2835 2328
6963 4 2 0 1 949 2225 922 2128
6964 4 2 0 1 1749 3156 3154 3193
6965 4 2 0 1 949 2225 2128 2046
6966 4 2 0 1 2934 2834 2937 2051
6967 4 2 0 1 35 79 2462 36
6968 4 2 0 1 3156 1749 2836 3193
6969 4 2 0 1 2309 1320 953 952
6970 4 2 0 1 1400 1036 3030 1240
6971 4 2 0 1 1003 2139 973 2993
6972 4 2 0 1 2992 2176 2217 2281
6973 4 2 0 1 1036 1400 2186 1220
6974 4 2 0 1 2139 2186 1221 1219
6975 4 2 0 1 3055 1896 3056 1552
6976 4 2 0 1 2234 2100 2060 2965
6977 4 2 0 1 2263 2736 2261 2260
6978 4 2 0 1 2864 701 618 428
6979 4 2 0 1 2032 25 1461 2038
6980 4 2 0 1 909 1306 2065 2157
6981 4 2 0 1 2637 1584 3213 2756
6982 4 2 0 1 1058 1057 995 2268
6983 4 2 0 1 1609 3018 2572 3067
6984 4 2 0 1 2101 2298 2299 2330
6985 4 2 0 1 1541 2318 2598 3071
6986 4 2 0 1 3194 3154 2718 3193
6987 4 2 0 1 2742 2307 2018 2741
6988 4 2 0 1 1057 2140 995 2268
6989 4 2 0 1 3036 2783 3142 3066
6990 4 2 0 1 2509 2368 2645 2643
6991 4 2 0 1 1887 2509 2732 1554
6992 4 2 0 1 2031 1783 2794 1696
6993 4 2 0 1 1378 1051 1383 2240
6994 4 2 0 1 2869 1916 1783 1833
6995 4 2 0 1 3120 3171 3122 2574
6996 4 2 0 1 2140 2141 995 2268
6997 4 2 0 1 2098 2770 2998 2099
6998 4 2 0 1 2193 1269 2107 2136
6999 4 2 0 1 2864 618 701 1856
7000 4 2 0 1 2749 1782 2321 1637
7001 4 2 0 1 1488 1679 2420 2419
7002 4 2 0 1 2629 3198 2630 1549
7003 4 2 0 1 1550 1475 2340 1591
7004 4 2 0 1 170 1803 1777 1785
7005 4 2 0 1 1549 3044 1660 3198
7006 4 2 0 1 3187 2759 2757 2756
7007 4 2 0 1 1636 376 1910 1692
7008 4 2 0 1 1678 1679 2420 1488
7009 4 2 0 1 1668 2437 2777 2779
7010 4 2 0 1 3044 2769 1660 3198
7011 4 2 0 1 1616 2586 2606 2261
7012 4 2 0 1 1803 170 688 166
7013 4 2 0 1 1214 2821 915 917
7014 4 2 0 1 2367 2366 2370 1469
7015 4 2 0 1 1522 3212 3169 2564
7016 4 2 0 1 2749 2769 3044 3198
7017 4 2 0 1 1870 445 1650 1652
7018 4 2 0 1 1923 2020 2906 2023
7019 4 2 0 1 3150 2747 3103 2076
7020 4 2 0 1 1617 1676 2413 2698
7021 4 2 0 1 1922 2447 2882 2448
7022 4 2 0 1 2366 1509 3097 2346
7023 4 2 0 1 2338 2805 2432 2429
7024 4 2 0 1 2439 3096 2368 2436
7025 4 2 0 1 3183 2465 2710 2711
7026 4 2 0 1 2522 3196 3092 2523
7027 4 2 0 1 2632 1549 3198 2629
7028 4 2 0 1 3171 2513 3141 2577
7029 4 2 0 1 1616 3103 3100 3101
7030 4 2 0 1 3194 2718 3154 2826
7031 4 2 0 1 2015 2656 2654 2657
7032 4 2 0 1 2016 2325 1443 2301
7033 4 2 0 1 3138 2628 3094 3140
7034 4 2 0 1 2325 3080 2301 2731
7035 4 2 0 1 2089 2212 2782 2247
7036 4 2 0 1 1793 2610 2664 3188
7037 4 2 0 1 2212 2089 2952 2247
7038 4 2 0 1 2386 2380 1538 2383
7039 4 2 0 1 1509 2561 2396 3132
7040 4 2 0 1 3104 2673 1570 1661
7041 4 2 0 1 2572 3018 1609 3207
7042 4 2 0 1 2016 1443 2325 1212
7043 4 2 0 1 2850 2398 2556 1632
7044 4 2 0 1 2735 3078 2132 3036
7045 4 2 0 1 2743 6 2019 1623
7046 4 2 0 1 2491 2879 3160 2481
7047 4 2 0 1 2673 2674 3106 1562
7048 4 2 0 1 2144 1297 2159 2181
7049 4 2 0 1 2918 2919 2631 2917
7050 4 2 0 1 991 970 992 2163
7051 4 2 0 1 2512 1469 2371 2373
7052 4 2 0 1 1297 2144 1453 1069
7053 4 2 0 1 2774 2971 2061 2773
7054 4 2 0 1 1929 1510 1607 1932
7055 4 2 0 1 2041 2232 1747 2820
7056 4 2 0 1 2398 2463 2813 2464
7057 4 2 0 1 1618 2902 2005 2258
7058 4 2 0 1 2090 2089 2782 2247
7059 4 2 0 1 3144 2562 2564 3136
7060 4 2 0 1 3151 2469 2593 2591
7061 4 2 0 1 2641 2616 2467 2620
7062 4 2 0 1 2089 2090 2091 2247
7063 4 2 0 1 1874 1987 1959 2671
7064 4 2 0 1 3195 1632 2746 2556
7065 4 2 0 1 2714 2651 3181 2880
7066 4 2 0 1 3192 2929 2923 2925
7067 4 2 0 1 1324 2232 2820 2168
7068 4 2 0 1 1016 2193 2312 980
7069 4 2 0 1 1016 2193 980 1326
7070 4 2 0 1 1237 1015 2936 889
7071 4 2 0 1 2106 2011 2012 1300
7072 4 2 0 1 2056 2475 2943 3069
7073 4 2 0 1 2939 2938 3069 2725
7074 4 2 0 1 2091 2952 2213 2089
7075 4 2 0 1 2291 1666 3116 3066
7076 4 2 0 1 2458 2580 2578 2484
7077 4 2 0 1 2919 3044 3198 2749
7078 4 2 0 1 3145 3144 2564 1665
7079 4 2 0 1 2841 2477 1521 1500
7080 4 2 0 1 1732 818 1241 1340
7081 4 2 0 1 2186 3058 879 2188
7082 4 2 0 1 2931 2912 3191 3025
7083 4 2 0 1 2730 3033 3014 2310
7084 4 2 0 1 2919 3044 2749 3088
7085 4 2 0 1 2345 3112 2358 2341
7086 4 2 0 1 1479 1724 1725 1698
7087 4 2 0 1 3104 3102 2672 2665
7088 4 2 0 1 2343 2634 2766 2340
7089 4 2 0 1 2224 3018 3050 2223
7090 4 2 0 1 354 356 3124 350
7091 4 2 0 1 1782 2794 2631 2028
7092 4 2 0 1 1591 2697 2414 1984
7093 4 2 0 1 382 1886 1921 476
7094 4 2 0 1 2919 3044 3088 2917
7095 4 2 0 1 3156 1749 2834 2836
7096 4 2 0 1 2112 1237 2936 2093
7097 4 2 0 1 684 783 2042 42
7098 4 2 0 1 1972 331 1555 2886
7099 4 2 0 1 2042 1932 2886 41
7100 4 2 0 1 3205 2988 2909 3206
7101 4 2 0 1 382 1921 1886 2001
7102 4 2 0 1 3205 2909 2988 2913
7103 4 2 0 1 3072 1620 2760 2608
7104 4 2 0 1 2741 1801 501 366
7105 4 2 0 1 2760 3187 3213 2756
7106 4 2 0 1 2741 501 1801 1946
7107 4 2 0 1 169 1803 1801 167
7108 4 2 0 1 2146 2602 2144 1711
7109 4 2 0 1 16 15 1361 1996
7110 4 2 0 1 2846 3029 2637 2848
7111 4 2 0 1 1771 1765 31 1767
7112 4 2 0 1 2385 2386 1538 2383
7113 4 2 0 1 3050 3018 2572 3207
7114 4 2 0 1 2141 3038 3039 2711
7115 4 2 0 1 866 2130 2198 868
7116 4 2 0 1 3009 2933 3049 2170
7117 4 2 0 1 2815 2967 3143 3150
7118 4 2 0 1 2219 2192 2220 1209
7119 4 2 0 1 2041 1343 1023 1273
7120 4 2 0 1 2153 2949 2221 2094
7121 4 2 0 1 2210 2952 2212 2089
7122 4 2 0 1 2070 3009 2933 3049
7123 4 2 0 1 3001 2056 3049 3204
7124 4 2 0 1 1463 2101 1423 1208
7125 4 2 0 1 1795 181 1790 1794
7126 4 2 0 1 1795 669 1794 1938
7127 4 2 0 1 1843 1777 1840 1883
7128 4 2 0 1 1103 2238 1340 2239
7129 4 2 0 1 1974 717 414 647
7130 4 2 0 1 1727 1889 1886 1554
7131 4 2 0 1 3011 2283 3014 2908
7132 4 2 0 1 2028 2333 1261 2917
7133 4 2 0 1 2075 2987 2988 2320
7134 4 2 0 1 2196 2198 1102 2218
7135 4 2 0 1 1543 1845 2182 1532
7136 4 2 0 1 1543 2182 1845 2200
7137 4 2 0 1 1432 1991 1350 1877
7138 4 2 0 1 1184 920 2316 828
7139 4 2 0 1 3017 3016 1558 2658
7140 4 2 0 1 2968 3063 2210 2211
7141 4 2 0 1 3207 2478 2980 2659
7142 4 2 0 1 2958 3063 2058 2960
7143 4 2 0 1 2225 2226 2986 2047
7144 4 2 0 1 299 2901 297 2748
7145 4 2 0 1 920 2216 1184 2316
7146 4 2 0 1 3062 2254 2958 2959
7147 4 2 0 1 3062 2958 2254 2211
7148 4 2 0 1 2316 830 2313 828
7149 4 2 0 1 2816 3188 1786 1883
7150 4 2 0 1 1663 791 1892 485
7151 4 2 0 1 2072 1267 2222 2981
7152 4 2 0 1 1102 2198 2196 1249
7153 4 2 0 1 2848 2638 2682 1581
7154 4 2 0 1 1880 425 1769 187
7155 4 2 0 1 2039 2818 2158 3075
7156 4 2 0 1 535 620 1938 747
7157 4 2 0 1 1797 1867 2037 1745
7158 4 2 0 1 1267 2072 2222 1207
7159 4 2 0 1 120 2781 2448 477
7160 4 2 0 1 1329 2166 2077 1055
7161 4 2 0 1 2040 1587 1845 2200
7162 4 2 0 1 1190 2315 2314 1422
7163 4 2 0 1 120 2781 477 446
7164 4 2 0 1 2640 1894 77 1768
7165 4 2 0 1 1236 1267 2222 1207
7166 4 2 0 1 2112 1345 2172 2222
7167 4 2 0 1 2509 2368 2643 2438
7168 4 2 0 1 435 1993 53 1833
7169 4 2 0 1 1028 1443 2301 2016
7170 4 2 0 1 2825 2729 3082 2731
7171 4 2 0 1 3082 1827 2731 2729
7172 4 2 0 1 1267 1345 1236 2222
7173 4 2 0 1 2028 56 303 57
7174 4 2 0 1 256 259 1724 264
7175 4 2 0 1 2229 827 2313 2231
7176 4 2 0 1 3131 2527 2524 2395
7177 4 2 0 1 120 2781 446 1860
7178 4 2 0 1 2042 1932 41 1607
7179 4 2 0 1 2376 2649 1555 2886
7180 4 2 0 1 2376 2511 2886 1555
7181 4 2 0 1 2166 2167 1055 1329
7182 4 2 0 1 2228 1624 2264 2231
7183 4 2 0 1 1624 2264 2231 2134
7184 4 2 0 1 2228 827 2229 2231
7185 4 2 0 1 2228 827 2231 826
7186 4 2 0 1 2264 826 2228 2231
7187 4 2 0 1 2040 1587 2200 2158
7188 4 2 0 1 41 1607 1286 42
7189 4 2 0 1 826 2264 2134 2231
7190 4 2 0 1 2228 827 826 825
7191 4 2 0 1 3126 3110 2520 2524
7192 4 2 0 1 397 401 396 2778
7193 4 2 0 1 2228 827 825 2229
7194 4 2 0 1 3036 2783 3066 2241
7195 4 2 0 1 1670 1684 2780 2781
7196 4 2 0 1 1821 397 647 395
7197 4 2 0 1 3066 2282 2291 3036
7198 4 2 0 1 3066 2282 3036 2241
7199 4 2 0 1 399 1854 647 1492
7200 4 2 0 1 1528 2440 3095 3096
7201 4 2 0 1 1918 312 1868 1625
7202 4 2 0 1 1795 1797 1866 1938
7203 4 2 0 1 124 102 1701 719
7204 4 2 0 1 120 2781 1860 2448
7205 4 2 0 1 2770 2783 2999 2099
7206 4 2 0 1 702 371 1942 495
7207 4 2 0 1 1929 1510 1932 2506
7208 4 2 0 1 2891 1568 2734 2350
7209 4 2 0 1 2040 1587 2158 2818
7210 4 2 0 1 746 1639 133 138
7211 4 2 0 1 2215 2783 2099 2285
7212 4 2 0 1 2679 2689 1756 1715
7213 4 2 0 1 1742 561 13 587
7214 4 2 0 1 1762 716 1655 600
7215 4 2 0 1 2704 1605 1907 436
7216 4 2 0 1 211 232 1762 600
7217 4 2 0 1 3041 961 1287 1006
7218 4 2 0 1 639 3218 154 637
7219 4 2 0 1 607 146 1832 148
7220 4 2 0 1 2843 2003 1739 1578
7221 4 2 0 1 1932 1931 2889 69
7222 4 2 0 1 2215 2783 2285 3036
7223 4 2 0 1 2656 3182 2654 2657
7224 4 2 0 1 2580 2503 2501 2505
7225 4 2 0 1 3160 3125 2491 2481
7226 4 2 0 1 157 1974 2906 616
7227 4 2 0 1 13 561 1742 14
7228 4 2 0 1 1575 1913 1718 1793
7229 4 2 0 1 1323 2257 1442 2250
7230 4 2 0 1 1852 1844 2383 1532
7231 4 2 0 1 1710 1712 679 11
7232 4 2 0 1 307 1987 1873 678
7233 4 2 0 1 453 552 586 1628
7234 4 2 0 1 1710 1709 1712 11
7235 4 2 0 1 639 738 378 3223
7236 4 2 0 1 1323 2257 2250 2286
7237 4 2 0 1 2189 2079 3059 2990
7238 4 2 0 1 1414 2306 1275 1019
7239 4 2 0 1 620 1938 747 20
7240 4 2 0 1 2189 3059 2079 2250
7241 4 2 0 1 1712 679 11 10
7242 4 2 0 1 1598 1832 1995 1746
7243 4 2 0 1 2258 2265 2740 2259
7244 4 2 0 1 1980 206 208 207
7245 4 2 0 1 1731 1732 1737 1738
7246 4 2 0 1 705 1805 771 508
7247 4 2 0 1 2216 2273 2316 920
7248 4 2 0 1 1160 1712 11 10
7249 4 2 0 1 2683 1579 1789 2860
7250 4 2 0 1 235 335 1723 336
7251 4 2 0 1 1909 1885 753 1910
7252 4 2 0 1 1809 1403 20 1364
7253 4 2 0 1 2286 1323 2251 2250
7254 4 2 0 1 1809 1094 1403 1364
7255 4 2 0 1 1135 2123 2175 1356
7256 4 2 0 1 1323 2257 2286 1180
7257 4 2 0 1 1809 1280 1094 1364
7258 4 2 0 1 2316 830 828 920
7259 4 2 0 1 1981 232 1683 1762
7260 4 2 0 1 1809 20 21 1364
7261 4 2 0 1 501 1944 86 503
7262 4 2 0 1 1813 212 1814 215
7263 4 2 0 1 221 218 220 1829
7264 4 2 0 1 755 3222 466 321
7265 4 2 0 1 1636 563 2558 2557
7266 4 2 0 1 170 171 1803 1785
7267 4 2 0 1 674 1770 434 710
7268 4 2 0 1 32 549 770 1738
7269 4 2 0 1 818 2812 1284 1340
7270 4 2 0 1 757 2026 1941 58
7271 4 2 0 1 371 2633 2788 1942
7272 4 2 0 1 1571 1596 131 2540
7273 4 2 0 1 1803 171 170 168
7274 4 2 0 1 1803 1915 1840 1883
7275 4 2 0 1 2547 2544 2806 1526
7276 4 2 0 1 2273 920 1233 830
7277 4 2 0 1 3212 2568 2573 2565
7278 4 2 0 1 3167 1636 3129 2557
7279 4 2 0 1 2199 870 871 868
7280 4 2 0 1 1411 3022 1138 931
7281 4 2 0 1 2769 1660 2632 2997
7282 4 2 0 1 2646 2511 1752 2654
7283 4 2 0 1 2376 2650 3121 2654
7284 4 2 0 1 1860 114 2781 446
7285 4 2 0 1 2839 1556 2646 2654
7286 4 2 0 1 1555 800 44 515
7287 4 2 0 1 1555 2511 44 1752
7288 4 2 0 1 1792 1791 1898 604
7289 4 2 0 1 387 1685 386 1680
7290 4 2 0 1 1138 3022 1411 2120
7291 4 2 0 1 1531 2266 2260 2261
7292 4 2 0 1 1484 2456 2416 1716
7293 4 2 0 1 2744 3090 3093 2582
7294 4 2 0 1 1804 1633 2339 2421
7295 4 2 0 1 311 1868 312 368
7296 4 2 0 1 2266 1531 2589 2261
7297 4 2 0 1 2263 1531 2260 2261
7298 4 2 0 1 565 442 2034 1713
7299 4 2 0 1 1479 665 784 1482
7300 4 2 0 1 2 3 1677 1978
7301 4 2 0 1 1531 2263 2589 2261
7302 4 2 0 1 1699 2700 569 1847
7303 4 2 0 1 694 1976 1919 306
7304 4 2 0 1 65 1780 2033 1677
7305 4 2 0 1 152 3217 1825 1753
7306 4 2 0 1 478 694 1890 481
7307 4 2 0 1 1936 2036 2271 2038
7308 4 2 0 1 2862 2682 2861 2684
7309 4 2 0 1 1847 2700 1848 2695
7310 4 2 0 1 280 279 281 1823
7311 4 2 0 1 1563 512 592 1663
7312 4 2 0 1 1719 332 592 703
7313 4 2 0 1 281 1816 1823 1873
7314 4 2 0 1 1714 236 207 1760
7315 4 2 0 1 733 2462 35 79
7316 4 2 0 1 2458 2878 2459 1930
7317 4 2 0 1 2536 533 666 626
7318 4 2 0 1 90 331 2888 88
7319 4 2 0 1 532 643 2459 644
7320 4 2 0 1 828 2313 2316 2229
7321 4 2 0 1 1189 820 1339 2025
7322 4 2 0 1 3 1810 269 85
7323 4 2 0 1 3 1810 1677 1978
7324 4 2 0 1 2918 2025 2026 2289
7325 4 2 0 1 2316 2229 1184 828
7326 4 2 0 1 2036 1936 2271 2037
7327 4 2 0 1 1741 1709 2146 1711
7328 4 2 0 1 2294 2863 3079 3037
7329 4 2 0 1 2632 1660 2998 2997
7330 4 2 0 1 2036 2819 2609 1849
7331 4 2 0 1 2483 2578 2879 1885
7332 4 2 0 1 1691 1731 1737 1738
7333 4 2 0 1 2640 2685 2687 1969
7334 4 2 0 1 644 1934 2459 1930
7335 4 2 0 1 2504 2884 2573 2397
7336 4 2 0 1 1530 1590 2449 3109
7337 4 2 0 1 1671 1917 2732 1697
7338 4 2 0 1 1952 2073 2229 825
7339 4 2 0 1 1783 1695 2031 524
7340 4 2 0 1 1689 1912 390 391
7341 4 2 0 1 507 505 1917 1697
7342 4 2 0 1 1671 1917 1697 507
7343 4 2 0 1 2774 2971 2773 3209
7344 4 2 0 1 223 221 1602 237
7345 4 2 0 1 2416 1486 2456 2764
7346 4 2 0 1 2367 2366 2346 2369
7347 4 2 0 1 1764 497 411 412
7348 4 2 0 1 2101 2102 2192 2220
7349 4 2 0 1 2777 391 1689 1668
7350 4 2 0 1 1554 1924 1886 1727
7351 4 2 0 1 554 2777 393 396
7352 4 2 0 1 1783 1916 1696 1697
7353 4 2 0 1 2509 1917 2779 2792
7354 4 2 0 1 700 563 1714 429
7355 4 2 0 1 2754 3209 2773 2972
7356 4 2 0 1 2022 3146 2796 2021
7357 4 2 0 1 2037 3075 2039 2271
7358 4 2 0 1 1911 1495 2423 1764
7359 4 2 0 1 2000 1870 1864 1483
7360 4 2 0 1 431 1682 1901 2445
7361 4 2 0 1 2037 3075 2271 2819
7362 4 2 0 1 1162 1052 2281 987
7363 4 2 0 1 2777 2438 2437 2436
7364 4 2 0 1 2081 987 2281 1052
7365 4 2 0 1 464 1625 347 349
7366 4 2 0 1 161 1905 97 99
7367 4 2 0 1 2081 987 1052 1044
7368 4 2 0 1 1901 1922 2882 2448
7369 4 2 0 1 1625 430 312 1868
7370 4 2 0 1 1597 1571 1593 2389
7371 4 2 0 1 479 2681 482 624
7372 4 2 0 1 1548 2412 3076 2916
7373 4 2 0 1 2720 2064 2724 2725
7374 4 2 0 1 1694 1739 141 766
7375 4 2 0 1 332 1719 522 703
7376 4 2 0 1 1951 1531 2029 2030
7377 4 2 0 1 368 612 404 1481
7378 4 2 0 1 2343 2872 2340 2766
7379 4 2 0 1 1841 1842 2308 2159
7380 4 2 0 1 2020 1905 99 97
7381 4 2 0 1 2960 2958 2955 2856
7382 4 2 0 1 168 597 1803 171
7383 4 2 0 1 1839 688 1777 593
7384 4 2 0 1 1694 141 1739 1693
7385 4 2 0 1 2092 2782 2285 2099
7386 4 2 0 1 1145 1333 2107 1269
7387 4 2 0 1 751 1671 435 1833
7388 4 2 0 1 2930 2938 2052 2826
7389 4 2 0 1 2781 446 447 477
7390 4 2 0 1 2448 3189 2781 2780
7391 4 2 0 1 2326 2012 1613 2288
7392 4 2 0 1 326 793 725 1684
7393 4 2 0 1 2337 2402 2566 2567
7394 4 2 0 1 1148 2226 2301 3211
7395 4 2 0 1 3211 2324 2325 2301
7396 4 2 0 1 304 1850 1890 1977
7397 4 2 0 1 1147 2324 3211 2301
7398 4 2 0 1 246 2033 63 65
7399 4 2 0 1 247 1780 1743 246
7400 4 2 0 1 897 1421 2227 894
7401 4 2 0 1 247 265 744 1985
7402 4 2 0 1 1868 1626 1918 1625
7403 4 2 0 1 496 1783 524 585
7404 4 2 0 1 1381 2251 1296 2311
7405 4 2 0 1 897 2227 1421 2835
7406 4 2 0 1 1670 2447 2781 2780
7407 4 2 0 1 111 112 110 2781
7408 4 2 0 1 2075 2103 2320 2118
7409 4 2 0 1 2425 1881 127 2881
7410 4 2 0 1 2018 502 651 742
7411 4 2 0 1 2683 2639 2862 2279
7412 4 2 0 1 2357 1881 2882 1494
7413 4 2 0 1 1895 1126 801 1128
7414 4 2 0 1 1907 2705 1580 2686
7415 4 2 0 1 2799 2451 1468 2357
7416 4 2 0 1 2560 1577 2495 2676
7417 4 2 0 1 2599 1314 1394 1216
7418 4 2 0 1 2457 2570 2397 3133
7419 4 2 0 1 2877 1565 2358 2529
7420 4 2 0 1 133 1639 131 138
7421 4 2 0 1 2484 2579 2458 1503
7422 4 2 0 1 2525 2903 2692 2905
7423 4 2 0 1 133 1596 131 1639
7424 4 2 0 1 1894 28 77 1768
7425 4 2 0 1 699 2020 100 98
7426 4 2 0 1 1814 216 1601 218
7427 4 2 0 1 1406 1017 2176 1330
7428 4 2 0 1 325 196 1746 594
7429 4 2 0 1 2201 915 2104 913
7430 4 2 0 1 874 2197 3058 873
7431 4 2 0 1 2312 2251 1381 2311
7432 4 2 0 1 1814 217 218 1829
7433 4 2 0 1 2334 2337 2567 2402
7434 4 2 0 1 1444 936 1296 2311
7435 4 2 0 1 2251 1444 1296 2311
7436 4 2 0 1 1832 553 636 324
7437 4 2 0 1 132 2540 130 131
7438 4 2 0 1 1455 1381 1296 2311
7439 4 2 0 1 624 144 142 1957
7440 4 2 0 1 159 145 1935 143
7441 4 2 0 1 248 1975 250 249
7442 4 2 0 1 141 1957 1693 142
7443 4 2 0 1 1944 1712 10 679
7444 4 2 0 1 2599 1394 1314 1945
7445 4 2 0 1 1546 1450 2026 59
7446 4 2 0 1 2818 1867 1937 1542
7447 4 2 0 1 790 3224 638 558
7448 4 2 0 1 1741 1709 1711 1742
7449 4 2 0 1 3228 639 154 378
7450 4 2 0 1 597 1785 1786 1979
7451 4 2 0 1 1616 2355 1467 2586
7452 4 2 0 1 1991 1993 1877 1988
7453 4 2 0 1 1991 1993 1988 1989
7454 4 2 0 1 1849 2819 1537 1745
7455 4 2 0 1 1786 179 329 1891
7456 4 2 0 1 2356 1662 1891 1560
7457 4 2 0 1 61 1546 60 1339
7458 4 2 0 1 2735 3078 3140 3100
7459 4 2 0 1 2303 2322 1408 2164
7460 4 2 0 1 1946 2604 2741 1536
7461 4 2 0 1 454 1662 330 791
7462 4 2 0 1 2203 1649 2467 2151
7463 4 2 0 1 2815 2406 2407 3173
7464 4 2 0 1 1478 1975 1477 1479
7465 4 2 0 1 1833 1784 2321 1877
7466 4 2 0 1 1782 1784 2321 1833
7467 4 2 0 1 1710 1802 82 567
7468 4 2 0 1 1840 1839 164 688
7469 4 2 0 1 398 1668 388 391
7470 4 2 0 1 1841 164 1839 406
7471 4 2 0 1 1182 1366 2055 1125
7472 4 2 0 1 1366 2055 2120 1182
7473 4 2 0 1 2857 1986 1846 1920
7474 4 2 0 1 1851 1850 2748 2422
7475 4 2 0 1 2795 2797 1702 1495
7476 4 2 0 1 2248 2055 1366 1125
7477 4 2 0 1 1700 365 762 1776
7478 4 2 0 1 1946 656 1800 1960
7479 4 2 0 1 711 1841 1855 406
7480 4 2 0 1 1498 2811 2401 2813
7481 4 2 0 1 2248 1366 2055 3200
7482 4 2 0 1 2878 2578 2459 1525
7483 4 2 0 1 101 100 1905 99
7484 4 2 0 1 1974 1854 1492 647
7485 4 2 0 1 1841 711 163 406
7486 4 2 0 1 1638 1782 2331 2321
7487 4 2 0 1 2331 1782 3088 2333
7488 4 2 0 1 136 1684 2807 1529
7489 4 2 0 1 2807 1865 1684 793
7490 4 2 0 1 1034 1283 2040 2158
7491 4 2 0 1 2728 1638 2331 2321
7492 4 2 0 1 2864 2549 1857 1856
7493 4 2 0 1 1536 2604 2741 1899
7494 4 2 0 1 662 2603 288 275
7495 4 2 0 1 1785 1786 173 175
7496 4 2 0 1 1947 2384 2029 1948
7497 4 2 0 1 171 1785 173 175
7498 4 2 0 1 2728 2332 2331 1638
7499 4 2 0 1 1096 1288 2208 2174
7500 4 2 0 1 1811 3206 2727 2900
7501 4 2 0 1 1805 1880 1603 1907
7502 4 2 0 1 1791 730 1790 241
7503 4 2 0 1 2040 1283 1034 1172
7504 4 2 0 1 519 365 197 1776
7505 4 2 0 1 1386 1152 2025 2085
7506 4 2 0 1 2586 1621 2261 2381
7507 4 2 0 1 1712 2599 2802 1960
7508 4 2 0 1 1994 1775 1776 197
7509 4 2 0 1 1216 1944 813 8
7510 4 2 0 1 2803 2596 2148 2601
7511 4 2 0 1 3055 2757 3056 2620
7512 4 2 0 1 240 2876 239 367
7513 4 2 0 1 148 1832 150 149
7514 4 2 0 1 198 1775 197 199
7515 4 2 0 1 365 1775 197 1776
7516 4 2 0 1 2584 698 1722 1723
7517 4 2 0 1 2014 369 483 469
7518 4 2 0 1 2668 1618 3034 2902
7519 4 2 0 1 2902 2295 2131 3037
7520 4 2 0 1 2768 2802 1532 2597
7521 4 2 0 1 365 199 197 1775
7522 4 2 0 1 1761 1980 208 1760
7523 4 2 0 1 1872 2418 2341 2763
7524 4 2 0 1 1939 1965 1699 2698
7525 4 2 0 1 1823 277 1641 2603
7526 4 2 0 1 1386 2025 1152 1189
7527 4 2 0 1 1314 1712 1215 813
7528 4 2 0 1 1628 366 328 1801
7529 4 2 0 1 3223 149 1753 151
7530 4 2 0 1 240 2876 367 1829
7531 4 2 0 1 1879 2844 1837 1829
7532 4 2 0 1 1879 415 367 1829
7533 4 2 0 1 1824 219 1829 220
7534 4 2 0 1 1858 1723 2875 1857
7535 4 2 0 1 1879 415 1829 1837
7536 4 2 0 1 1879 2680 2874 1829
7537 4 2 0 1 2800 450 1865 327
7538 4 2 0 1 420 327 1865 450
7539 4 2 0 1 1824 239 230 240
7540 4 2 0 1 2449 513 1590 1830
7541 4 2 0 1 628 1824 230 240
7542 4 2 0 1 522 623 1703 364
7543 4 2 0 1 496 1783 585 1781
7544 4 2 0 1 3085 1751 2986 2830
7545 4 2 0 1 2764 2763 2418 2762
7546 4 2 0 1 2764 2418 2763 2341
7547 4 2 0 1 1656 555 403 506
7548 4 2 0 1 2465 1501 3135 3137
7549 4 2 0 1 1683 323 439 671
7550 4 2 0 1 147 1832 148 149
7551 4 2 0 1 1096 2174 2208 2238
7552 4 2 0 1 730 664 424 1603
7553 4 2 0 1 1729 772 73 468
7554 4 2 0 1 2998 1660 2994 2997
7555 4 2 0 1 1880 424 1603 1907
7556 4 2 0 1 1995 198 553 200
7557 4 2 0 1 1806 1805 1579 1789
7558 4 2 0 1 1639 1596 1571 2499
7559 4 2 0 1 1766 1765 2555 1767
7560 4 2 0 1 1757 756 155 1756
7561 4 2 0 1 389 2433 1688 1942
7562 4 2 0 1 1796 1849 1797 1790
7563 4 2 0 1 2917 1782 2631 2028
7564 4 2 0 1 2627 2699 2343 1594
7565 4 2 0 1 1378 1159 2103 1118
7566 4 2 0 1 2334 1373 802 1198
7567 4 2 0 1 607 1598 162 1746
7568 4 2 0 1 255 731 253 1479
7569 4 2 0 1 2543 342 339 341
7570 4 2 0 1 253 2043 1479 731
7571 4 2 0 1 2336 3052 1031 2174
7572 4 2 0 1 2141 1201 1287 1132
7573 4 2 0 1 155 756 1757 474
7574 4 2 0 1 2144 2308 2206 2182
7575 4 2 0 1 2159 1968 1842 2138
7576 4 2 0 1 80 760 670 2017
7577 4 2 0 1 1796 1744 176 1866
7578 4 2 0 1 691 254 1975 1478
7579 4 2 0 1 691 1975 254 252
7580 4 2 0 1 22 21 1809 1808
7581 4 2 0 1 1658 155 1757 364
7582 4 2 0 1 532 644 2459 560
7583 4 2 0 1 3182 3085 2661 3084
7584 4 2 0 1 2232 817 1448 1324
7585 4 2 0 1 2778 1821 1492 395
7586 4 2 0 1 1757 364 155 474
7587 4 2 0 1 1754 381 1921 1828
7588 4 2 0 1 1861 1820 1818 2645
7589 4 2 0 1 2077 2095 2166 1329
7590 4 2 0 1 1945 2149 2148 2599
7591 4 2 0 1 2123 2216 2108 2175
7592 4 2 0 1 1874 1834 1836 2734
7593 4 2 0 1 1617 2603 2669 1966
7594 4 2 0 1 1940 2699 2350 1959
7595 4 2 0 1 1084 2108 1299 2086
7596 4 2 0 1 277 1965 275 2603
7597 4 2 0 1 2233 2804 2206 2596
7598 4 2 0 1 2273 2121 845 3007
7599 4 2 0 1 2086 2147 1084 2108
7600 4 2 0 1 1464 1096 2208 2238
7601 4 2 0 1 2699 1594 2350 1959
7602 4 2 0 1 277 288 2603 275
7603 4 2 0 1 2108 2125 1079 2109
7604 4 2 0 1 1376 2055 1387 1011
7605 4 2 0 1 1376 2055 1011 2068
7606 4 2 0 1 1102 863 1327 2218
7607 4 2 0 1 2164 1111 1408 1199
7608 4 2 0 1 2661 2718 3154 3193
7609 4 2 0 1 2093 2172 2112 1165
7610 4 2 0 1 874 2197 873 872
7611 4 2 0 1 750 689 308 1652
7612 4 2 0 1 3102 3105 1562 1630
7613 4 2 0 1 2076 1630 1474 2406
7614 4 2 0 1 3058 873 875 874
7615 4 2 0 1 2130 2978 3002 2094
7616 4 2 0 1 2108 1079 2125 1454
7617 4 2 0 1 2406 3105 2747 1630
7618 4 2 0 1 1288 2224 2208 2174
7619 4 2 0 1 2959 2254 2946 3062
7620 4 2 0 1 1511 2501 2524 2525
7621 4 2 0 1 2130 2198 2199 2922
7622 4 2 0 1 2836 2834 2838 2328
7623 4 2 0 1 2186 925 2187 2188
7624 4 2 0 1 2417 2901 2748 297
7625 4 2 0 1 2417 497 2446 296
7626 4 2 0 1 893 905 902 2236
7627 4 2 0 1 2202 2236 3045 2851
7628 4 2 0 1 307 1987 678 796
7629 4 2 0 1 2473 2972 3065 2061
7630 4 2 0 1 1029 1026 2165 1404
7631 4 2 0 1 927 918 3052 926
7632 4 2 0 1 2224 927 2174 1288
7633 4 2 0 1 3052 988 2174 927
7634 4 2 0 1 3069 2475 2063 2720
7635 4 2 0 1 2500 3131 2524 2395
7636 4 2 0 1 210 212 1761 764
7637 4 2 0 1 764 785 215 1813
7638 4 2 0 1 1981 1762 1683 1837
7639 4 2 0 1 2322 2303 1408 1242
7640 4 2 0 1 2334 2337 2402 2335
7641 4 2 0 1 1880 1994 425 1907
7642 4 2 0 1 2131 1061 1276 2902
7643 4 2 0 1 1994 482 1746 1769
7644 4 2 0 1 3023 2921 3199 3064
7645 4 2 0 1 1880 1770 1769 1805
7646 4 2 0 1 3215 1299 1095 1150
7647 4 2 0 1 2196 2992 2198 2218
7648 4 2 0 1 2303 854 856 2068
7649 4 2 0 1 3113 2525 2428 2363
7650 4 2 0 1 2911 1138 2120 3022
7651 4 2 0 1 2251 1007 1307 1107
7652 4 2 0 1 3059 2257 3015 2286
7653 4 2 0 1 3081 3025 2829 2013
7654 4 2 0 1 2324 3211 2986 2074
7655 4 2 0 1 971 948 2046 2225
7656 4 2 0 1 1400 1456 2127 1220
7657 4 2 0 1 1811 3086 2727 3177
7658 4 2 0 1 2063 2943 2475 3069
7659 4 2 0 1 370 1722 338 340
7660 4 2 0 1 2063 2475 2721 2720
7661 4 2 0 1 2224 3018 2223 3067
7662 4 2 0 1 1771 818 1284 1447
7663 4 2 0 1 2730 3033 2047 2128
7664 4 2 0 1 2910 3025 2052 2827
7665 4 2 0 1 1443 2324 2301 2325
7666 4 2 0 1 949 948 2046 950
7667 4 2 0 1 2152 2153 878 876
7668 4 2 0 1 2543 1722 2536 340
7669 4 2 0 1 1200 926 3052 917
7670 4 2 0 1 2775 917 1214 1200
7671 4 2 0 1 2131 1276 1061 1277
7672 4 2 0 1 2721 2475 2063 2953
7673 4 2 0 1 2214 2180 990 1226
7674 4 2 0 1 1367 2119 1248 2120
7675 4 2 0 1 1673 2653 3177 2719
7676 4 2 0 1 1915 1852 1840 2383
7677 4 2 0 1 2162 2641 2892 2157
7678 4 2 0 1 1367 2119 2120 1366
7679 4 2 0 1 2954 3008 2957 2856
7680 4 2 0 1 1915 1852 2383 1539
7681 4 2 0 1 1852 1844 1532 1838
7682 4 2 0 1 1532 1852 2768 2383
7683 4 2 0 1 470 1692 1910 376
7684 4 2 0 1 2533 3125 2392 2542
7685 4 2 0 1 1518 374 1885 1910
7686 4 2 0 1 344 2483 345 1885
7687 4 2 0 1 1015 2194 1205 1207
7688 4 2 0 1 345 2483 1518 1885
7689 4 2 0 1 470 1692 376 471
7690 4 2 0 1 898 1141 900 2985
7691 4 2 0 1 874 2197 872 2196
7692 4 2 0 1 373 753 1885 374
7693 4 2 0 1 3210 3085 2986 2830
7694 4 2 0 1 1504 1597 2542 2499
7695 4 2 0 1 2165 1111 2164 1029
7696 4 2 0 1 375 376 1910 2488
7697 4 2 0 1 2068 2921 2069 2256
7698 4 2 0 1 1480 355 1868 3221
7699 4 2 0 1 2275 2822 2821 2300
7700 4 2 0 1 2171 958 918 927
7701 4 2 0 1 2198 1102 863 866
7702 4 2 0 1 692 49 2010 758
7703 4 2 0 1 2305 1372 819 1065
7704 4 2 0 1 1410 2103 2075 956
7705 4 2 0 1 2777 2778 1492 395
7706 4 2 0 1 1398 2089 2100 2092
7707 4 2 0 1 2198 863 1102 2218
7708 4 2 0 1 2282 2292 2131 1193
7709 4 2 0 1 1059 1060 2215 2092
7710 4 2 0 1 647 1821 395 1492
7711 4 2 0 1 1407 2241 1049 1050
7712 4 2 0 1 2337 2811 2402 1732
7713 4 2 0 1 2302 1243 850 852
7714 4 2 0 1 2154 2163 1660 2996
7715 4 2 0 1 2942 2992 2198 2196
7716 4 2 0 1 2269 848 2253 908
7717 4 2 0 1 2030 1531 2117 2259
7718 4 2 0 1 1673 2632 2999 2997
7719 4 2 0 1 2924 2926 2197 2199
7720 4 2 0 1 718 711 1855 406
7721 4 2 0 1 2143 1380 2146 1229
7722 4 2 0 1 2984 2073 2983 2150
7723 4 2 0 1 1839 718 1855 406
7724 4 2 0 1 545 1799 695 417
7725 4 2 0 1 1223 2175 1318 1043
7726 4 2 0 1 1532 2182 1543 2206
7727 4 2 0 1 2302 850 1243 2253
7728 4 2 0 1 2005 2265 1276 1309
7729 4 2 0 1 545 1799 417 611
7730 4 2 0 1 2742 1628 1535 1629
7731 4 2 0 1 17 806 18 1996
7732 4 2 0 1 1841 1839 1542 1855
7733 4 2 0 1 223 652 237 1602
7734 4 2 0 1 1897 1796 1744 174
7735 4 2 0 1 1246 2259 1116 1429
7736 4 2 0 1 2554 2553 2559 1768
7737 4 2 0 1 2494 2530 1597 2392
7738 4 2 0 1 1319 2141 1440 1155
7739 4 2 0 1 3041 1006 1446 1392
7740 4 2 0 1 1032 2710 2141 1031
7741 4 2 0 1 541 543 1602 1799
7742 4 2 0 1 3040 2296 2772 1773
7743 4 2 0 1 1759 621 759 1481
7744 4 2 0 1 2750 1349 1119 3087
7745 4 2 0 1 3076 3091 2624 2916
7746 4 2 0 1 2902 2295 3037 2005
7747 4 2 0 1 303 56 2028 1781
7748 4 2 0 1 2844 1601 1762 1837
7749 4 2 0 1 2509 1917 2792 2732
7750 4 2 0 1 1588 641 2035 97
7751 4 2 0 1 3201 2938 2052 2930
7752 4 2 0 1 854 2302 1376 2068
7753 4 2 0 1 2244 1990 2900 2331
7754 4 2 0 1 1557 2471 3154 2717
7755 4 2 0 1 2533 2494 1597 2392
7756 4 2 0 1 1116 2259 1246 2258
7757 4 2 0 1 2302 1376 2068 2256
7758 4 2 0 1 2494 2533 3125 2392
7759 4 2 0 1 2312 980 986 1016
7760 4 2 0 1 1168 900 2985 922
7761 4 2 0 1 1444 2080 2078 1338
7762 4 2 0 1 1158 936 935 2115
7763 4 2 0 1 1122 2135 945 941
7764 4 2 0 1 969 940 1248 2119
7765 4 2 0 1 2864 618 337 428
7766 4 2 0 1 2004 1309 5 2019
7767 4 2 0 1 1212 2304 2325 2016
7768 4 2 0 1 716 1683 1825 439
7769 4 2 0 1 1028 47 1826 1154
7770 4 2 0 1 2011 2012 2009 2326
7771 4 2 0 1 28 29 77 1768
7772 4 2 0 1 2376 2647 2646 2649
7773 4 2 0 1 2977 2057 2978 2094
7774 4 2 0 1 3192 2929 2925 2928
7775 4 2 0 1 455 1825 1753 439
7776 4 2 0 1 1115 2253 2211 2255
7777 4 2 0 1 2312 2286 2311 3013
7778 4 2 0 1 1338 2083 932 933
7779 4 2 0 1 2251 2080 2311 2991
7780 4 2 0 1 2395 2458 2397 1503
7781 4 2 0 1 3006 890 2195 2167
7782 4 2 0 1 1540 2387 2613 2612
7783 4 2 0 1 2077 1055 2298 1379
7784 4 2 0 1 1541 2758 2613 1540
7785 4 2 0 1 2853 2299 2989 2851
7786 4 2 0 1 463 420 1865 450
7787 4 2 0 1 3031 3032 2127 3030
7788 4 2 0 1 3157 2961 2962 2856
7789 4 2 0 1 2395 2458 1503 2484
7790 4 2 0 1 1016 2286 1136 2312
7791 4 2 0 1 2237 998 1396 1252
7792 4 2 0 1 2992 2187 2188 2217
7793 4 2 0 1 865 856 2068 858
7794 4 2 0 1 3030 2186 2127 3031
7795 4 2 0 1 3031 2915 2237 2127
7796 4 2 0 1 3118 3139 2512 2513
7797 4 2 0 1 530 2793 461 687
7798 4 2 0 1 530 79 461 2793
7799 4 2 0 1 1607 1343 2315 1331
7800 4 2 0 1 2276 2314 1272 1021
7801 4 2 0 1 1927 2793 461 1928
7802 4 2 0 1 1278 3041 1392 1006
7803 4 2 0 1 2219 2775 2772 3065
7804 4 2 0 1 3158 2473 1664 3065
7805 4 2 0 1 960 3040 961 2140
7806 4 2 0 1 1325 2219 1210 1305
7807 4 2 0 1 2004 5 1309 4
7808 4 2 0 1 2462 461 2793 1928
7809 4 2 0 1 2304 1213 2324 1131
7810 4 2 0 1 2452 1486 1764 1631
7811 4 2 0 1 2245 2114 2067 1088
7812 4 2 0 1 1163 2281 2176 1359
7813 4 2 0 1 872 1344 2196 1249
7814 4 2 0 1 3139 3118 2784 2513
7815 4 2 0 1 2730 2225 2047 2226
7816 4 2 0 1 827 828 2313 829
7817 4 2 0 1 3139 2784 2563 2513
7818 4 2 0 1 2968 965 2210 2060
7819 4 2 0 1 1223 3007 884 2123
7820 4 2 0 1 1170 1169 2123 1171
7821 4 2 0 1 1084 2147 2601 1362
7822 4 2 0 1 3139 2784 3118 2404
7823 4 2 0 1 1235 1454 2108 1427
7824 4 2 0 1 3118 3139 2404 3138
7825 4 2 0 1 1944 2384 2599 1960
7826 4 2 0 1 2285 3035 3036 3101
7827 4 2 0 1 2721 2475 2064 2720
7828 4 2 0 1 1631 421 2446 649
7829 4 2 0 1 3103 1643 3101 3150
7830 4 2 0 1 3020 2254 2269 2270
7831 4 2 0 1 1027 1026 2165 1029
7832 4 2 0 1 2064 2475 2721 2953
7833 4 2 0 1 1824 1815 712 780
7834 4 2 0 1 2824 2823 3049 2947
7835 4 2 0 1 1005 1106 2078 1151
7836 4 2 0 1 2932 862 864 863
7837 4 2 0 1 2322 862 901 2932
7838 4 2 0 1 1205 897 2129 2194
7839 4 2 0 1 3118 3139 3138 2512
7840 4 2 0 1 1501 2465 2568 3137
7841 4 2 0 1 2639 2638 2683 2862
7842 4 2 0 1 2755 2555 1772 1771
7843 4 2 0 1 1969 521 1894 1776
7844 4 2 0 1 1051 1378 2154 2240
7845 4 2 0 1 832 2319 2273 2313
7846 4 2 0 1 1617 2863 2898 2413
7847 4 2 0 1 321 320 615 1815
7848 4 2 0 1 2162 1282 2158 3047
7849 4 2 0 1 1617 1676 2698 1965
7850 4 2 0 1 2216 2273 920 2175
7851 4 2 0 1 1617 2698 2413 2697
7852 4 2 0 1 1969 521 1776 762
7853 4 2 0 1 1969 521 762 523
7854 4 2 0 1 2511 1752 1747 44
7855 4 2 0 1 2232 817 1324 2041
7856 4 2 0 1 1969 521 523 1894
7857 4 2 0 1 2456 2845 2805 2764
7858 4 2 0 1 2077 2095 1329 2137
7859 4 2 0 1 2958 2955 2956 3020
7860 4 2 0 1 1981 232 1762 209
7861 4 2 0 1 2456 2845 2764 1486
7862 4 2 0 1 851 850 2164 2270
7863 4 2 0 1 1656 507 555 506
7864 4 2 0 1 2614 2407 1648 3173
7865 4 2 0 1 554 1917 2779 403
7866 4 2 0 1 2190 1442 1253 1252
7867 4 2 0 1 2924 3060 2929 2923
7868 4 2 0 1 1917 1916 2776 2792
7869 4 2 0 1 1916 1783 1833 1697
7870 4 2 0 1 1917 1916 2792 2732
7871 4 2 0 1 504 505 1668 398
7872 4 2 0 1 1656 507 1671 555
7873 4 2 0 1 3148 1916 3175 3114
7874 4 2 0 1 2154 1549 3044 1660
7875 4 2 0 1 804 1334 1391 1877
7876 4 2 0 1 1784 1781 55 54
7877 4 2 0 1 56 1781 55 1186
7878 4 2 0 1 1668 506 398 505
7879 4 2 0 1 2152 2130 3002 2094
7880 4 2 0 1 2473 2972 1664 3065
7881 4 2 0 1 1480 355 3221 509
7882 4 2 0 1 1902 2416 2446 1999
7883 4 2 0 1 3007 1169 884 2123
7884 4 2 0 1 2216 2273 2175 3007
7885 4 2 0 1 2426 1631 1902 2446
7886 4 2 0 1 1669 293 1493 1902
7887 4 2 0 1 1153 1074 2086 1395
7888 4 2 0 1 3089 2419 2339 1484
7889 4 2 0 1 1627 2342 2432 2766
7890 4 2 0 1 3070 1115 2055 1125
7891 4 2 0 1 3202 2255 2946 2045
7892 4 2 0 1 1931 736 2707 1927
7893 4 2 0 1 980 2272 946 974
7894 4 2 0 1 2303 852 2164 853
7895 4 2 0 1 1627 3089 2432 2342
7896 4 2 0 1 2075 2987 2135 2988
7897 4 2 0 1 820 1189 1152 2025
7898 4 2 0 1 1367 2119 1366 1087
7899 4 2 0 1 1157 2090 1384 1316
7900 4 2 0 1 2707 736 1931 39
7901 4 2 0 1 2186 2187 2189 2188
7902 4 2 0 1 2322 2323 2165 2045
7903 4 2 0 1 1722 370 338 517
7904 4 2 0 1 2222 2933 2051 2937
7905 4 2 0 1 2007 2008 2440 1527
7906 4 2 0 1 858 2277 865 928
7907 4 2 0 1 2007 2442 2440 2008
7908 4 2 0 1 1636 1692 2400 2558
7909 4 2 0 1 2441 2008 2903 1527
7910 4 2 0 1 3058 883 875 873
7911 4 2 0 1 894 885 898 2227
7912 4 2 0 1 2441 2008 1527 2440
7913 4 2 0 1 885 883 2227 889
7914 4 2 0 1 2915 3032 2128 2127
7915 4 2 0 1 1003 2139 2993 2250
7916 4 2 0 1 1825 1683 147 1753
7917 4 2 0 1 854 2302 2068 2303
7918 4 2 0 1 1590 1740 603 2449
7919 4 2 0 1 1740 3189 2449 2780
7920 4 2 0 1 2461 2504 2573 2397
7921 4 2 0 1 2625 2626 2623 2350
7922 4 2 0 1 3171 3132 2518 1507
7923 4 2 0 1 2042 1932 1607 2709
7924 4 2 0 1 1011 865 2277 929
7925 4 2 0 1 1825 147 1683 611
7926 4 2 0 1 538 541 1602 1799
7927 4 2 0 1 2988 939 2075 940
7928 4 2 0 1 545 1799 611 1825
7929 4 2 0 1 2323 1143 2221 1336
7930 4 2 0 1 2055 1115 1182 1125
7931 4 2 0 1 1310 1225 1406 2176
7932 4 2 0 1 1710 587 81 1742
7933 4 2 0 1 2055 2120 1411 3022
7934 4 2 0 1 225 1602 1824 628
7935 4 2 0 1 1151 2993 1393 2078
7936 4 2 0 1 2312 2272 1455 1358
7937 4 2 0 1 1136 2251 1307 1099
7938 4 2 0 1 2251 1323 1307 1018
7939 4 2 0 1 2272 938 1459 942
7940 4 2 0 1 1447 818 32 1738
7941 4 2 0 1 2557 2555 2558 2485
7942 4 2 0 1 2312 1136 1016 1099
7943 4 2 0 1 1874 1873 1959 1987
7944 4 2 0 1 1731 1730 1732 1738
7945 4 2 0 1 3003 2071 3010 2278
7946 4 2 0 1 225 1824 1602 223
7947 4 2 0 1 1591 1476 1963 2044
7948 4 2 0 1 2343 1594 2699 2872
7949 4 2 0 1 248 247 1985 249
7950 4 2 0 1 123 431 2445 432
7951 4 2 0 1 357 356 358 1853
7952 4 2 0 1 2634 2786 2432 2340
7953 4 2 0 1 1771 1447 31 1738
7954 4 2 0 1 3123 2789 3124 2420
7955 4 2 0 1 774 389 1695 1688
7956 4 2 0 1 3060 2942 2188 2050
7957 4 2 0 1 1032 1096 2174 988
7958 4 2 0 1 2284 2207 2249 2594
7959 4 2 0 1 2505 1934 1930 2459
7960 4 2 0 1 1773 1499 2467 3174
7961 4 2 0 1 1522 2571 3207 3169
7962 4 2 0 1 2315 1369 810 1422
7963 4 2 0 1 2564 3144 3137 3169
7964 4 2 0 1 3120 2574 2575 3141
7965 4 2 0 1 2041 2314 1272 2276
7966 4 2 0 1 1032 2174 1096 2238
7967 4 2 0 1 2042 1607 41 42
7968 4 2 0 1 2201 915 2821 2300
7969 4 2 0 1 1142 2078 1106 1371
7970 4 2 0 1 2869 1672 2644 1916
7971 4 2 0 1 3101 3100 1643 3103
7972 4 2 0 1 2812 2337 1732 1733
7973 4 2 0 1 2986 2832 2830 2074
7974 4 2 0 1 1721 529 1631 1707
7975 4 2 0 1 2783 2782 3142 1674
7976 4 2 0 1 2442 1819 2645 1528
7977 4 2 0 1 2993 1004 2250 2078
7978 4 2 0 1 2863 2785 2294 2898
7979 4 2 0 1 2735 2132 3100 3101
7980 4 2 0 1 2619 2588 1948 2597
7981 4 2 0 1 1927 1934 1931 644
7982 4 2 0 1 1744 1796 176 174
7983 4 2 0 1 1069 1068 2144 2142
7984 4 2 0 1 740 266 2449 603
7985 4 2 0 1 1809 1938 21 20
7986 4 2 0 1 1542 2040 2818 1845
7987 4 2 0 1 46 1826 1028 47
7988 4 2 0 1 2136 945 2272 974
7989 4 2 0 1 2001 1754 1556 2646
7990 4 2 0 1 1631 529 724 472
7991 4 2 0 1 497 300 2417 1716
7992 4 2 0 1 2322 1245 1408 2164
7993 4 2 0 1 1095 1080 3215 1133
7994 4 2 0 1 2020 1588 2035 97
7995 4 2 0 1 1944 2384 1960 1946
7996 4 2 0 1 1628 1908 1899 1801
7997 4 2 0 1 2354 2663 2664 1567
7998 4 2 0 1 2530 2877 2534 2390
7999 4 2 0 1 3126 2486 2526 2520
8000 4 2 0 1 1812 473 1813 680
8001 4 2 0 1 2394 2495 1705 3129
8002 4 2 0 1 1813 473 1760 1761
8003 4 2 0 1 1792 1757 1575 1606
8004 4 2 0 1 1586 1574 1704 138
8005 4 2 0 1 2020 708 98 699
8006 4 2 0 1 3215 2108 2175 1135
8007 4 2 0 1 134 1693 1694 1667
8008 4 2 0 1 1642 3079 2668 3037
8009 4 2 0 1 1065 2012 1333 2107
8010 4 2 0 1 2850 2638 1581 2553
8011 4 2 0 1 1333 2012 2106 2107
8012 4 2 0 1 441 1859 1593 440
8013 4 2 0 1 1787 485 1663 1878
8014 4 2 0 1 1834 454 678 1964
8015 4 2 0 1 1834 678 454 677
8016 4 2 0 1 332 178 333 1914
8017 4 2 0 1 2684 1793 2861 1537
8018 4 2 0 1 1840 1839 1838 164
8019 4 2 0 1 3215 2108 1321 2175
8020 4 2 0 1 3079 2668 3078 1642
8021 4 2 0 1 722 3216 1478 1477
8022 4 2 0 1 551 1835 552 309
8023 4 2 0 1 3196 2627 2666 2350
8024 4 2 0 1 1871 1652 2342 1926
8025 4 2 0 1 2625 2891 2669 2350
8026 4 2 0 1 1135 2123 1427 2108
8027 4 2 0 1 1912 1804 1863 514
8028 4 2 0 1 1477 722 1939 1478
8029 4 2 0 1 3094 2367 3093 3115
8030 4 2 0 1 1920 2789 2787 2420
8031 4 2 0 1 2744 3090 2582 1634
8032 4 2 0 1 3216 571 722 573
8033 4 2 0 1 2332 2749 2728 2995
8034 4 2 0 1 2333 816 1186 1261
8035 4 2 0 1 2792 2509 2643 2438
8036 4 2 0 1 804 1350 1187 1877
8037 4 2 0 1 2632 3117 1659 2769
8038 4 2 0 1 161 1905 99 634
8039 4 2 0 1 1552 3028 2637 3054
8040 4 2 0 1 2410 2745 2406 1630
8041 4 2 0 1 1743 1547 2084 2033
8042 4 2 0 1 323 1995 203 204
8043 4 2 0 1 3216 571 573 572
8044 4 2 0 1 1775 2706 1958 2681
8045 4 2 0 1 431 486 1682 1650
8046 4 2 0 1 1851 1678 1488 1633
8047 4 2 0 1 2449 128 740 140
8048 4 2 0 1 1721 1922 1902 1901
8049 4 2 0 1 1670 1706 631 2447
8050 4 2 0 1 266 1740 2449 603
8051 4 2 0 1 114 112 2781 229
8052 4 2 0 1 2776 1916 1697 1696
8053 4 2 0 1 300 2748 2417 1716
8054 4 2 0 1 1477 722 571 1939
8055 4 2 0 1 2525 2441 1527 2583
8056 4 2 0 1 1802 1852 1960 1838
8057 4 2 0 1 2776 1695 1696 1697
8058 4 2 0 1 1696 2869 1783 2794
8059 4 2 0 1 124 596 633 1701
8060 4 2 0 1 2023 2691 2021 2020
8061 4 2 0 1 2483 2581 2806 1526
8062 4 2 0 1 2538 3163 2459 372
8063 4 2 0 1 3163 91 1588 2691
8064 4 2 0 1 1453 1741 1262 1093
8065 4 2 0 1 2805 2435 3190 2423
8066 4 2 0 1 610 763 1478 609
8067 4 2 0 1 81 1710 82 66
8068 4 2 0 1 172 1744 593 176
8069 4 2 0 1 2162 964 2157 2892
8070 4 2 0 1 177 1796 174 176
8071 4 2 0 1 266 740 2449 3189
8072 4 2 0 1 2595 2387 2607 2612
8073 4 2 0 1 1965 1966 273 275
8074 4 2 0 1 1740 266 2449 3189
8075 4 2 0 1 531 728 2459 1525
8076 4 2 0 1 1960 679 1944 567
8077 4 2 0 1 1791 730 241 605
8078 4 2 0 1 1791 1792 1606 605
8079 4 2 0 1 2850 2638 2553 1551
8080 4 2 0 1 2395 2580 2364 2501
8081 4 2 0 1 1839 1843 1542 1866
8082 4 2 0 1 1731 1690 1730 1738
8083 4 2 0 1 1499 1735 2753 2814
8084 4 2 0 1 2572 2224 2567 2208
8085 4 2 0 1 2041 1343 2314 2315
8086 4 2 0 1 37 36 1928 461
8087 4 2 0 1 2144 2308 2182 2159
8088 4 2 0 1 1794 1795 1807 1790
8089 4 2 0 1 1606 474 436 605
8090 4 2 0 1 225 224 226 1824
8091 4 2 0 1 2876 712 1815 2014
8092 4 2 0 1 2224 2171 3050 2174
8093 4 2 0 1 2465 2336 3183 2710
8094 4 2 0 1 2336 3052 2174 3051
8095 4 2 0 1 2141 1058 1132 995
8096 4 2 0 1 37 1368 1728 978
8097 4 2 0 1 1310 1102 2196 1268
8098 4 2 0 1 1784 1334 1877 53
8099 4 2 0 1 2776 1916 1696 3148
8100 4 2 0 1 2430 2790 3147 2635
8101 4 2 0 1 1638 1782 2749 3088
8102 4 2 0 1 1178 1402 2333 2750
8103 4 2 0 1 2918 2287 2630 1549
8104 4 2 0 1 2639 1894 26 2032
8105 4 2 0 1 1877 1445 1432 1991
8106 4 2 0 1 1785 2816 173 1786
8107 4 2 0 1 2614 2615 2608 2591
8108 4 2 0 1 1703 1719 1718 1876
8109 4 2 0 1 1843 1867 1866 1745
8110 4 2 0 1 1105 2160 975 1270
8111 4 2 0 1 1991 1877 2321 2331
8112 4 2 0 1 2135 2909 2136 3013
8113 4 2 0 1 2326 1990 2727 1613
8114 4 2 0 1 3201 2938 2930 2056
8115 4 2 0 1 1877 1432 1445 804
8116 4 2 0 1 3086 3177 3179 2727
8117 4 2 0 1 1178 2333 1402 816
8118 4 2 0 1 2436 2777 1492 1911
8119 4 2 0 1 1974 1923 2873 1854
8120 4 2 0 1 2533 1468 2528 2363
8121 4 2 0 1 2112 1345 2222 1236
8122 4 2 0 1 2498 2868 2867 1572
8123 4 2 0 1 2181 2182 2138 2159
8124 4 2 0 1 1606 797 1757 474
8125 4 2 0 1 1792 1575 1718 1793
8126 4 2 0 1 1710 679 66 11
8127 4 2 0 1 1709 1181 2184 1160
8128 4 2 0 1 3147 1679 2421 2432
8129 4 2 0 1 299 1850 2748 1851
8130 4 2 0 1 2426 2761 2764 2762
8131 4 2 0 1 2432 1489 3089 2805
8132 4 2 0 1 423 294 1998 1493
8133 4 2 0 1 2112 1345 1236 1165
8134 4 2 0 1 728 531 2459 532
8135 4 2 0 1 369 2014 483 615
8136 4 2 0 1 2014 369 712 615
8137 4 2 0 1 118 1669 547 119
8138 4 2 0 1 1515 1905 1997 1798
8139 4 2 0 1 1409 2075 1222 1156
8140 4 2 0 1 2360 1485 2763 2341
8141 4 2 0 1 2858 2043 1985 498
8142 4 2 0 1 312 1919 1918 291
8143 4 2 0 1 1919 481 1890 694
8144 4 2 0 1 314 663 722 1939
8145 4 2 0 1 1815 320 615 780
8146 4 2 0 1 2458 2580 2484 2395
8147 4 2 0 1 2430 1475 3123 2340
8148 4 2 0 1 598 320 1824 780
8149 4 2 0 1 1480 1479 1482 1725
8150 4 2 0 1 2584 1723 1857 2875
8151 4 2 0 1 147 545 611 1825
8152 4 2 0 1 1895 1893 2847 2306
8153 4 2 0 1 1858 2876 234 219
8154 4 2 0 1 755 321 615 1815
8155 4 2 0 1 2939 2910 3027 2054
8156 4 2 0 1 1755 1500 2840 2841
8157 4 2 0 1 2841 1520 2564 3145
8158 4 2 0 1 3209 2754 1735 2972
8159 4 2 0 1 26 2032 1461 2279
8160 4 2 0 1 641 533 2035 626
8161 4 2 0 1 1093 1741 1262 1293
8162 4 2 0 1 1913 1575 1718 1758
8163 4 2 0 1 2020 97 99 98
8164 4 2 0 1 2036 2819 1849 2037
8165 4 2 0 1 2358 1565 2541 2529
8166 4 2 0 1 2881 2761 2882 1901
8167 4 2 0 1 1409 2075 1156 1410
8168 4 2 0 1 1904 1529 1997 2798
8169 4 2 0 1 2454 1468 3107 2799
8170 4 2 0 1 3010 2071 3003 2947
8171 4 2 0 1 2610 1584 3188 1604
8172 4 2 0 1 2081 987 1044 2083
8173 4 2 0 1 1472 1876 1875 1563
8174 4 2 0 1 987 2083 2281 2277
8175 4 2 0 1 1606 797 474 605
8176 4 2 0 1 797 1792 1757 1718
8177 4 2 0 1 2703 1580 2677 1758
8178 4 2 0 1 2536 533 626 2035
8179 4 2 0 1 2034 1713 2360 2532
8180 4 2 0 1 101 100 102 1905
8181 4 2 0 1 1961 2536 626 2035
8182 4 2 0 1 2023 1923 2873 2906
8183 4 2 0 1 2020 100 99 1905
8184 4 2 0 1 1923 1701 500 699
8185 4 2 0 1 1972 1973 2866 2648
8186 4 2 0 1 2480 1691 2490 1473
8187 4 2 0 1 2462 1730 2810 2793
8188 4 2 0 1 2649 2904 2709 3176
8189 4 2 0 1 2047 2831 2837 2830
8190 4 2 0 1 2015 2839 2656 2016
8191 4 2 0 1 386 389 1688 504
8192 4 2 0 1 2578 2580 2459 1525
8193 4 2 0 1 258 498 1479 754
8194 4 2 0 1 2419 2789 1920 2420
8195 4 2 0 1 368 3221 1868 525
8196 4 2 0 1 2216 2147 2150 2982
8197 4 2 0 1 1323 1442 1253 2250
8198 4 2 0 1 1598 1763 162 1746
8199 4 2 0 1 2505 2580 2459 2458
8200 4 2 0 1 2458 2580 2459 2578
8201 4 2 0 1 2802 2384 2599 2597
8202 4 2 0 1 3058 924 2188 2196
8203 4 2 0 1 2188 879 925 924
8204 4 2 0 1 2084 61 1339 2289
8205 4 2 0 1 1193 1049 2287 1117
8206 4 2 0 1 2190 3059 2189 2250
8207 4 2 0 1 1189 2025 1405 1383
8208 4 2 0 1 2188 925 879 2186
8209 4 2 0 1 2649 1972 1555 2886
8210 4 2 0 1 1971 2801 2874 1970
8211 4 2 0 1 2894 2318 2468 3083
8212 4 2 0 1 766 1694 1739 648
8213 4 2 0 1 1479 256 255 257
8214 4 2 0 1 317 737 1645 1779
8215 4 2 0 1 2379 1470 1848 2695
8216 4 2 0 1 715 1879 415 583
8217 4 2 0 1 1479 784 1480 1482
8218 4 2 0 1 715 1879 583 2003
8219 4 2 0 1 2627 2343 2623 2624
8220 4 2 0 1 1379 1140 2077 1055
8221 4 2 0 1 348 1943 659 350
8222 4 2 0 1 1671 751 435 767
8223 4 2 0 1 1778 2377 354 3124
8224 4 2 0 1 776 435 1675 52
8225 4 2 0 1 1671 84 1675 1727
8226 4 2 0 1 2617 2851 2468 3045
8227 4 2 0 1 1781 1782 1783 1833
8228 4 2 0 1 1494 2449 3109 2362
8229 4 2 0 1 2494 2533 2528 2363
8230 4 2 0 1 2493 2361 2548 3162
8231 4 2 0 1 2584 2450 1997 3109
8232 4 2 0 1 2529 2358 3107 2541
8233 4 2 0 1 3161 2546 2498 2867
8234 4 2 0 1 1517 2361 3162 2362
8235 4 2 0 1 48 49 758 2010
8236 4 2 0 1 2309 1320 952 2209
8237 4 2 0 1 950 948 2046 1426
8238 4 2 0 1 2912 2914 3057 2829
8239 4 2 0 1 2826 3081 2052 3194
8240 4 2 0 1 2617 2851 3045 2236
8241 4 2 0 1 2455 2426 2764 1486
8242 4 2 0 1 2357 2425 3107 2882
8243 4 2 0 1 2617 2851 2236 2622
8244 4 2 0 1 1486 2416 2446 2426
8245 4 2 0 1 3146 2799 2453 1515
8246 4 2 0 1 1140 1329 2077 1055
8247 4 2 0 1 1922 1925 1707 2455
8248 4 2 0 1 2682 1913 2676 1758
8249 4 2 0 1 2610 2848 3073 2682
8250 4 2 0 1 1765 803 1767 1647
8251 4 2 0 1 1993 2869 1672 2808
8252 4 2 0 1 2897 2214 2245 2137
8253 4 2 0 1 1763 1775 1958 2681
8254 4 2 0 1 1480 784 754 492
8255 4 2 0 1 2638 2639 1768 1551
8256 4 2 0 1 817 2041 1286 1273
8257 4 2 0 1 2111 1040 1009 1022
8258 4 2 0 1 2041 2232 2820 1324
8259 4 2 0 1 1190 1008 2246 1063
8260 4 2 0 1 130 2365 128 129
8261 4 2 0 1 130 2365 129 2540
8262 4 2 0 1 2617 2851 2622 2468
8263 4 2 0 1 1390 1767 1647 2306
8264 4 2 0 1 1767 1390 1275 2306
8265 4 2 0 1 2013 2914 2829 3014
8266 4 2 0 1 1750 2729 3178 2908
8267 4 2 0 1 2465 2337 2566 2567
8268 4 2 0 1 2930 2940 3001 2476
8269 4 2 0 1 2950 2179 2956 2191
8270 4 2 0 1 3144 2477 2564 1665
8271 4 2 0 1 2636 3091 3115 2344
8272 4 2 0 1 1741 2308 1711 2144
8273 4 2 0 1 1767 1275 1390 1451
8274 4 2 0 1 3157 2061 2974 2947
8275 4 2 0 1 3003 882 3010 877
8276 4 2 0 1 3010 2172 1164 2278
8277 4 2 0 1 3064 3023 2927 3199
8278 4 2 0 1 2125 2108 2982 2109
8279 4 2 0 1 2191 3003 966 912
8280 4 2 0 1 914 915 2300 916
8281 4 2 0 1 3026 3200 3024 2911
8282 4 2 0 1 3200 2120 3024 2911
8283 4 2 0 1 3051 2701 3050 3208
8284 4 2 0 1 2987 3087 2160 2900
8285 4 2 0 1 2084 1547 1743 2289
8286 4 2 0 1 2089 1157 2213 2091
8287 4 2 0 1 1157 2089 2090 2091
8288 4 2 0 1 2088 2091 2247 3069
8289 4 2 0 1 2153 2950 3003 2179
8290 4 2 0 1 2476 2064 2725 2702
8291 4 2 0 1 3170 2513 1888 3118
8292 4 2 0 1 2939 2938 2826 2052
8293 4 2 0 1 2219 1305 1263 1209
8294 4 2 0 1 905 893 2297 2236
8295 4 2 0 1 2759 3054 2756 3195
8296 4 2 0 1 3183 2712 1664 3208
8297 4 2 0 1 2469 1950 2853 2468
8298 4 2 0 1 1842 2182 2200 1845
8299 4 2 0 1 2227 2835 2928 2048
8300 4 2 0 1 1401 2011 812 2066
8301 4 2 0 1 2093 883 2928 2929
8302 4 2 0 1 2012 2305 2107 1065
8303 4 2 0 1 3194 2048 2830 2831
8304 4 2 0 1 3010 2071 3009 2278
8305 4 2 0 1 1746 3218 3224 153
8306 4 2 0 1 2142 1071 2145 2109
8307 4 2 0 1 2955 2958 2956 2856
8308 4 2 0 1 3159 2336 3183 3208
8309 4 2 0 1 3151 3152 2466 2854
8310 4 2 0 1 1379 1337 1055 2298
8311 4 2 0 1 1944 503 10 9
8312 4 2 0 1 815 2295 1309 1978
8313 4 2 0 1 2589 1531 2029 1948
8314 4 2 0 1 1113 2025 2027 2240
8315 4 2 0 1 1302 984 2993 985
8316 4 2 0 1 1940 1873 2734 1823
8317 4 2 0 1 2282 1549 2287 1049
8318 4 2 0 1 3224 3218 1746 637
8319 4 2 0 1 3158 3159 1664 3208
8320 4 2 0 1 2753 1499 1773 1735
8321 4 2 0 1 2553 2554 2555 1768
8322 4 2 0 1 1195 1284 1451 1767
8323 4 2 0 1 2619 1541 2598 3071
8324 4 2 0 1 2616 2617 1949 2156
8325 4 2 0 1 2151 2296 911 944
8326 4 2 0 1 937 938 2135 939
8327 4 2 0 1 1245 2322 1408 1242
8328 4 2 0 1 3040 1006 961 3041
8329 4 2 0 1 870 871 1144 2199
8330 4 2 0 1 2014 615 755 483
8331 4 2 0 1 2988 939 940 937
8332 4 2 0 1 3060 3058 2188 2197
8333 4 2 0 1 2398 2850 2556 3128
8334 4 2 0 1 2473 3158 1664 3208
8335 4 2 0 1 1791 1792 1898 2861
8336 4 2 0 1 909 2065 2156 2157
8337 4 2 0 1 2014 755 615 1815
8338 4 2 0 1 2995 1811 2900 2320
8339 4 2 0 1 1358 2272 1459 942
8340 4 2 0 1 2917 1413 2026 2027
8341 4 2 0 1 933 2115 934 935
8342 4 2 0 1 2987 1613 3206 2900
8343 4 2 0 1 1608 3208 3183 2336
8344 4 2 0 1 1113 1112 1114 2027
8345 4 2 0 1 1114 1112 1402 2027
8346 4 2 0 1 2996 2103 1174 957
8347 4 2 0 1 941 942 2135 945
8348 4 2 0 1 839 15 1742 1361
8349 4 2 0 1 2870 2618 2613 2612
8350 4 2 0 1 1120 1172 2138 1034
8351 4 2 0 1 1129 1453 2159 1262
8352 4 2 0 1 1896 3047 3056 2611
8353 4 2 0 1 1649 2203 2467 2620
8354 4 2 0 1 906 893 1337 2297
8355 4 2 0 1 2851 2894 2989 2853
8356 4 2 0 1 2095 3004 3005 2137
8357 4 2 0 1 1226 2180 1012 2077
8358 4 2 0 1 963 2203 2155 1285
8359 4 2 0 1 2616 2641 2892 3046
8360 4 2 0 1 2539 2581 2536 2482
8361 4 2 0 1 1068 2144 2145 2207
8362 4 2 0 1 1351 1239 1452 2231
8363 4 2 0 1 1552 2757 3055 3054
8364 4 2 0 1 887 2167 891 890
8365 4 2 0 1 2309 2209 2046 2128
8366 4 2 0 1 2237 1456 2127 998
8367 4 2 0 1 2964 2963 3186 1954
8368 4 2 0 1 2243 1751 2327 2074
8369 4 2 0 1 2129 1146 2327 1421
8370 4 2 0 1 340 370 2536 666
8371 4 2 0 1 3019 2041 2708 1558
8372 4 2 0 1 2110 1322 2111 2660
8373 4 2 0 1 1722 2581 2537 2806
8374 4 2 0 1 1239 2060 965 847
8375 4 2 0 1 2924 2942 2927 3199
8376 4 2 0 1 938 939 941 2135
8377 4 2 0 1 1017 1310 1406 2176
8378 4 2 0 1 3157 2971 2974 2061
8379 4 2 0 1 2978 3002 2946 3204
8380 4 2 0 1 2949 2165 2221 2323
8381 4 2 0 1 3202 2977 2045 2946
8382 4 2 0 1 2134 826 1086 1264
8383 4 2 0 1 2536 370 340 1722
8384 4 2 0 1 2984 2316 3006 2317
8385 4 2 0 1 1086 2231 1239 1351
8386 4 2 0 1 2179 967 2191 966
8387 4 2 0 1 2539 2581 2482 1526
8388 4 2 0 1 1947 1945 2599 1948
8389 4 2 0 1 2313 832 830 2273
8390 4 2 0 1 830 2313 828 829
8391 4 2 0 1 830 2313 829 831
8392 4 2 0 1 2954 2102 2856 2956
8393 4 2 0 1 555 650 1727 426
8394 4 2 0 1 1554 1887 1886 1924
8395 4 2 0 1 2322 1245 2165 2323
8396 4 2 0 1 650 555 1727 84
8397 4 2 0 1 2241 1407 2215 1050
8398 4 2 0 1 2264 2262 1264 2134
8399 4 2 0 1 2782 2090 2099 2092
8400 4 2 0 1 2179 967 966 968
8401 4 2 0 1 1084 2147 1362 1204
8402 4 2 0 1 1061 1060 1062 2062
8403 4 2 0 1 1398 2100 1176 1060
8404 4 2 0 1 1061 2258 1116 1276
8405 4 2 0 1 1677 1645 1780 2413
8406 4 2 0 1 1754 1826 47 1828
8407 4 2 0 1 2355 2891 2668 3100
8408 4 2 0 1 2629 2632 2241 3066
8409 4 2 0 1 2918 3198 1549 2630
8410 4 2 0 1 2720 1736 2724 2064
8411 4 2 0 1 1324 2232 1130 1448
8412 4 2 0 1 2708 2820 1558 2041
8413 4 2 0 1 2042 783 515 43
8414 4 2 0 1 2370 2369 1528 2507
8415 4 2 0 1 3082 2731 1827 2301
8416 4 2 0 1 3080 3211 2986 2325
8417 4 2 0 1 1147 1443 1213 2324
8418 4 2 0 1 2325 2656 2016 2015
8419 4 2 0 1 1084 2147 1204 2108
8420 4 2 0 1 2313 1351 827 829
8421 4 2 0 1 2262 1116 2062 2738
8422 4 2 0 1 2969 843 2097 2319
8423 4 2 0 1 2073 1952 1033 825
8424 4 2 0 1 2879 1519 2487 2491
8425 4 2 0 1 925 1036 879 2186
8426 4 2 0 1 2324 1213 1418 1131
8427 4 2 0 1 2304 1130 2232 1347
8428 4 2 0 1 2400 2485 2480 3129
8429 4 2 0 1 1519 2550 2492 2546
8430 4 2 0 1 2243 1131 1418 1149
8431 4 2 0 1 2713 2252 1728 2569
8432 4 2 0 1 1719 623 1703 522
8433 4 2 0 1 2275 2979 2933 2222
8434 4 2 0 1 2376 2576 2657 1524
8435 4 2 0 1 3134 2573 2504 1502
8436 4 2 0 1 2964 2737 2059 3150
8437 4 2 0 1 2975 3143 2967 1736
8438 4 2 0 1 1624 2593 2736 2737
8439 4 2 0 1 941 939 2075 2135
8440 4 2 0 1 1508 3170 3119 2373
8441 4 2 0 1 1469 2370 3122 2375
8442 4 2 0 1 3188 2817 2386 1883
8443 4 2 0 1 586 1628 328 1801
8444 4 2 0 1 3098 2348 2349 2532
8445 4 2 0 1 2354 2674 2356 2352
8446 4 2 0 1 1471 2690 2382 1620
8447 4 2 0 1 1841 164 406 163
8448 4 2 0 1 2352 2347 2667 1467
8449 4 2 0 1 3112 2877 2532 2358
8450 4 2 0 1 937 2115 2913 2135
8451 4 2 0 1 2364 2525 2524 2501
8452 4 2 0 1 2483 2578 2481 2879
8453 4 2 0 1 2627 3196 3092 1569
8454 4 2 0 1 2021 2022 2023 2796
8455 4 2 0 1 1769 519 197 1994
8456 4 2 0 1 1769 197 519 195
8457 4 2 0 1 2509 2368 2438 2779
8458 4 2 0 1 751 1697 1833 76
8459 4 2 0 1 3120 2577 3121 3122
8460 4 2 0 1 1524 3120 2576 1521
8461 4 2 0 1 2375 2369 2507 2374
8462 4 2 0 1 1819 2007 714 2866
8463 4 2 0 1 2714 2653 3119 2719
8464 4 2 0 1 1502 2564 1522 2575
8465 4 2 0 1 3120 3121 2577 2519
8466 4 2 0 1 1540 1948 2589 2597
8467 4 2 0 1 751 1697 76 792
8468 4 2 0 1 3172 1471 2607 2590
8469 4 2 0 1 501 656 1946 1944
8470 4 2 0 1 172 1785 1777 1744
8471 4 2 0 1 1312 2114 2067 844
8472 4 2 0 1 94 92 616 2906
8473 4 2 0 1 2398 1772 2813 2463
8474 4 2 0 1 1630 2673 3104 1661
8475 4 2 0 1 2640 1894 2685 1969
8476 4 2 0 1 2496 2492 2499 1705
8477 4 2 0 1 3164 2515 3141 1755
8478 4 2 0 1 3125 3127 2527 2392
8479 4 2 0 1 352 616 2866 714
8480 4 2 0 1 2866 616 352 2907
8481 4 2 0 1 1509 2374 2521 2346
8482 4 2 0 1 615 712 1815 780
8483 4 2 0 1 1821 397 2778 1818
8484 4 2 0 1 2464 1501 2399 3135
8485 4 2 0 1 2575 3141 3132 1520
8486 4 2 0 1 850 2302 2270 2253
8487 4 2 0 1 3062 2962 2058 3068
8488 4 2 0 1 3121 2880 2714 3181
8489 4 2 0 1 1815 712 615 2014
8490 4 2 0 1 2282 2292 2293 3036
8491 4 2 0 1 1619 2738 3035 3101
8492 4 2 0 1 1484 2456 1716 2339
8493 4 2 0 1 3011 2909 3206 3205
8494 4 2 0 1 2560 2495 3129 2678
8495 4 2 0 1 1574 1586 2499 1788
8496 4 2 0 1 1701 124 500 699
8497 4 2 0 1 2748 457 300 299
8498 4 2 0 1 356 350 659 3124
8499 4 2 0 1 509 784 665 1482
8500 4 2 0 1 2495 2496 3129 2678
8501 4 2 0 1 659 2378 1681 627
8502 4 2 0 1 2764 2845 2341 3108
8503 4 2 0 1 2857 1869 1918 1846
8504 4 2 0 1 1870 432 445 689
8505 4 2 0 1 1586 1574 2499 1704
8506 4 2 0 1 2643 1657 1553 3114
8507 4 2 0 1 1783 1695 524 1697
8508 4 2 0 1 2776 2792 2431 2438
8509 4 2 0 1 3093 3092 2666 2523
8510 4 2 0 1 111 110 1670 2781
8511 4 2 0 1 1820 403 2778 2779
8512 4 2 0 1 2439 3096 2436 2443
8513 4 2 0 1 2357 2425 2882 1881
8514 4 2 0 1 3146 2799 1515 2451
8515 4 2 0 1 3125 1526 2493 1516
8516 4 2 0 1 1798 103 104 102
8517 4 2 0 1 2021 2691 1514 2035
8518 4 2 0 1 157 1923 708 2906
8519 4 2 0 1 1670 110 111 108
8520 4 2 0 1 596 2452 633 1701
8521 4 2 0 1 413 529 1631 472
8522 4 2 0 1 2812 2337 1733 2711
8523 4 2 0 1 1200 926 1031 3052
8524 4 2 0 1 2967 2722 2409 2059
8525 4 2 0 1 2202 3045 2236 2156
8526 4 2 0 1 1740 769 1967 463
8527 4 2 0 1 1643 2076 3143 3150
8528 4 2 0 1 848 2269 847 908
8529 4 2 0 1 1750 2825 2837 2718
8530 4 2 0 1 1521 1522 2564 2575
8531 4 2 0 1 1640 2344 3090 2624
8532 4 2 0 1 2967 2970 1736 2721
8533 4 2 0 1 2775 2201 2821 3065
8534 4 2 0 1 1038 1139 2207 1067
8535 4 2 0 1 2824 2475 2476 2064
8536 4 2 0 1 331 1972 2888 2886
8537 4 2 0 1 1740 769 463 660
8538 4 2 0 1 1930 2793 1497 1884
8539 4 2 0 1 2462 2793 2810 1928
8540 4 2 0 1 1585 3130 3106 2410
8541 4 2 0 1 2709 1505 2506 2887
8542 4 2 0 1 1584 1632 2556 2746
8543 4 2 0 1 2537 2539 2548 1526
8544 4 2 0 1 2602 2206 2596 2145
8545 4 2 0 1 1454 1079 2125 1294
8546 4 2 0 1 2449 128 140 2362
8547 4 2 0 1 3110 1573 2530 3126
8548 4 2 0 1 2303 1183 1408 1242
8549 4 2 0 1 1128 1822 1126 1127
8550 4 2 0 1 2440 2369 3095 2441
8551 4 2 0 1 2525 2441 2583 2521
8552 4 2 0 1 1511 2500 2501 1505
8553 4 2 0 1 1126 1822 1128 1895
8554 4 2 0 1 2904 2374 1507 2507
8555 4 2 0 1 2906 92 616 2907
8556 4 2 0 1 2502 2501 2904 2903
8557 4 2 0 1 2887 1502 1505 2506
8558 4 2 0 1 2101 1012 1091 2192
8559 4 2 0 1 2657 2376 1524 2654
8560 4 2 0 1 1657 2370 2643 2508
8561 4 2 0 1 2425 2365 2541 127
8562 4 2 0 1 1972 2502 2888 2904
8563 4 2 0 1 2501 2374 2904 2903
8564 4 2 0 1 2743 1623 2018 2741
8565 4 2 0 1 2586 2605 2667 1467
8566 4 2 0 1 2101 1091 1012 1124
8567 4 2 0 1 2004 2005 2019 2355
8568 4 2 0 1 2486 3130 2396 1661
8569 4 2 0 1 3139 3138 3140 2404
8570 4 2 0 1 3192 2929 2048 2923
8571 4 2 0 1 1503 2458 2397 2490
8572 4 2 0 1 2528 3111 2363 2428
8573 4 2 0 1 2501 2500 2524 2395
8574 4 2 0 1 2879 2483 3160 2481
8575 4 2 0 1 1574 1639 2499 1704
8576 4 2 0 1 1503 2527 2395 2481
8577 4 2 0 1 2066 1002 1167 1438
8578 4 2 0 1 2527 3125 2482 2481
8579 4 2 0 1 1516 3125 2482 2363
8580 4 2 0 1 2844 2552 1578 2843
8581 4 2 0 1 2391 2868 2542 2499
8582 4 2 0 1 2533 2534 2529 2389
8583 4 2 0 1 2868 1596 2498 2499
8584 4 2 0 1 90 2888 2907 2889
8585 4 2 0 1 3113 2535 2482 2539
8586 4 2 0 1 2021 2022 2692 2905
8587 4 2 0 1 2743 2585 2019 2117
8588 4 2 0 1 2066 1167 1002 2730
8589 4 2 0 1 1693 1578 1817 1739
8590 4 2 0 1 512 1563 592 703
8591 4 2 0 1 2679 1576 2496 1817
8592 4 2 0 1 199 365 1700 1775
8593 4 2 0 1 3192 2929 2928 2048
8594 4 2 0 1 1636 563 1714 700
8595 4 2 0 1 1812 632 680 375
8596 4 2 0 1 3009 2071 3010 2947
8597 4 2 0 1 560 1927 68 644
8598 4 2 0 1 560 68 1927 687
8599 4 2 0 1 2706 2689 2687 1958
8600 4 2 0 1 1577 1720 1876 2859
8601 4 2 0 1 1980 1981 208 206
8602 4 2 0 1 1913 2610 2682 1581
8603 4 2 0 1 2559 2560 3129 2678
8604 4 2 0 1 2174 2224 2208 2567
8605 4 2 0 1 3118 3170 2719 2715
8606 4 2 0 1 2208 2334 1460 1198
8607 4 2 0 1 2759 1649 3054 2753
8608 4 2 0 1 3183 2712 3137 3135
8609 4 2 0 1 1633 457 387 735
8610 4 2 0 1 2334 2569 2567 2208
8611 4 2 0 1 2460 2398 2464 1585
8612 4 2 0 1 1741 1346 1230 1709
8613 4 2 0 1 1633 658 387 457
8614 4 2 0 1 2394 3127 2491 1523
8615 4 2 0 1 6 2030 2117 821
8616 4 2 0 1 1411 1182 2055 1011
8617 4 2 0 1 2891 2355 1467 3100
8618 4 2 0 1 1411 2055 1182 2120
8619 4 2 0 1 439 1683 671 716
8620 4 2 0 1 2516 2715 2999 2514
8621 4 2 0 1 215 1856 785 701
8622 4 2 0 1 2364 2525 2363 2524
8623 4 2 0 1 3102 2670 2665 3104
8624 4 2 0 1 2265 2585 2117 2019
8625 4 2 0 1 785 1856 215 1813
8626 4 2 0 1 2059 2965 2737 2964
8627 4 2 0 1 3062 2952 3070 3068
8628 4 2 0 1 2062 2060 1238 2134
8629 4 2 0 1 3103 1643 3150 2076
8630 4 2 0 1 2253 908 1115 2211
8631 4 2 0 1 2100 2089 1425 2210
8632 4 2 0 1 1540 2612 2607 2387
8633 4 2 0 1 2500 1511 2524 2396
8634 4 2 0 1 1348 2235 1067 1294
8635 4 2 0 1 962 842 2133 1175
8636 4 2 0 1 1523 1577 3128 2556
8637 4 2 0 1 1559 2664 2382 3188
8638 4 2 0 1 3099 3110 2520 1573
8639 4 2 0 1 3221 646 384 787
8640 4 2 0 1 1482 704 3221 384
8641 4 2 0 1 2284 2207 2594 2183
8642 4 2 0 1 2233 3043 1543 2804
8643 4 2 0 1 3131 2500 2524 2396
8644 4 2 0 1 2767 3188 2690 2386
8645 4 2 0 1 1502 2884 2565 2573
8646 4 2 0 1 2151 910 943 911
8647 4 2 0 1 2296 1278 2772 2220
8648 4 2 0 1 510 78 5 2019
8649 4 2 0 1 812 2011 1827 2066
8650 4 2 0 1 2730 3033 2310 2047
8651 4 2 0 1 1467 2891 1568 2667
8652 4 2 0 1 2526 3131 2524 2396
8653 4 2 0 1 950 2309 2046 949
8654 4 2 0 1 2151 2203 1192 1285
8655 4 2 0 1 3117 2372 2373 3116
8656 4 2 0 1 1503 2527 2481 3127
8657 4 2 0 1 1939 1965 2698 1676
8658 4 2 0 1 1734 2975 2815 1735
8659 4 2 0 1 2059 2965 2964 3186
8660 4 2 0 1 1660 2995 2769 3044
8661 4 2 0 1 2248 2939 3069 1612
8662 4 2 0 1 1794 535 462 244
8663 4 2 0 1 77 523 1969 494
8664 4 2 0 1 3218 639 3228 1832
8665 4 2 0 1 1241 2335 1373 802
8666 4 2 0 1 1791 1903 1897 1790
8667 4 2 0 1 1796 1897 241 174
8668 4 2 0 1 190 192 645 3225
8669 4 2 0 1 2442 1821 2778 1818
8670 4 2 0 1 2001 382 459 723
8671 4 2 0 1 3127 1473 1503 3131
8672 4 2 0 1 2343 2634 2340 2624
8673 4 2 0 1 3147 2634 2429 1634
8674 4 2 0 1 377 1885 2878 344
8675 4 2 0 1 1819 2648 2866 1973
8676 4 2 0 1 1932 40 41 1607
8677 4 2 0 1 70 45 675 1752
8678 4 2 0 1 1754 2001 459 2646
8679 4 2 0 1 535 1938 245 747
8680 4 2 0 1 535 245 1938 669
8681 4 2 0 1 684 2042 2886 41
8682 4 2 0 1 2648 2647 2646 1861
8683 4 2 0 1 1577 1567 2556 1523
8684 4 2 0 1 1470 1986 1848 1846
8685 4 2 0 1 2388 1719 1586 1703
8686 4 2 0 1 765 1973 714 407
8687 4 2 0 1 1577 1567 1876 2664
8688 4 2 0 1 1703 1720 2388 1876
8689 4 2 0 1 2883 2571 2565 2569
8690 4 2 0 1 377 1885 344 373
8691 4 2 0 1 3136 2712 3135 3137
8692 4 2 0 1 343 340 2536 666
8693 4 2 0 1 2273 2122 2319 2274
8694 4 2 0 1 2536 340 343 2543
8695 4 2 0 1 1430 2086 2184 1083
8696 4 2 0 1 1791 1792 605 604
8697 4 2 0 1 1805 2705 1776 1907
8698 4 2 0 1 1605 2681 1580 1907
8699 4 2 0 1 3131 2527 2395 1503
8700 4 2 0 1 3131 2527 1503 3127
8701 4 2 0 1 3168 363 526 732
8702 4 2 0 1 197 1994 1746 1769
8703 4 2 0 1 1903 1849 1897 1790
8704 4 2 0 1 1380 919 1430 2184
8705 4 2 0 1 2282 2292 2290 2293
8706 4 2 0 1 1957 2689 1715 2681
8707 4 2 0 1 2348 1987 2662 1561
8708 4 2 0 1 746 1639 1667 133
8709 4 2 0 1 1760 632 2488 700
8710 4 2 0 1 1577 1523 1705 2859
8711 4 2 0 1 1577 1523 3128 2394
8712 4 2 0 1 205 1980 207 206
8713 4 2 0 1 2394 3127 1523 1473
8714 4 2 0 1 2316 2313 2317 2229
8715 4 2 0 1 1767 2306 1275 2126
8716 4 2 0 1 2354 2664 1559 1876
8717 4 2 0 1 265 499 744 1985
8718 4 2 0 1 1561 2675 1892 2662
8719 4 2 0 1 3077 3076 1548 2291
8720 4 2 0 1 1420 2265 2117 2019
8721 4 2 0 1 1869 1725 1778 1480
8722 4 2 0 1 1535 2355 2734 2733
8723 4 2 0 1 279 309 281 1641
8724 4 2 0 1 2586 1629 2667 2605
8725 4 2 0 1 1996 16 697 17
8726 4 2 0 1 1892 1987 678 1964
8727 4 2 0 1 2315 2041 1510 3019
8728 4 2 0 1 1190 2314 2246 1008
8729 4 2 0 1 2713 1328 2208 1460
8730 4 2 0 1 2334 2713 2208 1460
8731 4 2 0 1 2224 2572 3067 2208
8732 4 2 0 1 796 1987 2662 2899
8733 4 2 0 1 2824 2475 2064 2953
8734 4 2 0 1 2940 3156 3154 1749
8735 4 2 0 1 2950 2951 2961 2947
8736 4 2 0 1 1596 2868 3162 2391
8737 4 2 0 1 1811 2727 2908 3177
8738 4 2 0 1 2248 2939 3027 2054
8739 4 2 0 1 1148 1416 2301 1154
8740 4 2 0 1 697 16 1996 465
8741 4 2 0 1 2664 2663 2382 1584
8742 4 2 0 1 510 651 1623 71
8743 4 2 0 1 1944 685 1623 86
8744 4 2 0 1 3100 2665 2672 3102
8745 4 2 0 1 2603 2669 2734 2696
8746 4 2 0 1 2743 1623 2741 2029
8747 4 2 0 1 2664 2382 2663 2354
8748 4 2 0 1 2312 1381 1455 2311
8749 4 2 0 1 2870 2595 2387 1653
8750 4 2 0 1 1204 2150 2147 1185
8751 4 2 0 1 2586 1629 2605 2381
8752 4 2 0 1 2493 2491 2542 3161
8753 4 2 0 1 299 2901 2748 1850
8754 4 2 0 1 2416 2417 1484 1716
8755 4 2 0 1 2452 2427 1701 2795
8756 4 2 0 1 387 1680 1633 1863
8757 4 2 0 1 497 300 297 2417
8758 4 2 0 1 1679 1488 1633 2419
8759 4 2 0 1 2493 2491 3161 3160
8760 4 2 0 1 603 1740 450 660
8761 4 2 0 1 3028 3054 3055 2177
8762 4 2 0 1 463 1740 660 450
8763 4 2 0 1 1464 1103 2238 1373
8764 4 2 0 1 3028 3029 2847 1896
8765 4 2 0 1 1604 2610 1537 3188
8766 4 2 0 1 2989 2896 2853 2894
8767 4 2 0 1 3159 1201 2141 1031
8768 4 2 0 1 2085 2185 2240 1386
8769 4 2 0 1 2474 1748 2701 2479
8770 4 2 0 1 2031 1782 2028 2794
8771 4 2 0 1 1665 2973 3208 2472
8772 4 2 0 1 2758 3187 2614 3174
8773 4 2 0 1 2312 1455 1381 1108
8774 4 2 0 1 1782 2919 2631 1637
8775 4 2 0 1 2910 3025 2827 2828
8776 4 2 0 1 2131 2902 3036 3035
8777 4 2 0 1 1934 2503 2459 2505
8778 4 2 0 1 1961 1962 634 578
8779 4 2 0 1 1913 1577 1581 2676
8780 4 2 0 1 1805 508 1770 1769
8781 4 2 0 1 2580 3163 2692 2503
8782 4 2 0 1 1805 508 1769 268
8783 4 2 0 1 342 2483 345 344
8784 4 2 0 1 343 2543 340 341
8785 4 2 0 1 477 1740 769 2781
8786 4 2 0 1 1540 2619 2597 2612
8787 4 2 0 1 260 3227 1724 261
8788 4 2 0 1 2802 2602 2803 1711
8789 4 2 0 1 2984 2316 2317 2229
8790 4 2 0 1 3167 2688 1714 3168
8791 4 2 0 1 1942 2031 2920 2791
8792 4 2 0 1 1611 2716 2828 1811
8793 4 2 0 1 2651 2714 2653 2880
8794 4 2 0 1 2650 1508 3121 2880
8795 4 2 0 1 2185 1051 2240 1386
8796 4 2 0 1 2939 2938 2717 2826
8797 4 2 0 1 1807 1603 1579 1806
8798 4 2 0 1 1793 1913 1718 1914
8799 4 2 0 1 1785 2816 1786 1883
8800 4 2 0 1 1842 2182 2308 2159
8801 4 2 0 1 2870 2387 3046 1653
8802 4 2 0 1 1744 1796 1745 1866
8803 4 2 0 1 2703 2689 2687 1580
8804 4 2 0 1 3011 2013 2908 3014
8805 4 2 0 1 1421 2835 2227 2327
8806 4 2 0 1 1480 354 353 492
8807 4 2 0 1 1958 2689 2687 2551
8808 4 2 0 1 2317 2895 3006 3083
8809 4 2 0 1 1751 3085 2986 2325
8810 4 2 0 1 179 1875 330 1891
8811 4 2 0 1 1480 353 354 2377
8812 4 2 0 1 176 1795 177 1796
8813 4 2 0 1 177 1795 176 180
8814 4 2 0 1 1368 1211 2205 978
8815 4 2 0 1 278 2700 280 569
8816 4 2 0 1 2924 2199 2170 2926
8817 4 2 0 1 2225 2832 2985 2128
8818 4 2 0 1 3171 2513 2405 3141
8819 4 2 0 1 1510 2576 2709 2887
8820 4 2 0 1 278 2700 569 1699
8821 4 2 0 1 2473 2972 2061 2974
8822 4 2 0 1 2608 2589 2261 1621
8823 4 2 0 1 1215 2086 1082 2184
8824 4 2 0 1 1140 1226 1012 2077
8825 4 2 0 1 1577 1581 3128 2556
8826 4 2 0 1 2239 2141 2711 2268
8827 4 2 0 1 563 1636 3167 2557
8828 4 2 0 1 1551 2848 2846 2850
8829 4 2 0 1 2538 531 2459 1525
8830 4 2 0 1 2703 1580 2687 2677
8831 4 2 0 1 1197 1728 2205 978
8832 4 2 0 1 1882 291 1918 1919
8833 4 2 0 1 2000 3089 2422 1920
8834 4 2 0 1 3066 3142 3036 1666
8835 4 2 0 1 371 359 2788 361
8836 4 2 0 1 2433 359 2788 1942
8837 4 2 0 1 2394 2495 1577 1705
8838 4 2 0 1 2388 1472 1876 2859
8839 4 2 0 1 1523 1577 1705 2394
8840 4 2 0 1 2857 2377 1778 3124
8841 4 2 0 1 2675 1472 1564 2497
8842 4 2 0 1 2673 2675 1573 2674
8843 4 2 0 1 1542 1843 1844 1845
8844 4 2 0 1 656 1802 165 1800
8845 4 2 0 1 2469 1541 2230 2591
8846 4 2 0 1 806 1129 1424 1968
8847 4 2 0 1 172 1744 176 174
8848 4 2 0 1 2713 2252 2569 3061
8849 4 2 0 1 1677 1 2 1417
8850 4 2 0 1 1987 2671 2348 1959
8851 4 2 0 1 2454 1468 2799 2453
8852 4 2 0 1 2713 1196 1460 2334
8853 4 2 0 1 1502 2884 2573 2504
8854 4 2 0 1 2841 1521 2575 3164
8855 4 2 0 1 2573 3134 2568 3136
8856 4 2 0 1 1771 1732 1737 2812
8857 4 2 0 1 2 1 1677 667
8858 4 2 0 1 2580 3163 2503 2459
8859 4 2 0 1 2525 2903 2501 2692
8860 4 2 0 1 2535 2536 2538 2482
8861 4 2 0 1 346 1890 419 351
8862 4 2 0 1 419 1890 346 1625
8863 4 2 0 1 2254 2253 2270 2045
8864 4 2 0 1 2892 1034 2183 2200
8865 4 2 0 1 2962 2959 2058 2856
8866 4 2 0 1 2114 1027 2245 2165
8867 4 2 0 1 2785 2294 2414 2033
8868 4 2 0 1 1209 2101 2192 2220
8869 4 2 0 1 2294 1335 2033 2785
8870 4 2 0 1 3111 2494 2528 2363
8871 4 2 0 1 979 2275 1345 1267
8872 4 2 0 1 686 84 1727 1675
8873 4 2 0 1 3171 2574 1507 3122
8874 4 2 0 1 3160 2483 1526 2482
8875 4 2 0 1 2583 2443 3190 1651
8876 4 2 0 1 2374 1511 2903 2501
8877 4 2 0 1 2440 3095 2369 1528
8878 4 2 0 1 2326 2727 3178 2908
8879 4 2 0 1 2222 2275 1345 2172
8880 4 2 0 1 1778 2377 1869 1480
8881 4 2 0 1 2081 2217 2991 2079
8882 4 2 0 1 938 941 942 2135
8883 4 2 0 1 3087 2244 2160 2900
8884 4 2 0 1 2193 2105 3015 3013
8885 4 2 0 1 2997 2632 2999 2998
8886 4 2 0 1 2222 1345 2275 1267
8887 4 2 0 1 2293 2291 1548 2290
8888 4 2 0 1 2706 1700 2687 1969
8889 4 2 0 1 2400 2485 2557 2558
8890 4 2 0 1 1178 2333 1188 2331
8891 4 2 0 1 1460 2334 1196 1198
8892 4 2 0 1 630 1894 1789 2032
8893 4 2 0 1 1894 630 26 2032
8894 4 2 0 1 630 1894 87 521
8895 4 2 0 1 2926 2924 2197 2929
8896 4 2 0 1 2951 2947 3003 2071
8897 4 2 0 1 2572 2571 3207 3061
8898 4 2 0 1 3010 3009 3049 2170
8899 4 2 0 1 630 1894 521 1789
8900 4 2 0 1 2783 2782 1674 2723
8901 4 2 0 1 2251 2080 2991 2078
8902 4 2 0 1 3059 2190 2915 2257
8903 4 2 0 1 2931 2052 2054 3025
8904 4 2 0 1 3058 3060 2048 2929
8905 4 2 0 1 2053 3033 2829 3014
8906 4 2 0 1 3021 2080 2991 2311
8907 4 2 0 1 1927 2793 1928 1930
8908 4 2 0 1 3200 3000 2248 1366
8909 4 2 0 1 3027 2716 2717 1612
8910 4 2 0 1 2133 2274 833 2319
8911 4 2 0 1 2153 2949 2094 2057
8912 4 2 0 1 2153 2950 2179 2945
8913 4 2 0 1 1257 1259 1110 3219
8914 4 2 0 1 2214 1026 2165 1027
8915 4 2 0 1 2150 2073 2148 1033
8916 4 2 0 1 3209 2774 3008 2773
8917 4 2 0 1 882 914 2278 1434
8918 4 2 0 1 1464 2334 2238 2208
8919 4 2 0 1 861 2069 2976 2932
8920 4 2 0 1 2213 1115 2211 3070
8921 4 2 0 1 2322 2977 2069 2932
8922 4 2 0 1 2990 3059 2991 2079
8923 4 2 0 1 1927 461 687 68
8924 4 2 0 1 2592 2230 2263 2591
8925 4 2 0 1 3043 2618 2612 3071
8926 4 2 0 1 2267 843 2319 833
8927 4 2 0 1 58 2028 1413 2026
8928 4 2 0 1 3008 2299 2330 2102
8929 4 2 0 1 58 1413 2028 57
8930 4 2 0 1 1115 1387 1243 2256
8931 4 2 0 1 1261 2028 1413 57
8932 4 2 0 1 2337 2811 1732 1733
8933 4 2 0 1 2303 852 853 854
8934 4 2 0 1 3035 2062 1116 2738
8935 4 2 0 1 3035 1116 2062 1061
8936 4 2 0 1 656 1944 1960 1946
8937 4 2 0 1 2020 96 97 98
8938 4 2 0 1 1302 2993 1462 1218
8939 4 2 0 1 1093 1229 2146 1230
8940 4 2 0 1 718 316 593 1866
8941 4 2 0 1 1547 2414 2294 2033
8942 4 2 0 1 2318 2469 2853 2468
8943 4 2 0 1 2218 2992 3064 2281
8944 4 2 0 1 2277 2976 3064 2281
8945 4 2 0 1 1224 1225 1163 2176
8946 4 2 0 1 2931 2052 3025 3191
8947 4 2 0 1 2942 2049 3064 2922
8948 4 2 0 1 2962 2944 2946 2945
8949 4 2 0 1 2944 3002 2945 2947
8950 4 2 0 1 2938 2475 2725 2476
8951 4 2 0 1 965 2100 2210 2060
8952 4 2 0 1 3062 2255 2946 3070
8953 4 2 0 1 2069 3202 2045 2256
8954 4 2 0 1 2069 861 862 2932
8955 4 2 0 1 3010 2172 2278 3009
8956 4 2 0 1 1247 2294 1547 1193
8957 4 2 0 1 1244 2191 2951 2219
8958 4 2 0 1 3203 2963 2774 2856
8959 4 2 0 1 9 1712 1313 10
8960 4 2 0 1 108 1684 110 109
8961 4 2 0 1 9 1712 10 1944
8962 4 2 0 1 2252 1368 1728 1928
8963 4 2 0 1 2713 1196 2334 1728
8964 4 2 0 1 2072 976 1295 1066
8965 4 2 0 1 2110 996 1008 997
8966 4 2 0 1 1755 1500 2841 1521
8967 4 2 0 1 2975 2411 3143 3145
8968 4 2 0 1 43 2511 1747 44
8969 4 2 0 1 1952 2113 822 824
8970 4 2 0 1 2272 938 942 2135
8971 4 2 0 1 2228 1952 2229 825
8972 4 2 0 1 1207 2072 1295 1066
8973 4 2 0 1 940 2988 2119 2118
8974 4 2 0 1 2072 2223 2981 1748
8975 4 2 0 1 2407 2406 2815 2814
8976 4 2 0 1 2837 1600 2825 3210
8977 4 2 0 1 2048 2923 3194 3192
8978 4 2 0 1 1101 1377 2168 1064
8979 4 2 0 1 2262 2264 1264 1429
8980 4 2 0 1 2226 3080 3082 2301
8981 4 2 0 1 1116 2262 1264 1429
8982 4 2 0 1 2975 1774 2815 1735
8983 4 2 0 1 2642 1315 1385 1217
8984 4 2 0 1 2572 2571 2567 3169
8985 4 2 0 1 1772 2463 2846 2755
8986 4 2 0 1 2113 2264 824 2228
8987 4 2 0 1 2334 2337 2335 2238
8988 4 2 0 1 2812 2268 2755 1767
8989 4 2 0 1 2753 2849 3053 2814
8990 4 2 0 1 2264 826 824 2228
8991 4 2 0 1 213 211 1762 600
8992 4 2 0 1 584 2680 1970 1879
8993 4 2 0 1 1606 1605 436 756
8994 4 2 0 1 1952 2113 824 2228
8995 4 2 0 1 953 1442 1320 2257
8996 4 2 0 1 2079 2286 3059 2991
8997 4 2 0 1 2081 2176 1052 2281
8998 4 2 0 1 1005 1004 2993 2078
8999 4 2 0 1 1005 2993 1151 2078
9000 4 2 0 1 2150 825 2229 2073
9001 4 2 0 1 1267 2072 1207 1066
9002 4 2 0 1 2992 2176 2281 2218
9003 4 2 0 1 1004 1005 1007 2078
9004 4 2 0 1 1371 1151 1393 2078
9005 4 2 0 1 1216 808 1947 7
9006 4 2 0 1 1194 2204 2178 1375
9007 4 2 0 1 2758 2760 2614 3187
9008 4 2 0 1 1420 6 2117 821
9009 4 2 0 1 2265 1618 2005 2258
9010 4 2 0 1 2589 1621 2608 2590
9011 4 2 0 1 2560 1577 3128 2394
9012 4 2 0 1 1628 1801 1899 2741
9013 4 2 0 1 1196 2334 802 1198
9014 4 2 0 1 1196 2335 2334 1728
9015 4 2 0 1 2401 2811 2568 2813
9016 4 2 0 1 2743 2307 2381 2741
9017 4 2 0 1 2185 1308 2085 1047
9018 4 2 0 1 1194 2204 1375 1098
9019 4 2 0 1 1350 1187 1877 2331
9020 4 2 0 1 2996 2154 1174 2103
9021 4 2 0 1 3021 3012 3205 3013
9022 4 2 0 1 2918 2025 2287 2240
9023 4 2 0 1 3166 1595 2520 2531
9024 4 2 0 1 2390 3099 2531 2532
9025 4 2 0 1 1708 1831 584 1970
9026 4 2 0 1 1568 2670 2665 1467
9027 4 2 0 1 1568 2670 1467 2671
9028 4 2 0 1 1836 2347 2667 1654
9029 4 2 0 1 2454 2764 3108 2845
9030 4 2 0 1 2494 3110 3126 2524
9031 4 2 0 1 1490 2443 2423 1911
9032 4 2 0 1 1509 2405 2561 3132
9033 4 2 0 1 3078 2735 3140 1666
9034 4 2 0 1 3078 2625 3077 3092
9035 4 2 0 1 61 1546 2289 1743
9036 4 2 0 1 2460 2401 2568 2813
9037 4 2 0 1 2650 2655 3122 2508
9038 4 2 0 1 1571 739 440 131
9039 4 2 0 1 1571 1597 1593 1788
9040 4 2 0 1 2559 3167 3129 2557
9041 4 2 0 1 1787 485 1878 443
9042 4 2 0 1 584 1831 1830 267
9043 4 2 0 1 2533 2534 2389 1597
9044 4 2 0 1 2365 137 127 129
9045 4 2 0 1 2584 2450 2548 2537
9046 4 2 0 1 2381 1621 2261 2589
9047 4 2 0 1 345 342 2864 2483
9048 4 2 0 1 3094 2344 3093 3092
9049 4 2 0 1 345 2864 342 475
9050 4 2 0 1 1933 2501 1505 2904
9051 4 2 0 1 1933 2904 1505 2709
9052 4 2 0 1 1535 1629 1836 2667
9053 4 2 0 1 2374 2375 2366 1509
9054 4 2 0 1 1567 1523 1573 3106
9055 4 2 0 1 2614 1499 1622 3174
9056 4 2 0 1 2562 1520 3134 2561
9057 4 2 0 1 3190 2765 2341 3108
9058 4 2 0 1 2241 1059 2099 2098
9059 4 2 0 1 2784 2715 1674 2726
9060 4 2 0 1 2510 2644 2808 1553
9061 4 2 0 1 3118 2715 2514 1674
9062 4 2 0 1 797 1792 1718 333
9063 4 2 0 1 1736 1888 2842 2784
9064 4 2 0 1 2671 1836 2667 1874
9065 4 2 0 1 1236 2194 1207 2222
9066 4 2 0 1 2268 2812 2755 2711
9067 4 2 0 1 1733 1501 2465 2568
9068 4 2 0 1 3110 1573 3126 2520
9069 4 2 0 1 3063 3062 2952 2211
9070 4 2 0 1 2940 2070 2937 3001
9071 4 2 0 1 2833 1749 2937 3192
9072 4 2 0 1 3152 1735 3209 2852
9073 4 2 0 1 2961 2962 2945 2947
9074 4 2 0 1 2954 2955 2956 2856
9075 4 2 0 1 2587 2736 2739 3150
9076 4 2 0 1 2180 2192 1955 2956
9077 4 2 0 1 3157 2774 2061 2961
9078 4 2 0 1 1608 3208 2336 3169
9079 4 2 0 1 797 1792 333 605
9080 4 2 0 1 2474 2823 2974 2822
9081 4 2 0 1 2409 1643 3143 3150
9082 4 2 0 1 1855 427 465 721
9083 4 2 0 1 465 427 1855 80
9084 4 2 0 1 907 2220 1463 1020
9085 4 2 0 1 2416 2418 2762 2764
9086 4 2 0 1 2525 3111 2363 2524
9087 4 2 0 1 2486 2526 2520 2396
9088 4 2 0 1 2501 2500 2505 1933
9089 4 2 0 1 2460 1501 2464 2813
9090 4 2 0 1 157 629 1923 1974
9091 4 2 0 1 2460 1501 2813 2568
9092 4 2 0 1 2023 2905 1527 2022
9093 4 2 0 1 2015 2656 2657 2329
9094 4 2 0 1 3017 2276 1558 3048
9095 4 2 0 1 1862 2541 442 2360
9096 4 2 0 1 2252 2315 2707 1510
9097 4 2 0 1 442 2541 1862 137
9098 4 2 0 1 2354 1559 1891 1875
9099 4 2 0 1 2234 2262 1619 2737
9100 4 2 0 1 1632 1584 2756 2746
9101 4 2 0 1 2611 2862 2609 3073
9102 4 2 0 1 3028 3029 1896 2637
9103 4 2 0 1 2205 1728 1368 978
9104 4 2 0 1 993 960 2177 943
9105 4 2 0 1 2870 2387 2620 3046
9106 4 2 0 1 1584 2848 1581 1632
9107 4 2 0 1 3188 2816 1898 1537
9108 4 2 0 1 2686 1791 2861 1792
9109 4 2 0 1 1793 3188 1898 1537
9110 4 2 0 1 1368 1728 2205 2252
9111 4 2 0 1 1559 179 175 1786
9112 4 2 0 1 3030 875 3058 2227
9113 4 2 0 1 2817 1604 2819 1537
9114 4 2 0 1 1630 2673 1661 3106
9115 4 2 0 1 1898 178 173 1559
9116 4 2 0 1 2267 843 835 844
9117 4 2 0 1 1786 2767 1583 1979
9118 4 2 0 1 2195 2065 1949 2156
9119 4 2 0 1 1643 2784 2409 3143
9120 4 2 0 1 2065 2616 1949 2156
9121 4 2 0 1 1734 1735 2815 2814
9122 4 2 0 1 3030 885 898 1240
9123 4 2 0 1 2129 1205 2660 1439
9124 4 2 0 1 2337 2811 1733 2568
9125 4 2 0 1 2336 2337 2465 2567
9126 4 2 0 1 2745 1648 2746 3195
9127 4 2 0 1 2129 2660 1205 2194
9128 4 2 0 1 3129 1582 2559 2678
9129 4 2 0 1 2242 1205 2660 2194
9130 4 2 0 1 2195 895 1231 890
9131 4 2 0 1 2082 2116 2991 3024
9132 4 2 0 1 2133 2267 835 844
9133 4 2 0 1 2267 843 833 835
9134 4 2 0 1 965 2100 2060 1176
9135 4 2 0 1 1366 1125 1316 2248
9136 4 2 0 1 736 644 1931 528
9137 4 2 0 1 2910 2939 2827 2052
9138 4 2 0 1 2837 1600 3210 3193
9139 4 2 0 1 2111 2276 2168 1022
9140 4 2 0 1 3085 3210 3193 2830
9141 4 2 0 1 2133 2267 833 835
9142 4 2 0 1 2122 2895 2096 3006
9143 4 2 0 1 2096 2121 3006 880
9144 4 2 0 1 3182 2657 2329 3084
9145 4 2 0 1 2600 3007 1169 3006
9146 4 2 0 1 190 1770 188 189
9147 4 2 0 1 425 556 1769 187
9148 4 2 0 1 2838 3085 3084 2836
9149 4 2 0 1 2369 1528 3095 2367
9150 4 2 0 1 2303 1183 857 855
9151 4 2 0 1 2303 860 857 1183
9152 4 2 0 1 2430 2790 2635 2791
9153 4 2 0 1 2130 870 2199 868
9154 4 2 0 1 1925 1515 1798 2427
9155 4 2 0 1 736 1931 644 1927
9156 4 2 0 1 1036 2186 3030 879
9157 4 2 0 1 1859 137 1862 2541
9158 4 2 0 1 2576 2658 1522 3019
9159 4 2 0 1 625 733 1730 75
9160 4 2 0 1 2780 1684 1590 1740
9161 4 2 0 1 388 1689 390 391
9162 4 2 0 1 2345 1872 2360 2034
9163 4 2 0 1 2800 450 327 513
9164 4 2 0 1 619 1912 392 514
9165 4 2 0 1 2874 2875 2876 1589
9166 4 2 0 1 625 1730 733 2793
9167 4 2 0 1 2800 450 513 1590
9168 4 2 0 1 884 1169 1171 2123
9169 4 2 0 1 2233 3043 2804 2983
9170 4 2 0 1 1337 2202 891 1055
9171 4 2 0 1 3203 2963 1774 2774
9172 4 2 0 1 455 661 1753 657
9173 4 2 0 1 2545 1636 1760 2488
9174 4 2 0 1 2705 2683 2686 1579
9175 4 2 0 1 2067 1256 962 1255
9176 4 2 0 1 1981 1761 209 1762
9177 4 2 0 1 1035 1120 2138 1034
9178 4 2 0 1 1815 755 1865 2014
9179 4 2 0 1 2802 1532 2206 1711
9180 4 2 0 1 1074 1076 2086 1395
9181 4 2 0 1 2167 2202 891 890
9182 4 2 0 1 864 2932 1161 901
9183 4 2 0 1 2195 1139 1231 1449
9184 4 2 0 1 2893 2596 2109 2982
9185 4 2 0 1 2932 2323 1161 901
9186 4 2 0 1 2067 962 1256 1291
9187 4 2 0 1 2665 1569 2350 2891
9188 4 2 0 1 2699 1816 1940 2696
9189 4 2 0 1 2005 2295 1978 1309
9190 4 2 0 1 1256 2067 1291 1258
9191 4 2 0 1 749 3221 787 525
9192 4 2 0 1 2876 2680 1589 2800
9193 4 2 0 1 2207 2235 2145 1067
9194 4 2 0 1 2104 1244 913 912
9195 4 2 0 1 1530 2801 1830 2875
9196 4 2 0 1 1146 2327 899 923
9197 4 2 0 1 36 37 1928 1728
9198 4 2 0 1 2402 2462 1928 1728
9199 4 2 0 1 2462 461 1928 36
9200 4 2 0 1 39 38 2707 736
9201 4 2 0 1 2461 2573 3133 2397
9202 4 2 0 1 1931 1607 1929 2707
9203 4 2 0 1 2129 2111 2328 1232
9204 4 2 0 1 2011 812 1827 2010
9205 4 2 0 1 2327 2243 1232 2328
9206 4 2 0 1 2129 1146 1232 2327
9207 4 2 0 1 2243 1377 1232 2168
9208 4 2 0 1 1476 1591 1984 2044
9209 4 2 0 1 1882 287 286 1846
9210 4 2 0 1 2911 1138 3022 934
9211 4 2 0 1 284 283 1848 1846
9212 4 2 0 1 2593 2469 2230 2591
9213 4 2 0 1 749 430 693 1868
9214 4 2 0 1 2559 1582 3129 3167
9215 4 2 0 1 1933 2904 2709 2888
9216 4 2 0 1 2649 3176 2709 2376
9217 4 2 0 1 817 1301 1747 2232
9218 4 2 0 1 2115 936 935 933
9219 4 2 0 1 1532 1711 1960 1838
9220 4 2 0 1 1801 167 313 169
9221 4 2 0 1 1944 8 9 813
9222 4 2 0 1 507 1917 505 506
9223 4 2 0 1 1490 1717 1911 2423
9224 4 2 0 1 1972 331 352 407
9225 4 2 0 1 90 92 2907 352
9226 4 2 0 1 2645 2778 2442 2368
9227 4 2 0 1 2116 2115 934 933
9228 4 2 0 1 2911 2115 934 2116
9229 4 2 0 1 1669 1900 1902 1901
9230 4 2 0 1 1798 103 102 1905
9231 4 2 0 1 3189 477 2448 2781
9232 4 2 0 1 2116 933 934 3022
9233 4 2 0 1 1016 2193 1326 1137
9234 4 2 0 1 1723 1722 338 517
9235 4 2 0 1 2911 2116 934 3022
9236 4 2 0 1 3058 924 2196 874
9237 4 2 0 1 120 119 121 1901
9238 4 2 0 1 2425 2365 127 1881
9239 4 2 0 1 1894 26 630 87
9240 4 2 0 1 2798 1904 2780 1706
9241 4 2 0 1 575 720 602 1724
9242 4 2 0 1 3058 924 874 879
9243 4 2 0 1 2602 2143 2109 2601
9244 4 2 0 1 980 2272 986 946
9245 4 2 0 1 2559 1582 2687 2678
9246 4 2 0 1 379 104 1798 1706
9247 4 2 0 1 1516 2493 2361 2548
9248 4 2 0 1 2602 2109 2596 2601
9249 4 2 0 1 2272 1358 946 942
9250 4 2 0 1 3009 2071 2822 2278
9251 4 2 0 1 1762 1981 2843 1837
9252 4 2 0 1 945 2272 974 946
9253 4 2 0 1 1956 147 146 145
9254 4 2 0 1 1670 1904 1684 108
9255 4 2 0 1 2024 2795 1701 2427
9256 4 2 0 1 940 969 957 2118
9257 4 2 0 1 1625 430 577 312
9258 4 2 0 1 969 2996 957 2118
9259 4 2 0 1 2602 2143 2601 2146
9260 4 2 0 1 169 1803 167 168
9261 4 2 0 1 169 1803 168 597
9262 4 2 0 1 1724 574 668 602
9263 4 2 0 1 2146 2602 1711 2601
9264 4 2 0 1 1770 674 434 462
9265 4 2 0 1 2602 2143 2146 2142
9266 4 2 0 1 1033 1314 2148 1185
9267 4 2 0 1 969 970 957 2996
9268 4 2 0 1 242 1936 468 1729
9269 4 2 0 1 181 1795 177 180
9270 4 2 0 1 508 268 193 1769
9271 4 2 0 1 722 663 571 1939
9272 4 2 0 1 2602 2109 2142 2145
9273 4 2 0 1 2602 2109 2145 2596
9274 4 2 0 1 2220 1278 2772 1210
9275 4 2 0 1 1025 2214 990 1226
9276 4 2 0 1 3052 988 927 926
9277 4 2 0 1 1981 1995 1956 1683
9278 4 2 0 1 2387 3172 2607 2608
9279 4 2 0 1 323 1995 204 1683
9280 4 2 0 1 455 334 1753 493
9281 4 2 0 1 3172 2387 2760 2608
9282 4 2 0 1 2335 2462 2402 1728
9283 4 2 0 1 1837 415 1829 1602
9284 4 2 0 1 1761 211 212 210
9285 4 2 0 1 3040 2296 1773 2151
9286 4 2 0 1 1465 35 1196 1728
9287 4 2 0 1 35 36 2462 1728
9288 4 2 0 1 2688 1700 201 690
9289 4 2 0 1 1033 2148 1314 1945
9290 4 2 0 1 2687 1582 2559 3167
9291 4 2 0 1 2874 2549 2801 1971
9292 4 2 0 1 682 3220 1967 463
9293 4 2 0 1 327 2800 513 606
9294 4 2 0 1 499 1743 1985 1963
9295 4 2 0 1 2607 2589 1540 2608
9296 4 2 0 1 2179 2191 989 2192
9297 4 2 0 1 2179 2180 989 968
9298 4 2 0 1 2687 1582 2551 2678
9299 4 2 0 1 2179 967 968 989
9300 4 2 0 1 1263 2191 989 967
9301 4 2 0 1 1981 1995 1683 204
9302 4 2 0 1 2192 2191 989 1263
9303 4 2 0 1 3047 1282 2158 3075
9304 4 2 0 1 1479 665 1482 257
9305 4 2 0 1 3046 1587 3075 2158
9306 4 2 0 1 546 2633 1941 1546
9307 4 2 0 1 498 433 1778 754
9308 4 2 0 1 2065 2616 2157 2892
9309 4 2 0 1 24 1729 73 468
9310 4 2 0 1 625 530 1909 2793
9311 4 2 0 1 772 1806 1789 771
9312 4 2 0 1 1981 671 209 206
9313 4 2 0 1 2616 2618 2870 2892
9314 4 2 0 1 519 365 1776 521
9315 4 2 0 1 2306 1090 1414 1275
9316 4 2 0 1 1822 1127 1375 1166
9317 4 2 0 1 2641 2616 2892 2157
9318 4 2 0 1 739 1574 512 138
9319 4 2 0 1 2618 2616 2065 2892
9320 4 2 0 1 309 552 745 1835
9321 4 2 0 1 2284 2618 2065 2892
9322 4 2 0 1 2551 1582 2687 3167
9323 4 2 0 1 2614 2615 1622 3173
9324 4 2 0 1 1962 106 1706 104
9325 4 2 0 1 1814 215 1856 1813
9326 4 2 0 1 1943 305 348 741
9327 4 2 0 1 1487 1625 1919 1918
9328 4 2 0 1 1009 2110 1022 1021
9329 4 2 0 1 694 1890 1919 1977
9330 4 2 0 1 694 798 1976 306
9331 4 2 0 1 347 1890 1625 346
9332 4 2 0 1 1850 2901 2748 2422
9333 4 2 0 1 1999 293 1493 295
9334 4 2 0 1 2028 2333 2917 1782
9335 4 2 0 1 3123 2789 2420 2787
9336 4 2 0 1 2110 2276 1022 1021
9337 4 2 0 1 2416 2417 2446 1999
9338 4 2 0 1 3123 2789 2787 2857
9339 4 2 0 1 1625 430 693 577
9340 4 2 0 1 2110 2111 1009 1022
9341 4 2 0 1 1890 481 419 478
9342 4 2 0 1 2111 2110 2276 1022
9343 4 2 0 1 1761 211 210 209
9344 4 2 0 1 1772 2398 1737 2555
9345 4 2 0 1 1952 2073 1033 1945
9346 4 2 0 1 1351 2313 2231 1452
9347 4 2 0 1 2558 536 1690 1738
9348 4 2 0 1 1930 2793 1884 687
9349 4 2 0 1 2457 2397 2570 1497
9350 4 2 0 1 2545 2487 1519 3129
9351 4 2 0 1 2584 1961 2537 1722
9352 4 2 0 1 204 1980 1958 205
9353 4 2 0 1 2530 2497 1597 2392
9354 4 2 0 1 304 1850 1977 298
9355 4 2 0 1 2319 2313 1452 2231
9356 4 2 0 1 2229 827 825 828
9357 4 2 0 1 2468 2622 1950 2851
9358 4 2 0 1 1943 741 348 659
9359 4 2 0 1 2081 1393 2993 2078
9360 4 2 0 1 1868 464 693 487
9361 4 2 0 1 1158 1455 2311 2115
9362 4 2 0 1 584 2680 1879 367
9363 4 2 0 1 1957 144 142 143
9364 4 2 0 1 420 233 1815 327
9365 4 2 0 1 716 640 1655 600
9366 4 2 0 1 215 1814 576 214
9367 4 2 0 1 2081 2083 1044 2078
9368 4 2 0 1 2081 1393 2078 1044
9369 4 2 0 1 898 3030 1240 1141
9370 4 2 0 1 553 325 198 1746
9371 4 2 0 1 2469 3151 3174 2591
9372 4 2 0 1 2430 2920 2633 1550
9373 4 2 0 1 1982 2043 1985 2044
9374 4 2 0 1 190 3225 191 192
9375 4 2 0 1 1491 1680 1685 1863
9376 4 2 0 1 2202 2166 2851 2167
9377 4 2 0 1 2433 702 359 1942
9378 4 2 0 1 1337 2202 1055 2298
9379 4 2 0 1 1833 751 76 54
9380 4 2 0 1 2448 121 122 2881
9381 4 2 0 1 2691 2905 2907 2906
9382 4 2 0 1 617 629 157 1974
9383 4 2 0 1 1652 635 308 750
9384 4 2 0 1 300 1804 655 514
9385 4 2 0 1 1923 1974 2873 2906
9386 4 2 0 1 2901 298 297 295
9387 4 2 0 1 1912 619 1717 514
9388 4 2 0 1 2805 1651 2338 2765
9389 4 2 0 1 2421 1680 1686 1491
9390 4 2 0 1 2634 3090 3091 2624
9391 4 2 0 1 401 1820 402 588
9392 4 2 0 1 2038 2611 2279 2609
9393 4 2 0 1 687 2878 1884 1930
9394 4 2 0 1 2453 3146 2796 2428
9395 4 2 0 1 2918 2919 2917 3044
9396 4 2 0 1 2289 2412 2630 2290
9397 4 2 0 1 359 1942 702 371
9398 4 2 0 1 58 449 1941 757
9399 4 2 0 1 1076 1075 2086 1077
9400 4 2 0 1 2044 1983 2695 2694
9401 4 2 0 1 498 731 1479 2043
9402 4 2 0 1 1075 1080 2108 1077
9403 4 2 0 1 3197 3198 1637 2631
9404 4 2 0 1 1652 308 635 1871
9405 4 2 0 1 3197 3198 2631 2630
9406 4 2 0 1 2833 2836 3193 2830
9407 4 2 0 1 1080 1235 1075 2108
9408 4 2 0 1 2165 1111 1029 1404
9409 4 2 0 1 2893 2125 2600 2982
9410 4 2 0 1 159 145 611 1935
9411 4 2 0 1 3096 3095 1528 2431
9412 4 2 0 1 516 421 1669 1902
9413 4 2 0 1 463 1740 450 1865
9414 4 2 0 1 466 683 599 3220
9415 4 2 0 1 224 226 1824 227
9416 4 2 0 1 782 1669 516 158
9417 4 2 0 1 2642 2752 2126 2847
9418 4 2 0 1 2755 2751 2846 2847
9419 4 2 0 1 2822 2071 3009 2947
9420 4 2 0 1 516 1669 421 158
9421 4 2 0 1 390 387 735 1863
9422 4 2 0 1 2688 201 1958 202
9423 4 2 0 1 1973 2648 2646 1861
9424 4 2 0 1 1940 1873 1823 1816
9425 4 2 0 1 552 488 328 1628
9426 4 2 0 1 1628 366 1801 2741
9427 4 2 0 1 366 313 328 1801
9428 4 2 0 1 3098 2523 3196 3166
9429 4 2 0 1 2665 2350 1569 3196
9430 4 2 0 1 1629 2307 2741 2381
9431 4 2 0 1 2688 1958 201 1700
9432 4 2 0 1 2648 1973 2646 1555
9433 4 2 0 1 2648 2649 1555 2646
9434 4 2 0 1 3041 2140 2141 1287
9435 4 2 0 1 1783 54 1781 1833
9436 4 2 0 1 1783 54 1833 76
9437 4 2 0 1 2616 2155 2156 2157
9438 4 2 0 1 71 6 7 1623
9439 4 2 0 1 2648 2647 2649 2646
9440 4 2 0 1 1952 1951 822 2113
9441 4 2 0 1 1531 2263 1948 2589
9442 4 2 0 1 1215 1084 2601 1362
9443 4 2 0 1 1915 1803 1800 1979
9444 4 2 0 1 2140 995 2141 1287
9445 4 2 0 1 1014 1228 3067 977
9446 4 2 0 1 2646 675 70 459
9447 4 2 0 1 3017 1609 2246 3067
9448 4 2 0 1 961 2140 1287 995
9449 4 2 0 1 3041 1006 1287 1446
9450 4 2 0 1 1324 2041 1273 1272
9451 4 2 0 1 200 1958 1775 201
9452 4 2 0 1 2480 1691 1473 2485
9453 4 2 0 1 2905 2007 2866 2906
9454 4 2 0 1 2502 3163 2907 2889
9455 4 2 0 1 212 214 1814 215
9456 4 2 0 1 204 1980 205 206
9457 4 2 0 1 1762 1601 1814 213
9458 4 2 0 1 648 2003 1970 1739
9459 4 2 0 1 191 3225 190 1769
9460 4 2 0 1 1992 2651 2808 1921
9461 4 2 0 1 1672 1671 1726 1727
9462 4 2 0 1 1775 201 1958 1700
9463 4 2 0 1 989 2180 990 968
9464 4 2 0 1 2169 1285 910 905
9465 4 2 0 1 2484 1513 2482 2481
9466 4 2 0 1 2704 424 436 1907
9467 4 2 0 1 2656 2731 2301 1826
9468 4 2 0 1 1937 1968 2017 814
9469 4 2 0 1 676 70 459 2646
9470 4 2 0 1 1720 2676 1913 1758
9471 4 2 0 1 1332 1148 2066 1154
9472 4 2 0 1 764 212 1813 215
9473 4 2 0 1 2169 910 1285 2151
9474 4 2 0 1 2182 1842 2138 2159
9475 4 2 0 1 48 47 1828 781
9476 4 2 0 1 15 1841 1996 405
9477 4 2 0 1 789 763 1478 582
9478 4 2 0 1 654 543 380 1601
9479 4 2 0 1 2875 2874 1708 1589
9480 4 2 0 1 484 1677 310 581
9481 4 2 0 1 2376 3121 1524 2654
9482 4 2 0 1 484 310 1677 534
9483 4 2 0 1 2675 1878 2662 2390
9484 4 2 0 1 3007 2984 2316 3006
9485 4 2 0 1 2060 2062 1238 1176
9486 4 2 0 1 2983 2596 2982 1533
9487 4 2 0 1 2039 1809 1094 1937
9488 4 2 0 1 1459 1455 2115 2272
9489 4 2 0 1 1391 1445 1877 52
9490 4 2 0 1 1936 1729 1807 2860
9491 4 2 0 1 3088 2333 2750 2331
9492 4 2 0 1 1805 1776 519 1994
9493 4 2 0 1 1894 2705 1789 2683
9494 4 2 0 1 2038 2611 2609 2271
9495 4 2 0 1 2357 2425 2541 3107
9496 4 2 0 1 2074 2225 2985 922
9497 4 2 0 1 2368 2442 2439 1492
9498 4 2 0 1 2532 2390 1862 2877
9499 4 2 0 1 2532 1862 2390 2662
9500 4 2 0 1 1334 1412 1784 1187
9501 4 2 0 1 1990 1991 1989 2321
9502 4 2 0 1 1901 2426 2445 2761
9503 4 2 0 1 775 291 306 1919
9504 4 2 0 1 1464 2334 2208 1198
9505 4 2 0 1 1565 2877 2360 1862
9506 4 2 0 1 1464 2334 1198 1373
9507 4 2 0 1 1459 2115 1455 1158
9508 4 2 0 1 1804 1863 735 1633
9509 4 2 0 1 1684 1904 107 108
9510 4 2 0 1 2761 1922 2882 1901
9511 4 2 0 1 1278 1392 2772 1210
9512 4 2 0 1 2220 1278 1210 1020
9513 4 2 0 1 191 3225 193 192
9514 4 2 0 1 762 1700 494 726
9515 4 2 0 1 193 3225 191 1769
9516 4 2 0 1 1250 2139 1221 1219
9517 4 2 0 1 1220 1221 2237 2186
9518 4 2 0 1 3032 2831 2832 2048
9519 4 2 0 1 424 664 184 1603
9520 4 2 0 1 188 1770 187 185
9521 4 2 0 1 588 1861 438 723
9522 4 2 0 1 817 1747 1301 43
9523 4 2 0 1 735 1863 1804 514
9524 4 2 0 1 1301 2232 811 1752
9525 4 2 0 1 1220 2237 1221 1370
9526 4 2 0 1 2327 2830 2074 1751
9527 4 2 0 1 83 47 381 1754
9528 4 2 0 1 2305 1037 1054 819
9529 4 2 0 1 2887 2575 3132 1502
9530 4 2 0 1 1826 48 2010 1827
9531 4 2 0 1 1839 1777 1866 593
9532 4 2 0 1 1370 1456 1220 2237
9533 4 2 0 1 1568 1874 2734 1959
9534 4 2 0 1 641 533 362 1588
9535 4 2 0 1 2495 2560 2676 2678
9536 4 2 0 1 2545 3167 3129 1582
9537 4 2 0 1 2322 860 1242 862
9538 4 2 0 1 2888 2502 2907 2889
9539 4 2 0 1 91 93 1588 2691
9540 4 2 0 1 1923 629 708 500
9541 4 2 0 1 596 2452 413 633
9542 4 2 0 1 1905 101 99 634
9543 4 2 0 1 1901 1669 1493 1902
9544 4 2 0 1 1994 2681 482 479
9545 4 2 0 1 2560 2559 3129 2557
9546 4 2 0 1 3132 2575 2887 2574
9547 4 2 0 1 173 1897 174 604
9548 4 2 0 1 1700 2706 1776 1969
9549 4 2 0 1 673 1794 462 1770
9550 4 2 0 1 301 1851 1943 1850
9551 4 2 0 1 1850 1890 1977 2422
9552 4 2 0 1 1778 2377 1480 354
9553 4 2 0 1 1988 1877 1445 52
9554 4 2 0 1 2786 2787 3123 2420
9555 4 2 0 1 1804 300 1633 735
9556 4 2 0 1 356 1853 3124 2378
9557 4 2 0 1 1988 1445 1877 1991
9558 4 2 0 1 2236 2617 2156 3045
9559 4 2 0 1 2547 2801 2875 2549
9560 4 2 0 1 513 1830 140 613
9561 4 2 0 1 2801 1708 1830 2875
9562 4 2 0 1 2706 1700 1775 1958
9563 4 2 0 1 1859 131 2540 1571
9564 4 2 0 1 2689 2678 2703 2687
9565 4 2 0 1 2800 450 1590 1865
9566 4 2 0 1 2689 2703 2678 2679
9567 4 2 0 1 2133 834 1353 835
9568 4 2 0 1 193 3225 194 192
9569 4 2 0 1 2053 3059 3015 2914
9570 4 2 0 1 2259 824 2113 2264
9571 4 2 0 1 2264 2262 2259 1429
9572 4 2 0 1 2264 824 1264 1429
9573 4 2 0 1 2699 2623 2696 2350
9574 4 2 0 1 2623 2699 2696 2693
9575 4 2 0 1 2918 2026 2631 2289
9576 4 2 0 1 58 59 2026 1413
9577 4 2 0 1 609 610 314 1478
9578 4 2 0 1 2306 1390 1275 1019
9579 4 2 0 1 2707 39 1331 810
9580 4 2 0 1 2112 2093 2051 2933
9581 4 2 0 1 324 1832 458 636
9582 4 2 0 1 1700 713 494 726
9583 4 2 0 1 34 1730 2335 733
9584 4 2 0 1 198 1775 199 200
9585 4 2 0 1 2194 2112 2051 2222
9586 4 2 0 1 2958 2269 2211 2968
9587 4 2 0 1 565 566 1926 2034
9588 4 2 0 1 1892 1987 2671 1561
9589 4 2 0 1 1710 12 1709 11
9590 4 2 0 1 1741 1346 1709 1742
9591 4 2 0 1 1607 1343 1331 1023
9592 4 2 0 1 2112 2194 2051 2936
9593 4 2 0 1 684 2886 88 41
9594 4 2 0 1 89 69 88 2889
9595 4 2 0 1 2812 1772 2755 2711
9596 4 2 0 1 2473 2474 2821 3208
9597 4 2 0 1 1772 2463 2755 2711
9598 4 2 0 1 2144 2159 1297 1453
9599 4 2 0 1 2317 1953 2319 2896
9600 4 2 0 1 2138 2183 2182 2181
9601 4 2 0 1 1453 1129 2159 1297
9602 4 2 0 1 1741 2308 2144 2159
9603 4 2 0 1 1247 2033 809 1341
9604 4 2 0 1 1233 3226 1290 2175
9605 4 2 0 1 2897 2989 2137 3004
9606 4 2 0 1 1255 3219 1110 2114
9607 4 2 0 1 2269 848 2270 2253
9608 4 2 0 1 2069 2303 2302 2322
9609 4 2 0 1 1255 3219 2114 2067
9610 4 2 0 1 1152 2084 1342 1056
9611 4 2 0 1 1224 1225 2176 1406
9612 4 2 0 1 194 3225 193 1769
9613 4 2 0 1 860 2303 1242 1183
9614 4 2 0 1 2755 1646 2751 3038
9615 4 2 0 1 2755 1646 3038 2711
9616 4 2 0 1 2716 1673 3177 2719
9617 4 2 0 1 3119 2517 2714 2719
9618 4 2 0 1 3058 924 879 2188
9619 4 2 0 1 3119 2517 2719 3170
9620 4 2 0 1 874 2197 2196 3058
9621 4 2 0 1 1434 1345 2172 1164
9622 4 2 0 1 1390 1767 1451 803
9623 4 2 0 1 2783 2999 2514 3066
9624 4 2 0 1 1454 2123 2125 2108
9625 4 2 0 1 1545 2195 3083 3006
9626 4 2 0 1 1767 1195 1275 1451
9627 4 2 0 1 1170 2123 1454 1171
9628 4 2 0 1 1195 1284 2268 1319
9629 4 2 0 1 962 1255 1360 2067
9630 4 2 0 1 2602 2142 2144 2145
9631 4 2 0 1 2088 2091 2248 1316
9632 4 2 0 1 2743 6 2029 2117
9633 4 2 0 1 2184 2143 2601 2086
9634 4 2 0 1 1058 2268 1319 1195
9635 4 2 0 1 2195 1545 3083 3071
9636 4 2 0 1 352 1973 714 2866
9637 4 2 0 1 2141 2239 1319 2268
9638 4 2 0 1 2122 2095 2096 2895
9639 4 2 0 1 1874 1873 1987 1834
9640 4 2 0 1 2337 1733 2711 2465
9641 4 2 0 1 2760 3213 3187 2387
9642 4 2 0 1 2892 2158 3046 2162
9643 4 2 0 1 2754 2972 1664 3185
9644 4 2 0 1 2239 2812 1319 2268
9645 4 2 0 1 3051 2701 2821 2981
9646 4 2 0 1 2151 1192 943 910
9647 4 2 0 1 1202 1200 2775 1214
9648 4 2 0 1 2812 1284 1319 2268
9649 4 2 0 1 2993 2176 1330 1462
9650 4 2 0 1 2088 2998 2999 2099
9651 4 2 0 1 2723 2088 2999 2099
9652 4 2 0 1 2783 2723 2999 2099
9653 4 2 0 1 1378 2103 1174 2154
9654 4 2 0 1 1409 1410 1159 2103
9655 4 2 0 1 1316 1384 2087 2088
9656 4 2 0 1 3179 2321 2727 1989
9657 4 2 0 1 1751 2243 2327 2328
9658 4 2 0 1 2987 1122 2075 2135
9659 4 2 0 1 2160 1105 975 2136
9660 4 2 0 1 2237 2309 2128 2915
9661 4 2 0 1 952 2309 2209 2046
9662 4 2 0 1 950 1002 2046 952
9663 4 2 0 1 2046 971 1167 1426
9664 4 2 0 1 952 1002 2046 2209
9665 4 2 0 1 210 1761 208 236
9666 4 2 0 1 3120 2519 2515 3153
9667 4 2 0 1 2763 1650 672 1652
9668 4 2 0 1 1811 3206 2900 2320
9669 4 2 0 1 2763 672 1650 486
9670 4 2 0 1 35 34 2335 733
9671 4 2 0 1 2239 2238 2710 1032
9672 4 2 0 1 2050 2217 2992 2188
9673 4 2 0 1 3059 2190 2257 2250
9674 4 2 0 1 1056 2033 62 2084
9675 4 2 0 1 1005 1302 2993 985
9676 4 2 0 1 2992 2187 2217 2176
9677 4 2 0 1 925 954 955 2187
9678 4 2 0 1 2084 1247 1117 1342
9679 4 2 0 1 959 958 976 2171
9680 4 2 0 1 873 2929 2197 3058
9681 4 2 0 1 1266 2072 2981 1267
9682 4 2 0 1 2987 3087 2900 2320
9683 4 2 0 1 1834 1641 2734 1873
9684 4 2 0 1 1835 1644 1535 2734
9685 4 2 0 1 960 943 944 2177
9686 4 2 0 1 1641 1835 1834 2734
9687 4 2 0 1 960 3040 2752 2177
9688 4 2 0 1 1771 1772 2755 2812
9689 4 2 0 1 910 2169 2296 2151
9690 4 2 0 1 3215 1177 1321 1150
9691 4 2 0 1 910 2296 2169 907
9692 4 2 0 1 955 2186 1219 925
9693 4 2 0 1 1003 2993 973 985
9694 4 2 0 1 3202 2256 2921 3070
9695 4 2 0 1 1290 1233 2175 1177
9696 4 2 0 1 1004 1303 2250 1018
9697 4 2 0 1 2121 3007 880 845
9698 4 2 0 1 1025 2214 1226 1292
9699 4 2 0 1 840 1291 962 2133
9700 4 2 0 1 826 2134 1086 2231
9701 4 2 0 1 2122 3004 2896 2319
9702 4 2 0 1 983 996 2124 997
9703 4 2 0 1 2111 1439 2660 1322
9704 4 2 0 1 2111 1439 1322 1363
9705 4 2 0 1 2200 1034 2040 2158
9706 4 2 0 1 2142 1093 2146 2144
9707 4 2 0 1 1039 1069 2144 1297
9708 4 2 0 1 2594 2182 2207 2206
9709 4 2 0 1 1185 2150 2148 1033
9710 4 2 0 1 1068 2142 2145 2144
9711 4 2 0 1 2111 1439 1363 2129
9712 4 2 0 1 3196 2522 3092 1569
9713 4 2 0 1 1137 2193 1326 1374
9714 4 2 0 1 2293 3079 1642 3037
9715 4 2 0 1 833 834 2133 835
9716 4 2 0 1 1342 2085 1152 1308
9717 4 2 0 1 833 2133 834 2274
9718 4 2 0 1 2782 2089 2092 2966
9719 4 2 0 1 2408 2285 1619 2966
9720 4 2 0 1 2921 2977 2946 2978
9721 4 2 0 1 1536 2381 2741 2029
9722 4 2 0 1 2969 2267 2269 844
9723 4 2 0 1 1707 633 2452 1701
9724 4 2 0 1 832 2319 2313 833
9725 4 2 0 1 843 2969 2097 847
9726 4 2 0 1 2120 1366 1182 1367
9727 4 2 0 1 2062 1062 1238 1176
9728 4 2 0 1 1946 1536 2741 2029
9729 4 2 0 1 529 2452 1707 633
9730 4 2 0 1 3012 2286 3015 3013
9731 4 2 0 1 1170 2235 1348 1294
9732 4 2 0 1 2216 2147 2982 2108
9733 4 2 0 1 1541 2621 3071 2613
9734 4 2 0 1 1070 1068 2142 1071
9735 4 2 0 1 1541 2318 3071 2468
9736 4 2 0 1 2233 2804 1543 2206
9737 4 2 0 1 2053 2914 3015 3014
9738 4 2 0 1 2126 2752 2755 2847
9739 4 2 0 1 1841 1742 1996 2159
9740 4 2 0 1 1759 285 1846 1847
9741 4 2 0 1 2846 3029 2848 1551
9742 4 2 0 1 2182 2594 2207 2183
9743 4 2 0 1 2667 1568 2734 2891
9744 4 2 0 1 2755 1766 2847 2846
9745 4 2 0 1 2751 3028 2846 2847
9746 4 2 0 1 2190 2237 2309 1396
9747 4 2 0 1 953 1442 2257 1396
9748 4 2 0 1 1442 2190 2257 1396
9749 4 2 0 1 1297 2181 2138 2159
9750 4 2 0 1 2257 2190 2309 1396
9751 4 2 0 1 2143 1072 1153 1229
9752 4 2 0 1 648 1831 134 1694
9753 4 2 0 1 953 2257 2309 1396
9754 4 2 0 1 1741 1093 2146 1230
9755 4 2 0 1 1899 2381 1629 2741
9756 4 2 0 1 1084 2108 1204 1299
9757 4 2 0 1 1899 2381 2741 1536
9758 4 2 0 1 134 1831 648 267
9759 4 2 0 1 1127 1126 2280 1822
9760 4 2 0 1 2746 2745 2556 2663
9761 4 2 0 1 1965 2603 1966 275
9762 4 2 0 1 1127 2280 1126 904
9763 4 2 0 1 1584 2746 2556 2663
9764 4 2 0 1 848 1433 2253 908
9765 4 2 0 1 3062 2952 3068 2058
9766 4 2 0 1 3063 3062 2211 2958
9767 4 2 0 1 1595 1466 3098 3093
9768 4 2 0 1 591 3222 238 322
9769 4 2 0 1 2039 903 2037 2271
9770 4 2 0 1 2949 2165 2323 2045
9771 4 2 0 1 1712 2184 1160 1709
9772 4 2 0 1 1101 2243 1131 2168
9773 4 2 0 1 2243 1289 1149 1418
9774 4 2 0 1 1712 1160 2184 1313
9775 4 2 0 1 981 1269 1441 2193
9776 4 2 0 1 1289 2324 2074 1013
9777 4 2 0 1 2272 980 2312 2193
9778 4 2 0 1 1289 2324 1013 1418
9779 4 2 0 1 2105 1145 2107 1441
9780 4 2 0 1 2066 2226 3082 2301
9781 4 2 0 1 2577 3171 2512 3122
9782 4 2 0 1 1125 2091 1316 2248
9783 4 2 0 1 801 2279 1893 27
9784 4 2 0 1 950 2309 949 951
9785 4 2 0 1 46 45 1752 675
9786 4 2 0 1 2324 1751 2986 2325
9787 4 2 0 1 2136 2909 2288 3013
9788 4 2 0 1 1148 1147 2301 1416
9789 4 2 0 1 1002 2730 2046 2209
9790 4 2 0 1 1147 1443 2301 1416
9791 4 2 0 1 1637 2794 2636 3197
9792 4 2 0 1 564 56 303 1781
9793 4 2 0 1 612 646 263 1482
9794 4 2 0 1 801 1893 2279 1895
9795 4 2 0 1 2259 824 2264 1429
9796 4 2 0 1 2414 1743 1547 2412
9797 4 2 0 1 890 3045 2156 2195
9798 4 2 0 1 909 892 902 2156
9799 4 2 0 1 2259 824 1429 823
9800 4 2 0 1 1544 2317 2229 2598
9801 4 2 0 1 2271 1304 23 2038
9802 4 2 0 1 2803 1712 1711 2601
9803 4 2 0 1 1915 1883 1538 1840
9804 4 2 0 1 1103 2239 1340 1155
9805 4 2 0 1 2893 2195 2235 2249
9806 4 2 0 1 1390 1767 803 1647
9807 4 2 0 1 1647 1390 30 803
9808 4 2 0 1 81 1742 561 550
9809 4 2 0 1 1074 1073 2086 1075
9810 4 2 0 1 1729 468 242 451
9811 4 2 0 1 1584 2746 1620 2760
9812 4 2 0 1 1584 1620 2746 2663
9813 4 2 0 1 1194 993 1315 2178
9814 4 2 0 1 995 2141 1287 1132
9815 4 2 0 1 2823 2070 2824 3049
9816 4 2 0 1 2276 2111 2168 3048
9817 4 2 0 1 3204 3002 3049 2170
9818 4 2 0 1 2093 1237 1165 2112
9819 4 2 0 1 2124 3017 2660 2110
9820 4 2 0 1 3153 1521 1599 2702
9821 4 2 0 1 482 557 1746 1769
9822 4 2 0 1 2271 23 1304 903
9823 4 2 0 1 2114 1029 1109 1030
9824 4 2 0 1 1765 803 1647 30
9825 4 2 0 1 3060 2050 3057 2927
9826 4 2 0 1 2165 1111 1404 1245
9827 4 2 0 1 2993 1218 2176 1462
9828 4 2 0 1 2069 857 860 859
9829 4 2 0 1 833 843 2319 1452
9830 4 2 0 1 1163 1224 2176 1218
9831 4 2 0 1 715 1879 2003 1837
9832 4 2 0 1 238 3222 591 1815
9833 4 2 0 1 1058 2141 1132 1440
9834 4 2 0 1 2775 1202 1214 1325
9835 4 2 0 1 238 3222 321 322
9836 4 2 0 1 1617 2698 2697 2696
9837 4 2 0 1 3131 3133 1473 1503
9838 4 2 0 1 2863 1810 2004 1978
9839 4 2 0 1 2133 2267 2067 3005
9840 4 2 0 1 3127 1473 3131 1523
9841 4 2 0 1 253 252 1975 251
9842 4 2 0 1 3131 3130 2461 2396
9843 4 2 0 1 1224 1406 2176 1330
9844 4 2 0 1 509 3221 1482 704
9845 4 2 0 1 1091 2192 989 1263
9846 4 2 0 1 2137 2180 1955 2214
9847 4 2 0 1 2161 1399 2244 1270
9848 4 2 0 1 1037 1988 1991 1445
9849 4 2 0 1 1480 355 509 353
9850 4 2 0 1 1105 974 975 2136
9851 4 2 0 1 1442 1180 1320 2257
9852 4 2 0 1 2286 1323 1180 1136
9853 4 2 0 1 251 1985 249 1975
9854 4 2 0 1 1855 18 2017 1968
9855 4 2 0 1 1620 2690 3172 1471
9856 4 2 0 1 2039 1809 1280 1094
9857 4 2 0 1 1129 1297 2138 2159
9858 4 2 0 1 2339 1716 2748 1804
9859 4 2 0 1 2334 2335 1373 2238
9860 4 2 0 1 2339 2748 1716 1484
9861 4 2 0 1 321 3222 238 1815
9862 4 2 0 1 34 2335 1241 802
9863 4 2 0 1 2896 2122 2319 2317
9864 4 2 0 1 2253 2302 2270 2045
9865 4 2 0 1 2303 854 855 856
9866 4 2 0 1 1393 1371 2078 1044
9867 4 2 0 1 2335 2238 1241 1373
9868 4 2 0 1 1204 2150 1185 1184
9869 4 2 0 1 1764 2452 1702 1495
9870 4 2 0 1 2150 2216 1184 1204
9871 4 2 0 1 2758 2760 3187 2387
9872 4 2 0 1 1420 1246 2117 2265
9873 4 2 0 1 662 288 2733 2018
9874 4 2 0 1 1299 2086 2108 1077
9875 4 2 0 1 888 2164 853 1355
9876 4 2 0 1 888 853 2164 851
9877 4 2 0 1 1702 2452 2795 1495
9878 4 2 0 1 2213 1425 2210 1053
9879 4 2 0 1 1026 2165 1404 1143
9880 4 2 0 1 2976 1274 859 869
9881 4 2 0 1 2647 2655 1506 2649
9882 4 2 0 1 1213 1212 1347 2304
9883 4 2 0 1 2091 2088 2248 3069
9884 4 2 0 1 2282 1549 1049 2241
9885 4 2 0 1 544 499 72 1546
9886 4 2 0 1 1478 1477 1975 1779
9887 4 2 0 1 1810 270 85 1645
9888 4 2 0 1 2821 915 916 2300
9889 4 2 0 1 1335 1247 2033 809
9890 4 2 0 1 543 541 1602 237
9891 4 2 0 1 2648 2647 1506 2649
9892 4 2 0 1 1435 1709 1437 1436
9893 4 2 0 1 511 510 2018 2019
9894 4 2 0 1 2518 3171 1507 3122
9895 4 2 0 1 1759 1725 759 1698
9896 4 2 0 1 2803 1314 2148 2599
9897 4 2 0 1 2821 916 915 917
9898 4 2 0 1 3042 3055 3054 2177
9899 4 2 0 1 2570 2883 2884 2565
9900 4 2 0 1 2140 1057 995 994
9901 4 2 0 1 2904 1507 3176 2507
9902 4 2 0 1 455 1825 439 456
9903 4 2 0 1 1874 1987 1964 1834
9904 4 2 0 1 1756 1658 1757 1758
9905 4 2 0 1 1517 2357 2533 2361
9906 4 2 0 1 321 3222 466 322
9907 4 2 0 1 2462 461 36 79
9908 4 2 0 1 2314 2110 2276 2246
9909 4 2 0 1 2540 2389 2365 1859
9910 4 2 0 1 1931 1607 2707 40
9911 4 2 0 1 1197 1365 2205 2713
9912 4 2 0 1 2565 2566 2567 3169
9913 4 2 0 1 755 3222 321 1815
9914 4 2 0 1 2540 2365 2389 1517
9915 4 2 0 1 3006 3083 2984 2317
9916 4 2 0 1 1950 2469 3174 2468
9917 4 2 0 1 1197 2205 1365 1211
9918 4 2 0 1 3002 2946 2945 2057
9919 4 2 0 1 2273 1223 3007 845
9920 4 2 0 1 37 68 1927 38
9921 4 2 0 1 2273 1223 845 841
9922 4 2 0 1 1289 2324 1418 2243
9923 4 2 0 1 475 375 1812 680
9924 4 2 0 1 433 498 1778 2858
9925 4 2 0 1 50 2009 1988 2010
9926 4 2 0 1 1438 1332 2066 1121
9927 4 2 0 1 1065 1333 2012 1372
9928 4 2 0 1 1333 2012 1372 1300
9929 4 2 0 1 2525 2022 1527 2905
9930 4 2 0 1 1671 1993 435 1833
9931 4 2 0 1 3117 1615 2510 1637
9932 4 2 0 1 52 1391 53 1877
9933 4 2 0 1 1781 56 55 564
9934 4 2 0 1 2074 1289 1013 947
9935 4 2 0 1 1975 1698 2043 1982
9936 4 2 0 1 2903 2905 1527 2008
9937 4 2 0 1 2819 3074 1653 3075
9938 4 2 0 1 923 921 2327 899
9939 4 2 0 1 923 2074 2327 921
9940 4 2 0 1 893 2202 1337 2297
9941 4 2 0 1 2386 2819 2817 1604
9942 4 2 0 1 2201 2822 2300 2821
9943 4 2 0 1 905 906 907 2297
9944 4 2 0 1 2146 1435 919 1709
9945 4 2 0 1 2130 1161 2094 876
9946 4 2 0 1 2824 3157 2064 2974
9947 4 2 0 1 2146 919 1435 1380
9948 4 2 0 1 2272 1459 1455 1358
9949 4 2 0 1 1538 1843 2383 1840
9950 4 2 0 1 2961 2856 2102 2956
9951 4 2 0 1 2056 2930 3001 2476
9952 4 2 0 1 1883 1777 1803 1785
9953 4 2 0 1 1748 2478 2701 2479
9954 4 2 0 1 1275 2126 1195 1767
9955 4 2 0 1 1993 1992 1675 1988
9956 4 2 0 1 1350 1271 1188 2331
9957 4 2 0 1 1672 1916 2732 2644
9958 4 2 0 1 1695 1917 1697 2776
9959 4 2 0 1 1809 1280 1364 22
9960 4 2 0 1 1843 1839 1844 1840
9961 4 2 0 1 1195 2126 1275 1057
9962 4 2 0 1 2915 2189 2237 2190
9963 4 2 0 1 1002 2106 1041 1042
9964 4 2 0 1 2237 998 2309 1396
9965 4 2 0 1 2079 2286 2991 2251
9966 4 2 0 1 1808 21 244 139
9967 4 2 0 1 2351 2675 2390 3099
9968 4 2 0 1 3034 2355 2668 3100
9969 4 2 0 1 1666 2291 3116 2628
9970 4 2 0 1 2675 2674 2673 2670
9971 4 2 0 1 2353 2352 1629 2605
9972 4 2 0 1 2671 1836 1874 1964
9973 4 2 0 1 1480 784 492 509
9974 4 2 0 1 2918 2919 3044 3198
9975 4 2 0 1 737 1645 1780 1677
9976 4 2 0 1 2131 1277 1407 1193
9977 4 2 0 1 255 258 731 1479
9978 4 2 0 1 253 2043 731 251
9979 4 2 0 1 2000 786 1882 1976
9980 4 2 0 1 1113 1118 2240 2027
9981 4 2 0 1 1586 1563 512 703
9982 4 2 0 1 579 798 1976 1864
9983 4 2 0 1 1652 2000 689 308
9984 4 2 0 1 1872 2342 3089 1652
9985 4 2 0 1 244 21 1808 620
9986 4 2 0 1 566 565 1926 590
9987 4 2 0 1 1759 285 1847 315
9988 4 2 0 1 637 1746 594 325
9989 4 2 0 1 2399 1734 3135 3136
9990 4 2 0 1 2970 2064 2974 2840
9991 4 2 0 1 2903 2525 1511 2521
9992 4 2 0 1 2374 2903 1511 2521
9993 4 2 0 1 2877 3110 2494 1512
9994 4 2 0 1 2441 2008 2440 2369
9995 4 2 0 1 3114 1657 2510 3115
9996 4 2 0 1 637 594 3224 595
9997 4 2 0 1 1244 913 2201 2104
9998 4 2 0 1 1502 2884 2504 2506
9999 4 2 0 1 1211 1365 1369 2205
10000 4 2 0 1 2201 913 1244 982
10001 4 2 0 1 1063 996 3067 1228
10002 4 2 0 1 2385 1843 1538 1883
10003 4 2 0 1 13 1709 1346 1742
10004 4 2 0 1 3044 2918 3198 1549
10005 4 2 0 1 1118 1113 2240 1383
10006 4 2 0 1 1559 179 1891 1875
10007 4 2 0 1 1587 2870 3046 1653
10008 4 2 0 1 1809 1938 1808 21
10009 4 2 0 1 1072 1071 2143 1073
10010 4 2 0 1 2181 1039 2144 1297
10011 4 2 0 1 2792 2509 2438 2779
10012 4 2 0 1 1671 84 767 1675
10013 4 2 0 1 3117 1615 1637 3179
10014 4 2 0 1 1686 2444 3149 2421
10015 4 2 0 1 2371 2366 2367 1469
10016 4 2 0 1 2657 3182 2654 1524
10017 4 2 0 1 1889 1820 401 588
10018 4 2 0 1 1078 2086 1076 1081
10019 4 2 0 1 1987 2349 2899 1959
10020 4 2 0 1 1687 3094 3093 3092
10021 4 2 0 1 295 1493 1999 1998
10022 4 2 0 1 3188 1584 2382 2690
10023 4 2 0 1 442 1713 1862 2360
10024 4 2 0 1 2795 2024 2796 2427
10025 4 2 0 1 1652 2034 2342 1926
10026 4 2 0 1 2552 1981 2006 2843
10027 4 2 0 1 133 135 1667 746
10028 4 2 0 1 1880 424 425 187
10029 4 2 0 1 749 1868 3221 525
10030 4 2 0 1 574 3216 601 608
10031 4 2 0 1 2557 2555 2485 2553
10032 4 2 0 1 134 1693 1667 135
10033 4 2 0 1 2498 2868 3161 2867
10034 4 2 0 1 1523 1504 2491 1705
10035 4 2 0 1 1986 2871 1871 1627
10036 4 2 0 1 2044 1983 2694 1591
10037 4 2 0 1 1667 133 1639 1596
10038 4 2 0 1 2689 2679 2678 1817
10039 4 2 0 1 3161 2492 2491 2542
10040 4 2 0 1 2354 1472 1567 1876
10041 4 2 0 1 1361 2159 1996 1742
10042 4 2 0 1 486 442 137 2541
10043 4 2 0 1 1523 2526 3127 2392
10044 4 2 0 1 2394 1473 3128 2485
10045 4 2 0 1 2042 783 43 42
10046 4 2 0 1 2315 3019 1510 3061
10047 4 2 0 1 2356 2352 1891 2354
10048 4 2 0 1 1559 1786 2382 1891
10049 4 2 0 1 610 1478 763 582
10050 4 2 0 1 2291 2282 2293 3036
10051 4 2 0 1 2260 2738 2740 2259
10052 4 2 0 1 2415 2698 1676 1939
10053 4 2 0 1 1630 2673 3106 1562
10054 4 2 0 1 2587 2739 3101 3150
10055 4 2 0 1 1810 1966 273 1676
10056 4 2 0 1 1129 1092 1262 2159
10057 4 2 0 1 2159 806 1968 1129
10058 4 2 0 1 2596 2147 2148 2601
10059 4 2 0 1 597 586 169 1801
10060 4 2 0 1 2356 1891 2352 1560
10061 4 2 0 1 2767 3188 1786 2382
10062 4 2 0 1 2146 2184 2601 1711
10063 4 2 0 1 2347 1662 2356 1560
10064 4 2 0 1 1869 1480 1481 1725
10065 4 2 0 1 2553 2850 3128 1581
10066 4 2 0 1 443 739 440 1593
10067 4 2 0 1 2143 1074 1073 2086
10068 4 2 0 1 1563 1586 1788 2388
10069 4 2 0 1 1971 2546 1578 2865
10070 4 2 0 1 1578 2552 2546 2550
10071 4 2 0 1 1928 2569 1728 2252
10072 4 2 0 1 3152 1735 2852 1622
10073 4 2 0 1 1499 1735 2852 1773
10074 4 2 0 1 2252 1368 1928 2707
10075 4 2 0 1 1649 2151 1773 2467
10076 4 2 0 1 2203 2641 2467 2620
10077 4 2 0 1 1773 1649 1499 2753
10078 4 2 0 1 2386 2385 1653 2383
10079 4 2 0 1 1184 2150 1185 1033
10080 4 2 0 1 3121 2714 2880 3119
10081 4 2 0 1 2707 1368 1928 1927
10082 4 2 0 1 1627 2787 1986 2379
10083 4 2 0 1 2291 2282 2629 2290
10084 4 2 0 1 2025 2084 1339 2289
10085 4 2 0 1 1662 2347 1654 1560
10086 4 2 0 1 2352 2347 2356 1560
10087 4 2 0 1 1962 103 105 104
10088 4 2 0 1 2452 410 413 412
10089 4 2 0 1 682 1967 447 769
10090 4 2 0 1 1850 305 1890 1943
10091 4 2 0 1 2347 2352 1654 1560
10092 4 2 0 1 2433 702 1942 389
10093 4 2 0 1 2432 1627 2787 1920
10094 4 2 0 1 354 433 1853 357
10095 4 2 0 1 1586 1704 2499 1566
10096 4 2 0 1 3144 2712 3137 3208
10097 4 2 0 1 3207 2572 3050 3169
10098 4 2 0 1 2458 1497 2397 2457
10099 4 2 0 1 2224 2572 2567 3169
10100 4 2 0 1 2465 1608 2567 2566
10101 4 2 0 1 2477 2472 1665 3208
10102 4 2 0 1 2889 643 2459 372
10103 4 2 0 1 2570 2883 2565 2402
10104 4 2 0 1 2429 2766 2744 2634
10105 4 2 0 1 2436 2368 2439 1492
10106 4 2 0 1 2456 2845 1486 2423
10107 4 2 0 1 1627 1986 2787 1920
10108 4 2 0 1 601 3216 574 1724
10109 4 2 0 1 2455 1486 2845 1495
10110 4 2 0 1 2446 2426 1631 1486
10111 4 2 0 1 597 1908 1786 329
10112 4 2 0 1 2388 1586 2499 1566
10113 4 2 0 1 1627 3089 2342 1871
10114 4 2 0 1 2474 2701 2821 3208
10115 4 2 0 1 1852 2768 2383 1539
10116 4 2 0 1 1627 3089 1871 1920
10117 4 2 0 1 1925 2427 2455 2799
10118 4 2 0 1 1597 1571 2389 2391
10119 4 2 0 1 2389 2540 1571 1859
10120 4 2 0 1 1900 2448 1901 120
10121 4 2 0 1 1706 748 1707 379
10122 4 2 0 1 782 113 160 1860
10123 4 2 0 1 2452 1486 1631 2455
10124 4 2 0 1 1627 3089 1920 2432
10125 4 2 0 1 1741 1742 2159 1293
10126 4 2 0 1 1475 1591 1963 2044
10127 4 2 0 1 2389 1571 2540 2391
10128 4 2 0 1 2493 2548 2547 3162
10129 4 2 0 1 2386 1883 1538 2380
10130 4 2 0 1 2892 2183 1034 1001
10131 4 2 0 1 1826 1827 2301 1154
10132 4 2 0 1 2066 2730 2283 3082
10133 4 2 0 1 1167 1148 2066 1438
10134 4 2 0 1 2493 1517 3162 2542
10135 4 2 0 1 1980 2545 2551 1714
10136 4 2 0 1 2930 1749 3192 2925
10137 4 2 0 1 213 380 1601 216
10138 4 2 0 1 380 1762 1601 1655
10139 4 2 0 1 2865 2546 1578 2552
10140 4 2 0 1 1909 795 1730 1690
10141 4 2 0 1 1957 2006 1935 1739
10142 4 2 0 1 1545 2984 2598 2983
10143 4 2 0 1 1935 2003 2843 1837
10144 4 2 0 1 2546 1578 2498 2867
10145 4 2 0 1 1963 1476 1985 2044
10146 4 2 0 1 795 470 1909 625
10147 4 2 0 1 2162 964 1000 999
10148 4 2 0 1 1037 1988 1445 51
10149 4 2 0 1 435 1993 1675 52
10150 4 2 0 1 2869 2794 3175 1637
10151 4 2 0 1 2552 2545 1519 2550
10152 4 2 0 1 2869 2794 1637 1782
10153 4 2 0 1 1578 2006 1817 1739
10154 4 2 0 1 1638 2728 2749 2321
10155 4 2 0 1 1782 1781 1784 1833
10156 4 2 0 1 181 664 1790 1603
10157 4 2 0 1 601 3216 264 608
10158 4 2 0 1 2551 2688 2687 1958
10159 4 2 0 1 241 1791 605 604
10160 4 2 0 1 730 2704 1790 1603
10161 4 2 0 1 181 1795 180 182
10162 4 2 0 1 408 427 670 2017
10163 4 2 0 1 1584 1604 2690 3188
10164 4 2 0 1 470 753 1909 625
10165 4 2 0 1 567 1802 656 1960
10166 4 2 0 1 1094 1403 814 1937
10167 4 2 0 1 264 3216 601 1724
10168 4 2 0 1 664 730 1790 1603
10169 4 2 0 1 1839 1841 1844 1838
10170 4 2 0 1 2641 2162 2892 3046
10171 4 2 0 1 2544 2865 1812 1519
10172 4 2 0 1 1761 212 1813 764
10173 4 2 0 1 1812 632 375 2488
10174 4 2 0 1 1963 2858 2044 1985
10175 4 2 0 1 212 213 1762 1814
10176 4 2 0 1 470 1692 471 795
10177 4 2 0 1 1605 1580 1758 2686
10178 4 2 0 1 3040 3042 2177 2151
10179 4 2 0 1 2393 2495 1758 2678
10180 4 2 0 1 1908 2353 1583 2382
10181 4 2 0 1 2752 3042 3054 2177
10182 4 2 0 1 2682 2683 2686 2685
10183 4 2 0 1 2616 2156 2155 2617
10184 4 2 0 1 334 1832 458 324
10185 4 2 0 1 319 3225 192 194
10186 4 2 0 1 2704 1605 436 1606
10187 4 2 0 1 1620 1584 2382 2663
10188 4 2 0 1 2893 2125 2982 2109
10189 4 2 0 1 1380 1229 1230 2146
10190 4 2 0 1 656 1802 1800 1960
10191 4 2 0 1 1918 1626 2377 3124
10192 4 2 0 1 1885 2489 1884 2579
10193 4 2 0 1 1532 2804 2802 2206
10194 4 2 0 1 2984 2073 2150 2229
10195 4 2 0 1 2511 1555 44 515
10196 4 2 0 1 1906 1987 2899 1959
10197 4 2 0 1 1912 1689 1490 2777
10198 4 2 0 1 2442 1821 1818 2007
10199 4 2 0 1 2794 2031 1696 2791
10200 4 2 0 1 431 486 1650 445
10201 4 2 0 1 1999 1902 2445 1493
10202 4 2 0 1 1909 1730 795 625
10203 4 2 0 1 719 102 1701 1798
10204 4 2 0 1 1859 2365 137 2541
10205 4 2 0 1 1870 432 1650 445
10206 4 2 0 1 1926 1713 565 2034
10207 4 2 0 1 526 1714 3168 3167
10208 4 2 0 1 2666 1594 2349 2890
10209 4 2 0 1 2143 2184 2601 2146
10210 4 2 0 1 1903 1791 1579 1790
10211 4 2 0 1 2034 1926 2899 2342
10212 4 2 0 1 474 1606 756 1757
10213 4 2 0 1 1527 2797 2583 2440
10214 4 2 0 1 2390 2351 3099 2532
10215 4 2 0 1 2034 2345 1592 2532
10216 4 2 0 1 1156 1410 2075 1419
10217 4 2 0 1 3099 3166 2520 2531
10218 4 2 0 1 652 541 237 1602
10219 4 2 0 1 1822 1127 1128 1315
10220 4 2 0 1 1282 903 2271 1304
10221 4 2 0 1 3055 2757 2620 1649
10222 4 2 0 1 1139 2284 2065 1306
10223 4 2 0 1 2203 2151 1192 2178
10224 4 2 0 1 1058 2141 1440 1319
10225 4 2 0 1 1648 3187 2759 1499
10226 4 2 0 1 1961 518 578 634
10227 4 2 0 1 1922 1721 1707 2447
10228 4 2 0 1 2443 3096 1651 2440
10229 4 2 0 1 2450 2537 1997 2539
10230 4 2 0 1 2805 2418 3089 2339
10231 4 2 0 1 398 1668 504 388
10232 4 2 0 1 1730 2793 625 1909
10233 4 2 0 1 399 409 1854 1702
10234 4 2 0 1 1532 1711 2308 2206
10235 4 2 0 1 1801 1946 656 1800
10236 4 2 0 1 167 1801 656 1800
10237 4 2 0 1 1944 567 656 1960
10238 4 2 0 1 1907 2704 1603 1579
10239 4 2 0 1 625 1909 530 753
10240 4 2 0 1 574 1724 3216 572
10241 4 2 0 1 655 619 514 1717
10242 4 2 0 1 1529 1904 1997 136
10243 4 2 0 1 377 1885 373 1884
10244 4 2 0 1 1515 1961 1997 1905
10245 4 2 0 1 3125 2527 2482 2363
10246 4 2 0 1 2533 1468 2363 1516
10247 4 2 0 1 125 431 1682 121
10248 4 2 0 1 497 2417 297 296
10249 4 2 0 1 302 1681 658 627
10250 4 2 0 1 2434 2378 2788 358
10251 4 2 0 1 300 457 1633 735
10252 4 2 0 1 2044 2043 1778 1725
10253 4 2 0 1 2871 590 1906 284
10254 4 2 0 1 1950 3008 3152 2854
10255 4 2 0 1 887 886 2096 2167
10256 4 2 0 1 2122 2133 2274 2121
10257 4 2 0 1 1223 1356 2175 2123
10258 4 2 0 1 2179 1234 2153 2221
10259 4 2 0 1 2179 2949 2945 2956
10260 4 2 0 1 2164 2165 2270 2045
10261 4 2 0 1 2097 2319 1452 2231
10262 4 2 0 1 1475 3123 2788 2430
10263 4 2 0 1 2602 2803 1711 2601
10264 4 2 0 1 1816 1823 1940 2696
10265 4 2 0 1 1479 257 1482 1724
10266 4 2 0 1 498 265 731 2043
10267 4 2 0 1 1740 1684 1967 2781
10268 4 2 0 1 3177 2652 2727 3178
10269 4 2 0 1 2118 956 940 2075
10270 4 2 0 1 2345 1872 2034 2342
10271 4 2 0 1 1925 1922 1707 1706
10272 4 2 0 1 2477 2472 1500 1665
10273 4 2 0 1 90 91 2889 2907
10274 4 2 0 1 62 61 1743 186
10275 4 2 0 1 720 612 263 1482
10276 4 2 0 1 777 67 1988 1675
10277 4 2 0 1 2869 1672 2808 2644
10278 4 2 0 1 3206 2987 2900 2320
10279 4 2 0 1 1178 816 1188 2333
10280 4 2 0 1 2798 1494 2799 2882
10281 4 2 0 1 648 1694 1739 1970
10282 4 2 0 1 204 1980 206 1981
10283 4 2 0 1 2009 1990 1991 1989
10284 4 2 0 1 116 1669 117 1900
10285 4 2 0 1 212 1761 1814 1762
10286 4 2 0 1 1888 2715 2726 3155
10287 4 2 0 1 1682 431 1901 121
10288 4 2 0 1 2914 2053 2829 3014
10289 4 2 0 1 3027 2910 2827 2828
10290 4 2 0 1 2909 2913 2135 2988
10291 4 2 0 1 936 2080 1338 933
10292 4 2 0 1 1002 1042 1121 2106
10293 4 2 0 1 394 2777 1911 1492
10294 4 2 0 1 92 2691 2907 2906
10295 4 2 0 1 533 531 362 1588
10296 4 2 0 1 2525 2022 2692 3113
10297 4 2 0 1 92 93 2691 94
10298 4 2 0 1 1819 2008 2007 2866
10299 4 2 0 1 1476 1743 1963 1985
10300 4 2 0 1 2652 3178 1989 2727
10301 4 2 0 1 1853 433 1778 2858
10302 4 2 0 1 1990 1989 2727 2321
10303 4 2 0 1 2785 1780 2413 1677
10304 4 2 0 1 3079 2626 2623 2625
10305 4 2 0 1 2412 1546 2631 1941
10306 4 2 0 1 2293 3079 3037 2294
10307 4 2 0 1 1861 2001 2646 459
10308 4 2 0 1 2262 2592 2736 1624
10309 4 2 0 1 3145 3144 1665 2973
10310 4 2 0 1 371 546 1941 449
10311 4 2 0 1 453 586 329 1654
10312 4 2 0 1 2262 2234 1624 2737
10313 4 2 0 1 70 800 44 1752
10314 4 2 0 1 46 1752 2016 1754
10315 4 2 0 1 2333 2917 3088 2027
10316 4 2 0 1 2304 2232 1747 1752
10317 4 2 0 1 597 1785 175 1786
10318 4 2 0 1 2243 2327 1232 923
10319 4 2 0 1 2930 1749 3001 2940
10320 4 2 0 1 2938 2930 2056 2476
10321 4 2 0 1 2931 3201 3191 2927
10322 4 2 0 1 3220 1865 1967 463
10323 4 2 0 1 1471 2767 2382 2690
10324 4 2 0 1 2712 2972 1664 3208
10325 4 2 0 1 2313 2273 2316 2319
10326 4 2 0 1 3016 2659 1599 2658
10327 4 2 0 1 1205 2129 897 1206
10328 4 2 0 1 983 2124 1295 1085
10329 4 2 0 1 2242 1748 2222 2935
10330 4 2 0 1 2025 1113 1383 2240
10331 4 2 0 1 2277 3023 3064 2055
10332 4 2 0 1 857 856 858 2068
10333 4 2 0 1 2736 2262 1624 2737
10334 4 2 0 1 2080 2115 2116 933
10335 4 2 0 1 2272 2312 2311 3013
10336 4 2 0 1 2083 1338 1044 2078
10337 4 2 0 1 2262 2592 1624 2264
10338 4 2 0 1 2744 3090 1634 2634
10339 4 2 0 1 2320 2103 2154 2996
10340 4 2 0 1 3114 1657 2431 2643
10341 4 2 0 1 1107 2078 1106 1142
10342 4 2 0 1 3147 1634 3149 2790
10343 4 2 0 1 2234 2100 2062 2060
10344 4 2 0 1 2100 2089 2210 2966
10345 4 2 0 1 1549 2085 1049 2185
10346 4 2 0 1 2285 2173 1619 2966
10347 4 2 0 1 2988 1811 2118 2320
10348 4 2 0 1 3090 2634 2790 1634
10349 4 2 0 1 1051 2163 2154 1174
10350 4 2 0 1 1782 1638 2749 2321
10351 4 2 0 1 2332 3044 2749 2995
10352 4 2 0 1 2629 1659 3198 2632
10353 4 2 0 1 1409 3087 1222 2075
10354 4 2 0 1 6 2030 2029 2117
10355 4 2 0 1 1945 2588 2599 1948
10356 4 2 0 1 2122 3007 3006 2121
10357 4 2 0 1 840 837 1291 2133
10358 4 2 0 1 1223 3007 2123 2175
10359 4 2 0 1 2316 830 920 2273
10360 4 2 0 1 2273 2121 3007 2122
10361 4 2 0 1 2317 2896 2318 1544
10362 4 2 0 1 2960 2965 1954 2855
10363 4 2 0 1 2510 2636 3115 2372
10364 4 2 0 1 2221 1026 2165 2214
10365 4 2 0 1 3045 2851 2468 2894
10366 4 2 0 1 1489 2418 1872 3089
10367 4 2 0 1 2352 2663 1620 2382
10368 4 2 0 1 3037 2005 2669 2668
10369 4 2 0 1 2863 2005 2669 3037
10370 4 2 0 1 2307 2743 2019 2018
10371 4 2 0 1 1692 376 471 700
10372 4 2 0 1 2569 2334 2567 2402
10373 4 2 0 1 1686 2776 2790 3149
10374 4 2 0 1 1357 2141 1032 1155
10375 4 2 0 1 2152 3010 2170 877
10376 4 2 0 1 2928 2093 2051 2936
10377 4 2 0 1 2979 2933 2937 2070
10378 4 2 0 1 3001 2070 3049 2476
10379 4 2 0 1 2940 3156 1749 2937
10380 4 2 0 1 2728 1990 2727 2321
10381 4 2 0 1 2436 2444 3149 2437
10382 4 2 0 1 918 916 2981 2821
10383 4 2 0 1 2191 1244 2951 2104
10384 4 2 0 1 2289 2412 1547 1743
10385 4 2 0 1 908 1053 2211 2210
10386 4 2 0 1 3051 2336 3169 2174
10387 4 2 0 1 1120 1035 2138 1297
10388 4 2 0 1 2803 1314 1712 2601
10389 4 2 0 1 1709 1710 1712 1711
10390 4 2 0 1 3188 2767 2690 2382
10391 4 2 0 1 1215 2086 2184 2601
10392 4 2 0 1 1543 3043 2249 2618
10393 4 2 0 1 2116 2913 3021 3024
10394 4 2 0 1 3055 2151 2178 2177
10395 4 2 0 1 2690 1620 3172 2760
10396 4 2 0 1 2610 1604 1537 2684
10397 4 2 0 1 1532 2804 2206 1543
10398 4 2 0 1 1552 2757 3054 2637
10399 4 2 0 1 3029 3073 2848 2862
10400 4 2 0 1 2964 2967 3150 2059
10401 4 2 0 1 2262 2234 2173 2062
10402 4 2 0 1 2603 1644 288 1641
10403 4 2 0 1 2353 2352 1620 2382
10404 4 2 0 1 1147 971 1148 3211
10405 4 2 0 1 1148 971 2226 3211
10406 4 2 0 1 345 344 1885 373
10407 4 2 0 1 1827 2011 1614 2066
10408 4 2 0 1 1594 2890 2350 1959
10409 4 2 0 1 1148 1167 2066 2226
10410 4 2 0 1 2825 3210 3082 2837
10411 4 2 0 1 3211 2225 2986 2074
10412 4 2 0 1 1549 2918 2287 2240
10413 4 2 0 1 2891 2350 2734 2669
10414 4 2 0 1 1354 2161 1065 2107
10415 4 2 0 1 2283 2730 3014 2310
10416 4 2 0 1 2216 1321 1184 1204
10417 4 2 0 1 2984 1545 3006 2600
10418 4 2 0 1 2123 2125 2982 2600
10419 4 2 0 1 1731 1690 1738 1691
10420 4 2 0 1 1952 2073 1945 1534
10421 4 2 0 1 970 991 957 2996
10422 4 2 0 1 1473 1691 2490 2401
10423 4 2 0 1 1939 610 1478 314
10424 4 2 0 1 2320 2332 3087 2900
10425 4 2 0 1 1990 1991 2321 2331
10426 4 2 0 1 1222 1123 2160 1349
10427 4 2 0 1 1782 1784 2331 2321
10428 4 2 0 1 2179 2949 2956 2221
10429 4 2 0 1 1112 2026 1413 2027
10430 4 2 0 1 1317 2245 2067 1088
10431 4 2 0 1 314 722 1478 1939
10432 4 2 0 1 2103 2996 2118 957
10433 4 2 0 1 1277 1193 2295 1335
10434 4 2 0 1 2742 1644 2733 1535
10435 4 2 0 1 1434 914 2278 2300
10436 4 2 0 1 2570 2810 2811 2457
10437 4 2 0 1 3052 3158 3159 2775
10438 4 2 0 1 2701 2474 2821 2981
10439 4 2 0 1 1522 2887 2575 2576
10440 4 2 0 1 2254 2949 2959 2946
10441 4 2 0 1 1112 2026 59 1413
10442 4 2 0 1 949 2309 998 951
10443 4 2 0 1 1992 2651 1921 2010
10444 4 2 0 1 314 609 1478 722
10445 4 2 0 1 2326 2727 2908 1613
10446 4 2 0 1 3011 2105 2288 3013
10447 4 2 0 1 1443 1028 2301 1416
10448 4 2 0 1 3036 2783 2285 3142
10449 4 2 0 1 667 534 484 1677
10450 4 2 0 1 453 1835 552 1628
10451 4 2 0 1 1810 3 269 788
10452 4 2 0 1 1246 2265 1309 1276
10453 4 2 0 1 2627 2699 1594 2350
10454 4 2 0 1 1836 2347 1654 1662
10455 4 2 0 1 4 78 2004 5
10456 4 2 0 1 1834 1835 1836 2734
10457 4 2 0 1 1641 1823 2734 1873
10458 4 2 0 1 51 1445 52 1988
10459 4 2 0 1 48 1826 2010 1828
10460 4 2 0 1 753 530 1884 1909
10461 4 2 0 1 2326 2727 2009 3178
10462 4 2 0 1 39 1931 2707 40
10463 4 2 0 1 996 2110 2124 997
10464 4 2 0 1 1369 2246 2315 2205
10465 4 2 0 1 2224 3018 3067 2572
10466 4 2 0 1 1131 1751 2243 2324
10467 4 2 0 1 3085 3210 1600 3193
10468 4 2 0 1 1206 2129 1363 1439
10469 4 2 0 1 64 2033 1677 65
10470 4 2 0 1 1754 1752 2839 2646
10471 4 2 0 1 1749 2833 2834 2836
10472 4 2 0 1 2660 3016 2980 2935
10473 4 2 0 1 1064 1377 2168 1232
10474 4 2 0 1 1765 803 30 31
10475 4 2 0 1 3159 3183 2710 3184
10476 4 2 0 1 2460 2398 1585 1473
10477 4 2 0 1 1732 2335 1241 33
10478 4 2 0 1 3 534 1677 85
10479 4 2 0 1 1627 2872 2340 2379
10480 4 2 0 1 421 1631 1902 724
10481 4 2 0 1 1466 2345 1592 2342
10482 4 2 0 1 3076 3077 2624 2344
10483 4 2 0 1 2637 1584 2756 1632
10484 4 2 0 1 1887 2647 1861 2646
10485 4 2 0 1 332 1719 592 1875
10486 4 2 0 1 2295 2863 3037 2005
10487 4 2 0 1 1531 2266 2117 2260
10488 4 2 0 1 2615 2736 2591 2466
10489 4 2 0 1 2871 1926 2342 2899
10490 4 2 0 1 3089 2339 2419 2432
10491 4 2 0 1 1562 1620 2663 3105
10492 4 2 0 1 1556 2839 1826 3181
10493 4 2 0 1 2344 1640 3093 3092
10494 4 2 0 1 2024 2427 1515 2796
10495 4 2 0 1 2868 3161 3162 2542
10496 4 2 0 1 179 332 592 1875
10497 4 2 0 1 2427 2024 1798 1701
10498 4 2 0 1 2370 2643 1506 1528
10499 4 2 0 1 1916 1553 2732 2644
10500 4 2 0 1 2649 1555 1972 2648
10501 4 2 0 1 2825 3182 3180 3181
10502 4 2 0 1 2869 1672 1916 1833
10503 4 2 0 1 2887 1510 2506 2709
10504 4 2 0 1 1719 332 1914 1875
10505 4 2 0 1 1479 784 258 754
10506 4 2 0 1 2751 2752 3038 3039
10507 4 2 0 1 2724 2064 2840 2702
10508 4 2 0 1 3123 1778 1853 3124
10509 4 2 0 1 254 789 1724 1478
10510 4 2 0 1 2707 1607 1331 40
10511 4 2 0 1 1914 179 1559 1875
10512 4 2 0 1 2747 2815 2615 3173
10513 4 2 0 1 2969 3004 2267 2319
10514 4 2 0 1 2982 1545 2983 2984
10515 4 2 0 1 2670 1562 2347 2674
10516 4 2 0 1 940 939 2075 956
10517 4 2 0 1 1627 2871 1871 2342
10518 4 2 0 1 1892 2671 1987 1964
10519 4 2 0 1 3098 2670 3099 1570
10520 4 2 0 1 1967 1865 3220 743
10521 4 2 0 1 2712 3183 3137 3208
10522 4 2 0 1 2223 3018 3050 2980
10523 4 2 0 1 1967 1865 1740 463
10524 4 2 0 1 1520 2405 3141 3132
10525 4 2 0 1 3209 2975 1735 1774
10526 4 2 0 1 2975 1734 3185 1735
10527 4 2 0 1 2561 3130 2410 1661
10528 4 2 0 1 3085 2836 2328 2830
10529 4 2 0 1 1135 3215 2108 1080
10530 4 2 0 1 2355 3034 1616 3100
10531 4 2 0 1 2697 2698 2693 2696
10532 4 2 0 1 644 68 736 1927
10533 4 2 0 1 2784 3118 2404 1674
10534 4 2 0 1 3081 1750 2718 2827
10535 4 2 0 1 1624 2736 2593 2592
10536 4 2 0 1 2165 2245 2270 3020
10537 4 2 0 1 2117 2266 2740 2260
10538 4 2 0 1 1624 2234 2855 2737
10539 4 2 0 1 1484 2424 2418 1483
10540 4 2 0 1 412 2452 1764 1631
10541 4 2 0 1 2429 3147 2421 2432
10542 4 2 0 1 2417 2446 1999 296
10543 4 2 0 1 1804 1912 1717 514
10544 4 2 0 1 3144 3137 3169 3208
10545 4 2 0 1 1721 516 1902 724
10546 4 2 0 1 409 399 400 1702
10547 4 2 0 1 1721 1922 1901 2448
10548 4 2 0 1 2020 1923 2795 2023
10549 4 2 0 1 2748 1804 1633 2339
10550 4 2 0 1 3093 2666 3092 1640
10551 4 2 0 1 793 1865 1684 743
10552 4 2 0 1 738 3223 653 378
10553 4 2 0 1 2426 2416 2764 1486
10554 4 2 0 1 1588 1514 2035 2538
10555 4 2 0 1 1870 2424 1864 1483
10556 4 2 0 1 2789 1851 1943 1681
10557 4 2 0 1 1487 1625 1918 1626
10558 4 2 0 1 1701 2020 2024 1905
10559 4 2 0 1 1486 2455 2845 2764
10560 4 2 0 1 160 2447 1860 111
10561 4 2 0 1 719 102 1798 104
10562 4 2 0 1 2023 2905 2022 2021
10563 4 2 0 1 1854 1974 1492 2873
10564 4 2 0 1 655 1804 1717 514
10565 4 2 0 1 2676 2553 1581 2638
10566 4 2 0 1 2381 1536 2590 2589
10567 4 2 0 1 1937 2040 2039 2818
10568 4 2 0 1 1194 2204 1098 1279
10569 4 2 0 1 2638 2553 1551 1768
10570 4 2 0 1 2151 993 2177 943
10571 4 2 0 1 1937 2040 2818 1542
10572 4 2 0 1 2151 993 1192 2178
10573 4 2 0 1 1621 2353 2590 2381
10574 4 2 0 1 3055 2641 2178 2203
10575 4 2 0 1 3183 3135 2849 3185
10576 4 2 0 1 1648 2760 3173 2746
10577 4 2 0 1 2720 2475 2725 3069
10578 4 2 0 1 2210 2952 2211 3063
10579 4 2 0 1 2827 2826 2717 2718
10580 4 2 0 1 1612 2720 2247 2726
10581 4 2 0 1 1611 2718 2827 2717
10582 4 2 0 1 2460 2401 1473 3133
10583 4 2 0 1 1424 1173 1968 1120
10584 4 2 0 1 1841 1855 1542 1968
10585 4 2 0 1 2480 1691 2485 2400
10586 4 2 0 1 2872 1986 2871 1848
10587 4 2 0 1 530 377 1884 687
10588 4 2 0 1 1918 2857 2789 3124
10589 4 2 0 1 1596 1571 131 1639
10590 4 2 0 1 1530 2002 3162 2362
10591 4 2 0 1 1084 1082 2086 1078
10592 4 2 0 1 2780 3109 1590 1529
10593 4 2 0 1 1517 2533 2493 2361
10594 4 2 0 1 1812 345 2864 1518
10595 4 2 0 1 2483 2879 1518 1885
10596 4 2 0 1 3125 3160 2482 2481
10597 4 2 0 1 1971 2801 1970 2867
10598 4 2 0 1 1369 1211 2205 810
10599 4 2 0 1 2578 2483 2481 2482
10600 4 2 0 1 728 343 1525 531
10601 4 2 0 1 3158 3051 3159 3208
10602 4 2 0 1 3163 2889 2459 372
10603 4 2 0 1 3 2 1677 667
10604 4 2 0 1 2580 2364 2482 1513
10605 4 2 0 1 470 376 1910 374
10606 4 2 0 1 2707 1607 1929 1510
10607 4 2 0 1 2505 2580 2458 2395
10608 4 2 0 1 1934 1933 2885 1929
10609 4 2 0 1 1272 1324 2168 1100
10610 4 2 0 1 280 1847 1816 283
10611 4 2 0 1 2437 2776 2431 2438
10612 4 2 0 1 3095 3096 3149 2431
10613 4 2 0 1 3094 3138 1687 2371
10614 4 2 0 1 381 480 1921 1828
10615 4 2 0 1 2625 2627 3092 1569
10616 4 2 0 1 1820 2509 2645 1886
10617 4 2 0 1 1759 285 315 621
10618 4 2 0 1 1927 1928 1929 1930
10619 4 2 0 1 2520 2486 2396 1661
10620 4 2 0 1 2619 2073 2588 2983
10621 4 2 0 1 2494 3126 2530 2392
10622 4 2 0 1 2000 1871 1882 308
10623 4 2 0 1 3125 2527 2524 2392
10624 4 2 0 1 2418 1489 2341 2805
10625 4 2 0 1 3163 1514 2691 1588
10626 4 2 0 1 1972 2502 2904 2866
10627 4 2 0 1 2492 2496 2498 2550
10628 4 2 0 1 1760 236 473 632
10629 4 2 0 1 1981 1995 204 1958
10630 4 2 0 1 421 296 293 1902
10631 4 2 0 1 1636 2487 3129 2400
10632 4 2 0 1 2306 1647 1766 1767
10633 4 2 0 1 1090 994 2126 1217
10634 4 2 0 1 3074 2684 3073 2609
10635 4 2 0 1 1766 2126 2847 2306
10636 4 2 0 1 762 1700 1776 1969
10637 4 2 0 1 1772 1733 2813 2711
10638 4 2 0 1 1498 1732 1733 1737
10639 4 2 0 1 2674 1562 2663 3106
10640 4 2 0 1 1509 2518 3132 1507
10641 4 2 0 1 1466 2666 3098 3093
10642 4 2 0 1 1527 2439 2007 2873
10643 4 2 0 1 2367 3093 3095 2346
10644 4 2 0 1 3052 3158 2775 2821
10645 4 2 0 1 2657 2511 1747 2708
10646 4 2 0 1 2414 1780 1743 1476
10647 4 2 0 1 493 3223 738 458
10648 4 2 0 1 2834 3016 3084 3048
10649 4 2 0 1 317 1645 737 581
10650 4 2 0 1 1511 2520 2524 2396
10651 4 2 0 1 1504 2388 1788 2499
10652 4 2 0 1 2545 1582 3129 2550
10653 4 2 0 1 1740 1590 2780 2449
10654 4 2 0 1 250 317 691 1779
10655 4 2 0 1 2260 2738 2259 2262
10656 4 2 0 1 2666 2627 1594 2350
10657 4 2 0 1 2334 2335 2402 1728
10658 4 2 0 1 2697 1548 2623 1591
10659 4 2 0 1 246 62 63 2033
10660 4 2 0 1 2668 1618 2902 2005
10661 4 2 0 1 1531 2030 2113 2259
10662 4 2 0 1 1038 1035 1039 2183
10663 4 2 0 1 1897 1796 241 1790
10664 4 2 0 1 3043 2618 3071 2249
10665 4 2 0 1 2586 1629 2381 2307
10666 4 2 0 1 2236 2155 902 2156
10667 4 2 0 1 1944 1216 2599 1947
10668 4 2 0 1 65 1780 1677 737
10669 4 2 0 1 65 1780 737 246
10670 4 2 0 1 73 2038 1729 24
10671 4 2 0 1 1532 2595 2383 2768
10672 4 2 0 1 2607 2597 2612 1540
10673 4 2 0 1 3047 3074 2271 3075
10674 4 2 0 1 903 23 1280 2037
10675 4 2 0 1 2032 2639 2683 2279
10676 4 2 0 1 2682 2848 3073 2862
10677 4 2 0 1 2609 3073 3074 2611
10678 4 2 0 1 2610 2682 3073 2684
10679 4 2 0 1 2639 1894 2032 2683
10680 4 2 0 1 2039 2818 2037 1937
10681 4 2 0 1 1897 1849 1537 1745
10682 4 2 0 1 1124 2101 1208 1423
10683 4 2 0 1 2202 893 2236 2297
10684 4 2 0 1 1950 3151 2854 3152
10685 4 2 0 1 1939 2415 1645 1676
10686 4 2 0 1 1479 1724 1482 1725
10687 4 2 0 1 279 278 1823 280
10688 4 2 0 1 2768 2595 2607 2597
10689 4 2 0 1 2307 1629 1535 2667
10690 4 2 0 1 1657 2510 3115 2372
10691 4 2 0 1 3034 1616 3101 2740
10692 4 2 0 1 3076 2624 3077 1548
10693 4 2 0 1 2623 2697 2693 2696
10694 4 2 0 1 1874 1873 1834 2734
10695 4 2 0 1 2031 1782 2794 1783
10696 4 2 0 1 2630 2412 3076 2290
10697 4 2 0 1 2433 2791 2430 2635
10698 4 2 0 1 905 907 910 2169
10699 4 2 0 1 2595 2870 2612 1543
10700 4 2 0 1 2204 2162 3047 1097
10701 4 2 0 1 2758 2387 2613 1540
10702 4 2 0 1 382 1921 1754 381
10703 4 2 0 1 2903 2502 2866 2904
10704 4 2 0 1 1126 1895 801 2279
10705 4 2 0 1 686 476 1921 1727
10706 4 2 0 1 2443 2797 2423 1911
10707 4 2 0 1 653 3223 151 378
10708 4 2 0 1 2831 3081 2829 2310
10709 4 2 0 1 67 1992 692 1988
10710 4 2 0 1 1726 1992 2808 1921
10711 4 2 0 1 1595 1651 2583 2765
10712 4 2 0 1 2790 1550 2791 2430
10713 4 2 0 1 1556 1610 2010 2651
10714 4 2 0 1 2651 1556 3181 2880
10715 4 2 0 1 40 1607 1331 1023
10716 4 2 0 1 1551 1766 2846 2847
10717 4 2 0 1 1596 2868 2391 2499
10718 4 2 0 1 1575 1605 1757 1758
10719 4 2 0 1 1720 2676 1758 2495
10720 4 2 0 1 277 551 279 1641
10721 4 2 0 1 2047 2226 2986 3082
10722 4 2 0 1 1836 2347 1662 1964
10723 4 2 0 1 1644 2742 2733 2018
10724 4 2 0 1 1827 2066 1614 3082
10725 4 2 0 1 1951 1947 2029 1948
10726 4 2 0 1 2984 2073 2229 2598
10727 4 2 0 1 1720 1577 1705 2859
10728 4 2 0 1 1894 2640 77 1969
10729 4 2 0 1 2684 1849 2609 2819
10730 4 2 0 1 2860 2609 2683 2861
10731 4 2 0 1 1766 1551 2555 1768
10732 4 2 0 1 2682 2638 2677 2676
10733 4 2 0 1 1577 2560 1581 2676
10734 4 2 0 1 1703 1720 1566 2388
10735 4 2 0 1 1607 2315 2707 1331
10736 4 2 0 1 1974 2007 1492 2873
10737 4 2 0 1 1995 324 203 553
10738 4 2 0 1 159 766 1739 648
10739 4 2 0 1 1578 2552 2006 2843
10740 4 2 0 1 1708 1831 1970 2801
10741 4 2 0 1 2559 2640 3168 1768
10742 4 2 0 1 2082 2277 3064 2281
10743 4 2 0 1 607 706 1746 162
10744 4 2 0 1 1693 1576 1715 1817
10745 4 2 0 1 2803 2602 2596 2601
10746 4 2 0 1 2032 2683 1789 2860
10747 4 2 0 1 2706 2681 1775 1776
10748 4 2 0 1 200 1958 201 202
10749 4 2 0 1 1770 508 710 191
10750 4 2 0 1 563 1714 526 3167
10751 4 2 0 1 204 202 1958 1995
10752 4 2 0 1 3119 2517 3170 1557
10753 4 2 0 1 1612 2716 2771 3027
10754 4 2 0 1 2940 2938 2725 2476
10755 4 2 0 1 2931 2054 3023 3024
10756 4 2 0 1 1684 1865 1967 743
10757 4 2 0 1 2453 2845 3108 1496
10758 4 2 0 1 2054 2052 2939 2910
10759 4 2 0 1 2975 3145 3143 1736
10760 4 2 0 1 1705 2492 2491 3129
10761 4 2 0 1 2473 2474 3208 2472
10762 4 2 0 1 1519 2545 3129 2550
10763 4 2 0 1 2409 2059 2722 2782
10764 4 2 0 1 1557 2714 2517 3180
10765 4 2 0 1 2749 2919 1637 3198
10766 4 2 0 1 2722 2720 2247 2721
10767 4 2 0 1 2403 3104 2522 3097
10768 4 2 0 1 2738 1619 2587 3101
10769 4 2 0 1 2546 2492 2498 2550
10770 4 2 0 1 22 1936 799 1808
10771 4 2 0 1 2066 2011 1614 2283
10772 4 2 0 1 2994 2771 2087 2998
10773 4 2 0 1 21 139 1808 22
10774 4 2 0 1 2475 2064 2725 2476
10775 4 2 0 1 2058 2063 3068 2953
10776 4 2 0 1 1547 2294 2290 2292
10777 4 2 0 1 2738 2902 3035 3101
10778 4 2 0 1 1061 2215 2062 3035
10779 4 2 0 1 22 1809 21 1364
10780 4 2 0 1 1657 2370 2508 1469
10781 4 2 0 1 2626 2625 2669 2350
10782 4 2 0 1 1823 279 281 1641
10783 4 2 0 1 1607 1343 1023 2041
10784 4 2 0 1 2583 2443 1651 2440
10785 4 2 0 1 3140 3094 3092 2628
10786 4 2 0 1 1712 2184 1711 2601
10787 4 2 0 1 2723 2722 2782 1674
10788 4 2 0 1 2332 3044 2995 2154
10789 4 2 0 1 2332 3044 2154 3088
10790 4 2 0 1 2154 2332 3088 2750
10791 4 2 0 1 3122 1508 1469 2512
10792 4 2 0 1 2387 2595 2607 3172
10793 4 2 0 1 2620 3213 3046 2387
10794 4 2 0 1 1619 2587 3101 3150
10795 4 2 0 1 2672 3102 3103 3100
10796 4 2 0 1 1795 1797 1808 1807
10797 4 2 0 1 2689 2681 1756 1715
10798 4 2 0 1 1639 1574 2499 1571
10799 4 2 0 1 2492 2868 2499 2542
10800 4 2 0 1 2394 2495 2560 1577
10801 4 2 0 1 2361 1530 3162 2362
10802 4 2 0 1 2679 2496 2678 1817
10803 4 2 0 1 3138 2628 3140 3116
10804 4 2 0 1 2388 1719 1703 1876
10805 4 2 0 1 1809 1797 1808 1938
10806 4 2 0 1 1541 2469 2468 3174
10807 4 2 0 1 1646 2849 2463 3053
10808 4 2 0 1 3195 3054 2751 3053
10809 4 2 0 1 1646 2463 2751 3053
10810 4 2 0 1 2126 2268 2755 3038
10811 4 2 0 1 2850 1581 1632 2556
10812 4 2 0 1 102 1905 1701 1798
10813 4 2 0 1 2562 2399 1734 2406
10814 4 2 0 1 3145 3144 1734 2562
10815 4 2 0 1 3081 2013 3014 2908
10816 4 2 0 1 1557 2661 2718 3154
10817 4 2 0 1 1488 1851 2419 2420
10818 4 2 0 1 390 1863 735 514
10819 4 2 0 1 2776 3148 2790 3149
10820 4 2 0 1 2024 1905 1798 1701
10821 4 2 0 1 2031 1688 2791 1942
10822 4 2 0 1 1975 1698 1982 1477
10823 4 2 0 1 2805 2435 2429 1651
10824 4 2 0 1 2647 1887 2508 2650
10825 4 2 0 1 2510 3117 2372 2373
10826 4 2 0 1 2655 3176 2507 2649
10827 4 2 0 1 2182 1532 2308 2206
10828 4 2 0 1 1960 679 567 1710
10829 4 2 0 1 2040 2039 2158 1283
10830 4 2 0 1 170 1785 1777 172
10831 4 2 0 1 170 1777 1803 688
10832 4 2 0 1 3133 2401 2490 2457
10833 4 2 0 1 1482 384 262 383
10834 4 2 0 1 2505 2458 1930 2397
10835 4 2 0 1 1884 1909 2457 2490
10836 4 2 0 1 2458 2579 1884 2490
10837 4 2 0 1 15 1841 1742 1996
10838 4 2 0 1 1304 2280 2038 2271
10839 4 2 0 1 1822 2204 2280 1166
10840 4 2 0 1 2383 3172 2386 2380
10841 4 2 0 1 529 1721 748 1707
10842 4 2 0 1 1038 2284 1306 1001
10843 4 2 0 1 697 17 18 1996
10844 4 2 0 1 1897 1898 1537 2861
10845 4 2 0 1 2818 2385 1653 2819
10846 4 2 0 1 23 24 468 1936
10847 4 2 0 1 24 1729 468 1936
10848 4 2 0 1 2452 1486 2455 1495
10849 4 2 0 1 809 2033 64 1341
10850 4 2 0 1 3081 2829 2310 3014
10851 4 2 0 1 697 18 1855 1996
10852 4 2 0 1 39 2707 1331 40
10853 4 2 0 1 2242 2194 2934 2222
10854 4 2 0 1 2242 2072 2124 1295
10855 4 2 0 1 2660 997 1322 1085
10856 4 2 0 1 1760 1636 1714 700
10857 4 2 0 1 1855 405 721 465
10858 4 2 0 1 2552 1980 1761 1760
10859 4 2 0 1 2874 2549 1971 1856
10860 4 2 0 1 2371 2366 1469 2512
10861 4 2 0 1 1523 3127 2491 2392
10862 4 2 0 1 3119 2577 3121 1557
10863 4 2 0 1 2496 1566 1705 2499
10864 4 2 0 1 697 465 1996 1855
10865 4 2 0 1 3042 3055 2177 2151
10866 4 2 0 1 893 905 2297 906
10867 4 2 0 1 909 1306 1231 2065
10868 4 2 0 1 3140 3094 3138 1687
10869 4 2 0 1 2533 2493 3125 2542
10870 4 2 0 1 1872 2034 2342 1652
10871 4 2 0 1 1778 498 1479 2043
10872 4 2 0 1 2339 2419 2432 2421
10873 4 2 0 1 1617 2697 2413 2898
10874 4 2 0 1 2741 502 366 501
10875 4 2 0 1 5 1420 2019 1309
10876 4 2 0 1 1842 2040 2200 2138
10877 4 2 0 1 1842 2182 2138 2200
10878 4 2 0 1 1543 2594 2284 2249
10879 4 2 0 1 284 1846 286 285
10880 4 2 0 1 2604 1801 1899 1979
10881 4 2 0 1 1947 2384 1948 2599
10882 4 2 0 1 905 1285 902 2169
10883 4 2 0 1 2185 1308 1046 1386
10884 4 2 0 1 2040 1842 2200 1845
10885 4 2 0 1 3140 3094 1687 3092
10886 4 2 0 1 531 2538 2459 372
10887 4 2 0 1 687 1927 560 1930
10888 4 2 0 1 151 3223 653 1753
10889 4 2 0 1 3111 2525 2363 2428
10890 4 2 0 1 1927 461 68 37
10891 4 2 0 1 37 36 978 1728
10892 4 2 0 1 2884 2885 2506 1929
10893 4 2 0 1 2810 2883 1497 2570
10894 4 2 0 1 3007 1169 3006 880
10895 4 2 0 1 3007 2984 3006 2600
10896 4 2 0 1 2123 2108 2982 2125
10897 4 2 0 1 1801 597 1979 1803
10898 4 2 0 1 2375 2369 2374 2366
10899 4 2 0 1 1991 1988 2009 1989
10900 4 2 0 1 157 1923 2906 1974
10901 4 2 0 1 2647 2648 2645 1861
10902 4 2 0 1 2903 2374 2369 2521
10903 4 2 0 1 3132 1502 1505 2887
10904 4 2 0 1 2672 3139 2403 2522
10905 4 2 0 1 2130 2977 2094 2932
10906 4 2 0 1 2054 2052 2910 3025
10907 4 2 0 1 2931 2052 3191 3201
10908 4 2 0 1 2218 2922 3064 2049
10909 4 2 0 1 659 2378 356 3124
10910 4 2 0 1 1917 1916 2732 1697
10911 4 2 0 1 1550 2634 3091 2624
10912 4 2 0 1 2378 2434 2788 3123
10913 4 2 0 1 1672 1916 1697 2732
10914 4 2 0 1 1963 1475 2633 1591
10915 4 2 0 1 1671 1672 1697 2732
10916 4 2 0 1 3044 2154 1660 2995
10917 4 2 0 1 1783 1695 1697 1696
10918 4 2 0 1 2858 2043 498 1778
10919 4 2 0 1 2829 2914 3057 2915
10920 4 2 0 1 2130 2978 2922 2199
10921 4 2 0 1 1671 1675 1726 1727
10922 4 2 0 1 1783 1695 1696 2031
10923 4 2 0 1 1672 1916 1833 1697
10924 4 2 0 1 151 3223 150 378
10925 4 2 0 1 2070 2824 3049 2476
10926 4 2 0 1 870 876 2130 2152
10927 4 2 0 1 1671 1672 1833 1697
10928 4 2 0 1 3223 149 151 150
10929 4 2 0 1 1163 2281 1359 1162
10930 4 2 0 1 3218 636 1746 637
10931 4 2 0 1 2091 1125 3070 2248
10932 4 2 0 1 2925 2093 2170 2933
10933 4 2 0 1 2834 2934 2937 2935
10934 4 2 0 1 2858 2043 1778 2044
10935 4 2 0 1 2723 2722 1674 2726
10936 4 2 0 1 1479 1480 1778 1725
10937 4 2 0 1 2474 2823 3009 2070
10938 4 2 0 1 2043 1479 1778 1725
10939 4 2 0 1 1699 569 570 1847
10940 4 2 0 1 2275 2278 2822 2300
10941 4 2 0 1 916 914 979 2300
10942 4 2 0 1 1203 2093 1165 1144
10943 4 2 0 1 1161 1311 2094 876
10944 4 2 0 1 639 3218 637 636
10945 4 2 0 1 2953 3203 2058 2721
10946 4 2 0 1 3051 2174 3169 3050
10947 4 2 0 1 1950 2851 2853 2468
10948 4 2 0 1 1842 1968 2040 2138
10949 4 2 0 1 3051 3050 3169 3208
10950 4 2 0 1 529 2452 633 413
10951 4 2 0 1 1710 587 1742 12
10952 4 2 0 1 2097 2134 2231 1239
10953 4 2 0 1 1060 2100 1176 2062
10954 4 2 0 1 848 844 2269 2270
10955 4 2 0 1 929 930 2277 931
10956 4 2 0 1 2221 1026 2214 1024
10957 4 2 0 1 1129 1120 2138 1297
10958 4 2 0 1 1234 1311 2153 2094
10959 4 2 0 1 2253 2254 2255 2045
10960 4 2 0 1 2164 2322 2165 2045
10961 4 2 0 1 1842 2040 1968 1542
10962 4 2 0 1 2253 1115 2256 2255
10963 4 2 0 1 2242 2660 2980 2935
10964 4 2 0 1 2901 622 1977 298
10965 4 2 0 1 1749 2930 3001 2925
10966 4 2 0 1 3211 947 1013 971
10967 4 2 0 1 3211 947 971 2225
10968 4 2 0 1 1225 1359 1163 2176
10969 4 2 0 1 1997 1798 1706 2798
10970 4 2 0 1 2222 1207 2242 2194
10971 4 2 0 1 2072 2242 2124 2980
10972 4 2 0 1 2972 2473 2472 2974
10973 4 2 0 1 798 1976 1998 1977
10974 4 2 0 1 2051 2925 2928 3192
10975 4 2 0 1 2923 2930 3192 2925
10976 4 2 0 1 2838 3085 2836 2328
10977 4 2 0 1 2112 1015 2936 1237
10978 4 2 0 1 1628 366 488 328
10979 4 2 0 1 2961 2950 2945 2956
10980 4 2 0 1 2228 1624 2231 1544
10981 4 2 0 1 2202 2166 2167 1055
10982 4 2 0 1 1962 1798 1706 1997
10983 4 2 0 1 1904 1997 1706 2798
10984 4 2 0 1 2730 2225 2046 2128
10985 4 2 0 1 756 1605 1756 1757
10986 4 2 0 1 2572 2713 3061 3067
10987 4 2 0 1 1904 1962 1706 1997
10988 4 2 0 1 3087 2103 2320 2075
10989 4 2 0 1 503 1944 10 679
10990 4 2 0 1 3218 639 1832 636
10991 4 2 0 1 1887 1554 2732 1924
10992 4 2 0 1 2917 1782 2333 3088
10993 4 2 0 1 2331 3088 1782 1638
10994 4 2 0 1 1832 636 1746 3218
10995 4 2 0 1 1605 1756 1758 1580
10996 4 2 0 1 2738 2902 3101 2740
10997 4 2 0 1 2665 2522 3100 2672
10998 4 2 0 1 2293 3078 1642 3079
10999 4 2 0 1 2260 2738 2262 2587
11000 4 2 0 1 1791 1903 2861 1897
11001 4 2 0 1 813 2599 1216 1314
11002 4 2 0 1 2594 2233 1543 2206
11003 4 2 0 1 2757 2637 2756 3054
11004 4 2 0 1 1710 1802 1960 1838
11005 4 2 0 1 1616 3102 2606 1467
11006 4 2 0 1 2282 1549 2241 2629
11007 4 2 0 1 3215 1177 1150 1134
11008 4 2 0 1 3138 2628 3116 2372
11009 4 2 0 1 3078 2291 1666 2628
11010 4 2 0 1 2215 1060 1061 2062
11011 4 2 0 1 2286 1323 1136 2251
11012 4 2 0 1 1323 2251 2250 1018
11013 4 2 0 1 1716 411 655 1717
11014 4 2 0 1 1716 655 411 497
11015 4 2 0 1 410 411 1764 1717
11016 4 2 0 1 1702 410 1717 400
11017 4 2 0 1 3030 875 1240 879
11018 4 2 0 1 2445 1493 1864 1999
11019 4 2 0 1 3209 1735 2470 2852
11020 4 2 0 1 2203 2151 2169 1285
11021 4 2 0 1 1953 2957 2989 2853
11022 4 2 0 1 1950 3151 3152 3174
11023 4 2 0 1 3008 2957 2963 2854
11024 4 2 0 1 2470 1773 2296 2330
11025 4 2 0 1 1785 1786 1979 1883
11026 4 2 0 1 3072 2614 3173 2615
11027 4 2 0 1 410 400 411 1717
11028 4 2 0 1 1213 2304 2324 2325
11029 4 2 0 1 2226 1148 2301 2066
11030 4 2 0 1 1752 2304 2016 2015
11031 4 2 0 1 522 1703 1718 797
11032 4 2 0 1 3211 2225 971 2226
11033 4 2 0 1 46 675 1752 1754
11034 4 2 0 1 1752 2839 2646 2654
11035 4 2 0 1 2127 922 2985 2128
11036 4 2 0 1 2217 2993 2187 2189
11037 4 2 0 1 1782 2917 2919 3088
11038 4 2 0 1 2091 2090 2088 2247
11039 4 2 0 1 2880 2510 2373 2653
11040 4 2 0 1 2582 2790 3149 1634
11041 4 2 0 1 316 1795 176 1866
11042 4 2 0 1 2435 1490 2444 2436
11043 4 2 0 1 2443 2435 1490 2423
11044 4 2 0 1 1912 1490 1863 1804
11045 4 2 0 1 3091 2794 2916 2636
11046 4 2 0 1 3215 1134 1133 2175
11047 4 2 0 1 1795 316 1938 1866
11048 4 2 0 1 2829 3033 2128 2047
11049 4 2 0 1 1567 1523 2497 1573
11050 4 2 0 1 1595 3098 3166 3093
11051 4 2 0 1 1473 1691 2401 1737
11052 4 2 0 1 1473 2401 2813 1737
11053 4 2 0 1 2398 2485 1473 1737
11054 4 2 0 1 2398 1473 2813 1737
11055 4 2 0 1 2518 2375 1507 1509
11056 4 2 0 1 2403 2522 3104 2672
11057 4 2 0 1 2373 3170 2512 1508
11058 4 2 0 1 2398 2485 2555 3128
11059 4 2 0 1 2561 2405 2563 1520
11060 4 2 0 1 2523 1687 3166 3093
11061 4 2 0 1 798 694 1977 548
11062 4 2 0 1 2371 2366 2512 1687
11063 4 2 0 1 1597 1504 2542 2392
11064 4 2 0 1 2361 2451 2548 3109
11065 4 2 0 1 1858 234 235 231
11066 4 2 0 1 1517 2391 3162 2542
11067 4 2 0 1 1527 2439 2873 2797
11068 4 2 0 1 1714 2545 1636 1760
11069 4 2 0 1 1827 2011 2010 2009
11070 4 2 0 1 1036 1400 3030 2186
11071 4 2 0 1 642 115 110 1967
11072 4 2 0 1 2757 2637 3213 2756
11073 4 2 0 1 1518 1519 2487 2879
11074 4 2 0 1 1992 1727 1726 1675
11075 4 2 0 1 377 2878 1884 687
11076 4 2 0 1 1518 1519 2488 2487
11077 4 2 0 1 2809 2651 2808 2880
11078 4 2 0 1 2644 1553 2732 2808
11079 4 2 0 1 2744 1640 3090 2634
11080 4 2 0 1 2784 2715 2726 1888
11081 4 2 0 1 2241 1048 1059 2098
11082 4 2 0 1 2769 2749 1637 3198
11083 4 2 0 1 2749 3086 3179 2728
11084 4 2 0 1 1595 3095 2583 1651
11085 4 2 0 1 2535 2021 2539 3113
11086 4 2 0 1 1516 3146 2363 2539
11087 4 2 0 1 2493 2533 3125 1516
11088 4 2 0 1 2529 1512 3112 2877
11089 4 2 0 1 2877 3112 2532 2531
11090 4 2 0 1 1933 2500 2505 2885
11091 4 2 0 1 2681 1598 624 1957
11092 4 2 0 1 518 1961 698 1722
11093 4 2 0 1 2757 2759 1649 3054
11094 4 2 0 1 2912 2050 3057 2990
11095 4 2 0 1 2621 2622 3174 2468
11096 4 2 0 1 2853 1953 2855 1544
11097 4 2 0 1 3010 3002 3049 2947
11098 4 2 0 1 2774 3209 1774 3203
11099 4 2 0 1 2681 624 1715 1957
11100 4 2 0 1 2515 3165 3141 1755
11101 4 2 0 1 2841 2477 1500 1665
11102 4 2 0 1 3184 2754 1664 3039
11103 4 2 0 1 2238 2336 2710 1032
11104 4 2 0 1 2883 2571 2569 2252
11105 4 2 0 1 3164 3120 2575 3141
11106 4 2 0 1 2516 3118 2373 2719
11107 4 2 0 1 1521 1522 2576 2658
11108 4 2 0 1 2931 2082 3023 2927
11109 4 2 0 1 3145 2975 2840 1736
11110 4 2 0 1 2809 2880 2808 1553
11111 4 2 0 1 1659 2291 3116 3066
11112 4 2 0 1 2543 343 2536 1525
11113 4 2 0 1 643 532 2459 372
11114 4 2 0 1 3125 1526 1516 2482
11115 4 2 0 1 1858 335 2807 1723
11116 4 2 0 1 1786 3188 1559 2382
11117 4 2 0 1 2912 2082 2991 3024
11118 4 2 0 1 2158 1034 2892 2200
11119 4 2 0 1 1915 1852 1539 1800
11120 4 2 0 1 2651 2880 2653 2808
11121 4 2 0 1 943 2151 944 2177
11122 4 2 0 1 3043 2619 2612 2597
11123 4 2 0 1 1585 3130 2410 3134
11124 4 2 0 1 1502 3136 2564 3134
11125 4 2 0 1 2304 2325 2015 2329
11126 4 2 0 1 2562 2399 2410 3134
11127 4 2 0 1 2580 2538 2459 1525
11128 4 2 0 1 3132 2574 1505 1507
11129 4 2 0 1 3136 2712 3137 3144
11130 4 2 0 1 3120 2376 3122 3121
11131 4 2 0 1 1716 1486 2416 2446
11132 4 2 0 1 3177 2716 1811 2997
11133 4 2 0 1 1598 1956 1957 1958
11134 4 2 0 1 1476 1743 2412 1963
11135 4 2 0 1 2632 2770 2241 3066
11136 4 2 0 1 2577 3165 2515 3155
11137 4 2 0 1 3118 2514 2404 1674
11138 4 2 0 1 1486 2416 2456 1716
11139 4 2 0 1 1598 1956 144 1957
11140 4 2 0 1 2542 2491 2392 1504
11141 4 2 0 1 2394 2480 2485 3129
11142 4 2 0 1 2580 2484 2395 1513
11143 4 2 0 1 1598 144 624 1957
11144 4 2 0 1 2363 2539 3113 2482
11145 4 2 0 1 2917 2918 2026 2631
11146 4 2 0 1 3008 2854 1774 3152
11147 4 2 0 1 2168 2304 2820 2329
11148 4 2 0 1 2975 2967 1774 3203
11149 4 2 0 1 2212 2722 2059 2782
11150 4 2 0 1 2488 2487 1910 1518
11151 4 2 0 1 2774 3209 3008 1774
11152 4 2 0 1 3008 3209 3152 1774
11153 4 2 0 1 1416 1028 2301 1154
11154 4 2 0 1 2304 1212 1752 2016
11155 4 2 0 1 1764 411 1716 1717
11156 4 2 0 1 3085 2656 2329 3182
11157 4 2 0 1 2435 2805 2339 2423
11158 4 2 0 1 1861 1820 1886 588
11159 4 2 0 1 160 2447 111 748
11160 4 2 0 1 1727 1889 1554 1656
11161 4 2 0 1 1727 1889 1656 426
11162 4 2 0 1 2388 1720 1705 2859
11163 4 2 0 1 1765 2554 2558 74
11164 4 2 0 1 549 1690 1730 795
11165 4 2 0 1 1720 2388 1705 1566
11166 4 2 0 1 549 1690 795 536
11167 4 2 0 1 549 1690 536 1738
11168 4 2 0 1 579 432 1864 689
11169 4 2 0 1 1765 1738 770 2558
11170 4 2 0 1 2558 1690 536 1692
11171 4 2 0 1 122 477 2448 3189
11172 4 2 0 1 74 2554 2558 2557
11173 4 2 0 1 1636 2400 2557 2558
11174 4 2 0 1 2264 826 1264 824
11175 4 2 0 1 2274 832 834 833
11176 4 2 0 1 2313 832 833 831
11177 4 2 0 1 2216 2273 3007 2316
11178 4 2 0 1 1321 920 1177 2175
11179 4 2 0 1 1587 2383 1653 2818
11180 4 2 0 1 707 662 273 1966
11181 4 2 0 1 1156 941 1419 2075
11182 4 2 0 1 3054 2637 2756 1632
11183 4 2 0 1 333 1792 604 605
11184 4 2 0 1 1914 1792 1718 1793
11185 4 2 0 1 1703 797 1757 1718
11186 4 2 0 1 1703 1719 522 1718
11187 4 2 0 1 839 1742 1293 1361
11188 4 2 0 1 2703 2679 1756 1758
11189 4 2 0 1 1472 1564 1788 1787
11190 4 2 0 1 1388 1895 2306 1893
11191 4 2 0 1 1647 1893 2306 1766
11192 4 2 0 1 1388 1895 1893 801
11193 4 2 0 1 1647 1893 1766 1768
11194 4 2 0 1 1223 3226 841 2273
11195 4 2 0 1 1388 1895 801 1179
11196 4 2 0 1 1931 1932 2889 1934
11197 4 2 0 1 2505 2458 2459 1930
11198 4 2 0 1 1190 2315 1422 1369
11199 4 2 0 1 2305 1037 819 1428
11200 4 2 0 1 692 50 1988 2010
11201 4 2 0 1 1675 1988 52 1993
11202 4 2 0 1 776 67 777 1675
11203 4 2 0 1 1647 1893 1768 28
11204 4 2 0 1 2646 675 459 1754
11205 4 2 0 1 47 381 1828 781
11206 4 2 0 1 2025 1339 1405 1450
11207 4 2 0 1 3087 1222 1349 1119
11208 4 2 0 1 1454 1170 1294 2125
11209 4 2 0 1 270 272 1676 273
11210 4 2 0 1 1647 1893 28 2306
11211 4 2 0 1 65 1780 246 2033
11212 4 2 0 1 1810 269 85 270
11213 4 2 0 1 2361 1530 2548 3162
11214 4 2 0 1 1852 1802 1960 1800
11215 4 2 0 1 1839 1844 1840 1838
11216 4 2 0 1 2496 2492 3129 2550
11217 4 2 0 1 1710 1742 1838 1711
11218 4 2 0 1 562 317 581 1645
11219 4 2 0 1 1741 1453 2159 2144
11220 4 2 0 1 2664 2354 1567 1876
11221 4 2 0 1 167 656 165 1800
11222 4 2 0 1 1779 582 1478 1645
11223 4 2 0 1 1335 2033 2785 1677
11224 4 2 0 1 3138 3139 1687 2512
11225 4 2 0 1 1810 3 1677 85
11226 4 2 0 1 2035 533 2538 2536
11227 4 2 0 1 1515 2021 2035 2024
11228 4 2 0 1 2447 1706 2882 2780
11229 4 2 0 1 310 562 581 1645
11230 4 2 0 1 771 520 1805 1789
11231 4 2 0 1 1890 304 1977 351
11232 4 2 0 1 771 772 520 1789
11233 4 2 0 1 772 1806 771 451
11234 4 2 0 1 543 3217 541 542
11235 4 2 0 1 418 3217 1799 695
11236 4 2 0 1 3195 1632 2756 2746
11237 4 2 0 1 543 3217 542 768
11238 4 2 0 1 543 3217 768 1799
11239 4 2 0 1 1770 243 1806 1794
11240 4 2 0 1 244 243 434 1794
11241 4 2 0 1 243 1770 434 1794
11242 4 2 0 1 126 740 3189 1881
11243 4 2 0 1 1631 1922 2455 2426
11244 4 2 0 1 266 122 3189 477
11245 4 2 0 1 379 529 748 1707
11246 4 2 0 1 3126 1573 2530 2497
11247 4 2 0 1 2807 1865 793 2014
11248 4 2 0 1 242 1936 1729 1808
11249 4 2 0 1 2761 1922 1901 2426
11250 4 2 0 1 486 2425 127 1682
11251 4 2 0 1 661 1753 657 156
11252 4 2 0 1 2433 702 389 360
11253 4 2 0 1 1825 768 1799 1655
11254 4 2 0 1 1714 205 207 363
11255 4 2 0 1 218 217 219 1829
11256 4 2 0 1 611 1683 1825 1837
11257 4 2 0 1 200 553 1995 203
11258 4 2 0 1 22 1936 1808 2037
11259 4 2 0 1 584 1831 267 648
11260 4 2 0 1 417 1837 1799 415
11261 4 2 0 1 139 799 1808 22
11262 4 2 0 1 1807 1936 2037 1808
11263 4 2 0 1 2037 22 1809 1808
11264 4 2 0 1 1707 719 1798 379
11265 4 2 0 1 281 282 1873 307
11266 4 2 0 1 319 3225 194 3214
11267 4 2 0 1 1388 2306 1414 1019
11268 4 2 0 1 2184 2086 1082 1083
11269 4 2 0 1 639 3223 1832 458
11270 4 2 0 1 1893 1388 27 28
11271 4 2 0 1 379 1798 1707 1706
11272 4 2 0 1 2553 2638 2559 1768
11273 4 2 0 1 661 1753 653 493
11274 4 2 0 1 904 1304 2280 2038
11275 4 2 0 1 1812 785 1856 2864
11276 4 2 0 1 2876 1858 2014 2875
11277 4 2 0 1 456 1655 640 768
11278 4 2 0 1 1922 2447 1707 1706
11279 4 2 0 1 2865 1812 1856 2549
11280 4 2 0 1 226 1824 228 230
11281 4 2 0 1 2844 1601 1837 1829
11282 4 2 0 1 628 225 1602 537
11283 4 2 0 1 1557 2714 3181 3121
11284 4 2 0 1 1754 1826 1556 2839
11285 4 2 0 1 226 628 1824 230
11286 4 2 0 1 3195 3054 2756 1632
11287 4 2 0 1 1817 1578 2498 2550
11288 4 2 0 1 1957 2006 1739 1817
11289 4 2 0 1 1980 205 207 1714
11290 4 2 0 1 2792 1553 2732 1916
11291 4 2 0 1 2857 2379 2787 3123
11292 4 2 0 1 1480 754 1778 492
11293 4 2 0 1 498 265 1985 491
11294 4 2 0 1 271 270 272 1645
11295 4 2 0 1 763 608 264 3216
11296 4 2 0 1 1477 1939 1779 1478
11297 4 2 0 1 247 265 1985 249
11298 4 2 0 1 812 49 2010 1045
11299 4 2 0 1 1869 1778 1725 1470
11300 4 2 0 1 260 1724 257 259
11301 4 2 0 1 1963 499 1546 546
11302 4 2 0 1 1727 1924 1886 1921
11303 4 2 0 1 1610 1827 2010 2009
11304 4 2 0 1 1645 1810 2413 1677
11305 4 2 0 1 582 1645 317 562
11306 4 2 0 1 2001 1887 1556 1921
11307 4 2 0 1 581 310 1645 1677
11308 4 2 0 1 1685 1668 1688 1686
11309 4 2 0 1 49 48 812 2010
11310 4 2 0 1 809 2033 1677 64
11311 4 2 0 1 2168 1272 1100 1022
11312 4 2 0 1 312 1919 291 775
11313 4 2 0 1 1918 312 291 311
11314 4 2 0 1 295 2417 2901 1999
11315 4 2 0 1 1556 1828 1921 2010
11316 4 2 0 1 2064 2720 2475 2725
11317 4 2 0 1 1799 1601 1655 543
11318 4 2 0 1 3148 1916 3114 2792
11319 4 2 0 1 2844 1601 1829 1814
11320 4 2 0 1 1935 1981 1683 1837
11321 4 2 0 1 2776 1916 3148 2792
11322 4 2 0 1 1709 807 1181 1160
11323 4 2 0 1 1981 1935 2843 1837
11324 4 2 0 1 2070 2472 2479 2474
11325 4 2 0 1 334 323 1832 324
11326 4 2 0 1 1179 1388 2306 1414
11327 4 2 0 1 1551 1893 1766 2847
11328 4 2 0 1 1893 1388 28 2306
11329 4 2 0 1 1815 233 239 327
11330 4 2 0 1 2044 2379 2695 1470
11331 4 2 0 1 1587 2383 2870 1653
11332 4 2 0 1 2203 1279 1192 1285
11333 4 2 0 1 2451 1515 1997 2798
11334 4 2 0 1 628 225 226 1824
11335 4 2 0 1 543 654 1602 1601
11336 4 2 0 1 234 335 369 2014
11337 4 2 0 1 347 1890 346 305
11338 4 2 0 1 430 1625 693 1868
11339 4 2 0 1 1943 1681 302 659
11340 4 2 0 1 1816 2700 1848 1847
11341 4 2 0 1 445 672 1650 1652
11342 4 2 0 1 546 72 1546 449
11343 4 2 0 1 1781 496 2031 303
11344 4 2 0 1 1681 1678 658 627
11345 4 2 0 1 357 1853 358 2788
11346 4 2 0 1 258 498 731 1479
11347 4 2 0 1 1479 256 257 1724
11348 4 2 0 1 2043 2044 1698 1725
11349 4 2 0 1 1906 2699 1594 1848
11350 4 2 0 1 1816 2699 1848 2693
11351 4 2 0 1 570 1699 1847 1698
11352 4 2 0 1 104 1962 1798 1706
11353 4 2 0 1 576 215 701 1856
11354 4 2 0 1 1536 2384 1946 1539
11355 4 2 0 1 1689 1668 1686 2437
11356 4 2 0 1 1814 1856 215 576
11357 4 2 0 1 2865 1971 2549 1856
11358 4 2 0 1 1668 1689 1686 1685
11359 4 2 0 1 681 1727 1886 476
11360 4 2 0 1 4 2004 1978 1309
11361 4 2 0 1 1131 1751 2168 2243
11362 4 2 0 1 1861 1820 2645 1886
11363 4 2 0 1 3123 2340 2044 2379
11364 4 2 0 1 1813 2844 2865 1856
11365 4 2 0 1 1889 681 426 1727
11366 4 2 0 1 1668 506 505 1917
11367 4 2 0 1 2777 2438 2436 2368
11368 4 2 0 1 1889 401 403 426
11369 4 2 0 1 1889 1820 403 401
11370 4 2 0 1 2777 2438 2368 2779
11371 4 2 0 1 1814 576 2874 1856
11372 4 2 0 1 3197 3198 1659 1637
11373 4 2 0 1 2901 622 298 295
11374 4 2 0 1 1631 421 1902 2446
11375 4 2 0 1 295 2417 1999 296
11376 4 2 0 1 1920 2789 2857 2787
11377 4 2 0 1 2901 622 295 1998
11378 4 2 0 1 421 1631 472 649
11379 4 2 0 1 1971 2844 2874 1856
11380 4 2 0 1 2844 1971 2865 1856
11381 4 2 0 1 1814 2844 1856 2874
11382 4 2 0 1 2636 1659 3197 3076
11383 4 2 0 1 1706 748 379 631
11384 4 2 0 1 431 123 2445 1901
11385 4 2 0 1 189 1770 674 191
11386 4 2 0 1 1994 1763 1746 482
11387 4 2 0 1 1770 705 434 710
11388 4 2 0 1 705 1770 508 710
11389 4 2 0 1 1814 1813 1856 2844
11390 4 2 0 1 1820 2509 1886 1889
11391 4 2 0 1 622 294 295 1998
11392 4 2 0 1 2002 752 130 140
11393 4 2 0 1 2034 566 1926 1652
11394 4 2 0 1 334 1683 1753 1832
11395 4 2 0 1 334 1683 1832 323
11396 4 2 0 1 661 1753 156 653
11397 4 2 0 1 334 1683 323 439
11398 4 2 0 1 147 149 545 1753
11399 4 2 0 1 147 1683 1832 1753
11400 4 2 0 1 1852 1802 1840 1838
11401 4 2 0 1 1852 1844 1838 1840
11402 4 2 0 1 1841 1742 2308 1838
11403 4 2 0 1 1710 81 1838 1742
11404 4 2 0 1 723 382 681 1886
11405 4 2 0 1 682 447 1967 467
11406 4 2 0 1 478 568 1977 548
11407 4 2 0 1 1882 786 306 1976
11408 4 2 0 1 312 1625 481 577
11409 4 2 0 1 82 1802 1838 164
11410 4 2 0 1 1610 2009 2010 1989
11411 4 2 0 1 2676 2559 2677 2678
11412 4 2 0 1 1714 236 1760 700
11413 4 2 0 1 2688 690 363 3168
11414 4 2 0 1 2554 3167 3168 2559
11415 4 2 0 1 1854 500 1923 1702
11416 4 2 0 1 596 409 1702 500
11417 4 2 0 1 1701 1923 500 1702
11418 4 2 0 1 596 1701 500 1702
11419 4 2 0 1 1913 1914 1559 1876
11420 4 2 0 1 257 256 259 1724
11421 4 2 0 1 2742 488 1644 1628
11422 4 2 0 1 588 1861 723 1886
11423 4 2 0 1 1735 1734 3185 2814
11424 4 2 0 1 3159 3183 3184 1664
11425 4 2 0 1 1542 1937 1968 2017
11426 4 2 0 1 1770 184 187 185
11427 4 2 0 1 1518 374 1910 375
11428 4 2 0 1 332 333 522 1914
11429 4 2 0 1 2677 2686 1580 2685
11430 4 2 0 1 2679 1658 1756 1758
11431 4 2 0 1 1690 2400 2489 1910
11432 4 2 0 1 1913 1720 1876 1577
11433 4 2 0 1 1588 2020 2691 95
11434 4 2 0 1 2691 1588 1514 2035
11435 4 2 0 1 91 89 2889 372
11436 4 2 0 1 91 1588 362 372
11437 4 2 0 1 2578 2878 2459 2458
11438 4 2 0 1 2356 1875 1472 2354
11439 4 2 0 1 2356 1875 2354 1891
11440 4 2 0 1 2287 2629 2630 1549
11441 4 2 0 1 2356 1875 1891 1663
11442 4 2 0 1 2751 3042 3054 2752
11443 4 2 0 1 179 592 330 1875
11444 4 2 0 1 1922 2426 1902 1901
11445 4 2 0 1 776 435 767 1675
11446 4 2 0 1 1922 1721 1902 1631
11447 4 2 0 1 2437 2776 2438 1635
11448 4 2 0 1 2304 1212 1347 811
11449 4 2 0 1 2448 121 2881 1901
11450 4 2 0 1 125 1682 127 2881
11451 4 2 0 1 1481 720 759 1724
11452 4 2 0 1 1628 1629 1899 1654
11453 4 2 0 1 1882 287 1846 1918
11454 4 2 0 1 2400 2487 2489 1910
11455 4 2 0 1 1719 623 522 703
11456 4 2 0 1 678 444 2662 1892
11457 4 2 0 1 2220 2219 1209 1210
11458 4 2 0 1 2627 1640 3092 2666
11459 4 2 0 1 1870 1872 2418 3089
11460 4 2 0 1 1466 3098 2349 2532
11461 4 2 0 1 1871 2000 3089 1652
11462 4 2 0 1 1636 2487 2400 1910
11463 4 2 0 1 1625 419 481 577
11464 4 2 0 1 1636 2487 1910 2488
11465 4 2 0 1 1692 1636 2400 1910
11466 4 2 0 1 1885 2489 1518 1910
11467 4 2 0 1 1919 481 694 775
11468 4 2 0 1 481 1919 312 775
11469 4 2 0 1 2004 2005 1978 1309
11470 4 2 0 1 1555 331 407 515
11471 4 2 0 1 2376 2708 2576 2709
11472 4 2 0 1 2042 2511 1747 43
11473 4 2 0 1 4 815 1309 1978
11474 4 2 0 1 1991 1993 1989 2321
11475 4 2 0 1 1020 2296 2220 1278
11476 4 2 0 1 3040 1278 3041 2772
11477 4 2 0 1 1409 1159 1119 2103
11478 4 2 0 1 2768 1539 2607 2383
11479 4 2 0 1 2385 1843 2383 1538
11480 4 2 0 1 1539 2380 2607 2383
11481 4 2 0 1 2885 1934 1929 1930
11482 4 2 0 1 1927 1934 644 1930
11483 4 2 0 1 2580 2503 2505 2459
11484 4 2 0 1 1742 1841 2308 2159
11485 4 2 0 1 3133 1503 2397 2490
11486 4 2 0 1 1779 582 1645 317
11487 4 2 0 1 1966 662 273 275
11488 4 2 0 1 366 1801 501 313
11489 4 2 0 1 3184 2772 1202 2775
11490 4 2 0 1 3091 3148 2790 2791
11491 4 2 0 1 1628 1908 1801 586
11492 4 2 0 1 1869 287 1846 621
11493 4 2 0 1 1724 1481 1725 759
11494 4 2 0 1 1965 2700 278 1699
11495 4 2 0 1 1628 1908 586 1654
11496 4 2 0 1 1732 1730 33 1738
11497 4 2 0 1 236 1760 700 632
11498 4 2 0 1 1813 764 680 473
11499 4 2 0 1 2832 3032 2048 2985
11500 4 2 0 1 1714 236 700 429
11501 4 2 0 1 2674 2352 2663 1562
11502 4 2 0 1 1588 3163 2538 372
11503 4 2 0 1 2884 2885 1929 1930
11504 4 2 0 1 2810 2793 1497 1928
11505 4 2 0 1 2690 1604 1584 3213
11506 4 2 0 1 1594 2871 2342 2899
11507 4 2 0 1 1814 213 1601 216
11508 4 2 0 1 1594 1906 2871 2899
11509 4 2 0 1 217 576 231 2874
11510 4 2 0 1 1814 576 217 2874
11511 4 2 0 1 213 214 216 1814
11512 4 2 0 1 628 1824 240 1602
11513 4 2 0 1 1466 2666 2349 3098
11514 4 2 0 1 2384 2597 1948 2599
11515 4 2 0 1 2597 2384 1948 2589
11516 4 2 0 1 1786 1908 2382 1891
11517 4 2 0 1 261 668 778 3227
11518 4 2 0 1 311 621 1481 404
11519 4 2 0 1 1629 2353 1899 1654
11520 4 2 0 1 2671 1568 1959 1874
11521 4 2 0 1 2669 2696 2350 2734
11522 4 2 0 1 1823 1940 2696 2734
11523 4 2 0 1 1700 1776 2706 1775
11524 4 2 0 1 2912 3059 2991 2990
11525 4 2 0 1 2654 2656 2839 3181
11526 4 2 0 1 2015 2304 2329 1747
11527 4 2 0 1 1973 1819 714 2866
11528 4 2 0 1 2685 2640 2687 2677
11529 4 2 0 1 1887 2001 1556 2646
11530 4 2 0 1 1969 1700 2687 3168
11531 4 2 0 1 2705 2685 1969 1580
11532 4 2 0 1 1776 2705 1969 1580
11533 4 2 0 1 2878 377 559 560
11534 4 2 0 1 1944 2384 1946 1947
11535 4 2 0 1 3032 2048 3057 3191
11536 4 2 0 1 2884 2885 2397 2504
11537 4 2 0 1 1931 39 736 528
11538 4 2 0 1 2334 2713 1728 2569
11539 4 2 0 1 2810 2883 2570 2402
11540 4 2 0 1 1962 1961 698 578
11541 4 2 0 1 1961 161 2035 626
11542 4 2 0 1 762 523 494 1969
11543 4 2 0 1 1590 2584 2807 1529
11544 4 2 0 1 136 1962 698 578
11545 4 2 0 1 2537 1961 1997 2539
11546 4 2 0 1 1604 2637 1584 3213
11547 4 2 0 1 2295 2863 2005 1978
11548 4 2 0 1 3214 645 790 319
11549 4 2 0 1 2785 2295 1978 2863
11550 4 2 0 1 2863 2785 2898 2413
11551 4 2 0 1 2294 2863 2898 3079
11552 4 2 0 1 1978 788 1810 2004
11553 4 2 0 1 815 3 1978 4
11554 4 2 0 1 1975 1698 1477 1479
11555 4 2 0 1 1743 499 744 544
11556 4 2 0 1 812 48 1827 2010
11557 4 2 0 1 1943 1681 659 3124
11558 4 2 0 1 551 552 1644 488
11559 4 2 0 1 722 3216 573 609
11560 4 2 0 1 2244 1271 1350 2331
11561 4 2 0 1 2809 2651 2880 1556
11562 4 2 0 1 452 1493 1998 1864
11563 4 2 0 1 2626 1617 2669 2898
11564 4 2 0 1 2004 511 2733 2019
11565 4 2 0 1 423 452 1998 548
11566 4 2 0 1 452 423 1998 1493
11567 4 2 0 1 1998 2901 1977 1483
11568 4 2 0 1 488 552 1644 1628
11569 4 2 0 1 452 798 1998 548
11570 4 2 0 1 2570 2811 3133 2457
11571 4 2 0 1 1504 2492 2542 2491
11572 4 2 0 1 377 530 1884 373
11573 4 2 0 1 1927 1934 1930 1929
11574 4 2 0 1 373 345 374 1885
11575 4 2 0 1 2547 2546 2865 1519
11576 4 2 0 1 785 764 680 1813
11577 4 2 0 1 798 452 1998 1864
11578 4 2 0 1 1760 1812 1813 2865
11579 4 2 0 1 2422 1943 1890 1487
11580 4 2 0 1 2901 622 1998 1977
11581 4 2 0 1 2912 3059 2990 3057
11582 4 2 0 1 304 1850 298 301
11583 4 2 0 1 1850 305 1943 301
11584 4 2 0 1 1882 1871 286 308
11585 4 2 0 1 290 1882 286 308
11586 4 2 0 1 2729 2011 1827 2009
11587 4 2 0 1 2188 3031 3057 2189
11588 4 2 0 1 1328 1014 2208 1298
11589 4 2 0 1 1710 1711 1960 1712
11590 4 2 0 1 2009 2729 3178 1610
11591 4 2 0 1 2487 2879 2489 1518
11592 4 2 0 1 2203 1279 1285 963
11593 4 2 0 1 1944 685 86 8
11594 4 2 0 1 822 1951 1033 1394
11595 4 2 0 1 2073 1945 2148 1033
11596 4 2 0 1 1951 2030 822 2113
11597 4 2 0 1 78 5 2019 2004
11598 4 2 0 1 1800 1946 1960 1539
11599 4 2 0 1 2307 2742 2018 2733
11600 4 2 0 1 742 662 2018 589
11601 4 2 0 1 1399 2161 2244 1054
11602 4 2 0 1 1269 1354 1065 2107
11603 4 2 0 1 1432 1399 2244 1054
11604 4 2 0 1 589 2742 1644 2018
11605 4 2 0 1 2089 1398 1425 1157
11606 4 2 0 1 2965 2968 2210 2060
11607 4 2 0 1 288 589 1644 2018
11608 4 2 0 1 1617 2603 1966 1965
11609 4 2 0 1 1628 552 1644 1835
11610 4 2 0 1 288 662 589 2018
11611 4 2 0 1 2121 896 3005 1175
11612 4 2 0 1 1641 1835 2734 1644
11613 4 2 0 1 2026 1546 2631 2289
11614 4 2 0 1 3197 3198 2630 1659
11615 4 2 0 1 3226 836 1290 838
11616 4 2 0 1 2114 1030 1109 1110
11617 4 2 0 1 1604 2819 3074 1653
11618 4 2 0 1 2302 1376 2256 1243
11619 4 2 0 1 2253 2302 2256 1243
11620 4 2 0 1 850 1433 1243 2253
11621 4 2 0 1 1376 2302 852 1243
11622 4 2 0 1 1941 2412 2916 2631
11623 4 2 0 1 2103 1159 1119 1118
11624 4 2 0 1 2919 3198 2631 1637
11625 4 2 0 1 866 2130 868 867
11626 4 2 0 1 1245 2322 901 2323
11627 4 2 0 1 2081 1218 1393 1052
11628 4 2 0 1 2013 3025 2829 2914
11629 4 2 0 1 242 1936 1808 799
11630 4 2 0 1 22 1936 2037 23
11631 4 2 0 1 2129 1421 2835 897
11632 4 2 0 1 2985 2835 2327 2227
11633 4 2 0 1 2837 1600 3193 2718
11634 4 2 0 1 3085 1751 2329 2325
11635 4 2 0 1 1421 2227 899 2327
11636 4 2 0 1 1867 1797 2037 1937
11637 4 2 0 1 1114 2750 1119 1118
11638 4 2 0 1 2834 3016 2660 2935
11639 4 2 0 1 2934 2194 2051 2222
11640 4 2 0 1 2053 3033 2209 2128
11641 4 2 0 1 1955 2077 2137 2989
11642 4 2 0 1 1135 1235 2108 1427
11643 4 2 0 1 2077 2095 2137 2989
11644 4 2 0 1 2818 1867 2037 1937
11645 4 2 0 1 1849 1807 2036 2037
11646 4 2 0 1 2151 2296 910 911
11647 4 2 0 1 2151 1192 910 1285
11648 4 2 0 1 2220 907 1463 2297
11649 4 2 0 1 551 1835 309 1641
11650 4 2 0 1 1797 1849 2037 1807
11651 4 2 0 1 2487 2489 1910 1518
11652 4 2 0 1 1460 1328 2208 1298
11653 4 2 0 1 928 930 1382 2277
11654 4 2 0 1 2083 2082 2281 2277
11655 4 2 0 1 2237 1456 1220 2127
11656 4 2 0 1 1400 2186 2127 3030
11657 4 2 0 1 844 2969 847 2269
11658 4 2 0 1 1355 2303 2164 853
11659 4 2 0 1 929 928 865 2277
11660 4 2 0 1 2237 998 2128 2309
11661 4 2 0 1 998 2237 2128 2127
11662 4 2 0 1 82 1710 567 66
11663 4 2 0 1 898 3030 1141 2985
11664 4 2 0 1 950 2309 951 952
11665 4 2 0 1 950 2309 952 2046
11666 4 2 0 1 2944 3068 2943 2953
11667 4 2 0 1 2229 2228 2231 1544
11668 4 2 0 1 2133 1291 2067 1353
11669 4 2 0 1 2254 2949 2946 2045
11670 4 2 0 1 951 952 2309 953
11671 4 2 0 1 3025 3081 2829 3191
11672 4 2 0 1 1115 2255 2211 3070
11673 4 2 0 1 2993 2078 2250 2079
11674 4 2 0 1 2605 2352 2667 1467
11675 4 2 0 1 2944 3068 2953 2962
11676 4 2 0 1 2944 3068 2962 2946
11677 4 2 0 1 2139 2993 2250 2189
11678 4 2 0 1 2255 2254 2946 2045
11679 4 2 0 1 2114 1255 2067 1088
11680 4 2 0 1 840 2274 842 841
11681 4 2 0 1 2114 1255 1088 1030
11682 4 2 0 1 2114 1255 1030 1110
11683 4 2 0 1 1291 962 2133 2067
11684 4 2 0 1 3046 1587 1653 3075
11685 4 2 0 1 3213 3074 1604 2637
11686 4 2 0 1 2139 1003 973 1250
11687 4 2 0 1 972 2993 2187 2176
11688 4 2 0 1 972 1017 2187 954
11689 4 2 0 1 1288 1014 1298 2208
11690 4 2 0 1 2286 2991 2251 2311
11691 4 2 0 1 1003 1004 2993 985
11692 4 2 0 1 2323 2322 901 2932
11693 4 2 0 1 1003 2139 1251 1250
11694 4 2 0 1 2993 973 985 984
11695 4 2 0 1 1004 1003 2993 2250
11696 4 2 0 1 3060 3191 2927 3057
11697 4 2 0 1 3040 2754 2772 3039
11698 4 2 0 1 510 511 2018 651
11699 4 2 0 1 2050 2217 2990 2082
11700 4 2 0 1 2912 2050 2990 2082
11701 4 2 0 1 3040 1006 3041 1278
11702 4 2 0 1 2641 2204 3056 2178
11703 4 2 0 1 1251 2190 2250 1253
11704 4 2 0 1 2915 2189 2190 3059
11705 4 2 0 1 2339 2423 1716 1804
11706 4 2 0 1 1381 2312 1108 1099
11707 4 2 0 1 3000 2994 2087 2118
11708 4 2 0 1 2087 2248 1366 1316
11709 4 2 0 1 2993 2217 2187 2176
11710 4 2 0 1 245 760 20 1938
11711 4 2 0 1 3138 2512 2371 2373
11712 4 2 0 1 1554 2509 1889 1886
11713 4 2 0 1 382 476 681 1886
11714 4 2 0 1 2911 2988 2119 937
11715 4 2 0 1 1010 2996 2118 2087
11716 4 2 0 1 2456 2845 2423 2805
11717 4 2 0 1 1366 1316 1010 2087
11718 4 2 0 1 1899 2381 1536 2353
11719 4 2 0 1 2039 1282 2158 1283
11720 4 2 0 1 1173 1172 1968 1120
11721 4 2 0 1 2742 1628 1629 2741
11722 4 2 0 1 1060 2062 1176 1062
11723 4 2 0 1 1407 2215 1050 1061
11724 4 2 0 1 2313 829 831 1351
11725 4 2 0 1 2355 2004 2733 2019
11726 4 2 0 1 2282 1407 2241 1049
11727 4 2 0 1 821 1246 823 2117
11728 4 2 0 1 2030 821 823 2117
11729 4 2 0 1 2241 1059 1048 1050
11730 4 2 0 1 1116 1061 1062 2062
11731 4 2 0 1 1317 1360 1088 2067
11732 4 2 0 1 1201 1200 3184 1202
11733 4 2 0 1 1060 2092 2062 2215
11734 4 2 0 1 1060 2100 2062 2092
11735 4 2 0 1 2742 366 589 488
11736 4 2 0 1 1801 2604 1899 2741
11737 4 2 0 1 1215 2086 2601 1084
11738 4 2 0 1 2241 1048 1549 1049
11739 4 2 0 1 3066 2282 2241 2629
11740 4 2 0 1 1899 2381 2353 1629
11741 4 2 0 1 2596 2893 2109 2145
11742 4 2 0 1 2279 1822 1895 1896
11743 4 2 0 1 1073 2086 2108 2109
11744 4 2 0 1 1304 904 2280 1166
11745 4 2 0 1 2039 1280 1281 1094
11746 4 2 0 1 2107 2193 2136 2288
11747 4 2 0 1 2075 1410 956 1419
11748 4 2 0 1 1314 1945 2148 2599
11749 4 2 0 1 2272 980 2193 974
11750 4 2 0 1 1075 1073 2086 2108
11751 4 2 0 1 1354 1399 2161 1270
11752 4 2 0 1 2408 2285 3142 3101
11753 4 2 0 1 1235 1073 1075 2108
11754 4 2 0 1 2264 2262 2134 1624
11755 4 2 0 1 1079 1235 2108 1073
11756 4 2 0 1 2741 502 501 1623
11757 4 2 0 1 1984 1780 2414 1476
11758 4 2 0 1 1117 1047 2085 1308
11759 4 2 0 1 1981 232 209 671
11760 4 2 0 1 1191 1190 1021 2314
11761 4 2 0 1 761 1894 87 27
11762 4 2 0 1 201 1700 713 690
11763 4 2 0 1 1454 1079 1235 2108
11764 4 2 0 1 1079 1071 1073 2109
11765 4 2 0 1 3021 2913 3205 3024
11766 4 2 0 1 2803 1314 2601 2148
11767 4 2 0 1 2516 2715 2514 3118
11768 4 2 0 1 3021 2115 2311 3013
11769 4 2 0 1 3026 2013 3024 3025
11770 4 2 0 1 2771 2997 2716 2999
11771 4 2 0 1 1411 929 2277 931
11772 4 2 0 1 2248 2088 2087 2771
11773 4 2 0 1 1101 2243 2168 1377
11774 4 2 0 1 1131 1751 2324 2304
11775 4 2 0 1 1101 2243 1377 1149
11776 4 2 0 1 3000 2771 1811 3027
11777 4 2 0 1 3000 2771 3027 2248
11778 4 2 0 1 1623 1946 2741 2029
11779 4 2 0 1 3000 2771 2248 2087
11780 4 2 0 1 3000 2994 2118 1811
11781 4 2 0 1 2274 2121 842 845
11782 4 2 0 1 842 2121 846 845
11783 4 2 0 1 2254 2255 3062 2211
11784 4 2 0 1 2075 2988 2118 2320
11785 4 2 0 1 2063 2952 3069 2247
11786 4 2 0 1 1200 1201 3184 3159
11787 4 2 0 1 2 1417 1089 1978
11788 4 2 0 1 65 64 484 1677
11789 4 2 0 1 2883 2884 2506 1929
11790 4 2 0 1 1193 2292 1547 2287
11791 4 2 0 1 1356 884 1171 2123
11792 4 2 0 1 2803 2802 1711 1712
11793 4 2 0 1 2588 3043 2619 2983
11794 4 2 0 1 2206 2144 2207 2145
11795 4 2 0 1 2235 2207 2145 2249
11796 4 2 0 1 2982 1545 2984 2600
11797 4 2 0 1 1170 2235 1294 2125
11798 4 2 0 1 2832 2225 2985 2074
11799 4 2 0 1 3055 2757 1649 3054
11800 4 2 0 1 685 502 1623 86
11801 4 2 0 1 3033 2053 2829 2128
11802 4 2 0 1 2309 2053 2209 2128
11803 4 2 0 1 2725 2939 2717 1612
11804 4 2 0 1 1337 2202 2298 2297
11805 4 2 0 1 2137 2180 2214 1226
11806 4 2 0 1 881 2121 2096 880
11807 4 2 0 1 1223 3226 2273 2175
11808 4 2 0 1 929 1411 2277 1011
11809 4 2 0 1 871 873 2197 872
11810 4 2 0 1 866 1249 868 2198
11811 4 2 0 1 2242 2124 1085 1295
11812 4 2 0 1 3016 2834 3084 1599
11813 4 2 0 1 2977 2921 2922 2978
11814 4 2 0 1 2930 3194 3192 1749
11815 4 2 0 1 969 1010 2119 1087
11816 4 2 0 1 1137 2193 1374 3015
11817 4 2 0 1 937 2911 2913 2115
11818 4 2 0 1 2474 2479 3208 2472
11819 4 2 0 1 1134 2175 1458 1133
11820 4 2 0 1 3032 2829 2128 2047
11821 4 2 0 1 2093 1165 1237 1203
11822 4 2 0 1 1225 1359 2176 1415
11823 4 2 0 1 2286 2991 2311 3021
11824 4 2 0 1 1444 1371 2078 1142
11825 4 2 0 1 2083 2080 1338 2078
11826 4 2 0 1 949 1431 2127 922
11827 4 2 0 1 1123 2160 1271 1270
11828 4 2 0 1 1762 716 600 232
11829 4 2 0 1 2244 1399 1271 1270
11830 4 2 0 1 1799 1601 543 1602
11831 4 2 0 1 1140 2137 2077 1329
11832 4 2 0 1 1140 2137 1329 1227
11833 4 2 0 1 2095 896 1329 2137
11834 4 2 0 1 903 2039 1281 1282
11835 4 2 0 1 2616 2870 2620 3046
11836 4 2 0 1 2284 2618 2892 1543
11837 4 2 0 1 896 1227 1329 2137
11838 4 2 0 1 2897 3005 2245 2267
11839 4 2 0 1 2214 1026 1027 1025
11840 4 2 0 1 850 851 2164 852
11841 4 2 0 1 2897 3005 2267 3004
11842 4 2 0 1 2897 3005 3004 2137
11843 4 2 0 1 2612 1541 3071 2613
11844 4 2 0 1 2145 2125 2109 1294
11845 4 2 0 1 380 1762 1655 600
11846 4 2 0 1 221 654 1602 237
11847 4 2 0 1 1431 949 2127 998
11848 4 2 0 1 3047 3046 3075 2158
11849 4 2 0 1 1221 2237 1252 1370
11850 4 2 0 1 2993 2139 2187 2189
11851 4 2 0 1 1456 1431 2127 998
11852 4 2 0 1 955 2186 925 2187
11853 4 2 0 1 2147 2150 2982 1533
11854 4 2 0 1 2263 1531 1948 2113
11855 4 2 0 1 1952 2228 824 825
11856 4 2 0 1 13 12 1742 587
11857 4 2 0 1 2284 1139 2207 1038
11858 4 2 0 1 501 656 1944 503
11859 4 2 0 1 1181 1104 2184 1160
11860 4 2 0 1 2162 3046 3047 2158
11861 4 2 0 1 1683 1825 1837 1655
11862 4 2 0 1 1762 716 232 1683
11863 4 2 0 1 2182 2594 2183 2200
11864 4 2 0 1 695 3217 152 539
11865 4 2 0 1 2620 2616 2467 2613
11866 4 2 0 1 815 2 1978 3
11867 4 2 0 1 3003 882 877 878
11868 4 2 0 1 2214 2180 1955 2956
11869 4 2 0 1 2621 1541 2468 3174
11870 4 2 0 1 2169 1773 2330 2296
11871 4 2 0 1 2151 1773 2169 2296
11872 4 2 0 1 1268 1102 2196 1249
11873 4 2 0 1 1676 1810 2413 1645
11874 4 2 0 1 2707 2315 810 1331
11875 4 2 0 1 817 2232 1448 1301
11876 4 2 0 1 2852 1950 3174 2622
11877 4 2 0 1 3028 2752 3054 2177
11878 4 2 0 1 2642 3028 3055 2177
11879 4 2 0 1 2642 2752 3028 2177
11880 4 2 0 1 1213 1013 2324 1418
11881 4 2 0 1 2232 1301 1347 1448
11882 4 2 0 1 1217 960 2752 2177
11883 4 2 0 1 2642 1217 2752 2177
11884 4 2 0 1 1983 1984 1591 2044
11885 4 2 0 1 993 2642 2177 1217
11886 4 2 0 1 2105 2283 2288 2106
11887 4 2 0 1 2988 939 937 2135
11888 4 2 0 1 960 993 2177 1217
11889 4 2 0 1 2136 1122 945 975
11890 4 2 0 1 2246 1369 1365 2205
11891 4 2 0 1 2186 3058 3031 3030
11892 4 2 0 1 41 1607 1023 1286
11893 4 2 0 1 38 1368 810 2707
11894 4 2 0 1 3032 2829 3057 2915
11895 4 2 0 1 2189 2050 3057 2188
11896 4 2 0 1 1712 1709 1711 2184
11897 4 2 0 1 1952 1951 1033 822
11898 4 2 0 1 2144 1093 1453 1069
11899 4 2 0 1 2082 2912 2991 2990
11900 4 2 0 1 2942 2992 2196 2188
11901 4 2 0 1 2942 2050 2992 2188
11902 4 2 0 1 2187 2217 2189 2188
11903 4 2 0 1 1913 2610 1581 2664
11904 4 2 0 1 50 51 692 1988
11905 4 2 0 1 1671 555 767 84
11906 4 2 0 1 507 751 1671 767
11907 4 2 0 1 751 435 53 1833
11908 4 2 0 1 2977 2069 2922 2921
11909 4 2 0 1 2630 2291 1659 2629
11910 4 2 0 1 2924 2978 3204 2199
11911 4 2 0 1 3197 1659 2630 3076
11912 4 2 0 1 3199 3204 2056 2924
11913 4 2 0 1 757 2026 58 59
11914 4 2 0 1 2924 2978 2199 2922
11915 4 2 0 1 2931 2927 3023 3199
11916 4 2 0 1 3002 2978 2199 3204
11917 4 2 0 1 2130 2978 2199 3002
11918 4 2 0 1 3002 2199 2170 3204
11919 4 2 0 1 2039 1094 1281 1172
11920 4 2 0 1 2152 2130 2199 3002
11921 4 2 0 1 1913 2664 1581 1577
11922 4 2 0 1 2253 1115 908 1433
11923 4 2 0 1 1839 1841 1542 1844
11924 4 2 0 1 2854 1544 2855 2593
11925 4 2 0 1 2097 2968 1953 2855
11926 4 2 0 1 2552 2551 2550 2006
11927 4 2 0 1 2639 2638 1768 2640
11928 4 2 0 1 2141 1357 1132 1440
11929 4 2 0 1 2214 2165 2221 3020
11930 4 2 0 1 2061 2773 2972 3065
11931 4 2 0 1 3041 1201 1446 1287
11932 4 2 0 1 2269 2958 2254 3020
11933 4 2 0 1 2111 2129 1363 1232
11934 4 2 0 1 2214 1955 2897 3020
11935 4 2 0 1 923 2074 921 1289
11936 4 2 0 1 948 947 922 2225
11937 4 2 0 1 2533 2494 3125 2363
11938 4 2 0 1 2451 2357 1516 1468
11939 4 2 0 1 2580 2538 2482 2692
11940 4 2 0 1 1993 1992 1726 1675
11941 4 2 0 1 2810 2883 2402 1928
11942 4 2 0 1 2456 1716 2339 2423
11943 4 2 0 1 1527 2439 2797 2440
11944 4 2 0 1 2877 2534 1565 2529
11945 4 2 0 1 2536 2535 2539 2482
11946 4 2 0 1 2682 1913 1581 2676
11947 4 2 0 1 368 1481 311 1868
11948 4 2 0 1 2478 2479 3208 2701
11949 4 2 0 1 265 498 1985 2043
11950 4 2 0 1 3110 2359 2531 2520
11951 4 2 0 1 1076 2086 1078 1077
11952 4 2 0 1 1476 1984 1985 2044
11953 4 2 0 1 1657 2371 3115 2367
11954 4 2 0 1 2452 412 413 1631
11955 4 2 0 1 1854 399 1911 1492
11956 4 2 0 1 2805 2418 2456 2764
11957 4 2 0 1 1202 1200 3184 2775
11958 4 2 0 1 1565 2358 2541 2360
11959 4 2 0 1 2435 2443 3190 2423
11960 4 2 0 1 2008 2648 1819 1528
11961 4 2 0 1 1679 2420 2419 2432
11962 4 2 0 1 2023 2795 2797 2873
11963 4 2 0 1 2776 2792 2438 1635
11964 4 2 0 1 2775 1200 3184 3159
11965 4 2 0 1 1498 1732 2811 1733
11966 4 2 0 1 32 31 1738 770
11967 4 2 0 1 2899 2034 2532 1713
11968 4 2 0 1 2573 2570 2565 2568
11969 4 2 0 1 2603 1823 2696 2734
11970 4 2 0 1 1368 37 1728 1928
11971 4 2 0 1 1496 3190 2583 2797
11972 4 2 0 1 1724 602 668 263
11973 4 2 0 1 3188 2816 1786 1559
11974 4 2 0 1 1651 2440 3095 2583
11975 4 2 0 1 1651 2805 3190 2765
11976 4 2 0 1 1502 1522 2506 2887
11977 4 2 0 1 530 2793 1884 1909
11978 4 2 0 1 2328 2838 2329 3048
11979 4 2 0 1 1913 1793 1559 1914
11980 4 2 0 1 1314 1945 1394 1033
11981 4 2 0 1 2273 2121 2122 2274
11982 4 2 0 1 1223 1356 2123 884
11983 4 2 0 1 1185 1204 1362 2147
11984 4 2 0 1 919 1709 2184 2146
11985 4 2 0 1 2951 2773 2961 2061
11986 4 2 0 1 1079 1294 2109 2125
11987 4 2 0 1 2469 1541 2318 2230
11988 4 2 0 1 2617 3045 1949 2156
11989 4 2 0 1 2598 2318 3083 3071
11990 4 2 0 1 1531 2030 2117 2029
11991 4 2 0 1 2895 2096 3006 2167
11992 4 2 0 1 2121 3007 3006 880
11993 4 2 0 1 2122 2095 2895 3004
11994 4 2 0 1 1793 1913 1559 2664
11995 4 2 0 1 1718 1720 1758 1703
11996 4 2 0 1 2664 1913 1876 1577
11997 4 2 0 1 1575 2682 2686 1758
11998 4 2 0 1 2689 2681 1580 1756
11999 4 2 0 1 1606 797 605 1792
12000 4 2 0 1 2682 2638 2676 1581
12001 4 2 0 1 2850 2638 1551 2848
12002 4 2 0 1 1787 485 443 512
12003 4 2 0 1 2673 1661 1573 1570
12004 4 2 0 1 3098 2523 2666 3196
12005 4 2 0 1 2398 1585 3195 2464
12006 4 2 0 1 2295 2005 1276 1309
12007 4 2 0 1 2497 1573 2530 2390
12008 4 2 0 1 2816 3188 1898 1559
12009 4 2 0 1 1282 2162 2158 1283
12010 4 2 0 1 2162 1283 1097 1000
12011 4 2 0 1 2592 2593 1544 2230
12012 4 2 0 1 893 2202 2236 2156
12013 4 2 0 1 2593 2592 1544 1624
12014 4 2 0 1 2318 2853 2896 2894
12015 4 2 0 1 1828 758 48 781
12016 4 2 0 1 2233 2893 2145 2249
12017 4 2 0 1 1504 1597 2499 1788
12018 4 2 0 1 2294 2293 1548 2290
12019 4 2 0 1 1586 1703 1566 2388
12020 4 2 0 1 1577 1720 1705 2495
12021 4 2 0 1 1788 2497 2859 1504
12022 4 2 0 1 1564 2497 1472 1788
12023 4 2 0 1 2630 2291 2629 2290
12024 4 2 0 1 2801 3162 2547 1530
12025 4 2 0 1 2572 1609 3061 3207
12026 4 2 0 1 2571 2569 2567 2565
12027 4 2 0 1 2793 1730 2457 1909
12028 4 2 0 1 3130 2561 2410 3134
12029 4 2 0 1 1748 2223 3050 2980
12030 4 2 0 1 2649 2376 2709 2886
12031 4 2 0 1 2564 3212 3137 3136
12032 4 2 0 1 2318 2896 2853 1544
12033 4 2 0 1 2998 1384 2099 2088
12034 4 2 0 1 2262 2062 2173 2738
12035 4 2 0 1 2625 3079 3077 2623
12036 4 2 0 1 1641 1835 309 1834
12037 4 2 0 1 2414 2294 1548 2290
12038 4 2 0 1 2543 338 1722 340
12039 4 2 0 1 2215 2131 1061 1407
12040 4 2 0 1 2902 2131 3036 2132
12041 4 2 0 1 2307 2586 2667 2355
12042 4 2 0 1 1874 1987 2671 1964
12043 4 2 0 1 2354 1472 2356 2674
12044 4 2 0 1 2307 2742 1535 1629
12045 4 2 0 1 453 552 1835 745
12046 4 2 0 1 2477 3144 2564 3169
12047 4 2 0 1 2674 2352 1562 2347
12048 4 2 0 1 277 288 1641 2603
12049 4 2 0 1 2522 1687 3166 2523
12050 4 2 0 1 1166 1375 2204 1098
12051 4 2 0 1 1986 1871 1846 1920
12052 4 2 0 1 420 3222 1815 591
12053 4 2 0 1 316 1855 1866 718
12054 4 2 0 1 2700 2698 1965 2696
12055 4 2 0 1 1897 1849 1745 1796
12056 4 2 0 1 123 1901 1493 2445
12057 4 2 0 1 3089 2000 2422 1483
12058 4 2 0 1 287 290 291 1882
12059 4 2 0 1 1999 293 295 296
12060 4 2 0 1 2729 2326 2009 3178
12061 4 2 0 1 1919 1976 1977 2422
12062 4 2 0 1 3196 2666 3092 2523
12063 4 2 0 1 1495 2845 2797 2423
12064 4 2 0 1 2917 2026 2240 2027
12065 4 2 0 1 486 672 1650 445
12066 4 2 0 1 2917 2918 2240 2026
12067 4 2 0 1 338 1857 337 339
12068 4 2 0 1 2816 1777 1744 1745
12069 4 2 0 1 2818 2385 1745 1843
12070 4 2 0 1 316 593 1866 176
12071 4 2 0 1 2720 2722 2247 2726
12072 4 2 0 1 1849 1807 1903 2036
12073 4 2 0 1 1943 1626 3124 350
12074 4 2 0 1 1549 2085 2185 2240
12075 4 2 0 1 555 1671 1727 84
12076 4 2 0 1 2025 2085 2287 2240
12077 4 2 0 1 1993 1672 1726 2808
12078 4 2 0 1 507 505 1697 792
12079 4 2 0 1 524 1783 1697 76
12080 4 2 0 1 2292 2293 2294 2290
12081 4 2 0 1 1839 718 1866 1855
12082 4 2 0 1 2585 2307 2019 2355
12083 4 2 0 1 266 740 3189 126
12084 4 2 0 1 1925 2798 2799 2882
12085 4 2 0 1 1284 1195 2268 1767
12086 4 2 0 1 818 1732 33 1738
12087 4 2 0 1 1893 1895 2847 3029
12088 4 2 0 1 1894 1893 1768 2639
12089 4 2 0 1 74 563 526 3167
12090 4 2 0 1 2385 2818 1745 2819
12091 4 2 0 1 2557 2555 2553 2554
12092 4 2 0 1 1914 1913 1718 1876
12093 4 2 0 1 1575 2682 1758 1913
12094 4 2 0 1 2857 2787 1986 1920
12095 4 2 0 1 1914 1792 1793 1898
12096 4 2 0 1 2681 1605 1580 1756
12097 4 2 0 1 522 364 1703 797
12098 4 2 0 1 1471 2380 1539 1979
12099 4 2 0 1 1951 1531 2030 2113
12100 4 2 0 1 1536 2589 2607 2590
12101 4 2 0 1 1711 1710 1960 1838
12102 4 2 0 1 1947 1945 1948 1951
12103 4 2 0 1 1711 2802 1960 1712
12104 4 2 0 1 1944 2384 1947 2599
12105 4 2 0 1 2543 2536 2581 1525
12106 4 2 0 1 337 2864 428 339
12107 4 2 0 1 518 1722 517 370
12108 4 2 0 1 1723 336 527 517
12109 4 2 0 1 2451 3146 2539 1515
12110 4 2 0 1 531 343 1525 2536
12111 4 2 0 1 3044 2918 1549 2240
12112 4 2 0 1 1830 1708 2800 2875
12113 4 2 0 1 3195 2849 2464 2399
12114 4 2 0 1 1627 1871 1986 1920
12115 4 2 0 1 222 598 1824 460
12116 4 2 0 1 3076 1548 2916 2624
12117 4 2 0 1 2398 3195 2463 2464
12118 4 2 0 1 2336 3159 3183 2710
12119 4 2 0 1 75 1730 549 33
12120 4 2 0 1 1038 1039 2207 2183
12121 4 2 0 1 1494 2451 3109 2798
12122 4 2 0 1 1844 2308 1842 1532
12123 4 2 0 1 1741 1293 2159 1262
12124 4 2 0 1 2600 2893 2982 1545
12125 4 2 0 1 2159 1968 2138 1129
12126 4 2 0 1 2143 1070 1229 2146
12127 4 2 0 1 2450 2584 2548 3109
12128 4 2 0 1 2544 2547 3160 1526
12129 4 2 0 1 1611 3178 1750 3180
12130 4 2 0 1 2511 2042 515 43
12131 4 2 0 1 2650 3181 3121 2654
12132 4 2 0 1 3182 2825 2731 3181
12133 4 2 0 1 3044 2918 2240 2917
12134 4 2 0 1 2681 1605 479 1907
12135 4 2 0 1 1605 479 1907 436
12136 4 2 0 1 2543 338 340 339
12137 4 2 0 1 2618 2616 2613 3071
12138 4 2 0 1 2150 1533 2148 2983
12139 4 2 0 1 2150 1533 2983 2982
12140 4 2 0 1 1880 1994 1907 1805
12141 4 2 0 1 3045 3083 2468 3071
12142 4 2 0 1 2970 1736 2064 2840
12143 4 2 0 1 1501 2465 3135 2711
12144 4 2 0 1 1628 453 1835 1654
12145 4 2 0 1 2543 1857 339 2864
12146 4 2 0 1 2263 1540 2589 2608
12147 4 2 0 1 2547 2548 2806 1857
12148 4 2 0 1 1782 1781 2333 1784
12149 4 2 0 1 2263 1531 2113 2260
12150 4 2 0 1 1781 585 55 54
12151 4 2 0 1 2333 1784 1186 1187
12152 4 2 0 1 1334 1784 1877 1187
12153 4 2 0 1 1784 1833 53 1877
12154 4 2 0 1 1548 1591 2916 2624
12155 4 2 0 1 2686 1791 1792 1606
12156 4 2 0 1 3125 1526 2482 3160
12157 4 2 0 1 1937 2040 1542 1968
12158 4 2 0 1 3172 2608 1620 2590
12159 4 2 0 1 2454 2761 2764 2455
12160 4 2 0 1 2418 2805 2456 2339
12161 4 2 0 1 2345 1489 2338 2341
12162 4 2 0 1 304 622 1977 351
12163 4 2 0 1 2592 2263 2113 2260
12164 4 2 0 1 2264 2113 2259 2260
12165 4 2 0 1 3190 2805 2423 2845
12166 4 2 0 1 2264 2592 2113 2260
12167 4 2 0 1 1097 2204 999 1098
12168 4 2 0 1 734 469 527 2807
12169 4 2 0 1 1980 2545 1714 1760
12170 4 2 0 1 1824 460 219 220
12171 4 2 0 1 1714 2545 2551 3167
12172 4 2 0 1 1628 1835 1836 1654
12173 4 2 0 1 442 565 2034 566
12174 4 2 0 1 848 850 2270 2253
12175 4 2 0 1 2627 2625 2623 2350
12176 4 2 0 1 140 128 130 2362
12177 4 2 0 1 1084 1299 1078 2086
12178 4 2 0 1 1964 678 1834 1987
12179 4 2 0 1 2920 3091 1550 2791
12180 4 2 0 1 2890 1568 2350 1959
12181 4 2 0 1 3160 3125 2493 2491
12182 4 2 0 1 1810 2785 2863 2413
12183 4 2 0 1 1470 1759 1698 1725
12184 4 2 0 1 575 1724 602 572
12185 4 2 0 1 1939 1965 1676 274
12186 4 2 0 1 1550 2634 2624 2340
12187 4 2 0 1 1975 250 691 1779
12188 4 2 0 1 1505 2504 2885 2506
12189 4 2 0 1 1914 179 1875 332
12190 4 2 0 1 848 849 2270 850
12191 4 2 0 1 2504 1502 2506 1505
12192 4 2 0 1 2504 2500 3132 1505
12193 4 2 0 1 1628 1835 1535 1836
12194 4 2 0 1 354 353 350 2377
12195 4 2 0 1 300 2748 1804 1633
12196 4 2 0 1 1868 1869 1918 2377
12197 4 2 0 1 3089 1484 2422 2419
12198 4 2 0 1 499 265 491 1985
12199 4 2 0 1 1851 2748 2419 2422
12200 4 2 0 1 1868 311 1918 1869
12201 4 2 0 1 2643 2647 1887 2508
12202 4 2 0 1 2509 2778 1820 2645
12203 4 2 0 1 2008 2648 1528 2507
12204 4 2 0 1 2507 3122 1507 3176
12205 4 2 0 1 2509 2778 2645 2368
12206 4 2 0 1 2697 2626 2898 1617
12207 4 2 0 1 2000 1871 308 1652
12208 4 2 0 1 1608 3208 3137 3183
12209 4 2 0 1 2504 3132 1502 1505
12210 4 2 0 1 2345 1595 1466 2531
12211 4 2 0 1 119 1901 123 121
12212 4 2 0 1 1740 769 2781 1967
12213 4 2 0 1 1800 2604 1539 1979
12214 4 2 0 1 1976 694 1919 1977
12215 4 2 0 1 2422 1483 1976 1977
12216 4 2 0 1 1933 2500 2885 1505
12217 4 2 0 1 2901 1850 1977 2422
12218 4 2 0 1 579 2000 1864 1976
12219 4 2 0 1 2569 2334 2402 1728
12220 4 2 0 1 3187 1648 2760 2614
12221 4 2 0 1 1035 2181 2138 1297
12222 4 2 0 1 2862 2609 2683 2279
12223 4 2 0 1 2860 2683 2609 2032
12224 4 2 0 1 737 581 1645 1677
12225 4 2 0 1 3104 3196 2522 1570
12226 4 2 0 1 1933 2885 2506 1505
12227 4 2 0 1 2670 2673 3099 1570
12228 4 2 0 1 1870 445 1652 689
12229 4 2 0 1 1770 673 183 185
12230 4 2 0 1 1594 2343 2766 2872
12231 4 2 0 1 1505 2885 2504 2500
12232 4 2 0 1 1786 1908 1891 329
12233 4 2 0 1 2730 2225 2128 2047
12234 4 2 0 1 1494 2798 2780 2882
12235 4 2 0 1 2437 2776 1686 3149
12236 4 2 0 1 2427 1798 1707 1701
12237 4 2 0 1 529 2452 413 1631
12238 4 2 0 1 1720 2388 1876 2859
12239 4 2 0 1 2643 1553 1657 2508
12240 4 2 0 1 1887 2509 1554 1886
12241 4 2 0 1 3096 3095 3149 1651
12242 4 2 0 1 686 776 84 1675
12243 4 2 0 1 1656 1671 2732 1727
12244 4 2 0 1 1964 678 1892 791
12245 4 2 0 1 2453 2454 2455 2799
12246 4 2 0 1 1974 617 1818 714
12247 4 2 0 1 1988 2305 1991 2009
12248 4 2 0 1 3118 2514 2516 3116
12249 4 2 0 1 844 2245 2269 2270
12250 4 2 0 1 2454 1468 2453 3108
12251 4 2 0 1 2114 2245 844 2270
12252 4 2 0 1 2554 3167 2559 2557
12253 4 2 0 1 2006 2689 2551 1817
12254 4 2 0 1 1832 1683 1956 1995
12255 4 2 0 1 2487 2480 2491 3129
12256 4 2 0 1 648 2003 1739 159
12257 4 2 0 1 607 1598 1746 1832
12258 4 2 0 1 2876 1858 2874 1829
12259 4 2 0 1 2114 849 2270 844
12260 4 2 0 1 1960 679 1710 1712
12261 4 2 0 1 1540 2230 1948 2619
12262 4 2 0 1 849 848 2270 844
12263 4 2 0 1 1631 1922 1707 2455
12264 4 2 0 1 2989 2853 2896 1953
12265 4 2 0 1 1530 2362 3109 2449
12266 4 2 0 1 2058 2063 2953 2721
12267 4 2 0 1 2356 1964 1662 2347
12268 4 2 0 1 2854 1544 2593 2469
12269 4 2 0 1 1078 2086 1081 1082
12270 4 2 0 1 1882 1976 1919 2422
12271 4 2 0 1 1472 1663 2675 1787
12272 4 2 0 1 2523 1687 3093 3092
12273 4 2 0 1 1882 1918 2422 1919
12274 4 2 0 1 2698 1982 1984 1983
12275 4 2 0 1 678 444 1892 791
12276 4 2 0 1 1479 257 255 258
12277 4 2 0 1 1480 784 509 1482
12278 4 2 0 1 509 1482 383 704
12279 4 2 0 1 60 1546 1450 1339
12280 4 2 0 1 2038 2611 2271 2280
12281 4 2 0 1 2344 2628 3094 2636
12282 4 2 0 1 3123 1853 1778 2858
12283 4 2 0 1 2734 2350 1959 1940
12284 4 2 0 1 2872 1986 1848 2379
12285 4 2 0 1 582 1645 562 610
12286 4 2 0 1 23 1936 2037 2271
12287 4 2 0 1 282 1906 1816 1873
12288 4 2 0 1 903 2039 1282 2271
12289 4 2 0 1 3047 2611 2280 2271
12290 4 2 0 1 1282 2039 3075 2271
12291 4 2 0 1 1956 611 147 145
12292 4 2 0 1 3213 1604 3074 1653
12293 4 2 0 1 1763 1994 1746 197
12294 4 2 0 1 1729 772 773 73
12295 4 2 0 1 2131 2292 2295 1193
12296 4 2 0 1 2292 2294 2295 1193
12297 4 2 0 1 2417 2901 1999 1484
12298 4 2 0 1 1061 2258 1276 2902
12299 4 2 0 1 3104 2673 1562 2670
12300 4 2 0 1 1810 2785 2413 1677
12301 4 2 0 1 1246 2265 1276 2258
12302 4 2 0 1 1246 1420 1309 2265
12303 4 2 0 1 2410 3130 3106 1661
12304 4 2 0 1 222 224 223 1824
12305 4 2 0 1 222 221 1824 223
12306 4 2 0 1 1878 2675 1892 1663
12307 4 2 0 1 2417 2901 1484 2748
12308 4 2 0 1 2026 2917 2631 2028
12309 4 2 0 1 2780 1590 1684 1529
12310 4 2 0 1 2020 1905 2035 2024
12311 4 2 0 1 1496 2528 3108 1468
12312 4 2 0 1 411 410 1764 412
12313 4 2 0 1 1682 2425 127 2881
12314 4 2 0 1 2453 3146 1515 2796
12315 4 2 0 1 2025 2084 2085 1152
12316 4 2 0 1 2287 1547 2289 2290
12317 4 2 0 1 251 1985 1975 2043
12318 4 2 0 1 1975 1982 2043 1985
12319 4 2 0 1 1864 1493 1998 1999
12320 4 2 0 1 423 568 1998 294
12321 4 2 0 1 3126 2486 1573 1523
12322 4 2 0 1 1883 1915 2380 1979
12323 4 2 0 1 3075 3074 3046 3047
12324 4 2 0 1 2826 3081 3194 2718
12325 4 2 0 1 2716 2517 2717 1612
12326 4 2 0 1 2658 2576 3084 1558
12327 4 2 0 1 3086 3177 1811 2997
12328 4 2 0 1 1521 2658 3084 1599
12329 4 2 0 1 2285 1619 3101 2408
12330 4 2 0 1 2275 2981 979 2300
12331 4 2 0 1 2355 1616 1467 3100
12332 4 2 0 1 914 1434 979 2300
12333 4 2 0 1 2782 2092 2089 2090
12334 4 2 0 1 1238 1239 1086 2134
12335 4 2 0 1 1902 2416 1999 2445
12336 4 2 0 1 2621 2617 2468 3071
12337 4 2 0 1 2381 2266 2029 2589
12338 4 2 0 1 1153 1395 2086 1265
12339 4 2 0 1 1951 1531 2113 1948
12340 4 2 0 1 2758 2760 2387 2608
12341 4 2 0 1 2615 2736 2261 2591
12342 4 2 0 1 2275 1267 979 2981
12343 4 2 0 1 1724 1481 1482 1725
12344 4 2 0 1 979 2981 916 2300
12345 4 2 0 1 1193 1247 1117 1547
12346 4 2 0 1 1267 1266 979 2981
12347 4 2 0 1 1567 2859 1472 2497
12348 4 2 0 1 2863 2005 1978 2004
12349 4 2 0 1 2232 2304 2820 2168
12350 4 2 0 1 2782 2783 2099 2723
12351 4 2 0 1 2090 2723 2782 2099
12352 4 2 0 1 2831 2047 2310 2829
12353 4 2 0 1 2080 936 2115 933
12354 4 2 0 1 2283 2730 2310 3082
12355 4 2 0 1 2289 2412 1743 1546
12356 4 2 0 1 2496 2492 1705 3129
12357 4 2 0 1 1259 2114 1110 3219
12358 4 2 0 1 1256 1257 1110 3219
12359 4 2 0 1 3156 2661 3153 3154
12360 4 2 0 1 841 2274 842 845
12361 4 2 0 1 3007 2123 2175 2216
12362 4 2 0 1 2047 2831 2310 2837
12363 4 2 0 1 2831 3081 2310 2837
12364 4 2 0 1 896 1317 1227 2137
12365 4 2 0 1 2121 2122 3005 2096
12366 4 2 0 1 2353 1471 1536 1979
12367 4 2 0 1 3033 2730 2209 2128
12368 4 2 0 1 1312 2133 1353 835
12369 4 2 0 1 2214 1292 2245 2137
12370 4 2 0 1 2209 2730 2046 2128
12371 4 2 0 1 2994 1811 2320 2118
12372 4 2 0 1 2802 2149 2803 2596
12373 4 2 0 1 2143 1380 1229 1153
12374 4 2 0 1 2284 1139 2065 2249
12375 4 2 0 1 2206 2233 2596 2145
12376 4 2 0 1 2233 2594 2207 2206
12377 4 2 0 1 2893 3043 2233 2983
12378 4 2 0 1 2602 2143 2142 2109
12379 4 2 0 1 2493 2547 3161 3162
12380 4 2 0 1 2152 2153 3010 3003
12381 4 2 0 1 2824 2944 3049 2943
12382 4 2 0 1 2951 2071 3003 2104
12383 4 2 0 1 882 3003 3010 2278
12384 4 2 0 1 882 914 913 2104
12385 4 2 0 1 3157 2944 2962 2947
12386 4 2 0 1 2322 2977 2932 2323
12387 4 2 0 1 1811 2994 2320 2995
12388 4 2 0 1 2996 2994 2320 2118
12389 4 2 0 1 2948 2978 2946 3204
12390 4 2 0 1 2069 2303 2068 2302
12391 4 2 0 1 2994 2154 2320 2995
12392 4 2 0 1 2303 2302 2164 852
12393 4 2 0 1 852 851 2164 853
12394 4 2 0 1 2058 2063 2721 2952
12395 4 2 0 1 2737 2736 1619 3150
12396 4 2 0 1 2743 6 2117 2019
12397 4 2 0 1 2902 3035 3101 3036
12398 4 2 0 1 2040 1172 2138 1968
12399 4 2 0 1 2039 2040 2158 2818
12400 4 2 0 1 2818 1587 2158 3075
12401 4 2 0 1 2829 2053 2915 2128
12402 4 2 0 1 1172 1120 2138 1968
12403 4 2 0 1 873 2929 3058 883
12404 4 2 0 1 2925 2933 2937 2051
12405 4 2 0 1 2935 2979 2222 2937
12406 4 2 0 1 1748 2701 2478 3050
12407 4 2 0 1 2056 2476 3049 2943
12408 4 2 0 1 2934 2935 2222 2937
12409 4 2 0 1 914 2104 2278 2300
12410 4 2 0 1 2112 1236 2222 2194
12411 4 2 0 1 2236 2851 2298 2330
12412 4 2 0 1 35 2462 2335 1728
12413 4 2 0 1 1471 2767 1583 2382
12414 4 2 0 1 2236 2622 2330 2169
12415 4 2 0 1 2713 2569 2572 3061
12416 4 2 0 1 3000 3200 3026 2119
12417 4 2 0 1 1365 2713 1197 1328
12418 4 2 0 1 1328 2713 1197 1460
12419 4 2 0 1 2896 2894 3083 2318
12420 4 2 0 1 1314 1362 2601 2148
12421 4 2 0 1 2086 1075 2108 1077
12422 4 2 0 1 2297 2236 2330 2169
12423 4 2 0 1 1773 2852 2622 2330
12424 4 2 0 1 1773 2470 2852 2330
12425 4 2 0 1 2066 1827 2301 3082
12426 4 2 0 1 2471 2702 3153 3154
12427 4 2 0 1 1826 2731 2301 1827
12428 4 2 0 1 3119 2653 2373 2719
12429 4 2 0 1 2715 1612 2999 2726
12430 4 2 0 1 3148 2794 1696 2791
12431 4 2 0 1 2990 2217 2189 2079
12432 4 2 0 1 2766 1640 1594 1466
12433 4 2 0 1 2065 2616 2156 2157
12434 4 2 0 1 2383 2386 3172 1653
12435 4 2 0 1 3026 3200 2911 2119
12436 4 2 0 1 3200 3000 1366 2119
12437 4 2 0 1 826 2264 1264 2134
12438 4 2 0 1 2342 1466 2338 2766
12439 4 2 0 1 2204 2641 3056 3047
12440 4 2 0 1 2967 1774 3150 2815
12441 4 2 0 1 2114 1027 2165 1029
12442 4 2 0 1 2255 3202 2256 2045
12443 4 2 0 1 2164 2114 2165 1029
12444 4 2 0 1 2130 2977 2932 2922
12445 4 2 0 1 2944 2948 3204 2943
12446 4 2 0 1 2323 2949 2094 2221
12447 4 2 0 1 2214 1026 1025 1024
12448 4 2 0 1 2948 3068 2946 3070
12449 4 2 0 1 3002 2978 2946 2057
12450 4 2 0 1 2962 2961 2945 2956
12451 4 2 0 1 3200 1366 2120 2119
12452 4 2 0 1 2721 2952 2063 2247
12453 4 2 0 1 2824 2475 2953 2943
12454 4 2 0 1 2948 2943 3068 3069
12455 4 2 0 1 2514 3118 2404 3116
12456 4 2 0 1 2069 2303 2322 860
12457 4 2 0 1 2483 341 344 342
12458 4 2 0 1 2262 2264 2259 2260
12459 4 2 0 1 1366 1010 1087 2119
12460 4 2 0 1 1010 1366 2087 2119
12461 4 2 0 1 3161 2547 2867 3162
12462 4 2 0 1 1620 1621 2590 2608
12463 4 2 0 1 1618 2355 3034 2740
12464 4 2 0 1 2615 2736 2739 2261
12465 4 2 0 1 2606 3072 2615 2261
12466 4 2 0 1 1466 1640 2744 2766
12467 4 2 0 1 2314 1190 1021 1008
12468 4 2 0 1 2072 2223 2124 976
12469 4 2 0 1 2304 1130 1347 1131
12470 4 2 0 1 1322 1009 2111 1040
12471 4 2 0 1 2304 1751 2325 2329
12472 4 2 0 1 1914 179 332 178
12473 4 2 0 1 1663 791 485 330
12474 4 2 0 1 1978 788 2004 4
12475 4 2 0 1 1810 2785 1677 1978
12476 4 2 0 1 1810 1617 2413 2863
12477 4 2 0 1 2282 2215 2241 1407
12478 4 2 0 1 2725 2726 1612 3155
12479 4 2 0 1 1563 1663 592 1875
12480 4 2 0 1 3078 3036 1666 2291
12481 4 2 0 1 1836 2667 2734 1535
12482 4 2 0 1 1822 1895 1896 2642
12483 4 2 0 1 2634 1550 2430 2340
12484 4 2 0 1 1822 1895 2642 1128
12485 4 2 0 1 3040 960 944 2177
12486 4 2 0 1 1822 1128 2642 1315
12487 4 2 0 1 2252 2571 3061 1522
12488 4 2 0 1 1927 2707 1929 1928
12489 4 2 0 1 2351 2675 2662 2390
12490 4 2 0 1 2329 3084 3048 2838
12491 4 2 0 1 2042 2511 2886 2709
12492 4 2 0 1 2064 1500 2974 2840
12493 4 2 0 1 1324 2041 1272 2820
12494 4 2 0 1 2657 2015 2329 1747
12495 4 2 0 1 1272 2276 2168 2820
12496 4 2 0 1 2304 1751 2329 2168
12497 4 2 0 1 1731 1690 1691 2457
12498 4 2 0 1 3134 2564 2562 3136
12499 4 2 0 1 3052 2171 927 2174
12500 4 2 0 1 3212 2568 3137 3136
12501 4 2 0 1 1096 1464 2208 1298
12502 4 2 0 1 2579 2879 2490 1503
12503 4 2 0 1 2572 2713 3067 2208
12504 4 2 0 1 1464 2334 1373 2238
12505 4 2 0 1 2670 2890 3098 2348
12506 4 2 0 1 3196 2666 2890 2350
12507 4 2 0 1 2132 3034 2668 3100
12508 4 2 0 1 3098 2523 3166 3093
12509 4 2 0 1 1079 1071 2109 1294
12510 4 2 0 1 309 1873 1834 677
12511 4 2 0 1 2670 2347 1562 1467
12512 4 2 0 1 3098 3196 1570 3166
12513 4 2 0 1 2662 2675 2348 1561
12514 4 2 0 1 2674 2673 3106 1573
12515 4 2 0 1 1536 1471 1539 1979
12516 4 2 0 1 3098 2890 3196 2666
12517 4 2 0 1 3188 2767 1786 1883
12518 4 2 0 1 1798 103 1905 1962
12519 4 2 0 1 1294 1071 2109 2145
12520 4 2 0 1 2535 2536 2539 2035
12521 4 2 0 1 2871 590 635 1926
12522 4 2 0 1 2355 2586 2667 1467
12523 4 2 0 1 1596 2868 2498 1572
12524 4 2 0 1 2441 1527 2583 2440
12525 4 2 0 1 2634 3147 2790 1634
12526 4 2 0 1 1942 389 774 1688
12527 4 2 0 1 91 3163 2907 2691
12528 4 2 0 1 1506 2507 2655 2370
12529 4 2 0 1 3098 2890 2666 2349
12530 4 2 0 1 2327 1146 1232 923
12531 4 2 0 1 3123 2789 2857 3124
12532 4 2 0 1 1920 2789 2422 1918
12533 4 2 0 1 1986 2871 1848 1846
12534 4 2 0 1 2858 2043 2044 1985
12535 4 2 0 1 287 291 1918 1882
12536 4 2 0 1 2162 1282 3047 1097
12537 4 2 0 1 2102 2101 2299 2330
12538 4 2 0 1 2520 1661 2396 1509
12539 4 2 0 1 2818 2385 1843 2383
12540 4 2 0 1 2145 2125 1294 2235
12541 4 2 0 1 3126 2486 1523 2526
12542 4 2 0 1 2111 1040 1064 1363
12543 4 2 0 1 1536 2604 1899 1979
12544 4 2 0 1 2554 1765 2558 2555
12545 4 2 0 1 2848 1584 1581 2610
12546 4 2 0 1 2879 2544 3160 2483
12547 4 2 0 1 1101 1130 1100 2168
12548 4 2 0 1 1934 1933 2505 2885
12549 4 2 0 1 1377 2243 1232 1457
12550 4 2 0 1 2145 2125 2235 2893
12551 4 2 0 1 1732 1733 1737 2812
12552 4 2 0 1 2879 2544 2483 1518
12553 4 2 0 1 2736 2587 1619 3150
12554 4 2 0 1 2457 3133 2397 2490
12555 4 2 0 1 1761 211 209 1762
12556 4 2 0 1 2212 2089 2782 2966
12557 4 2 0 1 2145 2125 2893 2109
12558 4 2 0 1 2965 2100 2210 2966
12559 4 2 0 1 2173 2100 2062 2234
12560 4 2 0 1 1798 1925 2427 1707
12561 4 2 0 1 486 2425 2763 2541
12562 4 2 0 1 3042 3055 1649 3054
12563 4 2 0 1 2342 2872 2766 1627
12564 4 2 0 1 122 125 2881 121
12565 4 2 0 1 1999 293 296 1902
12566 4 2 0 1 1721 1860 2447 2448
12567 4 2 0 1 782 1669 158 116
12568 4 2 0 1 1860 116 117 1900
12569 4 2 0 1 3098 2890 2349 2348
12570 4 2 0 1 1987 2349 2348 2662
12571 4 2 0 1 452 798 579 1864
12572 4 2 0 1 1640 1466 3093 2666
12573 4 2 0 1 394 2777 1492 395
12574 4 2 0 1 2339 2423 1804 1490
12575 4 2 0 1 2435 2443 1490 2436
12576 4 2 0 1 2443 2435 3096 2436
12577 4 2 0 1 2342 2872 1627 2871
12578 4 2 0 1 1633 658 457 1851
12579 4 2 0 1 1037 1988 51 1428
12580 4 2 0 1 2765 2744 1595 1651
12581 4 2 0 1 3114 1657 1553 2510
12582 4 2 0 1 3087 2332 2750 2331
12583 4 2 0 1 1529 1904 2780 2798
12584 4 2 0 1 1494 2451 2798 2799
12585 4 2 0 1 2463 1772 2813 2711
12586 4 2 0 1 1511 2520 2396 1509
12587 4 2 0 1 3195 2464 2849 2463
12588 4 2 0 1 2461 2460 2568 3134
12589 4 2 0 1 3152 1735 1622 1774
12590 4 2 0 1 3210 2047 2837 2830
12591 4 2 0 1 3008 1950 3152 2852
12592 4 2 0 1 2156 2155 902 2157
12593 4 2 0 1 1987 2349 1959 2348
12594 4 2 0 1 1499 1735 2407 1622
12595 4 2 0 1 3178 1610 1989 2009
12596 4 2 0 1 2972 2971 2061 2974
12597 4 2 0 1 3200 2054 2941 2248
12598 4 2 0 1 1599 2940 2937 3156
12599 4 2 0 1 2659 2935 3016 1599
12600 4 2 0 1 2561 1520 3134 3132
12601 4 2 0 1 2536 2581 1525 2482
12602 4 2 0 1 1663 1662 1891 2356
12603 4 2 0 1 1574 1586 1788 1787
12604 4 2 0 1 2526 2527 2392 2524
12605 4 2 0 1 3125 3127 2392 2491
12606 4 2 0 1 1519 2492 2491 3161
12607 4 2 0 1 1628 1908 1654 1899
12608 4 2 0 1 2002 140 130 2362
12609 4 2 0 1 2011 1300 1045 2012
12610 4 2 0 1 2540 2365 1517 2362
12611 4 2 0 1 3125 3127 2491 2481
12612 4 2 0 1 1582 2545 2551 2550
12613 4 2 0 1 2562 3144 1734 3136
12614 4 2 0 1 1523 1585 3106 2556
12615 4 2 0 1 2481 2480 3127 2491
12616 4 2 0 1 1691 1690 2400 2490
12617 4 2 0 1 2579 2458 1503 2490
12618 4 2 0 1 1884 2793 2457 1909
12619 4 2 0 1 1828 758 781 480
12620 4 2 0 1 2291 1659 3116 2628
12621 4 2 0 1 1547 2294 2292 1193
12622 4 2 0 1 1643 2408 2409 3142
12623 4 2 0 1 1659 2629 3066 2632
12624 4 2 0 1 2749 2769 1637 3179
12625 4 2 0 1 737 1779 1780 1645
12626 4 2 0 1 3078 1666 3036 2735
12627 4 2 0 1 1476 1743 1985 1780
12628 4 2 0 1 2351 2390 2662 2532
12629 4 2 0 1 2675 2674 2670 2356
12630 4 2 0 1 1277 2131 1276 2295
12631 4 2 0 1 1335 2295 1089 1978
12632 4 2 0 1 2295 815 1276 1089
12633 4 2 0 1 1810 1617 2863 1966
12634 4 2 0 1 2811 1733 2568 2813
12635 4 2 0 1 1571 1859 1593 2389
12636 4 2 0 1 1472 1563 1663 1787
12637 4 2 0 1 101 103 634 1905
12638 4 2 0 1 2580 3163 2459 2538
12639 4 2 0 1 1472 1567 1876 2859
12640 4 2 0 1 3099 3098 2531 2532
12641 4 2 0 1 2527 2364 2482 2363
12642 4 2 0 1 2878 687 560 1930
12643 4 2 0 1 3102 1467 1562 2606
12644 4 2 0 1 2364 2525 2501 2692
12645 4 2 0 1 2548 2584 2875 3109
12646 4 2 0 1 2502 2501 2692 2503
12647 4 2 0 1 247 1780 246 248
12648 4 2 0 1 1504 2492 2491 1705
12649 4 2 0 1 2014 1858 2807 2875
12650 4 2 0 1 2460 2401 3133 2568
12651 4 2 0 1 338 1857 1722 1723
12652 4 2 0 1 1277 1335 2295 1089
12653 4 2 0 1 1523 1504 2392 2491
12654 4 2 0 1 2460 2398 1473 2813
12655 4 2 0 1 1692 1909 1690 795
12656 4 2 0 1 3106 3105 2663 2745
12657 4 2 0 1 2676 2560 2559 2678
12658 4 2 0 1 1575 1605 1758 2686
12659 4 2 0 1 3102 2670 3104 1562
12660 4 2 0 1 2632 1549 2629 2241
12661 4 2 0 1 489 1765 2554 1768
12662 4 2 0 1 2993 972 1330 2176
12663 4 2 0 1 2964 2967 2059 3186
12664 4 2 0 1 2784 2722 2409 1736
12665 4 2 0 1 2215 2092 2285 2099
12666 4 2 0 1 1523 2486 1573 3106
12667 4 2 0 1 2999 2632 2516 3066
12668 4 2 0 1 2736 2262 1619 2587
12669 4 2 0 1 3157 2971 2061 2774
12670 4 2 0 1 2975 2411 1734 2815
12671 4 2 0 1 1014 2224 3067 2208
12672 4 2 0 1 3067 1014 2208 1328
12673 4 2 0 1 2314 2041 3019 2276
12674 4 2 0 1 3017 3016 2980 2660
12675 4 2 0 1 2713 2252 3061 2205
12676 4 2 0 1 2015 2511 1752 1747
12677 4 2 0 1 2410 1661 3106 1630
12678 4 2 0 1 996 2124 3067 977
12679 4 2 0 1 1623 510 2019 2018
12680 4 2 0 1 2212 2965 2059 3186
12681 4 2 0 1 2090 2723 2099 2088
12682 4 2 0 1 2998 1384 2088 2087
12683 4 2 0 1 2960 2968 2855 1953
12684 4 2 0 1 2743 1623 2019 2018
12685 4 2 0 1 2005 2902 1276 2258
12686 4 2 0 1 2803 2148 2596 2149
12687 4 2 0 1 2612 1541 2613 1540
12688 4 2 0 1 2385 2818 1653 2383
12689 4 2 0 1 2207 2233 2145 2249
12690 4 2 0 1 2167 3045 2851 2202
12691 4 2 0 1 2313 2316 2317 2319
12692 4 2 0 1 3072 2614 2615 2608
12693 4 2 0 1 2902 2295 2005 1276
12694 4 2 0 1 3104 1661 1474 1630
12695 4 2 0 1 2770 2783 2099 2241
12696 4 2 0 1 1662 1964 1835 1836
12697 4 2 0 1 1038 2284 1139 1306
12698 4 2 0 1 3213 3046 2387 1653
12699 4 2 0 1 3074 2684 2609 2819
12700 4 2 0 1 1064 2111 1363 1232
12701 4 2 0 1 892 893 902 2156
12702 4 2 0 1 1543 2233 2594 2249
12703 4 2 0 1 1139 2195 1231 2065
12704 4 2 0 1 2249 2065 2618 3071
12705 4 2 0 1 2162 2204 3047 2641
12706 4 2 0 1 1314 2803 1712 2599
12707 4 2 0 1 2183 1034 2138 2200
12708 4 2 0 1 2295 2863 2294 3037
12709 4 2 0 1 2033 63 64 1341
12710 4 2 0 1 1630 2673 1562 3104
12711 4 2 0 1 1939 610 314 272
12712 4 2 0 1 1810 1617 1966 1676
12713 4 2 0 1 2163 1549 2185 2240
12714 4 2 0 1 2090 1384 2088 2099
12715 4 2 0 1 1467 2605 1562 2606
12716 4 2 0 1 2744 1651 2429 3149
12717 4 2 0 1 2434 2433 2788 2430
12718 4 2 0 1 2715 1674 2999 2514
12719 4 2 0 1 1793 1914 1898 1559
12720 4 2 0 1 2637 2848 3073 1584
12721 4 2 0 1 620 1938 21 1808
12722 4 2 0 1 2723 1612 2999 2088
12723 4 2 0 1 1972 2502 2866 2907
12724 4 2 0 1 2369 2903 2008 2507
12725 4 2 0 1 1733 1501 2568 2813
12726 4 2 0 1 2502 2905 2692 2903
12727 4 2 0 1 2374 2903 2369 2507
12728 4 2 0 1 2336 2337 2567 2238
12729 4 2 0 1 2511 2708 2376 2709
12730 4 2 0 1 2015 2511 1747 2657
12731 4 2 0 1 2930 3194 1749 3154
12732 4 2 0 1 2571 2565 2567 3169
12733 4 2 0 1 2111 1322 1040 1363
12734 4 2 0 1 2337 2465 2566 2568
12735 4 2 0 1 2492 1504 2499 1705
12736 4 2 0 1 1788 2859 2497 1472
12737 4 2 0 1 1586 1563 1788 1787
12738 4 2 0 1 2461 2460 3134 1585
12739 4 2 0 1 1468 2528 2363 2428
12740 4 2 0 1 2801 1831 2867 3162
12741 4 2 0 1 3110 1573 2390 2530
12742 4 2 0 1 2282 1549 2629 2287
12743 4 2 0 1 2512 2403 1687 2366
12744 4 2 0 1 1834 1964 1874 1836
12745 4 2 0 1 2354 2674 2352 2663
12746 4 2 0 1 2770 2632 2999 3066
12747 4 2 0 1 2526 2527 2524 3131
12748 4 2 0 1 2477 3144 3208 1665
12749 4 2 0 1 773 1729 2032 1789
12750 4 2 0 1 1786 179 175 329
12751 4 2 0 1 1795 177 1796 1790
12752 4 2 0 1 1166 2204 1375 1822
12753 4 2 0 1 2968 908 2211 2210
12754 4 2 0 1 2684 1849 2819 1537
12755 4 2 0 1 1048 2163 1254 2098
12756 4 2 0 1 2673 1570 1573 3099
12757 4 2 0 1 2768 2384 2607 1539
12758 4 2 0 1 1618 2902 2258 2740
12759 4 2 0 1 2616 2618 2613 2870
12760 4 2 0 1 1950 3151 3174 2469
12761 4 2 0 1 278 1699 569 289
12762 4 2 0 1 2623 2697 2694 2693
12763 4 2 0 1 2379 2872 2340 2694
12764 4 2 0 1 2483 344 1525 2578
12765 4 2 0 1 2111 2328 2168 3048
12766 4 2 0 1 2576 1510 2709 2708
12767 4 2 0 1 2904 3176 1505 2709
12768 4 2 0 1 2252 1522 3061 1510
12769 4 2 0 1 1615 2510 2644 2808
12770 4 2 0 1 3130 2461 3134 1585
12771 4 2 0 1 1511 2374 1507 1505
12772 4 2 0 1 2315 2205 2707 810
12773 4 2 0 1 2315 1422 810 1331
12774 4 2 0 1 2241 1059 2215 2099
12775 4 2 0 1 2672 3140 2522 3100
12776 4 2 0 1 1888 1736 2842 2724
12777 4 2 0 1 2717 1557 2517 3180
12778 4 2 0 1 2841 1520 2842 3141
12779 4 2 0 1 1666 2735 3140 2404
12780 4 2 0 1 2643 2647 2508 1506
12781 4 2 0 1 3138 2628 2372 3094
12782 4 2 0 1 1674 2514 2404 3142
12783 4 2 0 1 2471 1557 3153 3155
12784 4 2 0 1 1059 2092 2215 2099
12785 4 2 0 1 2025 1546 2026 2289
12786 4 2 0 1 34 35 2335 802
12787 4 2 0 1 2735 1643 3140 2404
12788 4 2 0 1 2147 2150 1533 2148
12789 4 2 0 1 2958 3063 2968 2211
12790 4 2 0 1 1300 1333 2106 1042
12791 4 2 0 1 2749 1637 2321 3179
12792 4 2 0 1 3098 2670 1570 3196
12793 4 2 0 1 2829 3033 2310 3014
12794 4 2 0 1 2826 3081 2718 2827
12795 4 2 0 1 2011 1121 1401 1300
12796 4 2 0 1 2596 2147 2109 2982
12797 4 2 0 1 2411 1520 2563 3145
12798 4 2 0 1 2593 3151 2591 2466
12799 4 2 0 1 1536 2381 2029 2589
12800 4 2 0 1 1574 739 131 138
12801 4 2 0 1 2967 2409 3150 2059
12802 4 2 0 1 2073 2150 2148 2983
12803 4 2 0 1 2615 1622 2466 2591
12804 4 2 0 1 2902 3034 2668 2132
12805 4 2 0 1 1585 2460 3134 2399
12806 4 2 0 1 1495 2453 2797 2845
12807 4 2 0 1 2143 1074 2086 1153
12808 4 2 0 1 1595 2345 2765 3112
12809 4 2 0 1 2805 3190 2341 2845
12810 4 2 0 1 2857 2377 3124 1918
12811 4 2 0 1 2422 1483 1977 2901
12812 4 2 0 1 478 694 1977 1890
12813 4 2 0 1 2857 2379 3123 1470
12814 4 2 0 1 2154 1549 1660 2163
12815 4 2 0 1 2333 3088 2750 2027
12816 4 2 0 1 1549 2163 1048 2098
12817 4 2 0 1 1378 1051 2154 1174
12818 4 2 0 1 1112 2026 805 59
12819 4 2 0 1 3086 2728 2995 2900
12820 4 2 0 1 2749 3086 2728 2995
12821 4 2 0 1 2103 1378 1118 2154
12822 4 2 0 1 2427 2453 2455 2799
12823 4 2 0 1 431 1650 1682 2445
12824 4 2 0 1 1922 1721 2447 2448
12825 4 2 0 1 206 1981 208 209
12826 4 2 0 1 2629 1659 2630 3198
12827 4 2 0 1 3027 2716 2771 1811
12828 4 2 0 1 2769 2749 3044 2995
12829 4 2 0 1 2402 2337 2566 2568
12830 4 2 0 1 1855 1542 2017 1866
12831 4 2 0 1 2444 2435 3149 2421
12832 4 2 0 1 2357 1494 2361 2362
12833 4 2 0 1 3095 1651 2744 3149
12834 4 2 0 1 3076 3091 2916 2636
12835 4 2 0 1 1668 1689 2777 2437
12836 4 2 0 1 1494 2357 1881 2362
12837 4 2 0 1 401 1820 403 2778
12838 4 2 0 1 2021 3146 2539 3113
12839 4 2 0 1 2483 2578 1525 2482
12840 4 2 0 1 2863 2005 2004 2669
12841 4 2 0 1 1476 1743 2414 2412
12842 4 2 0 1 2816 1777 1883 1785
12843 4 2 0 1 2292 2131 3037 2132
12844 4 2 0 1 3146 2799 1468 2453
12845 4 2 0 1 970 2163 2996 1254
12846 4 2 0 1 2676 2638 2677 2559
12847 4 2 0 1 2669 2350 2696 2626
12848 4 2 0 1 1701 2020 2795 2024
12849 4 2 0 1 2020 1701 2795 1923
12850 4 2 0 1 2359 1512 2531 3112
12851 4 2 0 1 2453 1468 2428 1496
12852 4 2 0 1 2758 2614 2608 2591
12853 4 2 0 1 2101 2102 2220 2330
12854 4 2 0 1 2641 2203 2467 2155
12855 4 2 0 1 1947 1945 1951 1394
12856 4 2 0 1 1951 808 1947 1394
12857 4 2 0 1 1071 2142 2143 2109
12858 4 2 0 1 2816 1777 1745 1883
12859 4 2 0 1 1731 1691 2401 2457
12860 4 2 0 1 2965 2968 2060 2855
12861 4 2 0 1 2137 2180 1226 2077
12862 4 2 0 1 2458 1497 2457 1884
12863 4 2 0 1 1927 2793 1930 687
12864 4 2 0 1 2884 2570 2573 2397
12865 4 2 0 1 2862 2682 2683 2861
12866 4 2 0 1 2816 1897 1537 1745
12867 4 2 0 1 1718 1720 1703 1876
12868 4 2 0 1 3060 2927 3191 2923
12869 4 2 0 1 2817 2385 1883 1745
12870 4 2 0 1 2393 2496 1566 1705
12871 4 2 0 1 2836 2833 2328 2830
12872 4 2 0 1 1750 2828 2908 1611
12873 4 2 0 1 2908 3205 1811 2828
12874 4 2 0 1 3011 3205 3206 2908
12875 4 2 0 1 2985 898 2227 899
12876 4 2 0 1 2679 2703 1756 2689
12877 4 2 0 1 2129 2835 2936 897
12878 4 2 0 1 2194 2129 2934 2051
12879 4 2 0 1 2093 1237 2936 2928
12880 4 2 0 1 2516 2715 3118 2719
12881 4 2 0 1 1267 2275 2222 2981
12882 4 2 0 1 2006 1817 2551 2550
12883 4 2 0 1 1575 1605 2686 1606
12884 4 2 0 1 2496 1817 2498 2550
12885 4 2 0 1 831 2313 1351 1452
12886 4 2 0 1 3045 2195 1949 2156
12887 4 2 0 1 2096 886 3006 2167
12888 4 2 0 1 2655 2647 2508 2650
12889 4 2 0 1 2269 2958 2955 2968
12890 4 2 0 1 3066 1659 2516 3116
12891 4 2 0 1 2355 2307 1535 2667
12892 4 2 0 1 2379 1627 2787 2340
12893 4 2 0 1 546 371 2788 361
12894 4 2 0 1 387 1678 1633 1680
12895 4 2 0 1 1487 1918 1919 2422
12896 4 2 0 1 2427 2795 1495 2797
12897 4 2 0 1 444 485 1878 1892
12898 4 2 0 1 2444 1863 1491 1689
12899 4 2 0 1 3118 3170 2373 2719
12900 4 2 0 1 2547 1530 3162 2548
12901 4 2 0 1 533 531 2536 666
12902 4 2 0 1 2449 513 1830 140
12903 4 2 0 1 2543 342 2864 339
12904 4 2 0 1 235 1858 1723 335
12905 4 2 0 1 843 2097 2319 1452
12906 4 2 0 1 2002 752 132 130
12907 4 2 0 1 2616 2065 1949 3071
12908 4 2 0 1 2801 3162 1530 1830
12909 4 2 0 1 1536 1471 2607 1539
12910 4 2 0 1 65 581 737 1677
12911 4 2 0 1 2483 344 2578 1885
12912 4 2 0 1 2793 530 1884 687
12913 4 2 0 1 1503 3133 1473 2490
12914 4 2 0 1 1934 2503 2889 2459
12915 4 2 0 1 1934 1933 2889 2503
12916 4 2 0 1 1340 2337 2812 2239
12917 4 2 0 1 2431 3114 3115 1657
12918 4 2 0 1 89 90 91 2889
12919 4 2 0 1 2502 2905 2903 2866
12920 4 2 0 1 3007 884 880 845
12921 4 2 0 1 2337 1732 1241 1340
12922 4 2 0 1 1145 1333 1042 2106
12923 4 2 0 1 3006 890 2167 886
12924 4 2 0 1 2166 2299 2298 2851
12925 4 2 0 1 2235 2195 1139 2249
12926 4 2 0 1 2370 2369 2366 2367
12927 4 2 0 1 3021 2080 2311 2115
12928 4 2 0 1 2374 1509 2366 2346
12929 4 2 0 1 2648 2647 2645 1506
12930 4 2 0 1 1657 1469 2371 2367
12931 4 2 0 1 1657 2510 2508 1553
12932 4 2 0 1 3091 3090 3115 2344
12933 4 2 0 1 3190 2443 2797 2423
12934 4 2 0 1 399 394 1492 395
12935 4 2 0 1 2987 2909 2135 2988
12936 4 2 0 1 2996 2163 2098 1254
12937 4 2 0 1 1057 1090 2126 1275
12938 4 2 0 1 3059 2914 3024 3012
12939 4 2 0 1 2115 2272 2311 3013
12940 4 2 0 1 2079 2286 2251 2250
12941 4 2 0 1 3175 2794 1696 3148
12942 4 2 0 1 1629 1628 1836 1654
12943 4 2 0 1 1668 1685 1688 504
12944 4 2 0 1 1591 1548 2623 2624
12945 4 2 0 1 2444 1863 1689 1490
12946 4 2 0 1 2251 2080 2078 1444
12947 4 2 0 1 2701 3051 3050 2981
12948 4 2 0 1 2838 3085 2328 2329
12949 4 2 0 1 2112 1345 1165 2172
12950 4 2 0 1 2242 1748 2935 2980
12951 4 2 0 1 3120 2519 1524 3121
12952 4 2 0 1 2116 2083 2991 2080
12953 4 2 0 1 2519 1557 1524 3121
12954 4 2 0 1 3182 2657 3084 1524
12955 4 2 0 1 2931 3201 2927 3199
12956 4 2 0 1 3063 3062 2958 2058
12957 4 2 0 1 890 3045 2195 2167
12958 4 2 0 1 2939 2941 3069 2056
12959 4 2 0 1 1600 3182 2661 2718
12960 4 2 0 1 3026 2013 3025 2828
12961 4 2 0 1 2248 2941 2939 2054
12962 4 2 0 1 3064 2927 3023 2082
12963 4 2 0 1 2914 2013 3024 3012
12964 4 2 0 1 2957 2963 2854 2855
12965 4 2 0 1 1971 2546 2865 2547
12966 4 2 0 1 2949 2165 2045 3020
12967 4 2 0 1 965 908 2210 1053
12968 4 2 0 1 2255 3062 2211 3070
12969 4 2 0 1 2965 2212 2966 2210
12970 4 2 0 1 2769 3117 1637 3179
12971 4 2 0 1 1908 597 1786 1979
12972 4 2 0 1 3003 2153 3010 2947
12973 4 2 0 1 1955 2954 2955 2956
12974 4 2 0 1 2139 2237 1221 2186
12975 4 2 0 1 2954 1955 2989 2102
12976 4 2 0 1 1971 1578 2867 1970
12977 4 2 0 1 2228 1624 1544 2592
12978 4 2 0 1 2323 2932 1161 2094
12979 4 2 0 1 2949 2977 2946 2045
12980 4 2 0 1 2944 2948 2943 3068
12981 4 2 0 1 3023 2921 3064 2055
12982 4 2 0 1 2353 1471 1583 2382
12983 4 2 0 1 2671 1568 1874 2667
12984 4 2 0 1 2769 3086 1673 3179
12985 4 2 0 1 3194 1749 3154 3193
12986 4 2 0 1 2352 1908 1891 2382
12987 4 2 0 1 885 883 875 2227
12988 4 2 0 1 1157 1125 2091 1316
12989 4 2 0 1 896 881 2096 1329
12990 4 2 0 1 3009 2979 2474 2070
12991 4 2 0 1 1870 432 2445 1650
12992 4 2 0 1 3002 3010 3049 2170
12993 4 2 0 1 1491 1689 1685 1686
12994 4 2 0 1 2323 1143 1336 1245
12995 4 2 0 1 2352 1908 2382 2353
12996 4 2 0 1 3002 2153 2945 2947
12997 4 2 0 1 2172 1434 1164 2278
12998 4 2 0 1 2275 2278 2300 2172
12999 4 2 0 1 2950 2179 2191 3003
13000 4 2 0 1 2056 3001 3049 2476
13001 4 2 0 1 1809 1403 1937 2017
13002 4 2 0 1 2191 2950 3003 2951
13003 4 2 0 1 2981 3052 3051 2171
13004 4 2 0 1 2477 1521 1500 2659
13005 4 2 0 1 3157 3203 2064 2974
13006 4 2 0 1 1870 2445 432 1864
13007 4 2 0 1 2979 2933 2222 2937
13008 4 2 0 1 2000 1870 689 1864
13009 4 2 0 1 2217 2082 2991 2990
13010 4 2 0 1 2994 1660 2995 2997
13011 4 2 0 1 2352 1908 2353 1654
13012 4 2 0 1 2160 2161 1105 2136
13013 4 2 0 1 2272 938 2135 2115
13014 4 2 0 1 2988 939 2135 2075
13015 4 2 0 1 2154 2332 2750 3087
13016 4 2 0 1 2994 2154 2995 1660
13017 4 2 0 1 2069 859 860 861
13018 4 2 0 1 2082 2116 3024 3022
13019 4 2 0 1 3078 2735 2132 3100
13020 4 2 0 1 3078 2293 1642 2132
13021 4 2 0 1 1616 2739 3101 2740
13022 4 2 0 1 859 857 858 2068
13023 4 2 0 1 2809 2651 1921 2808
13024 4 2 0 1 1002 2106 1121 2066
13025 4 2 0 1 2163 2996 2098 1660
13026 4 2 0 1 2352 1908 1654 1891
13027 4 2 0 1 2069 859 861 2976
13028 4 2 0 1 546 1546 1941 449
13029 4 2 0 1 2251 1381 1307 1099
13030 4 2 0 1 2139 2237 2186 2189
13031 4 2 0 1 1251 2190 1252 1221
13032 4 2 0 1 579 2000 1976 786
13033 4 2 0 1 936 2080 2115 2311
13034 4 2 0 1 3064 2921 3199 2922
13035 4 2 0 1 2312 2251 1136 1099
13036 4 2 0 1 2931 2082 2927 2912
13037 4 2 0 1 3201 2923 3191 2927
13038 4 2 0 1 877 2152 1144 2170
13039 4 2 0 1 1164 877 1144 2170
13040 4 2 0 1 873 2929 883 2926
13041 4 2 0 1 2938 2939 2717 2725
13042 4 2 0 1 2923 2048 3194 3191
13043 4 2 0 1 2282 2215 1407 2131
13044 4 2 0 1 2215 2783 3036 2241
13045 4 2 0 1 2998 1384 2087 2098
13046 4 2 0 1 1660 2770 2632 2998
13047 4 2 0 1 2372 2628 3116 1659
13048 4 2 0 1 2201 2951 2104 2822
13049 4 2 0 1 2972 2754 1664 3065
13050 4 2 0 1 917 3052 2821 918
13051 4 2 0 1 2975 2970 2971 2973
13052 4 2 0 1 3157 2944 2947 2824
13053 4 2 0 1 2971 2972 2973 2974
13054 4 2 0 1 1500 1665 2974 2840
13055 4 2 0 1 2071 2104 2822 2278
13056 4 2 0 1 2824 3157 2974 2947
13057 4 2 0 1 2973 2972 2472 2974
13058 4 2 0 1 2959 2958 2956 3020
13059 4 2 0 1 2745 1648 3195 2406
13060 4 2 0 1 2113 1531 2259 2260
13061 4 2 0 1 1950 2851 2330 2299
13062 4 2 0 1 2441 2521 2346 2583
13063 4 2 0 1 2776 2437 2431 3149
13064 4 2 0 1 579 2000 786 689
13065 4 2 0 1 579 2000 689 1864
13066 4 2 0 1 2339 1490 1804 2421
13067 4 2 0 1 2774 3008 2856 2963
13068 4 2 0 1 1496 2022 2797 2583
13069 4 2 0 1 3130 1661 2561 2396
13070 4 2 0 1 2251 2312 1381 1099
13071 4 2 0 1 3171 2513 2577 2512
13072 4 2 0 1 2672 3104 1474 1630
13073 4 2 0 1 3025 3026 2828 2910
13074 4 2 0 1 2848 2850 1581 1632
13075 4 2 0 1 1782 2917 2631 2919
13076 4 2 0 1 3117 1659 1637 2372
13077 4 2 0 1 1466 1595 3098 2531
13078 4 2 0 1 1148 1332 2066 1438
13079 4 2 0 1 2529 1512 2877 2494
13080 4 2 0 1 2765 2744 1651 2338
13081 4 2 0 1 1968 18 2017 1397
13082 4 2 0 1 2577 1508 3170 3119
13083 4 2 0 1 3177 2652 3179 2727
13084 4 2 0 1 2954 3008 2856 2102
13085 4 2 0 1 1954 2960 2963 3186
13086 4 2 0 1 2371 1657 2372 2373
13087 4 2 0 1 3118 2516 2373 3116
13088 4 2 0 1 2356 1964 2347 2671
13089 4 2 0 1 2494 3110 2530 3126
13090 4 2 0 1 1059 1048 1254 2098
13091 4 2 0 1 2539 1516 1526 2482
13092 4 2 0 1 2527 2364 2524 2395
13093 4 2 0 1 2236 2155 2156 2617
13094 4 2 0 1 1794 620 1938 535
13095 4 2 0 1 3111 2521 2583 2359
13096 4 2 0 1 1522 2887 1510 2506
13097 4 2 0 1 2252 2315 1510 3061
13098 4 2 0 1 1657 2370 1469 2367
13099 4 2 0 1 905 2236 2169 902
13100 4 2 0 1 760 18 19 2017
13101 4 2 0 1 3105 1630 2406 2745
13102 4 2 0 1 3048 3016 3084 1558
13103 4 2 0 1 2723 2722 2726 2247
13104 4 2 0 1 2939 2826 2717 2827
13105 4 2 0 1 2577 3165 3141 2515
13106 4 2 0 1 1888 2842 2513 3165
13107 4 2 0 1 3123 2044 2340 1475
13108 4 2 0 1 2623 2694 2697 1591
13109 4 2 0 1 2433 1942 2788 2430
13110 4 2 0 1 1384 1059 1254 2098
13111 4 2 0 1 1485 2341 2764 2763
13112 4 2 0 1 1209 2101 2220 1208
13113 4 2 0 1 2960 2957 2855 2963
13114 4 2 0 1 2958 2959 2956 2856
13115 4 2 0 1 2761 2764 2763 1485
13116 4 2 0 1 2951 2773 2061 3065
13117 4 2 0 1 2061 2951 3065 2822
13118 4 2 0 1 3159 2336 1031 2710
13119 4 2 0 1 1704 1667 2499 1566
13120 4 2 0 1 2473 2061 3065 2822
13121 4 2 0 1 1888 2784 3118 2513
13122 4 2 0 1 2724 2842 1755 2840
13123 4 2 0 1 2360 1485 2341 2358
13124 4 2 0 1 2577 3170 2512 2513
13125 4 2 0 1 1565 1862 2360 2541
13126 4 2 0 1 3170 2577 3165 2513
13127 4 2 0 1 2081 987 2083 2281
13128 4 2 0 1 2743 2266 2029 2381
13129 4 2 0 1 808 1216 1947 1394
13130 4 2 0 1 1618 2585 2355 2740
13131 4 2 0 1 2954 2957 2955 2856
13132 4 2 0 1 3172 2387 3213 2760
13133 4 2 0 1 57 58 448 2028
13134 4 2 0 1 1553 1887 2508 2643
13135 4 2 0 1 1671 1917 507 1656
13136 4 2 0 1 1671 1993 1726 1675
13137 4 2 0 1 1695 1917 2776 1668
13138 4 2 0 1 2191 2961 2192 2956
13139 4 2 0 1 3196 2522 3166 2523
13140 4 2 0 1 1657 2370 2367 2643
13141 4 2 0 1 1554 1656 2732 1727
13142 4 2 0 1 1524 2661 3153 3084
13143 4 2 0 1 2569 2252 2571 3061
13144 4 2 0 1 2707 2252 1929 1928
13145 4 2 0 1 1607 2042 2709 2708
13146 4 2 0 1 806 1424 1173 1968
13147 4 2 0 1 2511 2376 2886 2709
13148 4 2 0 1 725 2807 793 734
13149 4 2 0 1 2451 2450 2548 3109
13150 4 2 0 1 1515 1798 1997 2798
13151 4 2 0 1 2876 2014 2800 2875
13152 4 2 0 1 1590 2584 1529 3109
13153 4 2 0 1 3175 1615 2644 2869
13154 4 2 0 1 1670 1684 2781 110
13155 4 2 0 1 2621 2613 3174 2467
13156 4 2 0 1 2284 1306 2892 2065
13157 4 2 0 1 2591 2758 1540 2608
13158 4 2 0 1 2999 2516 2632 1673
13159 4 2 0 1 2517 2715 2999 2719
13160 4 2 0 1 3170 1888 2715 3118
13161 4 2 0 1 1049 1048 1050 2241
13162 4 2 0 1 2895 2894 2989 2166
13163 4 2 0 1 2841 3145 2564 1665
13164 4 2 0 1 2573 1502 3134 3136
13165 4 2 0 1 1748 2701 3050 2981
13166 4 2 0 1 2344 3094 3093 3115
13167 4 2 0 1 2237 2190 1252 1396
13168 4 2 0 1 2190 1442 1252 1396
13169 4 2 0 1 1880 1994 1805 1769
13170 4 2 0 1 2552 2551 2006 1980
13171 4 2 0 1 1739 159 1935 143
13172 4 2 0 1 2498 1576 2496 1667
13173 4 2 0 1 960 2752 3040 2140
13174 4 2 0 1 2225 2832 2128 2047
13175 4 2 0 1 1683 1753 1825 439
13176 4 2 0 1 951 953 2309 1396
13177 4 2 0 1 2504 2461 3134 2396
13178 4 2 0 1 455 1825 456 657
13179 4 2 0 1 2036 2609 2860 2861
13180 4 2 0 1 3131 2461 2504 2396
13181 4 2 0 1 245 760 1938 670
13182 4 2 0 1 718 1839 593 406
13183 4 2 0 1 2742 366 488 1628
13184 4 2 0 1 2595 2768 2607 2383
13185 4 2 0 1 813 2599 1314 1712
13186 4 2 0 1 1901 2448 2882 2881
13187 4 2 0 1 2346 1595 2520 3166
13188 4 2 0 1 665 509 1482 383
13189 4 2 0 1 2522 3139 2403 1687
13190 4 2 0 1 3097 2366 1687 2403
13191 4 2 0 1 2547 1971 2549 2865
13192 4 2 0 1 1509 2366 3097 2403
13193 4 2 0 1 1509 2518 2366 2403
13194 4 2 0 1 1976 2000 1483 2422
13195 4 2 0 1 1882 2000 1976 2422
13196 4 2 0 1 2086 2147 2108 2109
13197 4 2 0 1 808 2030 821 822
13198 4 2 0 1 2582 3148 2431 3149
13199 4 2 0 1 2589 1536 2607 2384
13200 4 2 0 1 2435 3096 2436 3149
13201 4 2 0 1 1246 1420 2117 821
13202 4 2 0 1 2262 2062 1264 2134
13203 4 2 0 1 1361 2159 1742 1293
13204 4 2 0 1 2832 3032 2128 2047
13205 4 2 0 1 16 1092 17 1996
13206 4 2 0 1 2582 2744 1634 3149
13207 4 2 0 1 761 1894 27 28
13208 4 2 0 1 2551 2689 2687 2678
13209 4 2 0 1 3095 2744 2582 3149
13210 4 2 0 1 3147 2429 3149 1634
13211 4 2 0 1 399 1854 1911 1702
13212 4 2 0 1 2559 2640 2687 3168
13213 4 2 0 1 45 1212 1752 811
13214 4 2 0 1 40 1607 1023 41
13215 4 2 0 1 394 1911 2777 1912
13216 4 2 0 1 2439 2873 1911 1492
13217 4 2 0 1 2436 1490 2777 1911
13218 4 2 0 1 2443 2436 2439 1911
13219 4 2 0 1 68 38 736 1927
13220 4 2 0 1 2129 1146 1363 1232
13221 4 2 0 1 2357 1494 2882 2799
13222 4 2 0 1 1828 758 480 2010
13223 4 2 0 1 1300 2011 1045 1401
13224 4 2 0 1 1993 52 53 1877
13225 4 2 0 1 1988 2305 2009 1428
13226 4 2 0 1 2012 2305 2009 2326
13227 4 2 0 1 1167 2226 2046 2730
13228 4 2 0 1 3146 2799 2451 1468
13229 4 2 0 1 61 2084 1339 820
13230 4 2 0 1 61 2084 62 1743
13231 4 2 0 1 2781 642 229 112
13232 4 2 0 1 1984 1476 1985 1780
13233 4 2 0 1 2447 2448 2781 2780
13234 4 2 0 1 2447 2781 111 1670
13235 4 2 0 1 2349 1592 2532 2899
13236 4 2 0 1 2084 820 1152 2025
13237 4 2 0 1 1842 2040 1542 1845
13238 4 2 0 1 1781 496 303 564
13239 4 2 0 1 58 448 2028 1941
13240 4 2 0 1 757 2026 59 1546
13241 4 2 0 1 1874 1568 2734 2667
13242 4 2 0 1 2578 2878 2458 1884
13243 4 2 0 1 643 1934 2459 644
13244 4 2 0 1 2503 3163 2889 2459
13245 4 2 0 1 496 2031 303 495
13246 4 2 0 1 2031 2794 1941 2920
13247 4 2 0 1 2579 2578 2458 1884
13248 4 2 0 1 2484 2578 2458 2579
13249 4 2 0 1 1950 3152 2852 3174
13250 4 2 0 1 2622 2169 2617 2467
13251 4 2 0 1 2622 2617 2169 2236
13252 4 2 0 1 1640 2344 3093 3090
13253 4 2 0 1 1972 90 2907 352
13254 4 2 0 1 402 422 437 1818
13255 4 2 0 1 157 617 1974 616
13256 4 2 0 1 2613 2616 2467 2621
13257 4 2 0 1 3032 2829 2915 2128
13258 4 2 0 1 2838 2834 3084 3048
13259 4 2 0 1 2335 2334 1373 802
13260 4 2 0 1 1588 531 362 372
13261 4 2 0 1 96 2691 2020 95
13262 4 2 0 1 110 1684 115 109
13263 4 2 0 1 1900 2448 120 1860
13264 4 2 0 1 136 1904 105 107
13265 4 2 0 1 2127 1141 2985 1168
13266 4 2 0 1 2781 642 112 110
13267 4 2 0 1 467 447 1967 229
13268 4 2 0 1 2930 3194 3154 2826
13269 4 2 0 1 1721 516 724 160
13270 4 2 0 1 1860 117 446 120
13271 4 2 0 1 113 1860 116 114
13272 4 2 0 1 113 782 116 1860
13273 4 2 0 1 2127 1141 1168 1400
13274 4 2 0 1 1564 1787 1593 1788
13275 4 2 0 1 132 2540 131 1596
13276 4 2 0 1 420 1815 1865 327
13277 4 2 0 1 2355 2004 2669 2733
13278 4 2 0 1 129 130 2540 131
13279 4 2 0 1 2481 2480 2491 2879
13280 4 2 0 1 132 1831 134 267
13281 4 2 0 1 1753 151 152 779
13282 4 2 0 1 417 1837 415 715
13283 4 2 0 1 2481 2480 2879 1503
13284 4 2 0 1 1708 2680 1589 2874
13285 4 2 0 1 2455 2452 1707 1631
13286 4 2 0 1 1721 160 724 748
13287 4 2 0 1 2578 2579 2481 2879
13288 4 2 0 1 2427 1925 2455 1707
13289 4 2 0 1 2818 2819 2037 1745
13290 4 2 0 1 1938 316 2017 1866
13291 4 2 0 1 1867 2818 1745 1843
13292 4 2 0 1 2578 2484 2481 2579
13293 4 2 0 1 2579 2879 1503 2481
13294 4 2 0 1 2484 2579 1503 2481
13295 4 2 0 1 2480 2489 2879 2490
13296 4 2 0 1 2480 2489 2490 2400
13297 4 2 0 1 1805 1907 1603 1579
13298 4 2 0 1 3191 2831 2048 3194
13299 4 2 0 1 3047 1282 3075 2271
13300 4 2 0 1 2480 2489 2400 2487
13301 4 2 0 1 1770 183 184 185
13302 4 2 0 1 1794 181 1790 1603
13303 4 2 0 1 607 1598 1832 146
13304 4 2 0 1 3097 2520 1661 1570
13305 4 2 0 1 2480 2489 2487 2879
13306 4 2 0 1 1504 2388 2499 1705
13307 4 2 0 1 2697 2626 1617 2696
13308 4 2 0 1 1994 1775 197 1763
13309 4 2 0 1 2498 1576 1667 1693
13310 4 2 0 1 524 76 1697 792
13311 4 2 0 1 29 489 77 1768
13312 4 2 0 1 202 2688 205 1958
13313 4 2 0 1 1693 1578 1739 1694
13314 4 2 0 1 1694 1693 2498 1667
13315 4 2 0 1 2306 1388 28 1019
13316 4 2 0 1 2649 2866 2507 2648
13317 4 2 0 1 1931 643 528 644
13318 4 2 0 1 2649 2866 2648 1972
13319 4 2 0 1 2649 2866 1972 2904
13320 4 2 0 1 2649 2866 2904 2507
13321 4 2 0 1 3104 3097 1661 1570
13322 4 2 0 1 2070 2472 2474 2974
13323 4 2 0 1 2632 3117 2769 1673
13324 4 2 0 1 2632 1659 2516 3066
13325 4 2 0 1 78 510 511 2019
13326 4 2 0 1 1741 1346 1742 1293
13327 4 2 0 1 3166 3097 1570 2520
13328 4 2 0 1 1741 1346 1293 1230
13329 4 2 0 1 3047 2611 2271 3074
13330 4 2 0 1 2011 1121 1300 2106
13331 4 2 0 1 2032 1729 2038 2860
13332 4 2 0 1 1939 610 272 1645
13333 4 2 0 1 1779 248 737 1780
13334 4 2 0 1 1975 1478 1779 691
13335 4 2 0 1 789 254 691 1478
13336 4 2 0 1 722 3216 609 1478
13337 4 2 0 1 1975 250 251 252
13338 4 2 0 1 2359 2531 1512 3110
13339 4 2 0 1 2359 1595 2531 2520
13340 4 2 0 1 3112 1595 2531 2359
13341 4 2 0 1 2390 3110 2531 3099
13342 4 2 0 1 2877 3110 2531 2390
13343 4 2 0 1 1512 2877 2531 3112
13344 4 2 0 1 2378 2420 3123 3124
13345 4 2 0 1 272 273 274 1676
13346 4 2 0 1 3126 2486 2520 1573
13347 4 2 0 1 2675 2671 2348 1561
13348 4 2 0 1 178 179 175 1559
13349 4 2 0 1 179 1559 1891 1786
13350 4 2 0 1 1786 1908 1583 2382
13351 4 2 0 1 2424 2445 1864 1999
13352 4 2 0 1 1484 2418 3089 1483
13353 4 2 0 1 3110 2877 2531 1512
13354 4 2 0 1 1669 421 158 293
13355 4 2 0 1 1864 123 452 1493
13356 4 2 0 1 1850 305 304 1890
13357 4 2 0 1 1721 516 160 1900
13358 4 2 0 1 2420 2430 3123 2786
13359 4 2 0 1 1565 2534 2541 2529
13360 4 2 0 1 1862 2534 2541 1565
13361 4 2 0 1 1729 1936 2038 2860
13362 4 2 0 1 2104 2191 912 3003
13363 4 2 0 1 499 1963 491 546
13364 4 2 0 1 2378 1853 2788 358
13365 4 2 0 1 2529 2534 2541 2389
13366 4 2 0 1 1020 2220 1463 1208
13367 4 2 0 1 2534 1859 2541 2389
13368 4 2 0 1 1519 2552 2550 2546
13369 4 2 0 1 246 248 1780 737
13370 4 2 0 1 1810 707 270 273
13371 4 2 0 1 2415 1984 1780 2413
13372 4 2 0 1 907 906 1463 2297
13373 4 2 0 1 1982 1477 2698 2415
13374 4 2 0 1 1580 2685 2687 2677
13375 4 2 0 1 1699 1477 570 571
13376 4 2 0 1 2559 3167 3168 2687
13377 4 2 0 1 1519 2552 2546 2865
13378 4 2 0 1 1463 2101 1208 2220
13379 4 2 0 1 173 1744 1897 2816
13380 4 2 0 1 563 74 2557 3167
13381 4 2 0 1 2521 1595 2520 2346
13382 4 2 0 1 518 698 517 1722
13383 4 2 0 1 1209 2101 1208 1091
13384 4 2 0 1 464 1625 614 347
13385 4 2 0 1 1771 1737 1738 2558
13386 4 2 0 1 1691 1737 2558 1738
13387 4 2 0 1 749 1868 693 487
13388 4 2 0 1 1678 1681 2378 627
13389 4 2 0 1 658 1678 385 627
13390 4 2 0 1 741 1943 302 659
13391 4 2 0 1 2918 2025 2289 2287
13392 4 2 0 1 3091 3090 2344 2624
13393 4 2 0 1 335 336 527 1723
13394 4 2 0 1 1824 712 460 780
13395 4 2 0 1 2014 793 483 755
13396 4 2 0 1 1771 1765 2555 2558
13397 4 2 0 1 2565 2402 2567 2566
13398 4 2 0 1 2569 2402 2567 2565
13399 4 2 0 1 611 1825 1799 1837
13400 4 2 0 1 2876 1815 712 1824
13401 4 2 0 1 1824 320 1815 780
13402 4 2 0 1 2572 2208 2569 2713
13403 4 2 0 1 2572 2569 2208 2567
13404 4 2 0 1 1912 390 391 392
13405 4 2 0 1 2778 1820 2645 1818
13406 4 2 0 1 617 422 1974 1818
13407 4 2 0 1 352 1973 2866 1972
13408 4 2 0 1 800 1555 407 515
13409 4 2 0 1 676 1973 407 1555
13410 4 2 0 1 2358 2345 2360 2532
13411 4 2 0 1 2651 1556 1921 2010
13412 4 2 0 1 1716 1486 2446 1764
13413 4 2 0 1 413 412 472 1631
13414 4 2 0 1 1860 1721 160 1900
13415 4 2 0 1 1998 2901 1483 1999
13416 4 2 0 1 2430 2920 2791 1942
13417 4 2 0 1 1807 1603 1806 1794
13418 4 2 0 1 664 177 1790 241
13419 4 2 0 1 1832 553 1995 1746
13420 4 2 0 1 474 1606 436 756
13421 4 2 0 1 425 1994 1769 482
13422 4 2 0 1 2652 1610 1989 3178
13423 4 2 0 1 1656 2509 2779 1889
13424 4 2 0 1 1988 2305 1428 1037
13425 4 2 0 1 1211 2205 978 1197
13426 4 2 0 1 2574 2376 2576 2709
13427 4 2 0 1 2575 1521 3120 3164
13428 4 2 0 1 2575 3120 1521 2576
13429 4 2 0 1 2627 1640 2624 3077
13430 4 2 0 1 2887 2574 2576 2709
13431 4 2 0 1 1680 1678 2434 385
13432 4 2 0 1 1490 2435 2444 2421
13433 4 2 0 1 1679 1678 2421 1633
13434 4 2 0 1 2417 2748 1484 1716
13435 4 2 0 1 3094 2367 3115 2371
13436 4 2 0 1 1791 2704 1579 1790
13437 4 2 0 1 22 1936 23 799
13438 4 2 0 1 1556 1828 2010 1826
13439 4 2 0 1 2625 3078 3077 3079
13440 4 2 0 1 3148 2636 3175 2794
13441 4 2 0 1 480 381 781 1828
13442 4 2 0 1 25 630 73 2032
13443 4 2 0 1 35 1465 36 1728
13444 4 2 0 1 73 2038 24 25
13445 4 2 0 1 200 1958 202 1995
13446 4 2 0 1 146 1598 1956 144
13447 4 2 0 1 1700 365 1776 1775
13448 4 2 0 1 2996 991 957 1174
13449 4 2 0 1 1775 1995 198 1763
13450 4 2 0 1 1496 2022 2583 2428
13451 4 2 0 1 1714 236 429 207
13452 4 2 0 1 2022 1527 2797 2583
13453 4 2 0 1 2765 3112 3108 2583
13454 4 2 0 1 2560 2553 2559 2557
13455 4 2 0 1 1980 2688 205 1714
13456 4 2 0 1 526 1714 429 363
13457 4 2 0 1 210 1761 209 208
13458 4 2 0 1 489 490 77 3168
13459 4 2 0 1 2540 1596 3162 2391
13460 4 2 0 1 2596 2148 2983 2149
13461 4 2 0 1 36 1465 978 1728
13462 4 2 0 1 2589 1536 2384 2029
13463 4 2 0 1 1852 1802 1800 1840
13464 4 2 0 1 1781 2333 1784 1186
13465 4 2 0 1 2353 1471 2590 1536
13466 4 2 0 1 1586 138 623 703
13467 4 2 0 1 1586 138 1704 623
13468 4 2 0 1 2590 1620 3172 1471
13469 4 2 0 1 2384 2589 2029 1948
13470 4 2 0 1 1647 1390 1019 29
13471 4 2 0 1 2332 1638 3088 2331
13472 4 2 0 1 2306 1647 1019 28
13473 4 2 0 1 2639 1893 3029 2279
13474 4 2 0 1 1620 3072 1621 2608
13475 4 2 0 1 1830 1831 3162 2002
13476 4 2 0 1 1620 2353 2590 1621
13477 4 2 0 1 1471 2353 2590 1620
13478 4 2 0 1 3007 2984 2600 2216
13479 4 2 0 1 610 271 272 1645
13480 4 2 0 1 895 2195 2235 2600
13481 4 2 0 1 815 2 1089 1978
13482 4 2 0 1 2585 2355 2019 2005
13483 4 2 0 1 1169 895 1170 2600
13484 4 2 0 1 2267 2133 2067 844
13485 4 2 0 1 1648 2614 3173 2760
13486 4 2 0 1 1956 611 145 1935
13487 4 2 0 1 334 455 1753 439
13488 4 2 0 1 3217 156 729 657
13489 4 2 0 1 2265 2585 2019 2005
13490 4 2 0 1 318 558 3214 645
13491 4 2 0 1 2611 2862 3073 3029
13492 4 2 0 1 1888 1755 2842 3165
13493 4 2 0 1 2768 1852 1960 1539
13494 4 2 0 1 7 685 1944 8
13495 4 2 0 1 3105 2606 3173 2747
13496 4 2 0 1 1165 2170 1144 2093
13497 4 2 0 1 2614 2407 3173 1622
13498 4 2 0 1 2747 2606 3173 2615
13499 4 2 0 1 8 1944 9 86
13500 4 2 0 1 2628 3078 3092 3140
13501 4 2 0 1 1591 1475 2340 2044
13502 4 2 0 1 1962 103 634 578
13503 4 2 0 1 1548 3079 2898 2623
13504 4 2 0 1 3079 2626 2625 2669
13505 4 2 0 1 2924 3001 2925 2170
13506 4 2 0 1 2344 2628 2636 3076
13507 4 2 0 1 2344 3092 2628 3077
13508 4 2 0 1 3210 2047 2830 2986
13509 4 2 0 1 2289 1546 2631 2412
13510 4 2 0 1 1236 2112 1165 1237
13511 4 2 0 1 2635 1680 1688 1686
13512 4 2 0 1 380 1762 600 213
13513 4 2 0 1 1879 584 367 583
13514 4 2 0 1 2761 2426 2445 2762
13515 4 2 0 1 1864 123 1493 2445
13516 4 2 0 1 290 786 306 1882
13517 4 2 0 1 1626 347 348 305
13518 4 2 0 1 2630 3197 3076 2916
13519 4 2 0 1 419 478 351 1890
13520 4 2 0 1 478 1890 1977 351
13521 4 2 0 1 346 1890 351 304
13522 4 2 0 1 1707 719 379 633
13523 4 2 0 1 2731 1610 2729 1827
13524 4 2 0 1 421 724 1902 516
13525 4 2 0 1 1721 1631 724 1902
13526 4 2 0 1 2172 1345 1165 1164
13527 4 2 0 1 2912 3025 2829 3191
13528 4 2 0 1 2918 2289 2631 2630
13529 4 2 0 1 1368 37 1928 1927
13530 4 2 0 1 37 1368 38 1927
13531 4 2 0 1 2637 2848 1584 1632
13532 4 2 0 1 1896 1552 2637 3056
13533 4 2 0 1 2455 2454 2845 2764
13534 4 2 0 1 1911 1495 1764 1702
13535 4 2 0 1 1911 1495 1702 2797
13536 4 2 0 1 1680 1678 2421 2635
13537 4 2 0 1 2611 2862 3029 2279
13538 4 2 0 1 2611 2862 2279 2609
13539 4 2 0 1 1658 2679 1756 1715
13540 4 2 0 1 1906 282 284 590
13541 4 2 0 1 454 1834 745 1835
13542 4 2 0 1 3029 3073 2637 2848
13543 4 2 0 1 281 1816 1873 282
13544 4 2 0 1 5 1420 6 2019
13545 4 2 0 1 1840 166 1803 688
13546 4 2 0 1 1841 81 1742 1838
13547 4 2 0 1 82 1802 164 165
13548 4 2 0 1 3074 2684 2819 1604
13549 4 2 0 1 3028 1896 3055 1552
13550 4 2 0 1 408 180 316 1795
13551 4 2 0 1 16 15 1996 405
13552 4 2 0 1 3029 2611 2279 1896
13553 4 2 0 1 100 124 1701 699
13554 4 2 0 1 157 708 96 2906
13555 4 2 0 1 1867 2818 2037 1745
13556 4 2 0 1 1923 2020 699 708
13557 4 2 0 1 1701 2020 699 1923
13558 4 2 0 1 3073 2611 2637 3074
13559 4 2 0 1 6 1420 2117 2019
13560 4 2 0 1 1179 1895 801 1128
13561 4 2 0 1 1754 1752 2016 2839
13562 4 2 0 1 1528 2368 2645 2442
13563 4 2 0 1 1821 1974 1818 2007
13564 4 2 0 1 2159 806 1129 1092
13565 4 2 0 1 1843 1839 1542 1844
13566 4 2 0 1 437 402 1818 438
13567 4 2 0 1 1993 1992 2808 1726
13568 4 2 0 1 2869 1615 2644 2808
13569 4 2 0 1 1989 1993 1988 1992
13570 4 2 0 1 1772 1771 1737 2812
13571 4 2 0 1 1714 207 429 363
13572 4 2 0 1 2809 1924 2808 1921
13573 4 2 0 1 1981 1980 208 1761
13574 4 2 0 1 2743 2585 2266 2307
13575 4 2 0 1 1981 232 671 1683
13576 4 2 0 1 2485 2560 3129 2557
13577 4 2 0 1 1362 1185 2147 2148
13578 4 2 0 1 1760 1980 208 207
13579 4 2 0 1 1684 1590 2807 1529
13580 4 2 0 1 152 3217 696 539
13581 4 2 0 1 50 49 1045 2010
13582 4 2 0 1 1590 450 513 603
13583 4 2 0 1 2243 2168 2328 1751
13584 4 2 0 1 2357 2451 1494 2799
13585 4 2 0 1 1724 668 574 601
13586 4 2 0 1 2377 355 1480 353
13587 4 2 0 1 1868 311 1869 1481
13588 4 2 0 1 259 601 1724 264
13589 4 2 0 1 50 2009 2010 1045
13590 4 2 0 1 2328 2835 2834 2129
13591 4 2 0 1 509 353 492 1480
13592 4 2 0 1 354 433 1778 1853
13593 4 2 0 1 1972 331 407 1555
13594 4 2 0 1 2328 2835 2129 2327
13595 4 2 0 1 2001 1754 459 382
13596 4 2 0 1 1973 1819 1818 714
13597 4 2 0 1 1861 1973 438 676
13598 4 2 0 1 1617 2863 2669 2898
13599 4 2 0 1 3079 3037 2669 2668
13600 4 2 0 1 2007 1819 714 1818
13601 4 2 0 1 617 437 1818 714
13602 4 2 0 1 1966 2603 2669 2733
13603 4 2 0 1 777 51 52 1988
13604 4 2 0 1 3079 2626 2669 2898
13605 4 2 0 1 1861 2001 723 1886
13606 4 2 0 1 3079 2863 2898 2669
13607 4 2 0 1 2005 2902 2668 3037
13608 4 2 0 1 2668 1618 2005 2355
13609 4 2 0 1 2554 3167 2557 74
13610 4 2 0 1 2554 3167 74 3168
13611 4 2 0 1 1724 574 602 572
13612 4 2 0 1 489 2554 3168 1768
13613 4 2 0 1 254 1724 789 256
13614 4 2 0 1 50 2009 1045 1428
13615 4 2 0 1 1868 1480 1869 2377
13616 4 2 0 1 1919 481 1625 1890
13617 4 2 0 1 1487 1625 1626 1890
13618 4 2 0 1 568 622 1998 294
13619 4 2 0 1 694 478 1977 548
13620 4 2 0 1 1897 1849 2861 1537
13621 4 2 0 1 2771 2997 2999 2998
13622 4 2 0 1 1903 1849 2861 1897
13623 4 2 0 1 1335 809 1677 1417
13624 4 2 0 1 1756 2703 1758 1580
13625 4 2 0 1 1575 1605 1606 1757
13626 4 2 0 1 1556 1610 2651 3181
13627 4 2 0 1 2693 1983 2694 2695
13628 4 2 0 1 61 2084 820 62
13629 4 2 0 1 2693 1983 2695 2698
13630 4 2 0 1 2694 2379 1848 2695
13631 4 2 0 1 2871 284 1848 1846
13632 4 2 0 1 1233 3226 2175 2273
13633 4 2 0 1 1992 686 480 1921
13634 4 2 0 1 2087 2996 2098 1254
13635 4 2 0 1 2213 1425 1053 1157
13636 4 2 0 1 1906 2699 1848 1816
13637 4 2 0 1 2121 881 896 846
13638 4 2 0 1 2166 2095 2167 1329
13639 4 2 0 1 2833 3192 2937 2051
13640 4 2 0 1 1749 2925 2937 3192
13641 4 2 0 1 2775 3184 2754 1664
13642 4 2 0 1 1587 2818 1653 3075
13643 4 2 0 1 2775 3159 3184 1664
13644 4 2 0 1 3182 2825 2718 1600
13645 4 2 0 1 2625 2891 2350 1569
13646 4 2 0 1 3182 1557 2661 2718
13647 4 2 0 1 1749 3194 3192 3193
13648 4 2 0 1 1594 2871 1848 2872
13649 4 2 0 1 1017 1389 2187 954
13650 4 2 0 1 2872 2379 1848 2694
13651 4 2 0 1 2652 3179 1989 2808
13652 4 2 0 1 1993 2869 2321 1833
13653 4 2 0 1 1846 283 1848 1847
13654 4 2 0 1 1619 2285 3101 3035
13655 4 2 0 1 2236 2155 2617 2169
13656 4 2 0 1 3034 2902 2740 3101
13657 4 2 0 1 983 2124 1085 997
13658 4 2 0 1 1146 2129 1206 1421
13659 4 2 0 1 1801 2604 1800 1979
13660 4 2 0 1 2005 2265 1309 2019
13661 4 2 0 1 3063 3062 2058 2952
13662 4 2 0 1 2210 2952 3063 2212
13663 4 2 0 1 1104 1082 1083 2184
13664 4 2 0 1 1435 1709 1436 919
13665 4 2 0 1 2004 1966 2669 2733
13666 4 2 0 1 2863 1617 2669 1966
13667 4 2 0 1 1615 2321 2808 2869
13668 4 2 0 1 2728 3086 3179 2727
13669 4 2 0 1 2050 2942 3064 2927
13670 4 2 0 1 933 931 934 3022
13671 4 2 0 1 2251 1381 1296 1107
13672 4 2 0 1 3179 2321 1989 2808
13673 4 2 0 1 1105 2161 2107 2136
13674 4 2 0 1 1621 3072 2606 2261
13675 4 2 0 1 1247 2084 1341 1342
13676 4 2 0 1 2586 2355 2740 1616
13677 4 2 0 1 2304 1130 1131 2168
13678 4 2 0 1 814 2039 1968 1172
13679 4 2 0 1 1282 2039 2158 3075
13680 4 2 0 1 2870 2616 2892 3046
13681 4 2 0 1 2183 2284 1001 2892
13682 4 2 0 1 904 1126 2279 2280
13683 4 2 0 1 2195 895 2235 1449
13684 4 2 0 1 2235 2195 1449 1139
13685 4 2 0 1 1109 2164 1199 1111
13686 4 2 0 1 1109 2164 1111 1029
13687 4 2 0 1 3179 2652 2653 2808
13688 4 2 0 1 2745 1648 2406 3173
13689 4 2 0 1 2063 2943 2953 2475
13690 4 2 0 1 1222 1123 1122 2160
13691 4 2 0 1 1123 2160 975 1122
13692 4 2 0 1 295 2417 296 297
13693 4 2 0 1 3171 2513 2512 2405
13694 4 2 0 1 3195 2849 2814 3053
13695 4 2 0 1 1734 2975 3185 2973
13696 4 2 0 1 1064 1101 1100 2168
13697 4 2 0 1 2246 1365 1369 1063
13698 4 2 0 1 2312 986 1108 1099
13699 4 2 0 1 2752 2642 3028 2847
13700 4 2 0 1 1442 2190 2250 2257
13701 4 2 0 1 2079 2993 2189 2250
13702 4 2 0 1 2078 1018 1004 2250
13703 4 2 0 1 2306 1090 2126 2847
13704 4 2 0 1 2848 2850 1632 2846
13705 4 2 0 1 1766 1551 2846 2555
13706 4 2 0 1 2083 932 987 1044
13707 4 2 0 1 2398 1772 2846 2555
13708 4 2 0 1 2634 2340 2432 2766
13709 4 2 0 1 1272 2276 1021 1022
13710 4 2 0 1 2429 2339 2805 2432
13711 4 2 0 1 3147 1679 2432 2786
13712 4 2 0 1 2069 3202 2256 2921
13713 4 2 0 1 1679 2419 2421 2432
13714 4 2 0 1 1888 1755 2724 2842
13715 4 2 0 1 3170 1888 3165 3155
13716 4 2 0 1 2320 2332 2900 2995
13717 4 2 0 1 2220 2296 2330 2470
13718 4 2 0 1 1963 1591 2633 2412
13719 4 2 0 1 2997 2995 2769 1660
13720 4 2 0 1 1549 2085 2240 2287
13721 4 2 0 1 2994 2154 1660 2996
13722 4 2 0 1 2736 2615 2739 3150
13723 4 2 0 1 1883 2767 2380 2386
13724 4 2 0 1 1048 1254 2163 992
13725 4 2 0 1 2273 2122 3007 2316
13726 4 2 0 1 1282 1097 1166 3047
13727 4 2 0 1 1166 2271 1282 3047
13728 4 2 0 1 1670 1706 2447 2780
13729 4 2 0 1 965 2100 1176 1425
13730 4 2 0 1 2204 1896 1822 2280
13731 4 2 0 1 1684 1740 2780 2781
13732 4 2 0 1 1860 2447 2448 2781
13733 4 2 0 1 3148 2776 2431 3149
13734 4 2 0 1 2031 1688 1696 2791
13735 4 2 0 1 2430 2920 1550 2791
13736 4 2 0 1 1093 1070 2146 1229
13737 4 2 0 1 1380 2184 1430 1153
13738 4 2 0 1 1471 2767 2380 1979
13739 4 2 0 1 1896 2611 2279 2280
13740 4 2 0 1 2216 1321 1204 2108
13741 4 2 0 1 2582 2790 1634 3090
13742 4 2 0 1 1071 1070 1072 2143
13743 4 2 0 1 2436 2437 3149 2431
13744 4 2 0 1 1070 1071 2142 2143
13745 4 2 0 1 2582 2790 3090 3115
13746 4 2 0 1 2429 3147 3149 2421
13747 4 2 0 1 779 3217 152 1753
13748 4 2 0 1 1925 2455 2882 2799
13749 4 2 0 1 183 1603 1794 1770
13750 4 2 0 1 1658 1703 1757 1758
13751 4 2 0 1 2761 2454 3107 2882
13752 4 2 0 1 1355 2303 855 1183
13753 4 2 0 1 2448 2447 2882 2780
13754 4 2 0 1 1302 1005 2993 1151
13755 4 2 0 1 936 2080 1444 1338
13756 4 2 0 1 937 1248 2911 934
13757 4 2 0 1 2881 2761 1901 1682
13758 4 2 0 1 1922 1925 2882 1706
13759 4 2 0 1 1896 3047 2611 2280
13760 4 2 0 1 3202 2255 2256 3070
13761 4 2 0 1 3189 1494 2780 2882
13762 4 2 0 1 969 1248 1087 2119
13763 4 2 0 1 1770 1880 1603 1805
13764 4 2 0 1 2544 2864 2549 1857
13765 4 2 0 1 2265 2005 1276 2258
13766 4 2 0 1 2185 1308 1047 1046
13767 4 2 0 1 2544 2547 2806 1857
13768 4 2 0 1 2780 1529 2798 3109
13769 4 2 0 1 1768 2640 3168 77
13770 4 2 0 1 73 2038 25 2032
13771 4 2 0 1 327 2800 2876 1865
13772 4 2 0 1 1648 2407 2814 2406
13773 4 2 0 1 1068 1071 1294 2145
13774 4 2 0 1 1071 1068 2142 2145
13775 4 2 0 1 1499 2814 1648 2407
13776 4 2 0 1 2759 1499 2753 2814
13777 4 2 0 1 2206 2602 2144 2145
13778 4 2 0 1 2233 2206 2207 2145
13779 4 2 0 1 3068 2952 3070 3069
13780 4 2 0 1 3195 1648 2814 2406
13781 4 2 0 1 920 1233 1177 2175
13782 4 2 0 1 2759 1648 2814 3195
13783 4 2 0 1 2477 2472 3208 2479
13784 4 2 0 1 3158 3051 3052 3159
13785 4 2 0 1 3003 882 878 912
13786 4 2 0 1 1311 2153 2094 876
13787 4 2 0 1 2153 2152 2094 876
13788 4 2 0 1 1806 1805 1603 1579
13789 4 2 0 1 2932 2130 1161 2094
13790 4 2 0 1 2302 2253 2256 2045
13791 4 2 0 1 3050 2478 3169 3208
13792 4 2 0 1 2196 2942 2188 2197
13793 4 2 0 1 1310 1017 2196 2176
13794 4 2 0 1 2981 3052 2171 918
13795 4 2 0 1 2981 3052 918 2821
13796 4 2 0 1 806 18 1968 1397
13797 4 2 0 1 2701 2478 3050 3208
13798 4 2 0 1 316 1855 718 427
13799 4 2 0 1 2478 2477 3208 2479
13800 4 2 0 1 3058 2227 2929 2048
13801 4 2 0 1 1897 1849 1796 1790
13802 4 2 0 1 2251 2312 2286 2311
13803 4 2 0 1 2976 1274 869 2281
13804 4 2 0 1 2151 3040 944 2177
13805 4 2 0 1 1806 1729 1808 242
13806 4 2 0 1 3074 2684 1604 3073
13807 4 2 0 1 3000 2994 1811 2771
13808 4 2 0 1 1895 1128 1385 2642
13809 4 2 0 1 1735 2975 2972 3185
13810 4 2 0 1 3085 3193 2661 2836
13811 4 2 0 1 996 1228 977 3067
13812 4 2 0 1 1266 2072 1267 1066
13813 4 2 0 1 3156 3153 2702 3154
13814 4 2 0 1 2635 1688 2791 1686
13815 4 2 0 1 2242 2934 2935 2222
13816 4 2 0 1 2841 3164 3141 1755
13817 4 2 0 1 3164 2515 1755 3153
13818 4 2 0 1 1207 2242 2194 1205
13819 4 2 0 1 2702 1521 1755 3153
13820 4 2 0 1 1883 2380 2767 1979
13821 4 2 0 1 1710 1802 567 1960
13822 4 2 0 1 2603 1644 1641 2734
13823 4 2 0 1 1216 7 1944 8
13824 4 2 0 1 1755 1500 1521 2702
13825 4 2 0 1 1801 597 1908 1979
13826 4 2 0 1 1521 3164 1755 3153
13827 4 2 0 1 2166 2299 2851 2989
13828 4 2 0 1 832 2319 833 2274
13829 4 2 0 1 2767 1786 1883 1979
13830 4 2 0 1 2955 2960 2957 1953
13831 4 2 0 1 2202 2166 1055 2298
13832 4 2 0 1 2895 2095 2167 2166
13833 4 2 0 1 2841 3164 1755 1521
13834 4 2 0 1 2269 2897 2955 3020
13835 4 2 0 1 2060 1238 965 1176
13836 4 2 0 1 1893 1551 3029 2847
13837 4 2 0 1 2755 1766 2846 2555
13838 4 2 0 1 1384 2087 2098 1254
13839 4 2 0 1 1174 2103 956 957
13840 4 2 0 1 2958 3063 2960 2968
13841 4 2 0 1 2969 3004 2319 1953
13842 4 2 0 1 2720 2063 3069 2247
13843 4 2 0 1 1879 2844 2874 1970
13844 4 2 0 1 2755 2555 1771 1767
13845 4 2 0 1 2152 2130 2094 876
13846 4 2 0 1 2755 1766 2555 1767
13847 4 2 0 1 2130 1161 876 867
13848 4 2 0 1 2932 863 864 866
13849 4 2 0 1 2055 1387 1011 1182
13850 4 2 0 1 2957 2853 1953 2855
13851 4 2 0 1 941 939 1419 2075
13852 4 2 0 1 1791 2704 1790 730
13853 4 2 0 1 2854 1544 2469 2853
13854 4 2 0 1 1222 2160 3087 1349
13855 4 2 0 1 2854 1544 2853 2855
13856 4 2 0 1 1898 1793 1537 2861
13857 4 2 0 1 2684 1849 1537 2861
13858 4 2 0 1 1784 1412 1186 1187
13859 4 2 0 1 895 2235 1449 1348
13860 4 2 0 1 1741 2308 2159 1742
13861 4 2 0 1 2609 1849 2861 2036
13862 4 2 0 1 2684 1793 1537 2610
13863 4 2 0 1 1346 1709 1435 1230
13864 4 2 0 1 1726 1924 1727 1921
13865 4 2 0 1 1992 1727 1675 686
13866 4 2 0 1 1992 1727 686 1921
13867 4 2 0 1 620 1794 1938 1808
13868 4 2 0 1 24 904 25 2038
13869 4 2 0 1 1754 2001 1556 1921
13870 4 2 0 1 2637 2846 2848 1632
13871 4 2 0 1 3074 2637 3213 3056
13872 4 2 0 1 2216 2123 2982 2600
13873 4 2 0 1 1895 1179 1385 1128
13874 4 2 0 1 325 196 198 1746
13875 4 2 0 1 1766 2126 2306 1767
13876 4 2 0 1 1649 2203 2620 3055
13877 4 2 0 1 936 2080 2311 1444
13878 4 2 0 1 1039 1038 2207 1067
13879 4 2 0 1 2806 2537 2584 2548
13880 4 2 0 1 2121 881 2096 896
13881 4 2 0 1 2095 2895 2167 2096
13882 4 2 0 1 881 887 2096 1329
13883 4 2 0 1 887 886 2167 890
13884 4 2 0 1 2806 2584 2537 1722
13885 4 2 0 1 2757 2620 3213 3056
13886 4 2 0 1 3189 122 2881 2448
13887 4 2 0 1 1881 126 2881 3189
13888 4 2 0 1 2147 2150 2148 1185
13889 4 2 0 1 1091 2192 1263 1209
13890 4 2 0 1 2844 1971 2874 1970
13891 4 2 0 1 1163 2281 1162 1052
13892 4 2 0 1 122 126 3189 2881
13893 4 2 0 1 2932 861 863 2218
13894 4 2 0 1 1708 2680 2874 1970
13895 4 2 0 1 2082 2992 2217 2281
13896 4 2 0 1 122 125 126 2881
13897 4 2 0 1 1881 126 127 2881
13898 4 2 0 1 126 125 127 2881
13899 4 2 0 1 2079 2286 2250 3059
13900 4 2 0 1 1333 1145 2107 2106
13901 4 2 0 1 2734 1959 2350 1568
13902 4 2 0 1 1467 2891 2665 1568
13903 4 2 0 1 2584 1961 698 1997
13904 4 2 0 1 1874 1873 2734 1959
13905 4 2 0 1 2355 2667 2734 2891
13906 4 2 0 1 2220 1020 1210 1209
13907 4 2 0 1 1646 2849 3039 2711
13908 4 2 0 1 3040 2296 2151 944
13909 4 2 0 1 2603 2733 2734 2669
13910 4 2 0 1 1855 1542 1968 2017
13911 4 2 0 1 2870 1587 2200 1845
13912 4 2 0 1 2305 1054 1065 819
13913 4 2 0 1 814 2039 1172 1094
13914 4 2 0 1 1090 1179 2306 1414
13915 4 2 0 1 1766 2126 1767 2755
13916 4 2 0 1 2603 1644 2734 2733
13917 4 2 0 1 2060 2100 2062 1176
13918 4 2 0 1 2667 2355 2734 1535
13919 4 2 0 1 2305 2244 1054 1991
13920 4 2 0 1 2213 2210 2089 2952
13921 4 2 0 1 1906 1987 1959 1873
13922 4 2 0 1 2996 2994 2118 2087
13923 4 2 0 1 1926 1713 2034 2899
13924 4 2 0 1 1709 807 1436 1181
13925 4 2 0 1 1709 807 1437 1436
13926 4 2 0 1 1926 1713 2899 796
13927 4 2 0 1 1691 1690 2558 2400
13928 4 2 0 1 1765 1771 31 1738
13929 4 2 0 1 3046 3056 3213 2620
13930 4 2 0 1 1926 1713 796 565
13931 4 2 0 1 1894 2705 2685 1969
13932 4 2 0 1 489 1765 30 74
13933 4 2 0 1 2175 1458 1318 1043
13934 4 2 0 1 1926 1906 796 2899
13935 4 2 0 1 2203 1279 2178 1192
13936 4 2 0 1 2143 1074 1153 1072
13937 4 2 0 1 1926 796 1906 590
13938 4 2 0 1 1822 1315 2642 2178
13939 4 2 0 1 3055 2641 2203 2620
13940 4 2 0 1 3146 2021 1515 2796
13941 4 2 0 1 2375 2518 1469 2366
13942 4 2 0 1 1988 2305 1037 1991
13943 4 2 0 1 1508 2650 3122 2508
13944 4 2 0 1 1991 1432 2244 1054
13945 4 2 0 1 368 311 1481 404
13946 4 2 0 1 2 1417 1978 1677
13947 4 2 0 1 1689 1912 1863 390
13948 4 2 0 1 1912 1689 1863 1490
13949 4 2 0 1 1484 2456 2339 2418
13950 4 2 0 1 2204 1822 2178 1375
13951 4 2 0 1 2022 2023 2797 1527
13952 4 2 0 1 1678 1679 2421 2635
13953 4 2 0 1 2023 2022 2797 2796
13954 4 2 0 1 1498 1731 2811 1732
13955 4 2 0 1 2575 1522 1502 2887
13956 4 2 0 1 1803 1785 1979 1883
13957 4 2 0 1 1432 1991 1037 1054
13958 4 2 0 1 1356 1223 2175 1318
13959 4 2 0 1 2680 1879 2874 1970
13960 4 2 0 1 903 2039 2037 1280
13961 4 2 0 1 2578 2580 1525 2482
13962 4 2 0 1 1927 2793 687 461
13963 4 2 0 1 1135 1356 2175 1318
13964 4 2 0 1 1503 2484 2481 2395
13965 4 2 0 1 2461 3130 1473 1585
13966 4 2 0 1 1585 3130 1473 1523
13967 4 2 0 1 3130 2526 3131 1523
13968 4 2 0 1 1904 1962 1997 136
13969 4 2 0 1 2504 2500 2396 3132
13970 4 2 0 1 2520 2521 1511 2524
13971 4 2 0 1 3134 2561 3132 2396
13972 4 2 0 1 7 685 1623 1944
13973 4 2 0 1 2600 2893 1545 2195
13974 4 2 0 1 2596 1533 2148 2147
13975 4 2 0 1 2263 1540 1948 2589
13976 4 2 0 1 1362 2147 2601 2148
13977 4 2 0 1 1844 1843 1840 2383
13978 4 2 0 1 2895 3083 2167 3006
13979 4 2 0 1 1951 1952 1033 1945
13980 4 2 0 1 2588 3043 2983 2804
13981 4 2 0 1 3152 1774 2466 2854
13982 4 2 0 1 2317 2598 3083 2984
13983 4 2 0 1 1496 2528 1468 2428
13984 4 2 0 1 3006 2984 3083 1545
13985 4 2 0 1 47 46 1754 83
13986 4 2 0 1 2066 1148 2301 1154
13987 4 2 0 1 2584 1961 1722 698
13988 4 2 0 1 46 675 1754 83
13989 4 2 0 1 695 3217 1799 1825
13990 4 2 0 1 1556 1610 3181 1826
13991 4 2 0 1 1648 2759 3187 2756
13992 4 2 0 1 584 1879 1970 583
13993 4 2 0 1 1710 587 12 66
13994 4 2 0 1 648 584 1970 583
13995 4 2 0 1 2263 1540 2608 2591
13996 4 2 0 1 1575 2682 1913 1793
13997 4 2 0 1 1605 1907 1580 2686
13998 4 2 0 1 2850 2638 2848 1581
13999 4 2 0 1 1574 739 1593 1571
14000 4 2 0 1 584 1708 1970 2680
14001 4 2 0 1 2003 2843 2844 1578
14002 4 2 0 1 2615 2736 2466 3150
14003 4 2 0 1 1761 1813 1814 2844
14004 4 2 0 1 648 2003 159 583
14005 4 2 0 1 584 1831 648 1970
14006 4 2 0 1 1693 1658 1576 1667
14007 4 2 0 1 1961 161 626 634
14008 4 2 0 1 1515 2021 2539 2035
14009 4 2 0 1 560 644 2459 1930
14010 4 2 0 1 2535 2692 2021 3113
14011 4 2 0 1 739 1574 1593 1787
14012 4 2 0 1 2238 1103 1340 1241
14013 4 2 0 1 2768 2802 2597 2384
14014 4 2 0 1 202 200 1995 203
14015 4 2 0 1 665 260 383 1482
14016 4 2 0 1 1942 2031 1941 2920
14017 4 2 0 1 1522 2576 1510 2887
14018 4 2 0 1 2713 2252 2205 1728
14019 4 2 0 1 441 1878 443 1593
14020 4 2 0 1 2314 2110 2246 1008
14021 4 2 0 1 3075 3046 3074 1653
14022 4 2 0 1 1190 1369 1063 2246
14023 4 2 0 1 2630 2291 2290 3076
14024 4 2 0 1 3104 3097 1570 2522
14025 4 2 0 1 1643 2735 3101 3142
14026 4 2 0 1 1532 1852 1960 2768
14027 4 2 0 1 3213 3046 1653 3074
14028 4 2 0 1 1597 2534 1593 1564
14029 4 2 0 1 2768 2802 2384 1960
14030 4 2 0 1 3103 2672 1474 1630
14031 4 2 0 1 2736 2587 2739 2261
14032 4 2 0 1 2314 2110 1008 1021
14033 4 2 0 1 3104 1661 2403 1474
14034 4 2 0 1 3130 1523 3106 2486
14035 4 2 0 1 2872 1986 1627 2871
14036 4 2 0 1 3106 3105 2745 1630
14037 4 2 0 1 3104 2673 2670 1570
14038 4 2 0 1 2892 3046 2158 1587
14039 4 2 0 1 1008 2110 1009 1021
14040 4 2 0 1 2500 1511 2396 3132
14041 4 2 0 1 1577 1567 1523 2859
14042 4 2 0 1 1574 1571 1593 1788
14043 4 2 0 1 2249 2618 2065 2284
14044 4 2 0 1 3104 3102 1562 1630
14045 4 2 0 1 2671 1836 1964 2347
14046 4 2 0 1 1130 1101 1131 2168
14047 4 2 0 1 280 1847 283 569
14048 4 2 0 1 2427 2453 1515 2796
14049 4 2 0 1 1862 1878 1593 2390
14050 4 2 0 1 3112 2765 3108 2341
14051 4 2 0 1 2076 1643 3143 1474
14052 4 2 0 1 2967 2970 2721 3203
14053 4 2 0 1 3102 3103 2747 1630
14054 4 2 0 1 3102 2670 1562 1467
14055 4 2 0 1 2504 3132 3134 1502
14056 4 2 0 1 2595 2870 2383 1653
14057 4 2 0 1 2464 2463 2813 2711
14058 4 2 0 1 2509 1887 2732 2643
14059 4 2 0 1 1615 2321 1637 3179
14060 4 2 0 1 1671 1993 1675 435
14061 4 2 0 1 1656 2509 1889 1554
14062 4 2 0 1 1916 1553 2644 3175
14063 4 2 0 1 661 455 1753 493
14064 4 2 0 1 1858 2876 219 1829
14065 4 2 0 1 1640 2343 2627 2624
14066 4 2 0 1 240 2876 1829 1824
14067 4 2 0 1 416 628 1602 537
14068 4 2 0 1 1762 1601 1655 1837
14069 4 2 0 1 147 1832 149 1753
14070 4 2 0 1 2026 58 2028 1941
14071 4 2 0 1 597 1803 1785 1979
14072 4 2 0 1 1817 1715 2679 1576
14073 4 2 0 1 1120 1129 2138 1968
14074 4 2 0 1 1693 1658 1667 135
14075 4 2 0 1 1715 135 155 1658
14076 4 2 0 1 2683 2705 2686 2685
14077 4 2 0 1 2534 1859 1593 1862
14078 4 2 0 1 1196 2335 35 802
14079 4 2 0 1 3068 3062 2946 3070
14080 4 2 0 1 135 1693 1715 142
14081 4 2 0 1 1582 2550 2551 2678
14082 4 2 0 1 1587 2383 1845 2870
14083 4 2 0 1 2968 2269 2211 908
14084 4 2 0 1 117 1860 1900 120
14085 4 2 0 1 2349 1959 2348 2890
14086 4 2 0 1 2343 1640 2627 1594
14087 4 2 0 1 3140 2522 3100 1569
14088 4 2 0 1 1573 2675 2673 3099
14089 4 2 0 1 1830 513 1590 2800
14090 4 2 0 1 2433 1680 1688 2635
14091 4 2 0 1 2213 1125 1115 3070
14092 4 2 0 1 2449 513 140 603
14093 4 2 0 1 2975 2411 2815 3143
14094 4 2 0 1 2754 3209 1735 2470
14095 4 2 0 1 2399 2745 1585 3195
14096 4 2 0 1 2891 2625 3100 1569
14097 4 2 0 1 2902 2132 2668 3037
14098 4 2 0 1 3041 3040 3039 2140
14099 4 2 0 1 2975 3203 2971 2970
14100 4 2 0 1 2977 2057 2094 2949
14101 4 2 0 1 81 1710 1838 82
14102 4 2 0 1 3083 2318 2468 3071
14103 4 2 0 1 1172 2040 2138 1034
14104 4 2 0 1 221 654 218 1601
14105 4 2 0 1 2949 2977 2045 2323
14106 4 2 0 1 2996 2994 2098 1660
14107 4 2 0 1 2416 2417 1716 2446
14108 4 2 0 1 1524 1521 2576 3084
14109 4 2 0 1 2748 300 1804 1716
14110 4 2 0 1 2443 1490 2436 1911
14111 4 2 0 1 1490 1717 2423 1804
14112 4 2 0 1 1738 536 770 2558
14113 4 2 0 1 762 365 521 1776
14114 4 2 0 1 1700 199 1775 201
14115 4 2 0 1 199 200 1775 201
14116 4 2 0 1 1840 1839 688 1777
14117 4 2 0 1 2625 3079 2669 2668
14118 4 2 0 1 2817 2385 1745 2819
14119 4 2 0 1 333 1792 1898 604
14120 4 2 0 1 1795 180 316 176
14121 4 2 0 1 1843 1777 1883 1745
14122 4 2 0 1 1897 2816 1898 173
14123 4 2 0 1 2017 1797 1938 1866
14124 4 2 0 1 1841 164 1838 1839
14125 4 2 0 1 2194 2129 2936 897
14126 4 2 0 1 1791 1897 1898 604
14127 4 2 0 1 1897 1791 241 604
14128 4 2 0 1 2554 2559 3168 1768
14129 4 2 0 1 771 520 268 1805
14130 4 2 0 1 2705 1894 1789 1776
14131 4 2 0 1 630 773 1789 521
14132 4 2 0 1 1894 521 1789 1776
14133 4 2 0 1 188 1770 185 189
14134 4 2 0 1 520 519 268 1805
14135 4 2 0 1 2463 2751 2846 2755
14136 4 2 0 1 2547 2544 2549 1857
14137 4 2 0 1 2818 2819 1653 3075
14138 4 2 0 1 2222 2242 1207 2072
14139 4 2 0 1 2003 159 583 715
14140 4 2 0 1 628 240 416 1602
14141 4 2 0 1 545 147 1753 1825
14142 4 2 0 1 223 221 1824 1602
14143 4 2 0 1 1578 2003 1739 1970
14144 4 2 0 1 2843 2003 2844 1837
14145 4 2 0 1 216 1814 217 218
14146 4 2 0 1 226 228 1824 227
14147 4 2 0 1 230 1815 1824 228
14148 4 2 0 1 2463 2398 2846 1632
14149 4 2 0 1 1833 1993 53 1877
14150 4 2 0 1 1334 1391 1877 53
14151 4 2 0 1 1656 2509 1554 2732
14152 4 2 0 1 1727 476 1921 1886
14153 4 2 0 1 2219 2220 2772 1210
14154 4 2 0 1 2785 1780 2414 2413
14155 4 2 0 1 1897 1796 1745 1744
14156 4 2 0 1 1896 3047 2280 2204
14157 4 2 0 1 2850 2398 1632 2846
14158 4 2 0 1 2139 2237 2189 2190
14159 4 2 0 1 2099 1398 2090 1384
14160 4 2 0 1 1166 2271 3047 2280
14161 4 2 0 1 2690 2386 3172 2380
14162 4 2 0 1 25 904 1461 2038
14163 4 2 0 1 1854 500 1702 409
14164 4 2 0 1 2423 1764 1716 1717
14165 4 2 0 1 2452 2427 2795 1495
14166 4 2 0 1 2452 410 1764 1702
14167 4 2 0 1 1543 2870 2200 1845
14168 4 2 0 1 410 409 400 1702
14169 4 2 0 1 1892 1987 1561 2662
14170 4 2 0 1 441 1713 1862 442
14171 4 2 0 1 2675 1573 2497 2390
14172 4 2 0 1 2530 2877 2390 3110
14173 4 2 0 1 441 1713 442 565
14174 4 2 0 1 441 1713 565 444
14175 4 2 0 1 1859 441 1862 137
14176 4 2 0 1 441 442 1862 137
14177 4 2 0 1 2342 1871 3089 1652
14178 4 2 0 1 293 292 1493 294
14179 4 2 0 1 1669 292 1493 293
14180 4 2 0 1 1568 2665 2890 2350
14181 4 2 0 1 2872 1986 2379 1627
14182 4 2 0 1 2857 2379 1470 1986
14183 4 2 0 1 1617 2603 1965 2696
14184 4 2 0 1 1000 1283 1034 2158
14185 4 2 0 1 1870 2424 1483 2418
14186 4 2 0 1 2200 2040 1034 2138
14187 4 2 0 1 1597 1564 1593 1788
14188 4 2 0 1 1577 1567 2664 2556
14189 4 2 0 1 1564 2675 1878 1787
14190 4 2 0 1 1787 485 512 1663
14191 4 2 0 1 2934 2222 2051 2937
14192 4 2 0 1 1713 796 2662 2899
14193 4 2 0 1 1786 597 329 175
14194 4 2 0 1 1472 1563 1788 2388
14195 4 2 0 1 418 3217 539 538
14196 4 2 0 1 2129 2194 2936 2051
14197 4 2 0 1 2817 1604 1537 3188
14198 4 2 0 1 2870 1543 2383 1845
14199 4 2 0 1 3172 2595 2383 1653
14200 4 2 0 1 2683 1579 2860 2861
14201 4 2 0 1 2683 2705 1789 1579
14202 4 2 0 1 690 732 363 3168
14203 4 2 0 1 2495 2496 2393 1705
14204 4 2 0 1 1817 2496 2678 2550
14205 4 2 0 1 2008 2648 2507 2866
14206 4 2 0 1 2367 2431 3115 1657
14207 4 2 0 1 1974 1821 1492 2007
14208 4 2 0 1 1599 2940 3156 2702
14209 4 2 0 1 51 50 1428 1988
14210 4 2 0 1 2849 3183 3185 3039
14211 4 2 0 1 2037 22 23 1280
14212 4 2 0 1 2639 2638 3029 1551
14213 4 2 0 1 760 19 20 1938
14214 4 2 0 1 2684 1793 2610 2682
14215 4 2 0 1 1843 2385 1745 1883
14216 4 2 0 1 2940 2070 3001 2476
14217 4 2 0 1 2833 1749 2834 2937
14218 4 2 0 1 6 808 7 2029
14219 4 2 0 1 2030 1951 808 2029
14220 4 2 0 1 1771 2812 2755 1767
14221 4 2 0 1 2940 2070 2476 2702
14222 4 2 0 1 2018 502 742 589
14223 4 2 0 1 1097 2162 1000 999
14224 4 2 0 1 886 2096 3006 880
14225 4 2 0 1 1279 2204 999 2641
14226 4 2 0 1 1624 1544 2855 2231
14227 4 2 0 1 2968 965 2060 847
14228 4 2 0 1 3219 2114 2067 1312
14229 4 2 0 1 3007 2984 2216 2316
14230 4 2 0 1 2077 1124 2101 1012
14231 4 2 0 1 2959 2962 2946 2945
14232 4 2 0 1 907 2296 911 910
14233 4 2 0 1 2698 1699 2700 1965
14234 4 2 0 1 2697 1548 1591 2414
14235 4 2 0 1 2697 1548 2414 2898
14236 4 2 0 1 2204 2162 999 2641
14237 4 2 0 1 2858 1963 491 1985
14238 4 2 0 1 2619 2598 2983 3071
14239 4 2 0 1 1743 247 744 1985
14240 4 2 0 1 2698 2697 1983 1984
14241 4 2 0 1 2076 2411 1474 3143
14242 4 2 0 1 63 2033 64 65
14243 4 2 0 1 2415 1939 1645 1779
14244 4 2 0 1 1935 1981 1956 1683
14245 4 2 0 1 2638 2639 3029 2862
14246 4 2 0 1 204 1980 1981 1958
14247 4 2 0 1 2729 1750 2310 2908
14248 4 2 0 1 1763 1598 1958 1995
14249 4 2 0 1 1370 2237 1252 998
14250 4 2 0 1 3026 3000 2119 3205
14251 4 2 0 1 2962 2959 2946 3062
14252 4 2 0 1 685 651 71 1623
14253 4 2 0 1 2619 3043 2612 3071
14254 4 2 0 1 1618 2585 2005 2355
14255 4 2 0 1 2585 1618 2005 2265
14256 4 2 0 1 1932 1933 2506 2709
14257 4 2 0 1 2336 2337 2710 2465
14258 4 2 0 1 2015 2839 2016 1752
14259 4 2 0 1 2105 3011 3014 3015
14260 4 2 0 1 2023 2007 2873 1527
14261 4 2 0 1 2345 1489 2341 1872
14262 4 2 0 1 2763 1872 2360 2341
14263 4 2 0 1 2877 2534 2529 2494
14264 4 2 0 1 2365 137 2541 127
14265 4 2 0 1 1516 3146 2539 2451
14266 4 2 0 1 2528 2359 2494 3111
14267 4 2 0 1 2525 2022 2428 2583
14268 4 2 0 1 2136 2909 3206 2288
14269 4 2 0 1 1778 1479 498 754
14270 4 2 0 1 2140 2268 2126 3038
14271 4 2 0 1 2857 1869 1470 1778
14272 4 2 0 1 2217 2990 2991 2079
14273 4 2 0 1 2106 2730 1002 2209
14274 4 2 0 1 2642 1895 2847 1385
14275 4 2 0 1 2053 3059 2915 2257
14276 4 2 0 1 2056 2938 3069 2939
14277 4 2 0 1 2212 2722 2782 2247
14278 4 2 0 1 3010 2172 3009 2170
14279 4 2 0 1 2475 2056 2943 2476
14280 4 2 0 1 1137 2257 3015 1320
14281 4 2 0 1 2951 2201 3065 2822
14282 4 2 0 1 3026 2013 2828 3205
14283 4 2 0 1 3012 3021 3205 3024
14284 4 2 0 1 2093 2925 2170 2926
14285 4 2 0 1 2248 2088 1612 3069
14286 4 2 0 1 3211 2324 2986 2325
14287 4 2 0 1 1771 1447 1284 1767
14288 4 2 0 1 883 3058 875 2227
14289 4 2 0 1 2470 3008 2330 2102
14290 4 2 0 1 3022 2120 3024 3023
14291 4 2 0 1 2220 2219 2470 2102
14292 4 2 0 1 2192 2219 2220 2102
14293 4 2 0 1 2833 2835 2328 2830
14294 4 2 0 1 2834 2935 2937 1599
14295 4 2 0 1 2163 1051 2240 2185
14296 4 2 0 1 1476 1591 2412 2414
14297 4 2 0 1 1546 2633 1941 2412
14298 4 2 0 1 1476 1591 2414 1984
14299 4 2 0 1 1743 499 1546 1963
14300 4 2 0 1 72 499 546 1546
14301 4 2 0 1 2165 2214 2245 3020
14302 4 2 0 1 2330 2220 2470 2102
14303 4 2 0 1 1103 2238 2239 1032
14304 4 2 0 1 1336 1311 2094 1161
14305 4 2 0 1 2323 1336 2094 1161
14306 4 2 0 1 3059 2912 3024 2914
14307 4 2 0 1 882 3010 877 1164
14308 4 2 0 1 882 2104 913 912
14309 4 2 0 1 915 2201 982 913
14310 4 2 0 1 3015 1041 2105 1374
14311 4 2 0 1 2812 1771 1284 1767
14312 4 2 0 1 2164 1259 888 2114
14313 4 2 0 1 932 3022 2277 931
14314 4 2 0 1 2911 1138 934 1248
14315 4 2 0 1 2082 2083 3022 2277
14316 4 2 0 1 2224 977 3067 2223
14317 4 2 0 1 2223 959 977 976
14318 4 2 0 1 1190 2315 1369 2246
14319 4 2 0 1 2021 2024 1515 2796
14320 4 2 0 1 3067 1328 1365 1228
14321 4 2 0 1 2713 3067 2208 1328
14322 4 2 0 1 2728 2332 2900 2331
14323 4 2 0 1 1207 2242 1205 1295
14324 4 2 0 1 3157 2774 2961 2856
14325 4 2 0 1 2721 3203 2058 3186
14326 4 2 0 1 2124 2246 996 3067
14327 4 2 0 1 2274 2121 2133 842
14328 4 2 0 1 962 840 2133 842
14329 4 2 0 1 840 2274 2133 842
14330 4 2 0 1 2245 1317 2067 3005
14331 4 2 0 1 2114 2245 2067 844
14332 4 2 0 1 1175 1317 3005 2067
14333 4 2 0 1 1027 2114 1088 1030
14334 4 2 0 1 1611 3178 2908 1750
14335 4 2 0 1 1104 1313 2184 1160
14336 4 2 0 1 2191 1244 912 967
14337 4 2 0 1 2721 2952 3186 2058
14338 4 2 0 1 2212 2952 3186 2721
14339 4 2 0 1 919 1181 1430 2184
14340 4 2 0 1 2085 1152 1308 1386
14341 4 2 0 1 1917 1668 2779 1635
14342 4 2 0 1 2163 991 1174 1051
14343 4 2 0 1 2161 2244 2305 1613
14344 4 2 0 1 2320 2332 2995 2154
14345 4 2 0 1 2103 3087 2154 2750
14346 4 2 0 1 3087 2103 2154 2320
14347 4 2 0 1 2165 1245 1404 1143
14348 4 2 0 1 2058 2952 3186 3063
14349 4 2 0 1 2254 2949 2045 3020
14350 4 2 0 1 3157 2774 2856 3203
14351 4 2 0 1 2192 2191 1263 2219
14352 4 2 0 1 2969 2968 2955 1953
14353 4 2 0 1 1336 2323 2094 2221
14354 4 2 0 1 2897 2989 3004 2955
14355 4 2 0 1 2738 1619 3035 2173
14356 4 2 0 1 1619 2285 3035 2173
14357 4 2 0 1 2215 2062 3035 2173
14358 4 2 0 1 2285 2215 3035 2173
14359 4 2 0 1 3217 156 657 1753
14360 4 2 0 1 3144 3145 1734 2973
14361 4 2 0 1 919 1709 1181 2184
14362 4 2 0 1 919 1181 1709 1436
14363 4 2 0 1 1859 441 1593 1862
14364 4 2 0 1 1945 2149 2599 2588
14365 4 2 0 1 808 1951 822 1394
14366 4 2 0 1 2142 1093 2144 1069
14367 4 2 0 1 1741 1709 1230 2146
14368 4 2 0 1 2302 2164 2270 2045
14369 4 2 0 1 1540 2619 1541 2230
14370 4 2 0 1 2164 1259 1199 888
14371 4 2 0 1 2200 2284 2892 1543
14372 4 2 0 1 1338 2083 1044 932
14373 4 2 0 1 1649 1773 1499 2467
14374 4 2 0 1 2968 2060 2855 2097
14375 4 2 0 1 1068 1069 2144 1039
14376 4 2 0 1 2617 2616 1949 3071
14377 4 2 0 1 1039 2181 2207 2183
14378 4 2 0 1 1338 1371 1044 2078
14379 4 2 0 1 2191 1244 1263 2219
14380 4 2 0 1 2070 2472 2974 1500
14381 4 2 0 1 2912 2050 2082 2927
14382 4 2 0 1 3197 2630 2631 2916
14383 4 2 0 1 925 1036 2186 1219
14384 4 2 0 1 972 2993 973 2187
14385 4 2 0 1 3031 3060 2048 3058
14386 4 2 0 1 2985 2835 2048 2830
14387 4 2 0 1 2227 3058 3030 2048
14388 4 2 0 1 3030 3032 2985 2048
14389 4 2 0 1 3030 885 1240 875
14390 4 2 0 1 922 2225 2985 2128
14391 4 2 0 1 2139 2190 1251 1221
14392 4 2 0 1 3145 2975 1734 2973
14393 4 2 0 1 2985 899 921 900
14394 4 2 0 1 2986 2832 2074 2225
14395 4 2 0 1 3076 3091 2636 2344
14396 4 2 0 1 949 922 2127 2128
14397 4 2 0 1 2825 2729 1750 2310
14398 4 2 0 1 1073 1071 2143 2109
14399 4 2 0 1 925 954 2187 924
14400 4 2 0 1 1027 2214 2245 2165
14401 4 2 0 1 2221 1026 1024 1143
14402 4 2 0 1 1264 2134 1238 1086
14403 4 2 0 1 2192 2961 2102 2956
14404 4 2 0 1 1027 2214 1025 1292
14405 4 2 0 1 1027 2214 1292 2245
14406 4 2 0 1 2267 2245 2269 844
14407 4 2 0 1 932 3022 931 933
14408 4 2 0 1 2931 2912 3025 3024
14409 4 2 0 1 371 2633 1942 1941
14410 4 2 0 1 2976 2218 3064 2281
14411 4 2 0 1 371 2633 1941 546
14412 4 2 0 1 2192 2180 1955 2077
14413 4 2 0 1 1292 1317 2137 1227
14414 4 2 0 1 2893 2125 2235 2600
14415 4 2 0 1 2213 1425 1157 2089
14416 4 2 0 1 2229 827 828 2313
14417 4 2 0 1 2600 3007 2216 2123
14418 4 2 0 1 2592 2228 2113 2230
14419 4 2 0 1 2702 2724 3155 1755
14420 4 2 0 1 1327 1415 2218 869
14421 4 2 0 1 2055 2976 2277 2068
14422 4 2 0 1 928 929 930 2277
14423 4 2 0 1 1249 872 868 2198
14424 4 2 0 1 2292 2282 2131 3036
14425 4 2 0 1 1666 3066 3142 2514
14426 4 2 0 1 3101 1643 3100 2735
14427 4 2 0 1 2293 2292 2132 3036
14428 4 2 0 1 3016 2659 3207 2980
14429 4 2 0 1 2108 2147 2982 2109
14430 4 2 0 1 1020 2296 1278 911
14431 4 2 0 1 3040 1006 1278 944
14432 4 2 0 1 2219 2775 1325 2772
14433 4 2 0 1 1215 1314 1362 2601
14434 4 2 0 1 2151 943 944 911
14435 4 2 0 1 3040 960 961 944
14436 4 2 0 1 662 511 2733 1966
14437 4 2 0 1 1801 1946 2604 2741
14438 4 2 0 1 2739 2606 2261 1616
14439 4 2 0 1 2307 2743 2018 2741
14440 4 2 0 1 502 2742 589 2018
14441 4 2 0 1 2216 2147 2108 1204
14442 4 2 0 1 3045 2617 1949 3071
14443 4 2 0 1 2267 2133 2319 3005
14444 4 2 0 1 1533 2596 2982 2147
14445 4 2 0 1 1073 2143 2086 2109
14446 4 2 0 1 3059 3012 3024 3021
14447 4 2 0 1 3080 3210 3082 2731
14448 4 2 0 1 1332 1401 812 2066
14449 4 2 0 1 2011 1121 2106 2066
14450 4 2 0 1 2053 3033 3014 2209
14451 4 2 0 1 166 1840 164 688
14452 4 2 0 1 3000 2828 3026 3027
14453 4 2 0 1 3042 2754 3040 3039
14454 4 2 0 1 2460 2461 1473 1585
14455 4 2 0 1 2569 2402 2565 2883
14456 4 2 0 1 1502 2573 3212 3136
14457 4 2 0 1 1057 1058 1195 2268
14458 4 2 0 1 2216 2147 1204 2150
14459 4 2 0 1 1496 3190 2797 2845
14460 4 2 0 1 2522 3097 3166 1687
14461 4 2 0 1 2520 1509 2346 3097
14462 4 2 0 1 1509 2520 2346 2521
14463 4 2 0 1 3099 3110 2531 2520
14464 4 2 0 1 1595 3095 3093 2346
14465 4 2 0 1 1835 1628 1535 1644
14466 4 2 0 1 2302 850 2270 2164
14467 4 2 0 1 2672 3104 2665 2522
14468 4 2 0 1 2215 2285 3035 3036
14469 4 2 0 1 551 1835 1641 1644
14470 4 2 0 1 931 1138 934 3022
14471 4 2 0 1 2375 2374 1507 1509
14472 4 2 0 1 2018 2307 2733 2019
14473 4 2 0 1 2425 2365 1881 2357
14474 4 2 0 1 2345 3112 2532 2358
14475 4 2 0 1 2360 1485 2358 2541
14476 4 2 0 1 3098 1466 2531 2532
14477 4 2 0 1 2992 2187 2176 2196
14478 4 2 0 1 1591 1550 2624 2340
14479 4 2 0 1 2444 1689 1686 2437
14480 4 2 0 1 2444 1689 1491 1686
14481 4 2 0 1 2968 2960 2955 1953
14482 4 2 0 1 2291 1548 2290 3076
14483 4 2 0 1 2368 1528 2645 2643
14484 4 2 0 1 2857 2379 1986 2787
14485 4 2 0 1 2031 2794 2920 2791
14486 4 2 0 1 590 566 635 1926
14487 4 2 0 1 2044 1470 1698 1725
14488 4 2 0 1 281 1816 282 280
14489 4 2 0 1 3012 2013 3024 3205
14490 4 2 0 1 2343 2634 2624 1640
14491 4 2 0 1 3187 2387 3213 2620
14492 4 2 0 1 1784 1877 2331 2321
14493 4 2 0 1 1852 1844 1840 2383
14494 4 2 0 1 2758 2760 2608 2614
14495 4 2 0 1 73 2038 2032 1729
14496 4 2 0 1 1534 2230 2619 1948
14497 4 2 0 1 1623 1947 1944 1946
14498 4 2 0 1 2559 2677 2678 2687
14499 4 2 0 1 2458 1884 2457 2490
14500 4 2 0 1 2394 1705 2491 3129
14501 4 2 0 1 1700 2688 2687 3168
14502 4 2 0 1 1760 1812 1519 2488
14503 4 2 0 1 2550 3129 2678 1582
14504 4 2 0 1 3171 3132 2574 3141
14505 4 2 0 1 2850 2555 2846 1551
14506 4 2 0 1 2393 1658 2679 1758
14507 4 2 0 1 2676 2553 2638 2559
14508 4 2 0 1 2752 2126 2755 3038
14509 4 2 0 1 2817 2816 1745 1883
14510 4 2 0 1 3170 3118 2512 2513
14511 4 2 0 1 2967 2975 1774 2815
14512 4 2 0 1 1643 2563 3143 1474
14513 4 2 0 1 3139 2672 2403 1474
14514 4 2 0 1 2055 1411 2277 3022
14515 4 2 0 1 2342 1489 1872 3089
14516 4 2 0 1 1870 2418 1483 3089
14517 4 2 0 1 1550 1475 1591 2633
14518 4 2 0 1 658 1851 302 457
14519 4 2 0 1 3066 2514 3116 2516
14520 4 2 0 1 2419 2789 2420 1851
14521 4 2 0 1 2528 2494 2359 1512
14522 4 2 0 1 2357 1468 2799 3107
14523 4 2 0 1 2958 2269 2955 3020
14524 4 2 0 1 2441 2008 2369 2903
14525 4 2 0 1 137 486 2541 127
14526 4 2 0 1 2024 1515 2427 1798
14527 4 2 0 1 1798 1925 1707 1706
14528 4 2 0 1 441 1878 1593 1862
14529 4 2 0 1 1497 2883 1928 1930
14530 4 2 0 1 2650 2376 3121 3122
14531 4 2 0 1 397 2778 396 395
14532 4 2 0 1 397 1820 401 2778
14533 4 2 0 1 1672 1924 2732 1727
14534 4 2 0 1 2883 2884 1929 1930
14535 4 2 0 1 3025 2013 3024 2914
14536 4 2 0 1 622 568 1998 1977
14537 4 2 0 1 2426 1922 1902 1631
14538 4 2 0 1 529 379 633 1707
14539 4 2 0 1 497 2417 2446 1716
14540 4 2 0 1 2881 2761 1682 2425
14541 4 2 0 1 2448 3189 2882 2881
14542 4 2 0 1 1706 2798 2882 2780
14543 4 2 0 1 1928 2883 1929 1930
14544 4 2 0 1 2451 1516 2548 2539
14545 4 2 0 1 1925 2798 2882 1706
14546 4 2 0 1 104 719 379 1798
14547 4 2 0 1 2547 2493 3160 1526
14548 4 2 0 1 2534 2390 1862 1593
14549 4 2 0 1 2759 3053 3054 3195
14550 4 2 0 1 3136 2712 3144 1734
14551 4 2 0 1 2399 2745 3195 2406
14552 4 2 0 1 3195 1585 2399 2464
14553 4 2 0 1 1020 2296 911 907
14554 4 2 0 1 2819 2817 1537 1745
14555 4 2 0 1 1020 2296 907 2220
14556 4 2 0 1 1796 1795 1797 1866
14557 4 2 0 1 1773 2754 2470 2772
14558 4 2 0 1 1497 2883 1930 2884
14559 4 2 0 1 3184 2775 2754 2772
14560 4 2 0 1 2759 3053 3195 2814
14561 4 2 0 1 3158 3051 3208 2821
14562 4 2 0 1 1773 2470 2296 2772
14563 4 2 0 1 3184 3041 2772 3039
14564 4 2 0 1 1755 1500 2702 2840
14565 4 2 0 1 3203 2975 3209 1774
14566 4 2 0 1 3102 2670 1467 2665
14567 4 2 0 1 1474 2403 2561 1661
14568 4 2 0 1 2225 947 922 2074
14569 4 2 0 1 3130 2526 1523 2486
14570 4 2 0 1 2127 1141 1400 3030
14571 4 2 0 1 2610 1584 1581 2664
14572 4 2 0 1 2664 1584 1581 2556
14573 4 2 0 1 2611 1896 2637 3056
14574 4 2 0 1 1316 2090 1384 2088
14575 4 2 0 1 3130 2561 3134 2396
14576 4 2 0 1 3130 2526 2486 2396
14577 4 2 0 1 1509 2561 2403 1661
14578 4 2 0 1 2561 2405 1520 3132
14579 4 2 0 1 1520 1502 3134 3132
14580 4 2 0 1 2782 2783 2285 2099
14581 4 2 0 1 1839 688 593 406
14582 4 2 0 1 1508 2577 3122 3121
14583 4 2 0 1 2507 1507 3122 2375
14584 4 2 0 1 2518 2375 1469 3122
14585 4 2 0 1 2074 947 922 921
14586 4 2 0 1 3066 1666 3116 2514
14587 4 2 0 1 2093 2925 2926 2929
14588 4 2 0 1 873 2929 2926 2197
14589 4 2 0 1 2700 1823 1816 2696
14590 4 2 0 1 2124 2223 977 976
14591 4 2 0 1 3139 2784 2404 1643
14592 4 2 0 1 2697 2626 2696 2623
14593 4 2 0 1 2665 2670 2890 3196
14594 4 2 0 1 3104 3196 1570 2670
14595 4 2 0 1 486 2425 2541 127
14596 4 2 0 1 2529 1512 2494 2528
14597 4 2 0 1 2425 2365 2357 2541
14598 4 2 0 1 1859 2365 2541 2389
14599 4 2 0 1 2761 1922 2426 2455
14600 4 2 0 1 1519 2552 2865 1760
14601 4 2 0 1 1970 1578 2867 1694
14602 4 2 0 1 533 641 2035 1588
14603 4 2 0 1 2539 1516 2482 2363
14604 4 2 0 1 2078 1018 2250 2251
14605 4 2 0 1 1905 1515 2024 1798
14606 4 2 0 1 2809 1887 1924 1921
14607 4 2 0 1 2551 2688 1958 1980
14608 4 2 0 1 2487 1519 3129 2491
14609 4 2 0 1 2677 2703 1758 2678
14610 4 2 0 1 1913 2610 2664 1793
14611 4 2 0 1 489 1647 1765 1768
14612 4 2 0 1 2554 1765 2555 1768
14613 4 2 0 1 2570 2402 2565 2568
14614 4 2 0 1 2849 2464 2399 3135
14615 4 2 0 1 1927 1934 1929 1931
14616 4 2 0 1 2775 3158 3159 1664
14617 4 2 0 1 2810 2883 1928 1497
14618 4 2 0 1 969 940 2119 2118
14619 4 2 0 1 2817 2385 2819 2386
14620 4 2 0 1 2088 2248 2087 1316
14621 4 2 0 1 2903 2525 2501 1511
14622 4 2 0 1 3111 2521 2359 2524
14623 4 2 0 1 1777 1744 1866 593
14624 4 2 0 1 2570 1497 2397 2884
14625 4 2 0 1 2374 2375 1507 2507
14626 4 2 0 1 3072 2614 2608 2760
14627 4 2 0 1 172 1744 1777 593
14628 4 2 0 1 2586 1616 2740 2261
14629 4 2 0 1 2967 2722 2059 2721
14630 4 2 0 1 3102 2665 1467 3100
14631 4 2 0 1 2408 2059 2409 2782
14632 4 2 0 1 2262 2736 1619 2737
14633 4 2 0 1 1654 1629 2667 1836
14634 4 2 0 1 2804 2802 2206 2596
14635 4 2 0 1 2802 2602 1711 2206
14636 4 2 0 1 2802 2149 2596 2804
14637 4 2 0 1 1887 2809 1556 1921
14638 4 2 0 1 2870 2595 2383 1543
14639 4 2 0 1 169 586 328 1801
14640 4 2 0 1 3003 2153 966 878
14641 4 2 0 1 1472 1563 1875 1663
14642 4 2 0 1 1559 2382 2664 2354
14643 4 2 0 1 2618 2870 2892 1543
14644 4 2 0 1 2200 2284 1543 2594
14645 4 2 0 1 1542 2818 1843 1845
14646 4 2 0 1 1883 1843 1538 1840
14647 4 2 0 1 1543 1532 2383 1845
14648 4 2 0 1 1802 1710 82 1838
14649 4 2 0 1 2195 3045 1949 3071
14650 4 2 0 1 1945 1534 2588 1948
14651 4 2 0 1 1951 1952 1948 2113
14652 4 2 0 1 2073 2149 1945 2588
14653 4 2 0 1 2893 3043 2983 3071
14654 4 2 0 1 1951 1531 1948 2029
14655 4 2 0 1 1534 2073 2588 2619
14656 4 2 0 1 170 172 1777 593
14657 4 2 0 1 915 914 2104 913
14658 4 2 0 1 2534 1862 2390 2877
14659 4 2 0 1 1993 2869 1833 1672
14660 4 2 0 1 2223 2124 977 3067
14661 4 2 0 1 3102 3105 1630 2747
14662 4 2 0 1 2367 3094 3093 1687
14663 4 2 0 1 1679 1678 2434 2635
14664 4 2 0 1 2175 1458 1043 1352
14665 4 2 0 1 2634 2786 2340 2430
14666 4 2 0 1 1759 285 621 1846
14667 4 2 0 1 2636 3094 3115 2372
14668 4 2 0 1 1871 2000 1882 1920
14669 4 2 0 1 2755 1646 2711 2463
14670 4 2 0 1 3040 3042 2752 2177
14671 4 2 0 1 2078 2251 2079 2991
14672 4 2 0 1 2399 1734 2406 2814
14673 4 2 0 1 1735 1499 2407 2814
14674 4 2 0 1 1508 3119 3121 2880
14675 4 2 0 1 476 381 1921 382
14676 4 2 0 1 3121 3182 2654 3181
14677 4 2 0 1 1556 2654 2839 3181
14678 4 2 0 1 2328 2111 2168 1232
14679 4 2 0 1 1244 2191 912 2104
14680 4 2 0 1 3016 3017 1558 3048
14681 4 2 0 1 2118 3000 1811 2988
14682 4 2 0 1 3120 3171 2574 3141
14683 4 2 0 1 2116 2911 3024 3022
14684 4 2 0 1 2293 2292 3037 2132
14685 4 2 0 1 2215 2131 3036 3035
14686 4 2 0 1 2132 2293 1642 3037
14687 4 2 0 1 2738 2587 2740 3101
14688 4 2 0 1 1871 2871 1926 2342
14689 4 2 0 1 2877 2358 2360 2532
14690 4 2 0 1 2224 2171 959 2223
14691 4 2 0 1 2665 3100 2522 1569
14692 4 2 0 1 2354 1472 2674 1567
14693 4 2 0 1 2663 2354 2674 1567
14694 4 2 0 1 3130 1585 3106 1523
14695 4 2 0 1 1643 3103 1474 2076
14696 4 2 0 1 1466 1592 2532 2349
14697 4 2 0 1 389 2433 360 386
14698 4 2 0 1 2609 2862 2861 2684
14699 4 2 0 1 81 587 561 1742
14700 4 2 0 1 1880 424 184 1603
14701 4 2 0 1 1805 2705 1907 1579
14702 4 2 0 1 2817 2816 3188 1537
14703 4 2 0 1 2686 1791 1606 2704
14704 4 2 0 1 1961 1905 2035 161
14705 4 2 0 1 2912 3025 3024 2914
14706 4 2 0 1 2443 2797 2439 2440
14707 4 2 0 1 2691 2021 1514 2692
14708 4 2 0 1 641 161 2035 97
14709 4 2 0 1 3190 2765 3108 2583
14710 4 2 0 1 2698 2700 2693 2696
14711 4 2 0 1 1823 2700 1965 2696
14712 4 2 0 1 2452 1486 1495 1764
14713 4 2 0 1 3098 2523 3093 2666
14714 4 2 0 1 1643 2784 3142 2409
14715 4 2 0 1 3095 1595 3093 2744
14716 4 2 0 1 400 399 1911 1702
14717 4 2 0 1 2462 461 79 2793
14718 4 2 0 1 2707 1931 1927 1929
14719 4 2 0 1 1502 1522 2565 2506
14720 4 2 0 1 1511 3132 1505 1507
14721 4 2 0 1 1931 1932 1934 1929
14722 4 2 0 1 2130 870 868 867
14723 4 2 0 1 2130 870 2152 2199
14724 4 2 0 1 2090 2091 2088 1316
14725 4 2 0 1 2372 3138 3094 2371
14726 4 2 0 1 2514 3066 2999 2516
14727 4 2 0 1 399 400 1911 394
14728 4 2 0 1 2048 3060 3191 2923
14729 4 2 0 1 1611 2716 2517 2717
14730 4 2 0 1 2716 3177 1611 2517
14731 4 2 0 1 3140 1666 2404 3116
14732 4 2 0 1 3177 2714 2517 2719
14733 4 2 0 1 1102 1249 866 2198
14734 4 2 0 1 2068 2921 2256 2055
14735 4 2 0 1 2723 1612 2088 2247
14736 4 2 0 1 2998 2770 2999 2099
14737 4 2 0 1 2124 983 976 977
14738 4 2 0 1 2723 1612 2726 2999
14739 4 2 0 1 2632 2770 2999 2998
14740 4 2 0 1 2723 1612 2247 2726
14741 4 2 0 1 3085 3080 2325 2731
14742 4 2 0 1 1611 2718 2717 3180
14743 4 2 0 1 2987 1613 2900 2160
14744 4 2 0 1 3085 3080 2731 3210
14745 4 2 0 1 3085 2656 2325 2329
14746 4 2 0 1 3085 2731 1600 3210
14747 4 2 0 1 3017 3016 3207 2980
14748 4 2 0 1 858 2976 859 2068
14749 4 2 0 1 2262 2592 2264 2260
14750 4 2 0 1 1649 2759 3187 1499
14751 4 2 0 1 1620 2606 3173 3105
14752 4 2 0 1 3148 2636 2794 3091
14753 4 2 0 1 2367 2346 1687 3093
14754 4 2 0 1 865 1376 1011 2068
14755 4 2 0 1 2842 2784 2563 3143
14756 4 2 0 1 2224 977 1014 3067
14757 4 2 0 1 2432 1489 2805 2338
14758 4 2 0 1 2429 2766 2634 2432
14759 4 2 0 1 1646 2849 2711 2463
14760 4 2 0 1 3041 2141 3039 3184
14761 4 2 0 1 1700 2688 3168 690
14762 4 2 0 1 2782 2285 2408 2966
14763 4 2 0 1 1552 2757 2637 3056
14764 4 2 0 1 1870 2424 2445 1864
14765 4 2 0 1 432 431 2445 1650
14766 4 2 0 1 1864 123 2445 432
14767 4 2 0 1 2069 2302 2068 2256
14768 4 2 0 1 2899 2532 2034 1592
14769 4 2 0 1 2034 672 2763 442
14770 4 2 0 1 2994 2771 2998 2997
14771 4 2 0 1 2783 2514 2999 1674
14772 4 2 0 1 3140 3139 2522 1687
14773 4 2 0 1 2784 2722 1736 2726
14774 4 2 0 1 2160 1613 2900 2244
14775 4 2 0 1 2009 1990 1989 2727
14776 4 2 0 1 2069 2302 2256 2045
14777 4 2 0 1 2809 2651 1556 1921
14778 4 2 0 1 401 1889 588 426
14779 4 2 0 1 2219 2470 2773 3065
14780 4 2 0 1 1689 2444 2777 2437
14781 4 2 0 1 1689 1490 2777 2444
14782 4 2 0 1 2792 1553 1916 3114
14783 4 2 0 1 3040 1278 2772 2296
14784 4 2 0 1 315 283 285 1847
14785 4 2 0 1 2433 2791 2635 1688
14786 4 2 0 1 1680 2433 2434 2635
14787 4 2 0 1 1382 2281 987 1162
14788 4 2 0 1 2786 2430 3123 2340
14789 4 2 0 1 2406 1734 2411 2815
14790 4 2 0 1 2024 2023 2795 2796
14791 4 2 0 1 2024 2023 2796 2021
14792 4 2 0 1 2024 2023 2021 2020
14793 4 2 0 1 2024 2023 2020 2795
14794 4 2 0 1 1706 748 631 2447
14795 4 2 0 1 855 2303 856 857
14796 4 2 0 1 2805 2456 2339 2423
14797 4 2 0 1 1522 2883 2565 2506
14798 4 2 0 1 2215 2783 2241 2099
14799 4 2 0 1 1497 2570 2457 2810
14800 4 2 0 1 1502 1522 3212 2565
14801 4 2 0 1 3212 2564 3137 3169
14802 4 2 0 1 1522 3019 2658 3207
14803 4 2 0 1 2039 1809 2037 1280
14804 4 2 0 1 842 2121 1175 846
14805 4 2 0 1 1795 1796 176 1866
14806 4 2 0 1 1729 1806 1807 2860
14807 4 2 0 1 2609 2862 2683 2861
14808 4 2 0 1 1792 1793 1898 2861
14809 4 2 0 1 2720 1612 2247 3069
14810 4 2 0 1 895 2195 2600 3006
14811 4 2 0 1 1702 400 1717 1911
14812 4 2 0 1 886 881 2096 880
14813 4 2 0 1 3117 2516 2373 2719
14814 4 2 0 1 2121 896 1175 846
14815 4 2 0 1 2318 2317 2598 3083
14816 4 2 0 1 2613 1541 2621 3174
14817 4 2 0 1 3006 890 886 895
14818 4 2 0 1 2041 2276 1272 2820
14819 4 2 0 1 2708 2820 2041 1747
14820 4 2 0 1 1760 1812 2865 1519
14821 4 2 0 1 1762 1761 1814 2844
14822 4 2 0 1 1761 1762 2843 2844
14823 4 2 0 1 2003 1879 2844 1837
14824 4 2 0 1 1814 214 216 217
14825 4 2 0 1 1622 1499 2852 3174
14826 4 2 0 1 2959 2962 2945 2956
14827 4 2 0 1 2273 2121 2274 845
14828 4 2 0 1 837 1291 2133 1353
14829 4 2 0 1 400 394 1717 1911
14830 4 2 0 1 2253 1115 1243 2256
14831 4 2 0 1 1735 1499 2852 1622
14832 4 2 0 1 2614 2407 1622 1499
14833 4 2 0 1 3187 1649 1499 2467
14834 4 2 0 1 357 358 359 2788
14835 4 2 0 1 3123 1470 2044 1778
14836 4 2 0 1 1942 774 702 495
14837 4 2 0 1 1688 2776 1696 2791
14838 4 2 0 1 1963 499 491 1985
14839 4 2 0 1 569 315 570 1847
14840 4 2 0 1 1963 1475 2044 2858
14841 4 2 0 1 754 433 1778 492
14842 4 2 0 1 1971 1578 2844 2865
14843 4 2 0 1 2433 386 1688 1680
14844 4 2 0 1 2552 1760 1761 2865
14845 4 2 0 1 394 399 1492 1911
14846 4 2 0 1 2623 2627 2624 3077
14847 4 2 0 1 2857 2377 1918 1869
14848 4 2 0 1 2775 2754 2772 3065
14849 4 2 0 1 2879 2544 1518 1519
14850 4 2 0 1 2544 2483 2864 2806
14851 4 2 0 1 1636 1760 2488 700
14852 4 2 0 1 1473 2401 2490 3133
14853 4 2 0 1 3131 3133 1503 2397
14854 4 2 0 1 2544 2483 1518 2864
14855 4 2 0 1 2538 2536 1525 2482
14856 4 2 0 1 3113 2364 2482 2692
14857 4 2 0 1 1510 1607 2709 2708
14858 4 2 0 1 2709 2506 1505 1933
14859 4 2 0 1 1932 1933 1934 1929
14860 4 2 0 1 1481 621 759 404
14861 4 2 0 1 3019 1522 1510 3061
14862 4 2 0 1 2252 2883 1929 1928
14863 4 2 0 1 2975 3209 1735 2972
14864 4 2 0 1 2276 3017 1558 3019
14865 4 2 0 1 2576 3019 1510 2708
14866 4 2 0 1 2433 386 1680 385
14867 4 2 0 1 1226 1292 2137 1227
14868 4 2 0 1 2895 2095 2989 3004
14869 4 2 0 1 2122 2316 2317 3006
14870 4 2 0 1 2695 1982 1698 2698
14871 4 2 0 1 1759 1481 759 1725
14872 4 2 0 1 2774 2961 2102 2773
14873 4 2 0 1 2023 2691 2020 2906
14874 4 2 0 1 3163 1514 1588 2538
14875 4 2 0 1 2502 3163 2503 2692
14876 4 2 0 1 3032 3191 3057 2829
14877 4 2 0 1 3060 2942 2927 2924
14878 4 2 0 1 2924 3060 2923 2927
14879 4 2 0 1 883 2227 2928 2929
14880 4 2 0 1 3060 2942 2924 2197
14881 4 2 0 1 1115 908 1053 2211
14882 4 2 0 1 3025 2052 3081 3191
14883 4 2 0 1 3030 2227 2048 2985
14884 4 2 0 1 2384 2597 2607 2589
14885 4 2 0 1 1621 3072 2261 2608
14886 4 2 0 1 2380 1915 2383 1539
14887 4 2 0 1 1471 3172 2607 2380
14888 4 2 0 1 1237 883 889 2928
14889 4 2 0 1 1203 883 2093 2926
14890 4 2 0 1 873 883 1203 2926
14891 4 2 0 1 2054 2931 3023 3199
14892 4 2 0 1 2941 3201 2054 3199
14893 4 2 0 1 1902 2416 2445 2426
14894 4 2 0 1 2924 2942 3199 2922
14895 4 2 0 1 1249 872 2198 2196
14896 4 2 0 1 2942 2196 2198 2197
14897 4 2 0 1 3199 2948 2941 2056
14898 4 2 0 1 1387 1376 1243 2256
14899 4 2 0 1 2153 2949 2057 2945
14900 4 2 0 1 2455 2452 1495 2427
14901 4 2 0 1 837 2133 834 1353
14902 4 2 0 1 3157 2953 2058 2962
14903 4 2 0 1 2199 2926 1144 2170
14904 4 2 0 1 2926 2093 1144 2170
14905 4 2 0 1 146 1598 144 162
14906 4 2 0 1 1953 2896 2989 3004
14907 4 2 0 1 1956 2006 1981 1935
14908 4 2 0 1 1954 2964 2965 3186
14909 4 2 0 1 2960 2058 2958 2856
14910 4 2 0 1 2924 2199 3204 2170
14911 4 2 0 1 2715 1674 2726 2999
14912 4 2 0 1 3209 2975 2971 2972
14913 4 2 0 1 2274 837 2133 834
14914 4 2 0 1 2980 3018 3050 3207
14915 4 2 0 1 2117 1246 823 2259
14916 4 2 0 1 2964 2963 2854 1774
14917 4 2 0 1 2296 1278 911 944
14918 4 2 0 1 2061 2822 2974 2947
14919 4 2 0 1 1015 897 2936 889
14920 4 2 0 1 2093 2112 2051 2936
14921 4 2 0 1 2835 2227 2928 2936
14922 4 2 0 1 134 1693 135 141
14923 4 2 0 1 2275 2933 2172 2222
14924 4 2 0 1 3049 2944 2947 3002
14925 4 2 0 1 897 2835 2936 2227
14926 4 2 0 1 1015 2194 2936 897
14927 4 2 0 1 3210 2837 3193 2830
14928 4 2 0 1 2837 3194 3193 2830
14929 4 2 0 1 2262 2592 2260 2736
14930 4 2 0 1 2832 2985 2830 2074
14931 4 2 0 1 1751 2074 2243 2324
14932 4 2 0 1 1751 2074 2324 2986
14933 4 2 0 1 2749 3086 2995 2769
14934 4 2 0 1 2728 1990 2321 2331
14935 4 2 0 1 2193 981 2136 974
14936 4 2 0 1 2179 1234 966 2153
14937 4 2 0 1 1234 1311 966 2153
14938 4 2 0 1 1598 1832 146 1956
14939 4 2 0 1 876 2152 877 878
14940 4 2 0 1 822 2113 823 824
14941 4 2 0 1 2964 1774 2466 3150
14942 4 2 0 1 2153 3002 3010 2947
14943 4 2 0 1 2408 1643 3101 3142
14944 4 2 0 1 3023 2921 2055 2941
14945 4 2 0 1 3001 2070 2933 3049
14946 4 2 0 1 886 1169 880 3006
14947 4 2 0 1 1292 1317 2245 2137
14948 4 2 0 1 1312 2133 835 844
14949 4 2 0 1 2968 965 847 908
14950 4 2 0 1 3200 2120 2911 2119
14951 4 2 0 1 2964 2967 3186 1774
14952 4 2 0 1 3026 2248 3200 3000
14953 4 2 0 1 3026 2248 3000 3027
14954 4 2 0 1 3026 2910 2054 3027
14955 4 2 0 1 3026 2248 3027 2054
14956 4 2 0 1 3026 2248 2054 3200
14957 4 2 0 1 3078 3140 3100 1569
14958 4 2 0 1 2902 2131 2132 3037
14959 4 2 0 1 2516 3117 2373 3116
14960 4 2 0 1 1085 1322 2660 1439
14961 4 2 0 1 3078 3140 2628 1666
14962 4 2 0 1 333 522 1718 797
14963 4 2 0 1 2236 2202 2297 2298
14964 4 2 0 1 2491 1519 3161 3160
14965 4 2 0 1 2894 3045 2851 2167
14966 4 2 0 1 2496 1667 2499 2498
14967 4 2 0 1 2317 2598 2984 2229
14968 4 2 0 1 2600 2893 2195 2235
14969 4 2 0 1 2317 2896 3083 2318
14970 4 2 0 1 1541 2621 2468 3071
14971 4 2 0 1 890 3045 2167 2202
14972 4 2 0 1 2782 2092 2285 2966
14973 4 2 0 1 2812 2239 2711 2268
14974 4 2 0 1 2463 3195 2751 3053
14975 4 2 0 1 2849 3195 2463 3053
14976 4 2 0 1 1609 3061 2246 3067
14977 4 2 0 1 2883 2252 1510 1522
14978 4 2 0 1 3019 2041 1510 2708
14979 4 2 0 1 996 2110 1008 2246
14980 4 2 0 1 1609 2572 3061 3067
14981 4 2 0 1 996 1008 1063 2246
14982 4 2 0 1 3019 1609 3061 2246
14983 4 2 0 1 1660 2770 2998 2098
14984 4 2 0 1 2998 1384 2098 2099
14985 4 2 0 1 1059 1384 2099 2098
14986 4 2 0 1 2099 1398 1384 1059
14987 4 2 0 1 2099 1398 1059 2092
14988 4 2 0 1 1893 1895 3029 2279
14989 4 2 0 1 2846 3029 1551 2847
14990 4 2 0 1 1936 23 2038 2271
14991 4 2 0 1 2642 1090 2847 2126
14992 4 2 0 1 1557 2717 2718 3180
14993 4 2 0 1 1902 2416 2426 2446
14994 4 2 0 1 2638 2682 2683 2862
14995 4 2 0 1 2638 2848 2682 2862
14996 4 2 0 1 2931 2082 2912 3024
14997 4 2 0 1 2825 3182 2718 3180
14998 4 2 0 1 2827 2716 2828 1611
14999 4 2 0 1 3027 2716 2828 2827
15000 4 2 0 1 2910 2939 3027 2827
15001 4 2 0 1 2052 2939 2827 2826
15002 4 2 0 1 1658 155 1715 1756
15003 4 2 0 1 786 2000 1882 308
15004 4 2 0 1 2660 997 1085 2124
15005 4 2 0 1 2408 1619 2059 2966
15006 4 2 0 1 1878 1564 1787 1593
15007 4 2 0 1 2066 1332 1154 812
15008 4 2 0 1 2614 2591 3174 1622
15009 4 2 0 1 3163 1514 2538 2692
15010 4 2 0 1 2393 1576 1658 1566
15011 4 2 0 1 2022 2525 2692 2905
15012 4 2 0 1 2021 2020 2691 2035
15013 4 2 0 1 813 2599 1712 1944
15014 4 2 0 1 2535 2021 2692 1514
15015 4 2 0 1 3085 2836 2661 3084
15016 4 2 0 1 2590 2589 2607 2608
15017 4 2 0 1 2731 1610 1827 1826
15018 4 2 0 1 2731 1610 1826 3181
15019 4 2 0 1 3155 3153 2702 1755
15020 4 2 0 1 2842 3145 2840 1736
15021 4 2 0 1 2714 3119 3121 1557
15022 4 2 0 1 2729 1610 2009 1827
15023 4 2 0 1 470 753 1910 1909
15024 4 2 0 1 2521 1595 2359 2520
15025 4 2 0 1 3125 2491 2392 2542
15026 4 2 0 1 1901 2426 1902 2445
15027 4 2 0 1 2580 2538 1525 2482
15028 4 2 0 1 2500 2501 2505 2395
15029 4 2 0 1 2500 2885 2397 2505
15030 4 2 0 1 1509 2561 1661 2396
15031 4 2 0 1 1999 293 1902 1493
15032 4 2 0 1 2520 2359 2521 2524
15033 4 2 0 1 2520 2526 2524 2396
15034 4 2 0 1 3111 2494 2524 2359
15035 4 2 0 1 2494 3110 2524 2359
15036 4 2 0 1 2527 2364 2363 2524
15037 4 2 0 1 2672 3140 3100 1643
15038 4 2 0 1 314 663 1939 274
15039 4 2 0 1 1616 3102 1467 3100
15040 4 2 0 1 2871 1906 1926 2899
15041 4 2 0 1 2445 1901 1493 1902
15042 4 2 0 1 1466 1640 3093 2744
15043 4 2 0 1 1663 2675 2356 1472
15044 4 2 0 1 2260 2587 2262 2736
15045 4 2 0 1 1658 1704 1703 1566
15046 4 2 0 1 1668 1689 388 391
15047 4 2 0 1 1668 2776 1686 2437
15048 4 2 0 1 1863 387 735 1633
15049 4 2 0 1 2436 2437 2431 2438
15050 4 2 0 1 3210 2047 2986 3082
15051 4 2 0 1 3210 2047 3082 2837
15052 4 2 0 1 1663 2356 2675 1892
15053 4 2 0 1 2833 1749 3192 3193
15054 4 2 0 1 1755 2515 3155 3153
15055 4 2 0 1 3177 2714 2652 3180
15056 4 2 0 1 2938 2475 2476 2056
15057 4 2 0 1 3203 2963 3186 1774
15058 4 2 0 1 2963 2960 2856 3186
15059 4 2 0 1 2212 2059 2965 2966
15060 4 2 0 1 3008 1774 2854 2963
15061 4 2 0 1 3079 2863 2669 3037
15062 4 2 0 1 2349 2348 2662 2532
15063 4 2 0 1 1955 2955 3020 2956
15064 4 2 0 1 3103 2739 3101 1616
15065 4 2 0 1 1585 3128 2398 2556
15066 4 2 0 1 2299 3008 2989 2102
15067 4 2 0 1 3102 1616 2606 2747
15068 4 2 0 1 333 1914 1718 522
15069 4 2 0 1 2637 2846 1632 3028
15070 4 2 0 1 2381 2266 2589 2261
15071 4 2 0 1 1420 2265 2019 1309
15072 4 2 0 1 511 662 2733 2018
15073 4 2 0 1 2042 1932 2709 2886
15074 4 2 0 1 1327 861 869 2218
15075 4 2 0 1 2374 2501 2904 1505
15076 4 2 0 1 1763 1598 1995 1746
15077 4 2 0 1 2574 2887 1505 2709
15078 4 2 0 1 3121 3182 3181 1557
15079 4 2 0 1 2041 2276 2820 1558
15080 4 2 0 1 688 1839 164 406
15081 4 2 0 1 2465 3183 3135 2711
15082 4 2 0 1 1733 1501 2711 2465
15083 4 2 0 1 2031 774 1695 1688
15084 4 2 0 1 1202 3041 1392 2772
15085 4 2 0 1 3041 1201 2141 3184
15086 4 2 0 1 162 1763 482 1746
15087 4 2 0 1 3041 2140 3039 2141
15088 4 2 0 1 3212 2568 3136 2573
15089 4 2 0 1 3212 2566 3137 2568
15090 4 2 0 1 1157 2213 1125 1053
15091 4 2 0 1 2509 1887 2645 1886
15092 4 2 0 1 2765 2744 2338 1466
15093 4 2 0 1 1917 1916 1697 2776
15094 4 2 0 1 2528 3111 2428 2583
15095 4 2 0 1 1495 2453 2845 2455
15096 4 2 0 1 1820 2509 1889 2779
15097 4 2 0 1 2455 2454 2882 2799
15098 4 2 0 1 1925 2798 1706 1798
15099 4 2 0 1 2797 2795 1702 2873
15100 4 2 0 1 2164 1355 888 1199
15101 4 2 0 1 1912 394 1911 1717
15102 4 2 0 1 1887 1861 2645 1886
15103 4 2 0 1 2001 382 723 1886
15104 4 2 0 1 2891 2665 1569 3100
15105 4 2 0 1 2627 2625 3077 2623
15106 4 2 0 1 3139 3140 3138 1687
15107 4 2 0 1 3209 2971 2773 2972
15108 4 2 0 1 2576 2658 3019 1558
15109 4 2 0 1 1117 1049 2287 2085
15110 4 2 0 1 3011 2013 3014 3012
15111 4 2 0 1 2257 2209 1320 2309
15112 4 2 0 1 3015 1041 1374 1320
15113 4 2 0 1 2244 1271 2331 1349
15114 4 2 0 1 2770 2783 2241 3066
15115 4 2 0 1 3179 2728 2727 2321
15116 4 2 0 1 272 314 1939 274
15117 4 2 0 1 3085 3182 2329 3084
15118 4 2 0 1 1782 2869 2321 1637
15119 4 2 0 1 1521 2841 2575 2564
15120 4 2 0 1 3171 3132 1507 2574
15121 4 2 0 1 2477 1522 3169 2564
15122 4 2 0 1 2904 2649 2709 2886
15123 4 2 0 1 3016 3017 3207 2658
15124 4 2 0 1 1131 1751 2304 2168
15125 4 2 0 1 1137 2193 3015 2286
15126 4 2 0 1 2124 983 1295 976
15127 4 2 0 1 2105 3011 3015 3013
15128 4 2 0 1 2082 2116 3022 2083
15129 4 2 0 1 2828 3026 3027 2910
15130 4 2 0 1 3200 3026 3024 2054
15131 4 2 0 1 3200 2054 3024 3023
15132 4 2 0 1 2304 2232 811 1347
15133 4 2 0 1 2232 1301 811 1347
15134 4 2 0 1 2976 2932 2922 2218
15135 4 2 0 1 2082 2992 2281 3064
15136 4 2 0 1 3059 2914 2915 3057
15137 4 2 0 1 1349 1178 1188 2331
15138 4 2 0 1 2189 2050 2188 2217
15139 4 2 0 1 1906 282 307 1873
15140 4 2 0 1 3031 3060 3058 2188
15141 4 2 0 1 3031 3060 2188 3057
15142 4 2 0 1 2180 2179 2192 2956
15143 4 2 0 1 3031 2915 2189 2237
15144 4 2 0 1 1646 2849 3053 3039
15145 4 2 0 1 1479 665 257 258
15146 4 2 0 1 2752 2140 3038 3039
15147 4 2 0 1 2728 2749 2321 3179
15148 4 2 0 1 3041 3040 2772 3039
15149 4 2 0 1 96 2691 95 94
15150 4 2 0 1 1646 2751 3039 3053
15151 4 2 0 1 96 2691 94 2906
15152 4 2 0 1 809 1417 1 1677
15153 4 2 0 1 1962 106 104 105
15154 4 2 0 1 2754 3184 2772 3039
15155 4 2 0 1 1529 1904 1684 2780
15156 4 2 0 1 3040 2140 2752 3039
15157 4 2 0 1 2114 1027 1029 1030
15158 4 2 0 1 3002 2170 2199 2152
15159 4 2 0 1 3010 2172 2170 1164
15160 4 2 0 1 3010 3009 2947 3049
15161 4 2 0 1 3002 2152 3010 2170
15162 4 2 0 1 2153 2950 2945 2947
15163 4 2 0 1 1292 1027 2245 1088
15164 4 2 0 1 2017 1797 1866 1937
15165 4 2 0 1 2269 2897 3020 2245
15166 4 2 0 1 2897 2214 3020 2245
15167 4 2 0 1 2269 2897 2245 2267
15168 4 2 0 1 1093 1741 1293 1230
15169 4 2 0 1 2802 2602 2206 2596
15170 4 2 0 1 820 2084 1152 1056
15171 4 2 0 1 2976 1274 2281 2277
15172 4 2 0 1 484 64 1 1677
15173 4 2 0 1 2978 3199 2921 2922
15174 4 2 0 1 3064 2921 2922 2976
15175 4 2 0 1 2941 3201 3199 2056
15176 4 2 0 1 1076 2086 1395 1081
15177 4 2 0 1 2017 1797 1937 1809
15178 4 2 0 1 1215 1712 2601 2184
15179 4 2 0 1 1215 1712 2184 1313
15180 4 2 0 1 1944 1712 1960 2599
15181 4 2 0 1 1623 1947 1946 2029
15182 4 2 0 1 19 1403 20 1938
15183 4 2 0 1 1361 2159 1293 1092
15184 4 2 0 1 2040 2039 1172 1968
15185 4 2 0 1 2433 386 385 360
15186 4 2 0 1 1658 135 746 1667
15187 4 2 0 1 18 19 2017 1397
15188 4 2 0 1 28 1647 1019 29
15189 4 2 0 1 3069 2091 2952 3070
15190 4 2 0 1 1969 2640 77 3168
15191 4 2 0 1 3069 2952 2091 2247
15192 4 2 0 1 2949 2959 2946 2945
15193 4 2 0 1 2091 2952 3070 2213
15194 4 2 0 1 1932 40 1607 1931
15195 4 2 0 1 2629 2287 2630 2290
15196 4 2 0 1 2794 2920 2916 1941
15197 4 2 0 1 39 1931 40 528
15198 4 2 0 1 2168 2329 2820 3048
15199 4 2 0 1 1349 1271 2331 1188
15200 4 2 0 1 1993 52 1877 1988
15201 4 2 0 1 1993 435 53 52
15202 4 2 0 1 1659 2291 3076 2628
15203 4 2 0 1 2636 1659 3076 2628
15204 4 2 0 1 2964 2967 1774 3150
15205 4 2 0 1 2794 2031 1941 2028
15206 4 2 0 1 61 1546 1339 2289
15207 4 2 0 1 2084 1341 1342 1056
15208 4 2 0 1 2616 2617 2621 3071
15209 4 2 0 1 2600 3007 2123 1169
15210 4 2 0 1 2167 2195 3006 3083
15211 4 2 0 1 242 243 1808 1806
15212 4 2 0 1 1127 1822 2280 1166
15213 4 2 0 1 1729 1806 1808 1807
15214 4 2 0 1 67 686 1675 776
15215 4 2 0 1 1672 2644 2732 2808
15216 4 2 0 1 2623 2343 1591 2624
15217 4 2 0 1 1675 52 1988 777
15218 4 2 0 1 1796 177 174 241
15219 4 2 0 1 1658 1704 1667 746
15220 4 2 0 1 518 1961 1722 370
15221 4 2 0 1 518 1961 370 626
15222 4 2 0 1 93 1588 2691 95
15223 4 2 0 1 94 93 2691 95
15224 4 2 0 1 2213 2210 2952 2211
15225 4 2 0 1 1904 106 107 108
15226 4 2 0 1 683 642 467 1967
15227 4 2 0 1 730 664 1790 241
15228 4 2 0 1 135 364 1658 746
15229 4 2 0 1 364 1704 1658 746
15230 4 2 0 1 782 1860 160 1900
15231 4 2 0 1 1860 446 117 114
15232 4 2 0 1 1860 114 117 116
15233 4 2 0 1 2002 2540 3162 2362
15234 4 2 0 1 2356 1875 1663 1472
15235 4 2 0 1 126 1881 127 128
15236 4 2 0 1 126 740 1881 128
15237 4 2 0 1 3091 3148 2791 2794
15238 4 2 0 1 2129 2834 2660 2934
15239 4 2 0 1 3103 3100 1643 2672
15240 4 2 0 1 3223 149 150 1832
15241 4 2 0 1 1832 3223 3228 150
15242 4 2 0 1 3223 149 1832 1753
15243 4 2 0 1 378 639 3223 3228
15244 4 2 0 1 150 378 3223 3228
15245 4 2 0 1 641 1588 95 97
15246 4 2 0 1 1961 1515 2539 2035
15247 4 2 0 1 2535 2536 2035 2538
15248 4 2 0 1 2194 2129 2660 2934
15249 4 2 0 1 1905 2020 2035 97
15250 4 2 0 1 94 157 96 2906
15251 4 2 0 1 161 1905 2035 97
15252 4 2 0 1 2672 3140 1643 3139
15253 4 2 0 1 2816 1785 173 1744
15254 4 2 0 1 1867 2818 1843 1542
15255 4 2 0 1 669 245 1938 670
15256 4 2 0 1 1579 1903 1790 1807
15257 4 2 0 1 2735 3140 1643 3100
15258 4 2 0 1 364 1704 746 623
15259 4 2 0 1 194 193 195 1769
15260 4 2 0 1 511 2004 2733 1966
15261 4 2 0 1 1796 1797 1745 1866
15262 4 2 0 1 392 1912 394 393
15263 4 2 0 1 3212 2566 2568 2565
15264 4 2 0 1 3112 2528 3108 2583
15265 4 2 0 1 2036 2819 2037 2271
15266 4 2 0 1 2528 3112 2359 2583
15267 4 2 0 1 3111 2528 2359 2583
15268 4 2 0 1 1796 1745 1797 1849
15269 4 2 0 1 2525 3111 2583 2428
15270 4 2 0 1 201 2688 690 202
15271 4 2 0 1 489 2554 74 3168
15272 4 2 0 1 3111 2521 2524 2525
15273 4 2 0 1 3175 3114 2510 3115
15274 4 2 0 1 2433 2791 1688 1942
15275 4 2 0 1 3163 91 372 1588
15276 4 2 0 1 2636 3197 2916 3076
15277 4 2 0 1 2379 2787 3123 2340
15278 4 2 0 1 2269 2968 847 908
15279 4 2 0 1 2420 2430 2786 1679
15280 4 2 0 1 2420 2430 1679 2434
15281 4 2 0 1 1668 2776 1688 1686
15282 4 2 0 1 3123 1470 1778 2857
15283 4 2 0 1 2044 2379 1470 3123
15284 4 2 0 1 2485 2553 2555 3128
15285 4 2 0 1 2432 1489 2338 2342
15286 4 2 0 1 3147 1686 2421 2635
15287 4 2 0 1 1708 606 2800 2680
15288 4 2 0 1 598 1824 460 780
15289 4 2 0 1 469 793 2014 2807
15290 4 2 0 1 582 1645 610 1478
15291 4 2 0 1 1046 1051 2185 1386
15292 4 2 0 1 248 1975 1779 250
15293 4 2 0 1 2560 2553 3128 1581
15294 4 2 0 1 1975 248 1985 249
15295 4 2 0 1 2925 2093 2051 2928
15296 4 2 0 1 247 1780 248 1985
15297 4 2 0 1 2560 2485 3128 2553
15298 4 2 0 1 2401 2811 3133 2568
15299 4 2 0 1 897 2227 2936 889
15300 4 2 0 1 310 534 85 1677
15301 4 2 0 1 3136 2712 1734 3135
15302 4 2 0 1 1522 3169 2565 2571
15303 4 2 0 1 3183 2465 3135 3137
15304 4 2 0 1 2465 2566 2568 3137
15305 4 2 0 1 2565 2402 2566 2568
15306 4 2 0 1 2570 2811 2402 2568
15307 4 2 0 1 2371 1657 3115 2372
15308 4 2 0 1 1869 2857 1470 1846
15309 4 2 0 1 1015 2112 2936 2194
15310 4 2 0 1 1878 1862 2662 2390
15311 4 2 0 1 1237 889 2936 2928
15312 4 2 0 1 1986 2871 1846 1871
15313 4 2 0 1 2049 2992 3064 2218
15314 4 2 0 1 2442 1528 2440 2008
15315 4 2 0 1 2789 1851 1681 2420
15316 4 2 0 1 2572 2224 3050 3169
15317 4 2 0 1 2460 3136 1501 2568
15318 4 2 0 1 1977 798 548 1998
15319 4 2 0 1 2337 1733 2465 2568
15320 4 2 0 1 2409 2782 3142 2408
15321 4 2 0 1 2739 2587 3101 2740
15322 4 2 0 1 347 1890 305 1626
15323 4 2 0 1 2738 2902 2740 2258
15324 4 2 0 1 2273 3226 2274 836
15325 4 2 0 1 1759 1847 1848 2695
15326 4 2 0 1 441 1859 440 137
15327 4 2 0 1 1770 1806 1603 1794
15328 4 2 0 1 1900 2448 1860 1721
15329 4 2 0 1 2132 2902 3101 3036
15330 4 2 0 1 115 326 109 1684
15331 4 2 0 1 606 2876 2800 2680
15332 4 2 0 1 3147 1686 2635 2790
15333 4 2 0 1 2483 341 1525 344
15334 4 2 0 1 1722 2584 1857 2806
15335 4 2 0 1 2864 342 428 339
15336 4 2 0 1 1722 1961 2536 370
15337 4 2 0 1 1651 2435 2429 3149
15338 4 2 0 1 2377 355 353 349
15339 4 2 0 1 1626 1943 348 350
15340 4 2 0 1 1626 347 349 348
15341 4 2 0 1 1678 2434 385 627
15342 4 2 0 1 3096 2435 1651 3149
15343 4 2 0 1 2377 355 349 1868
15344 4 2 0 1 2661 1557 3153 3154
15345 4 2 0 1 431 123 1901 121
15346 4 2 0 1 1925 1515 2427 2799
15347 4 2 0 1 3091 2790 3115 3090
15348 4 2 0 1 1517 2540 3162 2391
15349 4 2 0 1 1517 2389 2391 2542
15350 4 2 0 1 338 1857 1723 337
15351 4 2 0 1 3160 2547 1519 3161
15352 4 2 0 1 3160 1519 2547 2544
15353 4 2 0 1 1983 1982 1984 2044
15354 4 2 0 1 1525 343 559 341
15355 4 2 0 1 2543 343 1525 341
15356 4 2 0 1 336 1723 337 338
15357 4 2 0 1 2560 2485 3129 2394
15358 4 2 0 1 2011 2009 1045 2010
15359 4 2 0 1 1314 1215 1712 2601
15360 4 2 0 1 1992 67 692 480
15361 4 2 0 1 2689 2706 2687 1580
15362 4 2 0 1 1580 2706 2687 1969
15363 4 2 0 1 1854 399 647 414
15364 4 2 0 1 619 400 394 1717
15365 4 2 0 1 2606 3072 3173 2615
15366 4 2 0 1 1620 3173 2606 3072
15367 4 2 0 1 390 1912 1863 514
15368 4 2 0 1 1620 3072 2760 3173
15369 4 2 0 1 1889 1656 403 2779
15370 4 2 0 1 2777 2368 2436 1492
15371 4 2 0 1 1917 1656 403 506
15372 4 2 0 1 554 1917 403 506
15373 4 2 0 1 507 1656 1917 506
15374 4 2 0 1 399 647 395 1492
15375 4 2 0 1 1887 2809 2732 1553
15376 4 2 0 1 1656 1917 403 2779
15377 4 2 0 1 1984 1982 1985 2044
15378 4 2 0 1 1854 500 409 414
15379 4 2 0 1 1923 1974 414 1854
15380 4 2 0 1 1923 629 414 1974
15381 4 2 0 1 2343 2623 1591 2694
15382 4 2 0 1 2681 162 482 624
15383 4 2 0 1 2729 3178 1610 3180
15384 4 2 0 1 1605 2681 479 1756
15385 4 2 0 1 1763 2681 482 1994
15386 4 2 0 1 709 607 1746 153
15387 4 2 0 1 2650 3181 2654 1556
15388 4 2 0 1 190 188 1769 318
15389 4 2 0 1 1684 136 725 107
15390 4 2 0 1 2704 1605 1606 2686
15391 4 2 0 1 730 1606 1791 2704
15392 4 2 0 1 3178 2652 1610 3180
15393 4 2 0 1 3177 2652 3178 3180
15394 4 2 0 1 1734 2849 3185 2814
15395 4 2 0 1 3223 334 493 1753
15396 4 2 0 1 2751 3042 2752 3039
15397 4 2 0 1 3038 1646 3039 2711
15398 4 2 0 1 1832 639 458 636
15399 4 2 0 1 2753 2849 2814 3185
15400 4 2 0 1 235 618 337 1857
15401 4 2 0 1 725 2807 734 136
15402 4 2 0 1 2014 335 369 469
15403 4 2 0 1 3183 1664 3185 3039
15404 4 2 0 1 130 2365 2540 2362
15405 4 2 0 1 1904 136 1684 107
15406 4 2 0 1 67 1992 686 480
15407 4 2 0 1 2009 1988 2010 1989
15408 4 2 0 1 1991 1350 1877 2331
15409 4 2 0 1 358 2433 2434 385
15410 4 2 0 1 1734 2849 2814 2399
15411 4 2 0 1 61 544 1546 1743
15412 4 2 0 1 491 1963 361 546
15413 4 2 0 1 1900 119 120 1901
15414 4 2 0 1 757 1941 1546 449
15415 4 2 0 1 3085 2661 3193 1600
15416 4 2 0 1 2837 1600 2718 2825
15417 4 2 0 1 1621 2353 2381 2605
15418 4 2 0 1 2742 2307 1535 2733
15419 4 2 0 1 2586 1629 2307 2667
15420 4 2 0 1 1783 1833 1697 76
15421 4 2 0 1 2776 1695 1668 1688
15422 4 2 0 1 2744 2429 1634 3149
15423 4 2 0 1 1696 2869 2794 3175
15424 4 2 0 1 774 2031 1695 524
15425 4 2 0 1 389 2433 386 1688
15426 4 2 0 1 3148 1916 1696 3175
15427 4 2 0 1 107 1684 109 725
15428 4 2 0 1 3156 2661 3154 3193
15429 4 2 0 1 3156 2836 2661 3193
15430 4 2 0 1 389 1942 774 702
15431 4 2 0 1 2031 1782 1783 1781
15432 4 2 0 1 1723 235 337 1857
15433 4 2 0 1 1942 371 1941 495
15434 4 2 0 1 1715 624 142 1957
15435 4 2 0 1 1470 2379 1848 1986
15436 4 2 0 1 2636 1659 2372 1637
15437 4 2 0 1 1659 2636 3197 1637
15438 4 2 0 1 2510 2636 2372 1637
15439 4 2 0 1 1994 479 482 425
15440 4 2 0 1 3175 1615 2869 1637
15441 4 2 0 1 519 1994 1769 1805
15442 4 2 0 1 3214 1769 557 318
15443 4 2 0 1 1976 1977 1483 1998
15444 4 2 0 1 848 844 847 2269
15445 4 2 0 1 1097 2204 1166 3047
15446 4 2 0 1 3175 1615 1637 2510
15447 4 2 0 1 490 1969 77 3168
15448 4 2 0 1 1918 2857 1846 1920
15449 4 2 0 1 2901 298 1977 1850
15450 4 2 0 1 568 423 1998 548
15451 4 2 0 1 2864 618 1857 337
15452 4 2 0 1 2712 2972 3208 2973
15453 4 2 0 1 1870 1872 3089 1652
15454 4 2 0 1 2065 1306 2892 2157
15455 4 2 0 1 2424 2416 2445 1999
15456 4 2 0 1 618 2864 1857 1856
15457 4 2 0 1 1608 2336 2567 3169
15458 4 2 0 1 2474 2473 2974 2472
15459 4 2 0 1 2961 2219 2102 2773
15460 4 2 0 1 1695 1917 1668 505
15461 4 2 0 1 1797 1849 1807 1790
15462 4 2 0 1 2775 3158 1664 3065
15463 4 2 0 1 678 677 1873 307
15464 4 2 0 1 2470 2219 2772 3065
15465 4 2 0 1 337 2864 339 1857
15466 4 2 0 1 3189 1740 2781 2780
15467 4 2 0 1 1967 447 2781 229
15468 4 2 0 1 1724 720 602 263
15469 4 2 0 1 2781 447 446 229
15470 4 2 0 1 2781 769 477 447
15471 4 2 0 1 477 3189 1740 2781
15472 4 2 0 1 260 1724 259 261
15473 4 2 0 1 298 2901 297 299
15474 4 2 0 1 497 2446 296 649
15475 4 2 0 1 1482 646 3227 262
15476 4 2 0 1 421 296 2446 649
15477 4 2 0 1 2543 1857 2864 2806
15478 4 2 0 1 477 1740 3189 266
15479 4 2 0 1 477 1740 266 660
15480 4 2 0 1 477 1740 660 769
15481 4 2 0 1 2433 2791 1942 2430
15482 4 2 0 1 1703 1586 1704 623
15483 4 2 0 1 2084 820 62 1056
15484 4 2 0 1 103 1962 634 1905
15485 4 2 0 1 1962 1961 634 1905
15486 4 2 0 1 3091 2790 3090 2634
15487 4 2 0 1 1832 607 148 153
15488 4 2 0 1 2790 1550 2430 2634
15489 4 2 0 1 2790 1550 2634 3091
15490 4 2 0 1 2430 2790 2634 3147
15491 4 2 0 1 2876 327 1815 239
15492 4 2 0 1 1801 1946 501 656
15493 4 2 0 1 1205 2129 1206 1439
15494 4 2 0 1 1906 2871 284 1848
15495 4 2 0 1 448 2031 2028 1941
15496 4 2 0 1 1865 2876 1815 2014
15497 4 2 0 1 1247 2294 1193 1335
15498 4 2 0 1 513 606 2800 613
15499 4 2 0 1 246 1743 2033 1780
15500 4 2 0 1 606 1708 2800 613
15501 4 2 0 1 586 453 1628 1654
15502 4 2 0 1 2433 702 360 359
15503 4 2 0 1 1939 610 1645 1478
15504 4 2 0 1 1878 2675 2662 1892
15505 4 2 0 1 2510 2880 2808 2653
15506 4 2 0 1 2251 2080 1444 2311
15507 4 2 0 1 2880 2510 2808 1553
15508 4 2 0 1 123 1669 1493 1901
15509 4 2 0 1 1622 1774 1735 2815
15510 4 2 0 1 1966 1965 273 1676
15511 4 2 0 1 270 1810 273 1676
15512 4 2 0 1 563 1636 1692 700
15513 4 2 0 1 1816 1906 284 1848
15514 4 2 0 1 1636 376 1692 700
15515 4 2 0 1 1957 2689 2681 1958
15516 4 2 0 1 2495 2676 1758 2678
15517 4 2 0 1 2560 2485 2553 2557
15518 4 2 0 1 1760 1761 473 236
15519 4 2 0 1 2545 1760 1519 2488
15520 4 2 0 1 2495 2496 1705 3129
15521 4 2 0 1 1735 2407 1622 2815
15522 4 2 0 1 1812 473 680 632
15523 4 2 0 1 2144 2308 1711 2206
15524 4 2 0 1 1741 2308 1742 1711
15525 4 2 0 1 2406 1734 2815 2814
15526 4 2 0 1 1761 210 764 473
15527 4 2 0 1 567 1802 165 656
15528 4 2 0 1 1841 164 163 1838
15529 4 2 0 1 2104 2278 2300 2822
15530 4 2 0 1 283 1846 285 1847
15531 4 2 0 1 2474 2823 2822 3009
15532 4 2 0 1 2275 2278 2172 3009
15533 4 2 0 1 3126 1573 2497 1523
15534 4 2 0 1 1731 1730 2457 2810
15535 4 2 0 1 2700 2698 2695 1698
15536 4 2 0 1 2275 2474 2822 3009
15537 4 2 0 1 2833 2835 2830 3192
15538 4 2 0 1 2835 2985 2327 2830
15539 4 2 0 1 2835 2327 2328 2830
15540 4 2 0 1 254 1975 1478 1479
15541 4 2 0 1 321 320 1815 238
15542 4 2 0 1 2716 1673 2999 2997
15543 4 2 0 1 2649 2655 1506 2507
15544 4 2 0 1 2876 234 712 2014
15545 4 2 0 1 1837 1601 1602 1829
15546 4 2 0 1 1590 450 603 1740
15547 4 2 0 1 3145 1665 2840 2973
15548 4 2 0 1 134 1596 1694 1831
15549 4 2 0 1 650 476 686 1727
15550 4 2 0 1 90 331 352 1972
15551 4 2 0 1 2975 3145 2840 2973
15552 4 2 0 1 2973 1665 2974 2472
15553 4 2 0 1 3203 2970 2064 2974
15554 4 2 0 1 1810 707 788 269
15555 4 2 0 1 707 788 2004 1810
15556 4 2 0 1 4 78 788 2004
15557 4 2 0 1 1978 788 4 3
15558 4 2 0 1 707 2004 788 78
15559 4 2 0 1 1090 1179 1385 2847
15560 4 2 0 1 1795 1794 1808 1938
15561 4 2 0 1 1179 1090 2306 2847
15562 4 2 0 1 1895 1179 2847 1385
15563 4 2 0 1 1806 1807 1794 1808
15564 4 2 0 1 1936 1729 1808 1807
15565 4 2 0 1 1794 1795 1808 1807
15566 4 2 0 1 1211 1368 2205 810
15567 4 2 0 1 549 1730 1738 33
15568 4 2 0 1 32 549 1738 33
15569 4 2 0 1 1952 822 825 824
15570 4 2 0 1 1179 1895 2847 2306
15571 4 2 0 1 3028 1896 1552 2637
15572 4 2 0 1 1938 408 670 2017
15573 4 2 0 1 511 78 2019 2004
15574 4 2 0 1 2263 2736 2260 2592
15575 4 2 0 1 1896 3029 2847 1895
15576 4 2 0 1 2304 2232 2820 1747
15577 4 2 0 1 1951 2030 808 822
15578 4 2 0 1 2273 1233 832 830
15579 4 2 0 1 1301 1752 811 44
15580 4 2 0 1 2274 3226 2273 841
15581 4 2 0 1 832 2274 834 836
15582 4 2 0 1 1233 3226 2273 836
15583 4 2 0 1 2274 3226 838 836
15584 4 2 0 1 45 1752 44 811
15585 4 2 0 1 1895 1896 2642 2847
15586 4 2 0 1 1233 2273 832 836
15587 4 2 0 1 2313 832 831 830
15588 4 2 0 1 2593 2469 1544 2230
15589 4 2 0 1 427 80 670 2017
15590 4 2 0 1 45 70 44 1752
15591 4 2 0 1 858 2976 2068 2277
15592 4 2 0 1 2069 857 859 2068
15593 4 2 0 1 1412 1784 55 54
15594 4 2 0 1 1784 1412 55 1186
15595 4 2 0 1 1781 1784 55 1186
15596 4 2 0 1 567 1710 679 66
15597 4 2 0 1 2954 3008 2102 2989
15598 4 2 0 1 1710 12 11 66
15599 4 2 0 1 928 2277 1274 858
15600 4 2 0 1 2942 2049 2922 2198
15601 4 2 0 1 3199 3204 2924 2978
15602 4 2 0 1 283 1816 284 1848
15603 4 2 0 1 2081 2176 2281 2217
15604 4 2 0 1 871 2926 2199 2197
15605 4 2 0 1 2239 1103 1032 1155
15606 4 2 0 1 2221 1024 990 968
15607 4 2 0 1 3008 2957 2856 2963
15608 4 2 0 1 2955 2957 2960 2856
15609 4 2 0 1 2960 2957 2963 2856
15610 4 2 0 1 890 2156 2202 892
15611 4 2 0 1 2683 2682 2686 2861
15612 4 2 0 1 892 909 1231 2156
15613 4 2 0 1 893 2202 891 1337
15614 4 2 0 1 2886 1932 88 41
15615 4 2 0 1 1932 2886 88 2888
15616 4 2 0 1 2329 3048 3084 1558
15617 4 2 0 1 3085 1751 2328 2329
15618 4 2 0 1 760 1938 670 2017
15619 4 2 0 1 1285 2155 902 2169
15620 4 2 0 1 2155 963 1285 902
15621 4 2 0 1 2200 2284 2594 2183
15622 4 2 0 1 890 2156 892 1231
15623 4 2 0 1 2204 1097 1166 1098
15624 4 2 0 1 2700 1816 1848 2693
15625 4 2 0 1 2370 2655 3122 2507
15626 4 2 0 1 1633 658 1851 1678
15627 4 2 0 1 1694 1831 2867 1970
15628 4 2 0 1 1970 1578 1694 1739
15629 4 2 0 1 2176 1224 1330 1462
15630 4 2 0 1 2801 1831 3162 1830
15631 4 2 0 1 2116 2913 3024 2911
15632 4 2 0 1 1708 1831 2801 1830
15633 4 2 0 1 2193 2136 2288 3013
15634 4 2 0 1 3000 1811 2988 3205
15635 4 2 0 1 2272 938 2115 1459
15636 4 2 0 1 1468 2453 3108 1496
15637 4 2 0 1 1858 2549 1857 2875
15638 4 2 0 1 658 1851 1678 1681
15639 4 2 0 1 1858 2549 2875 2874
15640 4 2 0 1 2160 1123 975 1270
15641 4 2 0 1 2434 358 385 627
15642 4 2 0 1 2784 2409 1674 3142
15643 4 2 0 1 1858 2549 2874 1856
15644 4 2 0 1 1442 2190 1253 2250
15645 4 2 0 1 1750 2828 1611 2827
15646 4 2 0 1 1002 1167 2046 2730
15647 4 2 0 1 1041 2105 1374 1145
15648 4 2 0 1 998 951 2309 1396
15649 4 2 0 1 1251 2190 1253 1252
15650 4 2 0 1 2691 3163 2907 2692
15651 4 2 0 1 1858 2549 1856 1857
15652 4 2 0 1 2159 806 1092 1996
15653 4 2 0 1 2039 1281 1283 1172
15654 4 2 0 1 2874 2549 2875 2801
15655 4 2 0 1 1281 2039 1283 1282
15656 4 2 0 1 2105 2193 2107 2288
15657 4 2 0 1 132 1831 267 752
15658 4 2 0 1 3189 2448 2882 2780
15659 4 2 0 1 1881 3189 2881 2882
15660 4 2 0 1 134 1596 133 1667
15661 4 2 0 1 134 133 1596 132
15662 4 2 0 1 1953 3004 2989 2955
15663 4 2 0 1 2312 1455 1108 1358
15664 4 2 0 1 2272 2312 986 1358
15665 4 2 0 1 145 1957 1935 143
15666 4 2 0 1 2272 980 986 2312
15667 4 2 0 1 2124 2246 3067 3017
15668 4 2 0 1 1040 2111 1064 1022
15669 4 2 0 1 2276 3017 3019 2246
15670 4 2 0 1 2110 1322 997 1009
15671 4 2 0 1 2297 2236 2298 2330
15672 4 2 0 1 2314 1191 1273 1272
15673 4 2 0 1 1343 1191 1273 2314
15674 4 2 0 1 145 1957 143 144
15675 4 2 0 1 2304 1130 2168 2232
15676 4 2 0 1 141 1957 142 143
15677 4 2 0 1 2954 2957 2989 2955
15678 4 2 0 1 1064 2111 2168 1022
15679 4 2 0 1 997 2110 1009 1008
15680 4 2 0 1 1700 490 494 713
15681 4 2 0 1 2897 2989 2955 1955
15682 4 2 0 1 141 1957 143 1739
15683 4 2 0 1 639 3228 154 3218
15684 4 2 0 1 2204 3047 2280 1166
15685 4 2 0 1 3189 1494 2882 1881
15686 4 2 0 1 794 153 638 3218
15687 4 2 0 1 2853 2299 1950 3008
15688 4 2 0 1 1591 1550 2916 2624
15689 4 2 0 1 2802 2384 1960 2599
15690 4 2 0 1 394 2777 395 393
15691 4 2 0 1 1840 1802 165 164
15692 4 2 0 1 166 1840 165 164
15693 4 2 0 1 971 948 1426 2046
15694 4 2 0 1 1333 2012 1300 2106
15695 4 2 0 1 1002 950 2046 1426
15696 4 2 0 1 1852 1532 1960 1838
15697 4 2 0 1 1711 2802 1532 1960
15698 4 2 0 1 166 1840 1803 165
15699 4 2 0 1 2190 2139 1251 2250
15700 4 2 0 1 2394 2495 3129 2560
15701 4 2 0 1 1288 1096 2208 1298
15702 4 2 0 1 2124 2246 3017 2110
15703 4 2 0 1 2110 3017 2276 2246
15704 4 2 0 1 2205 3067 1365 2246
15705 4 2 0 1 1797 1867 1745 1866
15706 4 2 0 1 1855 1839 1542 1866
15707 4 2 0 1 1770 1880 187 184
15708 4 2 0 1 188 556 1769 318
15709 4 2 0 1 3043 2619 2983 3071
15710 4 2 0 1 1215 2086 1084 1082
15711 4 2 0 1 2700 2693 1848 2695
15712 4 2 0 1 2596 2983 2148 1533
15713 4 2 0 1 1207 2242 1295 2072
15714 4 2 0 1 1421 2129 1206 897
15715 4 2 0 1 2242 1205 1295 1085
15716 4 2 0 1 2171 2223 2072 976
15717 4 2 0 1 2224 927 1288 959
15718 4 2 0 1 2569 2571 2567 2572
15719 4 2 0 1 2224 927 959 2171
15720 4 2 0 1 1200 3052 1031 3159
15721 4 2 0 1 1932 1933 2889 1934
15722 4 2 0 1 1763 197 1746 198
15723 4 2 0 1 1201 1200 1031 3159
15724 4 2 0 1 1995 198 1763 1746
15725 4 2 0 1 2251 1136 1307 1323
15726 4 2 0 1 1981 671 206 204
15727 4 2 0 1 1381 2251 1307 1107
15728 4 2 0 1 2693 2699 1848 2694
15729 4 2 0 1 1306 964 1001 2892
15730 4 2 0 1 964 1306 2157 2892
15731 4 2 0 1 1001 1000 1034 2892
15732 4 2 0 1 2750 1349 3087 2331
15733 4 2 0 1 2025 1113 1405 1383
15734 4 2 0 1 964 1000 1001 2892
15735 4 2 0 1 1312 2133 844 2067
15736 4 2 0 1 964 2162 1000 2892
15737 4 2 0 1 2782 2409 1674 2722
15738 4 2 0 1 2284 1306 1001 2892
15739 4 2 0 1 1039 1068 1067 2207
15740 4 2 0 1 2183 1035 1034 1001
15741 4 2 0 1 222 1824 220 460
15742 4 2 0 1 222 221 220 1824
15743 4 2 0 1 2874 576 231 1856
15744 4 2 0 1 2077 1124 1012 1140
15745 4 2 0 1 2096 887 2167 1329
15746 4 2 0 1 2202 2167 891 1055
15747 4 2 0 1 1858 2874 231 1856
15748 4 2 0 1 2320 2332 2154 3087
15749 4 2 0 1 3086 1811 2727 2900
15750 4 2 0 1 1226 2180 990 1012
15751 4 2 0 1 2323 1143 1245 2165
15752 4 2 0 1 1811 3086 2995 2900
15753 4 2 0 1 3011 2283 2908 2288
15754 4 2 0 1 2115 937 934 935
15755 4 2 0 1 1310 1415 2218 1327
15756 4 2 0 1 930 2277 932 987
15757 4 2 0 1 1729 772 468 451
15758 4 2 0 1 3011 2283 2288 2105
15759 4 2 0 1 3011 2283 2105 3014
15760 4 2 0 1 1162 1359 1274 2281
15761 4 2 0 1 2217 2081 2082 2281
15762 4 2 0 1 954 1389 2187 924
15763 4 2 0 1 1933 1932 2889 2888
15764 4 2 0 1 2310 3081 3014 2908
15765 4 2 0 1 465 80 1855 697
15766 4 2 0 1 973 972 2187 955
15767 4 2 0 1 2693 2694 1848 2695
15768 4 2 0 1 721 718 711 1855
15769 4 2 0 1 1867 1937 1542 1866
15770 4 2 0 1 1239 2097 1452 2231
15771 4 2 0 1 2803 2149 2599 2148
15772 4 2 0 1 2316 2150 1184 2229
15773 4 2 0 1 2316 2150 2229 2984
15774 4 2 0 1 1841 81 1838 163
15775 4 2 0 1 2751 3028 1632 2846
15776 4 2 0 1 3081 1750 2908 2310
15777 4 2 0 1 2752 2140 2126 3038
15778 4 2 0 1 1933 2502 2501 2904
15779 4 2 0 1 254 1975 1479 253
15780 4 2 0 1 2129 1146 1206 1363
15781 4 2 0 1 256 1724 789 264
15782 4 2 0 1 662 2603 275 1966
15783 4 2 0 1 284 2871 286 1846
15784 4 2 0 1 2871 1871 286 1846
15785 4 2 0 1 1201 1357 1132 2141
15786 4 2 0 1 635 2871 286 284
15787 4 2 0 1 996 1063 3067 2246
15788 4 2 0 1 82 81 163 1838
15789 4 2 0 1 1871 2871 286 635
15790 4 2 0 1 996 983 2124 977
15791 4 2 0 1 2124 2246 2110 996
15792 4 2 0 1 2171 2223 3050 2981
15793 4 2 0 1 1063 1365 3067 2246
15794 4 2 0 1 2588 3043 2804 2597
15795 4 2 0 1 1238 2060 965 1239
15796 4 2 0 1 2100 1398 1176 1425
15797 4 2 0 1 2958 2269 2254 2211
15798 4 2 0 1 2870 1587 3046 2892
15799 4 2 0 1 290 786 1882 308
15800 4 2 0 1 2164 2114 2270 2165
15801 4 2 0 1 2262 2234 2134 1624
15802 4 2 0 1 1711 1742 1838 2308
15803 4 2 0 1 2234 2262 2134 2062
15804 4 2 0 1 2412 2414 2290 1547
15805 4 2 0 1 1591 1548 2916 2412
15806 4 2 0 1 3023 2921 2941 3199
15807 4 2 0 1 2941 3023 3199 2054
15808 4 2 0 1 2942 2199 2922 2924
15809 4 2 0 1 2078 2251 2250 2079
15810 4 2 0 1 2942 2199 2924 2197
15811 4 2 0 1 706 162 482 1746
15812 4 2 0 1 2289 2412 2631 2630
15813 4 2 0 1 1933 2502 2503 2501
15814 4 2 0 1 2041 817 1286 42
15815 4 2 0 1 3138 3118 2512 2373
15816 4 2 0 1 1064 2168 1100 1022
15817 4 2 0 1 2650 2376 2646 2654
15818 4 2 0 1 2041 1343 1273 2314
15819 4 2 0 1 2653 2714 3177 2719
15820 4 2 0 1 3060 2942 2050 2927
15821 4 2 0 1 1909 1690 2457 2490
15822 4 2 0 1 2637 2757 3213 3056
15823 4 2 0 1 1662 329 453 330
15824 4 2 0 1 1662 329 330 1891
15825 4 2 0 1 2184 2143 2086 1153
15826 4 2 0 1 3157 2962 2058 2856
15827 4 2 0 1 3008 2774 2102 2773
15828 4 2 0 1 2853 2299 2851 1950
15829 4 2 0 1 2214 1955 3020 2956
15830 4 2 0 1 79 530 625 2793
15831 4 2 0 1 2907 2906 2866 616
15832 4 2 0 1 2256 2055 2921 3070
15833 4 2 0 1 2091 2248 3070 3069
15834 4 2 0 1 937 2913 2988 2135
15835 4 2 0 1 2996 969 1010 2118
15836 4 2 0 1 2370 2643 2508 1506
15837 4 2 0 1 937 940 2119 1248
15838 4 2 0 1 872 871 868 2197
15839 4 2 0 1 1310 1102 2218 2196
15840 4 2 0 1 2976 861 2932 2218
15841 4 2 0 1 1102 1310 2218 1327
15842 4 2 0 1 2277 930 1382 987
15843 4 2 0 1 2277 930 932 931
15844 4 2 0 1 1005 1007 2078 1106
15845 4 2 0 1 1711 2308 1838 1532
15846 4 2 0 1 676 1555 407 800
15847 4 2 0 1 2771 2997 1811 2716
15848 4 2 0 1 1599 2940 2702 2070
15849 4 2 0 1 1444 1338 2078 1371
15850 4 2 0 1 352 1973 1972 407
15851 4 2 0 1 816 2333 1186 1188
15852 4 2 0 1 1714 2688 363 3168
15853 4 2 0 1 3156 2834 2937 1599
15854 4 2 0 1 2160 2244 1349 1271
15855 4 2 0 1 1178 2333 2331 2750
15856 4 2 0 1 323 1683 204 671
15857 4 2 0 1 2245 2267 2067 844
15858 4 2 0 1 1317 1292 2245 1088
15859 4 2 0 1 2979 2479 2937 2935
15860 4 2 0 1 753 470 1910 374
15861 4 2 0 1 1518 374 375 345
15862 4 2 0 1 2080 2083 2991 2078
15863 4 2 0 1 376 375 1910 374
15864 4 2 0 1 2070 1599 2937 2479
15865 4 2 0 1 1625 419 614 346
15866 4 2 0 1 1625 346 614 347
15867 4 2 0 1 2479 2979 2937 2070
15868 4 2 0 1 387 386 385 1680
15869 4 2 0 1 1678 387 385 1680
15870 4 2 0 1 358 2433 385 360
15871 4 2 0 1 389 1695 1688 504
15872 4 2 0 1 2433 1680 2434 385
15873 4 2 0 1 932 3022 933 2083
15874 4 2 0 1 2777 2778 396 2779
15875 4 2 0 1 1151 1106 2078 1371
15876 4 2 0 1 157 94 616 2906
15877 4 2 0 1 538 537 418 1602
15878 4 2 0 1 1602 416 418 1799
15879 4 2 0 1 537 416 418 1602
15880 4 2 0 1 2070 1599 2479 1500
15881 4 2 0 1 2049 2218 2922 2198
15882 4 2 0 1 1415 1359 2176 2281
15883 4 2 0 1 1151 1302 1218 2993
15884 4 2 0 1 2114 851 1260 888
15885 4 2 0 1 1844 2308 1532 1838
15886 4 2 0 1 2048 3060 3057 3191
15887 4 2 0 1 864 2130 2932 866
15888 4 2 0 1 2479 1599 2937 2935
15889 4 2 0 1 2061 2951 2822 2947
15890 4 2 0 1 1859 137 129 440
15891 4 2 0 1 1699 2698 2700 1698
15892 4 2 0 1 1709 1346 1435 1437
15893 4 2 0 1 1709 13 1346 1437
15894 4 2 0 1 12 1709 807 1437
15895 4 2 0 1 12 13 1709 1437
15896 4 2 0 1 2951 2061 2961 2947
15897 4 2 0 1 1719 623 703 1586
15898 4 2 0 1 1213 2304 1347 1131
15899 4 2 0 1 1101 2243 1149 1131
15900 4 2 0 1 705 1805 508 1770
15901 4 2 0 1 1296 2251 1107 1142
15902 4 2 0 1 2286 2991 3021 3059
15903 4 2 0 1 2286 3021 2311 3013
15904 4 2 0 1 1806 705 771 451
15905 4 2 0 1 1806 705 451 243
15906 4 2 0 1 512 485 592 1663
15907 4 2 0 1 434 1770 462 1794
15908 4 2 0 1 2574 3176 1507 3122
15909 4 2 0 1 1672 1924 1726 2808
15910 4 2 0 1 251 1985 2043 265
15911 4 2 0 1 2378 2434 3123 2420
15912 4 2 0 1 2453 2796 2797 1496
15913 4 2 0 1 673 1794 727 462
15914 4 2 0 1 1868 1869 1480 1481
15915 4 2 0 1 1720 2676 2495 1577
15916 4 2 0 1 1923 1702 2795 2873
15917 4 2 0 1 3221 384 704 487
15918 4 2 0 1 612 720 404 1481
15919 4 2 0 1 311 1869 1481 621
15920 4 2 0 1 1869 1759 1481 621
15921 4 2 0 1 2175 1135 1318 1133
15922 4 2 0 1 2023 2007 1527 2905
15923 4 2 0 1 1702 1854 1911 2873
15924 4 2 0 1 1973 1972 407 1555
15925 4 2 0 1 1819 2648 1973 2645
15926 4 2 0 1 444 796 678 2662
15927 4 2 0 1 1564 2534 2390 2530
15928 4 2 0 1 2497 1564 2530 1597
15929 4 2 0 1 1770 1805 1603 1806
15930 4 2 0 1 739 443 1787 1593
15931 4 2 0 1 1590 450 1740 1865
15932 4 2 0 1 345 2483 2864 1518
15933 4 2 0 1 2139 973 2187 955
15934 4 2 0 1 2544 2865 1519 2547
15935 4 2 0 1 2035 2538 533 1588
15936 4 2 0 1 2505 2580 2395 2501
15937 4 2 0 1 1514 2535 2538 2692
15938 4 2 0 1 352 1973 407 714
15939 4 2 0 1 518 1961 626 634
15940 4 2 0 1 2021 2020 2035 2024
15941 4 2 0 1 1515 1961 1905 2035
15942 4 2 0 1 2511 2042 2708 2709
15943 4 2 0 1 1510 1932 2506 2709
15944 4 2 0 1 2781 769 447 1967
15945 4 2 0 1 2511 2042 1747 2708
15946 4 2 0 1 2576 1522 1510 3019
15947 4 2 0 1 2041 1607 2708 2042
15948 4 2 0 1 2252 2315 3061 2205
15949 4 2 0 1 2252 2315 2205 2707
15950 4 2 0 1 1663 1662 330 1891
15951 4 2 0 1 1965 273 274 275
15952 4 2 0 1 1759 1470 1848 1846
15953 4 2 0 1 309 1873 677 281
15954 4 2 0 1 2307 2355 1535 2733
15955 4 2 0 1 2767 1786 1583 2382
15956 4 2 0 1 371 2633 546 2788
15957 4 2 0 1 1476 1591 1963 2412
15958 4 2 0 1 60 544 1546 61
15959 4 2 0 1 2918 2025 2240 2026
15960 4 2 0 1 329 179 330 1891
15961 4 2 0 1 3078 2291 2628 3077
15962 4 2 0 1 2729 2011 1614 1827
15963 4 2 0 1 3148 2636 3091 3115
15964 4 2 0 1 1844 2308 1838 1841
15965 4 2 0 1 1502 1520 2564 2575
15966 4 2 0 1 2714 1610 2651 2652
15967 4 2 0 1 2576 3120 2376 2574
15968 4 2 0 1 1524 3153 1557 2519
15969 4 2 0 1 2825 1610 2729 2731
15970 4 2 0 1 2654 3182 2656 3181
15971 4 2 0 1 453 454 1835 1662
15972 4 2 0 1 309 1873 281 1641
15973 4 2 0 1 1684 1967 2781 110
15974 4 2 0 1 3079 2294 1548 2898
15975 4 2 0 1 2902 1618 3034 2740
15976 4 2 0 1 2743 2585 2307 2019
15977 4 2 0 1 1940 1906 1816 2699
15978 4 2 0 1 453 1662 1835 1654
15979 4 2 0 1 2350 1940 2734 2696
15980 4 2 0 1 2682 1793 2686 2861
15981 4 2 0 1 2705 1907 1579 2686
15982 4 2 0 1 2393 1658 1758 1703
15983 4 2 0 1 1806 1729 242 451
15984 4 2 0 1 2584 2548 1857 2806
15985 4 2 0 1 1723 2584 2807 2875
15986 4 2 0 1 657 3217 1753 1825
15987 4 2 0 1 2242 2124 2980 2660
15988 4 2 0 1 3017 3019 3207 2658
15989 4 2 0 1 2717 2725 2471 3154
15990 4 2 0 1 1608 3208 3169 3137
15991 4 2 0 1 2834 2660 2934 2935
15992 4 2 0 1 2981 958 1266 918
15993 4 2 0 1 2012 2305 1045 2009
15994 4 2 0 1 49 50 692 2010
15995 4 2 0 1 2750 1349 2331 1178
15996 4 2 0 1 480 1992 2010 692
15997 4 2 0 1 51 67 1988 777
15998 4 2 0 1 2451 1997 3109 2798
15999 4 2 0 1 1875 1663 330 1891
16000 4 2 0 1 2656 1826 2016 2839
16001 4 2 0 1 217 219 1829 231
16002 4 2 0 1 1562 2352 1467 2347
16003 4 2 0 1 1946 2384 1960 1539
16004 4 2 0 1 1915 1538 2383 1840
16005 4 2 0 1 1621 2381 2590 2589
16006 4 2 0 1 1947 1945 1394 2599
16007 4 2 0 1 1819 2008 2442 2007
16008 4 2 0 1 2386 2385 2819 1653
16009 4 2 0 1 1800 2604 1946 1539
16010 4 2 0 1 2760 2690 1584 3213
16011 4 2 0 1 782 160 516 1900
16012 4 2 0 1 1684 326 109 725
16013 4 2 0 1 3172 2690 3213 1653
16014 4 2 0 1 1662 1654 1891 1560
16015 4 2 0 1 3078 2132 1642 2668
16016 4 2 0 1 2292 2293 3037 2294
16017 4 2 0 1 2611 2609 2271 3074
16018 4 2 0 1 2131 2292 3037 2295
16019 4 2 0 1 2132 1642 2668 3037
16020 4 2 0 1 2034 672 442 566
16021 4 2 0 1 2034 672 566 1652
16022 4 2 0 1 1496 2528 2428 2583
16023 4 2 0 1 2345 1489 1872 2342
16024 4 2 0 1 2034 2763 1652 1872
16025 4 2 0 1 2670 2671 2356 2347
16026 4 2 0 1 2389 2533 1597 2542
16027 4 2 0 1 673 1794 1770 183
16028 4 2 0 1 1719 1563 1586 703
16029 4 2 0 1 2671 2675 1892 1561
16030 4 2 0 1 1713 2899 2662 2532
16031 4 2 0 1 673 1794 183 727
16032 4 2 0 1 2372 2628 1659 2636
16033 4 2 0 1 2716 3177 2517 2719
16034 4 2 0 1 3119 2880 2373 2653
16035 4 2 0 1 2372 2628 2636 3094
16036 4 2 0 1 2782 2409 3142 1674
16037 4 2 0 1 2992 2187 2196 2188
16038 4 2 0 1 2784 2722 2726 1674
16039 4 2 0 1 2716 2517 2999 2719
16040 4 2 0 1 725 2807 136 1684
16041 4 2 0 1 743 793 326 1684
16042 4 2 0 1 793 1865 743 755
16043 4 2 0 1 1529 2584 1997 3109
16044 4 2 0 1 2547 1971 2801 2549
16045 4 2 0 1 210 1761 236 473
16046 4 2 0 1 136 734 527 2807
16047 4 2 0 1 740 1881 2449 3189
16048 4 2 0 1 1670 1706 2780 1904
16049 4 2 0 1 1965 2603 1823 2696
16050 4 2 0 1 2003 1935 2843 1739
16051 4 2 0 1 648 2003 583 1970
16052 4 2 0 1 1604 2386 1653 2690
16053 4 2 0 1 2690 2386 1653 3172
16054 4 2 0 1 1504 2388 1705 2859
16055 4 2 0 1 2552 2551 1980 2545
16056 4 2 0 1 2141 2239 1155 1319
16057 4 2 0 1 2496 2492 2498 2499
16058 4 2 0 1 2394 1523 2491 1705
16059 4 2 0 1 2689 1817 2678 2551
16060 4 2 0 1 1720 2393 1705 2495
16061 4 2 0 1 1759 1470 1698 2695
16062 4 2 0 1 1479 784 754 1480
16063 4 2 0 1 2006 2689 1817 1957
16064 4 2 0 1 2552 2545 1980 1760
16065 4 2 0 1 1847 2700 2695 1698
16066 4 2 0 1 219 1858 1829 231
16067 4 2 0 1 310 271 1645 85
16068 4 2 0 1 2975 2972 3185 2973
16069 4 2 0 1 3183 3184 1664 3039
16070 4 2 0 1 2784 1736 2409 3143
16071 4 2 0 1 1643 2784 3143 2563
16072 4 2 0 1 2663 2352 2354 2382
16073 4 2 0 1 217 1814 2874 1829
16074 4 2 0 1 2784 1736 3143 2842
16075 4 2 0 1 61 544 1743 186
16076 4 2 0 1 2552 2545 1760 1519
16077 4 2 0 1 2291 2282 2290 2293
16078 4 2 0 1 1212 1443 1028 2016
16079 4 2 0 1 2304 2325 2016 2015
16080 4 2 0 1 2376 2647 2649 2655
16081 4 2 0 1 1754 2839 1556 2646
16082 4 2 0 1 2283 2729 1614 3082
16083 4 2 0 1 563 74 2558 2557
16084 4 2 0 1 85 1810 1645 1677
16085 4 2 0 1 1994 1775 1763 2681
16086 4 2 0 1 1994 1775 2681 1776
16087 4 2 0 1 1805 2705 1579 1789
16088 4 2 0 1 519 521 1776 1789
16089 4 2 0 1 1806 1579 2860 1789
16090 4 2 0 1 1805 1776 1994 1907
16091 4 2 0 1 1805 2705 1789 1776
16092 4 2 0 1 1699 289 571 570
16093 4 2 0 1 1899 2353 1908 1654
16094 4 2 0 1 3188 1793 1898 1559
16095 4 2 0 1 1719 1563 592 1875
16096 4 2 0 1 182 181 1794 183
16097 4 2 0 1 1973 1861 1818 2645
16098 4 2 0 1 183 1603 1770 184
16099 4 2 0 1 1806 243 451 242
16100 4 2 0 1 139 799 242 1808
16101 4 2 0 1 2704 730 424 1603
16102 4 2 0 1 1795 1790 181 177
16103 4 2 0 1 183 1603 184 181
16104 4 2 0 1 2192 2102 1955 2956
16105 4 2 0 1 2408 2059 2782 2966
16106 4 2 0 1 242 1936 799 468
16107 4 2 0 1 1806 705 243 1770
16108 4 2 0 1 242 1808 243 139
16109 4 2 0 1 1815 227 1824 228
16110 4 2 0 1 1847 1759 1698 2695
16111 4 2 0 1 2092 2173 2062 2215
16112 4 2 0 1 1335 2785 1978 1677
16113 4 2 0 1 1780 2415 1645 1779
16114 4 2 0 1 272 270 1676 1645
16115 4 2 0 1 1939 272 1676 1645
16116 4 2 0 1 1699 1477 571 1939
16117 4 2 0 1 223 652 1602 225
16118 4 2 0 1 380 1762 213 1601
16119 4 2 0 1 454 453 1835 745
16120 4 2 0 1 1964 454 1835 1834
16121 4 2 0 1 2674 2352 2347 2356
16122 4 2 0 1 288 488 1644 589
16123 4 2 0 1 1779 582 317 691
16124 4 2 0 1 454 1964 1835 1662
16125 4 2 0 1 309 677 1834 745
16126 4 2 0 1 371 448 1941 495
16127 4 2 0 1 2011 2729 1614 2283
16128 4 2 0 1 344 2878 1525 2578
16129 4 2 0 1 2353 1908 1583 1979
16130 4 2 0 1 543 640 380 1655
16131 4 2 0 1 654 380 216 1601
16132 4 2 0 1 652 537 538 1602
16133 4 2 0 1 654 543 1602 237
16134 4 2 0 1 2342 2338 2432 2766
16135 4 2 0 1 1678 1680 2434 2635
16136 4 2 0 1 2444 1491 2421 1686
16137 4 2 0 1 677 281 1873 307
16138 4 2 0 1 677 678 1873 1834
16139 4 2 0 1 2031 1942 495 774
16140 4 2 0 1 496 2031 495 774
16141 4 2 0 1 307 1987 796 1906
16142 4 2 0 1 282 1906 307 590
16143 4 2 0 1 575 570 759 1698
16144 4 2 0 1 2665 2891 1467 3100
16145 4 2 0 1 1853 2378 3123 3124
16146 4 2 0 1 295 2417 297 2901
16147 4 2 0 1 1681 1943 2789 3124
16148 4 2 0 1 1484 2424 1483 1999
16149 4 2 0 1 2857 2377 1869 1778
16150 4 2 0 1 1878 2675 1663 1787
16151 4 2 0 1 2859 2388 1472 1788
16152 4 2 0 1 1770 673 189 674
16153 4 2 0 1 1597 1788 1571 2499
16154 4 2 0 1 2520 2486 1661 1573
16155 4 2 0 1 1563 1472 1788 1787
16156 4 2 0 1 1629 1628 1899 2741
16157 4 2 0 1 2742 366 1628 2741
16158 4 2 0 1 2767 1471 1583 1979
16159 4 2 0 1 71 510 6 1623
16160 4 2 0 1 2352 2353 1629 1654
16161 4 2 0 1 586 597 1908 1801
16162 4 2 0 1 2899 2349 2662 2532
16163 4 2 0 1 2671 2670 2356 2675
16164 4 2 0 1 1663 791 330 1662
16165 4 2 0 1 2092 2173 2215 2285
16166 4 2 0 1 350 1943 659 3124
16167 4 2 0 1 1982 2698 1477 1698
16168 4 2 0 1 2434 2430 2788 3123
16169 4 2 0 1 2699 2872 1848 2694
16170 4 2 0 1 1759 1869 1470 1846
16171 4 2 0 1 1699 2700 1847 1698
16172 4 2 0 1 796 565 590 1926
16173 4 2 0 1 1592 1594 1466 2342
16174 4 2 0 1 2765 2744 1466 1595
16175 4 2 0 1 2627 1640 2666 1594
16176 4 2 0 1 1592 1594 2342 2899
16177 4 2 0 1 485 444 791 1892
16178 4 2 0 1 18 806 1968 1996
16179 4 2 0 1 344 1525 2878 559
16180 4 2 0 1 2844 2552 2843 1761
16181 4 2 0 1 2183 1035 2138 1034
16182 4 2 0 1 173 1897 1744 174
16183 4 2 0 1 1453 1741 2159 1262
16184 4 2 0 1 2070 2472 1500 2479
16185 4 2 0 1 765 1973 1818 714
16186 4 2 0 1 288 1644 2733 2018
16187 4 2 0 1 1803 1915 1800 1840
16188 4 2 0 1 1801 1946 1800 2604
16189 4 2 0 1 2384 2768 1960 1539
16190 4 2 0 1 984 2993 1330 1462
16191 4 2 0 1 1944 503 9 86
16192 4 2 0 1 377 2878 687 560
16193 4 2 0 1 698 1723 527 517
16194 4 2 0 1 1956 611 1935 1683
16195 4 2 0 1 1956 2006 1935 1957
16196 4 2 0 1 134 1693 141 1694
16197 4 2 0 1 1956 147 1683 1832
16198 4 2 0 1 144 145 1956 146
16199 4 2 0 1 276 1965 274 275
16200 4 2 0 1 2064 1500 2070 2974
16201 4 2 0 1 2631 2794 1941 2028
16202 4 2 0 1 707 2004 78 511
16203 4 2 0 1 1823 2603 1641 2734
16204 4 2 0 1 662 707 511 1966
16205 4 2 0 1 2878 728 560 559
16206 4 2 0 1 2824 2823 2974 2070
16207 4 2 0 1 1882 1976 306 1919
16208 4 2 0 1 1547 2414 2290 2294
16209 4 2 0 1 1871 2000 1920 3089
16210 4 2 0 1 1487 1625 1890 1919
16211 4 2 0 1 1779 582 691 1478
16212 4 2 0 1 2070 2824 2064 2974
16213 4 2 0 1 1676 2415 1645 2413
16214 4 2 0 1 2698 2415 2413 1984
16215 4 2 0 1 553 1832 636 1746
16216 4 2 0 1 2681 162 624 1598
16217 4 2 0 1 636 325 1746 637
16218 4 2 0 1 1805 508 268 771
16219 4 2 0 1 2681 1598 1957 1958
16220 4 2 0 1 1935 1739 143 1957
16221 4 2 0 1 1739 159 143 766
16222 4 2 0 1 2552 1981 2843 1761
16223 4 2 0 1 2552 1981 1761 1980
16224 4 2 0 1 3161 2498 2546 2492
16225 4 2 0 1 1693 1578 1694 2498
16226 4 2 0 1 46 1826 47 1754
16227 4 2 0 1 46 1826 1754 2016
16228 4 2 0 1 2070 2064 2824 2476
16229 4 2 0 1 2287 2289 2630 2290
16230 4 2 0 1 69 1931 528 40
16231 4 2 0 1 1114 2750 1118 2027
16232 4 2 0 1 1046 992 1047 2185
16233 4 2 0 1 1049 1047 2185 2085
16234 4 2 0 1 1046 991 2185 1051
16235 4 2 0 1 2154 1549 2163 2240
16236 4 2 0 1 2497 1523 1567 2859
16237 4 2 0 1 2535 2021 1514 2035
16238 4 2 0 1 1530 2361 3109 2362
16239 4 2 0 1 1513 2527 2482 2481
16240 4 2 0 1 2535 2021 2035 2539
16241 4 2 0 1 2525 2364 2363 3113
16242 4 2 0 1 2698 2700 2695 2693
16243 4 2 0 1 1470 1759 1848 2695
16244 4 2 0 1 2043 1982 1698 2044
16245 4 2 0 1 2695 1982 2698 1983
16246 4 2 0 1 2911 3026 3205 3024
16247 4 2 0 1 1323 2257 1180 1442
16248 4 2 0 1 3139 2784 1643 2563
16249 4 2 0 1 2312 2272 2193 3013
16250 4 2 0 1 3059 3021 3024 2991
16251 4 2 0 1 2047 3033 2310 2829
16252 4 2 0 1 2824 3157 2953 2064
16253 4 2 0 1 2878 728 559 1525
16254 4 2 0 1 2064 1736 2724 2840
16255 4 2 0 1 2712 3183 1664 3185
16256 4 2 0 1 3208 3144 2973 1665
16257 4 2 0 1 2721 1736 2064 2970
16258 4 2 0 1 3203 2721 2064 2970
16259 4 2 0 1 2953 3203 2721 2064
16260 4 2 0 1 728 343 559 1525
16261 4 2 0 1 1736 2720 2721 2064
16262 4 2 0 1 2517 3170 1557 3155
16263 4 2 0 1 1931 69 528 643
16264 4 2 0 1 344 1525 559 341
16265 4 2 0 1 2931 3025 2054 3024
16266 4 2 0 1 2090 2723 2088 2247
16267 4 2 0 1 1047 1049 1117 2085
16268 4 2 0 1 2632 1549 2241 1660
16269 4 2 0 1 1864 1976 1483 1998
16270 4 2 0 1 1118 1378 1383 2240
16271 4 2 0 1 2282 2292 1193 2287
16272 4 2 0 1 2239 1340 1155 1319
16273 4 2 0 1 2095 2096 2167 1329
16274 4 2 0 1 2095 896 2096 1329
16275 4 2 0 1 2141 2239 1032 1155
16276 4 2 0 1 3140 3139 2404 1643
16277 4 2 0 1 1180 1136 1137 2286
16278 4 2 0 1 2251 2312 1136 2286
16279 4 2 0 1 1180 1137 2257 2286
16280 4 2 0 1 2317 2229 2231 1544
16281 4 2 0 1 1145 2105 1374 1441
16282 4 2 0 1 1669 292 547 1493
16283 4 2 0 1 2842 3145 3143 2563
16284 4 2 0 1 2218 2976 869 2281
16285 4 2 0 1 2219 1305 1209 1210
16286 4 2 0 1 2911 937 934 2115
16287 4 2 0 1 2277 1411 931 3022
16288 4 2 0 1 2143 1074 1072 1073
16289 4 2 0 1 2345 2358 2360 2341
16290 4 2 0 1 1454 2123 1427 1171
16291 4 2 0 1 2804 2149 2596 2983
16292 4 2 0 1 1135 1080 2108 1235
16293 4 2 0 1 15 1841 405 550
16294 4 2 0 1 15 1841 550 1742
16295 4 2 0 1 711 1841 163 550
16296 4 2 0 1 2469 2318 2853 1544
16297 4 2 0 1 2969 2267 843 2319
16298 4 2 0 1 2592 2228 2230 1544
16299 4 2 0 1 1062 2062 1238 1264
16300 4 2 0 1 2199 870 2152 1144
16301 4 2 0 1 2142 1093 1069 1070
16302 4 2 0 1 437 765 1818 714
16303 4 2 0 1 3172 2595 2607 2383
16304 4 2 0 1 1092 16 1361 1996
16305 4 2 0 1 2613 2616 2621 3071
16306 4 2 0 1 2614 2758 3174 2591
16307 4 2 0 1 1819 2442 1818 2007
16308 4 2 0 1 244 243 1808 139
16309 4 2 0 1 3187 2757 1649 2620
16310 4 2 0 1 2155 2203 2169 1285
16311 4 2 0 1 2330 3008 2852 1950
16312 4 2 0 1 3209 2470 3008 2852
16313 4 2 0 1 1239 843 1452 2097
16314 4 2 0 1 2897 3005 2137 2245
16315 4 2 0 1 1770 189 673 185
16316 4 2 0 1 1841 81 163 550
16317 4 2 0 1 3040 1006 944 961
16318 4 2 0 1 1096 1288 2174 988
16319 4 2 0 1 1772 1733 2711 2812
16320 4 2 0 1 2174 2336 1032 1031
16321 4 2 0 1 992 991 2163 2185
16322 4 2 0 1 1046 991 992 2185
16323 4 2 0 1 1049 1048 1549 2185
16324 4 2 0 1 1047 1048 1049 2185
16325 4 2 0 1 992 1048 2185 2163
16326 4 2 0 1 992 1047 2185 1048
16327 4 2 0 1 973 2139 1250 955
16328 4 2 0 1 3191 2912 3057 2829
16329 4 2 0 1 872 2197 868 2198
16330 4 2 0 1 1389 1017 2187 2196
16331 4 2 0 1 2186 2188 2189 3031
16332 4 2 0 1 243 244 1808 1794
16333 4 2 0 1 3058 2196 2188 2197
16334 4 2 0 1 420 3222 591 580
16335 4 2 0 1 2235 1139 1067 2207
16336 4 2 0 1 2233 2893 2983 2596
16337 4 2 0 1 2182 2181 2207 2144
16338 4 2 0 1 2181 2182 2207 2183
16339 4 2 0 1 1294 2235 1067 2145
16340 4 2 0 1 2284 2207 2183 1038
16341 4 2 0 1 1139 2195 2065 2249
16342 4 2 0 1 2130 2977 2922 2978
16343 4 2 0 1 2233 3043 2249 1543
16344 4 2 0 1 2317 2313 2231 2229
16345 4 2 0 1 1724 575 759 1698
16346 4 2 0 1 1544 2229 2230 2598
16347 4 2 0 1 1541 2619 2598 2230
16348 4 2 0 1 3054 2751 3028 1632
16349 4 2 0 1 2097 2134 1239 2060
16350 4 2 0 1 2593 2964 2737 2855
16351 4 2 0 1 2229 2073 2230 2598
16352 4 2 0 1 3187 1499 3174 2467
16353 4 2 0 1 1464 1103 1096 2238
16354 4 2 0 1 2570 2884 2573 2565
16355 4 2 0 1 2233 2804 2596 2983
16356 4 2 0 1 34 1730 75 33
16357 4 2 0 1 2238 1103 1241 1373
16358 4 2 0 1 2315 3019 3061 2246
16359 4 2 0 1 2315 2314 3019 2246
16360 4 2 0 1 1485 2341 2358 3108
16361 4 2 0 1 2272 2135 2136 3013
16362 4 2 0 1 1201 3041 1202 3184
16363 4 2 0 1 2759 3053 2814 2753
16364 4 2 0 1 1824 221 1829 1602
16365 4 2 0 1 3040 1278 2296 944
16366 4 2 0 1 2078 2081 2991 2079
16367 4 2 0 1 2083 2081 2991 2078
16368 4 2 0 1 3041 2140 1287 961
16369 4 2 0 1 1498 1733 2811 2813
16370 4 2 0 1 2082 2081 2991 2083
16371 4 2 0 1 854 865 856 2068
16372 4 2 0 1 2253 1433 1243 1115
16373 4 2 0 1 3026 2013 3205 3024
16374 4 2 0 1 1382 2281 1162 1274
16375 4 2 0 1 2277 3023 2055 3022
16376 4 2 0 1 2277 3023 3022 2082
16377 4 2 0 1 1806 243 1808 1794
16378 4 2 0 1 2082 2116 2083 2991
16379 4 2 0 1 2941 2248 3069 3070
16380 4 2 0 1 2116 2083 2080 933
16381 4 2 0 1 1700 490 3168 1969
16382 4 2 0 1 3012 3011 3205 3013
16383 4 2 0 1 2283 2729 2310 2908
16384 4 2 0 1 2136 1122 975 2160
16385 4 2 0 1 1002 952 1041 2209
16386 4 2 0 1 981 1269 2193 2136
16387 4 2 0 1 3033 2730 3014 2209
16388 4 2 0 1 1611 3178 3177 2908
16389 4 2 0 1 2345 1595 2765 1466
16390 4 2 0 1 2931 2082 3024 3023
16391 4 2 0 1 2257 2209 2309 2053
16392 4 2 0 1 2358 3112 3108 2341
16393 4 2 0 1 2167 887 1055 1329
16394 4 2 0 1 2088 1612 2999 2771
16395 4 2 0 1 1209 2101 1091 2192
16396 4 2 0 1 2192 2219 1263 1209
16397 4 2 0 1 3195 2398 2463 1632
16398 4 2 0 1 2380 3172 2607 2383
16399 4 2 0 1 1844 2308 1841 1842
16400 4 2 0 1 3195 2463 2751 1632
16401 4 2 0 1 2588 3043 2597 2619
16402 4 2 0 1 2591 1540 2758 1541
16403 4 2 0 1 1545 2598 3083 3071
16404 4 2 0 1 3187 1499 2614 3174
16405 4 2 0 1 3192 2833 3193 2830
16406 4 2 0 1 2826 3081 2827 2052
16407 4 2 0 1 2551 2688 1980 1714
16408 4 2 0 1 1920 3089 2419 2432
16409 4 2 0 1 1680 1491 1685 1686
16410 4 2 0 1 2555 2485 1737 2558
16411 4 2 0 1 1903 1791 2861 1579
16412 4 2 0 1 1594 1906 2899 1959
16413 4 2 0 1 2345 1595 2531 3112
16414 4 2 0 1 2744 1466 2766 2338
16415 4 2 0 1 1578 2546 2498 2550
16416 4 2 0 1 2342 2872 2871 1594
16417 4 2 0 1 2259 2117 2740 2260
16418 4 2 0 1 2930 2938 3154 2940
16419 4 2 0 1 2132 3078 3100 2668
16420 4 2 0 1 2785 1780 1677 2033
16421 4 2 0 1 1025 1024 990 2214
16422 4 2 0 1 3110 1512 2359 2494
16423 4 2 0 1 2494 3125 2524 2392
16424 4 2 0 1 620 244 1794 1808
16425 4 2 0 1 684 783 515 2042
16426 4 2 0 1 3095 2367 2346 2369
16427 4 2 0 1 2441 3095 2346 2369
16428 4 2 0 1 2521 2441 2346 2369
16429 4 2 0 1 2374 2521 2346 2369
16430 4 2 0 1 2698 1477 1698 1699
16431 4 2 0 1 2305 1428 1045 2009
16432 4 2 0 1 1528 2368 2442 2440
16433 4 2 0 1 1527 2439 2440 2007
16434 4 2 0 1 684 2042 515 2886
16435 4 2 0 1 2716 2517 1612 2999
16436 4 2 0 1 281 1816 280 1823
16437 4 2 0 1 2733 2355 2734 2669
16438 4 2 0 1 280 282 283 1816
16439 4 2 0 1 2342 2872 1594 2766
16440 4 2 0 1 1497 2458 2397 1930
16441 4 2 0 1 2810 2793 2457 1497
16442 4 2 0 1 2500 3131 2397 2504
16443 4 2 0 1 1772 1733 2812 1737
16444 4 2 0 1 331 684 515 2886
16445 4 2 0 1 74 563 2558 536
16446 4 2 0 1 1731 1498 1737 1732
16447 4 2 0 1 1498 1731 2401 2811
16448 4 2 0 1 2580 2503 2692 2501
16449 4 2 0 1 1555 331 515 2886
16450 4 2 0 1 2401 1737 1731 1498
16451 4 2 0 1 3042 2754 3039 2753
16452 4 2 0 1 1497 2884 1930 2397
16453 4 2 0 1 2458 2457 2397 2490
16454 4 2 0 1 2399 1501 3136 3135
16455 4 2 0 1 3214 595 594 319
16456 4 2 0 1 2410 2745 1630 3106
16457 4 2 0 1 2754 1735 2972 3185
16458 4 2 0 1 1648 2760 2746 2756
16459 4 2 0 1 2663 2664 1567 2556
16460 4 2 0 1 1484 2456 2418 2416
16461 4 2 0 1 2378 1681 2420 3124
16462 4 2 0 1 1871 1882 1846 1920
16463 4 2 0 1 1487 1943 2789 2422
16464 4 2 0 1 1918 1487 2789 2422
16465 4 2 0 1 2022 3146 2021 3113
16466 4 2 0 1 2484 2578 2481 2482
16467 4 2 0 1 1840 1802 1800 165
16468 4 2 0 1 1668 388 1685 504
16469 4 2 0 1 2483 2581 1526 2482
16470 4 2 0 1 2366 2375 2370 1469
16471 4 2 0 1 2509 1917 2732 1656
16472 4 2 0 1 1508 2650 2508 2880
16473 4 2 0 1 1469 1508 3122 2508
16474 4 2 0 1 2368 2438 2431 2643
16475 4 2 0 1 1682 2761 2445 2762
16476 4 2 0 1 1682 1901 2445 2761
16477 4 2 0 1 2424 2762 1870 2445
16478 4 2 0 1 2424 2762 2445 2416
16479 4 2 0 1 2424 2762 2416 2418
16480 4 2 0 1 2424 2762 2418 1870
16481 4 2 0 1 1278 3041 2772 1392
16482 4 2 0 1 2451 1515 2798 2799
16483 4 2 0 1 2453 2427 1515 2799
16484 4 2 0 1 1486 1764 2423 1495
16485 4 2 0 1 1804 300 655 1716
16486 4 2 0 1 3079 2293 3077 1548
16487 4 2 0 1 1695 524 505 504
16488 4 2 0 1 2336 2337 2238 2710
16489 4 2 0 1 2812 1284 2268 1767
16490 4 2 0 1 2883 2571 2252 1522
16491 4 2 0 1 2883 2571 1522 2565
16492 4 2 0 1 1803 1840 1800 165
16493 4 2 0 1 2224 3018 2572 3050
16494 4 2 0 1 2334 2337 2238 2567
16495 4 2 0 1 2712 3144 1734 2973
16496 4 2 0 1 2473 2972 2472 3208
16497 4 2 0 1 2474 2823 2070 2974
16498 4 2 0 1 3120 1521 1524 3153
16499 4 2 0 1 2702 1500 2064 2840
16500 4 2 0 1 2841 2477 1665 2564
16501 4 2 0 1 167 1801 1800 1803
16502 4 2 0 1 1599 1521 2659 1500
16503 4 2 0 1 1500 1599 2479 2659
16504 4 2 0 1 1622 3151 2466 2591
16505 4 2 0 1 915 2201 2104 2300
16506 4 2 0 1 2701 3051 2821 3208
16507 4 2 0 1 2571 1522 3207 3061
16508 4 2 0 1 1700 201 713 726
16509 4 2 0 1 2834 3016 2935 1599
16510 4 2 0 1 1904 1670 1684 2780
16511 4 2 0 1 2479 2474 3208 2701
16512 4 2 0 1 1830 2449 140 2002
16513 4 2 0 1 1751 3085 2328 2830
16514 4 2 0 1 2081 1218 1052 2176
16515 4 2 0 1 2578 2579 2879 1885
16516 4 2 0 1 2491 1519 3160 2879
16517 4 2 0 1 3182 3085 1600 2661
16518 4 2 0 1 2498 1576 1693 1817
16519 4 2 0 1 2867 1694 2498 1572
16520 4 2 0 1 2640 1969 2687 3168
16521 4 2 0 1 2400 2485 3129 2557
16522 4 2 0 1 2638 2640 2677 2559
16523 4 2 0 1 1540 1541 2591 2230
16524 4 2 0 1 2260 2266 2740 2261
16525 4 2 0 1 2393 1658 1703 1566
16526 4 2 0 1 2547 2546 1519 3161
16527 4 2 0 1 3125 2527 2363 2524
16528 4 2 0 1 532 531 2459 372
16529 4 2 0 1 2395 2364 2580 1513
16530 4 2 0 1 2580 3163 2538 2692
16531 4 2 0 1 1692 795 536 471
16532 4 2 0 1 1513 2484 2395 2481
16533 4 2 0 1 2526 3126 2520 2524
16534 4 2 0 1 2527 2364 2395 1513
16535 4 2 0 1 2514 1666 2404 3142
16536 4 2 0 1 2577 3165 2513 3141
16537 4 2 0 1 563 1692 536 471
16538 4 2 0 1 2372 3138 2371 2373
16539 4 2 0 1 1643 2735 3142 2404
16540 4 2 0 1 2697 2414 2413 2898
16541 4 2 0 1 3090 2344 3093 3115
16542 4 2 0 1 2349 1959 2890 1594
16543 4 2 0 1 1795 1796 1797 1790
16544 4 2 0 1 3095 2744 3093 2582
16545 4 2 0 1 2276 2168 2820 3048
16546 4 2 0 1 1660 2770 2098 2241
16547 4 2 0 1 1879 2680 1829 367
16548 4 2 0 1 2357 2365 1881 2362
16549 4 2 0 1 2845 3190 2341 3108
16550 4 2 0 1 3189 1494 1881 2449
16551 4 2 0 1 1564 2534 1593 2390
16552 4 2 0 1 728 532 2459 560
16553 4 2 0 1 2729 3082 1827 1614
16554 4 2 0 1 531 533 2538 1588
16555 4 2 0 1 533 531 2538 2536
16556 4 2 0 1 1494 2451 2361 3109
16557 4 2 0 1 2364 2527 2482 1513
16558 4 2 0 1 1795 1797 1807 1790
16559 4 2 0 1 2483 2543 2581 1525
16560 4 2 0 1 344 377 559 2878
16561 4 2 0 1 1517 2533 2389 2542
16562 4 2 0 1 1708 1831 1830 584
16563 4 2 0 1 2931 2912 2927 3191
16564 4 2 0 1 2081 1393 1044 1052
16565 4 2 0 1 1971 2546 2547 2867
16566 4 2 0 1 2844 1879 2874 1829
16567 4 2 0 1 785 1812 1856 1813
16568 4 2 0 1 219 218 1829 220
16569 4 2 0 1 2263 2736 2592 2591
16570 4 2 0 1 34 1730 733 75
16571 4 2 0 1 3028 3029 2637 2846
16572 4 2 0 1 1824 240 1602 1829
16573 4 2 0 1 1894 2639 1768 2640
16574 4 2 0 1 2639 1893 1768 1551
16575 4 2 0 1 3167 2688 3168 2687
16576 4 2 0 1 2640 2638 2677 2685
16577 4 2 0 1 1746 3214 557 3224
16578 4 2 0 1 1732 818 33 1241
16579 4 2 0 1 1496 2022 2796 2797
16580 4 2 0 1 2461 3130 3134 2396
16581 4 2 0 1 3132 1509 1507 1511
16582 4 2 0 1 2842 2841 2840 3145
16583 4 2 0 1 2411 1520 3145 2562
16584 4 2 0 1 3144 3145 2564 2562
16585 4 2 0 1 2838 3085 2329 3084
16586 4 2 0 1 2736 2593 2591 2466
16587 4 2 0 1 2576 3019 2708 1558
16588 4 2 0 1 2708 2657 2576 1558
16589 4 2 0 1 2592 2593 2230 2591
16590 4 2 0 1 1814 218 1601 1829
16591 4 2 0 1 2844 1601 1814 1762
16592 4 2 0 1 2796 2453 2428 1496
16593 4 2 0 1 2879 2544 1519 3160
16594 4 2 0 1 2483 2543 2806 2581
16595 4 2 0 1 2984 2073 2598 2983
16596 4 2 0 1 1532 2804 1543 2597
16597 4 2 0 1 2768 2802 1960 1532
16598 4 2 0 1 2384 1536 2607 1539
16599 4 2 0 1 1532 2804 2597 2802
16600 4 2 0 1 2870 2387 2613 2620
16601 4 2 0 1 2030 808 6 2029
16602 4 2 0 1 3152 3151 1622 3174
16603 4 2 0 1 2690 1604 3213 1653
16604 4 2 0 1 2352 1562 1467 2605
16605 4 2 0 1 371 448 449 1941
16606 4 2 0 1 1620 1562 2605 2606
16607 4 2 0 1 2671 1467 1568 2667
16608 4 2 0 1 3102 3105 2747 2606
16609 4 2 0 1 2595 1543 2612 2597
16610 4 2 0 1 2597 1543 3043 2804
16611 4 2 0 1 2597 3043 1543 2612
16612 4 2 0 1 2988 1811 3206 3205
16613 4 2 0 1 2230 2263 2591 1540
16614 4 2 0 1 2893 3043 3071 2249
16615 4 2 0 1 3187 2758 2387 2613
16616 4 2 0 1 2152 870 877 1144
16617 4 2 0 1 2372 3138 2373 3116
16618 4 2 0 1 2346 1595 3166 3093
16619 4 2 0 1 2582 3090 3093 3115
16620 4 2 0 1 2633 2920 2916 1550
16621 4 2 0 1 1494 2798 3109 2780
16622 4 2 0 1 2628 2291 3076 3077
16623 4 2 0 1 2628 3092 3078 3077
16624 4 2 0 1 1888 3170 2715 3155
16625 4 2 0 1 1466 1594 2766 2342
16626 4 2 0 1 1673 2716 2999 2719
16627 4 2 0 1 2433 359 360 358
16628 4 2 0 1 1942 2633 2788 2430
16629 4 2 0 1 2582 3095 3149 2431
16630 4 2 0 1 2429 2766 2432 2338
16631 4 2 0 1 2376 3120 1524 3121
16632 4 2 0 1 2367 1657 2643 2431
16633 4 2 0 1 3076 3091 2344 2624
16634 4 2 0 1 1989 1993 1992 2808
16635 4 2 0 1 2655 2376 2650 3122
16636 4 2 0 1 448 2031 1941 495
16637 4 2 0 1 1557 3182 3181 3180
16638 4 2 0 1 676 1973 2646 1861
16639 4 2 0 1 2370 2369 2367 1528
16640 4 2 0 1 1522 2658 2659 3207
16641 4 2 0 1 3016 2659 2658 3207
16642 4 2 0 1 3018 3017 3207 2980
16643 4 2 0 1 1522 2659 3169 3207
16644 4 2 0 1 1522 3019 3207 3061
16645 4 2 0 1 709 706 557 1746
16646 4 2 0 1 2477 1521 2659 1522
16647 4 2 0 1 2477 1521 1522 2564
16648 4 2 0 1 2334 2238 2208 2567
16649 4 2 0 1 3121 3182 1524 2654
16650 4 2 0 1 2522 3097 1687 2403
16651 4 2 0 1 3096 2436 3149 2431
16652 4 2 0 1 448 2031 495 303
16653 4 2 0 1 2657 2376 2654 2511
16654 4 2 0 1 1794 535 1938 669
16655 4 2 0 1 2349 1959 1594 2899
16656 4 2 0 1 218 221 1601 1829
16657 4 2 0 1 2345 2034 2360 2532
16658 4 2 0 1 3196 2522 1570 3166
16659 4 2 0 1 2939 3027 2717 1612
16660 4 2 0 1 2425 1881 2881 2882
16661 4 2 0 1 3106 3105 1630 1562
16662 4 2 0 1 1567 3106 2663 2556
16663 4 2 0 1 2836 3085 3193 2830
16664 4 2 0 1 1757 1703 1718 1758
16665 4 2 0 1 1907 2704 1579 2686
16666 4 2 0 1 1575 1792 1606 2686
16667 4 2 0 1 438 1820 1818 1861
16668 4 2 0 1 1817 2550 2678 2551
16669 4 2 0 1 664 181 184 1603
16670 4 2 0 1 1805 1776 1789 519
16671 4 2 0 1 1849 1797 2037 1745
16672 4 2 0 1 808 1951 1947 2029
16673 4 2 0 1 2484 2580 2482 1513
16674 4 2 0 1 2483 3160 2481 2482
16675 4 2 0 1 624 1756 155 479
16676 4 2 0 1 479 1605 1756 756
16677 4 2 0 1 1605 479 436 756
16678 4 2 0 1 797 364 1703 1757
16679 4 2 0 1 1807 1603 1794 1790
16680 4 2 0 1 1807 1603 1790 1579
16681 4 2 0 1 1779 1984 2415 1982
16682 4 2 0 1 2992 2176 2218 2196
16683 4 2 0 1 2576 2376 3120 1524
16684 4 2 0 1 2160 1613 2244 2161
16685 4 2 0 1 940 937 2119 2988
16686 4 2 0 1 2248 2088 2771 1612
16687 4 2 0 1 2517 3180 3177 1611
16688 4 2 0 1 2653 3117 2373 2719
16689 4 2 0 1 721 718 1855 427
16690 4 2 0 1 2939 2248 3027 1612
16691 4 2 0 1 3165 2515 3155 1755
16692 4 2 0 1 1772 1733 1737 2813
16693 4 2 0 1 2930 1749 2940 3154
16694 4 2 0 1 2724 1888 2726 3155
16695 4 2 0 1 1629 2352 2667 2605
16696 4 2 0 1 2769 3117 1659 1637
16697 4 2 0 1 1828 480 1921 2010
16698 4 2 0 1 3175 1615 2510 2644
16699 4 2 0 1 2510 3117 2373 2653
16700 4 2 0 1 1779 1984 1982 1985
16701 4 2 0 1 711 1841 550 405
16702 4 2 0 1 1168 1400 1456 2127
16703 4 2 0 1 2673 2670 2674 1562
16704 4 2 0 1 3079 1548 3077 2623
16705 4 2 0 1 1620 1562 2606 3105
16706 4 2 0 1 2076 1630 2406 2747
16707 4 2 0 1 2586 2606 1467 1616
16708 4 2 0 1 3102 3103 1616 2747
16709 4 2 0 1 2740 2266 2586 2261
16710 4 2 0 1 1618 2265 2740 2258
16711 4 2 0 1 1498 1733 2813 1737
16712 4 2 0 1 768 3217 657 1825
16713 4 2 0 1 994 960 2752 1217
16714 4 2 0 1 2140 960 2752 994
16715 4 2 0 1 1896 3029 1895 2279
16716 4 2 0 1 2327 2985 899 921
16717 4 2 0 1 3028 3029 2846 2847
16718 4 2 0 1 1217 994 2126 2752
16719 4 2 0 1 2877 1565 2360 2358
16720 4 2 0 1 31 1447 32 1738
16721 4 2 0 1 1870 1872 1652 2763
16722 4 2 0 1 1870 2418 2763 2762
16723 4 2 0 1 1870 1650 2763 1652
16724 4 2 0 1 1650 1870 2763 2762
16725 4 2 0 1 1682 1650 2763 2762
16726 4 2 0 1 2761 1682 2763 2762
16727 4 2 0 1 2425 1682 2763 2761
16728 4 2 0 1 1650 486 1682 2763
16729 4 2 0 1 486 2425 1682 2763
16730 4 2 0 1 3086 1673 3177 2997
16731 4 2 0 1 1606 797 1792 1757
16732 4 2 0 1 2995 3086 1811 2997
16733 4 2 0 1 655 1804 1716 1717
16734 4 2 0 1 1384 1010 2087 1254
16735 4 2 0 1 2715 1612 3155 2517
16736 4 2 0 1 1549 1660 2098 2241
16737 4 2 0 1 2994 2771 2997 1811
16738 4 2 0 1 1819 1973 1818 2645
16739 4 2 0 1 2442 2368 2778 1492
16740 4 2 0 1 1821 2442 2778 1492
16741 4 2 0 1 681 1727 476 650
16742 4 2 0 1 619 411 1717 655
16743 4 2 0 1 1889 681 1727 1886
16744 4 2 0 1 422 617 437 1818
16745 4 2 0 1 1678 2420 1851 1488
16746 4 2 0 1 1869 287 621 311
16747 4 2 0 1 2797 1702 1911 2873
16748 4 2 0 1 260 3227 261 262
16749 4 2 0 1 2748 457 299 1851
16750 4 2 0 1 2858 1853 2788 3123
16751 4 2 0 1 1681 1678 2378 2420
16752 4 2 0 1 2415 2698 2413 1676
16753 4 2 0 1 1819 2008 1528 2442
16754 4 2 0 1 2418 2805 2341 2764
16755 4 2 0 1 1750 3081 2718 2837
16756 4 2 0 1 2903 2525 1527 2905
16757 4 2 0 1 1595 3095 2346 2583
16758 4 2 0 1 300 497 655 1716
16759 4 2 0 1 1484 2418 2339 3089
16760 4 2 0 1 2761 2426 2764 2455
16761 4 2 0 1 2805 2338 2341 2765
16762 4 2 0 1 2454 1468 3108 3107
16763 4 2 0 1 2778 403 396 2779
16764 4 2 0 1 1486 1495 2423 2845
16765 4 2 0 1 1764 1702 1717 1911
16766 4 2 0 1 2940 2702 2725 3154
16767 4 2 0 1 2141 3159 1031 2710
16768 4 2 0 1 1031 2174 988 1032
16769 4 2 0 1 1340 2812 2337 1732
16770 4 2 0 1 730 1606 436 605
16771 4 2 0 1 730 1606 605 1791
16772 4 2 0 1 2684 1793 2682 2861
16773 4 2 0 1 1141 3030 1240 1400
16774 4 2 0 1 963 909 2157 964
16775 4 2 0 1 383 1482 384 704
16776 4 2 0 1 2797 2873 1911 2439
16777 4 2 0 1 2641 2616 2620 3046
16778 4 2 0 1 1613 1990 2727 2900
16779 4 2 0 1 2728 3086 2727 2900
16780 4 2 0 1 2326 2729 2283 2908
16781 4 2 0 1 3027 2716 2827 2717
16782 4 2 0 1 1673 2716 3177 2997
16783 4 2 0 1 1750 2828 2827 3081
16784 4 2 0 1 2443 2797 1911 2439
16785 4 2 0 1 502 2742 2018 2741
16786 4 2 0 1 3085 1600 2731 3182
16787 4 2 0 1 2986 2832 2225 2047
16788 4 2 0 1 2837 3194 2718 3193
16789 4 2 0 1 3210 2825 2731 1600
16790 4 2 0 1 2938 2930 3154 2826
16791 4 2 0 1 1751 2327 2830 2328
16792 4 2 0 1 3156 2834 1599 3084
16793 4 2 0 1 3001 2933 2070 2937
16794 4 2 0 1 196 1769 197 1746
16795 4 2 0 1 2418 2416 2456 2764
16796 4 2 0 1 2357 1468 3107 2529
16797 4 2 0 1 2416 2426 2764 2762
16798 4 2 0 1 2345 2338 2342 1466
16799 4 2 0 1 1764 1486 2423 1716
16800 4 2 0 1 2736 2593 2592 2591
16801 4 2 0 1 1596 1667 2498 2499
16802 4 2 0 1 3106 3105 1562 2663
16803 4 2 0 1 1523 1567 2556 3106
16804 4 2 0 1 2384 1946 1947 2029
16805 4 2 0 1 2547 2493 3161 3160
16806 4 2 0 1 1519 1812 1518 2488
16807 4 2 0 1 3221 646 1482 384
16808 4 2 0 1 3221 384 487 787
16809 4 2 0 1 1812 375 1518 2488
16810 4 2 0 1 376 1636 1910 2488
16811 4 2 0 1 1812 632 2488 1760
16812 4 2 0 1 1617 1676 1965 1966
16813 4 2 0 1 3058 2186 3031 2188
16814 4 2 0 1 501 1944 1623 86
16815 4 2 0 1 280 1847 569 2700
16816 4 2 0 1 280 1847 2700 1816
16817 4 2 0 1 1481 720 404 759
16818 4 2 0 1 1871 635 286 308
16819 4 2 0 1 1887 2880 2508 2650
16820 4 2 0 1 2809 1887 2880 1553
16821 4 2 0 1 1666 3140 2628 3116
16822 4 2 0 1 3119 2517 1557 2714
16823 4 2 0 1 1657 2510 2372 2373
16824 4 2 0 1 1310 1225 2176 1415
16825 4 2 0 1 1932 69 88 41
16826 4 2 0 1 422 397 1818 402
16827 4 2 0 1 1933 2502 2904 2888
16828 4 2 0 1 646 778 3227 262
16829 4 2 0 1 2715 1612 2517 2999
16830 4 2 0 1 2878 560 2459 1930
16831 4 2 0 1 2957 3008 2989 2853
16832 4 2 0 1 2203 2151 2467 2169
16833 4 2 0 1 502 501 1623 86
16834 4 2 0 1 2077 1124 1140 1379
16835 4 2 0 1 2137 2180 2077 1955
16836 4 2 0 1 2102 2192 1955 2077
16837 4 2 0 1 2583 2443 2440 2797
16838 4 2 0 1 2903 2374 2904 2507
16839 4 2 0 1 1923 1854 1702 2873
16840 4 2 0 1 1912 1490 1911 2777
16841 4 2 0 1 2987 1122 2135 2136
16842 4 2 0 1 2913 3021 3205 3013
16843 4 2 0 1 1158 936 2311 1296
16844 4 2 0 1 2825 3182 2731 1600
16845 4 2 0 1 3081 2013 2829 3014
16846 4 2 0 1 1303 1323 2250 1018
16847 4 2 0 1 2729 2326 3178 2908
16848 4 2 0 1 2414 1743 2033 1547
16849 4 2 0 1 2084 1547 2289 2287
16850 4 2 0 1 3103 3102 1616 3100
16851 4 2 0 1 368 3221 525 612
16852 4 2 0 1 2924 3060 2197 2929
16853 4 2 0 1 2052 3194 3081 3191
16854 4 2 0 1 3095 2441 2346 2583
16855 4 2 0 1 870 2130 876 867
16856 4 2 0 1 1490 1717 1804 1912
16857 4 2 0 1 2941 3023 2054 3200
16858 4 2 0 1 2547 1530 2548 2875
16859 4 2 0 1 706 557 1746 482
16860 4 2 0 1 3009 2979 2070 2933
16861 4 2 0 1 190 1770 189 191
16862 4 2 0 1 1588 641 95 362
16863 4 2 0 1 93 91 1588 362
16864 4 2 0 1 3157 2961 2061 2947
16865 4 2 0 1 2822 2823 2974 2947
16866 4 2 0 1 1496 2022 2428 2796
16867 4 2 0 1 2949 2945 2946 2057
16868 4 2 0 1 2824 2944 2943 2953
16869 4 2 0 1 2823 2824 2974 2947
16870 4 2 0 1 2977 2057 2949 2946
16871 4 2 0 1 2978 3002 2094 2057
16872 4 2 0 1 93 1588 95 362
16873 4 2 0 1 2089 2100 2092 2966
16874 4 2 0 1 2938 2725 2717 3154
16875 4 2 0 1 2858 1853 361 2788
16876 4 2 0 1 2858 1963 361 491
16877 4 2 0 1 1963 2858 361 2788
16878 4 2 0 1 1544 1953 2855 2231
16879 4 2 0 1 2097 2134 2060 2855
16880 4 2 0 1 2894 2318 2853 2468
16881 4 2 0 1 1853 357 361 2788
16882 4 2 0 1 2851 2894 2853 2468
16883 4 2 0 1 2102 1955 2989 2077
16884 4 2 0 1 1624 2593 2855 1544
16885 4 2 0 1 1734 2849 2399 3135
16886 4 2 0 1 2477 3144 3169 3208
16887 4 2 0 1 2471 1557 3155 2717
16888 4 2 0 1 3078 2625 3100 2668
16889 4 2 0 1 3158 3051 2821 3052
16890 4 2 0 1 2477 2472 2479 1500
16891 4 2 0 1 2849 3183 3039 2711
16892 4 2 0 1 2751 1646 3039 3038
16893 4 2 0 1 2659 1599 2479 2935
16894 4 2 0 1 2223 2072 2124 2980
16895 4 2 0 1 3018 3017 2980 2124
16896 4 2 0 1 2072 2223 1748 2980
16897 4 2 0 1 1589 2876 2800 2875
16898 4 2 0 1 1367 2119 1087 1248
16899 4 2 0 1 1010 2118 2119 2087
16900 4 2 0 1 970 992 2163 1254
16901 4 2 0 1 357 433 1853 361
16902 4 2 0 1 2075 940 2118 2988
16903 4 2 0 1 2987 1613 2160 2136
16904 4 2 0 1 501 1944 1946 1623
16905 4 2 0 1 2633 1475 2788 2430
16906 4 2 0 1 1475 2788 3123 2858
16907 4 2 0 1 939 2075 956 1419
16908 4 2 0 1 970 991 2996 2163
16909 4 2 0 1 2866 2007 714 616
16910 4 2 0 1 1378 1159 1174 2103
16911 4 2 0 1 1963 2788 1475 2858
16912 4 2 0 1 2299 2077 2101 2102
16913 4 2 0 1 2547 2549 2875 1857
16914 4 2 0 1 2906 2007 2866 616
16915 4 2 0 1 1953 2969 2097 2319
16916 4 2 0 1 2179 2180 2221 2956
16917 4 2 0 1 2897 2989 1955 2137
16918 4 2 0 1 2949 2221 3020 2956
16919 4 2 0 1 2179 2949 2221 2153
16920 4 2 0 1 3014 2105 2209 2283
16921 4 2 0 1 2193 2105 1374 3015
16922 4 2 0 1 3021 2116 3024 2991
16923 4 2 0 1 2312 2193 2286 3013
16924 4 2 0 1 3012 2286 3013 3021
16925 4 2 0 1 2437 2438 2779 1635
16926 4 2 0 1 2133 2121 3005 1175
16927 4 2 0 1 1140 2137 1227 1226
16928 4 2 0 1 3004 2267 2319 3005
16929 4 2 0 1 2245 1317 3005 2137
16930 4 2 0 1 2752 2751 2755 2847
16931 4 2 0 1 3189 1494 2449 2780
16932 4 2 0 1 1893 2306 1766 2847
16933 4 2 0 1 3028 3054 1632 2637
16934 4 2 0 1 1766 2126 2755 2847
16935 4 2 0 1 2751 2463 2846 1632
16936 4 2 0 1 2848 2638 3029 2862
16937 4 2 0 1 2393 1576 1566 2496
16938 4 2 0 1 2735 2132 3101 3036
16939 4 2 0 1 3078 2293 2132 3036
16940 4 2 0 1 3078 2291 2293 3036
16941 4 2 0 1 2738 2902 2258 3035
16942 4 2 0 1 2285 3036 3142 3101
16943 4 2 0 1 720 612 1482 1481
16944 4 2 0 1 1283 2162 2158 1000
16945 4 2 0 1 2037 3075 2819 2818
16946 4 2 0 1 2279 1822 1896 2280
16947 4 2 0 1 2203 2151 2178 3055
16948 4 2 0 1 3042 3055 2151 1649
16949 4 2 0 1 3028 1552 3055 3054
16950 4 2 0 1 2751 2752 3054 3028
16951 4 2 0 1 2751 3042 3039 3053
16952 4 2 0 1 1896 3047 2204 3056
16953 4 2 0 1 720 1481 1482 1724
16954 4 2 0 1 2737 2234 2965 2966
16955 4 2 0 1 3062 2952 2211 3070
16956 4 2 0 1 1425 965 2210 1053
16957 4 2 0 1 965 2100 1425 2210
16958 4 2 0 1 2958 2959 2058 3062
16959 4 2 0 1 190 1770 191 1769
16960 4 2 0 1 2205 3067 2246 3061
16961 4 2 0 1 2205 3067 3061 2713
16962 4 2 0 1 2007 1974 714 616
16963 4 2 0 1 2336 2174 2238 2567
16964 4 2 0 1 2224 977 2223 959
16965 4 2 0 1 2224 977 959 1014
16966 4 2 0 1 1126 26 1461 2279
16967 4 2 0 1 2792 1917 2779 1635
16968 4 2 0 1 2682 2862 3073 2684
16969 4 2 0 1 3028 1896 2847 2642
16970 4 2 0 1 904 1126 1461 2279
16971 4 2 0 1 2728 2332 2995 2900
16972 4 2 0 1 1770 508 191 1769
16973 4 2 0 1 2257 2190 2915 2309
16974 4 2 0 1 2705 1907 1580 1776
16975 4 2 0 1 2993 2081 2078 2079
16976 4 2 0 1 2704 1605 2686 1907
16977 4 2 0 1 2906 1974 2007 616
16978 4 2 0 1 2193 2272 2136 3013
16979 4 2 0 1 3000 2828 3027 1811
16980 4 2 0 1 3000 2828 1811 3205
16981 4 2 0 1 936 1158 2311 2115
16982 4 2 0 1 2434 1678 2378 627
16983 4 2 0 1 2857 1778 3123 3124
16984 4 2 0 1 3094 2636 3115 2344
16985 4 2 0 1 3000 2994 2771 2087
16986 4 2 0 1 3095 2367 1528 2431
16987 4 2 0 1 1678 1680 2421 1633
16988 4 2 0 1 3175 2636 2510 1637
16989 4 2 0 1 2444 2437 1686 3149
16990 4 2 0 1 2634 2744 2429 1634
16991 4 2 0 1 307 1987 1906 1873
16992 4 2 0 1 3078 2291 3077 2293
16993 4 2 0 1 1713 1862 2360 2532
16994 4 2 0 1 1834 678 1873 1987
16995 4 2 0 1 2356 1964 2671 1892
16996 4 2 0 1 1713 1878 441 1862
16997 4 2 0 1 1836 1835 1535 2734
16998 4 2 0 1 2345 2034 1592 2342
16999 4 2 0 1 2769 3086 2997 1673
17000 4 2 0 1 508 191 1769 193
17001 4 2 0 1 1606 1605 756 1757
17002 4 2 0 1 2673 1661 3106 1573
17003 4 2 0 1 2746 3105 2663 1620
17004 4 2 0 1 2689 2706 1580 2681
17005 4 2 0 1 2746 3105 1620 3173
17006 4 2 0 1 1577 2560 3128 1581
17007 4 2 0 1 1672 1924 1727 1726
17008 4 2 0 1 2651 2652 1989 2808
17009 4 2 0 1 3177 2714 2653 2652
17010 4 2 0 1 2438 2792 2431 2643
17011 4 2 0 1 2304 1751 2324 2325
17012 4 2 0 1 3194 3192 3193 2830
17013 4 2 0 1 2677 2686 2685 2682
17014 4 2 0 1 1521 1522 2575 2576
17015 4 2 0 1 2574 3176 3122 2376
17016 4 2 0 1 2677 2686 2682 1758
17017 4 2 0 1 3122 1508 2512 2577
17018 4 2 0 1 2677 2686 1758 1580
17019 4 2 0 1 2526 1523 3126 2392
17020 4 2 0 1 2676 2677 1758 2678
17021 4 2 0 1 1504 2497 1523 2392
17022 4 2 0 1 2481 2480 1503 3127
17023 4 2 0 1 1523 1504 1705 2859
17024 4 2 0 1 2884 2885 1930 2397
17025 4 2 0 1 2885 2500 2397 2504
17026 4 2 0 1 1497 2793 2457 1884
17027 4 2 0 1 2411 1520 2562 2561
17028 4 2 0 1 2543 338 339 1857
17029 4 2 0 1 1575 1757 1718 1758
17030 4 2 0 1 2563 2411 3143 1474
17031 4 2 0 1 1526 2544 2806 2483
17032 4 2 0 1 2632 2769 2997 1673
17033 4 2 0 1 1520 2842 3141 2563
17034 4 2 0 1 2411 1520 2561 2563
17035 4 2 0 1 3145 2562 1734 2411
17036 4 2 0 1 1686 2635 2790 2791
17037 4 2 0 1 1526 2544 2483 3160
17038 4 2 0 1 1688 2776 2791 1686
17039 4 2 0 1 3197 2794 2916 2631
17040 4 2 0 1 2920 3091 2791 2794
17041 4 2 0 1 1853 2378 2788 3123
17042 4 2 0 1 2693 1983 2698 2697
17043 4 2 0 1 2042 42 43 1747
17044 4 2 0 1 1557 2717 3154 2718
17045 4 2 0 1 2941 2948 3069 2056
17046 4 2 0 1 2068 2921 2055 2976
17047 4 2 0 1 2827 2716 1611 2717
17048 4 2 0 1 42 817 43 1747
17049 4 2 0 1 2702 2064 1500 2070
17050 4 2 0 1 2064 2476 2070 2702
17051 4 2 0 1 2014 335 469 2807
17052 4 2 0 1 2876 234 219 712
17053 4 2 0 1 1861 1973 1818 438
17054 4 2 0 1 1494 2449 2362 1881
17055 4 2 0 1 2548 2547 2806 1526
17056 4 2 0 1 1836 1874 2734 2667
17057 4 2 0 1 3196 2665 2522 1569
17058 4 2 0 1 3104 3196 2670 2665
17059 4 2 0 1 3104 3196 2665 2522
17060 4 2 0 1 2675 1573 2390 3099
17061 4 2 0 1 1915 1852 1800 1840
17062 4 2 0 1 2386 2819 1604 1653
17063 4 2 0 1 2387 2595 3172 1653
17064 4 2 0 1 169 1801 328 313
17065 4 2 0 1 3196 2627 3092 2666
17066 4 2 0 1 3055 1896 2642 2178
17067 4 2 0 1 1915 2380 2383 1538
17068 4 2 0 1 2282 2215 2131 3036
17069 4 2 0 1 3025 3081 2827 2828
17070 4 2 0 1 2717 1611 3180 2517
17071 4 2 0 1 2326 1990 1613 2305
17072 4 2 0 1 3121 3182 1557 1524
17073 4 2 0 1 2378 356 358 627
17074 4 2 0 1 2154 1549 2240 3044
17075 4 2 0 1 817 2041 1747 42
17076 4 2 0 1 64 809 1 1677
17077 4 2 0 1 1615 2321 2869 1637
17078 4 2 0 1 1811 2994 2995 2997
17079 4 2 0 1 2239 2337 2711 2710
17080 4 2 0 1 2759 3053 2753 3054
17081 4 2 0 1 2562 2399 3134 3136
17082 4 2 0 1 2562 1520 3145 2564
17083 4 2 0 1 1215 1712 1313 813
17084 4 2 0 1 2041 2042 1747 42
17085 4 2 0 1 676 1861 2646 459
17086 4 2 0 1 1752 1301 1747 44
17087 4 2 0 1 1973 676 2646 1555
17088 4 2 0 1 2647 1887 2650 2646
17089 4 2 0 1 3190 1651 2765 2583
17090 4 2 0 1 6 2743 2029 1623
17091 4 2 0 1 1617 2698 2696 1965
17092 4 2 0 1 2243 2168 1232 2328
17093 4 2 0 1 2665 1568 2891 2350
17094 4 2 0 1 2033 1335 809 1677
17095 4 2 0 1 2671 2348 1959 2890
17096 4 2 0 1 2355 1467 2667 2891
17097 4 2 0 1 2891 2625 2669 2668
17098 4 2 0 1 2627 2699 2350 2623
17099 4 2 0 1 2218 2932 2922 2198
17100 4 2 0 1 2942 2199 2197 2198
17101 4 2 0 1 2361 1494 3109 2362
17102 4 2 0 1 871 2197 2199 868
17103 4 2 0 1 2345 2338 2765 2341
17104 4 2 0 1 3064 2921 2976 2055
17105 4 2 0 1 2932 2069 2922 2977
17106 4 2 0 1 2760 2690 1620 1584
17107 4 2 0 1 1567 2674 2663 3106
17108 4 2 0 1 2760 1620 3173 2746
17109 4 2 0 1 1301 43 1747 44
17110 4 2 0 1 3054 3195 2751 1632
17111 4 2 0 1 1604 2637 3073 1584
17112 4 2 0 1 273 1965 274 1676
17113 4 2 0 1 3073 1604 2610 2684
17114 4 2 0 1 3073 2610 1604 1584
17115 4 2 0 1 1489 2805 2338 2341
17116 4 2 0 1 659 2378 627 356
17117 4 2 0 1 3042 2754 1773 3040
17118 4 2 0 1 453 454 1662 330
17119 4 2 0 1 1563 1719 592 703
17120 4 2 0 1 19 1403 1938 2017
17121 4 2 0 1 153 3224 709 638
17122 4 2 0 1 19 760 2017 1938
17123 4 2 0 1 1880 1994 1769 425
17124 4 2 0 1 1080 3215 2108 1077
17125 4 2 0 1 2446 412 1631 649
17126 4 2 0 1 2446 412 649 497
17127 4 2 0 1 1072 1070 1229 2143
17128 4 2 0 1 2142 1070 2143 2146
17129 4 2 0 1 1079 1073 2108 2109
17130 4 2 0 1 3078 2625 3092 1569
17131 4 2 0 1 1591 2633 2916 1550
17132 4 2 0 1 2086 1299 1078 1077
17133 4 2 0 1 2446 412 497 1764
17134 4 2 0 1 266 1740 603 660
17135 4 2 0 1 1169 895 2600 3006
17136 4 2 0 1 1984 2414 1780 2413
17137 4 2 0 1 1290 2175 1043 1352
17138 4 2 0 1 895 1169 886 3006
17139 4 2 0 1 3006 890 895 2195
17140 4 2 0 1 2914 3059 3015 3012
17141 4 2 0 1 567 1944 656 503
17142 4 2 0 1 3012 3014 2914 2013
17143 4 2 0 1 1795 408 1938 316
17144 4 2 0 1 1777 1843 1866 1745
17145 4 2 0 1 1797 1807 2037 1808
17146 4 2 0 1 1809 1403 1938 20
17147 4 2 0 1 3012 2914 3014 3015
17148 4 2 0 1 814 2039 1094 1937
17149 4 2 0 1 1173 1172 814 1968
17150 4 2 0 1 489 1647 30 1765
17151 4 2 0 1 3042 2754 2753 1773
17152 4 2 0 1 1647 489 30 29
17153 4 2 0 1 1390 1647 30 29
17154 4 2 0 1 795 1690 1692 536
17155 4 2 0 1 331 684 2886 88
17156 4 2 0 1 2888 90 88 2889
17157 4 2 0 1 2913 2911 3205 3024
17158 4 2 0 1 90 89 88 2889
17159 4 2 0 1 2116 2913 2911 2115
17160 4 2 0 1 67 1992 1988 1675
17161 4 2 0 1 1556 1828 1826 1754
17162 4 2 0 1 2326 1990 2305 2009
17163 4 2 0 1 1810 2785 1978 2863
17164 4 2 0 1 1967 463 769 682
17165 4 2 0 1 467 3220 599 683
17166 4 2 0 1 467 3220 683 1967
17167 4 2 0 1 467 3220 1967 682
17168 4 2 0 1 467 3220 682 599
17169 4 2 0 1 1714 563 526 429
17170 4 2 0 1 1133 3215 1135 1080
17171 4 2 0 1 2553 2554 2559 2557
17172 4 2 0 1 1765 1771 1738 2558
17173 4 2 0 1 2005 2004 2669 2355
17174 4 2 0 1 1773 3042 1649 2753
17175 4 2 0 1 3192 2835 2048 2928
17176 4 2 0 1 921 2985 922 2074
17177 4 2 0 1 355 3221 509 704
17178 4 2 0 1 355 3221 704 487
17179 4 2 0 1 708 2020 98 96
17180 4 2 0 1 417 1837 715 611
17181 4 2 0 1 417 1837 611 1799
17182 4 2 0 1 1935 2003 1837 715
17183 4 2 0 1 631 1904 108 106
17184 4 2 0 1 159 2003 1935 715
17185 4 2 0 1 1684 107 109 108
17186 4 2 0 1 1935 159 715 611
17187 4 2 0 1 1669 158 118 292
17188 4 2 0 1 158 1669 118 116
17189 4 2 0 1 2237 2186 2189 3031
17190 4 2 0 1 3032 2127 2985 2128
17191 4 2 0 1 2785 1780 2033 2414
17192 4 2 0 1 1574 1788 2499 1571
17193 4 2 0 1 2785 2295 2863 2294
17194 4 2 0 1 1779 1984 1985 1780
17195 4 2 0 1 2868 3161 2867 3162
17196 4 2 0 1 1830 2002 140 752
17197 4 2 0 1 2832 3032 2985 2128
17198 4 2 0 1 2985 898 899 900
17199 4 2 0 1 2232 817 2041 1747
17200 4 2 0 1 160 2447 748 1721
17201 4 2 0 1 607 1598 146 162
17202 4 2 0 1 6 7 1623 2029
17203 4 2 0 1 1693 1715 142 1957
17204 4 2 0 1 3224 3214 595 594
17205 4 2 0 1 268 193 1769 195
17206 4 2 0 1 194 3214 594 319
17207 4 2 0 1 196 1769 195 197
17208 4 2 0 1 2447 111 748 631
17209 4 2 0 1 1649 3042 3054 2753
17210 4 2 0 1 160 2447 1721 1860
17211 4 2 0 1 1579 2704 1603 1790
17212 4 2 0 1 291 290 306 1882
17213 4 2 0 1 268 519 1769 1805
17214 4 2 0 1 2688 205 1714 363
17215 4 2 0 1 291 1882 306 1919
17216 4 2 0 1 3187 2757 3213 2756
17217 4 2 0 1 1980 1760 1714 207
17218 4 2 0 1 2447 111 631 1670
17219 4 2 0 1 1935 2843 2006 1981
17220 4 2 0 1 3191 2831 2829 3032
17221 4 2 0 1 205 2688 690 363
17222 4 2 0 1 1470 2044 1698 2695
17223 4 2 0 1 234 1858 219 231
17224 4 2 0 1 2680 2876 2874 1829
17225 4 2 0 1 1759 570 759 315
17226 4 2 0 1 230 1815 228 233
17227 4 2 0 1 1725 1724 759 1698
17228 4 2 0 1 1999 1902 296 2446
17229 4 2 0 1 1815 227 228 238
17230 4 2 0 1 2417 2416 1484 1999
17231 4 2 0 1 1815 228 591 238
17232 4 2 0 1 1815 227 238 320
17233 4 2 0 1 230 1815 233 239
17234 4 2 0 1 1670 1706 1904 631
17235 4 2 0 1 2876 327 239 606
17236 4 2 0 1 1865 1684 1740 1590
17237 4 2 0 1 1824 2876 1815 239
17238 4 2 0 1 327 2800 606 2876
17239 4 2 0 1 310 85 1645 1677
17240 4 2 0 1 1759 570 315 1847
17241 4 2 0 1 1765 31 770 1738
17242 4 2 0 1 2347 2352 2667 1654
17243 4 2 0 1 1765 74 770 31
17244 4 2 0 1 2650 3181 1556 2880
17245 4 2 0 1 277 1965 2603 1823
17246 4 2 0 1 921 2985 900 922
17247 4 2 0 1 3183 3184 3039 2710
17248 4 2 0 1 2414 2785 2413 2898
17249 4 2 0 1 1477 1982 1975 1779
17250 4 2 0 1 1846 287 286 285
17251 4 2 0 1 1652 566 1926 635
17252 4 2 0 1 1935 2006 2843 1739
17253 4 2 0 1 2699 1594 1848 2872
17254 4 2 0 1 1882 1871 1846 286
17255 4 2 0 1 3187 1648 2756 2760
17256 4 2 0 1 1871 1652 1926 635
17257 4 2 0 1 283 1816 1848 1847
17258 4 2 0 1 1479 1477 1724 1698
17259 4 2 0 1 1759 1846 1848 1847
17260 4 2 0 1 123 1669 547 1493
17261 4 2 0 1 292 423 1493 294
17262 4 2 0 1 452 123 547 1493
17263 4 2 0 1 423 452 547 1493
17264 4 2 0 1 298 622 1977 304
17265 4 2 0 1 305 1943 301 741
17266 4 2 0 1 1850 305 301 304
17267 4 2 0 1 3221 1480 509 1482
17268 4 2 0 1 2710 2141 3039 2711
17269 4 2 0 1 3184 2141 3039 2710
17270 4 2 0 1 727 182 669 1794
17271 4 2 0 1 1841 1842 1542 1844
17272 4 2 0 1 2224 2174 3169 2567
17273 4 2 0 1 2174 2224 3169 3050
17274 4 2 0 1 2017 1797 1809 1938
17275 4 2 0 1 505 1697 524 1695
17276 4 2 0 1 1542 1937 2017 1866
17277 4 2 0 1 505 524 1697 792
17278 4 2 0 1 1721 1922 1707 1631
17279 4 2 0 1 1697 507 751 1671
17280 4 2 0 1 1697 751 507 792
17281 4 2 0 1 1284 1767 803 1451
17282 4 2 0 1 475 2864 428 701
17283 4 2 0 1 1284 1447 803 1767
17284 4 2 0 1 1868 1626 1625 349
17285 4 2 0 1 1868 1626 349 2377
17286 4 2 0 1 2927 2912 3057 3191
17287 4 2 0 1 2433 359 358 2788
17288 4 2 0 1 2630 2412 2631 2916
17289 4 2 0 1 303 57 448 2028
17290 4 2 0 1 1522 2477 3169 2659
17291 4 2 0 1 2972 2473 1664 3208
17292 4 2 0 1 2031 1782 1781 2028
17293 4 2 0 1 2232 2304 811 1752
17294 4 2 0 1 19 2017 1397 814
17295 4 2 0 1 1861 2001 459 723
17296 4 2 0 1 2478 2477 2659 3169
17297 4 2 0 1 1212 2304 1752 811
17298 4 2 0 1 2473 2474 2822 2821
17299 4 2 0 1 838 3226 2274 841
17300 4 2 0 1 543 380 1601 1655
17301 4 2 0 1 2815 1774 3150 2466
17302 4 2 0 1 401 403 396 2778
17303 4 2 0 1 2777 391 554 393
17304 4 2 0 1 2777 391 393 1912
17305 4 2 0 1 1668 2776 2437 1635
17306 4 2 0 1 2097 847 1239 843
17307 4 2 0 1 2968 2060 2097 847
17308 4 2 0 1 2174 2336 3169 2567
17309 4 2 0 1 2048 3031 3032 3057
17310 4 2 0 1 3031 3060 3057 2048
17311 4 2 0 1 1626 2377 3124 350
17312 4 2 0 1 1759 1869 1481 1725
17313 4 2 0 1 2553 2850 2555 3128
17314 4 2 0 1 1799 1601 1602 1837
17315 4 2 0 1 2218 1415 2176 2281
17316 4 2 0 1 657 3217 542 729
17317 4 2 0 1 1814 2844 2874 1829
17318 4 2 0 1 2876 1824 219 1829
17319 4 2 0 1 1415 2218 869 2281
17320 4 2 0 1 418 3217 695 539
17321 4 2 0 1 1762 2843 2844 1837
17322 4 2 0 1 1359 1415 869 2281
17323 4 2 0 1 1887 2001 1861 1886
17324 4 2 0 1 1820 1889 1886 588
17325 4 2 0 1 1887 2001 1886 1921
17326 4 2 0 1 1274 1359 869 2281
17327 4 2 0 1 1671 1672 2732 1727
17328 4 2 0 1 681 1727 650 426
17329 4 2 0 1 675 83 459 1754
17330 4 2 0 1 1973 765 1818 438
17331 4 2 0 1 2645 2442 2778 1818
17332 4 2 0 1 2081 2176 2217 2993
17333 4 2 0 1 1754 83 459 382
17334 4 2 0 1 588 723 681 1886
17335 4 2 0 1 2048 3031 3058 3030
17336 4 2 0 1 1546 59 72 60
17337 4 2 0 1 58 1941 449 448
17338 4 2 0 1 1869 1759 621 1846
17339 4 2 0 1 438 1820 402 1818
17340 4 2 0 1 1861 676 438 459
17341 4 2 0 1 2845 2453 2797 1496
17342 4 2 0 1 1656 555 1727 426
17343 4 2 0 1 686 650 1727 84
17344 4 2 0 1 1765 803 31 1767
17345 4 2 0 1 1692 1909 795 470
17346 4 2 0 1 2738 2262 1619 2173
17347 4 2 0 1 2048 3031 3030 3032
17348 4 2 0 1 1503 2879 2490 2480
17349 4 2 0 1 2061 2972 2773 2971
17350 4 2 0 1 893 892 891 2202
17351 4 2 0 1 2262 2738 1619 2587
17352 4 2 0 1 1470 2044 1778 1725
17353 4 2 0 1 153 3228 150 1832
17354 4 2 0 1 1943 1626 2789 3124
17355 4 2 0 1 2262 2234 1619 2173
17356 4 2 0 1 2952 2212 3186 3063
17357 4 2 0 1 3158 2775 2821 3065
17358 4 2 0 1 1710 587 66 81
17359 4 2 0 1 1709 12 807 11
17360 4 2 0 1 300 1804 514 735
17361 4 2 0 1 2155 963 902 2157
17362 4 2 0 1 1679 1678 1633 1488
17363 4 2 0 1 2111 2110 2660 3048
17364 4 2 0 1 749 487 787 3221
17365 4 2 0 1 749 1868 487 3221
17366 4 2 0 1 768 3217 542 657
17367 4 2 0 1 2473 3158 2821 3065
17368 4 2 0 1 3221 1480 1482 1481
17369 4 2 0 1 1691 2485 2400 2558
17370 4 2 0 1 1771 818 1738 1732
17371 4 2 0 1 2822 2473 2821 3065
17372 4 2 0 1 2201 2822 2821 3065
17373 4 2 0 1 563 1692 471 700
17374 4 2 0 1 2893 3043 2249 2233
17375 4 2 0 1 874 1344 924 2196
17376 4 2 0 1 925 2187 2188 924
17377 4 2 0 1 292 1669 547 118
17378 4 2 0 1 1749 2833 2836 3193
17379 4 2 0 1 432 1870 1864 689
17380 4 2 0 1 432 452 579 1864
17381 4 2 0 1 1864 123 432 452
17382 4 2 0 1 333 178 604 1898
17383 4 2 0 1 2196 1389 924 2187
17384 4 2 0 1 1344 1389 924 2196
17385 4 2 0 1 2187 2196 2188 924
17386 4 2 0 1 938 2115 937 2135
17387 4 2 0 1 938 937 2115 935
17388 4 2 0 1 3222 322 591 580
17389 4 2 0 1 2964 2737 2855 2965
17390 4 2 0 1 1815 591 228 233
17391 4 2 0 1 322 466 599 3220
17392 4 2 0 1 322 3222 466 3220
17393 4 2 0 1 2253 2254 2211 2255
17394 4 2 0 1 233 420 1815 591
17395 4 2 0 1 2003 159 1935 1739
17396 4 2 0 1 2408 1619 3101 3150
17397 4 2 0 1 2092 2173 2285 2966
17398 4 2 0 1 621 287 1846 285
17399 4 2 0 1 945 2272 946 942
17400 4 2 0 1 261 1724 668 3227
17401 4 2 0 1 1724 259 261 601
17402 4 2 0 1 945 2272 942 2135
17403 4 2 0 1 2118 956 2103 957
17404 4 2 0 1 1991 2244 1350 2331
17405 4 2 0 1 720 575 759 1724
17406 4 2 0 1 1479 2043 1698 1725
17407 4 2 0 1 606 584 1708 613
17408 4 2 0 1 1830 267 752 613
17409 4 2 0 1 1830 584 267 613
17410 4 2 0 1 1693 1658 135 1715
17411 4 2 0 1 3177 2652 2653 3179
17412 4 2 0 1 155 479 1756 756
17413 4 2 0 1 2118 956 957 940
17414 4 2 0 1 2192 2101 1012 2077
17415 4 2 0 1 1715 155 135 142
17416 4 2 0 1 2893 1545 2195 3071
17417 4 2 0 1 1470 2857 1986 1846
17418 4 2 0 1 2195 2893 3071 2249
$EndElements
