$MeshFormat
2.2 0 8
$EndMeshFormat
$Nodes
3946
1 221.5001220703125 105.1316757202148 132.3114166259766
2 220.2920838972636 99.12829027747065 135.4581039587396
3 219.9369341076769 92.84110953530087 134.7624173916805
4 219.2095538712312 87.38210129640802 131.5348607965379
5 217.6698916268868 80.96671315351453 129.5540111380008
6 215.1658878676438 74.66137047416142 128.7871531787939
7 211.9396855722 69.7804586834984 127.3833573526885
8 208.9021737356093 65.38247356183008 123.8675350899319
9 205.1128724338294 61.81722647095724 119.9267251950636
10 201.456494129313 58.44475468767178 120.7962545406294
11 197.2674626123696 54.88999200508492 124.7549173718082
12 191.8665957575249 51.33670966330259 125.6906355673878
13 186.0787253565118 48.8800158755974 128.0010322128868
14 179.9192274916681 46.84101768471528 130.0968666492939
15 173.8853338531393 45.35572909972498 132.0207222345862
16 169.287482759154 45.26069381443141 135.271290554923
17 162.8643916000008 43.90490346248394 133.2399919641749
18 156.2045042546526 43.26950591954702 133.7406134731495
19 152.034808384762 41.7373143916008 137.7376415171053
20 149.9088440764513 39.62910902891817 143.5530623652893
21 145.2857550958338 39.20832598495898 146.3591663629351
22 138.5036933184388 39.30442161666599 145.047804943624
23 131.862570456927 39.41971703443034 143.1936928640806
24 125.3396868335884 39.49875716219537 140.9220818951883
25 120.4156150531525 39.76638814176532 140.0021832289071
26 114.3807789465579 39.76635921151703 141.826548629395
27 110.364498245365 38.57332617272568 146.9140604837277
28 105.4546350348134 39.85090829327674 147.891442552292
29 101.1936791238929 42.42281817946863 150.9292794919284
30 98.45654620900959 44.02450221190411 154.4346338616298
31 95.07178381898754 44.9960131386268 159.3898115272293
32 90.44905575759979 47.49185259883367 160.5283112508123
33 85.92297384072455 51.651198563744 157.4342447997619
34 81.74130568504717 56.37643798405212 156.6099331433629
35 78.58292693083551 62.12963387320975 157.9884678884693
36 76.11051253937154 68.11325701557119 159.8902182713339
37 73.51886055329129 74.15873484826088 159.673617980611
38 71.19022269953018 79.59764891666727 156.1129566400739
39 70.04336455822403 85.36986727250454 157.6892986856126
40 69.32011365708975 92.05126127573571 156.3715585126682
41 68.91225127977371 97.87580321881441 155.8619640548058
42 69.75551233638603 102.8827471597098 160.487762596516
43 70.26470970934068 109.1179629712668 163.2300107187493
44 71.23612872409441 114.8184777362189 166.638612212573
45 72.58343444885944 121.0760394661645 168.2647559392102
46 74.74323672095689 127.0639101186109 170.3873217745191
47 79.84532982089132 130.114850030867 172.5158005485895
48 82.80575540528362 131.6633420797006 168.4634885936399
49 87.29893268208835 128.8857534035842 165.4255786532133
50 90.04673667826226 126.6756319235232 160.772898707864
51 94.14543758532119 125.280975556916 156.3846119779231
52 99.88558155126191 123.7164232383107 156.7381210702266
53 105.5492120774344 122.7617924512474 153.9603486808131
54 109.3723378265278 121.1937760066931 148.8870120224891
55 115.5206430861783 119.9021658747868 150.0501617534294
56 122.188273416402 119.3785310108666 150.3778049649033
57 128.3483830865139 117.8270371329912 150.1965501456528
58 135.0086626368602 116.8308212034119 150.8326911712165
59 140.7260898372165 117.1024091504464 154.0881547899082
60 146.3113047463031 120.4663626976878 152.1821558014083
61 152.6881955772968 122.5632265398729 151.914693014793
62 155.7701315440618 123.8995469825987 152.3548583878802
63 158.5486585028243 126.8334019033121 157.0003112558926
64 160.9883626042647 128.7848208432197 154.7510851866562
65 163.6857975964356 132.2391662450769 152.3424166836997
66 167.1309092172838 135.7966426355669 149.8418604820146
67 170.8994970616368 135.7836632004681 144.1555662309582
68 175.9627591264598 134.4737556048734 141.7086650783399
69 180.900976932955 131.6436632457506 139.3491942307425
70 187.3061081128715 130.5102806330359 137.7821057230663
71 194.0860971870008 130.6276242416655 137.4837134203893
72 200.5311291344404 130.519694627975 139.810073100424
73 205.0049636656447 129.3396114626582 144.4658268302747
74 208.9692652120307 127.2326293635749 145.6456581414303
75 213.0649460506907 124.1657237215194 143.4485271704862
76 215.7409011760843 120.4853573304959 140.5201938452445
77 218.2179716800046 117.0035268875632 135.1472522943142
78 220.5762668664671 111.6598406328202 131.9598161262483
79 102.3192830937825 42.34596495149995 157.1430337231577
80 184.5467811296506 49.5079639744106 134.7955285909119
81 153.0429507181764 123.0678920796105 156.1083460847776
82 87.8827387684818 127.6804269852162 170.0066291028418
83 130.6524629535086 39.44905419154429 149.8714759420705
84 70.44482368359706 96.61157731366229 161.9418787089186
85 81.72608907238552 59.52712633214269 164.484462006833
86 73.09457005865532 115.5608626731773 172.3730166352336
87 162.8446766289223 43.24467495294131 144.3649226424627
88 162.7441759909963 132.5807135310083 156.9615063854851
89 218.2018214171277 106.1494589274245 139.5108227574318
90 201.0829984129598 57.89541439838362 126.5791387471199
91 113.4128946774708 120.2655458129549 154.7852055569778
92 99.09170572255158 123.2149922179654 162.7542499816104
93 216.805592734163 81.16316650539835 137.7026014028321
94 73.80363735077987 79.95940931339601 166.7303324930835
95 190.2133907663828 130.8886873613159 143.455865061613
96 131.0352735486193 115.5239430226304 155.916449483789
97 176.6596283435524 134.9498071046722 147.9913234401661
98 143.8858523307276 113.5143979295793 161.2292226983766
99 215.7951152120528 119.8018458376221 146.1481323547729
100 205.9658725381817 128.7462250995701 151.0396855280247
101 149.5304056751568 121.6280795077237 163.0468425486588
102 157.0526591051001 126.6780390635748 161.3713207778191
103 155.8388224553111 124.7487769624666 156.3907178199026
104 152.8995949686693 126.2006735572187 171.9279147931385
105 171.8315743740693 137.6353901955485 151.5725389601903
106 176.931250381436 136.1115087000972 155.2161009937043
107 212.7540884627469 71.48526853377265 132.9849394136378
108 207.0921514695801 63.06018803673513 127.4282216195267
109 199.3608613755542 130.9528761999646 147.3248863193367
110 201.1953585553197 130.2952844605279 154.413157561143
111 206.4585814268621 128.3387580207665 158.1788642980224
112 201.5157607561999 130.0283238521303 160.8909578737291
113 205.9487344462026 127.5998431595484 163.1874950844991
114 201.9183841356513 128.5677497903689 167.060952330811
115 208.064956944837 124.6306838968906 168.3043204543133
116 202.8025876476619 126.6509155203097 173.5449661781185
117 208.5547390495512 122.6235288914812 176.203889682276
118 203.4525824716584 125.3729469565211 180.1527144647304
119 208.1047704302088 120.6403650515538 182.5741557987972
120 202.4810612132841 122.7179028034235 186.3963856574717
121 206.5797562566322 117.7977408295645 187.8213117980966
122 201.5566856072894 120.4995877207796 192.0397286575612
123 205.6446501907341 115.2272320483203 193.1243012897546
124 202.541768250901 118.0139924727959 196.0490336616783
125 204.6957440166178 113.9920603781464 198.0737590149847
126 207.9826394373858 108.7769901423535 194.7446550247084
127 206.3533237800719 109.7356378055081 200.0070383145978
128 208.2299136516422 103.6305909003699 199.342186096256
129 206.2837372102057 106.6145760245192 204.6764228918338
130 207.9241323398247 100.060048294325 204.549096933083
131 209.3917695611936 95.60683578881803 198.7725623570357
132 208.2350864880831 93.11090609662536 205.1073030388895
133 206.1955557801313 97.95999821272336 209.6481914559102
134 205.8466905964868 91.41049435128856 210.6104828877058
135 207.2214269046209 85.66947259738227 205.2037794524187
136 204.3386890200348 85.32576157036728 211.7054035424062
137 203.713269091058 77.99277459990043 208.3810281250227
138 200.9817281052404 80.38180596053422 213.4108800283196
139 198.9009682934596 74.93377373921938 212.7656085952934
140 197.4441822559508 78.95357073452561 217.0133453739228
141 195.0180367407193 72.68648734366192 216.6157748476346
142 194.8392681726598 76.64948976505208 221.8977944526046
143 191.4848602695164 70.03125194037979 221.0692138914699
144 192.024293664418 65.82949728530403 214.9351786221475
145 187.5026589883678 64.09072498466091 220.2007858179187
146 187.1899217053499 67.96267073621995 225.9421635442035
147 182.0090461652188 61.55889727419077 224.7915797438186
148 182.7486845742328 65.84756590193399 230.9958326507493
149 178.6148715664931 59.37072979946572 230.8903760748233
150 179.0173196829516 63.84044088631956 235.8225263539219
151 173.7553801183564 57.71847749733702 235.0369829593386
152 172.6832628726885 62.71166146089146 239.5239073941598
153 167.2906240815692 57.63231278485504 238.5096135421716
154 166.2220762904015 64.08128063495839 241.5109120436765
155 160.0874234558375 59.39053435318878 241.4166192766655
156 160.8984369562686 65.53421238890385 245.2218133430142
157 153.369770659127 62.18029586134628 245.7566474075703
158 152.2491091871161 54.43368531822098 239.5504282030595
159 156.2262594385758 67.91448529292416 249.8609696995072
160 148.2317660516056 67.72208519385268 248.9383207402116
161 152.50972094049 73.25929189535256 252.4608673209141
162 143.4469532100285 78.49600897656904 252.3561929342344
163 178.587550343362 55.44980889411913 219.863395638369
164 206.2652322569473 79.1026401846628 200.8417939094928
165 176.7330262930506 67.94919780471749 240.318484628057
166 198.2001664762023 121.9769613270244 197.8892702858858
167 212.5111614903448 116.0603843931772 178.9877123147486
168 197.0789478142593 126.3367212506783 184.6695992736479
169 203.2197135596903 96.23691169996694 214.0650258267904
170 159.0425588967728 74.29217235224112 252.5264615131362
171 186.4956400927052 72.48566903764393 230.6263788512407
172 155.2861168033974 79.54748222279444 254.9884100814674
173 162.4171003180071 80.58404751089304 254.5173999723332
174 158.1784217541476 87.26459748310626 255.8944298775459
175 165.5716403491624 87.0353245094314 254.5628794028293
176 163.4154183472166 96.27908511320905 255.8881529367559
177 195.9446024409963 131.5802850444018 163.7927377503255
178 168.1402935035272 52.72301996758706 233.4082776776807
179 203.7207783651348 113.6492740669724 204.3914103178175
180 168.1876995429382 82.2243733877894 250.2652781031224
181 171.030268668583 88.97831224118431 250.0478584323529
182 197.4750112883652 83.06554473603414 221.6434875716367
183 173.5714168516491 83.88532035983164 246.1636767961197
184 177.7759760584179 89.69681503026813 247.2764410535485
185 174.8792704657201 95.07011196437784 250.5680903858424
186 181.4696596190204 95.91811146035438 247.2471922997339
187 178.4364515828467 101.1252684940355 249.9104567061842
188 183.5185283604121 102.4474859705465 244.7893809251517
189 178.880948567967 111.804269733257 247.3349326906564
190 186.5867162609867 97.00618283663513 241.5503883158929
191 186.9888775493378 103.3729744141057 238.7527885059052
192 190.4353897813326 97.77683173092591 235.0019012505531
193 191.9343841908848 104.4042667509218 232.7568184364659
194 187.4252012887009 109.4596800628233 235.0034493228704
195 192.3863370675294 110.5712803159185 228.683038072924
196 187.954581459563 115.2528038318544 230.3785358683837
197 191.104190520431 115.7626755733482 223.9698294025541
198 183.4852666183471 122.684897455958 225.0914731239309
199 188.9596155936283 90.15160585805914 237.1931577511772
200 194.8479428065731 110.6314759486768 219.9453569790738
201 192.1769294999713 116.2192194323191 217.6145417298323
202 195.5121312281598 99.03256965643473 229.4686028373936
203 194.6895415567336 130.8162232529438 152.9918270978783
204 117.8827593430367 38.858618685439 145.7228660055718
205 115.2005470084157 37.18859021219302 151.427926523459
206 105.7208994480368 40.1685973321705 154.5138515291586
207 105.9240951637484 40.85691617304616 161.3488282026771
208 91.77637980947523 47.54939258958042 166.6587680644645
209 71.87022961658087 100.0683300745144 166.9880958727859
210 72.32904943558654 94.04411387833254 168.1477048900445
211 72.50540334500711 98.61283028034028 172.9325351953898
212 72.61283076010697 92.31484240111436 175.0174171555427
213 72.79135226850562 98.12178186836813 178.9300563487278
214 73.64706678903583 91.95105162049333 181.3624581761098
215 74.55708333900445 98.04258931828774 184.5181538873723
216 75.89071789787626 92.05459134522633 186.9039068848668
217 77.13021049587817 97.96875107546391 189.4967491630871
218 79.06199817928461 92.28731672778358 191.7640239736928
219 80.2386452661418 98.06600760793746 194.276667466954
220 82.14774440634258 92.54683145005824 196.6451485901699
221 82.3358889845684 98.37323394009054 199.7812695079082
222 83.75840092890559 92.51031097159245 202.349643390355
223 83.33781049657777 98.19644377393956 205.7007990939734
224 85.38370377226391 92.39255480977761 208.1916597663198
225 85.31740065145189 97.94853005795332 211.3112450083819
226 85.87516545046836 86.79615726915657 204.8191431209319
227 87.85788107483162 87.03645491758725 210.5929821548428
228 88.56914071781205 81.27139235773463 207.0755016253419
229 90.9571771721472 82.24762194112311 213.2405880083364
230 91.75723467013276 76.48456192166292 209.9112360405684
231 83.50377647522807 103.9205218103811 209.0181988520644
232 86.18380360152466 103.6701941751665 214.2942514469834
233 85.1300376223796 109.3991346435806 211.7922200417092
234 89.07687420440473 110.0547834201886 216.9100255000554
235 91.10417897330663 117.2105035863839 216.1237139846058
236 94.52128939655299 113.842624381098 221.0880589581814
237 98.64153027023238 119.7613609209726 218.5932647413773
238 100.0269102018067 115.5471933828758 224.1376653255988
239 104.8877569357861 118.315490916683 221.7461283014231
240 105.748030885393 115.3885992722512 226.8501575117277
241 110.7347137704714 116.455328997413 224.3341294209915
242 109.9595045402208 118.3997453648224 217.0893294723422
243 116.0209934806826 115.4275859158006 220.7349549870073
244 110.850195409567 113.972718665368 229.8094237584383
245 94.81724761781439 77.96935759165774 215.806461181126
246 95.52013980896989 72.38292190147968 212.6637202527568
247 116.7218482804434 115.988962234373 214.0462895494647
248 121.3611128433911 116.2700231372145 218.4896971746129
249 99.04966515043513 73.75212473444935 217.9656240792733
250 99.64142637939523 68.13301081633502 214.7320962306719
251 103.6851786430213 69.34596585379599 219.5990376988605
252 103.9480833985203 63.50767898457931 216.3292197213891
253 123.1658234217554 117.0364520416619 212.3068413878118
254 125.8650098160492 119.8962384062659 217.4163171890315
255 128.6963145932145 120.3278439181524 210.6062848280066
256 130.5903786740517 122.9703127018601 215.5870402147521
257 125.6907680229966 117.7439424227324 204.9669282634512
258 134.390621946936 123.261041087982 209.7842724670648
259 135.6616632270418 126.0215159942597 214.6331402185137
260 139.576898580443 126.6970274514071 209.2163818486019
261 133.304421382322 125.9966928637568 220.0852761060512
262 87.39086395544909 119.5644832377359 209.8095816433833
263 99.83126219656498 62.68492213172087 209.758617944403
264 104.8214444140073 58.24313068905035 212.5679908334538
265 108.259719135167 64.73171165087659 221.171221147813
266 107.7927484231942 70.6759308637765 224.3745438592255
267 110.8013254290756 117.7618828618412 208.6941753534761
268 101.6664298083847 56.1207186329969 205.8656829931054
269 106.5089204676113 52.81556999021823 209.5993668422307
270 138.2002867361579 128.2824388463261 219.7024413659656
271 136.346867497949 127.7641567930296 224.6598836954607
272 104.5818981362275 48.66319511604369 202.778850122418
273 108.8877940932762 47.16676901575981 207.8354891609733
274 109.3869448176333 42.52825712262239 202.2453657806662
275 113.1918447014769 41.56048129721094 206.8890539352953
276 115.9335663898673 39.00213461885151 199.9551009870939
277 119.7471492830658 38.20367162524982 205.992119503425
278 123.6651754721921 37.30966716927986 199.1105753552329
279 126.3976289298505 37.3779064707546 205.064787292909
280 130.7586157026855 36.46896468419864 200.2935501253556
281 123.4609425988604 38.23474729207567 211.0527990542837
282 130.1073087326897 35.03337073699656 193.2755437503102
283 136.31075822412 36.11240735319019 196.3535788935468
284 136.2795714699295 36.41387570659701 189.0807535257281
285 142.2062758991187 37.02020745834125 192.9244957070862
286 142.6354266068547 37.64223022834225 184.388809776433
287 148.5348988063012 38.73015887889961 189.9170024312656
288 150.7530173228459 38.37878149200052 181.5671968087574
289 155.0853589206713 39.93774809172152 187.5868192122592
290 159.25886537897 39.94859331376541 180.257729478191
291 136.2776240599862 36.58852819002864 202.8484769483049
292 161.6952389333959 41.53168313691962 186.4874378571473
293 166.042903542093 42.27520124641826 181.2731389992998
294 153.7259055796417 39.76806141326335 194.20705889749
295 140.3066823425358 129.8819850209087 224.6997690112132
296 137.5714474404094 128.2849771527392 229.4977867181349
297 112.3218345038713 65.76339371371328 226.2772673589582
298 112.2854704835737 72.0306737425189 229.199368707282
299 141.8854388405156 131.6492832896782 230.1350752623667
300 138.8333279511736 129.6351080086218 235.2592007550124
301 101.4372114210026 111.2697076485512 227.6951697153476
302 86.63678016356549 81.22268013644998 200.8579017269666
303 99.46912143828519 53.3393603388301 199.1937746900715
304 168.1920075949691 43.57975549085219 187.0688674185551
305 172.4027004665427 44.53435775307287 180.9541331210908
306 143.4656709056513 133.4184858234842 236.0379803320133
307 139.6944330143418 130.9318501557763 240.906973031384
308 146.2592485724836 132.6116648872149 241.3937538329682
309 142.6537900376162 130.421081470191 246.7282834088848
310 135.7135979554929 128.2672966015731 245.989767640527
311 145.4296550567217 133.0173000213981 224.8133120203256
312 139.3502788149201 127.2419205053364 251.8236787729111
313 134.2542505134167 122.7340804550536 249.3099559657172
314 146.8099644095457 127.3808994529548 250.8956096583636
315 143.5666318963617 123.6656796429095 255.6860090704101
316 82.88626919577598 128.648024679844 178.4452122273788
317 174.4891947974931 45.78987328897234 187.2655287819938
318 179.5454599422386 47.67281193580078 181.9138785557057
319 170.0169155270144 45.02495815733344 192.7767870166251
320 175.5980052083188 46.78631358995285 174.7336250121855
321 182.4483569927842 49.94592289853615 174.3799114330553
322 185.4900334958499 51.10476591778317 179.9688324021419
323 188.9276092164258 53.80514888257746 174.1820542867283
324 116.5070066398526 66.99476611033751 231.2944186750011
325 116.7529468137645 73.18569640631118 233.877438521065
326 154.7626875500559 39.13580361873164 174.7275846293708
327 112.2998519338569 78.26637728968475 232.0075015778116
328 116.6169881997926 79.13911612843221 236.7308887771482
329 179.1443083025273 48.4179721939911 168.155885994779
330 129.8631544569631 36.16025282765005 186.6368074022405
331 78.12552612266795 102.8973619156073 191.7725446042813
332 110.5155415797691 40.64990944462686 195.1015055014656
333 150.5336469821883 122.3261606667704 254.3637712457668
334 191.5072898104999 55.56313284554371 180.2041200193619
335 194.6368648994869 58.3224227155894 174.1165444173494
336 192.9006105605556 56.00480798334532 168.4137487767582
337 198.5149400149131 59.9335352339597 168.2849433988464
338 200.1710858966133 62.66997588411691 173.8286673288634
339 203.6013838191268 64.68620469919091 167.7989828700687
340 201.9901942259755 61.87345282509153 162.3550925497251
341 205.1072849567403 67.45869148572407 173.37336937511
342 208.0952065623875 70.10102530617657 167.8363296606988
343 209.1005776497221 73.16602020406998 173.4933275677878
344 211.4260123913963 76.28307244521973 167.7160735420079
345 147.1705566131872 118.0486423984963 258.5162655531705
346 211.8704055350925 79.50839608648651 173.2886417833496
347 213.7732014574343 82.84617722342617 167.6298473316593
348 188.7184928057071 53.13463812760693 185.7050635496925
349 132.4833647873115 124.9272339030974 228.1478039726178
350 213.9696854501024 86.08851575060781 173.3123693138036
351 215.419141244866 89.62303731577899 167.4570451306852
352 116.6461846541392 60.81079107782314 228.0981291507994
353 120.7647496166333 62.04294121009209 233.1876776115394
354 121.0252096790602 55.78749390918958 229.8440315429303
355 89.63271988924713 125.823621411802 176.3963189319789
356 94.38284351465289 84.04684269618562 218.1610129624135
357 112.7424592984201 84.1908041391484 235.5110832357977
358 118.9050742483507 84.79902814179282 240.0624699111779
359 114.309458382464 90.56733758314246 237.9915396705907
360 119.535428543392 91.35904020247298 242.1046197963213
361 193.9816937107139 57.41376325296682 185.9489290626652
362 211.5618493993222 72.5378083145835 162.2557367014295
363 85.99300690854312 126.906557673401 183.6791087011264
364 91.65700348814892 124.0701988122137 182.9417411532173
365 121.1102412291608 74.42039669913103 237.9929372671151
366 125.3220882886742 57.27983269996153 235.051294494097
367 126.488631972554 51.26416848784333 231.1713731089227
368 75.71430918835043 86.12822545271872 183.5536683670805
369 217.2557922547689 85.81476123488008 162.2652351797427
370 218.4108393737217 92.93113064501748 162.1891265788528
371 138.0046214326793 122.524098748828 204.050935186509
372 143.5495365894137 124.9612522109505 203.8193576748213
373 143.8722823830009 119.0165651785946 198.8970910704856
374 150.80810863455 121.8876414851639 198.1713203633241
375 215.5451106035669 91.79098110518987 172.9472256530561
376 190.5168325255735 55.84633980042011 191.7283841639764
377 172.2000107523043 45.57733356726136 168.8085222552903
378 175.5339854328216 46.14903247462824 161.9368820631656
379 108.6992961017249 89.6933628920028 233.244910272781
380 168.5441216139138 44.16609089414212 162.5283298966017
381 154.1353477587188 116.9591634382459 257.1671006566564
382 156.7400779183568 119.5557903793387 251.3396792575989
383 150.5132534060961 112.1764576057096 260.4233789730994
384 143.605304148628 112.8437586249393 260.9421424728354
385 146.8154508032519 106.9451498062081 262.9311554803963
386 139.587890186764 107.2331129760686 261.9607685277059
387 143.0213399449799 101.0972780359191 263.0103074098417
388 135.8426250062989 101.5385415126291 260.9690996949054
389 160.7630537194365 114.8600980821525 254.7087303323927
390 90.18204439375825 102.7810549307739 219.4252252584528
391 212.2851911431403 82.64593004385247 178.6667321930173
392 195.6844750138747 60.22800092566386 191.6507568150762
393 206.7153395454789 70.41587721306108 179.0646565134831
394 115.5755765402869 96.83613480618644 241.1918701496609
395 120.0295115364512 96.64247803062494 246.3380213612116
396 118.1186571010641 103.4863782054808 244.791214113019
397 124.4913159874761 91.47080491297228 246.6673852785812
398 220.1992049393593 89.19725062220698 156.208959074247
399 139.3623415451659 95.53018571076359 260.1147287627774
400 88.40123496327396 126.2893279972858 188.4170782915228
401 94.72072727825733 123.4934108605781 188.7233359596542
402 98.3824788608535 121.6530674302675 183.4291991209798
403 81.91221325728898 126.2717286547505 188.7062503534513
404 100.8330644224623 121.1287930611082 188.8201161087872
405 105.0052428946571 120.0524390516314 183.8865608140148
406 107.4095317274083 118.4290313422315 189.7677557920934
407 111.8023012732213 117.6247944008559 184.6492512945257
408 109.4956885525168 119.5776289567884 178.4158782688829
409 116.1885026825554 117.0305192928536 179.0086794056954
410 118.5647107540912 116.2433327441924 185.2312631075246
411 122.9428380985617 115.6932945637421 179.4830626145059
412 125.4594238792724 115.735461883303 185.6951942818372
413 129.8025302952857 114.7216694989462 180.3379548394569
414 120.3210807872534 115.8733454606129 173.1450746592965
415 145.0603877267589 129.0707002714672 208.5148677287489
416 131.2799393124006 52.83681862266309 236.5678658808634
417 132.8855113698044 47.73650811328264 231.5586217339382
418 130.683515775256 59.38464340506032 239.3901240704047
419 111.4517136641615 50.3252479364637 213.3782858522199
420 133.5915280798174 107.2457967069626 259.0999328661817
421 163.6518424227592 118.2629766073827 249.4167610018987
422 159.846327212685 122.6424173255574 246.0173714621676
423 166.0352507107108 120.0509180493934 243.2590813572994
424 162.4381422638643 124.6046305863041 240.0906322835151
425 149.5311808579527 134.7790505734598 236.5595361370146
426 168.9399864878184 121.8076688209158 236.7408530538968
427 164.5362613890103 126.8673401879286 234.313682445738
428 220.8977787313344 96.49949647072904 156.2865193951844
429 219.2559463383974 100.2338965768539 161.6137137467795
430 97.58115750608864 122.8085644904461 194.7418820997605
431 128.8369336837157 46.43687029887893 226.4823305756815
432 135.1733509496396 43.14940741168502 226.4163606292415
433 139.7692202530164 45.52484008295129 230.729628827485
434 141.957652323426 41.61166114864133 224.9486984840858
435 146.6476976532104 44.5625601379525 229.177502026517
436 148.8567451123631 42.43278704588557 222.5235236684579
437 137.5102096515533 39.54718167436653 220.2216754398752
438 153.3403329672715 45.7018698745667 226.7713136098087
439 155.0059992469035 45.33901049166087 219.5825640719598
440 150.7128691469456 41.39515470328643 215.2345633670382
441 157.1166116363488 43.06066454397527 212.3782049802543
442 161.5106289462954 46.76239610387815 215.7917798254016
443 192.1753274206969 58.89241073591887 197.7910065870306
444 186.2060933695606 54.31425374973507 197.8328541813384
445 163.318647297646 44.88153339044771 209.2732758054082
446 171.8269899958779 44.07672789551373 155.7491423932073
447 178.6065683153802 46.63783290618075 155.1390152234128
448 220.8870106282572 103.590890988907 155.9204795067938
449 218.5995829138746 106.7763434788454 161.5010666568966
450 93.17524393762092 70.55671070593338 205.8879218122924
451 131.3953766943772 122.6932171574914 243.1670805528947
452 120.7972909321354 115.1086677327253 223.9114324426594
453 218.9587922730671 95.20786435209335 139.4363741618092
454 197.1243442433116 63.49448410671265 197.327798092938
455 216.5630129525223 103.6160122629054 167.0002365767564
456 132.6024103184978 115.7905526921791 186.7588563656928
457 136.6071255099728 114.1743001205873 180.7886870598243
458 133.7420294862623 114.7221725555224 174.6079754761308
459 140.5520587629816 113.9753950589993 174.9772189715436
460 143.0373507708173 115.4098615983273 181.2019299484626
461 174.3133717317415 46.11709520188432 149.0181797672411
462 218.2769513411194 82.02811219936734 156.262708370836
463 112.1986932256816 102.7599543791623 238.7622599584138
464 73.96950489138798 103.9513069044734 181.9875958763448
465 85.06094193101174 125.6225812204654 195.2023376713808
466 79.36040641372617 121.729806778929 193.0758311153612
467 211.8997309529905 124.6092037110272 149.2031808398684
468 131.3355041902623 117.1704088594473 247.2310740373361
469 128.5616946481068 116.7333875098248 240.7762125183634
470 129.711249067102 101.9773335751784 257.8563291938299
471 202.9974683310078 108.2304515265332 209.5223999929972
472 151.4791643850625 85.28215691526341 255.477242105599
473 180.914514886822 48.84663592912952 148.1886897050727
474 184.9466567945206 49.62066489058995 153.711609534162
475 187.2551004027731 51.6258247943512 147.1572603457288
476 191.085395483698 52.86982183727657 152.7893974669255
477 193.454074779482 55.01962258514896 146.3742498830417
478 77.08274118395234 121.8705623646108 186.7305060786915
479 116.3596322700791 109.0315630339967 238.5658170058602
480 160.4819553078845 130.2463499889863 160.8191913076981
481 136.4647734262325 55.48166270190766 240.3844799203939
482 136.093783530955 62.3106574524904 242.4302717874153
483 215.5391239485771 120.1109160094479 152.5182659015534
484 168.3465095643041 47.10776524452842 213.2127966179032
485 194.3460180953489 81.05248400837434 226.6392782842009
486 152.4557142962105 40.21865602659812 207.8800292877146
487 183.2403518145847 114.5494662387425 236.3435676935066
488 169.7199611136069 46.7562497597707 206.6989884278953
489 120.5234181387655 114.8814188663003 191.7637698404502
490 200.2745333487468 65.13574250256457 191.2176674201637
491 96.72689048361184 60.47229059493867 202.0030953454113
492 94.82968351064146 57.18522532780457 195.1145493362091
493 96.97566337302028 50.85179407949487 192.5873422014844
494 91.94864900380145 54.32899947578322 188.508595724088
495 95.78231837660542 48.40332132853955 185.6645842759007
496 90.19818506784114 60.88753186333518 190.8282341414982
497 87.52882883418866 58.12944653803886 184.4286143021971
498 85.49648521884922 64.78620046084019 186.4957381939487
499 83.39960562903809 62.40121933268301 179.7231049138685
500 81.45351442479677 69.11758704705881 182.2269920932641
501 86.70363979870854 55.83333075892259 176.1080807919033
502 79.90914688674424 67.22308532759421 175.6257949962582
503 88.06024000187679 67.4363722885947 192.6304465109967
504 78.04241343808958 73.85987199705092 177.7511777036259
505 149.4699089968146 120.6174360586383 157.2122546508357
506 167.058466253787 49.26073164832826 220.2453485416925
507 180.337207409155 84.1038099180753 244.2957701651829
508 153.6568399378707 106.3720971759759 261.5333287726425
509 82.75323883980161 110.0501843933601 205.6256114599959
510 164.8408056696082 42.64946161097259 156.1575901035129
511 143.1263629813728 39.5828080302032 152.2459596339864
512 161.2012132724738 42.54212979101061 162.7561933007526
513 158.2551489625244 41.51953529678073 156.8906964473458
514 155.4292132686258 40.86868209077767 144.9929947711333
515 174.5181519803971 49.08670993100898 210.3406171910672
516 175.9674506400158 48.54746675455994 203.9229461120099
517 180.4711070356558 51.1078049456514 207.4314167266384
518 153.3465470957606 41.24080755097287 161.8287202663126
519 219.2922839237805 86.18349012355401 150.5048008297298
520 216.8772018321686 79.5884656103613 150.285549801117
521 163.8854221540581 136.3887527438215 160.417633918905
522 161.5429950872064 135.0252440624634 168.0729282924701
523 167.2172594608887 139.1936955411462 165.2323096504266
524 165.6766440827406 138.56684530308 172.4759998215692
525 171.1606664233673 137.7799579452117 169.893296515065
526 169.9390304299336 138.3791445689267 176.5601747441883
527 174.592818195187 134.3515408699162 174.4417351813744
528 173.6636177926463 136.4510203566832 180.928464405528
529 168.3665645289272 140.7314983247238 182.5367161081985
530 171.9025184135218 136.9392204440963 187.1340778455532
531 165.5078650068671 139.6455412008307 189.0336775544225
532 169.1295345687092 135.3772033405754 192.7856211407127
533 174.6206933031642 131.9201426092498 190.430447133219
534 173.0048990341442 131.969927609579 196.7714024875799
535 167.235608560342 134.9172905586947 199.2039994498282
536 171.6224175412505 132.3016405974183 203.380457030727
537 177.3930238195953 130.376513974511 200.9202380690535
538 165.3469222538697 134.4194115763228 205.951720014782
539 169.8666779244379 131.3924666053737 209.4524887325373
540 163.6270652345918 132.9940328967023 211.9949596581874
541 168.387501393316 130.4581536691041 215.6209036541342
542 162.7664761122392 133.6404655890723 218.0443165815507
543 161.3768257628442 139.8277726982563 182.547249917797
544 158.6489891343686 136.9796177480553 188.64155474993
545 179.1274170601566 132.5879052835763 178.5791335164272
546 174.4112195353741 128.4872128017028 212.8694015331912
547 180.3800882800896 131.4242265278474 171.8107706266367
548 159.2551690453083 135.3472797720298 201.1157056433693
549 157.105928315288 133.2885288183061 181.7534681468129
550 173.3290762412439 127.6734885931268 219.2224504505034
551 171.418846683497 125.2999646933839 231.3798221279715
552 91.44942010708471 124.8544017536381 171.1716253424335
553 166.4442758752909 112.9346593072944 252.4453233359461
554 166.2368016358742 70.66899114841061 244.2455438217992
555 154.3619082261039 131.1531992564951 188.5813605022865
556 126.1861993626271 112.4172955292022 245.0189924898377
557 189.1094682884667 57.41226736658463 203.9226658220571
558 147.0112731626465 94.90596414961149 260.7182191588329
559 161.9014995707918 108.5649013997879 255.2733709392564
560 182.2895737974796 132.3254990303353 152.2342065032393
561 182.120089510035 133.2151020338464 158.8128846297943
562 203.0071467953251 72.32041474102803 202.2213609610935
563 146.0158298953399 38.77157859200243 210.4426026574786
564 158.2364209095198 136.1493190266423 213.8834749387945
565 117.1582802051184 55.04639241930342 224.2821943172986
566 76.94493297157831 115.9383125116034 189.9138018969145
567 136.2530229229272 119.2746506892648 198.3117113096948
568 218.4679327247584 88.56909362689726 138.4907192148718
569 218.3169889028547 114.1135216123301 149.3473413211354
570 94.43621090790043 122.0394397887114 212.6023355217183
571 186.9153703110468 60.30062240384286 215.171131575157
572 185.2745420323883 130.679460140823 176.7109596615532
573 183.7056243685502 131.4639492687906 182.998336339522
574 130.9976597252691 66.3091295524336 240.6485928937723
575 136.3013975053736 69.27337445039583 243.3860858909808
576 156.967223653891 136.5419891663943 220.0005318065868
577 84.05005783304588 54.89701055039953 162.1731293666641
578 164.7672978127414 44.27640784811592 202.6958010715624
579 116.2479407177036 38.44871241307761 192.3596505002073
580 111.4899731197816 39.32777063728356 188.3203792592901
581 117.5809950251551 36.4917386629824 186.2576937560404
582 112.5893664018232 37.50615421821333 181.1404187679142
583 119.0003271205133 36.9320990158766 178.9147352337417
584 113.9831136950838 37.78375881826094 173.8924744986252
585 121.0243050871819 37.43058053490124 172.0581363848918
586 107.9603838418096 38.83535203221475 176.3039124899446
587 215.5652847292917 109.541199936192 166.7821967663911
588 110.4699755230444 121.1735759025665 160.1044108425089
589 116.3265387472352 38.00170016963249 167.6468084598644
590 122.642691962428 36.07393554975528 165.6610590714815
591 127.8220831675727 36.25335071783059 169.9329944945792
592 129.1710007982495 35.65416112615267 162.9531243464026
593 134.4455345937746 35.86633061980328 168.1042171870645
594 135.2623456995602 37.68911796253166 160.8248694471492
595 140.5312278172759 37.29361733451292 165.7258254881023
596 139.6895002681298 36.56153101615557 172.5379283728768
597 176.5948726030101 47.8491797177299 143.0377418725517
598 92.31306142131351 123.809642190197 206.2979198016966
599 97.88086459780436 122.6494632305211 208.0604167330725
600 152.5769794295032 128.5332482934808 183.4529481654226
601 149.3414889012555 126.419000959103 187.6451911764775
602 147.3677128293914 37.76854400052033 203.52426571295
603 161.3725328476091 132.6040261057813 224.2331128421176
604 129.8202706336903 36.95727471505607 210.1411093086457
605 79.7243719014279 75.79715608566838 184.5191941638267
606 156.1186141016378 127.2592152956518 243.3028709754385
607 140.4359411425209 117.3720795557071 192.3332727109056
608 105.130514920565 42.82439650877613 190.8659104660093
609 217.2385865929765 114.9304270043949 142.1026895459703
610 220.4858470663273 100.207743073806 150.7273986685743
611 172.4460634330046 100.3015590696277 253.6108505623525
612 160.1263179235955 41.11380676489881 173.9852082046177
613 209.9736460582571 100.6106366060449 193.3177651338895
614 210.6284649748806 93.93501833380934 191.77203049655
615 211.7927026125843 106.0992929232442 188.9717405214612
616 151.8721614930528 136.0384405873386 215.7665814259036
617 196.9604735381905 56.71572401939858 151.8820796589817
618 199.3368546878262 58.91105349118212 145.7510458710865
619 196.4845079234111 56.40699799796506 140.3461525968379
620 202.0548479075437 60.41596762738305 139.0816133856679
621 204.698345356905 63.28146926104745 144.7896480749852
622 206.5726134966534 65.01399163711724 138.4029151383828
623 209.547496290523 68.15952538708964 143.7534071705001
624 207.812998585362 66.28000565891428 150.0386347488486
625 207.9231626001881 85.07246144448376 197.9361051601309
626 207.3302302930655 80.40182023680056 193.9878137650828
627 173.9073042634306 119.6923842295416 241.4459555684196
628 196.5611018917234 87.52651931130245 226.689378574122
629 175.6279844019373 47.56886294497362 193.3096605740467
630 127.051961879084 39.39625682493038 216.3681882700614
631 121.3635650218785 42.28061177025466 215.6619251346515
632 80.00274626282165 115.6177814209083 196.4406695538753
633 144.5050191290485 48.04012102834649 234.4503771240794
634 146.4892533597597 62.01218985528406 245.4893870304432
635 179.0030863102108 125.7723056967659 216.1790337028991
636 121.9643775615707 101.5512061873395 249.2776532320961
637 75.27428243006389 116.2328984054661 183.6046654736455
638 130.7920832628326 72.79485153625647 242.2675717597438
639 123.7956405858349 36.23137928186491 158.5932335849682
640 81.6670345375411 86.5918290336902 193.6121070361582
641 135.0092598956598 75.17778465113069 246.2441402569916
642 129.8967440610335 79.08861168638214 244.584623833142
643 134.5177240987316 81.84508336546384 248.3619214646709
644 204.7479575727587 74.30614253765806 195.9986687421967
645 149.4385154617642 39.67671885565957 152.2702054243136
646 72.43331558980189 103.5889786090765 170.8032899592721
647 75.73519258855264 121.904083813603 180.3354525166147
648 134.6848377578905 116.5576216680933 253.2891418425569
649 146.34450355745 116.4741980948449 175.1099748984914
650 137.467536492143 114.3480083222794 168.9363869201713
651 130.6694806845992 114.6125564824891 168.435424744366
652 180.5309346644627 127.3060776718123 210.0392157499249
653 185.5940962514633 123.8268889715663 213.7717623766192
654 186.325988352924 126.0271433593021 206.8322123149963
655 186.6331948597897 131.4728592777843 169.6967785372456
656 191.596404295732 130.0646848364769 174.2575651136688
657 199.087218063401 113.7832776673897 209.9194402695852
658 75.40350458099506 110.1173145365109 185.8310166559454
659 196.7162780300221 57.42490899013014 162.8991423844175
660 191.6131078502686 122.6653906107956 208.978162484876
661 215.7642025076163 106.4662963885587 172.5617039801669
662 161.0238170156308 46.99752899172081 225.0991015362907
663 157.7652309797868 48.31315150937692 231.7021526589893
664 147.3611800033552 40.29323005313339 157.3693827889385
665 188.591283164698 51.35442707649455 159.4302852175884
666 95.88550397119651 123.2496732497583 173.4849026959759
667 101.6258681144704 47.17592534577015 195.9403378916143
668 155.2156775086376 134.4127340085704 225.7188200141108
669 85.07921778642975 55.8197628521622 168.1546954546215
670 206.8846243081497 75.28218727434322 189.1533173516867
671 142.3921556664521 89.58623363075438 257.8249434534625
672 136.1211107737572 90.27526782139027 255.8615088671954
673 135.1953593052723 36.86791795181038 182.7172813290548
674 176.6863679614151 78.52620339484587 243.807515309523
675 182.3445956468992 79.21035305198687 241.9923691492515
676 217.2636128634033 113.0903630200449 161.0024784844545
677 214.0871191699965 115.56243465799 166.4362874364742
678 86.32297397440215 122.7109887517176 203.0538058412905
679 177.0094107014687 136.5840035392276 161.6076476769749
680 199.2534451195913 89.06641387692045 221.0729180515134
681 73.39042913728169 86.259515642778 169.421910980836
682 105.9331598745199 120.1858774353776 212.1882828415751
683 153.0324572348649 135.2215273163109 209.858252975187
684 158.3348661144927 129.5717890566702 166.835085658794
685 152.7158441808164 124.733196880584 165.7825283778231
686 157.7953769724993 131.3586917846165 173.9013074177238
687 205.1059917267134 60.9095395544257 125.1534670280196
688 192.4767754458148 85.83001975224585 231.0350673017558
689 112.0180598055148 37.65940382319052 157.0307904377319
690 73.95737210884593 110.8541051072811 178.5961472892512
691 170.0681840218007 45.52909807838188 144.0519766598915
692 196.7006292018592 124.258965721199 190.5166948597204
693 191.6011423098293 125.3543521340484 195.4186397802792
694 213.1844380292901 98.91597198756295 187.8377418202143
695 213.5733426354723 91.89430129660784 186.2647538316024
696 214.9919491743319 104.0909626864088 183.6141715653152
697 161.5152742028465 52.77036076084056 236.5631732630329
698 216.4575853433585 101.1961914146054 172.3571767425741
699 147.7366564503045 125.2015512718836 181.8862110092926
700 125.8611606328123 37.27086595786766 176.4543397035858
701 145.4517155464919 37.31985407303293 170.4153502335449
702 130.3714699116605 122.5300551739089 235.8264414660534
703 126.121959374301 116.2943776674066 234.3766606738815
704 108.1366330594075 83.23433706407535 230.552129689867
705 103.8197697967041 88.73656784554525 228.0493879491523
706 105.2185635272974 95.21595294191431 230.7150581090463
707 100.0309479204002 94.34262714110972 225.7226024514457
708 103.2226060924063 81.79040989771676 225.7303909522781
709 101.4066440369946 100.6603081059016 228.5019787213275
710 107.081640562617 101.4843684547428 233.3691953235981
711 212.9900762852309 72.75891216739795 148.6578546232492
712 213.3877454805886 110.6932496458661 184.0591199145681
713 213.6326679806485 73.86202262848582 140.1079153818087
714 198.2044252110765 108.3602798627428 213.9025985010815
715 128.6992836783596 107.3365259198631 254.2851279788334
716 158.9651090033267 131.0496651980023 231.2581557932793
717 210.0211015349033 86.84542249846234 191.3391998815038
718 128.2342127620773 121.8233545313687 223.3831558516342
719 139.5803793342404 84.51078639401068 252.5763701246016
720 191.2532644202258 127.0346824883879 189.059804647982
721 185.3107397907056 128.1749379841257 193.5392571613278
722 118.8136973841673 115.7600192045233 207.13185912795
723 114.015590353935 115.8449665263214 201.9881009419727
724 108.0622987383515 117.9787666048763 202.9198574051741
725 90.94201515591163 51.91655653796947 182.1056321457232
726 95.2908416033454 47.69595241947746 179.4034865666986
727 100.7171738799382 44.28216966292672 183.3515610115825
728 98.90733908561131 43.97064321170673 176.1430799277054
729 99.53947677478557 42.9050832431457 161.5762264125007
730 91.40725351453386 50.94412348495196 175.8601229967402
731 196.8423687279595 60.01328558177133 179.9350849391321
732 195.9741766211006 105.0784196076983 225.1882543634559
733 198.365521252988 99.47476996635086 222.4900042467417
734 209.1489434102321 66.68119096000876 133.0952217015283
735 184.4933811349716 89.98327664415874 244.0091822383017
736 186.5620276233121 51.77091083199933 167.0351777408719
737 102.6518069641068 40.94505689623669 166.568677959023
738 121.8033646923509 115.3626421432134 199.3701182111853
739 101.7739081217495 121.404193574368 177.1347166304988
740 107.4903391613379 121.1307755992897 171.7891307872454
741 175.4743612519737 106.2781356627063 250.9868506865774
742 173.4258336601082 54.06482468233352 229.5358077903327
743 190.232844027669 51.44794136587328 132.3169273214582
744 189.9259312176692 52.76331843721481 139.6465027350495
745 192.3863516373858 124.5512775063103 202.3466241169912
746 198.0478370581341 119.5099654498659 205.7571274294397
747 202.4136273484762 61.17630066172555 151.0649880750218
748 106.7150977638101 40.27394684540209 183.1748658002756
749 144.1828120532715 39.85447546705042 218.1673583572676
750 139.6803893322484 38.23168583615416 213.3621053272667
751 220.2021545368457 106.7637079587239 149.8692062235532
752 166.1601302616174 44.88644976262749 139.0470548522644
753 129.2309889532734 118.7633362679633 198.709336185373
754 77.29107366316669 71.36990730580941 171.352444736721
755 188.1760208165158 120.8325999729544 220.3356415264859
756 166.4651382232681 128.7284082333935 227.7634110613196
757 182.3660723529928 48.57445961443595 161.3395796405193
758 81.83783080052009 61.27305794852207 170.9135653333826
759 123.0011463378067 35.94569976370126 191.3411330181946
760 83.69796155011903 71.82113828029243 188.7969905120866
761 81.49487381327035 79.40726081034538 190.2870736349678
762 160.8945808563494 41.56046679420227 150.1783179714855
763 167.3075854692796 43.49100664910181 149.6357668824456
764 170.9257342943849 139.7636052111027 158.8655627976301
765 214.9376181603149 78.97461257291238 162.3126698054756
766 167.0142013532743 49.75180561703274 226.7377360883103
767 144.4918207396855 37.33555279197964 177.1706780674117
768 146.0335040382639 119.3675255411462 192.2051995412086
769 189.8541938541887 79.07893093879571 230.7465147395574
770 164.8004429008299 43.16909584586806 169.9926150175725
771 86.36709055281187 74.90510769282214 195.106388786003
772 90.32691326684935 70.18858359827092 198.6785247337643
773 113.9187137419067 115.8794675870079 190.6271206602999
774 215.7534936689315 97.25393857298118 182.156006603485
775 133.8418520989493 113.9338443185668 162.8330217559102
776 153.0910493336505 124.5593298707433 248.4659971176094
777 92.65124195837976 63.43615599981779 196.8512862211022
778 160.6229296647668 136.9910102162063 176.5005297623886
779 152.3346411881262 91.61656778685 257.5826665349809
780 110.7385748945157 95.99011445423884 235.9109874263623
781 109.3552174828651 108.5706767695489 234.4666215711227
782 185.5852568086369 83.82547253493448 240.6794738704701
783 78.83647170844664 66.33410998513574 169.8893042247549
784 144.649078859786 120.4990135606219 187.0352527524565
785 156.6739932344326 133.2853531333935 194.3789683190199
786 107.6631240560013 76.89721200503588 227.4676064569884
787 182.9770886927057 49.99930128013707 141.6045327980777
788 94.03995522405157 47.36902769890791 172.5866841854627
789 182.9454263780359 109.1049840052719 242.1159042885975
790 142.4576380136612 129.2385732664015 215.1180248929288
791 214.7225200232841 75.39378701786606 155.5131476520594
792 91.83239843344427 124.9754322339334 199.6259372182072
793 82.14194344190527 104.1447425493397 202.9664952764936
794 122.5174508726167 50.52468506456873 225.5737671281332
795 118.231343910131 49.50842455997156 219.2756760722545
796 114.0362585070331 118.561380118045 172.6957428951011
797 117.8081509849488 116.9694553871261 166.9757174646247
798 207.1453289361793 66.76992714198586 162.3418483972583
799 141.3441081735445 72.35718483970119 248.5349765154807
800 72.25350924924174 109.1948636567577 170.5057846990591
801 147.7619444157022 38.37160290561206 197.0133704484914
802 179.1978058990616 52.00881978028359 213.6823806044313
803 132.7033219319348 96.09478492566399 257.886326001878
804 129.5618805226231 91.69621197403792 252.2371001301834
805 124.2107672543221 95.98552763996302 250.5346415145731
806 202.2154077419122 102.5609858768011 213.0072522206306
807 128.7708401889914 85.7186234437974 246.4665867178161
808 124.6695720534213 82.09772428372231 242.6322509705554
809 95.18505576109256 100.346668701339 223.4105702660025
810 94.60839056718154 93.52221703232492 221.9704505421003
811 210.3156773914047 124.8408763459195 161.8031046127622
812 127.5505624761312 114.7346377633339 162.0414635755827
813 180.0482866499178 115.6592928338614 241.9703427189397
814 178.9061095358077 119.2948201619741 236.4258741517562
815 205.2186406289448 61.68922813769016 131.4156373680897
816 187.8292483589808 130.9204630627198 155.8854111031705
817 188.5957270782477 132.437221943147 162.9775723552085
818 220.2660101883043 93.25898059854474 150.7997019614607
819 153.0060521498069 127.0390478103602 193.6534629705047
820 154.3552222028502 129.0683330717819 199.3353642925514
821 77.92847372218317 109.4321080362728 192.3310256098606
822 216.5656244491896 96.56442841151222 168.6065024888382
823 185.1327662034137 51.95006380979851 190.4205602433067
824 97.9100727104239 87.38029184519824 223.1356968705128
825 169.3071965266728 44.02265122594366 175.4257618895385
826 178.4838721157248 47.95056042934671 136.4305905690501
827 123.1669180963504 38.22285414148022 151.1475561081052
828 134.6125607025227 127.7486616724813 239.7215526183269
829 153.131878364832 40.31828043088444 200.8128124933025
830 159.7216364438868 41.68714465497563 197.158448297921
831 109.3035862863622 121.7253377849337 155.0544731095106
832 98.53833064633278 106.221116036031 226.0368415492866
833 186.5696215170039 127.2159229702707 199.9288115325845
834 196.9385186168514 129.3134526024598 170.8259114403757
835 181.1036823734223 50.96874210193587 200.7954664077212
836 124.8696215465479 116.8941106269057 155.9207011131624
837 108.6303454081677 39.25481430942478 168.6913767138116
838 121.1998429541016 68.40243499495499 235.6304821708897
839 109.1832567818539 117.1832037437194 196.4891926060205
840 151.1574239747908 47.48608022181988 233.1334615857014
841 170.1650894204916 117.1668455115632 247.6107910619071
842 71.89199152904752 83.17824769820396 162.6765106191454
843 71.21981073325077 89.80743342345164 162.5078101083621
844 75.38040554093963 78.87213037513182 172.8298172044398
845 112.6402758411678 59.98215102230571 222.8485087193418
846 150.0679290498057 101.0298027105243 262.8879848211283
847 156.057476123834 100.9469621626381 260.5538420950587
848 201.3344596563637 68.49677155396896 196.9290685746188
849 199.0046516209754 66.50534688939561 203.0147742172057
850 182.767831910693 70.02292207644693 236.0726267100834
851 124.9919200760536 44.9359550092894 221.0162918663689
852 148.2664853570402 120.6017899043172 168.8977374609321
853 173.5492315921239 50.09761165589578 216.9596113901399
854 103.15402859392 119.9059866595955 199.7028163884241
855 198.3173247631192 104.065909569282 218.2299325490372
856 196.0351217719499 54.20709602977509 129.5142180272985
857 199.4127870465318 57.43121168766508 133.5337245655978
858 133.2049248578674 36.55040932791024 175.8201190597457
859 157.2434392726883 41.13476276789549 168.3878128463904
860 124.1397793548336 114.8040512451747 167.5423786656449
861 193.7559392899723 92.35885911246052 231.6395223090291
862 137.7521473260838 49.79762760298172 235.8081013817583
863 142.8150117444762 53.04370756118261 239.3920499265032
864 112.865462577783 54.75430071954829 218.7273329936785
865 117.5566548091429 36.59681926257232 161.5298605694035
866 190.9851182162813 60.39991268411675 209.8559498412463
867 185.4790182687715 55.16347707999688 210.3865642327033
868 140.5013726425315 118.1926201386532 257.9724244657978
869 116.1130511573987 45.70668552934292 214.2429826465216
870 95.88543803168386 65.47201657001858 205.7190787033475
871 164.5793706715997 75.96623909365108 249.4816162232914
872 169.989708940381 77.44869351393834 245.6444741049357
873 126.9491137812757 114.6104695483696 173.9341310346763
874 79.52692975440569 126.1322679427359 183.0524052670225
875 190.5265253586363 129.4469818781659 182.1789459811989
876 166.2027946250316 137.1817528716019 155.1703554884351
877 158.120287628989 43.11960259062506 205.1338516071589
878 209.8838516012599 76.41285794341258 178.7466636543858
879 131.0190237732748 41.31473224487323 221.5167813984489
880 217.9230825439864 83.90550106752724 144.7534045338174
881 122.5749625322226 112.679033756175 238.9644935489406
882 119.9272981812563 113.1857084916202 233.6446075836985
883 132.0495230179537 120.4148614596399 204.2623250969754
884 128.3741580130935 120.6772745317643 230.1688711585876
885 173.2618483869269 72.71447199962486 242.5542840962307
886 190.8457569206552 74.47050860312706 226.4764525811506
887 137.6987688375262 114.6893465659326 157.4985622447491
888 123.8204261699387 36.25246884631749 183.2665832909396
889 195.2123513647051 64.9361062287781 208.4911210025934
890 125.4779555437214 63.84126647650574 237.3281140945034
891 172.2271868009063 53.24866968265081 223.0015264367726
892 168.3500055315529 93.79368479064095 254.6700800843086
893 133.709614482339 118.0335334968889 193.0282303711041
894 148.6899470119253 127.5664252776028 202.9642056192757
895 162.35706391946 137.1256880373725 194.3298090295639
896 98.75672009603551 79.99136196966354 220.7061003200531
897 210.5152728847767 69.10214642187999 156.2510786376992
898 152.6278607617796 131.5194235331361 240.471517882957
899 118.950602603841 118.8158775969193 155.346248223409
900 141.5952975368483 58.68809409204673 243.101401191203
901 219.8824090690824 110.3739904190166 155.0283435315993
902 157.929475759027 43.05975860789106 139.7257546645328
903 178.2778653555882 125.2626250417989 222.9709495735011
904 72.62200866350381 78.18868314162634 161.9938628302937
905 74.80405867196856 73.86192782198867 165.3299647198095
906 76.55364327016494 80.04312326736439 180.099341633408
907 157.3120892941645 111.0505772049979 259.0111832694697
908 146.8690402724303 39.41223128252402 163.5135931755019
909 121.1759377890071 109.1231639751047 243.4397335362526
910 171.5440679025863 46.1166851192198 199.1713168376356
911 201.9393297699791 65.0536853314115 179.5919892628126
912 204.0635998887781 68.12685038581819 185.2090131640535
913 176.2764452084768 134.9580879168824 167.7422314372551
914 89.75637139844147 75.34057245087971 202.9882779445189
915 194.4593334225512 61.49774431648413 203.3077354024904
916 211.7158302771039 118.7606165163111 171.5155565985495
917 182.9057062795588 132.3516086473081 145.4072030877196
918 177.3247463618113 133.3670233514428 185.0401070907533
919 154.9694740592631 50.78912115835764 236.3838898007633
920 209.4397982596186 112.3200747468882 189.0479343363076
921 74.10156571900936 85.75920030778056 177.0700501593727
922 101.1071810326933 122.3996590412631 169.8542243257549
923 137.2282039789756 112.6623764188947 258.4992075878155
924 129.5850302232341 37.91685339464234 156.1142082736131
925 136.782625038747 39.49330349886056 152.02330760138
926 126.7597482718111 39.49431778255189 146.1588907583091
927 178.6469176546743 129.8234537828915 194.481440672867
928 141.3292880707974 37.28370140487743 205.9504382621101
929 172.604164365936 127.2035015455672 225.4956988103301
930 177.7685702482553 123.6201759480229 230.1711030789604
931 188.5148027126219 131.2682881321818 149.6324377933471
932 83.01341749599683 116.3540062476934 203.3048854081884
933 183.6044866163347 119.499959230345 231.2456715181514
934 214.8902062428423 119.5160449745511 160.195372234854
935 149.5536532275371 128.8305547185988 245.3498657233232
936 185.6608130280559 77.12370889446008 237.2733702405477
937 164.0872576208846 42.96178209615457 191.8296737440255
938 180.0306196734488 48.77882749930458 189.0319888656938
939 210.6874993746736 78.9085658074452 183.8567332718337
940 115.7388648997688 118.8790316537061 160.7531150071245
941 197.2511968334229 128.0662304754289 177.9426372963047
942 214.3984940152045 90.300735575435 179.0163989585731
943 181.8673025660259 133.3916905592891 165.6027211795309
944 176.0958071822257 130.0173064185587 206.9947790067925
945 125.8687531865837 70.30170134676096 239.415642391794
946 139.7100581509624 115.2968911187272 186.2819942173363
947 218.4344782577777 110.9059493884801 136.9701897748178
948 141.13965618432 65.39513357668456 245.0014149741567
949 205.3330438312167 63.71467270448595 156.6313093770187
950 149.1963316633348 78.82747884537827 254.0115195758802
951 166.9115840530553 99.5432834919219 255.740424958909
952 129.5056720627761 112.0340159620583 250.1789414846851
953 87.70477536504838 92.51596576281143 213.577309654463
954 88.07006640790092 97.76498054735444 216.4840391217695
955 99.59863560126189 46.33408131654515 189.7126805464802
956 108.4482248259905 59.19288447762938 218.0469256934437
957 168.5658210784698 105.7165034905738 254.4489124104417
958 77.01377232449788 126.4280696414062 176.4114964134992
959 158.6854388946613 105.4120511324301 258.6913616430082
960 158.6720975212735 129.7783855969849 237.8292185406421
961 80.85597628521523 109.956059146531 199.8600120395886
962 197.8773204618167 93.82326432182103 225.5152839447434
963 94.18812069649522 45.14154700404696 163.6813010481785
964 97.60908495561165 122.4656608019648 202.2351828093294
965 115.8962974134668 114.864475437201 196.1759894204766
966 158.7797885142459 135.8831852858436 207.5915871518284
967 141.300292376908 39.67345562755231 157.7536883171203
968 117.4393199296916 41.21740178694198 211.0832585557053
969 133.531644534792 37.88028631784513 215.1254628042425
970 76.97091470657787 68.53024989375784 166.2259580696935
971 211.3744303171974 125.085469769005 155.5196349105233
972 74.44691295084255 121.599562273623 174.0177965759041
973 215.2236849079587 108.8477243730024 178.0406402739325
974 135.4932300841084 37.37618187915619 208.6532791093007
975 192.9915217275537 131.3835040110051 158.8621968532981
976 194.5338975987011 54.33167911687699 135.1356121773117
977 199.0700772942931 61.81852383720739 185.6893606643889
978 78.01995370951136 86.54854459526226 188.5377338678708
979 122.6682217484423 39.42979439115686 144.5822955362243
980 164.8930871193951 140.0113499111627 178.0497719447785
981 106.0599739958406 121.9932523228641 165.20497152674
982 82.27536851146698 120.7334322380618 198.4243213996606
983 103.3841340008031 75.36577031438321 222.5654834098868
984 167.1937182679899 130.2896258069003 221.7493127006124
985 109.3531412348047 38.26415845191043 151.4731262720604
986 93.8699655058201 107.4482158480434 221.9161827260952
987 144.2816515758436 113.8601176221401 168.2957859703821
988 176.0228976556356 116.5445786118816 246.4407148537751
989 137.4023243720393 122.065038598529 254.2723215322127
990 91.59515896230012 125.6463690672582 193.3697537825375
991 121.5209246429517 116.3599144897853 161.3882086973263
992 150.9761991314157 135.6230046686749 221.3579346260658
993 133.8846997235098 87.01608322388739 251.1074341821491
994 195.5200407530651 131.0036255765253 143.0951085520343
995 144.5547760371781 117.2711887518987 157.3744963273217
996 112.2442624789381 38.8191123085298 163.1664470341348
997 84.04286930955989 81.65069873351661 195.1508595782973
998 163.4657642392943 49.29612562831036 231.1865003353331
999 199.8547569246298 70.54194799829396 208.1150134752218
1000 161.8413440047851 70.45165362996623 248.685465274285
1001 183.1628526894705 123.9069037729499 219.6886493444596
1002 90.57048951386852 87.72959381933137 215.4934025809559
1003 105.2770706087826 122.7513664304445 158.5712481755249
1004 172.9332194017044 46.54540387914738 138.1149996344466
1005 184.6081604653587 53.58761817657383 204.4304113183948
1006 212.6653019512473 85.00081753966668 185.0550221058861
1007 194.396775123137 117.5282234442708 211.7486034668767
1008 154.6295894831368 132.827623932508 235.879441793704
1009 152.8316754574294 40.85586873822998 156.2481466276997
1010 182.6439700339361 56.24304607527181 215.9631075827006
1011 147.013391223987 132.745090302627 218.0782467917733
1012 172.7436950895605 112.1025692937121 250.0808313289992
1013 181.0277189003732 130.555620330421 189.1181077960548
1014 148.0400338993051 56.65953434122189 242.2697709654614
1015 219.5822300899295 97.48030343519193 145.3380675444414
1016 78.14053011780324 81.26202852509954 185.4884890478158
1017 75.69607948681539 104.609221708478 186.8944369695725
1018 124.3497396579856 107.2689769081171 248.7286138192063
1019 148.033757414615 123.1056773022291 174.9443038270437
1020 95.28289387149425 123.6190959075531 167.5701677986426
1021 93.9135644345712 124.5897427982615 161.7710180297214
1022 141.8576853309518 36.83288478810071 199.6921140093191
1023 215.4969022899423 76.50897628081361 133.8632337440141
1024 199.8929573273733 58.93389022045442 157.0459498968052
1025 127.0985956856484 116.4642238481219 192.4573097856002
1026 203.4735481799869 70.22146344795249 191.6116662584652
1027 96.63524166793276 67.78946040440212 209.9180562870538
1028 202.3801585969011 90.43382121008665 215.2764252328816
1029 153.3915999111125 127.8093673573436 177.4392940049495
1030 148.8233716382995 51.49142687227452 237.6000992137009
1031 84.18297609139893 86.89183468759487 199.0114848116465
1032 210.5324685834904 69.18237753941358 137.9693631195954
1033 105.8484945737936 43.66944471781787 197.6848907614363
1034 209.3297842514999 90.16887563958521 195.6527666739476
1035 100.7954062659649 121.8120353651654 212.5076435891285
1036 138.544479799519 78.10511314484671 249.7016575585233
1037 219.2381471793837 103.6031157603376 144.8543221340368
1038 112.0474471539834 119.8177238767463 166.4451274351105
1039 146.7752392328196 134.8833442791486 230.7978640778279
1040 200.3139619690773 94.85642631893305 219.2569589281671
1041 151.219792915657 39.28827448577042 168.5513627857999
1042 214.2205026904372 112.5787551901939 172.6188240332777
1043 148.0667094642052 132.2491982796544 212.574695669031
1044 155.3501051495173 40.1696825364389 151.6635861515992
1045 218.8805987697219 101.3467656519941 139.4198542308917
1046 84.88010643875515 129.4952408745875 173.4750790999716
1047 74.39543618653207 117.1245655013274 177.941866452979
1048 218.9944091391014 90.64843342467891 145.2846004145699
1049 80.52125129566011 103.790182218022 196.9654037066923
1050 145.6427856124736 84.2527766649248 255.3566621665892
1051 195.9208751372268 69.10873947863884 212.0554277915523
1052 114.3385941893466 111.8957030340303 233.5634699314027
1053 218.4258486747761 109.4306034553477 144.0201042949371
1054 125.3980078191059 76.20740581968541 241.5521491322924
1055 200.1483511103293 84.83025659713384 216.4368361364693
1056 118.3808413321581 36.45068429670133 156.1442447213597
1057 217.845384811751 115.5615980667907 155.7139465146798
1058 125.5380629129862 101.8935592532885 253.6092515116007
1059 152.6456104019727 133.3087808821633 203.6099596795329
1060 192.1704188787315 131.4798909099783 168.3282536925115
1061 180.1922749246858 73.83109138654027 241.0763197035534
1062 87.37780424411139 51.26038510361516 163.8581924629057
1063 166.1652647119293 43.75177575999137 196.9066329326703
1064 103.3780917766822 120.4125519787087 206.5219444428463
1065 149.8294768250364 123.2698627995211 192.8483583228405
1066 174.3946871225651 122.5917813521922 234.9016750254254
1067 210.4182496491252 115.714508729917 184.6789694084532
1068 72.95873705181205 104.5371154929783 176.2521022533622
1069 152.6171710807416 96.446122870087 260.3942999757187
1070 172.8946899558812 139.1284154834197 164.665094668371
1071 139.1314506907419 36.91087960159032 178.6682953562452
1072 194.2943547662085 54.89230331400788 157.809659023195
1073 146.9032496639837 117.1902889613948 163.1819302976309
1074 181.6706195436205 128.6449555819704 204.1471625223764
1075 124.0140790037373 117.8046525715594 222.3248757675621
1076 158.7473973599973 41.24932349626204 191.5742027937962
1077 195.0556683699438 112.835499449592 214.3825943631
1078 71.50435597950852 105.2113136407991 166.6512909692756
1079 208.7475615806804 89.72714351371104 200.7070132528183
1080 116.8154476562009 114.4484011655762 227.9181535946046
1081 180.5344834165728 106.3149385978299 247.9063955381657
1082 193.4712788662237 131.3245905387298 147.4442893492248
1083 103.488660955983 106.62278510533 230.7252726267436
1084 154.2139475167241 57.66068297077867 241.9760889352427
1085 142.6356482884436 130.3202626097442 220.4683582699694
1086 90.74620004473489 92.90416257574701 218.0542859811744
1087 183.2947290670525 59.82862291664893 219.0229467760944
1088 201.820351166626 117.7628313524473 200.6820166028202
1089 124.1643546992366 116.3776663406263 228.1477648023355
1090 96.80206413242684 43.52800509515032 167.6284468339508
1091 191.9066233988404 54.12882207930696 163.1936267199169
1092 161.4735823600682 101.5677628738345 255.9313023414834
1093 205.6460830495381 103.2099153124025 208.6369008082069
1094 90.635619615981 125.8777612676269 166.0423135663997
1095 216.4060156698802 102.4215422899504 177.6858836607753
1096 188.6400650672805 83.27684656554182 235.3074417444391
1097 157.8452795379135 95.09970509290588 257.209470580842
1098 180.9155847944269 50.44933355352697 194.9591627391351
1099 144.9519571256292 120.5426264842904 179.8839099525989
1100 127.6582881132954 96.81493831633634 254.7198471779972
1101 89.29888415229706 51.53826138895966 170.418298388905
1102 139.4472922706087 113.2842584784548 163.7513118346146
1103 209.1607892348956 65.9510695706211 128.6948382111758
1104 176.9969219063231 56.79550705304051 225.7510330377138
1105 215.9837909500411 78.076377301956 144.3848446926167
1106 187.3585744324898 119.0084347494764 226.3584914918659
1107 209.676526723597 81.20305808852132 188.8910061116315
1108 150.1655867291195 135.1262286235299 226.8492076849484
1109 103.0497934468895 40.56580439582002 172.4189855831906
1110 120.9377299625051 79.28504510163671 240.0545371119153
1111 119.8916389805844 37.91655241322245 195.6409675902916
1112 147.8555312320813 89.02405791327362 257.9703604141891
1113 190.40194906937 120.2650040768794 214.3826380877901
1114 105.9297581330087 111.5632090869843 230.4246690480321
1115 152.0967317974114 39.59579165539555 148.2837530121081
1116 149.2797273988246 131.8629458716109 207.4330140602488
1117 93.47863202139651 66.37385169657475 201.2825716889594
1118 132.8317743723562 111.155014060504 255.212253279768
1119 129.7301583503715 36.61992827513337 180.9167124266473
1120 78.7747677530142 64.08621185213858 164.4719176150434
1121 108.8220912078975 55.08245887185014 214.5435156323031
1122 87.14057330382674 114.1827199774038 213.1147529922754
1123 208.2514555870939 73.58454954347228 183.290949062479
1124 146.8856192276266 73.17473743281799 251.2173428348725
1125 184.0218819279873 50.12359927717823 185.2831914159011
1126 177.1417585223695 48.75406351825144 198.6093959293558
1127 84.73881394801978 114.1073346708208 208.809173845968
1128 211.9875330217325 120.9228802799447 165.6440914363819
1129 112.8023359042216 45.24454133084303 210.4836744124814
1130 95.14865548027332 122.8481645564888 178.8925261326453
1131 170.7918275130151 67.40681614780809 241.5891548163963
1132 97.47098569856892 110.9820915898237 224.3346073457421
1133 186.4647679649525 129.585355106059 187.4287372758265
1134 200.5259329486637 99.51284767462502 216.991287065009
1135 156.6248143028541 54.85407147703961 239.1210281198773
1136 149.4862322499981 37.80500031438775 174.6442039319396
1137 104.0852091621934 120.4579494603416 216.7508914243961
1138 103.4165287220668 41.21554667172899 178.5935416330076
1139 93.41425590054419 89.01314902602928 219.4733080829756
1140 153.0336910309361 123.8185504894979 159.9926433139028
1141 197.5027137429852 130.7416533675682 157.5986935492235
1142 134.519002935096 126.9452287558996 233.8057390560207
1143 91.35779608127046 97.55313844420144 220.1841872153504
1144 123.4983824342256 87.20581280531297 243.2317476504166
1145 216.1497709608457 96.72415748755279 175.7926102063194
1146 131.7329261467396 37.09088943009495 205.4690845882525
1147 152.777578895977 134.6897726517334 231.1083694651245
1148 146.8835815656665 122.1524154168754 201.3214235275165
1149 136.4790067712643 116.7798753719946 189.57554030266
1150 164.0725725343326 42.06014180410004 176.3979832083794
1151 181.9409082340701 128.8749475340452 198.5499336942136
1152 162.3889391556231 91.41120413502613 255.9104901565469
1153 103.583788157242 119.9374435598547 193.5602329065154
1154 150.6763066262163 121.5857961144188 145.4587229404213
1155 210.6018523475437 127.3732201966594 136.1266406927308
1156 187.0528534419195 130.7988832340666 131.0664143525242
1157 216.684443156524 79.04155932928599 123.6184711686564
1158 190.2872646114059 51.24506419328665 114.1546964937699
1159 127.2007324813047 120.2794612406829 145.6745671392354
1160 161.196275292658 127.0724275258432 148.802331363471
1161 206.6353699161589 64.28176146542536 111.077510473892
1162 166.9727070253496 132.3625485353316 141.2556512509565
1163 97.47473398283002 44.54922321380686 148.991016932467
1164 75.46754186717911 67.27207403403007 151.0439973814505
1165 70.46553215248369 81.71202777306941 150.9722933890466
1166 170.5155359988316 43.85895572061534 129.5939878228432
1167 141.0787221571207 39.69421189783225 135.7851598111625
1168 69.75753707727439 114.9387153924008 159.1246020698663
1169 84.61323870452603 52.75098532960844 150.7502416272067
1170 123.4240463399378 39.43104141622047 136.0292845520759
1171 220.2382045539178 92.856440435415 127.1664294387639
1172 196.7797243665091 131.4579843411015 127.8172950296655
1173 104.608158175375 41.32839546960416 140.3555884865199
1174 205.108558040094 129.9518682754551 135.0416909045756
1175 73.89219786786904 130.8079410639522 165.8815965698063
1176 94.92063259296309 124.7687076768853 150.9271415554027
1177 85.59523084257954 130.686571076257 159.0601194310396
1178 162.3651054276118 41.35837395668793 123.4856370218171
1179 151.0841955662569 42.35796335101094 130.217332088703
1180 145.8631075908383 41.19031839042019 134.785546566144
1181 143.677121836328 41.57283391289352 129.5520736005126
1182 147.4518560794912 41.30477579832367 122.9266208130261
1183 140.2727033711823 41.47058729689871 123.5813488738135
1184 143.6297202814446 39.8452445685036 117.2241247812718
1185 136.5039222949574 40.89444162961711 117.8201147103933
1186 139.6166449271247 38.62663391063673 112.1179498430961
1187 132.6406799160736 39.86311070410842 112.8300099643114
1188 135.5740879296717 37.80605044768432 107.4574237005235
1189 128.8235069828604 39.12984894354759 108.0215550389097
1190 132.249352201856 37.12887090129279 103.0279245888688
1191 125.7950481006161 38.32533247286396 102.9243455451808
1192 129.1811282192792 36.76863267067779 98.9241810310984
1193 123.4142906332629 37.67041796275358 98.01395792244335
1194 126.7463302873367 36.52454877153633 94.82532100609622
1195 121.8982925102715 36.80001035249703 93.03391021372475
1196 126.5668226142061 35.66415874233827 89.98807603121386
1197 121.2645718544686 36.22281818532198 87.75337008480537
1198 126.1259909983795 34.97625936220051 84.39548002510371
1199 120.6541261769377 37.12434455857322 81.98831349529837
1200 125.9834861036274 37.44045324596375 79.2288000560572
1201 111.1584400111091 38.62735328661452 87.73126768239158
1202 121.2373320652906 41.99649548454153 78.14082377137476
1203 127.1456488176478 42.55180511715337 76.89160788559252
1204 124.4261267432842 47.58634863654179 79.23418610349519
1205 130.7618929043235 47.367455120839 78.49498340860978
1206 128.3154597964119 53.18131361999515 82.52213440107761
1207 142.5407931836111 37.36641255434161 106.7575088965757
1208 135.6429764812762 51.47176856820211 80.54034411181121
1209 134.7612484685533 58.06190882803157 83.5874022360527
1210 128.1436622975803 60.55709663917274 85.92184931651359
1211 133.9398379065402 65.29427492494339 86.04925512580905
1212 127.4209642815026 67.6947062791408 88.78655239830323
1213 133.1528172997548 72.77480606297409 88.29299827031676
1214 139.529896435288 70.08251829668907 85.35833244622172
1215 126.5683122859391 74.66500046021986 90.9506912631752
1216 138.6690392346667 78.18768036309061 86.81692963573607
1217 144.7974798187577 74.17833963337094 83.76742493185405
1218 147.4114475298853 84.07365773092984 82.14927933601365
1219 120.7183582035593 69.88162554828347 91.09531041521456
1220 120.1231330985927 76.6839247569372 93.29849029342999
1221 114.0102773723881 72.11246637644716 93.04609390910169
1222 113.4121698059889 78.67143755430817 94.8555600957034
1223 106.3371774722474 74.72324358381508 93.81797875017617
1224 107.696125124922 82.0364299087172 95.40368150576447
1225 100.8654443406463 80.1620520497975 93.98068896670146
1226 103.010816095618 86.69069495018277 95.32060459820286
1227 96.46803902110929 85.7346123565853 92.98619681277579
1228 93.8708550209075 79.71959323637033 90.54959926322493
1229 90.61510146879104 85.36516673551566 90.01934455832236
1230 92.60326910588819 91.40845956841642 91.79963413541195
1231 87.26318937800599 80.3690483480766 86.36221297672637
1232 118.5782167378771 82.74361832126959 94.71645912334436
1233 91.00230883727838 72.69835675843183 86.56528796008375
1234 83.5216476047342 75.06435605583684 82.58768049819433
1235 80.70684461789239 81.89259477044629 82.2728960782992
1236 75.27970176523965 76.67627242759238 83.30532242720113
1237 73.39370673791586 83.98519406702809 81.74833471206475
1238 79.00736913845179 69.83914703925321 84.13105195920463
1239 73.68124327154898 72.89964897827664 90.55635694364238
1240 77.83533454099539 65.41734565827119 89.45744946717801
1241 75.93176342510645 67.75664242006329 96.9088416365238
1242 71.54568278511208 74.21714596883487 98.48742807013534
1243 73.50349777470815 70.0298712469169 104.2581300617742
1244 70.54464076760569 76.77960928431483 106.2146789743073
1245 78.27060992669685 63.360754183689 103.2211297239908
1246 121.3433599643017 40.74557264511471 108.4277672750502
1247 75.94620496188705 65.12629917637916 110.3007147395502
1248 80.63564690099186 59.77295888514901 109.4507738065735
1249 131.8918226637218 34.37322251918289 87.35488734844755
1250 82.95479551466853 57.49593892451205 103.5803778944069
1251 85.87148808344088 54.59952785988864 109.3484815649972
1252 78.33974455893727 60.93653359167476 116.6026192566111
1253 141.2108946078272 55.51887994064536 81.57367446893971
1254 86.69203194373431 52.24970098080655 101.8341100634553
1255 90.8077423215301 48.93460799161481 106.4433580049615
1256 91.07416099305573 49.91237796336335 113.4084202265067
1257 68.19715122443043 80.79871848386639 100.5055156472857
1258 68.18363880833471 83.80495875861251 107.322362895933
1259 66.0239589186113 87.76200123850421 102.0010148514618
1260 66.27313852555491 90.08828810291963 109.2025269291886
1261 65.40933187339922 94.3583729527698 104.2590965067719
1262 64.94192335148483 96.58803907920196 111.5281816672717
1263 67.13853752627998 86.02608217943512 114.3030076527653
1264 64.73448731095982 99.71948839176275 106.7467499646344
1265 64.43638898351483 104.0256923317908 111.9696017482294
1266 64.39268656891761 99.53253263646138 100.4850998871417
1267 108.1961132644016 68.20158941622724 91.62453964259082
1268 91.6819741769452 47.95197661585868 99.61631432147226
1269 96.09098818769198 45.91713419304455 111.0837259561158
1270 96.54386083066126 46.5837564840746 117.5121315875616
1271 91.45192132462124 49.60273046001765 120.6759818252931
1272 63.36084972945672 99.14596004907983 117.8504589900307
1273 63.42583173607591 106.2940551717717 119.913900259907
1274 64.47565096647325 111.3575624714984 114.8458271884755
1275 64.84242576006669 113.6129273473628 121.2906043243261
1276 64.59274960470961 118.962302904764 116.2997846897802
1277 65.45492671741144 120.145257101334 123.5720031935462
1278 67.00083212740176 130.6491167881603 115.8143612425939
1279 65.2232647824962 108.6065034782233 126.9834747446211
1280 64.44220272138162 117.1578551370326 109.2772355485175
1281 75.04379481910529 66.32397555018986 117.3301798252774
1282 77.05107697999142 62.75658851891259 123.1274923139079
1283 73.54380212930201 68.47047201701793 123.8175921094027
1284 142.092052618018 49.37655502557273 78.75955172988375
1285 147.8392082893901 53.19925428515882 79.28024995077773
1286 148.3484297263043 46.93977387774895 76.42132439066461
1287 154.177799815433 50.72395190611673 75.97645062455241
1288 153.8862658785666 44.48466264175307 72.09429347417998
1289 159.4360038312545 48.60761202188902 70.76566317273318
1290 160.0137396588124 41.7154660578319 68.48424580795796
1291 165.4932536091959 46.37217193756562 65.90920617647686
1292 164.8287369136422 53.18192108749243 69.05807921803458
1293 170.5662220251288 51.12118667491211 63.98294866313455
1294 169.9417288510331 58.0418697665906 67.24687083454289
1295 175.6746277889499 55.9974603515147 62.86855511441657
1296 174.7056024384559 63.12270355044236 65.44663012981695
1297 180.8050981143473 61.10075846458834 61.28548830976736
1298 179.0138903319306 69.05048405512579 63.29570654076591
1299 185.7047814621084 66.66658786743945 58.7752332140768
1300 183.7957923104793 72.23953957056955 60.42680764713649
1301 187.6599173864358 71.86565596565524 57.80945467991885
1302 186.440511057084 77.05774011528979 58.59599920176308
1303 191.49933762984 74.52442161769122 54.8990355305681
1304 189.5900826719358 82.20548186707707 55.48142518957515
1305 195.0516327786843 81.23546531654205 50.72013102889648
1306 192.1662111954935 88.01982436002456 51.13912941644324
1307 200.5151906582307 84.34530547813654 48.69619519896323
1308 194.0246128110282 92.62234137465128 46.64429065758603
1309 187.3535822509876 59.0214743651235 58.31504187094451
1310 167.3225795982601 39.63530703606396 68.29172816187223
1311 154.3012137724664 37.15797812590463 72.2008481184871
1312 172.9934084884652 69.8811436565809 67.57092862540523
1313 184.0047477750205 83.79599867613298 59.15362020546399
1314 200.588762951823 77.8081239033901 50.67005682332308
1315 206.650228258795 81.47217850328965 54.95943527040446
1316 153.5107848711258 57.43656879114113 78.7556963074135
1317 176.4727202958085 49.69008503139609 61.66623729892329
1318 87.43589598997613 51.152236125627 95.34507844727081
1319 93.39147209400744 47.69785866185929 92.90292279765612
1320 88.46458017141725 51.48128875957396 88.3591332010635
1321 95.26484762535176 49.04400565512842 86.38505704629601
1322 117.3742459399536 47.5005082166751 79.83730754319129
1323 150.3318825661247 39.19611291061648 116.6251875175927
1324 97.89411037465018 45.49947888766221 97.78021410950488
1325 75.68491372580382 65.04963990021088 129.3512380190126
1326 79.79526390448642 59.08261064754906 128.6749326221146
1327 72.02180493853416 71.24129276173005 130.0134668588179
1328 142.3739071998826 43.63430988904599 75.91840772763288
1329 78.72705103424204 88.74630330311035 82.34941733379627
1330 117.648049000191 38.84124566589932 96.9468539528139
1331 101.6097142673737 43.61560769753756 114.4848960781261
1332 102.6270680603776 43.84566371763469 121.1743927626586
1333 181.5800082234867 46.59317028239091 123.3265130907901
1334 73.31507502832697 90.84620297023615 80.00785557114703
1335 77.81421464194781 95.68700830844973 82.45107844382504
1336 129.5575176559768 41.08092629502704 119.4421988247023
1337 91.46696189011169 55.03066086984424 83.44558648091669
1338 77.98815061322442 61.46116496830106 134.6374955509685
1339 82.47297467694318 56.03451786123054 134.3041743136232
1340 155.2621713835362 122.9417299641693 148.5683813295333
1341 157.8144828466003 124.3251960157066 148.8775673427271
1342 149.4384638652338 120.6281547803292 134.6685021353167
1343 156.5703074573317 122.5927371501902 143.3046192670216
1344 98.51385997997323 53.9580138588349 83.46026631088682
1345 136.4943302373865 40.30804863697315 130.9258699764601
1346 72.94570416013659 98.40953937906195 78.8901685613634
1347 77.2475445806366 102.3839825849004 81.79171974130711
1348 67.71801549425406 94.22180890273255 80.27858334601981
1349 164.5725850430007 59.88166069268441 72.39947634183437
1350 67.14052995694493 101.8522710503032 79.73738705833577
1351 212.0469986119631 69.91434166021163 119.2526528472364
1352 117.3128452415487 40.40666827148002 134.373485625484
1353 109.6249677821925 40.64780249642086 140.1777642830495
1354 107.4605333278647 41.64041869741088 116.5697092951265
1355 106.6969657594987 42.28374306340473 109.2419174532217
1356 81.73803388430754 99.47803855237564 86.18324737612886
1357 80.83866179965197 104.7635487430261 85.10552682741164
1358 77.8622940979851 108.8057658703594 82.09140287694098
1359 86.09396430434788 113.4620098403103 87.13546222808722
1360 66.17804995848633 84.94606661065984 95.33271834162161
1361 95.42638527599902 59.71646102479163 84.02332865639664
1362 70.17933130676037 74.4812748866448 124.3468234759264
1363 69.47092187673849 78.09496487785044 130.6780783026092
1364 71.5325400547602 73.89282314338068 136.2596055042001
1365 69.86545442057063 81.54394537628941 137.6941865858305
1366 67.82297487652019 84.9274937875125 131.944548609762
1367 68.45217440799185 88.45706825731379 139.120884316421
1368 66.73039531898634 91.80766211548247 133.9523291634791
1369 68.42877918028489 102.974742023072 152.4073278441188
1370 67.44935731789887 95.98674505900701 140.1753738394087
1371 67.72618935328249 97.37335930236155 148.4760995903878
1372 180.4388719206495 77.54579585856314 62.4214418706211
1373 178.2615142927589 85.34024651056953 62.79582265934711
1374 181.127144657233 90.5267382788017 59.42338700276261
1375 174.9653829469953 91.97983679601683 63.01706584616585
1376 177.7466793129261 96.64710878193398 59.42315542604909
1377 171.6715619785226 98.41787000393288 62.46823890542504
1378 174.3292189243229 103.0719434942227 58.6896407977442
1379 168.1852749864466 104.7245725822273 62.0195711590061
1380 171.81379854339 109.3632170750812 58.83879035330961
1381 167.0955869381185 111.5412672733751 64.14668190823302
1382 173.4211060693827 114.4932278075249 60.64863058285763
1383 172.5994174629092 115.8592903189301 66.48433618162009
1384 166.4576172474524 114.1348496383251 71.1740079454926
1385 171.7742532651776 116.8404776475707 73.5168132536493
1386 176.3921780602417 119.6078612306221 69.83879877419744
1387 165.611396197765 115.4749137387706 78.93457299575843
1388 175.1015779579253 120.338108565665 76.94434898427309
1389 178.7414807415608 124.4481653972211 73.53113686325943
1390 177.0122197134147 124.1828181202252 80.08929190719887
1391 182.2122353545993 130.0647866171462 76.59554631270703
1392 179.7766812076155 123.3847372193469 66.87536140570656
1393 176.8158352376511 107.5116298346466 54.72533688003482
1394 160.4252738309677 113.6397090972091 74.1940809233032
1395 157.7887520482716 115.7027054476104 81.01707849493525
1396 161.9451456846728 115.8452348020427 86.43045876773303
1397 154.45429062508 117.1815431262562 87.41741781450045
1398 150.7688593993828 118.2933075592168 81.69715331437527
1399 147.5542738111562 122.0530503817218 88.18033009138696
1400 158.7550017227546 116.5585364299555 92.73819385424204
1401 144.9884796648811 121.8180928069242 80.72583020006377
1402 141.2634623587317 127.0663996872109 85.32681465069254
1403 143.4109711820563 126.1444169082954 92.95786328433446
1404 136.2777286427066 128.4035145379065 91.97959801504213
1405 133.8001481310091 125.2042450736583 85.76741770123445
1406 130.0555800533421 125.0217445776043 92.59421585845234
1407 139.0692908788954 128.8659815775396 98.97607889980719
1408 128.382767624916 120.6271641112621 88.48406272321469
1409 123.5222121873071 122.6483134524784 92.61133949352366
1410 122.5648504834296 117.1020413502862 89.5370554257556
1411 128.1020982493392 114.3565572176488 87.42075405666397
1412 117.326261235062 119.5709059319795 92.55198713471793
1413 118.7114486982087 122.4954406050126 98.40239422499145
1414 112.2486132232045 120.4639129821712 97.96254485044902
1415 114.5269150486473 120.8268918170957 103.9658759300702
1416 107.6043474430347 121.1460339205541 103.1351627315377
1417 109.8469035429582 119.2235424249014 109.0084466144144
1418 116.932506459367 119.1186619729822 109.7947998543257
1419 103.2877113873067 119.9259351770725 107.8656653276145
1420 105.1792770326836 117.1361357853102 113.9403248812158
1421 98.75931058889674 118.6069753696859 112.5407251686432
1422 100.2435052255077 116.5944970690808 119.0501712573056
1423 107.8344713339422 116.2546612010896 121.3309918369637
1424 111.5804154249953 115.9734113859147 93.06458156349014
1425 93.73481467862209 118.5231506213475 116.7085902564529
1426 95.52325494491843 117.7183522961648 123.9715528562974
1427 165.6145843643697 100.0300759442125 65.94133543843537
1428 122.9000369258978 110.6991944691103 89.98030629393234
1429 128.5251646930203 107.6168543713613 88.56875821287741
1430 172.0919959036744 87.06956603941471 66.37382889814637
1431 93.28367092260089 121.1603882458127 110.5476158945389
1432 89.61402810212874 120.8355444329874 121.7579083145905
1433 91.56497990911767 120.5661342897472 128.864627496883
1434 86.22642810327417 124.2608313250479 126.7910388820721
1435 97.88548612591083 117.9719645627876 130.6098502367635
1436 144.7130895516351 123.937443342041 99.88376967641273
1437 141.5410141563652 126.2805921482707 105.9949571379326
1438 146.73585018402 121.1954446214662 106.3438431569968
1439 143.4130925314059 123.6932965960559 111.9349146369026
1440 149.6359034002787 119.5721746015401 113.8507229828283
1441 160.8279785420805 124.0923316605694 138.8551416345869
1442 123.6079666529682 104.0531102892892 91.50135073163968
1443 129.3674441368968 100.9247830292533 89.87615714858055
1444 134.0039747246126 104.0306032293125 86.37102736967461
1445 87.81590967009234 124.0478716683943 133.6746574252446
1446 82.84223972022036 128.6106143986983 131.1179550339126
1447 165.3317652531804 117.3946258798607 92.56518963022491
1448 162.5923288544331 117.4883807895655 98.42490687147574
1449 168.6117095476541 120.1982767241331 98.06503801774505
1450 166.1167943704706 119.8866301251808 104.1069540536782
1451 171.1545343283884 124.210638407874 103.3514136449444
1452 168.9016670550727 123.5557514656931 109.6663424991064
1453 172.8545165026018 128.627285257213 108.1641212303928
1454 175.1279501919589 129.8144150296337 102.3042821564302
1455 178.0503514626216 132.3598427793698 108.5958587617342
1456 181.4113112773118 132.8158033838703 102.0181101324314
1457 175.3596768902579 131.6963320656084 114.9020376694322
1458 184.7563337421092 132.6947716490637 108.6503791002187
1459 188.4372813427447 132.9263351260751 102.5071106609255
1460 84.95106627126565 128.3449163597151 137.9625102502713
1461 80.3864772978081 132.8170480709712 136.1390586386735
1462 191.617560877471 132.2728489707749 109.5655182166994
1463 195.4606777109286 131.4472394129011 102.9935257766008
1464 199.5224487827153 130.757365271929 110.9600498213644
1465 202.4266948972559 128.2891049212367 103.7483778226206
1466 206.611809906518 128.0657671994847 110.0863837613513
1467 208.960009402616 124.6941255446096 104.734443616037
1468 204.8473124324619 124.4980776622801 98.62464992366844
1469 210.752585519617 120.4309799954662 99.79857728112418
1470 207.7944757448196 121.1616542458273 93.75789872590323
1471 212.0714675104364 115.6823397774148 95.35095421284956
1472 210.0002505762476 116.8516115507757 89.57836347405586
1473 212.9244139890857 111.659801105103 91.4107052539847
1474 211.7343753987534 112.8634145922279 85.15472283722833
1475 213.7000049869477 107.1571350225212 86.96756437645601
1476 212.9653532483871 108.0849240904317 81.00192082915763
1477 213.6560044771966 102.0230801705822 82.8400583687757
1478 215.0837031235231 100.7445501966593 90.77886789931472
1479 214.0109501997876 95.85720182762704 85.64897118360312
1480 216.1433552948477 93.08993704702448 92.71560058213011
1481 214.0906443585363 89.36236805988258 87.65008510695515
1482 210.3433401104463 113.6670477806678 79.1075715527152
1483 211.0330303626192 108.5793597449681 74.97298195223298
1484 217.3656799533582 97.53827936617225 97.60610517625372
1485 215.7835586141341 86.01632898340863 94.74609456597403
1486 213.6913989149036 82.70621979826888 88.25866211708771
1487 207.8765976004155 113.876862470744 73.48300002301482
1488 208.9282930349731 108.9136989206124 69.15124288512109
1489 213.3395739972156 91.0732080751178 80.75436311379815
1490 202.5497547174278 125.8862864149547 92.37752453603136
1491 205.5663927847897 114.3381527864042 67.65630482511898
1492 203.5505804670686 118.8610408752766 72.31749838196652
1493 211.9678382766184 123.2134709879528 111.3791991227931
1494 221.9604020308608 107.040218522414 127.3433698044892
1495 221.5059656658191 100.2110480328248 125.9123310713486
1496 207.5125174685679 109.6473425995999 63.0565928255789
1497 204.4578921436069 115.5717454369282 61.58868248846748
1498 213.6659013967655 78.35388467486854 93.7744577297467
1499 212.1628855266824 76.01398985089985 87.60037497561177
1500 211.0934479418065 71.17118950650313 94.03008577737133
1501 210.0879290794753 69.69206874165366 88.02285287781987
1502 208.3157586436093 65.19283168421293 92.77421931917243
1503 206.6957335581338 63.50482693579012 86.82917245549045
1504 204.0199281646443 59.52377852982931 91.58490307644225
1505 201.9260537786479 58.35240758525737 85.30887093389354
1506 199.011880002249 54.71083428622358 89.97051005135827
1507 203.9509813913652 63.06129657512705 79.24840300205449
1508 196.7251479192677 53.89798338030343 83.72525750593809
1509 193.5361685100505 50.59025237442668 88.55774759029637
1510 191.1930188466959 49.90359518542094 81.64843261807734
1511 188.129396252684 47.09541754186034 87.2306859577604
1512 220.1538253890101 105.1356388643589 120.890000056064
1513 209.8071516329218 103.9237431730775 64.37938180233073
1514 215.1258807524158 80.66383978327354 99.78863807143192
1515 194.0216895054027 53.31149427182844 76.8665939441215
1516 205.980976706018 110.738809129954 56.60207630464334
1517 203.1191922394105 116.7156820645379 55.4420695765134
1518 201.079341160477 120.8216081029809 60.37341258092646
1519 203.3737487230088 112.0467541770076 50.3590880059142
1520 200.4887531088582 117.6552187125113 50.00980224330691
1521 200.600882971964 113.6664009103308 44.62655786463441
1522 176.8607703006375 114.5516675288611 55.06197489825462
1523 205.839790157334 105.6038216891949 51.97714354155148
1524 185.288651135697 45.87288924885091 79.52156694930864
1525 182.6750327297477 44.20525847826872 85.82721224033608
1526 183.78372049123 45.55203284709717 92.42619283798599
1527 177.7483950114188 42.71941092100167 90.90157044842289
1528 178.893093280246 44.34569186511637 98.06964491526224
1529 172.9274692829675 41.76889222971877 96.00654886987024
1530 173.8028468716061 43.27899453063135 102.6863167339754
1531 167.8885158446529 41.06870434951739 100.9232191056632
1532 166.6169794608655 39.26879789457525 94.49002842519967
1533 84.3742940252758 124.8685715787328 119.2920275229073
1534 185.1648466849554 132.2485154601333 95.06231813659298
1535 138.0094328390627 126.5863850503233 111.569581214861
1536 139.8524864149781 124.8897471986803 117.7054929913389
1537 100.4302446788669 121.3426293243648 101.8680069573048
1538 161.7112831040129 39.26063499202215 99.70227720578799
1539 159.7918587079896 37.51198988536326 93.52155275028619
1540 180.0563174022861 110.6877194617073 50.38202015316347
1541 209.1089610641586 126.4226982875326 116.8456995638485
1542 212.1918662150819 80.62604586766157 82.46985185270623
1543 200.8880438142475 56.57568243991446 96.80625556193807
1544 133.8976189953787 124.275232923448 116.3714812331494
1545 135.3947310280435 124.3228011377235 122.6966222122853
1546 129.99958974818 121.1921439346752 120.7616040407071
1547 130.5875260455434 121.6819589923677 127.4985605410707
1548 137.9772944698099 119.4144678802784 146.6932901549883
1549 164.4709538922449 36.91463577525503 88.41513213071951
1550 134.8611781987468 97.47075793851545 87.5042793157721
1551 139.4943470090447 100.9730326570021 83.98454632883848
1552 163.4413960507086 40.62362010539505 106.1381707517669
1553 125.2322655713744 119.1354010824391 124.6687966395184
1554 131.2885006733563 124.7815221935965 110.5410701778256
1555 187.7710601323399 131.8806998677413 114.7721579567225
1556 180.663719824323 116.9431844784018 49.97690721804866
1557 82.66421774055064 132.5891205565557 142.4325252288514
1558 76.77430860693809 135.64898677674 141.6789155696422
1559 73.58873809193801 133.8212759484974 135.1188905625437
1560 70.44717273146719 132.312848933317 141.2766532014416
1561 73.39184415106965 134.0914180716738 147.4794229132298
1562 69.45262128506144 128.4593638484591 147.4447346913732
1563 67.78928669253027 125.8163407397673 141.1678898322519
1564 176.1063658705819 41.14991097127209 84.66099696676962
1565 157.8886738280267 35.22010879443591 87.6179786964026
1566 153.1940347522157 36.280878862002 93.00153976223865
1567 150.9735360770834 33.93563045512914 86.90284711866916
1568 146.6536585203302 35.31379001212434 92.49121111466374
1569 147.3282884214075 115.6138586893535 77.50108609585641
1570 184.7455625131021 47.02653918684034 98.70718460414341
1571 183.7656510292983 95.59425010683432 55.69974793164526
1572 130.112108075838 94.35696330417767 90.85186916365079
1573 68.52341151235521 121.8127716524506 146.8317160490876
1574 66.62950884150931 118.7052827348944 140.9155549890375
1575 213.0465375054265 121.3367325768361 118.2498972636107
1576 216.6539766821535 121.2843788151478 132.9296021836135
1577 215.4438895431148 116.6229454083089 112.3953155885875
1578 125.8951624854568 119.8142602648308 130.3672159832995
1579 182.7183976563189 112.9461473262776 45.75800357748354
1580 184.8420236648151 106.6903915113996 48.32950072924385
1581 120.4953378389756 118.240000257554 128.4734574134218
1582 161.5256341281535 34.77563450422076 82.39787369518191
1583 157.1188268457693 38.97294933100976 105.2257920219708
1584 101.8058763773775 47.55625174141656 84.52876366408162
1585 105.3490167156919 52.52644822288686 82.83599438422135
1586 63.84315025629081 97.91009851891943 84.24111370783919
1587 63.4954369517242 104.4874214151108 84.54219659241693
1588 141.2344620448221 116.8331854237259 78.14378689993461
1589 174.9080799634076 133.6375094225962 134.6585389585061
1590 145.8406963524714 67.26433635427534 82.88122625991836
1591 151.0683700331199 71.60634598726388 81.43351861791162
1592 68.23181293314883 113.8615254351334 146.8964359507801
1593 66.25850649981935 112.2635395585631 139.9353669222592
1594 106.2937402982227 42.1516693155376 135.3528412364479
1595 99.51614434050393 43.62553419961884 137.1798124431806
1596 209.6323069017025 67.87835482896853 99.04411672721501
1597 67.52093691488373 103.0631167430201 144.8619275414932
1598 144.2606508363789 33.40323000350265 86.03052750080835
1599 64.48631294382508 105.3453123687957 103.9604229606343
1600 117.6326897526027 106.9490691929734 92.4373160428662
1601 118.4994640644826 100.0513883521186 93.7944113253246
1602 112.1854557772424 103.2558009323692 94.37230578680598
1603 112.6944949440158 95.00779693300098 95.45566205068421
1604 106.2061761269193 99.69245757438551 95.36721186333773
1605 183.7193516559448 119.4767674338703 44.91633013181663
1606 183.192353545028 122.4721285832106 51.83270395867587
1607 136.4213236322914 123.889378139489 129.7531000077537
1608 135.6300870533535 36.28086266087654 98.52856114333163
1609 109.1371504437689 41.65570525650912 123.5382004409968
1610 114.1617347845567 40.05799248526591 119.445330242705
1611 80.55095329149189 56.77730650628015 149.7345629057761
1612 88.92680267504056 61.06762459354992 81.49795586163758
1613 163.6593861068431 119.9106202278423 111.0473984953812
1614 166.8892266569262 123.6865133349087 117.0021581805444
1615 161.4403838093628 120.1472483015109 117.685110420439
1616 165.0642974754686 123.7185627039721 123.4856941373043
1617 159.3931122687796 120.4992154631373 124.5671504791013
1618 69.56875976589018 124.9760532493982 152.9319662356681
1619 122.028952012674 56.87225366931522 85.42205749097887
1620 85.76511252908057 103.8602503816087 88.54934108801447
1621 119.4050439557001 117.4006789610348 122.3431905691437
1622 66.43934185578233 102.0822087242788 137.8362973452874
1623 65.54749427152672 89.25329576717985 127.2102953526024
1624 64.68988995065014 96.12912927362638 128.8245610714205
1625 171.3675140353339 120.8500539100611 91.74597864242401
1626 135.4292225538471 90.62535143288341 88.36647374342627
1627 129.8854756311292 87.27875951068424 91.25363526765275
1628 106.1445311199028 106.6800696078616 94.06450844559512
1629 100.4699498474428 103.0613138050643 94.58436686830643
1630 100.6548084051208 109.8909841728427 92.95294737504919
1631 131.4322288452445 37.75773211717549 76.79608293857268
1632 197.6404587261638 118.9169450222682 45.23615228600683
1633 190.8670623511862 63.85989308915819 55.74750838081718
1634 194.5783124483289 59.08446511918329 58.63984251768753
1635 190.3334258933049 53.92088366028834 62.15743948531181
1636 198.3171059185516 63.93433971566788 55.51515109513616
1637 200.097765774444 61.4861729498899 61.92296540375442
1638 203.3134879854569 66.83771438665967 58.97712228928108
1639 203.727931288703 65.9244893069181 65.94112786254286
1640 206.3122526825719 71.17810592371005 63.34222028708508
1641 206.634384176619 70.71253010028025 70.12695185734275
1642 208.9038884996862 76.32748675177726 67.20029454178983
1643 90.64412390179852 124.4897309413945 140.5749745852602
1644 214.9464889616442 110.0980018748158 96.52008348417696
1645 123.0008171421956 39.06031973571038 129.8115086004285
1646 64.71188176819744 124.9999934763508 111.3433339363966
1647 63.82409471866401 121.9456035688032 104.1601703572491
1648 65.78174568867945 128.4276569310736 104.0510681135317
1649 65.3387427658584 125.4693765859987 98.47841243956188
1650 70.02461957369854 130.5389619548822 98.9825739928241
1651 69.81414122734724 126.7050994833622 93.91776361126192
1652 76.18107745364517 129.5826905237389 95.28715512244661
1653 76.01151298427197 132.2907378035812 102.1838505375473
1654 82.86265536548913 129.7458274811571 97.38961042719046
1655 65.61414453426468 122.3389776004898 92.55915716330981
1656 69.62425022754732 124.3059389304842 88.33940179055629
1657 64.82993548750072 119.551353087272 85.92311169370224
1658 66.57354508518789 108.882781383905 79.63460015421182
1659 63.57078084389383 116.7415702867492 91.953552564962
1660 80.79975419322864 126.1442014911908 90.74336698015401
1661 88.81497976987089 125.8150026988922 94.04625518989839
1662 83.22437706269419 129.3638223621395 104.6273139275716
1663 79.30558303833237 132.6502368174593 109.4153453998736
1664 93.56405197261205 46.13261249453002 155.3352541579839
1665 196.2308511624977 114.7667035223245 40.01208497809506
1666 199.3033258436944 108.2405946813327 41.19375636344983
1667 219.7493076105821 98.24464486148273 119.6877249248977
1668 219.8516142274756 103.4436330856805 115.1698193428581
1669 219.3424357319119 96.93674415496361 113.1999054521721
1670 211.2136831323475 125.5354304937415 123.829164555482
1671 63.81360747315144 105.3315487718728 96.85551200641041
1672 214.9125763584148 115.0333974557309 100.8766798661538
1673 218.017387846434 108.0111275486931 103.7394928061623
1674 70.43575492287157 121.0857933956717 82.23345218052296
1675 200.0351351344034 61.22515594466046 69.12267703756476
1676 83.72491941275926 54.91198540507507 91.50044748848758
1677 65.52637258889945 115.9071026613679 134.0845498846135
1678 64.97463707011724 91.28784618776712 85.48953466053271
1679 64.15084103588543 110.4735786014195 100.0951601593905
1680 181.4342505036624 131.0644701889808 132.8439449145653
1681 178.4670611454024 133.3593564478532 126.070719957221
1682 169.7752574012664 129.0136010353939 120.8994749688367
1683 167.2846291370071 127.938531255512 128.4891078113666
1684 149.0088809176444 32.34410996586865 80.94207120496193
1685 142.7276216839496 33.75073200419641 80.0106321745899
1686 168.7329518311255 117.5820820612813 85.43212326147919
1687 144.3172523388104 110.3233893061623 77.79064369858375
1688 150.2420109364426 109.1002102327151 74.8639004730455
1689 147.9781157941418 103.8648688060654 77.64973062661116
1690 153.6841348996644 102.8410709475883 73.96716834282979
1691 151.3475441008363 98.43177129318957 77.32887939889602
1692 157.0140853628696 97.28661870576498 73.67436876813667
1693 154.6814300415757 92.22978864853724 76.93829833856282
1694 160.4634785671461 90.71108065233098 73.48011675669964
1695 157.4331413880692 86.08787612853118 76.67062938168837
1696 163.3410771416444 84.31259441529517 73.2141705949914
1697 159.8507312290465 79.82439013343262 76.34317839362838
1698 165.6627397431063 77.94030844293923 72.71162182531268
1699 161.9605937569781 73.39985139133952 75.76831168824138
1700 152.49084150259 118.516997604623 107.6691232179061
1701 86.42458028258041 53.58418915326423 116.9160425356085
1702 98.33310774850968 74.0839945222574 91.45978753668689
1703 87.36011715700226 90.28747067884916 89.15023434183259
1704 203.8620056046 61.34169274140969 113.4106291139386
1705 196.0632609093573 54.91172083009123 116.9899022671858
1706 203.9236873350286 61.43423898589378 108.4545721799638
1707 206.0214625588822 61.87840007573786 97.73974381570576
1708 162.5989032444035 106.2376748465698 66.22505850131569
1709 196.3486562607187 122.8879772891757 49.70006645310573
1710 120.1835669167342 93.49228986370409 94.34208735028723
1711 72.25797228242911 75.77963008875332 150.4559482102265
1712 192.7689581670593 108.9871388177305 39.72124399994235
1713 194.8776472188874 102.957118521613 41.41701753951558
1714 195.353749687163 52.33898146528006 95.09636690230639
1715 196.9274551708329 54.52919127924979 103.819527230898
1716 159.5266918172951 39.60275049976278 111.5625339637579
1717 165.4511876975454 41.22195524727717 112.5795106618984
1718 71.02077964486833 78.06918795801698 89.04963649897854
1719 84.78132141698167 53.73689735237909 128.3359639749975
1720 87.27119060671146 51.25037953564082 134.1750558579977
1721 92.6144912096193 47.54571349141399 146.4671914845764
1722 107.3113095894067 46.12578260846066 81.71667131514089
1723 67.58001775973111 81.3554181889058 124.6699648065293
1724 148.7936071055256 36.55655366287796 98.68509478865269
1725 149.5867494865806 93.47013449140454 79.63956624938115
1726 152.0809473381249 118.3087459713655 93.52378052517163
1727 63.18456380536509 94.87697821935501 90.33701126888994
1728 69.7423364137897 77.36285138824373 118.4013563597962
1729 191.9753158411901 123.4478639580064 45.38506111568131
1730 96.78022715355499 46.39301611994994 124.2594215401097
1731 217.6341928084209 91.15620146288003 99.35482506707197
1732 205.3555677175126 128.9911469409572 121.923266744161
1733 85.0461595961853 53.46955716623171 140.0740433697408
1734 201.551837009443 101.5036713658301 43.24657421852844
1735 162.2837107797642 36.24019003513206 72.03285877810643
1736 168.6695377281806 37.4102351369485 74.47457659348942
1737 173.6558205601552 40.19297925076772 71.8504793144499
1738 101.2779477800487 97.28593628368034 95.35317251621615
1739 139.1575749404713 111.0323299049108 80.46935243326519
1740 153.7179911060194 81.90489303231558 79.47448462699603
1741 80.35400402139814 60.59875460408552 95.93653395860443
1742 138.6544723844968 34.54364541498261 91.41976726117164
1743 72.34640928372937 72.78633272343851 112.2713798724643
1744 216.3459196909621 115.9337927064308 120.1896031462946
1745 88.68723556639209 49.45722165584486 151.9521015570926
1746 194.1723677503135 131.7509332554573 115.9399037333674
1747 190.36725033179 132.3742321106772 120.1893575146779
1748 208.9460579606293 75.37383020143301 73.42900615241923
1749 210.4698776611423 81.76936779771373 71.43426022170539
1750 210.2056845730937 82.36662169830539 64.73917462055724
1751 211.4780168862526 87.65740852443598 69.12420884102633
1752 210.8245187218678 89.49561977964638 62.55895056830359
1753 212.0645635318281 93.83814193764341 67.33998369777933
1754 210.0688831332881 96.93971451029188 61.40768771827273
1755 208.2590089706023 91.50660397944776 56.0452686767475
1756 190.0706340479258 115.2571515744789 38.50783794127681
1757 109.8180412283363 88.49262334704513 95.9487931372969
1758 218.7525804155118 95.62671554292673 105.5863621073962
1759 218.51738965362 88.85936313008378 106.1795317815797
1760 136.0986866920243 116.4108240185736 80.40832360184403
1761 96.68561252861718 67.94975857815598 88.68692989280126
1762 173.4594018341512 44.13607926266548 64.73233420774135
1763 178.7172518310165 43.2688857066729 69.28841071838443
1764 179.4881882175577 42.91807228320528 75.10316295035959
1765 184.6810816827318 46.35338915712488 71.43459395200131
1766 212.6457517086062 74.13749265545277 99.87386500063293
1767 214.3600669525661 77.20087143584807 105.8540674066553
1768 210.9944944508817 71.27772120370237 105.8168446783615
1769 219.0490672898507 91.00569491068075 117.7498021034861
1770 129.6471023637288 38.54315043552102 135.4131725861415
1771 130.1758744047204 39.44705363058198 128.8831939687923
1772 95.34696427990765 106.5389367942358 92.50484897842531
1773 94.83052135208796 113.1767832644245 90.5751282056591
1774 99.9699248638338 116.1207138752923 92.81867968199604
1775 175.3804044876414 44.55005300042512 126.64654542304
1776 176.9851040077228 44.64371552938461 119.1055808923166
1777 169.9336068460852 42.63463645922711 122.7226944774791
1778 183.0038865649628 47.5017333844548 116.5628696597761
1779 178.4190903967535 45.74725052950845 112.129616312249
1780 184.3225020776136 48.27633363509255 109.8429271909914
1781 190.4000235390919 50.70967039758654 106.8827454559375
1782 114.8015820988762 65.71860980348337 90.35790518567582
1783 108.9210457223274 62.23102307421284 88.73919158021238
1784 95.10633218754364 99.01026457475726 93.29398810899507
1785 76.15982333316225 123.3599434010335 87.03359352020983
1786 146.8283466274872 59.9505592078233 81.5108265600161
1787 66.35237746092571 122.9091486423983 134.6419874544976
1788 147.6345013836198 35.42910448412425 75.77368243539254
1789 76.36366662850514 118.772263897476 82.99858297052245
1790 80.82908003544357 120.5500363847028 86.6356384185956
1791 154.7030750555261 118.9479345167777 119.3483748359436
1792 152.7635675519549 119.671272202319 126.8010863713008
1793 148.4443104516346 120.2286778482154 121.8157155061163
1794 100.6414822495207 123.4324119833495 150.3725917329184
1795 105.1950339210356 121.3012721953135 144.3774516205108
1796 112.057298466313 119.5521021062406 142.1342881682972
1797 120.1778719614854 120.4940198326659 142.6942945102936
1798 105.7192068135361 118.8059275007863 138.1627230100914
1799 116.5988218176104 119.1529504597512 137.8637849987854
1800 100.2870480187798 120.8491516398934 140.1860103619595
1801 130.1393505093 122.0981016450101 134.7933323305093
1802 137.4753916389098 123.8521908317999 136.9484757479834
1803 126.5771310694664 121.6477795260359 139.9528976635959
1804 115.6695851116497 59.67788956690406 87.16202987334636
1805 68.92654835377402 107.711162259023 156.567226386889
1806 200.0432730726443 130.935902301907 117.871656450213
1807 218.9514272858491 115.6861669789161 127.8674685727951
1808 152.3603735262853 64.54173501372409 80.58401750564113
1809 158.9015644008278 61.98407820233731 77.07018406977086
1810 113.8197377984142 116.668459022131 126.7330650483259
1811 84.19172324972749 127.2419133887167 111.902843116334
1812 80.51985795438991 130.1160816965406 116.7726846323111
1813 75.66362002036628 134.1621180594556 114.5811144488894
1814 77.45423534852912 132.8152418853015 121.8755525394978
1815 72.681928454892 134.8514790843797 108.8754473986312
1816 131.607405147872 79.70349138485727 89.95217413407022
1817 86.3605230424959 67.97674123104551 82.53066397798968
1818 82.16508674216711 62.80460029942928 83.61058214226261
1819 69.19144979920227 87.91187846216891 151.8315995596681
1820 102.705365820175 59.15498949763926 86.10999179116254
1821 105.7401820441949 42.71346444021817 85.81650450187223
1822 168.8869596864889 93.8019071145241 66.3623723922943
1823 115.7423715214798 39.82736245570325 126.1396702065571
1824 121.2043426945318 39.67123746449516 121.3867048819434
1825 168.7584986914425 37.49477286962588 81.83703463743582
1826 81.785988004668 56.76693855548113 121.6873516170044
1827 159.5788252905421 55.17631140130614 74.46919720993594
1828 74.21484941429068 67.27485290372448 135.2798721165704
1829 76.43782649839196 63.3613684797335 140.8220072566549
1830 73.76476440959772 69.34168069303561 141.5800162310083
1831 205.2253467610024 72.23864226284626 57.3966055065701
1832 183.7813165054748 132.4992095828872 121.6398955495766
1833 125.0045024960952 124.5419162793829 99.06874363346978
1834 72.4874132878784 116.7672169375759 80.04564274384033
1835 121.2788278602752 121.4783443928224 104.5666615661127
1836 124.655981865177 120.1320477118523 110.9361863595358
1837 157.1664066131806 120.9038273993717 131.7652294766668
1838 177.9699281465419 118.8533380148955 61.87647377141008
1839 182.2607549880964 124.4763780781155 59.53362471033112
1840 183.7226939299945 128.2177463538869 66.05387379040666
1841 188.0696650083157 128.5321892760748 59.98883280951028
1842 189.6690791902346 129.2770566380958 66.29474127313173
1843 193.6557887549085 127.2003743392374 62.61101283020887
1844 194.7158142204926 126.8382349800801 68.46769320632002
1845 206.2934420267716 122.5568808163928 87.36991031640591
1846 201.053336584347 126.9609999698071 85.75477160910467
1847 196.496405652244 129.5820481543701 90.5305006770059
1848 194.6885619015544 129.6685618497477 83.72278705664685
1849 198.550549313421 126.7929995503682 79.97243480605692
1850 193.0135818723016 129.315470709054 77.90796243908537
1851 189.5999369219371 131.3391891428622 81.37249560214818
1852 67.4708502369394 131.5751719904658 109.5916975867891
1853 206.6430501959447 69.31656954047365 76.38583397013001
1854 214.2940098591482 74.04475750667575 123.3465841334608
1855 215.5423749179153 76.66371372434551 118.0460221170346
1856 68.67217871961539 129.5461803732168 135.1843624661688
1857 70.33199966600638 132.8883989163653 129.2835686974302
1858 66.08236316033191 126.412390525073 127.7161252753971
1859 77.22673970294127 133.4035602970806 128.4751967395838
1860 131.4314718634623 126.9496707030518 99.35394440144955
1861 94.67838302651214 120.6181016101084 91.86497896505188
1862 162.4443004170538 111.0437905466529 68.82991641260713
1863 71.80179537052905 76.9104908914712 144.1421675207873
1864 142.1637388580934 123.3575638982425 124.2301444611601
1865 90.83092454990238 49.20766778654021 127.9448508394804
1866 63.13080062115546 111.5567055603805 86.4203653639764
1867 212.4079572976324 92.26384101949328 74.33697012281146
1868 212.3867046646115 98.05830029167524 72.27152676177798
1869 114.8210734627004 40.57939643452123 81.04511771269151
1870 112.1146065006169 116.8584494253603 114.8256754118785
1871 180.0464585250225 45.83344277039552 104.8919615619009
1872 132.9577979436134 122.0840531096351 142.1556191613835
1873 193.8617154736896 126.354774669774 55.48726328837128
1874 195.8287811129423 57.1824782377137 65.21873356987305
1875 191.3087156273851 51.94542138268527 69.65206376195943
1876 186.4793184303388 49.57344000868964 65.27903961980819
1877 100.3014368413352 44.90744127616649 90.46206595575556
1878 104.1626864051822 43.5247002730178 96.09483995155671
1879 102.4081141253799 43.73167549305642 102.7629499201701
1880 108.7011902951168 42.51149498836138 101.6649729904573
1881 114.1112205831103 41.54136569824922 106.6723805390423
1882 218.1119051491562 83.3338329824668 117.9956175287079
1883 208.4119524271001 128.299456170183 129.0938641634112
1884 135.3838016658046 38.13727310372018 137.605769812572
1885 121.4816020860982 63.36492649116702 88.30069484520388
1886 163.6017017572925 66.7034455633719 74.63218201774239
1887 218.8998846430409 85.76116821861407 124.6943950933659
1888 157.5822703617316 68.94021243114145 78.43840077519853
1889 88.22345196161174 96.93481886460873 90.13147764506691
1890 155.048370944459 32.91943581075444 81.80389285840155
1891 102.4680831865923 116.5391888617926 126.1219708887778
1892 110.9643918272737 40.88460487105235 95.08258221998123
1893 68.36969337380511 108.1648936683895 149.6040096939202
1894 92.55997617086891 47.21941093408846 134.8367684430785
1895 182.7031380784283 52.96376142201392 60.99198612783346
1896 103.2228862185635 43.64811245784377 129.0158417716053
1897 95.25414369276976 123.913454052101 145.7476527720264
1898 71.5831516043761 131.3063640016629 153.4956466585768
1899 76.821012153103 135.1758046587163 153.4342496161355
1900 189.4013049424296 49.33028203370635 75.67807671371391
1901 140.3705624966709 62.78709808677456 83.63448475346183
1902 173.3880838349726 125.1926516124957 97.08275500181179
1903 175.9566913552812 126.4813555102346 89.90668973989892
1904 178.3123265212681 130.196489519664 95.92701799577463
1905 181.4046498469628 131.106249498572 88.56977412054016
1906 189.1075030271229 132.0996750507384 87.35129183379553
1907 179.7238964809534 101.551787395248 55.80271531396774
1908 174.6000479019026 80.58727749043211 65.93546205000794
1909 146.5675646850382 38.12392687570182 111.4997714482959
1910 207.6784217540235 98.48005913100711 54.25376763418016
1911 206.0296352764234 93.91953523545169 49.67572642166218
1912 125.4414293448891 40.91326805726236 113.9024616157342
1913 169.080630691841 64.76198876772227 70.02756080168669
1914 69.80760113038539 84.88476027170012 144.6173900732007
1915 218.2618890323251 109.946578570739 116.1446882465276
1916 167.5592512414902 71.45478697444923 71.70147892645419
1917 124.7075237874899 118.9379998551245 118.0354588195204
1918 187.8066198774898 49.38470883879487 120.7846060158697
1919 217.8908680333548 111.3870212736635 110.2647277246214
1920 70.84149043094516 127.1798871831126 160.0583355320338
1921 207.8481175699249 77.69224341412344 59.6831727682203
1922 216.5932784062925 80.21622606573148 112.1865930279752
1923 218.579409933781 87.32004595355804 112.8255421370937
1924 63.52167404779104 101.253929229326 124.7289194704111
1925 192.3280284975753 132.0363811712022 95.79109415519251
1926 142.6499520607379 122.8712792502729 132.0496110927618
1927 143.5429474250448 122.4412422609864 139.4945969282204
1928 219.6629857202854 102.0329476101195 108.1824710407571
1929 111.2923119399845 41.50125888708747 130.7156755988801
1930 116.3931904386302 53.611911859675 83.83777963829169
1931 164.786684540562 131.57239836564 146.5794594234901
1932 65.47890260865424 115.2093625696508 127.5246865312578
1933 80.47386964252475 58.1470487338295 140.4189721644215
1934 140.0800254684084 94.42350143035659 84.90495702294371
1935 141.0363261833982 86.08486544131389 85.54195923760068
1936 150.7617012286648 118.9194466473809 100.568505808818
1937 102.6055173544877 64.70050469853292 89.36673210641477
1938 64.41753535786317 92.64138985086113 97.0071928634205
1939 209.9171144208448 74.12047357554366 80.70880055494627
1940 198.9730597306447 128.9421943279796 97.2359309345545
1941 214.0564025903261 119.7602688850502 106.3399163893236
1942 73.06976459548292 105.9015290946636 78.27820059508569
1943 81.78136554978302 128.9337134318563 124.6108743047164
1944 90.30873800234701 116.8478366528283 87.94371206045159
1945 97.17397402763746 44.32668007344115 143.0240711193394
1946 67.33200203419335 115.5253484929797 80.67630352574415
1947 205.7726102188703 86.80285669872103 51.66492928062556
1948 72.210819000065 71.89090185430533 118.623371042865
1949 189.4085120603033 104.4555741592752 44.54743025391181
1950 94.50157307879708 120.7474806763146 135.8428931588469
1951 119.2182026641655 40.94345489732386 115.4606085061145
1952 156.8537426980907 118.4829573214382 112.4408760825076
1953 63.72210240565396 119.5128782770896 97.7489350168397
1954 69.29088493127864 118.3637366798373 152.5792780975954
1955 133.708251516631 111.2591734735272 84.04486041660286
1956 104.4485471859921 116.8666606032828 132.5517460921412
1957 111.0118047303959 117.2223546393036 134.0376933969323
1958 155.4650760406416 40.69681856171108 122.2120088526187
1959 96.27942698382209 45.43510316237263 104.5486866097372
1960 64.78825913084572 92.20152977150263 116.4572033140357
1961 125.3408871232795 81.44992732861107 92.51093741703474
1962 203.6985790067994 65.16270223358667 73.1091776019572
1963 122.690172941578 87.56184498471823 93.88160618619229
1964 189.4750188244766 48.67746513346468 93.51904504402648
1965 65.53164627382945 108.5659079913037 134.4753188682748
1966 161.5255614242731 40.29958552366706 117.938762544049
1967 137.4217154710991 122.6382863544766 80.17701276890885
1968 199.6302821617077 57.28442503617421 109.9495149060009
1969 127.4872396188341 123.986190902494 105.2327168338516
1970 88.32176100334392 125.5708940240955 100.770381614659
1971 94.18713268873306 122.9619919823959 97.97832692058211
1972 207.0508498007328 65.10656168504896 105.8164128885424
1973 74.45312070653213 133.6166235336095 159.5300362216986
1974 78.99096013328789 133.9989487102669 164.2307246310521
1975 171.1775650795736 39.48045387980051 89.23350304381788
1976 133.4658102282687 41.15846259539624 124.3104543442751
1977 124.4197569873142 97.75897028710369 92.57963929317141
1978 201.3213429968927 70.95387902112968 53.06273752613623
1979 63.71556911781757 94.23109887695324 122.7295863838142
1980 199.2475253964002 57.65350141336152 79.09038666647287
1981 172.3748773116008 43.30688500861399 114.9351621855035
1982 136.6075569226415 45.74606897964917 77.31280427362935
1983 163.0140043300101 123.7269783687072 130.290697505767
1984 165.3374209604067 127.9206961658289 135.855869010647
1985 93.48132965677343 122.6275447284085 104.271979598223
1986 146.8717318327519 121.0233631091372 128.5597109392977
1987 63.60102382473737 110.7142533489405 93.46328903227679
1988 131.7123823086321 35.73332863004217 93.56527078089559
1989 142.2849463913782 35.92749006677403 97.95298249534653
1990 64.49649094689997 110.6395160564093 107.9082155316718
1991 186.9006928358807 89.41766755846395 55.63614272699851
1992 189.129394379941 94.11430352967139 51.84307607781349
1993 185.9179534933192 100.4262247097608 51.62255895842489
1994 190.9842359047734 98.08572131380954 47.10025054582545
1995 212.8012191496599 102.8681318084417 76.49282373322414
1996 194.5599650191917 68.56287827081536 53.26740352060402
1997 151.435377404816 87.97132201987814 79.71625967195934
1998 205.4027785631357 100.3035570851274 48.14188987882476
1999 89.97844271221339 126.2066586261849 147.0977661244339
2000 88.59698189026814 127.55236993568 153.3462316432248
2001 82.95751342135232 133.0668224724291 153.2810805513828
2002 202.7335790622786 130.3170973355741 128.3017549252818
2003 207.9871644256055 104.4423827663863 58.04206713627032
2004 203.5860452045411 106.9850419086758 46.08647583160013
2005 149.3733349529586 37.40657924613081 105.1345083262719
2006 84.63867129690537 56.44344494068091 84.61648820151376
2007 174.4353220949953 121.7553226776936 83.71576275207698
2008 213.5158961896694 73.78465228953802 112.4772194667995
2009 187.0916493772438 110.5016445695667 41.96229253984015
2010 174.5375256105371 40.05265323477019 78.17729565969758
2011 207.6309162480755 128.4332067195286 141.3306091797477
2012 117.1421804381896 113.3806676016377 91.11461612122631
2013 111.7041335906871 109.4346720918975 92.77378683508161
2014 192.9354841287237 52.20178490374479 120.3960617395057
2015 69.43561542088443 80.08184803116852 112.7212266809277
2016 83.92944393532335 55.20900228533252 97.55905666275096
2017 137.737966201397 33.34010397359229 84.78749223302006
2018 201.8687175943929 119.4473408534435 66.29648134112688
2019 199.3505797204351 123.3069418799271 70.29845249076611
2020 110.1447139045152 56.31500933785702 85.26238973312576
2021 183.5798482100406 131.3183146424153 81.09802385541234
2022 185.5424644343313 130.381190292183 71.80942963541069
2023 208.1228978861172 65.38462387022778 116.2700095621098
2024 88.7201581306069 122.5446676136311 114.5064161483123
2025 116.376448171251 37.63962460545896 91.11231702664772
2026 153.1970940898599 38.55748190450246 110.8805458431783
2027 88.71516224575677 124.3859961762942 107.6575597884135
2028 84.209056813245 86.4278629725882 85.89172858378168
2029 180.15295432554 119.6324514908218 56.30557650528141
2030 78.46536121349388 132.3124694690183 167.8725231817086
2031 80.4252244963549 59.44868680005953 88.61058224251558
2032 196.974710329361 56.91742386316066 72.10744123544501
2033 105.2099991366667 92.99373033955592 95.55930031843295
2034 154.9398962477871 37.66891118962039 99.10995432003386
2035 142.5599694319681 105.3799641533777 80.500780890306
2036 145.2630262478889 98.11203873319511 81.05866201561912
2037 208.8776639416045 118.1527631532061 83.36952663399109
2038 204.4805448693485 123.3399239100619 81.40960638666512
2039 96.94804026542542 45.64918706504078 130.9713387607686
2040 207.5618116039465 67.75054156035296 82.08614215797327
2041 65.64066258472793 87.42390818207174 120.9479335142943
2042 105.2352686316835 119.0362956434024 96.50909858989867
2043 82.57727785530601 92.99841434395782 86.37702900282282
2044 169.4204031525859 42.41310807563554 108.1520396260586
2045 112.7794625289743 41.32081553622556 113.6439368727872
2046 129.1637056303343 121.2149998043263 115.129899455263
2047 216.404713945831 103.5051596479842 96.55408690427804
2048 134.6023148659847 127.9649051700112 105.2346200817294
2049 81.04929067573063 114.4126951225497 85.28130249726597
2050 72.00232750430514 125.6802994321642 165.6813536608286
2051 70.84620127185707 120.5761261669788 163.07835332826
2052 158.5357255363937 117.6484207722233 104.4722861089976
2053 154.7759792685556 121.1262584908378 137.5694889717566
2054 63.44404899152058 99.64781416947723 94.17622267388487
2055 170.6532476883028 127.42053075261 113.930178095003
2056 174.5823702987706 133.0075689421883 121.3816047656241
2057 89.58689727004131 109.5797061392875 89.51112325966494
2058 68.16109903770761 130.8970419324404 123.0783480108761
2059 71.63586050226262 133.4746833512456 119.049012336434
2060 118.936188178416 117.5234641178851 115.8471557472082
2061 87.26088058759636 122.2925925553299 88.61452960743455
2062 197.7297741253188 123.741800145199 64.62669831336244
2063 82.98923161253269 54.96265254802486 145.2498958922924
2064 216.8069489276872 82.65226651196994 106.1883299390577
2065 181.3868535543909 132.2608251483119 114.8187334223894
2066 101.6125810563162 41.71320546811107 144.9537300792565
2067 202.6195698768456 59.37888360754798 103.2558460645123
2068 68.23938994498135 91.26483054031758 145.5905016270288
2069 100.7748997703393 43.73203709488564 108.5478217889553
2070 65.39039721536466 102.361843388549 131.2172915339399
2071 148.4434133535339 40.98177858076694 73.75697652098573
2072 166.2667858980685 89.09247457559778 69.8900487669674
2073 157.0718175493429 108.5030941738819 70.71113995424265
2074 136.5729106975096 40.20789083760632 75.44324356048506
2075 111.486685071803 50.40553500827723 81.44760379808443
2076 171.9316259452095 132.1009957992094 127.6614743864326
2077 169.1370312983526 131.8994025392035 134.2337850008472
2078 213.027042214177 85.92454508412179 83.07005445406338
2079 211.8844870648375 85.1595504700786 77.23377332957182
2080 220.9040172813155 97.33570808748033 130.9432908941627
2081 215.6607069625136 121.3596398216583 125.9512664605894
2082 126.4841184169022 39.62759594997326 124.7434360355068
2083 155.843457769293 75.73614531660691 79.15370549098665
2084 158.7124226489434 42.44318328394391 129.0045838253757
2085 64.50749227889807 89.23578209276405 91.18511251093986
2086 67.62582926010077 83.94903155712781 87.40058381599722
2087 213.3224372297162 97.07652541385885 78.56423408858257
2088 105.7213109140751 112.6592438796046 92.85641502895538
2089 135.5316559564888 84.4324805822362 88.64758371089084
2090 83.76900994722831 132.3357150879058 163.6458910623193
2091 69.40167759398062 78.62513678056128 95.09915118128521
2092 149.4411057343545 78.0670350401999 81.79106700467008
2093 203.1652569080234 96.37576768797133 45.12222659659814
2094 200.9363530479092 90.98602732636483 45.77566193612361
2095 162.8697422079011 95.68817133371284 69.94753436834038
2096 136.7548792279515 35.39745824293427 78.4029226682015
2097 193.3984727751588 119.666675862132 41.08436681791808
2098 187.8139762032578 121.0477413613329 41.68320997177061
2099 89.60110972391269 49.64844604936303 140.1269442591362
2100 87.08824699121205 51.31036098260247 145.8527337795487
2101 98.80581673858561 91.42744060120086 94.84455288761394
2102 158.5222558114863 33.76858306620115 76.60329658544204
2103 171.246399003054 117.863602776171 79.76615697499643
2104 218.3363859479501 101.2376047717659 102.4994124477256
2105 74.18232994584071 71.21835206798585 154.7261415734758
2106 86.86766885899392 52.43901769696846 122.9286820949342
2107 206.4113662957612 118.5876647277365 77.59290343917473
2108 119.391429428991 39.58016428436439 102.1924034346997
2109 194.5673894973833 53.69474780056849 110.3885892436439
2110 198.7111381452978 130.6149522331428 134.091664510443
2111 192.3711505503102 130.7097673198073 132.2916009400716
2112 190.2315483262156 131.8407376252347 126.2300275710071
2113 195.5307911336056 132.2352431972706 121.9365316593863
2114 200.1666278473946 131.0939755882036 123.4292363040993
2115 68.79791523891915 88.12427358585796 82.1499888166191
2116 80.6120361652054 134.5030687503151 158.6795818469459
2117 169.0666071964335 82.48214548529397 69.60821468309095
2118 199.3066193763654 121.8882675429644 54.77500217125957
2119 79.82188055186141 134.6071428365037 147.7562966358102
2120 85.1267993297238 130.3698026206606 147.666814244771
2121 63.32783951890328 105.3443352235857 90.64186791962778
2122 147.2597007415918 121.5810542545168 94.92342300011248
2123 113.9563114091085 116.4771724559153 120.4364132409645
2124 175.6010497086742 74.69852281846813 65.65156015523829
2125 156.4682029775322 117.1303303272091 97.93075043899948
2126 107.9091164889533 116.5266972170898 128.5023026844738
2127 152.9717136290431 33.54935670190389 76.95048527141054
2128 145.0641102011276 90.79539508761222 82.57620818315577
2129 65.4962482095988 112.041342158296 130.7463877649456
2130 209.1983893553538 84.33971459578282 59.68729762638507
2131 171.7733182278981 134.3478103651874 139.0309900547477
2132 69.75259558502508 121.3398132468249 157.5216024054626
2133 145.4366593265843 39.30681504801837 140.1628221041857
2134 139.1598136010587 38.48984349726374 141.4060217261828
2135 211.3487554357414 103.4780417299255 70.79666468212214
2136 63.796117771798 115.9299262103049 102.9955032468164
2137 196.445246491022 126.598169948561 74.11217939857215
2138 132.3162937416951 119.0882844888831 147.228905666734
2139 196.5573528565804 74.45721884925101 51.60266732989485
2140 109.4523526053629 40.76133600611222 82.84091961537789
2141 200.604777123517 58.31303187079902 115.8440787858628
2142 197.5268171594809 96.88073152072533 43.30795047851336
2143 154.0028214677135 114.5306705096894 76.42863789808754
2144 76.29695190674538 66.38879584628023 155.4196718564701
2145 77.91188168268116 61.74472456182848 152.0638962781085
2146 131.2465735835084 34.12445974799812 81.21218740515596
2147 102.5896550086767 69.75515710612846 91.53032755989028
2148 191.6979884990923 125.8013592144219 50.44393360008576
2149 187.103184705372 126.8097566418946 54.39153424003131
2150 156.2369552457501 39.38498660481991 116.1612938138119
2151 171.086033018855 76.17027170236484 68.99061126833256
2152 190.5510707019781 50.11328430441845 100.0575982924932
2153 122.4386040809247 119.6399040781015 135.3875282088543
2154 197.2722249994271 124.3599327350825 59.42412609914339
2155 159.4815125231102 101.6234898080481 69.83379142284878
2156 144.6194888400984 122.183585911185 117.757990300083
2157 219.6623517572468 91.88281624366448 110.8403509433349
2158 186.9638620797282 124.092893041123 47.42391623043226
2159 131.7562970362449 119.4053230689715 83.998468958619
2160 200.8475525107028 60.73328184437153 74.4007978053871
2161 92.58110507333309 65.476193200558 84.68404567655605
2162 165.5602151914908 42.96526555146747 129.2014746765971
2163 184.9189473765266 115.54127085819 41.34113177138924
2164 114.0829163412405 41.04013029274431 100.8345580113872
2165 113.2517129462273 84.12223862431536 95.49518342890276
2166 116.2328606399228 88.46516575319318 95.40888745288736
2167 214.8031772946194 106.6211456573989 92.716016383051
2168 74.50375994283924 126.0256710905617 91.23412255599534
2169 201.337727421 123.0121927058848 76.07138133461996
2170 66.05146611527492 97.70904504750537 134.2255361234274
2171 180.0869347798963 42.82290740149719 81.10743032702031
2172 203.8674435662919 81.64725953638157 51.15425392513205
2173 213.3076290669605 125.0950920082031 130.5905021628171
2174 142.1044118087278 37.79392497697656 75.9714854425998
2175 178.1746011156314 127.737958174195 83.51444739086256
2176 148.7183911556931 121.0259660183532 140.1602608052368
2177 144.342542475128 120.9839930251194 146.3751032809062
2178 72.31738513988817 112.1303873014202 78.88845785309461
2179 181.6414129355005 105.3303906974951 52.27912632560631
2180 167.2206028886114 134.4121339849648 145.7988983520947
2181 149.0320930065761 121.5573753810941 149.2513860059053
2182 180.9951208923737 46.42969083611951 64.47115059027034
2183 196.2258477174829 87.44310834356268 47.71711747370529
2184 174.7015186459706 44.25774017981769 108.3652390021908
2185 191.3613146299505 129.3507986713493 72.33333920502679
2186 221.5030619070641 101.1082515223819 130.6564769698147
2187 163.8880833689609 128.2696835358502 142.3290048155317
2188 106.2546447293898 40.10052157094205 143.8180070037475
2189 125.4434756861809 92.46111126006112 92.85337433702396
2190 112.0956908377378 45.29056223254219 79.60149896711781
2191 68.85036876459083 112.5297056256617 153.014781993852
2192 82.44603337602526 57.04347554900302 114.4906466277977
2193 121.7952489968813 51.71569850016543 82.3186122417838
2194 219.4040121186533 106.5630271453128 110.7785404856764
2195 211.4239136045711 99.16609724913238 67.08759560791789
2196 67.62821224624582 108.5503849739268 144.5034747396503
2197 185.9154150637875 48.2236593715193 104.4859359639329
2198 158.5443536181757 125.8959279793901 153.3482723837619
2199 78.51922886111704 59.86476888141165 145.7317274449644
2200 138.202286635634 106.1983080878035 83.12423726345834
2201 63.7308342900162 114.5353252921463 97.04682469477622
2202 68.55405964680239 93.10745774216714 152.140047929968
2203 104.8520525446311 122.4232978611728 149.0067068482068
2204 70.41373493609926 133.9066476538354 113.5213944129709
2205 166.4224787776319 41.45897389554064 118.1201907607241
2206 97.88415531090379 120.725663226369 107.6086111462154
2207 65.55668354942748 120.2604337833969 129.3836951494168
2208 204.8372261109075 76.64408272607656 53.99842040413361
2209 219.0138047376599 110.7994777596564 122.4425091233825
2210 62.77501270592669 100.3664858958653 88.91055644812216
2211 111.82773000624 41.38180374767681 136.087698569345
2212 216.901309751373 85.93383711821974 101.0567492493516
2213 99.09962502762846 120.381544020032 96.30353775881284
2214 210.8240693584548 79.86520662840091 76.77062943783444
2215 183.866691798263 131.8570167220487 127.4686039529509
2216 87.04119441620962 127.936173940043 143.1594371942767
2217 214.4190588980003 123.7948184870871 136.3771740647997
2218 216.5795865516201 114.4979597105927 106.4732413690104
2219 69.66729495483762 132.2533416105655 104.3848046610601
2220 164.1268062747877 35.4521554630059 77.24891025855607
2221 100.3269063604855 118.5395190386139 135.2919069570672
2222 209.835691334861 68.28453520954957 111.4368597321669
2223 143.9288516667677 80.11343870028017 84.26642474530078
2224 71.82319960919185 80.00638999997211 84.7765520380571
2225 95.4530948293679 122.541528947929 140.9886304233
2226 90.97944807993815 103.0822557065107 91.26555575490764
2227 187.6180318008135 131.3429396486251 76.65116554405495
2228 116.7140730033862 117.8625314014837 132.619613679097
2229 67.56729811520162 82.34904703164119 119.2440128245432
2230 132.3635280621736 42.89630716575302 75.97106270395403
2231 83.35093954939774 109.1455177530117 86.47824148169731
2232 72.92765915247547 134.1642952413551 124.4949494315828
2233 98.15778195104964 63.05937733073952 87.34021537062931
2234 76.78302648986231 114.0089764216898 81.65204824478421
2235 204.3570086965001 129.2176375232202 115.3661120061611
2236 106.5856836994646 42.09829244257013 91.40605842422447
2237 65.47305787690726 125.3683638334784 119.4026072583557
2238 138.8083266770251 122.4098848166408 142.3691889357451
2239 93.86812714852439 46.46031671271231 140.2241035041733
2240 73.84139640041947 70.8330681854717 147.9116785374251
2241 66.5656947839895 107.031334834341 140.0432110721342
2242 116.923453391411 41.45037104877801 111.0034834382068
2243 179.0465361805663 127.2611750269625 78.2460386913835
2244 189.954577186373 68.74347781793045 55.87385447577208
2245 116.5918541689417 37.21796736646015 85.66905464431422
2246 145.1369577125902 36.69458117527116 102.4749392042999
2247 178.9355963550369 133.081397455906 119.5035252513086
2248 76.12993828120214 64.69616191894389 146.8490999691794
2249 100.3813735359475 122.6771240990817 145.0953393094411
2250 88.87111108423869 48.94023625855782 156.5351329826965
2251 138.8136812185712 36.7435976037132 102.8181514172345
2252 85.10804304451844 117.6759973731453 86.7223274704433
2253 196.2841309516922 97.12388471486253 186.9007049105304
2254 145.2841345402442 69.75303718957008 153.6143546423344
2255 195.8478487110208 75.08066501973633 162.3640467882148
2256 139.9641227736348 71.14934519249226 188.6770314806248
2257 201.6938721997702 90.63988934920867 200.0448504857445
2258 198.3244557813381 78.91056372908018 194.6738695882432
2259 175.8550718706964 79.31392788643532 184.4502959590745
2260 155.5966357221795 78.84766351827238 184.3201927205999
2261 175.5870440908078 96.72738865691112 183.001117003978
2262 190.4265892217362 99.86027558536965 163.7810130899276
2263 195.5689353517273 86.73752308869942 186.315659649634
2264 186.3280755038282 95.35899451820357 185.8361692818401
2265 178.1738424259018 89.33063870326399 187.6138500345311
2266 153.2083032766199 98.02293147481498 176.0622474186924
2267 151.2824836185486 101.6403367102208 161.8961777200673
2268 172.9125133338772 117.614751869813 180.1061402494391
2269 176.4740141824711 99.00999318188097 202.8454376662564
2270 175.1231677353732 99.62843280549238 165.1756189432555
2271 173.3408276335441 74.86102474883323 195.7397704794776
2272 175.5150466448514 78.60032117610282 162.2095735982095
2273 154.0810806071846 98.19891509601 201.093990244645
2274 150.5950827414386 98.54359636831501 224.1540171953848
2275 175.168930763564 98.88121322662583 222.2444777530268
2276 198.9589574768173 111.9199837842934 189.0747305399708
2277 199.2912954121642 91.81310582000194 179.9109088502047
2278 196.8237579199487 93.40030602594599 168.3274999650728
2279 187.6375096751995 97.35661060232347 143.1930625433263
2280 190.8222295991328 98.72326531040407 122.0470736622978
2281 196.3748557362792 81.93269403925294 147.3788954082456
2282 209.3716621960961 103.7407609491737 177.2400934864486
2283 208.4181386238197 90.77427218099777 168.20750416643
2284 186.3831788885719 80.40383414601691 187.0237003196533
2285 198.4133831828734 84.62242807897218 176.3122914063281
2286 115.9430553995152 84.84035059440674 198.5745512130562
2287 101.0933829421957 87.62465893159792 165.2249991751916
2288 113.9123490892079 57.7632049514534 176.4012639321193
2289 103.5899612394201 72.15033682956 210.0649717133165
2290 134.6085800628413 79.08487111376878 201.8034920427107
2291 115.252642099647 100.8672302149756 199.2930970392249
2292 111.2302172969478 76.96222435268771 174.4926412347493
2293 132.7600114929814 56.89691304705611 199.9947171245852
2294 134.8037050625551 77.45557199276193 216.9465333410685
2295 99.35156005486213 104.466402515106 184.1099932964298
2296 116.6410980022593 53.94224885600602 209.7333521830532
2297 126.9152645158612 55.66390266977783 209.9172301205319
2298 156.3468060677061 56.05120691768622 198.3920390721493
2299 131.0153031174086 60.1082616998251 175.5000618555517
2300 104.4499651733307 57.88996455091345 196.0178943903975
2301 105.1372499236321 49.91967329368878 187.4442953196985
2302 113.7752186421161 58.04231177858571 163.7645826571327
2303 132.0421503832609 99.72520707965468 219.2259462752579
2304 107.6684868283495 99.50567731223882 176.8437786028969
2305 95.45115185229953 99.85653543365137 162.2263708466258
2306 97.06466671156491 102.5181558920549 216.7791914621098
2307 136.8915674686759 100.0323631232687 201.0462998864053
2308 131.6281029638108 100.4808423102988 182.9318834878889
2309 119.7563690105963 99.96196367922695 166.2462217979986
2310 96.18778814426457 109.1462749683983 207.8821066390613
2311 89.65837968882394 109.2994944175672 201.7197880933156
2312 94.3785562136793 99.69999891925572 140.5855641102818
2313 96.85410311697298 100.4147952322487 125.5521380997443
2314 134.5130257558017 57.08357706907338 122.5473209531432
2315 151.8317880014755 59.9125868034991 159.5868021474347
2316 133.5410429423028 58.03552906167563 159.13622432913
2317 153.1188252118876 78.20701005530312 163.262306335552
2318 153.510376457901 58.37985909592403 179.5090552437584
2319 151.2262461879996 54.35625163853054 145.4247443827556
2320 153.2555436408567 57.74035021059752 126.5548212184798
2321 132.7528456158348 78.16834658242439 160.167927692852
2322 134.4518823798961 53.72919640281587 146.3368271139974
2323 141.7203247221021 47.99247546980354 146.0889029213916
2324 171.9249299753966 76.40793000840178 145.5510561837651
2325 116.2317246604639 58.0859803546206 144.2307435165874
2326 110.855692410899 59.57127491543089 117.4905261135325
2327 131.4910142504003 77.51731622901647 141.1186589905076
2328 138.7641480997304 76.04965626794369 126.4053273534267
2329 154.1945752030959 76.84734857199523 138.7005245973154
2330 155.131877573451 98.06734040887407 142.5360523022006
2331 154.8034594796784 98.8115621197026 123.4918484800676
2332 158.0116010235325 74.28477429274582 118.3692531783679
2333 155.1611712924639 76.83201832573104 106.4450261903167
2334 149.7718984160132 57.01303487061829 103.4915674392055
2335 136.9955113080074 55.96553342723486 103.2612449186943
2336 113.4786462814044 83.12190939649898 146.0574422196865
2337 114.8259617491217 76.66548963985494 119.6218731843915
2338 134.9238466754219 97.38245743974009 141.140287101386
2339 135.1225315846671 102.1498938263581 123.235092634876
2340 114.8972964878597 74.03115964609073 156.2403239355531
2341 136.5851755186571 97.96936817848484 160.1859100907881
2342 134.0904785229479 77.71269365102631 183.1973292909898
2343 95.9355501409576 81.71087992978464 142.7102329835589
2344 93.62656804519396 71.92345176797231 118.7951226153594
2345 118.1741121039706 101.4545440358836 143.3685787031794
2346 115.4891038963761 97.30441929670499 118.9432454222901
2347 129.8471393102985 49.32047625173441 152.3431843407551
2348 173.8193197318488 61.70903619038149 220.9001680066352
2349 153.0159556204737 78.19135804189558 220.4007791661419
2350 156.6815468990859 80.94384497760163 202.6643094180805
2351 158.6915275269372 98.66726127700589 243.7367426180552
2352 128.834982210301 104.1733787084365 204.73197367321
2353 120.5774795385639 107.1288560676764 203.906318208418
2354 109.1842796016948 107.3962217811383 204.5087977254315
2355 108.7053172178185 94.19198997655984 209.3856352282987
2356 105.4781638903467 102.1760231079517 214.9650962107637
2357 110.5233158917254 106.6917636715345 193.9466982606109
2358 109.8662797523883 107.5803289107637 186.1284113869926
2359 99.17583994816762 94.55870273861417 205.8503980934762
2360 101.5620149053864 112.0010637625866 194.0986892784758
2361 195.1996854051356 86.2092662115591 209.1266535156907
2362 176.4916103694666 81.81783120117964 206.6592433696885
2363 121.115930100593 51.23206669672234 148.1686286656839
2364 121.6476064280539 48.6108440428177 155.4650504459924
2365 111.248165780122 48.0365202998298 154.9534899408182
2366 95.69562043158567 52.3328646399723 149.5532778530419
2367 95.87410597497332 62.54288134172993 150.1047701019679
2368 111.434880822993 50.03138561045377 144.9132071656371
2369 111.4755139120318 53.54141621849917 137.6011051591514
2370 110.1792574057667 50.24401252573215 126.9912794505826
2371 118.8787186334907 55.00565059470681 124.1465330676363
2372 110.0941889446665 63.51943058262988 127.4026703081454
2373 107.4483216757435 50.34257307575249 114.7471595161355
2374 175.154584949192 118.2477480353934 159.9502663588115
2375 178.8187613033363 124.8632962691496 176.0084440696514
2376 167.4746777897434 129.0871251575005 177.8475270432617
2377 170.3319127660762 114.5699505228978 168.7494889193037
2378 162.8164286471088 126.1976487296546 185.8013156392635
2379 166.127052631732 128.315819752928 166.8819621435648
2380 192.0765271613278 119.0503678819259 143.8655527949023
2381 174.6798866635805 98.78103595083601 142.7928509139978
2382 161.7511701072885 115.2499165875375 168.0200573520021
2383 156.2486034460391 102.1968473148465 166.2900891879343
2384 99.94131131067665 51.72326118890417 169.3857589981025
2385 108.0820443758166 48.73217962483611 163.7696845044304
2386 101.0151554458569 63.13150367812521 159.7131085155298
2387 97.95256591408297 52.41585517440631 156.9423621477258
2388 87.77204149364026 62.01535246328871 157.2737654237932
2389 134.5863001241716 101.4584001061843 250.2964644674224
2390 125.9176945086073 103.442241869227 239.9277095962549
2391 127.917948062051 103.351175213581 226.6151246885545
2392 118.9221509862815 102.1548993058879 233.2135169405528
2393 205.9470134604165 112.0995044802959 139.8877447474743
2394 189.1854085904123 118.9474030819883 122.9669278602514
2395 191.0191846694707 79.36649114077485 124.9410670493192
2396 193.7035391125888 92.23820145291853 99.18135533288745
2397 198.5351311194108 101.5291251833612 90.45382692121451
2398 209.6891501276833 91.79467262897705 136.8675645034863
2399 200.0993737971009 94.67490163190338 136.1992772940962
2400 190.5710214380776 90.69943254096637 138.5141826803446
2401 171.8572640749879 99.39915142605412 120.1401777098741
2402 206.8469791041711 101.85419822979 134.8794585070299
2403 208.9203032785909 80.48673761730471 135.8269196561286
2404 208.1345986459371 88.67037301554718 144.7917951082581
2405 209.3752929668853 91.32463388959481 127.3006845011328
2406 208.2434422940094 104.8702402611168 127.53791361921
2407 198.1145778722112 103.2570153906646 127.0075808542941
2408 195.2699667980599 112.6371934617937 128.32123050979
2409 211.1195114003775 115.7988810549445 129.6805603682913
2410 206.2508885891705 102.0030584839407 119.675131899386
2411 174.5353196998588 109.9176280496366 240.7850075763517
2412 185.5844357842893 92.35303674470087 232.4807484695518
2413 164.2532357333115 107.9037017819949 247.1260960142793
2414 182.2341777184244 113.6011417842789 225.7094025886584
2415 185.019697665576 102.7796059755217 228.1314295402563
2416 77.4087005217885 83.15498935840587 151.1590946235505
2417 89.63529133213459 94.42893180204914 157.6773719522733
2418 77.26608235726034 103.4944861181908 155.5940478348948
2419 79.46417593908461 95.66082322408128 164.272825135081
2420 77.46822801914915 104.5694651463993 165.0778846708426
2421 87.91997819461349 103.6406156949253 169.5899803337039
2422 78.62708953665845 114.2327970228215 169.0507565622402
2423 74.20814735945049 92.46073911651409 145.2816175824015
2424 88.66679660147298 90.07044745318382 166.6977072135114
2425 80.31771827779212 91.11294799197344 173.7612876299669
2426 80.40218739337605 108.0085759554712 177.2945306175792
2427 94.81825051329936 98.80847090772086 194.3947888005381
2428 89.19911645852976 89.90823846809546 189.529790028988
2429 95.49343943282344 79.7748664219515 193.1999923579266
2430 104.4794059624905 81.10260202430921 184.1817039514222
2431 94.58104926639716 82.94846274730648 177.2947208264762
2432 90.25118359706889 114.9246025706523 179.4549286860029
2433 88.91927150419917 114.6164031324332 169.8950447494508
2434 85.83469297312739 102.4965307950698 184.6780183490538
2435 144.9551894748483 117.4234183414637 251.2297498229534
2436 151.3671039219297 126.1568664679087 236.8154483969986
2437 133.1831799992925 114.2859627924795 238.1909378557356
2438 137.8519799519916 119.3491079920551 221.3500657477127
2439 145.8704942460714 116.2631319957781 231.2293740045075
2440 144.3701998302357 125.5609596569942 222.5902844752916
2441 136.8556294110498 105.969941251299 235.7749043026425
2442 140.4013134763087 104.2248570040959 225.7813110155943
2443 137.7305201044789 119.2194586443535 211.8926046495947
2444 83.89886387381661 110.9069405220769 161.4073736992535
2445 90.55636789919934 113.8391527011322 156.8915444759569
2446 100.0367669769054 117.7951510073966 155.5753309831766
2447 100.7987120675936 108.8791269137733 151.6629749462541
2448 88.0801792023135 104.6674886786714 159.1581805193016
2449 96.12927119357499 117.3005286183493 147.1837199085413
2450 92.61548011590281 115.954333410605 137.6840284442278
2451 100.9182993172145 114.9102652522002 174.4064090069537
2452 101.1501226335262 104.6572062004667 169.190701711964
2453 213.5287421505961 109.5485099590887 132.4771696203006
2454 196.7927259804919 113.8949151836839 138.1270947501624
2455 186.5606540234286 115.4738747065599 141.3741769814686
2456 195.727375634793 123.2960389620343 140.1332484702188
2457 198.4530871068093 105.0956671920474 137.643419539336
2458 196.8665719683604 110.8879321440048 145.5506824121331
2459 208.0723927993804 114.7813890298393 153.2530662962802
2460 208.1125947717522 101.9920277524746 152.6824699635586
2461 162.4774353727502 58.93348393607148 170.0238049457387
2462 147.5268180819256 55.35293415633438 167.0351226254331
2463 144.855173075422 66.20513029671179 163.5876676973732
2464 151.9274438621208 52.90935309254026 154.2599731481585
2465 130.7907772592499 48.74435866479801 164.9568354628789
2466 126.8577198432479 51.00947923418139 173.8847507551225
2467 129.3463513300681 42.54216022675106 170.3699858102255
2468 139.5972401889882 49.93710440524196 164.5508440816615
2469 137.1940033665316 59.87350562351396 166.206434403563
2470 139.9254836547815 77.84762694282293 167.0142377656198
2471 141.5642669222624 45.769084223097 171.5980451790942
2472 144.3179646233258 54.64709367665434 159.4662566337411
2473 142.5148480688371 43.34209592879255 186.4266137948317
2474 145.8612641433291 81.89780703243149 246.6301502439054
2475 145.7272942031859 71.45653555297164 236.0134213632447
2476 146.9829617683506 72.6751058421995 223.1767811422573
2477 151.3479751392273 62.70573812526384 238.4964632548391
2478 152.0088959943662 64.64141006076947 228.7187007600414
2479 89.62120938394551 116.2598208221545 187.7881838751555
2480 150.8697990333811 52.46353743885233 225.9879957433971
2481 141.6810043372253 52.04715723390919 224.738343853943
2482 165.1908236317629 65.93429926765823 229.5454179452751
2483 157.7101358433798 73.89890054563163 226.6082265782691
2484 158.1455891972388 52.3881027893278 209.1928159655312
2485 128.2552550834064 42.60274496649347 195.363627277558
2486 117.3721595403484 53.82545429678721 196.592633450971
2487 141.3432981119296 43.34766191406879 195.9162115972564
2488 140.3613381186681 52.24041786953816 197.3637301229201
2489 139.2603527359798 42.87562323040365 205.6887217696116
2490 128.01722204056 51.61289412753111 194.4204465168083
2491 127.9681161264281 60.74507390852101 193.6101975248538
2492 129.4112353025238 82.68365903000768 193.3665512447083
2493 126.1973934220324 53.49211420083264 185.7892835123569
2494 130.1547297564304 47.02873478014313 204.1865039951457
2495 129.7091316478461 42.84319835906698 187.3397289350497
2496 78.83200331355374 98.22277853369194 180.5703176712133
2497 93.59647723051225 93.92364107733101 174.7140725795196
2498 115.9508592814089 49.27008500283129 184.2761000331361
2499 109.8542205394485 59.95661721667759 187.8946181850546
2500 108.3311875714361 52.802600515418 172.9092215284637
2501 97.24336412537988 60.65934916543083 186.5181752234517
2502 83.05327129022037 83.72587400300296 173.4870068224075
2503 92.63294268944675 78.93341257532546 168.0233890746323
2504 112.7912803946803 81.42475979543292 163.9749148058997
2505 93.76108855510694 69.33069998508078 166.9273793095246
2506 88.91717155064011 84.1439807111873 156.6704115040444
2507 200.8829216297665 123.642822630202 150.7828289076248
2508 186.2363757149151 123.3025157040952 148.3592937060149
2509 179.1309603299218 126.3499435292064 145.1008496262668
2510 188.9122174454352 110.6604043549791 149.9218294345951
2511 185.6150065871374 123.0597373319726 136.3638886199936
2512 198.8178494608196 103.8000031453657 153.5502839368012
2513 200.0903254641962 124.5259685864063 158.5444859738567
2514 199.5818940756859 125.4643333384623 128.9060515353747
2515 168.0166582474373 52.06170160114649 171.9841968762641
2516 181.5579077334285 69.65234514159603 125.3284795597991
2517 167.5892393895888 50.71919567828763 155.3685291154298
2518 159.8677187753055 55.24597918909246 156.0849166681417
2519 167.252910757492 60.12192899015253 160.5238805559306
2520 179.5194774152464 57.05665841301619 155.7254241950521
2521 179.7406205215067 59.51294557819774 165.1569247047808
2522 191.0038398672558 62.32082855326435 159.6075444440207
2523 180.8112241727818 72.42100434942218 157.5525625293557
2524 126.7218245705581 91.26827797218851 237.8494497607576
2525 125.3741793031562 91.20433805381276 225.9039890141223
2526 144.7160103743479 92.19081022119579 250.8585360769959
2527 144.4136905042419 91.23788231193119 231.4759689675523
2528 136.9961780800453 92.58044297288741 225.4448880583297
2529 139.6895100233103 107.9452236426161 195.8573534111109
2530 158.4351995780425 119.3415070216664 195.0403925109965
2531 167.7011468105931 115.0857778012141 197.5828304460885
2532 158.3672676410615 115.4887126148219 205.2024666927148
2533 152.7387279467319 119.5352085879743 184.8084218388528
2534 148.7825983311297 111.3010031494862 198.5090096772061
2535 144.6240693309699 108.3583841007867 186.5295942668239
2536 149.9156586318898 119.6596739617291 218.7536877661501
2537 168.5455211280808 113.5571241281134 205.997629138192
2538 159.4098818738705 116.4099051182202 217.002674519004
2539 145.4009896981402 102.7509310508506 205.1468595001103
2540 149.0966044780873 108.6977069025578 219.7888940084428
2541 166.6228742602666 123.1925484899323 210.4031816623876
2542 157.3232880483071 126.8519642800361 210.3849368081802
2543 159.112547644407 53.06724539261481 176.2769321048365
2544 149.8461107131378 47.72366087488975 174.2113367410691
2545 160.4708191094217 65.43772519762439 175.7223151317728
2546 156.7795891476835 52.09536156672601 185.5004063155221
2547 193.177097708896 106.6706778185821 209.2516929125079
2548 185.7755490888709 69.37402749362003 207.229751431244
2549 191.8462531966729 68.79643414307007 196.021538775792
2550 183.2532835319209 73.08548393028663 194.1971223852925
2551 189.4248111756605 67.70889175662009 185.2040716910602
2552 170.2843320834057 51.68441381831706 137.6305250033001
2553 159.1107347556789 53.68034192398314 138.6282022328512
2554 159.5041434747694 51.37588333004009 130.5492489469277
2555 171.5753227476735 62.91640307570869 138.0124878037108
2556 171.6700904715108 75.0212100774116 136.0263148611871
2557 173.7607158695019 81.12194123780303 104.9172521060739
2558 170.9692223712225 62.05305946724105 126.3804520450593
2559 169.7079210857567 52.59431350289915 146.6893458666355
2560 169.8630648338053 50.90181133083511 129.5549638493346
2561 173.3029765548918 52.70349090393683 122.0878216189102
2562 159.9441231350615 53.07634957691105 147.0777060411414
2563 157.9277739639496 63.26445184513528 146.2714100653981
2564 154.3897964311505 72.49101032343049 149.7579739072092
2565 146.9373206562366 62.64606877249057 185.5254007096867
2566 136.2117282691766 56.63772359635945 188.1511163880575
2567 138.7117302224309 62.77317801618026 180.7261084671138
2568 181.4828590005454 118.3329502213334 217.667101674095
2569 171.4688488139935 116.3930788932192 214.6697757666706
2570 177.2932736863406 118.1388986392912 206.0020309956123
2571 186.6918386160835 118.3239414971197 192.6172354344479
2572 170.232609482028 132.3236277503068 159.1540108897058
2573 178.1272552623131 126.106493065285 154.5238447240235
2574 170.9309018163985 124.363457595805 158.4249479571808
2575 176.1515607225484 127.2562729948855 166.1395346070964
2576 166.9536789370541 115.5658814437413 153.6986049096883
2577 157.8542098345828 111.1006564689394 155.8909209194001
2578 165.1181167976269 105.0428148019178 156.5612746707251
2579 165.6690957308683 117.5774404740482 140.5213844431036
2580 171.3447403230038 99.96911674228687 97.84631561893725
2581 150.2347372738056 101.2643893930314 154.7511499814634
2582 156.1915824602953 96.66348543281273 98.47894411887219
2583 157.0992724327895 103.6876348395759 158.0509599372174
2584 160.0087544534926 113.0401529342351 149.2551498185483
2585 157.4889434245546 113.3675502832576 136.5503042491829
2586 136.7045632865475 79.04489767147273 239.7535090721787
2587 161.5980209737369 87.17913942963943 249.4851897471042
2588 160.0275881651229 92.12479185037847 246.5533826844795
2589 156.8421461326596 82.12694922221021 238.8349523859656
2590 150.8487705493418 104.0739684378041 253.730637253619
2591 147.5430422126879 100.4943408056377 238.9789413962111
2592 145.136634792952 81.91793029136859 236.775815870844
2593 152.0335833574777 79.73543410885215 230.8407370755743
2594 141.2534623769961 81.1981359301773 224.4554964186379
2595 136.1689940361583 70.46064304495914 222.3934551461516
2596 180.8001203698178 57.7565740189012 195.3854211994184
2597 178.4783597651286 58.30744135101027 184.8125287690299
2598 179.8878373131301 71.48265183562535 185.8756405387333
2599 190.1335885925422 71.79286926434727 177.3816728874104
2600 199.3705396348502 70.63618672266348 167.6845533632492
2601 198.0235065669343 71.72507318122388 124.5943970784231
2602 188.3367527343867 78.63412056038746 105.0159037068325
2603 189.4190598684234 58.07722324620176 124.9868266831068
2604 180.788210134878 55.61193542537635 128.1160871399833
2605 210.3046385374992 78.18104607885412 127.7352393093435
2606 187.3691071117931 58.10540582859434 116.9360057566766
2607 179.4926878356423 58.13662474294213 117.4850556757695
2608 202.773617274058 71.5425182095363 116.0430843495947
2609 199.3881838443265 68.31103209191826 108.2121768096859
2610 191.5487847249166 75.57025678554217 87.2010700186014
2611 209.5374668164418 80.23115211585399 119.1822703560073
2612 201.4256486008476 80.68622666191715 125.6072356927161
2613 202.0876365790937 70.15900513710595 133.8231868840861
2614 211.3293682818003 105.0766331353109 171.6505707022409
2615 200.6510714273086 102.5373322165564 178.5650026717587
2616 190.3052992417324 106.3774031383837 180.0023006411727
2617 202.8240586598313 115.1647471387751 180.4996936896254
2618 197.2833529630551 107.938075400294 170.6816638143917
2619 186.1535231999508 105.1606989940349 169.534554800375
2620 204.0998235360392 118.5103005115263 166.0093049300238
2621 199.589901038789 100.2346677783631 198.8158442980072
2622 173.8858752027622 124.3132382849609 137.1631557869643
2623 123.7289725357057 107.1955882159065 213.9682499405357
2624 139.228958380817 106.1658079091311 214.8003633888886
2625 130.9298161409185 88.80804280987887 215.4146089923947
2626 114.6752134707833 101.7139457747005 211.5605681158276
2627 122.290990241905 96.687107018144 215.0515635110993
2628 107.8506916541428 93.31890462613086 220.1001412751173
2629 159.4045328391991 120.7950361107572 230.6122986288332
2630 164.4171214475331 102.499401038353 236.4298809302865
2631 97.11384247742194 79.37369794039974 205.8120190981924
2632 107.8600242577126 85.15945627813029 204.4231199767372
2633 108.882161285732 73.88714272392167 195.8804164696309
2634 92.51005434219101 69.61243155163969 180.7357026251172
2635 101.2524445568882 74.58279301176012 174.7480475594893
2636 190.0327790002086 124.6353897930852 128.8535869868705
2637 199.8561545518519 122.112333214562 117.8612638217611
2638 171.3418196384605 117.4459020086207 230.9146128666443
2639 161.7322010966651 70.70174252323824 236.7300776527478
2640 108.7544086045234 67.09716013507658 150.0542672960624
2641 120.355094026559 49.52407315148827 164.9042432674016
2642 110.6974649369641 69.4792123356693 162.6618591492235
2643 166.3541538827988 61.37715140479789 204.661820825523
2644 171.7177013423235 53.12044722641972 196.1380175327733
2645 149.9029540731322 54.51931681286501 205.9421996820419
2646 156.1345529166788 61.92490123035933 208.2448856040208
2647 149.6085871697808 49.54687094575534 193.2707999610643
2648 159.7214038583742 65.28237288390518 197.4245311703955
2649 178.0565751125336 124.8302476792008 186.8709493889985
2650 176.2787179395406 114.0555246940711 192.9190970219622
2651 194.082649589519 119.6398810500696 187.0931631476474
2652 191.5252879461934 104.9005368321895 193.995673294458
2653 189.5953237216208 116.3940139208005 177.458920144034
2654 193.1375526524154 123.7342355149546 164.8856037482742
2655 166.8786663126398 126.0880033197102 195.1584363766165
2656 170.4404147691946 80.41324057480905 237.6916901698037
2657 170.8247572872152 91.96706673794142 230.2176188311945
2658 180.7728393358317 80.80095412754275 232.161704948507
2659 179.1601259290621 115.2783357981533 149.961804563398
2660 120.6919423302549 93.43269426886741 205.8083164608233
2661 123.8132158721559 106.2084753855128 193.7603107284558
2662 118.7013018482698 101.3227324422626 184.7904744648437
2663 103.5102557830221 61.81026663687445 171.6939912382586
2664 190.8067400884998 60.33656089029773 134.6398272084715
2665 182.6565484075804 72.91072959621229 137.2284582297696
2666 191.1103971296376 61.10411930777171 147.778038777857
2667 189.7038845927873 73.15191914359356 147.8729859107557
2668 180.7766404233749 59.27708874484301 137.1673539082366
2669 180.9229456861323 57.47972375024406 146.2229072364519
2670 159.054428968417 116.7702462321778 176.2565205531186
2671 159.0776612148986 103.8320017713225 174.0271252957875
2672 165.1735627839359 114.6505763263248 188.0267269671015
2673 159.5530033155814 103.7671280291982 184.2293150771225
2674 106.7095462077102 78.49694484937851 155.8569674954677
2675 134.4203080791465 53.72201986147832 215.1637993890427
2676 130.6797671071317 63.21029185602105 216.0526184307682
2677 208.2119501062844 96.24995133518415 181.4304000027071
2678 118.666848744952 75.29631658372745 226.0537241625779
2679 129.9868572061386 79.866301771718 224.8127744271908
2680 118.9595347144422 83.38993452565252 214.014815452799
2681 107.0912853344898 80.46460234435042 217.8787003526298
2682 112.6949086514684 66.8507096119815 173.0572228522485
2683 150.5220627665031 104.5053265255669 168.7529784059796
2684 139.2205367216554 100.7988439130279 167.6944306569353
2685 153.7509827805266 92.72151515482204 165.6565677262732
2686 147.8212834346397 103.3415143334095 174.8438269718609
2687 132.0485385915595 104.048425340751 164.8543447685922
2688 141.3950766230664 90.86784935763546 167.2749852624425
2689 140.0776363520901 102.6088504925313 176.7509089840325
2690 141.4964694431197 105.764733485707 155.7663652821493
2691 138.8748669514199 103.0178041730177 146.3365378340811
2692 150.5820637949944 92.90785709762827 157.0889085715578
2693 150.2213048876708 102.8687401840239 146.1156736960291
2694 149.0691987445284 111.6935068596128 137.0689636110718
2695 165.7789414887064 50.3942282511718 190.2355656973187
2696 113.8955184770702 68.88707272408701 217.7722875276473
2697 120.4272282801633 64.25936234131758 208.9296429843361
2698 170.3753757230442 63.77017236454797 176.6683905456422
2699 180.8810123236126 75.10332157757712 177.2569317508846
2700 189.1427543192001 89.21032260462735 178.6025535049876
2701 187.7965760993449 70.52138813463189 168.4134908695816
2702 181.1696474330944 91.42076549003552 225.6876868761681
2703 188.7353983188489 90.46114915877224 219.915248106162
2704 103.532577005707 46.99121815059452 150.4819611140641
2705 117.5251296612874 63.57935007976475 194.0969233669649
2706 127.9928680599655 65.56822456419262 230.0988084853103
2707 145.5244139773054 51.18578789991339 140.2468608375003
2708 149.0282848535347 50.89380369126255 128.654414829025
2709 151.9631015116135 46.15978348723735 146.1035611364041
2710 149.0373531921352 62.77415000646136 151.5965984808224
2711 145.9498205332633 73.27819808477919 144.9463598067135
2712 165.9725641831317 72.99912346519567 172.858787274928
2713 170.5426124878108 64.24418775872212 187.2018105426959
2714 169.9488542683695 64.57061112676784 168.3009948279772
2715 199.5769576242208 69.00745889652237 145.612977435283
2716 200.792798112319 70.10270795408542 156.1360404383176
2717 207.8084943295824 78.43408506436639 153.0022983319739
2718 186.9567122726527 82.87425920335217 144.0040083553193
2719 196.1936378162694 93.22186779240968 145.7602353565259
2720 200.369958280877 80.68603533226322 157.5204915861758
2721 198.9125812213302 83.97676997963889 135.1128722652115
2722 208.4361081389767 89.12353054161585 159.4446415330699
2723 181.7383990998396 105.6398046515649 207.4715735295304
2724 141.7753430974579 93.3288015833522 208.7219719305137
2725 139.9780811187876 93.44464301811635 217.7348624707043
2726 187.1813099235506 102.7907011666813 218.2058754381672
2727 169.382751473413 105.7769326741832 217.4675225530609
2728 182.261562376998 92.12565704307541 211.7476147248377
2729 190.1570025701935 81.20100380509453 220.3418578922186
2730 158.4685196104307 64.62421782405553 156.2581784329011
2731 150.6447237719122 46.6384463941049 158.8800253786515
2732 145.2098076822656 77.87439561386485 156.1125497455846
2733 138.6943633003558 71.66811557991083 156.8301362101853
2734 124.3038137399121 108.4819935019294 167.3128191181268
2735 117.0455366387093 104.4001732789919 174.0587496690374
2736 113.6584593410381 110.2632228874547 167.1822670070989
2737 111.9527651265638 110.7630406902337 179.293871231913
2738 120.1538006733697 94.13608997989881 176.8286554856339
2739 120.2454474774999 109.0508668093273 157.949022090105
2740 118.9830340005686 111.9237092978007 147.6650282695462
2741 111.1084922201565 96.45507958584551 167.3130885162681
2742 110.0507058835635 106.4692505713298 158.6581157721182
2743 109.3422774400643 108.1573218766682 146.7010410304649
2744 187.8624663292147 125.5957192494982 156.6315961850819
2745 184.9064653853718 115.8554529522075 157.5515285568924
2746 189.9383759101391 79.69026735344048 156.7245136871632
2747 199.7089370428596 91.21933270968313 154.3528137589041
2748 199.4109122276053 84.00625361022975 165.4719730835462
2749 192.643766003564 80.59392032337026 170.5289751339438
2750 143.0448246485208 63.43082793432613 226.5116172087461
2751 131.2159738818422 93.85795315777904 206.3954020946872
2752 119.234699532702 92.49665721066624 193.3252081114262
2753 116.4186200938466 84.79622083719616 185.3192310738305
2754 105.3294395961286 95.7706921068193 196.2005098595285
2755 109.6027256696728 95.36706846669698 186.2224398797449
2756 153.8267400228108 117.6801170115111 153.5026877379289
2757 161.0714174432965 89.37088379524411 157.5543671094157
2758 166.740172116635 106.5092614890169 148.0966536409164
2759 158.8036029423837 107.3211272283204 142.8674776213995
2760 151.4714478140952 58.89451707554976 217.7906584640192
2761 140.088400756072 63.82433952929802 217.663779354687
2762 138.8412323543288 52.54600496653026 206.3851816368535
2763 163.1463910450541 95.55512122453717 250.3226244017259
2764 158.4219707081989 91.04457513286441 232.0454237634169
2765 171.9048259783388 99.35905552216464 245.4995904756233
2766 120.0606517032839 42.4114264607871 159.6568156407705
2767 123.468696058279 59.89235702198556 166.8290993460323
2768 117.0845830774996 47.20212927998372 173.6710658894278
2769 196.6784367069992 91.83019998154421 127.9926256033318
2770 210.893108053379 89.73844654580591 114.6340522550909
2771 171.702351203897 106.1685094855409 229.0150218604477
2772 77.60679610344349 99.22615667026305 172.4190912902216
2773 83.79594683196491 110.3260397729626 150.5872071460156
2774 90.30231192442815 89.61288528486483 199.2726493658763
2775 188.2937659179274 78.81046661655687 114.6405148252307
2776 198.8302385229971 82.54029689005193 111.0159788305767
2777 159.5258876349635 63.98744003342601 185.7520614220821
2778 177.7267253331714 59.42615413461607 212.1779107924306
2779 182.2244476104808 69.86732134231715 220.2056658304527
2780 131.0566476091743 107.1063861639859 157.2947154165174
2781 133.4645714388372 95.75219753166347 151.770074430262
2782 134.7444017042397 86.97748933932385 158.4508209171291
2783 128.1840186047255 92.40763691703442 142.5623102054402
2784 127.767525411195 106.0038409558074 147.6903977389079
2785 132.6928221684588 105.9112858064289 139.2316589570377
2786 126.9957852052286 113.5102212600131 136.5934597432136
2787 143.4043508775851 89.13258119839061 156.6034095912464
2788 140.8621805757404 88.76938208135657 145.9295966373813
2789 137.8792788813624 118.2168413896763 137.1923942611776
2790 139.8995759874761 104.1679178082988 137.2976208750592
2791 139.7048626180842 117.9104503960288 126.4904961951804
2792 149.2269677682107 93.08709838778397 147.538529474572
2793 151.121753676467 103.9547634987453 138.9645260975586
2794 149.4956983674514 103.6143666198893 127.143160291618
2795 149.4376598076351 112.2836758063279 127.3444339229718
2796 209.8749293106119 82.62097136582885 106.9302737749389
2797 207.7864029237499 107.5190003484988 182.7435465356271
2798 138.0444115864217 103.5648661996002 188.978831891912
2799 146.3823599924133 92.07382179470284 185.3410864429324
2800 137.0063935002575 93.94198027367855 190.3439692553889
2801 122.1493483863927 64.06356964570966 175.5348702823217
2802 142.8568937327612 57.82474125747336 174.0632443115923
2803 107.6425540027445 86.02810078670767 192.1209457544614
2804 90.2569853198985 100.401415624117 205.7883743352852
2805 185.7017854335526 92.37217272943774 169.7115278127495
2806 171.8923610777074 63.24925304503558 195.9879988319306
2807 114.7074240928236 72.69980354052662 185.2066553623885
2808 151.1402775477431 66.99174762727394 202.9281578245343
2809 149.7491029191047 75.28699438556202 206.0276249272648
2810 136.6356040528048 62.66390135431343 207.0871847996037
2811 188.4609966413654 114.7162917749974 168.7502116324191
2812 182.9674523463386 105.9864117022395 197.725489115973
2813 191.5518526027734 89.27648924351091 195.3034110567065
2814 164.3776739456694 69.99550341336102 152.4765647959826
2815 167.6056269007015 63.17574010736874 145.2864255876179
2816 127.4079863421274 95.75134306100468 198.218092072005
2817 125.4715238726171 103.6352926559698 175.8097256908296
2818 125.558765185027 54.31500587448349 138.218531105769
2819 180.3153688697731 112.5901874259826 176.4606500530952
2820 148.3392166132969 64.67895996805588 194.7017537108117
2821 171.3891531107768 72.96065409752049 205.7572011153532
2822 99.82478792053737 51.84880198935221 178.218279508396
2823 101.9312553418505 87.30040546435612 151.2804261473707
2824 102.8012415064736 98.19290981777708 155.0007448142949
2825 88.18512122122975 72.59506866249237 156.6149699647548
2826 92.5567169265811 92.06939222539324 146.6614335227017
2827 80.79406834762123 70.3266620840689 151.648011177857
2828 79.36892289183947 86.03033951634221 141.5945704845205
2829 177.6670282218826 81.86909104250732 219.6039259315141
2830 158.0185753578517 52.61514899808731 217.9586520543117
2831 161.8428923316701 62.81352566001027 216.4188486567645
2832 151.185669384407 68.64156558032069 215.2343419658534
2833 108.6728945816983 115.7067398443936 153.3685581164285
2834 110.9710402555222 94.32642913389979 145.4494729404444
2835 122.3372047517875 94.05347151618122 150.034906228333
2836 108.2528951907575 95.15118638409609 128.0795461429284
2837 110.9035485273151 111.013919725641 137.8192164824565
2838 119.0482969632069 106.7206661893811 135.8734255877257
2839 158.2080306613833 75.23903586036782 176.5800665246242
2840 157.9034411798154 65.57318215687305 164.8907644315209
2841 103.745272159036 114.0553698062212 184.1784839735529
2842 119.5860794477694 109.6273057973225 187.8789221721852
2843 126.919088435979 92.72017540437449 187.5015666578693
2844 160.0214402921462 65.97905136340098 137.3760240394144
2845 168.3207983552548 70.24326411267177 118.5153292356119
2846 156.5564141388739 45.07479454065754 179.6480189702471
2847 135.7075371845172 41.87136228703962 192.1585584566385
2848 155.2998598243322 91.65352626163035 250.9647711509344
2849 126.2003430116403 96.87142799307475 159.5579706568685
2850 119.1985428518426 93.44090187620671 139.4494314035315
2851 190.9447718616234 63.06699528962098 112.042315410343
2852 185.4264470093527 65.68417467028952 107.6181042425105
2853 191.9406141708601 58.71176145153165 98.47288424594801
2854 185.7369407201307 125.7746077753912 168.8248781967553
2855 178.9131645702742 110.1748282265529 166.1330724670951
2856 193.2869103645022 109.8865296399665 160.7639863877854
2857 215.4424013714197 97.00909951276373 155.6995744183877
2858 130.9000243585337 96.67307092321477 170.2211300790213
2859 148.157911011077 92.1089583717401 174.1117178604822
2860 140.7547038136933 94.15941709370836 177.355898333831
2861 137.9033552553837 82.98143825678061 175.6871098064912
2862 133.0072751639717 84.09177885080898 168.6393179039592
2863 129.4509864595689 74.60726398835246 167.1128496324436
2864 179.3209977278751 82.43228985929213 193.5665622216192
2865 180.7575075445845 67.13851094415148 147.1800454864825
2866 138.5917024578342 46.99594088885789 136.6481577204362
2867 149.9514160803402 61.29410434259631 139.2654945340063
2868 158.9107185361276 63.31153272439706 130.0201511104631
2869 158.800475682962 73.39322373067084 130.2963444871841
2870 157.8705808754269 54.17800239886213 116.6950500751307
2871 118.8513707595149 64.53949300678465 183.1955102807997
2872 136.0401670364013 70.93209103345033 236.1970968302301
2873 133.8860548849948 108.0655531704431 173.2954429549327
2874 176.3969406772225 71.49139025913239 169.9275627948203
2875 174.6211350361389 69.51944646463249 231.4818787067737
2876 167.4898150494041 80.83130015373608 223.9895816422564
2877 172.1564503721077 70.05193072384481 214.8464475758564
2878 146.5584391267372 112.4372070522233 155.2891744684399
2879 166.2523353932656 106.2790912525814 168.4915467066121
2880 208.1313415846094 87.33836644474646 175.7815753258968
2881 214.4889428722404 106.3425836383009 156.2513995606964
2882 213.8168666413541 87.29569708788681 153.0938399299025
2883 189.2974963123869 89.88882058827591 160.487916282408
2884 126.6306725178098 81.48102489691634 235.8253062296463
2885 129.7925626831273 93.11274478242649 135.2272514825647
2886 175.7988894924842 105.6349201841545 147.9028835339037
2887 183.6363512878996 60.26555663028216 203.8616381390094
2888 204.1675073336883 101.5423978346861 190.7995806607341
2889 182.2724968599676 102.9464579666002 156.5825308759806
2890 143.9637631301026 109.2669419187872 177.0342062068792
2891 103.157395450083 73.86911404855144 165.9349886261571
2892 128.2101457831683 109.0771284565748 183.0615217737218
2893 126.0829349469436 82.24586934205162 183.2235330398082
2894 212.4781370714344 106.5085229010634 143.9666975240556
2895 120.8050855237371 110.0342825704004 179.6096815212506
2896 122.5832877159294 84.89659724637509 168.0589853476277
2897 131.191134883476 46.08864824473613 136.9496181674832
2898 124.4288843039554 63.89667846350248 138.1393787549051
2899 127.136075558345 48.60353270357386 123.2397394312051
2900 201.8109834265935 68.08880476913637 98.0309313057863
2901 142.4460864034666 107.6184608198166 169.9405776434013
2902 159.2094571648427 105.051349473002 218.0270924628995
2903 157.055765076996 46.5503736639219 171.6692799955657
2904 171.492399024851 101.9645678061383 193.8998636815355
2905 182.8607908512893 116.0186158243363 127.0517028394892
2906 196.8373100793609 114.5019250869848 119.7663140480696
2907 85.20343278141553 66.96856833538111 167.778667027303
2908 86.23391325245277 78.56846663168788 145.3462466595025
2909 81.37411233038853 68.77842008126933 140.5937751843765
2910 188.8992802612523 126.3050626607207 141.527485826531
2911 183.4098222400777 101.1512811683232 136.4052540087394
2912 175.43797464093 124.9201937939788 124.1293919736253
2913 189.2252263786759 126.4710925215878 119.4319612595641
2914 183.5688098766352 103.1795532598993 146.9923453672562
2915 203.7586978494041 89.66333548660592 190.1972885523919
2916 181.8721117285866 92.77481468644733 198.4589487961971
2917 92.09631060149084 120.5246918304871 156.3947239960819
2918 203.3638232324938 80.54133533851186 187.7201201738466
2919 214.7461503956008 109.0179336984193 150.1162542156465
2920 84.68480452672937 121.0160591079086 176.1162063241218
2921 190.6525366757414 79.45061281572119 137.3104274498096
2922 138.1635860742993 107.3004827782322 162.5911116742078
2923 87.44086994964779 66.01936244346422 145.4239708052905
2924 86.95375710637842 60.86978244080808 137.3703321403727
2925 212.8320432792262 95.02869423423876 148.9621604343463
2926 186.9720785178042 90.97934421329498 150.5751415769879
2927 128.9197253135826 79.54639862627283 211.7812358533637
2928 115.4258905473414 73.35368899760299 205.5961478327947
2929 156.422032448019 119.7910145377417 165.3960198685726
2930 124.6641719801135 45.20967149051069 210.5640050920829
2931 200.2167726456542 109.5359754179296 198.7818454822864
2932 177.7883534308465 123.7566521731002 195.8935072032738
2933 159.8438637960485 126.5835729383785 221.2808633237709
2934 133.0639760951872 41.53958971828241 201.1337660590453
2935 141.7933245808118 123.6814806266315 241.0313329905453
2936 157.2305659474315 47.55154583679694 158.5361721408444
2937 158.2588147579386 76.04475551298536 157.4899067558088
2938 146.5632572399173 100.5482018292079 214.8506867272346
2939 115.7738439900967 109.6674554226961 214.9183162891327
2940 175.7596957260336 125.284650706307 203.7594341220477
2941 169.9603712694106 103.8783123238424 206.7148836389968
2942 134.8241305519487 110.5163515087282 189.7813374871877
2943 83.53395845579409 120.9629478185457 162.4539953220038
2944 93.83748652640493 118.7580102102983 165.8147463622503
2945 84.30225347792621 120.43446771292 144.4352149587092
2946 84.0195086851315 121.6121942575136 168.9164693356462
2947 170.9337657750366 73.58782577335893 185.750043954977
2948 187.5962542630538 59.98104014518002 186.6379766482671
2949 97.0810147914839 86.69159864870061 212.1017015881233
2950 214.9401297296154 95.75577959664406 134.085518240498
2951 108.4681546374563 108.8683596018895 224.31903353178
2952 114.4327147286739 102.0063393390968 224.8795800455658
2953 98.10849070589738 91.16688866232569 184.8103067000053
2954 213.6354118946176 111.0437103502654 139.5035840672761
2955 151.6894674696578 128.0555260918522 225.6370567651261
2956 129.6408879009983 41.1310302782889 180.4728585174416
2957 123.972563815886 45.08395358231446 140.0600058566741
2958 119.3498400591193 51.08481500278016 140.7576096270237
2959 126.1804733320001 65.18429176655739 126.3456830755735
2960 118.6881829979178 66.18429006522348 144.8110479126346
2961 118.7583378944153 62.65005973942269 154.6490844321791
2962 154.9509966488726 120.5711885131613 158.2625581567297
2963 159.6715601074397 120.2108226633569 156.7213790480947
2964 153.2214909118459 115.6885521105553 159.2366162631308
2965 152.3180139256737 129.0674049135016 215.8063741780433
2966 97.8253987738849 48.66955820131295 163.258527765299
2967 91.30239330234883 55.5621625286318 161.8384756795318
2968 170.5146718990625 90.20867259722772 216.8164162339377
2969 199.2033039635668 72.41875848965617 181.5722237475376
2970 152.682089370878 45.22292395968221 153.3905333724123
2971 159.5693001625377 46.65742402083252 151.2583224017547
2972 145.528421768362 46.98868980283365 153.1369618051701
2973 193.8373772608757 125.6463709872651 147.2544717088658
2974 111.5230777776053 61.7828623343968 213.0008494715952
2975 215.2296142639143 102.1819118301828 149.8606605719113
2976 180.8842002041314 102.1748497016949 188.8917062385931
2977 86.85570735227574 99.22512742788396 198.5042510864494
2978 122.4595158486789 110.3407659459881 223.452684107315
2979 97.28561147048845 93.91606958105369 216.7694508260502
2980 92.3122426727585 94.40319472868096 211.1322837463026
2981 98.77144034356536 115.7724811072056 210.6142815637272
2982 132.2701645561995 41.68786194678786 208.2533398077368
2983 101.2605824256651 111.3576760086017 218.9949902259675
2984 84.98259261580435 97.30994359663212 191.4448353957871
2985 82.6027131892793 76.18488330148121 165.8511567027588
2986 79.42449161216281 86.52854422680106 161.9850621941661
2987 78.0981257817527 78.34458539999146 158.8816462082401
2988 199.3442844834367 63.98933646534208 124.3642639233534
2989 205.2054820619935 70.30016908153142 125.5236346602425
2990 146.4348402285999 128.5106768743527 230.8133926135287
2991 139.3875518690096 122.9693297103467 230.2951125918821
2992 214.7833215611803 104.014976808505 136.0279859109731
2993 209.9584541490675 105.9495457272717 139.0546526508772
2994 195.4469079075506 116.5706821804532 197.8687607519605
2995 195.641128522671 94.09978219708314 214.961347600022
2996 210.9879686137251 97.34082322127576 172.8128759660131
2997 189.1867708676366 118.2274636525533 70.58575848407182
2998 188.0736867776462 106.044908742878 70.67660481303307
2999 83.52626415869585 114.9307530159074 94.37663738842637
3000 93.29725968028573 62.64574729284683 94.74185747982817
3001 83.88917083170523 88.50013147700683 97.20006870693868
3002 93.48755556721514 63.54067974988652 108.0298270585921
3003 178.1542164891757 101.5458625666686 74.76845978864699
3004 82.62561092727005 99.14180268351215 95.99886596822127
3005 82.25013229809146 94.44477238993341 113.0753683561646
3006 89.06783515488985 81.07512365566303 108.1928154627586
3007 90.14373735228034 86.1212398559022 117.2700795855438
3008 92.29388856021269 96.13668400866267 103.5270539427243
3009 102.1204284196039 92.65103650031533 104.7665245881781
3010 110.8877665768467 91.48171174559076 103.535608966775
3011 93.73560279400286 107.1855555797744 114.125927265649
3012 110.2984597786242 108.6164465774818 116.169392424706
3013 101.5864542879844 108.9611976020951 108.397090219174
3014 102.3900439155713 108.7854441206835 118.3621881011368
3015 166.7530923361861 108.5744606028028 79.17020730765917
3016 172.9183821122816 107.8563971089306 87.21332041760094
3017 158.1544930097456 108.637648677392 93.29873037744686
3018 118.1427765620017 54.67137035360405 94.12461724718547
3019 107.1300100816016 54.68671760490517 95.79058883136814
3020 110.8339685704906 47.62407469985043 107.2825174165009
3021 126.7403624780502 114.6305973480267 97.01214832628779
3022 141.4263915332627 114.0483185068984 95.7918036459927
3023 140.8706758013693 103.2262192265253 96.60761504509478
3024 137.3338264067671 116.8060390764862 106.530706827815
3025 138.9381012740085 117.8049421301793 116.6675093975618
3026 181.8858138510977 62.38082890780415 81.55571601911043
3027 168.9304450566923 60.98410820746605 88.46410696830758
3028 182.676235812446 52.51572623140664 79.74454796055271
3029 179.6774486275889 50.39940770304656 88.75455445936473
3030 161.0274841486567 56.87883303337379 88.52499571503036
3031 171.1906723953929 48.53350198820321 86.10366544588231
3032 170.706250021743 52.01974298729457 96.46533609238971
3033 155.4874173329069 65.42100424564656 86.62503159199025
3034 160.5928453382868 74.10983988804156 95.51799572527152
3035 149.7124186106049 44.23197655780771 88.18927187414806
3036 167.4855621106013 103.3875349673165 112.3563256219783
3037 195.605688898753 69.75650415152862 64.67537665130294
3038 185.9534671531727 72.11716476114981 66.84866532603421
3039 192.2020982339893 85.35691495209235 71.78768319188841
3040 192.2764773174506 63.34445233868367 78.44447667966493
3041 201.4530853289581 80.53246683767604 66.69476871916149
3042 194.4354760624366 97.51931268171067 68.17514132872364
3043 196.3424519011677 80.49553242184786 76.71567809078914
3044 173.8509162586737 83.64348720223883 75.82005271340141
3045 185.71553387945 91.92738912285138 74.7627163518207
3046 186.7993020724857 78.90358907292666 76.1835055621565
3047 192.1308141196824 84.89021153781914 90.15497159718372
3048 177.518811614456 74.16691135488092 74.54102486093079
3049 183.8553990012612 69.11514889030403 87.67940282617408
3050 174.7776204663382 92.40015653291077 72.94714180077372
3051 181.6633025174527 81.8611345802138 85.683078629634
3052 198.5596116796684 70.8591855554169 76.62664171262701
3053 191.4814090481929 58.79926702018118 89.33168845087033
3054 138.8404505739041 48.54046862007377 119.2655987899987
3055 120.6070663439965 56.30763867001089 113.5422072004986
3056 128.8510090893793 62.14515657944651 116.6647936021986
3057 126.8473660051206 73.48110093368606 109.872616927043
3058 128.749470352953 51.95990674508501 107.7414276018121
3059 137.3640892584922 54.10922017673754 91.07673920527827
3060 119.7725599542897 66.89586154247749 117.1414522680948
3061 118.9501301346808 50.55103774468005 108.1637193562237
3062 137.2107384803471 48.83120191932851 128.4669704311862
3063 77.23686344419586 81.2183407430682 112.7000396912914
3064 71.32515221618975 98.70109750981601 98.28496526602174
3065 139.3224665263505 62.99540760207091 128.9180036797119
3066 196.9678192239332 112.355046326921 61.56403362455949
3067 197.2095574902676 103.9206287212571 73.454656153828
3068 72.42700178331509 101.1491799738523 107.7154281197053
3069 70.88778051673287 111.230573430532 106.3183029474056
3070 83.81379722623652 118.4085676291779 107.3878628810833
3071 83.96832093889479 105.2425437509868 108.3293344069513
3072 86.22073583417132 116.3762532040838 118.0110180961346
3073 71.48041510885145 117.2568193090178 114.9376225360525
3074 71.98788582897051 98.65121251996129 116.9796653622389
3075 71.50806360532114 110.4226026951402 123.9470119819665
3076 77.7880863018694 108.9860419012778 93.08452060436065
3077 84.37861995814563 106.8723697511163 117.5334153059163
3078 82.48596182943106 117.6509528772757 125.7553333782459
3079 79.21650584798407 105.2012129715917 125.8663899192998
3080 131.0894111413179 64.04587002037852 95.87674079678025
3081 138.0528695753086 72.33617669727957 93.52799404506982
3082 147.7408707559361 73.69533623972056 90.24493812750525
3083 157.7103688629653 86.33592915112339 89.38347696786364
3084 157.788160286619 85.83172571024451 102.0030208245491
3085 148.3390317287957 86.99508634497215 93.18797569221977
3086 148.0064569625914 83.08917422293499 106.2398261504809
3087 136.83110638673 91.39589471579986 95.6462839044449
3088 142.3053359500052 81.02910314963917 94.20178195451108
3089 139.5121143674735 84.75812421117772 104.1244967066957
3090 198.4085432364649 115.0408725618868 75.3770146621949
3091 187.2992729885023 123.2474437260943 81.62735419704769
3092 191.3006513937101 98.31252338358388 80.92610586074801
3093 180.4343192588384 118.0353725459834 87.23893975438422
3094 186.5736424104434 125.2626235313225 96.06725075619973
3095 175.8272242529176 116.1668016790204 96.00445420231988
3096 91.95551435153233 91.12890559159112 135.0333414739623
3097 101.6357564408617 83.28138477191312 132.679333471198
3098 93.34864333691242 70.2312887153083 134.5187484604623
3099 77.74228690072154 90.10607297770547 133.2940623832349
3100 75.50648126776885 79.10739824325867 124.6839331605678
3101 70.44296710653704 105.9934521870182 131.1197787780983
3102 91.31028385632546 109.4744534507891 122.4936243179196
3103 79.23202292517998 95.9754050155161 125.8842392813611
3104 81.26404471726751 104.1198670157788 135.2056245879028
3105 82.63214427597113 119.8208031567038 136.3920515770883
3106 92.02487932957249 104.5696763431223 133.9722203852249
3107 190.7700193474973 69.91175180200092 97.57237644804235
3108 196.1309074848407 79.21174048239507 96.74110141047687
3109 201.7315373684645 69.86057811446528 88.12777955568789
3110 211.5585621732413 96.21651511434099 104.9499676904907
3111 184.7691750146128 85.13721882286291 97.33239280049173
3112 202.5201280099343 80.58584125282917 85.68894833556918
3113 209.5403424066319 105.2317654184576 96.77937196919093
3114 207.3850976415019 97.08275567836341 87.08396810786128
3115 111.9161826422303 72.69508540446594 106.5011127274087
3116 100.123179157699 69.55844004023189 104.5195962340586
3117 84.99017329113045 69.54692992613687 105.3765590975567
3118 96.70944979909056 86.6165180009051 106.9192545448637
3119 107.3383105792311 70.59794392229215 114.3916866150161
3120 86.09198151187952 64.15968497076511 118.1678765552702
3121 85.8291064645763 63.08555397471716 129.2569843924811
3122 91.80454978027396 103.0915861181629 149.5266242672281
3123 202.2305576179405 92.15519887257149 106.3596328444143
3124 210.8543484879349 109.1640431323466 107.0406278786537
3125 145.9019550555603 97.2632138241628 91.33661498494767
3126 140.6047690324257 104.3034961423312 128.5949312369255
3127 128.5121354823277 105.5263830728844 128.8307600278913
3128 118.2407896517481 108.7133951260113 125.9984277195915
3129 129.6839949048047 92.16102073233081 126.2836495029891
3130 128.7376809471155 111.2695792597097 119.5515702153206
3131 182.461051160406 52.38132645822648 97.29427239409776
3132 183.6336804066272 62.60451476339421 97.53936510464587
3133 156.1094248411665 103.6862367791721 116.1912943539295
3134 150.4539275115379 114.3704332949265 118.9462000442169
3135 157.7202144140164 108.562846515262 107.5222191625227
3136 158.6673710038793 108.9371638169637 126.8947712100461
3137 139.8724372108144 106.6338061912751 112.6962065387002
3138 145.9816715496613 100.5030531239756 118.7961115474934
3139 149.93553315299 97.47595752333879 106.6658032200059
3140 186.8856168532448 126.0752278407603 107.8109708118903
3141 173.3694132716231 114.7628488771847 107.7540819072938
3142 158.9074264053409 93.80891774419541 113.0623212685009
3143 204.0868467123418 113.5633875063928 96.2894824427464
3144 188.042563848222 110.8912430855063 100.1267061179092
3145 199.920748386861 103.4975642207554 100.7574028657346
3146 200.9337995591328 114.7712716978357 106.580736750362
3147 194.6386606807296 110.7818746768158 91.39597346808239
3148 170.8615004141675 96.69834118319741 81.67826826802721
3149 167.4997453556358 83.03185542415399 84.60588402534285
3150 179.2674756121362 93.51163921391021 85.61770417400726
3151 153.9745262600391 93.38278201630033 86.24982572124242
3152 165.2225231885542 94.32376384630749 91.73699474349438
3153 149.4324551459271 43.70640005808871 101.2556269611682
3154 158.0084471372926 53.0688253106058 99.38055308766923
3155 140.4118029051785 42.29988276792354 95.70912079863024
3156 139.6307676937209 42.19505780923998 84.89774460404573
3157 144.4106730924147 50.72581281917264 98.22049201173068
3158 143.0530758049485 64.03690470724722 94.56463740563652
3159 147.6320430279522 49.48931757197617 111.1756557143001
3160 199.3893016931359 93.61010245185383 117.4199488873058
3161 127.9840302610847 111.3169106067169 111.4425304825865
3162 118.3565847972159 107.8831537874585 105.5219675540918
3163 119.4779634637752 110.1365837856655 117.1991636232754
3164 96.65352557316888 58.18055049188168 127.1832443309142
3165 163.9115818916689 99.49256790256273 131.6178801094136
3166 97.87670589662217 57.94845527597521 115.8202272047678
3167 122.8352144205869 80.45062870226279 105.8724803901068
3168 131.5219203222835 92.58477933729473 105.7294155957503
3169 131.8487491295801 81.61319795242191 104.134620686313
3170 132.3148284268577 84.02584267713659 114.7075673691819
3171 124.0786809181544 98.2789164838353 100.9853233775282
3172 107.6702453328664 80.71734514812674 105.6759834358074
3173 117.3441690606619 75.41444341492237 110.8810751778736
3174 122.142266940784 84.97555251549775 115.254687109187
3175 169.5397149932972 71.39200253711996 91.85298356907629
3176 181.3843654423274 59.66707096629885 88.52893900520361
3177 166.4857521816002 63.78605446483789 95.14613563464442
3178 186.8791319498067 112.9029066559388 109.4596538551302
3179 192.8694620213175 100.8354777233705 109.2657130130736
3180 130.7347909507613 74.61808231848737 97.43718688952836
3181 149.9176355401428 72.07629390488191 113.9591352742788
3182 140.3466412909497 61.30841590026197 111.6284965399246
3183 142.3589485106277 74.60534311265944 102.1961453996812
3184 139.3577654764941 74.42046295182108 113.2540202346361
3185 165.7864261426455 116.4756585207121 125.4967806149032
3186 168.5433950696338 105.0120798474792 127.2255880161959
3187 201.7836348725735 91.88965993486762 76.64597419221539
3188 156.0204147832394 63.65911435367141 96.37415888768844
3189 160.8637583654437 69.11531724887266 108.3006211208446
3190 118.3115479849753 64.66907198430586 97.11963750603911
3191 117.2682970736115 66.35692458476184 107.1370862147096
3192 128.1912969256757 52.68372617829771 97.88598138402196
3193 128.0254316366167 61.60100597234796 106.985142400921
3194 141.3466699088507 93.21069289411341 136.2245380817205
3195 101.7843037601126 70.49071799819603 126.9334927940627
3196 98.61657932422293 72.58605980687759 147.9742263687609
3197 144.3938096709214 44.0790446774659 140.9595439667629
3198 151.1545900923437 49.60166564834552 119.9752116294459
3199 146.9423625625634 63.0073699521973 119.9383619277729
3200 99.19427347493368 62.85787824320713 139.3634038129127
3201 199.3890856489979 90.64448084443389 88.64092916536013
3202 148.567007171012 112.0840891672363 100.7357167890054
3203 213.9286299758835 98.80060150983738 112.8890572401709
3204 86.5753113649758 79.49312896787082 131.120021992585
3205 126.5058218274045 88.67720411021654 99.46858744533816
3206 107.4152613186377 96.50321897164841 114.0953433758253
3207 125.098241572584 98.41056485652582 116.6853248326854
3208 119.0690665820577 96.05261178120658 130.280460148124
3209 115.9291895076916 97.9025354447473 100.6619528438856
3210 117.8907324957538 91.19023119188003 100.4635332894765
3211 186.2930249994718 104.2931381062006 90.41279411553428
3212 201.4761608844296 101.4549158959165 81.85343243800025
3213 168.3518630136523 47.40556999614547 121.8150158944669
3214 173.606153142245 62.23807058886107 106.6443177239428
3215 167.3463004116844 53.8419013782046 106.7285335684993
3216 178.4343029575134 73.96657573561862 112.4455170062943
3217 110.3550290356446 57.88355098676957 106.0611564771933
3218 119.7992724885576 83.28247540344645 99.27393573099333
3219 117.548431670712 86.51949504822257 105.4857201252362
3220 112.1073196718994 84.85782594804594 113.5208220871289
3221 100.6484329814314 83.05642642854291 114.0969602937987
3222 109.6890987289974 87.06219011688782 123.4717581837696
3223 72.58745237342144 92.20277672613372 91.98951521165773
3224 113.605851202925 111.2315108229606 131.4187909240924
3225 98.33336026021063 109.9347530751847 128.3875047748498
3226 100.0378223469229 90.50486494158146 123.6369545592345
3227 100.0105562967414 110.7211245409719 138.108864505355
3228 89.55367488696294 91.17636124203791 126.1610508710177
3229 138.6798505603206 46.41679437149047 110.587260213328
3230 100.9180339523985 85.58307825430806 99.92239796827508
3231 97.00346100031761 96.22813660475857 115.4646321497791
3232 100.2880198717916 98.3566899258922 134.0306276330477
3233 197.3538477619003 126.9233164785239 119.9058199331101
3234 189.1435833742779 110.6321593494161 120.6656462192812
3235 196.703112240672 106.4899929736059 115.9034319525675
3236 181.5219870992923 105.3800689837741 116.622460480431
3237 214.0759813031581 99.48242281617793 121.5617871866315
3238 141.3193171900228 93.52324943974098 106.9234069838569
3239 158.8368472080786 51.6173986488411 108.0220652750768
3240 76.34627974914842 125.3536103845559 140.9514466660339
3241 178.8167392047474 118.8920716845714 114.8205821207769
3242 210.8492490482663 95.72914074552217 93.39948493888126
3243 76.86896943466157 126.5084814266629 151.439542444879
3244 147.5948823629417 90.87459847036178 118.4501650514474
3245 75.70248980636369 113.8435813466795 158.4792397019018
3246 203.1239838340925 125.1290283798917 114.1359042219637
3247 149.5266652101005 57.28741023432129 88.60825926051113
3248 188.9584696566877 92.62554547807525 89.68393176477147
3249 144.9211478286953 115.2469312620557 143.59055142643
3250 74.01180347874337 123.9267636101704 126.3060747823932
3251 181.0251623225241 98.35158055049166 106.4496623843344
3252 176.4575455054284 106.9608947878489 99.39956983837018
3253 110.5415853193147 49.00631261629069 91.20507344780754
3254 132.1898700603304 41.6604851355367 92.48383382740325
3255 108.1010827721915 111.0997658644054 127.5873584619616
3256 150.8475300001471 40.59828530346348 80.6538946546235
3257 179.0520552956804 74.368506839623 96.53119824731777
3258 174.803788049403 50.59830147668052 105.8462363299919
3259 169.2642313405463 74.32301038683012 109.9577628199427
3260 178.5113987560151 106.4214178975444 129.4152549301048
3261 208.7721733419784 88.45272125889591 91.91572000470944
3262 167.4777134886774 82.0104181517475 96.63725814907014
3263 181.7803663601754 97.75688621523398 96.01569072020196
3264 111.0651283207319 63.0134321584603 139.0375929581706
3265 150.8255875831358 68.12029363283663 103.1215427997362
3266 157.2255679691411 45.3253592587205 113.0327798429582
3267 157.9340851899476 64.54861650090264 118.9776624147933
3268 158.2419255165503 90.4077697439927 126.214114154626
3269 159.4902060180772 103.674680923576 136.3184252615667
3270 164.3917036299671 124.9508287263014 156.0618493072481
3271 161.1610669947879 120.3751294500518 148.8355338759656
3272 167.7769921063438 89.41756861400457 147.320993398711
3273 72.20855118735241 107.5945025387306 87.81214538162432
3274 213.3441138532591 109.0214965648465 123.5527167453757
3275 168.1137959776061 90.79779556398871 105.0176141819924
3276 165.3468870895386 46.52388341972902 101.5740616878894
3277 161.1675676211472 46.2472310391484 119.053316832453
3278 100.33092236009 104.3488188023206 99.8685532679049
3279 69.80980632870953 105.9962405988341 99.79814680795664
3280 107.8237895251269 86.16739567599072 99.8972090396223
3281 131.3947512561511 101.5202462769313 95.87786552633868
3282 116.556085429793 47.70814007433052 100.9184310014008
3283 170.3690944643189 129.2957880782873 147.783248152327
3284 200.0167940261485 80.06539264610318 57.38338519968983
3285 169.7439864949717 86.72842120866268 116.7128159864755
3286 158.3443048413162 112.8053800674855 118.684138826134
3287 202.4535732444793 92.42474734786786 59.42086341928199
3288 169.8331399240284 91.75371115649381 126.9324932454223
3289 212.8723025410465 107.399233543299 115.4205954251595
3290 74.67937973479921 93.90873321052982 153.9735688243456
3291 82.41800253071807 92.43767429316107 151.1811171755453
3292 102.7681341884268 100.7123239889535 143.5186912910168
3293 73.29208989940649 119.8748708988275 92.46309519761621
3294 207.7726218635896 87.05630557059645 83.86018733392383
3295 183.7741143620701 125.9424570619916 126.9979060349063
3296 85.72443754812946 59.19603300155323 149.6871055960729
3297 142.3654265036201 42.12036800339766 104.5938445701185
3298 125.3321053477744 43.62675107242224 96.11590255792341
3299 167.1866209411495 47.30482828055376 111.9687572286055
3300 73.5438311715772 123.2668355511279 103.440889016768
3301 108.2430499314706 46.81072334014205 136.8754176472602
3302 107.0220365061447 72.98559645420512 138.708179122639
3303 70.26381889257767 113.9739541565027 97.34599922234729
3304 203.7021264511858 107.1609265866844 68.51680933198354
3305 70.50573408391357 97.46564234041247 127.4440766946359
3306 160.9189573767088 92.05180286332653 137.5406429596016
3307 75.47781448798852 113.4069630297138 149.6115034190567
3308 199.8542460857511 125.9883860172915 136.1331534735022
3309 96.64038551666231 51.33111273468777 141.1172580846149
3310 204.1629049800766 99.42463813187938 66.76569429617587
3311 154.6185240413995 116.1096062763619 141.7795114309924
3312 151.3836799919594 109.8967520652126 142.654882419799
3313 151.8065559454176 89.40810754734407 138.2200283069531
3314 152.2608679924765 115.4781213588066 132.6040040623236
3315 162.4650195489655 47.00807825980581 126.5203766769272
3316 200.7699385158741 118.3383527039068 84.88625722515911
3317 133.4160786578714 43.86537730364493 102.6683090581059
3318 114.4176729731042 77.58156236298548 100.1071703051603
3319 204.6671218427884 79.60449772707298 75.75124558129015
3320 135.9821932090933 111.3030604373871 148.8140608628359
3321 114.6897858661184 45.27666659547226 140.2674457084548
3322 215.9609334568327 101.5395484243018 129.2377273329983
3323 186.2725300589903 104.2869634115592 127.846597768129
3324 108.6755920412936 44.20061288156101 145.9430732986805
3325 116.4738740863094 46.94269898473954 115.5013743973186
3326 119.4312963826853 73.29285143066281 126.0015942931695
3327 201.9022666008082 125.3730178026871 144.0576577164779
3328 206.4253455458933 121.5150585703058 145.9208850697456
3329 212.0698745206176 116.0515604391331 145.4856217799816
3330 211.0170136685406 118.6120384225453 138.9432980748503
3331 206.3360964600483 104.7191407490159 76.27869363902555
3332 103.0788075058982 48.38957727124939 143.0759695027199
3333 113.9683666179765 85.97664936372558 100.6204389799003
3334 70.70171985096083 99.67088883802576 87.65312347748107
3335 151.5088826096695 117.0510857064948 148.1348876501401
3336 153.7864351185599 110.5468724750535 149.1762402770622
3337 156.4593331159749 104.8891548248117 151.161328045673
3338 157.3160229664331 90.74407104975425 148.12392601218
3339 169.8122740164584 91.88155035097607 156.7984814435567
3340 192.3489571959369 126.0618262120261 134.6784434857469
3341 122.8348640539041 42.25642578683299 85.90170591731508
3342 179.9850319236781 101.8328949312171 176.4932827951606
3343 172.9070117482 106.2949676337816 184.2799980923553
3344 166.8664114191818 93.50788870229408 187.6087022119615
3345 177.7842418211672 90.76799128694434 174.4602848432357
3346 170.5670732781349 89.12883087794091 197.1319380331369
3347 136.645198133285 61.19549357342216 144.8495440303225
3348 140.9602927698406 64.85575721062858 149.2354668749295
3349 137.6048975672956 71.35989367392888 146.7331966728958
3350 160.5157573562078 81.63105056090819 147.3447548337611
3351 156.706852249997 73.01601076881465 168.7912068159544
3352 140.4887168181151 63.32899781104051 138.7822225801394
3353 129.2387645447012 74.94890586022805 147.7253500233858
3354 143.8907952804767 71.51336822049592 135.2512091387332
3355 150.4896086754859 83.38404663989967 148.5606419609749
3356 148.4665224478146 84.62840633919862 165.0972636962377
3357 145.3696899376428 82.7525557984755 135.9302326375873
3358 148.5912833222537 73.72289191604895 166.6680284509837
3359 139.6177273827814 63.10807145307233 157.0870025191181
3360 130.2541366726848 63.11485944114572 149.156811008779
3361 130.4377106310309 69.21639421319266 156.0503588692723
3362 120.3816158432489 73.61305746815808 149.1458641498554
3363 130.964044546986 85.45950438749955 146.5695992717427
3364 125.0995851509859 75.64536048801632 133.4475291481816
3365 138.4560379249359 77.96648907335074 138.0390360577422
3366 129.9129267140006 66.47803802871563 166.1617531151365
3367 180.7599097398451 84.19202256080136 156.1723110470917
3368 180.4561157968659 81.21579951652959 168.1881463736673
3369 169.4245420208573 83.3089311893399 173.3038146503293
3370 178.8693015143679 83.44212644164122 178.9144518005109
3371 170.2651584033956 76.64778376413834 166.9755663281759
3372 159.7938771609322 72.18339370634487 184.1445635028734
3373 159.2208228122945 86.22285829045735 186.0175873237507
3374 160.7655258075277 71.35059979346825 207.5378968873281
3375 147.7738420630433 73.3533228547618 186.017467124673
3376 128.424718156431 72.95493935628267 185.9078735104227
3377 138.9524929573142 83.41466847331223 186.0014653407094
3378 141.7296012358226 71.66309660167875 201.3487542298841
3379 140.9454898793128 74.94396564778692 179.5469097839856
3380 148.8216665473313 83.66847171719499 185.6862608734363
3381 146.0705008062861 83.73920045591392 203.2385911587186
3382 145.248380312127 83.36829938125369 175.5403677874312
3383 146.8322247062708 71.22820630723855 174.6470320261031
3384 159.4860106095325 73.96022218473726 198.3657462347495
3385 139.6901686709796 62.10795957836132 194.7110722564976
3386 148.796297897926 76.83706750434611 194.5203406890547
3387 153.0318064942893 86.61076203328368 195.2859325722305
3388 127.996582942378 63.503861583034 185.0661161768001
3389 135.5156267395485 64.76769394638609 188.5358307646403
3390 126.3010189726032 74.00844097955911 204.9182334369124
3391 131.0404698837518 76.65276223217968 175.6970308068856
3392 128.7469775203051 64.92015645447191 206.7162338762572
3393 138.2044233630503 82.30357792595082 209.8667720513428
3394 141.9516456083612 84.76929049773739 194.8237499083733
3395 172.5380067828094 77.2528735898416 177.2100886546831
3396 160.8822401329938 83.43418779031306 176.2510302146303
3397 166.9164265991768 92.24513044905686 169.4283817845973
3398 169.3564009777712 83.08219106652766 188.5318559865318
3399 171.5769945535554 87.529369699645 180.7066369650528
3400 174.4430292624307 70.00403158491621 179.6255630281518
3401 149.8697060112805 77.7502020397811 179.5813669231017
3402 161.534769450508 81.38528539831768 193.305154278173
3403 158.6391875673066 93.19719309061904 174.0070812530835
3404 159.7620385868032 94.88304254614395 193.8808488856281
3405 161.2637161442848 90.19324525568517 206.1781529424256
3406 155.3226786667034 93.7483989968253 185.8586385752059
3407 146.5137268253532 93.53511619035764 196.780086703883
3408 153.4169150208596 68.14453010601244 179.824731229152
3409 168.847536106161 98.21154707063316 177.3870133062965
3410 169.2362648342526 108.901799113724 176.9509587611883
3411 171.6488461413584 91.7269638068292 207.0843620480092
3412 195.2900659069511 96.30832045816611 159.1874907003142
3413 178.2524798861098 91.01913374577239 161.817557342932
3414 194.0184066772684 79.22670929295521 183.1686814217368
3415 204.4052628953183 82.71542108503701 181.5149600647162
3416 161.8833989617758 107.351307857285 198.4861154987729
3417 158.6092925340307 103.9365064411261 206.9176459499281
3418 151.7064378780316 109.0417136331466 179.2891096795433
3419 153.3491446468352 87.46130748356249 179.6344631883393
3420 151.5402157408572 90.38923914122581 208.4499884151637
3421 156.2550303273578 97.26149953605922 159.1334049874297
3422 169.6919838330394 79.67875676486578 156.5553158669836
3423 160.762902211845 82.15019075599982 166.4879409951362
3424 151.1149445652921 107.6926392005178 156.3446778118727
3425 153.7020466995318 84.7145397060727 157.6110534614634
3426 174.8802492078282 109.0910871009654 201.589301716369
3427 166.2365813994083 80.56593265803504 211.4325807888104
3428 178.242506822683 93.83725982875958 149.2790929355155
3429 176.598412589112 105.7031896173296 138.7044860401618
3430 179.2606437832883 82.1027195611248 147.6810477840828
3431 181.3414604124533 91.59987245283641 139.8508658327557
3432 172.7345839600235 109.5450237560598 157.7462943039524
3433 163.3611165643003 81.6908086533132 135.0827459375827
3434 177.2511353862865 65.22703511274734 201.7336206910374
3435 181.303572003493 83.09576617682708 134.5231177979228
3436 172.4797914848016 69.01507684920425 161.0542112384031
3437 160.0783081384367 92.45256076748709 219.7440477655001
3438 149.9254615665967 89.32382071320363 220.5837505220609
3439 158.6042461604746 84.47951657371068 216.0407258656327
3440 147.039383276484 81.69827543986781 214.2344224881943
3441 161.3502903014177 74.38103286639247 217.9194267331772
3442 156.4312078821755 108.4747429708056 229.0912597576509
3443 157.9527321794478 82.72500968387548 224.4440085068952
3444 142.5430312333496 72.0317239749635 212.8463804785235
3445 194.8748265848634 98.54393827460348 140.4815750024046
3446 190.1629109569998 106.028573566916 141.1451837450832
3447 186.2792033794385 93.52882192806393 116.2145727920059
3448 186.9400182876231 91.15146450725565 128.2546250032803
3449 178.7136642967596 93.41551066291795 130.628295209409
3450 177.5487602014652 93.42562035020873 117.0605154066258
3451 190.5731147106674 89.75436072473057 109.3538140126119
3452 191.9699984632854 99.36049608446567 133.7684327769054
3453 181.1045130935285 84.26443752920802 121.7178925312609
3454 197.9980360223275 75.34022422293282 139.8204982172973
3455 191.7303881841393 67.02897127386673 140.8667039819665
3456 204.9015634720461 100.8273068999825 170.5951996295317
3457 207.531732277367 111.2643648014864 172.7372104573871
3458 203.19492094424 91.55876183179051 173.16417871959
3459 204.487777865077 78.71906269333961 172.5660412214135
3460 121.8341100229326 73.39223705651399 193.7566172066779
3461 125.9345617902903 85.09564599592379 203.5932502702754
3462 107.9230703565024 87.86486150949213 176.0056189654607
3463 96.38417283902068 77.65517704951871 156.9985140320314
3464 118.4564719347037 83.756559500845 155.3523570772828
3465 113.2857200391614 95.10179802917331 155.8443768949402
3466 119.1458965934575 70.65340042892755 167.1797485550971
3467 122.0372356910141 56.00632320589035 178.0060408594635
3468 121.2062995484747 74.16292249093017 176.288904904095
3469 106.5210764069869 55.90548802820889 180.8696862947421
3470 136.6438767245589 76.96249379498745 192.9643390920418
3471 132.1692942583233 69.46071218666582 197.0226421965345
3472 84.41063598040861 97.63229820570842 175.1165272757688
3473 111.8076804526534 50.48985884091203 204.1147284755533
3474 123.9317145867893 51.09614378002428 202.0762493493884
3475 119.3663512663517 45.07978836970974 203.1436730454116
3476 125.6682449238035 56.50239470297609 157.1597922353011
3477 130.2216415990592 113.0744501934002 216.5635329265298
3478 131.3602786480738 111.2669855655948 197.7123266984181
3479 136.4238987754595 89.2546240574347 200.5019719206083
3480 131.8983569187206 88.5816395209895 177.6780022698426
3481 123.4340756277714 82.07339571083398 143.6844279938044
3482 100.4655228430876 102.8444929896319 201.7502021940998
3483 86.45012021201998 109.3934836622539 192.5265393026752
3484 111.7123250095862 86.304302770749 135.1170994365164
3485 84.46479142487394 98.39778380863545 142.1423422431338
3486 87.88756932058399 98.3373009000773 120.9986214732593
3487 147.5604462609003 63.6463499545617 129.8672984718526
3488 143.1744489611526 82.66917217347198 116.7249140370226
3489 128.7103420209337 79.09162442744356 125.0179770891266
3490 151.1090235444464 80.03563074295678 126.7655053713056
3491 131.6465235011337 56.2281960791437 132.8045502112596
3492 131.8750293633228 54.22345542167644 114.1768059343785
3493 152.1852539344076 70.38421588156667 158.961220129345
3494 131.9846632494934 52.70064823904591 140.2616599279922
3495 138.246802468848 54.34118731575641 140.4418923140052
3496 131.8835266014118 59.9254148188983 140.418595684154
3497 129.7884566138196 82.87595407003111 134.0743845075172
3498 172.056475578001 89.15958125393696 138.0036561324488
3499 175.109888001478 69.70124713831339 140.44178552338
3500 109.9816735457341 76.39695215295691 128.1558866627595
3501 121.4716945074794 86.0184600652788 135.1829682404787
3502 135.7358492631982 87.05226979161638 137.515309192706
3503 133.2814209141212 68.766670268794 141.1600388496046
3504 154.0146367374208 83.56987223282293 114.7185300659031
3505 138.6096420361031 94.82626494778502 127.8029216098124
3506 139.2242515698958 85.85491123936848 127.1725246264816
3507 163.0089287139458 80.11770574683545 123.2342337826035
3508 147.8487841010915 93.47989299259483 128.0068261844379
3509 131.5543229788595 71.10871754845004 118.1930613002377
3510 173.5552068887081 79.09163523055796 128.0770681079539
3511 151.403391984369 107.2565156389616 120.9945639908506
3512 151.8338983988842 78.88440963661625 97.48561628860263
3513 117.1568575749129 73.1900410217289 135.6980628355353
3514 123.5785294666045 75.61234445652434 118.7241747536885
3515 119.5093858230848 84.16700828079794 125.8302069870068
3516 135.6812141012208 96.55866506912027 116.0355087983596
3517 123.2449285060862 73.8484825386754 159.8358650611775
3518 134.0703344170091 69.37189592935363 181.1586211944128
3519 81.54338670921229 72.14594190277964 119.8431882223599
3520 110.9783916732378 98.62664166669376 137.8425256183267
3521 127.6728446353161 50.20925110150296 143.8327455748934
3522 135.0436212945853 45.51202466122827 143.4933655973748
3523 125.6004860599027 56.8345239584397 145.7630705538618
3524 126.3921837286984 44.40723074775618 146.3234201282804
3525 167.2828453666689 54.50390920349967 213.0871294743853
3526 148.6664723442188 88.84529193146859 238.5966121240401
3527 151.6759982424103 96.4802598638736 246.7781663576555
3528 108.0091524606532 112.8816678734055 211.1443019639519
3529 186.4740551952669 79.69481882700434 201.3667589481825
3530 196.1503383727409 76.14214855791408 204.421685846894
3531 166.5831898763147 79.96596643644978 202.5324141926719
3532 117.0113583721396 44.04170182577581 147.276653832548
3533 90.37737815663083 57.46346573097557 143.1991408033873
3534 103.8975360012566 56.49289585372649 146.534243744837
3535 117.4060014159589 45.25131942900089 125.871708247829
3536 102.2567414618245 52.12713237176872 123.4202719166237
3537 178.1531397551051 119.1433059617997 169.7847829633728
3538 165.5416979645087 119.2128580889549 162.2622004078141
3539 171.1950846010617 121.5666760643109 165.1572198910547
3540 167.342751337191 121.8693263328248 171.3874781531638
3541 165.2592445912447 98.25324387136638 142.3798828343988
3542 168.4243589495802 106.1307930912518 139.0073561250779
3543 152.7144653406856 109.6892767739158 162.6527374946053
3544 161.274790489537 111.1728772738207 162.0792844354107
3545 152.5712882691882 111.1516238704427 170.0360907212865
3546 162.5998341743582 98.62363727208572 163.4289377733528
3547 133.7481390256385 96.74103257337124 234.1412549808346
3548 203.7127488129501 109.9443714506858 132.4863754227378
3549 205.3893968092115 120.5624638098105 134.2137903446841
3550 192.4834307521962 87.71597778896808 120.0341189452109
3551 180.2235145212949 86.76124283884536 109.6406142509288
3552 189.7874256662221 68.08175623649859 118.7058100991791
3553 167.3738059398082 70.21727389417669 130.1679043015736
3554 190.5895225359839 110.4007384716064 81.73096115850639
3555 191.7336395859358 86.82713492106816 81.9254634340694
3556 171.1392033306839 112.0019738526974 119.5416520867524
3557 204.0110205393463 111.4347078454955 124.8081408026938
3558 207.7023292010222 120.6848860210965 123.4319696001426
3559 206.6464725768731 112.1916208985021 117.020721547546
3560 179.5493143073216 101.4956696523564 235.8658331842164
3561 179.0674648952716 90.09105716911996 238.2628615909969
3562 190.4638448913808 96.13984938526298 226.0701527921741
3563 176.2979104737052 109.5230264167049 220.5607039397462
3564 88.36017755289983 90.34154369322576 180.5490995410311
3565 81.68433567253712 89.9485863415884 183.4541652683875
3566 86.17603013654985 81.81361935726551 185.6294784958251
3567 84.83767205661323 74.74316933628268 176.2941702009885
3568 138.2209685082813 112.4502165246552 246.0810453803583
3569 155.3463485106998 114.9021313744339 243.5444381764894
3570 130.701289966267 112.4863117086643 228.0001990433895
3571 81.49021479752079 120.1332335948886 154.1584882254764
3572 95.17965066631643 110.2696606098164 163.1268274084776
3573 105.4324982727579 115.3089987233255 164.2410106813696
3574 182.2200609215691 112.3282406097169 134.2269142836836
3575 189.9521296199364 108.8878977293647 134.2449111165601
3576 180.9827668127698 110.4842468445052 141.8445376500207
3577 203.2891069039754 98.02139527031916 144.4076099987585
3578 211.9921867737452 99.51838767649568 142.3415349645884
3579 204.4257322191704 105.3564977608122 144.5947392928479
3580 157.376092423892 56.08077601249969 163.1371545996316
3581 163.7015834597295 50.19616249602135 163.9621726914189
3582 156.346796271019 46.45229628787605 164.5814042695725
3583 157.1133124694869 53.2121240312368 169.1006257685065
3584 151.5482945925287 51.31454554737068 163.6078575755325
3585 145.9014370497245 45.22616724261092 163.8230756871808
3586 135.9623297943489 68.64622962637311 163.1246506962899
3587 136.1338070975683 68.45143732539218 172.3053370240129
3588 139.2794083288608 55.46017591610936 152.4439148031574
3589 136.914306051651 45.02294559423171 152.1076020633206
3590 137.0607439603134 48.0759720330488 158.1275080916642
3591 136.8579696632144 41.83848805358291 181.1811433363907
3592 135.9443638369419 49.03318622777299 178.388140465527
3593 141.0326451276035 59.22238252903689 234.6182433912677
3594 150.4046314956929 55.50122099613402 233.8392235570304
3595 133.4896355632451 49.0912204236749 223.144676089946
3596 158.0872308505275 58.83116686400357 224.4557148848726
3597 167.3274935223205 57.41557175067662 226.5146830086773
3598 159.46411053832 57.4727067709342 232.4009190099555
3599 156.8408518672866 68.04031771053852 221.940249208868
3600 152.4462640508319 46.46090292894679 202.2514556828674
3601 163.6882730000959 50.70083643217114 201.7596615366241
3602 112.4022431401963 46.7360450247081 195.0024375230194
3603 120.9676170954772 44.51162288879728 190.7960765833369
3604 136.1448389672792 48.59007241274951 190.2410162700879
3605 135.49494339912 47.62508133277656 198.9827620261
3606 124.6733480314106 66.40323375958174 200.2172785836011
3607 123.6322432932707 44.75849683513712 180.1288458980943
3608 106.9967311225626 65.77982840459384 180.3264082796575
3609 108.2462076908801 44.81134647363199 171.2405315767496
3610 108.7340141126731 46.39367589201132 179.3416578267088
3611 199.7388930827655 118.4058047599232 144.8315414214944
3612 194.9186786051135 118.1115744101399 153.5878805339591
3613 194.5311284941983 102.7851881374404 146.0502765826359
3614 194.3901233782634 120.2812664796529 125.7001588212603
3615 200.3162525742505 119.337728523733 124.1068864503461
3616 194.144338117389 126.737426381474 124.5010654857716
3617 193.1612663149407 118.9340242169522 133.0529476903454
3618 194.2889424794442 121.8727397381197 119.884317607194
3619 173.2061245250887 51.55333159083964 161.9090898986354
3620 164.1036564983848 59.88806822293425 151.9306283253762
3621 171.2546016572089 58.85441301652063 151.8296013723364
3622 134.8008131683367 87.12759834497614 232.6103564067867
3623 136.0628400380413 88.92619114461485 242.701513807413
3624 153.2536384205879 113.7950546975242 191.4645926487829
3625 143.5368623895348 101.1680618375074 194.11721216633
3626 151.4227511383147 101.3682972388523 190.8033550744649
3627 141.5770584597249 99.99544576765385 185.0031329542963
3628 147.690980375558 100.8573008149639 181.5392366196016
3629 144.4995027595793 112.5539998697059 210.2774228651915
3630 152.8290545670984 109.8822981012025 211.0332426165063
3631 148.2663577959454 120.6439741747621 207.7527651651519
3632 163.3538758917582 121.9513259507003 202.8562187812227
3633 163.016001668535 129.4063524192618 203.1071626827711
3634 152.8054922052965 61.6740055865436 170.8967931636552
3635 154.7775303081691 51.46474838164796 125.7453356367288
3636 161.1130267302761 51.89273709792392 122.9827250167133
3637 155.1817949726274 46.44111427634405 126.153847869233
3638 165.5513092281305 58.54972520983296 134.5302275795398
3639 174.1426626116404 57.09954399335147 132.6503396135048
3640 175.9203331597362 66.87453621232926 132.7417326940251
3641 163.7254607088717 72.01799048333538 141.4926719139897
3642 169.9168413908191 71.55171395114861 101.1039997536763
3643 174.9900262088664 88.57234709159229 96.46162578207949
3644 163.35284266663 58.80401901045727 123.5011221470123
3645 164.7614613315677 52.23720168724075 115.9408692353931
3646 173.5124970666948 51.11304989955892 114.1148541192761
3647 165.7326448990611 59.80590646687655 113.6835086101585
3648 143.4905659392535 56.77963940156111 145.6824856883053
3649 153.3746286242101 69.01679878990828 142.049738194247
3650 146.6996992159027 49.1213923126244 182.9290778348892
3651 175.5095461251784 109.9733461910373 211.5283193052742
3652 186.5706074614392 113.7079473785927 212.3607666998317
3653 164.1613295529787 110.1497636428862 211.5465777608492
3654 188.3222559731668 115.7238069414256 202.8136714342724
3655 171.7137134763984 121.2316309588578 149.5659543866941
3656 182.5111740554447 121.1986687418952 162.9262541308015
3657 162.1947992873654 98.19164492869045 151.6007430264849
3658 172.0684642683462 99.58109170373471 152.5312820749533
3659 166.5861157896537 111.3284933634835 101.2952340832186
3660 144.4113885705676 97.82428927316552 151.7426284126643
3661 154.4364802993314 97.37101666916014 151.6392467056806
3662 146.8190633425792 107.6417950238925 149.6215134244909
3663 144.6250420979158 99.52042837648133 160.7554820066652
3664 163.2942811290956 80.84147673997546 244.4421528511544
3665 155.1765523295805 89.36076751580644 243.0705050943684
3666 154.5707461188535 73.40456523547671 244.0320425605117
3667 155.2068501157528 80.79461445907192 248.956108173485
3668 166.3100609040548 90.03231965046946 242.2313398747296
3669 162.7291165453006 78.34371999951587 231.6512753975755
3670 180.4036412793156 65.73677690508435 191.8983518067097
3671 192.9064757862938 71.50839612160337 130.8630375432082
3672 194.2398289084238 60.00921254781536 116.5770048617067
3673 211.504079901142 99.09681358896952 163.1426357574743
3674 208.6922642944151 108.6810759057328 162.9094080782963
3675 191.6397772090406 98.72202503376897 175.634088620392
3676 196.3957975555583 121.6452575281284 175.4243231367497
3677 202.1770764454377 99.84110782156225 162.3278683350977
3678 133.6364291103889 100.8473718982735 210.8742182959438
3679 165.9364863815858 113.894565612914 237.2344671293607
3680 102.8375829606551 70.51481759713023 187.3843864418257
3681 99.34811586902693 69.1203170738786 199.9706299490984
3682 183.1270009577138 123.6528040243317 120.6502822494109
3683 191.2700008969272 118.8406799687487 114.1382912355897
3684 204.9541353670301 118.5497066161106 113.1243114805641
3685 195.5178902857429 125.46351040164 111.9639127130301
3686 165.6750797769411 111.9366951331598 223.1988365437722
3687 170.125587251889 121.3269883992628 221.9977430391088
3688 174.9172534455553 55.61155909640491 203.6639859751273
3689 145.0255515732208 46.17902995026611 202.8381628317492
3690 154.7657561568788 60.40859688584683 191.1543851488999
3691 163.5952562591654 59.23932984115476 192.9576575817597
3692 184.1046907022825 112.1498448239013 185.8784453570116
3693 186.5392170231256 122.9320251777846 182.6057574026415
3694 172.4127420004658 112.6429822686046 144.4343426579737
3695 92.57604584673162 59.45564123693709 173.9199107920076
3696 147.2150807096003 48.24794389719971 213.9013419674911
3697 136.5318711282098 45.11366834045556 214.5447994937221
3698 123.0235264677404 58.48410376561952 220.4097352225083
3699 113.0436891616698 89.78671723256613 225.3898074994343
3700 117.8506303209024 88.96682871722064 232.3729764353899
3701 146.1629826849644 107.8030548474977 163.7921631020594
3702 146.8488208428647 99.01448413086582 168.6332833312104
3703 153.6600033762713 107.9230620377424 134.272650322978
3704 143.1966945597928 113.6262734160512 133.1785723006313
3705 144.5848315343379 107.8158743671601 141.6726162977301
3706 164.442710984318 47.65645264418554 181.3531364528178
3707 171.9361177707565 50.88698293398984 181.6173177029446
3708 165.3494015910753 57.74868375083764 181.257437535092
3709 178.4407997939493 55.76074931730496 174.8423253963169
3710 188.3973201911565 61.65060649788659 174.2784242529211
3711 180.6599575133338 65.52326486150444 175.6644014825227
3712 109.1729137929034 61.33658800556996 204.2570635627524
3713 122.9124399126232 58.43348834336636 201.7903029090934
3714 185.9385241468443 81.35536847938259 175.3630697520457
3715 145.3133492069819 46.68833959471647 133.8273133384388
3716 151.8090305989901 49.71080712463068 136.1420967740989
3717 143.6326661085107 55.65041587417239 133.991365676265
3718 145.0405598443313 46.6508398348573 124.7631285711903
3719 166.0735969696015 69.7904187695287 181.208223041152
3720 203.5057996566354 79.71320168724957 143.8995692804772
3721 211.215966236161 80.65816724028146 144.144483506719
3722 206.2837355378145 72.57856643586054 142.8909058973733
3723 189.9801762089803 97.51359707054807 204.8173254323417
3724 200.5585432850208 99.27586358068812 206.9775501508402
3725 136.2563841271504 112.6507077652368 204.44222512802
3726 165.498086025806 98.80957159526 213.2321695351881
3727 175.5217650984929 100.2744709117168 213.0484545199234
3728 185.3250894724884 77.46000142978417 213.499986971733
3729 192.7378139710171 76.52302952252799 211.1288826388542
3730 155.9676491887968 58.65428050102842 151.7910656383084
3731 205.5867840994471 77.63092513067744 163.453261452512
3732 132.6620802893356 102.1598218949628 193.8020043510477
3733 164.1569522837823 111.5495891772109 133.5520806172048
3734 172.7136979698901 113.1670728516514 133.0299286658124
3735 74.84406870440105 103.1620606398293 144.8775360289818
3736 134.0867347306426 57.21933888767352 226.2586781960371
3737 126.9002329885506 82.82983269130115 154.2556805667389
3738 136.1894813037634 79.58175246468676 149.4432677218025
3739 126.6220111810789 100.8322145534911 136.7055995344115
3740 134.9464286398993 100.2109180349983 132.6215556659177
3741 135.0766704193117 112.7763557494737 132.8919607908849
3742 137.0912966056057 112.5377498978937 140.6667768176115
3743 134.3797715805966 112.27224897124 124.9465297329421
3744 143.5373207948346 109.8753060733516 122.8923933328723
3745 146.1022611609814 98.64754702143244 133.8676626512265
3746 154.2382041308529 99.368517780023 132.4519752714243
3747 146.6782461534472 106.0920016426723 133.6924296213182
3748 145.1264725653189 98.8521071976993 141.6295232913552
3749 137.001488144201 107.0482150198717 182.1481296059375
3750 164.8552867259105 70.86147797337307 190.7175331498473
3751 167.0821841616503 69.49680795836011 200.1995514251429
3752 144.4118584970746 58.381764639411 201.2292871428228
3753 172.767960691344 66.27428735199304 152.5590090750529
3754 164.4918647633367 71.47616635145859 162.4752967621997
3755 117.6202506365589 46.72138634770773 134.0502343600742
3756 125.1260402602602 47.4983260020436 132.1984966341114
3757 118.7901033738497 57.56458610102263 133.2295910557394
3758 77.04452971490488 78.8005909708708 135.613505266643
3759 78.37267583207897 72.1911933915999 131.9033675306436
3760 144.775561309121 60.35790125097844 210.569927281518
3761 187.6095233295517 55.51452406603265 103.6994041466825
3762 193.7472144159697 60.10694038977804 106.5831421543894
3763 180.8413155477042 55.72764818066069 103.3305063956718
3764 186.6900189788934 56.29170692625068 110.8742401554304
3765 190.7398016600324 99.3525573507351 152.8681232091654
3766 153.4196548048568 68.58207169295676 124.4140733480756
3767 162.2059907465712 68.7117442081333 124.4328978879365
3768 180.9965739151361 126.960017511168 114.7290431547166
3769 125.4507413576655 71.61663329058858 216.2014054809197
3770 133.9553187252461 71.50302286352211 210.1689933762188
3771 154.632526631446 99.00108197807283 213.2061292921076
3772 78.11307833182913 112.7837217283424 141.6736098194963
3773 87.66293982876201 109.4967889001907 141.5701565277689
3774 178.8710015851757 109.0906663739687 64.24924105500274
3775 181.1025485972878 97.68645652418553 65.16144324339358
3776 75.62133051997738 83.52444650930101 94.58418940005495
3777 85.09596896520522 77.39748302096282 97.13940475788185
3778 89.32530501834961 59.04310390767343 103.1089270593491
3779 97.18015191491702 54.73733577370743 101.7783661836414
3780 86.28824593388144 61.26904292585283 110.896577747014
3781 173.1067202110335 110.2218262111352 72.6279112490989
3782 74.09412646050411 89.47806886616468 105.0360683598597
3783 97.11703468632005 78.24065153188339 100.3172294253433
3784 92.71829078386828 86.20353969287207 98.69167101289274
3785 92.71980018003791 112.30783400147 101.3683371082384
3786 108.0271952412079 100.2788779635591 102.6213494888325
3787 109.2629664763189 111.526633781579 104.9698313886865
3788 162.0771519200729 103.947681380339 73.52882923806918
3789 168.87800636648 100.1137163432779 72.90209875135972
3790 163.3867548362381 92.92134150193144 78.60988417423151
3791 153.48950876384 100.5199542260008 81.92675396829793
3792 161.5298414259249 103.2744909508158 82.71651636488987
3793 123.0600374249799 51.06743161066373 90.07663292940461
3794 118.5077119613566 43.57014586483847 94.66132513547772
3795 103.4001574592933 49.31769153106303 105.5936391182002
3796 137.6455672854829 111.5085723473176 89.11010798275659
3797 146.1298344756766 108.8251996799328 86.94458507090575
3798 136.0149897021427 120.6341259502661 95.34230953173515
3799 175.5306055147603 58.40897734695216 73.15847567136069
3800 185.7020882811929 59.43453602649915 70.68750641976726
3801 175.7191478022102 66.02704399569311 74.03623932324618
3802 166.8087403195797 61.07633680262811 80.16763370086319
3803 175.1189876837864 58.48665577491209 82.84986876997122
3804 171.652575552218 48.97374130824016 75.49191388504275
3805 161.46750744757 45.36726340149335 83.18927870690501
3806 157.6122613978026 45.63821278531887 95.15946562208312
3807 182.4724114430009 79.52224850566117 67.49288874866235
3808 191.4494332865156 78.74826610406177 64.7758700307683
3809 181.8083389804202 87.3294482981711 68.08779138506246
3810 191.2730860411185 89.60830201626625 63.12808413931499
3811 205.5414201994007 89.5858400986688 68.42724798507437
3812 124.1605493311746 47.02524759159216 114.5640751406453
3813 131.6970518135382 46.26594791876927 114.7804300607919
3814 126.1541214079763 45.15206983474291 106.2712138275081
3815 131.6944047597365 41.23465759796358 82.4440745888411
3816 129.3058262099428 49.68041515694584 86.90867020042806
3817 143.2197313912962 55.71744447681338 123.2092914635795
3818 137.2918364147265 65.89142866453489 121.4504609806335
3819 191.0753039910405 98.59933984932783 58.51174491962649
3820 197.873703989825 101.0781882152001 53.1887442153147
3821 78.44890520381976 109.0941495940081 101.9120754683759
3822 69.92632747531547 109.3325874481319 114.2875032012125
3823 78.34494684437701 111.1384255634244 114.6780643658051
3824 89.17939453990449 113.5962590443651 112.040568891509
3825 79.18383370639977 122.495461759443 114.13035943504
3826 72.46003726307339 126.4565787373055 116.0211378642667
3827 124.1717494997567 59.43807827937821 93.25654291808776
3828 134.2874026692821 68.25121228285246 105.0551652310659
3829 123.2651480428882 71.88399668568744 99.2979802600825
3830 155.6749624071616 79.08387899342972 86.03621314073123
3831 134.8200676036696 81.53147616766296 95.67046414290832
3832 179.6966962903595 116.0837554189791 77.58306981420057
3833 72.37527835911057 89.06510055239333 123.0692600295318
3834 81.88610078195592 86.89962158802635 122.2700781953965
3835 86.8168504264528 99.70836627426014 129.6126168466628
3836 73.07403253706565 99.78742782871888 136.2251308176672
3837 72.71773375777228 113.3549400987715 135.0630562631289
3838 87.30624794409205 112.3807220754424 131.213630054935
3839 205.696856480432 80.74768678165543 96.99777336441035
3840 203.8344847344252 94.53066205453345 96.59299120638363
3841 211.101717997905 89.51244304255734 99.37650363519671
3842 107.6900604014007 66.46888109441684 98.74726207990264
3843 204.5518757944449 101.9668123105709 111.0071209791261
3844 106.1914900259598 102.4337349793463 122.6450022986304
3845 148.9329645259288 110.911625964817 112.0511892843765
3846 163.2182436628783 100.960733680027 102.6132478251528
3847 179.3622051962857 123.1331079435593 104.4344725858988
3848 193.822691029544 121.0510915394498 102.3988063482113
3849 195.1716792886442 121.141921305889 91.63082987381951
3850 205.728834263134 109.3137475219049 85.82136350233216
3851 132.8423068058629 102.5450099989373 106.1966274225758
3852 89.63315864522687 56.4499463151225 124.670106201939
3853 173.0486736410213 99.80647411425858 133.8378896457421
3854 117.0485960639488 94.69379434331809 108.7193572939433
3855 124.5685593530793 89.8869324043262 107.575080181174
3856 163.3233132011303 67.03947406426566 87.48201150133714
3857 174.4972448014352 69.30685858832744 84.80981630050499
3858 165.9472600237605 73.50637109164661 80.94024818089933
3859 175.5328054457738 61.35556632663168 93.78662431194901
3860 121.7068948435162 58.67867731404824 102.5737210339861
3861 93.10082596553652 55.44773750129836 134.6231677014511
3862 102.920605196665 53.34677028536775 134.5112916962881
3863 104.3344809722145 79.26995830133752 121.6461722991588
3864 108.3509146892884 104.1869748001823 132.0468123849637
3865 95.6737025687551 81.49109322393382 125.0527440625152
3866 156.9597678803982 60.50704025465528 105.5468077417381
3867 163.6717590618906 60.86252829279907 102.4536064964542
3868 178.2427160241091 99.84123906616735 123.9743153282745
3869 152.8860192709398 60.28404984718575 112.8195398890108
3870 163.2903098007004 98.00267253445341 121.5781542200644
3871 152.171110318226 69.71591081658222 132.6985131597593
3872 132.747266917405 70.19240341194453 132.5571351082977
3873 125.6181020386885 71.78701620020871 141.6174287559612
3874 170.627424550333 85.17131042300991 165.1776341428084
3875 165.2992063183246 79.1307096714137 182.0968914230875
3876 153.4828224983167 81.77914409583384 172.6802209680164
3877 154.9687900721804 70.39037189134986 190.726403664477
3878 126.970401733403 68.44197195520807 172.1272786725063
3879 127.5812613313499 68.79806263354486 178.6790194230554
3880 163.6580347043502 89.78808863698279 180.3185625895508
3881 165.5680486578037 97.7702207612806 201.8488477547316
3882 155.4269605106842 79.63014815007945 210.8045189497113
3883 164.5079601821575 100.0943212326706 224.357313025616
3884 104.8680946602069 80.69753804450173 144.3123692065207
3885 102.9704790158241 90.68533189466375 140.4180538916736
3886 145.4561920129773 71.12383737049502 124.1934008390135
3887 162.7231668332186 80.88070462328143 111.5804981129763
3888 164.3593881984268 78.42310874334443 103.7134453735364
3889 165.5752067109491 135.6615008125769 181.2061700519455
3890 91.41152774370168 117.7981070302731 206.5056648423939
3891 88.63081199962649 60.46748989007766 87.57817229319107
3892 84.62583222646867 67.42657329460363 90.32186522384491
3893 73.18670524308392 130.6091995174217 109.200242772046
3894 89.67841046381206 117.8078049838285 197.0640866764377
3895 139.0773932557013 121.3383487198878 86.66082154104684
3896 108.113684136618 46.24636275351143 86.51200138032199
3897 76.65417504483938 81.1921995788575 86.99618437797778
3898 75.52168826263187 129.4721303619739 132.5786815461722
3899 156.3295103504667 108.0441469267442 77.23752040565803
3900 191.3214432982391 62.21549286658223 62.25309522024725
3901 120.4779478623427 119.1705135090979 93.04165563702986
3902 178.4534608851206 51.22423702547482 68.89633966441373
3903 187.0988428536475 125.2400989482379 73.69636443477606
3904 189.5874038952474 118.2381751259774 46.61001464364073
3905 190.2453177855152 121.4104158961224 55.60153883588483
3906 163.3614336087336 133.5636863177888 188.8332558616763
3907 82.24549204264288 126.5170389978923 171.6312635681887
3908 71.21328043689971 115.0329502142825 87.20720643034457
3909 197.7726913731597 102.4017592307752 46.20922279080546
3910 193.7271510359475 113.6478322329059 43.78344325205035
3911 159.1401263876967 41.23555303965853 75.82758493984231
3912 166.2667823287048 45.29012337199897 71.95608824337761
3913 112.3554576241859 44.68203272125385 83.59298851092495
3914 77.02506471544018 131.1970756075756 156.6607883240164
3915 195.5518134245048 65.70971484313111 59.08884761851746
3916 195.7563889532996 108.3454150838505 46.20211626628547
3917 143.0824868970756 115.845956684534 82.82941999556616
3918 199.5648143817842 97.1061044919953 47.65594020490886
3919 102.2538264661161 113.8944798646748 100.5671406623098
3920 84.86197079433875 119.9370687916613 192.1644376743638
3921 198.7231143433956 89.39367148283371 53.51061614383866
3922 145.9181384769482 115.3494891578567 188.6585986096465
3923 80.80841190000612 75.76335564588199 89.93728105433426
3924 108.4800403872467 115.2608874016779 98.4914990100458
3925 102.1103011357799 51.1054513436901 87.48256558817046
3926 82.24995869837511 121.2309175281869 185.6555571061471
3927 83.81525446369177 126.5119320965377 174.9452128998049
3928 184.6646528242257 111.187559670385 55.91891402380569
3929 71.84760565899994 92.88775444127047 84.47746250070443
3930 91.21129408381356 117.5260196923544 94.75543171414195
3931 188.6066639946148 119.761362187298 62.10625056411938
3932 71.03980885231958 111.4432090126188 82.75893813291754
3933 151.5010919096918 110.3173233574883 81.44982204418561
3934 113.9427532720587 117.6661801527647 95.26091367590503
3935 73.03272428626821 130.3891042875765 123.8401986875874
3936 186.224856401316 56.61169024451532 64.55120911517616
3937 94.59559113972131 55.3043893714138 86.95015828848676
3938 166.4318535273059 107.5893254721279 70.85933302663503
3939 79.96451662826875 132.6747424177714 161.9921166713596
3940 197.9816414978552 71.14288790954343 57.64771682507617
3941 80.49608797261757 130.6918097818153 167.8475159239349
3942 72.7931524574699 86.36851858798708 86.53126044298075
3943 186.4115633263778 127.882612195737 78.4585709165658
3944 188.6574896940193 125.0230849782371 66.58759165063712
3945 116.1507262468476 45.61298016080786 87.3721811010611
3946 192.4708218763362 112.9518128360739 51.33141484368897
$EndNodes
$Elements
20734
1 15 2 0 1 1
2 1 2 0 3 1 2
3 1 2 0 3 2 3
4 1 2 0 3 3 4
5 1 2 0 3 4 5
6 1 2 0 3 5 6
7 1 2 0 3 6 7
8 1 2 0 3 7 8
9 1 2 0 3 8 9
10 1 2 0 3 9 10
11 1 2 0 3 10 11
12 1 2 0 3 11 12
13 1 2 0 3 12 13
14 1 2 0 3 13 14
15 1 2 0 3 14 15
16 1 2 0 3 15 16
17 1 2 0 3 16 17
18 1 2 0 3 17 18
19 1 2 0 3 18 19
20 1 2 0 3 19 20
21 1 2 0 3 20 21
22 1 2 0 3 21 22
23 1 2 0 3 22 23
24 1 2 0 3 23 24
25 1 2 0 3 24 25
26 1 2 0 3 25 26
27 1 2 0 3 26 27
28 1 2 0 3 27 28
29 1 2 0 3 28 29
30 1 2 0 3 29 30
31 1 2 0 3 30 31
32 1 2 0 3 31 32
33 1 2 0 3 32 33
34 1 2 0 3 33 34
35 1 2 0 3 34 35
36 1 2 0 3 35 36
37 1 2 0 3 36 37
38 1 2 0 3 37 38
39 1 2 0 3 38 39
40 1 2 0 3 39 40
41 1 2 0 3 40 41
42 1 2 0 3 41 42
43 1 2 0 3 42 43
44 1 2 0 3 43 44
45 1 2 0 3 44 45
46 1 2 0 3 45 46
47 1 2 0 3 46 47
48 1 2 0 3 47 48
49 1 2 0 3 48 49
50 1 2 0 3 49 50
51 1 2 0 3 50 51
52 1 2 0 3 51 52
53 1 2 0 3 52 53
54 1 2 0 3 53 54
55 1 2 0 3 54 55
56 1 2 0 3 55 56
57 1 2 0 3 56 57
58 1 2 0 3 57 58
59 1 2 0 3 58 59
60 1 2 0 3 59 60
61 1 2 0 3 60 61
62 1 2 0 3 61 62
63 1 2 0 3 62 63
64 1 2 0 3 63 64
65 1 2 0 3 64 65
66 1 2 0 3 65 66
67 1 2 0 3 66 67
68 1 2 0 3 67 68
69 1 2 0 3 68 69
70 1 2 0 3 69 70
71 1 2 0 3 70 71
72 1 2 0 3 71 72
73 1 2 0 3 72 73
74 1 2 0 3 73 74
75 1 2 0 3 74 75
76 1 2 0 3 75 76
77 1 2 0 3 76 77
78 1 2 0 3 77 78
79 1 2 0 3 78 1
80 2 2 0 2 626 717 625
81 2 2 0 2 263 491 268
82 2 2 0 2 235 570 262
83 2 2 0 2 22 83 23
84 2 2 0 2 143 144 141
85 2 2 0 2 964 1064 854
86 2 2 0 2 137 164 135
87 2 2 0 2 26 204 27
88 2 2 0 2 686 778 522
89 2 2 0 2 669 1101 501
90 2 2 0 2 636 1018 396
91 2 2 0 2 143 145 144
92 2 2 0 2 1 1045 2
93 2 2 0 2 396 1018 909
94 2 2 0 2 22 925 83
95 2 2 0 2 189 1081 789
96 2 2 0 2 263 870 491
97 2 2 0 2 41 84 42
98 2 2 0 2 640 978 761
99 2 2 0 2 690 1068 464
100 2 2 0 2 522 778 524
101 2 2 0 2 307 828 310
102 2 2 0 2 51 92 52
103 2 2 0 2 1 947 89
104 2 2 0 2 595 967 908
105 2 2 0 2 150 151 149
106 2 2 0 2 159 160 157
107 2 2 0 2 658 690 464
108 2 2 0 2 570 598 262
109 2 2 0 2 506 662 442
110 2 2 0 2 501 1101 730
111 2 2 0 2 282 759 330
112 2 2 0 2 213 1068 211
113 2 2 0 2 608 955 727
114 2 2 0 2 681 842 94
115 2 2 0 2 73 109 100
116 2 2 0 2 736 757 665
117 2 2 0 2 397 807 804
118 2 2 0 2 276 1111 278
119 2 2 0 2 276 278 277
120 2 2 0 2 78 947 1
121 2 2 0 2 374 768 373
122 2 2 0 2 278 759 282
123 2 2 0 2 770 859 512
124 2 2 0 2 202 732 193
125 2 2 0 2 562 644 164
126 2 2 0 2 104 686 684
127 2 2 0 2 752 902 17
128 2 2 0 2 284 673 286
129 2 2 0 2 200 855 714
130 2 2 0 2 64 480 88
131 2 2 0 2 162 1050 719
132 2 2 0 2 827 924 639
133 2 2 0 2 719 1036 162
134 2 2 0 2 562 848 644
135 2 2 0 2 912 977 911
136 2 2 0 2 221 1049 219
137 2 2 0 2 10 687 90
138 2 2 0 2 661 1042 973
139 2 2 0 2 168 692 120
140 2 2 0 2 678 792 465
141 2 2 0 2 419 869 795
142 2 2 0 2 795 864 419
143 2 2 0 2 69 917 70
144 2 2 0 2 691 763 87
145 2 2 0 2 247 722 267
146 2 2 0 2 139 999 137
147 2 2 0 2 427 756 716
148 2 2 0 2 89 1045 1
149 2 2 0 2 771 914 302
150 2 2 0 2 504 844 754
151 2 2 0 2 374 1065 768
152 2 2 0 2 72 109 73
153 2 2 0 2 717 1034 625
154 2 2 0 2 813 814 627
155 2 2 0 2 612 859 770
156 2 2 0 2 772 914 771
157 2 2 0 2 137 999 562
158 2 2 0 2 789 813 189
159 2 2 0 2 173 174 172
160 2 2 0 2 4 568 93
161 2 2 0 2 205 1056 689
162 2 2 0 2 83 924 827
163 2 2 0 2 578 877 830
164 2 2 0 2 168 720 692
165 2 2 0 2 761 997 640
166 2 2 0 2 973 1042 167
167 2 2 0 2 675 936 782
168 2 2 0 2 105 106 97
169 2 2 0 2 716 756 603
170 2 2 0 2 722 723 267
171 2 2 0 2 963 1090 208
172 2 2 0 2 599 1064 964
173 2 2 0 2 479 1052 781
174 2 2 0 2 744 787 80
175 2 2 0 2 854 1064 724
176 2 2 0 2 699 1029 1019
177 2 2 0 2 804 805 397
178 2 2 0 2 793 1049 221
179 2 2 0 2 479 781 463
180 2 2 0 2 12 856 743
181 2 2 0 2 206 207 79
182 2 2 0 2 630 879 851
183 2 2 0 2 942 1145 774
184 2 2 0 2 137 562 164
185 2 2 0 2 150 152 151
186 2 2 0 2 156 157 155
187 2 2 0 2 152 153 151
188 2 2 0 2 1014 1084 157
189 2 2 0 2 710 780 463
190 2 2 0 2 356 896 824
191 2 2 0 2 17 902 18
192 2 2 0 2 464 1068 213
193 2 2 0 2 465 982 678
194 2 2 0 2 722 738 723
195 2 2 0 2 608 1033 667
196 2 2 0 2 501 758 669
197 2 2 0 2 236 237 235
198 2 2 0 2 499 758 501
199 2 2 0 2 505 1073 101
200 2 2 0 2 936 1096 782
201 2 2 0 2 94 844 681
202 2 2 0 2 217 1017 215
203 2 2 0 2 334 731 361
204 2 2 0 2 795 869 631
205 2 2 0 2 67 105 97
206 2 2 0 2 34 85 35
207 2 2 0 2 630 851 631
208 2 2 0 2 207 729 79
209 2 2 0 2 76 609 77
210 2 2 0 2 204 205 27
211 2 2 0 2 502 758 499
212 2 2 0 2 335 731 334
213 2 2 0 2 695 942 774
214 2 2 0 2 372 373 371
215 2 2 0 2 634 1014 157
216 2 2 0 2 631 851 795
217 2 2 0 2 190 735 199
218 2 2 0 2 28 206 29
219 2 2 0 2 667 955 608
220 2 2 0 2 766 891 742
221 2 2 0 2 327 786 298
222 2 2 0 2 19 514 20
223 2 2 0 2 51 1021 92
224 2 2 0 2 789 1081 188
225 2 2 0 2 758 1120 85
226 2 2 0 2 274 332 276
227 2 2 0 2 506 766 662
228 2 2 0 2 305 825 320
229 2 2 0 2 673 1071 286
230 2 2 0 2 349 884 702
231 2 2 0 2 34 577 85
232 2 2 0 2 824 896 708
233 2 2 0 2 164 625 135
234 2 2 0 2 520 791 711
235 2 2 0 2 660 1007 746
236 2 2 0 2 875 941 656
237 2 2 0 2 665 1091 736
238 2 2 0 2 373 567 371
239 2 2 0 2 502 783 758
240 2 2 0 2 463 781 710
241 2 2 0 2 87 752 691
242 2 2 0 2 261 718 349
243 2 2 0 2 160 634 157
244 2 2 0 2 237 570 235
245 2 2 0 2 10 90 11
246 2 2 0 2 743 744 80
247 2 2 0 2 714 1077 200
248 2 2 0 2 523 764 521
249 2 2 0 2 375 1145 942
250 2 2 0 2 288 326 290
251 2 2 0 2 660 746 745
252 2 2 0 2 688 861 199
253 2 2 0 2 978 1016 761
254 2 2 0 2 957 1012 553
255 2 2 0 2 199 1096 688
256 2 2 0 2 759 888 330
257 2 2 0 2 278 279 277
258 2 2 0 2 288 290 289
259 2 2 0 2 518 908 664
260 2 2 0 2 681 843 842
261 2 2 0 2 940 1038 797
262 2 2 0 2 305 320 318
263 2 2 0 2 173 175 174
264 2 2 0 2 702 1142 349
265 2 2 0 2 178 766 742
266 2 2 0 2 741 1012 957
267 2 2 0 2 159 161 160
268 2 2 0 2 686 1029 549
269 2 2 0 2 713 1023 93
270 2 2 0 2 501 725 497
271 2 2 0 2 70 917 95
272 2 2 0 2 667 1033 272
273 2 2 0 2 193 732 195
274 2 2 0 2 995 1073 505
275 2 2 0 2 130 132 131
276 2 2 0 2 474 757 447
277 2 2 0 2 106 560 97
278 2 2 0 2 148 150 149
279 2 2 0 2 320 321 318
280 2 2 0 2 924 925 594
281 2 2 0 2 39 843 40
282 2 2 0 2 168 941 875
283 2 2 0 2 765 791 462
284 2 2 0 2 373 1148 374
285 2 2 0 2 462 791 520
286 2 2 0 2 754 783 502
287 2 2 0 2 559 1092 957
288 2 2 0 2 168 875 720
289 2 2 0 2 68 917 69
290 2 2 0 2 727 748 608
291 2 2 0 2 665 757 474
292 2 2 0 2 554 872 871
293 2 2 0 2 4 93 5
294 2 2 0 2 154 155 153
295 2 2 0 2 147 1104 163
296 2 2 0 2 286 288 287
297 2 2 0 2 40 84 41
298 2 2 0 2 272 1033 274
299 2 2 0 2 329 736 321
300 2 2 0 2 84 209 42
301 2 2 0 2 202 733 732
302 2 2 0 2 820 1059 548
303 2 2 0 2 93 1105 713
304 2 2 0 2 307 310 309
305 2 2 0 2 179 471 129
306 2 2 0 2 863 1030 1014
307 2 2 0 2 258 883 255
308 2 2 0 2 684 685 104
309 2 2 0 2 303 667 272
310 2 2 0 2 738 965 723
311 2 2 0 2 594 967 595
312 2 2 0 2 464 1017 658
313 2 2 0 2 186 735 190
314 2 2 0 2 268 303 272
315 2 2 0 2 262 1122 235
316 2 2 0 2 62 103 63
317 2 2 0 2 437 749 434
318 2 2 0 2 693 745 166
319 2 2 0 2 911 977 731
320 2 2 0 2 584 837 589
321 2 2 0 2 632 961 932
322 2 2 0 2 936 1061 850
323 2 2 0 2 179 746 657
324 2 2 0 2 163 1087 147
325 2 2 0 2 925 967 594
326 2 2 0 2 176 1152 892
327 2 2 0 2 879 969 437
328 2 2 0 2 689 985 205
329 2 2 0 2 689 1056 865
330 2 2 0 2 626 1107 717
331 2 2 0 2 648 923 868
332 2 2 0 2 664 1009 518
333 2 2 0 2 3 568 4
334 2 2 0 2 550 984 929
335 2 2 0 2 548 1059 966
336 2 2 0 2 830 877 829
337 2 2 0 2 211 1068 646
338 2 2 0 2 302 1031 997
339 2 2 0 2 437 750 749
340 2 2 0 2 108 815 687
341 2 2 0 2 284 286 285
342 2 2 0 2 21 511 22
343 2 2 0 2 663 998 697
344 2 2 0 2 174 472 172
345 2 2 0 2 442 662 439
346 2 2 0 2 298 786 266
347 2 2 0 2 600 1029 699
348 2 2 0 2 73 100 74
349 2 2 0 2 336 337 335
350 2 2 0 2 892 1152 175
351 2 2 0 2 1014 1030 158
352 2 2 0 2 613 615 126
353 2 2 0 2 100 467 74
354 2 2 0 2 144 1051 141
355 2 2 0 2 588 1038 940
356 2 2 0 2 293 825 305
357 2 2 0 2 697 919 663
358 2 2 0 2 856 976 743
359 2 2 0 2 704 786 327
360 2 2 0 2 30 729 31
361 2 2 0 2 372 1148 373
362 2 2 0 2 226 1031 302
363 2 2 0 2 274 276 275
364 2 2 0 2 290 292 289
365 2 2 0 2 738 1025 489
366 2 2 0 2 908 967 664
367 2 2 0 2 331 1017 217
368 2 2 0 2 329 757 736
369 2 2 0 2 278 282 280
370 2 2 0 2 517 867 802
371 2 2 0 2 261 349 271
372 2 2 0 2 288 289 287
373 2 2 0 2 867 1010 802
374 2 2 0 2 156 159 157
375 2 2 0 2 684 686 522
376 2 2 0 2 800 1068 690
377 2 2 0 2 98 995 887
378 2 2 0 2 712 973 167
379 2 2 0 2 255 883 257
380 2 2 0 2 153 697 178
381 2 2 0 2 732 855 200
382 2 2 0 2 282 330 284
383 2 2 0 2 792 964 430
384 2 2 0 2 711 1105 520
385 2 2 0 2 822 1145 375
386 2 2 0 2 320 329 321
387 2 2 0 2 130 131 128
388 2 2 0 2 929 984 756
389 2 2 0 2 718 1089 884
390 2 2 0 2 259 790 260
391 2 2 0 2 630 969 879
392 2 2 0 2 416 862 481
393 2 2 0 2 336 659 337
394 2 2 0 2 1075 1089 718
395 2 2 0 2 152 154 153
396 2 2 0 2 446 763 461
397 2 2 0 2 675 782 507
398 2 2 0 2 501 730 725
399 2 2 0 2 957 1092 951
400 2 2 0 2 60 505 61
401 2 2 0 2 745 746 166
402 2 2 0 2 163 853 802
403 2 2 0 2 675 1061 936
404 2 2 0 2 107 734 7
405 2 2 0 2 450 914 772
406 2 2 0 2 310 312 309
407 2 2 0 2 737 1109 1090
408 2 2 0 2 369 765 462
409 2 2 0 2 133 806 169
410 2 2 0 2 1018 1058 715
411 2 2 0 2 627 988 813
412 2 2 0 2 784 1065 601
413 2 2 0 2 118 168 120
414 2 2 0 2 434 749 436
415 2 2 0 2 388 399 387
416 2 2 0 2 347 765 369
417 2 2 0 2 154 156 155
418 2 2 0 2 494 495 493
419 2 2 0 2 666 1130 739
420 2 2 0 2 430 990 792
421 2 2 0 2 236 238 237
422 2 2 0 2 973 1095 661
423 2 2 0 2 932 982 632
424 2 2 0 2 735 782 199
425 2 2 0 2 598 964 792
426 2 2 0 2 86 800 690
427 2 2 0 2 286 287 285
428 2 2 0 2 208 1090 788
429 2 2 0 2 399 803 672
430 2 2 0 2 231 793 223
431 2 2 0 2 87 902 752
432 2 2 0 2 300 828 307
433 2 2 0 2 586 837 584
434 2 2 0 2 490 977 912
435 2 2 0 2 784 946 607
436 2 2 0 2 549 778 686
437 2 2 0 2 388 803 399
438 2 2 0 2 687 815 90
439 2 2 0 2 119 167 117
440 2 2 0 2 661 1095 698
441 2 2 0 2 912 1123 670
442 2 2 0 2 887 995 59
443 2 2 0 2 282 284 283
444 2 2 0 2 868 989 648
445 2 2 0 2 497 725 494
446 2 2 0 2 772 1117 450
447 2 2 0 2 323 336 335
448 2 2 0 2 585 700 583
449 2 2 0 2 167 1067 712
450 2 2 0 2 739 1130 402
451 2 2 0 2 701 767 596
452 2 2 0 2 263 268 264
453 2 2 0 2 186 188 187
454 2 2 0 2 764 876 521
455 2 2 0 2 290 293 292
456 2 2 0 2 186 190 188
457 2 2 0 2 768 1065 784
458 2 2 0 2 374 820 819
459 2 2 0 2 190 191 188
460 2 2 0 2 896 983 708
461 2 2 0 2 698 1145 822
462 2 2 0 2 887 1102 98
463 2 2 0 2 670 1026 912
464 2 2 0 2 272 274 273
465 2 2 0 2 708 983 786
466 2 2 0 2 238 239 237
467 2 2 0 2 694 696 615
468 2 2 0 2 223 793 221
469 2 2 0 2 507 782 735
470 2 2 0 2 215 1017 464
471 2 2 0 2 606 960 898
472 2 2 0 2 351 822 375
473 2 2 0 2 157 1084 155
474 2 2 0 2 447 757 378
475 2 2 0 2 232 233 231
476 2 2 0 2 785 820 548
477 2 2 0 2 219 1049 331
478 2 2 0 2 700 888 583
479 2 2 0 2 155 697 153
480 2 2 0 2 549 1029 600
481 2 2 0 2 766 998 662
482 2 2 0 2 554 885 872
483 2 2 0 2 173 180 175
484 2 2 0 2 205 985 27
485 2 2 0 2 148 149 147
486 2 2 0 2 1090 1109 728
487 2 2 0 2 606 935 776
488 2 2 0 2 629 910 319
489 2 2 0 2 127 179 129
490 2 2 0 2 500 605 504
491 2 2 0 2 133 1093 806
492 2 2 0 2 569 901 751
493 2 2 0 2 106 764 679
494 2 2 0 2 500 504 502
495 2 2 0 2 417 862 416
496 2 2 0 2 270 790 259
497 2 2 0 2 163 891 853
498 2 2 0 2 321 736 323
499 2 2 0 2 928 1022 602
500 2 2 0 2 662 998 663
501 2 2 0 2 628 962 861
502 2 2 0 2 181 892 175
503 2 2 0 2 97 917 68
504 2 2 0 2 697 998 178
505 2 2 0 2 866 915 889
506 2 2 0 2 434 436 435
507 2 2 0 2 268 272 269
508 2 2 0 2 543 549 544
509 2 2 0 2 128 613 126
510 2 2 0 2 839 965 773
511 2 2 0 2 180 181 175
512 2 2 0 2 184 735 186
513 2 2 0 2 817 1060 177
514 2 2 0 2 693 833 745
515 2 2 0 2 440 441 439
516 2 2 0 2 624 747 621
517 2 2 0 2 342 362 344
518 2 2 0 2 446 447 378
519 2 2 0 2 753 1025 738
520 2 2 0 2 118 120 119
521 2 2 0 2 613 694 615
522 2 2 0 2 386 388 387
523 2 2 0 2 131 613 128
524 2 2 0 2 276 277 275
525 2 2 0 2 210 843 681
526 2 2 0 2 414 796 409
527 2 2 0 2 628 861 688
528 2 2 0 2 200 1077 201
529 2 2 0 2 288 1136 326
530 2 2 0 2 151 742 149
531 2 2 0 2 184 186 185
532 2 2 0 2 207 737 729
533 2 2 0 2 332 579 276
534 2 2 0 2 379 780 706
535 2 2 0 2 420 470 388
536 2 2 0 2 510 763 446
537 2 2 0 2 340 798 339
538 2 2 0 2 160 948 634
539 2 2 0 2 814 1066 627
540 2 2 0 2 25 204 26
541 2 2 0 2 960 1008 898
542 2 2 0 2 543 544 531
543 2 2 0 2 315 333 314
544 2 2 0 2 1007 1113 201
545 2 2 0 2 496 777 503
546 2 2 0 2 643 1036 719
547 2 2 0 2 198 1106 755
548 2 2 0 2 234 236 235
549 2 2 0 2 799 948 160
550 2 2 0 2 398 428 370
551 2 2 0 2 395 636 396
552 2 2 0 2 310 828 451
553 2 2 0 2 192 193 191
554 2 2 0 2 268 491 303
555 2 2 0 2 118 119 117
556 2 2 0 2 529 543 531
557 2 2 0 2 530 918 528
558 2 2 0 2 28 985 206
559 2 2 0 2 494 725 495
560 2 2 0 2 247 267 242
561 2 2 0 2 286 767 288
562 2 2 0 2 629 1126 910
563 2 2 0 2 201 1077 1007
564 2 2 0 2 706 780 710
565 2 2 0 2 107 1023 713
566 2 2 0 2 183 184 181
567 2 2 0 2 106 561 560
568 2 2 0 2 134 135 132
569 2 2 0 2 422 776 382
570 2 2 0 2 431 432 417
571 2 2 0 2 179 1088 746
572 2 2 0 2 396 479 463
573 2 2 0 2 235 1122 234
574 2 2 0 2 386 387 385
575 2 2 0 2 369 398 370
576 2 2 0 2 606 776 422
577 2 2 0 2 193 195 194
578 2 2 0 2 386 420 388
579 2 2 0 2 463 780 394
580 2 2 0 2 503 760 498
581 2 2 0 2 491 492 303
582 2 2 0 2 512 859 518
583 2 2 0 2 567 893 753
584 2 2 0 2 177 975 817
585 2 2 0 2 170 173 172
586 2 2 0 2 439 662 438
587 2 2 0 2 40 843 84
588 2 2 0 2 807 993 804
589 2 2 0 2 19 902 514
590 2 2 0 2 192 202 193
591 2 2 0 2 312 315 314
592 2 2 0 2 489 965 738
593 2 2 0 2 180 183 181
594 2 2 0 2 312 314 309
595 2 2 0 2 475 787 744
596 2 2 0 2 294 829 801
597 2 2 0 2 254 718 256
598 2 2 0 2 532 895 535
599 2 2 0 2 190 192 191
600 2 2 0 2 226 302 228
601 2 2 0 2 562 849 848
602 2 2 0 2 511 925 22
603 2 2 0 2 446 461 447
604 2 2 0 2 116 118 117
605 2 2 0 2 233 509 231
606 2 2 0 2 725 730 726
607 2 2 0 2 414 797 796
608 2 2 0 2 436 439 438
609 2 2 0 2 798 897 362
610 2 2 0 2 337 340 339
611 2 2 0 2 396 463 394
612 2 2 0 2 599 964 598
613 2 2 0 2 342 798 362
614 2 2 0 2 727 955 495
615 2 2 0 2 305 318 317
616 2 2 0 2 814 933 930
617 2 2 0 2 503 771 760
618 2 2 0 2 153 178 151
619 2 2 0 2 734 1103 7
620 2 2 0 2 339 798 342
621 2 2 0 2 323 335 334
622 2 2 0 2 461 763 691
623 2 2 0 2 373 607 567
624 2 2 0 2 395 396 394
625 2 2 0 2 582 748 586
626 2 2 0 2 768 784 607
627 2 2 0 2 440 486 441
628 2 2 0 2 250 263 252
629 2 2 0 2 377 380 378
630 2 2 0 2 409 796 408
631 2 2 0 2 798 949 897
632 2 2 0 2 191 789 188
633 2 2 0 2 898 935 606
634 2 2 0 2 436 440 439
635 2 2 0 2 315 345 333
636 2 2 0 2 146 886 171
637 2 2 0 2 371 883 258
638 2 2 0 2 440 563 486
639 2 2 0 2 753 883 567
640 2 2 0 2 540 966 564
641 2 2 0 2 636 1058 1018
642 2 2 0 2 38 842 39
643 2 2 0 2 723 724 267
644 2 2 0 2 499 501 497
645 2 2 0 2 102 685 684
646 2 2 0 2 159 170 161
647 2 2 0 2 138 139 137
648 2 2 0 2 406 839 773
649 2 2 0 2 337 659 340
650 2 2 0 2 357 704 327
651 2 2 0 2 398 818 428
652 2 2 0 2 120 692 122
653 2 2 0 2 344 765 347
654 2 2 0 2 330 673 284
655 2 2 0 2 190 199 192
656 2 2 0 2 621 747 618
657 2 2 0 2 441 442 439
658 2 2 0 2 382 776 333
659 2 2 0 2 623 713 711
660 2 2 0 2 428 818 610
661 2 2 0 2 491 777 492
662 2 2 0 2 136 137 135
663 2 2 0 2 496 503 498
664 2 2 0 2 340 1024 949
665 2 2 0 2 278 1111 759
666 2 2 0 2 362 765 344
667 2 2 0 2 186 187 185
668 2 2 0 2 170 172 161
669 2 2 0 2 333 776 314
670 2 2 0 2 830 1063 578
671 2 2 0 2 723 965 839
672 2 2 0 2 54 831 91
673 2 2 0 2 104 1029 686
674 2 2 0 2 609 947 77
675 2 2 0 2 412 1025 456
676 2 2 0 2 533 918 530
677 2 2 0 2 195 200 197
678 2 2 0 2 1024 1072 617
679 2 2 0 2 436 438 435
680 2 2 0 2 580 748 582
681 2 2 0 2 607 893 567
682 2 2 0 2 503 777 772
683 2 2 0 2 109 110 100
684 2 2 0 2 290 1150 293
685 2 2 0 2 932 961 509
686 2 2 0 2 149 1104 147
687 2 2 0 2 119 1067 167
688 2 2 0 2 469 556 468
689 2 2 0 2 195 197 196
690 2 2 0 2 782 1096 199
691 2 2 0 2 885 1061 674
692 2 2 0 2 405 739 402
693 2 2 0 2 399 558 387
694 2 2 0 2 267 682 242
695 2 2 0 2 461 473 447
696 2 2 0 2 367 431 417
697 2 2 0 2 584 585 583
698 2 2 0 2 469 881 556
699 2 2 0 2 496 498 497
700 2 2 0 2 801 829 602
701 2 2 0 2 432 434 433
702 2 2 0 2 267 1064 682
703 2 2 0 2 164 626 625
704 2 2 0 2 268 269 264
705 2 2 0 2 410 773 489
706 2 2 0 2 116 117 115
707 2 2 0 2 369 370 351
708 2 2 0 2 498 499 497
709 2 2 0 2 803 804 672
710 2 2 0 2 255 257 253
711 2 2 0 2 66 105 67
712 2 2 0 2 558 846 387
713 2 2 0 2 498 760 500
714 2 2 0 2 862 863 481
715 2 2 0 2 792 990 465
716 2 2 0 2 852 987 649
717 2 2 0 2 20 1115 21
718 2 2 0 2 432 437 434
719 2 2 0 2 724 1064 267
720 2 2 0 2 381 389 382
721 2 2 0 2 389 907 559
722 2 2 0 2 257 722 253
723 2 2 0 2 713 1105 711
724 2 2 0 2 570 599 598
725 2 2 0 2 384 386 385
726 2 2 0 2 407 408 405
727 2 2 0 2 475 744 477
728 2 2 0 2 992 1011 311
729 2 2 0 2 347 369 351
730 2 2 0 2 700 1119 888
731 2 2 0 2 490 848 454
732 2 2 0 2 517 802 515
733 2 2 0 2 195 196 194
734 2 2 0 2 736 1091 336
735 2 2 0 2 658 821 566
736 2 2 0 2 875 1133 720
737 2 2 0 2 377 770 380
738 2 2 0 2 781 1083 710
739 2 2 0 2 407 409 408
740 2 2 0 2 543 778 549
741 2 2 0 2 134 136 135
742 2 2 0 2 432 433 417
743 2 2 0 2 788 1090 728
744 2 2 0 2 557 915 866
745 2 2 0 2 184 185 181
746 2 2 0 2 36 905 37
747 2 2 0 2 516 517 515
748 2 2 0 2 731 977 361
749 2 2 0 2 321 322 318
750 2 2 0 2 767 1136 288
751 2 2 0 2 14 826 15
752 2 2 0 2 659 1072 1024
753 2 2 0 2 367 417 416
754 2 2 0 2 809 986 390
755 2 2 0 2 755 1001 198
756 2 2 0 2 930 1066 814
757 2 2 0 2 760 771 761
758 2 2 0 2 451 469 468
759 2 2 0 2 696 712 615
760 2 2 0 2 337 338 335
761 2 2 0 2 359 780 379
762 2 2 0 2 815 857 90
763 2 2 0 2 470 803 388
764 2 2 0 2 105 764 106
765 2 2 0 2 109 203 110
766 2 2 0 2 602 1022 801
767 2 2 0 2 96 812 775
768 2 2 0 2 320 377 329
769 2 2 0 2 500 760 605
770 2 2 0 2 53 831 54
771 2 2 0 2 598 678 262
772 2 2 0 2 131 614 613
773 2 2 0 2 892 951 176
774 2 2 0 2 432 879 437
775 2 2 0 2 694 774 696
776 2 2 0 2 506 891 766
777 2 2 0 2 115 811 113
778 2 2 0 2 100 971 467
779 2 2 0 2 326 612 290
780 2 2 0 2 716 960 427
781 2 2 0 2 498 500 499
782 2 2 0 2 286 1071 767
783 2 2 0 2 284 285 283
784 2 2 0 2 370 822 351
785 2 2 0 2 380 446 378
786 2 2 0 2 282 283 280
787 2 2 0 2 739 922 666
788 2 2 0 2 658 1017 821
789 2 2 0 2 907 959 559
790 2 2 0 2 252 956 265
791 2 2 0 2 293 304 292
792 2 2 0 2 462 520 519
793 2 2 0 2 193 194 191
794 2 2 0 2 872 885 674
795 2 2 0 2 323 736 336
796 2 2 0 2 682 1137 242
797 2 2 0 2 374 894 820
798 2 2 0 2 406 773 407
799 2 2 0 2 492 777 496
800 2 2 0 2 287 801 285
801 2 2 0 2 496 497 494
802 2 2 0 2 781 1114 1083
803 2 2 0 2 98 1102 987
804 2 2 0 2 718 884 349
805 2 2 0 2 263 264 252
806 2 2 0 2 445 488 484
807 2 2 0 2 242 1137 239
808 2 2 0 2 529 531 530
809 2 2 0 2 143 146 145
810 2 2 0 2 378 757 329
811 2 2 0 2 490 1026 848
812 2 2 0 2 460 946 784
813 2 2 0 2 302 997 771
814 2 2 0 2 174 779 472
815 2 2 0 2 380 510 446
816 2 2 0 2 493 667 303
817 2 2 0 2 646 1068 800
818 2 2 0 2 504 754 502
819 2 2 0 2 56 836 57
820 2 2 0 2 725 726 495
821 2 2 0 2 179 657 471
822 2 2 0 2 12 743 13
823 2 2 0 2 434 435 433
824 2 2 0 2 871 1000 554
825 2 2 0 2 828 1142 702
826 2 2 0 2 950 1050 162
827 2 2 0 2 140 1055 182
828 2 2 0 2 377 378 329
829 2 2 0 2 232 234 233
830 2 2 0 2 473 787 475
831 2 2 0 2 222 226 224
832 2 2 0 2 655 943 547
833 2 2 0 2 183 507 184
834 2 2 0 2 120 121 119
835 2 2 0 2 488 515 484
836 2 2 0 2 582 586 584
837 2 2 0 2 561 816 560
838 2 2 0 2 360 394 359
839 2 2 0 2 764 1070 679
840 2 2 0 2 662 663 438
841 2 2 0 2 367 416 366
842 2 2 0 2 146 148 147
843 2 2 0 2 523 1070 764
844 2 2 0 2 865 996 689
845 2 2 0 2 461 597 473
846 2 2 0 2 423 426 424
847 2 2 0 2 500 502 499
848 2 2 0 2 354 367 366
849 2 2 0 2 705 824 708
850 2 2 0 2 406 407 405
851 2 2 0 2 708 786 704
852 2 2 0 2 535 895 548
853 2 2 0 2 321 323 322
854 2 2 0 2 337 339 338
855 2 2 0 2 821 1017 331
856 2 2 0 2 639 924 592
857 2 2 0 2 797 1038 796
858 2 2 0 2 730 788 726
859 2 2 0 2 491 1117 777
860 2 2 0 2 401 402 364
861 2 2 0 2 253 722 247
862 2 2 0 2 661 698 455
863 2 2 0 2 367 794 431
864 2 2 0 2 117 916 115
865 2 2 0 2 620 815 622
866 2 2 0 2 408 739 405
867 2 2 0 2 200 201 197
868 2 2 0 2 715 1058 470
869 2 2 0 2 148 850 150
870 2 2 0 2 602 829 486
871 2 2 0 2 837 996 589
872 2 2 0 2 143 886 146
873 2 2 0 2 564 616 576
874 2 2 0 2 492 494 493
875 2 2 0 2 597 787 473
876 2 2 0 2 297 845 352
877 2 2 0 2 171 886 769
878 2 2 0 2 607 1149 893
879 2 2 0 2 407 773 410
880 2 2 0 2 428 429 370
881 2 2 0 2 79 729 30
882 2 2 0 2 352 565 354
883 2 2 0 2 707 824 705
884 2 2 0 2 387 846 385
885 2 2 0 2 120 122 121
886 2 2 0 2 369 462 398
887 2 2 0 2 389 421 382
888 2 2 0 2 445 484 442
889 2 2 0 2 589 590 585
890 2 2 0 2 340 949 798
891 2 2 0 2 451 702 469
892 2 2 0 2 238 240 239
893 2 2 0 2 256 718 261
894 2 2 0 2 399 672 671
895 2 2 0 2 428 610 448
896 2 2 0 2 492 493 303
897 2 2 0 2 195 732 200
898 2 2 0 2 359 379 357
899 2 2 0 2 180 872 183
900 2 2 0 2 620 621 618
901 2 2 0 2 733 855 732
902 2 2 0 2 339 342 341
903 2 2 0 2 832 986 809
904 2 2 0 2 177 834 114
905 2 2 0 2 880 1105 93
906 2 2 0 2 237 1035 570
907 2 2 0 2 487 789 194
908 2 2 0 2 192 861 202
909 2 2 0 2 594 595 593
910 2 2 0 2 580 582 581
911 2 2 0 2 680 1040 962
912 2 2 0 2 183 872 674
913 2 2 0 2 743 976 744
914 2 2 0 2 394 780 359
915 2 2 0 2 171 850 148
916 2 2 0 2 404 406 405
917 2 2 0 2 459 987 650
918 2 2 0 2 535 548 538
919 2 2 0 2 881 882 479
920 2 2 0 2 274 275 273
921 2 2 0 2 457 459 458
922 2 2 0 2 199 861 192
923 2 2 0 2 150 165 152
924 2 2 0 2 775 812 651
925 2 2 0 2 706 707 705
926 2 2 0 2 173 871 180
927 2 2 0 2 577 1062 669
928 2 2 0 2 619 620 618
929 2 2 0 2 164 644 626
930 2 2 0 2 794 851 431
931 2 2 0 2 440 749 563
932 2 2 0 2 549 555 544
933 2 2 0 2 590 639 592
934 2 2 0 2 719 993 643
935 2 2 0 2 158 1084 1014
936 2 2 0 2 203 931 816
937 2 2 0 2 672 719 671
938 2 2 0 2 584 589 585
939 2 2 0 2 518 1041 908
940 2 2 0 2 428 448 429
941 2 2 0 2 6 107 7
942 2 2 0 2 749 750 563
943 2 2 0 2 260 790 415
944 2 2 0 2 699 784 601
945 2 2 0 2 162 1036 799
946 2 2 0 2 771 997 761
947 2 2 0 2 441 445 442
948 2 2 0 2 426 427 424
949 2 2 0 2 122 123 121
950 2 2 0 2 590 592 591
951 2 2 0 2 559 957 553
952 2 2 0 2 475 476 474
953 2 2 0 2 18 902 19
954 2 2 0 2 404 405 402
955 2 2 0 2 445 578 488
956 2 2 0 2 456 1025 893
957 2 2 0 2 545 573 572
958 2 2 0 2 397 1144 807
959 2 2 0 2 858 1071 673
960 2 2 0 2 851 879 431
961 2 2 0 2 870 1117 491
962 2 2 0 2 265 956 845
963 2 2 0 2 563 602 486
964 2 2 0 2 462 519 398
965 2 2 0 2 342 344 343
966 2 2 0 2 360 395 394
967 2 2 0 2 332 1033 608
968 2 2 0 2 787 826 80
969 2 2 0 2 751 1053 569
970 2 2 0 2 756 984 603
971 2 2 0 2 582 583 581
972 2 2 0 2 272 273 269
973 2 2 0 2 571 1010 867
974 2 2 0 2 741 1081 189
975 2 2 0 2 668 716 603
976 2 2 0 2 575 641 638
977 2 2 0 2 705 708 704
978 2 2 0 2 225 232 231
979 2 2 0 2 310 451 313
980 2 2 0 2 555 785 544
981 2 2 0 2 214 921 368
982 2 2 0 2 167 916 117
983 2 2 0 2 623 711 624
984 2 2 0 2 745 833 654
985 2 2 0 2 206 689 207
986 2 2 0 2 592 594 593
987 2 2 0 2 706 709 707
988 2 2 0 2 482 575 574
989 2 2 0 2 520 880 519
990 2 2 0 2 531 895 532
991 2 2 0 2 389 553 421
992 2 2 0 2 566 632 466
993 2 2 0 2 226 227 224
994 2 2 0 2 575 638 574
995 2 2 0 2 688 769 485
996 2 2 0 2 445 877 578
997 2 2 0 2 503 772 771
998 2 2 0 2 590 865 639
999 2 2 0 2 397 805 395
1000 2 2 0 2 702 703 469
1001 2 2 0 2 575 799 641
1002 2 2 0 2 592 593 591
1003 2 2 0 2 234 1122 233
1004 2 2 0 2 770 1150 612
1005 2 2 0 2 239 1137 237
1006 2 2 0 2 726 788 728
1007 2 2 0 2 437 969 750
1008 2 2 0 2 294 801 287
1009 2 2 0 2 380 512 510
1010 2 2 0 2 650 775 651
1011 2 2 0 2 225 231 223
1012 2 2 0 2 420 715 470
1013 2 2 0 2 436 749 440
1014 2 2 0 2 395 805 636
1015 2 2 0 2 477 619 618
1016 2 2 0 2 615 920 126
1017 2 2 0 2 358 359 357
1018 2 2 0 2 778 980 524
1019 2 2 0 2 336 1091 659
1020 2 2 0 2 657 714 471
1021 2 2 0 2 332 580 579
1022 2 2 0 2 352 354 353
1023 2 2 0 2 165 1061 885
1024 2 2 0 2 750 928 563
1025 2 2 0 2 746 1007 657
1026 2 2 0 2 98 1073 995
1027 2 2 0 2 866 867 557
1028 2 2 0 2 351 375 350
1029 2 2 0 2 344 347 346
1030 2 2 0 2 610 751 448
1031 2 2 0 2 767 1071 596
1032 2 2 0 2 187 741 611
1033 2 2 0 2 848 849 454
1034 2 2 0 2 194 789 191
1035 2 2 0 2 352 845 565
1036 2 2 0 2 475 477 476
1037 2 2 0 2 448 449 429
1038 2 2 0 2 614 717 695
1039 2 2 0 2 317 629 319
1040 2 2 0 2 318 938 317
1041 2 2 0 2 628 688 485
1042 2 2 0 2 345 384 383
1043 2 2 0 2 641 643 642
1044 2 2 0 2 545 572 547
1045 2 2 0 2 578 910 488
1046 2 2 0 2 310 313 312
1047 2 2 0 2 683 1043 616
1048 2 2 0 2 111 971 100
1049 2 2 0 2 573 1133 875
1050 2 2 0 2 459 650 458
1051 2 2 0 2 187 611 185
1052 2 2 0 2 316 958 874
1053 2 2 0 2 172 950 161
1054 2 2 0 2 174 1097 779
1055 2 2 0 2 74 467 75
1056 2 2 0 2 809 810 707
1057 2 2 0 2 379 706 705
1058 2 2 0 2 87 763 762
1059 2 2 0 2 339 341 338
1060 2 2 0 2 473 474 447
1061 2 2 0 2 726 727 495
1062 2 2 0 2 154 554 156
1063 2 2 0 2 126 920 123
1064 2 2 0 2 429 822 370
1065 2 2 0 2 566 821 632
1066 2 2 0 2 580 581 579
1067 2 2 0 2 314 935 309
1068 2 2 0 2 183 674 507
1069 2 2 0 2 381 382 333
1070 2 2 0 2 323 334 322
1071 2 2 0 2 949 1024 747
1072 2 2 0 2 210 681 212
1073 2 2 0 2 207 837 737
1074 2 2 0 2 342 343 341
1075 2 2 0 2 477 744 619
1076 2 2 0 2 548 895 785
1077 2 2 0 2 519 818 398
1078 2 2 0 2 482 574 418
1079 2 2 0 2 414 860 797
1080 2 2 0 2 714 806 471
1081 2 2 0 2 178 742 151
1082 2 2 0 2 379 704 357
1083 2 2 0 2 807 1144 808
1084 2 2 0 2 57 836 96
1085 2 2 0 2 614 695 694
1086 2 2 0 2 486 877 441
1087 2 2 0 2 102 480 63
1088 2 2 0 2 582 584 583
1089 2 2 0 2 881 909 556
1090 2 2 0 2 441 877 445
1091 2 2 0 2 788 1101 208
1092 2 2 0 2 67 97 68
1093 2 2 0 2 706 710 709
1094 2 2 0 2 135 1079 132
1095 2 2 0 2 600 601 555
1096 2 2 0 2 516 835 517
1097 2 2 0 2 461 691 597
1098 2 2 0 2 888 1119 330
1099 2 2 0 2 492 496 494
1100 2 2 0 2 861 962 202
1101 2 2 0 2 347 351 350
1102 2 2 0 2 674 675 507
1103 2 2 0 2 423 627 426
1104 2 2 0 2 950 1124 161
1105 2 2 0 2 608 748 580
1106 2 2 0 2 182 485 142
1107 2 2 0 2 565 794 354
1108 2 2 0 2 561 817 816
1109 2 2 0 2 487 813 789
1110 2 2 0 2 522 523 521
1111 2 2 0 2 396 909 479
1112 2 2 0 2 344 346 343
1113 2 2 0 2 565 795 794
1114 2 2 0 2 591 700 585
1115 2 2 0 2 723 839 724
1116 2 2 0 2 449 455 429
1117 2 2 0 2 650 651 458
1118 2 2 0 2 380 770 512
1119 2 2 0 2 473 475 474
1120 2 2 0 2 709 809 707
1121 2 2 0 2 477 618 617
1122 2 2 0 2 760 761 605
1123 2 2 0 2 431 879 432
1124 2 2 0 2 591 858 700
1125 2 2 0 2 354 794 367
1126 2 2 0 2 959 1092 559
1127 2 2 0 2 468 648 313
1128 2 2 0 2 934 1128 677
1129 2 2 0 2 232 390 234
1130 2 2 0 2 138 1055 140
1131 2 2 0 2 477 617 476
1132 2 2 0 2 614 694 613
1133 2 2 0 2 435 633 433
1134 2 2 0 2 484 506 442
1135 2 2 0 2 590 591 585
1136 2 2 0 2 444 823 376
1137 2 2 0 2 265 845 297
1138 2 2 0 2 451 468 313
1139 2 2 0 2 36 970 905
1140 2 2 0 2 1019 1029 104
1141 2 2 0 2 401 404 402
1142 2 2 0 2 476 665 474
1143 2 2 0 2 174 1152 1097
1144 2 2 0 2 230 914 450
1145 2 2 0 2 528 545 527
1146 2 2 0 2 362 791 765
1147 2 2 0 2 755 1106 197
1148 2 2 0 2 308 425 306
1149 2 2 0 2 618 747 617
1150 2 2 0 2 595 596 593
1151 2 2 0 2 201 755 197
1152 2 2 0 2 403 465 400
1153 2 2 0 2 106 679 561
1154 2 2 0 2 692 693 166
1155 2 2 0 2 408 740 739
1156 2 2 0 2 407 410 409
1157 2 2 0 2 189 1012 741
1158 2 2 0 2 408 796 740
1159 2 2 0 2 457 460 459
1160 2 2 0 2 576 668 603
1161 2 2 0 2 1062 1101 669
1162 2 2 0 2 545 547 527
1163 2 2 0 2 328 357 327
1164 2 2 0 2 170 871 173
1165 2 2 0 2 762 763 510
1166 2 2 0 2 623 624 621
1167 2 2 0 2 108 1103 815
1168 2 2 0 2 900 948 482
1169 2 2 0 2 676 677 587
1170 2 2 0 2 326 1041 859
1171 2 2 0 2 412 456 413
1172 2 2 0 2 799 1036 641
1173 2 2 0 2 196 487 194
1174 2 2 0 2 612 1150 290
1175 2 2 0 2 110 112 111
1176 2 2 0 2 987 1073 98
1177 2 2 0 2 839 854 724
1178 2 2 0 2 571 867 866
1179 2 2 0 2 643 807 642
1180 2 2 0 2 553 841 421
1181 2 2 0 2 587 661 455
1182 2 2 0 2 385 508 383
1183 2 2 0 2 385 846 508
1184 2 2 0 2 145 571 144
1185 2 2 0 2 572 655 547
1186 2 2 0 2 695 774 694
1187 2 2 0 2 709 832 809
1188 2 2 0 2 226 228 227
1189 2 2 0 2 426 551 427
1190 2 2 0 2 317 319 304
1191 2 2 0 2 257 738 722
1192 2 2 0 2 478 566 466
1193 2 2 0 2 146 147 145
1194 2 2 0 2 355 666 552
1195 2 2 0 2 641 642 638
1196 2 2 0 2 966 1059 683
1197 2 2 0 2 811 1128 934
1198 2 2 0 2 443 557 444
1199 2 2 0 2 937 1063 830
1200 2 2 0 2 565 864 795
1201 2 2 0 2 384 385 383
1202 2 2 0 2 791 897 711
1203 2 2 0 2 917 931 95
1204 2 2 0 2 653 660 654
1205 2 2 0 2 399 671 558
1206 2 2 0 2 786 983 266
1207 2 2 0 2 507 735 184
1208 2 2 0 2 589 865 590
1209 2 2 0 2 38 904 842
1210 2 2 0 2 644 670 626
1211 2 2 0 2 453 568 3
1212 2 2 0 2 773 965 489
1213 2 2 0 2 551 756 427
1214 2 2 0 2 43 800 44
1215 2 2 0 2 456 457 413
1216 2 2 0 2 567 883 371
1217 2 2 0 2 934 971 811
1218 2 2 0 2 481 482 418
1219 2 2 0 2 795 851 794
1220 2 2 0 2 637 658 566
1221 2 2 0 2 633 1030 863
1222 2 2 0 2 488 516 515
1223 2 2 0 2 810 824 707
1224 2 2 0 2 457 458 413
1225 2 2 0 2 581 759 579
1226 2 2 0 2 1037 1053 751
1227 2 2 0 2 345 383 381
1228 2 2 0 2 332 608 580
1229 2 2 0 2 358 1110 808
1230 2 2 0 2 241 1080 243
1231 2 2 0 2 456 946 457
1232 2 2 0 2 846 847 508
1233 2 2 0 2 363 403 400
1234 2 2 0 2 480 522 521
1235 2 2 0 2 698 822 455
1236 2 2 0 2 182 680 628
1237 2 2 0 2 413 873 411
1238 2 2 0 2 146 171 148
1239 2 2 0 2 412 413 411
1240 2 2 0 2 571 866 144
1241 2 2 0 2 414 873 860
1242 2 2 0 2 354 366 353
1243 2 2 0 2 703 881 469
1244 2 2 0 2 188 1081 187
1245 2 2 0 2 648 1118 923
1246 2 2 0 2 358 360 359
1247 2 2 0 2 593 858 591
1248 2 2 0 2 150 850 165
1249 2 2 0 2 845 864 565
1250 2 2 0 2 421 422 382
1251 2 2 0 2 596 1071 858
1252 2 2 0 2 122 692 166
1253 2 2 0 2 807 808 642
1254 2 2 0 2 449 901 676
1255 2 2 0 2 597 826 787
1256 2 2 0 2 564 683 616
1257 2 2 0 2 620 622 621
1258 2 2 0 2 541 984 550
1259 2 2 0 2 302 914 228
1260 2 2 0 2 572 656 655
1261 2 2 0 2 182 628 485
1262 2 2 0 2 379 705 704
1263 2 2 0 2 528 918 545
1264 2 2 0 2 889 915 849
1265 2 2 0 2 451 828 702
1266 2 2 0 2 389 559 553
1267 2 2 0 2 84 210 209
1268 2 2 0 2 653 1001 755
1269 2 2 0 2 347 350 346
1270 2 2 0 2 483 569 99
1271 2 2 0 2 531 532 530
1272 2 2 0 2 713 1032 107
1273 2 2 0 2 547 943 913
1274 2 2 0 2 458 873 413
1275 2 2 0 2 769 886 485
1276 2 2 0 2 381 907 389
1277 2 2 0 2 418 890 366
1278 2 2 0 2 352 353 324
1279 2 2 0 2 257 753 738
1280 2 2 0 2 460 649 459
1281 2 2 0 2 600 699 601
1282 2 2 0 2 410 412 411
1283 2 2 0 2 392 490 454
1284 2 2 0 2 449 676 587
1285 2 2 0 2 136 138 137
1286 2 2 0 2 829 877 486
1287 2 2 0 2 453 1048 568
1288 2 2 0 2 588 940 91
1289 2 2 0 2 680 962 628
1290 2 2 0 2 325 327 298
1291 2 2 0 2 308 898 425
1292 2 2 0 2 16 752 17
1293 2 2 0 2 721 833 693
1294 2 2 0 2 630 631 281
1295 2 2 0 2 338 731 335
1296 2 2 0 2 54 91 55
1297 2 2 0 2 478 647 637
1298 2 2 0 2 634 948 900
1299 2 2 0 2 443 444 376
1300 2 2 0 2 416 481 418
1301 2 2 0 2 815 1103 734
1302 2 2 0 2 449 587 455
1303 2 2 0 2 118 941 168
1304 2 2 0 2 808 1144 358
1305 2 2 0 2 544 895 531
1306 2 2 0 2 411 873 414
1307 2 2 0 2 455 822 429
1308 2 2 0 2 776 935 314
1309 2 2 0 2 576 603 542
1310 2 2 0 2 411 414 409
1311 2 2 0 2 114 834 116
1312 2 2 0 2 343 393 341
1313 2 2 0 2 23 926 24
1314 2 2 0 2 598 792 678
1315 2 2 0 2 9 687 10
1316 2 2 0 2 549 600 555
1317 2 2 0 2 315 868 345
1318 2 2 0 2 541 550 546
1319 2 2 0 2 274 1033 332
1320 2 2 0 2 416 418 366
1321 2 2 0 2 702 884 703
1322 2 2 0 2 988 1012 189
1323 2 2 0 2 57 96 58
1324 2 2 0 2 651 873 458
1325 2 2 0 2 604 630 281
1326 2 2 0 2 130 133 132
1327 2 2 0 2 871 872 180
1328 2 2 0 2 635 653 652
1329 2 2 0 2 360 397 395
1330 2 2 0 2 86 972 45
1331 2 2 0 2 485 886 142
1332 2 2 0 2 114 115 113
1333 2 2 0 2 655 1060 817
1334 2 2 0 2 835 1098 444
1335 2 2 0 2 660 745 654
1336 2 2 0 2 487 814 813
1337 2 2 0 2 260 372 371
1338 2 2 0 2 714 855 806
1339 2 2 0 2 185 892 181
1340 2 2 0 2 326 1136 1041
1341 2 2 0 2 653 654 652
1342 2 2 0 2 690 1047 86
1343 2 2 0 2 138 140 139
1344 2 2 0 2 345 868 384
1345 2 2 0 2 817 943 655
1346 2 2 0 2 987 1102 650
1347 2 2 0 2 435 840 633
1348 2 2 0 2 392 454 443
1349 2 2 0 2 279 281 277
1350 2 2 0 2 564 966 683
1351 2 2 0 2 564 576 542
1352 2 2 0 2 812 860 651
1353 2 2 0 2 720 721 693
1354 2 2 0 2 345 381 333
1355 2 2 0 2 526 528 527
1356 2 2 0 2 105 876 764
1357 2 2 0 2 373 768 607
1358 2 2 0 2 311 1108 992
1359 2 2 0 2 326 859 612
1360 2 2 0 2 635 652 546
1361 2 2 0 2 312 989 315
1362 2 2 0 2 8 687 9
1363 2 2 0 2 512 518 513
1364 2 2 0 2 538 966 540
1365 2 2 0 2 730 1101 788
1366 2 2 0 2 633 863 862
1367 2 2 0 2 410 489 412
1368 2 2 0 2 692 720 693
1369 2 2 0 2 423 841 627
1370 2 2 0 2 403 466 465
1371 2 2 0 2 320 825 377
1372 2 2 0 2 448 901 449
1373 2 2 0 2 72 994 109
1374 2 2 0 2 622 623 621
1375 2 2 0 2 624 949 747
1376 2 2 0 2 532 534 533
1377 2 2 0 2 784 1099 460
1378 2 2 0 2 595 908 701
1379 2 2 0 2 572 875 656
1380 2 2 0 2 178 998 766
1381 2 2 0 2 601 819 555
1382 2 2 0 2 241 242 239
1383 2 2 0 2 515 853 484
1384 2 2 0 2 114 116 115
1385 2 2 0 2 508 907 383
1386 2 2 0 2 44 86 45
1387 2 2 0 2 605 906 504
1388 2 2 0 2 648 989 313
1389 2 2 0 2 13 80 14
1390 2 2 0 2 775 887 96
1391 2 2 0 2 611 892 185
1392 2 2 0 2 769 1096 936
1393 2 2 0 2 325 328 327
1394 2 2 0 2 569 1057 901
1395 2 2 0 2 596 858 593
1396 2 2 0 2 526 529 528
1397 2 2 0 2 410 411 409
1398 2 2 0 2 860 873 651
1399 2 2 0 2 547 913 527
1400 2 2 0 2 376 823 348
1401 2 2 0 2 821 961 632
1402 2 2 0 2 513 762 510
1403 2 2 0 2 484 853 506
1404 2 2 0 2 478 637 566
1405 2 2 0 2 488 910 516
1406 2 2 0 2 962 1040 733
1407 2 2 0 2 930 933 198
1408 2 2 0 2 478 874 647
1409 2 2 0 2 802 853 515
1410 2 2 0 2 712 920 615
1411 2 2 0 2 558 1112 779
1412 2 2 0 2 631 968 281
1413 2 2 0 2 683 1116 1043
1414 2 2 0 2 228 229 227
1415 2 2 0 2 377 825 770
1416 2 2 0 2 297 352 324
1417 2 2 0 2 444 1098 823
1418 2 2 0 2 403 478 466
1419 2 2 0 2 187 1081 741
1420 2 2 0 2 96 836 812
1421 2 2 0 2 819 1065 374
1422 2 2 0 2 595 701 596
1423 2 2 0 2 361 392 376
1424 2 2 0 2 866 889 144
1425 2 2 0 2 644 1026 670
1426 2 2 0 2 882 1089 1080
1427 2 2 0 2 703 882 881
1428 2 2 0 2 848 1026 644
1429 2 2 0 2 366 890 353
1430 2 2 0 2 532 533 530
1431 2 2 0 2 842 843 39
1432 2 2 0 2 813 988 189
1433 2 2 0 2 969 974 750
1434 2 2 0 2 273 419 269
1435 2 2 0 2 424 606 422
1436 2 2 0 2 880 1048 519
1437 2 2 0 2 77 947 78
1438 2 2 0 2 85 1120 35
1439 2 2 0 2 350 391 346
1440 2 2 0 2 504 906 844
1441 2 2 0 2 627 1066 426
1442 2 2 0 2 754 970 783
1443 2 2 0 2 112 177 114
1444 2 2 0 2 669 758 85
1445 2 2 0 2 392 443 376
1446 2 2 0 2 903 930 198
1447 2 2 0 2 495 955 493
1448 2 2 0 2 257 883 753
1449 2 2 0 2 294 830 829
1450 2 2 0 2 781 1052 244
1451 2 2 0 2 421 841 423
1452 2 2 0 2 70 95 71
1453 2 2 0 2 614 1034 717
1454 2 2 0 2 849 915 454
1455 2 2 0 2 536 537 534
1456 2 2 0 2 232 954 390
1457 2 2 0 2 83 925 924
1458 2 2 0 2 649 987 459
1459 2 2 0 2 550 635 546
1460 2 2 0 2 433 862 417
1461 2 2 0 2 744 976 619
1462 2 2 0 2 50 1021 51
1463 2 2 0 2 529 980 543
1464 2 2 0 2 1006 1107 939
1465 2 2 0 2 529 530 528
1466 2 2 0 2 214 368 216
1467 2 2 0 2 175 1152 174
1468 2 2 0 2 243 1080 452
1469 2 2 0 2 769 936 171
1470 2 2 0 2 209 1078 42
1471 2 2 0 2 695 1006 942
1472 2 2 0 2 625 1079 135
1473 2 2 0 2 610 1037 751
1474 2 2 0 2 171 936 850
1475 2 2 0 2 328 358 357
1476 2 2 0 2 663 840 438
1477 2 2 0 2 438 840 435
1478 2 2 0 2 238 301 240
1479 2 2 0 2 847 1097 1092
1480 2 2 0 2 386 923 420
1481 2 2 0 2 568 880 93
1482 2 2 0 2 355 552 82
1483 2 2 0 2 592 924 594
1484 2 2 0 2 289 294 287
1485 2 2 0 2 383 907 381
1486 2 2 0 2 676 934 677
1487 2 2 0 2 1015 1048 453
1488 2 2 0 2 353 838 324
1489 2 2 0 2 508 959 907
1490 2 2 0 2 509 793 231
1491 2 2 0 2 604 974 969
1492 2 2 0 2 361 376 348
1493 2 2 0 2 827 926 83
1494 2 2 0 2 483 971 934
1495 2 2 0 2 393 1123 912
1496 2 2 0 2 535 538 536
1497 2 2 0 2 1011 1085 311
1498 2 2 0 2 427 960 424
1499 2 2 0 2 228 914 230
1500 2 2 0 2 711 897 624
1501 2 2 0 2 755 1113 653
1502 2 2 0 2 21 1115 645
1503 2 2 0 2 21 645 511
1504 2 2 0 2 162 1124 950
1505 2 2 0 2 678 982 932
1506 2 2 0 2 512 513 510
1507 2 2 0 2 343 878 393
1508 2 2 0 2 243 247 242
1509 2 2 0 2 87 762 514
1510 2 2 0 2 391 878 346
1511 2 2 0 2 857 976 856
1512 2 2 0 2 750 974 928
1513 2 2 0 2 421 423 422
1514 2 2 0 2 37 904 38
1515 2 2 0 2 160 1124 799
1516 2 2 0 2 400 401 364
1517 2 2 0 2 83 926 23
1518 2 2 0 2 897 949 624
1519 2 2 0 2 47 958 316
1520 2 2 0 2 211 646 209
1521 2 2 0 2 633 862 433
1522 2 2 0 2 165 1131 152
1523 2 2 0 2 563 928 602
1524 2 2 0 2 346 878 343
1525 2 2 0 2 775 1102 887
1526 2 2 0 2 573 875 572
1527 2 2 0 2 751 901 448
1528 2 2 0 2 202 962 733
1529 2 2 0 2 882 1052 479
1530 2 2 0 2 678 932 262
1531 2 2 0 2 825 1150 770
1532 2 2 0 2 32 1062 33
1533 2 2 0 2 740 922 739
1534 2 2 0 2 316 363 355
1535 2 2 0 2 799 1124 162
1536 2 2 0 2 643 993 807
1537 2 2 0 2 833 1074 654
1538 2 2 0 2 264 956 252
1539 2 2 0 2 325 365 328
1540 2 2 0 2 368 921 906
1541 2 2 0 2 212 921 214
1542 2 2 0 2 33 577 34
1543 2 2 0 2 362 897 791
1544 2 2 0 2 532 535 534
1545 2 2 0 2 574 890 418
1546 2 2 0 2 844 921 681
1547 2 2 0 2 874 958 647
1548 2 2 0 2 384 923 386
1549 2 2 0 2 637 690 658
1550 2 2 0 2 785 895 544
1551 2 2 0 2 726 728 727
1552 2 2 0 2 325 838 365
1553 2 2 0 2 423 424 422
1554 2 2 0 2 746 1088 166
1555 2 2 0 2 863 900 481
1556 2 2 0 2 338 911 731
1557 2 2 0 2 482 948 575
1558 2 2 0 2 244 1114 781
1559 2 2 0 2 556 952 468
1560 2 2 0 2 110 111 100
1561 2 2 0 2 313 989 312
1562 2 2 0 2 472 950 172
1563 2 2 0 2 668 1147 716
1564 2 2 0 2 562 999 849
1565 2 2 0 2 47 1046 48
1566 2 2 0 2 225 954 232
1567 2 2 0 2 334 348 322
1568 2 2 0 2 616 992 576
1569 2 2 0 2 818 1015 610
1570 2 2 0 2 696 973 712
1571 2 2 0 2 84 843 210
1572 2 2 0 2 672 993 719
1573 2 2 0 2 555 819 785
1574 2 2 0 2 867 1005 557
1575 2 2 0 2 1010 1087 163
1576 2 2 0 2 142 886 143
1577 2 2 0 2 125 126 123
1578 2 2 0 2 689 996 207
1579 2 2 0 2 353 890 838
1580 2 2 0 2 260 371 258
1581 2 2 0 2 541 546 539
1582 2 2 0 2 471 1093 129
1583 2 2 0 2 393 912 911
1584 2 2 0 2 80 826 14
1585 2 2 0 2 581 888 759
1586 2 2 0 2 540 564 542
1587 2 2 0 2 465 990 400
1588 2 2 0 2 266 983 251
1589 2 2 0 2 317 938 629
1590 2 2 0 2 779 1069 558
1591 2 2 0 2 401 430 404
1592 2 2 0 2 92 1020 922
1593 2 2 0 2 853 891 506
1594 2 2 0 2 159 1000 170
1595 2 2 0 2 250 1027 263
1596 2 2 0 2 852 1073 987
1597 2 2 0 2 281 968 277
1598 2 2 0 2 681 921 212
1599 2 2 0 2 819 820 785
1600 2 2 0 2 467 483 99
1601 2 2 0 2 623 1032 713
1602 2 2 0 2 245 896 356
1603 2 2 0 2 260 415 372
1604 2 2 0 2 363 364 355
1605 2 2 0 2 535 536 534
1606 2 2 0 2 481 900 482
1607 2 2 0 2 638 945 574
1608 2 2 0 2 237 1137 1035
1609 2 2 0 2 5 1023 6
1610 2 2 0 2 291 1022 928
1611 2 2 0 2 324 325 298
1612 2 2 0 2 319 937 304
1613 2 2 0 2 721 1013 927
1614 2 2 0 2 709 1083 832
1615 2 2 0 2 817 975 816
1616 2 2 0 2 652 944 546
1617 2 2 0 2 341 911 338
1618 2 2 0 2 254 1075 718
1619 2 2 0 2 802 1010 163
1620 2 2 0 2 832 1083 301
1621 2 2 0 2 115 1128 811
1622 2 2 0 2 102 1140 685
1623 2 2 0 2 927 1151 721
1624 2 2 0 2 279 604 281
1625 2 2 0 2 196 933 487
1626 2 2 0 2 234 986 236
1627 2 2 0 2 847 959 508
1628 2 2 0 2 850 1061 165
1629 2 2 0 2 804 1100 805
1630 2 2 0 2 703 1089 882
1631 2 2 0 2 922 981 92
1632 2 2 0 2 649 1019 852
1633 2 2 0 2 1052 1080 244
1634 2 2 0 2 583 888 581
1635 2 2 0 2 997 1031 640
1636 2 2 0 2 981 1038 588
1637 2 2 0 2 324 838 325
1638 2 2 0 2 940 991 899
1639 2 2 0 2 891 1104 742
1640 2 2 0 2 560 917 97
1641 2 2 0 2 588 1003 981
1642 2 2 0 2 52 1003 53
1643 2 2 0 2 620 857 815
1644 2 2 0 2 545 918 573
1645 2 2 0 2 424 960 606
1646 2 2 0 2 548 966 538
1647 2 2 0 2 1028 1040 680
1648 2 2 0 2 869 968 631
1649 2 2 0 2 538 539 536
1650 2 2 0 2 93 1023 5
1651 2 2 0 2 868 923 384
1652 2 2 0 2 46 958 47
1653 2 2 0 2 156 1000 159
1654 2 2 0 2 112 1141 177
1655 2 2 0 2 450 1117 870
1656 2 2 0 2 61 505 81
1657 2 2 0 2 826 1004 15
1658 2 2 0 2 551 1066 930
1659 2 2 0 2 487 933 814
1660 2 2 0 2 161 1124 160
1661 2 2 0 2 916 1128 115
1662 2 2 0 2 816 975 203
1663 2 2 0 2 741 957 611
1664 2 2 0 2 245 356 229
1665 2 2 0 2 125 127 126
1666 2 2 0 2 132 1079 131
1667 2 2 0 2 210 212 211
1668 2 2 0 2 733 1134 855
1669 2 2 0 2 166 1088 124
1670 2 2 0 2 659 1024 340
1671 2 2 0 2 368 978 216
1672 2 2 0 2 203 1082 931
1673 2 2 0 2 55 899 56
1674 2 2 0 2 116 941 118
1675 2 2 0 2 717 1107 1006
1676 2 2 0 2 605 1016 906
1677 2 2 0 2 841 1012 988
1678 2 2 0 2 42 1078 43
1679 2 2 0 2 222 1031 226
1680 2 2 0 2 808 1054 642
1681 2 2 0 2 830 1076 937
1682 2 2 0 2 534 927 533
1683 2 2 0 2 537 927 534
1684 2 2 0 2 645 664 511
1685 2 2 0 2 393 911 341
1686 2 2 0 2 742 1104 149
1687 2 2 0 2 90 857 856
1688 2 2 0 2 701 1136 767
1689 2 2 0 2 140 182 142
1690 2 2 0 2 522 524 523
1691 2 2 0 2 1092 1097 176
1692 2 2 0 2 578 1063 910
1693 2 2 0 2 33 1062 577
1694 2 2 0 2 719 1050 671
1695 2 2 0 2 468 952 648
1696 2 2 0 2 89 1053 1037
1697 2 2 0 2 309 935 308
1698 2 2 0 2 762 1044 514
1699 2 2 0 2 824 1139 356
1700 2 2 0 2 304 937 292
1701 2 2 0 2 454 915 443
1702 2 2 0 2 804 993 672
1703 2 2 0 2 210 211 209
1704 2 2 0 2 929 930 903
1705 2 2 0 2 882 1080 1052
1706 2 2 0 2 677 1042 587
1707 2 2 0 2 65 876 66
1708 2 2 0 2 363 400 364
1709 2 2 0 2 543 980 778
1710 2 2 0 2 236 1132 238
1711 2 2 0 2 885 1131 165
1712 2 2 0 2 540 542 541
1713 2 2 0 2 526 527 525
1714 2 2 0 2 777 1117 772
1715 2 2 0 2 617 1072 476
1716 2 2 0 2 123 920 121
1717 2 2 0 2 509 961 793
1718 2 2 0 2 859 1041 518
1719 2 2 0 2 300 1142 828
1720 2 2 0 2 816 931 560
1721 2 2 0 2 551 930 929
1722 2 2 0 2 443 915 557
1723 2 2 0 2 670 1107 626
1724 2 2 0 2 611 957 951
1725 2 2 0 2 575 948 799
1726 2 2 0 2 699 1099 784
1727 2 2 0 2 493 955 667
1728 2 2 0 2 663 919 840
1729 2 2 0 2 278 280 279
1730 2 2 0 2 45 972 46
1731 2 2 0 2 823 1098 938
1732 2 2 0 2 576 992 668
1733 2 2 0 2 470 1100 803
1734 2 2 0 2 256 258 255
1735 2 2 0 2 241 243 242
1736 2 2 0 2 834 941 116
1737 2 2 0 2 673 1119 858
1738 2 2 0 2 170 1000 871
1739 2 2 0 2 444 1005 835
1740 2 2 0 2 297 324 298
1741 2 2 0 2 334 361 348
1742 2 2 0 2 95 994 71
1743 2 2 0 2 265 266 251
1744 2 2 0 2 845 956 864
1745 2 2 0 2 546 944 539
1746 2 2 0 2 635 1001 653
1747 2 2 0 2 671 1112 558
1748 2 2 0 2 315 989 868
1749 2 2 0 2 361 977 392
1750 2 2 0 2 392 977 490
1751 2 2 0 2 254 255 253
1752 2 2 0 2 82 1046 355
1753 2 2 0 2 249 896 245
1754 2 2 0 2 230 450 246
1755 2 2 0 2 938 1098 629
1756 2 2 0 2 860 991 797
1757 2 2 0 2 849 999 889
1758 2 2 0 2 374 1148 894
1759 2 2 0 2 922 1020 666
1760 2 2 0 2 533 1013 918
1761 2 2 0 2 899 991 836
1762 2 2 0 2 524 525 523
1763 2 2 0 2 177 1141 975
1764 2 2 0 2 254 256 255
1765 2 2 0 2 71 994 72
1766 2 2 0 2 127 128 126
1767 2 2 0 2 906 1016 368
1768 2 2 0 2 717 1006 695
1769 2 2 0 2 283 291 280
1770 2 2 0 2 466 982 465
1771 2 2 0 2 550 903 635
1772 2 2 0 2 540 541 539
1773 2 2 0 2 927 1013 533
1774 2 2 0 2 759 1111 579
1775 2 2 0 2 131 1034 614
1776 2 2 0 2 666 1020 552
1777 2 2 0 2 841 988 627
1778 2 2 0 2 43 1078 800
1779 2 2 0 2 375 942 350
1780 2 2 0 2 551 929 756
1781 2 2 0 2 622 815 734
1782 2 2 0 2 75 467 99
1783 2 2 0 2 1019 1099 699
1784 2 2 0 2 557 1005 444
1785 2 2 0 2 637 1047 690
1786 2 2 0 2 307 309 308
1787 2 2 0 2 265 297 266
1788 2 2 0 2 391 1006 939
1789 2 2 0 2 248 253 247
1790 2 2 0 2 527 913 525
1791 2 2 0 2 586 1109 837
1792 2 2 0 2 812 991 860
1793 2 2 0 2 250 251 249
1794 2 2 0 2 293 1150 825
1795 2 2 0 2 48 82 49
1796 2 2 0 2 167 1042 916
1797 2 2 0 2 390 986 234
1798 2 2 0 2 308 935 898
1799 2 2 0 2 425 1039 306
1800 2 2 0 2 58 887 59
1801 2 2 0 2 748 1138 586
1802 2 2 0 2 246 249 245
1803 2 2 0 2 854 1153 430
1804 2 2 0 2 558 1069 846
1805 2 2 0 2 568 1048 880
1806 2 2 0 2 350 942 391
1807 2 2 0 2 811 971 111
1808 2 2 0 2 391 939 878
1809 2 2 0 2 99 609 76
1810 2 2 0 2 297 298 266
1811 2 2 0 2 49 1094 50
1812 2 2 0 2 218 978 640
1813 2 2 0 2 818 1048 1015
1814 2 2 0 2 679 943 561
1815 2 2 0 2 35 1120 36
1816 2 2 0 2 835 1005 517
1817 2 2 0 2 889 1051 144
1818 2 2 0 2 803 1100 804
1819 2 2 0 2 518 1009 513
1820 2 2 0 2 206 985 689
1821 2 2 0 2 696 1095 973
1822 2 2 0 2 611 951 892
1823 2 2 0 2 25 979 204
1824 2 2 0 2 163 1104 891
1825 2 2 0 2 480 684 522
1826 2 2 0 2 402 1130 364
1827 2 2 0 2 13 743 80
1828 2 2 0 2 653 1113 660
1829 2 2 0 2 107 1032 734
1830 2 2 0 2 207 996 837
1831 2 2 0 2 249 983 896
1832 2 2 0 2 716 1147 1008
1833 2 2 0 2 839 1153 854
1834 2 2 0 2 11 856 12
1835 2 2 0 2 294 1076 830
1836 2 2 0 2 270 1085 790
1837 2 2 0 2 122 166 124
1838 2 2 0 2 604 969 630
1839 2 2 0 2 277 968 275
1840 2 2 0 2 632 982 466
1841 2 2 0 2 426 1066 551
1842 2 2 0 2 1083 1114 301
1843 2 2 0 2 561 943 817
1844 2 2 0 2 292 1076 289
1845 2 2 0 2 906 921 844
1846 2 2 0 2 15 1004 16
1847 2 2 0 2 774 1095 696
1848 2 2 0 2 197 1106 196
1849 2 2 0 2 570 1035 599
1850 2 2 0 2 489 1025 412
1851 2 2 0 2 301 1132 832
1852 2 2 0 2 259 260 258
1853 2 2 0 2 526 980 529
1854 2 2 0 2 243 248 247
1855 2 2 0 2 601 1065 819
1856 2 2 0 2 256 259 258
1857 2 2 0 2 554 1000 156
1858 2 2 0 2 244 1080 241
1859 2 2 0 2 536 944 537
1860 2 2 0 2 912 1026 490
1861 2 2 0 2 691 1004 597
1862 2 2 0 2 415 894 372
1863 2 2 0 2 401 990 430
1864 2 2 0 2 676 1057 934
1865 2 2 0 2 639 1056 827
1866 2 2 0 2 1080 1089 452
1867 2 2 0 2 403 874 478
1868 2 2 0 2 553 1012 841
1869 2 2 0 2 363 874 403
1870 2 2 0 2 457 946 460
1871 2 2 0 2 821 1049 961
1872 2 2 0 2 182 1055 680
1873 2 2 0 2 517 1005 867
1874 2 2 0 2 252 265 251
1875 2 2 0 2 589 996 865
1876 2 2 0 2 456 1149 946
1877 2 2 0 2 86 1047 972
1878 2 2 0 2 430 1153 404
1879 2 2 0 2 263 1027 870
1880 2 2 0 2 801 1022 285
1881 2 2 0 2 685 852 104
1882 2 2 0 2 50 1094 1021
1883 2 2 0 2 198 1001 903
1884 2 2 0 2 638 1054 945
1885 2 2 0 2 96 887 58
1886 2 2 0 2 836 991 812
1887 2 2 0 2 823 1125 348
1888 2 2 0 2 865 1056 639
1889 2 2 0 2 603 984 542
1890 2 2 0 2 747 1024 617
1891 2 2 0 2 406 1153 839
1892 2 2 0 2 721 1151 833
1893 2 2 0 2 938 1125 823
1894 2 2 0 2 230 245 229
1895 2 2 0 2 656 941 834
1896 2 2 0 2 894 1148 372
1897 2 2 0 2 293 305 304
1898 2 2 0 2 240 241 239
1899 2 2 0 2 250 252 251
1900 2 2 0 2 460 1099 649
1901 2 2 0 2 519 1048 818
1902 2 2 0 2 127 129 128
1903 2 2 0 2 230 246 245
1904 2 2 0 2 122 124 123
1905 2 2 0 2 155 1135 697
1906 2 2 0 2 923 1118 420
1907 2 2 0 2 939 1107 670
1908 2 2 0 2 483 1057 569
1909 2 2 0 2 806 1134 169
1910 2 2 0 2 142 143 141
1911 2 2 0 2 652 1074 944
1912 2 2 0 2 390 1143 809
1913 2 2 0 2 331 1049 821
1914 2 2 0 2 649 1099 1019
1915 2 2 0 2 248 254 253
1916 2 2 0 2 918 1013 573
1917 2 2 0 2 999 1051 889
1918 2 2 0 2 838 945 365
1919 2 2 0 2 863 1014 900
1920 2 2 0 2 647 1047 637
1921 2 2 0 2 246 250 249
1922 2 2 0 2 910 1126 516
1923 2 2 0 2 227 953 224
1924 2 2 0 2 91 831 588
1925 2 2 0 2 790 1043 415
1926 2 2 0 2 169 1040 1028
1927 2 2 0 2 538 540 539
1928 2 2 0 2 641 1036 643
1929 2 2 0 2 1040 1134 733
1930 2 2 0 2 579 1111 276
1931 2 2 0 2 75 99 76
1932 2 2 0 2 289 1076 294
1933 2 2 0 2 212 213 211
1934 2 2 0 2 560 931 917
1935 2 2 0 2 574 945 890
1936 2 2 0 2 833 1151 1074
1937 2 2 0 2 913 1070 525
1938 2 2 0 2 916 1042 677
1939 2 2 0 2 430 964 854
1940 2 2 0 2 840 1030 633
1941 2 2 0 2 16 1004 752
1942 2 2 0 2 27 985 28
1943 2 2 0 2 285 1022 283
1944 2 2 0 2 898 1008 425
1945 2 2 0 2 2 453 3
1946 2 2 0 2 355 1130 666
1947 2 2 0 2 322 1125 318
1948 2 2 0 2 619 857 620
1949 2 2 0 2 740 981 922
1950 2 2 0 2 660 1113 1007
1951 2 2 0 2 251 983 249
1952 2 2 0 2 88 876 65
1953 2 2 0 2 203 1141 110
1954 2 2 0 2 524 526 525
1955 2 2 0 2 864 1121 419
1956 2 2 0 2 125 179 127
1957 2 2 0 2 356 1002 229
1958 2 2 0 2 858 1119 700
1959 2 2 0 2 154 1131 554
1960 2 2 0 2 752 1004 691
1961 2 2 0 2 893 1025 753
1962 2 2 0 2 945 1054 365
1963 2 2 0 2 91 940 899
1964 2 2 0 2 654 1074 652
1965 2 2 0 2 1050 1112 671
1966 2 2 0 2 219 331 217
1967 2 2 0 2 228 230 229
1968 2 2 0 2 737 1090 729
1969 2 2 0 2 846 1069 847
1970 2 2 0 2 539 944 536
1971 2 2 0 2 1041 1136 701
1972 2 2 0 2 355 1046 316
1973 2 2 0 2 243 452 248
1974 2 2 0 2 218 640 220
1975 2 2 0 2 305 317 304
1976 2 2 0 2 808 1110 1054
1977 2 2 0 2 761 1016 605
1978 2 2 0 2 587 1042 661
1979 2 2 0 2 837 1109 737
1980 2 2 0 2 233 1127 509
1981 2 2 0 2 420 1118 715
1982 2 2 0 2 479 909 881
1983 2 2 0 2 556 1018 952
1984 2 2 0 2 59 995 60
1985 2 2 0 2 511 967 925
1986 2 2 0 2 158 1030 919
1987 2 2 0 2 129 1093 130
1988 2 2 0 2 908 1041 701
1989 2 2 0 2 400 990 401
1990 2 2 0 2 215 464 213
1991 2 2 0 2 238 1132 301
1992 2 2 0 2 712 1067 920
1993 2 2 0 2 513 1044 762
1994 2 2 0 2 674 1061 675
1995 2 2 0 2 664 967 511
1996 2 2 0 2 909 1018 556
1997 2 2 0 2 109 1082 203
1998 2 2 0 2 112 113 111
1999 2 2 0 2 952 1018 715
2000 2 2 0 2 847 1092 959
2001 2 2 0 2 204 979 827
2002 2 2 0 2 809 1143 810
2003 2 2 0 2 890 945 838
2004 2 2 0 2 216 978 218
2005 2 2 0 2 316 874 363
2006 2 2 0 2 307 308 306
2007 2 2 0 2 140 141 139
2008 2 2 0 2 622 1032 623
2009 2 2 0 2 688 1096 769
2010 2 2 0 2 779 1112 472
2011 2 2 0 2 901 1057 676
2012 2 2 0 2 64 88 65
2013 2 2 0 2 609 1053 947
2014 2 2 0 2 92 1003 52
2015 2 2 0 2 550 929 903
2016 2 2 0 2 670 1123 939
2017 2 2 0 2 796 1038 740
2018 2 2 0 2 224 953 225
2019 2 2 0 2 425 1147 1039
2020 2 2 0 2 542 984 541
2021 2 2 0 2 944 1074 537
2022 2 2 0 2 642 1054 638
2023 2 2 0 2 196 1106 933
2024 2 2 0 2 905 970 754
2025 2 2 0 2 806 1093 471
2026 2 2 0 2 133 169 134
2027 2 2 0 2 827 979 926
2028 2 2 0 2 283 1022 291
2029 2 2 0 2 900 1014 634
2030 2 2 0 2 827 1056 205
2031 2 2 0 2 657 1077 714
2032 2 2 0 2 273 1129 419
2033 2 2 0 2 358 1144 360
2034 2 2 0 2 933 1106 198
2035 2 2 0 2 177 1060 834
2036 2 2 0 2 650 1102 775
2037 2 2 0 2 91 899 55
2038 2 2 0 2 330 1119 673
2039 2 2 0 2 520 1105 880
2040 2 2 0 2 953 954 225
2041 2 2 0 2 569 1053 609
2042 2 2 0 2 913 943 679
2043 2 2 0 2 797 991 940
2044 2 2 0 2 569 609 99
2045 2 2 0 2 740 1038 981
2046 2 2 0 2 208 1101 1062
2047 2 2 0 2 1058 1100 470
2048 2 2 0 2 934 1057 483
2049 2 2 0 2 947 1053 89
2050 2 2 0 2 229 1002 227
2051 2 2 0 2 130 1093 133
2052 2 2 0 2 419 1129 869
2053 2 2 0 2 870 1027 450
2054 2 2 0 2 710 1083 709
2055 2 2 0 2 145 1087 571
2056 2 2 0 2 467 971 483
2057 2 2 0 2 956 1121 864
2058 2 2 0 2 450 1027 246
2059 2 2 0 2 240 244 241
2060 2 2 0 2 364 1130 355
2061 2 2 0 2 656 1060 655
2062 2 2 0 2 476 1072 665
2063 2 2 0 2 852 1019 104
2064 2 2 0 2 415 1116 894
2065 2 2 0 2 554 1131 885
2066 2 2 0 2 56 899 836
2067 2 2 0 2 920 1067 121
2068 2 2 0 2 810 1139 824
2069 2 2 0 2 46 972 958
2070 2 2 0 2 24 979 25
2071 2 2 0 2 140 142 141
2072 2 2 0 2 81 103 62
2073 2 2 0 2 101 852 685
2074 2 2 0 2 728 1138 727
2075 2 2 0 2 328 1110 358
2076 2 2 0 2 597 1004 826
2077 2 2 0 2 679 1070 913
2078 2 2 0 2 616 1011 992
2079 2 2 0 2 1097 1152 176
2080 2 2 0 2 805 1058 636
2081 2 2 0 2 931 1082 95
2082 2 2 0 2 275 1129 273
2083 2 2 0 2 1007 1077 657
2084 2 2 0 2 7 1103 8
2085 2 2 0 2 31 963 32
2086 2 2 0 2 224 225 223
2087 2 2 0 2 404 1153 406
2088 2 2 0 2 680 1055 1028
2089 2 2 0 2 204 827 205
2090 2 2 0 2 577 669 85
2091 2 2 0 2 136 1055 138
2092 2 2 0 2 121 1067 119
2093 2 2 0 2 727 1138 748
2094 2 2 0 2 246 1027 250
2095 2 2 0 2 452 1089 1075
2096 2 2 0 2 60 995 505
2097 2 2 0 2 125 1088 179
2098 2 2 0 2 66 876 105
2099 2 2 0 2 472 1050 950
2100 2 2 0 2 942 1006 391
2101 2 2 0 2 939 1123 878
2102 2 2 0 2 291 1146 280
2103 2 2 0 2 1039 1147 1108
2104 2 2 0 2 169 1028 134
2105 2 2 0 2 525 1070 523
2106 2 2 0 2 227 1002 953
2107 2 2 0 2 44 800 86
2108 2 2 0 2 645 1009 664
2109 2 2 0 2 919 1030 840
2110 2 2 0 2 516 1126 835
2111 2 2 0 2 139 1051 999
2112 2 2 0 2 646 1078 209
2113 2 2 0 2 419 1121 269
2114 2 2 0 2 884 1089 703
2115 2 2 0 2 910 1063 319
2116 2 2 0 2 472 1112 1050
2117 2 2 0 2 619 976 857
2118 2 2 0 2 928 974 291
2119 2 2 0 2 6 1023 107
2120 2 2 0 2 986 1132 236
2121 2 2 0 2 697 1135 919
2122 2 2 0 2 113 811 111
2123 2 2 0 2 129 130 128
2124 2 2 0 2 365 1110 328
2125 2 2 0 2 869 1129 968
2126 2 2 0 2 1028 1055 136
2127 2 2 0 2 318 1125 938
2128 2 2 0 2 640 1031 220
2129 2 2 0 2 894 1059 820
2130 2 2 0 2 961 1049 793
2131 2 2 0 2 95 1082 994
2132 2 2 0 2 222 224 223
2133 2 2 0 2 269 1121 264
2134 2 2 0 2 521 876 88
2135 2 2 0 2 360 1144 397
2136 2 2 0 2 368 1016 978
2137 2 2 0 2 716 1008 960
2138 2 2 0 2 919 1135 158
2139 2 2 0 2 1015 1037 610
2140 2 2 0 2 1013 1133 573
2141 2 2 0 2 134 1028 136
2142 2 2 0 2 131 1079 1034
2143 2 2 0 2 832 1132 986
2144 2 2 0 2 937 1076 292
2145 2 2 0 2 1009 1044 513
2146 2 2 0 2 147 1087 145
2147 2 2 0 2 319 1063 937
2148 2 2 0 2 855 1134 806
2149 2 2 0 2 212 214 213
2150 2 2 0 2 903 1001 635
2151 2 2 0 2 222 223 221
2152 2 2 0 2 514 902 87
2153 2 2 0 2 616 1043 1011
2154 2 2 0 2 878 1123 393
2155 2 2 0 2 152 1131 154
2156 2 2 0 2 301 1114 240
2157 2 2 0 2 677 1128 916
2158 2 2 0 2 932 1127 262
2159 2 2 0 2 256 261 259
2160 2 2 0 2 729 1090 963
2161 2 2 0 2 958 972 647
2162 2 2 0 2 509 1127 932
2163 2 2 0 2 201 1113 755
2164 2 2 0 2 514 1115 20
2165 2 2 0 2 952 1118 648
2166 2 2 0 2 101 1073 852
2167 2 2 0 2 311 1085 295
2168 2 2 0 2 1086 1143 954
2169 2 2 0 2 452 1075 248
2170 2 2 0 2 141 1051 139
2171 2 2 0 2 306 1039 299
2172 2 2 0 2 279 1146 604
2173 2 2 0 2 981 1003 92
2174 2 2 0 2 48 1046 82
2175 2 2 0 2 720 1133 721
2176 2 2 0 2 810 1143 1086
2177 2 2 0 2 682 1064 1035
2178 2 2 0 2 453 1045 1015
2179 2 2 0 2 972 1047 647
2180 2 2 0 2 214 215 213
2181 2 2 0 2 480 521 88
2182 2 2 0 2 216 217 215
2183 2 2 0 2 216 218 217
2184 2 2 0 2 831 1003 588
2185 2 2 0 2 537 1151 927
2186 2 2 0 2 214 216 215
2187 2 2 0 2 953 1086 954
2188 2 2 0 2 356 1139 1002
2189 2 2 0 2 524 980 526
2190 2 2 0 2 220 1031 222
2191 2 2 0 2 894 1116 1059
2192 2 2 0 2 893 1149 456
2193 2 2 0 2 300 307 306
2194 2 2 0 2 220 222 221
2195 2 2 0 2 53 1003 831
2196 2 2 0 2 974 1146 291
2197 2 2 0 2 968 1129 275
2198 2 2 0 2 110 1141 112
2199 2 2 0 2 316 1046 47
2200 2 2 0 2 348 1125 322
2201 2 2 0 2 271 349 296
2202 2 2 0 2 32 963 208
2203 2 2 0 2 1054 1110 365
2204 2 2 0 2 271 295 270
2205 2 2 0 2 112 114 113
2206 2 2 0 2 1035 1137 682
2207 2 2 0 2 800 1078 646
2208 2 2 0 2 834 1060 656
2209 2 2 0 2 300 306 299
2210 2 2 0 2 734 1032 622
2211 2 2 0 2 218 219 217
2212 2 2 0 2 1069 1097 847
2213 2 2 0 2 264 1121 956
2214 2 2 0 2 604 1146 974
2215 2 2 0 2 954 1143 390
2216 2 2 0 2 1015 1045 1037
2217 2 2 0 2 295 1085 270
2218 2 2 0 2 1011 1043 790
2219 2 2 0 2 946 1149 607
2220 2 2 0 2 240 1114 244
2221 2 2 0 2 951 1092 176
2222 2 2 0 2 729 963 31
2223 2 2 0 2 220 221 219
2224 2 2 0 2 2 1045 453
2225 2 2 0 2 842 904 94
2226 2 2 0 2 299 1039 311
2227 2 2 0 2 992 1108 668
2228 2 2 0 2 218 220 219
2229 2 2 0 2 645 1044 1009
2230 2 2 0 2 1021 1094 1020
2231 2 2 0 2 8 1103 108
2232 2 2 0 2 280 1146 279
2233 2 2 0 2 790 1085 1011
2234 2 2 0 2 1039 1108 311
2235 2 2 0 2 1008 1147 425
2236 2 2 0 2 975 1141 203
2237 2 2 0 2 1035 1064 599
2238 2 2 0 2 299 311 295
2239 2 2 0 2 1084 1135 155
2240 2 2 0 2 1002 1086 953
2241 2 2 0 2 1074 1151 537
2242 2 2 0 2 659 1091 1072
2243 2 2 0 2 248 1075 254
2244 2 2 0 2 36 1120 970
2245 2 2 0 2 82 1094 49
2246 2 2 0 2 571 1087 1010
2247 2 2 0 2 103 1140 102
2248 2 2 0 2 685 1140 101
2249 2 2 0 2 1034 1079 625
2250 2 2 0 2 721 1133 1013
2251 2 2 0 2 101 1140 505
2252 2 2 0 2 108 687 8
2253 2 2 0 2 1002 1139 1086
2254 2 2 0 2 835 1126 1098
2255 2 2 0 2 296 1142 300
2256 2 2 0 2 1059 1116 683
2257 2 2 0 2 349 1142 296
2258 2 2 0 2 586 1138 1109
2259 2 2 0 2 994 1082 109
2260 2 2 0 2 261 271 270
2261 2 2 0 2 261 270 259
2262 2 2 0 2 1044 1115 514
2263 2 2 0 2 926 979 24
2264 2 2 0 2 1109 1138 728
2265 2 2 0 2 505 1140 81
2266 2 2 0 2 1072 1091 665
2267 2 2 0 2 1098 1126 629
2268 2 2 0 2 1043 1116 415
2269 2 2 0 2 779 1097 1069
2270 2 2 0 2 37 905 904
2271 2 2 0 2 102 684 480
2272 2 2 0 2 774 1145 1095
2273 2 2 0 2 296 299 295
2274 2 2 0 2 1037 1045 89
2275 2 2 0 2 92 1021 1020
2276 2 2 0 2 133 134 132
2277 2 2 0 2 29 79 30
2278 2 2 0 2 124 1088 125
2279 2 2 0 2 296 300 299
2280 2 2 0 2 208 1062 32
2281 2 2 0 2 715 1118 952
2282 2 2 0 2 805 1100 1058
2283 2 2 0 2 1122 1127 233
2284 2 2 0 2 1086 1139 810
2285 2 2 0 2 169 1134 1040
2286 2 2 0 2 645 1115 1044
2287 2 2 0 2 262 1127 1122
2288 2 2 0 2 271 296 295
2289 2 2 0 2 158 1135 1084
2290 2 2 0 2 61 81 62
2291 2 2 0 2 29 206 79
2292 2 2 0 2 1095 1145 698
2293 2 2 0 2 1108 1147 668
2294 2 2 0 2 904 905 94
2295 2 2 0 2 552 1094 82
2296 2 2 0 2 1020 1094 552
2297 2 2 0 2 81 1140 103
2298 2 2 0 2 63 103 102
2299 2 2 0 2 90 856 11
2300 2 2 0 2 124 125 123
2301 2 2 0 2 970 1120 783
2302 2 2 0 2 63 480 64
2303 2 2 0 2 94 905 844
2304 2 2 0 2 844 905 754
2305 2 2 0 2 783 1120 758
2306 2 2 0 3 1389 2022 1840
2307 2 2 0 3 1861 2061 1661
2308 2 2 0 3 38 2105 37
2309 2 2 0 3 1240 1741 1241
2310 2 2 0 3 1389 1840 1392
2311 2 2 0 3 1738 2101 1784
2312 2 2 0 3 1708 1862 1381
2313 2 2 0 3 1879 1880 1355
2314 2 2 0 3 59 2177 1548
2315 2 2 0 3 1784 2101 1230
2316 2 2 0 3 1404 1860 1407
2317 2 2 0 3 1379 1708 1381
2318 2 2 0 3 1349 1827 1809
2319 2 2 0 3 1682 2056 1457
2320 2 2 0 3 1372 1373 1313
2321 2 2 0 3 1944 2061 1861
2322 2 2 0 3 1457 2055 1682
2323 2 2 0 3 1515 1900 1875
2324 2 2 0 3 20 2133 19
2325 2 2 0 3 1824 1912 1336
2326 2 2 0 3 19 1180 1179
2327 2 2 0 3 1242 2091 1239
2328 2 2 0 3 1167 1181 1180
2329 2 2 0 3 1875 2032 1515
2330 2 2 0 3 1241 1245 1243
2331 2 2 0 3 2094 2142 2093
2332 2 2 0 3 1880 1881 1355
2333 2 2 0 3 1155 1883 1174
2334 2 2 0 3 1241 1242 1239
2335 2 2 0 3 1240 2031 1741
2336 2 2 0 3 1764 1765 1524
2337 2 2 0 3 1265 1990 1599
2338 2 2 0 3 51 2000 50
2339 2 2 0 3 1231 2028 1229
2340 2 2 0 3 60 2177 59
2341 2 2 0 3 1391 2022 1389
2342 2 2 0 3 1711 2105 38
2343 2 2 0 3 1275 1276 1274
2344 2 2 0 3 1308 2142 2094
2345 2 2 0 3 1646 2237 1278
2346 2 2 0 3 1239 2091 1718
2347 2 2 0 3 1167 1345 1181
2348 2 2 0 3 1875 1900 1765
2349 2 2 0 3 1213 1216 1214
2350 2 2 0 3 1388 2103 2007
2351 2 2 0 3 1402 1404 1403
2352 2 2 0 3 1863 1914 1365
2353 2 2 0 3 1858 2237 1277
2354 2 2 0 3 1623 1723 1366
2355 2 2 0 3 1830 1863 1364
2356 2 2 0 3 1279 2070 1965
2357 2 2 0 3 1276 1280 1274
2358 2 2 0 3 2086 2091 1360
2359 2 2 0 3 1514 1766 1498
2360 2 2 0 3 1388 2007 1390
2361 2 2 0 3 26 1352 25
2362 2 2 0 3 1851 2021 1906
2363 2 2 0 3 1223 1702 1225
2364 2 2 0 3 1755 2130 1947
2365 2 2 0 3 1906 2021 1905
2366 2 2 0 3 1967 2159 1405
2367 2 2 0 3 1889 2043 1356
2368 2 2 0 3 1173 2066 1595
2369 2 2 0 3 1180 1181 1179
2370 2 2 0 3 1728 2015 1743
2371 2 2 0 3 1241 1243 1242
2372 2 2 0 3 1243 1244 1242
2373 2 2 0 3 1306 1992 1308
2374 2 2 0 3 1233 1234 1231
2375 2 2 0 3 1371 1597 1370
2376 2 2 0 3 1922 2008 1767
2377 2 2 0 3 1809 1886 1349
2378 2 2 0 3 1399 1726 1397
2379 2 2 0 3 1171 1667 1495
2380 2 2 0 3 1778 1780 1158
2381 2 2 0 3 1297 1895 1295
2382 2 2 0 3 1765 1876 1875
2383 2 2 0 3 1718 2091 2086
2384 2 2 0 3 1310 1762 1737
2385 2 2 0 3 1743 1948 1728
2386 2 2 0 3 1801 2153 1803
2387 2 2 0 3 55 1797 1796
2388 2 2 0 3 1514 1767 1766
2389 2 2 0 3 1781 2152 1715
2390 2 2 0 3 1947 2130 1315
2391 2 2 0 3 1229 2028 1703
2392 2 2 0 3 1440 1793 1791
2393 2 2 0 3 1578 2153 1801
2394 2 2 0 3 2058 2237 1858
2395 2 2 0 3 1213 1816 1216
2396 2 2 0 3 1770 1771 1345
2397 2 2 0 3 1613 2052 1952
2398 2 2 0 3 1304 1991 1306
2399 2 2 0 3 1469 1941 1672
2400 2 2 0 3 1741 2031 1676
2401 2 2 0 3 1694 2095 2072
2402 2 2 0 3 1223 2147 1702
2403 2 2 0 3 1495 1512 1494
2404 2 2 0 3 1291 1762 1310
2405 2 2 0 3 1245 1247 1243
2406 2 2 0 3 2005 2034 1583
2407 2 2 0 3 1171 1769 1667
2408 2 2 0 3 1238 1239 1236
2409 2 2 0 3 1554 1969 1836
2410 2 2 0 3 1278 1852 1646
2411 2 2 0 3 1949 1994 1993
2412 2 2 0 3 1597 1622 1370
2413 2 2 0 3 75 2011 74
2414 2 2 0 3 1377 1379 1378
2415 2 2 0 3 1265 1599 1264
2416 2 2 0 3 1760 2159 1967
2417 2 2 0 3 1305 2183 1307
2418 2 2 0 3 1380 1522 1393
2419 2 2 0 3 1158 2109 1705
2420 2 2 0 3 1595 1896 1594
2421 2 2 0 3 1441 1983 1837
2422 2 2 0 3 1406 1860 1404
2423 2 2 0 3 1658 1942 1350
2424 2 2 0 3 2072 2095 1822
2425 2 2 0 3 1762 1763 1737
2426 2 2 0 3 1402 1403 1399
2427 2 2 0 3 1402 1405 1404
2428 2 2 0 3 1298 2124 1372
2429 2 2 0 3 1298 1372 1300
2430 2 2 0 3 1623 2041 1723
2431 2 2 0 3 1236 1237 1235
2432 2 2 0 3 1595 2039 1896
2433 2 2 0 3 1382 1522 1380
2434 2 2 0 3 1388 1390 1389
2435 2 2 0 3 1281 1743 1247
2436 2 2 0 3 1314 2208 1978
2437 2 2 0 3 1812 1943 1533
2438 2 2 0 3 2024 2027 1811
2439 2 2 0 3 2036 2128 1934
2440 2 2 0 3 1494 2186 1495
2441 2 2 0 3 1249 2017 1742
2442 2 2 0 3 1233 1817 1234
2443 2 2 0 3 1595 2066 1945
2444 2 2 0 3 1972 2067 1707
2445 2 2 0 3 1232 1961 1220
2446 2 2 0 3 1886 1888 1699
2447 2 2 0 3 1469 1672 1471
2448 2 2 0 3 39 1165 38
2449 2 2 0 3 1390 2243 1389
2450 2 2 0 3 1742 1988 1249
2451 2 2 0 3 1949 1993 1580
2452 2 2 0 3 52 1794 1176
2453 2 2 0 3 34 1611 1169
2454 2 2 0 3 1276 2237 1646
2455 2 2 0 3 1464 1465 1463
2456 2 2 0 3 1466 1467 1465
2457 2 2 0 3 1345 1884 1770
2458 2 2 0 3 1306 2183 1305
2459 2 2 0 3 1534 1905 1904
2460 2 2 0 3 1575 2081 1744
2461 2 2 0 3 1466 1493 1467
2462 2 2 0 3 1797 1799 1796
2463 2 2 0 3 1 2186 1494
2464 2 2 0 3 1158 1918 1778
2465 2 2 0 3 1715 2152 1714
2466 2 2 0 3 1275 1277 1276
2467 2 2 0 3 1215 1816 1213
2468 2 2 0 3 34 1169 33
2469 2 2 0 3 1342 1837 1792
2470 2 2 0 3 1309 1895 1297
2471 2 2 0 3 1848 1906 1847
2472 2 2 0 3 1272 1979 1924
2473 2 2 0 3 1682 2076 2056
2474 2 2 0 3 1399 2122 1726
2475 2 2 0 3 1490 1940 1468
2476 2 2 0 3 1302 1372 1313
2477 2 2 0 3 1724 2034 2005
2478 2 2 0 3 1590 1808 1786
2479 2 2 0 3 1799 1957 1796
2480 2 2 0 3 1703 2043 1889
2481 2 2 0 3 1240 1241 1239
2482 2 2 0 3 1154 2181 61
2483 2 2 0 3 69 1680 1589
2484 2 2 0 3 1404 1407 1403
2485 2 2 0 3 1867 2079 1751
2486 2 2 0 3 1660 1790 1785
2487 2 2 0 3 1524 2171 1764
2488 2 2 0 3 35 2145 34
2489 2 2 0 3 1591 2092 2083
2490 2 2 0 3 1272 1924 1273
2491 2 2 0 3 1159 1872 1803
2492 2 2 0 3 1212 1215 1213
2493 2 2 0 3 1645 1771 1770
2494 2 2 0 3 1292 1827 1349
2495 2 2 0 3 1873 2154 2118
2496 2 2 0 3 1952 2052 1700
2497 2 2 0 3 1706 2067 1972
2498 2 2 0 3 1823 1824 1645
2499 2 2 0 3 8 1351 7
2500 2 2 0 3 69 1589 68
2501 2 2 0 3 39 1819 1165
2502 2 2 0 3 1705 2014 1158
2503 2 2 0 3 1496 2003 1516
2504 2 2 0 3 52 1176 51
2505 2 2 0 3 1159 2138 1872
2506 2 2 0 3 1836 2046 1554
2507 2 2 0 3 1828 1830 1364
2508 2 2 0 3 1350 1942 1346
2509 2 2 0 3 1960 2041 1979
2510 2 2 0 3 1777 2162 1178
2511 2 2 0 3 1824 1951 1912
2512 2 2 0 3 1377 1427 1379
2513 2 2 0 3 1702 1761 1233
2514 2 2 0 3 1464 1466 1465
2515 2 2 0 3 19 2133 1180
2516 2 2 0 3 1289 1827 1292
2517 2 2 0 3 1402 1967 1405
2518 2 2 0 3 2083 2092 1740
2519 2 2 0 3 1247 1743 1243
2520 2 2 0 3 1809 1888 1886
2521 2 2 0 3 1489 2079 1867
2522 2 2 0 3 1291 1310 1290
2523 2 2 0 3 1965 2129 1279
2524 2 2 0 3 1181 1182 1179
2525 2 2 0 3 1719 2106 1865
2526 2 2 0 3 1650 2219 1653
2527 2 2 0 3 1495 2080 1171
2528 2 2 0 3 4 1171 3
2529 2 2 0 3 1803 1872 1801
2530 2 2 0 3 1731 2212 1485
2531 2 2 0 3 1234 1236 1235
2532 2 2 0 3 1299 1309 1297
2533 2 2 0 3 1480 1731 1485
2534 2 2 0 3 1506 1714 1509
2535 2 2 0 3 1873 2118 1709
2536 2 2 0 3 1307 1314 1305
2537 2 2 0 3 1438 1936 1436
2538 2 2 0 3 1228 1233 1231
2539 2 2 0 3 1258 1263 1260
2540 2 2 0 3 1725 2128 2036
2541 2 2 0 3 1714 1964 1509
2542 2 2 0 3 1401 1402 1399
2543 2 2 0 3 1534 1906 1905
2544 2 2 0 3 1758 1928 1669
2545 2 2 0 3 1381 1384 1383
2546 2 2 0 3 1313 1991 1304
2547 2 2 0 3 1274 1990 1265
2548 2 2 0 3 1976 2082 1336
2549 2 2 0 3 17 2162 16
2550 2 2 0 3 50 2000 1177
2551 2 2 0 3 1653 2219 1815
2552 2 2 0 3 1796 1957 1798
2553 2 2 0 3 1748 2214 1939
2554 2 2 0 3 1462 1464 1463
2555 2 2 0 3 1365 1914 1367
2556 2 2 0 3 1700 2052 1936
2557 2 2 0 3 1504 1506 1505
2558 2 2 0 3 2052 2125 1936
2559 2 2 0 3 1218 2128 1997
2560 2 2 0 3 1814 1943 1812
2561 2 2 0 3 24 1770 23
2562 2 2 0 3 1228 1702 1233
2563 2 2 0 3 1431 2027 2024
2564 2 2 0 3 1855 2008 1922
2565 2 2 0 3 1978 2208 1831
2566 2 2 0 3 1771 2082 1976
2567 2 2 0 3 1478 1484 1480
2568 2 2 0 3 1210 1885 1212
2569 2 2 0 3 1936 2122 1436
2570 2 2 0 3 1791 1952 1440
2571 2 2 0 3 1327 1828 1364
2572 2 2 0 3 1466 1541 1493
2573 2 2 0 3 1336 2082 1824
2574 2 2 0 3 1273 1275 1274
2575 2 2 0 3 1308 2183 1306
2576 2 2 0 3 1289 1291 1290
2577 2 2 0 3 1258 2015 1263
2578 2 2 0 3 1765 1900 1524
2579 2 2 0 3 1182 1958 1179
2580 2 2 0 3 1978 2139 1314
2581 2 2 0 3 1244 1257 1242
2582 2 2 0 3 1167 1884 1345
2583 2 2 0 3 1963 2166 1710
2584 2 2 0 3 1364 1863 1365
2585 2 2 0 3 1676 2016 1741
2586 2 2 0 3 1333 1918 13
2587 2 2 0 3 1181 1345 1183
2588 2 2 0 3 1653 1654 1652
2589 2 2 0 3 1924 2070 1279
2590 2 2 0 3 2049 2231 1358
2591 2 2 0 3 1352 1823 1645
2592 2 2 0 3 1657 1866 1659
2593 2 2 0 3 1160 1441 1343
2594 2 2 0 3 1834 1946 1674
2595 2 2 0 3 1294 1913 1296
2596 2 2 0 3 1673 2104 2047
2597 2 2 0 3 1273 1279 1275
2598 2 2 0 3 1386 1838 1383
2599 2 2 0 3 1591 1808 1590
2600 2 2 0 3 1556 1606 1605
2601 2 2 0 3 1245 1248 1247
2602 2 2 0 3 1281 1948 1743
2603 2 2 0 3 1239 1718 1236
2604 2 2 0 3 1997 2128 1725
2605 2 2 0 3 1475 1478 1477
2606 2 2 0 3 1345 1976 1183
2607 2 2 0 3 1609 1929 1896
2608 2 2 0 3 1852 2204 1815
2609 2 2 0 3 1603 2166 1757
2610 2 2 0 3 1160 2187 1441
2611 2 2 0 3 1661 1971 1861
2612 2 2 0 3 1430 1822 1375
2613 2 2 0 3 1292 1293 1291
2614 2 2 0 3 1178 2205 1777
2615 2 2 0 3 1504 1707 1543
2616 2 2 0 3 1923 2064 1759
2617 2 2 0 3 1780 1781 1158
2618 2 2 0 3 1521 2004 1666
2619 2 2 0 3 1273 1274 1265
2620 2 2 0 3 1379 1380 1378
2621 2 2 0 3 1295 1895 1317
2622 2 2 0 3 1804 1885 1619
2623 2 2 0 3 1441 1984 1983
2624 2 2 0 3 1271 1701 1256
2625 2 2 0 3 1516 2003 1523
2626 2 2 0 3 1506 1508 1505
2627 2 2 0 3 1896 1929 1594
2628 2 2 0 3 1241 1741 1245
2629 2 2 0 3 1216 1217 1214
2630 2 2 0 3 1825 2220 1736
2631 2 2 0 3 1922 2064 1923
2632 2 2 0 3 16 2162 1166
2633 2 2 0 3 1234 1235 1231
2634 2 2 0 3 59 1548 58
2635 2 2 0 3 1212 1219 1215
2636 2 2 0 3 1392 1838 1386
2637 2 2 0 3 1746 1806 1464
2638 2 2 0 3 1811 1812 1533
2639 2 2 0 3 1817 1818 1238
2640 2 2 0 3 1534 1904 1456
2641 2 2 0 3 1577 1941 1493
2642 2 2 0 3 1405 1406 1404
2643 2 2 0 3 1292 1294 1293
2644 2 2 0 3 1669 2157 1758
2645 2 2 0 3 1232 2166 1963
2646 2 2 0 3 1212 1213 1211
2647 2 2 0 3 1266 2054 1938
2648 2 2 0 3 1355 2069 1879
2649 2 2 0 3 1757 2033 1603
2650 2 2 0 3 1435 1891 1426
2651 2 2 0 3 1969 2048 1860
2652 2 2 0 3 1251 2192 1248
2653 2 2 0 3 1883 2002 1174
2654 2 2 0 3 1279 1932 1275
2655 2 2 0 3 1276 1646 1280
2656 2 2 0 3 1786 1901 1590
2657 2 2 0 3 1396 1686 1387
2658 2 2 0 3 1860 2048 1407
2659 2 2 0 3 1865 2106 1271
2660 2 2 0 3 1384 1385 1383
2661 2 2 0 3 1730 1865 1271
2662 2 2 0 3 1171 2080 3
2663 2 2 0 3 1645 1770 1170
2664 2 2 0 3 55 1796 54
2665 2 2 0 3 1660 2061 1790
2666 2 2 0 3 1299 1633 1309
2667 2 2 0 3 1619 1885 1210
2668 2 2 0 3 1606 2158 1605
2669 2 2 0 3 1719 1865 1720
2670 2 2 0 3 1228 1231 1229
2671 2 2 0 3 76 2217 75
2672 2 2 0 3 1886 1916 1913
2673 2 2 0 3 1433 1435 1426
2674 2 2 0 3 1881 2108 1246
2675 2 2 0 3 1502 1707 1504
2676 2 2 0 3 1766 1768 1596
2677 2 2 0 3 1462 1746 1464
2678 2 2 0 3 1248 1252 1247
2679 2 2 0 3 1606 2029 1839
2680 2 2 0 3 1210 1212 1211
2681 2 2 0 3 1683 2076 1682
2682 2 2 0 3 1815 2204 1813
2683 2 2 0 3 1498 1766 1500
2684 2 2 0 3 1504 1543 1506
2685 2 2 0 3 1252 1826 1282
2686 2 2 0 3 1938 2054 1727
2687 2 2 0 3 1830 2240 1863
2688 2 2 0 3 1939 2214 1542
2689 2 2 0 3 1485 2212 1514
2690 2 2 0 3 42 1369 41
2691 2 2 0 3 1468 1940 1465
2692 2 2 0 3 1751 2079 1749
2693 2 2 0 3 1851 1906 1848
2694 2 2 0 3 1551 2036 1934
2695 2 2 0 3 13 1918 12
2696 2 2 0 3 1218 1997 1740
2697 2 2 0 3 1220 1961 1215
2698 2 2 0 3 34 2145 1611
2699 2 2 0 3 1839 2149 1606
2700 2 2 0 3 1388 1389 1386
2701 2 2 0 3 1792 1986 1342
2702 2 2 0 3 1699 1916 1886
2703 2 2 0 3 1201 2236 1821
2704 2 2 0 3 1302 1303 1301
2705 2 2 0 3 1701 2192 1251
2706 2 2 0 3 1234 1817 1238
2707 2 2 0 3 1533 2024 1811
2708 2 2 0 3 1768 1972 1596
2709 2 2 0 3 1958 2084 1179
2710 2 2 0 3 1236 2224 1237
2711 2 2 0 3 1238 1240 1239
2712 2 2 0 3 1289 1292 1291
2713 2 2 0 3 1186 1909 1184
2714 2 2 0 3 1411 2159 1955
2715 2 2 0 3 1663 1815 1813
2716 2 2 0 3 1381 1862 1384
2717 2 2 0 3 1673 2047 1644
2718 2 2 0 3 1653 1663 1662
2719 2 2 0 3 1290 1311 1288
2720 2 2 0 3 1761 2147 1937
2721 2 2 0 3 1653 1662 1654
2722 2 2 0 3 1740 2092 1218
2723 2 2 0 3 1619 1930 1804
2724 2 2 0 3 1423 1870 1420
2725 2 2 0 3 1674 1946 1657
2726 2 2 0 3 2178 2234 1358
2727 2 2 0 3 1212 1885 1219
2728 2 2 0 3 1992 1994 1308
2729 2 2 0 3 1680 1681 1589
2730 2 2 0 3 1906 1925 1847
2731 2 2 0 3 1290 1735 1311
2732 2 2 0 3 1824 2082 1645
2733 2 2 0 3 1554 2048 1969
2734 2 2 0 3 1270 1730 1271
2735 2 2 0 3 1155 2011 75
2736 2 2 0 3 1226 2101 2033
2737 2 2 0 3 1507 1962 1853
2738 2 2 0 3 1385 1386 1383
2739 2 2 0 3 1926 1927 1342
2740 2 2 0 3 1654 1660 1652
2741 2 2 0 3 1675 1874 1637
2742 2 2 0 3 1713 1994 1949
2743 2 2 0 3 1713 2142 1994
2744 2 2 0 3 1513 2195 1754
2745 2 2 0 3 1587 1658 1350
2746 2 2 0 3 1237 1329 1235
2747 2 2 0 3 1657 1946 1866
2748 2 2 0 3 1556 2029 1606
2749 2 2 0 3 1769 1887 1882
2750 2 2 0 3 1230 1889 1784
2751 2 2 0 3 1793 2156 1864
2752 2 2 0 3 1681 2247 2056
2753 2 2 0 3 1287 1827 1289
2754 2 2 0 3 1832 2247 1681
2755 2 2 0 3 1673 2194 1928
2756 2 2 0 3 1233 2161 1817
2757 2 2 0 3 1648 1650 1649
2758 2 2 0 3 61 1340 1154
2759 2 2 0 3 1234 1238 1236
2760 2 2 0 3 1346 1942 1347
2761 2 2 0 3 1372 1908 1373
2762 2 2 0 3 1762 2182 1763
2763 2 2 0 3 1761 2161 1233
2764 2 2 0 3 1504 1505 1503
2765 2 2 0 3 1407 1436 1403
2766 2 2 0 3 1676 2006 1320
2767 2 2 0 3 1215 1961 1816
2768 2 2 0 3 1742 1989 1608
2769 2 2 0 3 1511 1964 1526
2770 2 2 0 3 1715 2067 1968
2771 2 2 0 3 1748 1939 1853
2772 2 2 0 3 1485 1514 1498
2773 2 2 0 3 1263 1960 1260
2774 2 2 0 3 1317 2182 1762
2775 2 2 0 3 1846 2038 1849
2776 2 2 0 3 1767 2008 1768
2777 2 2 0 3 1210 1211 1209
2778 2 2 0 3 1519 1520 1517
2779 2 2 0 3 1702 2147 1761
2780 2 2 0 3 1275 1932 1277
2781 2 2 0 3 1928 2104 1673
2782 2 2 0 3 1612 1818 1817
2783 2 2 0 3 1293 1762 1291
2784 2 2 0 3 1705 2109 1968
2785 2 2 0 3 1467 1468 1465
2786 2 2 0 3 1479 2087 1477
2787 2 2 0 3 2053 2176 1343
2788 2 2 0 3 1800 2221 1950
2789 2 2 0 3 1746 2113 1806
2790 2 2 0 3 1437 1438 1436
2791 2 2 0 3 1464 2235 1466
2792 2 2 0 3 1620 1889 1356
2793 2 2 0 3 1591 1888 1808
2794 2 2 0 3 1214 1901 1211
2795 2 2 0 3 1754 2003 1513
2796 2 2 0 3 1279 2129 1932
2797 2 2 0 3 1185 1336 1187
2798 2 2 0 3 1272 1273 1265
2799 2 2 0 3 1658 2178 1942
2800 2 2 0 3 1847 1940 1490
2801 2 2 0 3 1935 2223 1216
2802 2 2 0 3 1502 1504 1503
2803 2 2 0 3 1343 2176 1154
2804 2 2 0 3 1881 2164 2108
2805 2 2 0 3 1358 2231 1357
2806 2 2 0 3 1955 2159 1760
2807 2 2 0 3 1590 1901 1214
2808 2 2 0 3 1653 1815 1663
2809 2 2 0 3 77 1576 76
2810 2 2 0 3 1310 1735 1290
2811 2 2 0 3 1704 2023 9
2812 2 2 0 3 1577 2218 1941
2813 2 2 0 3 1564 1975 1825
2814 2 2 0 3 1289 1290 1288
2815 2 2 0 3 1385 1388 1386
2816 2 2 0 3 1495 1667 1512
2817 2 2 0 3 1777 1981 1776
2818 2 2 0 3 1786 1808 1316
2819 2 2 0 3 1392 1839 1838
2820 2 2 0 3 10 2141 9
2821 2 2 0 3 1366 1723 1363
2822 2 2 0 3 1206 1210 1209
2823 2 2 0 3 1437 1439 1438
2824 2 2 0 3 1586 1587 1350
2825 2 2 0 3 21 2134 2133
2826 2 2 0 3 1670 2081 1575
2827 2 2 0 3 1608 1988 1742
2828 2 2 0 3 1837 2053 1441
2829 2 2 0 3 1320 2006 1337
2830 2 2 0 3 1302 1304 1303
2831 2 2 0 3 1801 1802 1607
2832 2 2 0 3 1282 1826 1326
2833 2 2 0 3 1440 1700 1438
2834 2 2 0 3 2021 2243 2175
2835 2 2 0 3 1765 2182 1876
2836 2 2 0 3 1527 1975 1564
2837 2 2 0 3 1232 1963 1961
2838 2 2 0 3 1794 1897 1176
2839 2 2 0 3 1596 1972 1707
2840 2 2 0 3 1519 2004 1521
2841 2 2 0 3 1238 1818 1240
2842 2 2 0 3 1321 1877 1319
2843 2 2 0 3 1319 1877 1324
2844 2 2 0 3 1763 2182 1765
2845 2 2 0 3 50 1177 49
2846 2 2 0 3 22 2134 21
2847 2 2 0 3 1401 1967 1402
2848 2 2 0 3 1225 1226 1224
2849 2 2 0 3 1349 1913 1294
2850 2 2 0 3 1736 2010 1825
2851 2 2 0 3 1788 2071 1311
2852 2 2 0 3 1498 1500 1499
2853 2 2 0 3 1389 2243 1391
2854 2 2 0 3 1296 1913 1312
2855 2 2 0 3 1379 1381 1380
2856 2 2 0 3 1779 1871 1780
2857 2 2 0 3 1244 1258 1257
2858 2 2 0 3 1478 1479 1477
2859 2 2 0 3 1271 2106 1701
2860 2 2 0 3 1174 2011 1155
2861 2 2 0 3 1650 1653 1652
2862 2 2 0 3 1636 1637 1634
2863 2 2 0 3 1574 1593 1592
2864 2 2 0 3 1526 1570 1528
2865 2 2 0 3 1587 2121 1866
2866 2 2 0 3 1243 1743 1244
2867 2 2 0 3 1225 1228 1227
2868 2 2 0 3 1352 1929 1823
2869 2 2 0 3 1787 2207 1677
2870 2 2 0 3 1856 1858 1787
2871 2 2 0 3 1225 1227 1226
2872 2 2 0 3 1782 1783 1267
2873 2 2 0 3 1375 1822 1377
2874 2 2 0 3 1666 2004 1734
2875 2 2 0 3 1898 1899 1561
2876 2 2 0 3 1821 2140 1201
2877 2 2 0 3 19 1179 18
2878 2 2 0 3 1574 1592 1573
2879 2 2 0 3 1325 1828 1327
2880 2 2 0 3 1493 1941 1467
2881 2 2 0 3 78 1807 77
2882 2 2 0 3 1583 2026 2005
2883 2 2 0 3 1325 1327 1283
2884 2 2 0 3 1351 1854 7
2885 2 2 0 3 1950 2225 1800
2886 2 2 0 3 1563 1573 1562
2887 2 2 0 3 1373 1374 1313
2888 2 2 0 3 1682 2055 1614
2889 2 2 0 3 1418 1835 1415
2890 2 2 0 3 1478 1480 1479
2891 2 2 0 3 1573 1618 1562
2892 2 2 0 3 1206 1209 1208
2893 2 2 0 3 1563 1574 1573
2894 2 2 0 3 1864 2156 1536
2895 2 2 0 3 1184 1909 1323
2896 2 2 0 3 1168 1805 43
2897 2 2 0 3 1866 2121 1987
2898 2 2 0 3 1806 2235 1464
2899 2 2 0 3 1785 2168 1660
2900 2 2 0 3 1775 1777 1776
2901 2 2 0 3 1582 2220 1825
2902 2 2 0 3 1189 1912 1246
2903 2 2 0 3 1440 2156 1793
2904 2 2 0 3 1181 1183 1182
2905 2 2 0 3 1859 1943 1814
2906 2 2 0 3 1439 1440 1438
2907 2 2 0 3 44 1168 43
2908 2 2 0 3 1581 2228 2153
2909 2 2 0 3 1519 1521 1520
2910 2 2 0 3 3 2080 2
2911 2 2 0 3 1216 2089 1935
2912 2 2 0 3 1166 2162 1777
2913 2 2 0 3 1864 1986 1793
2914 2 2 0 3 1285 1316 1287
2915 2 2 0 3 1541 1575 1493
2916 2 2 0 3 1633 1634 1309
2917 2 2 0 3 1767 1768 1766
2918 2 2 0 3 1744 2081 1807
2919 2 2 0 3 1618 1898 1562
2920 2 2 0 3 2095 2155 1427
2921 2 2 0 3 1797 2153 1799
2922 2 2 0 3 1575 1577 1493
2923 2 2 0 3 1581 2153 1578
2924 2 2 0 3 1221 1223 1222
2925 2 2 0 3 1397 1400 1396
2926 2 2 0 3 1285 1786 1316
2927 2 2 0 3 1562 1898 1561
2928 2 2 0 3 1851 2227 2021
2929 2 2 0 3 1256 1701 1251
2930 2 2 0 3 1732 2235 1806
2931 2 2 0 3 1237 2224 2086
2932 2 2 0 3 1250 1251 1248
2933 2 2 0 3 1373 1375 1374
2934 2 2 0 3 1515 2032 1980
2935 2 2 0 3 1245 1741 1250
2936 2 2 0 3 1650 1651 1649
2937 2 2 0 3 1258 1260 1259
2938 2 2 0 3 1924 1979 1624
2939 2 2 0 3 1801 1872 1802
2940 2 2 0 3 26 2211 1352
2941 2 2 0 3 1927 2176 1342
2942 2 2 0 3 65 1931 1160
2943 2 2 0 3 1364 1365 1363
2944 2 2 0 3 1832 2112 1747
2945 2 2 0 3 1327 1362 1283
2946 2 2 0 3 1677 2207 1932
2947 2 2 0 3 1165 1914 1863
2948 2 2 0 3 1836 1969 1835
2949 2 2 0 3 1383 1838 1382
2950 2 2 0 3 1616 1682 1614
2951 2 2 0 3 1778 1918 1333
2952 2 2 0 3 1219 1221 1220
2953 2 2 0 3 1171 1887 1769
2954 2 2 0 3 2032 2160 1980
2955 2 2 0 3 1418 1836 1835
2956 2 2 0 3 1832 2215 2112
2957 2 2 0 3 1636 1638 1637
2958 2 2 0 3 1270 1271 1256
2959 2 2 0 3 1942 2178 1358
2960 2 2 0 3 1815 2219 1852
2961 2 2 0 3 32 1664 31
2962 2 2 0 3 1944 2057 1359
2963 2 2 0 3 2086 2115 1237
2964 2 2 0 3 1609 1896 1332
2965 2 2 0 3 1529 1975 1527
2966 2 2 0 3 1398 1399 1397
2967 2 2 0 3 1450 1452 1451
2968 2 2 0 3 1853 2040 1507
2969 2 2 0 3 1304 1306 1305
2970 2 2 0 3 1311 2127 1788
2971 2 2 0 3 1221 1782 1267
2972 2 2 0 3 1287 1289 1288
2973 2 2 0 3 1528 1529 1527
2974 2 2 0 3 1327 1363 1362
2975 2 2 0 3 1202 1869 1322
2976 2 2 0 3 1185 1186 1184
2977 2 2 0 3 1857 1858 1856
2978 2 2 0 3 1403 2122 1399
2979 2 2 0 3 1365 1367 1366
2980 2 2 0 3 1587 1866 1658
2981 2 2 0 3 1213 1214 1211
2982 2 2 0 3 1809 1827 1316
2983 2 2 0 3 1367 1368 1366
2984 2 2 0 3 1769 2157 1669
2985 2 2 0 3 1189 1246 1191
2986 2 2 0 3 1260 1261 1259
2987 2 2 0 3 1326 1338 1325
2988 2 2 0 3 1654 1661 1660
2989 2 2 0 3 42 1805 1369
2990 2 2 0 3 1547 1801 1607
2991 2 2 0 3 1752 1755 1754
2992 2 2 0 3 1763 1764 1737
2993 2 2 0 3 1263 2041 1960
2994 2 2 0 3 1330 2164 1892
2995 2 2 0 3 1484 1731 1480
2996 2 2 0 3 1607 1926 1864
2997 2 2 0 3 1528 1871 1530
2998 2 2 0 3 1259 1938 1360
2999 2 2 0 3 1185 1187 1186
3000 2 2 0 3 1902 1903 1625
3001 2 2 0 3 1458 1555 1462
3002 2 2 0 3 1255 1256 1251
3003 2 2 0 3 1258 1259 1257
3004 2 2 0 3 1206 1619 1210
3005 2 2 0 3 1395 1396 1387
3006 2 2 0 3 1567 1890 1565
3007 2 2 0 3 1249 1988 1196
3008 2 2 0 3 1509 1964 1511
3009 2 2 0 3 1221 1267 1223
3010 2 2 0 3 1209 1901 1253
3011 2 2 0 3 1300 1372 1302
3012 2 2 0 3 1423 2126 1810
3013 2 2 0 3 1344 1820 1585
3014 2 2 0 3 1596 1707 1502
3015 2 2 0 3 1326 1826 1719
3016 2 2 0 3 1223 1225 1224
3017 2 2 0 3 1890 2102 1582
3018 2 2 0 3 27 1353 26
3019 2 2 0 3 1638 1639 1637
3020 2 2 0 3 1574 1787 1677
3021 2 2 0 3 1427 2155 1708
3022 2 2 0 3 1407 1437 1436
3023 2 2 0 3 1422 1891 1423
3024 2 2 0 3 1743 2015 1244
3025 2 2 0 3 1327 1364 1363
3026 2 2 0 3 1426 1891 1422
3027 2 2 0 3 1646 1852 1648
3028 2 2 0 3 1405 1408 1406
3029 2 2 0 3 1342 2053 1837
3030 2 2 0 3 1260 1262 1261
3031 2 2 0 3 1219 1220 1215
3032 2 2 0 3 1456 1904 1454
3033 2 2 0 3 1563 1856 1787
3034 2 2 0 3 1185 1976 1336
3035 2 2 0 3 1667 1769 1669
3036 2 2 0 3 1528 1530 1529
3037 2 2 0 3 1628 2013 1602
3038 2 2 0 3 1576 2217 76
3039 2 2 0 3 1253 1901 1786
3040 2 2 0 3 1888 2083 1699
3041 2 2 0 3 1187 1188 1186
3042 2 2 0 3 1646 1647 1280
3043 2 2 0 3 1287 1288 1286
3044 2 2 0 3 1260 1960 1262
3045 2 2 0 3 1209 1253 1208
3046 2 2 0 3 1422 1423 1420
3047 2 2 0 3 1560 1563 1562
3048 2 2 0 3 2033 2101 1738
3049 2 2 0 3 1744 1915 1577
3050 2 2 0 3 1296 1312 1298
3051 2 2 0 3 2015 2229 1263
3052 2 2 0 3 1684 1890 1567
3053 2 2 0 3 1465 1940 1463
3054 2 2 0 3 1637 1874 1634
3055 2 2 0 3 44 2051 1168
3056 2 2 0 3 1369 1597 1371
3057 2 2 0 3 1269 1270 1256
3058 2 2 0 3 1470 1845 1490
3059 2 2 0 3 1663 1811 1662
3060 2 2 0 3 1211 1901 1209
3061 2 2 0 3 1219 1885 1782
3062 2 2 0 3 1633 1636 1634
3063 2 2 0 3 1285 1287 1286
3064 2 2 0 3 61 2181 60
3065 2 2 0 3 2094 2183 1308
3066 2 2 0 3 1566 1567 1565
3067 2 2 0 3 1294 1295 1293
3068 2 2 0 3 1462 1463 1459
3069 2 2 0 3 1225 1702 1228
3070 2 2 0 3 1369 1371 41
3071 2 2 0 3 1663 1812 1811
3072 2 2 0 3 1715 2109 1781
3073 2 2 0 3 1395 1397 1396
3074 2 2 0 3 1559 1560 1558
3075 2 2 0 3 5 1887 4
3076 2 2 0 3 1273 1924 1279
3077 2 2 0 3 1903 2175 2007
3078 2 2 0 3 1451 1902 1449
3079 2 2 0 3 1500 1501 1499
3080 2 2 0 3 1440 1952 1700
3081 2 2 0 3 1560 1562 1561
3082 2 2 0 3 1756 2163 2098
3083 2 2 0 3 1535 2048 1554
3084 2 2 0 3 1803 2153 1797
3085 2 2 0 3 1475 2167 1478
3086 2 2 0 3 77 1807 1576
3087 2 2 0 3 1351 2008 1855
3088 2 2 0 3 1984 2077 1683
3089 2 2 0 3 1450 2052 1613
3090 2 2 0 3 1713 1949 1712
3091 2 2 0 3 1450 1451 1449
3092 2 2 0 3 1332 1730 1270
3093 2 2 0 3 1694 2072 1696
3094 2 2 0 3 1991 1992 1306
3095 2 2 0 3 1818 2031 1240
3096 2 2 0 3 1250 1254 1251
3097 2 2 0 3 1354 1610 1609
3098 2 2 0 3 2007 2175 1390
3099 2 2 0 3 1664 1745 1721
3100 2 2 0 3 1363 1723 1362
3101 2 2 0 3 1326 1719 1339
3102 2 2 0 3 1545 1864 1536
3103 2 2 0 3 1298 1299 1297
3104 2 2 0 3 1202 1322 1204
3105 2 2 0 3 1730 2039 1865
3106 2 2 0 3 40 1819 39
3107 2 2 0 3 1559 1859 1857
3108 2 2 0 3 1407 2048 1437
3109 2 2 0 3 1336 1912 1187
3110 2 2 0 3 1541 1732 1670
3111 2 2 0 3 1913 1916 1312
3112 2 2 0 3 1560 1561 1558
3113 2 2 0 3 6 1854 1157
3114 2 2 0 3 1892 2236 1201
3115 2 2 0 3 1825 1975 1549
3116 2 2 0 3 1505 1507 1503
3117 2 2 0 3 1430 2072 1822
3118 2 2 0 3 1434 1445 1433
3119 2 2 0 3 1930 2075 2020
3120 2 2 0 3 73 2011 72
3121 2 2 0 3 1846 1848 1847
3122 2 2 0 3 1282 1326 1325
3123 2 2 0 3 1968 2067 1706
3124 2 2 0 3 1541 2235 1732
3125 2 2 0 3 1294 1296 1295
3126 2 2 0 3 1612 2006 1818
3127 2 2 0 3 1417 1418 1415
3128 2 2 0 3 1526 1964 1570
3129 2 2 0 3 2056 2076 1681
3130 2 2 0 3 1666 1712 1665
3131 2 2 0 3 1292 1349 1294
3132 2 2 0 3 1979 2041 1623
3133 2 2 0 3 1459 1925 1534
3134 2 2 0 3 1354 1609 1332
3135 2 2 0 3 1420 1870 1417
3136 2 2 0 3 1712 1756 1665
3137 2 2 0 3 1808 1888 1809
3138 2 2 0 3 1783 2020 1820
3139 2 2 0 3 1458 1459 1456
3140 2 2 0 3 1763 1765 1764
3141 2 2 0 3 1226 2033 1757
3142 2 2 0 3 1752 1754 1753
3143 2 2 0 3 1752 2130 1755
3144 2 2 0 3 1381 1382 1380
3145 2 2 0 3 1285 1286 1284
3146 2 2 0 3 1531 2044 1552
3147 2 2 0 3 1673 2218 1919
3148 2 2 0 3 2007 2103 1686
3149 2 2 0 3 2078 2079 1489
3150 2 2 0 3 1351 1855 1854
3151 2 2 0 3 1639 1675 1637
3152 2 2 0 3 1472 1845 1470
3153 2 2 0 3 1245 1250 1248
3154 2 2 0 3 1449 1902 1625
3155 2 2 0 3 11 1705 10
3156 2 2 0 3 1409 1833 1406
3157 2 2 0 3 1434 1446 1445
3158 2 2 0 3 1555 1832 1747
3159 2 2 0 3 1834 2234 2178
3160 2 2 0 3 1255 1269 1256
3161 2 2 0 3 1316 1827 1287
3162 2 2 0 3 1469 1471 1470
3163 2 2 0 3 75 2217 1155
3164 2 2 0 3 1435 1956 1891
3165 2 2 0 3 1376 1571 1374
3166 2 2 0 3 1957 2228 1810
3167 2 2 0 3 1808 1809 1316
3168 2 2 0 3 1664 1721 1163
3169 2 2 0 3 1375 1377 1376
3170 2 2 0 3 1666 1713 1712
3171 2 2 0 3 1602 2013 1600
3172 2 2 0 3 1904 1905 1903
3173 2 2 0 3 1820 1937 1783
3174 2 2 0 3 1278 2237 2058
3175 2 2 0 3 1312 2124 1298
3176 2 2 0 3 1326 1339 1338
3177 2 2 0 3 1672 2218 1673
3178 2 2 0 3 1339 1933 1338
3179 2 2 0 3 1373 1430 1375
3180 2 2 0 3 1416 1417 1415
3181 2 2 0 3 1584 1877 1321
3182 2 2 0 3 1249 2146 2017
3183 2 2 0 3 1834 2178 1946
3184 2 2 0 3 2017 2146 2096
3185 2 2 0 3 1296 1298 1297
3186 2 2 0 3 1392 1840 1839
3187 2 2 0 3 1700 1936 1438
3188 2 2 0 3 1415 1835 1413
3189 2 2 0 3 1219 1782 1221
3190 2 2 0 3 1877 1878 1324
3191 2 2 0 3 1204 2193 1206
3192 2 2 0 3 2102 2220 1582
3193 2 2 0 3 1427 1708 1379
3194 2 2 0 3 1779 2184 1871
3195 2 2 0 3 1400 1447 1396
3196 2 2 0 3 1559 1856 1560
3197 2 2 0 3 1840 1841 1839
3198 2 2 0 3 1331 1332 1270
3199 2 2 0 3 1553 1621 1581
3200 2 2 0 3 1246 2108 1191
3201 2 2 0 3 1638 1640 1639
3202 2 2 0 3 1160 1343 1341
3203 2 2 0 3 1318 1319 1268
3204 2 2 0 3 1833 1860 1406
3205 2 2 0 3 1662 1970 1654
3206 2 2 0 3 1575 1744 1577
3207 2 2 0 3 1882 1923 1769
3208 2 2 0 3 1661 2061 1660
3209 2 2 0 3 1455 1458 1456
3210 2 2 0 3 1563 1787 1574
3211 2 2 0 3 2113 2114 1806
3212 2 2 0 3 1604 1629 1628
3213 2 2 0 3 1254 1268 1255
3214 2 2 0 3 1646 1648 1647
3215 2 2 0 3 1485 1498 1486
3216 2 2 0 3 1950 2221 1435
3217 2 2 0 3 1217 1590 1214
3218 2 2 0 3 1686 2103 1387
3219 2 2 0 3 2021 2227 1391
3220 2 2 0 3 1810 2126 1957
3221 2 2 0 3 1467 1941 1469
3222 2 2 0 3 1760 1967 1588
3223 2 2 0 3 1683 2077 2076
3224 2 2 0 3 1526 1528 1527
3225 2 2 0 3 1413 1833 1409
3226 2 2 0 3 1480 1481 1479
3227 2 2 0 3 1539 1566 1565
3228 2 2 0 3 1845 2038 1846
3229 2 2 0 3 2071 2174 1328
3230 2 2 0 3 1513 2003 1496
3231 2 2 0 3 1347 1356 1335
3232 2 2 0 3 1854 1855 1157
3233 2 2 0 3 1756 2098 2097
3234 2 2 0 3 1346 1347 1335
3235 2 2 0 3 1930 2020 1804
3236 2 2 0 3 2057 2226 1620
3237 2 2 0 3 1480 1485 1481
3238 2 2 0 3 1568 1742 1598
3239 2 2 0 3 1377 1822 1427
3240 2 2 0 3 70 1680 69
3241 2 2 0 3 1632 1729 1709
3242 2 2 0 3 1375 1376 1374
3243 2 2 0 3 1371 2202 41
3244 2 2 0 3 1841 2149 1839
3245 2 2 0 3 1773 2057 1944
3246 2 2 0 3 1253 1284 1208
3247 2 2 0 3 1692 1693 1691
3248 2 2 0 3 1634 1635 1309
3249 2 2 0 3 1875 1876 1635
3250 2 2 0 3 1741 2016 1250
3251 2 2 0 3 1433 1950 1435
3252 2 2 0 3 1295 1317 1293
3253 2 2 0 3 1726 2122 1936
3254 2 2 0 3 1825 2010 1564
3255 2 2 0 3 1771 1976 1345
3256 2 2 0 3 1694 1696 1695
3257 2 2 0 3 1463 1925 1459
3258 2 2 0 3 1938 2085 1360
3259 2 2 0 3 1802 1926 1607
3260 2 2 0 3 1458 1462 1459
3261 2 2 0 3 1543 1714 1506
3262 2 2 0 3 1783 1937 1267
3263 2 2 0 3 1782 1804 1783
3264 2 2 0 3 1866 1987 1659
3265 2 2 0 3 1449 1625 1447
3266 2 2 0 3 1820 2020 1585
3267 2 2 0 3 1692 1694 1693
3268 2 2 0 3 1865 2039 1894
3269 2 2 0 3 1707 2067 1543
3270 2 2 0 3 1499 1542 1486
3271 2 2 0 3 1560 1856 1563
3272 2 2 0 3 1642 1749 1748
3273 2 2 0 3 1886 1913 1349
3274 2 2 0 3 1863 2240 1711
3275 2 2 0 3 1569 1588 1401
3276 2 2 0 3 1573 1954 1618
3277 2 2 0 3 1912 1951 1246
3278 2 2 0 3 1846 1847 1490
3279 2 2 0 3 1391 2243 2021
3280 2 2 0 3 1310 1736 1735
3281 2 2 0 3 1733 1933 1339
3282 2 2 0 3 1916 2151 1312
3283 2 2 0 3 1206 2193 1619
3284 2 2 0 3 1923 2157 1769
3285 2 2 0 3 1742 2017 1598
3286 2 2 0 3 1478 2047 1484
3287 2 2 0 3 1719 1720 1339
3288 2 2 0 3 1317 1762 1293
3289 2 2 0 3 1865 1894 1720
3290 2 2 0 3 1296 1297 1295
3291 2 2 0 3 1552 1717 1716
3292 2 2 0 3 1874 2032 1875
3293 2 2 0 3 2072 2117 1696
3294 2 2 0 3 1553 1578 1547
3295 2 2 0 3 1530 2044 1531
3296 2 2 0 3 1541 1670 1575
3297 2 2 0 3 1555 1747 1746
3298 2 2 0 3 1925 1940 1847
3299 2 2 0 3 1764 2010 1737
3300 2 2 0 3 1437 2048 1535
3301 2 2 0 3 1696 1697 1695
3302 2 2 0 3 1708 2155 2073
3303 2 2 0 3 1621 1810 1581
3304 2 2 0 3 1552 1583 1538
3305 2 2 0 3 1672 1673 1644
3306 2 2 0 3 1555 1746 1462
3307 2 2 0 3 1793 1986 1792
3308 2 2 0 3 1696 1698 1697
3309 2 2 0 3 1641 1962 1639
3310 2 2 0 3 1547 1607 1545
3311 2 2 0 3 1625 1686 1447
3312 2 2 0 3 1675 2032 1874
3313 2 2 0 3 1348 1586 1350
3314 2 2 0 3 4 1887 1171
3315 2 2 0 3 1712 2009 1756
3316 2 2 0 3 1549 1975 1532
3317 2 2 0 3 1694 1695 1693
3318 2 2 0 3 1341 2198 1160
3319 2 2 0 3 1384 1387 1385
3320 2 2 0 3 1447 1686 1396
3321 2 2 0 3 1720 1733 1339
3322 2 2 0 3 2148 2158 2149
3323 2 2 0 3 1413 1835 1833
3324 2 2 0 3 1365 1366 1363
3325 2 2 0 3 1455 1456 1454
3326 2 2 0 3 1973 2116 1899
3327 2 2 0 3 1533 1943 1434
3328 2 2 0 3 1262 1272 1265
3329 2 2 0 3 1791 1793 1792
3330 2 2 0 3 1484 1758 1731
3331 2 2 0 3 1377 1378 1376
3332 2 2 0 3 1616 1683 1682
3333 2 2 0 3 1810 2123 1423
3334 2 2 0 3 1500 1596 1502
3335 2 2 0 3 1882 1887 1157
3336 2 2 0 3 1814 2232 1859
3337 2 2 0 3 1368 1623 1366
3338 2 2 0 3 1320 1337 1321
3339 2 2 0 3 1555 2065 1832
3340 2 2 0 3 1679 1987 1671
3341 2 2 0 3 14 1333 13
3342 2 2 0 3 1565 1890 1582
3343 2 2 0 3 1417 1870 1418
3344 2 2 0 3 1510 1900 1515
3345 2 2 0 3 1252 2192 1826
3346 2 2 0 3 1187 1912 1189
3347 2 2 0 3 1568 1989 1742
3348 2 2 0 3 1764 2171 2010
3349 2 2 0 3 1280 1990 1274
3350 2 2 0 3 1370 2068 1371
3351 2 2 0 3 1376 1907 1571
3352 2 2 0 3 1654 1970 1661
3353 2 2 0 3 1338 1828 1325
3354 2 2 0 3 1970 1971 1661
3355 2 2 0 3 1667 1668 1512
3356 2 2 0 3 1398 1401 1399
3357 2 2 0 3 1530 1531 1529
3358 2 2 0 3 2175 2243 1390
3359 2 2 0 3 1553 1917 1621
3360 2 2 0 3 1676 2031 2006
3361 2 2 0 3 1634 1874 1635
3362 2 2 0 3 1218 2223 1935
3363 2 2 0 3 15 1775 14
3364 2 2 0 3 1262 1264 1261
3365 2 2 0 3 1534 1925 1906
3366 2 2 0 3 1697 1740 1695
3367 2 2 0 3 1332 1896 1730
3368 2 2 0 3 1235 2028 1231
3369 2 2 0 3 1448 1449 1447
3370 2 2 0 3 1286 1328 1284
3371 2 2 0 3 1946 2178 1658
3372 2 2 0 3 1450 1613 1452
3373 2 2 0 3 1826 2192 1701
3374 2 2 0 3 1750 1752 1751
3375 2 2 0 3 1903 2007 1625
3376 2 2 0 3 1432 1433 1426
3377 2 2 0 3 1266 1938 1261
3378 2 2 0 3 1876 1895 1635
3379 2 2 0 3 1853 1962 1641
3380 2 2 0 3 1561 2119 1558
3381 2 2 0 3 1816 1961 1627
3382 2 2 0 3 1337 2006 1612
3383 2 2 0 3 1499 1939 1542
3384 2 2 0 3 1394 1395 1387
3385 2 2 0 3 1454 1902 1451
3386 2 2 0 3 1175 1973 1920
3387 2 2 0 3 1511 1526 1525
3388 2 2 0 3 1599 1990 1679
3389 2 2 0 3 1570 1871 1528
3390 2 2 0 3 1819 1914 1165
3391 2 2 0 3 1412 1413 1409
3392 2 2 0 3 1425 1426 1422
3393 2 2 0 3 1578 1801 1547
3394 2 2 0 3 1253 1285 1284
3395 2 2 0 3 1400 1448 1447
3396 2 2 0 3 1348 1678 1586
3397 2 2 0 3 1701 2106 1826
3398 2 2 0 3 1442 1600 1428
3399 2 2 0 3 1723 1728 1362
3400 2 2 0 3 1782 1885 1804
3401 2 2 0 3 6 1157 5
3402 2 2 0 3 1432 1533 1434
3403 2 2 0 3 1775 1776 1333
3404 2 2 0 3 1338 1933 1829
3405 2 2 0 3 14 1775 1333
3406 2 2 0 3 1444 1550 1443
3407 2 2 0 3 1361 1820 1344
3408 2 2 0 3 1204 1206 1205
3409 2 2 0 3 1531 1552 1538
3410 2 2 0 3 1788 2174 2071
3411 2 2 0 3 1397 1726 1400
3412 2 2 0 3 1452 1453 1451
3413 2 2 0 3 1574 1677 1593
3414 2 2 0 3 1269 1331 1270
3415 2 2 0 3 1559 1857 1856
3416 2 2 0 3 1510 1515 1508
3417 2 2 0 3 1902 1904 1903
3418 2 2 0 3 1221 1222 1220
3419 2 2 0 3 1710 2189 1963
3420 2 2 0 3 1660 2168 1652
3421 2 2 0 3 1432 1434 1433
3422 2 2 0 3 1770 1884 23
3423 2 2 0 3 1937 2233 1761
3424 2 2 0 3 1344 1585 1584
3425 2 2 0 3 1508 1980 1505
3426 2 2 0 3 1471 1472 1470
3427 2 2 0 3 1384 1862 1394
3428 2 2 0 3 71 2111 70
3429 2 2 0 3 1926 1986 1864
3430 2 2 0 3 1724 1989 1568
3431 2 2 0 3 1958 1966 1178
3432 2 2 0 3 9 2023 8
3433 2 2 0 3 1993 2179 1580
3434 2 2 0 3 1188 1207 1186
3435 2 2 0 3 1696 2117 1698
3436 2 2 0 3 1320 1321 1319
3437 2 2 0 3 1165 1711 38
3438 2 2 0 3 1802 1927 1926
3439 2 2 0 3 1217 1591 1590
3440 2 2 0 3 1881 2045 1355
3441 2 2 0 3 1974 2116 1973
3442 2 2 0 3 1966 2205 1178
3443 2 2 0 3 1990 2136 1679
3444 2 2 0 3 1626 1627 1572
3445 2 2 0 3 1259 1360 1257
3446 2 2 0 3 1582 1825 1549
3447 2 2 0 3 1747 2113 1746
3448 2 2 0 3 1312 2151 2124
3449 2 2 0 3 70 2111 1156
3450 2 2 0 3 1604 1628 1602
3451 2 2 0 3 1429 1444 1443
3452 2 2 0 3 1268 1959 1255
3453 2 2 0 3 1553 1581 1578
3454 2 2 0 3 1604 1738 1629
3455 2 2 0 3 1398 1569 1401
3456 2 2 0 3 1627 2089 1816
3457 2 2 0 3 1373 1908 1430
3458 2 2 0 3 1599 1671 1266
3459 2 2 0 3 1855 1882 1157
3460 2 2 0 3 1226 1757 1224
3461 2 2 0 3 1550 1626 1572
3462 2 2 0 3 1550 1572 1443
3463 2 2 0 3 1334 1346 1335
3464 2 2 0 3 1635 1895 1309
3465 2 2 0 3 1543 1715 1714
3466 2 2 0 3 1429 1955 1444
3467 2 2 0 3 1717 1966 1716
3468 2 2 0 3 1698 1916 1699
3469 2 2 0 3 2006 2031 1818
3470 2 2 0 3 1523 2003 1910
3471 2 2 0 3 1199 1869 1202
3472 2 2 0 3 1758 1759 1731
3473 2 2 0 3 1687 1739 1588
3474 2 2 0 3 1607 1864 1545
3475 2 2 0 3 1732 2002 1883
3476 2 2 0 3 1496 1516 1497
3477 2 2 0 3 1254 1318 1268
3478 2 2 0 3 1690 1691 1689
3479 2 2 0 3 1755 1910 1754
3480 2 2 0 3 1498 1499 1486
3481 2 2 0 3 1878 1892 1880
3482 2 2 0 3 1666 1734 1713
3483 2 2 0 3 1492 2169 2107
3484 2 2 0 3 1698 1699 1697
3485 2 2 0 3 1362 1948 1283
3486 2 2 0 3 1735 2102 1311
3487 2 2 0 3 1442 1601 1600
3488 2 2 0 3 1192 1988 1608
3489 2 2 0 3 1816 2089 1216
3490 2 2 0 3 1960 1979 1272
3491 2 2 0 3 1196 1988 1194
3492 2 2 0 3 1892 2164 1880
3493 2 2 0 3 1970 1985 1971
3494 2 2 0 3 1311 2071 1288
3495 2 2 0 3 1690 1692 1691
3496 2 2 0 3 1949 2009 1712
3497 2 2 0 3 1610 1823 1609
3498 2 2 0 3 1568 1598 1567
3499 2 2 0 3 1253 1786 1285
3500 2 2 0 3 1907 1993 1571
3501 2 2 0 3 1453 1457 1455
3502 2 2 0 3 1879 1959 1324
3503 2 2 0 3 1650 1652 1651
3504 2 2 0 3 1338 1829 1828
3505 2 2 0 3 1993 1994 1992
3506 2 2 0 3 1527 1564 1525
3507 2 2 0 3 1610 1824 1823
3508 2 2 0 3 1421 1422 1420
3509 2 2 0 3 1934 1935 1626
3510 2 2 0 3 1387 2103 1385
3511 2 2 0 3 1776 1779 1778
3512 2 2 0 3 1811 2027 1662
3513 2 2 0 3 1892 2025 1330
3514 2 2 0 3 1454 1904 1902
3515 2 2 0 3 1284 1982 1208
3516 2 2 0 3 1453 1454 1451
3517 2 2 0 3 1319 1324 1268
3518 2 2 0 3 33 2250 32
3519 2 2 0 3 1895 2182 1317
3520 2 2 0 3 1539 2034 1566
3521 2 2 0 3 1693 1997 1725
3522 2 2 0 3 1753 1868 1867
3523 2 2 0 3 1878 1879 1324
3524 2 2 0 3 1846 1849 1848
3525 2 2 0 3 1971 1985 1537
3526 2 2 0 3 1246 2242 1881
3527 2 2 0 3 1629 1772 1630
3528 2 2 0 3 1520 2118 1517
3529 2 2 0 3 1315 2130 1921
3530 2 2 0 3 1776 1778 1333
3531 2 2 0 3 1739 1760 1588
3532 2 2 0 3 1732 1883 1670
3533 2 2 0 3 1688 1689 1687
3534 2 2 0 3 1318 1320 1319
3535 2 2 0 3 1874 1875 1635
3536 2 2 0 3 1907 2179 1993
3537 2 2 0 3 1223 1224 1222
3538 2 2 0 3 1455 2065 1458
3539 2 2 0 3 1470 1490 1468
3540 2 2 0 3 1419 1420 1417
3541 2 2 0 3 1367 1370 1368
3542 2 2 0 3 1183 1184 1182
3543 2 2 0 3 1356 2043 1335
3544 2 2 0 3 1678 1727 1586
3545 2 2 0 3 2085 2086 1360
3546 2 2 0 3 1337 1612 1361
3547 2 2 0 3 1201 2025 1892
3548 2 2 0 3 1461 1559 1558
3549 2 2 0 3 1627 2189 1572
3550 2 2 0 3 1871 2184 1530
3551 2 2 0 3 1368 1624 1623
3552 2 2 0 3 1852 2219 1648
3553 2 2 0 3 1448 1450 1449
3554 2 2 0 3 1629 1784 1772
3555 2 2 0 3 27 2188 1353
3556 2 2 0 3 1453 1455 1454
3557 2 2 0 3 1710 2166 1603
3558 2 2 0 3 1254 1255 1251
3559 2 2 0 3 1418 2060 1836
3560 2 2 0 3 1685 1788 1684
3561 2 2 0 3 1615 1617 1616
3562 2 2 0 3 1605 2158 2098
3563 2 2 0 3 1753 1867 1751
3564 2 2 0 3 1565 1582 1549
3565 2 2 0 3 1618 1920 1898
3566 2 2 0 3 1176 2000 51
3567 2 2 0 3 1915 1919 1577
3568 2 2 0 3 1267 2147 1223
3569 2 2 0 3 1518 2062 2018
3570 2 2 0 3 1968 2109 1715
3571 2 2 0 3 1891 2126 1423
3572 2 2 0 3 1348 2115 1678
3573 2 2 0 3 66 1931 65
3574 2 2 0 3 1546 1547 1545
3575 2 2 0 3 1500 1502 1501
3576 2 2 0 3 1206 1208 1205
3577 2 2 0 3 1613 1614 1452
3578 2 2 0 3 1348 1350 1346
3579 2 2 0 3 1806 2114 1732
3580 2 2 0 3 1262 1960 1272
3581 2 2 0 3 1416 2042 1537
3582 2 2 0 3 1334 1335 1329
3583 2 2 0 3 1412 2012 1424
3584 2 2 0 3 1642 1750 1749
3585 2 2 0 3 1177 2090 49
3586 2 2 0 3 1166 1777 1775
3587 2 2 0 3 1921 2208 1315
3588 2 2 0 3 1779 1780 1778
3589 2 2 0 3 1382 1838 1522
3590 2 2 0 3 1165 1863 1711
3591 2 2 0 3 1721 2100 2099
3592 2 2 0 3 9 2141 1704
3593 2 2 0 3 1620 2231 2057
3594 2 2 0 3 1278 2204 1852
3595 2 2 0 3 1202 1204 1203
3596 2 2 0 3 1898 1973 1899
3597 2 2 0 3 1591 2083 1888
3598 2 2 0 3 1849 1850 1848
3599 2 2 0 3 1459 1534 1456
3600 2 2 0 3 1445 1950 1433
3601 2 2 0 3 1920 2132 2051
3602 2 2 0 3 1739 1955 1760
3603 2 2 0 3 1344 1584 1321
3604 2 2 0 3 1446 1859 1461
3605 2 2 0 3 1919 2194 1673
3606 2 2 0 3 1458 2065 1555
3607 2 2 0 3 1693 1725 1691
3608 2 2 0 3 1155 2173 1883
3609 2 2 0 3 2119 2120 1557
3610 2 2 0 3 1535 1554 1544
3611 2 2 0 3 1836 2060 1917
3612 2 2 0 3 1515 1980 1508
3613 2 2 0 3 1703 1889 1230
3614 2 2 0 3 1595 2239 1894
3615 2 2 0 3 1663 1813 1812
3616 2 2 0 3 1522 1540 1393
3617 2 2 0 3 1639 1962 1675
3618 2 2 0 3 1745 2100 1721
3619 2 2 0 3 1638 1831 1640
3620 2 2 0 3 1444 1551 1550
3621 2 2 0 3 1425 1432 1426
3622 2 2 0 3 1613 1615 1614
3623 2 2 0 3 1178 2084 1958
3624 2 2 0 3 1331 1354 1332
3625 2 2 0 3 1819 2068 1914
3626 2 2 0 3 1500 1766 1596
3627 2 2 0 3 1920 1973 1898
3628 2 2 0 3 1615 1791 1617
3629 2 2 0 3 1866 1946 1658
3630 2 2 0 3 1324 1959 1268
3631 2 2 0 3 1859 2232 1857
3632 2 2 0 3 1843 1873 1841
3633 2 2 0 3 1613 1952 1615
3634 2 2 0 3 1550 1934 1626
3635 2 2 0 3 1526 1527 1525
3636 2 2 0 3 1551 1934 1550
3637 2 2 0 3 1748 1853 1641
3638 2 2 0 3 1601 1710 1603
3639 2 2 0 3 1282 1283 1281
3640 2 2 0 3 1994 2142 1308
3641 2 2 0 3 1496 1497 1491
3642 2 2 0 3 1566 1724 1568
3643 2 2 0 3 1601 1603 1602
3644 2 2 0 3 1398 2143 1569
3645 2 2 0 3 1755 1947 1911
3646 2 2 0 3 1514 2064 1767
3647 2 2 0 3 1162 2077 1984
3648 2 2 0 3 1773 1944 1861
3649 2 2 0 3 1777 2205 1981
3650 2 2 0 3 1237 1334 1329
3651 2 2 0 3 1728 2229 2015
3652 2 2 0 3 1833 1969 1860
3653 2 2 0 3 1552 1716 1583
3654 2 2 0 3 1207 1909 1186
3655 2 2 0 3 1538 1539 1532
3656 2 2 0 3 1617 1983 1616
3657 2 2 0 3 1283 1948 1281
3658 2 2 0 3 1421 1425 1422
3659 2 2 0 3 1643 1999 1897
3660 2 2 0 3 1876 2182 1895
3661 2 2 0 3 1168 2191 1805
3662 2 2 0 3 1755 1911 1910
3663 2 2 0 3 1416 1419 1417
3664 2 2 0 3 1963 2189 1627
3665 2 2 0 3 1461 1859 1559
3666 2 2 0 3 1588 1967 1401
3667 2 2 0 3 1419 1421 1420
3668 2 2 0 3 1485 1486 1481
3669 2 2 0 3 1566 1568 1567
3670 2 2 0 3 1894 2039 1595
3671 2 2 0 3 1369 1893 1597
3672 2 2 0 3 1829 1830 1828
3673 2 2 0 3 1477 2087 1995
3674 2 2 0 3 1264 1599 1266
3675 2 2 0 3 1255 1959 1269
3676 2 2 0 3 1738 1784 1629
3677 2 2 0 3 1955 2200 1444
3678 2 2 0 3 1835 1969 1833
3679 2 2 0 3 67 2180 66
3680 2 2 0 3 1460 1643 1445
3681 2 2 0 3 31 1664 30
3682 2 2 0 3 1329 2028 1235
3683 2 2 0 3 2149 2158 1606
3684 2 2 0 3 1472 2037 1845
3685 2 2 0 3 1572 1977 1443
3686 2 2 0 3 1845 1846 1490
3687 2 2 0 3 1518 2018 1497
3688 2 2 0 3 25 1352 1170
3689 2 2 0 3 1244 2015 1258
3690 2 2 0 3 1754 2195 1753
3691 2 2 0 3 1599 1679 1671
3692 2 2 0 3 1640 1921 1642
3693 2 2 0 3 1642 1921 1750
3694 2 2 0 3 1655 1953 1649
3695 2 2 0 3 1648 1649 1647
3696 2 2 0 3 1699 2083 1697
3697 2 2 0 3 1423 2123 1870
3698 2 2 0 3 1688 1690 1689
3699 2 2 0 3 1252 1281 1247
3700 2 2 0 3 1229 1703 1230
3701 2 2 0 3 1752 1753 1751
3702 2 2 0 3 2060 2123 1621
3703 2 2 0 3 1810 2228 1581
3704 2 2 0 3 1531 1532 1529
3705 2 2 0 3 1434 1943 1446
3706 2 2 0 3 43 1805 42
3707 2 2 0 3 1691 2036 1689
3708 2 2 0 3 1288 2071 1286
3709 2 2 0 3 1629 1630 1628
3710 2 2 0 3 1656 1785 1674
3711 2 2 0 3 1380 1393 1378
3712 2 2 0 3 1640 1641 1639
3713 2 2 0 3 1518 2154 2062
3714 2 2 0 3 1546 1553 1547
3715 2 2 0 3 1222 1232 1220
3716 2 2 0 3 1642 1748 1641
3717 2 2 0 3 1201 2140 1869
3718 2 2 0 3 1878 1880 1879
3719 2 2 0 3 1837 1983 1617
3720 2 2 0 3 1157 1887 5
3721 2 2 0 3 1740 1997 1695
3722 2 2 0 3 1640 1642 1641
3723 2 2 0 3 1173 1595 1594
3724 2 2 0 3 1446 1943 1859
3725 2 2 0 3 1708 2073 1862
3726 2 2 0 3 1756 2097 1665
3727 2 2 0 3 1603 1604 1602
3728 2 2 0 3 1717 2044 1981
3729 2 2 0 3 1870 2123 2060
3730 2 2 0 3 1566 2034 1724
3731 2 2 0 3 1823 1929 1609
3732 2 2 0 3 1616 1983 1683
3733 2 2 0 3 1437 1535 1439
3734 2 2 0 3 1579 2009 1580
3735 2 2 0 3 1491 1492 1487
3736 2 2 0 3 56 1797 55
3737 2 2 0 3 1909 2026 1323
3738 2 2 0 3 1600 2012 1428
3739 2 2 0 3 1615 1616 1614
3740 2 2 0 3 1531 1538 1532
3741 2 2 0 3 1920 2051 2050
3742 2 2 0 3 1489 2087 1479
3743 2 2 0 3 1252 1282 1281
3744 2 2 0 3 1378 1907 1376
3745 2 2 0 3 1393 1907 1378
3746 2 2 0 3 1791 1792 1617
3747 2 2 0 3 2001 2120 2119
3748 2 2 0 3 1410 1412 1409
3749 2 2 0 3 1161 2023 1704
3750 2 2 0 3 1620 2226 1889
3751 2 2 0 3 1592 1954 1573
3752 2 2 0 3 1727 2085 1938
3753 2 2 0 3 1935 2128 1218
3754 2 2 0 3 1585 1722 1584
3755 2 2 0 3 1408 1409 1406
3756 2 2 0 3 1546 1917 1553
3757 2 2 0 3 1446 1461 1460
3758 2 2 0 3 1521 1632 1520
3759 2 2 0 3 1461 1558 1557
3760 2 2 0 3 1734 2004 1998
3761 2 2 0 3 1381 1383 1382
3762 2 2 0 3 1880 2164 1881
3763 2 2 0 3 1884 2134 23
3764 2 2 0 3 1869 2245 1201
3765 2 2 0 3 1524 1900 1510
3766 2 2 0 3 2010 2171 1564
3767 2 2 0 3 1261 1938 1259
3768 2 2 0 3 1862 2073 1394
3769 2 2 0 3 1725 2036 1691
3770 2 2 0 3 1598 1685 1684
3771 2 2 0 3 1910 1998 1523
3772 2 2 0 3 2107 2169 2038
3773 2 2 0 3 1310 1737 1736
3774 2 2 0 3 1502 1503 1501
3775 2 2 0 3 1286 2071 1328
3776 2 2 0 3 1516 1523 1519
3777 2 2 0 3 1822 2095 1427
3778 2 2 0 3 53 1794 52
3779 2 2 0 3 1668 1915 1512
3780 2 2 0 3 1984 2187 1162
3781 2 2 0 3 1277 2237 1276
3782 2 2 0 3 1739 2200 1955
3783 2 2 0 3 1471 1672 1644
3784 2 2 0 3 1461 1557 1460
3785 2 2 0 3 1709 2148 1873
3786 2 2 0 3 1304 1305 1303
3787 2 2 0 3 1421 1431 1425
3788 2 2 0 3 1453 2055 1457
3789 2 2 0 3 1334 1348 1346
3790 2 2 0 3 1896 2039 1730
3791 2 2 0 3 1323 1958 1182
3792 2 2 0 3 1207 2005 1909
3793 2 2 0 3 2086 2224 1718
3794 2 2 0 3 1598 1684 1567
3795 2 2 0 3 2047 2104 1484
3796 2 2 0 3 1678 2086 2085
3797 2 2 0 3 1331 1355 1354
3798 2 2 0 3 1359 2231 2049
3799 2 2 0 3 1589 2131 68
3800 2 2 0 3 1922 1923 1882
3801 2 2 0 3 1681 2215 1832
3802 2 2 0 3 1384 1394 1387
3803 2 2 0 3 1704 1968 1706
3804 2 2 0 3 1571 1991 1374
3805 2 2 0 3 1337 1361 1344
3806 2 2 0 3 2000 2001 1177
3807 2 2 0 3 1899 2119 1561
3808 2 2 0 3 1850 1851 1848
3809 2 2 0 3 1408 1410 1409
3810 2 2 0 3 1768 2222 1972
3811 2 2 0 3 1807 2081 1576
3812 2 2 0 3 2074 2174 2096
3813 2 2 0 3 1172 2112 2111
3814 2 2 0 3 1857 2058 1858
3815 2 2 0 3 1921 2130 1750
3816 2 2 0 3 1601 1602 1600
3817 2 2 0 3 30 1664 1163
3818 2 2 0 3 41 2202 40
3819 2 2 0 3 1954 2132 1618
3820 2 2 0 3 32 2250 1664
3821 2 2 0 3 1262 1265 1264
3822 2 2 0 3 1282 1325 1283
3823 2 2 0 3 1667 1669 1668
3824 2 2 0 3 1414 1416 1415
3825 2 2 0 3 1750 1751 1749
3826 2 2 0 3 2038 2169 1849
3827 2 2 0 3 1439 2156 1440
3828 2 2 0 3 1958 2150 1966
3829 2 2 0 3 1517 2118 1518
3830 2 2 0 3 1939 2040 1853
3831 2 2 0 3 1804 2020 1783
3832 2 2 0 3 1414 1415 1413
3833 2 2 0 3 1187 1189 1188
3834 2 2 0 3 1539 1565 1549
3835 2 2 0 3 2020 2075 1585
3836 2 2 0 3 1679 2201 1987
3837 2 2 0 3 1457 2065 1455
3838 2 2 0 3 1855 1922 1882
3839 2 2 0 3 1318 1676 1320
3840 2 2 0 3 1610 1951 1824
3841 2 2 0 3 1 1494 78
3842 2 2 0 3 1429 1443 1442
3843 2 2 0 3 1914 2068 1367
3844 2 2 0 3 1728 1948 1362
3845 2 2 0 3 1337 1344 1321
3846 2 2 0 3 1248 2192 1252
3847 2 2 0 3 1917 2046 1836
3848 2 2 0 3 2012 2013 1424
3849 2 2 0 3 1789 1834 1674
3850 2 2 0 3 1669 1928 1668
3851 2 2 0 3 1352 1645 1170
3852 2 2 0 3 1416 1537 1419
3853 2 2 0 3 1374 1991 1313
3854 2 2 0 3 1785 1789 1674
3855 2 2 0 3 1169 1745 33
3856 2 2 0 3 1412 1414 1413
3857 2 2 0 3 2073 2143 1394
3858 2 2 0 3 1328 1982 1284
3859 2 2 0 3 1505 1980 1507
3860 2 2 0 3 1927 2177 2176
3861 2 2 0 3 1648 2219 1650
3862 2 2 0 3 1625 2007 1686
3863 2 2 0 3 1208 1982 1205
3864 2 2 0 3 1772 1773 1630
3865 2 2 0 3 1792 1837 1617
3866 2 2 0 3 1780 2197 1781
3867 2 2 0 3 1615 1952 1791
3868 2 2 0 3 1643 1950 1445
3869 2 2 0 3 1773 1861 1774
3870 2 2 0 3 1998 2093 1734
3871 2 2 0 3 1539 1549 1532
3872 2 2 0 3 1175 1974 1973
3873 2 2 0 3 1659 1953 1655
3874 2 2 0 3 1411 1429 1428
3875 2 2 0 3 1773 1774 1630
3876 2 2 0 3 1869 2190 1322
3877 2 2 0 3 1466 2235 1541
3878 2 2 0 3 1411 1955 1429
3879 2 2 0 3 1965 2070 1622
3880 2 2 0 3 1622 2170 1370
3881 2 2 0 3 1817 2161 1612
3882 2 2 0 3 1359 2252 1944
3883 2 2 0 3 1535 1536 1439
3884 2 2 0 3 1687 2035 1739
3885 2 2 0 3 1651 1655 1649
3886 2 2 0 3 2176 2177 1154
3887 2 2 0 3 1695 1997 1693
3888 2 2 0 3 2044 2184 1981
3889 2 2 0 3 1300 1302 1301
3890 2 2 0 3 1626 2089 1627
3891 2 2 0 3 1314 2139 1305
3892 2 2 0 3 1183 1185 1184
3893 2 2 0 3 1656 1674 1657
3894 2 2 0 3 1501 1939 1499
3895 2 2 0 3 1867 2087 1489
3896 2 2 0 3 2026 2150 1323
3897 2 2 0 3 1307 2172 1314
3898 2 2 0 3 1395 2143 1398
3899 2 2 0 3 1571 1992 1991
3900 2 2 0 3 1544 1545 1536
3901 2 2 0 3 7 1854 6
3902 2 2 0 3 1603 2033 1604
3903 2 2 0 3 1517 1518 1497
3904 2 2 0 3 1831 2208 1921
3905 2 2 0 3 1442 1977 1601
3906 2 2 0 3 1558 2119 1557
3907 2 2 0 3 1217 2092 1591
3908 2 2 0 3 1910 2003 1754
3909 2 2 0 3 23 2134 22
3910 2 2 0 3 1601 1977 1710
3911 2 2 0 3 1831 1921 1640
3912 2 2 0 3 1497 2018 1491
3913 2 2 0 3 1624 1979 1623
3914 2 2 0 3 1481 1489 1479
3915 2 2 0 3 1322 2075 1930
3916 2 2 0 3 1532 1975 1529
3917 2 2 0 3 1571 1993 1992
3918 2 2 0 3 2112 2215 1156
3919 2 2 0 3 2063 2199 1933
3920 2 2 0 3 1611 2199 2063
3921 2 2 0 3 1656 1657 1655
3922 2 2 0 3 1879 2069 1959
3923 2 2 0 3 1538 2034 1539
3924 2 2 0 3 1228 1229 1227
3925 2 2 0 3 1488 1496 1491
3926 2 2 0 3 1463 1940 1925
3927 2 2 0 3 1819 2202 2068
3928 2 2 0 3 1429 1442 1428
3929 2 2 0 3 1776 1981 1779
3930 2 2 0 3 1911 1998 1910
3931 2 2 0 3 1983 1984 1683
3932 2 2 0 3 1507 2160 1962
3933 2 2 0 3 1569 1688 1687
3934 2 2 0 3 1521 1666 1665
3935 2 2 0 3 1446 1460 1445
3936 2 2 0 3 1872 2238 1802
3937 2 2 0 3 2056 2247 1457
3938 2 2 0 3 1488 1513 1496
3939 2 2 0 3 1645 2082 1771
3940 2 2 0 3 1432 2024 1533
3941 2 2 0 3 1649 1953 1647
3942 2 2 0 3 1662 2027 1970
3943 2 2 0 3 1579 1580 1540
3944 2 2 0 3 2161 2233 1361
3945 2 2 0 3 1632 2097 1729
3946 2 2 0 3 1167 2134 1884
3947 2 2 0 3 1805 1893 1369
3948 2 2 0 3 1535 1544 1536
3949 2 2 0 3 1905 2175 1903
3950 2 2 0 3 2058 2059 1278
3951 2 2 0 3 1554 2046 1544
3952 2 2 0 3 1813 1814 1812
3953 2 2 0 3 1335 2043 1329
3954 2 2 0 3 1798 1800 1795
3955 2 2 0 3 1737 2010 1736
3956 2 2 0 3 1334 2115 1348
3957 2 2 0 3 1899 2116 2001
3958 2 2 0 3 1544 1546 1545
3959 2 2 0 3 1636 1978 1638
3960 2 2 0 3 1772 2226 2057
3961 2 2 0 3 1961 1963 1627
3962 2 2 0 3 1172 2110 2002
3963 2 2 0 3 2009 2163 1756
3964 2 2 0 3 2001 2119 1899
3965 2 2 0 3 1367 2068 1370
3966 2 2 0 3 2099 2239 1721
3967 2 2 0 3 1443 1977 1442
3968 2 2 0 3 1678 2115 2086
3969 2 2 0 3 1580 2009 1949
3970 2 2 0 3 1668 2194 1915
3971 2 2 0 3 1611 2063 1169
3972 2 2 0 3 1494 2209 1807
3973 2 2 0 3 1677 1965 1593
3974 2 2 0 3 2246 2251 1989
3975 2 2 0 3 1395 1398 1397
3976 2 2 0 3 1633 1996 1636
3977 2 2 0 3 29 2066 28
3978 2 2 0 3 18 2084 17
3979 2 2 0 3 1920 2050 1175
3980 2 2 0 3 1448 2052 1450
3981 2 2 0 3 1491 2018 1492
3982 2 2 0 3 1194 1988 1192
3983 2 2 0 3 1523 2004 1519
3984 2 2 0 3 1552 2044 1717
3985 2 2 0 3 1569 1687 1588
3986 2 2 0 3 2042 2213 1537
3987 2 2 0 3 1600 2013 2012
3988 2 2 0 3 1203 1631 1200
3989 2 2 0 3 1842 1844 1843
3990 2 2 0 3 1183 1976 1185
3991 2 2 0 3 1204 1205 1203
3992 2 2 0 3 1410 2012 1412
3993 2 2 0 3 1706 1972 1161
3994 2 2 0 3 1722 1821 1584
3995 2 2 0 3 1264 1266 1261
3996 2 2 0 3 1842 1843 1841
3997 2 2 0 3 1341 1343 1340
3998 2 2 0 3 1548 2238 1872
3999 2 2 0 3 1883 2173 1670
4000 2 2 0 3 1877 2236 1878
4001 2 2 0 3 1516 1519 1517
4002 2 2 0 3 1509 1510 1508
4003 2 2 0 3 1506 1509 1508
4004 2 2 0 3 1889 2226 1784
4005 2 2 0 3 1718 2224 1236
4006 2 2 0 3 1229 1230 1227
4007 2 2 0 3 1492 2107 1487
4008 2 2 0 3 1758 2157 1759
4009 2 2 0 3 2035 2036 1551
4010 2 2 0 3 1168 2132 1954
4011 2 2 0 3 2042 2088 1774
4012 2 2 0 3 2059 2204 1278
4013 2 2 0 3 1813 2059 1814
4014 2 2 0 3 1355 2045 1354
4015 2 2 0 3 2098 2163 1605
4016 2 2 0 3 1158 2014 1918
4017 2 2 0 3 1972 2222 1161
4018 2 2 0 3 1604 2033 1738
4019 2 2 0 3 2144 2145 35
4020 2 2 0 3 1424 2088 2042
4021 2 2 0 3 1716 2026 1583
4022 2 2 0 3 1953 2201 2136
4023 2 2 0 3 1957 2126 1956
4024 2 2 0 3 1858 2207 1787
4025 2 2 0 3 1917 2060 1621
4026 2 2 0 3 1476 1483 1482
4027 2 2 0 3 1929 2211 1594
4028 2 2 0 3 1675 2160 2032
4029 2 2 0 3 1172 2111 2110
4030 2 2 0 3 1638 1978 1831
4031 2 2 0 3 1614 2055 1452
4032 2 2 0 3 1970 2027 1985
4033 2 2 0 3 1494 1807 78
4034 2 2 0 3 8 2023 1351
4035 2 2 0 3 1299 2244 1633
4036 2 2 0 3 1821 1877 1584
4037 2 2 0 3 1280 2136 1990
4038 2 2 0 3 1557 2216 1460
4039 2 2 0 3 1767 2064 1922
4040 2 2 0 3 1872 2138 1548
4041 2 2 0 3 1230 2101 1227
4042 2 2 0 3 1177 2116 2090
4043 2 2 0 3 1681 2076 1589
4044 2 2 0 3 1785 1790 1789
4045 2 2 0 3 1198 1249 1196
4046 2 2 0 3 1850 2227 1851
4047 2 2 0 3 1193 1330 1195
4048 2 2 0 3 1798 1957 1956
4049 2 2 0 3 1807 2209 1744
4050 2 2 0 3 1657 1659 1655
4051 2 2 0 3 16 1166 15
4052 2 2 0 3 1425 2024 1432
4053 2 2 0 3 1689 2035 1687
4054 2 2 0 3 2136 2201 1679
4055 2 2 0 3 1360 2091 1257
4056 2 2 0 3 1598 2017 1685
4057 2 2 0 3 57 2138 1159
4058 2 2 0 3 1448 2125 2052
4059 2 2 0 3 1302 1313 1304
4060 2 2 0 3 1184 1323 1182
4061 2 2 0 3 1408 1411 1410
4062 2 2 0 3 11 2014 1705
4063 2 2 0 3 1452 2055 1453
4064 2 2 0 3 1959 2069 1269
4065 2 2 0 3 1411 1428 1410
4066 2 2 0 3 1318 2016 1676
4067 2 2 0 3 1431 2024 1425
4068 2 2 0 3 1342 1986 1926
4069 2 2 0 3 1488 2135 1513
4070 2 2 0 3 1583 2034 1538
4071 2 2 0 3 2062 2154 1843
4072 2 2 0 3 1821 2236 1877
4073 2 2 0 3 1897 1999 1176
4074 2 2 0 3 1412 1424 1414
4075 2 2 0 3 1870 2060 1418
4076 2 2 0 3 1483 1487 1482
4077 2 2 0 3 1830 2248 2240
4078 2 2 0 3 2005 2026 1909
4079 2 2 0 3 1436 2122 1403
4080 2 2 0 3 1636 1996 1978
4081 2 2 0 3 1521 1665 1632
4082 2 2 0 3 1428 2012 1410
4083 2 2 0 3 1915 2194 1919
4084 2 2 0 3 2037 2038 1845
4085 2 2 0 3 12 2014 11
4086 2 2 0 3 2018 2062 2019
4087 2 2 0 3 1678 2085 1727
4088 2 2 0 3 2051 2132 1168
4089 2 2 0 3 1173 1594 1353
4090 2 2 0 3 1354 2045 1610
4091 2 2 0 3 1758 2104 1928
4092 2 2 0 3 2073 2155 1690
4093 2 2 0 3 1414 2042 1416
4094 2 2 0 3 1612 2161 1361
4095 2 2 0 3 1330 2025 1195
4096 2 2 0 3 1394 2143 1395
4097 2 2 0 3 2096 2174 1685
4098 2 2 0 3 1357 1620 1356
4099 2 2 0 3 1697 2083 1740
4100 2 2 0 3 1585 2075 1722
4101 2 2 0 3 1166 1775 15
4102 2 2 0 3 2177 2238 1548
4103 2 2 0 3 1684 2127 1890
4104 2 2 0 3 1522 1556 1540
4105 2 2 0 3 1257 2091 1242
4106 2 2 0 3 1476 1482 1474
4107 2 2 0 3 1761 2233 2161
4108 2 2 0 3 1927 2238 2177
4109 2 2 0 3 1956 2126 1891
4110 2 2 0 3 1624 2070 1924
4111 2 2 0 3 1430 2117 2072
4112 2 2 0 3 2074 2096 1631
4113 2 2 0 3 1543 2067 1715
4114 2 2 0 3 1947 2094 1911
4115 2 2 0 3 1372 2124 1908
4116 2 2 0 3 1593 2196 1592
4117 2 2 0 3 1628 2088 2013
4118 2 2 0 3 1618 2132 1920
4119 2 2 0 3 1919 2218 1577
4120 2 2 0 3 1361 2233 1820
4121 2 2 0 3 1405 2159 1408
4122 2 2 0 3 1704 1706 1161
4123 2 2 0 3 1484 2104 1758
4124 2 2 0 3 1985 2206 1537
4125 2 2 0 3 1542 2079 2078
4126 2 2 0 3 1476 1995 1483
4127 2 2 0 3 1441 2187 1984
4128 2 2 0 3 1826 2106 1719
4129 2 2 0 3 2065 2247 1832
4130 2 2 0 3 1711 2240 2105
4131 2 2 0 3 1347 1942 1358
4132 2 2 0 3 2002 2110 1174
4133 2 2 0 3 1954 2191 1168
4134 2 2 0 3 1170 1770 24
4135 2 2 0 3 1844 2062 1843
4136 2 2 0 3 1441 2053 1343
4137 2 2 0 3 1586 2210 1587
4138 2 2 0 3 1720 2099 1733
4139 2 2 0 3 1790 2049 1789
4140 2 2 0 3 1704 2141 1968
4141 2 2 0 3 2105 2240 1164
4142 2 2 0 3 1303 2244 1301
4143 2 2 0 3 1893 2191 1592
4144 2 2 0 3 1995 2087 1868
4145 2 2 0 3 1688 2143 2073
4146 2 2 0 3 1250 2016 1254
4147 2 2 0 3 1840 1842 1841
4148 2 2 0 3 1610 2045 1951
4149 2 2 0 3 1254 2016 1318
4150 2 2 0 3 1199 1202 1200
4151 2 2 0 3 1488 1491 1487
4152 2 2 0 3 1511 1524 1510
4153 2 2 0 3 1269 2069 1331
4154 2 2 0 3 1368 2170 1624
4155 2 2 0 3 2108 2164 1330
4156 2 2 0 3 2090 2116 1974
4157 2 2 0 3 1542 2078 1486
4158 2 2 0 3 1839 2029 1838
4159 2 2 0 3 1781 2109 1158
4160 2 2 0 3 1544 2046 1546
4161 2 2 0 3 1692 2155 2095
4162 2 2 0 3 1159 1803 1797
4163 2 2 0 3 2140 2190 1869
4164 2 2 0 3 2018 2019 1492
4165 2 2 0 3 1689 2036 2035
4166 2 2 0 3 1370 2170 1368
4167 2 2 0 3 2111 2112 1156
4168 2 2 0 3 1772 2057 1773
4169 2 2 0 3 1829 2248 1830
4170 2 2 0 3 1716 2150 2026
4171 2 2 0 3 1936 2125 1726
4172 2 2 0 3 1989 2251 1608
4173 2 2 0 3 1193 2108 1330
4174 2 2 0 3 1964 2152 1570
4175 2 2 0 3 1597 2241 1622
4176 2 2 0 3 1981 2205 1717
4177 2 2 0 3 72 2011 1174
4178 2 2 0 3 1198 2146 1249
4179 2 2 0 3 1996 2139 1978
4180 2 2 0 3 1351 2222 2008
4181 2 2 0 3 1729 2148 1709
4182 2 2 0 3 72 2110 71
4183 2 2 0 3 1688 2073 1690
4184 2 2 0 3 1569 2143 1688
4185 2 2 0 3 1546 2046 1917
4186 2 2 0 3 1631 2146 1200
4187 2 2 0 3 1227 2101 1226
4188 2 2 0 3 1471 1644 1473
4189 2 2 0 3 1670 2173 2081
4190 2 2 0 3 1721 1945 1163
4191 2 2 0 3 1726 2125 1400
4192 2 2 0 3 2120 2216 1557
4193 2 2 0 3 1722 2190 2140
4194 2 2 0 3 1237 2115 1334
4195 2 2 0 3 1522 2029 1556
4196 2 2 0 3 1307 2183 2094
4197 2 2 0 3 2022 2185 1842
4198 2 2 0 3 1307 2094 1947
4199 2 2 0 3 1935 2089 1626
4200 2 2 0 3 1671 2054 1266
4201 2 2 0 3 1408 2159 1411
4202 2 2 0 3 1482 2037 1474
4203 2 2 0 3 1873 2149 1841
4204 2 2 0 3 1744 2209 1915
4205 2 2 0 3 1692 2095 1694
4206 2 2 0 3 1199 2245 1869
4207 2 2 0 3 1897 2225 1643
4208 2 2 0 3 1871 2197 1780
4209 2 2 0 3 1329 2043 2028
4210 2 2 0 3 1774 2088 1630
4211 2 2 0 3 1322 2193 1204
4212 2 2 0 3 1745 2250 33
4213 2 2 0 3 1305 2139 1303
4214 2 2 0 3 2137 2169 2019
4215 2 2 0 3 1842 2185 1844
4216 2 2 0 3 1331 2069 1355
4217 2 2 0 3 2084 2162 17
4218 2 2 0 3 1507 2040 1503
4219 2 2 0 3 1894 2099 1720
4220 2 2 0 3 1621 2123 1810
4221 2 2 0 3 1750 2130 1752
4222 2 2 0 3 1483 1488 1487
4223 2 2 0 3 2058 2232 2059
4224 2 2 0 3 37 2105 36
4225 2 2 0 3 2 2186 1
4226 2 2 0 3 1511 1525 1524
4227 2 2 0 3 1632 1709 1520
4228 2 2 0 3 1790 2252 2049
4229 2 2 0 3 1347 1357 1356
4230 2 2 0 3 1732 2114 2002
4231 2 2 0 3 1757 2165 1224
4232 2 2 0 3 1594 2211 1353
4233 2 2 0 3 46 2050 45
4234 2 2 0 3 2135 2195 1513
4235 2 2 0 3 58 2138 57
4236 2 2 0 3 1759 2157 1923
4237 2 2 0 3 1323 2150 1958
4238 2 2 0 3 1722 2140 1821
4239 2 2 0 3 1216 2223 1217
4240 2 2 0 3 1630 2088 1628
4241 2 2 0 3 1868 2087 1867
4242 2 2 0 3 1486 2078 1481
4243 2 2 0 3 1400 2125 1448
4244 2 2 0 3 1202 1203 1200
4245 2 2 0 3 2165 2166 1232
4246 2 2 0 3 1656 2168 1785
4247 2 2 0 3 1781 2197 2152
4248 2 2 0 3 1908 2117 1430
4249 2 2 0 3 1342 2176 2053
4250 2 2 0 3 1421 2206 1431
4251 2 2 0 3 1298 1300 1299
4252 2 2 0 3 1509 1511 1510
4253 2 2 0 3 30 1163 29
4254 2 2 0 3 1945 2239 1595
4255 2 2 0 3 1277 2207 1858
4256 2 2 0 3 48 2090 1974
4257 2 2 0 3 1175 2050 46
4258 2 2 0 3 1998 2004 1523
4259 2 2 0 3 1207 2251 2246
4260 2 2 0 3 1698 2151 1916
4261 2 2 0 3 1838 2029 1522
4262 2 2 0 3 1844 2137 2019
4263 2 2 0 3 1932 2207 1277
4264 2 2 0 3 54 1796 1795
4265 2 2 0 3 1820 2233 1937
4266 2 2 0 3 2028 2043 1703
4267 2 2 0 3 1516 1517 1497
4268 2 2 0 3 1570 2197 1871
4269 2 2 0 3 1796 1798 1795
4270 2 2 0 3 1981 2184 1779
4271 2 2 0 3 2023 2222 1351
4272 2 2 0 3 1974 2030 48
4273 2 2 0 3 2057 2231 1359
4274 2 2 0 3 1564 2171 1525
4275 2 2 0 3 1460 2216 1643
4276 2 2 0 3 1624 2170 2070
4277 2 2 0 3 2049 2252 1359
4278 2 2 0 3 1389 1392 1386
4279 2 2 0 3 1652 2168 1651
4280 2 2 0 3 1178 2162 2084
4281 2 2 0 3 1798 2221 1800
4282 2 2 0 3 1482 2107 2037
4283 2 2 0 3 1592 2191 1954
4284 2 2 0 3 1937 2147 1267
4285 2 2 0 3 1467 1469 1468
4286 2 2 0 3 1985 2027 1431
4287 2 2 0 3 1474 2037 1472
4288 2 2 0 3 1934 2128 1935
4289 2 2 0 3 1647 2136 1280
4290 2 2 0 3 1592 2196 1893
4291 2 2 0 3 36 2144 35
4292 2 2 0 3 1951 2242 1246
4293 2 2 0 3 1794 2249 1897
4294 2 2 0 3 2037 2107 2038
4295 2 2 0 3 1753 2195 1868
4296 2 2 0 3 1690 2155 1692
4297 2 2 0 3 1156 1680 70
4298 2 2 0 3 1968 2141 1705
4299 2 2 0 3 1723 2229 1728
4300 2 2 0 3 1501 2040 1939
4301 2 2 0 3 1537 2206 1419
4302 2 2 0 3 1727 2210 1586
4303 2 2 0 3 1677 2129 1965
4304 2 2 0 3 1840 2022 1842
4305 2 2 0 3 1749 2214 1748
4306 2 2 0 3 1932 2129 1677
4307 2 2 0 3 2001 2116 1177
4308 2 2 0 3 2102 2127 1311
4309 2 2 0 3 1868 2135 1995
4310 2 2 0 3 1930 2193 1322
4311 2 2 0 3 2153 2228 1799
4312 2 2 0 3 1475 1476 1474
4313 2 2 0 3 1878 2236 1892
4314 2 2 0 3 49 2090 48
4315 2 2 0 3 1525 2171 1524
4316 2 2 0 3 1580 2179 1540
4317 2 2 0 3 1911 2093 1998
4318 2 2 0 3 1995 2135 1483
4319 2 2 0 3 1999 2000 1176
4320 2 2 0 3 1608 2251 1190
4321 2 2 0 3 1735 2220 2102
4322 2 2 0 3 1680 2215 1681
4323 2 2 0 3 1911 2094 2093
4324 2 2 0 3 2097 2098 1729
4325 2 2 0 3 1857 2232 2058
4326 2 2 0 3 1192 1608 1190
4327 2 2 0 3 1424 2042 1414
4328 2 2 0 3 1734 2142 1713
4329 2 2 0 3 1709 2118 1520
4330 2 2 0 3 2019 2169 1492
4331 2 2 0 3 1784 2226 1772
4332 2 2 0 3 1788 2127 1684
4333 2 2 0 3 2096 2146 1631
4334 2 2 0 3 1953 2136 1647
4335 2 2 0 3 2000 2120 2001
4336 2 2 0 3 1431 2206 1985
4337 2 2 0 3 1736 2220 1735
4338 2 2 0 3 1980 2160 1507
4339 2 2 0 3 1966 2150 1716
4340 2 2 0 3 45 2051 44
4341 2 2 0 3 2025 2245 1197
4342 2 2 0 3 1537 2213 1971
4343 2 2 0 3 1945 2066 1163
4344 2 2 0 3 1729 2158 2148
4345 2 2 0 3 1619 2193 1930
4346 2 2 0 3 1849 2137 1850
4347 2 2 0 3 1328 2074 1982
4348 2 2 0 3 1222 2165 1232
4349 2 2 0 3 1665 2097 1632
4350 2 2 0 3 2021 2175 1905
4351 2 2 0 3 1481 2078 1489
4352 2 2 0 3 1941 2218 1672
4353 2 2 0 3 1352 2211 1929
4354 2 2 0 3 1487 2107 1482
4355 2 2 0 3 2093 2142 1734
4356 2 2 0 3 1195 2025 1197
4357 2 2 0 3 1189 1190 1188
4358 2 2 0 3 2079 2214 1749
4359 2 2 0 3 1572 2189 1977
4360 2 2 0 3 1536 2156 1439
4361 2 2 0 3 1340 1343 1154
4362 2 2 0 3 2061 2252 1790
4363 2 2 0 3 1759 2212 1731
4364 2 2 0 3 1172 2113 2112
4365 2 2 0 3 1977 2189 1710
4366 2 2 0 3 1393 2179 1907
4367 2 2 0 3 1471 1473 1472
4368 2 2 0 3 1651 1656 1655
4369 2 2 0 3 25 1170 24
4370 2 2 0 3 1473 1474 1472
4371 2 2 0 3 1947 2172 1307
4372 2 2 0 3 2017 2096 1685
4373 2 2 0 3 1659 2201 1953
4374 2 2 0 3 1849 2169 2137
4375 2 2 0 3 1774 2213 2042
4376 2 2 0 3 1918 2014 12
4377 2 2 0 3 1188 2251 1207
4378 2 2 0 3 2019 2062 1844
4379 2 2 0 3 48 2030 47
4380 2 2 0 3 1512 2209 1494
4381 2 2 0 3 1962 2160 1675
4382 2 2 0 3 1435 2221 1956
4383 2 2 0 3 21 2133 20
4384 2 2 0 3 1733 2063 1933
4385 2 2 0 3 1933 2199 1829
4386 2 2 0 3 2035 2200 1739
4387 2 2 0 3 1469 1470 1468
4388 2 2 0 3 1685 2174 1788
4389 2 2 0 3 54 2203 53
4390 2 2 0 3 1478 2167 2047
4391 2 2 0 3 1200 2146 1198
4392 2 2 0 3 1473 1475 1474
4393 2 2 0 3 2002 2114 1172
4394 2 2 0 3 1843 2154 1873
4395 2 2 0 3 1163 2066 29
4396 2 2 0 3 1982 2230 1205
4397 2 2 0 3 1802 2238 1927
4398 2 2 0 3 1717 2205 1966
4399 2 2 0 3 1224 2165 1222
4400 2 2 0 3 1444 2200 1551
4401 2 2 0 3 2099 2100 1733
4402 2 2 0 3 67 2131 1162
4403 2 2 0 3 1174 2110 72
4404 2 2 0 3 2240 2248 1164
4405 2 2 0 3 1556 1579 1540
4406 2 2 0 3 2152 2197 1570
4407 2 2 0 3 1987 2201 1659
4408 2 2 0 3 2008 2222 1768
4409 2 2 0 3 1548 2138 58
4410 2 2 0 3 2124 2151 1908
4411 2 2 0 3 2148 2149 1873
4412 2 2 0 3 1322 2190 2075
4413 2 2 0 3 1353 2211 26
4414 2 2 0 3 2098 2158 1729
4415 2 2 0 3 1175 2030 1974
4416 2 2 0 3 2080 2186 2
4417 2 2 0 3 1644 2167 1473
4418 2 2 0 3 1805 2191 1893
4419 2 2 0 3 1169 2100 1745
4420 2 2 0 3 1205 2230 1203
4421 2 2 0 3 1477 1995 1476
4422 2 2 0 3 1915 2209 1512
4423 2 2 0 3 1357 2231 1620
4424 2 2 0 3 1721 2239 1945
4425 2 2 0 3 1714 2152 1964
4426 2 2 0 3 1203 2230 1631
4427 2 2 0 3 1201 2245 2025
4428 2 2 0 3 1347 1358 1357
4429 2 2 0 3 1155 2217 2173
4430 2 2 0 3 1999 2120 2000
4431 2 2 0 3 2068 2202 1371
4432 2 2 0 3 28 2188 27
4433 2 2 0 3 1475 1477 1476
4434 2 2 0 3 68 2131 67
4435 2 2 0 3 2076 2077 1589
4436 2 2 0 3 1190 2251 1188
4437 2 2 0 3 1643 2216 1999
4438 2 2 0 3 1987 2121 1671
4439 2 2 0 3 1164 2145 2144
4440 2 2 0 3 1643 2225 1950
4441 2 2 0 3 1162 2180 67
4442 2 2 0 3 57 1159 56
4443 2 2 0 3 1651 2168 1656
4444 2 2 0 3 1530 2184 2044
4445 2 2 0 3 1956 2221 1798
4446 2 2 0 3 1301 2244 1299
4447 2 2 0 3 1671 2121 2054
4448 2 2 0 3 1971 2213 1861
4449 2 2 0 3 2045 2242 1951
4450 2 2 0 3 1303 2139 1996
4451 2 2 0 3 1315 2172 1947
4452 2 2 0 3 1162 2131 2077
4453 2 2 0 3 1724 2246 1989
4454 2 2 0 3 2077 2131 1589
4455 2 2 0 3 1542 2214 2079
4456 2 2 0 3 40 2202 1819
4457 2 2 0 3 1996 2244 1303
4458 2 2 0 3 1890 2127 2102
4459 2 2 0 3 1551 2200 2035
4460 2 2 0 3 2005 2246 1724
4461 2 2 0 3 1928 2194 1668
4462 2 2 0 3 1385 2103 1388
4463 2 2 0 3 1881 2242 2045
4464 2 2 0 3 1263 2229 2041
4465 2 2 0 3 1179 2084 18
4466 2 2 0 3 2013 2088 1424
4467 2 2 0 3 1799 2228 1957
4468 2 2 0 3 2063 2100 1169
4469 2 2 0 3 1893 2196 1597
4470 2 2 0 3 1789 2234 1834
4471 2 2 0 3 1473 2167 1475
4472 2 2 0 3 1419 2206 1421
4473 2 2 0 3 74 2011 73
4474 2 2 0 3 1503 2040 1501
4475 2 2 0 3 1191 2108 1193
4476 2 2 0 3 1483 2135 1488
4477 2 2 0 3 2225 2249 1800
4478 2 2 0 3 1965 2241 1593
4479 2 2 0 3 2066 2188 28
4480 2 2 0 3 1207 2246 2005
4481 2 2 0 3 2105 2144 36
4482 2 2 0 3 2049 2234 1789
4483 2 2 0 3 1868 2195 2135
4484 2 2 0 3 1897 2249 2225
4485 2 2 0 3 1164 2248 2145
4486 2 2 0 3 1757 2166 2165
4487 2 2 0 3 1162 2187 1931
4488 2 2 0 3 2117 2151 1698
4489 2 2 0 3 1622 2241 1965
4490 2 2 0 3 2047 2167 1644
4491 2 2 0 3 2054 2210 1727
4492 2 2 0 3 1861 2213 1774
4493 2 2 0 3 2064 2212 1759
4494 2 2 0 3 1358 2234 2049
4495 2 2 0 3 1199 1200 1198
4496 2 2 0 3 1587 2210 2121
4497 2 2 0 3 1579 2163 2009
4498 2 2 0 3 1844 2185 2137
4499 2 2 0 3 1813 2204 2059
4500 2 2 0 3 1159 1797 56
4501 2 2 0 3 1631 2230 2074
4502 2 2 0 3 2070 2170 1622
4503 2 2 0 3 1908 2151 2117
4504 2 2 0 3 1540 2179 1393
4505 2 2 0 3 62 1340 61
4506 2 2 0 3 1633 2244 1996
4507 2 2 0 3 1514 2212 2064
4508 2 2 0 3 1328 2174 2074
4509 2 2 0 3 1391 2227 2022
4510 2 2 0 3 1931 2187 1160
4511 2 2 0 3 1457 2247 2065
4512 2 2 0 3 2118 2154 1518
4513 2 2 0 3 2185 2227 1850
4514 2 2 0 3 2074 2230 1982
4515 2 2 0 3 1197 1199 1198
4516 2 2 0 3 1556 1605 1579
4517 2 2 0 3 2041 2229 1723
4518 2 2 0 3 2177 2181 1154
4519 2 2 0 3 2075 2190 1722
4520 2 2 0 3 1705 2141 10
4521 2 2 0 3 1664 2250 1745
4522 2 2 0 3 2059 2232 1814
4523 2 2 0 3 1217 2223 2092
4524 2 2 0 3 2022 2227 2185
4525 2 2 0 3 2081 2173 1576
4526 2 2 0 3 2112 2113 1747
4527 2 2 0 3 2137 2185 1850
4528 2 2 0 3 2110 2111 71
4529 2 2 0 3 1733 2100 2063
4530 2 2 0 3 2092 2223 1218
4531 2 2 0 3 1944 2252 2061
4532 2 2 0 3 1894 2239 2099
4533 2 2 0 3 1795 2203 54
4534 2 2 0 3 2172 2208 1314
4535 2 2 0 3 66 2180 1931
4536 2 2 0 3 2203 2249 1794
4537 2 2 0 3 1800 2249 1795
4538 2 2 0 3 1161 2222 2023
4539 2 2 0 3 60 2181 2177
4540 2 2 0 3 53 2203 1794
4541 2 2 0 3 1315 2208 2172
4542 2 2 0 3 2133 2134 1167
4543 2 2 0 3 1180 2133 1167
4544 2 2 0 3 2196 2241 1597
4545 2 2 0 3 1605 2163 1579
4546 2 2 0 3 1795 2249 2203
4547 2 2 0 3 1197 2245 1199
4548 2 2 0 3 2121 2210 2054
4549 2 2 0 3 1172 2114 2113
4550 2 2 0 3 1197 1198 1196
4551 2 2 0 3 1353 2188 1173
4552 2 2 0 3 1164 2144 2105
4553 2 2 0 3 1593 2241 2196
4554 2 2 0 3 1999 2216 2120
4555 2 2 0 3 1173 2188 2066
4556 2 2 0 3 2145 2199 1611
4557 2 2 0 3 1195 1197 1196
4558 2 2 0 3 2145 2248 2199
4559 2 2 0 3 1300 1301 1299
4560 2 2 0 3 1189 1191 1190
4561 2 2 0 3 2199 2248 1829
4562 2 2 0 3 2173 2217 1576
4563 2 2 0 3 1195 1196 1194
4564 2 2 0 3 1193 1195 1194
4565 2 2 0 3 1156 2215 1680
4566 2 2 0 3 1931 2180 1162
4567 2 2 0 3 1193 1194 1192
4568 2 2 0 3 1191 1193 1192
4569 2 2 0 3 1191 1192 1190
4570 2 2 0 3 2050 2051 45
4571 2 2 0 3 62 1341 1340
4572 2 2 0 3 62 2198 1341
4573 2 2 0 3 1495 2186 2080
4574 2 2 0 3 63 2198 62
4575 2 2 0 3 1160 2198 63
4576 2 2 0 3 65 1160 64
4577 2 2 0 3 47 1175 46
4578 2 2 0 3 47 2030 1175
4579 2 2 0 3 64 1160 63
4580 4 2 0 1 2929 101 1073 852
4581 4 2 0 1 1610 1951 3325 1824
4582 4 2 0 1 2062 3944 3931 2997
4583 4 2 0 1 1610 1951 2045 3325
4584 4 2 0 1 1522 1838 1382 3774
4585 4 2 0 1 2275 2968 2728 2702
4586 4 2 0 1 1841 3944 3931 1843
4587 4 2 0 1 1841 3944 1843 1842
4588 4 2 0 1 2955 1011 992 2965
4589 4 2 0 1 225 2804 223 231
4590 4 2 0 1 3902 1764 3804 1763
4591 4 2 0 1 3581 510 2517 380
4592 4 2 0 1 429 2881 3673 449
4593 4 2 0 1 3892 3117 3000 3777
4594 4 2 0 1 3904 1605 1556 1606
4595 4 2 0 1 810 2979 1086 1143
4596 4 2 0 1 2955 1011 2965 2440
4597 4 2 0 1 2680 2679 3769 2927
4598 4 2 0 1 3082 3188 3265 3158
4599 4 2 0 1 2375 2649 2376 2268
4600 4 2 0 1 477 475 476 2666
4601 4 2 0 1 3613 2510 2914 3765
4602 4 2 0 1 311 2955 2990 2440
4603 4 2 0 1 2955 1011 2440 311
4604 4 2 0 1 2421 2422 2444 2420
4605 4 2 0 1 2049 3076 2231 2999
4606 4 2 0 1 2633 2631 2632 2429
4607 4 2 0 1 2780 2739 836 2784
4608 4 2 0 1 2028 3001 1229 1703
4609 4 2 0 1 3541 3542 3853 3165
4610 4 2 0 1 318 321 3709 322
4611 4 2 0 1 3579 2402 3578 3577
4612 4 2 0 1 2997 3944 3931 1392
4613 4 2 0 1 1843 3944 1844 1842
4614 4 2 0 1 1008 898 2436 960
4615 4 2 0 1 2597 318 3709 322
4616 4 2 0 1 2256 2565 3385 3389
4617 4 2 0 1 3035 3805 3256 1285
4618 4 2 0 1 2264 3675 2616 2253
4619 4 2 0 1 345 315 333 2435
4620 4 2 0 1 3577 2925 3578 2460
4621 4 2 0 1 2566 2488 2647 3385
4622 4 2 0 1 3391 3518 3879 3587
4623 4 2 0 1 1246 1881 3325 3061
4624 4 2 0 1 3874 2272 3422 3413
4625 4 2 0 1 3646 1778 1776 1779
4626 4 2 0 1 647 3926 2920 874
4627 4 2 0 1 2572 2575 679 913
4628 4 2 0 1 2616 3675 2615 2253
4629 4 2 0 1 382 381 333 2435
4630 4 2 0 1 381 345 333 2435
4631 4 2 0 1 1156 2511 3295 2636
4632 4 2 0 1 3841 1759 3110 2796
4633 4 2 0 1 2991 884 2437 702
4634 4 2 0 1 1938 1360 2085 3223
4635 4 2 0 1 3603 3602 1111 3475
4636 4 2 0 1 2880 375 2283 2996
4637 4 2 0 1 2773 3307 3571 2945
4638 4 2 0 1 2297 2697 3713 2296
4639 4 2 0 1 2996 2880 3458 2283
4640 4 2 0 1 2694 3704 3705 3249
4641 4 2 0 1 2231 3076 2049 3273
4642 4 2 0 1 1929 1352 3535 3755
4643 4 2 0 1 3180 1816 1961 3831
4644 4 2 0 1 549 3889 778 543
4645 4 2 0 1 3415 2969 2285 3459
4646 4 2 0 1 3653 3651 2569 2727
4647 4 2 0 1 2258 2284 2263 3414
4648 4 2 0 1 2940 546 2570 652
4649 4 2 0 1 2728 2829 2968 2362
4650 4 2 0 1 306 2436 308 2935
4651 4 2 0 1 3914 1899 1973 2116
4652 4 2 0 1 3914 1899 1898 1973
4653 4 2 0 1 2536 3442 2629 2439
4654 4 2 0 1 63 1160 64 3270
4655 4 2 0 1 2525 2528 2679 2625
4656 4 2 0 1 2361 2729 1055 2995
4657 4 2 0 1 826 3639 2668 2604
4658 4 2 0 1 3155 1568 1742 3156
4659 4 2 0 1 1101 2967 669 3695
4660 4 2 0 1 3927 355 316 2920
4661 4 2 0 1 3914 2001 1177 3243
4662 4 2 0 1 2074 1982 3815 3156
4663 4 2 0 1 2021 3943 3091 2243
4664 4 2 0 1 2021 3943 1851 3091
4665 4 2 0 1 3388 3471 3389 3376
4666 4 2 0 1 2920 316 363 355
4667 4 2 0 1 2392 463 710 780
4668 4 2 0 1 364 2920 363 355
4669 4 2 0 1 2021 3943 2227 1851
4670 4 2 0 1 2872 945 574 638
4671 4 2 0 1 2523 3367 3430 3422
4672 4 2 0 1 3772 2196 3307 1592
4673 4 2 0 1 3739 2338 2783 2885
4674 4 2 0 1 2914 2889 2926 3765
4675 4 2 0 1 418 890 2706 366
4676 4 2 0 1 3077 3071 3011 3005
4677 4 2 0 1 2627 2751 3678 2625
4678 4 2 0 1 2701 3714 2749 3368
4679 4 2 0 1 49 1175 46 3941
4680 4 2 0 1 3777 3006 3001 3063
4681 4 2 0 1 1550 3281 3023 1444
4682 4 2 0 1 778 2376 3889 549
4683 4 2 0 1 882 2391 2978 3570
4684 4 2 0 1 854 964 2981 1064
4685 4 2 0 1 2515 329 377 3619
4686 4 2 0 1 3752 3378 3760 2808
4687 4 2 0 1 320 329 377 2515
4688 4 2 0 1 3376 2871 3468 3879
4689 4 2 0 1 1974 1175 3941 2030
4690 4 2 0 1 1932 3075 2129 1279
4691 4 2 0 1 3153 2246 1724 2005
4692 4 2 0 1 2803 2429 2633 2632
4693 4 2 0 1 2425 2986 2502 681
4694 4 2 0 1 38 2105 1711 2987
4695 4 2 0 1 2391 2441 3570 2390
4696 4 2 0 1 2343 3885 3884 3097
4697 4 2 0 1 140 2361 138 3729
4698 4 2 0 1 2915 2813 2253 2263
4699 4 2 0 1 2308 3732 2798 2942
4700 4 2 0 1 2995 2361 2729 2703
4701 4 2 0 1 2857 428 448 429
4702 4 2 0 1 199 2412 861 688
4703 4 2 0 1 2284 3414 2700 2263
4704 4 2 0 1 2701 3368 2699 3714
4705 4 2 0 1 3504 3490 2332 3507
4706 4 2 0 1 3692 2649 2571 3693
4707 4 2 0 1 510 513 512 2936
4708 4 2 0 1 2653 3692 3693 2819
4709 4 2 0 1 2277 3415 2263 2285
4710 4 2 0 1 2298 3600 2645 2647
4711 4 2 0 1 2590 399 387 2389
4712 4 2 0 1 524 3889 2376 526
4713 4 2 0 1 2764 2527 2274 3438
4714 4 2 0 1 2779 143 886 146
4715 4 2 0 1 3497 3364 2327 3481
4716 4 2 0 1 2877 2482 2831 2348
4717 4 2 0 1 540 541 542 2542
4718 4 2 0 1 672 2389 803 399
4719 4 2 0 1 2837 3224 1957 2228
4720 4 2 0 1 2737 410 773 2842
4721 4 2 0 1 2479 2426 637 2432
4722 4 2 0 1 3895 2159 3796 3798
4723 4 2 0 1 1967 3895 2159 1760
4724 4 2 0 1 2375 2854 3693 2653
4725 4 2 0 1 1967 2159 3895 1405
4726 4 2 0 1 1657 3908 1674 3293
4727 4 2 0 1 3335 3312 3311 3336
4728 4 2 0 1 2776 2770 3160 2611
4729 4 2 0 1 400 403 363 3926
4730 4 2 0 1 3438 2764 3437 2274
4731 4 2 0 1 777 496 503 2501
4732 4 2 0 1 183 180 3664 872
4733 4 2 0 1 3908 1946 1674 1834
4734 4 2 0 1 3837 2207 1787 3250
4735 4 2 0 1 1678 3942 3929 3223
4736 4 2 0 1 505 2756 2962 2964
4737 4 2 0 1 1334 3942 3929 2115
4738 4 2 0 1 1597 3836 3735 1370
4739 4 2 0 1 2842 489 773 965
4740 4 2 0 1 3711 2698 3400 2874
4741 4 2 0 1 3771 2540 2274 2902
4742 4 2 0 1 2631 914 230 228
4743 4 2 0 1 2517 461 2559 447
4744 4 2 0 1 489 2842 773 410
4745 4 2 0 1 2375 573 545 2649
4746 4 2 0 1 2409 2081 1576 1807
4747 4 2 0 1 2264 2813 2263 2253
4748 4 2 0 1 805 2390 636 2389
4749 4 2 0 1 1121 2974 269 264
4750 4 2 0 1 3723 2257 3724 2361
4751 4 2 0 1 2253 2277 2263 2700
4752 4 2 0 1 3508 3194 3506 3357
4753 4 2 0 1 1562 1561 1898 3243
4754 4 2 0 1 3736 417 3595 2481
4755 4 2 0 1 848 2549 454 849
4756 4 2 0 1 3508 3506 3194 3505
4757 4 2 0 1 1184 3198 3054 3718
4758 4 2 0 1 1334 3942 2115 1237
4759 4 2 0 1 1340 2756 3335 3271
4760 4 2 0 1 3502 3357 3365 3506
4761 4 2 0 1 424 3679 3569 2629
4762 4 2 0 1 392 376 443 2948
4763 4 2 0 1 2452 2742 3573 2736
4764 4 2 0 1 3810 1374 3809 3775
4765 4 2 0 1 2599 2701 3714 2749
4766 4 2 0 1 3458 2748 3459 2285
4767 4 2 0 1 3928 1907 3774 1393
4768 4 2 0 1 2974 3698 2697 2696
4769 4 2 0 1 2988 2141 10 3672
4770 4 2 0 1 2875 150 148 850
4771 4 2 0 1 2375 573 572 545
4772 4 2 0 1 717 2918 626 2915
4773 4 2 0 1 696 2677 694 2797
4774 4 2 0 1 2378 3889 2376 549
4775 4 2 0 1 2278 2749 2748 2285
4776 4 2 0 1 3904 1729 2098 2158
4777 4 2 0 1 2958 2363 2368 3532
4778 4 2 0 1 1129 869 3475 2296
4779 4 2 0 1 750 969 437 3697
4780 4 2 0 1 1418 1836 3162 1835
4781 4 2 0 1 3926 647 478 874
4782 4 2 0 1 269 2296 3473 3712
4783 4 2 0 1 3560 2414 194 2415
4784 4 2 0 1 2311 231 793 2804
4785 4 2 0 1 478 647 3926 637
4786 4 2 0 1 637 3926 566 2479
4787 4 2 0 1 975 2744 203 2513
4788 4 2 0 1 3560 194 2414 487
4789 4 2 0 1 2231 3076 1620 2999
4790 4 2 0 1 2875 2876 2658 2829
4791 4 2 0 1 478 403 3926 874
4792 4 2 0 1 3622 2594 2586 2679
4793 4 2 0 1 3891 3892 3000 2161
4794 4 2 0 1 1817 3891 2161 3892
4795 4 2 0 1 3186 3542 3734 3733
4796 4 2 0 1 2935 776 314 2435
4797 4 2 0 1 1091 2522 1072 665
4798 4 2 0 1 499 2634 500 498
4799 4 2 0 1 695 717 614 2915
4800 4 2 0 1 1741 3891 3892 3000
4801 4 2 0 1 3577 2512 2719 2747
4802 4 2 0 1 497 2634 498 2501
4803 4 2 0 1 2267 3701 3424 3663
4804 4 2 0 1 3083 3152 3262 3149
4805 4 2 0 1 1817 3891 3892 1818
4806 4 2 0 1 3898 1559 1859 1857
4807 4 2 0 1 3076 3064 3821 3279
4808 4 2 0 1 3250 3898 1859 1857
4809 4 2 0 1 3250 1446 1859 3898
4810 4 2 0 1 1957 3224 2837 3255
4811 4 2 0 1 543 3906 549 3889
4812 4 2 0 1 543 3906 3889 531
4813 4 2 0 1 89 1045 2894 2992
4814 4 2 0 1 623 711 713 3722
4815 4 2 0 1 621 623 622 3722
4816 4 2 0 1 2486 3712 2296 3713
4817 4 2 0 1 3798 1405 2159 1408
4818 4 2 0 1 848 562 2258 3530
4819 4 2 0 1 2685 3403 3397 3546
4820 4 2 0 1 2613 815 734 622
4821 4 2 0 1 3712 2486 2296 3473
4822 4 2 0 1 683 2965 564 616
4823 4 2 0 1 661 455 2614 587
4824 4 2 0 1 441 486 3696 3600
4825 4 2 0 1 398 2857 818 2882
4826 4 2 0 1 3479 2751 2724 2307
4827 4 2 0 1 2699 3400 3395 2874
4828 4 2 0 1 2484 442 2830 441
4829 4 2 0 1 3837 2207 3250 1932
4830 4 2 0 1 2965 2542 2933 2536
4831 4 2 0 1 2356 2939 2354 3528
4832 4 2 0 1 3796 2159 1955 1411
4833 4 2 0 1 694 695 614 2677
4834 4 2 0 1 2816 2751 3479 2307
4835 4 2 0 1 3479 2307 3407 2800
4836 4 2 0 1 2816 3479 2800 2307
4837 4 2 0 1 3625 3732 2800 2307
4838 4 2 0 1 128 2888 2931 126
4839 4 2 0 1 3457 117 2617 167
4840 4 2 0 1 2590 2763 2413 1092
4841 4 2 0 1 3344 2261 2265 3399
4842 4 2 0 1 1815 3893 2204 1852
4843 4 2 0 1 2656 554 872 3664
4844 4 2 0 1 543 529 531 3889
4845 4 2 0 1 1068 2496 2426 464
4846 4 2 0 1 1092 2590 559 2413
4847 4 2 0 1 3774 3931 1838 2997
4848 4 2 0 1 3493 2710 2463 2254
4849 4 2 0 1 3484 2834 3520 3885
4850 4 2 0 1 541 546 2541 539
4851 4 2 0 1 3408 2777 2318 2545
4852 4 2 0 1 161 1124 3667 3666
4853 4 2 0 1 439 441 3696 2830
4854 4 2 0 1 3569 381 2435 2590
4855 4 2 0 1 2965 576 542 564
4856 4 2 0 1 576 2965 616 564
4857 4 2 0 1 3793 3945 3341 3794
4858 4 2 0 1 3440 2476 2832 2349
4859 4 2 0 1 2804 793 223 231
4860 4 2 0 1 3474 2930 3475 2494
4861 4 2 0 1 2391 2441 2390 3547
4862 4 2 0 1 122 120 121 2276
4863 4 2 0 1 2542 564 2965 542
4864 4 2 0 1 2884 3622 3623 2586
4865 4 2 0 1 3945 2075 1930 1322
4866 4 2 0 1 2586 1036 799 2474
4867 4 2 0 1 309 312 2935 314
4868 4 2 0 1 549 3906 544 555
4869 4 2 0 1 3378 2810 3444 3770
4870 4 2 0 1 3478 3732 2529 2307
4871 4 2 0 1 2460 2747 2512 3577
4872 4 2 0 1 257 2353 3478 2352
4873 4 2 0 1 2396 3123 3179 3451
4874 4 2 0 1 2384 1109 737 3609
4875 4 2 0 1 957 553 2413 559
4876 4 2 0 1 2091 1242 3776 1257
4877 4 2 0 1 627 3679 2638 2411
4878 4 2 0 1 2565 3408 2318 2802
4879 4 2 0 1 780 706 710 2952
4880 4 2 0 1 527 2379 913 2575
4881 4 2 0 1 67 3283 66 2180
4882 4 2 0 1 2291 2816 2661 2353
4883 4 2 0 1 2965 1116 415 1043
4884 4 2 0 1 3573 922 2451 740
4885 4 2 0 1 2644 2596 2597 2806
4886 4 2 0 1 3041 3287 3811 2130
4887 4 2 0 1 2555 2668 2552 3639
4888 4 2 0 1 2564 2710 2711 3649
4889 4 2 0 1 2596 2806 3434 3670
4890 4 2 0 1 2193 3945 1322 3341
4891 4 2 0 1 2186 3322 1 1494
4892 4 2 0 1 2442 3477 2391 3570
4893 4 2 0 1 1869 3945 3341 1322
4894 4 2 0 1 2668 744 80 2664
4895 4 2 0 1 1869 3913 3945 1322
4896 4 2 0 1 755 2414 201 197
4897 4 2 0 1 2354 2357 839 723
4898 4 2 0 1 477 618 619 2666
4899 4 2 0 1 854 2310 724 2981
4900 4 2 0 1 792 3890 964 598
4901 4 2 0 1 2725 2442 2303 2528
4902 4 2 0 1 1563 1574 1787 3240
4903 4 2 0 1 914 2631 230 450
4904 4 2 0 1 3748 3660 2788 2792
4905 4 2 0 1 620 3455 2664 619
4906 4 2 0 1 3864 3227 3232 3292
4907 4 2 0 1 290 612 2846 1150
4908 4 2 0 1 620 618 3455 619
4909 4 2 0 1 3348 2867 2711 2710
4910 4 2 0 1 3913 2075 3945 1322
4911 4 2 0 1 3528 722 247 2939
4912 4 2 0 1 1844 3903 3944 2997
4913 4 2 0 1 3944 3903 2185 2022
4914 4 2 0 1 2124 1908 3807 1372
4915 4 2 0 1 2982 969 630 604
4916 4 2 0 1 2930 2982 630 604
4917 4 2 0 1 2930 279 604 281
4918 4 2 0 1 3781 3016 3003 3832
4919 4 2 0 1 279 2930 277 281
4920 4 2 0 1 2930 631 968 281
4921 4 2 0 1 3358 3493 2463 2732
4922 4 2 0 1 3313 3338 3355 3350
4923 4 2 0 1 1844 2185 1842 3944
4924 4 2 0 1 2844 2329 3871 3649
4925 4 2 0 1 2732 3493 2463 2254
4926 4 2 0 1 546 2940 944 652
4927 4 2 0 1 484 3525 506 853
4928 4 2 0 1 2995 733 962 1040
4929 4 2 0 1 1071 767 3591 286
4930 4 2 0 1 249 246 2289 250
4931 4 2 0 1 1842 2185 2022 3944
4932 4 2 0 1 566 3920 2479 3926
4933 4 2 0 1 2204 3893 1815 1813
4934 4 2 0 1 2642 2504 2340 2674
4935 4 2 0 1 776 3569 2935 2436
4936 4 2 0 1 1497 2018 1518 3066
4937 4 2 0 1 3732 2308 2798 2800
4938 4 2 0 1 2403 3720 3722 3721
4939 4 2 0 1 2204 3826 1813 2059
4940 4 2 0 1 3464 2674 2340 2504
4941 4 2 0 1 2609 2067 1968 3762
4942 4 2 0 1 2747 2512 3412 3677
4943 4 2 0 1 2888 2615 2677 2253
4944 4 2 0 1 1412 1413 3934 3901
4945 4 2 0 1 1688 2143 3933 3899
4946 4 2 0 1 3752 2298 2808 2645
4947 4 2 0 1 106 2573 561 2572
4948 4 2 0 1 114 3676 116 834
4949 4 2 0 1 793 2977 1049 2311
4950 4 2 0 1 2591 2590 3527 2351
4951 4 2 0 1 1321 1344 3937 3925
4952 4 2 0 1 2259 2947 3395 3400
4953 4 2 0 1 840 3594 919 663
4954 4 2 0 1 3366 3586 2863 3587
4955 4 2 0 1 3620 3753 2815 2814
4956 4 2 0 1 640 3565 2984 2428
4957 4 2 0 1 3200 2640 2367 3534
4958 4 2 0 1 3501 3364 3513 3515
4959 4 2 0 1 3041 1641 1642 3319
4960 4 2 0 1 418 3593 416 2706
4961 4 2 0 1 2480 840 435 438
4962 4 2 0 1 3443 3441 3439 2876
4963 4 2 0 1 439 2480 662 2830
4964 4 2 0 1 3937 3891 2233 1361
4965 4 2 0 1 439 436 438 2480
4966 4 2 0 1 3030 3802 3031 3805
4967 4 2 0 1 1049 961 3483 821
4968 4 2 0 1 3271 2198 3270 1160
4969 4 2 0 1 554 2639 3664 2656
4970 4 2 0 1 2778 2779 2548 2877
4971 4 2 0 1 3761 1715 3762 1781
4972 4 2 0 1 2549 2887 2548 3434
4973 4 2 0 1 1113 201 3652 1007
4974 4 2 0 1 224 227 2980 953
4975 4 2 0 1 1033 332 608 3602
4976 4 2 0 1 1294 3799 1913 1349
4977 4 2 0 1 1424 1414 3924 3934
4978 4 2 0 1 3309 3200 3862 3861
4979 4 2 0 1 2517 2520 2559 3621
4980 4 2 0 1 3309 3200 3861 3533
4981 4 2 0 1 1173 3301 1353 1594
4982 4 2 0 1 3600 829 801 294
4983 4 2 0 1 2599 2551 2284 2598
4984 4 2 0 1 1687 1569 3917 3933
4985 4 2 0 1 290 326 2846 612
4986 4 2 0 1 3586 2316 3361 3359
4987 4 2 0 1 1756 2009 3910 3904
4988 4 2 0 1 2579 2584 2576 3271
4989 4 2 0 1 499 3695 2907 2634
4990 4 2 0 1 3930 1861 1774 1773
4991 4 2 0 1 238 2983 237 239
4992 4 2 0 1 2650 2812 2571 3654
4993 4 2 0 1 434 433 3595 432
4994 4 2 0 1 3041 1640 1641 3037
4995 4 2 0 1 120 3676 118 2617
4996 4 2 0 1 3044 3807 3046 3048
4997 4 2 0 1 3734 2912 3556 3185
4998 4 2 0 1 696 2282 2797 973
4999 4 2 0 1 1768 2608 2796 2609
5000 4 2 0 1 1295 1895 3936 3902
5001 4 2 0 1 3468 3376 2893 2807
5002 4 2 0 1 1127 3890 932 262
5003 4 2 0 1 476 2669 2520 2666
5004 4 2 0 1 3836 3103 3305 3079
5005 4 2 0 1 2805 3345 3413 3368
5006 4 2 0 1 661 698 1095 2614
5007 4 2 0 1 2536 3629 2540 2438
5008 4 2 0 1 1785 3293 1674 1789
5009 4 2 0 1 2605 7 2989 1854
5010 4 2 0 1 1644 3113 1672 1471
5011 4 2 0 1 2639 554 3664 3666
5012 4 2 0 1 3293 1785 1674 1656
5013 4 2 0 1 810 2979 707 824
5014 4 2 0 1 824 707 2628 2979
5015 4 2 0 1 1662 3300 3070 3825
5016 4 2 0 1 2465 2468 3590 2316
5017 4 2 0 1 2657 2876 2658 2656
5018 4 2 0 1 2804 2774 222 2977
5019 4 2 0 1 3861 2039 3164 3862
5020 4 2 0 1 3513 3757 2898 3264
5021 4 2 0 1 2596 444 2887 835
5022 4 2 0 1 390 986 809 2306
5023 4 2 0 1 2266 2683 3702 2686
5024 4 2 0 1 2567 3592 2299 2802
5025 4 2 0 1 2322 3589 3588 2347
5026 4 2 0 1 2590 2351 3569 2413
5027 4 2 0 1 924 2364 827 2766
5028 4 2 0 1 2833 1003 831 53
5029 4 2 0 1 2450 1445 1950 1433
5030 4 2 0 1 2655 895 3906 785
5031 4 2 0 1 2482 3669 2639 2875
5032 4 2 0 1 3610 580 2301 748
5033 4 2 0 1 2655 3906 895 532
5034 4 2 0 1 2414 903 930 198
5035 4 2 0 1 32 208 963 2966
5036 4 2 0 1 2910 994 2973 2456
5037 4 2 0 1 334 2948 3710 322
5038 4 2 0 1 1090 729 963 2966
5039 4 2 0 1 346 343 878 3459
5040 4 2 0 1 1101 788 2966 2384
5041 4 2 0 1 122 166 2994 124
5042 4 2 0 1 3390 3769 3770 2927
5043 4 2 0 1 544 3906 895 785
5044 4 2 0 1 2618 2615 3457 2617
5045 4 2 0 1 3361 3348 2733 3359
5046 4 2 0 1 3671 3454 2921 3455
5047 4 2 0 1 31 2387 2966 30
5048 4 2 0 1 1456 3140 3094 1459
5049 4 2 0 1 3683 2913 2394 3618
5050 4 2 0 1 2883 2747 3412 2278
5051 4 2 0 1 2794 3747 3744 3126
5052 4 2 0 1 2451 739 922 666
5053 4 2 0 1 3943 3903 3091 2243
5054 4 2 0 1 3903 2243 3943 1391
5055 4 2 0 1 2861 2862 3391 3480
5056 4 2 0 1 2925 453 3578 1015
5057 4 2 0 1 2264 3675 2253 2700
5058 4 2 0 1 3891 2161 1361 1612
5059 4 2 0 1 1041 2544 2903 3585
5060 4 2 0 1 2894 1053 2919 1037
5061 4 2 0 1 3552 2851 3672 2606
5062 4 2 0 1 2919 1053 751 1037
5063 4 2 0 1 2021 3943 2243 1391
5064 4 2 0 1 2133 19 1180 3197
5065 4 2 0 1 3099 1365 1366 3758
5066 4 2 0 1 2582 3083 3085 3151
5067 4 2 0 1 2122 1399 3798 1403
5068 4 2 0 1 164 626 644 2258
5069 4 2 0 1 3623 804 2389 397
5070 4 2 0 1 768 2533 3922 784
5071 4 2 0 1 1024 2522 2716 747
5072 4 2 0 1 768 3922 2533 3624
5073 4 2 0 1 2534 3922 3624 2535
5074 4 2 0 1 3641 2814 2563 2815
5075 4 2 0 1 3578 1037 2894 2975
5076 4 2 0 1 3289 1919 2194 3124
5077 4 2 0 1 2975 610 2925 1015
5078 4 2 0 1 3047 3112 3555 3201
5079 4 2 0 1 3578 1037 2975 1015
5080 4 2 0 1 510 513 2971 762
5081 4 2 0 1 2224 3942 3897 1237
5082 4 2 0 1 2409 3274 1807 2453
5083 4 2 0 1 1765 3902 3028 3800
5084 4 2 0 1 2224 3942 1237 2086
5085 4 2 0 1 2842 2737 2358 773
5086 4 2 0 1 2357 2842 2358 773
5087 4 2 0 1 3942 2086 1718 3776
5088 4 2 0 1 1678 3942 3223 2086
5089 4 2 0 1 2932 1151 537 2940
5090 4 2 0 1 3776 2086 3223 3942
5091 4 2 0 1 2843 2752 2492 2816
5092 4 2 0 1 2086 1237 2115 3942
5093 4 2 0 1 2479 430 401 990
5094 4 2 0 1 3268 3433 3490 3507
5095 4 2 0 1 2042 3919 1416 1537
5096 4 2 0 1 3041 3287 2130 3284
5097 4 2 0 1 3842 1782 1221 3190
5098 4 2 0 1 2533 601 600 699
5099 4 2 0 1 3567 906 504 605
5100 4 2 0 1 450 246 2289 2631
5101 4 2 0 1 3675 2277 2253 2700
5102 4 2 0 1 3340 70 2511 2910
5103 4 2 0 1 1401 3895 1967 3917
5104 4 2 0 1 2805 3675 2700 2278
5105 4 2 0 1 300 2990 2935 2991
5106 4 2 0 1 3891 1320 1676 2006
5107 4 2 0 1 2420 2448 2444 2421
5108 4 2 0 1 3783 3221 3172 3118
5109 4 2 0 1 1401 3895 3917 1399
5110 4 2 0 1 2691 2780 3320 2784
5111 4 2 0 1 1588 3917 1967 1760
5112 4 2 0 1 3075 1277 1932 3250
5113 4 2 0 1 2950 1171 2405 3322
5114 4 2 0 1 1069 846 2590 558
5115 4 2 0 1 49 3907 48 3941
5116 4 2 0 1 1669 3203 1769 1667
5117 4 2 0 1 3772 3105 3240 2945
5118 4 2 0 1 3675 2277 2700 2278
5119 4 2 0 1 2599 2551 2969 3414
5120 4 2 0 1 3550 3453 2775 2395
5121 4 2 0 1 113 2620 2513 811
5122 4 2 0 1 3809 3046 3808 3039
5123 4 2 0 1 2030 3941 48 47
5124 4 2 0 1 3192 3816 3298 3793
5125 4 2 0 1 601 2533 784 699
5126 4 2 0 1 265 2974 845 956
5127 4 2 0 1 2846 612 2903 1150
5128 4 2 0 1 795 419 864 2296
5129 4 2 0 1 706 709 710 2952
5130 4 2 0 1 1253 3035 3156 1284
5131 4 2 0 1 2974 3712 2697 2296
5132 4 2 0 1 48 3941 3907 47
5133 4 2 0 1 3493 2315 2840 2463
5134 4 2 0 1 855 714 806 2547
5135 4 2 0 1 3174 3219 3220 3854
5136 4 2 0 1 2995 855 806 2547
5137 4 2 0 1 664 645 511 2972
5138 4 2 0 1 3229 1188 3317 3297
5139 4 2 0 1 975 2744 2654 817
5140 4 2 0 1 1554 3025 2046 3024
5141 4 2 0 1 2744 816 561 817
5142 4 2 0 1 3019 1324 1877 1878
5143 4 2 0 1 1738 3786 1604 3278
5144 4 2 0 1 2854 2744 817 2654
5145 4 2 0 1 49 3907 3941 46
5146 4 2 0 1 2017 3156 1598 1685
5147 4 2 0 1 1636 3940 1996 3915
5148 4 2 0 1 23 2957 24 3524
5149 4 2 0 1 1996 3940 1978 2139
5150 4 2 0 1 3805 1532 1549 1975
5151 4 2 0 1 1184 3159 1909 3229
5152 4 2 0 1 3063 3776 3782 3001
5153 4 2 0 1 3815 2146 1631 2096
5154 4 2 0 1 2139 3940 1978 3284
5155 4 2 0 1 2986 3290 2416 39
5156 4 2 0 1 349 296 1142 2991
5157 4 2 0 1 3892 1240 1238 1818
5158 4 2 0 1 539 536 944 2940
5159 4 2 0 1 703 884 702 2437
5160 4 2 0 1 3099 3305 3836 3103
5161 4 2 0 1 2457 3577 3445 2399
5162 4 2 0 1 2357 965 773 839
5163 4 2 0 1 1357 3076 2231 3273
5164 4 2 0 1 2360 773 839 2357
5165 4 2 0 1 827 3524 979 3532
5166 4 2 0 1 2986 3290 39 843
5167 4 2 0 1 2636 2905 2394 3617
5168 4 2 0 1 2779 2729 886 143
5169 4 2 0 1 3293 2168 1652 1660
5170 4 2 0 1 1636 3940 3915 1638
5171 4 2 0 1 1061 2875 850 165
5172 4 2 0 1 3845 1438 3024 1440
5173 4 2 0 1 3227 2450 1435 3225
5174 4 2 0 1 3305 3103 3074 3079
5175 4 2 0 1 2219 1650 3300 1648
5176 4 2 0 1 2584 3335 3271 3311
5177 4 2 0 1 2651 120 168 692
5178 4 2 0 1 252 2974 264 263
5179 4 2 0 1 1690 3788 3792 1692
5180 4 2 0 1 2549 848 2258 3530
5181 4 2 0 1 1735 3912 3911 1736
5182 4 2 0 1 507 2656 183 3561
5183 4 2 0 1 199 192 861 2412
5184 4 2 0 1 2412 3562 688 2702
5185 4 2 0 1 192 3562 861 2412
5186 4 2 0 1 173 3664 2587 180
5187 4 2 0 1 1470 3849 3143 1468
5188 4 2 0 1 566 3920 3926 466
5189 4 2 0 1 3570 2991 884 2437
5190 4 2 0 1 3805 3912 1736 3911
5191 4 2 0 1 2251 1207 3297 1188
5192 4 2 0 1 3561 2657 2656 3668
5193 4 2 0 1 277 2930 968 281
5194 4 2 0 1 3561 183 3668 2656
5195 4 2 0 1 674 183 2656 872
5196 4 2 0 1 2352 3477 3678 3725
5197 4 2 0 1 1735 3912 1736 1310
5198 4 2 0 1 3212 2087 3114 3187
5199 4 2 0 1 3330 1155 75 2217
5200 4 2 0 1 3154 3030 3247 3188
5201 4 2 0 1 1735 3912 1310 1290
5202 4 2 0 1 3631 1148 373 372
5203 4 2 0 1 521 2379 480 2572
5204 4 2 0 1 3891 1320 2006 1337
5205 4 2 0 1 2770 3237 2410 2405
5206 4 2 0 1 3548 3557 2406 2407
5207 4 2 0 1 3631 373 371 372
5208 4 2 0 1 819 2530 374 1065
5209 4 2 0 1 1735 3912 1290 3911
5210 4 2 0 1 1496 1491 3066 3304
5211 4 2 0 1 1409 1833 1413 3021
5212 4 2 0 1 2502 921 3565 2425
5213 4 2 0 1 2502 3565 921 906
5214 4 2 0 1 2985 970 2907 754
5215 4 2 0 1 1290 3912 1310 1291
5216 4 2 0 1 2158 3904 2148 3905
5217 4 2 0 1 1473 1475 2167 3113
5218 4 2 0 1 1620 3076 3004 2999
5219 4 2 0 1 3354 3065 2328 3886
5220 4 2 0 1 921 681 212 2425
5221 4 2 0 1 3179 2280 3236 3447
5222 4 2 0 1 480 2572 2379 3270
5223 4 2 0 1 3262 2557 3642 3257
5224 4 2 0 1 3071 3008 3004 3785
5225 4 2 0 1 1668 1669 3203 1928
5226 4 2 0 1 3865 3096 3226 3228
5227 4 2 0 1 2634 3695 2907 2505
5228 4 2 0 1 2880 3459 3415 2285
5229 4 2 0 1 2611 1882 1855 1922
5230 4 2 0 1 1430 1908 1373 3809
5231 4 2 0 1 2729 769 485 688
5232 4 2 0 1 3695 2967 2907 2505
5233 4 2 0 1 2543 2461 3634 2545
5234 4 2 0 1 1486 1481 2078 3294
5235 4 2 0 1 1970 1662 1654 3300
5236 4 2 0 1 717 2918 2915 1006
5237 4 2 0 1 37 2987 905 36
5238 4 2 0 1 3905 2149 1873 2148
5239 4 2 0 1 2984 331 2434 217
5240 4 2 0 1 2174 1685 1788 3256
5241 4 2 0 1 1470 3316 1490 1845
5242 4 2 0 1 2561 1778 1776 3646
5243 4 2 0 1 2502 681 921 2425
5244 4 2 0 1 117 167 119 2617
5245 4 2 0 1 121 920 2276 2617
5246 4 2 0 1 3792 3933 3791 3017
5247 4 2 0 1 1465 1467 3684 3146
5248 4 2 0 1 2616 2615 2618 2617
5249 4 2 0 1 2602 2557 3551 3111
5250 4 2 0 1 2149 2158 2148 3905
5251 4 2 0 1 3927 958 316 47
5252 4 2 0 1 1599 3069 1990 1265
5253 4 2 0 1 2804 224 225 223
5254 4 2 0 1 2856 2654 2620 3612
5255 4 2 0 1 2676 2810 3770 2761
5256 4 2 0 1 2655 536 3633 2940
5257 4 2 0 1 1709 3905 1873 2148
5258 4 2 0 1 532 533 534 2655
5259 4 2 0 1 2128 1218 1997 3151
5260 4 2 0 1 2596 444 835 1098
5261 4 2 0 1 1196 3298 3254 3341
5262 4 2 0 1 41 2418 84 3290
5263 4 2 0 1 3798 2122 1403 1436
5264 4 2 0 1 2596 938 2644 2597
5265 4 2 0 1 2737 410 2842 2895
5266 4 2 0 1 112 111 2513 110
5267 4 2 0 1 2459 2460 3579 2894
5268 4 2 0 1 3904 1709 2148 3905
5269 4 2 0 1 1973 3939 3914 2116
5270 4 2 0 1 3780 1245 3117 3778
5271 4 2 0 1 2695 304 317 319
5272 4 2 0 1 3707 304 305 317
5273 4 2 0 1 1973 3939 2116 1974
5274 4 2 0 1 2116 1974 3939 2090
5275 4 2 0 1 3915 3900 3037 2244
5276 4 2 0 1 3915 3037 3900 1637
5277 4 2 0 1 1633 3915 2244 3900
5278 4 2 0 1 516 488 2644 910
5279 4 2 0 1 3839 2900 3109 1500
5280 4 2 0 1 2900 1596 1766 1768
5281 4 2 0 1 2993 2992 3578 2402
5282 4 2 0 1 1633 1996 2244 3915
5283 4 2 0 1 2716 1024 747 949
5284 4 2 0 1 3145 3143 3144 3146
5285 4 2 0 1 3938 3788 1427 3789
5286 4 2 0 1 3788 1708 1862 3938
5287 4 2 0 1 1024 2716 340 949
5288 4 2 0 1 1557 1558 1461 3240
5289 4 2 0 1 1357 3076 3273 3004
5290 4 2 0 1 2450 2945 3105 3773
5291 4 2 0 1 2629 716 2955 2436
5292 4 2 0 1 3186 2401 3870 3036
5293 4 2 0 1 3113 2397 3143 3850
5294 4 2 0 1 3245 2943 3571 2051
5295 4 2 0 1 1767 1768 2008 2796
5296 4 2 0 1 1905 3094 1906 1534
5297 4 2 0 1 1708 1862 3938 1381
5298 4 2 0 1 3829 1215 1961 3180
5299 4 2 0 1 3520 3885 2836 3484
5300 4 2 0 1 3140 1555 1458 3768
5301 4 2 0 1 2246 2251 1207 3297
5302 4 2 0 1 2408 3614 2394 3617
5303 4 2 0 1 3304 1487 3331 1488
5304 4 2 0 1 477 617 2666 476
5305 4 2 0 1 3675 2618 2278 2262
5306 4 2 0 1 3109 1503 1505 1507
5307 4 2 0 1 61 3335 2756 60
5308 4 2 0 1 3000 3937 3891 2233
5309 4 2 0 1 1704 2988 9 2608
5310 4 2 0 1 2503 3463 2825 2506
5311 4 2 0 1 2990 306 2935 2436
5312 4 2 0 1 3184 3886 2328 3818
5313 4 2 0 1 3797 3933 1689 1687
5314 4 2 0 1 1361 3937 1820 2233
5315 4 2 0 1 1629 3278 1604 1628
5316 4 2 0 1 425 1008 2436 1147
5317 4 2 0 1 1361 1820 3937 1344
5318 4 2 0 1 2079 3811 1749 3319
5319 4 2 0 1 1313 1374 1373 3809
5320 4 2 0 1 2497 3462 2431 2287
5321 4 2 0 1 2037 3316 1472 1845
5322 4 2 0 1 1057 2881 676 2459
5323 4 2 0 1 3937 1344 1337 1361
5324 4 2 0 1 3145 3146 3179 3843
5325 4 2 0 1 2507 971 3328 100
5326 4 2 0 1 792 990 3894 465
5327 4 2 0 1 430 792 990 3894
5328 4 2 0 1 1929 1896 3301 2370
5329 4 2 0 1 3026 3857 3048 3801
5330 4 2 0 1 1262 1264 1265 3068
5331 4 2 0 1 3105 3772 3773 2945
5332 4 2 0 1 1361 1337 3937 3891
5333 4 2 0 1 2135 1488 3331 1483
5334 4 2 0 1 672 719 993 2526
5335 4 2 0 1 3042 3287 3811 3810
5336 4 2 0 1 2001 2119 2120 3243
5337 4 2 0 1 1888 2083 3858 1699
5338 4 2 0 1 2654 2811 2620 3676
5339 4 2 0 1 722 2354 723 2353
5340 4 2 0 1 3679 3569 3442 2630
5341 4 2 0 1 1635 1874 3900 3936
5342 4 2 0 1 3725 255 2443 883
5343 4 2 0 1 3774 1377 3775 3003
5344 4 2 0 1 3025 3130 3137 3743
5345 4 2 0 1 2555 2815 2559 2669
5346 4 2 0 1 1875 3936 1876 3800
5347 4 2 0 1 1920 2943 3571 1177
5348 4 2 0 1 1635 3900 1309 3936
5349 4 2 0 1 3019 1880 1878 3253
5350 4 2 0 1 2515 2903 770 1150
5351 4 2 0 1 3591 3604 3592 2495
5352 4 2 0 1 1635 3936 1895 1876
5353 4 2 0 1 1635 3936 1309 1895
5354 4 2 0 1 1875 3936 3800 1874
5355 4 2 0 1 3935 1857 2232 2058
5356 4 2 0 1 15 2552 16 1004
5357 4 2 0 1 3616 3233 3615 3618
5358 4 2 0 1 15 826 2552 1004
5359 4 2 0 1 2237 1277 3826 3250
5360 4 2 0 1 3613 2458 2457 3446
5361 4 2 0 1 920 2797 1067 712
5362 4 2 0 1 2457 2408 3575 2454
5363 4 2 0 1 2596 2549 3434 2887
5364 4 2 0 1 2398 2404 2399 2721
5365 4 2 0 1 2457 2408 2454 3548
5366 4 2 0 1 2457 2408 3548 2407
5367 4 2 0 1 3074 3103 3305 3833
5368 4 2 0 1 1723 3833 2041 1623
5369 4 2 0 1 3567 2503 2505 2985
5370 4 2 0 1 3935 1857 1859 2232
5371 4 2 0 1 3233 2913 3685 3618
5372 4 2 0 1 2058 3826 2059 3935
5373 4 2 0 1 2058 3935 2059 2232
5374 4 2 0 1 3446 2457 3575 2454
5375 4 2 0 1 3179 2280 3447 3160
5376 4 2 0 1 2467 2766 2465 592
5377 4 2 0 1 2618 3674 3457 3456
5378 4 2 0 1 709 832 2306 809
5379 4 2 0 1 2058 3826 3935 3250
5380 4 2 0 1 1796 2740 2833 2743
5381 4 2 0 1 1957 3224 1810 2228
5382 4 2 0 1 1679 3069 3279 3303
5383 4 2 0 1 2073 1690 3788 3899
5384 4 2 0 1 1404 3798 3895 1403
5385 4 2 0 1 2969 2549 490 1026
5386 4 2 0 1 3026 3049 3857 3176
5387 4 2 0 1 3792 3899 3788 1690
5388 4 2 0 1 2381 3853 2911 3431
5389 4 2 0 1 1646 1280 1647 3300
5390 4 2 0 1 2537 2531 2570 3426
5391 4 2 0 1 3616 2913 3233 3618
5392 4 2 0 1 2551 2549 490 2969
5393 4 2 0 1 3792 3933 3017 1395
5394 4 2 0 1 2012 1415 3934 2013
5395 4 2 0 1 2174 1328 3256 2071
5396 4 2 0 1 2258 2969 2918 1026
5397 4 2 0 1 1424 2012 3934 2013
5398 4 2 0 1 1299 3800 3037 3038
5399 4 2 0 1 352 2696 2678 3698
5400 4 2 0 1 2766 924 2465 592
5401 4 2 0 1 2834 2823 3292 3885
5402 4 2 0 1 3563 2414 3652 2568
5403 4 2 0 1 3136 1792 3314 1837
5404 4 2 0 1 1413 2012 3934 3901
5405 4 2 0 1 1585 1584 1722 3896
5406 4 2 0 1 1479 2087 3114 1477
5407 4 2 0 1 3833 3063 3834 3100
5408 4 2 0 1 2547 3724 2931 471
5409 4 2 0 1 3866 3647 3239 3867
5410 4 2 0 1 594 924 592 2465
5411 4 2 0 1 3199 3818 3886 3184
5412 4 2 0 1 2750 2761 2595 2476
5413 4 2 0 1 2549 848 490 1026
5414 4 2 0 1 2969 912 911 393
5415 4 2 0 1 2012 1412 1424 3934
5416 4 2 0 1 3321 3301 3324 2368
5417 4 2 0 1 2761 3444 2595 2476
5418 4 2 0 1 2012 1415 1413 3934
5419 4 2 0 1 3048 3807 3046 3038
5420 4 2 0 1 2847 3605 2934 2487
5421 4 2 0 1 3933 3791 1689 3899
5422 4 2 0 1 2006 3891 1612 1818
5423 4 2 0 1 3860 3827 3080 3192
5424 4 2 0 1 3554 3016 3093 3832
5425 4 2 0 1 2143 1395 3933 3899
5426 4 2 0 1 3712 2974 2289 263
5427 4 2 0 1 2069 1355 3795 1331
5428 4 2 0 1 4 2950 568 3
5429 4 2 0 1 1808 1591 3033 1888
5430 4 2 0 1 3933 1687 1569 1688
5431 4 2 0 1 1922 2770 2611 1882
5432 4 2 0 1 1569 3933 1688 2143
5433 4 2 0 1 3792 3933 1395 3899
5434 4 2 0 1 967 595 908 3585
5435 4 2 0 1 2542 683 1059 1116
5436 4 2 0 1 2953 2431 2429 3566
5437 4 2 0 1 3082 3188 3158 3033
5438 4 2 0 1 3185 1616 1615 1617
5439 4 2 0 1 3933 1687 1688 1689
5440 4 2 0 1 521 2379 2572 523
5441 4 2 0 1 3806 3276 1538 1532
5442 4 2 0 1 2430 2429 2953 2431
5443 4 2 0 1 3577 2457 3445 3613
5444 4 2 0 1 3930 2213 3785 1774
5445 4 2 0 1 2411 188 789 1081
5446 4 2 0 1 189 2411 789 1081
5447 4 2 0 1 741 2411 189 1081
5448 4 2 0 1 2411 841 2413 1012
5449 4 2 0 1 2120 2119 1557 3240
5450 4 2 0 1 1797 56 55 2740
5451 4 2 0 1 3797 3023 3796 1551
5452 4 2 0 1 3564 2497 2425 3472
5453 4 2 0 1 2449 2833 2203 2446
5454 4 2 0 1 3747 2790 3748 3705
5455 4 2 0 1 3064 1259 1938 3223
5456 4 2 0 1 1938 1360 3223 1259
5457 4 2 0 1 957 1012 2413 553
5458 4 2 0 1 2376 778 522 686
5459 4 2 0 1 557 915 2887 866
5460 4 2 0 1 947 609 77 2954
5461 4 2 0 1 3060 3119 2337 3173
5462 4 2 0 1 1806 2113 1746 3233
5463 4 2 0 1 847 1097 2590 1092
5464 4 2 0 1 1097 2763 2590 1092
5465 4 2 0 1 815 2989 734 1103
5466 4 2 0 1 1650 1649 3300 1648
5467 4 2 0 1 3924 3787 2013 1415
5468 4 2 0 1 2011 3308 3327 72
5469 4 2 0 1 2776 2775 2609 2608
5470 4 2 0 1 1844 3903 2997 2137
5471 4 2 0 1 2324 3499 2815 3641
5472 4 2 0 1 2989 2023 1351 8
5473 4 2 0 1 1792 2795 1986 1793
5474 4 2 0 1 464 1017 2426 658
5475 4 2 0 1 3766 2332 2869 3767
5476 4 2 0 1 2111 1156 2112 2636
5477 4 2 0 1 3800 3799 3026 3801
5478 4 2 0 1 690 464 2426 658
5479 4 2 0 1 2989 9 2023 8
5480 4 2 0 1 1579 1556 1540 3928
5481 4 2 0 1 3785 1630 1773 1774
5482 4 2 0 1 3291 2908 2826 2506
5483 4 2 0 1 3474 2297 3713 2296
5484 4 2 0 1 3732 2352 2661 2816
5485 4 2 0 1 1469 1468 3143 3146
5486 4 2 0 1 1963 1710 3205 2189
5487 4 2 0 1 241 244 240 2951
5488 4 2 0 1 2983 238 240 239
5489 4 2 0 1 3617 3340 2636 2511
5490 4 2 0 1 1543 1715 2853 1714
5491 4 2 0 1 3930 2213 1774 1861
5492 4 2 0 1 1712 3910 2009 3916
5493 4 2 0 1 2597 938 1125 823
5494 4 2 0 1 3910 1666 3916 1712
5495 4 2 0 1 2407 2406 2402 2405
5496 4 2 0 1 1712 2009 1949 3916
5497 4 2 0 1 2283 2722 2278 3677
5498 4 2 0 1 3910 1666 1712 1665
5499 4 2 0 1 2596 938 2597 823
5500 4 2 0 1 2644 938 1098 629
5501 4 2 0 1 1737 3804 1763 1762
5502 4 2 0 1 3934 1415 1413 1414
5503 4 2 0 1 2900 3839 1766 1500
5504 4 2 0 1 3216 3453 3551 3285
5505 4 2 0 1 2828 3485 2826 3096
5506 4 2 0 1 2163 1579 3904 1605
5507 4 2 0 1 3000 3891 2161 2233
5508 4 2 0 1 2163 3904 1579 2009
5509 4 2 0 1 1567 1684 1598 3256
5510 4 2 0 1 571 2887 2778 2548
5511 4 2 0 1 3151 2036 3791 1725
5512 4 2 0 1 898 606 2436 960
5513 4 2 0 1 3172 1223 3842 3116
5514 4 2 0 1 1761 1937 3000 2233
5515 4 2 0 1 3786 1628 3787 1602
5516 4 2 0 1 3904 1756 2163 2098
5517 4 2 0 1 3303 3908 3293 3076
5518 4 2 0 1 2636 2905 3617 2511
5519 4 2 0 1 2009 1756 2163 3904
5520 4 2 0 1 3172 3220 3221 3119
5521 4 2 0 1 3904 2163 1605 2098
5522 4 2 0 1 2497 2431 3564 2502
5523 4 2 0 1 3923 1240 1238 3892
5524 4 2 0 1 3923 3892 1238 1234
5525 4 2 0 1 1797 55 1796 2740
5526 4 2 0 1 3286 3134 1952 3845
5527 4 2 0 1 2918 3415 2263 2915
5528 4 2 0 1 2878 3336 3424 3662
5529 4 2 0 1 2591 3547 2442 2527
5530 4 2 0 1 3270 480 88 64
5531 4 2 0 1 2725 2442 2624 2303
5532 4 2 0 1 2528 2442 3547 2527
5533 4 2 0 1 2536 3442 2439 2540
5534 4 2 0 1 1920 3571 3243 1177
5535 4 2 0 1 3442 3686 2902 2538
5536 4 2 0 1 2445 2446 2447 2449
5537 4 2 0 1 3821 3069 3068 3823
5538 4 2 0 1 1599 3068 3279 3069
5539 4 2 0 1 3686 3442 2629 2538
5540 4 2 0 1 3892 1234 1817 1238
5541 4 2 0 1 3820 3916 2004 3909
5542 4 2 0 1 2536 3442 2540 2538
5543 4 2 0 1 1556 1522 1540 3928
5544 4 2 0 1 2108 3814 1246 1191
5545 4 2 0 1 61 3335 60 2181
5546 4 2 0 1 3820 3916 3909 1949
5547 4 2 0 1 2922 887 2780 775
5548 4 2 0 1 3814 1189 1246 1191
5549 4 2 0 1 3864 3255 3128 3844
5550 4 2 0 1 3614 2514 2636 3617
5551 4 2 0 1 3750 2713 2947 2271
5552 4 2 0 1 1372 2124 3038 3807
5553 4 2 0 1 1734 2004 1666 3909
5554 4 2 0 1 3434 2821 2548 2271
5555 4 2 0 1 2004 3916 1666 3909
5556 4 2 0 1 1024 2716 2522 340
5557 4 2 0 1 1088 125 179 2931
5558 4 2 0 1 628 3562 861 962
5559 4 2 0 1 1834 3932 2234 3908
5560 4 2 0 1 1013 573 1133 2649
5561 4 2 0 1 3341 1203 1204 3815
5562 4 2 0 1 1834 3932 3908 1946
5563 4 2 0 1 2964 1073 3543 2929
5564 4 2 0 1 3545 2929 3544 3543
5565 4 2 0 1 3870 2401 3186 3288
5566 4 2 0 1 752 87 691 2559
5567 4 2 0 1 3172 3009 3280 3230
5568 4 2 0 1 2774 222 2977 220
5569 4 2 0 1 3870 2401 3285 3036
5570 4 2 0 1 3783 3118 3172 3230
5571 4 2 0 1 3773 3227 2449 3122
5572 4 2 0 1 3326 3514 3489 2959
5573 4 2 0 1 2165 3333 3280 3318
5574 4 2 0 1 2956 2495 888 330
5575 4 2 0 1 3876 3358 3382 3356
5576 4 2 0 1 2257 3724 130 2621
5577 4 2 0 1 3783 1224 3172 1223
5578 4 2 0 1 607 3478 3725 567
5579 4 2 0 1 2451 739 666 1130
5580 4 2 0 1 3249 3742 3704 3705
5581 4 2 0 1 2934 1022 2487 2489
5582 4 2 0 1 2650 2932 2649 2655
5583 4 2 0 1 1757 2166 3333 2165
5584 4 2 0 1 915 557 2887 443
5585 4 2 0 1 3278 1784 1738 3008
5586 4 2 0 1 1946 3932 1658 2178
5587 4 2 0 1 642 807 2884 808
5588 4 2 0 1 3210 3171 3209 3854
5589 4 2 0 1 2300 667 303 493
5590 4 2 0 1 752 2562 2559 2553
5591 4 2 0 1 1236 3897 1235 1237
5592 4 2 0 1 1174 3308 72 2110
5593 4 2 0 1 3550 2776 3160 2612
5594 4 2 0 1 2729 142 140 182
5595 4 2 0 1 1765 2182 3902 1876
5596 4 2 0 1 746 3654 745 2994
5597 4 2 0 1 2963 2577 3544 2964
5598 4 2 0 1 3777 1242 1244 3776
5599 4 2 0 1 2100 1745 3296 1169
5600 4 2 0 1 3855 3210 3219 3854
5601 4 2 0 1 2485 759 278 1111
5602 4 2 0 1 3902 2182 1317 1895
5603 4 2 0 1 3591 3604 2495 2847
5604 4 2 0 1 3199 3065 3886 3818
5605 4 2 0 1 3169 3087 3205 3168
5606 4 2 0 1 3902 2182 1895 1876
5607 4 2 0 1 3511 3286 3133 3845
5608 4 2 0 1 3105 3250 3240 1446
5609 4 2 0 1 3278 3008 1738 3009
5610 4 2 0 1 2028 3923 3777 3776
5611 4 2 0 1 3210 1757 3333 3010
5612 4 2 0 1 3473 1129 3475 2296
5613 4 2 0 1 3902 1764 1763 1765
5614 4 2 0 1 3613 2458 3446 2510
5615 4 2 0 1 2685 3356 3423 3876
5616 4 2 0 1 3199 3818 3184 3182
5617 4 2 0 1 2333 3265 3189 3181
5618 4 2 0 1 1405 3798 1406 1408
5619 4 2 0 1 3923 2028 1231 1235
5620 4 2 0 1 3944 2997 3903 1392
5621 4 2 0 1 1235 1236 3923 3897
5622 4 2 0 1 1839 3944 1392 3931
5623 4 2 0 1 3829 1221 1219 3190
5624 4 2 0 1 1841 3944 1842 1840
5625 4 2 0 1 2898 3873 3872 3364
5626 4 2 0 1 2062 3931 3066 2997
5627 4 2 0 1 752 2562 87 2559
5628 4 2 0 1 2381 3542 2758 2886
5629 4 2 0 1 3931 3905 1843 2154
5630 4 2 0 1 109 100 2507 3327
5631 4 2 0 1 2062 3944 2997 1844
5632 4 2 0 1 1841 3931 3905 1843
5633 4 2 0 1 752 2552 2553 2559
5634 4 2 0 1 1840 3944 3903 1392
5635 4 2 0 1 1840 3903 3944 2022
5636 4 2 0 1 1022 3689 2489 602
5637 4 2 0 1 3620 3730 2563 2562
5638 4 2 0 1 2461 3708 2545 2543
5639 4 2 0 1 2347 3360 2316 3588
5640 4 2 0 1 2442 3477 2303 2391
5641 4 2 0 1 1676 3000 2016 1318
5642 4 2 0 1 3778 1318 2016 3000
5643 4 2 0 1 3373 3404 3344 3406
5644 4 2 0 1 3855 3210 3854 3171
5645 4 2 0 1 3779 1318 3000 1319
5646 4 2 0 1 2774 640 1031 220
5647 4 2 0 1 2681 708 824 896
5648 4 2 0 1 540 541 2542 2541
5649 4 2 0 1 3779 1318 1319 1268
5650 4 2 0 1 3395 3399 3370 3369
5651 4 2 0 1 2542 564 542 540
5652 4 2 0 1 3101 1965 2129 1279
5653 4 2 0 1 2137 3903 2997 3091
5654 4 2 0 1 2392 2390 360 2524
5655 4 2 0 1 2517 2562 3620 2559
5656 4 2 0 1 3285 2401 3870 3288
5657 4 2 0 1 2423 1371 3735 1370
5658 4 2 0 1 2604 743 2603 2664
5659 4 2 0 1 2137 3903 3091 1850
5660 4 2 0 1 1726 3017 3797 1397
5661 4 2 0 1 2914 3446 3613 2279
5662 4 2 0 1 2061 1861 3930 1944
5663 4 2 0 1 918 2649 2376 545
5664 4 2 0 1 2491 2293 2490 2566
5665 4 2 0 1 2888 2797 694 2677
5666 4 2 0 1 2723 2941 2269 3727
5667 4 2 0 1 2383 3421 2267 2583
5668 4 2 0 1 679 2575 561 943
5669 4 2 0 1 2999 2061 3930 1944
5670 4 2 0 1 3417 2941 3726 3881
5671 4 2 0 1 3441 2877 2831 3374
5672 4 2 0 1 3930 1773 1944 1861
5673 4 2 0 1 3544 3546 2879 2383
5674 4 2 0 1 2414 487 196 933
5675 4 2 0 1 2057 3930 1944 2999
5676 4 2 0 1 3253 3896 1201 2236
5677 4 2 0 1 768 2534 3624 374
5678 4 2 0 1 1288 1286 2071 3256
5679 4 2 0 1 2259 2271 3398 2947
5680 4 2 0 1 2534 2530 3624 374
5681 4 2 0 1 307 310 828 2935
5682 4 2 0 1 2875 1061 2658 2656
5683 4 2 0 1 1348 2115 3929 1678
5684 4 2 0 1 1311 1288 2071 3256
5685 4 2 0 1 2621 131 130 2257
5686 4 2 0 1 3653 2541 2538 2569
5687 4 2 0 1 2403 2405 5 2605
5688 4 2 0 1 2538 2541 3687 2569
5689 4 2 0 1 3929 2115 1348 1334
5690 4 2 0 1 3037 3808 1303 1301
5691 4 2 0 1 2583 3424 2577 3337
5692 4 2 0 1 1437 1407 3798 2048
5693 4 2 0 1 1346 3929 1348 1334
5694 4 2 0 1 3808 1302 1303 1301
5695 4 2 0 1 1831 3284 2208 1978
5696 4 2 0 1 2357 2661 2291 2662
5697 4 2 0 1 3045 3051 3046 3555
5698 4 2 0 1 2117 1908 1430 3044
5699 4 2 0 1 3929 3334 1348 1678
5700 4 2 0 1 2878 3424 2690 3662
5701 4 2 0 1 1346 3929 3334 1348
5702 4 2 0 1 1580 1579 3928 3946
5703 4 2 0 1 2973 3612 2508 2380
5704 4 2 0 1 1371 1597 3735 1370
5705 4 2 0 1 2932 2940 2570 833
5706 4 2 0 1 2519 3619 2520 2521
5707 4 2 0 1 2330 3657 3541 2759
5708 4 2 0 1 1298 3048 3801 3038
5709 4 2 0 1 3442 3883 2630 2764
5710 4 2 0 1 733 2726 2995 3562
5711 4 2 0 1 2729 769 688 2658
5712 4 2 0 1 2765 3560 3561 2657
5713 4 2 0 1 3310 3819 3066 3820
5714 4 2 0 1 2270 3546 2578 3339
5715 4 2 0 1 125 179 2931 127
5716 4 2 0 1 2989 9 8 2988
5717 4 2 0 1 1184 3198 1323 3159
5718 4 2 0 1 1872 2789 2786 1801
5719 4 2 0 1 1184 3159 1323 1909
5720 4 2 0 1 2380 3617 2455 2511
5721 4 2 0 1 1910 1998 3820 1523
5722 4 2 0 1 1838 3928 3774 1522
5723 4 2 0 1 1606 3928 2029 1556
5724 4 2 0 1 3653 3686 2569 2538
5725 4 2 0 1 2778 3688 2643 3434
5726 4 2 0 1 3198 3159 3266 1323
5727 4 2 0 1 2597 2713 2598 3400
5728 4 2 0 1 3819 3946 3928 3066
5729 4 2 0 1 2622 2905 3574 3734
5730 4 2 0 1 1731 1759 1758 3110
5731 4 2 0 1 2747 2512 3765 3412
5732 4 2 0 1 3107 3762 2853 2900
5733 4 2 0 1 1556 1522 3928 2029
5734 4 2 0 1 3946 1556 1579 3928
5735 4 2 0 1 282 2495 2847 284
5736 4 2 0 1 2570 2650 3654 3426
5737 4 2 0 1 3633 538 539 536
5738 4 2 0 1 3074 3103 3005 3079
5739 4 2 0 1 2360 404 2479 430
5740 4 2 0 1 2786 2740 1799 2838
5741 4 2 0 1 2031 3891 1818 3892
5742 4 2 0 1 2390 395 636 396
5743 4 2 0 1 3159 2026 3266 1323
5744 4 2 0 1 917 2509 2508 560
5745 4 2 0 1 1817 3891 1818 1612
5746 4 2 0 1 1335 2043 3223 1329
5747 4 2 0 1 2204 3893 3826 1852
5748 4 2 0 1 447 378 757 3619
5749 4 2 0 1 427 2638 3687 551
5750 4 2 0 1 3826 3893 2204 1813
5751 4 2 0 1 2596 2549 2887 443
5752 4 2 0 1 3714 2805 2749 3368
5753 4 2 0 1 2224 3942 2086 1718
5754 4 2 0 1 664 1009 2970 2731
5755 4 2 0 1 3893 1852 3300 3826
5756 4 2 0 1 3836 2070 3305 2170
5757 4 2 0 1 82 3927 1046 3907
5758 4 2 0 1 2449 1798 1795 2447
5759 4 2 0 1 3927 355 2920 82
5760 4 2 0 1 3493 3358 2840 3351
5761 4 2 0 1 2364 2641 2766 2465
5762 4 2 0 1 3907 3927 1046 47
5763 4 2 0 1 3945 3253 1930 2075
5764 4 2 0 1 1681 3295 2215 1680
5765 4 2 0 1 3927 355 82 1046
5766 4 2 0 1 3632 2542 2541 3633
5767 4 2 0 1 1046 3927 316 47
5768 4 2 0 1 3214 3764 3763 2852
5769 4 2 0 1 1170 24 2957 25
5770 4 2 0 1 3142 3275 3285 3887
5771 4 2 0 1 2686 3702 2859 2860
5772 4 2 0 1 1346 1335 3334 3929
5773 4 2 0 1 645 1115 21 2709
5774 4 2 0 1 3301 1173 1595 1594
5775 4 2 0 1 2736 1038 3573 796
5776 4 2 0 1 980 3889 529 543
5777 4 2 0 1 3140 1555 1462 1458
5778 4 2 0 1 980 3889 543 778
5779 4 2 0 1 3522 23 1884 2134
5780 4 2 0 1 3432 3538 2576 3544
5781 4 2 0 1 3471 2491 3388 3389
5782 4 2 0 1 2389 420 470 388
5783 4 2 0 1 2812 2650 3426 3654
5784 4 2 0 1 2499 3680 2501 2300
5785 4 2 0 1 529 980 526 3889
5786 4 2 0 1 3598 697 1135 919
5787 4 2 0 1 2289 249 250 251
5788 4 2 0 1 2544 2471 3585 701
5789 4 2 0 1 3569 381 2590 389
5790 4 2 0 1 571 2887 2548 866
5791 4 2 0 1 2624 2725 3678 2724
5792 4 2 0 1 1143 2980 1086 954
5793 4 2 0 1 562 137 3530 999
5794 4 2 0 1 1649 1647 1953 3300
5795 4 2 0 1 3890 598 262 570
5796 4 2 0 1 181 2763 2765 3668
5797 4 2 0 1 198 2568 2414 903
5798 4 2 0 1 2269 3881 3346 3411
5799 4 2 0 1 2952 2939 2623 2626
5800 4 2 0 1 3417 3726 3405 3881
5801 4 2 0 1 2474 719 2526 3623
5802 4 2 0 1 1347 1335 1356 3334
5803 4 2 0 1 1680 1589 1681 2912
5804 4 2 0 1 2664 744 743 976
5805 4 2 0 1 1357 1347 1356 3334
5806 4 2 0 1 3215 3646 3258 3214
5807 4 2 0 1 2582 3083 3151 3152
5808 4 2 0 1 1244 2015 1743 3063
5809 4 2 0 1 2202 1819 2423 3290
5810 4 2 0 1 169 1134 806 2995
5811 4 2 0 1 1622 3836 1370 2170
5812 4 2 0 1 2916 2864 3346 2265
5813 4 2 0 1 3099 3305 3103 3833
5814 4 2 0 1 745 654 833 3654
5815 4 2 0 1 3432 3538 3544 2377
5816 4 2 0 1 3777 3006 3784 3001
5817 4 2 0 1 2316 2465 2767 3476
5818 4 2 0 1 2546 2846 2544 2543
5819 4 2 0 1 1782 3018 1804 1885
5820 4 2 0 1 805 2390 2389 397
5821 4 2 0 1 3633 895 548 535
5822 4 2 0 1 964 598 3890 599
5823 4 2 0 1 1597 3836 1370 1622
5824 4 2 0 1 3890 598 570 599
5825 4 2 0 1 1597 1371 3735 1369
5826 4 2 0 1 3748 3660 2792 2693
5827 4 2 0 1 1162 3283 2180 1931
5828 4 2 0 1 3562 2412 2415 2702
5829 4 2 0 1 750 749 3697 437
5830 4 2 0 1 312 2935 313 310
5831 4 2 0 1 2934 1022 283 2487
5832 4 2 0 1 1201 3896 3913 2140
5833 4 2 0 1 183 180 3668 3664
5834 4 2 0 1 2590 399 2389 2526
5835 4 2 0 1 597 2668 2552 2669
5836 4 2 0 1 2259 2271 2947 2598
5837 4 2 0 1 2515 320 3709 3707
5838 4 2 0 1 3059 1211 1210 3080
5839 4 2 0 1 2312 3773 3122 3227
5840 4 2 0 1 848 2549 490 454
5841 4 2 0 1 2259 2271 2598 2864
5842 4 2 0 1 3945 3896 2075 3913
5843 4 2 0 1 3832 1390 3091 1389
5844 4 2 0 1 1390 3091 1389 2243
5845 4 2 0 1 2259 2271 2864 3398
5846 4 2 0 1 606 3569 776 2436
5847 4 2 0 1 1118 2389 715 952
5848 4 2 0 1 881 703 2437 2390
5849 4 2 0 1 2989 2611 1351 2608
5850 4 2 0 1 2723 2941 3426 2269
5851 4 2 0 1 566 3920 466 632
5852 4 2 0 1 3281 1429 3021 3796
5853 4 2 0 1 1409 1410 1408 3021
5854 4 2 0 1 2348 2779 2778 2877
5855 4 2 0 1 2512 2458 2459 3579
5856 4 2 0 1 466 3926 566 478
5857 4 2 0 1 637 566 3926 478
5858 4 2 0 1 2449 1798 1800 1795
5859 4 2 0 1 147 2875 149 148
5860 4 2 0 1 565 795 864 3698
5861 4 2 0 1 153 178 3597 151
5862 4 2 0 1 3920 3483 2479 3894
5863 4 2 0 1 3182 3056 3818 3509
5864 4 2 0 1 2872 948 482 3593
5865 4 2 0 1 2294 3769 3770 2595
5866 4 2 0 1 2888 2615 2253 2276
5867 4 2 0 1 1531 1552 2044 3276
5868 4 2 0 1 2510 2889 2659 2914
5869 4 2 0 1 1891 3014 1423 3255
5870 4 2 0 1 3285 2401 3450 3036
5871 4 2 0 1 3733 2585 1837 3136
5872 4 2 0 1 1891 3014 3255 3225
5873 4 2 0 1 1239 3897 3923 1236
5874 4 2 0 1 3328 3329 2393 3330
5875 4 2 0 1 2457 2408 2407 3575
5876 4 2 0 1 2910 2380 2973 2508
5877 4 2 0 1 785 3633 548 820
5878 4 2 0 1 483 1057 934 2459
5879 4 2 0 1 1891 3014 3225 1422
5880 4 2 0 1 3005 3103 3074 3833
5881 4 2 0 1 1891 3014 1422 1423
5882 4 2 0 1 3171 3855 3205 3168
5883 4 2 0 1 2756 2878 3424 2964
5884 4 2 0 1 3838 1426 3102 3078
5885 4 2 0 1 2811 2856 2618 2619
5886 4 2 0 1 3838 1426 3078 1433
5887 4 2 0 1 899 56 2740 55
5888 4 2 0 1 3686 2771 3679 3442
5889 4 2 0 1 2688 2861 3382 2860
5890 4 2 0 1 2676 2810 2761 2675
5891 4 2 0 1 3563 3651 2569 2568
5892 4 2 0 1 3633 535 548 538
5893 4 2 0 1 2798 2800 3627 3625
5894 4 2 0 1 1321 3925 1877 1584
5895 4 2 0 1 3019 3925 1877 1319
5896 4 2 0 1 3876 3358 3351 3383
5897 4 2 0 1 2088 3924 2013 1424
5898 4 2 0 1 2572 106 679 561
5899 4 2 0 1 2788 2732 3355 2787
5900 4 2 0 1 3698 851 795 2297
5901 4 2 0 1 3225 3838 3102 3106
5902 4 2 0 1 3106 3102 3835 3838
5903 4 2 0 1 1415 3924 3934 2013
5904 4 2 0 1 2450 2221 1435 1950
5905 4 2 0 1 2970 2936 2971 2464
5906 4 2 0 1 2525 2884 2524 3700
5907 4 2 0 1 2042 3924 1424 1414
5908 4 2 0 1 2616 2615 2617 2276
5909 4 2 0 1 2779 171 2658 2875
5910 4 2 0 1 3404 3402 3344 3346
5911 4 2 0 1 2042 1424 3924 2088
5912 4 2 0 1 167 1067 119 2617
5913 4 2 0 1 1241 3892 3923 3777
5914 4 2 0 1 714 1077 2547 200
5915 4 2 0 1 3725 255 883 257
5916 4 2 0 1 3335 2878 3662 3336
5917 4 2 0 1 1239 1236 3923 1238
5918 4 2 0 1 1239 3897 1236 1718
5919 4 2 0 1 1454 1456 1455 3847
5920 4 2 0 1 1456 3140 1455 3847
5921 4 2 0 1 271 349 2438 2991
5922 4 2 0 1 3417 2941 3881 3416
5923 4 2 0 1 1453 1454 1455 3847
5924 4 2 0 1 1242 3923 3776 3777
5925 4 2 0 1 2310 2354 3482 2360
5926 4 2 0 1 3902 1764 1765 3028
5927 4 2 0 1 381 2590 389 907
5928 4 2 0 1 2797 2615 2276 2617
5929 4 2 0 1 1722 3896 1821 2140
5930 4 2 0 1 3898 1446 1859 1461
5931 4 2 0 1 3616 2913 2112 1747
5932 4 2 0 1 3507 3767 3553 2869
5933 4 2 0 1 12 2014 1918 2603
5934 4 2 0 1 1704 2988 2608 3672
5935 4 2 0 1 3075 3074 1924 1273
5936 4 2 0 1 2797 920 1067 2617
5937 4 2 0 1 2628 2952 2626 2356
5938 4 2 0 1 2627 2952 2626 2628
5939 4 2 0 1 3554 2397 3092 3212
5940 4 2 0 1 1575 1541 3558 1670
5941 4 2 0 1 3734 2905 3574 3260
5942 4 2 0 1 2212 1514 2064 2796
5943 4 2 0 1 784 946 460 3922
5944 4 2 0 1 946 2535 460 3922
5945 4 2 0 1 946 607 2535 3922
5946 4 2 0 1 1489 1479 2087 3114
5947 4 2 0 1 3022 1436 2122 3798
5948 4 2 0 1 946 607 3922 784
5949 4 2 0 1 3815 1204 3816 1205
5950 4 2 0 1 3921 1308 2094 2183
5951 4 2 0 1 2280 3868 3447 3448
5952 4 2 0 1 1489 1481 3114 3294
5953 4 2 0 1 3107 3762 2900 2609
5954 4 2 0 1 2183 2094 3921 1307
5955 4 2 0 1 2314 3056 3818 3182
5956 4 2 0 1 2169 1492 3090 2019
5957 4 2 0 1 3141 1451 3847 3095
5958 4 2 0 1 2076 2056 1681 2912
5959 4 2 0 1 3316 2169 2107 3090
5960 4 2 0 1 3463 3196 2386 2825
5961 4 2 0 1 1603 3210 1710 3209
5962 4 2 0 1 1911 2094 3921 3918
5963 4 2 0 1 3824 1421 3011 3785
5964 4 2 0 1 1606 3928 1556 3946
5965 4 2 0 1 3319 3294 2079 3187
5966 4 2 0 1 654 653 3652 660
5967 4 2 0 1 1498 1486 1499 3839
5968 4 2 0 1 3068 1260 3782 3074
5969 4 2 0 1 466 3926 478 403
5970 4 2 0 1 3254 1192 1988 1608
5971 4 2 0 1 3159 3817 3198 3199
5972 4 2 0 1 2893 3377 3480 2843
5973 4 2 0 1 3779 1318 1268 1254
5974 4 2 0 1 2330 3337 2693 3661
5975 4 2 0 1 3799 1913 3801 1296
5976 4 2 0 1 337 340 659 2522
5977 4 2 0 1 2627 2355 2628 2626
5978 4 2 0 1 3499 2324 2556 3641
5979 4 2 0 1 2355 2626 2354 2356
5980 4 2 0 1 1732 2637 3558 3615
5981 4 2 0 1 1539 3806 1532 3805
5982 4 2 0 1 466 3926 403 3920
5983 4 2 0 1 1861 1971 1661 3930
5984 4 2 0 1 2660 2626 2355 2627
5985 4 2 0 1 1825 3031 3804 3805
5986 4 2 0 1 1689 3899 1690 1688
5987 4 2 0 1 3029 1528 1526 3131
5988 4 2 0 1 2917 1999 2449 3571
5989 4 2 0 1 3073 3250 3078 3825
5990 4 2 0 1 3270 3655 2574 2576
5991 4 2 0 1 1954 3243 2132 3571
5992 4 2 0 1 466 982 3920 465
5993 4 2 0 1 1908 1430 3044 3809
5994 4 2 0 1 466 3920 982 632
5995 4 2 0 1 2062 1518 3066 2154
5996 4 2 0 1 3920 466 465 403
5997 4 2 0 1 1192 3298 1193 1191
5998 4 2 0 1 1356 3223 3334 1335
5999 4 2 0 1 2246 1207 2005 3297
6000 4 2 0 1 1610 1609 3535 3325
6001 4 2 0 1 3920 3483 3894 632
6002 4 2 0 1 3109 1504 3053 1505
6003 4 2 0 1 1278 3826 2204 2059
6004 4 2 0 1 3450 2401 3285 3288
6005 4 2 0 1 564 683 2542 2965
6006 4 2 0 1 564 2542 683 966
6007 4 2 0 1 1212 1215 3180 1213
6008 4 2 0 1 2152 3131 3761 2853
6009 4 2 0 1 3338 3306 2330 3541
6010 4 2 0 1 2152 3131 2853 1964
6011 4 2 0 1 2989 9 2988 2608
6012 4 2 0 1 2581 3337 2583 3661
6013 4 2 0 1 2048 1437 3024 3798
6014 4 2 0 1 989 315 2435 312
6015 4 2 0 1 3025 1440 1439 2156
6016 4 2 0 1 3107 2900 3053 3109
6017 4 2 0 1 1506 1543 3053 1714
6018 4 2 0 1 3680 2292 2807 3608
6019 4 2 0 1 2292 2682 3608 2635
6020 4 2 0 1 19 2709 514 902
6021 4 2 0 1 2326 3536 3166 2373
6022 4 2 0 1 313 989 2435 312
6023 4 2 0 1 3032 3029 3131 1528
6024 4 2 0 1 2330 2792 2693 3748
6025 4 2 0 1 1816 3081 1216 3831
6026 4 2 0 1 1825 3805 1549 1975
6027 4 2 0 1 1635 1874 1634 3900
6028 4 2 0 1 1619 3793 1210 3827
6029 4 2 0 1 1754 1910 1755 3287
6030 4 2 0 1 2682 2807 3608 2871
6031 4 2 0 1 3043 3052 3112 2610
6032 4 2 0 1 1981 3213 3646 3299
6033 4 2 0 1 290 3706 2846 292
6034 4 2 0 1 2091 1239 3776 1242
6035 4 2 0 1 1431 1985 3785 3070
6036 4 2 0 1 3936 3900 3800 1874
6037 4 2 0 1 3929 1335 3223 1329
6038 4 2 0 1 2068 1914 1367 2423
6039 4 2 0 1 3059 1210 1211 1209
6040 4 2 0 1 1655 3293 1659 1657
6041 4 2 0 1 3936 3800 3900 1297
6042 4 2 0 1 3170 3089 3238 3488
6043 4 2 0 1 77 3330 2409 2453
6044 4 2 0 1 3198 1184 1323 1182
6045 4 2 0 1 3829 3167 3173 3057
6046 4 2 0 1 3303 3273 3076 3279
6047 4 2 0 1 3205 1961 3167 3218
6048 4 2 0 1 2127 1311 1788 3256
6049 4 2 0 1 3025 1536 1545 1864
6050 4 2 0 1 2155 2073 3788 1708
6051 4 2 0 1 1173 3301 3324 1353
6052 4 2 0 1 2506 2986 2985 2424
6053 4 2 0 1 3020 1880 1881 1355
6054 4 2 0 1 2042 3919 2213 1774
6055 4 2 0 1 1539 3035 3806 3805
6056 4 2 0 1 1019 2533 1029 699
6057 4 2 0 1 2867 3717 3648 3352
6058 4 2 0 1 2042 2213 3919 1537
6059 4 2 0 1 3725 255 257 3477
6060 4 2 0 1 2207 1858 1787 3250
6061 4 2 0 1 3787 3919 1416 3924
6062 4 2 0 1 3834 3833 3099 3103
6063 4 2 0 1 3274 3559 3558 1744
6064 4 2 0 1 1419 3919 1416 3787
6065 4 2 0 1 3835 2313 3228 3486
6066 4 2 0 1 3145 3146 3843 3124
6067 4 2 0 1 3919 2042 2088 1774
6068 4 2 0 1 3541 3306 2330 3269
6069 4 2 0 1 1902 1451 1449 3095
6070 4 2 0 1 279 3475 2930 2494
6071 4 2 0 1 3022 1726 3202 3797
6072 4 2 0 1 2668 826 2604 80
6073 4 2 0 1 3052 1641 1962 3037
6074 4 2 0 1 3216 3552 2852 2775
6075 4 2 0 1 1475 1473 3850 3113
6076 4 2 0 1 1544 1536 3025 1535
6077 4 2 0 1 2034 1583 3153 2005
6078 4 2 0 1 2079 1542 3294 3319
6079 4 2 0 1 2806 3751 2643 3434
6080 4 2 0 1 3247 1786 1285 1253
6081 4 2 0 1 3033 1316 3030 3247
6082 4 2 0 1 1554 3025 3024 1535
6083 4 2 0 1 3313 3194 3508 3357
6084 4 2 0 1 3918 2094 2142 2093
6085 4 2 0 1 3423 2685 2757 3425
6086 4 2 0 1 3841 1759 2796 2212
6087 4 2 0 1 3361 3476 3360 2316
6088 4 2 0 1 2552 15 16 2560
6089 4 2 0 1 3035 3155 3156 1568
6090 4 2 0 1 1239 3897 1718 3776
6091 4 2 0 1 1998 3918 1911 3820
6092 4 2 0 1 2094 3918 1911 2093
6093 4 2 0 1 775 650 2873 2922
6094 4 2 0 1 3076 3908 3293 2049
6095 4 2 0 1 1850 3091 1848 1851
6096 4 2 0 1 3329 2954 2393 3330
6097 4 2 0 1 3283 2622 2187 1162
6098 4 2 0 1 3945 3896 3913 1201
6099 4 2 0 1 1526 3131 1964 3029
6100 4 2 0 1 3303 1659 1953 3293
6101 4 2 0 1 3917 1687 1588 1569
6102 4 2 0 1 3537 2374 2855 2377
6103 4 2 0 1 1358 1357 2231 3273
6104 4 2 0 1 3692 3343 2819 3342
6105 4 2 0 1 1588 1687 3917 1739
6106 4 2 0 1 3247 3035 1285 3805
6107 4 2 0 1 1810 3224 1957 3255
6108 4 2 0 1 2017 3156 1685 2096
6109 4 2 0 1 3917 1401 1569 1588
6110 4 2 0 1 577 2967 2388 85
6111 4 2 0 1 1631 3815 2096 2074
6112 4 2 0 1 3360 2898 3496 3523
6113 4 2 0 1 1589 2076 1681 2912
6114 4 2 0 1 3354 3065 3886 3487
6115 4 2 0 1 1071 596 3591 767
6116 4 2 0 1 2341 3660 3663 2787
6117 4 2 0 1 3828 2335 3158 3182
6118 4 2 0 1 1162 3283 1931 2187
6119 4 2 0 1 3284 1314 2208 1978
6120 4 2 0 1 2641 2766 2385 2365
6121 4 2 0 1 41 2418 3290 1369
6122 4 2 0 1 3222 3206 3220 3221
6123 4 2 0 1 3010 3210 3209 3854
6124 4 2 0 1 1949 1712 3916 1713
6125 4 2 0 1 2512 3674 2460 2459
6126 4 2 0 1 947 2954 77 2453
6127 4 2 0 1 3041 1921 1640 3284
6128 4 2 0 1 1489 1867 2079 3187
6129 4 2 0 1 2004 3916 1519 1521
6130 4 2 0 1 3909 1949 3916 1713
6131 4 2 0 1 3445 3446 3613 2457
6132 4 2 0 1 3041 2130 3811 1750
6133 4 2 0 1 1663 3893 3300 3826
6134 4 2 0 1 1636 3940 1638 1978
6135 4 2 0 1 96 775 812 2780
6136 4 2 0 1 1607 1926 1802 2789
6137 4 2 0 1 1566 3035 1567 1568
6138 4 2 0 1 3940 2244 1996 3915
6139 4 2 0 1 3940 2244 3915 3037
6140 4 2 0 1 2839 3876 3351 3383
6141 4 2 0 1 1314 1307 3284 2172
6142 4 2 0 1 3939 3914 2116 1177
6143 4 2 0 1 1126 516 2644 910
6144 4 2 0 1 3268 3508 2331 3244
6145 4 2 0 1 1973 3939 1974 1175
6146 4 2 0 1 3478 607 2529 2942
6147 4 2 0 1 3692 2276 2571 2652
6148 4 2 0 1 2597 2698 3711 3709
6149 4 2 0 1 2297 3698 2296 795
6150 4 2 0 1 3585 2468 2462 2472
6151 4 2 0 1 3914 1175 1177 3939
6152 4 2 0 1 2466 3592 2467 2465
6153 4 2 0 1 3421 2383 3546 2583
6154 4 2 0 1 1327 3100 3759 1283
6155 4 2 0 1 3732 2352 2816 2307
6156 4 2 0 1 1133 573 875 3693
6157 4 2 0 1 2457 3548 2454 2393
6158 4 2 0 1 2278 2747 3412 3677
6159 4 2 0 1 1973 3939 1175 3914
6160 4 2 0 1 3922 2535 2533 3624
6161 4 2 0 1 1722 3913 3896 2140
6162 4 2 0 1 1869 2190 3913 1322
6163 4 2 0 1 32 2387 2967 2966
6164 4 2 0 1 2190 1869 3913 2140
6165 4 2 0 1 2434 331 1017 217
6166 4 2 0 1 19 1179 1180 3715
6167 4 2 0 1 2591 3623 2389 3547
6168 4 2 0 1 2190 2075 3913 1322
6169 4 2 0 1 1736 3912 3804 1737
6170 4 2 0 1 3805 3912 3911 1289
6171 4 2 0 1 2963 2756 3271 2584
6172 4 2 0 1 3303 3273 3279 1987
6173 4 2 0 1 3732 2352 2307 3478
6174 4 2 0 1 194 2414 195 2415
6175 4 2 0 1 2914 2911 3429 3576
6176 4 2 0 1 3430 3272 3422 3339
6177 4 2 0 1 2478 2482 2483 2639
6178 4 2 0 1 3912 3804 1737 1762
6179 4 2 0 1 2362 2864 2271 3346
6180 4 2 0 1 3448 2921 2395 2721
6181 4 2 0 1 3545 3544 2929 2382
6182 4 2 0 1 378 329 757 3619
6183 4 2 0 1 3734 3429 3694 3542
6184 4 2 0 1 3685 3146 3683 3848
6185 4 2 0 1 2747 2720 2746 2281
6186 4 2 0 1 31 2387 30 1664
6187 4 2 0 1 1310 3912 1737 1762
6188 4 2 0 1 1721 2366 1664 1163
6189 4 2 0 1 1745 2366 1664 1721
6190 4 2 0 1 2922 2687 775 2780
6191 4 2 0 1 3881 2273 3417 3416
6192 4 2 0 1 1722 3913 2140 2190
6193 4 2 0 1 767 3592 2473 3650
6194 4 2 0 1 332 579 580 3602
6195 4 2 0 1 1722 3913 2190 2075
6196 4 2 0 1 3286 2795 3136 1792
6197 4 2 0 1 2283 2278 3456 3677
6198 4 2 0 1 3875 2259 3398 2947
6199 4 2 0 1 2282 973 1095 2614
6200 4 2 0 1 2102 3911 2220 1735
6201 4 2 0 1 2639 554 156 154
6202 4 2 0 1 1000 554 156 3666
6203 4 2 0 1 2568 3563 2414 3687
6204 4 2 0 1 2102 3911 1735 1311
6205 4 2 0 1 1893 2418 3735 3307
6206 4 2 0 1 877 3600 2484 3601
6207 4 2 0 1 1311 3911 1735 1290
6208 4 2 0 1 2864 2259 3398 2265
6209 4 2 0 1 2644 1126 1098 2596
6210 4 2 0 1 3692 2616 3342 2819
6211 4 2 0 1 2374 3539 2377 3537
6212 4 2 0 1 2490 2485 2495 3604
6213 4 2 0 1 1126 2644 1098 629
6214 4 2 0 1 148 2779 147 2875
6215 4 2 0 1 2414 755 201 2568
6216 4 2 0 1 3915 1634 3900 1633
6217 4 2 0 1 2639 2589 3666 3664
6218 4 2 0 1 3303 1987 1679 2201
6219 4 2 0 1 2512 3412 3677 2262
6220 4 2 0 1 1051 3729 3530 2548
6221 4 2 0 1 3946 3910 3916 2009
6222 4 2 0 1 398 462 369 2882
6223 4 2 0 1 3235 2407 3160 2410
6224 4 2 0 1 1632 3910 3904 2097
6225 4 2 0 1 2895 2842 2737 2662
6226 4 2 0 1 1874 3800 2032 1675
6227 4 2 0 1 3160 2410 2405 2770
6228 4 2 0 1 3399 3369 3880 3397
6229 4 2 0 1 3910 1712 2009 1756
6230 4 2 0 1 3142 3244 2331 3138
6231 4 2 0 1 3946 3916 3910 1521
6232 4 2 0 1 2322 3589 2347 3522
6233 4 2 0 1 1435 1891 1956 3225
6234 4 2 0 1 3946 3910 2009 3904
6235 4 2 0 1 1235 3923 1236 1234
6236 4 2 0 1 3361 3476 2316 2767
6237 4 2 0 1 402 364 2432 2479
6238 4 2 0 1 3909 1713 2142 1994
6239 4 2 0 1 2160 3040 1675 2032
6240 4 2 0 1 2995 182 2703 2729
6241 4 2 0 1 643 807 993 3623
6242 4 2 0 1 3337 3336 2759 2693
6243 4 2 0 1 3052 3038 3808 3037
6244 4 2 0 1 3800 3040 2032 1675
6245 4 2 0 1 3726 3653 2902 2727
6246 4 2 0 1 3909 3820 1949 1994
6247 4 2 0 1 2049 3908 3293 1789
6248 4 2 0 1 2234 3908 1789 1834
6249 4 2 0 1 499 3567 500 2634
6250 4 2 0 1 1412 1409 3901 1410
6251 4 2 0 1 3273 3908 2234 3932
6252 4 2 0 1 1834 3932 1946 2178
6253 4 2 0 1 2491 2566 3389 3385
6254 4 2 0 1 3593 481 900 482
6255 4 2 0 1 431 417 432 3595
6256 4 2 0 1 279 2982 2930 604
6257 4 2 0 1 892 2763 951 2765
6258 4 2 0 1 3017 3933 3791 3797
6259 4 2 0 1 1686 3015 2103 3016
6260 4 2 0 1 1686 3015 3016 1396
6261 4 2 0 1 2817 2895 2735 2662
6262 4 2 0 1 2681 2678 3699 704
6263 4 2 0 1 3410 2671 2879 3409
6264 4 2 0 1 2539 3417 3630 3771
6265 4 2 0 1 3122 2305 2824 2447
6266 4 2 0 1 3933 1398 1397 1395
6267 4 2 0 1 635 2569 546 2570
6268 4 2 0 1 3273 3908 3932 1866
6269 4 2 0 1 2986 2416 2987 39
6270 4 2 0 1 3048 3807 3038 2124
6271 4 2 0 1 2774 2631 302 2429
6272 4 2 0 1 3395 3399 2259 3370
6273 4 2 0 1 3403 2266 3406 2673
6274 4 2 0 1 1698 1699 3858 1697
6275 4 2 0 1 3149 1698 3858 1697
6276 4 2 0 1 3225 3838 3106 2450
6277 4 2 0 1 1794 1897 2249 2449
6278 4 2 0 1 2845 2516 3553 2558
6279 4 2 0 1 2840 3580 2519 2461
6280 4 2 0 1 3303 3273 1987 3908
6281 4 2 0 1 2862 2782 2321 2896
6282 4 2 0 1 2247 2056 2912 1681
6283 4 2 0 1 1046 48 82 3907
6284 4 2 0 1 3535 1610 3325 1824
6285 4 2 0 1 2654 2811 3656 2745
6286 4 2 0 1 2266 3403 2671 2673
6287 4 2 0 1 2787 2792 2788 3660
6288 4 2 0 1 49 3907 46 2946
6289 4 2 0 1 2818 3521 3523 2958
6290 4 2 0 1 2266 2799 3419 3406
6291 4 2 0 1 3514 3326 3515 2337
6292 4 2 0 1 1325 3121 1326 1282
6293 4 2 0 1 2970 2936 2464 2731
6294 4 2 0 1 2723 3723 2728 2269
6295 4 2 0 1 3380 3377 3386 3394
6296 4 2 0 1 2673 3409 3344 3880
6297 4 2 0 1 3303 3908 1987 1659
6298 4 2 0 1 2955 1011 311 992
6299 4 2 0 1 2689 2308 2873 2858
6300 4 2 0 1 2584 3335 3311 3336
6301 4 2 0 1 549 3906 555 2378
6302 4 2 0 1 3869 3265 3189 3866
6303 4 2 0 1 3403 3880 3409 2673
6304 4 2 0 1 3906 895 531 544
6305 4 2 0 1 3403 2671 2673 3409
6306 4 2 0 1 3491 3872 2959 2898
6307 4 2 0 1 41 2418 1369 42
6308 4 2 0 1 2577 3543 3544 2964
6309 4 2 0 1 2378 3889 549 3906
6310 4 2 0 1 2039 1894 3861 1865
6311 4 2 0 1 1283 1281 3519 1282
6312 4 2 0 1 3906 3889 531 530
6313 4 2 0 1 1491 3304 3090 3066
6314 4 2 0 1 1810 3224 3128 2228
6315 4 2 0 1 1122 235 2981 3890
6316 4 2 0 1 2125 1448 2052 3017
6317 4 2 0 1 3188 3265 3866 3189
6318 4 2 0 1 2901 2686 2683 3545
6319 4 2 0 1 2901 3702 3701 2683
6320 4 2 0 1 3304 1487 1488 1491
6321 4 2 0 1 2534 3922 2535 607
6322 4 2 0 1 3536 1896 1332 2370
6323 4 2 0 1 2686 3702 2901 2683
6324 4 2 0 1 3090 3304 3067 3066
6325 4 2 0 1 2370 3755 1929 3535
6326 4 2 0 1 1721 2366 1163 3309
6327 4 2 0 1 1122 235 3890 262
6328 4 2 0 1 52 92 2917 2446
6329 4 2 0 1 3852 2106 1865 1719
6330 4 2 0 1 3633 785 548 895
6331 4 2 0 1 785 3633 2655 895
6332 4 2 0 1 2737 407 2841 773
6333 4 2 0 1 2392 396 2390 479
6334 4 2 0 1 3192 3193 3860 3058
6335 4 2 0 1 2392 396 479 463
6336 4 2 0 1 3905 3946 1709 2118
6337 4 2 0 1 760 761 3566 605
6338 4 2 0 1 2560 3639 2558 3638
6339 4 2 0 1 3255 3227 1956 3225
6340 4 2 0 1 3066 3905 2154 2118
6341 4 2 0 1 1720 3852 1865 1719
6342 4 2 0 1 1841 2149 1873 3905
6343 4 2 0 1 2395 3550 2776 2775
6344 4 2 0 1 2801 3468 2871 3879
6345 4 2 0 1 3905 1873 1843 2154
6346 4 2 0 1 1841 3905 1873 1843
6347 4 2 0 1 2299 3592 2465 2802
6348 4 2 0 1 2974 265 845 2696
6349 4 2 0 1 3904 1605 1606 2158
6350 4 2 0 1 3904 1605 1579 1556
6351 4 2 0 1 2479 3926 3920 400
6352 4 2 0 1 2442 2725 2938 2274
6353 4 2 0 1 2643 2648 3374 3751
6354 4 2 0 1 3904 1729 2158 2148
6355 4 2 0 1 3312 3662 3249 3705
6356 4 2 0 1 2778 3434 2643 2877
6357 4 2 0 1 745 654 3654 660
6358 4 2 0 1 2387 2704 2366 3534
6359 4 2 0 1 2158 3904 3905 1606
6360 4 2 0 1 3903 2227 3943 1850
6361 4 2 0 1 1741 3891 3000 1676
6362 4 2 0 1 2330 2792 3661 2693
6363 4 2 0 1 3903 3943 2227 1391
6364 4 2 0 1 2916 3529 2864 2813
6365 4 2 0 1 2995 169 1040 1028
6366 4 2 0 1 1391 2227 3903 2022
6367 4 2 0 1 2443 2536 3631 790
6368 4 2 0 1 1369 1371 3290 41
6369 4 2 0 1 2878 887 3320 2690
6370 4 2 0 1 2729 2702 688 2703
6371 4 2 0 1 1850 2185 3903 2227
6372 4 2 0 1 2227 2185 3903 2022
6373 4 2 0 1 1855 2611 1351 1854
6374 4 2 0 1 2857 2460 2975 2925
6375 4 2 0 1 1554 2048 1535 3024
6376 4 2 0 1 3902 3804 1293 1762
6377 4 2 0 1 628 2729 688 2703
6378 4 2 0 1 3902 1765 1763 2182
6379 4 2 0 1 2080 2950 2 3322
6380 4 2 0 1 1762 2182 1317 3902
6381 4 2 0 1 1762 2182 3902 1763
6382 4 2 0 1 2012 3901 1413 3021
6383 4 2 0 1 1514 1767 2064 2796
6384 4 2 0 1 3215 3154 3239 3867
6385 4 2 0 1 134 2257 2361 3724
6386 4 2 0 1 3901 1409 1413 3021
6387 4 2 0 1 3067 3304 3090 3331
6388 4 2 0 1 2848 3665 2526 3527
6389 4 2 0 1 2012 1412 3934 3901
6390 4 2 0 1 3517 2863 2896 3466
6391 4 2 0 1 1412 1409 1413 3901
6392 4 2 0 1 2783 2835 2345 2850
6393 4 2 0 1 3897 2028 3776 3923
6394 4 2 0 1 3915 1634 1633 1636
6395 4 2 0 1 826 2604 14 2560
6396 4 2 0 1 2419 2772 3472 2421
6397 4 2 0 1 2271 2550 2548 3434
6398 4 2 0 1 3916 3820 3946 1949
6399 4 2 0 1 3915 1634 1636 1637
6400 4 2 0 1 3353 3503 3349 3360
6401 4 2 0 1 1348 1346 1350 3334
6402 4 2 0 1 3736 2750 2595 2706
6403 4 2 0 1 147 2348 1087 163
6404 4 2 0 1 2543 2544 3634 3583
6405 4 2 0 1 2073 3899 1394 2143
6406 4 2 0 1 3737 3362 3517 3464
6407 4 2 0 1 2788 3502 2783 2338
6408 4 2 0 1 3899 1394 2143 1395
6409 4 2 0 1 3634 3580 3583 2462
6410 4 2 0 1 1688 3899 2073 2143
6411 4 2 0 1 155 697 3598 153
6412 4 2 0 1 3344 3373 3406 3880
6413 4 2 0 1 170 871 3666 3667
6414 4 2 0 1 2630 3560 2765 2657
6415 4 2 0 1 2480 2760 3596 2830
6416 4 2 0 1 2471 2544 3650 767
6417 4 2 0 1 1689 3899 1688 3933
6418 4 2 0 1 1613 3286 3556 1615
6419 4 2 0 1 3641 2564 3649 2563
6420 4 2 0 1 2837 1798 2743 1796
6421 4 2 0 1 3603 3474 2486 3475
6422 4 2 0 1 3240 3898 1559 1461
6423 4 2 0 1 3707 320 305 825
6424 4 2 0 1 3240 1559 3898 1856
6425 4 2 0 1 563 3689 602 2489
6426 4 2 0 1 1559 3898 1859 1461
6427 4 2 0 1 3897 3942 1329 1237
6428 4 2 0 1 2928 3712 2705 2697
6429 4 2 0 1 3637 3716 18 2554
6430 4 2 0 1 2455 2622 3574 3576
6431 4 2 0 1 3428 2889 3658 3413
6432 4 2 0 1 2375 573 3693 572
6433 4 2 0 1 3776 3897 1718 3942
6434 4 2 0 1 1575 1577 1744 3559
6435 4 2 0 1 1718 1236 2224 3897
6436 4 2 0 1 1577 1575 3684 3559
6437 4 2 0 1 1236 2224 3897 1237
6438 4 2 0 1 12 1918 13 2603
6439 4 2 0 1 3492 2314 3182 3056
6440 4 2 0 1 3734 3556 2912 2905
6441 4 2 0 1 2723 3723 2269 2812
6442 4 2 0 1 2980 953 1086 954
6443 4 2 0 1 1512 3289 3237 3274
6444 4 2 0 1 2348 2778 1087 163
6445 4 2 0 1 1811 3070 2024 3825
6446 4 2 0 1 260 3631 372 415
6447 4 2 0 1 3354 3357 2711 2329
6448 4 2 0 1 3313 3357 2329 3355
6449 4 2 0 1 3573 740 2451 796
6450 4 2 0 1 3020 1880 1355 3795
6451 4 2 0 1 2950 4 2405 1171
6452 4 2 0 1 3338 3313 3355 2792
6453 4 2 0 1 1613 3556 3286 3036
6454 4 2 0 1 3904 3946 1606 1556
6455 4 2 0 1 992 2955 2965 668
6456 4 2 0 1 18 2554 2553 17
6457 4 2 0 1 3192 3193 3058 2335
6458 4 2 0 1 311 2955 1108 2990
6459 4 2 0 1 3175 3262 3642 3257
6460 4 2 0 1 1517 3946 3066 2118
6461 4 2 0 1 2709 645 1044 2970
6462 4 2 0 1 992 2955 668 1108
6463 4 2 0 1 3445 3446 2457 3452
6464 4 2 0 1 3351 2839 2712 3423
6465 4 2 0 1 1580 1579 1540 3928
6466 4 2 0 1 1774 1773 3785 3930
6467 4 2 0 1 3490 3268 3508 3313
6468 4 2 0 1 3214 3257 3859 3642
6469 4 2 0 1 3299 3277 3645 3266
6470 4 2 0 1 1816 3081 3831 3180
6471 4 2 0 1 3046 3048 3051 3044
6472 4 2 0 1 2997 3554 3832 2998
6473 4 2 0 1 3639 2552 2555 3638
6474 4 2 0 1 2558 2607 2845 2516
6475 4 2 0 1 1971 2213 1537 3785
6476 4 2 0 1 1024 617 1072 2522
6477 4 2 0 1 3606 2928 2705 2697
6478 4 2 0 1 1463 3685 1465 1464
6479 4 2 0 1 173 3664 180 871
6480 4 2 0 1 2031 2006 1818 3891
6481 4 2 0 1 3553 3767 2868 2869
6482 4 2 0 1 2701 2699 3368 2874
6483 4 2 0 1 2379 2376 525 524
6484 4 2 0 1 2379 523 522 524
6485 4 2 0 1 1968 3672 2109 1705
6486 4 2 0 1 2379 523 524 525
6487 4 2 0 1 3925 1584 1585 3896
6488 4 2 0 1 3896 1584 1722 1821
6489 4 2 0 1 2806 3751 2271 3750
6490 4 2 0 1 2870 3198 3266 3277
6491 4 2 0 1 2400 2719 2281 2721
6492 4 2 0 1 2622 3655 3283 2579
6493 4 2 0 1 746 3654 2994 657
6494 4 2 0 1 2719 2400 2399 2721
6495 4 2 0 1 3340 1156 2111 2636
6496 4 2 0 1 2281 2400 2721 2921
6497 4 2 0 1 2456 994 72 71
6498 4 2 0 1 1019 104 1029 2670
6499 4 2 0 1 3306 3338 3272 3541
6500 4 2 0 1 3798 3895 2159 1405
6501 4 2 0 1 2103 2007 3093 3832
6502 4 2 0 1 2332 3767 3507 2869
6503 4 2 0 1 3091 3554 3832 2997
6504 4 2 0 1 2577 3543 2583 3544
6505 4 2 0 1 1457 2065 3768 1455
6506 4 2 0 1 1402 1404 1405 3895
6507 4 2 0 1 1534 3094 1906 1925
6508 4 2 0 1 1404 3798 1405 3895
6509 4 2 0 1 3561 186 184 735
6510 4 2 0 1 1586 1348 1350 3334
6511 4 2 0 1 2649 573 1133 3693
6512 4 2 0 1 920 2888 126 2276
6513 4 2 0 1 2752 2286 2753 2492
6514 4 2 0 1 412 411 413 2892
6515 4 2 0 1 3562 628 861 688
6516 4 2 0 1 678 932 982 3894
6517 4 2 0 1 3752 2488 3385 2647
6518 4 2 0 1 2678 298 325 327
6519 4 2 0 1 2920 958 972 647
6520 4 2 0 1 282 2495 759 2485
6521 4 2 0 1 2256 3518 3389 3376
6522 4 2 0 1 3653 3630 2532 3417
6523 4 2 0 1 279 280 278 2934
6524 4 2 0 1 2696 3769 2697 2928
6525 4 2 0 1 1811 3070 3825 1662
6526 4 2 0 1 2531 3416 2672 2904
6527 4 2 0 1 3384 3531 2271 3402
6528 4 2 0 1 1129 419 869 2296
6529 4 2 0 1 678 3894 982 465
6530 4 2 0 1 632 3894 982 932
6531 4 2 0 1 2548 571 144 2779
6532 4 2 0 1 3668 184 2765 181
6533 4 2 0 1 961 3894 3483 632
6534 4 2 0 1 982 465 3894 3920
6535 4 2 0 1 3524 2957 3532 2363
6536 4 2 0 1 1852 3893 3300 2219
6537 4 2 0 1 3887 3507 2845 3285
6538 4 2 0 1 1383 3781 1381 3774
6539 4 2 0 1 3409 3397 2270 3345
6540 4 2 0 1 3893 2219 1653 3300
6541 4 2 0 1 736 3710 2522 2521
6542 4 2 0 1 3893 2219 1815 1653
6543 4 2 0 1 2272 3422 3436 3371
6544 4 2 0 1 2948 2551 731 3710
6545 4 2 0 1 2520 665 2521 757
6546 4 2 0 1 3432 2270 2889 2855
6547 4 2 0 1 3938 3015 3789 3781
6548 4 2 0 1 3271 3270 2198 2963
6549 4 2 0 1 103 2963 2962 62
6550 4 2 0 1 3183 2333 3265 3512
6551 4 2 0 1 3893 1852 1815 2219
6552 4 2 0 1 2661 2842 2892 2662
6553 4 2 0 1 2999 1970 1661 1654
6554 4 2 0 1 1841 1839 3905 3931
6555 4 2 0 1 2805 2262 3413 2270
6556 4 2 0 1 3732 2352 3478 2661
6557 4 2 0 1 288 287 3650 2473
6558 4 2 0 1 885 1061 2875 2656
6559 4 2 0 1 2889 2262 2270 3413
6560 4 2 0 1 2349 3440 3439 3882
6561 4 2 0 1 986 2983 2306 234
6562 4 2 0 1 1061 885 2875 165
6563 4 2 0 1 3278 1772 1784 3785
6564 4 2 0 1 3233 1806 3246 3685
6565 4 2 0 1 1233 1817 2161 3892
6566 4 2 0 1 1709 1729 3904 2148
6567 4 2 0 1 3861 1733 3533 2924
6568 4 2 0 1 3704 2789 2791 3741
6569 4 2 0 1 1167 2866 1345 1884
6570 4 2 0 1 2381 2279 3431 2911
6571 4 2 0 1 2818 3491 2897 3756
6572 4 2 0 1 2889 2510 2745 2856
6573 4 2 0 1 2939 722 247 253
6574 4 2 0 1 2897 23 3522 3524
6575 4 2 0 1 2941 3417 3726 3653
6576 4 2 0 1 2528 2725 2625 2303
6577 4 2 0 1 768 2534 374 373
6578 4 2 0 1 1817 3892 1238 1818
6579 4 2 0 1 2842 2357 2661 965
6580 4 2 0 1 2800 2307 3407 3625
6581 4 2 0 1 662 2480 438 663
6582 4 2 0 1 2467 2471 2465 3592
6583 4 2 0 1 23 2957 3524 2897
6584 4 2 0 1 3396 3423 3403 3397
6585 4 2 0 1 3696 3760 2481 2760
6586 4 2 0 1 3800 3902 3936 1876
6587 4 2 0 1 2704 28 3324 206
6588 4 2 0 1 1393 1522 1380 3774
6589 4 2 0 1 208 1090 963 2966
6590 4 2 0 1 2381 2911 3853 3429
6591 4 2 0 1 402 2432 364 1130
6592 4 2 0 1 2773 2445 2444 2448
6593 4 2 0 1 2642 2504 3466 2340
6594 4 2 0 1 2816 2291 2752 2660
6595 4 2 0 1 2722 2747 2278 3677
6596 4 2 0 1 2233 3891 2161 1361
6597 4 2 0 1 3213 1981 2205 3299
6598 4 2 0 1 15 16 2560 1166
6599 4 2 0 1 2006 3891 1337 1612
6600 4 2 0 1 2271 3529 2548 2550
6601 4 2 0 1 3531 3346 2271 3402
6602 4 2 0 1 2445 3571 2943 2917
6603 4 2 0 1 764 2572 1070 523
6604 4 2 0 1 3890 678 932 262
6605 4 2 0 1 3117 1247 1243 1245
6606 4 2 0 1 2967 577 669 85
6607 4 2 0 1 2967 577 1062 669
6608 4 2 0 1 2446 1176 2449 2917
6609 4 2 0 1 1245 3117 1241 1243
6610 4 2 0 1 2741 2735 2738 2309
6611 4 2 0 1 3776 1259 3782 3223
6612 4 2 0 1 3099 1365 3758 2828
6613 4 2 0 1 3130 1621 1553 1917
6614 4 2 0 1 1552 1583 1716 3266
6615 4 2 0 1 3743 1547 2791 1546
6616 4 2 0 1 3784 1228 3777 1229
6617 4 2 0 1 3919 3278 3013 3785
6618 4 2 0 1 3182 3184 3183 3828
6619 4 2 0 1 3774 1379 1381 1380
6620 4 2 0 1 3109 3052 3040 2610
6621 4 2 0 1 3825 3823 3078 3073
6622 4 2 0 1 3025 1544 2046 1546
6623 4 2 0 1 3140 1459 1462 1463
6624 4 2 0 1 2309 2817 2738 2858
6625 4 2 0 1 3858 1886 3801 3802
6626 4 2 0 1 2309 2817 2858 2734
6627 4 2 0 1 1179 1182 3637 1958
6628 4 2 0 1 3600 829 294 830
6629 4 2 0 1 595 2471 2468 2465
6630 4 2 0 1 3843 3110 3203 2770
6631 4 2 0 1 2403 2404 2721 3720
6632 4 2 0 1 2152 3131 1964 1570
6633 4 2 0 1 1722 3913 2075 3896
6634 4 2 0 1 2396 3251 3179 3144
6635 4 2 0 1 1482 1487 3331 3090
6636 4 2 0 1 3158 3183 3828 3182
6637 4 2 0 1 1231 3923 1235 1234
6638 4 2 0 1 1693 1695 3151 1997
6639 4 2 0 1 3060 3326 2372 2959
6640 4 2 0 1 3348 3349 3361 2733
6641 4 2 0 1 2935 309 935 308
6642 4 2 0 1 2710 2867 2711 3649
6643 4 2 0 1 3701 1102 2922 2901
6644 4 2 0 1 3074 1262 1265 3068
6645 4 2 0 1 3109 2040 3052 1939
6646 4 2 0 1 2953 2803 2754 2429
6647 4 2 0 1 2229 1728 2015 3063
6648 4 2 0 1 3112 1939 3052 3319
6649 4 2 0 1 2012 1412 3901 1410
6650 4 2 0 1 3112 3052 1939 3109
6651 4 2 0 1 1435 2450 1950 1433
6652 4 2 0 1 2369 3264 3757 2372
6653 4 2 0 1 1445 3078 1433 3838
6654 4 2 0 1 2309 2817 2734 2735
6655 4 2 0 1 2249 1897 2225 2449
6656 4 2 0 1 2155 3788 1692 2095
6657 4 2 0 1 3659 3846 2580 3036
6658 4 2 0 1 2370 3755 3757 2369
6659 4 2 0 1 3167 3829 3218 1961
6660 4 2 0 1 1465 3685 1463 3848
6661 4 2 0 1 1961 3169 3205 3167
6662 4 2 0 1 2079 3294 1542 2078
6663 4 2 0 1 2613 620 2715 3455
6664 4 2 0 1 3128 3224 1810 3255
6665 4 2 0 1 1577 1915 3289 1919
6666 4 2 0 1 3310 2135 2195 1513
6667 4 2 0 1 1500 2900 3109 1502
6668 4 2 0 1 2900 2067 1707 1972
6669 4 2 0 1 3762 3761 2852 2853
6670 4 2 0 1 3685 3146 3848 1465
6671 4 2 0 1 524 980 778 3889
6672 4 2 0 1 524 778 2376 3889
6673 4 2 0 1 70 2910 917 69
6674 4 2 0 1 2479 2426 2432 2434
6675 4 2 0 1 1531 1530 3276 2044
6676 4 2 0 1 1596 2900 1707 1972
6677 4 2 0 1 3684 2637 3558 3246
6678 4 2 0 1 2622 1984 1983 2579
6679 4 2 0 1 2579 1837 3733 2585
6680 4 2 0 1 2579 1837 2585 1441
6681 4 2 0 1 2637 1732 3558 3246
6682 4 2 0 1 3764 2852 3762 3761
6683 4 2 0 1 901 2881 449 676
6684 4 2 0 1 1814 2059 1813 3826
6685 4 2 0 1 2579 1837 1441 1983
6686 4 2 0 1 3250 3826 1814 1812
6687 4 2 0 1 2023 2989 1351 2608
6688 4 2 0 1 3633 2542 966 1059
6689 4 2 0 1 1992 3820 1994 3819
6690 4 2 0 1 1059 3633 548 966
6691 4 2 0 1 1987 1671 2121 3273
6692 4 2 0 1 2364 2766 2365 3532
6693 4 2 0 1 3067 3304 3310 3066
6694 4 2 0 1 1998 3909 3820 2004
6695 4 2 0 1 3216 3510 3285 2845
6696 4 2 0 1 3867 3215 3032 3214
6697 4 2 0 1 3247 3035 3805 3806
6698 4 2 0 1 1583 2026 1716 3266
6699 4 2 0 1 2920 958 647 874
6700 4 2 0 1 2910 994 2456 71
6701 4 2 0 1 2319 2867 2710 2563
6702 4 2 0 1 3088 3086 3183 3512
6703 4 2 0 1 2564 2937 2814 3350
6704 4 2 0 1 10 3672 1705 11
6705 4 2 0 1 2358 2295 2841 2737
6706 4 2 0 1 3525 506 891 3597
6707 4 2 0 1 3709 2714 2521 2515
6708 4 2 0 1 3107 3049 3257 2610
6709 4 2 0 1 2360 2358 2357 2295
6710 4 2 0 1 2831 2643 3374 2877
6711 4 2 0 1 2830 2760 2831 2484
6712 4 2 0 1 2782 2321 2732 2470
6713 4 2 0 1 3153 2246 2005 3297
6714 4 2 0 1 2644 1126 910 629
6715 4 2 0 1 2856 2654 3612 2745
6716 4 2 0 1 2067 2853 3762 2900
6717 4 2 0 1 3762 2609 2852 2851
6718 4 2 0 1 1681 3295 1680 2912
6719 4 2 0 1 3675 2277 2278 2615
6720 4 2 0 1 2795 1792 3314 3136
6721 4 2 0 1 1410 1409 3901 3021
6722 4 2 0 1 1627 1963 1961 3205
6723 4 2 0 1 3107 3762 2609 2852
6724 4 2 0 1 2333 3887 3084 3504
6725 4 2 0 1 3310 3304 3067 3331
6726 4 2 0 1 1013 2649 721 927
6727 4 2 0 1 2379 2572 913 2575
6728 4 2 0 1 3728 2729 2361 2703
6729 4 2 0 1 1762 3912 1293 1291
6730 4 2 0 1 939 1123 3415 878
6731 4 2 0 1 2520 2865 2669 3753
6732 4 2 0 1 3665 2591 2526 3527
6733 4 2 0 1 657 2547 2931 471
6734 4 2 0 1 3071 3821 3070 3785
6735 4 2 0 1 3441 3882 3439 3427
6736 4 2 0 1 144 1051 889 2548
6737 4 2 0 1 1663 1812 3826 3825
6738 4 2 0 1 2965 576 668 2933
6739 4 2 0 1 654 2940 833 2570
6740 4 2 0 1 2722 370 369 2882
6741 4 2 0 1 854 2360 1153 839
6742 4 2 0 1 708 705 2681 824
6743 4 2 0 1 3072 1533 3825 3078
6744 4 2 0 1 3508 2794 3746 2331
6745 4 2 0 1 3067 3554 3212 3090
6746 4 2 0 1 2591 2764 3665 3526
6747 4 2 0 1 3754 2519 2840 2730
6748 4 2 0 1 3199 3065 3818 3817
6749 4 2 0 1 1175 1177 49 2050
6750 4 2 0 1 3213 1178 1777 2162
6751 4 2 0 1 3648 2322 3347 3495
6752 4 2 0 1 2562 2518 3730 2464
6753 4 2 0 1 1177 3939 49 2090
6754 4 2 0 1 3874 3345 3368 3413
6755 4 2 0 1 3849 1847 1490 1846
6756 4 2 0 1 3528 722 267 247
6757 4 2 0 1 716 756 2933 603
6758 4 2 0 1 2935 2990 2439 2991
6759 4 2 0 1 202 3562 732 733
6760 4 2 0 1 3177 3867 3032 3214
6761 4 2 0 1 1849 3316 2038 1846
6762 4 2 0 1 521 2572 88 876
6763 4 2 0 1 1293 3912 1762 3804
6764 4 2 0 1 1358 3273 2231 2049
6765 4 2 0 1 2037 3316 2038 2107
6766 4 2 0 1 3076 3908 2049 3273
6767 4 2 0 1 747 618 2715 621
6768 4 2 0 1 1358 2234 3273 2049
6769 4 2 0 1 3941 48 49 2090
6770 4 2 0 1 3296 2367 2366 3533
6771 4 2 0 1 2452 2433 2451 3572
6772 4 2 0 1 2944 2451 2433 3572
6773 4 2 0 1 3914 2001 3243 1899
6774 4 2 0 1 906 2502 844 921
6775 4 2 0 1 3094 3091 3093 1905
6776 4 2 0 1 3041 1641 3319 3052
6777 4 2 0 1 1922 2770 1882 1923
6778 4 2 0 1 323 334 3710 322
6779 4 2 0 1 3113 2047 2167 1644
6780 4 2 0 1 2870 3266 3645 3277
6781 4 2 0 1 2552 2555 2559 2669
6782 4 2 0 1 639 590 2766 865
6783 4 2 0 1 2371 2370 2326 2373
6784 4 2 0 1 3589 967 511 2972
6785 4 2 0 1 1352 1823 3535 1645
6786 4 2 0 1 1246 3061 3812 3814
6787 4 2 0 1 3187 3112 3319 3294
6788 4 2 0 1 1847 3094 1906 3849
6789 4 2 0 1 3672 2014 1705 11
6790 4 2 0 1 3788 3792 1692 3790
6791 4 2 0 1 1147 2990 1108 2955
6792 4 2 0 1 1771 1976 2082 2899
6793 4 2 0 1 3132 3761 3763 3131
6794 4 2 0 1 3091 1905 1906 2021
6795 4 2 0 1 2872 799 948 2475
6796 4 2 0 1 2899 1824 1645 3535
6797 4 2 0 1 3802 3027 3031 3803
6798 4 2 0 1 3800 3900 1297 1299
6799 4 2 0 1 3723 2995 3724 2547
6800 4 2 0 1 2728 2995 3723 2726
6801 4 2 0 1 934 1057 676 2459
6802 4 2 0 1 109 2507 100 110
6803 4 2 0 1 1552 1717 3299 3266
6804 4 2 0 1 3241 2905 2394 3682
6805 4 2 0 1 3766 2868 2320 3267
6806 4 2 0 1 3767 3644 2868 3267
6807 4 2 0 1 3654 2932 833 2571
6808 4 2 0 1 3236 2905 3241 3556
6809 4 2 0 1 1022 3689 602 801
6810 4 2 0 1 2484 442 441 445
6811 4 2 0 1 390 986 2306 234
6812 4 2 0 1 2647 830 2298 3600
6813 4 2 0 1 353 838 2706 324
6814 4 2 0 1 3157 3035 3806 3153
6815 4 2 0 1 2647 830 3600 294
6816 4 2 0 1 1938 3064 3223 2054
6817 4 2 0 1 1293 3912 1292 1291
6818 4 2 0 1 771 914 2429 302
6819 4 2 0 1 1368 1624 2170 3305
6820 4 2 0 1 3096 3835 2313 3228
6821 4 2 0 1 3833 1723 1366 1623
6822 4 2 0 1 2144 2105 36 2827
6823 4 2 0 1 2047 1673 3113 2104
6824 4 2 0 1 2194 1668 3203 1928
6825 4 2 0 1 2448 2445 2444 3572
6826 4 2 0 1 796 408 740 2451
6827 4 2 0 1 3907 2946 972 46
6828 4 2 0 1 2789 3742 1548 1872
6829 4 2 0 1 2577 2578 3337 2584
6830 4 2 0 1 2637 2906 3683 3684
6831 4 2 0 1 1928 3110 3203 3124
6832 4 2 0 1 2758 3337 3657 2578
6833 4 2 0 1 2577 2578 2584 2576
6834 4 2 0 1 2578 2583 3337 3657
6835 4 2 0 1 3798 1408 1411 3021
6836 4 2 0 1 1920 3914 1898 1973
6837 4 2 0 1 1920 1898 3914 3243
6838 4 2 0 1 114 2654 3676 834
6839 4 2 0 1 112 177 1141 2513
6840 4 2 0 1 3289 1668 3203 2194
6841 4 2 0 1 3102 3014 3011 1422
6842 4 2 0 1 2268 2378 2672 2649
6843 4 2 0 1 2443 2536 790 2438
6844 4 2 0 1 2944 552 1094 2946
6845 4 2 0 1 2737 410 2895 409
6846 4 2 0 1 2444 3572 2433 2421
6847 4 2 0 1 1016 906 3565 3566
6848 4 2 0 1 113 2620 811 115
6849 4 2 0 1 3694 3655 2659 2622
6850 4 2 0 1 1586 3334 1678 1348
6851 4 2 0 1 3914 1899 3243 1898
6852 4 2 0 1 2910 917 2508 95
6853 4 2 0 1 449 3674 676 2881
6854 4 2 0 1 1512 3322 3274 3237
6855 4 2 0 1 920 121 1067 2617
6856 4 2 0 1 3914 2001 2116 1177
6857 4 2 0 1 128 131 2888 613
6858 4 2 0 1 2341 2849 2780 2781
6859 4 2 0 1 2589 2656 2639 3669
6860 4 2 0 1 2973 2744 931 2508
6861 4 2 0 1 2672 3343 3410 2268
6862 4 2 0 1 3766 3767 2868 3267
6863 4 2 0 1 2153 1581 2786 2228
6864 4 2 0 1 1621 1581 1810 3128
6865 4 2 0 1 3820 3921 3819 1306
6866 4 2 0 1 2781 2341 2782 2787
6867 4 2 0 1 155 2639 3598 2477
6868 4 2 0 1 1581 2786 2228 3128
6869 4 2 0 1 2266 3628 2799 3406
6870 4 2 0 1 2990 1108 311 1039
6871 4 2 0 1 634 157 2477 160
6872 4 2 0 1 3169 3184 3828 3183
6873 4 2 0 1 2362 2271 2821 3531
6874 4 2 0 1 3184 3169 3057 3170
6875 4 2 0 1 2680 3769 2679 2678
6876 4 2 0 1 2851 3672 2606 3764
6877 4 2 0 1 3679 3442 3569 2629
6878 4 2 0 1 1093 133 806 3724
6879 4 2 0 1 2888 128 2931 2621
6880 4 2 0 1 3839 2609 2796 2776
6881 4 2 0 1 1517 3946 2118 1520
6882 4 2 0 1 199 1096 2412 688
6883 4 2 0 1 2657 3561 2765 3668
6884 4 2 0 1 2389 386 420 388
6885 4 2 0 1 2702 3561 3560 2657
6886 4 2 0 1 2852 2851 2606 3764
6887 4 2 0 1 2247 2912 1832 1681
6888 4 2 0 1 1768 1767 1766 2796
6889 4 2 0 1 2852 2606 2607 3764
6890 4 2 0 1 3839 1768 2609 2900
6891 4 2 0 1 2997 3091 3090 2137
6892 4 2 0 1 3839 1768 2900 1766
6893 4 2 0 1 3839 1768 1766 2796
6894 4 2 0 1 3724 132 134 2257
6895 4 2 0 1 3839 1768 2796 2609
6896 4 2 0 1 2929 2382 2670 3545
6897 4 2 0 1 914 2631 450 3681
6898 4 2 0 1 2670 852 2929 3545
6899 4 2 0 1 228 2774 2631 302
6900 4 2 0 1 2631 914 302 2429
6901 4 2 0 1 793 2977 2311 2804
6902 4 2 0 1 2420 43 2422 3245
6903 4 2 0 1 2501 494 497 725
6904 4 2 0 1 2310 2983 3528 2981
6905 4 2 0 1 2451 2433 2452 2432
6906 4 2 0 1 1281 1282 3120 3519
6907 4 2 0 1 1168 1805 2191 3245
6908 4 2 0 1 2421 2452 2433 2432
6909 4 2 0 1 3442 2439 2540 2442
6910 4 2 0 1 3478 893 1025 753
6911 4 2 0 1 2421 2433 2452 3572
6912 4 2 0 1 3440 3438 3420 2724
6913 4 2 0 1 2451 666 2944 2433
6914 4 2 0 1 3410 3409 3343 2673
6915 4 2 0 1 3525 506 442 484
6916 4 2 0 1 3600 294 801 2647
6917 4 2 0 1 2982 969 3697 630
6918 4 2 0 1 3401 3419 3382 3380
6919 4 2 0 1 2634 2503 2635 2505
6920 4 2 0 1 642 807 3623 2884
6921 4 2 0 1 3202 2125 1936 2052
6922 4 2 0 1 3354 2867 3871 3649
6923 4 2 0 1 2471 701 595 3585
6924 4 2 0 1 2284 2549 3529 2550
6925 4 2 0 1 1292 3912 1293 3804
6926 4 2 0 1 2280 2407 3323 3452
6927 4 2 0 1 2713 3719 2947 3400
6928 4 2 0 1 3709 323 3710 322
6929 4 2 0 1 3881 3404 2904 3346
6930 4 2 0 1 2390 2437 2441 3570
6931 4 2 0 1 241 244 2951 1080
6932 4 2 0 1 2803 2429 2632 2754
6933 4 2 0 1 3284 3921 1947 1307
6934 4 2 0 1 271 2438 270 2440
6935 4 2 0 1 3335 1343 3311 1154
6936 4 2 0 1 1147 2990 2955 2436
6937 4 2 0 1 606 898 2436 935
6938 4 2 0 1 541 546 550 3687
6939 4 2 0 1 3525 2830 3597 2831
6940 4 2 0 1 3251 3451 3447 3551
6941 4 2 0 1 442 445 3525 484
6942 4 2 0 1 3704 1927 2789 3249
6943 4 2 0 1 1927 2177 2238 3249
6944 4 2 0 1 2522 2255 2600 2716
6945 4 2 0 1 3373 3404 3406 3387
6946 4 2 0 1 2238 2177 1548 3249
6947 4 2 0 1 329 736 757 2521
6948 4 2 0 1 1247 1248 3780 1252
6949 4 2 0 1 1281 3120 1282 1252
6950 4 2 0 1 2779 144 143 145
6951 4 2 0 1 2840 2461 2545 3634
6952 4 2 0 1 1252 1247 3120 3780
6953 4 2 0 1 2830 3525 506 442
6954 4 2 0 1 2529 3625 2535 2534
6955 4 2 0 1 631 2930 630 281
6956 4 2 0 1 2535 2529 607 2942
6957 4 2 0 1 2798 2535 3749 2942
6958 4 2 0 1 3473 275 274 3475
6959 4 2 0 1 3471 3390 3606 3392
6960 4 2 0 1 794 851 3698 3595
6961 4 2 0 1 2449 2833 2446 2447
6962 4 2 0 1 3772 3773 2945 2773
6963 4 2 0 1 1794 2446 2449 2203
6964 4 2 0 1 3422 3754 3371 3423
6965 4 2 0 1 708 2681 704 786
6966 4 2 0 1 2974 2696 845 3698
6967 4 2 0 1 2249 1794 2449 2203
6968 4 2 0 1 1795 2249 2449 2203
6969 4 2 0 1 2755 2738 2662 2753
6970 4 2 0 1 1542 3319 2214 1939
6971 4 2 0 1 3319 1748 2214 1939
6972 4 2 0 1 846 387 2590 558
6973 4 2 0 1 892 951 611 2765
6974 4 2 0 1 2450 1800 1950 2225
6975 4 2 0 1 2411 813 627 988
6976 4 2 0 1 3528 1064 2981 682
6977 4 2 0 1 2949 2774 2359 2631
6978 4 2 0 1 364 2920 355 1130
6979 4 2 0 1 1999 1643 2449 2945
6980 4 2 0 1 1643 2450 1950 2225
6981 4 2 0 1 1140 101 2962 2929
6982 4 2 0 1 3749 2890 457 2535
6983 4 2 0 1 3632 2531 2570 2537
6984 4 2 0 1 2964 3543 1073 2878
6985 4 2 0 1 2765 3560 2411 188
6986 4 2 0 1 2435 315 333 314
6987 4 2 0 1 49 46 1175 2050
6988 4 2 0 1 3819 3921 3820 3287
6989 4 2 0 1 2776 2770 2611 2796
6990 4 2 0 1 2935 310 451 313
6991 4 2 0 1 2932 533 534 927
6992 4 2 0 1 3491 3756 2371 2899
6993 4 2 0 1 3491 2371 3756 3757
6994 4 2 0 1 2930 851 2675 2297
6995 4 2 0 1 2754 2359 2429 2632
6996 4 2 0 1 1811 3070 1662 2027
6997 4 2 0 1 3185 1614 2912 3556
6998 4 2 0 1 624 2715 2717 3722
6999 4 2 0 1 2366 3533 2100 3296
7000 4 2 0 1 571 2887 866 867
7001 4 2 0 1 2100 3533 2366 3309
7002 4 2 0 1 1292 3912 1289 1291
7003 4 2 0 1 2996 942 2677 2880
7004 4 2 0 1 2748 3731 2283 3459
7005 4 2 0 1 971 3328 100 467
7006 4 2 0 1 2969 338 731 2599
7007 4 2 0 1 1616 3185 1614 2912
7008 4 2 0 1 1614 3241 2912 3556
7009 4 2 0 1 1827 3912 1292 3804
7010 4 2 0 1 3946 3820 3066 3819
7011 4 2 0 1 2969 393 911 341
7012 4 2 0 1 2950 2398 2402 2405
7013 4 2 0 1 120 2276 2617 121
7014 4 2 0 1 2992 2950 3578 2402
7015 4 2 0 1 802 2778 1010 867
7016 4 2 0 1 3531 2350 3402 3384
7017 4 2 0 1 891 1104 2348 3597
7018 4 2 0 1 2546 2846 3706 292
7019 4 2 0 1 2258 2969 1026 2549
7020 4 2 0 1 1063 2695 937 830
7021 4 2 0 1 3582 770 2903 859
7022 4 2 0 1 155 3598 1135 2477
7023 4 2 0 1 1993 3820 3946 3819
7024 4 2 0 1 497 2634 2501 3695
7025 4 2 0 1 1090 788 728 2384
7026 4 2 0 1 3812 1336 1824 1912
7027 4 2 0 1 3355 2937 3350 3425
7028 4 2 0 1 2549 848 1026 2258
7029 4 2 0 1 3418 3628 2673 2535
7030 4 2 0 1 1993 3820 3819 1994
7031 4 2 0 1 1659 3908 1657 3293
7032 4 2 0 1 480 2572 3270 88
7033 4 2 0 1 3513 3500 3326 2372
7034 4 2 0 1 2583 2577 3424 3543
7035 4 2 0 1 3881 2941 2269 2904
7036 4 2 0 1 3654 2932 2571 2650
7037 4 2 0 1 3676 3693 2854 2653
7038 4 2 0 1 2645 2646 2484 2298
7039 4 2 0 1 2378 533 2655 2649
7040 4 2 0 1 521 2379 523 522
7041 4 2 0 1 3529 2258 3530 2549
7042 4 2 0 1 2923 3196 3200 3098
7043 4 2 0 1 3770 2290 3471 3390
7044 4 2 0 1 139 3530 1051 3729
7045 4 2 0 1 989 648 313 2435
7046 4 2 0 1 139 137 999 3530
7047 4 2 0 1 3200 2923 3533 2367
7048 4 2 0 1 2591 2590 2526 3527
7049 4 2 0 1 3736 3593 2750 2706
7050 4 2 0 1 2591 2526 2590 2389
7051 4 2 0 1 708 983 2681 786
7052 4 2 0 1 2571 3692 3693 2651
7053 4 2 0 1 2672 2649 2650 2268
7054 4 2 0 1 535 3633 536 538
7055 4 2 0 1 3121 3120 1282 3519
7056 4 2 0 1 657 714 2547 471
7057 4 2 0 1 2379 686 104 2376
7058 4 2 0 1 351 3673 2283 822
7059 4 2 0 1 2268 2378 2670 2672
7060 4 2 0 1 573 2375 3693 2649
7061 4 2 0 1 3890 235 570 262
7062 4 2 0 1 3920 3483 632 566
7063 4 2 0 1 2939 242 3528 2951
7064 4 2 0 1 3728 2703 2361 2728
7065 4 2 0 1 3200 2367 2640 3196
7066 4 2 0 1 2804 2310 2359 3482
7067 4 2 0 1 3186 2401 3036 3556
7068 4 2 0 1 2281 2400 2718 2926
7069 4 2 0 1 2611 1887 2405 2605
7070 4 2 0 1 2900 2067 1543 1707
7071 4 2 0 1 2911 3260 3574 3323
7072 4 2 0 1 2290 3471 2492 3470
7073 4 2 0 1 3128 2836 3864 3844
7074 4 2 0 1 3625 2539 2529 2307
7075 4 2 0 1 3440 3882 2832 2809
7076 4 2 0 1 1811 3070 2027 2024
7077 4 2 0 1 423 422 3569 421
7078 4 2 0 1 2474 2589 3667 3666
7079 4 2 0 1 2644 488 3688 3601
7080 4 2 0 1 173 3664 871 3667
7081 4 2 0 1 2645 3760 2762 3696
7082 4 2 0 1 2290 3471 3470 3378
7083 4 2 0 1 337 340 2600 339
7084 4 2 0 1 3770 3471 2290 3378
7085 4 2 0 1 2362 3728 2877 2548
7086 4 2 0 1 2844 2815 3641 2563
7087 4 2 0 1 2840 3580 2461 3634
7088 4 2 0 1 2468 2471 2462 2802
7089 4 2 0 1 2301 667 2300 493
7090 4 2 0 1 2301 667 493 955
7091 4 2 0 1 494 2501 493 495
7092 4 2 0 1 2300 2501 2301 493
7093 4 2 0 1 2773 2445 2448 3122
7094 4 2 0 1 2779 144 2548 3728
7095 4 2 0 1 657 179 471 2931
7096 4 2 0 1 3723 2269 2812 2916
7097 4 2 0 1 656 3676 2654 834
7098 4 2 0 1 1174 3308 2514 3549
7099 4 2 0 1 3227 2449 3122 2447
7100 4 2 0 1 3122 3227 3292 2312
7101 4 2 0 1 3407 2539 3625 2307
7102 4 2 0 1 3407 2539 2724 3420
7103 4 2 0 1 2360 2358 2295 2841
7104 4 2 0 1 3427 2362 2877 2821
7105 4 2 0 1 2360 2358 2841 773
7106 4 2 0 1 773 2358 2841 2737
7107 4 2 0 1 3227 3232 3292 2312
7108 4 2 0 1 2542 564 540 966
7109 4 2 0 1 2933 2538 3687 2629
7110 4 2 0 1 808 807 2884 1144
7111 4 2 0 1 3296 2827 2145 2388
7112 4 2 0 1 2957 2818 2958 3521
7113 4 2 0 1 2632 2928 2289 2633
7114 4 2 0 1 2764 2876 2656 3669
7115 4 2 0 1 3296 2145 2827 2248
7116 4 2 0 1 1541 2235 1466 3246
7117 4 2 0 1 882 2391 3570 2390
7118 4 2 0 1 2506 2986 2424 2417
7119 4 2 0 1 2709 2707 3716 3197
7120 4 2 0 1 2707 2866 3197 2323
7121 4 2 0 1 530 532 531 3906
7122 4 2 0 1 2351 2763 2413 2590
7123 4 2 0 1 1566 2034 3153 1724
7124 4 2 0 1 609 947 1053 2954
7125 4 2 0 1 3206 3009 3013 3786
7126 4 2 0 1 2549 392 454 443
7127 4 2 0 1 1181 3718 1179 1182
7128 4 2 0 1 2555 2552 2668 2669
7129 4 2 0 1 3296 2367 3533 2923
7130 4 2 0 1 3158 3033 3188 3247
7131 4 2 0 1 3188 3867 3866 3154
7132 4 2 0 1 3496 2818 3491 3494
7133 4 2 0 1 2334 3188 3265 3866
7134 4 2 0 1 3739 2345 2838 2850
7135 4 2 0 1 3919 3785 1774 1630
7136 4 2 0 1 3817 3198 2320 2708
7137 4 2 0 1 2554 18 2553 3716
7138 4 2 0 1 3709 323 322 321
7139 4 2 0 1 3582 3584 2936 2731
7140 4 2 0 1 3127 2838 3208 3739
7141 4 2 0 1 3785 1773 1630 1772
7142 4 2 0 1 2345 2837 2838 3520
7143 4 2 0 1 116 2620 117 3676
7144 4 2 0 1 1107 626 2918 670
7145 4 2 0 1 1116 3631 2965 415
7146 4 2 0 1 2435 2935 312 314
7147 4 2 0 1 3740 3194 2338 2885
7148 4 2 0 1 3739 3129 3740 2885
7149 4 2 0 1 1159 2138 2786 1872
7150 4 2 0 1 2758 3337 2578 2584
7151 4 2 0 1 3616 2113 2114 3233
7152 4 2 0 1 2838 3208 3739 2850
7153 4 2 0 1 3493 2937 2732 2317
7154 4 2 0 1 1607 3741 2791 2789
7155 4 2 0 1 2460 2747 3677 2512
7156 4 2 0 1 805 2390 397 395
7157 4 2 0 1 799 2474 162 1124
7158 4 2 0 1 2289 252 251 250
7159 4 2 0 1 2979 824 1139 2949
7160 4 2 0 1 2754 2429 2359 2427
7161 4 2 0 1 2310 2354 3528 2356
7162 4 2 0 1 2776 2609 2775 2602
7163 4 2 0 1 3091 1905 2021 2175
7164 4 2 0 1 3332 3309 2366 3534
7165 4 2 0 1 877 445 578 3601
7166 4 2 0 1 2760 2480 3596 2478
7167 4 2 0 1 2697 3390 3769 3392
7168 4 2 0 1 2982 291 2934 2489
7169 4 2 0 1 871 554 3664 872
7170 4 2 0 1 851 3698 2675 2297
7171 4 2 0 1 2474 472 2526 1050
7172 4 2 0 1 2113 1806 2114 3233
7173 4 2 0 1 3736 2761 2595 2750
7174 4 2 0 1 2482 3441 3599 2483
7175 4 2 0 1 3770 2676 2595 3769
7176 4 2 0 1 3538 3540 2382 2377
7177 4 2 0 1 2589 2639 2656 3664
7178 4 2 0 1 2235 1806 3246 1732
7179 4 2 0 1 574 2706 945 2872
7180 4 2 0 1 3424 2878 2690 3701
7181 4 2 0 1 2479 430 404 401
7182 4 2 0 1 322 3710 3709 2597
7183 4 2 0 1 3091 1905 2175 3093
7184 4 2 0 1 1906 3091 2021 1851
7185 4 2 0 1 2504 3517 3464 2896
7186 4 2 0 1 2682 2767 2288 2302
7187 4 2 0 1 3096 3099 3204 2828
7188 4 2 0 1 2388 85 2907 1120
7189 4 2 0 1 577 34 2388 33
7190 4 2 0 1 2967 577 2388 33
7191 4 2 0 1 115 2620 1128 916
7192 4 2 0 1 2682 2288 2767 2801
7193 4 2 0 1 1805 3307 2191 3245
7194 4 2 0 1 499 502 2907 758
7195 4 2 0 1 2509 2622 3283 68
7196 4 2 0 1 2768 2288 2767 2302
7197 4 2 0 1 2349 3599 2476 2832
7198 4 2 0 1 1071 673 286 3591
7199 4 2 0 1 2767 2288 3467 2801
7200 4 2 0 1 2827 35 2145 2388
7201 4 2 0 1 2299 2465 3592 2466
7202 4 2 0 1 3857 3257 3149 3175
7203 4 2 0 1 2826 3096 2908 2828
7204 4 2 0 1 2827 35 2388 36
7205 4 2 0 1 36 2388 2827 2825
7206 4 2 0 1 790 2536 3631 2965
7207 4 2 0 1 2295 2421 2432 2452
7208 4 2 0 1 3077 3011 3071 3824
7209 4 2 0 1 223 2977 793 2804
7210 4 2 0 1 3483 2977 1049 2984
7211 4 2 0 1 3374 2646 2832 2808
7212 4 2 0 1 2967 2505 2388 2907
7213 4 2 0 1 3386 3381 2350 3387
7214 4 2 0 1 3857 3051 3257 3049
7215 4 2 0 1 3882 2349 3441 3439
7216 4 2 0 1 1974 3941 48 2030
7217 4 2 0 1 2952 2939 2356 2951
7218 4 2 0 1 964 599 2981 1064
7219 4 2 0 1 837 3609 589 996
7220 4 2 0 1 3612 2507 203 2513
7221 4 2 0 1 2910 994 71 95
7222 4 2 0 1 3283 106 97 105
7223 4 2 0 1 2857 428 610 448
7224 4 2 0 1 2618 2856 2262 2619
7225 4 2 0 1 2404 3720 2717 2281
7226 4 2 0 1 2947 2713 2598 2271
7227 4 2 0 1 2941 3726 3411 3727
7228 4 2 0 1 2969 338 911 731
7229 4 2 0 1 3723 2269 2916 2728
7230 4 2 0 1 3875 2259 2947 3395
7231 4 2 0 1 3483 2977 2984 2427
7232 4 2 0 1 249 983 2681 896
7233 4 2 0 1 3070 3073 3823 3825
7234 4 2 0 1 2605 7 1854 6
7235 4 2 0 1 2721 2395 3671 2921
7236 4 2 0 1 2828 3485 3096 3099
7237 4 2 0 1 298 2678 325 324
7238 4 2 0 1 3736 367 416 2706
7239 4 2 0 1 2769 2400 2399 3452
7240 4 2 0 1 61 1154 3335 2181
7241 4 2 0 1 3907 958 3927 47
7242 4 2 0 1 2896 3464 3465 2849
7243 4 2 0 1 1974 48 3941 2090
7244 4 2 0 1 3322 1495 1494 2186
7245 4 2 0 1 3068 1260 3074 1262
7246 4 2 0 1 2427 3482 2804 2359
7247 4 2 0 1 3124 2104 3110 3113
7248 4 2 0 1 720 2651 2571 3693
7249 4 2 0 1 2573 3656 2575 2374
7250 4 2 0 1 2421 2497 2434 3472
7251 4 2 0 1 1894 1720 2099 3861
7252 4 2 0 1 2499 2807 2633 2705
7253 4 2 0 1 2256 3471 3389 3385
7254 4 2 0 1 2903 2846 1150 2543
7255 4 2 0 1 3540 3538 2379 3539
7256 4 2 0 1 1220 1232 3318 3218
7257 4 2 0 1 716 1008 2436 960
7258 4 2 0 1 2986 3290 843 2419
7259 4 2 0 1 1941 1467 3684 1493
7260 4 2 0 1 2748 2749 3459 2285
7261 4 2 0 1 2496 3565 3472 2434
7262 4 2 0 1 2531 2530 3632 2655
7263 4 2 0 1 2419 2448 2421 2417
7264 4 2 0 1 1077 200 201 3652
7265 4 2 0 1 2295 2421 2452 2497
7266 4 2 0 1 733 2726 3562 732
7267 4 2 0 1 2497 2434 3564 2953
7268 4 2 0 1 180 2587 3668 3664
7269 4 2 0 1 433 417 2481 3595
7270 4 2 0 1 2419 2448 2417 2418
7271 4 2 0 1 22 21 3197 2323
7272 4 2 0 1 2953 2497 2434 2295
7273 4 2 0 1 2520 3621 3753 2669
7274 4 2 0 1 2870 3239 3645 3266
7275 4 2 0 1 2710 2564 2711 2254
7276 4 2 0 1 2305 2417 2421 2448
7277 4 2 0 1 392 376 2948 361
7278 4 2 0 1 305 293 3706 825
7279 4 2 0 1 2385 3609 589 2768
7280 4 2 0 1 1005 444 2887 557
7281 4 2 0 1 3193 3829 3057 3828
7282 4 2 0 1 284 2473 3591 2847
7283 4 2 0 1 3373 3404 3387 3402
7284 4 2 0 1 3056 2371 2959 3060
7285 4 2 0 1 2429 772 503 3681
7286 4 2 0 1 456 412 413 2892
7287 4 2 0 1 3602 3475 2486 3473
7288 4 2 0 1 3477 256 2438 2443
7289 4 2 0 1 2734 873 651 860
7290 4 2 0 1 3906 533 2655 2378
7291 4 2 0 1 3442 2439 2442 2591
7292 4 2 0 1 2754 2286 2803 2752
7293 4 2 0 1 2739 940 899 2833
7294 4 2 0 1 650 2922 2901 2873
7295 4 2 0 1 1222 1232 2165 3318
7296 4 2 0 1 2913 3616 2394 3618
7297 4 2 0 1 718 3477 2438 3570
7298 4 2 0 1 3477 256 2443 255
7299 4 2 0 1 3059 3254 3156 3155
7300 4 2 0 1 3226 3863 3221 3222
7301 4 2 0 1 3580 2730 2518 2315
7302 4 2 0 1 2314 2959 3491 3065
7303 4 2 0 1 1591 1217 1590 3082
7304 4 2 0 1 3341 1203 3815 1200
7305 4 2 0 1 3332 1163 2366 3309
7306 4 2 0 1 3227 2743 2837 1798
7307 4 2 0 1 2366 1163 3332 2704
7308 4 2 0 1 3053 3049 3026 3176
7309 4 2 0 1 2448 2445 2447 3122
7310 4 2 0 1 2742 2833 2743 2447
7311 4 2 0 1 3799 1294 1913 1296
7312 4 2 0 1 3158 3247 3059 1901
7313 4 2 0 1 2092 3082 3830 2223
7314 4 2 0 1 3536 2039 3164 1730
7315 4 2 0 1 3815 2017 2096 3156
7316 4 2 0 1 3122 3292 2447 2824
7317 4 2 0 1 3199 3818 3182 3817
7318 4 2 0 1 1214 3081 1216 1213
7319 4 2 0 1 3043 3319 3052 3041
7320 4 2 0 1 1200 3341 1198 3815
7321 4 2 0 1 2334 3869 3866 3265
7322 4 2 0 1 3227 2743 1798 2447
7323 4 2 0 1 10 2141 1705 3672
7324 4 2 0 1 2450 3105 3838 3773
7325 4 2 0 1 2457 2393 3579 2402
7326 4 2 0 1 36 2827 2987 2825
7327 4 2 0 1 2091 1239 1718 3776
7328 4 2 0 1 3000 3783 3777 3117
7329 4 2 0 1 3896 3253 1877 2236
7330 4 2 0 1 3254 1608 3155 3317
7331 4 2 0 1 1859 3935 1814 3250
7332 4 2 0 1 2457 2393 2458 3579
7333 4 2 0 1 1368 3099 1366 3833
7334 4 2 0 1 2460 2975 3578 2894
7335 4 2 0 1 3318 3190 3829 3191
7336 4 2 0 1 2992 2993 3578 2894
7337 4 2 0 1 3873 2960 3360 3362
7338 4 2 0 1 1859 3935 2232 1814
7339 4 2 0 1 1914 2416 2828 2423
7340 4 2 0 1 1834 3932 2178 2234
7341 4 2 0 1 3935 1857 3250 1859
7342 4 2 0 1 3935 1857 2058 3250
7343 4 2 0 1 252 2696 2974 2289
7344 4 2 0 1 806 2995 2547 3724
7345 4 2 0 1 585 2467 589 2768
7346 4 2 0 1 467 483 971 2459
7347 4 2 0 1 3317 3058 3813 3229
7348 4 2 0 1 971 3328 467 2459
7349 4 2 0 1 3227 2837 3255 1956
7350 4 2 0 1 2054 2210 3334 1727
7351 4 2 0 1 1946 1866 1658 3932
7352 4 2 0 1 3824 3071 3070 3785
7353 4 2 0 1 3115 3191 3842 3318
7354 4 2 0 1 43 2422 44 800
7355 4 2 0 1 3010 1603 3786 3209
7356 4 2 0 1 1420 3012 3013 3787
7357 4 2 0 1 1195 3298 3341 3794
7358 4 2 0 1 1993 3820 1994 1949
7359 4 2 0 1 851 431 3595 794
7360 4 2 0 1 367 417 431 3595
7361 4 2 0 1 1754 3811 3310 3287
7362 4 2 0 1 1481 1489 2078 3294
7363 4 2 0 1 1913 3802 3799 3801
7364 4 2 0 1 3788 2155 1708 1427
7365 4 2 0 1 1870 3012 1420 3787
7366 4 2 0 1 3278 3009 3786 3013
7367 4 2 0 1 1402 1403 3895 1399
7368 4 2 0 1 3798 3895 1403 1399
7369 4 2 0 1 851 3698 3595 2675
7370 4 2 0 1 1816 3081 3180 1213
7371 4 2 0 1 3819 3921 3810 1306
7372 4 2 0 1 3074 3822 3823 3068
7373 4 2 0 1 2879 3342 2855 3410
7374 4 2 0 1 3019 3925 1319 1820
7375 4 2 0 1 1269 2373 1331 3795
7376 4 2 0 1 1250 3780 3778 1245
7377 4 2 0 1 2879 2855 3342 2270
7378 4 2 0 1 3800 1297 1296 1298
7379 4 2 0 1 1233 3777 1228 1231
7380 4 2 0 1 2226 3004 1889 1784
7381 4 2 0 1 431 879 3595 432
7382 4 2 0 1 2855 3342 2819 3410
7383 4 2 0 1 1258 1244 1257 3782
7384 4 2 0 1 3281 1572 2189 1977
7385 4 2 0 1 3810 3921 3819 3287
7386 4 2 0 1 2893 2342 2492 3376
7387 4 2 0 1 3376 3468 2871 2807
7388 4 2 0 1 760 771 3566 761
7389 4 2 0 1 3921 1308 3820 3918
7390 4 2 0 1 2286 3461 2928 3460
7391 4 2 0 1 1982 3815 1205 2230
7392 4 2 0 1 3091 1849 2137 1850
7393 4 2 0 1 2247 1457 3768 2912
7394 4 2 0 1 2832 2646 3374 2831
7395 4 2 0 1 3832 1390 1389 1388
7396 4 2 0 1 3544 2577 2578 2583
7397 4 2 0 1 3921 1308 2183 1306
7398 4 2 0 1 3400 2597 2713 2698
7399 4 2 0 1 1801 1578 2786 2153
7400 4 2 0 1 3786 3206 3162 3012
7401 4 2 0 1 3828 2335 3182 3193
7402 4 2 0 1 777 496 2501 492
7403 4 2 0 1 3009 3786 3206 3010
7404 4 2 0 1 1115 2709 514 20
7405 4 2 0 1 3789 3792 3788 3790
7406 4 2 0 1 503 496 498 2501
7407 4 2 0 1 3260 3236 3868 3556
7408 4 2 0 1 191 192 2415 193
7409 4 2 0 1 1680 70 69 2511
7410 4 2 0 1 1423 1420 3012 3014
7411 4 2 0 1 2622 1680 69 2511
7412 4 2 0 1 991 797 940 2736
7413 4 2 0 1 3617 3574 2905 3575
7414 4 2 0 1 1436 3024 3798 3022
7415 4 2 0 1 3836 2423 3735 1370
7416 4 2 0 1 1963 3210 3218 3205
7417 4 2 0 1 2910 2509 2511 2508
7418 4 2 0 1 2622 2509 2511 69
7419 4 2 0 1 2560 2604 2558 3639
7420 4 2 0 1 2701 3368 2523 2874
7421 4 2 0 1 2828 3099 1367 2423
7422 4 2 0 1 3083 3790 1695 3151
7423 4 2 0 1 3711 2714 2521 3709
7424 4 2 0 1 3099 3305 3833 1368
7425 4 2 0 1 40 1819 2202 3290
7426 4 2 0 1 3368 3371 3369 3874
7427 4 2 0 1 3711 2701 2599 3710
7428 4 2 0 1 2990 425 306 2436
7429 4 2 0 1 2061 2999 2252 1944
7430 4 2 0 1 2913 3140 3768 1555
7431 4 2 0 1 2522 3710 336 337
7432 4 2 0 1 2969 338 341 911
7433 4 2 0 1 3087 3281 3205 3168
7434 4 2 0 1 3577 2460 3578 3579
7435 4 2 0 1 308 2436 425 898
7436 4 2 0 1 3237 3203 1769 2770
7437 4 2 0 1 2776 2770 2796 3123
7438 4 2 0 1 2714 3711 2521 2874
7439 4 2 0 1 2880 3415 3459 391
7440 4 2 0 1 1514 3839 2796 3841
7441 4 2 0 1 3631 2542 2532 374
7442 4 2 0 1 3632 2530 2532 374
7443 4 2 0 1 3016 3150 3152 3148
7444 4 2 0 1 2530 2534 2532 374
7445 4 2 0 1 2580 3150 3016 3263
7446 4 2 0 1 3046 3039 3045 3555
7447 4 2 0 1 3829 1212 3190 1219
7448 4 2 0 1 3028 3902 3799 3800
7449 4 2 0 1 3139 3023 3137 3202
7450 4 2 0 1 3358 2463 2840 3634
7451 4 2 0 1 3253 3896 1585 2075
7452 4 2 0 1 2461 2543 3634 3583
7453 4 2 0 1 2463 3634 2802 2462
7454 4 2 0 1 3202 3023 3137 3024
7455 4 2 0 1 1665 1756 3910 2097
7456 4 2 0 1 2351 2763 2848 2588
7457 4 2 0 1 3340 1156 2636 2511
7458 4 2 0 1 3022 3202 3023 3797
7459 4 2 0 1 3202 3023 3797 3125
7460 4 2 0 1 3073 1646 3826 3300
7461 4 2 0 1 3884 3302 3484 2336
7462 4 2 0 1 752 2562 2553 902
7463 4 2 0 1 1803 1801 2786 2153
7464 4 2 0 1 752 2562 902 87
7465 4 2 0 1 1453 3847 1455 3768
7466 4 2 0 1 236 238 2983 237
7467 4 2 0 1 2569 546 2570 2541
7468 4 2 0 1 1578 1547 1801 2786
7469 4 2 0 1 1304 3921 3810 3284
7470 4 2 0 1 635 2569 2570 2568
7471 4 2 0 1 1482 1487 3090 2107
7472 4 2 0 1 1311 1288 3911 1290
7473 4 2 0 1 3799 1349 3804 3802
7474 4 2 0 1 3381 3386 2809 3378
7475 4 2 0 1 2332 2333 3504 3887
7476 4 2 0 1 3386 2350 3381 2809
7477 4 2 0 1 3653 2569 2537 2541
7478 4 2 0 1 3653 2537 2569 3651
7479 4 2 0 1 1583 3806 2034 3153
7480 4 2 0 1 3646 3258 3214 2607
7481 4 2 0 1 1940 1468 3848 3849
7482 4 2 0 1 2554 2868 2553 3638
7483 4 2 0 1 2570 2537 2569 2541
7484 4 2 0 1 2844 2555 3638 3553
7485 4 2 0 1 2554 2552 2560 3638
7486 4 2 0 1 2570 2569 2537 3651
7487 4 2 0 1 1740 1218 3830 1997
7488 4 2 0 1 3716 2319 2867 2707
7489 4 2 0 1 3943 3091 3903 1850
7490 4 2 0 1 1242 3923 3777 1241
7491 4 2 0 1 1259 1258 1257 3782
7492 4 2 0 1 153 2482 3598 154
7493 4 2 0 1 154 2482 3598 2639
7494 4 2 0 1 3164 3098 3121 3861
7495 4 2 0 1 2043 3001 3223 3776
7496 4 2 0 1 2572 2573 2575 2574
7497 4 2 0 1 1354 1332 2373 1331
7498 4 2 0 1 3193 3492 3056 3055
7499 4 2 0 1 1709 3946 1520 2118
7500 4 2 0 1 1131 2482 2639 2875
7501 4 2 0 1 2335 3317 3229 3058
7502 4 2 0 1 1131 2482 2875 152
7503 4 2 0 1 881 556 909 2390
7504 4 2 0 1 3238 3138 3516 3244
7505 4 2 0 1 2573 2574 3283 3655
7506 4 2 0 1 2575 3539 2574 2374
7507 4 2 0 1 3931 3066 3905 2154
7508 4 2 0 1 3516 2339 3138 3137
7509 4 2 0 1 3465 2345 2835 2834
7510 4 2 0 1 3516 3238 3851 3137
7511 4 2 0 1 2581 2583 3337 3424
7512 4 2 0 1 94 2502 2986 681
7513 4 2 0 1 1035 1137 2981 682
7514 4 2 0 1 3010 1603 2033 3786
7515 4 2 0 1 2692 2581 3660 3663
7516 4 2 0 1 2600 2969 338 341
7517 4 2 0 1 2999 2061 2252 1790
7518 4 2 0 1 1277 3073 3826 3250
7519 4 2 0 1 1842 3944 2022 1840
7520 4 2 0 1 3552 2851 2606 2852
7521 4 2 0 1 3945 3018 3253 3794
7522 4 2 0 1 1748 3319 1749 1642
7523 4 2 0 1 1299 1633 2244 3900
7524 4 2 0 1 2095 2072 3790 1694
7525 4 2 0 1 1233 1234 1817 3892
7526 4 2 0 1 2639 2478 2593 2483
7527 4 2 0 1 2832 2761 2750 2476
7528 4 2 0 1 3797 3933 1687 3917
7529 4 2 0 1 3683 3682 3768 3241
7530 4 2 0 1 1638 1640 3037 1639
7531 4 2 0 1 1536 3025 2156 1864
7532 4 2 0 1 2003 3310 3820 3287
7533 4 2 0 1 2609 3107 3108 2900
7534 4 2 0 1 1695 3149 1697 1696
7535 4 2 0 1 3107 3762 2852 2853
7536 4 2 0 1 2745 3432 2889 2855
7537 4 2 0 1 606 960 424 2436
7538 4 2 0 1 2374 2659 3432 2576
7539 4 2 0 1 2745 3432 2855 2374
7540 4 2 0 1 3038 1302 1372 3807
7541 4 2 0 1 2586 799 641 2872
7542 4 2 0 1 1518 2118 3066 2154
7543 4 2 0 1 1796 2833 2740 55
7544 4 2 0 1 3872 3509 2328 3818
7545 4 2 0 1 884 703 3570 2437
7546 4 2 0 1 2822 727 3610 2301
7547 4 2 0 1 40 843 39 3290
7548 4 2 0 1 34 577 2388 85
7549 4 2 0 1 3930 1970 2999 3785
7550 4 2 0 1 2586 799 2872 2475
7551 4 2 0 1 1304 3921 3284 1305
7552 4 2 0 1 2367 2388 2387 2386
7553 4 2 0 1 1157 2611 1854 2605
7554 4 2 0 1 1157 5 2605 6
7555 4 2 0 1 1672 1471 3143 1469
7556 4 2 0 1 3900 1299 1309 1297
7557 4 2 0 1 4 568 2403 93
7558 4 2 0 1 3033 1316 3247 1808
7559 4 2 0 1 3829 1212 3180 3080
7560 4 2 0 1 2402 2405 2399 2407
7561 4 2 0 1 1995 2135 3331 1483
7562 4 2 0 1 2367 2387 2388 2366
7563 4 2 0 1 2608 2612 2989 2611
7564 4 2 0 1 3654 693 2994 2571
7565 4 2 0 1 3061 2373 3217 3020
7566 4 2 0 1 3109 1503 1507 2040
7567 4 2 0 1 124 2276 2931 2994
7568 4 2 0 1 125 123 126 2931
7569 4 2 0 1 2373 3217 3055 3061
7570 4 2 0 1 3303 3908 1659 3293
7571 4 2 0 1 1088 125 2931 124
7572 4 2 0 1 15 1775 1166 2560
7573 4 2 0 1 3908 1987 1659 1866
7574 4 2 0 1 2049 3908 1789 2234
7575 4 2 0 1 3799 3902 3028 3804
7576 4 2 0 1 2943 46 49 2050
7577 4 2 0 1 1562 1561 3243 3240
7578 4 2 0 1 3905 3904 3946 1606
7579 4 2 0 1 940 2742 3573 2833
7580 4 2 0 1 3518 2256 2342 3376
7581 4 2 0 1 3573 1038 940 588
7582 4 2 0 1 541 2933 542 2542
7583 4 2 0 1 3867 3177 3034 3642
7584 4 2 0 1 1603 1710 1601 3209
7585 4 2 0 1 2933 2538 2629 2536
7586 4 2 0 1 997 2428 3566 640
7587 4 2 0 1 3059 1209 1208 3816
7588 4 2 0 1 3886 3184 3488 3181
7589 4 2 0 1 2771 2411 2638 3679
7590 4 2 0 1 2256 3471 3378 3470
7591 4 2 0 1 2967 1101 1062 208
7592 4 2 0 1 551 1066 426 2638
7593 4 2 0 1 3208 3739 2850 2885
7594 4 2 0 1 767 3592 3591 2473
7595 4 2 0 1 2256 3378 3471 3385
7596 4 2 0 1 2934 283 2847 2487
7597 4 2 0 1 1726 3017 1397 1400
7598 4 2 0 1 1606 3928 3946 3905
7599 4 2 0 1 3055 3191 2326 3060
7600 4 2 0 1 673 2495 330 284
7601 4 2 0 1 2496 2772 2425 212
7602 4 2 0 1 3055 2326 3191 3217
7603 4 2 0 1 3650 289 2546 2647
7604 4 2 0 1 3928 1907 1393 2179
7605 4 2 0 1 1749 3319 3811 3041
7606 4 2 0 1 3759 3758 2909 3204
7607 4 2 0 1 1464 1806 3246 2235
7608 4 2 0 1 3319 1641 1642 1748
7609 4 2 0 1 1565 1567 3035 3256
7610 4 2 0 1 1913 1916 3801 1312
7611 4 2 0 1 2764 2589 2656 3668
7612 4 2 0 1 2657 2764 2656 3668
7613 4 2 0 1 3284 3921 3810 3287
7614 4 2 0 1 3113 3124 3145 3110
7615 4 2 0 1 1224 3172 3280 3230
7616 4 2 0 1 2411 2771 2414 3560
7617 4 2 0 1 2414 2771 2638 3563
7618 4 2 0 1 1217 1214 1590 3082
7619 4 2 0 1 2909 3098 2923 2924
7620 4 2 0 1 2600 338 2969 2599
7621 4 2 0 1 2467 594 592 2465
7622 4 2 0 1 1674 1789 3293 3908
7623 4 2 0 1 3231 3008 3011 3013
7624 4 2 0 1 1619 1206 1210 3816
7625 4 2 0 1 1250 3780 1245 1248
7626 4 2 0 1 1310 1291 3912 1762
7627 4 2 0 1 3231 3008 3013 3009
7628 4 2 0 1 1396 3016 1686 1447
7629 4 2 0 1 2865 2666 2520 2669
7630 4 2 0 1 2520 2865 3753 2523
7631 4 2 0 1 696 2282 973 1095
7632 4 2 0 1 3118 3231 3009 3008
7633 4 2 0 1 2865 2522 2666 2667
7634 4 2 0 1 474 475 473 2669
7635 4 2 0 1 2395 3552 3671 2516
7636 4 2 0 1 2365 205 2766 689
7637 4 2 0 1 2865 2522 2667 2523
7638 4 2 0 1 1945 3332 3309 1163
7639 4 2 0 1 3063 3776 3001 3777
7640 4 2 0 1 1746 1806 3233 3685
7641 4 2 0 1 705 2681 2628 3699
7642 4 2 0 1 2570 654 3652 3654
7643 4 2 0 1 3849 1470 1490 1468
7644 4 2 0 1 706 2952 3699 2628
7645 4 2 0 1 1519 3916 3946 1521
7646 4 2 0 1 2787 3355 3425 2732
7647 4 2 0 1 1204 1206 3816 1205
7648 4 2 0 1 2787 2792 3660 2692
7649 4 2 0 1 1822 3050 1430 1375
7650 4 2 0 1 3511 2795 3136 3286
7651 4 2 0 1 3701 2267 3702 3663
7652 4 2 0 1 3005 3231 3008 3011
7653 4 2 0 1 3498 2556 3510 3435
7654 4 2 0 1 2676 3769 3770 3392
7655 4 2 0 1 2697 3390 3392 3606
7656 4 2 0 1 3810 3819 1306 1991
7657 4 2 0 1 3928 1993 3819 1907
7658 4 2 0 1 3916 3946 3820 1519
7659 4 2 0 1 2422 45 2051 44
7660 4 2 0 1 3005 3006 3007 3063
7661 4 2 0 1 3837 1574 1677 1593
7662 4 2 0 1 3770 3471 3392 3390
7663 4 2 0 1 3799 3902 1295 3800
7664 4 2 0 1 2697 2676 3698 2297
7665 4 2 0 1 2341 3660 2781 2690
7666 4 2 0 1 106 2573 2572 3283
7667 4 2 0 1 3136 3511 2331 2794
7668 4 2 0 1 3454 2403 3720 3722
7669 4 2 0 1 2297 2697 2296 3698
7670 4 2 0 1 1498 1514 1485 3839
7671 4 2 0 1 3110 2157 1758 3203
7672 4 2 0 1 3769 3390 3770 3392
7673 4 2 0 1 3242 1478 1479 3114
7674 4 2 0 1 3770 3471 3378 2810
7675 4 2 0 1 2097 3904 1632 1729
7676 4 2 0 1 1937 1783 3019 1820
7677 4 2 0 1 3056 2371 3060 3055
7678 4 2 0 1 2697 2676 2297 3392
7679 4 2 0 1 3519 3063 3007 3006
7680 4 2 0 1 3913 1869 1201 2140
7681 4 2 0 1 2424 3472 2425 2497
7682 4 2 0 1 3254 3815 1249 1196
7683 4 2 0 1 2425 3472 2424 2419
7684 4 2 0 1 3220 3206 3854 3010
7685 4 2 0 1 2057 3930 2999 3785
7686 4 2 0 1 274 3602 272 3473
7687 4 2 0 1 2837 3864 2838 3520
7688 4 2 0 1 2429 3680 3681 503
7689 4 2 0 1 2366 2100 3309 1721
7690 4 2 0 1 1189 1190 1191 3317
7691 4 2 0 1 3483 566 2479 658
7692 4 2 0 1 1606 3928 3905 2029
7693 4 2 0 1 3712 2300 2705 2486
7694 4 2 0 1 3075 1277 3250 3073
7695 4 2 0 1 1943 1814 1812 3250
7696 4 2 0 1 3068 1260 1262 1261
7697 4 2 0 1 2425 2502 2424 2497
7698 4 2 0 1 3109 2040 1507 3052
7699 4 2 0 1 1786 1808 3247 1316
7700 4 2 0 1 1376 1374 3775 1375
7701 4 2 0 1 3041 3287 3284 3810
7702 4 2 0 1 2697 3606 3713 2705
7703 4 2 0 1 2425 2986 681 2419
7704 4 2 0 1 1905 3094 1903 3093
7705 4 2 0 1 3606 2491 3713 2705
7706 4 2 0 1 3365 3503 3872 3354
7707 4 2 0 1 3829 1221 3190 3318
7708 4 2 0 1 3797 3917 1687 1739
7709 4 2 0 1 1244 3777 3063 1243
7710 4 2 0 1 3799 3028 3800 3026
7711 4 2 0 1 608 727 955 2301
7712 4 2 0 1 1782 1221 3190 1219
7713 4 2 0 1 788 1090 2966 2384
7714 4 2 0 1 953 224 225 2980
7715 4 2 0 1 1687 3797 1739 2035
7716 4 2 0 1 1269 1255 1256 3779
7717 4 2 0 1 725 3695 2501 2822
7718 4 2 0 1 2825 2503 2505 3463
7719 4 2 0 1 3695 2501 2663 2634
7720 4 2 0 1 873 2817 2895 2734
7721 4 2 0 1 2773 3773 2945 2449
7722 4 2 0 1 1242 3923 1239 3776
7723 4 2 0 1 2769 2405 2399 2721
7724 4 2 0 1 3187 3310 3331 1868
7725 4 2 0 1 2746 2747 2926 2883
7726 4 2 0 1 3839 1486 1499 3112
7727 4 2 0 1 2748 2883 2746 2749
7728 4 2 0 1 2789 1872 1548 2238
7729 4 2 0 1 2896 2858 2782 2849
7730 4 2 0 1 3206 3220 3009 3010
7731 4 2 0 1 277 275 968 3475
7732 4 2 0 1 2667 2281 2718 2746
7733 4 2 0 1 3819 1992 1571 1993
7734 4 2 0 1 1651 3293 1655 1656
7735 4 2 0 1 1284 1286 1285 3256
7736 4 2 0 1 3206 3009 3220 3221
7737 4 2 0 1 1305 1303 2139 3284
7738 4 2 0 1 2307 2539 3678 2724
7739 4 2 0 1 3910 1666 1665 1521
7740 4 2 0 1 2352 257 2623 3477
7741 4 2 0 1 3902 1294 1293 3804
7742 4 2 0 1 2303 2627 2623 3678
7743 4 2 0 1 3381 3407 3420 3387
7744 4 2 0 1 3254 3815 1196 3341
7745 4 2 0 1 2751 2352 2307 2816
7746 4 2 0 1 3896 3925 3253 1585
7747 4 2 0 1 3767 3553 2868 2558
7748 4 2 0 1 3381 3440 3420 2724
7749 4 2 0 1 1877 3896 2236 1821
7750 4 2 0 1 1816 1627 1961 3831
7751 4 2 0 1 3177 3214 3032 3859
7752 4 2 0 1 2498 2486 2493 2705
7753 4 2 0 1 1953 3303 3300 2136
7754 4 2 0 1 3393 3440 3381 2724
7755 4 2 0 1 1363 3759 3758 1364
7756 4 2 0 1 2498 2493 2486 3603
7757 4 2 0 1 2456 3327 2973 3611
7758 4 2 0 1 2173 2409 3549 3558
7759 4 2 0 1 2790 3194 3745 3748
7760 4 2 0 1 1464 1465 1466 3246
7761 4 2 0 1 3588 2472 2316 3590
7762 4 2 0 1 2316 3360 3359 3588
7763 4 2 0 1 1555 2913 1746 1747
7764 4 2 0 1 1386 3781 1383 3774
7765 4 2 0 1 1973 3914 1175 1920
7766 4 2 0 1 2999 2061 1790 1660
7767 4 2 0 1 3073 1646 3300 1280
7768 4 2 0 1 2491 2493 2486 2705
7769 4 2 0 1 2486 2493 2490 3603
7770 4 2 0 1 3837 2207 1932 1677
7771 4 2 0 1 257 738 2353 722
7772 4 2 0 1 274 272 3602 1033
7773 4 2 0 1 3440 2476 2349 2594
7774 4 2 0 1 3227 3122 3292 2447
7775 4 2 0 1 3063 1948 1743 3519
7776 4 2 0 1 2480 2750 2478 2760
7777 4 2 0 1 1275 3075 1279 1273
7778 4 2 0 1 3254 3192 3298 3317
7779 4 2 0 1 3370 3345 3368 3369
7780 4 2 0 1 3641 2324 3433 3350
7781 4 2 0 1 3542 3853 3734 3429
7782 4 2 0 1 334 2948 731 3710
7783 4 2 0 1 3607 700 2956 888
7784 4 2 0 1 2933 2538 2536 2542
7785 4 2 0 1 2916 3723 2728 2361
7786 4 2 0 1 2652 2916 2813 3723
7787 4 2 0 1 2248 2909 2923 2199
7788 4 2 0 1 3562 202 962 733
7789 4 2 0 1 1082 95 2973 931
7790 4 2 0 1 1806 1732 3233 3246
7791 4 2 0 1 2743 2824 2447 3292
7792 4 2 0 1 2923 2909 2248 2827
7793 4 2 0 1 2975 448 751 2881
7794 4 2 0 1 793 2977 221 1049
7795 4 2 0 1 222 221 2977 220
7796 4 2 0 1 2923 3296 2248 2199
7797 4 2 0 1 3712 2697 3713 2705
7798 4 2 0 1 2248 3296 2923 2827
7799 4 2 0 1 3481 3353 3363 3737
7800 4 2 0 1 2315 2463 2710 2472
7801 4 2 0 1 2318 3650 2546 2565
7802 4 2 0 1 3484 2834 3885 2336
7803 4 2 0 1 1624 1924 2070 3305
7804 4 2 0 1 3837 1787 1677 1574
7805 4 2 0 1 3935 3826 1814 3250
7806 4 2 0 1 2445 2447 3572 2448
7807 4 2 0 1 3080 3828 3180 3829
7808 4 2 0 1 3155 3157 3153 3035
7809 4 2 0 1 3407 3394 3479 2800
7810 4 2 0 1 3211 3145 3147 3144
7811 4 2 0 1 2262 2883 3413 2889
7812 4 2 0 1 3159 3817 3199 3182
7813 4 2 0 1 473 2520 2669 2559
7814 4 2 0 1 10 2988 90 687
7815 4 2 0 1 3828 3080 3081 3158
7816 4 2 0 1 3126 3505 3138 3508
7817 4 2 0 1 3211 3145 2397 3147
7818 4 2 0 1 1515 3028 3040 3800
7819 4 2 0 1 2449 1798 2447 3227
7820 4 2 0 1 3440 3444 2594 3393
7821 4 2 0 1 2873 2684 2689 2858
7822 4 2 0 1 1698 3858 3048 3044
7823 4 2 0 1 3506 3497 3129 3489
7824 4 2 0 1 3129 3502 3497 3506
7825 4 2 0 1 1607 3741 1547 2791
7826 4 2 0 1 3586 3366 2863 3361
7827 4 2 0 1 2709 21 2323 3197
7828 4 2 0 1 2322 3360 3496 3523
7829 4 2 0 1 3837 3772 3105 3240
7830 4 2 0 1 1355 2373 3020 3795
7831 4 2 0 1 3020 2373 1355 2045
7832 4 2 0 1 2534 3416 3417 2273
7833 4 2 0 1 2355 2660 2632 2291
7834 4 2 0 1 2782 3737 3363 3738
7835 4 2 0 1 3440 3444 2809 2832
7836 4 2 0 1 1355 1881 3020 2045
7837 4 2 0 1 830 2695 2647 2298
7838 4 2 0 1 3174 3170 3514 3057
7839 4 2 0 1 1948 1281 1743 3519
7840 4 2 0 1 830 3601 2298 3600
7841 4 2 0 1 790 2536 2965 2440
7842 4 2 0 1 2261 3344 3343 3409
7843 4 2 0 1 3529 2258 2549 2284
7844 4 2 0 1 2534 2530 3416 3624
7845 4 2 0 1 3543 2267 2383 2683
7846 4 2 0 1 558 1069 779 2590
7847 4 2 0 1 470 2389 803 1100
7848 4 2 0 1 397 2389 3623 2524
7849 4 2 0 1 1064 1035 2981 682
7850 4 2 0 1 3576 3734 3574 3429
7851 4 2 0 1 811 2459 2513 971
7852 4 2 0 1 2298 3601 830 2695
7853 4 2 0 1 3724 132 2257 130
7854 4 2 0 1 3443 3669 2593 2483
7855 4 2 0 1 2842 1025 412 489
7856 4 2 0 1 2451 739 740 922
7857 4 2 0 1 412 1025 2842 2892
7858 4 2 0 1 2920 2433 2422 2946
7859 4 2 0 1 552 2433 2920 2946
7860 4 2 0 1 412 410 2842 489
7861 4 2 0 1 2494 3605 2762 2489
7862 4 2 0 1 2774 997 302 1031
7863 4 2 0 1 2895 412 2842 2892
7864 4 2 0 1 2592 2594 2593 2475
7865 4 2 0 1 754 3567 502 2907
7866 4 2 0 1 2293 2494 3605 2762
7867 4 2 0 1 2494 2489 2762 3697
7868 4 2 0 1 1069 1097 2590 847
7869 4 2 0 1 2411 741 1012 2413
7870 4 2 0 1 2592 2594 2475 2586
7871 4 2 0 1 3699 2952 3700 2525
7872 4 2 0 1 780 359 379 3700
7873 4 2 0 1 1920 2943 1177 2050
7874 4 2 0 1 3255 1891 1956 2126
7875 4 2 0 1 1342 2053 3314 1837
7876 4 2 0 1 2584 3337 3336 2759
7877 4 2 0 1 2758 3337 2584 2759
7878 4 2 0 1 3835 2313 3486 3102
7879 4 2 0 1 2119 1558 1557 3240
7880 4 2 0 1 2452 2742 2741 2824
7881 4 2 0 1 3435 2718 3430 2665
7882 4 2 0 1 2758 3337 2759 3657
7883 4 2 0 1 2611 1855 2008 1922
7884 4 2 0 1 2578 2758 2584 2576
7885 4 2 0 1 3617 3574 3575 2455
7886 4 2 0 1 268 491 3712 2300
7887 4 2 0 1 2420 2426 646 2772
7888 4 2 0 1 3388 2567 3518 3389
7889 4 2 0 1 3202 1438 1936 1436
7890 4 2 0 1 2420 2448 2421 2419
7891 4 2 0 1 2309 2741 2896 2738
7892 4 2 0 1 2426 2422 2420 800
7893 4 2 0 1 2808 2820 3386 3877
7894 4 2 0 1 2426 1047 637 2920
7895 4 2 0 1 2300 3712 3473 2486
7896 4 2 0 1 172 170 3667 173
7897 4 2 0 1 637 2426 658 690
7898 4 2 0 1 2800 2308 3627 2860
7899 4 2 0 1 1041 2544 3585 701
7900 4 2 0 1 795 2930 2297 851
7901 4 2 0 1 925 3589 924 594
7902 4 2 0 1 2277 2677 2615 2253
7903 4 2 0 1 3660 2691 2788 2781
7904 4 2 0 1 3628 3626 2799 3406
7905 4 2 0 1 2496 3565 2434 217
7906 4 2 0 1 2295 2421 2497 2434
7907 4 2 0 1 1933 2199 2909 1829
7908 4 2 0 1 1368 3099 3836 1367
7909 4 2 0 1 2722 765 3731 2717
7910 4 2 0 1 3129 3174 3170 3489
7911 4 2 0 1 320 2515 3709 329
7912 4 2 0 1 2839 3719 2545 2712
7913 4 2 0 1 3129 3174 3489 3515
7914 4 2 0 1 3025 1864 2791 1793
7915 4 2 0 1 2535 3749 2689 3627
7916 4 2 0 1 3581 377 2515 770
7917 4 2 0 1 1545 3025 1864 2791
7918 4 2 0 1 1941 1467 3146 3684
7919 4 2 0 1 2609 1968 2067 1706
7920 4 2 0 1 1607 1545 1864 2791
7921 4 2 0 1 2668 2665 3499 2865
7922 4 2 0 1 15 826 14 2560
7923 4 2 0 1 2844 2869 2868 3871
7924 4 2 0 1 3175 3262 3149 3034
7925 4 2 0 1 2804 2306 232 2980
7926 4 2 0 1 2996 3673 2283 3456
7927 4 2 0 1 2865 2523 2667 3430
7928 4 2 0 1 2314 2959 3818 3056
7929 4 2 0 1 3741 1547 2791 3743
7930 4 2 0 1 2372 3200 3862 3264
7931 4 2 0 1 2804 2306 2980 2359
7932 4 2 0 1 2888 2257 2253 2915
7933 4 2 0 1 3291 2506 2417 2986
7934 4 2 0 1 1547 1607 2791 1545
7935 4 2 0 1 2691 3660 3662 2690
7936 4 2 0 1 3676 2854 3693 656
7937 4 2 0 1 3403 2859 2685 3876
7938 4 2 0 1 2987 2506 2986 2985
7939 4 2 0 1 3683 3682 3241 2394
7940 4 2 0 1 2744 561 560 2573
7941 4 2 0 1 3214 2607 3647 3646
7942 4 2 0 1 3281 3023 3851 3087
7943 4 2 0 1 2859 2686 3628 2266
7944 4 2 0 1 3214 3647 2607 2845
7945 4 2 0 1 2625 3461 2660 2751
7946 4 2 0 1 3525 2877 2831 2348
7947 4 2 0 1 2333 3887 3888 3084
7948 4 2 0 1 1508 1506 3053 1509
7949 4 2 0 1 343 346 344 3459
7950 4 2 0 1 3107 3049 2610 3053
7951 4 2 0 1 3458 2880 3459 2283
7952 4 2 0 1 3159 2026 1323 1909
7953 4 2 0 1 3639 2555 3640 2558
7954 4 2 0 1 3692 2268 2819 3343
7955 4 2 0 1 2915 2277 3415 2263
7956 4 2 0 1 2561 3647 2607 3646
7957 4 2 0 1 346 2880 391 350
7958 4 2 0 1 2864 2916 2813 2265
7959 4 2 0 1 2558 3647 2845 2607
7960 4 2 0 1 2752 3461 2816 2660
7961 4 2 0 1 2674 3465 2823 2287
7962 4 2 0 1 3506 3490 3508 3357
7963 4 2 0 1 3465 2823 2287 2824
7964 4 2 0 1 3450 3251 3447 3551
7965 4 2 0 1 2460 2881 2919 2459
7966 4 2 0 1 2864 2265 2813 2284
7967 4 2 0 1 461 597 691 2559
7968 4 2 0 1 3828 2335 3193 3080
7969 4 2 0 1 709 2628 2356 2952
7970 4 2 0 1 3045 3003 2998 3775
7971 4 2 0 1 3045 2998 3003 3092
7972 4 2 0 1 3243 3914 1920 1177
7973 4 2 0 1 3028 2171 3031 3804
7974 4 2 0 1 3665 3664 3667 2589
7975 4 2 0 1 2348 3525 3597 2831
7976 4 2 0 1 782 507 2658 675
7977 4 2 0 1 638 2872 641 575
7978 4 2 0 1 357 358 328 3700
7979 4 2 0 1 2515 3707 3709 3708
7980 4 2 0 1 3028 3031 2171 3029
7981 4 2 0 1 2257 1034 625 2915
7982 4 2 0 1 2010 3031 2171 3804
7983 4 2 0 1 2205 1178 3277 1966
7984 4 2 0 1 2324 2865 3499 2665
7985 4 2 0 1 3355 2937 3425 2732
7986 4 2 0 1 3427 2350 3405 3531
7987 4 2 0 1 2821 3427 3531 3374
7988 4 2 0 1 1564 2171 3031 3029
7989 4 2 0 1 2809 3444 3440 3393
7990 4 2 0 1 2624 2438 2443 3477
7991 4 2 0 1 3384 2809 3386 2808
7992 4 2 0 1 2951 1083 781 1114
7993 4 2 0 1 2504 3517 2896 3466
7994 4 2 0 1 2501 3695 2663 2822
7995 4 2 0 1 3738 2782 2788 3363
7996 4 2 0 1 3503 2327 3353 3349
7997 4 2 0 1 2479 2360 2295 2841
7998 4 2 0 1 2732 2788 3738 2782
7999 4 2 0 1 2062 3944 1844 1843
8000 4 2 0 1 3373 3404 3402 3344
8001 4 2 0 1 3855 3210 3171 3205
8002 4 2 0 1 2643 2298 2484 2646
8003 4 2 0 1 2550 2551 2598 2284
8004 4 2 0 1 3383 3401 3375 3408
8005 4 2 0 1 2360 406 1153 839
8006 4 2 0 1 246 1027 2289 250
8007 4 2 0 1 2053 2585 1837 1441
8008 4 2 0 1 2440 2990 2439 2955
8009 4 2 0 1 3692 2268 3343 2650
8010 4 2 0 1 643 642 2586 641
8011 4 2 0 1 609 76 77 3330
8012 4 2 0 1 3931 1838 2997 1392
8013 4 2 0 1 1839 3944 3931 1841
8014 4 2 0 1 2620 811 115 1128
8015 4 2 0 1 2665 2324 3430 3435
8016 4 2 0 1 3643 3149 3257 3262
8017 4 2 0 1 1024 617 2522 747
8018 4 2 0 1 3880 3403 3406 2673
8019 4 2 0 1 2478 2482 2639 3598
8020 4 2 0 1 3164 2344 3098 3195
8021 4 2 0 1 3097 2836 3885 3484
8022 4 2 0 1 2627 3699 2628 2680
8023 4 2 0 1 2392 2390 2524 3547
8024 4 2 0 1 3593 2872 2706 418
8025 4 2 0 1 2632 2928 2633 2286
8026 4 2 0 1 2808 2648 3877 3384
8027 4 2 0 1 2273 3881 3405 3404
8028 4 2 0 1 3481 3353 3737 3362
8029 4 2 0 1 458 457 413 2873
8030 4 2 0 1 2756 3335 2878 60
8031 4 2 0 1 2844 3641 2329 3649
8032 4 2 0 1 995 2964 2878 2756
8033 4 2 0 1 3610 728 2822 3609
8034 4 2 0 1 2805 3675 2278 2262
8035 4 2 0 1 1060 656 2854 2654
8036 4 2 0 1 3617 3574 2455 2511
8037 4 2 0 1 2744 560 2508 2573
8038 4 2 0 1 3097 3885 2836 3232
8039 4 2 0 1 3166 3195 2344 3164
8040 4 2 0 1 489 2842 2661 965
8041 4 2 0 1 2346 3162 3207 3854
8042 4 2 0 1 3002 2344 3120 3166
8043 4 2 0 1 2492 3377 2843 2800
8044 4 2 0 1 2351 2763 2765 2413
8045 4 2 0 1 1000 159 170 3666
8046 4 2 0 1 2660 2352 2627 2751
8047 4 2 0 1 419 1129 273 3473
8048 4 2 0 1 3594 863 3593 633
8049 4 2 0 1 3184 3509 3170 3057
8050 4 2 0 1 824 356 2949 896
8051 4 2 0 1 2804 2306 2359 2310
8052 4 2 0 1 3102 3014 2313 3011
8053 4 2 0 1 1336 2899 1976 3813
8054 4 2 0 1 3812 2899 1336 3813
8055 4 2 0 1 2335 3158 3157 3059
8056 4 2 0 1 1961 3180 3167 3829
8057 4 2 0 1 3873 3353 2327 3481
8058 4 2 0 1 748 727 608 2301
8059 4 2 0 1 904 37 38 2987
8060 4 2 0 1 2300 2486 3473 3602
8061 4 2 0 1 3602 272 2300 667
8062 4 2 0 1 2534 3725 607 2529
8063 4 2 0 1 2723 2269 3426 2812
8064 4 2 0 1 873 458 413 2873
8065 4 2 0 1 3247 2334 3158 3157
8066 4 2 0 1 528 918 2376 545
8067 4 2 0 1 2053 1342 3311 2176
8068 4 2 0 1 3876 3419 2260 3396
8069 4 2 0 1 2278 2618 3456 3677
8070 4 2 0 1 2854 943 817 561
8071 4 2 0 1 1961 3169 3167 3180
8072 4 2 0 1 751 2975 2881 2919
8073 4 2 0 1 2805 2270 3413 3345
8074 4 2 0 1 3675 2615 2278 2618
8075 4 2 0 1 2770 3843 3160 2410
8076 4 2 0 1 3634 2315 2840 3580
8077 4 2 0 1 3493 2710 2564 2730
8078 4 2 0 1 2714 2712 2874 3371
8079 4 2 0 1 2859 3356 3382 2688
8080 4 2 0 1 2958 2325 2363 3523
8081 4 2 0 1 1566 3035 1568 3153
8082 4 2 0 1 3712 2697 2296 3713
8083 4 2 0 1 3057 3167 3180 3829
8084 4 2 0 1 3689 3605 2489 2762
8085 4 2 0 1 3443 2483 2593 2349
8086 4 2 0 1 2849 2341 2687 2858
8087 4 2 0 1 3525 3601 445 2484
8088 4 2 0 1 2474 719 1050 2526
8089 4 2 0 1 2725 2624 2938 2724
8090 4 2 0 1 3317 2251 3297 1188
8091 4 2 0 1 2679 2595 2706 3769
8092 4 2 0 1 3423 3876 2317 3351
8093 4 2 0 1 2737 2358 2295 2304
8094 4 2 0 1 3381 3407 2724 3420
8095 4 2 0 1 2961 2642 2340 2640
8096 4 2 0 1 2849 2780 2781 2784
8097 4 2 0 1 873 2873 413 2892
8098 4 2 0 1 873 2734 414 860
8099 4 2 0 1 873 2734 2895 414
8100 4 2 0 1 2782 2341 2858 2688
8101 4 2 0 1 3575 2408 2905 3617
8102 4 2 0 1 2862 2688 2782 2858
8103 4 2 0 1 2961 2340 3362 2640
8104 4 2 0 1 2867 2868 2320 3487
8105 4 2 0 1 2320 3717 2867 3487
8106 4 2 0 1 3847 1904 1456 3094
8107 4 2 0 1 2875 150 151 149
8108 4 2 0 1 318 320 305 3707
8109 4 2 0 1 3847 1456 1904 1454
8110 4 2 0 1 2829 3427 2968 2362
8111 4 2 0 1 3577 2719 2399 2404
8112 4 2 0 1 568 2950 453 3
8113 4 2 0 1 2950 2992 3322 2402
8114 4 2 0 1 2661 1025 738 3478
8115 4 2 0 1 2406 3548 2402 2453
8116 4 2 0 1 41 2418 42 84
8117 4 2 0 1 738 2353 2661 3478
8118 4 2 0 1 3587 2567 3518 2299
8119 4 2 0 1 408 796 2737 2451
8120 4 2 0 1 441 3696 2484 3600
8121 4 2 0 1 997 2428 640 2774
8122 4 2 0 1 3471 2491 3460 3388
8123 4 2 0 1 3193 3829 3828 3080
8124 4 2 0 1 2484 3696 441 2830
8125 4 2 0 1 1054 642 2586 2884
8126 4 2 0 1 2737 410 409 407
8127 4 2 0 1 2977 1049 2984 219
8128 4 2 0 1 3379 2567 2565 2256
8129 4 2 0 1 3485 3773 3735 2773
8130 4 2 0 1 3379 2567 2256 3518
8131 4 2 0 1 2308 2798 3627 3749
8132 4 2 0 1 873 2734 651 2873
8133 4 2 0 1 3410 2268 2819 2377
8134 4 2 0 1 3233 2637 3615 3618
8135 4 2 0 1 3587 2567 2299 2802
8136 4 2 0 1 3383 2567 2565 3379
8137 4 2 0 1 3894 2360 854 2311
8138 4 2 0 1 3894 2479 2360 3483
8139 4 2 0 1 2798 2308 3627 2800
8140 4 2 0 1 2586 642 1054 638
8141 4 2 0 1 2479 3894 430 990
8142 4 2 0 1 3878 3587 3879 2299
8143 4 2 0 1 3789 3792 3015 3788
8144 4 2 0 1 3393 3770 2294 2927
8145 4 2 0 1 2488 3689 3605 2487
8146 4 2 0 1 2478 2750 3593 2475
8147 4 2 0 1 2316 2468 2469 2465
8148 4 2 0 1 2810 2761 3444 3770
8149 4 2 0 1 2048 1437 1535 3024
8150 4 2 0 1 3411 2916 3346 2269
8151 4 2 0 1 3083 3790 3151 3152
8152 4 2 0 1 2710 2867 3649 2563
8153 4 2 0 1 2742 2740 2743 2833
8154 4 2 0 1 3920 632 3894 982
8155 4 2 0 1 3881 2273 3416 3404
8156 4 2 0 1 3159 3054 3182 3229
8157 4 2 0 1 1449 1448 3659 1450
8158 4 2 0 1 3594 1014 2477 3593
8159 4 2 0 1 3024 1969 2048 3798
8160 4 2 0 1 2406 3237 3322 2405
8161 4 2 0 1 2407 2406 2405 2410
8162 4 2 0 1 3594 2480 3593 2478
8163 4 2 0 1 3594 2477 2478 3593
8164 4 2 0 1 639 865 2766 1056
8165 4 2 0 1 2502 2985 2424 2503
8166 4 2 0 1 2586 2872 1054 2884
8167 4 2 0 1 2640 3302 2336 3362
8168 4 2 0 1 2424 2985 2502 2986
8169 4 2 0 1 3099 3204 3758 3100
8170 4 2 0 1 3324 2188 28 2066
8171 4 2 0 1 2503 3463 2506 2287
8172 4 2 0 1 633 3594 2480 3593
8173 4 2 0 1 3690 2820 2647 2298
8174 4 2 0 1 3790 3152 3792 3151
8175 4 2 0 1 3025 3161 3130 2046
8176 4 2 0 1 2122 3202 1936 1436
8177 4 2 0 1 3875 2259 3395 3399
8178 4 2 0 1 268 2300 3473 272
8179 4 2 0 1 367 3736 3698 2706
8180 4 2 0 1 286 767 3591 2473
8181 4 2 0 1 2425 2986 2419 2424
8182 4 2 0 1 3370 2259 3395 2699
8183 4 2 0 1 3443 2593 2764 3438
8184 4 2 0 1 2874 3436 2714 3371
8185 4 2 0 1 2777 2565 2546 3690
8186 4 2 0 1 670 2969 912 1026
8187 4 2 0 1 1054 2872 2586 638
8188 4 2 0 1 2948 2597 1125 823
8189 4 2 0 1 3303 2999 3293 3300
8190 4 2 0 1 3369 3423 3874 3371
8191 4 2 0 1 3564 2434 3472 3565
8192 4 2 0 1 624 2717 2715 2716
8193 4 2 0 1 1651 2168 1652 3293
8194 4 2 0 1 1242 3923 1241 1239
8195 4 2 0 1 3078 3837 3075 3079
8196 4 2 0 1 1421 1420 3013 1419
8197 4 2 0 1 520 2882 2717 462
8198 4 2 0 1 3745 2793 3746 3747
8199 4 2 0 1 2039 1894 3309 3861
8200 4 2 0 1 2722 3731 765 347
8201 4 2 0 1 3794 3298 3018 3282
8202 4 2 0 1 1869 3913 1201 3945
8203 4 2 0 1 3341 1203 1200 1202
8204 4 2 0 1 520 2882 462 519
8205 4 2 0 1 3142 3139 3244 3138
8206 4 2 0 1 3139 3133 3138 3142
8207 4 2 0 1 3159 2870 3266 3239
8208 4 2 0 1 3247 1786 1901 1590
8209 4 2 0 1 3193 3191 3829 3860
8210 4 2 0 1 1190 2251 3317 1188
8211 4 2 0 1 880 519 1048 2882
8212 4 2 0 1 2808 3444 2809 3378
8213 4 2 0 1 3721 2882 2404 2717
8214 4 2 0 1 2404 880 1048 2882
8215 4 2 0 1 3378 3444 2809 3393
8216 4 2 0 1 2925 2404 1048 2882
8217 4 2 0 1 3808 1303 1304 3284
8218 4 2 0 1 3092 3150 3555 3248
8219 4 2 0 1 1673 3124 1672 3113
8220 4 2 0 1 2104 1484 3113 2047
8221 4 2 0 1 3027 3032 3859 3177
8222 4 2 0 1 1684 2127 1788 3256
8223 4 2 0 1 3262 3888 3034 3642
8224 4 2 0 1 1295 3799 3800 1296
8225 4 2 0 1 3040 3800 3026 3801
8226 4 2 0 1 1214 3082 1216 3081
8227 4 2 0 1 3082 2223 3088 3085
8228 4 2 0 1 3088 2223 3082 1216
8229 4 2 0 1 3519 1247 3117 3120
8230 4 2 0 1 2058 2237 3250 1858
8231 4 2 0 1 3088 2089 3831 3087
8232 4 2 0 1 3088 2089 3087 1935
8233 4 2 0 1 3516 3488 3506 3170
8234 4 2 0 1 3008 3071 3005 3011
8235 4 2 0 1 3088 2089 1935 1216
8236 4 2 0 1 3088 2089 1216 3831
8237 4 2 0 1 1924 3075 1279 3101
8238 4 2 0 1 3758 2908 2909 3204
8239 4 2 0 1 3221 3226 3206 3231
8240 4 2 0 1 3734 1983 2912 3185
8241 4 2 0 1 1266 1671 3279 3064
8242 4 2 0 1 1565 3805 1582 3256
8243 4 2 0 1 3805 1539 1565 1549
8244 4 2 0 1 1983 2622 3734 2912
8245 4 2 0 1 1808 3033 1590 3247
8246 4 2 0 1 2092 3082 2223 1217
8247 4 2 0 1 3519 1247 3120 1281
8248 4 2 0 1 1830 3759 2909 1828
8249 4 2 0 1 2923 2908 2909 2827
8250 4 2 0 1 1327 3100 1283 1362
8251 4 2 0 1 1830 3759 1828 1364
8252 4 2 0 1 3166 1701 3120 3780
8253 4 2 0 1 3422 2814 2324 3753
8254 4 2 0 1 2836 2313 3864 3844
8255 4 2 0 1 1302 1313 3808 1304
8256 4 2 0 1 3542 2579 3694 3734
8257 4 2 0 1 3212 3201 3114 2397
8258 4 2 0 1 3175 3034 3858 3856
8259 4 2 0 1 3160 2611 2612 2776
8260 4 2 0 1 3519 1247 1281 1743
8261 4 2 0 1 3447 3551 3453 3450
8262 4 2 0 1 3252 3141 3659 3036
8263 4 2 0 1 3144 3252 3211 3263
8264 4 2 0 1 1478 3242 1479 1480
8265 4 2 0 1 63 3270 2198 1160
8266 4 2 0 1 2622 2905 3734 2912
8267 4 2 0 1 18 1179 3637 2084
8268 4 2 0 1 2516 2665 3435 3510
8269 4 2 0 1 1827 3804 3802 3805
8270 4 2 0 1 3268 3490 3433 3313
8271 4 2 0 1 3142 3275 2582 3846
8272 4 2 0 1 2124 1312 3048 2151
8273 4 2 0 1 1552 3239 3276 1583
8274 4 2 0 1 3490 3504 3268 3507
8275 4 2 0 1 3017 3933 3797 1397
8276 4 2 0 1 2166 3210 1963 1710
8277 4 2 0 1 2332 3767 2845 3507
8278 4 2 0 1 3151 2036 1725 2128
8279 4 2 0 1 3188 3867 3034 3189
8280 4 2 0 1 1673 3113 1672 1644
8281 4 2 0 1 2499 2807 2871 3608
8282 4 2 0 1 2747 2719 2926 3765
8283 4 2 0 1 2397 3147 3143 3850
8284 4 2 0 1 1216 3081 3088 3831
8285 4 2 0 1 3500 3119 2372 3195
8286 4 2 0 1 3019 1880 3253 3282
8287 4 2 0 1 1786 3247 1901 1253
8288 4 2 0 1 2591 3623 3547 2527
8289 4 2 0 1 3449 3431 3448 2911
8290 4 2 0 1 1916 1699 1886 3858
8291 4 2 0 1 2408 3557 3548 2407
8292 4 2 0 1 3023 3022 3281 3024
8293 4 2 0 1 1449 1448 1447 3659
8294 4 2 0 1 1822 3775 1377 3003
8295 4 2 0 1 102 3538 2963 3270
8296 4 2 0 1 2591 3623 2527 3526
8297 4 2 0 1 2405 2769 2612 2721
8298 4 2 0 1 67 3283 2180 1162
8299 4 2 0 1 3428 3367 3339 3430
8300 4 2 0 1 2547 3652 2723 2726
8301 4 2 0 1 1613 3659 1450 3141
8302 4 2 0 1 3665 2526 2591 3526
8303 4 2 0 1 2609 2775 2602 2852
8304 4 2 0 1 3793 2193 1619 3816
8305 4 2 0 1 3318 3190 3191 3842
8306 4 2 0 1 996 2365 2766 689
8307 4 2 0 1 2992 947 89 1
8308 4 2 0 1 2325 3534 2365 2640
8309 4 2 0 1 3521 3524 2957 2897
8310 4 2 0 1 2561 1778 3646 2607
8311 4 2 0 1 2561 1333 2607 2604
8312 4 2 0 1 3454 3720 2721 2281
8313 4 2 0 1 14 2561 2560 2604
8314 4 2 0 1 995 2964 2756 505
8315 4 2 0 1 3458 2748 2285 2278
8316 4 2 0 1 3458 2278 2285 2277
8317 4 2 0 1 2671 2879 3545 2670
8318 4 2 0 1 3258 1871 1779 2184
8319 4 2 0 1 3174 3219 3854 3855
8320 4 2 0 1 3458 2880 2285 3459
8321 4 2 0 1 3513 3757 3264 2372
8322 4 2 0 1 2285 2880 3458 2277
8323 4 2 0 1 2086 2091 1718 3776
8324 4 2 0 1 1363 1366 3758 3100
8325 4 2 0 1 1379 3774 3781 1377
8326 4 2 0 1 1896 1332 2370 1609
8327 4 2 0 1 1415 2012 1600 2013
8328 4 2 0 1 2268 2378 2649 2376
8329 4 2 0 1 2268 3537 2819 2377
8330 4 2 0 1 1418 1415 1835 3162
8331 4 2 0 1 3451 2776 2775 2602
8332 4 2 0 1 2970 513 1044 2971
8333 4 2 0 1 2562 2709 2971 2464
8334 4 2 0 1 3451 2775 2776 3550
8335 4 2 0 1 1914 1819 2416 2423
8336 4 2 0 1 1044 513 762 2971
8337 4 2 0 1 1423 1420 3014 1422
8338 4 2 0 1 3117 1247 3780 3120
8339 4 2 0 1 3507 3288 3510 3285
8340 4 2 0 1 3387 2273 3420 3405
8341 4 2 0 1 518 1009 2731 2936
8342 4 2 0 1 3282 3217 3019 3020
8343 4 2 0 1 518 513 1009 2936
8344 4 2 0 1 3507 3288 3285 3268
8345 4 2 0 1 3407 3626 2799 3625
8346 4 2 0 1 3476 2363 2961 3523
8347 4 2 0 1 2975 448 2881 2857
8348 4 2 0 1 3764 3762 2109 1781
8349 4 2 0 1 2344 3863 3119 3221
8350 4 2 0 1 2403 2612 2721 2405
8351 4 2 0 1 3476 2363 3523 2347
8352 4 2 0 1 3476 2363 2347 2364
8353 4 2 0 1 3626 2534 2535 3625
8354 4 2 0 1 3476 2363 2364 2961
8355 4 2 0 1 3338 3657 3541 2330
8356 4 2 0 1 3275 3262 2557 3888
8357 4 2 0 1 2381 3542 3429 3853
8358 4 2 0 1 2458 2457 3446 2454
8359 4 2 0 1 3027 3857 3803 3802
8360 4 2 0 1 810 2979 1139 1086
8361 4 2 0 1 1438 1437 3024 1439
8362 4 2 0 1 2408 3614 2906 2394
8363 4 2 0 1 3121 3519 2344 3120
8364 4 2 0 1 3764 3763 2852 3761
8365 4 2 0 1 2332 2333 3887 3189
8366 4 2 0 1 70 3340 2111 71
8367 4 2 0 1 2379 684 102 2929
8368 4 2 0 1 2979 810 1139 824
8369 4 2 0 1 2963 2964 2929 2962
8370 4 2 0 1 2774 302 226 1031
8371 4 2 0 1 2631 245 2949 229
8372 4 2 0 1 2619 2889 2856 2262
8373 4 2 0 1 2619 2889 2262 2270
8374 4 2 0 1 2755 3462 2753 2430
8375 4 2 0 1 3301 3321 2369 2368
8376 4 2 0 1 3321 26 25 3532
8377 4 2 0 1 3431 2400 3435 3448
8378 4 2 0 1 2270 2805 2262 2619
8379 4 2 0 1 2516 3453 3435 2395
8380 4 2 0 1 2723 3723 2547 2726
8381 4 2 0 1 3045 3775 3809 3050
8382 4 2 0 1 27 205 204 3532
8383 4 2 0 1 3862 1896 2370 3301
8384 4 2 0 1 2351 3668 2630 2765
8385 4 2 0 1 2366 1745 2100 1721
8386 4 2 0 1 3222 3208 3515 2346
8387 4 2 0 1 3222 3208 2346 2836
8388 4 2 0 1 1823 1610 3535 1824
8389 4 2 0 1 1026 2969 912 490
8390 4 2 0 1 2668 3639 3640 2604
8391 4 2 0 1 2973 3612 3611 2507
8392 4 2 0 1 1770 1170 2957 3756
8393 4 2 0 1 370 2857 3673 429
8394 4 2 0 1 111 100 971 2513
8395 4 2 0 1 3495 3522 3494 2866
8396 4 2 0 1 1088 179 2994 2931
8397 4 2 0 1 3207 2346 3515 3208
8398 4 2 0 1 3497 2885 2783 3502
8399 4 2 0 1 2622 2455 2659 3576
8400 4 2 0 1 131 2888 2915 2257
8401 4 2 0 1 2783 2885 3497 3501
8402 4 2 0 1 3497 2783 3363 3502
8403 4 2 0 1 2485 3603 759 1111
8404 4 2 0 1 3503 3873 3360 3353
8405 4 2 0 1 3274 1915 1744 2209
8406 4 2 0 1 2844 2869 3871 2329
8407 4 2 0 1 3497 3481 2783 3501
8408 4 2 0 1 3332 3324 2368 2704
8409 4 2 0 1 289 294 1076 2647
8410 4 2 0 1 964 2310 2981 3890
8411 4 2 0 1 3506 3129 3516 3170
8412 4 2 0 1 3725 255 3477 2443
8413 4 2 0 1 1012 841 2413 553
8414 4 2 0 1 2877 3441 3427 3374
8415 4 2 0 1 3919 3278 3785 1630
8416 4 2 0 1 2807 3468 2753 2893
8417 4 2 0 1 554 871 3664 3666
8418 4 2 0 1 2308 2798 3749 2942
8419 4 2 0 1 2967 1101 2966 2384
8420 4 2 0 1 3411 2916 2269 2728
8421 4 2 0 1 2754 2286 2752 2291
8422 4 2 0 1 2928 3390 3460 3461
8423 4 2 0 1 2803 2752 2755 2754
8424 4 2 0 1 2803 2753 2752 2286
8425 4 2 0 1 3035 3155 1568 3153
8426 4 2 0 1 2273 3881 3417 3405
8427 4 2 0 1 3477 2624 2303 3678
8428 4 2 0 1 2703 2726 2702 3562
8429 4 2 0 1 2963 3544 2929 2964
8430 4 2 0 1 1101 2967 2966 208
8431 4 2 0 1 3436 2814 2519 3754
8432 4 2 0 1 3709 736 2521 3710
8433 4 2 0 1 3227 2743 3292 2837
8434 4 2 0 1 2556 2555 3499 3641
8435 4 2 0 1 2306 707 809 2979
8436 4 2 0 1 820 2655 3633 3632
8437 4 2 0 1 3155 3157 3035 3059
8438 4 2 0 1 2378 785 819 2655
8439 4 2 0 1 3540 2268 2670 2377
8440 4 2 0 1 3833 3103 3834 3005
8441 4 2 0 1 3486 3007 3228 3834
8442 4 2 0 1 3356 3358 2732 2317
8443 4 2 0 1 3702 2684 2688 2860
8444 4 2 0 1 2620 114 2513 2654
8445 4 2 0 1 2690 3424 3701 3663
8446 4 2 0 1 3657 3339 3272 3658
8447 4 2 0 1 2463 2470 2732 2733
8448 4 2 0 1 2805 3714 3345 3368
8449 4 2 0 1 3397 3413 2270 3345
8450 4 2 0 1 1759 2064 1923 2796
8451 4 2 0 1 2619 2889 2270 2855
8452 4 2 0 1 3165 3853 3288 3186
8453 4 2 0 1 2814 3641 3350 2324
8454 4 2 0 1 3676 168 875 3693
8455 4 2 0 1 3560 186 2765 3561
8456 4 2 0 1 2839 3396 2712 3423
8457 4 2 0 1 2710 2472 2463 3359
8458 4 2 0 1 3626 3628 2673 3406
8459 4 2 0 1 3560 186 3561 190
8460 4 2 0 1 2890 3545 3418 2686
8461 4 2 0 1 3349 2254 3348 2711
8462 4 2 0 1 996 2365 689 207
8463 4 2 0 1 3349 2254 2711 2732
8464 4 2 0 1 3311 2579 3271 2584
8465 4 2 0 1 2376 525 524 526
8466 4 2 0 1 2862 2858 2896 3480
8467 4 2 0 1 2913 3682 3295 1832
8468 4 2 0 1 996 2365 207 2385
8469 4 2 0 1 3370 2265 2259 2284
8470 4 2 0 1 320 329 3709 321
8471 4 2 0 1 3412 2278 3677 2262
8472 4 2 0 1 3711 2551 3710 2599
8473 4 2 0 1 2599 2284 3714 2699
8474 4 2 0 1 2967 1745 33 2388
8475 4 2 0 1 997 771 3566 2429
8476 4 2 0 1 2862 2688 2858 3480
8477 4 2 0 1 2967 2387 2388 2386
8478 4 2 0 1 3309 2100 3533 2099
8479 4 2 0 1 2688 2861 2860 3480
8480 4 2 0 1 3482 2427 2754 2359
8481 4 2 0 1 2861 2862 3480 2688
8482 4 2 0 1 2973 2744 2508 3612
8483 4 2 0 1 2755 2738 2753 3462
8484 4 2 0 1 3849 3091 1848 3316
8485 4 2 0 1 1082 931 2973 203
8486 4 2 0 1 2968 3726 3405 3437
8487 4 2 0 1 2507 971 100 2513
8488 4 2 0 1 3427 2968 3439 2876
8489 4 2 0 1 2389 2526 993 3623
8490 4 2 0 1 2526 719 993 3623
8491 4 2 0 1 2467 2471 3592 596
8492 4 2 0 1 3587 3518 3879 2299
8493 4 2 0 1 2491 3471 3385 3389
8494 4 2 0 1 2297 2676 3698 2675
8495 4 2 0 1 1625 2007 3093 1686
8496 4 2 0 1 3602 579 3603 1111
8497 4 2 0 1 3200 2640 3534 3264
8498 4 2 0 1 2429 772 3681 914
8499 4 2 0 1 2310 2983 2981 234
8500 4 2 0 1 2310 2983 234 2306
8501 4 2 0 1 978 640 761 3566
8502 4 2 0 1 3380 2799 3406 3419
8503 4 2 0 1 2459 2507 3328 3611
8504 4 2 0 1 3397 2685 3546 2757
8505 4 2 0 1 3327 2507 3328 100
8506 4 2 0 1 2419 2420 2772 2421
8507 4 2 0 1 3834 3063 3519 3100
8508 4 2 0 1 997 2428 2774 2429
8509 4 2 0 1 3327 3328 2507 3611
8510 4 2 0 1 854 2310 964 2311
8511 4 2 0 1 3019 1880 3020 3795
8512 4 2 0 1 3535 1823 1824 1645
8513 4 2 0 1 3827 1212 3080 1210
8514 4 2 0 1 3118 3231 3008 3007
8515 4 2 0 1 3506 3516 3129 3505
8516 4 2 0 1 3008 3118 3784 3009
8517 4 2 0 1 1345 1884 2866 2897
8518 4 2 0 1 1966 1178 3277 1958
8519 4 2 0 1 3756 3062 1771 2899
8520 4 2 0 1 3081 1211 3158 3080
8521 4 2 0 1 3054 3492 3229 3813
8522 4 2 0 1 1539 1566 3035 1565
8523 4 2 0 1 1352 1170 3755 25
8524 4 2 0 1 2682 2891 2663 2635
8525 4 2 0 1 3348 2710 3359 3588
8526 4 2 0 1 3030 3856 3802 3033
8527 4 2 0 1 2530 2533 3624 1065
8528 4 2 0 1 2665 2668 3640 2516
8529 4 2 0 1 3849 3091 1906 1848
8530 4 2 0 1 3585 2462 2468 2471
8531 4 2 0 1 2957 2818 3521 2897
8532 4 2 0 1 2061 2999 1661 1660
8533 4 2 0 1 3095 1902 1903 1625
8534 4 2 0 1 3094 1902 3095 3847
8535 4 2 0 1 3191 3173 3060 3057
8536 4 2 0 1 3554 3849 3147 3316
8537 4 2 0 1 1775 3213 1166 2560
8538 4 2 0 1 3165 2331 3870 3268
8539 4 2 0 1 2792 3660 3661 2693
8540 4 2 0 1 3184 3169 3170 3089
8541 4 2 0 1 2355 2681 2949 2632
8542 4 2 0 1 2631 2632 2949 2681
8543 4 2 0 1 1076 2546 292 289
8544 4 2 0 1 854 1064 2981 724
8545 4 2 0 1 3701 3702 2267 2683
8546 4 2 0 1 2913 1555 1746 3685
8547 4 2 0 1 3035 1567 1598 3256
8548 4 2 0 1 2846 292 2546 289
8549 4 2 0 1 2999 1654 1661 1660
8550 4 2 0 1 2341 2849 2781 2782
8551 4 2 0 1 3017 1396 1400 1447
8552 4 2 0 1 3403 2859 3876 3419
8553 4 2 0 1 2498 3603 3607 2493
8554 4 2 0 1 1918 1333 2604 2607
8555 4 2 0 1 2485 2494 3475 278
8556 4 2 0 1 2859 3356 2688 2685
8557 4 2 0 1 3320 2878 2690 3662
8558 4 2 0 1 3831 3089 3087 3169
8559 4 2 0 1 2859 3382 3876 3419
8560 4 2 0 1 3739 2783 2850 2885
8561 4 2 0 1 3624 2533 768 1065
8562 4 2 0 1 2757 2685 2692 3425
8563 4 2 0 1 3528 1064 682 267
8564 4 2 0 1 3702 2859 2685 2266
8565 4 2 0 1 3362 3481 2336 3464
8566 4 2 0 1 3837 3079 3101 3075
8567 4 2 0 1 3756 3755 2957 2958
8568 4 2 0 1 2267 2685 3421 2383
8569 4 2 0 1 1728 2229 3100 3063
8570 4 2 0 1 1695 1696 1694 3790
8571 4 2 0 1 1830 3758 3759 1364
8572 4 2 0 1 2210 2054 3334 2121
8573 4 2 0 1 2685 2383 3702 2266
8574 4 2 0 1 1170 3755 2957 3756
8575 4 2 0 1 3054 1184 1183 1185
8576 4 2 0 1 2556 3433 3510 3553
8577 4 2 0 1 2953 2803 2429 2430
8578 4 2 0 1 2990 425 2436 1147
8579 4 2 0 1 2990 425 1147 1039
8580 4 2 0 1 2492 2800 3479 3394
8581 4 2 0 1 223 2977 2804 222
8582 4 2 0 1 1352 3321 3755 2211
8583 4 2 0 1 3096 2828 3204 2908
8584 4 2 0 1 2188 3324 28 27
8585 4 2 0 1 2541 2933 3687 541
8586 4 2 0 1 1929 1896 1594 3301
8587 4 2 0 1 576 542 603 2933
8588 4 2 0 1 3644 2870 2320 3267
8589 4 2 0 1 3162 2013 3787 1415
8590 4 2 0 1 3536 1271 1730 3164
8591 4 2 0 1 3312 2694 3705 3249
8592 4 2 0 1 2755 2753 2803 2430
8593 4 2 0 1 2803 2755 2752 2753
8594 4 2 0 1 1102 650 2901 987
8595 4 2 0 1 1617 3286 1791 1615
8596 4 2 0 1 2963 103 2962 102
8597 4 2 0 1 3067 3212 3331 3090
8598 4 2 0 1 3876 3423 2685 3403
8599 4 2 0 1 2671 2686 3418 3545
8600 4 2 0 1 2618 3676 2653 2617
8601 4 2 0 1 2564 3641 3649 2329
8602 4 2 0 1 2925 2747 3577 2404
8603 4 2 0 1 2520 2523 3436 2521
8604 4 2 0 1 2757 2937 3350 3422
8605 4 2 0 1 2950 453 1045 3578
8606 4 2 0 1 3577 2457 3579 2402
8607 4 2 0 1 2037 3850 3316 1482
8608 4 2 0 1 2018 2997 3066 3090
8609 4 2 0 1 2910 2456 3340 71
8610 4 2 0 1 2954 2992 2993 2453
8611 4 2 0 1 2457 2458 2393 2454
8612 4 2 0 1 2815 2562 3620 2563
8613 4 2 0 1 3042 3810 3187 3045
8614 4 2 0 1 3090 2998 3554 2997
8615 4 2 0 1 3872 3496 3352 3503
8616 4 2 0 1 1210 3192 3059 3080
8617 4 2 0 1 3423 2712 3754 3371
8618 4 2 0 1 2925 2747 2404 2722
8619 4 2 0 1 3490 3313 2329 3433
8620 4 2 0 1 2306 809 707 709
8621 4 2 0 1 3329 467 75 3328
8622 4 2 0 1 3428 2381 3272 3658
8623 4 2 0 1 931 95 2973 2508
8624 4 2 0 1 3329 75 467 99
8625 4 2 0 1 3836 3104 3079 3837
8626 4 2 0 1 818 398 2882 519
8627 4 2 0 1 2992 89 2954 2894
8628 4 2 0 1 2992 2 2950 3322
8629 4 2 0 1 2283 822 3673 2996
8630 4 2 0 1 2512 2459 2460 3579
8631 4 2 0 1 2305 2417 2824 2287
8632 4 2 0 1 2370 3536 2372 2326
8633 4 2 0 1 1363 3759 3100 3758
8634 4 2 0 1 2479 637 658 566
8635 4 2 0 1 3885 3884 2336 2823
8636 4 2 0 1 2460 2747 2722 3677
8637 4 2 0 1 2805 2278 2700 2749
8638 4 2 0 1 2492 3390 2290 3461
8639 4 2 0 1 1002 227 2949 229
8640 4 2 0 1 3007 3063 3519 3834
8641 4 2 0 1 2501 496 497 494
8642 4 2 0 1 3204 3834 3519 3100
8643 4 2 0 1 1635 3900 1634 1309
8644 4 2 0 1 2952 2392 3700 2525
8645 4 2 0 1 708 983 896 2681
8646 4 2 0 1 3918 1994 3909 2142
8647 4 2 0 1 3669 2639 2593 2483
8648 4 2 0 1 452 1080 243 2978
8649 4 2 0 1 3575 3576 2455 3574
8650 4 2 0 1 2700 2278 2285 2749
8651 4 2 0 1 2973 3611 3612 2380
8652 4 2 0 1 3053 3026 3049 3040
8653 4 2 0 1 3026 3049 3040 3048
8654 4 2 0 1 3348 2254 2733 3359
8655 4 2 0 1 3290 2416 1819 2423
8656 4 2 0 1 3387 3380 3386 3394
8657 4 2 0 1 1398 3797 3917 3933
8658 4 2 0 1 3077 3486 3079 3005
8659 4 2 0 1 826 3639 2604 2560
8660 4 2 0 1 3588 2710 2464 3648
8661 4 2 0 1 3520 3232 3292 3864
8662 4 2 0 1 3524 2364 827 2347
8663 4 2 0 1 863 862 481 3593
8664 4 2 0 1 178 766 3597 742
8665 4 2 0 1 574 2706 2872 418
8666 4 2 0 1 1014 634 157 2477
8667 4 2 0 1 450 1027 3681 2289
8668 4 2 0 1 2286 2633 3460 2928
8669 4 2 0 1 2801 2288 3467 2871
8670 4 2 0 1 639 2766 827 1056
8671 4 2 0 1 2347 3588 3590 3589
8672 4 2 0 1 2491 3606 3460 2705
8673 4 2 0 1 3281 3022 3023 3796
8674 4 2 0 1 729 2966 31 963
8675 4 2 0 1 284 2473 2847 285
8676 4 2 0 1 1089 1075 718 3570
8677 4 2 0 1 2590 399 2526 558
8678 4 2 0 1 3281 3022 3021 3024
8679 4 2 0 1 3430 3422 3272 2324
8680 4 2 0 1 3272 3422 2757 3350
8681 4 2 0 1 3350 3272 3422 2324
8682 4 2 0 1 3484 2834 2336 2850
8683 4 2 0 1 3843 3203 2410 2770
8684 4 2 0 1 2637 2906 3684 3615
8685 4 2 0 1 100 3327 109 73
8686 4 2 0 1 3124 1928 2194 3203
8687 4 2 0 1 2913 3140 1555 3685
8688 4 2 0 1 3559 3235 3146 3843
8689 4 2 0 1 3021 3022 3281 3796
8690 4 2 0 1 3784 1228 1229 1227
8691 4 2 0 1 2701 2522 2746 2255
8692 4 2 0 1 747 617 2666 618
8693 4 2 0 1 1878 1892 2236 3253
8694 4 2 0 1 2832 2809 3374 2808
8695 4 2 0 1 2517 2519 2520 3621
8696 4 2 0 1 2533 1099 649 460
8697 4 2 0 1 371 3629 2443 3725
8698 4 2 0 1 2273 3771 2539 3420
8699 4 2 0 1 3021 3022 3798 3024
8700 4 2 0 1 2624 2539 3678 3725
8701 4 2 0 1 3653 3630 3417 2902
8702 4 2 0 1 2652 2994 2931 2276
8703 4 2 0 1 3297 3157 3229 3159
8704 4 2 0 1 3297 3157 3159 3153
8705 4 2 0 1 2530 820 3632 2655
8706 4 2 0 1 3827 1212 3190 3080
8707 4 2 0 1 3945 3018 3794 3793
8708 4 2 0 1 3798 3022 3021 3796
8709 4 2 0 1 2808 3444 3378 3760
8710 4 2 0 1 2554 2552 3638 2553
8711 4 2 0 1 2505 2825 2386 2388
8712 4 2 0 1 3857 3859 3803 3176
8713 4 2 0 1 3247 3030 3806 3805
8714 4 2 0 1 1780 3646 1778 2607
8715 4 2 0 1 3070 3072 3825 3823
8716 4 2 0 1 813 2411 789 189
8717 4 2 0 1 1825 3031 3805 1975
8718 4 2 0 1 3032 1527 3031 3029
8719 4 2 0 1 257 3478 2353 738
8720 4 2 0 1 653 755 2568 1113
8721 4 2 0 1 2767 2641 2768 2302
8722 4 2 0 1 2504 2891 2642 2292
8723 4 2 0 1 3368 2272 3874 3413
8724 4 2 0 1 2509 3655 2573 3283
8725 4 2 0 1 3096 3232 3097 3226
8726 4 2 0 1 1682 1616 2912 1683
8727 4 2 0 1 2504 2891 2292 2287
8728 4 2 0 1 3270 480 64 63
8729 4 2 0 1 2581 2690 3660 3663
8730 4 2 0 1 3497 3363 2783 3481
8731 4 2 0 1 3499 3641 2555 2815
8732 4 2 0 1 3017 1448 2052 3659
8733 4 2 0 1 2052 3135 3017 3659
8734 4 2 0 1 3484 3208 3520 2850
8735 4 2 0 1 1140 505 2962 101
8736 4 2 0 1 3500 3097 3863 3195
8737 4 2 0 1 3312 3662 3705 2693
8738 4 2 0 1 1030 3594 158 919
8739 4 2 0 1 70 3340 71 2910
8740 4 2 0 1 3943 1850 1851 3091
8741 4 2 0 1 2474 2848 2526 472
8742 4 2 0 1 2589 2592 2593 3666
8743 4 2 0 1 2729 142 143 141
8744 4 2 0 1 3599 2760 3596 2478
8745 4 2 0 1 181 2587 3668 180
8746 4 2 0 1 3943 1850 2227 1851
8747 4 2 0 1 3215 3867 3239 3647
8748 4 2 0 1 2553 3716 2320 2554
8749 4 2 0 1 2553 2320 3716 2867
8750 4 2 0 1 815 2988 90 857
8751 4 2 0 1 2553 2554 2320 2868
8752 4 2 0 1 1765 1875 3800 1900
8753 4 2 0 1 2175 2021 3091 2243
8754 4 2 0 1 2700 3370 3714 2284
8755 4 2 0 1 3545 3701 1073 3543
8756 4 2 0 1 2700 3370 2284 2265
8757 4 2 0 1 3726 2968 3405 3411
8758 4 2 0 1 3623 804 397 807
8759 4 2 0 1 2389 386 387 2590
8760 4 2 0 1 2306 2951 2983 832
8761 4 2 0 1 2625 2294 2679 2927
8762 4 2 0 1 2538 3631 2532 3630
8763 4 2 0 1 307 309 310 2935
8764 4 2 0 1 3631 2536 3629 3630
8765 4 2 0 1 2639 3669 2593 2589
8766 4 2 0 1 1300 1302 3038 1301
8767 4 2 0 1 1302 3808 3038 1301
8768 4 2 0 1 3843 3235 3160 2410
8769 4 2 0 1 2598 2864 2550 2284
8770 4 2 0 1 439 441 2830 442
8771 4 2 0 1 444 1005 2887 835
8772 4 2 0 1 2877 2362 2829 3728
8773 4 2 0 1 3038 1372 1302 1300
8774 4 2 0 1 2695 2546 292 1076
8775 4 2 0 1 829 3600 877 830
8776 4 2 0 1 3808 3046 3807 3038
8777 4 2 0 1 2480 662 2830 3596
8778 4 2 0 1 2736 2451 796 3573
8779 4 2 0 1 667 1033 608 3602
8780 4 2 0 1 3680 2633 2429 3681
8781 4 2 0 1 3204 3007 3519 3834
8782 4 2 0 1 2736 2451 3573 2452
8783 4 2 0 1 3040 3046 3038 3048
8784 4 2 0 1 3048 3807 2124 1908
8785 4 2 0 1 3776 3897 3942 1329
8786 4 2 0 1 3420 2350 3405 3882
8787 4 2 0 1 3897 2028 3923 1235
8788 4 2 0 1 2871 2807 3460 3376
8789 4 2 0 1 3477 256 255 254
8790 4 2 0 1 2525 2627 2625 2680
8791 4 2 0 1 246 2631 230 245
8792 4 2 0 1 3403 2685 2383 3546
8793 4 2 0 1 411 873 2895 414
8794 4 2 0 1 2418 3290 2419 84
8795 4 2 0 1 3432 2270 2855 2879
8796 4 2 0 1 2739 991 836 899
8797 4 2 0 1 2419 3290 2418 3291
8798 4 2 0 1 887 59 2878 3320
8799 4 2 0 1 4 2398 568 2950
8800 4 2 0 1 2859 2688 2860 3702
8801 4 2 0 1 3885 2312 3292 3232
8802 4 2 0 1 2918 3414 2263 3415
8803 4 2 0 1 4 2398 2950 2405
8804 4 2 0 1 1638 1636 1637 3915
8805 4 2 0 1 601 2533 1065 784
8806 4 2 0 1 3525 2484 2830 2831
8807 4 2 0 1 2699 2701 3711 2874
8808 4 2 0 1 3525 445 3601 488
8809 4 2 0 1 23 3522 22 2134
8810 4 2 0 1 445 488 3525 484
8811 4 2 0 1 2254 2710 3359 3348
8812 4 2 0 1 2314 3054 3062 2899
8813 4 2 0 1 593 594 592 2467
8814 4 2 0 1 967 3590 3589 594
8815 4 2 0 1 2594 2593 3438 2527
8816 4 2 0 1 344 3731 347 765
8817 4 2 0 1 2975 448 2857 610
8818 4 2 0 1 610 818 2925 1015
8819 4 2 0 1 2881 2857 448 429
8820 4 2 0 1 3457 587 2614 3674
8821 4 2 0 1 2862 3480 2896 3391
8822 4 2 0 1 180 871 3664 872
8823 4 2 0 1 3626 2534 3416 3624
8824 4 2 0 1 3822 3074 1265 3068
8825 4 2 0 1 3517 3466 2961 2767
8826 4 2 0 1 3103 3486 3079 3835
8827 4 2 0 1 2567 2565 2256 3389
8828 4 2 0 1 3602 3603 2498 2486
8829 4 2 0 1 2312 3773 3227 3106
8830 4 2 0 1 3733 2585 3136 3269
8831 4 2 0 1 2738 3480 2896 2858
8832 4 2 0 1 2451 2737 408 2841
8833 4 2 0 1 3486 3103 3079 3005
8834 4 2 0 1 81 103 2962 62
8835 4 2 0 1 2675 2810 3760 2762
8836 4 2 0 1 2488 3689 2762 3605
8837 4 2 0 1 2623 722 2353 2939
8838 4 2 0 1 408 2737 407 2841
8839 4 2 0 1 3016 3659 3252 3095
8840 4 2 0 1 439 662 2480 438
8841 4 2 0 1 3063 3776 3777 1244
8842 4 2 0 1 2912 2055 1457 3768
8843 4 2 0 1 2305 2447 3572 2452
8844 4 2 0 1 3087 1935 2089 1626
8845 4 2 0 1 2691 2780 2784 2781
8846 4 2 0 1 820 2655 819 785
8847 4 2 0 1 3044 3148 3050 3790
8848 4 2 0 1 2260 3402 3875 3373
8849 4 2 0 1 1447 3659 3016 3095
8850 4 2 0 1 2847 3605 2487 3604
8851 4 2 0 1 2972 2472 3590 3585
8852 4 2 0 1 1447 3016 3659 3017
8853 4 2 0 1 2520 3621 2669 2559
8854 4 2 0 1 3396 3875 3369 3880
8855 4 2 0 1 3620 3753 2814 2519
8856 4 2 0 1 2562 2709 2553 902
8857 4 2 0 1 2867 2563 2553 2844
8858 4 2 0 1 94 2502 681 844
8859 4 2 0 1 2577 3424 3336 3337
8860 4 2 0 1 2153 2786 1799 2228
8861 4 2 0 1 2431 3566 3564 2502
8862 4 2 0 1 3680 2501 2634 3608
8863 4 2 0 1 3594 863 633 1030
8864 4 2 0 1 2501 2301 2499 2300
8865 4 2 0 1 2067 2853 2900 1543
8866 4 2 0 1 3469 2499 3608 2501
8867 4 2 0 1 3046 3043 2610 3052
8868 4 2 0 1 2475 3593 948 2872
8869 4 2 0 1 3654 654 3652 660
8870 4 2 0 1 1638 3037 1637 1639
8871 4 2 0 1 3137 3516 3161 3851
8872 4 2 0 1 2703 2702 2726 2728
8873 4 2 0 1 3135 1952 1700 3845
8874 4 2 0 1 2776 2770 3123 3160
8875 4 2 0 1 3281 3851 3171 3168
8876 4 2 0 1 3210 3171 3205 1710
8877 4 2 0 1 47 1175 3941 46
8878 4 2 0 1 3141 3252 3659 3095
8879 4 2 0 1 1572 3281 2189 3087
8880 4 2 0 1 2030 3941 47 1175
8881 4 2 0 1 2922 3663 2690 3701
8882 4 2 0 1 2784 2786 3739 2838
8883 4 2 0 1 2904 2650 2812 2976
8884 4 2 0 1 2838 2784 2786 2740
8885 4 2 0 1 1619 1930 3018 1804
8886 4 2 0 1 3829 1221 3318 1220
8887 4 2 0 1 2836 2313 3844 3226
8888 4 2 0 1 3736 3698 2676 2675
8889 4 2 0 1 3162 2013 1415 1600
8890 4 2 0 1 1255 1254 3779 1268
8891 4 2 0 1 2328 3170 3509 3489
8892 4 2 0 1 1553 3127 2786 3128
8893 4 2 0 1 3162 3207 3854 3171
8894 4 2 0 1 3844 3231 3014 3206
8895 4 2 0 1 1695 3083 3151 1997
8896 4 2 0 1 2314 3062 3817 3065
8897 4 2 0 1 3241 3140 3768 3683
8898 4 2 0 1 1396 3017 1400 1397
8899 4 2 0 1 2779 147 2875 2348
8900 4 2 0 1 2722 2460 3677 3673
8901 4 2 0 1 3192 3193 2335 3080
8902 4 2 0 1 3032 1527 3029 1528
8903 4 2 0 1 3062 3717 3817 3065
8904 4 2 0 1 3872 3496 3503 2898
8905 4 2 0 1 3595 3736 2675 3698
8906 4 2 0 1 3033 3158 1590 3247
8907 4 2 0 1 3193 3829 3080 3860
8908 4 2 0 1 3595 3736 3698 367
8909 4 2 0 1 2776 3160 3451 3550
8910 4 2 0 1 3113 1475 3114 3850
8911 4 2 0 1 2344 3863 3221 3865
8912 4 2 0 1 3923 1241 1239 1240
8913 4 2 0 1 2102 2127 3256 1311
8914 4 2 0 1 3484 3520 3208 2836
8915 4 2 0 1 3204 2343 3098 3097
8916 4 2 0 1 2776 3451 3160 3123
8917 4 2 0 1 2283 2722 2748 2278
8918 4 2 0 1 1280 1990 2136 3069
8919 4 2 0 1 1101 730 3695 501
8920 4 2 0 1 1280 3822 3073 1274
8921 4 2 0 1 3302 3098 3097 3195
8922 4 2 0 1 2283 2748 2722 3731
8923 4 2 0 1 2748 2722 2747 2278
8924 4 2 0 1 3096 2312 3106 3485
8925 4 2 0 1 3756 3062 2899 3491
8926 4 2 0 1 2720 2722 2748 3731
8927 4 2 0 1 2582 3085 3125 3151
8928 4 2 0 1 3638 2868 2553 2844
8929 4 2 0 1 3542 3429 3694 2886
8930 4 2 0 1 3909 3916 1666 1713
8931 4 2 0 1 3023 1550 1444 1551
8932 4 2 0 1 1954 2191 1592 3307
8933 4 2 0 1 3104 3772 3735 3773
8934 4 2 0 1 3116 3217 3779 3842
8935 4 2 0 1 1376 1374 1571 3775
8936 4 2 0 1 3485 3104 3106 3835
8937 4 2 0 1 3445 3446 3452 2279
8938 4 2 0 1 2235 1464 1466 3246
8939 4 2 0 1 3570 2991 2437 2439
8940 4 2 0 1 784 2533 1065 768
8941 4 2 0 1 3019 3842 3779 3217
8942 4 2 0 1 1171 1495 1667 3237
8943 4 2 0 1 3151 2036 2128 3125
8944 4 2 0 1 3162 3851 3171 3021
8945 4 2 0 1 3030 3154 3247 3806
8946 4 2 0 1 1833 3798 1969 3021
8947 4 2 0 1 2033 1604 3786 1603
8948 4 2 0 1 3172 3115 3842 3318
8949 4 2 0 1 1404 3798 1406 1405
8950 4 2 0 1 2012 1413 1835 3021
8951 4 2 0 1 3485 3104 3773 3106
8952 4 2 0 1 2905 3295 3682 2912
8953 4 2 0 1 3260 3868 3186 3556
8954 4 2 0 1 1941 3124 1469 1672
8955 4 2 0 1 2400 3452 3448 2911
8956 4 2 0 1 3094 1902 3847 1904
8957 4 2 0 1 3316 3147 3554 3850
8958 4 2 0 1 1167 2866 1181 1345
8959 4 2 0 1 3553 2558 3638 2868
8960 4 2 0 1 3019 3842 3217 3190
8961 4 2 0 1 3192 3816 3793 1210
8962 4 2 0 1 3118 3231 3007 3221
8963 4 2 0 1 2866 1181 1345 3062
8964 4 2 0 1 2835 2739 3465 2849
8965 4 2 0 1 3589 3588 2972 2323
8966 4 2 0 1 3361 3737 2321 3738
8967 4 2 0 1 2554 3644 2868 3638
8968 4 2 0 1 3032 1532 1529 3276
8969 4 2 0 1 2742 2740 2833 2739
8970 4 2 0 1 3129 3127 2339 3207
8971 4 2 0 1 3521 2322 3523 2347
8972 4 2 0 1 3127 3130 2339 3207
8973 4 2 0 1 2432 2841 2479 2295
8974 4 2 0 1 3517 2961 3361 2767
8975 4 2 0 1 2868 3766 3487 3871
8976 4 2 0 1 3726 3883 3437 2968
8977 4 2 0 1 2103 3016 3015 3781
8978 4 2 0 1 3626 2273 3404 3416
8979 4 2 0 1 1149 607 2942 946
8980 4 2 0 1 2745 2855 2856 2811
8981 4 2 0 1 2935 3569 2435 3568
8982 4 2 0 1 2754 2357 2291 2755
8983 4 2 0 1 1698 3149 3044 1696
8984 4 2 0 1 3354 3065 3487 3352
8985 4 2 0 1 2602 2557 3257 3216
8986 4 2 0 1 2935 3569 3568 2439
8987 4 2 0 1 2072 3789 2095 3790
8988 4 2 0 1 3592 596 3591 2467
8989 4 2 0 1 3106 3104 3838 3835
8990 4 2 0 1 2469 2767 2299 3366
8991 4 2 0 1 3105 3078 3838 3837
8992 4 2 0 1 1002 2979 2949 2980
8993 4 2 0 1 914 2631 302 228
8994 4 2 0 1 103 1140 2962 102
8995 4 2 0 1 650 458 651 2873
8996 4 2 0 1 3835 3104 3838 3079
8997 4 2 0 1 2397 3840 3201 3114
8998 4 2 0 1 1618 1562 1898 3243
8999 4 2 0 1 3193 3058 3492 3055
9000 4 2 0 1 991 2734 860 797
9001 4 2 0 1 3242 3113 3114 3840
9002 4 2 0 1 2910 2456 2973 2380
9003 4 2 0 1 2620 811 1128 934
9004 4 2 0 1 483 3329 2459 467
9005 4 2 0 1 2218 3124 1941 1672
9006 4 2 0 1 3261 3201 3839 3840
9007 4 2 0 1 3520 3232 3864 2836
9008 4 2 0 1 2324 3753 2523 3422
9009 4 2 0 1 1484 3242 3841 3110
9010 4 2 0 1 139 1051 3530 999
9011 4 2 0 1 1132 238 2983 236
9012 4 2 0 1 1731 1484 3841 3110
9013 4 2 0 1 3582 1041 2903 3585
9014 4 2 0 1 3056 2371 3055 2899
9015 4 2 0 1 2296 3475 2486 3474
9016 4 2 0 1 3261 3201 3840 3114
9017 4 2 0 1 3666 156 157 2477
9018 4 2 0 1 3242 3841 3261 1480
9019 4 2 0 1 3736 2676 2706 2595
9020 4 2 0 1 233 2310 1122 234
9021 4 2 0 1 3773 3227 3106 2450
9022 4 2 0 1 3773 3227 2450 2449
9023 4 2 0 1 2284 2864 3529 2813
9024 4 2 0 1 2965 576 616 992
9025 4 2 0 1 2312 3773 3106 3485
9026 4 2 0 1 2324 3422 2523 3430
9027 4 2 0 1 1368 3836 3305 2170
9028 4 2 0 1 2959 3056 2314 2899
9029 4 2 0 1 2610 3046 3555 3043
9030 4 2 0 1 704 2678 3699 3700
9031 4 2 0 1 3485 2826 2312 3122
9032 4 2 0 1 2696 2678 3698 3769
9033 4 2 0 1 719 2474 643 3623
9034 4 2 0 1 547 2575 913 943
9035 4 2 0 1 2908 3463 2506 2825
9036 4 2 0 1 3216 3214 2607 2845
9037 4 2 0 1 3632 2531 2655 2570
9038 4 2 0 1 753 883 3725 567
9039 4 2 0 1 2908 3463 2825 3196
9040 4 2 0 1 2908 3463 3196 2343
9041 4 2 0 1 621 623 3722 624
9042 4 2 0 1 973 2614 1042 661
9043 4 2 0 1 3258 1528 3032 3131
9044 4 2 0 1 3154 3867 3032 3030
9045 4 2 0 1 3325 2899 1824 3812
9046 4 2 0 1 1689 3797 1687 2035
9047 4 2 0 1 3756 2958 3757 3755
9048 4 2 0 1 2704 79 206 2365
9049 4 2 0 1 3276 1530 1529 3032
9050 4 2 0 1 3078 1445 3105 3838
9051 4 2 0 1 1201 3896 1821 2236
9052 4 2 0 1 1741 3778 2016 3000
9053 4 2 0 1 1921 3284 1315 2208
9054 4 2 0 1 2079 1749 3811 1751
9055 4 2 0 1 2908 3463 2343 2506
9056 4 2 0 1 3902 1294 1295 1293
9057 4 2 0 1 3248 3047 3555 3201
9058 4 2 0 1 3263 3252 2580 3251
9059 4 2 0 1 1368 3099 1367 1366
9060 4 2 0 1 2284 3414 2551 2599
9061 4 2 0 1 1914 2416 1819 1165
9062 4 2 0 1 3486 3102 3079 3835
9063 4 2 0 1 3714 3414 2700 2284
9064 4 2 0 1 1200 1203 3815 1631
9065 4 2 0 1 2580 3275 3251 3036
9066 4 2 0 1 3881 3726 3405 3411
9067 4 2 0 1 2370 1929 1609 3535
9068 4 2 0 1 3316 1482 3090 2107
9069 4 2 0 1 2619 2856 2855 2811
9070 4 2 0 1 1992 3819 1571 1991
9071 4 2 0 1 2527 3438 2594 2528
9072 4 2 0 1 1493 1541 1466 3246
9073 4 2 0 1 1904 3094 1905 1534
9074 4 2 0 1 2128 3085 3151 3125
9075 4 2 0 1 3085 3083 1218 3151
9076 4 2 0 1 1695 1693 3151 3790
9077 4 2 0 1 876 2572 88 65
9078 4 2 0 1 3083 3790 3152 3149
9079 4 2 0 1 1696 2072 1694 3790
9080 4 2 0 1 3612 2512 2856 2510
9081 4 2 0 1 3839 3109 3108 3112
9082 4 2 0 1 3810 3775 3809 3045
9083 4 2 0 1 1299 3037 2244 1301
9084 4 2 0 1 1218 3083 3830 1997
9085 4 2 0 1 1673 2047 3113 1644
9086 4 2 0 1 2265 2284 2700 2264
9087 4 2 0 1 1838 3928 1522 2029
9088 4 2 0 1 1641 1962 3037 1639
9089 4 2 0 1 1860 1833 1406 3798
9090 4 2 0 1 3816 1210 1209 1206
9091 4 2 0 1 3452 2911 3323 3448
9092 4 2 0 1 3816 1209 1210 3059
9093 4 2 0 1 1621 3130 1553 3128
9094 4 2 0 1 2479 2426 658 637
9095 4 2 0 1 3122 2826 2312 3292
9096 4 2 0 1 1192 3298 1191 3317
9097 4 2 0 1 1180 19 3715 3197
9098 4 2 0 1 3198 1182 1323 1958
9099 4 2 0 1 3887 2332 2845 3507
9100 4 2 0 1 24 3524 979 926
9101 4 2 0 1 3238 3023 3125 3087
9102 4 2 0 1 3268 3870 3285 3142
9103 4 2 0 1 3168 3170 3207 3855
9104 4 2 0 1 1987 3279 3303 1679
9105 4 2 0 1 3168 3170 3855 3169
9106 4 2 0 1 2235 1541 1732 3246
9107 4 2 0 1 3848 1940 3849 3094
9108 4 2 0 1 3047 2610 3555 3112
9109 4 2 0 1 3448 2921 2721 2400
9110 4 2 0 1 2608 2395 2612 2776
9111 4 2 0 1 1768 2608 2609 2222
9112 4 2 0 1 2992 2453 2402 2993
9113 4 2 0 1 3304 1487 1491 3090
9114 4 2 0 1 3179 2280 3160 3235
9115 4 2 0 1 2464 2518 2936 2971
9116 4 2 0 1 2371 2959 3491 2899
9117 4 2 0 1 3757 3491 2371 2959
9118 4 2 0 1 2450 1445 1433 3838
9119 4 2 0 1 3836 2070 2170 1622
9120 4 2 0 1 2420 2448 2419 2418
9121 4 2 0 1 1016 3565 368 978
9122 4 2 0 1 3573 1003 2833 2446
9123 4 2 0 1 1055 136 2361 1028
9124 4 2 0 1 2419 210 84 843
9125 4 2 0 1 3063 1258 1263 3782
9126 4 2 0 1 213 2772 1068 2496
9127 4 2 0 1 2361 138 3729 3530
9128 4 2 0 1 972 2920 2422 2946
9129 4 2 0 1 2833 3573 2447 2742
9130 4 2 0 1 2361 2995 1055 1028
9131 4 2 0 1 1258 3782 1260 1263
9132 4 2 0 1 45 972 2422 2946
9133 4 2 0 1 2920 2946 82 552
9134 4 2 0 1 1156 3295 2112 2636
9135 4 2 0 1 1477 3331 3850 1476
9136 4 2 0 1 1160 65 64 3270
9137 4 2 0 1 2985 754 844 905
9138 4 2 0 1 45 2422 86 44
9139 4 2 0 1 3118 3009 3230 3784
9140 4 2 0 1 1960 3074 1263 1260
9141 4 2 0 1 140 2361 3729 2729
9142 4 2 0 1 3613 2510 3765 2512
9143 4 2 0 1 2910 70 917 95
9144 4 2 0 1 3074 3782 1263 1260
9145 4 2 0 1 3063 3782 1263 3005
9146 4 2 0 1 3676 118 941 168
9147 4 2 0 1 3575 3576 3574 2911
9148 4 2 0 1 177 2654 834 1060
9149 4 2 0 1 2626 2291 2354 2353
9150 4 2 0 1 2386 3534 2387 2367
9151 4 2 0 1 2386 3534 2367 2640
9152 4 2 0 1 1338 1828 1829 2909
9153 4 2 0 1 2854 3676 2653 2811
9154 4 2 0 1 2386 3534 2640 2365
9155 4 2 0 1 1830 3758 2909 3759
9156 4 2 0 1 3544 3538 2382 2377
9157 4 2 0 1 2812 2547 2723 3723
9158 4 2 0 1 3549 2011 3328 3330
9159 4 2 0 1 2386 3534 2365 2387
9160 4 2 0 1 3148 3150 3003 3016
9161 4 2 0 1 2549 392 490 454
9162 4 2 0 1 3594 863 1030 1014
9163 4 2 0 1 1759 2157 1758 3110
9164 4 2 0 1 957 741 2765 2413
9165 4 2 0 1 3003 3015 3148 3016
9166 4 2 0 1 2478 3594 3598 2477
9167 4 2 0 1 3272 3433 3306 3498
9168 4 2 0 1 3056 3057 3509 3828
9169 4 2 0 1 846 508 847 2590
9170 4 2 0 1 3843 3289 3124 3559
9171 4 2 0 1 3203 3843 3124 3110
9172 4 2 0 1 3184 3509 3057 3828
9173 4 2 0 1 2474 950 162 1124
9174 4 2 0 1 2622 2905 2912 3295
9175 4 2 0 1 3843 3145 3124 3110
9176 4 2 0 1 1131 2482 152 154
9177 4 2 0 1 3612 2856 2745 2510
9178 4 2 0 1 3612 2512 2510 2458
9179 4 2 0 1 194 191 3560 2415
9180 4 2 0 1 2395 2769 3448 2721
9181 4 2 0 1 2779 2875 2829 2877
9182 4 2 0 1 2587 1152 2763 2848
9183 4 2 0 1 3443 3441 2876 2483
9184 4 2 0 1 959 847 2590 1092
9185 4 2 0 1 129 1093 471 3724
9186 4 2 0 1 1097 2763 1092 176
9187 4 2 0 1 3755 3321 2957 2958
9188 4 2 0 1 2769 2400 3452 3448
9189 4 2 0 1 3554 3092 3067 3212
9190 4 2 0 1 79 2365 207 206
9191 4 2 0 1 3554 3067 3092 2998
9192 4 2 0 1 2268 2670 2377 3410
9193 4 2 0 1 2429 772 914 771
9194 4 2 0 1 3526 2474 3665 2526
9195 4 2 0 1 3020 1880 3282 1881
9196 4 2 0 1 360 359 3700 358
9197 4 2 0 1 2848 3665 2474 2526
9198 4 2 0 1 2884 808 1144 358
9199 4 2 0 1 3885 2312 3232 3096
9200 4 2 0 1 2344 3519 3117 3120
9201 4 2 0 1 2623 722 2939 253
9202 4 2 0 1 2965 683 1116 1043
9203 4 2 0 1 841 3679 627 2411
9204 4 2 0 1 3317 2335 3059 3192
9205 4 2 0 1 3158 1211 3059 3080
9206 4 2 0 1 2624 2438 3477 2442
9207 4 2 0 1 279 2982 604 1146
9208 4 2 0 1 287 2647 2487 801
9209 4 2 0 1 3072 1425 3102 3824
9210 4 2 0 1 3102 1425 3072 1426
9211 4 2 0 1 1469 3124 3146 3143
9212 4 2 0 1 2549 392 443 2948
9213 4 2 0 1 2970 513 2971 2936
9214 4 2 0 1 1717 3277 3299 3266
9215 4 2 0 1 717 1034 614 2915
9216 4 2 0 1 3411 2916 2728 2362
9217 4 2 0 1 1184 3229 1909 1186
9218 4 2 0 1 2832 2831 3374 3441
9219 4 2 0 1 2256 2565 2820 3385
9220 4 2 0 1 3297 1207 1909 1186
9221 4 2 0 1 3229 3297 1909 1186
9222 4 2 0 1 3126 3138 3505 2339
9223 4 2 0 1 2820 3877 3690 2565
9224 4 2 0 1 2969 2551 731 977
9225 4 2 0 1 3508 3138 3126 2794
9226 4 2 0 1 705 706 3699 2628
9227 4 2 0 1 2414 194 196 487
9228 4 2 0 1 3051 3555 3150 3248
9229 4 2 0 1 3537 2377 2855 2819
9230 4 2 0 1 3387 2799 3407 3406
9231 4 2 0 1 3387 2799 3406 3380
9232 4 2 0 1 3397 3369 3396 3423
9233 4 2 0 1 2709 1044 645 1115
9234 4 2 0 1 3235 2906 3234 2407
9235 4 2 0 1 2969 341 2600 3459
9236 4 2 0 1 3599 2760 2478 2832
9237 4 2 0 1 2259 2265 3399 3398
9238 4 2 0 1 2822 2663 2500 2384
9239 4 2 0 1 725 2822 495 726
9240 4 2 0 1 2888 2615 2276 2797
9241 4 2 0 1 2905 3734 3556 3260
9242 4 2 0 1 698 455 822 2996
9243 4 2 0 1 3236 3036 3556 3141
9244 4 2 0 1 2607 2852 3552 2606
9245 4 2 0 1 2257 2888 2253 2621
9246 4 2 0 1 2413 951 1092 2763
9247 4 2 0 1 960 2629 2436 716
9248 4 2 0 1 508 846 385 2590
9249 4 2 0 1 2389 420 715 470
9250 4 2 0 1 384 345 2435 868
9251 4 2 0 1 3232 3106 3225 2313
9252 4 2 0 1 3696 2481 3760 2675
9253 4 2 0 1 3568 1118 923 648
9254 4 2 0 1 3384 2350 3402 3386
9255 4 2 0 1 3728 2779 2877 2548
9256 4 2 0 1 2945 1460 3240 2216
9257 4 2 0 1 3225 3106 3232 3227
9258 4 2 0 1 2969 670 2918 1026
9259 4 2 0 1 1573 1562 3243 3240
9260 4 2 0 1 2000 2943 3571 2917
9261 4 2 0 1 1563 1856 1560 3240
9262 4 2 0 1 1877 1878 2236 3253
9263 4 2 0 1 2421 2433 2426 2432
9264 4 2 0 1 1877 3019 1878 3253
9265 4 2 0 1 2734 414 860 797
9266 4 2 0 1 1880 1878 3253 1892
9267 4 2 0 1 1880 2164 3282 1881
9268 4 2 0 1 3285 3870 3268 3288
9269 4 2 0 1 3568 2591 2441 2439
9270 4 2 0 1 3282 1892 1880 3253
9271 4 2 0 1 308 2436 898 935
9272 4 2 0 1 437 434 3595 432
9273 4 2 0 1 2482 2875 3597 2348
9274 4 2 0 1 2480 2481 633 3593
9275 4 2 0 1 436 2480 435 438
9276 4 2 0 1 1445 2450 3105 3838
9277 4 2 0 1 2517 2559 2520 447
9278 4 2 0 1 3187 3811 3810 3042
9279 4 2 0 1 3187 3810 3811 3041
9280 4 2 0 1 2695 3707 3706 3708
9281 4 2 0 1 2922 2684 3701 2901
9282 4 2 0 1 2535 607 2529 2534
9283 4 2 0 1 3039 3187 3810 3045
9284 4 2 0 1 130 3724 129 2621
9285 4 2 0 1 384 868 2435 923
9286 4 2 0 1 129 3724 130 1093
9287 4 2 0 1 1478 1475 3114 3113
9288 4 2 0 1 3242 1478 3114 3113
9289 4 2 0 1 2870 3869 3267 3647
9290 4 2 0 1 3199 3181 3766 3267
9291 4 2 0 1 965 2291 2661 2353
9292 4 2 0 1 521 2572 876 764
9293 4 2 0 1 3181 2332 3766 3267
9294 4 2 0 1 3034 3262 3083 3084
9295 4 2 0 1 3199 3766 2320 3267
9296 4 2 0 1 1512 3322 3237 1495
9297 4 2 0 1 2406 3237 3274 3322
9298 4 2 0 1 1295 3799 1296 1294
9299 4 2 0 1 1140 2929 102 685
9300 4 2 0 1 3603 2485 3475 1111
9301 4 2 0 1 419 869 2296 795
9302 4 2 0 1 3137 3845 3139 3202
9303 4 2 0 1 3712 2633 2300 3681
9304 4 2 0 1 2486 3712 3713 2705
9305 4 2 0 1 491 870 3681 1117
9306 4 2 0 1 269 2296 3712 2974
9307 4 2 0 1 2501 3608 3469 2663
9308 4 2 0 1 3410 2377 2819 2855
9309 4 2 0 1 213 1068 464 2496
9310 4 2 0 1 1504 1506 3053 1505
9311 4 2 0 1 783 970 754 2907
9312 4 2 0 1 3096 3885 3097 3232
9313 4 2 0 1 945 2872 2884 1054
9314 4 2 0 1 2497 3462 2287 2304
9315 4 2 0 1 32 2387 1664 2250
9316 4 2 0 1 1226 3280 1757 2033
9317 4 2 0 1 2316 3586 2469 3359
9318 4 2 0 1 304 3707 305 3706
9319 4 2 0 1 590 2766 2467 592
9320 4 2 0 1 2961 2302 3476 2767
9321 4 2 0 1 3237 3289 1668 3203
9322 4 2 0 1 2544 2471 701 767
9323 4 2 0 1 2575 943 2854 561
9324 4 2 0 1 532 895 2655 535
9325 4 2 0 1 820 2655 785 3633
9326 4 2 0 1 3426 2650 2904 2531
9327 4 2 0 1 3237 3289 3203 2410
9328 4 2 0 1 2406 3237 2410 3274
9329 4 2 0 1 2953 2295 2304 2497
9330 4 2 0 1 3653 3630 2902 2538
9331 4 2 0 1 3036 3136 3186 3556
9332 4 2 0 1 2534 3417 2532 3630
9333 4 2 0 1 3192 3282 3298 3814
9334 4 2 0 1 3427 3441 2877 2876
9335 4 2 0 1 3061 3814 1246 3282
9336 4 2 0 1 376 2596 2948 823
9337 4 2 0 1 3036 3186 3136 3870
9338 4 2 0 1 2164 2108 3282 1881
9339 4 2 0 1 2415 732 3562 2726
9340 4 2 0 1 2715 622 620 2613
9341 4 2 0 1 2108 2164 3282 3794
9342 4 2 0 1 2988 815 2613 857
9343 4 2 0 1 2108 1881 1246 3282
9344 4 2 0 1 3298 2108 3282 3794
9345 4 2 0 1 3176 3857 3026 3803
9346 4 2 0 1 3469 2499 2501 2301
9347 4 2 0 1 3037 1299 3038 1301
9348 4 2 0 1 3088 1935 3087 3085
9349 4 2 0 1 2665 2324 2556 3499
9350 4 2 0 1 2108 3298 3282 3814
9351 4 2 0 1 1041 2544 701 1136
9352 4 2 0 1 590 591 592 2467
9353 4 2 0 1 2288 3467 2498 2768
9354 4 2 0 1 2956 3592 2467 3607
9355 4 2 0 1 3814 2108 1246 3282
9356 4 2 0 1 1792 1342 1986 3314
9357 4 2 0 1 3283 67 66 105
9358 4 2 0 1 515 3525 853 2778
9359 4 2 0 1 3432 2377 2879 2855
9360 4 2 0 1 3598 662 3596 3597
9361 4 2 0 1 1792 3134 1791 3286
9362 4 2 0 1 2716 362 798 897
9363 4 2 0 1 2279 3428 2926 2914
9364 4 2 0 1 1177 3243 2000 3571
9365 4 2 0 1 2381 3428 2914 2886
9366 4 2 0 1 2000 2943 2917 50
9367 4 2 0 1 2000 2943 1177 3571
9368 4 2 0 1 3666 871 3664 3667
9369 4 2 0 1 2889 3428 2914 2926
9370 4 2 0 1 174 3667 472 2848
9371 4 2 0 1 2917 51 50 1021
9372 4 2 0 1 736 665 757 2521
9373 4 2 0 1 518 3582 512 2936
9374 4 2 0 1 2445 2943 3571 2444
9375 4 2 0 1 2889 2914 3428 2886
9376 4 2 0 1 3598 697 663 998
9377 4 2 0 1 2445 2433 2943 2444
9378 4 2 0 1 3692 2649 3693 2268
9379 4 2 0 1 3821 3069 3300 3303
9380 4 2 0 1 2678 2525 2679 2680
9381 4 2 0 1 2009 3916 3946 1949
9382 4 2 0 1 868 648 989 2435
9383 4 2 0 1 598 678 3890 262
9384 4 2 0 1 2136 3069 3303 3300
9385 4 2 0 1 3650 2471 2802 2544
9386 4 2 0 1 3279 1987 3273 1671
9387 4 2 0 1 1173 3301 3332 3324
9388 4 2 0 1 3196 2823 3463 2674
9389 4 2 0 1 2369 2370 3862 2372
9390 4 2 0 1 3321 26 2211 1352
9391 4 2 0 1 2472 2469 3359 2316
9392 4 2 0 1 996 2365 2385 2766
9393 4 2 0 1 2715 747 621 624
9394 4 2 0 1 2995 182 2729 1055
9395 4 2 0 1 2611 1882 1157 1855
9396 4 2 0 1 2240 2105 2827 1711
9397 4 2 0 1 2995 182 1055 680
9398 4 2 0 1 2983 3528 1137 242
9399 4 2 0 1 134 2257 135 2361
9400 4 2 0 1 755 653 2568 1001
9401 4 2 0 1 2995 182 680 2703
9402 4 2 0 1 2486 2499 3602 2300
9403 4 2 0 1 755 2414 197 1106
9404 4 2 0 1 2386 2387 2385 2384
9405 4 2 0 1 711 623 624 3722
9406 4 2 0 1 2825 2416 2827 2987
9407 4 2 0 1 620 857 619 2664
9408 4 2 0 1 3727 2941 2727 3651
9409 4 2 0 1 1013 2649 1133 721
9410 4 2 0 1 36 2987 2827 2105
9411 4 2 0 1 733 2726 732 855
9412 4 2 0 1 2987 2105 1711 2827
9413 4 2 0 1 3417 2941 3416 3653
9414 4 2 0 1 2905 3574 3260 3323
9415 4 2 0 1 2354 2310 3482 2356
9416 4 2 0 1 840 3594 663 2480
9417 4 2 0 1 3654 2932 2570 833
9418 4 2 0 1 2694 2795 3314 3703
9419 4 2 0 1 2525 2392 2524 3547
9420 4 2 0 1 2694 2585 3312 3703
9421 4 2 0 1 2825 2367 3196 2386
9422 4 2 0 1 158 3594 1135 919
9423 4 2 0 1 2872 948 575 482
9424 4 2 0 1 2391 2528 2525 2303
9425 4 2 0 1 2429 760 3566 2634
9426 4 2 0 1 3712 2633 3681 2289
9427 4 2 0 1 2310 854 2360 2311
9428 4 2 0 1 3241 2055 1453 1452
9429 4 2 0 1 961 3894 632 932
9430 4 2 0 1 2358 2304 2755 2295
9431 4 2 0 1 3260 3236 3556 2905
9432 4 2 0 1 2694 3747 2795 3703
9433 4 2 0 1 1075 3477 248 254
9434 4 2 0 1 2422 690 86 800
9435 4 2 0 1 3747 2794 2795 3703
9436 4 2 0 1 3349 2254 2732 2733
9437 4 2 0 1 3820 3916 1519 2004
9438 4 2 0 1 824 2979 2628 2949
9439 4 2 0 1 223 2977 222 221
9440 4 2 0 1 690 2422 2426 800
9441 4 2 0 1 2681 824 2949 896
9442 4 2 0 1 796 408 2737 409
9443 4 2 0 1 3800 1297 1295 1296
9444 4 2 0 1 2766 205 827 1056
9445 4 2 0 1 3490 2329 3313 3357
9446 4 2 0 1 3332 2704 2368 3534
9447 4 2 0 1 2937 2317 3425 2732
9448 4 2 0 1 3249 2878 3662 3335
9449 4 2 0 1 3925 3019 1877 3253
9450 4 2 0 1 3327 994 109 72
9451 4 2 0 1 3335 1343 1154 1340
9452 4 2 0 1 1993 3820 1949 3946
9453 4 2 0 1 73 3327 109 72
9454 4 2 0 1 3216 3510 2845 2516
9455 4 2 0 1 2734 2739 812 2780
9456 4 2 0 1 3216 3510 2516 3453
9457 4 2 0 1 960 2629 716 427
9458 4 2 0 1 2590 907 508 959
9459 4 2 0 1 2578 3432 3658 2758
9460 4 2 0 1 2696 265 845 297
9461 4 2 0 1 2759 3311 2579 2585
9462 4 2 0 1 3725 3477 257 2352
9463 4 2 0 1 3269 3542 2759 3541
9464 4 2 0 1 2628 2979 707 2356
9465 4 2 0 1 738 965 2661 2353
9466 4 2 0 1 2615 2616 2253 2276
9467 4 2 0 1 3457 117 167 916
9468 4 2 0 1 2621 131 2257 2888
9469 4 2 0 1 696 2282 1095 2677
9470 4 2 0 1 2424 2497 2421 3472
9471 4 2 0 1 3116 3006 3783 3117
9472 4 2 0 1 3116 3006 3117 2344
9473 4 2 0 1 2744 975 203 816
9474 4 2 0 1 3016 3781 3003 3015
9475 4 2 0 1 3508 3313 3746 3745
9476 4 2 0 1 815 2988 108 687
9477 4 2 0 1 3343 3692 2650 2976
9478 4 2 0 1 2718 3431 3430 2926
9479 4 2 0 1 2264 3675 2700 3342
9480 4 2 0 1 2979 2306 707 2356
9481 4 2 0 1 258 255 2443 256
9482 4 2 0 1 1135 3594 158 2477
9483 4 2 0 1 2632 2355 2359 2949
9484 4 2 0 1 2358 2357 2295 2755
9485 4 2 0 1 2774 2428 2984 2427
9486 4 2 0 1 3792 3933 3899 3791
9487 4 2 0 1 3134 3286 1952 1791
9488 4 2 0 1 227 1002 2980 953
9489 4 2 0 1 2306 954 2980 1143
9490 4 2 0 1 2359 2979 2980 2949
9491 4 2 0 1 228 2774 302 226
9492 4 2 0 1 881 703 2390 882
9493 4 2 0 1 3675 2616 2619 3342
9494 4 2 0 1 2430 2635 2634 2431
9495 4 2 0 1 2336 3501 3481 3513
9496 4 2 0 1 1395 3017 3792 1396
9497 4 2 0 1 2774 222 1031 226
9498 4 2 0 1 2718 3431 2926 2400
9499 4 2 0 1 776 3569 422 382
9500 4 2 0 1 2990 425 1039 306
9501 4 2 0 1 2590 2351 2591 3569
9502 4 2 0 1 1792 3134 1793 1791
9503 4 2 0 1 3356 3423 2317 3425
9504 4 2 0 1 3286 1792 1617 1791
9505 4 2 0 1 1149 456 946 2942
9506 4 2 0 1 104 2376 1029 2670
9507 4 2 0 1 102 3538 3270 2379
9508 4 2 0 1 3402 2271 3398 3346
9509 4 2 0 1 633 3594 1030 840
9510 4 2 0 1 1112 1050 671 2526
9511 4 2 0 1 3338 2757 3350 3272
9512 4 2 0 1 155 697 1135 3598
9513 4 2 0 1 2385 2766 589 996
9514 4 2 0 1 2572 2379 913 525
9515 4 2 0 1 3272 2757 3422 3339
9516 4 2 0 1 148 2779 2875 171
9517 4 2 0 1 1135 3594 3598 919
9518 4 2 0 1 3582 518 3585 2731
9519 4 2 0 1 618 620 2715 621
9520 4 2 0 1 3296 1745 33 1169
9521 4 2 0 1 21 2709 20 3197
9522 4 2 0 1 1686 3015 1387 2103
9523 4 2 0 1 3398 2271 3402 3750
9524 4 2 0 1 2391 2952 2978 2623
9525 4 2 0 1 49 3939 1177 1175
9526 4 2 0 1 49 3939 3941 2090
9527 4 2 0 1 2480 2830 3696 2760
9528 4 2 0 1 555 2533 2378 819
9529 4 2 0 1 486 441 877 3600
9530 4 2 0 1 3347 3360 2322 3588
9531 4 2 0 1 1170 3755 3756 1645
9532 4 2 0 1 2932 2650 2570 2655
9533 4 2 0 1 555 2533 819 601
9534 4 2 0 1 3314 3704 2795 2694
9535 4 2 0 1 555 2533 601 600
9536 4 2 0 1 1396 3016 3792 3015
9537 4 2 0 1 790 2443 2438 259
9538 4 2 0 1 2254 2733 3359 2463
9539 4 2 0 1 555 2533 600 2378
9540 4 2 0 1 2779 144 145 571
9541 4 2 0 1 3226 3007 3865 3228
9542 4 2 0 1 376 2596 823 444
9543 4 2 0 1 3226 3007 3228 3231
9544 4 2 0 1 808 1110 2884 1054
9545 4 2 0 1 2923 3200 3196 2367
9546 4 2 0 1 1689 3797 2036 3791
9547 4 2 0 1 2884 3622 2524 3623
9548 4 2 0 1 2495 282 759 330
9549 4 2 0 1 2824 2417 3122 2826
9550 4 2 0 1 2145 2144 2827 1164
9551 4 2 0 1 3423 3754 2712 3351
9552 4 2 0 1 2392 780 710 2952
9553 4 2 0 1 3752 2810 3385 2293
9554 4 2 0 1 3513 3515 3484 3501
9555 4 2 0 1 2940 1074 652 654
9556 4 2 0 1 3754 2712 3351 2840
9557 4 2 0 1 116 2620 3676 114
9558 4 2 0 1 3754 2712 2840 2714
9559 4 2 0 1 3598 3594 1135 2477
9560 4 2 0 1 2541 3633 539 2940
9561 4 2 0 1 3754 2712 2714 3371
9562 4 2 0 1 2378 549 1029 600
9563 4 2 0 1 3513 3484 3515 3500
9564 4 2 0 1 2315 2472 2464 3584
9565 4 2 0 1 1721 2100 3309 2099
9566 4 2 0 1 3861 1733 2924 1720
9567 4 2 0 1 3324 27 985 28
9568 4 2 0 1 3587 2463 2469 3586
9569 4 2 0 1 3885 2312 3096 2826
9570 4 2 0 1 2491 3388 3389 2566
9571 4 2 0 1 3514 3173 3174 3057
9572 4 2 0 1 1226 2101 3230 2033
9573 4 2 0 1 1453 2055 3241 3768
9574 4 2 0 1 3518 3388 3389 3376
9575 4 2 0 1 3030 1316 3805 3247
9576 4 2 0 1 1192 3254 1988 1194
9577 4 2 0 1 3804 1737 2010 1736
9578 4 2 0 1 3514 3173 3057 3060
9579 4 2 0 1 3031 1532 3805 1975
9580 4 2 0 1 3317 2335 3192 3058
9581 4 2 0 1 874 3926 2920 363
9582 4 2 0 1 3810 3775 3045 3042
9583 4 2 0 1 3192 3282 3814 3061
9584 4 2 0 1 3006 3783 3784 3118
9585 4 2 0 1 3842 1782 3190 3019
9586 4 2 0 1 3346 3344 3398 3402
9587 4 2 0 1 2260 3875 3402 3372
9588 4 2 0 1 3408 3877 2777 3372
9589 4 2 0 1 1356 3223 1335 2043
9590 4 2 0 1 1783 3842 3019 1782
9591 4 2 0 1 1761 1937 2147 3000
9592 4 2 0 1 3063 3833 3005 1263
9593 4 2 0 1 1741 3117 1241 1245
9594 4 2 0 1 3117 3777 1241 1243
9595 4 2 0 1 1761 2147 1702 3000
9596 4 2 0 1 2086 1360 3223 2085
9597 4 2 0 1 3810 3819 3775 3042
9598 4 2 0 1 2025 1330 3794 1892
9599 4 2 0 1 3373 3880 3419 3406
9600 4 2 0 1 3069 3822 3068 3823
9601 4 2 0 1 1420 1419 1417 3787
9602 4 2 0 1 1571 3810 3819 3775
9603 4 2 0 1 1533 1434 3078 1432
9604 4 2 0 1 3074 3075 3822 1273
9605 4 2 0 1 1272 3074 1924 1979
9606 4 2 0 1 1646 2237 3826 1278
9607 4 2 0 1 3626 3628 2535 2673
9608 4 2 0 1 2998 3819 3775 3774
9609 4 2 0 1 3344 3880 3406 2673
9610 4 2 0 1 3416 3626 2673 3404
9611 4 2 0 1 3373 3419 3880 3396
9612 4 2 0 1 2859 2799 3382 3419
9613 4 2 0 1 1375 3809 3775 3050
9614 4 2 0 1 3855 3169 3205 3168
9615 4 2 0 1 1089 1075 3570 2978
9616 4 2 0 1 2811 2819 3537 2855
9617 4 2 0 1 1911 3287 1910 3820
9618 4 2 0 1 3211 3095 3252 3144
9619 4 2 0 1 1863 2909 2827 2240
9620 4 2 0 1 647 2920 3926 637
9621 4 2 0 1 1754 3811 3287 1752
9622 4 2 0 1 3154 3806 3157 3247
9623 4 2 0 1 3799 3800 1296 3801
9624 4 2 0 1 2827 1711 1863 2240
9625 4 2 0 1 3815 1205 3816 1208
9626 4 2 0 1 2825 2923 2827 2908
9627 4 2 0 1 2120 3243 3571 2000
9628 4 2 0 1 1313 3808 3809 3807
9629 4 2 0 1 515 3525 484 853
9630 4 2 0 1 3215 3154 3867 3032
9631 4 2 0 1 3085 3083 3830 1218
9632 4 2 0 1 3945 1892 2025 3794
9633 4 2 0 1 2827 2923 2388 3296
9634 4 2 0 1 2054 1727 3334 3223
9635 4 2 0 1 3752 2298 2645 2647
9636 4 2 0 1 1651 1652 1650 3300
9637 4 2 0 1 2920 3926 2432 363
9638 4 2 0 1 3485 3096 3099 3835
9639 4 2 0 1 3346 3402 3405 3404
9640 4 2 0 1 3097 3222 3500 3863
9641 4 2 0 1 3420 2350 3882 3381
9642 4 2 0 1 3250 1814 1859 1943
9643 4 2 0 1 2904 3344 2265 3346
9644 4 2 0 1 3090 2998 2997 3066
9645 4 2 0 1 2986 3291 2419 2417
9646 4 2 0 1 1569 1398 3933 2143
9647 4 2 0 1 2419 2417 3291 2418
9648 4 2 0 1 1665 1712 3910 1756
9649 4 2 0 1 3829 3318 3167 3218
9650 4 2 0 1 3291 2506 2986 2416
9651 4 2 0 1 3122 3291 3485 2826
9652 4 2 0 1 3355 2937 2732 2564
9653 4 2 0 1 3350 3338 3355 3425
9654 4 2 0 1 1426 3078 1433 1432
9655 4 2 0 1 2837 1957 1798 1796
9656 4 2 0 1 3428 3367 3430 2926
9657 4 2 0 1 3824 3102 3011 1425
9658 4 2 0 1 3306 3165 3498 3288
9659 4 2 0 1 3194 3502 3505 3506
9660 4 2 0 1 3502 3194 2885 2338
9661 4 2 0 1 3129 3502 3506 3505
9662 4 2 0 1 2805 2262 2883 3413
9663 4 2 0 1 2549 2596 3670 2948
9664 4 2 0 1 3711 2598 2599 2699
9665 4 2 0 1 3437 2657 3883 2764
9666 4 2 0 1 2593 2764 3669 3443
9667 4 2 0 1 3502 2885 3194 3505
9668 4 2 0 1 1407 1404 1403 3798
9669 4 2 0 1 1847 3094 3849 1940
9670 4 2 0 1 3144 3847 3141 3178
9671 4 2 0 1 1906 3091 1851 1848
9672 4 2 0 1 3427 3441 2876 3439
9673 4 2 0 1 3241 3140 3683 3178
9674 4 2 0 1 2421 2305 2497 2424
9675 4 2 0 1 1484 1731 3841 1480
9676 4 2 0 1 2018 2997 3090 2019
9677 4 2 0 1 2432 3926 2920 637
9678 4 2 0 1 1486 1481 3261 1485
9679 4 2 0 1 2287 2497 2305 2424
9680 4 2 0 1 3568 2389 2591 2590
9681 4 2 0 1 1453 3847 3241 1452
9682 4 2 0 1 1470 3849 1490 3316
9683 4 2 0 1 1727 1938 2085 3223
9684 4 2 0 1 3568 2591 2389 2441
9685 4 2 0 1 3123 2776 2396 3839
9686 4 2 0 1 134 2995 2361 1028
9687 4 2 0 1 134 2995 1028 169
9688 4 2 0 1 2725 3440 3438 2594
9689 4 2 0 1 1704 2988 3672 2141
9690 4 2 0 1 1918 2606 1158 1778
9691 4 2 0 1 2025 3945 3794 3341
9692 4 2 0 1 2025 3945 2245 1201
9693 4 2 0 1 3921 1911 3820 3287
9694 4 2 0 1 2725 3440 2594 3393
9695 4 2 0 1 3294 3319 1542 3112
9696 4 2 0 1 3322 2992 1 2453
9697 4 2 0 1 1481 3242 1479 3114
9698 4 2 0 1 3288 3868 3450 2401
9699 4 2 0 1 2067 2853 1543 1715
9700 4 2 0 1 2609 1768 2222 1972
9701 4 2 0 1 3155 1568 3153 1989
9702 4 2 0 1 2594 2725 2528 3438
9703 4 2 0 1 3131 1526 1964 1570
9704 4 2 0 1 2914 2886 2659 3576
9705 4 2 0 1 3541 3542 2758 2381
9706 4 2 0 1 3452 2279 2400 3445
9707 4 2 0 1 2857 2881 3673 429
9708 4 2 0 1 588 3573 2833 940
9709 4 2 0 1 2834 3292 2743 3520
9710 4 2 0 1 3450 3868 3288 3449
9711 4 2 0 1 3821 2999 3300 3070
9712 4 2 0 1 2999 3293 3300 1660
9713 4 2 0 1 3927 958 2920 316
9714 4 2 0 1 2432 3926 2479 363
9715 4 2 0 1 2446 1176 2917 52
9716 4 2 0 1 3938 1427 3788 1708
9717 4 2 0 1 3450 3288 3453 3449
9718 4 2 0 1 3613 2719 2279 3445
9719 4 2 0 1 1398 1401 1569 3917
9720 4 2 0 1 1381 3774 1382 1383
9721 4 2 0 1 3577 2719 3613 3445
9722 4 2 0 1 3199 3181 3267 3869
9723 4 2 0 1 3259 2557 3642 3888
9724 4 2 0 1 853 2348 891 163
9725 4 2 0 1 3278 1629 1604 1738
9726 4 2 0 1 3027 3032 3177 3030
9727 4 2 0 1 3449 3323 3448 3868
9728 4 2 0 1 2557 3642 3257 3216
9729 4 2 0 1 3220 3219 3167 3172
9730 4 2 0 1 2728 3728 2703 2829
9731 4 2 0 1 3934 1412 1424 1414
9732 4 2 0 1 2703 3728 2729 2829
9733 4 2 0 1 3846 3152 3017 2580
9734 4 2 0 1 2396 2776 3123 3451
9735 4 2 0 1 2602 2776 2396 3451
9736 4 2 0 1 1926 1607 1864 2791
9737 4 2 0 1 3722 2613 2403 1032
9738 4 2 0 1 3358 2732 2470 3356
9739 4 2 0 1 3562 2703 962 628
9740 4 2 0 1 1979 3305 3833 3074
9741 4 2 0 1 3562 962 2703 2995
9742 4 2 0 1 3864 3128 3255 3224
9743 4 2 0 1 3074 3071 3077 3005
9744 4 2 0 1 2479 3926 2432 637
9745 4 2 0 1 2258 2969 2549 3414
9746 4 2 0 1 3037 3940 1638 3915
9747 4 2 0 1 3847 3140 1455 3768
9748 4 2 0 1 680 962 2703 628
9749 4 2 0 1 1933 2923 2924 2909
9750 4 2 0 1 680 2703 962 2995
9751 4 2 0 1 3260 3236 2905 3323
9752 4 2 0 1 1828 1830 1829 2909
9753 4 2 0 1 2857 818 2882 2925
9754 4 2 0 1 2282 2615 3457 3456
9755 4 2 0 1 3300 1660 3293 1652
9756 4 2 0 1 3300 1660 1652 1654
9757 4 2 0 1 2080 2950 3322 1171
9758 4 2 0 1 1928 3110 3124 2104
9759 4 2 0 1 1806 3233 1732 2114
9760 4 2 0 1 2776 3108 2396 3839
9761 4 2 0 1 3928 3819 3066 3774
9762 4 2 0 1 3334 1942 1350 3273
9763 4 2 0 1 2743 1795 2447 2833
9764 4 2 0 1 2449 1798 3227 1800
9765 4 2 0 1 1382 1838 1383 3774
9766 4 2 0 1 1381 1382 3774 1380
9767 4 2 0 1 1282 3519 1325 3121
9768 4 2 0 1 1896 3862 1595 3301
9769 4 2 0 1 2286 2660 2752 2291
9770 4 2 0 1 2660 2286 2632 2291
9771 4 2 0 1 2040 1853 1507 3052
9772 4 2 0 1 2754 2286 2291 2632
9773 4 2 0 1 3946 3820 1519 3066
9774 4 2 0 1 2738 2735 2304 2662
9775 4 2 0 1 1489 3294 2079 2078
9776 4 2 0 1 3074 3822 1265 1273
9777 4 2 0 1 3778 1318 3000 3779
9778 4 2 0 1 2676 3698 2706 3769
9779 4 2 0 1 3928 1993 1907 2179
9780 4 2 0 1 2678 3698 3769 2706
9781 4 2 0 1 1487 1482 3331 1483
9782 4 2 0 1 1514 2212 1485 3841
9783 4 2 0 1 3775 3774 3819 1907
9784 4 2 0 1 581 2498 3603 3607
9785 4 2 0 1 2385 79 2966 2387
9786 4 2 0 1 351 375 822 2283
9787 4 2 0 1 3589 2347 924 3590
9788 4 2 0 1 2985 970 754 905
9789 4 2 0 1 728 3609 1138 1109
9790 4 2 0 1 2290 2927 3390 3770
9791 4 2 0 1 3150 3044 3045 3051
9792 4 2 0 1 274 276 3602 3475
9793 4 2 0 1 1596 2900 1766 1500
9794 4 2 0 1 2324 3641 2815 2814
9795 4 2 0 1 3602 3603 2486 3475
9796 4 2 0 1 2998 3819 3774 3066
9797 4 2 0 1 274 3602 276 332
9798 4 2 0 1 1632 1665 3910 2097
9799 4 2 0 1 2097 1756 3910 3904
9800 4 2 0 1 2751 3393 3461 3479
9801 4 2 0 1 2600 2701 2749 2255
9802 4 2 0 1 2447 2305 3572 2448
9803 4 2 0 1 2837 2740 1796 2743
9804 4 2 0 1 3573 1038 588 981
9805 4 2 0 1 1165 1819 39 2416
9806 4 2 0 1 2743 1795 2833 1796
9807 4 2 0 1 3393 2725 2625 2594
9808 4 2 0 1 3072 1533 3078 1432
9809 4 2 0 1 3241 3847 1453 3768
9810 4 2 0 1 2062 3931 1843 2154
9811 4 2 0 1 3073 1646 1280 1276
9812 4 2 0 1 2018 2997 2019 2062
9813 4 2 0 1 2062 2997 2019 1844
9814 4 2 0 1 3064 3076 3273 3279
9815 4 2 0 1 1599 3068 3069 1265
9816 4 2 0 1 2062 3944 1843 3931
9817 4 2 0 1 2817 2308 2738 2858
9818 4 2 0 1 2858 2873 2734 2817
9819 4 2 0 1 3774 1379 3781 1381
9820 4 2 0 1 2413 3569 389 421
9821 4 2 0 1 2308 2858 3480 2738
9822 4 2 0 1 3182 3158 2334 2335
9823 4 2 0 1 2245 3945 2025 3341
9824 4 2 0 1 233 2311 2310 2804
9825 4 2 0 1 2123 1621 1810 3128
9826 4 2 0 1 3755 1352 3535 1645
9827 4 2 0 1 1734 3909 1666 1713
9828 4 2 0 1 2137 3903 1850 2185
9829 4 2 0 1 1849 3091 2137 3090
9830 4 2 0 1 3841 1759 2212 1731
9831 4 2 0 1 2334 3158 3182 3265
9832 4 2 0 1 232 233 2804 231
9833 4 2 0 1 2311 231 2804 233
9834 4 2 0 1 2335 3159 3182 3229
9835 4 2 0 1 233 2311 509 1127
9836 4 2 0 1 3303 1659 1987 2201
9837 4 2 0 1 3279 1987 1671 1679
9838 4 2 0 1 2590 3569 389 2413
9839 4 2 0 1 2245 3945 1869 1201
9840 4 2 0 1 2311 3890 2310 964
9841 4 2 0 1 2334 3869 3265 3182
9842 4 2 0 1 2452 2497 2287 2304
9843 4 2 0 1 1313 3810 1304 1991
9844 4 2 0 1 2452 2287 2497 2305
9845 4 2 0 1 1211 3158 3059 1901
9846 4 2 0 1 3250 3240 3898 1856
9847 4 2 0 1 2216 2120 1557 3240
9848 4 2 0 1 2920 552 82 355
9849 4 2 0 1 3307 2418 2773 3245
9850 4 2 0 1 1571 3810 3775 1374
9851 4 2 0 1 2130 1921 3284 1315
9852 4 2 0 1 3187 3042 3045 3092
9853 4 2 0 1 1137 3528 2983 2981
9854 4 2 0 1 3812 3492 2899 3813
9855 4 2 0 1 681 843 2986 842
9856 4 2 0 1 3812 3492 3813 3058
9857 4 2 0 1 3217 3842 3116 3119
9858 4 2 0 1 3836 2070 1622 3101
9859 4 2 0 1 2520 476 2666 2522
9860 4 2 0 1 1261 1264 3068 3064
9861 4 2 0 1 1891 1426 1422 3225
9862 4 2 0 1 3755 2370 3757 2371
9863 4 2 0 1 3650 289 2647 287
9864 4 2 0 1 3078 1943 3250 1446
9865 4 2 0 1 2709 2562 2553 2319
9866 4 2 0 1 1277 1932 3250 2207
9867 4 2 0 1 3930 1970 3785 1971
9868 4 2 0 1 3644 2560 2558 3638
9869 4 2 0 1 1860 1833 3798 1969
9870 4 2 0 1 3650 2647 2546 2565
9871 4 2 0 1 2815 2555 2559 3638
9872 4 2 0 1 1533 1811 3825 1812
9873 4 2 0 1 1618 3243 1898 1920
9874 4 2 0 1 1899 2119 2001 3243
9875 4 2 0 1 2070 1965 3101 1279
9876 4 2 0 1 2493 3603 3607 2495
9877 4 2 0 1 3644 2558 2868 3638
9878 4 2 0 1 2493 3603 2495 2490
9879 4 2 0 1 1914 2828 1367 2423
9880 4 2 0 1 3639 2555 2558 3638
9881 4 2 0 1 23 2957 2897 1770
9882 4 2 0 1 2555 2552 2559 3638
9883 4 2 0 1 3782 3776 1244 1257
9884 4 2 0 1 3273 1671 3064 3279
9885 4 2 0 1 2815 2562 2563 2553
9886 4 2 0 1 2054 1938 1727 3223
9887 4 2 0 1 1662 1970 2027 3070
9888 4 2 0 1 476 2669 2666 475
9889 4 2 0 1 1473 3113 2167 1644
9890 4 2 0 1 1751 1867 3811 2079
9891 4 2 0 1 1751 1750 3811 1752
9892 4 2 0 1 3041 2130 1750 1921
9893 4 2 0 1 3808 3037 3038 1301
9894 4 2 0 1 3067 3092 3042 3187
9895 4 2 0 1 3019 1319 1877 1324
9896 4 2 0 1 3793 3298 3794 3341
9897 4 2 0 1 1195 1196 1197 3341
9898 4 2 0 1 2193 3793 3341 3816
9899 4 2 0 1 421 841 2413 423
9900 4 2 0 1 3002 1256 3780 3778
9901 4 2 0 1 1741 3117 1245 3778
9902 4 2 0 1 2344 3121 3204 3519
9903 4 2 0 1 1255 3778 3779 1254
9904 4 2 0 1 1233 1761 1702 3000
9905 4 2 0 1 1442 1429 3021 3281
9906 4 2 0 1 3050 3789 3790 3148
9907 4 2 0 1 3071 3004 3821 3785
9908 4 2 0 1 3012 3162 1870 3163
9909 4 2 0 1 236 2981 237 2983
9910 4 2 0 1 1467 1468 1469 3146
9911 4 2 0 1 3127 3208 3207 3129
9912 4 2 0 1 3127 3741 3740 3126
9913 4 2 0 1 3286 3135 3133 3845
9914 4 2 0 1 1616 1682 2912 1614
9915 4 2 0 1 3742 2691 3320 2785
9916 4 2 0 1 1882 2611 1157 1887
9917 4 2 0 1 3175 3257 3859 3857
9918 4 2 0 1 3505 3129 2885 3740
9919 4 2 0 1 1324 1959 1879 3795
9920 4 2 0 1 421 2413 841 553
9921 4 2 0 1 3217 3019 3795 3779
9922 4 2 0 1 2899 3756 1645 1771
9923 4 2 0 1 3776 1259 3223 1360
9924 4 2 0 1 1970 1654 2999 3300
9925 4 2 0 1 1586 1350 1587 3334
9926 4 2 0 1 3353 3737 3738 3363
9927 4 2 0 1 3892 3117 3777 1241
9928 4 2 0 1 2012 1600 1428 3021
9929 4 2 0 1 236 2981 2983 234
9930 4 2 0 1 3250 3826 3825 3073
9931 4 2 0 1 3506 3489 3170 2328
9932 4 2 0 1 3004 1784 3785 3008
9933 4 2 0 1 3489 3514 3515 3174
9934 4 2 0 1 2289 245 2681 2631
9935 4 2 0 1 2681 245 249 896
9936 4 2 0 1 3168 3516 3170 3238
9937 4 2 0 1 3722 2403 713 1032
9938 4 2 0 1 3492 2314 3056 2899
9939 4 2 0 1 3795 3217 2373 3020
9940 4 2 0 1 2094 1308 3921 3918
9941 4 2 0 1 3506 3488 2328 3170
9942 4 2 0 1 1911 3287 1947 1755
9943 4 2 0 1 3853 3165 3288 3498
9944 4 2 0 1 3815 2096 2017 2146
9945 4 2 0 1 389 3569 382 421
9946 4 2 0 1 2603 3672 3552 2988
9947 4 2 0 1 2988 10 90 11
9948 4 2 0 1 3109 1503 1504 1505
9949 4 2 0 1 3049 3132 3257 3859
9950 4 2 0 1 1871 1528 3258 3131
9951 4 2 0 1 3655 3271 3270 3283
9952 4 2 0 1 3646 1981 2184 1779
9953 4 2 0 1 1738 3786 3278 3009
9954 4 2 0 1 2556 2555 3641 3553
9955 4 2 0 1 3553 3507 3510 2845
9956 4 2 0 1 2668 3639 2555 3640
9957 4 2 0 1 3655 3271 3283 2579
9958 4 2 0 1 3655 3271 2579 2576
9959 4 2 0 1 3655 3271 2576 3270
9960 4 2 0 1 3310 1753 1754 2195
9961 4 2 0 1 2944 2917 2943 1021
9962 4 2 0 1 1693 1695 1694 3790
9963 4 2 0 1 1643 1445 2450 3105
9964 4 2 0 1 1979 3305 3074 1924
9965 4 2 0 1 190 3560 2412 3561
9966 4 2 0 1 3560 186 190 188
9967 4 2 0 1 3077 3074 3079 3823
9968 4 2 0 1 3305 3075 3079 3074
9969 4 2 0 1 2372 2371 2959 3757
9970 4 2 0 1 1168 1954 3245 2191
9971 4 2 0 1 3560 186 188 2765
9972 4 2 0 1 3166 3795 3779 3217
9973 4 2 0 1 3756 3757 2958 2818
9974 4 2 0 1 3166 3795 3217 2373
9975 4 2 0 1 1665 1632 3910 1521
9976 4 2 0 1 2003 1910 3820 1523
9977 4 2 0 1 471 806 2547 3724
9978 4 2 0 1 471 2547 806 714
9979 4 2 0 1 1368 3833 1366 1623
9980 4 2 0 1 1979 3305 1924 1624
9981 4 2 0 1 1623 3305 3833 1979
9982 4 2 0 1 3119 3217 3166 3116
9983 4 2 0 1 2043 3001 3776 2028
9984 4 2 0 1 3012 3206 3013 3786
9985 4 2 0 1 3842 3000 3779 3116
9986 4 2 0 1 3000 3783 3117 3116
9987 4 2 0 1 85 35 1120 2388
9988 4 2 0 1 2827 35 36 2144
9989 4 2 0 1 3569 381 389 382
9990 4 2 0 1 3325 3812 3055 2899
9991 4 2 0 1 1420 3013 3012 3014
9992 4 2 0 1 382 3569 422 421
9993 4 2 0 1 2025 1195 1197 3341
9994 4 2 0 1 3116 2344 3166 3119
9995 4 2 0 1 3012 3013 3206 3014
9996 4 2 0 1 3396 3423 3876 3403
9997 4 2 0 1 2383 2685 3421 3546
9998 4 2 0 1 3455 2668 2669 2865
9999 4 2 0 1 2720 2748 2746 2255
10000 4 2 0 1 102 3538 2379 2929
10001 4 2 0 1 3306 3313 3268 3433
10002 4 2 0 1 3325 3812 3061 3055
10003 4 2 0 1 2267 3701 2683 3543
10004 4 2 0 1 2814 3422 3754 3436
10005 4 2 0 1 2692 3355 3338 3425
10006 4 2 0 1 2456 2910 2511 2380
10007 4 2 0 1 398 2857 2882 370
10008 4 2 0 1 351 3673 822 370
10009 4 2 0 1 2654 2744 3612 2745
10010 4 2 0 1 3006 3005 3008 3001
10011 4 2 0 1 2319 2562 3730 2464
10012 4 2 0 1 620 815 2613 622
10013 4 2 0 1 3393 2294 3444 2594
10014 4 2 0 1 2760 2761 2832 3760
10015 4 2 0 1 2627 3699 2680 2525
10016 4 2 0 1 68 2622 1589 69
10017 4 2 0 1 68 1589 2622 2131
10018 4 2 0 1 3045 2998 3092 3042
10019 4 2 0 1 3078 3102 3838 3079
10020 4 2 0 1 2449 2833 2447 1795
10021 4 2 0 1 2768 2500 3610 2288
10022 4 2 0 1 2551 2948 2597 3710
10023 4 2 0 1 2565 3650 2647 2566
10024 4 2 0 1 3067 3092 3187 3212
10025 4 2 0 1 584 3609 2768 589
10026 4 2 0 1 2266 2859 3419 2799
10027 4 2 0 1 1840 3903 1389 1392
10028 4 2 0 1 2640 2386 2302 2642
10029 4 2 0 1 1840 1389 3903 2022
10030 4 2 0 1 3586 3366 3361 2316
10031 4 2 0 1 2674 3465 2287 2504
10032 4 2 0 1 3129 3739 3208 2885
10033 4 2 0 1 2834 2823 3885 2336
10034 4 2 0 1 3199 3817 2320 3487
10035 4 2 0 1 3202 1438 1700 1936
10036 4 2 0 1 3665 2589 2764 3668
10037 4 2 0 1 3328 2011 75 3330
10038 4 2 0 1 3549 3328 2011 3327
10039 4 2 0 1 2753 2738 2843 2893
10040 4 2 0 1 2371 2370 3535 3755
10041 4 2 0 1 1869 3945 2245 3341
10042 4 2 0 1 2334 3869 3182 3159
10043 4 2 0 1 3166 3217 3779 3116
10044 4 2 0 1 3917 3895 1967 1760
10045 4 2 0 1 1771 3062 2897 1345
10046 4 2 0 1 1929 1896 2370 1609
10047 4 2 0 1 3620 3730 2730 2563
10048 4 2 0 1 2905 2408 3323 3234
10049 4 2 0 1 1967 3895 1402 1405
10050 4 2 0 1 2905 2408 2394 3617
10051 4 2 0 1 3620 3730 2518 2730
10052 4 2 0 1 2492 3460 2753 2893
10053 4 2 0 1 2759 2579 3311 2584
10054 4 2 0 1 2584 2579 2758 2759
10055 4 2 0 1 507 183 184 3561
10056 4 2 0 1 2492 2753 3460 2286
10057 4 2 0 1 2843 2752 2816 2661
10058 4 2 0 1 2983 2356 2310 3528
10059 4 2 0 1 1945 3332 1163 2066
10060 4 2 0 1 1945 3332 2066 1595
10061 4 2 0 1 2403 5 2405 4
10062 4 2 0 1 3221 3006 2344 3007
10063 4 2 0 1 2538 3631 3630 2536
10064 4 2 0 1 2119 2120 3243 3240
10065 4 2 0 1 2538 3631 2536 2542
10066 4 2 0 1 1841 2149 3905 1839
10067 4 2 0 1 2917 50 2943 1021
10068 4 2 0 1 3296 34 33 2388
10069 4 2 0 1 2419 681 843 2986
10070 4 2 0 1 2419 843 681 210
10071 4 2 0 1 2799 3382 3419 3380
10072 4 2 0 1 3302 3098 3200 3196
10073 4 2 0 1 3860 3829 3080 3190
10074 4 2 0 1 667 608 2301 3602
10075 4 2 0 1 2308 2843 2661 2662
10076 4 2 0 1 2917 2446 2445 2449
10077 4 2 0 1 2833 2447 3573 2446
10078 4 2 0 1 552 2433 2946 2944
10079 4 2 0 1 49 1094 2943 50
10080 4 2 0 1 2479 404 2841 402
10081 4 2 0 1 2736 2451 2452 2737
10082 4 2 0 1 1025 412 456 2892
10083 4 2 0 1 3518 3391 3879 3376
10084 4 2 0 1 2896 3468 3391 2893
10085 4 2 0 1 667 2301 608 955
10086 4 2 0 1 2270 2879 3409 3342
10087 4 2 0 1 2855 2377 2879 3410
10088 4 2 0 1 2318 3650 2565 2802
10089 4 2 0 1 892 181 2765 185
10090 4 2 0 1 23 2957 1770 24
10091 4 2 0 1 1846 1848 3849 1847
10092 4 2 0 1 2490 3474 3603 2485
10093 4 2 0 1 3607 3467 2498 2493
10094 4 2 0 1 2864 3398 2271 3346
10095 4 2 0 1 2864 3398 3346 2265
10096 4 2 0 1 2434 821 3483 658
10097 4 2 0 1 1819 40 39 3290
10098 4 2 0 1 210 2419 84 209
10099 4 2 0 1 1846 3849 1848 3316
10100 4 2 0 1 2347 3360 3476 2316
10101 4 2 0 1 1003 92 52 2446
10102 4 2 0 1 2364 2347 3476 2465
10103 4 2 0 1 2295 3483 2434 2427
10104 4 2 0 1 3465 2741 2824 2287
10105 4 2 0 1 2623 2939 2353 2626
10106 4 2 0 1 2518 2730 3730 2315
10107 4 2 0 1 2343 3302 3884 3196
10108 4 2 0 1 3675 2618 2619 2616
10109 4 2 0 1 2509 2455 2508 2659
10110 4 2 0 1 3655 2374 2659 2573
10111 4 2 0 1 2173 2409 3558 2081
10112 4 2 0 1 111 100 2513 110
10113 4 2 0 1 117 3676 2617 118
10114 4 2 0 1 3720 2404 2721 2281
10115 4 2 0 1 2355 2681 2632 2680
10116 4 2 0 1 2525 2678 2679 2884
10117 4 2 0 1 397 360 2524 1144
10118 4 2 0 1 2356 2354 2939 2626
10119 4 2 0 1 2484 442 445 3525
10120 4 2 0 1 2624 3629 2938 2539
10121 4 2 0 1 3525 3597 2830 506
10122 4 2 0 1 2714 2698 2515 3709
10123 4 2 0 1 1709 3946 1632 1520
10124 4 2 0 1 3752 2488 2762 2293
10125 4 2 0 1 3401 3876 2260 2839
10126 4 2 0 1 3401 3383 2839 3408
10127 4 2 0 1 2864 3529 2271 2550
10128 4 2 0 1 3434 2821 2643 2877
10129 4 2 0 1 3841 3123 3110 3840
10130 4 2 0 1 2917 51 92 52
10131 4 2 0 1 3450 3453 3288 3285
10132 4 2 0 1 1758 3110 1484 1731
10133 4 2 0 1 3430 2926 3431 3428
10134 4 2 0 1 2346 3206 3222 2836
10135 4 2 0 1 2562 2319 3730 2563
10136 4 2 0 1 1701 3852 3166 3120
10137 4 2 0 1 1701 3852 3120 1826
10138 4 2 0 1 3226 3007 3231 3221
10139 4 2 0 1 3383 2567 3379 3587
10140 4 2 0 1 2315 2472 3584 2462
10141 4 2 0 1 3096 2313 3835 3106
10142 4 2 0 1 2952 2939 2626 2356
10143 4 2 0 1 2313 3106 3096 3232
10144 4 2 0 1 2313 3226 3096 3228
10145 4 2 0 1 2878 2756 3424 3336
10146 4 2 0 1 3270 2963 3271 2576
10147 4 2 0 1 3096 3226 2313 3232
10148 4 2 0 1 2565 2546 3690 2647
10149 4 2 0 1 3921 3820 1308 1306
10150 4 2 0 1 3610 580 748 582
10151 4 2 0 1 2322 3589 3522 2323
10152 4 2 0 1 3584 2472 2464 2731
10153 4 2 0 1 594 3590 924 2465
10154 4 2 0 1 1044 645 1009 2970
10155 4 2 0 1 1519 3820 2004 1523
10156 4 2 0 1 2829 2728 3728 2362
10157 4 2 0 1 2596 938 823 1098
10158 4 2 0 1 26 25 3532 204
10159 4 2 0 1 2748 2749 2255 2600
10160 4 2 0 1 1516 3820 3066 1519
10161 4 2 0 1 802 853 2778 515
10162 4 2 0 1 3524 2364 2347 2363
10163 4 2 0 1 3275 3262 3888 3084
10164 4 2 0 1 3552 2851 2852 2609
10165 4 2 0 1 2851 3762 3672 3764
10166 4 2 0 1 3856 3857 3802 3858
10167 4 2 0 1 3856 3802 3857 3027
10168 4 2 0 1 2014 1918 2603 2606
10169 4 2 0 1 3805 3911 1736 2220
10170 4 2 0 1 2651 122 120 692
10171 4 2 0 1 2700 3370 3345 3714
10172 4 2 0 1 3521 3524 2347 2363
10173 4 2 0 1 3344 3343 2673 2904
10174 4 2 0 1 2498 2768 3610 2288
10175 4 2 0 1 2807 2499 2633 3680
10176 4 2 0 1 3388 2871 3460 3376
10177 4 2 0 1 777 491 3681 1117
10178 4 2 0 1 1287 3911 1288 1289
10179 4 2 0 1 2641 2467 2465 2466
10180 4 2 0 1 3522 3589 83 22
10181 4 2 0 1 205 27 985 3532
10182 4 2 0 1 2831 2760 2832 2646
10183 4 2 0 1 23 3524 24 926
10184 4 2 0 1 985 2365 3532 3324
10185 4 2 0 1 3325 2370 1609 3535
10186 4 2 0 1 520 2882 519 880
10187 4 2 0 1 2904 3426 2812 2650
10188 4 2 0 1 137 2361 3530 138
10189 4 2 0 1 126 128 127 2931
10190 4 2 0 1 3325 2370 3535 2371
10191 4 2 0 1 2760 2831 3596 2830
10192 4 2 0 1 3200 2372 3302 3264
10193 4 2 0 1 2930 3474 2296 2297
10194 4 2 0 1 1121 2296 269 2974
10195 4 2 0 1 3200 3302 2372 3195
10196 4 2 0 1 2621 2547 3723 3724
10197 4 2 0 1 2681 245 896 2949
10198 4 2 0 1 2814 3350 3641 2564
10199 4 2 0 1 3723 2257 2361 2813
10200 4 2 0 1 97 2573 106 3283
10201 4 2 0 1 1133 2649 3693 721
10202 4 2 0 1 3723 2621 2813 2652
10203 4 2 0 1 2627 3699 2525 2952
10204 4 2 0 1 2804 2306 2310 232
10205 4 2 0 1 3716 18 902 19
10206 4 2 0 1 2296 2486 3475 3473
10207 4 2 0 1 3716 902 18 2553
10208 4 2 0 1 2675 2930 2494 3697
10209 4 2 0 1 2754 2286 2632 2803
10210 4 2 0 1 2494 2930 2675 2297
10211 4 2 0 1 2494 2762 2675 3697
10212 4 2 0 1 2675 2762 2494 2297
10213 4 2 0 1 439 3696 441 440
10214 4 2 0 1 3399 3344 3409 3880
10215 4 2 0 1 2480 3696 2830 439
10216 4 2 0 1 439 3696 436 2480
10217 4 2 0 1 2786 1799 2740 1797
10218 4 2 0 1 2577 3543 2964 3424
10219 4 2 0 1 3129 3208 3207 3515
10220 4 2 0 1 3711 2701 2521 2874
10221 4 2 0 1 1951 3812 1246 3325
10222 4 2 0 1 1354 1610 2045 3325
10223 4 2 0 1 3370 2259 2699 2284
10224 4 2 0 1 2045 1951 2242 3325
10225 4 2 0 1 776 3569 382 2435
10226 4 2 0 1 2520 3619 2517 447
10227 4 2 0 1 3709 318 2597 3707
10228 4 2 0 1 1167 2866 3197 3715
10229 4 2 0 1 2501 2822 3469 2301
10230 4 2 0 1 3584 2472 2731 3585
10231 4 2 0 1 282 2485 278 280
10232 4 2 0 1 2988 3552 3671 2601
10233 4 2 0 1 2460 2919 2894 2459
10234 4 2 0 1 2749 2748 3459 2600
10235 4 2 0 1 1246 1951 3325 2242
10236 4 2 0 1 2894 2992 1045 3578
10237 4 2 0 1 934 3674 677 2620
10238 4 2 0 1 2881 2975 2857 2460
10239 4 2 0 1 3543 2878 2964 3424
10240 4 2 0 1 2875 2658 1061 850
10241 4 2 0 1 2568 3563 3687 2569
10242 4 2 0 1 2941 3653 2727 3651
10243 4 2 0 1 2413 2411 2765 2630
10244 4 2 0 1 2577 2756 3424 2964
10245 4 2 0 1 2382 3540 2670 2377
10246 4 2 0 1 779 472 2526 2848
10247 4 2 0 1 3251 3036 3450 3236
10248 4 2 0 1 3177 3642 3175 3034
10249 4 2 0 1 2292 3466 2896 3468
10250 4 2 0 1 3432 3538 2377 2374
10251 4 2 0 1 2739 3465 2849 2309
10252 4 2 0 1 2737 2358 2304 2662
10253 4 2 0 1 2922 887 1102 98
10254 4 2 0 1 3175 3642 3177 3859
10255 4 2 0 1 1095 2282 2996 2677
10256 4 2 0 1 2594 2475 2595 2476
10257 4 2 0 1 3260 3734 3429 3574
10258 4 2 0 1 2889 2510 3765 2914
10259 4 2 0 1 2992 2950 1045 3578
10260 4 2 0 1 807 642 3623 643
10261 4 2 0 1 2736 414 796 2737
10262 4 2 0 1 3660 2792 3661 2692
10263 4 2 0 1 3337 2330 2693 2759
10264 4 2 0 1 2270 3546 3339 3397
10265 4 2 0 1 2330 3338 3657 3661
10266 4 2 0 1 1733 1933 3533 2924
10267 4 2 0 1 2640 2302 2386 2365
10268 4 2 0 1 593 596 2467 858
10269 4 2 0 1 2750 2595 2475 2476
10270 4 2 0 1 3840 3145 3110 3113
10271 4 2 0 1 2398 3577 2399 2404
10272 4 2 0 1 3131 3176 3053 3029
10273 4 2 0 1 2395 3453 3435 3448
10274 4 2 0 1 2988 2664 2613 3671
10275 4 2 0 1 3551 3216 2602 2775
10276 4 2 0 1 3132 3763 2852 3214
10277 4 2 0 1 2421 2422 2420 2426
10278 4 2 0 1 2627 2391 2623 2952
10279 4 2 0 1 1435 3838 3225 2450
10280 4 2 0 1 2440 2536 2955 2439
10281 4 2 0 1 3150 3045 3003 3092
10282 4 2 0 1 2790 2691 3748 3705
10283 4 2 0 1 2757 2692 2685 3421
10284 4 2 0 1 3539 3540 2377 3537
10285 4 2 0 1 3656 2374 2745 2855
10286 4 2 0 1 2794 3747 2795 3744
10287 4 2 0 1 3003 3045 3150 3050
10288 4 2 0 1 2610 3555 3051 3047
10289 4 2 0 1 2778 802 1010 163
10290 4 2 0 1 1682 1614 2055 2912
10291 4 2 0 1 3511 3286 3136 3133
10292 4 2 0 1 3286 3135 3845 1952
10293 4 2 0 1 2963 2577 2584 2576
10294 4 2 0 1 1803 1159 2786 1872
10295 4 2 0 1 3286 3185 1617 3136
10296 4 2 0 1 3051 3555 2610 3046
10297 4 2 0 1 2500 2384 2385 3609
10298 4 2 0 1 582 583 2768 2498
10299 4 2 0 1 584 3610 2768 3609
10300 4 2 0 1 3272 3433 3498 2324
10301 4 2 0 1 3590 2347 924 2465
10302 4 2 0 1 3221 3206 3009 3231
10303 4 2 0 1 3387 2273 3407 3420
10304 4 2 0 1 2893 2843 2753 2492
10305 4 2 0 1 2825 2505 2985 2907
10306 4 2 0 1 499 3567 2634 2907
10307 4 2 0 1 873 2817 2734 2873
10308 4 2 0 1 3173 3119 3220 3172
10309 4 2 0 1 2929 3540 2382 3538
10310 4 2 0 1 3391 2896 2893 3480
10311 4 2 0 1 2671 3403 2383 3546
10312 4 2 0 1 2736 796 414 797
10313 4 2 0 1 2908 2343 3196 3098
10314 4 2 0 1 2144 2105 2827 1164
10315 4 2 0 1 2635 2503 2634 2431
10316 4 2 0 1 3077 3078 3079 3102
10317 4 2 0 1 3302 2640 2336 3884
10318 4 2 0 1 3742 2138 1872 2786
10319 4 2 0 1 3173 3119 3172 3115
10320 4 2 0 1 1550 3125 3023 3087
10321 4 2 0 1 511 2323 3589 2972
10322 4 2 0 1 3716 2319 2707 2709
10323 4 2 0 1 3477 256 718 2438
10324 4 2 0 1 1918 2603 2606 2607
10325 4 2 0 1 3338 3306 3350 3313
10326 4 2 0 1 3347 3348 3349 3360
10327 4 2 0 1 2554 2552 2553 17
10328 4 2 0 1 2541 3653 2538 2532
10329 4 2 0 1 2412 3560 2415 2702
10330 4 2 0 1 2549 3529 2548 3530
10331 4 2 0 1 3545 3543 2383 2683
10332 4 2 0 1 3587 2463 3586 2470
10333 4 2 0 1 3471 3376 3460 2492
10334 4 2 0 1 3408 3877 2260 3375
10335 4 2 0 1 2778 571 1010 867
10336 4 2 0 1 813 2411 189 988
10337 4 2 0 1 3839 2900 3108 3109
10338 4 2 0 1 3198 1184 1182 3718
10339 4 2 0 1 2901 3545 2890 2686
10340 4 2 0 1 3657 3421 3546 2583
10341 4 2 0 1 2266 2683 2686 2671
10342 4 2 0 1 3249 2878 3335 60
10343 4 2 0 1 3742 2691 3705 3320
10344 4 2 0 1 2690 98 887 2922
10345 4 2 0 1 2338 3739 3740 2885
10346 4 2 0 1 1872 2789 1802 2238
10347 4 2 0 1 3335 2756 3336 2584
10348 4 2 0 1 2577 3336 3424 2756
10349 4 2 0 1 3139 3142 2582 3135
10350 4 2 0 1 2510 3446 3576 2455
10351 4 2 0 1 1441 1160 1343 3271
10352 4 2 0 1 2523 2272 3436 2874
10353 4 2 0 1 2911 3446 2914 2279
10354 4 2 0 1 2782 2849 2858 2341
10355 4 2 0 1 458 650 459 2873
10356 4 2 0 1 841 3679 2411 2413
10357 4 2 0 1 2922 3663 3701 2684
10358 4 2 0 1 3408 3877 2565 2777
10359 4 2 0 1 3834 3204 3007 3228
10360 4 2 0 1 3295 2394 2905 3682
10361 4 2 0 1 2648 3751 3750 3384
10362 4 2 0 1 1887 2770 2405 1769
10363 4 2 0 1 2671 2686 3545 2683
10364 4 2 0 1 3226 3007 3221 3865
10365 4 2 0 1 3657 3338 3272 2757
10366 4 2 0 1 3625 2273 2539 3407
10367 4 2 0 1 3260 3236 3323 3868
10368 4 2 0 1 2276 2652 2616 2253
10369 4 2 0 1 3925 2020 3019 3253
10370 4 2 0 1 3877 2648 3750 3384
10371 4 2 0 1 3680 2499 2633 2300
10372 4 2 0 1 3606 2293 3392 3713
10373 4 2 0 1 3350 3422 2937 2814
10374 4 2 0 1 373 2534 607 768
10375 4 2 0 1 1007 2547 1077 3652
10376 4 2 0 1 2932 927 534 537
10377 4 2 0 1 3683 2394 2906 3618
10378 4 2 0 1 1575 3559 3558 3684
10379 4 2 0 1 3558 1883 2173 1670
10380 4 2 0 1 2844 3641 2555 3553
10381 4 2 0 1 2558 3647 2607 2561
10382 4 2 0 1 826 3639 2560 2552
10383 4 2 0 1 2517 461 447 446
10384 4 2 0 1 3557 3558 3559 3615
10385 4 2 0 1 2820 3752 2808 3378
10386 4 2 0 1 3684 2637 3615 3558
10387 4 2 0 1 1420 1423 3012 1870
10388 4 2 0 1 3104 3485 3099 3835
10389 4 2 0 1 2671 2266 2383 3403
10390 4 2 0 1 2977 1049 219 221
10391 4 2 0 1 2455 2458 3446 2454
10392 4 2 0 1 738 723 965 2353
10393 4 2 0 1 2679 2595 3769 2294
10394 4 2 0 1 2266 2683 2671 2383
10395 4 2 0 1 2267 2685 2383 3702
10396 4 2 0 1 3887 3888 3275 2557
10397 4 2 0 1 3189 3267 3869 3647
10398 4 2 0 1 3325 1824 2899 3535
10399 4 2 0 1 3058 3193 3860 3055
10400 4 2 0 1 3880 3403 3419 3406
10401 4 2 0 1 3907 2946 2920 972
10402 4 2 0 1 3548 2408 2454 3549
10403 4 2 0 1 3880 3396 3419 3403
10404 4 2 0 1 1561 1899 1898 3243
10405 4 2 0 1 3477 2623 2391 2978
10406 4 2 0 1 2557 3259 3285 3887
10407 4 2 0 1 2968 3405 3439 3437
10408 4 2 0 1 1116 3631 415 894
10409 4 2 0 1 3439 3405 2968 3427
10410 4 2 0 1 2775 2602 2852 3216
10411 4 2 0 1 296 271 2991 349
10412 4 2 0 1 3679 3569 2413 423
10413 4 2 0 1 2975 2460 3578 2925
10414 4 2 0 1 2607 3214 3216 2852
10415 4 2 0 1 3203 1668 1667 1669
10416 4 2 0 1 3858 3857 3048 3044
10417 4 2 0 1 3149 3150 3044 3148
10418 4 2 0 1 2072 1696 2117 3044
10419 4 2 0 1 3778 1250 1254 1251
10420 4 2 0 1 1741 3778 1245 1250
10421 4 2 0 1 546 2541 539 2940
10422 4 2 0 1 1741 3891 1676 2031
10423 4 2 0 1 3402 3398 3750 3875
10424 4 2 0 1 1462 1464 1746 3685
10425 4 2 0 1 1541 1575 3558 3684
10426 4 2 0 1 3405 3402 3346 3531
10427 4 2 0 1 3797 1739 2200 3796
10428 4 2 0 1 2940 1074 537 944
10429 4 2 0 1 3558 3557 3549 3615
10430 4 2 0 1 2332 3507 3490 2869
10431 4 2 0 1 2223 2092 1218 3830
10432 4 2 0 1 635 2569 3687 546
10433 4 2 0 1 3029 1528 1527 1526
10434 4 2 0 1 3800 1298 1296 3801
10435 4 2 0 1 3396 3875 2712 3369
10436 4 2 0 1 3928 1993 2179 1580
10437 4 2 0 1 3564 2434 3565 2428
10438 4 2 0 1 2007 2175 1903 3093
10439 4 2 0 1 1304 3921 1305 1306
10440 4 2 0 1 3763 1871 3258 3131
10441 4 2 0 1 1853 1962 1507 3052
10442 4 2 0 1 2712 3875 3396 2839
10443 4 2 0 1 1515 3028 3800 1900
10444 4 2 0 1 1900 3028 1524 1510
10445 4 2 0 1 2899 2371 3535 3756
10446 4 2 0 1 3860 3018 3217 3190
10447 4 2 0 1 3793 3827 3192 1210
10448 4 2 0 1 1338 1933 2924 2909
10449 4 2 0 1 189 2411 1012 988
10450 4 2 0 1 3486 3007 3231 3228
10451 4 2 0 1 3378 3394 3386 3470
10452 4 2 0 1 3158 1901 1214 1590
10453 4 2 0 1 1470 1471 3143 1472
10454 4 2 0 1 296 299 2991 295
10455 4 2 0 1 2047 1478 1484 3113
10456 4 2 0 1 3003 3554 2998 3832
10457 4 2 0 1 3094 3091 1905 1906
10458 4 2 0 1 3074 1272 1924 1273
10459 4 2 0 1 2905 2511 2622 3574
10460 4 2 0 1 3039 3187 3045 3555
10461 4 2 0 1 3123 2770 2796 3110
10462 4 2 0 1 1908 3809 3807 1373
10463 4 2 0 1 1959 1255 1269 3779
10464 4 2 0 1 1741 3891 2031 3892
10465 4 2 0 1 2544 2903 3583 2543
10466 4 2 0 1 1599 3068 1265 1264
10467 4 2 0 1 3281 1444 1429 3796
10468 4 2 0 1 2469 2462 2463 2802
10469 4 2 0 1 3014 3011 3013 3231
10470 4 2 0 1 3023 3281 3796 1444
10471 4 2 0 1 3378 3394 3470 2290
10472 4 2 0 1 1408 3798 1406 3021
10473 4 2 0 1 972 3907 46 958
10474 4 2 0 1 3508 2794 3126 3745
10475 4 2 0 1 3286 3135 1952 1613
10476 4 2 0 1 627 3679 423 426
10477 4 2 0 1 3286 3135 3036 3133
10478 4 2 0 1 2903 3582 3583 3581
10479 4 2 0 1 3381 3386 3394 3387
10480 4 2 0 1 3582 3580 3583 3581
10481 4 2 0 1 1489 2087 3187 3114
10482 4 2 0 1 3385 2565 2647 2566
10483 4 2 0 1 2903 2515 3581 3583
10484 4 2 0 1 2515 2461 3581 3583
10485 4 2 0 1 2903 2515 3583 2543
10486 4 2 0 1 1962 2160 1507 3052
10487 4 2 0 1 3385 2647 2565 2820
10488 4 2 0 1 3239 3299 3645 3266
10489 4 2 0 1 2230 3815 1631 2074
10490 4 2 0 1 2861 3377 3379 3382
10491 4 2 0 1 3644 3767 2868 2558
10492 4 2 0 1 3149 3083 3830 3034
10493 4 2 0 1 3139 3086 3504 3244
10494 4 2 0 1 3119 3166 3217 2326
10495 4 2 0 1 3359 3348 3360 3361
10496 4 2 0 1 1137 3528 682 242
10497 4 2 0 1 3513 3500 2372 3302
10498 4 2 0 1 2861 3377 2342 3379
10499 4 2 0 1 3634 2315 3580 2462
10500 4 2 0 1 1603 1710 3210 2166
10501 4 2 0 1 3009 3010 3280 2033
10502 4 2 0 1 3158 3157 3059 3247
10503 4 2 0 1 3193 3492 2335 3182
10504 4 2 0 1 3391 2861 2342 3379
10505 4 2 0 1 682 3528 1137 2981
10506 4 2 0 1 3192 3193 3080 3860
10507 4 2 0 1 1701 3852 1826 2106
10508 4 2 0 1 424 3679 2629 426
10509 4 2 0 1 3031 1564 1527 1975
10510 4 2 0 1 3149 3150 3152 3643
10511 4 2 0 1 3086 3089 3488 3238
10512 4 2 0 1 3275 3450 3551 3251
10513 4 2 0 1 1572 1550 3087 1626
10514 4 2 0 1 1696 3149 3044 3790
10515 4 2 0 1 279 2982 1146 2934
10516 4 2 0 1 3391 2861 3379 2470
10517 4 2 0 1 2463 2469 2802 3587
10518 4 2 0 1 1893 2418 3307 1805
10519 4 2 0 1 3156 3035 1568 1598
10520 4 2 0 1 1530 3258 3032 3276
10521 4 2 0 1 3127 3128 3130 3207
10522 4 2 0 1 2346 3207 3162 3163
10523 4 2 0 1 1463 3685 3140 3848
10524 4 2 0 1 1463 3140 3685 1462
10525 4 2 0 1 2639 885 2875 2656
10526 4 2 0 1 2544 3584 3583 2903
10527 4 2 0 1 3012 3014 3206 3844
10528 4 2 0 1 2836 3097 3232 3226
10529 4 2 0 1 3228 3103 3486 3834
10530 4 2 0 1 2313 3486 3231 3228
10531 4 2 0 1 3077 3078 3102 3072
10532 4 2 0 1 3005 3231 3011 3486
10533 4 2 0 1 3099 3228 3103 3835
10534 4 2 0 1 279 2494 2982 2934
10535 4 2 0 1 3167 3170 3855 3174
10536 4 2 0 1 2561 1778 2607 1333
10537 4 2 0 1 3131 2152 2197 1570
10538 4 2 0 1 3099 3228 3835 3096
10539 4 2 0 1 3799 1294 3804 1349
10540 4 2 0 1 3215 3258 3299 3276
10541 4 2 0 1 3099 3228 3204 3834
10542 4 2 0 1 1539 3806 1538 1532
10543 4 2 0 1 3099 3228 3834 3103
10544 4 2 0 1 1565 1582 3805 1549
10545 4 2 0 1 3734 3260 3186 3556
10546 4 2 0 1 3048 3857 3051 3044
10547 4 2 0 1 2023 1704 9 2608
10548 4 2 0 1 3788 3789 3790 2095
10549 4 2 0 1 3044 3807 3048 1908
10550 4 2 0 1 2002 1172 2514 2110
10551 4 2 0 1 3095 3016 1447 1686
10552 4 2 0 1 279 2494 2934 278
10553 4 2 0 1 3034 3642 3189 3867
10554 4 2 0 1 3082 3188 3033 3034
10555 4 2 0 1 3025 3845 3744 3137
10556 4 2 0 1 3125 2582 3139 3085
10557 4 2 0 1 3244 3086 3504 3488
10558 4 2 0 1 2633 3712 2928 2289
10559 4 2 0 1 1261 3064 3068 3782
10560 4 2 0 1 3593 1014 2477 900
10561 4 2 0 1 3214 3189 3642 3867
10562 4 2 0 1 1663 1662 3300 1653
10563 4 2 0 1 2838 3864 3224 3128
10564 4 2 0 1 2679 2872 2884 2706
10565 4 2 0 1 3224 3864 2838 2837
10566 4 2 0 1 3766 3490 3871 2869
10567 4 2 0 1 2719 2400 2281 2926
10568 4 2 0 1 3224 2228 2838 3128
10569 4 2 0 1 1731 2212 3841 1485
10570 4 2 0 1 1514 3839 1766 2796
10571 4 2 0 1 2064 1767 1922 2796
10572 4 2 0 1 1750 2130 3811 1752
10573 4 2 0 1 3691 3601 2695 2644
10574 4 2 0 1 830 3600 877 3601
10575 4 2 0 1 1063 910 3601 578
10576 4 2 0 1 2695 1063 2644 3601
10577 4 2 0 1 2644 488 3601 910
10578 4 2 0 1 2838 2228 3224 2837
10579 4 2 0 1 1541 3684 3558 3246
10580 4 2 0 1 2455 2509 2508 2511
10581 4 2 0 1 3557 2408 3615 2906
10582 4 2 0 1 3208 3864 2836 3520
10583 4 2 0 1 2408 3614 3615 2906
10584 4 2 0 1 1063 2644 3601 910
10585 4 2 0 1 109 3327 2507 2973
10586 4 2 0 1 2404 453 3578 2925
10587 4 2 0 1 2409 2406 3548 3557
10588 4 2 0 1 2654 2744 975 2513
10589 4 2 0 1 830 877 578 3601
10590 4 2 0 1 1478 3242 1484 3113
10591 4 2 0 1 3834 3099 3833 3100
10592 4 2 0 1 3849 1940 1490 1847
10593 4 2 0 1 1452 1613 1450 3141
10594 4 2 0 1 3099 3100 1366 3833
10595 4 2 0 1 2302 2386 2365 2385
10596 4 2 0 1 1614 1613 1452 3141
10597 4 2 0 1 2325 2640 3264 3534
10598 4 2 0 1 3275 3450 3251 3036
10599 4 2 0 1 2248 1830 2909 1829
10600 4 2 0 1 3907 2946 82 2920
10601 4 2 0 1 3094 3095 1903 3093
10602 4 2 0 1 2695 1063 3601 830
10603 4 2 0 1 3155 1568 1989 1742
10604 4 2 0 1 1316 3247 1285 3805
10605 4 2 0 1 3094 3095 3093 3144
10606 4 2 0 1 198 2568 903 1001
10607 4 2 0 1 3875 3396 2839 2260
10608 4 2 0 1 2808 2648 2820 3877
10609 4 2 0 1 3702 2686 2859 2266
10610 4 2 0 1 3152 3084 3275 2582
10611 4 2 0 1 3479 3381 2290 3394
10612 4 2 0 1 2751 2625 2724 3678
10613 4 2 0 1 3515 3364 3326 3489
10614 4 2 0 1 3662 3705 2691 3320
10615 4 2 0 1 3152 3275 3262 3643
10616 4 2 0 1 912 2969 977 490
10617 4 2 0 1 3272 3428 3430 3498
10618 4 2 0 1 1184 3718 1183 1182
10619 4 2 0 1 21 2709 2323 2972
10620 4 2 0 1 2464 2319 3648 2710
10621 4 2 0 1 3152 3262 3275 3084
10622 4 2 0 1 3165 3306 3541 3269
10623 4 2 0 1 2969 912 977 911
10624 4 2 0 1 3034 3149 3083 3262
10625 4 2 0 1 2710 2464 3730 2315
10626 4 2 0 1 2692 3356 3425 2685
10627 4 2 0 1 3083 3790 3149 1695
10628 4 2 0 1 2582 3083 3084 3085
10629 4 2 0 1 1057 2919 901 2881
10630 4 2 0 1 3401 3375 3408 2260
10631 4 2 0 1 3329 2894 1053 2919
10632 4 2 0 1 3587 2567 3379 3518
10633 4 2 0 1 2470 2463 3383 3587
10634 4 2 0 1 2491 3388 2493 2705
10635 4 2 0 1 2959 3514 3060 3326
10636 4 2 0 1 261 349 718 2438
10637 4 2 0 1 3877 2808 3384 3386
10638 4 2 0 1 3401 3380 3375 2260
10639 4 2 0 1 569 3329 1053 2919
10640 4 2 0 1 3627 3626 2535 3625
10641 4 2 0 1 38 2416 39 2987
10642 4 2 0 1 3383 3876 3382 3401
10643 4 2 0 1 3518 3587 3391 3379
10644 4 2 0 1 38 2416 2987 1711
10645 4 2 0 1 2624 2540 2938 3629
10646 4 2 0 1 2624 2540 3629 2438
10647 4 2 0 1 2920 3907 972 958
10648 4 2 0 1 1338 3759 2909 3121
10649 4 2 0 1 2484 442 3525 2830
10650 4 2 0 1 3592 2466 2493 2299
10651 4 2 0 1 3531 2350 3384 3374
10652 4 2 0 1 2701 2523 2521 2874
10653 4 2 0 1 2969 3414 2285 2749
10654 4 2 0 1 2596 938 1098 2644
10655 4 2 0 1 2442 2528 2274 2527
10656 4 2 0 1 2859 3382 2799 2860
10657 4 2 0 1 2843 2492 2752 2753
10658 4 2 0 1 2723 3651 3727 2726
10659 4 2 0 1 3478 607 2942 893
10660 4 2 0 1 373 607 3725 567
10661 4 2 0 1 2929 3544 3538 2382
10662 4 2 0 1 893 607 2942 1149
10663 4 2 0 1 3732 3478 2529 2942
10664 4 2 0 1 3398 3875 3373 3880
10665 4 2 0 1 97 2573 3283 2509
10666 4 2 0 1 649 852 2670 3545
10667 4 2 0 1 3749 2890 2535 2689
10668 4 2 0 1 3889 2376 528 530
10669 4 2 0 1 547 2375 572 545
10670 4 2 0 1 2929 3538 3544 2963
10671 4 2 0 1 3603 2485 759 2495
10672 4 2 0 1 2439 2436 2629 2955
10673 4 2 0 1 2498 583 3607 581
10674 4 2 0 1 2536 2439 2629 2955
10675 4 2 0 1 3577 2719 3445 2399
10676 4 2 0 1 2196 1592 3837 1593
10677 4 2 0 1 3702 2267 2685 3663
10678 4 2 0 1 3837 1592 2196 3772
10679 4 2 0 1 2665 2556 3435 3510
10680 4 2 0 1 3275 3643 3251 3551
10681 4 2 0 1 1287 3911 3256 1288
10682 4 2 0 1 2679 2625 2680 2525
10683 4 2 0 1 1288 1289 3911 1290
10684 4 2 0 1 2548 571 2779 2778
10685 4 2 0 1 2028 3777 3923 1231
10686 4 2 0 1 3881 2941 3411 2269
10687 4 2 0 1 2965 3631 2542 2536
10688 4 2 0 1 3098 2908 2909 2923
10689 4 2 0 1 3568 2390 2437 2441
10690 4 2 0 1 2275 3726 2968 3883
10691 4 2 0 1 3449 3510 3435 3498
10692 4 2 0 1 2771 3686 3883 3442
10693 4 2 0 1 507 782 2658 3561
10694 4 2 0 1 2719 2400 3445 2399
10695 4 2 0 1 3447 3251 3236 3179
10696 4 2 0 1 3552 2395 2601 2608
10697 4 2 0 1 3449 3510 3498 3288
10698 4 2 0 1 3184 3086 3089 3488
10699 4 2 0 1 580 3603 2498 3602
10700 4 2 0 1 1145 698 822 2996
10701 4 2 0 1 2652 2616 2253 2264
10702 4 2 0 1 2498 583 2768 3607
10703 4 2 0 1 3430 2523 2746 3367
10704 4 2 0 1 2705 2493 2498 2871
10705 4 2 0 1 744 477 2666 475
10706 4 2 0 1 2493 3592 2495 3607
10707 4 2 0 1 2603 12 743 13
10708 4 2 0 1 2663 2288 3608 3469
10709 4 2 0 1 276 274 275 3475
10710 4 2 0 1 3712 268 3473 269
10711 4 2 0 1 2524 358 2884 1144
10712 4 2 0 1 2248 2909 2240 2827
10713 4 2 0 1 2240 2909 2248 1830
10714 4 2 0 1 2662 2755 2752 2291
10715 4 2 0 1 2752 2755 2662 2753
10716 4 2 0 1 2528 2594 2679 2625
10717 4 2 0 1 2191 1893 1592 3307
10718 4 2 0 1 3099 1365 2828 1367
10719 4 2 0 1 3098 2344 3204 3865
10720 4 2 0 1 2424 2305 2287 2417
10721 4 2 0 1 3388 3518 3879 3376
10722 4 2 0 1 3357 2788 3313 3194
10723 4 2 0 1 3474 2490 3603 2486
10724 4 2 0 1 2301 2822 3469 3610
10725 4 2 0 1 750 2489 974 3697
10726 4 2 0 1 2498 3469 2301 2499
10727 4 2 0 1 1138 727 748 3610
10728 4 2 0 1 45 2422 2943 2946
10729 4 2 0 1 1170 1770 2957 24
10730 4 2 0 1 2706 354 352 3698
10731 4 2 0 1 1770 1345 2897 1884
10732 4 2 0 1 2706 352 354 353
10733 4 2 0 1 3885 3520 3292 2834
10734 4 2 0 1 3142 3507 3268 3504
10735 4 2 0 1 2430 2635 2431 3462
10736 4 2 0 1 2604 80 2664 2668
10737 4 2 0 1 3792 3016 3152 3148
10738 4 2 0 1 3792 3152 3016 3017
10739 4 2 0 1 2497 2452 2295 2304
10740 4 2 0 1 3016 3017 3152 2580
10741 4 2 0 1 3586 3361 2321 2733
10742 4 2 0 1 3698 3769 2697 2696
10743 4 2 0 1 2767 2316 3361 3366
10744 4 2 0 1 2888 2652 2253 2621
10745 4 2 0 1 2464 2518 3730 2315
10746 4 2 0 1 1338 3759 3121 1325
10747 4 2 0 1 3752 2488 2293 3385
10748 4 2 0 1 3573 2833 1003 588
10749 4 2 0 1 2917 51 2000 50
10750 4 2 0 1 2753 3468 2896 2893
10751 4 2 0 1 2305 2447 2452 2824
10752 4 2 0 1 210 2772 212 2425
10753 4 2 0 1 3610 728 3609 1138
10754 4 2 0 1 2445 2449 2447 3122
10755 4 2 0 1 2888 2652 2621 2931
10756 4 2 0 1 2504 2891 2287 2674
10757 4 2 0 1 3014 2313 3011 3231
10758 4 2 0 1 1826 3121 1326 1719
10759 4 2 0 1 2663 3608 2288 2682
10760 4 2 0 1 3835 2313 3102 3106
10761 4 2 0 1 2500 2663 3469 2288
10762 4 2 0 1 1618 1954 3243 2132
10763 4 2 0 1 2812 3692 2652 2976
10764 4 2 0 1 1823 1610 1609 3535
10765 4 2 0 1 3557 3558 3274 3559
10766 4 2 0 1 3755 1170 2957 25
10767 4 2 0 1 14 2561 2604 1333
10768 4 2 0 1 3873 3503 3360 2898
10769 4 2 0 1 3240 1559 1558 1461
10770 4 2 0 1 2801 2682 3466 2767
10771 4 2 0 1 2834 2824 2823 3465
10772 4 2 0 1 2561 1778 1333 1776
10773 4 2 0 1 2710 3493 2564 2254
10774 4 2 0 1 3479 2290 3381 3393
10775 4 2 0 1 866 2548 144 889
10776 4 2 0 1 3705 2691 3748 2693
10777 4 2 0 1 3343 2672 3410 2673
10778 4 2 0 1 3215 3867 3647 3214
10779 4 2 0 1 915 2548 2887 866
10780 4 2 0 1 2302 2500 2663 2385
10781 4 2 0 1 3761 1715 1781 2152
10782 4 2 0 1 2867 2844 3649 2563
10783 4 2 0 1 3743 3025 3744 3137
10784 4 2 0 1 2083 1591 1888 3830
10785 4 2 0 1 619 3455 2666 618
10786 4 2 0 1 3836 3099 3103 3104
10787 4 2 0 1 858 3591 596 2467
10788 4 2 0 1 596 3591 858 1071
10789 4 2 0 1 2794 3747 3126 3745
10790 4 2 0 1 2832 2750 2760 2478
10791 4 2 0 1 2327 3365 3502 3738
10792 4 2 0 1 3152 3846 3017 2582
10793 4 2 0 1 3559 3557 3615 2906
10794 4 2 0 1 3184 3086 3488 3181
10795 4 2 0 1 2760 2761 3760 2481
10796 4 2 0 1 3171 3281 3021 3851
10797 4 2 0 1 3490 3886 3354 2328
10798 4 2 0 1 2480 2750 2760 2481
10799 4 2 0 1 731 2969 977 911
10800 4 2 0 1 2325 3264 3757 2369
10801 4 2 0 1 2760 2761 2481 2750
10802 4 2 0 1 2920 3907 3927 82
10803 4 2 0 1 595 594 2467 2465
10804 4 2 0 1 2012 1410 3901 3021
10805 4 2 0 1 3927 3907 2920 958
10806 4 2 0 1 3281 1550 1443 1444
10807 4 2 0 1 2467 594 595 593
10808 4 2 0 1 3368 3369 3371 3395
10809 4 2 0 1 3749 2890 2689 2873
10810 4 2 0 1 619 2666 3455 2664
10811 4 2 0 1 3558 3549 3557 2409
10812 4 2 0 1 3684 3559 3558 3615
10813 4 2 0 1 2327 3738 3502 3363
10814 4 2 0 1 2712 3371 3395 2874
10815 4 2 0 1 3136 3511 3133 2331
10816 4 2 0 1 580 3603 3602 579
10817 4 2 0 1 2138 1159 2786 57
10818 4 2 0 1 2712 3395 3371 3369
10819 4 2 0 1 2723 2941 3727 3651
10820 4 2 0 1 2589 3665 2764 3526
10821 4 2 0 1 2418 84 2419 2420
10822 4 2 0 1 3437 3420 3438 3771
10823 4 2 0 1 3248 3051 3555 3047
10824 4 2 0 1 2816 2291 2661 2752
10825 4 2 0 1 2325 2365 3534 2368
10826 4 2 0 1 2363 2365 2325 2368
10827 4 2 0 1 2774 2977 2804 2427
10828 4 2 0 1 3241 1614 1452 3141
10829 4 2 0 1 2836 3097 3226 3222
10830 4 2 0 1 2365 3532 2368 2363
10831 4 2 0 1 3302 3500 2372 3195
10832 4 2 0 1 3428 2381 3431 3498
10833 4 2 0 1 3185 3733 3136 3186
10834 4 2 0 1 3559 3684 2906 3615
10835 4 2 0 1 2958 2368 2363 2325
10836 4 2 0 1 2533 1019 1029 2670
10837 4 2 0 1 2375 3537 2653 2819
10838 4 2 0 1 3875 3399 3395 3369
10839 4 2 0 1 3354 3352 3487 2867
10840 4 2 0 1 3354 3065 3352 3872
10841 4 2 0 1 3606 3460 2705 2928
10842 4 2 0 1 2967 32 2966 208
10843 4 2 0 1 2967 2505 2386 2388
10844 4 2 0 1 3937 3000 1820 2233
10845 4 2 0 1 79 2387 30 2966
10846 4 2 0 1 1455 3140 1458 3768
10847 4 2 0 1 3340 1156 2511 70
10848 4 2 0 1 3616 2636 2913 2394
10849 4 2 0 1 3617 3574 2511 2905
10850 4 2 0 1 3614 2514 3617 3615
10851 4 2 0 1 3937 1820 3000 1319
10852 4 2 0 1 3047 2610 3112 3108
10853 4 2 0 1 3352 3648 3348 3347
10854 4 2 0 1 2611 2405 2770 3160
10855 4 2 0 1 3150 3211 3248 3092
10856 4 2 0 1 2401 3868 3450 3236
10857 4 2 0 1 2514 3233 1732 3615
10858 4 2 0 1 2514 3233 3615 3616
10859 4 2 0 1 3352 3348 3648 2867
10860 4 2 0 1 3107 3049 3053 3132
10861 4 2 0 1 3857 3049 3257 3859
10862 4 2 0 1 2424 2431 2287 2497
10863 4 2 0 1 3938 3015 3781 1384
10864 4 2 0 1 3869 3199 2320 3267
10865 4 2 0 1 1739 3797 2200 2035
10866 4 2 0 1 3621 2815 2559 3620
10867 4 2 0 1 2723 3651 2726 3652
10868 4 2 0 1 1394 3938 3015 3788
10869 4 2 0 1 3426 3651 2941 2723
10870 4 2 0 1 2657 2764 3668 2630
10871 4 2 0 1 3680 2635 2292 3608
10872 4 2 0 1 404 406 2841 405
10873 4 2 0 1 1408 1410 1411 3021
10874 4 2 0 1 1720 3121 1339 2924
10875 4 2 0 1 1016 906 368 3565
10876 4 2 0 1 1394 3938 3788 1862
10877 4 2 0 1 923 2590 3568 2435
10878 4 2 0 1 1394 3938 1862 1384
10879 4 2 0 1 2461 2714 2519 2840
10880 4 2 0 1 2730 2518 3620 2519
10881 4 2 0 1 741 187 611 2765
10882 4 2 0 1 424 3569 2436 2629
10883 4 2 0 1 2535 2798 3625 2529
10884 4 2 0 1 3797 1551 2200 2035
10885 4 2 0 1 3056 3193 3055 3060
10886 4 2 0 1 2798 2535 3625 3627
10887 4 2 0 1 3573 740 796 1038
10888 4 2 0 1 3122 3291 2418 3485
10889 4 2 0 1 3628 2890 3418 2686
10890 4 2 0 1 2450 2945 3773 2449
10891 4 2 0 1 3291 2908 2506 2416
10892 4 2 0 1 2402 2393 2453 3548
10893 4 2 0 1 2226 1620 2999 2057
10894 4 2 0 1 3548 2409 3549 2393
10895 4 2 0 1 2393 2459 3579 2894
10896 4 2 0 1 2226 2999 1620 3004
10897 4 2 0 1 2766 639 924 592
10898 4 2 0 1 3607 3467 2493 2466
10899 4 2 0 1 2468 2472 3590 2316
10900 4 2 0 1 2779 2778 571 1087
10901 4 2 0 1 3582 1041 3585 518
10902 4 2 0 1 3607 2467 2768 2466
10903 4 2 0 1 595 2468 594 2465
10904 4 2 0 1 2554 3635 3637 2708
10905 4 2 0 1 24 3524 2957 979
10906 4 2 0 1 3496 2818 3494 3523
10907 4 2 0 1 2347 2316 3476 2465
10908 4 2 0 1 3626 2273 3407 3404
10909 4 2 0 1 19 2709 3197 20
10910 4 2 0 1 2697 3390 3606 2928
10911 4 2 0 1 3697 2675 3696 2762
10912 4 2 0 1 2270 3339 3658 3413
10913 4 2 0 1 2571 721 720 3693
10914 4 2 0 1 3592 2466 3607 2493
10915 4 2 0 1 2571 720 721 693
10916 4 2 0 1 3679 3569 2630 2413
10917 4 2 0 1 3904 3946 1556 1579
10918 4 2 0 1 2270 3658 2889 3413
10919 4 2 0 1 2631 246 230 450
10920 4 2 0 1 3680 2501 503 2634
10921 4 2 0 1 586 3610 3609 1138
10922 4 2 0 1 2944 3573 2451 3572
10923 4 2 0 1 3580 2461 3634 3583
10924 4 2 0 1 3946 3910 3904 1632
10925 4 2 0 1 2273 3387 3407 3404
10926 4 2 0 1 2972 2970 2464 2731
10927 4 2 0 1 1454 1904 3847 1902
10928 4 2 0 1 2564 2814 2937 2730
10929 4 2 0 1 3094 1902 1904 1903
10930 4 2 0 1 2844 2815 2553 3638
10931 4 2 0 1 945 2706 365 2884
10932 4 2 0 1 2390 2389 1018 636
10933 4 2 0 1 3390 3769 2927 2680
10934 4 2 0 1 2639 2875 3669 2656
10935 4 2 0 1 2290 3390 2927 3461
10936 4 2 0 1 3094 1902 1903 3095
10937 4 2 0 1 3443 3437 3438 2764
10938 4 2 0 1 1187 3229 3317 3813
10939 4 2 0 1 2516 3453 3510 3435
10940 4 2 0 1 1185 3229 3813 3054
10941 4 2 0 1 3894 2360 2479 430
10942 4 2 0 1 1006 939 3415 391
10943 4 2 0 1 3894 2360 430 854
10944 4 2 0 1 2308 2817 2873 2858
10945 4 2 0 1 1006 2880 391 3415
10946 4 2 0 1 2684 3702 2689 2860
10947 4 2 0 1 3876 3358 3383 3382
10948 4 2 0 1 3422 3423 3371 3874
10949 4 2 0 1 2731 3584 2936 2464
10950 4 2 0 1 2544 326 1041 2903
10951 4 2 0 1 2639 885 2656 554
10952 4 2 0 1 3581 2517 2519 3619
10953 4 2 0 1 2272 3368 3371 2874
10954 4 2 0 1 2814 2730 2563 3620
10955 4 2 0 1 2556 2555 3553 3640
10956 4 2 0 1 2787 3356 2732 3425
10957 4 2 0 1 2665 2556 3510 3640
10958 4 2 0 1 3633 540 966 2542
10959 4 2 0 1 3507 3767 2845 3553
10960 4 2 0 1 967 664 511 2972
10961 4 2 0 1 3358 3493 2840 2463
10962 4 2 0 1 2934 3605 2489 2487
10963 4 2 0 1 2815 2562 2553 2559
10964 4 2 0 1 3634 2544 2802 2462
10965 4 2 0 1 2639 885 554 1131
10966 4 2 0 1 3945 1892 3794 3253
10967 4 2 0 1 2275 3726 3727 2968
10968 4 2 0 1 2269 2904 3426 2812
10969 4 2 0 1 693 833 721 2571
10970 4 2 0 1 2844 2553 2815 2563
10971 4 2 0 1 3731 2748 2255 2600
10972 4 2 0 1 3945 1892 3253 1201
10973 4 2 0 1 1006 2880 942 391
10974 4 2 0 1 2937 3422 3423 3754
10975 4 2 0 1 2519 2520 3753 3436
10976 4 2 0 1 1645 3756 1770 1771
10977 4 2 0 1 1645 1770 3756 1170
10978 4 2 0 1 2844 2815 3638 2555
10979 4 2 0 1 2870 3647 3645 3239
10980 4 2 0 1 3088 3085 3512 3082
10981 4 2 0 1 2083 1740 2092 3830
10982 4 2 0 1 1506 1504 3053 1543
10983 4 2 0 1 1784 3278 3785 3008
10984 4 2 0 1 1552 3239 1583 3266
10985 4 2 0 1 3669 2875 2876 2656
10986 4 2 0 1 2726 200 2547 3652
10987 4 2 0 1 2726 200 3652 2414
10988 4 2 0 1 2389 2390 2441 3547
10989 4 2 0 1 3726 2941 2727 3727
10990 4 2 0 1 3278 1784 1629 1738
10991 4 2 0 1 180 175 2587 173
10992 4 2 0 1 782 936 675 2658
10993 4 2 0 1 1489 1867 3187 2087
10994 4 2 0 1 3053 1543 2900 2853
10995 4 2 0 1 1298 3048 3038 2124
10996 4 2 0 1 1298 3048 2124 1312
10997 4 2 0 1 1698 1916 3048 3858
10998 4 2 0 1 2580 3150 3152 3016
10999 4 2 0 1 3692 2616 2276 2652
11000 4 2 0 1 934 3674 2620 2459
11001 4 2 0 1 2856 2654 2745 2811
11002 4 2 0 1 920 123 121 2276
11003 4 2 0 1 2854 3676 2811 2654
11004 4 2 0 1 2424 2431 2503 2287
11005 4 2 0 1 3149 3152 3150 3148
11006 4 2 0 1 450 2631 2289 3681
11007 4 2 0 1 2580 3150 3263 3643
11008 4 2 0 1 245 356 2949 229
11009 4 2 0 1 2532 2531 2530 3632
11010 4 2 0 1 3017 3152 3151 3792
11011 4 2 0 1 984 542 2933 603
11012 4 2 0 1 3151 3152 3017 2582
11013 4 2 0 1 2570 653 2568 3652
11014 4 2 0 1 3432 3538 2374 2576
11015 4 2 0 1 3633 540 2542 2541
11016 4 2 0 1 2290 3471 3390 2492
11017 4 2 0 1 620 618 2715 3455
11018 4 2 0 1 1657 3908 1866 1946
11019 4 2 0 1 2651 2617 2653 3676
11020 4 2 0 1 2522 617 2666 747
11021 4 2 0 1 2520 2523 3753 3436
11022 4 2 0 1 619 744 2666 2664
11023 4 2 0 1 2515 3581 2519 3619
11024 4 2 0 1 2669 744 2664 2666
11025 4 2 0 1 601 2533 819 1065
11026 4 2 0 1 2880 346 347 350
11027 4 2 0 1 3620 3753 2519 3621
11028 4 2 0 1 2018 2997 2062 3066
11029 4 2 0 1 2289 245 2631 246
11030 4 2 0 1 266 2681 2696 251
11031 4 2 0 1 2928 2681 2680 2632
11032 4 2 0 1 3725 2534 373 3629
11033 4 2 0 1 2097 3904 1729 2098
11034 4 2 0 1 63 2198 3270 2963
11035 4 2 0 1 252 2974 263 2289
11036 4 2 0 1 3505 3129 3740 2339
11037 4 2 0 1 2789 1926 1802 1927
11038 4 2 0 1 1870 3012 3163 2123
11039 4 2 0 1 2789 1927 1802 2238
11040 4 2 0 1 1507 3040 3052 2160
11041 4 2 0 1 252 2974 956 264
11042 4 2 0 1 263 1027 250 2289
11043 4 2 0 1 1507 3040 2160 1980
11044 4 2 0 1 3390 3606 2928 3460
11045 4 2 0 1 3530 139 138 3729
11046 4 2 0 1 795 2930 851 631
11047 4 2 0 1 450 2289 246 1027
11048 4 2 0 1 3530 138 139 137
11049 4 2 0 1 3492 2314 2899 3054
11050 4 2 0 1 3748 2330 2793 2693
11051 4 2 0 1 3646 3647 3645 2561
11052 4 2 0 1 826 3639 2552 2668
11053 4 2 0 1 2283 350 375 2880
11054 4 2 0 1 848 1026 2258 644
11055 4 2 0 1 3726 2968 3411 3727
11056 4 2 0 1 1658 3932 1942 2178
11057 4 2 0 1 3563 2726 2415 2275
11058 4 2 0 1 849 3530 848 2549
11059 4 2 0 1 2729 485 142 182
11060 4 2 0 1 2728 2995 2726 2703
11061 4 2 0 1 3729 139 138 140
11062 4 2 0 1 1007 2547 3652 3654
11063 4 2 0 1 848 3530 849 562
11064 4 2 0 1 1006 2880 2677 942
11065 4 2 0 1 3517 3737 3464 2896
11066 4 2 0 1 2336 2835 3464 3481
11067 4 2 0 1 2498 3469 2499 2288
11068 4 2 0 1 3221 2344 3116 3119
11069 4 2 0 1 2640 2340 2674 2642
11070 4 2 0 1 3116 3006 2344 3221
11071 4 2 0 1 3139 3023 3202 3125
11072 4 2 0 1 3662 2691 3705 2693
11073 4 2 0 1 3439 3443 3438 2349
11074 4 2 0 1 3703 2759 3312 2793
11075 4 2 0 1 2643 2644 3688 3601
11076 4 2 0 1 3335 1343 1340 3271
11077 4 2 0 1 3742 2789 1548 3249
11078 4 2 0 1 3875 3398 3373 3402
11079 4 2 0 1 2598 2713 3670 2271
11080 4 2 0 1 447 474 2520 757
11081 4 2 0 1 2695 304 292 3706
11082 4 2 0 1 2515 3707 3706 825
11083 4 2 0 1 2370 1929 3755 3301
11084 4 2 0 1 2371 2372 3060 2326
11085 4 2 0 1 805 2390 395 636
11086 4 2 0 1 3324 3301 3332 2368
11087 4 2 0 1 3361 3360 2961 3362
11088 4 2 0 1 3520 3232 3885 3292
11089 4 2 0 1 2199 2248 2909 1829
11090 4 2 0 1 2827 35 2144 2145
11091 4 2 0 1 2229 3833 3100 3063
11092 4 2 0 1 2437 703 469 702
11093 4 2 0 1 2150 1966 1716 3266
11094 4 2 0 1 874 316 363 2920
11095 4 2 0 1 2603 1918 2604 2607
11096 4 2 0 1 3338 2757 3657 3661
11097 4 2 0 1 1715 3762 1968 2067
11098 4 2 0 1 3633 2542 1059 820
11099 4 2 0 1 2996 2614 3456 2282
11100 4 2 0 1 2704 3324 2368 2365
11101 4 2 0 1 2280 3868 3448 3323
11102 4 2 0 1 93 1105 3721 713
11103 4 2 0 1 2568 2569 2570 3651
11104 4 2 0 1 2418 43 2420 3245
11105 4 2 0 1 3458 2615 2677 3456
11106 4 2 0 1 2420 3245 2422 2444
11107 4 2 0 1 3457 167 2617 2797
11108 4 2 0 1 2286 3461 2660 2680
11109 4 2 0 1 2300 2499 2633 2705
11110 4 2 0 1 3457 973 2614 1042
11111 4 2 0 1 1571 3810 1374 1991
11112 4 2 0 1 3789 3788 1427 2095
11113 4 2 0 1 2915 2677 2888 614
11114 4 2 0 1 1698 1696 3044 2117
11115 4 2 0 1 3052 1675 3037 1962
11116 4 2 0 1 3544 3543 2383 3545
11117 4 2 0 1 3543 2267 3424 2583
11118 4 2 0 1 2299 2767 2465 2466
11119 4 2 0 1 3543 2267 2583 2383
11120 4 2 0 1 2397 3840 3114 3113
11121 4 2 0 1 3003 3211 3150 3092
11122 4 2 0 1 3201 3248 3092 3555
11123 4 2 0 1 3809 1313 3807 1373
11124 4 2 0 1 1942 3932 1658 3273
11125 4 2 0 1 389 2590 2413 559
11126 4 2 0 1 1264 3064 3279 3068
11127 4 2 0 1 1942 3932 1358 2178
11128 4 2 0 1 3004 3064 3273 3334
11129 4 2 0 1 1360 2086 3223 3776
11130 4 2 0 1 3421 2581 3661 2692
11131 4 2 0 1 2267 2581 3424 2583
11132 4 2 0 1 2108 1330 3794 1193
11133 4 2 0 1 3254 1196 1249 1988
11134 4 2 0 1 3569 3442 2630 2591
11135 4 2 0 1 1358 3932 1942 3273
11136 4 2 0 1 1358 3932 2234 2178
11137 4 2 0 1 2650 3426 2570 2531
11138 4 2 0 1 2570 2655 2650 2531
11139 4 2 0 1 1467 1465 1468 3146
11140 4 2 0 1 3575 3576 2911 3446
11141 4 2 0 1 2889 2510 2659 2745
11142 4 2 0 1 1619 1885 3827 1210
11143 4 2 0 1 3644 3645 3647 2561
11144 4 2 0 1 3842 1782 1267 1221
11145 4 2 0 1 2709 19 3197 3716
11146 4 2 0 1 3259 2557 3888 3887
11147 4 2 0 1 3829 3191 3057 3173
11148 4 2 0 1 3644 3645 2561 3636
11149 4 2 0 1 3648 2322 3495 2323
11150 4 2 0 1 449 3674 2881 3673
11151 4 2 0 1 3522 3495 2323 2866
11152 4 2 0 1 1663 3893 1815 1653
11153 4 2 0 1 1280 3073 3069 3300
11154 4 2 0 1 3071 3824 3070 3823
11155 4 2 0 1 455 3674 449 3673
11156 4 2 0 1 352 2696 3698 845
11157 4 2 0 1 2678 297 352 324
11158 4 2 0 1 2678 2706 352 3698
11159 4 2 0 1 3812 3492 3058 3055
11160 4 2 0 1 3154 3806 3153 3157
11161 4 2 0 1 352 2706 2678 324
11162 4 2 0 1 3652 3651 3563 2568
11163 4 2 0 1 1492 2169 3090 2107
11164 4 2 0 1 3045 3044 3050 3809
11165 4 2 0 1 2548 3729 144 1051
11166 4 2 0 1 3201 3092 3248 2397
11167 4 2 0 1 3078 3075 3073 3823
11168 4 2 0 1 3652 3563 3651 2726
11169 4 2 0 1 1970 3785 1971 1985
11170 4 2 0 1 2283 350 2880 347
11171 4 2 0 1 2450 3773 3838 3106
11172 4 2 0 1 2283 350 347 351
11173 4 2 0 1 2330 3338 2792 3313
11174 4 2 0 1 3622 2592 3623 2586
11175 4 2 0 1 3127 2339 3130 3743
11176 4 2 0 1 3748 3660 2693 2691
11177 4 2 0 1 2592 3526 2527 3623
11178 4 2 0 1 1613 1614 1615 3556
11179 4 2 0 1 1792 3286 1617 3136
11180 4 2 0 1 2795 1793 3134 3744
11181 4 2 0 1 2125 1726 3017 3202
11182 4 2 0 1 527 2575 2376 2379
11183 4 2 0 1 3141 3241 3178 3847
11184 4 2 0 1 2375 3540 2575 3537
11185 4 2 0 1 3012 3128 2123 3255
11186 4 2 0 1 3268 3142 3504 3244
11187 4 2 0 1 517 867 2887 2778
11188 4 2 0 1 3127 3208 3129 3739
11189 4 2 0 1 57 2138 3320 2786
11190 4 2 0 1 3027 3032 3030 3031
11191 4 2 0 1 3887 3259 2845 3189
11192 4 2 0 1 2092 3082 1217 1591
11193 4 2 0 1 517 2887 867 1005
11194 4 2 0 1 3047 2610 3108 3111
11195 4 2 0 1 3056 3492 2899 3055
11196 4 2 0 1 3264 3534 3862 2369
11197 4 2 0 1 2516 2603 3671 2664
11198 4 2 0 1 2720 2722 3731 2717
11199 4 2 0 1 3326 3500 3515 2337
11200 4 2 0 1 2720 2722 2717 2747
11201 4 2 0 1 2437 469 468 451
11202 4 2 0 1 3193 3191 3055 3060
11203 4 2 0 1 3165 2331 3268 3746
11204 4 2 0 1 468 3568 2437 451
11205 4 2 0 1 3170 3089 3488 3184
11206 4 2 0 1 3142 3507 3504 3887
11207 4 2 0 1 3354 3490 2329 3871
11208 4 2 0 1 3017 3135 2052 3202
11209 4 2 0 1 729 2385 2966 737
11210 4 2 0 1 2385 2966 737 2384
11211 4 2 0 1 2714 2545 2712 2840
11212 4 2 0 1 2714 2545 2840 2461
11213 4 2 0 1 2765 184 186 185
11214 4 2 0 1 3882 3440 3381 2809
11215 4 2 0 1 2777 3877 3750 3372
11216 4 2 0 1 2765 186 184 3561
11217 4 2 0 1 2256 2567 3389 3518
11218 4 2 0 1 3378 2810 3471 3385
11219 4 2 0 1 2706 2678 365 2884
11220 4 2 0 1 1063 830 578 3601
11221 4 2 0 1 2895 412 2892 411
11222 4 2 0 1 2895 412 411 410
11223 4 2 0 1 2895 412 410 2842
11224 4 2 0 1 1104 742 3597 891
11225 4 2 0 1 3360 3347 2322 3496
11226 4 2 0 1 3504 3490 3244 3488
11227 4 2 0 1 3869 3239 2334 3866
11228 4 2 0 1 998 178 3597 3598
11229 4 2 0 1 3675 2805 3342 2619
11230 4 2 0 1 1968 3762 2109 3672
11231 4 2 0 1 2084 1178 1958 3637
11232 4 2 0 1 617 2522 2666 476
11233 4 2 0 1 998 3597 178 766
11234 4 2 0 1 287 285 2487 2473
11235 4 2 0 1 2725 2625 2303 3678
11236 4 2 0 1 153 2482 154 152
11237 4 2 0 1 2905 3241 2912 3682
11238 4 2 0 1 151 2482 3597 153
11239 4 2 0 1 1646 1852 3300 1648
11240 4 2 0 1 1860 1404 3798 1406
11241 4 2 0 1 1600 1442 3021 3162
11242 4 2 0 1 2065 1455 1458 3768
11243 4 2 0 1 3353 3737 3362 3361
11244 4 2 0 1 2446 1176 52 1794
11245 4 2 0 1 1630 3919 2088 1774
11246 4 2 0 1 153 2482 3597 3598
11247 4 2 0 1 2875 152 165 1131
11248 4 2 0 1 2544 701 1136 767
11249 4 2 0 1 2970 513 2936 1009
11250 4 2 0 1 2472 2468 2469 2316
11251 4 2 0 1 2234 3932 1358 3273
11252 4 2 0 1 486 441 3696 440
11253 4 2 0 1 1123 2969 912 670
11254 4 2 0 1 3598 3594 663 919
11255 4 2 0 1 2643 2298 3601 2484
11256 4 2 0 1 2298 3600 3601 2484
11257 4 2 0 1 139 3729 1051 141
11258 4 2 0 1 1092 559 2590 959
11259 4 2 0 1 122 166 692 2994
11260 4 2 0 1 165 152 2875 150
11261 4 2 0 1 374 894 3631 2542
11262 4 2 0 1 374 3631 894 1148
11263 4 2 0 1 3463 2891 2505 2386
11264 4 2 0 1 3166 3195 3164 2372
11265 4 2 0 1 85 758 2907 1120
11266 4 2 0 1 3759 1327 1828 1364
11267 4 2 0 1 29 2704 30 79
11268 4 2 0 1 3155 3317 3297 3157
11269 4 2 0 1 985 2365 3324 206
11270 4 2 0 1 1379 3789 1427 1377
11271 4 2 0 1 450 772 3681 1117
11272 4 2 0 1 159 156 157 3666
11273 4 2 0 1 1983 3734 2622 2579
11274 4 2 0 1 2567 3592 2802 3650
11275 4 2 0 1 3657 3541 2759 2758
11276 4 2 0 1 2479 2432 363 364
11277 4 2 0 1 1427 3938 1379 1708
11278 4 2 0 1 1002 2979 2980 1086
11279 4 2 0 1 2920 363 2432 364
11280 4 2 0 1 435 2481 436 434
11281 4 2 0 1 1121 2296 2974 864
11282 4 2 0 1 436 2481 435 2480
11283 4 2 0 1 2954 2992 2894 2993
11284 4 2 0 1 359 357 379 3700
11285 4 2 0 1 780 463 394 2392
11286 4 2 0 1 3674 2856 2620 2459
11287 4 2 0 1 2524 358 1144 360
11288 4 2 0 1 2992 947 1 2453
11289 4 2 0 1 2525 2678 2884 3700
11290 4 2 0 1 248 3477 2623 253
11291 4 2 0 1 991 2734 812 860
11292 4 2 0 1 3477 253 254 255
11293 4 2 0 1 2691 2780 2781 2690
11294 4 2 0 1 792 3890 598 678
11295 4 2 0 1 1137 2983 237 2981
11296 4 2 0 1 2551 2599 731 3710
11297 4 2 0 1 323 335 336 3710
11298 4 2 0 1 2983 1137 237 239
11299 4 2 0 1 2912 2247 1832 3768
11300 4 2 0 1 736 2522 3710 336
11301 4 2 0 1 3295 2394 3682 2913
11302 4 2 0 1 3683 3682 2394 2913
11303 4 2 0 1 1156 2215 2112 3295
11304 4 2 0 1 3036 2401 3450 3236
11305 4 2 0 1 224 2804 225 2980
11306 4 2 0 1 2637 1732 3233 3615
11307 4 2 0 1 2867 2707 3648 3717
11308 4 2 0 1 225 2804 232 2980
11309 4 2 0 1 923 3568 2590 2389
11310 4 2 0 1 335 337 336 3710
11311 4 2 0 1 1200 3341 1202 1199
11312 4 2 0 1 2332 3490 3766 2869
11313 4 2 0 1 3544 3546 2578 2879
11314 4 2 0 1 2701 338 3710 337
11315 4 2 0 1 3793 3298 3341 3816
11316 4 2 0 1 335 337 3710 338
11317 4 2 0 1 1582 3911 2102 3256
11318 4 2 0 1 1531 1552 3276 1538
11319 4 2 0 1 2707 2866 3715 3197
11320 4 2 0 1 2439 3568 2935 2437
11321 4 2 0 1 2429 2633 2430 2803
11322 4 2 0 1 3278 1772 3785 1630
11323 4 2 0 1 3786 1628 1602 1604
11324 4 2 0 1 3721 3722 2403 713
11325 4 2 0 1 1475 1478 2167 3113
11326 4 2 0 1 2037 3850 1482 1474
11327 4 2 0 1 3722 711 713 3721
11328 4 2 0 1 2605 1023 2403 107
11329 4 2 0 1 1379 3789 3938 1427
11330 4 2 0 1 1379 3938 1381 1708
11331 4 2 0 1 711 1105 713 3721
11332 4 2 0 1 1023 93 2403 713
11333 4 2 0 1 607 3478 2529 3725
11334 4 2 0 1 2534 607 3725 373
11335 4 2 0 1 3725 2534 3629 2539
11336 4 2 0 1 753 257 3725 883
11337 4 2 0 1 3478 257 3725 753
11338 4 2 0 1 3477 2624 3678 3725
11339 4 2 0 1 3866 3647 3867 3189
11340 4 2 0 1 2624 3477 2443 3725
11341 4 2 0 1 2677 2880 3458 2996
11342 4 2 0 1 3156 2174 2096 2074
11343 4 2 0 1 2309 2741 2736 2742
11344 4 2 0 1 3235 3559 3146 2906
11345 4 2 0 1 815 2988 2613 2989
11346 4 2 0 1 2770 1882 1923 1769
11347 4 2 0 1 2871 3388 3460 2705
11348 4 2 0 1 3240 1446 3898 1461
11349 4 2 0 1 3250 3898 3240 1446
11350 4 2 0 1 940 2742 2833 2739
11351 4 2 0 1 2010 3031 3804 1825
11352 4 2 0 1 2493 3388 2871 2705
11353 4 2 0 1 1180 1167 3197 3715
11354 4 2 0 1 2709 645 2972 21
11355 4 2 0 1 3872 3496 2898 3491
11356 4 2 0 1 3589 925 511 967
11357 4 2 0 1 1576 3330 76 2217
11358 4 2 0 1 3362 3517 2961 3361
11359 4 2 0 1 3566 3565 3564 2502
11360 4 2 0 1 2132 3245 3571 2051
11361 4 2 0 1 3734 1983 3185 3733
11362 4 2 0 1 1893 2196 1592 3307
11363 4 2 0 1 3573 922 740 981
11364 4 2 0 1 1130 2920 666 2432
11365 4 2 0 1 1547 3741 2786 3743
11366 4 2 0 1 1576 76 3330 77
11367 4 2 0 1 3186 3542 3733 3165
11368 4 2 0 1 3734 1983 3733 2579
11369 4 2 0 1 2929 2963 2962 102
11370 4 2 0 1 3388 2491 3460 2705
11371 4 2 0 1 3025 1793 3744 3134
11372 4 2 0 1 1154 2177 2176 3249
11373 4 2 0 1 1883 1174 2002 2514
11374 4 2 0 1 2950 2 1045 453
11375 4 2 0 1 3186 3542 3165 3853
11376 4 2 0 1 1155 3549 2173 2217
11377 4 2 0 1 3733 3185 3734 3186
11378 4 2 0 1 3878 3468 3879 3391
11379 4 2 0 1 329 736 2521 3709
11380 4 2 0 1 77 2453 2954 3330
11381 4 2 0 1 283 282 2847 284
11382 4 2 0 1 3186 3542 3853 3734
11383 4 2 0 1 1381 3938 1379 3781
11384 4 2 0 1 2867 2553 2563 2319
11385 4 2 0 1 3493 2564 2937 2730
11386 4 2 0 1 3068 3004 3005 3782
11387 4 2 0 1 3068 3005 3004 3071
11388 4 2 0 1 2535 946 460 457
11389 4 2 0 1 1356 3223 2043 3004
11390 4 2 0 1 3446 2911 2914 3576
11391 4 2 0 1 3617 3308 2456 3549
11392 4 2 0 1 114 177 112 2513
11393 4 2 0 1 3878 3391 3879 3587
11394 4 2 0 1 934 3674 2459 676
11395 4 2 0 1 1356 3223 3004 3334
11396 4 2 0 1 2797 167 1067 712
11397 4 2 0 1 2548 144 3729 3728
11398 4 2 0 1 2616 3675 2618 2615
11399 4 2 0 1 123 122 121 2276
11400 4 2 0 1 3309 3862 2039 3861
11401 4 2 0 1 920 2888 2276 2797
11402 4 2 0 1 2257 2258 2915 625
11403 4 2 0 1 2620 3457 3674 677
11404 4 2 0 1 2682 2801 3466 3468
11405 4 2 0 1 2915 2813 2263 2258
11406 4 2 0 1 2257 1034 2915 131
11407 4 2 0 1 3068 3074 3782 3005
11408 4 2 0 1 1179 1181 1180 3715
11409 4 2 0 1 794 851 795 3698
11410 4 2 0 1 881 469 556 2437
11411 4 2 0 1 437 879 3595 3697
11412 4 2 0 1 3668 184 181 183
11413 4 2 0 1 879 437 3595 432
11414 4 2 0 1 3697 434 3595 437
11415 4 2 0 1 2888 2652 2931 2276
11416 4 2 0 1 3529 3530 2813 2361
11417 4 2 0 1 556 2390 881 2437
11418 4 2 0 1 2587 1152 2848 174
11419 4 2 0 1 3594 1014 1030 158
11420 4 2 0 1 161 159 160 3666
11421 4 2 0 1 2678 365 325 838
11422 4 2 0 1 353 890 2706 838
11423 4 2 0 1 3666 2589 3667 3664
11424 4 2 0 1 2876 2829 3427 2968
11425 4 2 0 1 485 628 2729 688
11426 4 2 0 1 190 3560 188 191
11427 4 2 0 1 202 3562 192 193
11428 4 2 0 1 1134 733 2995 1040
11429 4 2 0 1 3116 3172 3221 3119
11430 4 2 0 1 2729 3729 140 141
11431 4 2 0 1 2789 1801 3741 2786
11432 4 2 0 1 2941 3726 2727 3653
11433 4 2 0 1 2812 2652 2571 3654
11434 4 2 0 1 2534 2530 2532 3416
11435 4 2 0 1 2435 3568 3569 2590
11436 4 2 0 1 3783 3172 3221 3116
11437 4 2 0 1 727 2822 728 726
11438 4 2 0 1 725 3695 2822 730
11439 4 2 0 1 3609 2385 589 996
11440 4 2 0 1 3565 2984 2434 217
11441 4 2 0 1 3200 2923 3098 2924
11442 4 2 0 1 2496 2434 1017 217
11443 4 2 0 1 3689 486 3600 3696
11444 4 2 0 1 2923 3196 3098 2908
11445 4 2 0 1 3854 2346 3220 3174
11446 4 2 0 1 277 276 3475 278
11447 4 2 0 1 244 2951 781 1114
11448 4 2 0 1 780 2392 3700 2952
11449 4 2 0 1 3220 2346 3854 3206
11450 4 2 0 1 1075 452 248 2978
11451 4 2 0 1 3401 3375 3379 3383
11452 4 2 0 1 3379 3382 3401 3383
11453 4 2 0 1 2676 2761 3770 2595
11454 4 2 0 1 3516 3170 3238 3488
11455 4 2 0 1 3736 862 417 2481
11456 4 2 0 1 265 266 297 2696
11457 4 2 0 1 419 1129 3473 2296
11458 4 2 0 1 2974 265 252 956
11459 4 2 0 1 3516 3488 3238 3244
11460 4 2 0 1 268 491 263 3712
11461 4 2 0 1 3168 3516 3238 3851
11462 4 2 0 1 492 2300 493 2501
11463 4 2 0 1 3602 272 667 1033
11464 4 2 0 1 3364 3513 3515 3326
11465 4 2 0 1 3712 268 2300 3473
11466 4 2 0 1 1121 2296 864 419
11467 4 2 0 1 3501 3364 3515 3497
11468 4 2 0 1 3188 3856 3030 3033
11469 4 2 0 1 606 3569 2436 424
11470 4 2 0 1 2593 2527 2764 3438
11471 4 2 0 1 3758 2908 3204 2828
11472 4 2 0 1 2965 415 790 1043
11473 4 2 0 1 2391 2441 3547 2442
11474 4 2 0 1 884 1089 718 3570
11475 4 2 0 1 299 1039 2990 311
11476 4 2 0 1 315 868 989 2435
11477 4 2 0 1 882 2391 2390 2392
11478 4 2 0 1 3752 2810 3378 3385
11479 4 2 0 1 915 2549 454 443
11480 4 2 0 1 1781 3764 1780 1158
11481 4 2 0 1 2648 2298 2646 2808
11482 4 2 0 1 283 285 2847 2487
11483 4 2 0 1 378 329 3619 377
11484 4 2 0 1 2698 2714 3711 3709
11485 4 2 0 1 3067 2998 3066 3042
11486 4 2 0 1 3711 2551 2599 2598
11487 4 2 0 1 763 510 446 2517
11488 4 2 0 1 3875 3719 3395 2947
11489 4 2 0 1 1508 1509 3053 1510
11490 4 2 0 1 3488 3490 3506 2328
11491 4 2 0 1 2562 2518 2464 2971
11492 4 2 0 1 2829 2657 2702 2968
11493 4 2 0 1 3545 3544 2879 2383
11494 4 2 0 1 3394 3381 3407 3479
11495 4 2 0 1 2722 2857 2882 2925
11496 4 2 0 1 3862 2372 3536 3164
11497 4 2 0 1 3131 2152 3761 2197
11498 4 2 0 1 370 2722 2857 2882
11499 4 2 0 1 2393 3329 3328 2459
11500 4 2 0 1 2403 2612 2405 2605
11501 4 2 0 1 2722 2717 2404 2882
11502 4 2 0 1 2950 2398 3578 2402
11503 4 2 0 1 2612 3550 2769 3160
11504 4 2 0 1 3765 2279 2914 3613
11505 4 2 0 1 3488 3490 2328 3886
11506 4 2 0 1 1517 1497 1518 3066
11507 4 2 0 1 3630 3417 2902 3771
11508 4 2 0 1 3862 1896 2039 3536
11509 4 2 0 1 170 871 3667 173
11510 4 2 0 1 3734 3185 3556 3186
11511 4 2 0 1 2280 3868 3323 3236
11512 4 2 0 1 2411 741 189 1012
11513 4 2 0 1 3238 3138 3244 3139
11514 4 2 0 1 271 261 2438 349
11515 4 2 0 1 3025 3161 2046 3024
11516 4 2 0 1 2540 3630 2902 3771
11517 4 2 0 1 456 2892 413 457
11518 4 2 0 1 3692 3343 3342 2976
11519 4 2 0 1 3344 2904 2265 2261
11520 4 2 0 1 3025 3161 3024 3137
11521 4 2 0 1 353 890 366 2706
11522 4 2 0 1 558 1112 671 2526
11523 4 2 0 1 563 749 3696 3697
11524 4 2 0 1 879 969 3697 437
11525 4 2 0 1 2480 840 438 663
11526 4 2 0 1 3318 1223 1221 3842
11527 4 2 0 1 3344 2904 2261 3343
11528 4 2 0 1 3318 1221 1223 1222
11529 4 2 0 1 3836 3837 3735 3104
11530 4 2 0 1 1495 2080 2186 3322
11531 4 2 0 1 3414 2969 2285 3415
11532 4 2 0 1 3490 3504 3181 3488
11533 4 2 0 1 3598 662 2480 3596
11534 4 2 0 1 439 442 2830 662
11535 4 2 0 1 158 1135 2477 1084
11536 4 2 0 1 2370 3536 2326 2373
11537 4 2 0 1 3115 3191 3173 3119
11538 4 2 0 1 3362 3517 3464 2340
11539 4 2 0 1 2384 1109 3609 728
11540 4 2 0 1 3309 3200 3533 3534
11541 4 2 0 1 2517 510 446 380
11542 4 2 0 1 3869 3182 3159 3199
11543 4 2 0 1 3119 2326 2372 3166
11544 4 2 0 1 597 2668 2669 787
11545 4 2 0 1 2472 2468 3590 3585
11546 4 2 0 1 389 2590 559 907
11547 4 2 0 1 2671 3545 2879 2383
11548 4 2 0 1 950 2474 162 1050
11549 4 2 0 1 2474 950 472 1050
11550 4 2 0 1 719 2474 162 1036
11551 4 2 0 1 2894 2975 1037 2919
11552 4 2 0 1 3783 3118 3230 3784
11553 4 2 0 1 3330 1576 3549 2217
11554 4 2 0 1 3006 3005 3001 3063
11555 4 2 0 1 916 2620 1128 677
11556 4 2 0 1 3309 3200 3534 3862
11557 4 2 0 1 3831 3089 3169 3183
11558 4 2 0 1 2300 2501 3681 3680
11559 4 2 0 1 2963 2756 2964 2962
11560 4 2 0 1 3312 3662 2693 3336
11561 4 2 0 1 2579 3283 2622 2187
11562 4 2 0 1 1837 3185 3136 1617
11563 4 2 0 1 3831 3089 3183 3088
11564 4 2 0 1 2318 3650 2802 2544
11565 4 2 0 1 149 2348 2875 147
11566 4 2 0 1 2829 2657 2968 2876
11567 4 2 0 1 2777 2546 2565 2318
11568 4 2 0 1 3440 2349 2832 3882
11569 4 2 0 1 3906 533 2378 530
11570 4 2 0 1 2292 2642 3466 2682
11571 4 2 0 1 1695 3149 1696 3790
11572 4 2 0 1 2533 600 1029 699
11573 4 2 0 1 2395 2769 2721 2612
11574 4 2 0 1 3023 3281 3851 3024
11575 4 2 0 1 2682 3466 2302 2642
11576 4 2 0 1 2362 3427 2968 3411
11577 4 2 0 1 1184 3054 3159 3229
11578 4 2 0 1 3889 529 531 530
11579 4 2 0 1 683 2542 1059 966
11580 4 2 0 1 820 3633 548 1059
11581 4 2 0 1 1116 2542 894 1059
11582 4 2 0 1 3135 3845 3202 3139
11583 4 2 0 1 2378 3889 3906 530
11584 4 2 0 1 1074 2940 652 944
11585 4 2 0 1 895 3633 2655 535
11586 4 2 0 1 106 2573 560 561
11587 4 2 0 1 3135 1700 2052 3202
11588 4 2 0 1 3806 3031 3032 1532
11589 4 2 0 1 1532 3032 3806 3276
11590 4 2 0 1 3258 3215 3032 3276
11591 4 2 0 1 3806 3031 1532 3805
11592 4 2 0 1 3033 1888 3802 1809
11593 4 2 0 1 3539 2575 3537 2374
11594 4 2 0 1 2729 769 2658 886
11595 4 2 0 1 163 2778 1087 1010
11596 4 2 0 1 853 2348 163 2778
11597 4 2 0 1 1888 1809 1886 3802
11598 4 2 0 1 515 3688 516 488
11599 4 2 0 1 3769 2696 2680 2928
11600 4 2 0 1 1184 3159 3054 3198
11601 4 2 0 1 274 3602 3473 3475
11602 4 2 0 1 1888 1886 3858 3802
11603 4 2 0 1 2956 700 2467 858
11604 4 2 0 1 2467 2471 596 595
11605 4 2 0 1 3135 3036 3142 3846
11606 4 2 0 1 3032 3029 3031 3859
11607 4 2 0 1 3286 3036 3135 1613
11608 4 2 0 1 3192 3816 1210 3059
11609 4 2 0 1 563 749 3697 750
11610 4 2 0 1 3215 3154 3032 3276
11611 4 2 0 1 1517 3946 1520 1519
11612 4 2 0 1 851 2930 3697 630
11613 4 2 0 1 2485 3605 2494 2934
11614 4 2 0 1 851 879 630 3697
11615 4 2 0 1 3042 3287 3810 3819
11616 4 2 0 1 137 2361 138 136
11617 4 2 0 1 1375 3809 3050 1430
11618 4 2 0 1 116 2620 114 115
11619 4 2 0 1 3810 3808 3284 3041
11620 4 2 0 1 3808 3037 3284 3041
11621 4 2 0 1 920 2797 712 615
11622 4 2 0 1 2257 164 3530 2258
11623 4 2 0 1 3041 3287 3810 3811
11624 4 2 0 1 3860 3282 3192 3061
11625 4 2 0 1 1375 3809 1430 1373
11626 4 2 0 1 2479 2426 2434 658
11627 4 2 0 1 3737 2849 2782 2781
11628 4 2 0 1 3822 1275 3073 1274
11629 4 2 0 1 2849 3737 2896 3464
11630 4 2 0 1 3737 2835 2849 2781
11631 4 2 0 1 3317 3814 3058 3192
11632 4 2 0 1 3317 3298 3814 3192
11633 4 2 0 1 1650 2219 3300 1653
11634 4 2 0 1 3826 1663 3825 3300
11635 4 2 0 1 3570 2437 2441 2439
11636 4 2 0 1 360 2392 3700 394
11637 4 2 0 1 1024 2522 659 340
11638 4 2 0 1 2520 474 665 757
11639 4 2 0 1 362 791 897 2717
11640 4 2 0 1 2849 2835 3737 3464
11641 4 2 0 1 626 670 644 2918
11642 4 2 0 1 2918 670 644 1026
11643 4 2 0 1 2915 2277 2263 2253
11644 4 2 0 1 2424 2419 2421 2417
11645 4 2 0 1 1280 2136 1647 3300
11646 4 2 0 1 3665 2351 2848 2588
11647 4 2 0 1 2849 2896 3737 2782
11648 4 2 0 1 2829 2779 2729 2658
11649 4 2 0 1 2932 1151 833 721
11650 4 2 0 1 106 2572 679 764
11651 4 2 0 1 573 1013 918 2649
11652 4 2 0 1 2829 2729 2779 3728
11653 4 2 0 1 2666 2716 2715 2667
11654 4 2 0 1 248 3477 253 254
11655 4 2 0 1 3430 2865 2665 2667
11656 4 2 0 1 1075 3477 3570 2978
11657 4 2 0 1 3695 497 725 2501
11658 4 2 0 1 3824 1421 3785 1431
11659 4 2 0 1 3005 3231 3486 3007
11660 4 2 0 1 729 2385 737 207
11661 4 2 0 1 2883 2262 3765 2889
11662 4 2 0 1 3005 3006 3008 3007
11663 4 2 0 1 2769 3550 2280 3160
11664 4 2 0 1 2262 2889 2856 3765
11665 4 2 0 1 3455 2665 2865 2667
11666 4 2 0 1 2520 476 2522 665
11667 4 2 0 1 617 2522 476 1072
11668 4 2 0 1 617 477 2666 618
11669 4 2 0 1 2715 622 2613 3722
11670 4 2 0 1 2667 3430 2746 2718
11671 4 2 0 1 2196 3837 2241 1593
11672 4 2 0 1 577 2967 1062 33
11673 4 2 0 1 2907 669 2967 3695
11674 4 2 0 1 2300 491 492 303
11675 4 2 0 1 2501 495 2301 493
11676 4 2 0 1 725 3695 730 501
11677 4 2 0 1 2729 485 886 142
11678 4 2 0 1 1216 3088 3081 3082
11679 4 2 0 1 2412 688 3562 861
11680 4 2 0 1 2779 2875 2658 2829
11681 4 2 0 1 1816 3081 1213 1216
11682 4 2 0 1 1816 2089 3831 1216
11683 4 2 0 1 2524 358 360 3700
11684 4 2 0 1 2667 2746 3430 2523
11685 4 2 0 1 2983 2356 3528 2951
11686 4 2 0 1 3007 3063 3834 3005
11687 4 2 0 1 3486 3007 3834 3005
11688 4 2 0 1 301 1083 2951 1114
11689 4 2 0 1 2263 2700 2284 2264
11690 4 2 0 1 455 822 3673 429
11691 4 2 0 1 1481 3294 3261 3114
11692 4 2 0 1 3841 1485 3261 1480
11693 4 2 0 1 2969 1123 912 393
11694 4 2 0 1 1481 1486 3261 3294
11695 4 2 0 1 742 766 3597 891
11696 4 2 0 1 3434 2778 2548 2877
11697 4 2 0 1 3598 153 178 3597
11698 4 2 0 1 1481 3242 3261 1480
11699 4 2 0 1 759 581 3603 888
11700 4 2 0 1 3562 202 732 193
11701 4 2 0 1 3840 3242 3261 3114
11702 4 2 0 1 3242 3840 3261 3841
11703 4 2 0 1 3839 1485 3261 3841
11704 4 2 0 1 133 169 806 3724
11705 4 2 0 1 709 2628 2952 706
11706 4 2 0 1 3289 2194 3203 3124
11707 4 2 0 1 252 263 250 2289
11708 4 2 0 1 327 2678 3700 328
11709 4 2 0 1 3249 59 1548 3320
11710 4 2 0 1 866 557 867 2887
11711 4 2 0 1 59 3249 2177 60
11712 4 2 0 1 815 620 2613 857
11713 4 2 0 1 880 1105 520 3721
11714 4 2 0 1 1781 3764 1158 2109
11715 4 2 0 1 3454 2613 2715 3455
11716 4 2 0 1 59 3249 60 2878
11717 4 2 0 1 868 648 2435 923
11718 4 2 0 1 2169 2137 2019 3090
11719 4 2 0 1 1492 1487 2107 3090
11720 4 2 0 1 3091 1849 3316 3090
11721 4 2 0 1 59 3249 2878 3320
11722 4 2 0 1 2930 2982 3697 630
11723 4 2 0 1 2930 604 630 281
11724 4 2 0 1 3607 700 888 583
11725 4 2 0 1 3554 3212 3090 3850
11726 4 2 0 1 3554 3091 3090 2997
11727 4 2 0 1 3210 3010 3219 3854
11728 4 2 0 1 3327 2507 2973 3611
11729 4 2 0 1 76 3329 3330 609
11730 4 2 0 1 2928 2974 3712 2697
11731 4 2 0 1 3210 3219 3010 3333
11732 4 2 0 1 3751 2643 2648 2806
11733 4 2 0 1 3210 3219 3333 3218
11734 4 2 0 1 3420 2350 3381 3387
11735 4 2 0 1 1580 3946 2009 1579
11736 4 2 0 1 805 1058 1100 2389
11737 4 2 0 1 2590 923 2389 386
11738 4 2 0 1 3219 3010 3333 3172
11739 4 2 0 1 1118 2389 3568 923
11740 4 2 0 1 2393 2458 3579 2459
11741 4 2 0 1 3691 2648 2643 2806
11742 4 2 0 1 2294 2594 2625 2679
11743 4 2 0 1 2639 2475 3666 2593
11744 4 2 0 1 2681 824 2628 2949
11745 4 2 0 1 3170 2328 3509 3184
11746 4 2 0 1 2389 804 803 1100
11747 4 2 0 1 3712 2974 263 264
11748 4 2 0 1 2495 2956 888 3607
11749 4 2 0 1 3181 3182 3199 3184
11750 4 2 0 1 591 593 592 2467
11751 4 2 0 1 2639 2475 2593 2478
11752 4 2 0 1 3886 3065 2328 3818
11753 4 2 0 1 645 21 511 2972
11754 4 2 0 1 3014 3012 3255 3844
11755 4 2 0 1 2774 997 2429 302
11756 4 2 0 1 2576 2758 2584 2579
11757 4 2 0 1 997 771 2429 302
11758 4 2 0 1 222 2774 1031 220
11759 4 2 0 1 1917 1621 2060 3163
11760 4 2 0 1 2886 3432 3658 2889
11761 4 2 0 1 2886 3432 2889 2659
11762 4 2 0 1 301 2951 240 1114
11763 4 2 0 1 3694 3432 2659 2576
11764 4 2 0 1 3568 313 451 468
11765 4 2 0 1 2277 2677 3415 2880
11766 4 2 0 1 3844 2346 3128 2836
11767 4 2 0 1 2758 3432 2886 3694
11768 4 2 0 1 2875 2658 850 171
11769 4 2 0 1 2758 3432 3694 2576
11770 4 2 0 1 1142 2935 702 2991
11771 4 2 0 1 2438 271 2991 2440
11772 4 2 0 1 2473 2647 287 3650
11773 4 2 0 1 3588 2710 3648 3348
11774 4 2 0 1 1022 3689 801 2487
11775 4 2 0 1 282 2485 283 2847
11776 4 2 0 1 1022 285 2487 801
11777 4 2 0 1 2847 3605 3604 2485
11778 4 2 0 1 2820 3752 3378 3385
11779 4 2 0 1 3592 2495 2956 3591
11780 4 2 0 1 3214 3642 3859 3177
11781 4 2 0 1 585 3607 2467 2768
11782 4 2 0 1 967 664 2972 3585
11783 4 2 0 1 2280 3550 2769 3448
11784 4 2 0 1 3213 2560 3315 2162
11785 4 2 0 1 3603 3607 888 581
11786 4 2 0 1 3503 3347 3496 3352
11787 4 2 0 1 131 1079 132 2257
11788 4 2 0 1 2257 131 130 132
11789 4 2 0 1 813 2411 487 789
11790 4 2 0 1 2955 2536 2933 2629
11791 4 2 0 1 3214 3859 3257 3132
11792 4 2 0 1 2638 930 814 2414
11793 4 2 0 1 2898 2959 3364 3872
11794 4 2 0 1 2411 2414 487 3560
11795 4 2 0 1 1066 551 930 2638
11796 4 2 0 1 2932 1151 2940 833
11797 4 2 0 1 3343 2904 2261 2976
11798 4 2 0 1 3719 3750 3372 2777
11799 4 2 0 1 2570 653 3652 654
11800 4 2 0 1 2586 799 2475 2474
11801 4 2 0 1 2777 3408 3372 2545
11802 4 2 0 1 3408 3877 3375 2565
11803 4 2 0 1 3724 129 2621 2931
11804 4 2 0 1 2411 2414 2638 814
11805 4 2 0 1 2777 3719 2545 3372
11806 4 2 0 1 2273 3771 3420 3405
11807 4 2 0 1 2586 1036 2474 643
11808 4 2 0 1 3528 2354 723 722
11809 4 2 0 1 354 565 352 3698
11810 4 2 0 1 2534 2539 2273 3417
11811 4 2 0 1 2682 2807 2871 3468
11812 4 2 0 1 2682 3468 2871 2801
11813 4 2 0 1 3412 2512 3765 2262
11814 4 2 0 1 3736 862 2481 3593
11815 4 2 0 1 3712 2974 264 269
11816 4 2 0 1 2587 2588 2763 3668
11817 4 2 0 1 3367 2746 3430 2926
11818 4 2 0 1 1122 2310 2981 234
11819 4 2 0 1 2310 233 1122 1127
11820 4 2 0 1 2763 2588 2587 2848
11821 4 2 0 1 986 832 809 2306
11822 4 2 0 1 2587 3665 2588 3668
11823 4 2 0 1 986 1132 2983 236
11824 4 2 0 1 81 2756 2962 505
11825 4 2 0 1 2588 3665 2587 2848
11826 4 2 0 1 3773 2773 3122 2449
11827 4 2 0 1 3227 2449 1800 2450
11828 4 2 0 1 181 2587 180 175
11829 4 2 0 1 3492 2314 3054 3182
11830 4 2 0 1 1567 3035 1598 1568
11831 4 2 0 1 1190 2251 1608 3317
11832 4 2 0 1 2587 1152 174 175
11833 4 2 0 1 2367 3534 2387 2366
11834 4 2 0 1 1253 3035 1284 1285
11835 4 2 0 1 1888 3856 3802 3858
11836 4 2 0 1 3200 2640 3264 3302
11837 4 2 0 1 3905 3928 3946 3066
11838 4 2 0 1 3023 1551 1444 3796
11839 4 2 0 1 3829 1961 1215 1220
11840 4 2 0 1 2189 3281 3205 3087
11841 4 2 0 1 2835 3481 2336 2850
11842 4 2 0 1 2057 3930 3785 1773
11843 4 2 0 1 2834 2850 3520 2345
11844 4 2 0 1 1703 3001 1230 3004
11845 4 2 0 1 3579 3613 3577 2512
11846 4 2 0 1 3796 3917 1760 3895
11847 4 2 0 1 3200 2640 3302 3196
11848 4 2 0 1 2091 1360 1257 3776
11849 4 2 0 1 3777 3892 3923 1233
11850 4 2 0 1 3302 3200 3098 3195
11851 4 2 0 1 1808 1591 1590 3033
11852 4 2 0 1 1786 1808 1590 3247
11853 4 2 0 1 2349 3438 2594 2593
11854 4 2 0 1 3486 3103 3228 3835
11855 4 2 0 1 759 3603 581 579
11856 4 2 0 1 3102 3824 3077 3072
11857 4 2 0 1 2897 23 1770 1884
11858 4 2 0 1 1599 3069 1679 1990
11859 4 2 0 1 2897 23 1884 3522
11860 4 2 0 1 1771 3062 1345 1976
11861 4 2 0 1 1771 1770 1345 2897
11862 4 2 0 1 36 970 1120 2907
11863 4 2 0 1 2439 2536 2438 2440
11864 4 2 0 1 1938 3064 2054 1266
11865 4 2 0 1 1786 1316 3247 1285
11866 4 2 0 1 2985 970 905 36
11867 4 2 0 1 2985 36 2987 2825
11868 4 2 0 1 1982 3156 1284 1208
11869 4 2 0 1 3492 2335 3182 3229
11870 4 2 0 1 2985 36 2825 2907
11871 4 2 0 1 2985 970 36 2907
11872 4 2 0 1 3041 1640 3037 3284
11873 4 2 0 1 2594 3438 2349 3440
11874 4 2 0 1 3107 3108 3111 2602
11875 4 2 0 1 2985 36 905 2987
11876 4 2 0 1 2944 2433 2943 2445
11877 4 2 0 1 3042 3775 3045 2998
11878 4 2 0 1 3774 3931 2997 3066
11879 4 2 0 1 1822 1377 3789 3003
11880 4 2 0 1 2128 2036 1934 3125
11881 4 2 0 1 2917 2944 2943 2445
11882 4 2 0 1 3208 3864 3520 2838
11883 4 2 0 1 1982 3156 2074 1328
11884 4 2 0 1 3884 3885 2336 3484
11885 4 2 0 1 3086 3085 3238 3139
11886 4 2 0 1 85 2967 2388 2907
11887 4 2 0 1 3238 3085 3089 3087
11888 4 2 0 1 2944 3572 2433 2445
11889 4 2 0 1 285 2847 2487 2473
11890 4 2 0 1 2833 54 2203 53
11891 4 2 0 1 2917 92 51 1021
11892 4 2 0 1 1022 285 283 2487
11893 4 2 0 1 2746 2718 3430 2926
11894 4 2 0 1 547 2854 655 572
11895 4 2 0 1 2899 1771 1645 2082
11896 4 2 0 1 1212 1885 3190 1219
11897 4 2 0 1 2280 3550 3447 3160
11898 4 2 0 1 3019 3020 1880 3282
11899 4 2 0 1 1896 3301 1595 1594
11900 4 2 0 1 67 3283 97 105
11901 4 2 0 1 3061 3325 2373 3020
11902 4 2 0 1 3320 3742 1548 3249
11903 4 2 0 1 2373 3325 3061 3055
11904 4 2 0 1 120 3676 168 118
11905 4 2 0 1 1623 3305 1979 1624
11906 4 2 0 1 1976 3054 1183 1185
11907 4 2 0 1 3813 1912 1336 3812
11908 4 2 0 1 2373 3055 3217 2326
11909 4 2 0 1 2863 2896 3391 2862
11910 4 2 0 1 2960 3873 3360 2898
11911 4 2 0 1 3468 2863 3391 3878
11912 4 2 0 1 2389 1058 1018 636
11913 4 2 0 1 2849 2780 2784 2739
11914 4 2 0 1 1728 1723 3100 2229
11915 4 2 0 1 1723 1363 1362 3100
11916 4 2 0 1 2849 2780 2739 2734
11917 4 2 0 1 668 716 2955 2933
11918 4 2 0 1 1550 1572 3281 1443
11919 4 2 0 1 3210 3219 3218 3205
11920 4 2 0 1 1550 3125 3087 1934
11921 4 2 0 1 96 836 2784 2780
11922 4 2 0 1 805 1058 2389 636
11923 4 2 0 1 1313 1302 3807 1372
11924 4 2 0 1 3447 3550 2280 3448
11925 4 2 0 1 756 2629 716 2933
11926 4 2 0 1 756 2629 2933 3687
11927 4 2 0 1 903 635 3687 550
11928 4 2 0 1 1398 3797 3933 1397
11929 4 2 0 1 756 2629 3687 427
11930 4 2 0 1 96 2784 836 57
11931 4 2 0 1 881 882 2390 479
11932 4 2 0 1 3847 1451 1454 1902
11933 4 2 0 1 3015 3899 3792 1395
11934 4 2 0 1 3788 2073 1862 1708
11935 4 2 0 1 2629 716 2933 2955
11936 4 2 0 1 1726 3797 1399 1397
11937 4 2 0 1 1449 1625 3095 1447
11938 4 2 0 1 3791 3797 3125 3017
11939 4 2 0 1 2908 2506 2343 2826
11940 4 2 0 1 3024 1436 3202 3022
11941 4 2 0 1 3361 2321 3517 2863
11942 4 2 0 1 3125 3151 3791 3017
11943 4 2 0 1 3161 1836 2060 1917
11944 4 2 0 1 3012 3844 3128 3255
11945 4 2 0 1 3630 2540 2938 3771
11946 4 2 0 1 1547 1553 2786 1578
11947 4 2 0 1 1836 1969 3024 3021
11948 4 2 0 1 2961 2642 2640 2302
11949 4 2 0 1 1550 1572 3087 3281
11950 4 2 0 1 3629 2540 2938 3630
11951 4 2 0 1 2223 3085 1935 3088
11952 4 2 0 1 3905 3928 3931 2029
11953 4 2 0 1 3467 2871 2498 2493
11954 4 2 0 1 1935 2128 1934 3125
11955 4 2 0 1 3388 2567 3389 2566
11956 4 2 0 1 3388 2567 2566 2299
11957 4 2 0 1 1383 3781 1385 1384
11958 4 2 0 1 3845 3138 3137 3139
11959 4 2 0 1 3038 3040 3048 3801
11960 4 2 0 1 3236 2905 3323 3234
11961 4 2 0 1 2539 3630 2938 3771
11962 4 2 0 1 3049 3857 3051 3048
11963 4 2 0 1 2539 3629 2938 3630
11964 4 2 0 1 3600 3689 2645 2647
11965 4 2 0 1 3024 2048 1969 1554
11966 4 2 0 1 3016 1396 3017 1447
11967 4 2 0 1 3211 3095 3144 3093
11968 4 2 0 1 1688 1690 2073 3899
11969 4 2 0 1 3848 1468 3143 3849
11970 4 2 0 1 1726 3202 2125 1936
11971 4 2 0 1 2499 3602 2300 2301
11972 4 2 0 1 1836 3161 3024 2046
11973 4 2 0 1 1561 1562 1560 3240
11974 4 2 0 1 1013 533 918 2649
11975 4 2 0 1 3240 1558 1559 1560
11976 4 2 0 1 3684 2637 3246 3685
11977 4 2 0 1 2940 2932 534 537
11978 4 2 0 1 1574 1563 1573 3240
11979 4 2 0 1 3250 3837 3105 3240
11980 4 2 0 1 3837 3240 1592 3772
11981 4 2 0 1 3201 3112 3555 3187
11982 4 2 0 1 2754 2427 2295 2953
11983 4 2 0 1 3931 3928 3905 3066
11984 4 2 0 1 1473 3113 1471 3143
11985 4 2 0 1 2637 1732 3246 3233
11986 4 2 0 1 3113 3124 1672 3143
11987 4 2 0 1 1668 1512 3237 1667
11988 4 2 0 1 3110 2157 3203 2770
11989 4 2 0 1 3235 3557 2410 3559
11990 4 2 0 1 2498 2499 2301 3602
11991 4 2 0 1 2486 2499 2300 2705
11992 4 2 0 1 2633 2631 2429 3681
11993 4 2 0 1 3044 2072 1430 2117
11994 4 2 0 1 2304 2755 2295 2953
11995 4 2 0 1 3160 2612 2611 2405
11996 4 2 0 1 3902 1294 3804 3799
11997 4 2 0 1 2469 2462 2472 2463
11998 4 2 0 1 1482 3316 3090 3850
11999 4 2 0 1 1492 1487 3090 1491
12000 4 2 0 1 2755 2754 2295 2953
12001 4 2 0 1 2964 101 2929 2962
12002 4 2 0 1 1486 1498 1485 3839
12003 4 2 0 1 1517 3946 1519 3066
12004 4 2 0 1 2964 101 2962 505
12005 4 2 0 1 1501 3109 1939 2040
12006 4 2 0 1 62 2963 2962 2756
12007 4 2 0 1 1706 1704 1161 2609
12008 4 2 0 1 81 2756 505 61
12009 4 2 0 1 3044 3807 1908 3809
12010 4 2 0 1 1582 3911 3256 3805
12011 4 2 0 1 81 2756 61 62
12012 4 2 0 1 763 510 2517 2971
12013 4 2 0 1 3440 3439 3420 3438
12014 4 2 0 1 3256 1565 1890 1582
12015 4 2 0 1 1044 2709 2970 2971
12016 4 2 0 1 3440 3420 3439 3882
12017 4 2 0 1 3797 1551 3796 2200
12018 4 2 0 1 3281 1429 1444 1443
12019 4 2 0 1 1442 1429 3281 1443
12020 4 2 0 1 3210 3010 3209 1603
12021 4 2 0 1 3796 2159 1411 3798
12022 4 2 0 1 2709 87 2562 2971
12023 4 2 0 1 3796 1760 3917 1739
12024 4 2 0 1 514 1044 762 2971
12025 4 2 0 1 2450 1643 2449 2225
12026 4 2 0 1 287 288 286 2473
12027 4 2 0 1 1985 1431 3785 2206
12028 4 2 0 1 2709 1044 514 2971
12029 4 2 0 1 87 514 762 2971
12030 4 2 0 1 1583 3276 3806 3154
12031 4 2 0 1 87 2709 514 2971
12032 4 2 0 1 1553 1621 3128 1581
12033 4 2 0 1 3321 25 2957 3532
12034 4 2 0 1 1877 3896 1821 1584
12035 4 2 0 1 3321 26 3324 1353
12036 4 2 0 1 3301 3321 3324 1353
12037 4 2 0 1 2392 882 2978 1080
12038 4 2 0 1 1407 3798 1403 1436
12039 4 2 0 1 1838 3928 2029 3931
12040 4 2 0 1 2097 1756 3904 2098
12041 4 2 0 1 26 3324 27 3532
12042 4 2 0 1 1357 3076 3004 1620
12043 4 2 0 1 1602 3162 3209 1601
12044 4 2 0 1 3437 3420 3771 3405
12045 4 2 0 1 3405 3439 3420 3882
12046 4 2 0 1 3175 3859 3257 3642
12047 4 2 0 1 1913 1312 3801 1296
12048 4 2 0 1 3407 2724 2539 2307
12049 4 2 0 1 1196 3254 1194 1988
12050 4 2 0 1 2929 684 102 685
12051 4 2 0 1 3297 3155 3153 1989
12052 4 2 0 1 2017 2146 1249 3815
12053 4 2 0 1 1600 2012 1835 3021
12054 4 2 0 1 3341 1198 3815 1196
12055 4 2 0 1 2351 2848 2763 2590
12056 4 2 0 1 3796 3917 3895 1399
12057 4 2 0 1 2999 2061 1661 3930
12058 4 2 0 1 1742 3254 1249 1988
12059 4 2 0 1 3565 906 368 921
12060 4 2 0 1 2431 2287 2635 2503
12061 4 2 0 1 2807 2499 3680 3608
12062 4 2 0 1 2439 2438 2536 2540
12063 4 2 0 1 1651 3293 1652 3300
12064 4 2 0 1 2652 2994 2276 2571
12065 4 2 0 1 657 179 2994 746
12066 4 2 0 1 179 657 2994 2931
12067 4 2 0 1 3286 3185 3556 1615
12068 4 2 0 1 2913 3140 3685 3683
12069 4 2 0 1 746 3654 657 1007
12070 4 2 0 1 2938 2539 3420 2724
12071 4 2 0 1 3031 3028 3804 3803
12072 4 2 0 1 2400 2281 2718 2921
12073 4 2 0 1 3057 3509 3060 3056
12074 4 2 0 1 746 3654 1007 660
12075 4 2 0 1 3057 3060 3509 3514
12076 4 2 0 1 1759 2770 3110 2796
12077 4 2 0 1 2064 1922 1923 2796
12078 4 2 0 1 2900 2067 1972 2609
12079 4 2 0 1 3362 2336 2640 2340
12080 4 2 0 1 2609 2900 1768 1972
12081 4 2 0 1 1596 2900 1502 1707
12082 4 2 0 1 2609 2776 3108 2602
12083 4 2 0 1 1968 1704 2609 3672
12084 4 2 0 1 2988 10 9 687
12085 4 2 0 1 3762 3764 2109 3672
12086 4 2 0 1 1401 1398 1399 3917
12087 4 2 0 1 3314 3704 2694 1342
12088 4 2 0 1 3087 1627 1626 2089
12089 4 2 0 1 2805 2700 3345 3714
12090 4 2 0 1 3071 3008 3005 3004
12091 4 2 0 1 2783 3481 2835 2850
12092 4 2 0 1 3857 3803 3859 3027
12093 4 2 0 1 2789 1872 1802 1801
12094 4 2 0 1 1338 1933 2909 1829
12095 4 2 0 1 1871 3131 1570 1528
12096 4 2 0 1 3783 1702 1223 3116
12097 4 2 0 1 3783 1223 1702 1225
12098 4 2 0 1 3874 3397 3423 3369
12099 4 2 0 1 1503 3109 1502 1501
12100 4 2 0 1 1784 1889 1230 3004
12101 4 2 0 1 3008 1784 1230 3004
12102 4 2 0 1 2405 2769 3160 2612
12103 4 2 0 1 1928 1669 3203 1758
12104 4 2 0 1 3179 3145 3843 3123
12105 4 2 0 1 3001 3008 1230 3004
12106 4 2 0 1 376 348 823 2948
12107 4 2 0 1 3231 3206 3013 3014
12108 4 2 0 1 3718 3198 3817 2708
12109 4 2 0 1 3062 2897 1345 2866
12110 4 2 0 1 2766 205 3532 827
12111 4 2 0 1 3324 2704 206 2365
12112 4 2 0 1 1928 3110 2104 1758
12113 4 2 0 1 3759 3758 3204 3100
12114 4 2 0 1 2418 43 3245 1805
12115 4 2 0 1 2266 2383 3403 2685
12116 4 2 0 1 1485 1731 1480 3841
12117 4 2 0 1 3421 2581 2692 2267
12118 4 2 0 1 3311 1154 2176 3249
12119 4 2 0 1 3423 3397 2757 2685
12120 4 2 0 1 2790 2691 2338 3748
12121 4 2 0 1 1602 1603 3786 1604
12122 4 2 0 1 1578 1553 2786 1581
12123 4 2 0 1 3787 3012 3013 3786
12124 4 2 0 1 3742 3704 2790 3741
12125 4 2 0 1 3162 3012 3787 3786
12126 4 2 0 1 3278 3787 3013 3786
12127 4 2 0 1 1460 2216 1557 3240
12128 4 2 0 1 1573 3307 3240 3243
12129 4 2 0 1 3303 2999 3300 3821
12130 4 2 0 1 2237 1646 3826 1276
12131 4 2 0 1 3854 3786 3206 3162
12132 4 2 0 1 1827 3912 3804 3805
12133 4 2 0 1 1603 1602 3786 3209
12134 4 2 0 1 1565 3035 1567 1566
12135 4 2 0 1 3035 1284 1285 3256
12136 4 2 0 1 1530 1871 3258 2184
12137 4 2 0 1 3896 1877 3253 3925
12138 4 2 0 1 3798 1969 3021 3024
12139 4 2 0 1 3258 3646 2184 1779
12140 4 2 0 1 3025 1536 2156 1439
12141 4 2 0 1 1341 62 1340 3271
12142 4 2 0 1 1457 1453 3768 2055
12143 4 2 0 1 1418 1836 2060 3162
12144 4 2 0 1 1547 1553 1546 3743
12145 4 2 0 1 1863 1365 2828 3758
12146 4 2 0 1 3845 1438 1440 1700
12147 4 2 0 1 3091 3554 3093 3832
12148 4 2 0 1 3845 1438 1700 3202
12149 4 2 0 1 2920 972 1047 647
12150 4 2 0 1 3137 3845 3202 3024
12151 4 2 0 1 1460 1557 1461 3240
12152 4 2 0 1 1964 1509 3053 1714
12153 4 2 0 1 3935 1814 2059 2232
12154 4 2 0 1 3826 2058 1278 2237
12155 4 2 0 1 1827 3912 3805 1289
12156 4 2 0 1 3447 3868 3236 3450
12157 4 2 0 1 1814 3826 1813 1812
12158 4 2 0 1 2839 3876 3423 3351
12159 4 2 0 1 2989 2611 2605 1854
12160 4 2 0 1 93 5 1023 2403
12161 4 2 0 1 4 2398 2405 2403
12162 4 2 0 1 2365 689 207 206
12163 4 2 0 1 3785 2057 1773 1772
12164 4 2 0 1 1421 3014 3013 1420
12165 4 2 0 1 3305 3075 3074 1924
12166 4 2 0 1 3423 3876 2839 3396
12167 4 2 0 1 1415 1418 3787 3162
12168 4 2 0 1 3796 3917 1399 3797
12169 4 2 0 1 1863 1365 1914 2828
12170 4 2 0 1 3022 1726 3797 1399
12171 4 2 0 1 1457 2065 2247 3768
12172 4 2 0 1 1721 1163 1945 3309
12173 4 2 0 1 2986 843 39 842
12174 4 2 0 1 2610 3109 3053 3040
12175 4 2 0 1 3856 3830 3034 3858
12176 4 2 0 1 2985 2986 2987 94
12177 4 2 0 1 1650 1652 1653 3300
12178 4 2 0 1 2416 1863 1914 2828
12179 4 2 0 1 1350 3273 1587 3334
12180 4 2 0 1 216 3565 368 214
12181 4 2 0 1 2943 2051 2422 45
12182 4 2 0 1 3902 1294 3799 1295
12183 4 2 0 1 1740 2083 1697 3830
12184 4 2 0 1 1422 3225 3102 3014
12185 4 2 0 1 3799 3803 3026 3801
12186 4 2 0 1 2132 3245 2051 1168
12187 4 2 0 1 3877 3375 3386 2260
12188 4 2 0 1 1277 3073 1275 1276
12189 4 2 0 1 61 1154 1340 3335
12190 4 2 0 1 1800 2450 1950 2221
12191 4 2 0 1 3250 1858 1856 1857
12192 4 2 0 1 2756 505 61 60
12193 4 2 0 1 2900 1707 1543 1504
12194 4 2 0 1 1341 1160 2198 3271
12195 4 2 0 1 2988 90 856 11
12196 4 2 0 1 2701 338 2599 3710
12197 4 2 0 1 2851 3762 2609 3672
12198 4 2 0 1 568 2403 93 3721
12199 4 2 0 1 2603 2664 743 856
12200 4 2 0 1 3375 3380 3386 2260
12201 4 2 0 1 1422 3102 3225 1426
12202 4 2 0 1 2043 1889 3004 1703
12203 4 2 0 1 3074 3833 1979 1960
12204 4 2 0 1 3308 2456 72 71
12205 4 2 0 1 682 3528 267 242
12206 4 2 0 1 3074 1272 1262 1960
12207 4 2 0 1 3074 1272 1265 1262
12208 4 2 0 1 3512 3265 3082 3034
12209 4 2 0 1 3064 3004 3821 3068
12210 4 2 0 1 1272 3074 1265 1273
12211 4 2 0 1 3215 3032 3214 3258
12212 4 2 0 1 3763 3032 3214 3859
12213 4 2 0 1 3308 71 72 2110
12214 4 2 0 1 3189 3214 3642 3259
12215 4 2 0 1 3617 3308 3549 2514
12216 4 2 0 1 2113 3616 2114 1172
12217 4 2 0 1 2347 827 83 924
12218 4 2 0 1 2347 3524 83 827
12219 4 2 0 1 1618 1954 1573 3243
12220 4 2 0 1 3856 3177 3175 3034
12221 4 2 0 1 3172 1223 1224 3318
12222 4 2 0 1 3162 1836 3021 1835
12223 4 2 0 1 94 2502 844 2985
12224 4 2 0 1 3175 3177 3856 3027
12225 4 2 0 1 2141 2988 10 9
12226 4 2 0 1 620 857 2664 2613
12227 4 2 0 1 3188 3856 3033 3034
12228 4 2 0 1 1583 1552 1538 3276
12229 4 2 0 1 3177 3030 3856 3027
12230 4 2 0 1 2334 3188 3866 3154
12231 4 2 0 1 2572 876 105 66
12232 4 2 0 1 2610 3107 3053 3109
12233 4 2 0 1 876 2572 105 764
12234 4 2 0 1 3297 2005 3153 1909
12235 4 2 0 1 2572 106 105 764
12236 4 2 0 1 3175 3859 3177 3027
12237 4 2 0 1 3528 1064 724 2981
12238 4 2 0 1 3149 3148 3044 3790
12239 4 2 0 1 656 3676 941 875
12240 4 2 0 1 3676 168 941 875
12241 4 2 0 1 3050 2072 3044 3790
12242 4 2 0 1 2509 917 69 68
12243 4 2 0 1 2072 1696 3044 3790
12244 4 2 0 1 2651 693 2571 2994
12245 4 2 0 1 3028 3040 3800 3026
12246 4 2 0 1 3761 1715 2152 2853
12247 4 2 0 1 2988 815 90 687
12248 4 2 0 1 3131 1964 3053 2853
12249 4 2 0 1 3131 3029 3053 1964
12250 4 2 0 1 1486 3294 2078 1542
12251 4 2 0 1 3041 1921 1750 1642
12252 4 2 0 1 485 628 182 2729
12253 4 2 0 1 3112 1939 3319 1542
12254 4 2 0 1 3103 3486 3834 3005
12255 4 2 0 1 3053 3028 1511 3029
12256 4 2 0 1 1385 3832 3781 1386
12257 4 2 0 1 1935 3125 1934 3087
12258 4 2 0 1 1551 3125 1934 2036
12259 4 2 0 1 2821 3751 3374 3531
12260 4 2 0 1 3602 276 332 579
12261 4 2 0 1 3028 3040 3026 3053
12262 4 2 0 1 3739 3127 2786 2785
12263 4 2 0 1 160 2475 799 3666
12264 4 2 0 1 2637 3233 3685 3618
12265 4 2 0 1 2710 2564 2730 2563
12266 4 2 0 1 799 1124 160 3666
12267 4 2 0 1 160 2475 3666 2477
12268 4 2 0 1 148 2779 171 146
12269 4 2 0 1 2325 2960 3264 2640
12270 4 2 0 1 2784 3739 2786 2785
12271 4 2 0 1 1215 1816 3180 1213
12272 4 2 0 1 3860 3282 3061 3217
12273 4 2 0 1 2779 171 146 886
12274 4 2 0 1 2658 769 171 886
12275 4 2 0 1 3053 1511 3028 1510
12276 4 2 0 1 3171 1442 3281 1977
12277 4 2 0 1 1230 3784 3008 3001
12278 4 2 0 1 1993 3946 1949 1580
12279 4 2 0 1 2729 2779 886 2658
12280 4 2 0 1 1220 1232 3218 1961
12281 4 2 0 1 3856 3830 3858 1888
12282 4 2 0 1 1803 1872 2786 1801
12283 4 2 0 1 1607 2789 1802 1801
12284 4 2 0 1 1511 1509 1510 3053
12285 4 2 0 1 3784 2101 3009 3230
12286 4 2 0 1 2572 876 66 65
12287 4 2 0 1 2053 2585 1441 3311
12288 4 2 0 1 1743 1244 3063 1243
12289 4 2 0 1 3320 2691 3662 2690
12290 4 2 0 1 2266 2683 2383 3702
12291 4 2 0 1 3784 2101 3230 1227
12292 4 2 0 1 26 27 204 3532
12293 4 2 0 1 3610 728 1138 727
12294 4 2 0 1 32 2387 2250 2967
12295 4 2 0 1 2995 1055 1028 680
12296 4 2 0 1 79 2704 30 2387
12297 4 2 0 1 1327 3759 1828 1325
12298 4 2 0 1 1365 1863 1364 3758
12299 4 2 0 1 1863 1830 2909 2240
12300 4 2 0 1 2995 1028 1040 680
12301 4 2 0 1 3227 1435 1956 3225
12302 4 2 0 1 1743 3117 1243 3063
12303 4 2 0 1 192 3562 2415 193
12304 4 2 0 1 3250 1856 3898 1857
12305 4 2 0 1 1573 3307 3243 1954
12306 4 2 0 1 3117 3777 1243 3063
12307 4 2 0 1 3015 3899 1395 1394
12308 4 2 0 1 3781 3016 3832 2103
12309 4 2 0 1 3043 3112 3052 3319
12310 4 2 0 1 924 2364 2766 2465
12311 4 2 0 1 3796 3895 3798 1399
12312 4 2 0 1 3872 3509 3818 2959
12313 4 2 0 1 3149 3152 3262 3643
12314 4 2 0 1 3355 2937 2564 3350
12315 4 2 0 1 3524 979 3532 2957
12316 4 2 0 1 2621 2813 2652 2253
12317 4 2 0 1 2257 1034 131 1079
12318 4 2 0 1 562 848 2258 644
12319 4 2 0 1 2651 693 2994 692
12320 4 2 0 1 3149 3150 3643 3051
12321 4 2 0 1 3410 2671 3409 2673
12322 4 2 0 1 2976 3342 2616 2264
12323 4 2 0 1 198 2568 1001 755
12324 4 2 0 1 2315 3580 2464 2518
12325 4 2 0 1 427 2638 551 426
12326 4 2 0 1 2297 2676 2675 2810
12327 4 2 0 1 2289 245 246 249
12328 4 2 0 1 2315 2464 3580 3584
12329 4 2 0 1 3441 3882 3374 2832
12330 4 2 0 1 387 386 385 2590
12331 4 2 0 1 2354 2355 3482 2754
12332 4 2 0 1 2810 2675 2297 2762
12333 4 2 0 1 23 3522 83 22
12334 4 2 0 1 3732 2308 2800 2843
12335 4 2 0 1 640 3566 3565 2428
12336 4 2 0 1 2890 457 459 2873
12337 4 2 0 1 640 3565 3566 978
12338 4 2 0 1 1278 3826 2059 2058
12339 4 2 0 1 2446 3572 2944 2445
12340 4 2 0 1 2944 3573 3572 2446
12341 4 2 0 1 2953 3462 2304 2755
12342 4 2 0 1 3530 164 135 137
12343 4 2 0 1 3306 3338 2330 3313
12344 4 2 0 1 3703 2759 2793 3269
12345 4 2 0 1 3437 3420 3439 3438
12346 4 2 0 1 1275 3075 3822 3073
12347 4 2 0 1 2684 2689 2858 2860
12348 4 2 0 1 3530 164 137 562
12349 4 2 0 1 2858 2734 2873 2687
12350 4 2 0 1 3886 3488 3184 2328
12351 4 2 0 1 1017 2496 217 215
12352 4 2 0 1 257 2623 2353 2352
12353 4 2 0 1 2678 365 2884 328
12354 4 2 0 1 2983 2356 2951 2306
12355 4 2 0 1 2817 2308 2662 2738
12356 4 2 0 1 2725 2442 2938 2624
12357 4 2 0 1 1663 3893 3826 1813
12358 4 2 0 1 2354 2291 2355 2754
12359 4 2 0 1 729 2385 79 2966
12360 4 2 0 1 3384 2809 2808 3374
12361 4 2 0 1 2558 3767 2845 3644
12362 4 2 0 1 2997 3774 3066 2998
12363 4 2 0 1 3217 3055 3860 3191
12364 4 2 0 1 2396 3047 3111 3248
12365 4 2 0 1 1880 1878 1879 3795
12366 4 2 0 1 464 2496 1017 215
12367 4 2 0 1 2365 689 206 985
12368 4 2 0 1 1101 2967 3695 2384
12369 4 2 0 1 1101 730 788 2384
12370 4 2 0 1 730 1101 3695 2384
12371 4 2 0 1 2385 79 2365 207
12372 4 2 0 1 2948 348 823 1125
12373 4 2 0 1 2900 3762 2067 2609
12374 4 2 0 1 2396 3047 3248 3201
12375 4 2 0 1 3251 2396 3179 3451
12376 4 2 0 1 4 5 2405 1887
12377 4 2 0 1 1744 2409 3274 1807
12378 4 2 0 1 1887 2770 1769 1882
12379 4 2 0 1 1495 1171 3322 3237
12380 4 2 0 1 1941 1467 1469 3146
12381 4 2 0 1 2692 3356 2685 2688
12382 4 2 0 1 3329 483 99 467
12383 4 2 0 1 3883 2274 2764 3442
12384 4 2 0 1 3427 2968 3411 3405
12385 4 2 0 1 2741 2735 2309 2736
12386 4 2 0 1 227 224 2980 226
12387 4 2 0 1 224 2774 2980 226
12388 4 2 0 1 2980 227 226 2949
12389 4 2 0 1 2420 2772 646 209
12390 4 2 0 1 3482 2310 2359 2356
12391 4 2 0 1 2939 2952 243 2951
12392 4 2 0 1 3109 1507 3040 3052
12393 4 2 0 1 2939 248 243 2978
12394 4 2 0 1 256 261 2438 259
12395 4 2 0 1 2443 256 2438 259
12396 4 2 0 1 3193 3056 3182 3828
12397 4 2 0 1 1068 464 2426 690
12398 4 2 0 1 2422 2433 2943 2946
12399 4 2 0 1 1800 2249 2225 2449
12400 4 2 0 1 2829 2729 2702 2658
12401 4 2 0 1 2312 3773 3485 3122
12402 4 2 0 1 2408 2407 3323 3234
12403 4 2 0 1 2509 3655 2659 2573
12404 4 2 0 1 2889 2886 2659 2914
12405 4 2 0 1 3542 2381 3429 2886
12406 4 2 0 1 3428 2886 2381 3658
12407 4 2 0 1 3387 2273 3405 3404
12408 4 2 0 1 3361 3476 2767 2961
12409 4 2 0 1 1085 2440 790 1011
12410 4 2 0 1 269 2296 419 3473
12411 4 2 0 1 2643 3525 2831 2484
12412 4 2 0 1 2474 3665 3667 2589
12413 4 2 0 1 2717 2747 2722 2404
12414 4 2 0 1 1415 2012 1835 1600
12415 4 2 0 1 3351 2839 3383 3408
12416 4 2 0 1 3689 2645 2762 3696
12417 4 2 0 1 2256 2820 3386 3378
12418 4 2 0 1 279 3475 2494 278
12419 4 2 0 1 3182 3265 3183 3181
12420 4 2 0 1 1146 279 2934 280
12421 4 2 0 1 282 2495 2485 2847
12422 4 2 0 1 2491 2293 2566 3385
12423 4 2 0 1 284 2473 285 286
12424 4 2 0 1 2430 2635 3462 2292
12425 4 2 0 1 2717 2747 2281 2720
12426 4 2 0 1 904 37 2987 905
12427 4 2 0 1 2432 2841 2295 2451
12428 4 2 0 1 2717 2281 2747 2404
12429 4 2 0 1 2434 2953 2295 2427
12430 4 2 0 1 2722 3731 347 2283
12431 4 2 0 1 821 961 3483 632
12432 4 2 0 1 3411 3531 2362 3427
12433 4 2 0 1 2459 2507 3611 3612
12434 4 2 0 1 2654 177 114 2513
12435 4 2 0 1 2440 1085 270 295
12436 4 2 0 1 569 3329 2919 2459
12437 4 2 0 1 3694 2622 2659 3576
12438 4 2 0 1 3715 3062 2708 3718
12439 4 2 0 1 2294 3770 3769 2927
12440 4 2 0 1 2386 2387 2365 2385
12441 4 2 0 1 3438 2938 2274 3771
12442 4 2 0 1 2938 3438 3420 3771
12443 4 2 0 1 366 418 416 2706
12444 4 2 0 1 354 367 3698 2706
12445 4 2 0 1 2319 3730 2710 2464
12446 4 2 0 1 23 3524 926 83
12447 4 2 0 1 1507 3040 1980 1505
12448 4 2 0 1 1516 3820 2003 3066
12449 4 2 0 1 2492 2816 2800 2843
12450 4 2 0 1 774 694 2677 695
12451 4 2 0 1 3731 362 2717 765
12452 4 2 0 1 571 2887 867 2778
12453 4 2 0 1 3211 3147 3554 3093
12454 4 2 0 1 3764 3762 2852 2851
12455 4 2 0 1 2384 2387 2385 2966
12456 4 2 0 1 5 1157 2605 1887
12457 4 2 0 1 2695 937 830 1076
12458 4 2 0 1 3119 2326 3191 3060
12459 4 2 0 1 2668 2865 2555 2669
12460 4 2 0 1 889 1051 999 3530
12461 4 2 0 1 293 304 3706 292
12462 4 2 0 1 2533 1019 1099 699
12463 4 2 0 1 3563 3727 2727 3651
12464 4 2 0 1 3119 3191 2326 3217
12465 4 2 0 1 2963 2577 2756 2584
12466 4 2 0 1 2756 3335 3271 2584
12467 4 2 0 1 2430 2753 2633 2807
12468 4 2 0 1 3460 2633 2753 2807
12469 4 2 0 1 3440 3439 3438 2349
12470 4 2 0 1 3946 3904 2009 1579
12471 4 2 0 1 2680 3390 2928 3461
12472 4 2 0 1 2378 2533 600 1029
12473 4 2 0 1 2771 3679 3442 2630
12474 4 2 0 1 2300 2705 2633 3712
12475 4 2 0 1 290 3706 292 293
12476 4 2 0 1 2845 3216 3214 3259
12477 4 2 0 1 694 2888 614 613
12478 4 2 0 1 2916 3529 2362 2864
12479 4 2 0 1 2868 3553 2844 3638
12480 4 2 0 1 3189 2845 3267 3647
12481 4 2 0 1 3189 3267 2845 2332
12482 4 2 0 1 3762 1715 2109 1781
12483 4 2 0 1 1968 2141 3672 1705
12484 4 2 0 1 1704 2141 3672 1968
12485 4 2 0 1 1715 3762 2109 1968
12486 4 2 0 1 3762 1968 2609 3672
12487 4 2 0 1 1706 1704 2609 1968
12488 4 2 0 1 2949 2774 2980 2359
12489 4 2 0 1 124 2276 2994 122
12490 4 2 0 1 124 2276 122 123
12491 4 2 0 1 973 2614 661 1095
12492 4 2 0 1 705 706 379 3699
12493 4 2 0 1 3426 3651 2723 2570
12494 4 2 0 1 2927 2625 3461 2680
12495 4 2 0 1 2433 2920 2426 2432
12496 4 2 0 1 1780 3646 1779 1778
12497 4 2 0 1 2426 2920 2433 2422
12498 4 2 0 1 2421 2422 2426 2433
12499 4 2 0 1 2804 222 2774 224
12500 4 2 0 1 2752 2754 2291 2755
12501 4 2 0 1 2546 2777 3708 2318
12502 4 2 0 1 491 268 303 2300
12503 4 2 0 1 2644 938 629 2695
12504 4 2 0 1 320 318 3709 3707
12505 4 2 0 1 2300 268 303 272
12506 4 2 0 1 3707 304 317 2695
12507 4 2 0 1 667 2300 303 272
12508 4 2 0 1 2414 2415 2771 3563
12509 4 2 0 1 931 2744 816 560
12510 4 2 0 1 2744 560 561 816
12511 4 2 0 1 3680 2635 3608 2634
12512 4 2 0 1 2771 2415 2414 3560
12513 4 2 0 1 3362 3737 3517 3361
12514 4 2 0 1 3162 1600 1835 3021
12515 4 2 0 1 3469 2499 2288 3608
12516 4 2 0 1 1792 3134 3286 2795
12517 4 2 0 1 3220 3222 3221 3863
12518 4 2 0 1 2836 2313 3226 3232
12519 4 2 0 1 1780 3646 3258 1779
12520 4 2 0 1 35 34 2388 85
12521 4 2 0 1 2922 650 2901 1102
12522 4 2 0 1 1025 2661 2892 2942
12523 4 2 0 1 3749 457 2873 2892
12524 4 2 0 1 1576 2409 3330 3549
12525 4 2 0 1 2581 3660 2690 3662
12526 4 2 0 1 77 2409 3330 1576
12527 4 2 0 1 2393 3330 2409 3549
12528 4 2 0 1 3660 2691 3662 2693
12529 4 2 0 1 3380 3387 3386 2260
12530 4 2 0 1 2384 1109 728 1090
12531 4 2 0 1 2325 2961 2640 2365
12532 4 2 0 1 2271 2550 3670 2598
12533 4 2 0 1 3427 2877 3374 2821
12534 4 2 0 1 2648 2777 3877 3750
12535 4 2 0 1 2953 2803 2430 2755
12536 4 2 0 1 2393 2409 3330 2453
12537 4 2 0 1 2818 3491 3756 3757
12538 4 2 0 1 2550 3434 2271 3670
12539 4 2 0 1 2460 3674 3677 3673
12540 4 2 0 1 3056 2371 2899 2959
12541 4 2 0 1 375 822 2283 2996
12542 4 2 0 1 2371 3060 3055 2326
12543 4 2 0 1 3804 3031 3802 3805
12544 4 2 0 1 3580 2518 3581 2936
12545 4 2 0 1 2435 333 776 314
12546 4 2 0 1 3634 2544 2462 3583
12547 4 2 0 1 3621 2519 3620 2517
12548 4 2 0 1 2521 2515 2519 3619
12549 4 2 0 1 1792 3134 2795 1793
12550 4 2 0 1 3356 2470 3382 2688
12551 4 2 0 1 3764 3258 3763 1780
12552 4 2 0 1 2728 2995 2703 2361
12553 4 2 0 1 1677 1965 3837 1593
12554 4 2 0 1 3749 2308 2689 3627
12555 4 2 0 1 1208 1253 3059 3156
12556 4 2 0 1 2341 2849 2687 2780
12557 4 2 0 1 3351 2840 2545 3634
12558 4 2 0 1 1208 3059 1253 1209
12559 4 2 0 1 1497 3066 1517 1516
12560 4 2 0 1 935 606 776 2436
12561 4 2 0 1 3923 1233 1234 1231
12562 4 2 0 1 3341 1869 1199 2245
12563 4 2 0 1 3070 3821 3823 3069
12564 4 2 0 1 2585 3136 3314 1837
12565 4 2 0 1 2579 2622 3694 3734
12566 4 2 0 1 3249 3704 3742 2789
12567 4 2 0 1 3070 3073 3825 3300
12568 4 2 0 1 2344 3117 3519 3006
12569 4 2 0 1 3283 1160 1931 2187
12570 4 2 0 1 3123 2770 3110 3843
12571 4 2 0 1 3237 2406 2410 2405
12572 4 2 0 1 2722 2460 2857 2925
12573 4 2 0 1 2404 568 2403 2398
12574 4 2 0 1 2800 3407 3394 2799
12575 4 2 0 1 3518 3391 2342 3379
12576 4 2 0 1 2131 67 3283 68
12577 4 2 0 1 2781 3660 2787 2788
12578 4 2 0 1 2336 3464 2835 3465
12579 4 2 0 1 2862 2688 2470 2782
12580 4 2 0 1 2309 2817 2735 2738
12581 4 2 0 1 2131 3283 67 1162
12582 4 2 0 1 2913 3140 3683 3768
12583 4 2 0 1 1832 1555 2913 3768
12584 4 2 0 1 382 2435 333 776
12585 4 2 0 1 3682 1832 2913 3768
12586 4 2 0 1 3689 2488 2647 2487
12587 4 2 0 1 3764 3763 3761 1780
12588 4 2 0 1 3711 2551 2598 2597
12589 4 2 0 1 3556 2912 2905 3241
12590 4 2 0 1 2820 3752 3385 2647
12591 4 2 0 1 2810 3760 3378 3444
12592 4 2 0 1 3882 2349 2832 3441
12593 4 2 0 1 3719 3750 2777 2713
12594 4 2 0 1 2271 3751 3434 2821
12595 4 2 0 1 1736 3912 1737 1310
12596 4 2 0 1 1290 3912 1291 1289
12597 4 2 0 1 2100 1733 3533 2099
12598 4 2 0 1 1830 3758 1364 1863
12599 4 2 0 1 2961 2960 2640 3362
12600 4 2 0 1 2450 2945 2449 1643
12601 4 2 0 1 54 2833 831 53
12602 4 2 0 1 3763 1871 3131 2197
12603 4 2 0 1 3739 2345 2850 2783
12604 4 2 0 1 3481 2783 3501 2850
12605 4 2 0 1 3014 3844 3255 3225
12606 4 2 0 1 3763 2197 3761 1780
12607 4 2 0 1 2450 1800 3227 2221
12608 4 2 0 1 3258 1871 1780 1779
12609 4 2 0 1 357 327 3700 328
12610 4 2 0 1 3582 1041 518 859
12611 4 2 0 1 2544 2846 2903 2543
12612 4 2 0 1 290 326 288 2846
12613 4 2 0 1 3592 2471 2465 2802
12614 4 2 0 1 2844 2867 2868 2553
12615 4 2 0 1 3339 3657 3546 2578
12616 4 2 0 1 3002 2344 3166 3116
12617 4 2 0 1 3198 3635 2708 3637
12618 4 2 0 1 597 2552 2559 2669
12619 4 2 0 1 2324 2665 2556 3435
12620 4 2 0 1 1958 3198 3637 3277
12621 4 2 0 1 3118 3231 3221 3009
12622 4 2 0 1 2829 3427 2877 2876
12623 4 2 0 1 2522 3710 337 2701
12624 4 2 0 1 2606 1918 2607 1778
12625 4 2 0 1 3339 3397 3546 2757
12626 4 2 0 1 3015 3003 3148 3789
12627 4 2 0 1 3763 1871 2197 1780
12628 4 2 0 1 2867 3354 2711 3649
12629 4 2 0 1 2915 2277 2253 2677
12630 4 2 0 1 939 1107 2918 670
12631 4 2 0 1 2621 2547 3724 2931
12632 4 2 0 1 2336 3302 3513 3362
12633 4 2 0 1 1951 3812 1912 1246
12634 4 2 0 1 3200 2923 2924 3533
12635 4 2 0 1 3928 1393 3774 1522
12636 4 2 0 1 1874 3900 1637 1634
12637 4 2 0 1 626 164 625 2258
12638 4 2 0 1 2522 3710 2701 2521
12639 4 2 0 1 370 398 369 2882
12640 4 2 0 1 2293 3474 3713 2490
12641 4 2 0 1 2528 3622 2679 2594
12642 4 2 0 1 298 2678 324 297
12643 4 2 0 1 3928 1393 1522 1540
12644 4 2 0 1 347 351 2722 2283
12645 4 2 0 1 3444 2761 2595 3770
12646 4 2 0 1 3928 1907 3819 3774
12647 4 2 0 1 2910 95 2508 2973
12648 4 2 0 1 2380 3617 2511 2456
12649 4 2 0 1 3234 2408 2906 2394
12650 4 2 0 1 3066 1519 1517 1516
12651 4 2 0 1 3446 3575 2455 2454
12652 4 2 0 1 1415 1600 1835 3162
12653 4 2 0 1 2389 2390 3547 2524
12654 4 2 0 1 243 241 2951 1080
12655 4 2 0 1 791 711 2717 520
12656 4 2 0 1 709 2628 706 707
12657 4 2 0 1 2623 257 2353 722
12658 4 2 0 1 2391 2952 2525 2392
12659 4 2 0 1 3144 3849 3147 3093
12660 4 2 0 1 2882 462 369 765
12661 4 2 0 1 3895 3796 2159 1760
12662 4 2 0 1 2422 1047 86 690
12663 4 2 0 1 961 3894 932 2311
12664 4 2 0 1 2722 2404 2925 2882
12665 4 2 0 1 3908 1674 1789 1834
12666 4 2 0 1 3549 3557 2409 3548
12667 4 2 0 1 3145 3110 3843 3123
12668 4 2 0 1 347 2722 369 765
12669 4 2 0 1 2948 3670 2597 2596
12670 4 2 0 1 3579 3578 2402 2993
12671 4 2 0 1 530 918 2376 528
12672 4 2 0 1 102 3538 2929 2963
12673 4 2 0 1 3554 3849 3316 3091
12674 4 2 0 1 3657 2578 3658 2758
12675 4 2 0 1 2742 2740 2739 3465
12676 4 2 0 1 1342 1927 3249 2176
12677 4 2 0 1 2972 664 2970 2731
12678 4 2 0 1 645 664 1009 2970
12679 4 2 0 1 2133 21 20 3197
12680 4 2 0 1 2730 2710 3730 2315
12681 4 2 0 1 398 2857 428 818
12682 4 2 0 1 3554 3849 3091 3093
12683 4 2 0 1 3570 3477 2391 2978
12684 4 2 0 1 704 3699 379 3700
12685 4 2 0 1 2443 2536 2438 3629
12686 4 2 0 1 2660 2352 2751 2816
12687 4 2 0 1 379 3699 704 705
12688 4 2 0 1 3316 3849 1490 1846
12689 4 2 0 1 2624 2540 2438 2442
12690 4 2 0 1 3316 1849 1848 1846
12691 4 2 0 1 791 711 897 2717
12692 4 2 0 1 3513 3484 3500 3302
12693 4 2 0 1 2987 2506 2985 2825
12694 4 2 0 1 3562 733 962 2995
12695 4 2 0 1 2429 760 2634 503
12696 4 2 0 1 2429 760 503 771
12697 4 2 0 1 3008 1784 1738 2101
12698 4 2 0 1 3582 770 859 512
12699 4 2 0 1 3784 1229 3001 1230
12700 4 2 0 1 3168 3851 3087 3281
12701 4 2 0 1 2836 2313 3232 3864
12702 4 2 0 1 1277 3073 1276 3826
12703 4 2 0 1 3102 2313 3486 3011
12704 4 2 0 1 1544 1536 1545 3025
12705 4 2 0 1 3162 1418 1870 2060
12706 4 2 0 1 3582 770 512 3581
12707 4 2 0 1 3024 3202 1436 1438
12708 4 2 0 1 3161 1836 3021 3162
12709 4 2 0 1 1827 1289 3805 1287
12710 4 2 0 1 1387 3781 2103 3015
12711 4 2 0 1 3030 3033 3247 3188
12712 4 2 0 1 1387 3781 3015 1384
12713 4 2 0 1 1205 1206 3816 1208
12714 4 2 0 1 1387 3781 1384 1385
12715 4 2 0 1 3112 1939 1542 1499
12716 4 2 0 1 3497 3365 2328 3506
12717 4 2 0 1 3331 1477 3212 2087
12718 4 2 0 1 2997 1386 3832 1389
12719 4 2 0 1 3774 3781 1377 3003
12720 4 2 0 1 1387 3781 1385 2103
12721 4 2 0 1 3325 2370 2371 2373
12722 4 2 0 1 652 2570 654 653
12723 4 2 0 1 3334 1942 3273 1347
12724 4 2 0 1 3279 3064 1264 1266
12725 4 2 0 1 3069 1599 1679 3279
12726 4 2 0 1 1357 1347 3273 1358
12727 4 2 0 1 1938 3064 1266 1261
12728 4 2 0 1 3582 770 3581 2903
12729 4 2 0 1 3073 3078 3250 3075
12730 4 2 0 1 2821 2362 2877 2548
12731 4 2 0 1 942 375 350 2880
12732 4 2 0 1 1261 1264 3064 1266
12733 4 2 0 1 3265 3188 3034 3189
12734 4 2 0 1 1214 3081 3158 3082
12735 4 2 0 1 2969 393 3459 878
12736 4 2 0 1 3017 3791 3792 3151
12737 4 2 0 1 3107 3132 3053 2853
12738 4 2 0 1 3685 3146 1465 3684
12739 4 2 0 1 2969 1123 878 3415
12740 4 2 0 1 3037 3940 1640 1638
12741 4 2 0 1 2121 1587 3334 2210
12742 4 2 0 1 1891 3255 1956 3225
12743 4 2 0 1 2121 3334 1587 3273
12744 4 2 0 1 2769 2405 3160 2407
12745 4 2 0 1 3107 3132 2853 2852
12746 4 2 0 1 3553 3510 2556 3640
12747 4 2 0 1 3800 3900 1299 3037
12748 4 2 0 1 3833 1723 2041 2229
12749 4 2 0 1 3326 3060 2372 2337
12750 4 2 0 1 3502 3357 3506 3194
12751 4 2 0 1 3900 1675 1637 3037
12752 4 2 0 1 1836 3161 2060 3162
12753 4 2 0 1 2786 2838 1799 2228
12754 4 2 0 1 3249 2878 3320 3662
12755 4 2 0 1 2668 2604 3640 2516
12756 4 2 0 1 3161 3851 3021 3024
12757 4 2 0 1 800 43 2420 1078
12758 4 2 0 1 3900 1675 3037 3800
12759 4 2 0 1 2037 3850 1474 1472
12760 4 2 0 1 1640 3940 3037 3284
12761 4 2 0 1 3168 3089 3238 3170
12762 4 2 0 1 2451 1130 2432 402
12763 4 2 0 1 3004 3223 3001 3782
12764 4 2 0 1 2432 2841 2451 402
12765 4 2 0 1 3116 3006 3221 3783
12766 4 2 0 1 3276 1531 1538 1532
12767 4 2 0 1 2026 1583 2005 3153
12768 4 2 0 1 1742 1608 1989 3155
12769 4 2 0 1 2043 3223 3001 3004
12770 4 2 0 1 3191 3217 3842 3190
12771 4 2 0 1 2432 2841 402 2479
12772 4 2 0 1 3120 3002 3166 3780
12773 4 2 0 1 1916 1698 1699 3858
12774 4 2 0 1 2083 1591 3830 2092
12775 4 2 0 1 2092 3082 1591 3830
12776 4 2 0 1 3776 3782 3001 3223
12777 4 2 0 1 3858 1697 3830 3149
12778 4 2 0 1 3776 1259 1360 1257
12779 4 2 0 1 2644 3688 1126 2596
12780 4 2 0 1 3166 3795 2373 1269
12781 4 2 0 1 3054 3718 3817 3062
12782 4 2 0 1 3776 1259 1257 3782
12783 4 2 0 1 3132 3214 2852 3257
12784 4 2 0 1 1640 3940 1831 1638
12785 4 2 0 1 3172 3115 3318 3173
12786 4 2 0 1 3489 3497 2328 3506
12787 4 2 0 1 1246 3325 1881 2242
12788 4 2 0 1 3019 1319 1324 3779
12789 4 2 0 1 3317 2251 3155 3297
12790 4 2 0 1 1989 3155 2251 3297
12791 4 2 0 1 2787 2792 2692 3355
12792 4 2 0 1 1550 3281 3087 3023
12793 4 2 0 1 3685 1806 1464 1746
12794 4 2 0 1 1602 1628 3787 2013
12795 4 2 0 1 932 2311 1127 509
12796 4 2 0 1 3222 3208 2836 3484
12797 4 2 0 1 2302 2961 2365 2640
12798 4 2 0 1 3107 3132 2852 3257
12799 4 2 0 1 3513 3364 2959 3326
12800 4 2 0 1 2821 3434 2548 2877
12801 4 2 0 1 2852 3214 3216 3257
12802 4 2 0 1 2942 946 2535 457
12803 4 2 0 1 3728 3529 2548 2362
12804 4 2 0 1 1668 3203 1667 3237
12805 4 2 0 1 1768 2608 2222 2008
12806 4 2 0 1 3129 3174 3515 3207
12807 4 2 0 1 1582 3911 3805 2220
12808 4 2 0 1 3873 3362 3481 3513
12809 4 2 0 1 2506 2287 2424 2503
12810 4 2 0 1 3302 3098 3196 2343
12811 4 2 0 1 3139 3135 2582 3202
12812 4 2 0 1 3165 3136 3733 3186
12813 4 2 0 1 3179 3123 3843 3160
12814 4 2 0 1 3202 1936 1700 2052
12815 4 2 0 1 3142 3133 3138 2331
12816 4 2 0 1 3511 3138 3133 2331
12817 4 2 0 1 3870 3136 3133 2331
12818 4 2 0 1 3853 3260 3868 3186
12819 4 2 0 1 3511 3138 3845 3133
12820 4 2 0 1 3075 1277 3073 1275
12821 4 2 0 1 2506 2424 2287 2417
12822 4 2 0 1 2129 3837 3101 3075
12823 4 2 0 1 424 3679 426 423
12824 4 2 0 1 424 3569 423 422
12825 4 2 0 1 3935 3826 2059 1814
12826 4 2 0 1 3051 2610 3047 3111
12827 4 2 0 1 3032 1532 3031 1529
12828 4 2 0 1 3697 2481 434 3696
12829 4 2 0 1 2481 436 3696 2480
12830 4 2 0 1 3809 3808 3046 3807
12831 4 2 0 1 3216 3552 2775 2516
12832 4 2 0 1 1871 1530 3258 1528
12833 4 2 0 1 3027 3857 3175 3859
12834 4 2 0 1 2828 3485 3099 2423
12835 4 2 0 1 1367 3836 1370 2423
12836 4 2 0 1 2413 553 389 559
12837 4 2 0 1 3837 3078 3838 3079
12838 4 2 0 1 3335 2756 2878 3336
12839 4 2 0 1 1160 3283 3270 3271
12840 4 2 0 1 389 553 2413 421
12841 4 2 0 1 2886 2914 3429 3576
12842 4 2 0 1 3704 1927 3249 1342
12843 4 2 0 1 3648 2464 3588 2972
12844 4 2 0 1 2929 101 852 685
12845 4 2 0 1 104 2929 852 685
12846 4 2 0 1 426 2629 424 427
12847 4 2 0 1 3811 1868 3310 3187
12848 4 2 0 1 3278 1772 1630 1629
12849 4 2 0 1 3210 1710 3205 1963
12850 4 2 0 1 2401 3868 3186 3288
12851 4 2 0 1 3066 2003 1496 3304
12852 4 2 0 1 3588 2472 2710 3359
12853 4 2 0 1 3289 3559 2410 3274
12854 4 2 0 1 434 433 435 2481
12855 4 2 0 1 3235 3557 3559 2906
12856 4 2 0 1 1512 3322 1495 1494
12857 4 2 0 1 3588 2710 2472 2464
12858 4 2 0 1 1745 2366 2100 3296
12859 4 2 0 1 2366 30 1664 1163
12860 4 2 0 1 3472 2496 2772 2425
12861 4 2 0 1 3472 2772 2496 2426
12862 4 2 0 1 1745 2366 3296 2388
12863 4 2 0 1 38 2416 1711 1165
12864 4 2 0 1 2018 2062 1518 3066
12865 4 2 0 1 2901 2890 3545 987
12866 4 2 0 1 3449 3853 3868 3288
12867 4 2 0 1 3066 3042 3310 3067
12868 4 2 0 1 3114 3113 3850 2397
12869 4 2 0 1 3304 2003 1496 1513
12870 4 2 0 1 2130 3287 3811 1752
12871 4 2 0 1 863 862 3593 633
12872 4 2 0 1 3109 3839 1499 3112
12873 4 2 0 1 3301 2370 3862 2369
12874 4 2 0 1 3166 3217 2326 2373
12875 4 2 0 1 3497 2327 3363 3481
12876 4 2 0 1 2325 2368 3534 2369
12877 4 2 0 1 3873 3872 2327 3503
12878 4 2 0 1 2890 3545 987 649
12879 4 2 0 1 3593 862 2481 633
12880 4 2 0 1 1489 3114 1481 1479
12881 4 2 0 1 2357 723 2291 965
12882 4 2 0 1 1352 1929 3535 1823
12883 4 2 0 1 2517 461 446 763
12884 4 2 0 1 1831 3940 1640 3284
12885 4 2 0 1 3813 1912 3812 3814
12886 4 2 0 1 3637 3716 2554 2708
12887 4 2 0 1 3020 3061 1881 3282
12888 4 2 0 1 2357 2291 723 2354
12889 4 2 0 1 2468 2465 3590 594
12890 4 2 0 1 2322 3589 2323 3588
12891 4 2 0 1 2353 2291 723 965
12892 4 2 0 1 3493 2564 2732 2937
12893 4 2 0 1 2712 3396 3369 3423
12894 4 2 0 1 3345 3399 3409 3397
12895 4 2 0 1 2270 3546 3397 2879
12896 4 2 0 1 3543 3544 2383 2583
12897 4 2 0 1 3423 2685 3403 3397
12898 4 2 0 1 3876 3423 2317 3356
12899 4 2 0 1 2353 723 2291 2354
12900 4 2 0 1 2691 2338 2788 2781
12901 4 2 0 1 2972 2472 2464 3588
12902 4 2 0 1 3586 2469 3359 2463
12903 4 2 0 1 3263 3211 2396 3248
12904 4 2 0 1 3619 2517 446 380
12905 4 2 0 1 3263 2396 3211 3144
12906 4 2 0 1 2364 2302 3476 2961
12907 4 2 0 1 3304 2135 3310 1513
12908 4 2 0 1 3344 2261 3399 3409
12909 4 2 0 1 2533 2530 3624 2672
12910 4 2 0 1 2549 2551 2284 3414
12911 4 2 0 1 1512 1495 3237 1667
12912 4 2 0 1 3401 2260 3408 2839
12913 4 2 0 1 3719 3750 2713 2947
12914 4 2 0 1 2357 2755 2754 2295
12915 4 2 0 1 2820 3375 2256 3386
12916 4 2 0 1 3384 2809 3374 2350
12917 4 2 0 1 2488 2566 2293 3385
12918 4 2 0 1 3377 2492 3394 2800
12919 4 2 0 1 3624 2533 2672 2673
12920 4 2 0 1 2295 2754 2360 2427
12921 4 2 0 1 3732 2800 2816 2843
12922 4 2 0 1 2820 2256 3385 3378
12923 4 2 0 1 2831 3374 2643 2646
12924 4 2 0 1 4 1171 1887 2405
12925 4 2 0 1 2295 2360 2754 2357
12926 4 2 0 1 3431 2400 3448 2911
12927 4 2 0 1 3711 2598 2699 3400
12928 4 2 0 1 2812 3692 2976 2650
12929 4 2 0 1 2812 3692 2650 2571
12930 4 2 0 1 2550 2551 2284 2549
12931 4 2 0 1 1887 1171 1769 2405
12932 4 2 0 1 3875 3398 3750 2947
12933 4 2 0 1 3344 3373 3880 3398
12934 4 2 0 1 2859 2688 3702 2685
12935 4 2 0 1 3544 3546 2383 2583
12936 4 2 0 1 2651 168 3676 3693
12937 4 2 0 1 3841 1759 1731 3110
12938 4 2 0 1 2859 3356 2685 3876
12939 4 2 0 1 3805 3911 3256 1287
12940 4 2 0 1 3345 2261 3409 3399
12941 4 2 0 1 1475 3114 3850 1477
12942 4 2 0 1 2701 2521 2523 2522
12943 4 2 0 1 2651 2617 3676 120
12944 4 2 0 1 3344 3398 3880 3399
12945 4 2 0 1 3657 3339 3546 2757
12946 4 2 0 1 3676 2653 2651 3693
12947 4 2 0 1 939 3415 391 878
12948 4 2 0 1 2701 3711 2521 3710
12949 4 2 0 1 2651 2617 120 2276
12950 4 2 0 1 853 2348 2778 3525
12951 4 2 0 1 3665 2848 2351 3527
12952 4 2 0 1 2532 2531 3632 2537
12953 4 2 0 1 3525 853 891 506
12954 4 2 0 1 573 918 545 2649
12955 4 2 0 1 378 3619 446 380
12956 4 2 0 1 2434 2426 2432 2421
12957 4 2 0 1 2541 3632 2537 2532
12958 4 2 0 1 2944 666 2451 922
12959 4 2 0 1 2272 3367 3422 3413
12960 4 2 0 1 3421 3657 3546 2757
12961 4 2 0 1 3541 3658 3272 2381
12962 4 2 0 1 2510 2455 3576 2659
12963 4 2 0 1 3313 3490 3357 3508
12964 4 2 0 1 3723 2995 2361 3724
12965 4 2 0 1 3339 2270 3658 2578
12966 4 2 0 1 801 3600 602 829
12967 4 2 0 1 3726 3771 3405 3437
12968 4 2 0 1 2712 2839 3719 3875
12969 4 2 0 1 2694 2585 3311 3312
12970 4 2 0 1 801 602 3600 3689
12971 4 2 0 1 2839 3719 3875 3372
12972 4 2 0 1 486 602 3600 829
12973 4 2 0 1 486 3600 602 3689
12974 4 2 0 1 2550 2549 2548 3434
12975 4 2 0 1 3405 2350 3402 3531
12976 4 2 0 1 2905 2408 3234 2394
12977 4 2 0 1 3554 3147 2397 3850
12978 4 2 0 1 351 3673 370 2722
12979 4 2 0 1 942 774 2677 695
12980 4 2 0 1 2797 694 696 615
12981 4 2 0 1 696 2677 1095 774
12982 4 2 0 1 3685 1464 1806 3246
12983 4 2 0 1 3142 3507 3887 3285
12984 4 2 0 1 2341 2684 2858 2688
12985 4 2 0 1 921 214 2425 212
12986 4 2 0 1 3778 1256 3780 1251
12987 4 2 0 1 2366 1745 2387 2388
12988 4 2 0 1 3551 3285 3275 2557
12989 4 2 0 1 3514 2959 3509 3489
12990 4 2 0 1 3165 3746 3306 3269
12991 4 2 0 1 324 353 352 2706
12992 4 2 0 1 2297 2810 2293 3392
12993 4 2 0 1 2633 2807 3460 2705
12994 4 2 0 1 2469 2462 2802 2468
12995 4 2 0 1 354 353 366 2706
12996 4 2 0 1 2482 2478 2483 3599
12997 4 2 0 1 2293 2494 2762 2297
12998 4 2 0 1 2820 2565 3690 2647
12999 4 2 0 1 3170 3509 3514 3057
13000 4 2 0 1 3514 3509 3170 3489
13001 4 2 0 1 3433 3288 3306 3498
13002 4 2 0 1 2737 2451 2295 2841
13003 4 2 0 1 2682 2663 3608 2635
13004 4 2 0 1 2447 3573 3572 2452
13005 4 2 0 1 456 2942 2892 457
13006 4 2 0 1 2451 408 739 2841
13007 4 2 0 1 2671 3403 3546 3397
13008 4 2 0 1 30 729 2966 31
13009 4 2 0 1 2325 2961 3523 2960
13010 4 2 0 1 879 851 431 3595
13011 4 2 0 1 3396 3369 3397 3880
13012 4 2 0 1 2586 1036 643 641
13013 4 2 0 1 2816 3732 2307 2800
13014 4 2 0 1 2286 3461 3460 2492
13015 4 2 0 1 3396 3403 3880 3397
13016 4 2 0 1 3501 3208 3515 3484
13017 4 2 0 1 3364 3873 2327 3481
13018 4 2 0 1 2960 3873 3513 3362
13019 4 2 0 1 2586 1036 641 799
13020 4 2 0 1 3873 2960 3513 2898
13021 4 2 0 1 2343 2826 2506 2823
13022 4 2 0 1 1723 3833 3100 2229
13023 4 2 0 1 2419 2424 2986 2417
13024 4 2 0 1 1049 331 2984 219
13025 4 2 0 1 3184 3886 3199 3181
13026 4 2 0 1 433 434 3595 2481
13027 4 2 0 1 1336 1976 1185 3813
13028 4 2 0 1 1049 2984 331 3483
13029 4 2 0 1 3321 26 3532 3324
13030 4 2 0 1 2404 568 1048 880
13031 4 2 0 1 2311 1049 961 3483
13032 4 2 0 1 3715 2707 3197 3716
13033 4 2 0 1 2319 2562 2553 2563
13034 4 2 0 1 1771 3062 1976 2899
13035 4 2 0 1 1118 2389 952 3568
13036 4 2 0 1 3756 3062 3491 2897
13037 4 2 0 1 3491 2866 3494 2897
13038 4 2 0 1 3495 3496 3491 3494
13039 4 2 0 1 3483 2977 2427 2311
13040 4 2 0 1 961 2311 932 509
13041 4 2 0 1 2326 3536 2372 3166
13042 4 2 0 1 961 2311 509 793
13043 4 2 0 1 3096 3885 2826 2343
13044 4 2 0 1 3709 736 321 329
13045 4 2 0 1 2339 3130 3516 3207
13046 4 2 0 1 3159 3817 3182 3054
13047 4 2 0 1 2332 2333 3189 3181
13048 4 2 0 1 1831 3940 1978 1638
13049 4 2 0 1 3497 3365 3502 2327
13050 4 2 0 1 3259 3887 3888 3189
13051 4 2 0 1 3049 3132 3859 3176
13052 4 2 0 1 2301 667 3602 2300
13053 4 2 0 1 3127 2838 3739 2786
13054 4 2 0 1 3709 323 321 736
13055 4 2 0 1 2844 3641 3649 2563
13056 4 2 0 1 2452 2741 2736 2304
13057 4 2 0 1 2782 2321 2470 2862
13058 4 2 0 1 3503 3365 2327 3349
13059 4 2 0 1 3466 2292 2504 2642
13060 4 2 0 1 2516 2603 2607 3552
13061 4 2 0 1 3868 3853 3186 3288
13062 4 2 0 1 3873 3364 2898 3513
13063 4 2 0 1 3332 3309 3534 3862
13064 4 2 0 1 2287 2292 2504 3462
13065 4 2 0 1 3127 2838 2786 3128
13066 4 2 0 1 233 2311 1127 2310
13067 4 2 0 1 3030 3033 3802 1809
13068 4 2 0 1 3528 724 2310 2981
13069 4 2 0 1 3244 3508 2331 3138
13070 4 2 0 1 3568 648 468 952
13071 4 2 0 1 3671 3454 2721 2921
13072 4 2 0 1 1440 3025 1439 3024
13073 4 2 0 1 3528 1064 267 724
13074 4 2 0 1 3528 724 267 723
13075 4 2 0 1 2732 2321 2733 2470
13076 4 2 0 1 3399 3345 3369 3397
13077 4 2 0 1 3366 3586 2469 2316
13078 4 2 0 1 3528 724 723 2354
13079 4 2 0 1 3365 3503 3354 3349
13080 4 2 0 1 240 239 2951 2983
13081 4 2 0 1 3622 2679 2586 2884
13082 4 2 0 1 161 950 3667 1124
13083 4 2 0 1 3622 2528 2527 2594
13084 4 2 0 1 157 3666 2477 160
13085 4 2 0 1 835 2596 3688 2887
13086 4 2 0 1 2951 239 240 241
13087 4 2 0 1 2713 2947 2598 3400
13088 4 2 0 1 2830 662 3597 3596
13089 4 2 0 1 2698 2714 2874 3711
13090 4 2 0 1 2386 2642 2640 2674
13091 4 2 0 1 3506 3129 3170 3489
13092 4 2 0 1 2365 205 689 985
13093 4 2 0 1 341 3459 342 2600
13094 4 2 0 1 2365 205 985 3532
13095 4 2 0 1 342 3459 341 343
13096 4 2 0 1 2578 2270 3432 2879
13097 4 2 0 1 104 1019 852 2670
13098 4 2 0 1 2726 195 200 2414
13099 4 2 0 1 2622 2659 2455 2509
13100 4 2 0 1 2726 2414 3652 3563
13101 4 2 0 1 3541 3542 2381 3853
13102 4 2 0 1 2963 3538 2576 3270
13103 4 2 0 1 3748 3660 2691 2788
13104 4 2 0 1 3260 3449 3853 3868
13105 4 2 0 1 2407 2457 3452 2399
13106 4 2 0 1 3734 3260 3853 3186
13107 4 2 0 1 2726 2414 3563 2415
13108 4 2 0 1 2551 392 490 2549
13109 4 2 0 1 2551 392 2948 977
13110 4 2 0 1 2726 195 2414 2415
13111 4 2 0 1 881 469 2437 703
13112 4 2 0 1 2438 790 259 270
13113 4 2 0 1 2989 2988 2613 2601
13114 4 2 0 1 3671 2395 2665 2921
13115 4 2 0 1 3550 2395 2776 2612
13116 4 2 0 1 2906 2408 3234 2407
13117 4 2 0 1 2665 2395 3671 2516
13118 4 2 0 1 497 2634 3695 499
13119 4 2 0 1 3550 3160 3451 3447
13120 4 2 0 1 3144 3849 3848 3143
13121 4 2 0 1 3272 3433 2324 3350
13122 4 2 0 1 2415 732 2726 195
13123 4 2 0 1 507 3561 184 735
13124 4 2 0 1 3695 497 499 501
13125 4 2 0 1 3401 3419 3380 2260
13126 4 2 0 1 3465 2345 2834 2743
13127 4 2 0 1 2858 2309 2734 2849
13128 4 2 0 1 2807 2430 2753 2292
13129 4 2 0 1 2357 2842 2662 2358
13130 4 2 0 1 2430 2803 2633 2753
13131 4 2 0 1 2442 3570 2439 2438
13132 4 2 0 1 121 1067 2617 119
13133 4 2 0 1 3740 3745 2790 3194
13134 4 2 0 1 1805 43 3245 1168
13135 4 2 0 1 213 2772 2496 212
13136 4 2 0 1 2492 3470 3377 3394
13137 4 2 0 1 3564 2434 2428 2953
13138 4 2 0 1 2433 2944 2943 2946
13139 4 2 0 1 2502 681 844 921
13140 4 2 0 1 3740 3745 3194 3505
13141 4 2 0 1 461 473 597 2559
13142 4 2 0 1 2492 3377 3470 2342
13143 4 2 0 1 2461 2515 3581 2519
13144 4 2 0 1 518 1041 3585 908
13145 4 2 0 1 2553 2815 2559 3638
13146 4 2 0 1 2844 2815 2555 3641
13147 4 2 0 1 2272 3422 2523 3436
13148 4 2 0 1 2345 2784 2835 2783
13149 4 2 0 1 1686 2103 3093 3016
13150 4 2 0 1 1686 3093 2103 2007
13151 4 2 0 1 2757 3874 3423 3422
13152 4 2 0 1 3740 3745 3505 3126
13153 4 2 0 1 3874 3345 3413 3397
13154 4 2 0 1 2376 778 524 522
13155 4 2 0 1 3740 3745 3126 2790
13156 4 2 0 1 3397 3409 3403 3880
13157 4 2 0 1 2544 326 2903 2846
13158 4 2 0 1 697 153 178 3598
13159 4 2 0 1 535 532 534 2655
13160 4 2 0 1 662 3598 2480 663
13161 4 2 0 1 662 3598 663 998
13162 4 2 0 1 3403 3409 3397 2671
13163 4 2 0 1 2932 2655 2940 534
13164 4 2 0 1 2671 3409 3397 2879
13165 4 2 0 1 2488 3605 2762 2293
13166 4 2 0 1 2859 2688 3382 2860
13167 4 2 0 1 3592 2493 2495 3604
13168 4 2 0 1 2667 2281 2716 2715
13169 4 2 0 1 788 2822 728 2384
13170 4 2 0 1 3533 2367 3534 3200
13171 4 2 0 1 2972 2472 2731 2464
13172 4 2 0 1 865 2766 996 589
13173 4 2 0 1 1847 3094 1925 1906
13174 4 2 0 1 3675 2805 2619 2262
13175 4 2 0 1 2655 536 2940 534
13176 4 2 0 1 2744 2654 3612 2513
13177 4 2 0 1 2564 3649 2563 2710
13178 4 2 0 1 3432 2374 2377 2855
13179 4 2 0 1 2620 3612 2654 2513
13180 4 2 0 1 701 1041 908 3585
13181 4 2 0 1 2521 2714 2519 2515
13182 4 2 0 1 2655 536 534 535
13183 4 2 0 1 2903 2515 2543 1150
13184 4 2 0 1 3717 3495 3648 3352
13185 4 2 0 1 3584 3582 3583 2903
13186 4 2 0 1 3845 1438 3202 3024
13187 4 2 0 1 2375 527 2575 2376
13188 4 2 0 1 3686 3653 2569 2727
13189 4 2 0 1 3563 3686 2569 2727
13190 4 2 0 1 2829 2657 2876 2658
13191 4 2 0 1 2655 536 535 3633
13192 4 2 0 1 533 530 918 2376
13193 4 2 0 1 2443 2536 3629 3631
13194 4 2 0 1 2438 790 270 2440
13195 4 2 0 1 2624 2442 3477 2303
13196 4 2 0 1 2332 3766 3267 3767
13197 4 2 0 1 3715 3062 3718 1181
13198 4 2 0 1 1717 3277 3266 1966
13199 4 2 0 1 3199 3198 2320 3817
13200 4 2 0 1 3275 3152 2582 3846
13201 4 2 0 1 3717 3495 3352 3491
13202 4 2 0 1 3342 2264 3345 2700
13203 4 2 0 1 3180 3183 3081 3831
13204 4 2 0 1 546 539 944 2940
13205 4 2 0 1 2701 338 337 2600
13206 4 2 0 1 2564 2814 2730 2563
13207 4 2 0 1 3498 2556 3435 2324
13208 4 2 0 1 2414 2638 2771 2411
13209 4 2 0 1 3109 3040 1507 1505
13210 4 2 0 1 2568 903 1001 635
13211 4 2 0 1 653 1113 2568 3652
13212 4 2 0 1 2378 2530 2672 2655
13213 4 2 0 1 2896 2782 2858 2862
13214 4 2 0 1 3377 2256 2342 3379
13215 4 2 0 1 3342 2805 2270 2619
13216 4 2 0 1 2580 3252 3659 3036
13217 4 2 0 1 3342 2270 2805 3345
13218 4 2 0 1 3248 3047 3111 3051
13219 4 2 0 1 3003 3211 3092 3554
13220 4 2 0 1 2375 527 2376 545
13221 4 2 0 1 1550 3125 1934 1551
13222 4 2 0 1 3087 1935 1626 1934
13223 4 2 0 1 3161 3163 1917 2060
13224 4 2 0 1 3791 1693 1725 1691
13225 4 2 0 1 2888 2652 2276 2253
13226 4 2 0 1 1917 3163 3161 3130
13227 4 2 0 1 611 187 185 2765
13228 4 2 0 1 188 2765 186 187
13229 4 2 0 1 3760 2832 2646 2808
13230 4 2 0 1 909 2390 556 1018
13231 4 2 0 1 2648 2777 3691 3690
13232 4 2 0 1 2864 2284 3529 2550
13233 4 2 0 1 2348 2779 1087 2778
13234 4 2 0 1 3184 3086 3181 3183
13235 4 2 0 1 2722 2283 3673 3677
13236 4 2 0 1 1292 1827 3804 1349
13237 4 2 0 1 3673 2283 3456 3677
13238 4 2 0 1 2856 3677 3674 2618
13239 4 2 0 1 3238 3138 3139 3137
13240 4 2 0 1 3802 3804 1827 1349
13241 4 2 0 1 3673 3674 3677 3456
13242 4 2 0 1 1683 2622 1983 2912
13243 4 2 0 1 2744 2654 3656 2745
13244 4 2 0 1 2854 3676 2654 656
13245 4 2 0 1 2856 2811 2618 2620
13246 4 2 0 1 3003 3554 3832 3016
13247 4 2 0 1 3612 2512 2458 2459
13248 4 2 0 1 3003 3211 3554 3016
13249 4 2 0 1 2492 2800 2816 3479
13250 4 2 0 1 626 717 2915 625
13251 4 2 0 1 3390 2927 3461 2680
13252 4 2 0 1 3434 2806 2271 3670
13253 4 2 0 1 3099 3305 1368 3836
13254 4 2 0 1 46 2946 2943 49
13255 4 2 0 1 3819 3775 1907 1571
13256 4 2 0 1 2579 2187 1984 1441
13257 4 2 0 1 922 2944 3573 2451
13258 4 2 0 1 3708 2777 2545 2318
13259 4 2 0 1 3434 3670 2549 2596
13260 4 2 0 1 1571 3810 1991 3819
13261 4 2 0 1 2266 2671 3418 2673
13262 4 2 0 1 720 1133 3693 721
13263 4 2 0 1 3725 371 883 2443
13264 4 2 0 1 371 3629 3725 373
13265 4 2 0 1 3689 3600 801 2647
13266 4 2 0 1 3725 371 373 567
13267 4 2 0 1 2810 3752 3760 2762
13268 4 2 0 1 3626 3407 2799 3406
13269 4 2 0 1 2693 2581 3662 3660
13270 4 2 0 1 3194 2790 2338 3748
13271 4 2 0 1 2787 3425 3355 2692
13272 4 2 0 1 2622 2077 1162 2131
13273 4 2 0 1 1162 2077 2622 1984
13274 4 2 0 1 3437 2657 2764 2876
13275 4 2 0 1 3478 753 3725 567
13276 4 2 0 1 293 304 305 3706
13277 4 2 0 1 3478 893 753 567
13278 4 2 0 1 1613 3286 1615 1952
13279 4 2 0 1 3516 3488 3244 3506
13280 4 2 0 1 2866 1167 3197 2134
13281 4 2 0 1 1179 19 3716 3715
13282 4 2 0 1 2867 2707 3717 3716
13283 4 2 0 1 14 2561 1333 1775
13284 4 2 0 1 3129 3516 3170 3207
13285 4 2 0 1 3062 3718 3817 2708
13286 4 2 0 1 2866 2707 3715 3717
13287 4 2 0 1 3875 2712 3369 3395
13288 4 2 0 1 1376 1907 3775 1571
13289 4 2 0 1 1283 3519 1948 3100
13290 4 2 0 1 3711 2598 3400 2597
13291 4 2 0 1 2272 3436 2874 3371
13292 4 2 0 1 3063 1948 3519 3100
13293 4 2 0 1 2651 693 692 720
13294 4 2 0 1 2257 164 2258 625
13295 4 2 0 1 125 123 2931 124
13296 4 2 0 1 3204 2343 3097 3096
13297 4 2 0 1 3671 3454 2613 2721
13298 4 2 0 1 3025 3161 3137 3130
13299 4 2 0 1 3345 2261 3342 3409
13300 4 2 0 1 2730 2519 3620 2814
13301 4 2 0 1 3588 2347 3590 2316
13302 4 2 0 1 1682 2056 2076 2912
13303 4 2 0 1 3683 3235 2906 3234
13304 4 2 0 1 473 2520 2559 447
13305 4 2 0 1 2519 3621 3753 2520
13306 4 2 0 1 664 645 2972 2970
13307 4 2 0 1 2668 3499 2555 2865
13308 4 2 0 1 3454 2403 3722 2613
13309 4 2 0 1 3582 3580 2936 3584
13310 4 2 0 1 3454 2403 2613 2721
13311 4 2 0 1 3178 3235 3234 3236
13312 4 2 0 1 3096 2312 3485 2826
13313 4 2 0 1 3683 3235 3234 3178
13314 4 2 0 1 2627 2391 2952 2525
13315 4 2 0 1 2944 92 1020 922
13316 4 2 0 1 2896 3465 3464 2504
13317 4 2 0 1 3361 3738 2321 2733
13318 4 2 0 1 3737 3481 2835 3363
13319 4 2 0 1 3683 3235 3178 3146
13320 4 2 0 1 2783 3501 2850 2885
13321 4 2 0 1 3320 2691 2784 2785
13322 4 2 0 1 3505 3508 3126 3745
13323 4 2 0 1 3269 3542 3541 3165
13324 4 2 0 1 2785 3739 3127 3740
13325 4 2 0 1 3269 3542 3165 3733
13326 4 2 0 1 2290 3393 3479 3461
13327 4 2 0 1 378 3619 380 377
13328 4 2 0 1 3604 2293 2490 3605
13329 4 2 0 1 3604 2293 3605 2488
13330 4 2 0 1 2627 2391 2525 2303
13331 4 2 0 1 104 686 1029 2376
13332 4 2 0 1 26 3321 2211 1353
13333 4 2 0 1 2623 2952 2626 2627
13334 4 2 0 1 2695 3708 3706 2546
13335 4 2 0 1 3325 2371 3535 2899
13336 4 2 0 1 3441 2349 3599 2483
13337 4 2 0 1 3752 2647 2645 3689
13338 4 2 0 1 134 2995 3724 2361
13339 4 2 0 1 2757 3338 3350 3425
13340 4 2 0 1 2589 2764 2656 3669
13341 4 2 0 1 2534 3631 3629 3630
13342 4 2 0 1 3575 2905 3323 3574
13343 4 2 0 1 3286 3185 1615 1617
13344 4 2 0 1 2747 2883 3412 3765
13345 4 2 0 1 3446 2911 3452 2279
13346 4 2 0 1 3631 373 374 2534
13347 4 2 0 1 2491 2566 2493 3388
13348 4 2 0 1 2493 2566 2491 2490
13349 4 2 0 1 2546 2695 292 3706
13350 4 2 0 1 2916 2864 2362 3346
13351 4 2 0 1 3726 3771 3437 2902
13352 4 2 0 1 2624 2725 2303 3678
13353 4 2 0 1 882 3570 2978 1089
13354 4 2 0 1 3707 2695 2597 3708
13355 4 2 0 1 3304 1487 3090 3331
13356 4 2 0 1 3940 2244 3037 1303
13357 4 2 0 1 1302 1313 3807 3808
13358 4 2 0 1 1312 1916 3048 2151
13359 4 2 0 1 2397 3211 3092 3248
13360 4 2 0 1 3833 1960 1263 2041
13361 4 2 0 1 3008 3001 3005 3004
13362 4 2 0 1 3281 1977 2189 3171
13363 4 2 0 1 3220 3219 3172 3010
13364 4 2 0 1 1602 3162 3786 3209
13365 4 2 0 1 2834 2850 2345 2835
13366 4 2 0 1 1223 3172 3842 3318
13367 4 2 0 1 1581 1553 2786 3128
13368 4 2 0 1 2839 3875 2260 3372
13369 4 2 0 1 3713 2491 2486 2705
13370 4 2 0 1 3709 2698 3708 2597
13371 4 2 0 1 3780 1245 1248 1247
13372 4 2 0 1 1355 2069 3795 1879
13373 4 2 0 1 3778 1318 3779 1254
13374 4 2 0 1 3031 3859 3029 3803
13375 4 2 0 1 3176 3028 3053 3029
13376 4 2 0 1 3713 2486 2491 2490
13377 4 2 0 1 2486 2490 2493 2491
13378 4 2 0 1 1305 3921 3284 1307
13379 4 2 0 1 1639 3037 1637 1675
13380 4 2 0 1 2124 1372 3038 1298
13381 4 2 0 1 1302 3808 3807 3038
13382 4 2 0 1 3859 3176 3029 3803
13383 4 2 0 1 3581 2517 2936 2518
13384 4 2 0 1 1976 3054 1185 3813
13385 4 2 0 1 1185 3229 3054 1184
13386 4 2 0 1 2898 3503 3360 3496
13387 4 2 0 1 3716 19 3197 3715
13388 4 2 0 1 3304 1496 1488 1513
13389 4 2 0 1 3284 2139 1314 1978
13390 4 2 0 1 1314 2172 3284 2208
13391 4 2 0 1 3581 2936 2517 510
13392 4 2 0 1 3166 1269 2373 1270
13393 4 2 0 1 1616 3185 1615 1614
13394 4 2 0 1 3892 3117 1241 1741
13395 4 2 0 1 3002 1256 3778 3779
13396 4 2 0 1 2480 840 633 435
13397 4 2 0 1 2777 2713 3750 3691
13398 4 2 0 1 633 3594 840 2480
13399 4 2 0 1 334 335 3710 731
13400 4 2 0 1 3073 3822 3069 3823
13401 4 2 0 1 3707 2695 938 2597
13402 4 2 0 1 2959 3065 3818 3872
13403 4 2 0 1 3281 3171 3205 3168
13404 4 2 0 1 2971 2936 2517 2518
13405 4 2 0 1 3872 3065 3818 2328
13406 4 2 0 1 3009 3230 2033 3280
13407 4 2 0 1 1963 1627 2189 3205
13408 4 2 0 1 562 164 644 2258
13409 4 2 0 1 3183 2333 3512 3086
13410 4 2 0 1 2971 2517 2936 510
13411 4 2 0 1 3058 3193 3492 2335
13412 4 2 0 1 3585 2462 2471 2544
13413 4 2 0 1 2069 1959 1269 3795
13414 4 2 0 1 3063 3833 3834 3005
13415 4 2 0 1 3004 3785 1784 2226
13416 4 2 0 1 1421 3011 1422 1425
13417 4 2 0 1 1026 2918 2258 644
13418 4 2 0 1 1371 1369 3290 3735
13419 4 2 0 1 2918 626 2258 644
13420 4 2 0 1 3166 1701 3780 1256
13421 4 2 0 1 3836 3837 3079 3101
13422 4 2 0 1 2546 2777 3691 3708
13423 4 2 0 1 3576 3574 2911 3429
13424 4 2 0 1 3214 3764 3258 3763
13425 4 2 0 1 2418 2417 3122 2448
13426 4 2 0 1 3122 3291 2826 2417
13427 4 2 0 1 1355 2373 3795 1331
13428 4 2 0 1 3549 3557 3548 2408
13429 4 2 0 1 3549 3557 2408 3615
13430 4 2 0 1 260 2443 371 3631
13431 4 2 0 1 1621 2123 3163 3128
13432 4 2 0 1 2329 3350 3641 3433
13433 4 2 0 1 3641 3433 2324 2556
13434 4 2 0 1 2886 3432 2659 3694
13435 4 2 0 1 2758 2886 3432 3658
13436 4 2 0 1 2337 3863 3222 3220
13437 4 2 0 1 2648 2643 2298 3691
13438 4 2 0 1 3173 3220 3174 3167
13439 4 2 0 1 1894 3309 2239 1595
13440 4 2 0 1 3778 1318 1254 2016
13441 4 2 0 1 3222 3515 2337 3220
13442 4 2 0 1 3121 3098 2924 3861
13443 4 2 0 1 3121 3098 2909 2924
13444 4 2 0 1 3019 1324 3795 3779
13445 4 2 0 1 3176 3049 3857 3859
13446 4 2 0 1 2466 3467 2493 2299
13447 4 2 0 1 3028 3031 3029 3803
13448 4 2 0 1 3173 3220 3167 3172
13449 4 2 0 1 1530 1531 3276 1529
13450 4 2 0 1 3173 3220 3119 2337
13451 4 2 0 1 2834 2743 2345 3520
13452 4 2 0 1 2698 2515 3708 2461
13453 4 2 0 1 3264 2369 3862 2372
13454 4 2 0 1 1142 2935 828 702
13455 4 2 0 1 3006 2344 3007 3519
13456 4 2 0 1 2344 3007 3204 3865
13457 4 2 0 1 3643 3152 3275 2580
13458 4 2 0 1 3514 3173 3060 2337
13459 4 2 0 1 3211 3095 3093 3016
13460 4 2 0 1 3643 3275 3251 2580
13461 4 2 0 1 2451 2433 2432 666
13462 4 2 0 1 2943 2946 1094 49
13463 4 2 0 1 2698 2713 3708 2597
13464 4 2 0 1 3211 3095 3016 3252
13465 4 2 0 1 3702 2684 3701 3663
13466 4 2 0 1 2321 2782 2732 3738
13467 4 2 0 1 1978 3940 1831 3284
13468 4 2 0 1 3349 3738 2732 2711
13469 4 2 0 1 3353 3737 3361 3738
13470 4 2 0 1 3864 2313 3232 3225
13471 4 2 0 1 3365 2788 3502 3738
13472 4 2 0 1 3864 3225 3232 3227
13473 4 2 0 1 2644 3688 516 1126
13474 4 2 0 1 2266 3628 3406 2673
13475 4 2 0 1 3864 2313 3225 3844
13476 4 2 0 1 3641 2869 3433 3553
13477 4 2 0 1 3754 3422 3371 3436
13478 4 2 0 1 3675 2805 2700 3342
13479 4 2 0 1 3345 3370 3399 3369
13480 4 2 0 1 3117 3063 3006 3777
13481 4 2 0 1 2795 2794 3136 3703
13482 4 2 0 1 3198 3869 3159 3199
13483 4 2 0 1 2585 3312 2759 3311
13484 4 2 0 1 2332 3887 2845 3189
13485 4 2 0 1 2551 392 977 490
13486 4 2 0 1 3084 3512 2333 3086
13487 4 2 0 1 3764 3672 1158 2109
13488 4 2 0 1 2433 2920 2432 666
13489 4 2 0 1 552 2433 2944 666
13490 4 2 0 1 552 2433 666 2920
13491 4 2 0 1 1896 1595 3862 2039
13492 4 2 0 1 3117 3519 3006 3063
13493 4 2 0 1 3117 3519 3063 1743
13494 4 2 0 1 3457 587 3674 677
13495 4 2 0 1 580 332 3602 608
13496 4 2 0 1 32 2967 1062 208
13497 4 2 0 1 2384 1109 1090 737
13498 4 2 0 1 1111 2485 3475 278
13499 4 2 0 1 2704 28 206 29
13500 4 2 0 1 3309 1894 2099 3861
13501 4 2 0 1 3457 587 677 1042
13502 4 2 0 1 1173 3324 2188 1353
13503 4 2 0 1 1929 1352 3755 2211
13504 4 2 0 1 2945 1460 2216 1643
13505 4 2 0 1 3742 2138 3320 1548
13506 4 2 0 1 2729 2658 688 2702
13507 4 2 0 1 2658 2412 688 2702
13508 4 2 0 1 3808 1313 3809 3810
13509 4 2 0 1 2728 2995 2361 3723
13510 4 2 0 1 3695 758 669 501
13511 4 2 0 1 2497 3564 2434 3472
13512 4 2 0 1 1870 1420 1417 3787
13513 4 2 0 1 499 3567 2907 502
13514 4 2 0 1 2496 213 215 464
13515 4 2 0 1 3565 216 368 978
13516 4 2 0 1 549 2378 1029 2376
13517 4 2 0 1 3184 3182 3509 3828
13518 4 2 0 1 3598 3594 2480 663
13519 4 2 0 1 2485 2494 278 2934
13520 4 2 0 1 686 549 1029 2376
13521 4 2 0 1 149 2348 147 1104
13522 4 2 0 1 2872 2595 2750 2706
13523 4 2 0 1 2729 769 886 485
13524 4 2 0 1 3668 2589 2656 3664
13525 4 2 0 1 1782 3018 3190 3019
13526 4 2 0 1 2639 2475 2478 2477
13527 4 2 0 1 1124 161 160 3666
13528 4 2 0 1 2639 2478 3598 2477
13529 4 2 0 1 2220 3911 1736 1735
13530 4 2 0 1 2649 2932 721 927
13531 4 2 0 1 2932 1151 721 927
13532 4 2 0 1 733 2726 855 2995
13533 4 2 0 1 3478 607 893 567
13534 4 2 0 1 2726 855 2995 2547
13535 4 2 0 1 2726 732 855 200
13536 4 2 0 1 2868 3766 3871 2869
13537 4 2 0 1 371 3629 373 3631
13538 4 2 0 1 1782 3018 3019 1804
13539 4 2 0 1 3169 3828 3184 3057
13540 4 2 0 1 3567 2505 2907 2985
13541 4 2 0 1 2754 2427 3482 2360
13542 4 2 0 1 3166 3852 1271 3164
13543 4 2 0 1 1961 3169 3180 3831
13544 4 2 0 1 13 2604 14 80
13545 4 2 0 1 744 2664 743 80
13546 4 2 0 1 1775 15 14 2560
13547 4 2 0 1 2596 2948 823 2597
13548 4 2 0 1 3691 3601 2644 2643
13549 4 2 0 1 318 3707 938 2597
13550 4 2 0 1 2927 3461 3393 2290
13551 4 2 0 1 3861 3852 3164 1865
13552 4 2 0 1 2990 2440 2439 2991
13553 4 2 0 1 2965 1011 616 1043
13554 4 2 0 1 3393 3770 2927 2290
13555 4 2 0 1 387 846 2590 385
13556 4 2 0 1 1085 2440 311 295
13557 4 2 0 1 2533 1099 784 699
13558 4 2 0 1 3393 3770 3378 3444
13559 4 2 0 1 2379 686 2376 522
13560 4 2 0 1 362 3731 344 765
13561 4 2 0 1 2649 2375 2376 545
13562 4 2 0 1 3393 3378 3770 2290
13563 4 2 0 1 284 2473 286 3591
13564 4 2 0 1 326 2544 288 2846
13565 4 2 0 1 2716 340 949 798
13566 4 2 0 1 340 2716 2600 798
13567 4 2 0 1 3393 3770 3444 2294
13568 4 2 0 1 2493 3592 2566 3604
13569 4 2 0 1 3764 3258 1780 2607
13570 4 2 0 1 340 2600 339 798
13571 4 2 0 1 3132 3176 3131 3859
13572 4 2 0 1 2600 342 339 798
13573 4 2 0 1 810 2979 1143 809
13574 4 2 0 1 820 3632 3633 2542
13575 4 2 0 1 3131 1528 1526 1570
13576 4 2 0 1 3213 2560 2561 3636
13577 4 2 0 1 894 2542 820 1059
13578 4 2 0 1 3174 3207 3855 3854
13579 4 2 0 1 2542 374 894 820
13580 4 2 0 1 3825 3300 3073 3826
13581 4 2 0 1 3290 843 2419 84
13582 4 2 0 1 820 3632 2542 374
13583 4 2 0 1 3808 1304 1303 1302
13584 4 2 0 1 54 2833 91 831
13585 4 2 0 1 3851 3207 3171 3168
13586 4 2 0 1 3811 1868 3187 1867
13587 4 2 0 1 1750 1749 3811 3041
13588 4 2 0 1 1754 3811 1752 1753
13589 4 2 0 1 3764 1778 1158 2606
13590 4 2 0 1 1717 1552 1716 3266
13591 4 2 0 1 2833 588 91 831
13592 4 2 0 1 2320 3198 3636 3635
13593 4 2 0 1 2900 3107 3053 2853
13594 4 2 0 1 1003 588 2833 831
13595 4 2 0 1 3805 3035 3256 1565
13596 4 2 0 1 3162 3851 3021 3161
13597 4 2 0 1 2987 38 842 39
13598 4 2 0 1 2911 2279 3431 2400
13599 4 2 0 1 2986 3291 3290 2419
13600 4 2 0 1 904 38 842 2987
13601 4 2 0 1 610 2975 1037 1015
13602 4 2 0 1 2620 117 3676 2617
13603 4 2 0 1 2080 2 2186 3322
13604 4 2 0 1 2992 2 3322 1
13605 4 2 0 1 3855 3168 3171 3207
13606 4 2 0 1 3854 3855 3171 3207
13607 4 2 0 1 3688 515 516 517
13608 4 2 0 1 818 428 610 2857
13609 4 2 0 1 1780 3646 2607 3258
13610 4 2 0 1 2926 3431 2279 2400
13611 4 2 0 1 3521 2322 2347 3522
13612 4 2 0 1 3521 2958 2957 2363
13613 4 2 0 1 3589 925 924 83
13614 4 2 0 1 3296 34 1611 1169
13615 4 2 0 1 3368 2701 2746 2749
13616 4 2 0 1 3296 2367 2923 2388
13617 4 2 0 1 3120 3121 1826 3852
13618 4 2 0 1 2967 1745 2388 2387
13619 4 2 0 1 972 45 46 2946
13620 4 2 0 1 2433 2422 2943 2444
13621 4 2 0 1 2920 552 355 666
13622 4 2 0 1 2947 2259 2598 3400
13623 4 2 0 1 3742 2789 2786 1872
13624 4 2 0 1 1553 1547 2786 3743
13625 4 2 0 1 2786 3320 2784 2785
13626 4 2 0 1 3194 3313 3745 3748
13627 4 2 0 1 352 2696 845 297
13628 4 2 0 1 2572 3283 105 106
13629 4 2 0 1 352 2696 297 2678
13630 4 2 0 1 2622 1680 3295 2912
13631 4 2 0 1 352 565 845 3698
13632 4 2 0 1 565 3698 864 845
13633 4 2 0 1 290 3706 293 1150
13634 4 2 0 1 956 2974 845 864
13635 4 2 0 1 2302 2386 2385 2663
13636 4 2 0 1 118 3676 941 116
13637 4 2 0 1 12 2014 2603 11
13638 4 2 0 1 3455 2668 2865 2665
13639 4 2 0 1 2988 857 856 90
13640 4 2 0 1 2878 59 995 60
13641 4 2 0 1 3767 3766 2868 2869
13642 4 2 0 1 3865 3096 3228 3204
13643 4 2 0 1 1608 2251 3155 3317
13644 4 2 0 1 3731 798 2600 2716
13645 4 2 0 1 362 791 2717 765
13646 4 2 0 1 3731 2716 2720 2717
13647 4 2 0 1 3869 2334 3239 3159
13648 4 2 0 1 1608 2251 1989 3155
13649 4 2 0 1 2709 1115 21 20
13650 4 2 0 1 2875 150 149 148
13651 4 2 0 1 2102 3256 1890 1582
13652 4 2 0 1 3351 3383 3634 3408
13653 4 2 0 1 3351 3634 3383 3358
13654 4 2 0 1 2802 3634 3383 3408
13655 4 2 0 1 1096 782 3561 2658
13656 4 2 0 1 2811 3676 2618 2620
13657 4 2 0 1 920 2888 615 126
13658 4 2 0 1 1787 3250 1856 3240
13659 4 2 0 1 1563 1787 1856 3240
13660 4 2 0 1 3704 1927 1342 1926
13661 4 2 0 1 2881 1057 676 901
13662 4 2 0 1 934 2620 677 1128
13663 4 2 0 1 3704 2694 1342 3249
13664 4 2 0 1 2463 3383 3634 3358
13665 4 2 0 1 367 354 366 2706
13666 4 2 0 1 383 2590 907 508
13667 4 2 0 1 3676 656 941 834
13668 4 2 0 1 365 2678 325 328
13669 4 2 0 1 3150 3248 3111 3051
13670 4 2 0 1 2765 1081 2411 741
13671 4 2 0 1 191 194 3560 789
13672 4 2 0 1 2389 3568 556 952
13673 4 2 0 1 3568 2390 2441 2389
13674 4 2 0 1 2629 2638 3686 3687
13675 4 2 0 1 2411 813 487 814
13676 4 2 0 1 3632 2940 3633 2541
13677 4 2 0 1 195 200 2414 197
13678 4 2 0 1 3866 3647 3189 3869
13679 4 2 0 1 169 2995 806 3724
13680 4 2 0 1 2723 2570 3652 3654
13681 4 2 0 1 1643 1897 2449 2225
13682 4 2 0 1 2986 3291 2416 3290
13683 4 2 0 1 640 2984 3565 218
13684 4 2 0 1 1305 3921 2183 1306
13685 4 2 0 1 2434 3565 2428 2984
13686 4 2 0 1 2678 327 325 328
13687 4 2 0 1 3544 2578 2576 3432
13688 4 2 0 1 249 983 251 2681
13689 4 2 0 1 31 2387 1664 32
13690 4 2 0 1 3515 3220 3174 2337
13691 4 2 0 1 243 2939 247 248
13692 4 2 0 1 371 3629 3631 2443
13693 4 2 0 1 3643 3150 3263 3111
13694 4 2 0 1 2751 2307 3678 2724
13695 4 2 0 1 3643 3257 2557 3262
13696 4 2 0 1 2990 2436 2439 2955
13697 4 2 0 1 722 3528 267 723
13698 4 2 0 1 3643 3257 3149 3051
13699 4 2 0 1 2343 3885 2823 3884
13700 4 2 0 1 2758 2576 2578 3432
13701 4 2 0 1 3885 2826 2343 2823
13702 4 2 0 1 298 2678 297 266
13703 4 2 0 1 2678 2706 838 324
13704 4 2 0 1 3261 1486 3112 3294
13705 4 2 0 1 1002 356 2949 1139
13706 4 2 0 1 3698 2974 864 845
13707 4 2 0 1 737 3609 207 2385
13708 4 2 0 1 1094 2946 82 49
13709 4 2 0 1 3261 3112 1486 3839
13710 4 2 0 1 3473 269 272 273
13711 4 2 0 1 837 3609 207 737
13712 4 2 0 1 2470 3383 2463 3358
13713 4 2 0 1 2471 2544 2462 2802
13714 4 2 0 1 3634 2315 2462 2463
13715 4 2 0 1 2315 2463 2472 2462
13716 4 2 0 1 3825 1663 1662 3300
13717 4 2 0 1 3825 1662 1663 1811
13718 4 2 0 1 371 258 883 2443
13719 4 2 0 1 3292 2826 2823 2824
13720 4 2 0 1 3220 3219 3010 3854
13721 4 2 0 1 2935 307 300 828
13722 4 2 0 1 2670 2378 1029 2533
13723 4 2 0 1 320 3709 318 321
13724 4 2 0 1 3580 2518 2519 3581
13725 4 2 0 1 3139 3142 3504 3084
13726 4 2 0 1 2907 669 3695 758
13727 4 2 0 1 737 1090 2966 729
13728 4 2 0 1 695 942 1006 2677
13729 4 2 0 1 2283 3456 3458 2996
13730 4 2 0 1 2551 2599 2969 731
13731 4 2 0 1 2996 942 2880 375
13732 4 2 0 1 2283 3731 347 3459
13733 4 2 0 1 2387 3534 2365 2704
13734 4 2 0 1 574 2706 418 890
13735 4 2 0 1 3206 3854 3162 2346
13736 4 2 0 1 786 2678 704 327
13737 4 2 0 1 962 2995 1040 680
13738 4 2 0 1 2417 2823 2826 2824
13739 4 2 0 1 1143 2979 1086 2980
13740 4 2 0 1 2678 2706 2679 2884
13741 4 2 0 1 2392 360 3700 2524
13742 4 2 0 1 3697 434 437 749
13743 4 2 0 1 2706 2678 838 365
13744 4 2 0 1 2678 298 786 266
13745 4 2 0 1 945 2706 838 365
13746 4 2 0 1 252 2696 2289 251
13747 4 2 0 1 2706 890 945 838
13748 4 2 0 1 3854 3786 3162 3209
13749 4 2 0 1 2551 392 2549 2948
13750 4 2 0 1 348 334 2948 361
13751 4 2 0 1 3162 3012 3206 2346
13752 4 2 0 1 3513 3500 3515 3326
13753 4 2 0 1 849 2549 915 889
13754 4 2 0 1 2549 915 2887 443
13755 4 2 0 1 804 805 1100 2389
13756 4 2 0 1 2351 2763 3668 2765
13757 4 2 0 1 2392 780 3700 394
13758 4 2 0 1 2417 2823 2824 2287
13759 4 2 0 1 2489 3697 3696 2762
13760 4 2 0 1 2403 2404 3720 3721
13761 4 2 0 1 915 2548 866 889
13762 4 2 0 1 915 2548 889 2549
13763 4 2 0 1 1419 3919 3787 3013
13764 4 2 0 1 2950 4 1171 3
13765 4 2 0 1 2821 2362 2548 2271
13766 4 2 0 1 258 2443 259 256
13767 4 2 0 1 411 414 2895 409
13768 4 2 0 1 3208 3864 2838 3128
13769 4 2 0 1 2737 414 409 2895
13770 4 2 0 1 796 414 409 2737
13771 4 2 0 1 1101 2967 1062 669
13772 4 2 0 1 2407 3575 3323 3452
13773 4 2 0 1 1340 2756 3271 62
13774 4 2 0 1 2963 62 3271 2756
13775 4 2 0 1 1224 1757 3280 2165
13776 4 2 0 1 1223 1222 1224 3318
13777 4 2 0 1 3142 3139 3504 3244
13778 4 2 0 1 1757 3333 3280 2165
13779 4 2 0 1 274 3473 272 273
13780 4 2 0 1 158 1014 1084 2477
13781 4 2 0 1 434 3696 2481 436
13782 4 2 0 1 3488 3244 3506 3490
13783 4 2 0 1 1232 3218 2165 3318
13784 4 2 0 1 3235 2280 3234 3236
13785 4 2 0 1 2080 2950 1171 3
13786 4 2 0 1 3318 3829 3173 3191
13787 4 2 0 1 696 2677 774 694
13788 4 2 0 1 2080 2950 3 2
13789 4 2 0 1 2 2950 3 453
13790 4 2 0 1 2975 2925 3578 1015
13791 4 2 0 1 696 2282 2677 2797
13792 4 2 0 1 3245 2943 2051 2422
13793 4 2 0 1 698 2614 2996 1095
13794 4 2 0 1 1024 2522 1072 659
13795 4 2 0 1 2522 659 1091 1072
13796 4 2 0 1 3454 2667 3455 2715
13797 4 2 0 1 2517 461 763 2559
13798 4 2 0 1 2666 2715 3455 2667
13799 4 2 0 1 2889 2883 2926 3765
13800 4 2 0 1 2493 2490 2495 3604
13801 4 2 0 1 3508 3506 3244 3490
13802 4 2 0 1 2645 2760 3696 2484
13803 4 2 0 1 2677 1145 2996 1095
13804 4 2 0 1 3386 2256 3378 3470
13805 4 2 0 1 2480 2750 2481 3593
13806 4 2 0 1 2282 973 2614 3457
13807 4 2 0 1 3930 1970 1971 1661
13808 4 2 0 1 3510 3433 3498 3288
13809 4 2 0 1 1101 3695 669 501
13810 4 2 0 1 3016 3095 3093 1686
13811 4 2 0 1 3002 3000 3779 3778
13812 4 2 0 1 3002 3000 3778 3117
13813 4 2 0 1 3569 381 382 2435
13814 4 2 0 1 2102 2127 1890 3256
13815 4 2 0 1 648 3568 313 2435
13816 4 2 0 1 345 381 383 2435
13817 4 2 0 1 3720 2404 2717 3721
13818 4 2 0 1 942 2880 350 391
13819 4 2 0 1 519 398 2882 462
13820 4 2 0 1 2717 3720 3721 3722
13821 4 2 0 1 524 980 3889 526
13822 4 2 0 1 528 3889 526 2376
13823 4 2 0 1 3906 533 530 532
13824 4 2 0 1 227 228 2949 229
13825 4 2 0 1 3633 540 538 966
13826 4 2 0 1 1011 2965 616 992
13827 4 2 0 1 2946 552 1094 82
13828 4 2 0 1 1628 3919 3278 3787
13829 4 2 0 1 2002 2114 2514 1172
13830 4 2 0 1 2620 114 2654 3676
13831 4 2 0 1 811 2459 971 934
13832 4 2 0 1 1002 2979 1086 1139
13833 4 2 0 1 3164 3098 3861 3200
13834 4 2 0 1 2515 770 825 1150
13835 4 2 0 1 3123 3160 3179 3451
13836 4 2 0 1 928 563 2489 750
13837 4 2 0 1 3594 1014 158 2477
13838 4 2 0 1 2114 3616 2514 1172
13839 4 2 0 1 2475 948 3593 2477
13840 4 2 0 1 156 2639 2477 3666
13841 4 2 0 1 423 421 3569 2413
13842 4 2 0 1 183 872 3664 2656
13843 4 2 0 1 2609 2222 1161 1972
13844 4 2 0 1 565 794 795 3698
13845 4 2 0 1 586 3610 1138 748
13846 4 2 0 1 1706 2609 1161 1972
13847 4 2 0 1 584 837 3609 589
13848 4 2 0 1 2766 2641 589 2467
13849 4 2 0 1 1953 3303 2136 2201
13850 4 2 0 1 1627 3831 3205 1961
13851 4 2 0 1 2288 3467 2871 2498
13852 4 2 0 1 3616 2111 2112 2636
13853 4 2 0 1 585 584 2768 589
13854 4 2 0 1 2467 2641 589 2768
13855 4 2 0 1 865 689 996 2766
13856 4 2 0 1 2385 3609 207 996
13857 4 2 0 1 2471 595 701 596
13858 4 2 0 1 510 3581 512 380
13859 4 2 0 1 2648 2820 3690 2298
13860 4 2 0 1 3592 2471 3650 767
13861 4 2 0 1 3616 2111 2636 2514
13862 4 2 0 1 3616 2113 2112 1172
13863 4 2 0 1 1627 3205 3831 3087
13864 4 2 0 1 2544 288 3650 767
13865 4 2 0 1 3794 1195 2025 3341
13866 4 2 0 1 2539 2273 3420 3407
13867 4 2 0 1 1961 3169 3831 3205
13868 4 2 0 1 2937 3423 2757 3425
13869 4 2 0 1 2391 2528 2303 2442
13870 4 2 0 1 3852 2106 1271 1865
13871 4 2 0 1 2520 476 665 474
13872 4 2 0 1 3169 3831 3205 3087
13873 4 2 0 1 2555 2865 2815 2669
13874 4 2 0 1 2519 2714 2521 3436
13875 4 2 0 1 2988 2613 2664 857
13876 4 2 0 1 2372 3200 3164 3862
13877 4 2 0 1 476 2669 475 474
13878 4 2 0 1 3711 2551 2597 3710
13879 4 2 0 1 3815 1203 1205 2230
13880 4 2 0 1 3793 1619 1210 3816
13881 4 2 0 1 3081 1211 3080 1213
13882 4 2 0 1 3815 1203 1204 1205
13883 4 2 0 1 761 1016 3566 605
13884 4 2 0 1 2913 1746 1747 3233
13885 4 2 0 1 1319 3779 1268 1324
13886 4 2 0 1 2634 3567 3566 2431
13887 4 2 0 1 2620 3457 2617 2618
13888 4 2 0 1 3019 1319 3779 1820
13889 4 2 0 1 2734 651 812 860
13890 4 2 0 1 458 873 651 2873
13891 4 2 0 1 2193 1206 1619 3816
13892 4 2 0 1 3814 3812 1246 1912
13893 4 2 0 1 2201 1679 3303 2136
13894 4 2 0 1 3334 3223 3004 3064
13895 4 2 0 1 967 3590 2972 3589
13896 4 2 0 1 2473 2847 2487 3604
13897 4 2 0 1 3584 3582 3585 2731
13898 4 2 0 1 3010 1603 1757 2033
13899 4 2 0 1 1738 3786 3009 2033
13900 4 2 0 1 2379 686 522 684
13901 4 2 0 1 3270 102 2379 480
13902 4 2 0 1 2375 3540 3537 2268
13903 4 2 0 1 3786 1628 1604 3278
13904 4 2 0 1 3219 3172 3318 3167
13905 4 2 0 1 615 694 613 2888
13906 4 2 0 1 3167 3172 3318 3173
13907 4 2 0 1 2660 2626 2627 2353
13908 4 2 0 1 2389 387 388 399
13909 4 2 0 1 244 1052 781 2951
13910 4 2 0 1 1246 3812 3061 3325
13911 4 2 0 1 1189 3814 1246 1912
13912 4 2 0 1 986 832 2983 1132
13913 4 2 0 1 3166 1269 1270 1256
13914 4 2 0 1 3020 3061 3325 1881
13915 4 2 0 1 1083 2951 781 710
13916 4 2 0 1 346 391 3459 878
13917 4 2 0 1 2373 1354 3325 1609
13918 4 2 0 1 1145 774 2677 942
13919 4 2 0 1 1354 1610 3325 1609
13920 4 2 0 1 2045 1881 3325 2242
13921 4 2 0 1 3162 1870 3163 2060
13922 4 2 0 1 2501 494 493 492
13923 4 2 0 1 2501 494 725 495
13924 4 2 0 1 3074 1960 1262 1260
13925 4 2 0 1 49 1177 50 2943
13926 4 2 0 1 364 2479 402 401
13927 4 2 0 1 2451 1130 666 2432
13928 4 2 0 1 2045 3020 3325 1881
13929 4 2 0 1 3707 3709 3708 2597
13930 4 2 0 1 3451 3111 3551 3251
13931 4 2 0 1 1259 1261 1260 3782
13932 4 2 0 1 2760 3760 2645 3696
13933 4 2 0 1 2982 291 2489 974
13934 4 2 0 1 3605 2494 2934 2489
13935 4 2 0 1 3039 3045 3809 3046
13936 4 2 0 1 2967 3695 2384 2386
13937 4 2 0 1 3712 491 3681 2300
13938 4 2 0 1 1097 2848 1152 174
13939 4 2 0 1 3712 263 2289 3681
13940 4 2 0 1 1258 1259 1260 3782
13941 4 2 0 1 2987 2986 842 94
13942 4 2 0 1 213 2772 212 211
13943 4 2 0 1 2985 844 94 905
13944 4 2 0 1 3840 3145 2396 3123
13945 4 2 0 1 904 2987 842 94
13946 4 2 0 1 1863 2416 2908 2828
13947 4 2 0 1 3536 1271 3164 3166
13948 4 2 0 1 1894 1720 3861 1865
13949 4 2 0 1 586 3610 748 582
13950 4 2 0 1 3861 1720 3852 1865
13951 4 2 0 1 3164 3120 2344 3166
13952 4 2 0 1 3166 1701 1256 1271
13953 4 2 0 1 268 3712 264 269
13954 4 2 0 1 365 1110 2884 328
13955 4 2 0 1 2872 574 575 638
13956 4 2 0 1 3840 3145 3123 3110
13957 4 2 0 1 1338 3121 1326 1325
13958 4 2 0 1 3049 3046 3048 3051
13959 4 2 0 1 3049 3046 3051 2610
13960 4 2 0 1 112 2513 1141 110
13961 4 2 0 1 931 2744 203 816
13962 4 2 0 1 2744 931 2508 560
13963 4 2 0 1 3032 3029 3859 3131
13964 4 2 0 1 585 3607 2768 583
13965 4 2 0 1 2766 639 827 924
13966 4 2 0 1 2396 3248 3111 3263
13967 4 2 0 1 3643 3251 3551 3111
13968 4 2 0 1 3643 3263 3251 3111
13969 4 2 0 1 924 2364 2465 2347
13970 4 2 0 1 1199 2245 1197 3341
13971 4 2 0 1 3341 1198 1196 1197
13972 4 2 0 1 2679 2872 2706 2595
13973 4 2 0 1 358 2884 328 3700
13974 4 2 0 1 3284 2172 1947 1315
13975 4 2 0 1 2130 3284 1947 1315
13976 4 2 0 1 2361 3729 2729 3728
13977 4 2 0 1 3032 1527 1528 1529
13978 4 2 0 1 3018 3860 3192 3827
13979 4 2 0 1 3192 3793 3018 3827
13980 4 2 0 1 3930 2213 1971 3785
13981 4 2 0 1 2835 3465 3464 2849
13982 4 2 0 1 554 2639 156 3666
13983 4 2 0 1 799 2474 1124 3666
13984 4 2 0 1 173 3664 3667 2587
13985 4 2 0 1 2592 2474 2475 3666
13986 4 2 0 1 148 2875 850 171
13987 4 2 0 1 170 3666 871 1000
13988 4 2 0 1 301 2951 832 2983
13989 4 2 0 1 155 156 2477 157
13990 4 2 0 1 1052 2392 882 479
13991 4 2 0 1 909 2390 396 479
13992 4 2 0 1 2939 242 2951 243
13993 4 2 0 1 3930 2213 1861 1971
13994 4 2 0 1 1130 2920 355 666
13995 4 2 0 1 1200 3341 1199 1198
13996 4 2 0 1 738 3478 1025 753
13997 4 2 0 1 3341 1202 1869 1322
13998 4 2 0 1 3147 3145 2397 3143
13999 4 2 0 1 3438 2938 3420 2724
14000 4 2 0 1 2825 2505 2503 2985
14001 4 2 0 1 2986 2987 842 39
14002 4 2 0 1 2987 2985 94 905
14003 4 2 0 1 2503 2825 2985 2506
14004 4 2 0 1 3891 1361 1337 1612
14005 4 2 0 1 1126 835 1098 2596
14006 4 2 0 1 1817 3891 1612 2161
14007 4 2 0 1 849 2549 454 915
14008 4 2 0 1 3341 1203 1202 1204
14009 4 2 0 1 142 2729 140 141
14010 4 2 0 1 832 2951 301 1083
14011 4 2 0 1 2596 2549 443 2948
14012 4 2 0 1 3344 3373 3398 3402
14013 4 2 0 1 3881 3411 3405 3346
14014 4 2 0 1 3321 26 1352 25
14015 4 2 0 1 979 827 3532 204
14016 4 2 0 1 827 3524 926 979
14017 4 2 0 1 3842 3119 3191 3115
14018 4 2 0 1 1586 1727 1678 3334
14019 4 2 0 1 3404 3881 3405 3346
14020 4 2 0 1 2999 2252 1359 2049
14021 4 2 0 1 3191 3119 3842 3217
14022 4 2 0 1 2626 2353 2623 2627
14023 4 2 0 1 2999 1944 2057 1359
14024 4 2 0 1 1944 2999 2252 1359
14025 4 2 0 1 1368 3836 1370 1367
14026 4 2 0 1 3145 3113 2397 3143
14027 4 2 0 1 2875 885 1131 165
14028 4 2 0 1 170 161 3667 3666
14029 4 2 0 1 2515 3707 3708 3706
14030 4 2 0 1 2352 2623 2353 2627
14031 4 2 0 1 1819 2202 2423 2068
14032 4 2 0 1 159 161 170 3666
14033 4 2 0 1 2848 2526 779 2590
14034 4 2 0 1 606 3569 424 422
14035 4 2 0 1 1142 2935 2991 300
14036 4 2 0 1 2668 2516 2665 2664
14037 4 2 0 1 1187 1912 3814 1189
14038 4 2 0 1 3223 1727 1678 2085
14039 4 2 0 1 92 2944 1021 2917
14040 4 2 0 1 2944 3573 2446 92
14041 4 2 0 1 3223 1678 1727 3334
14042 4 2 0 1 2736 2451 2737 796
14043 4 2 0 1 3365 3354 3357 2711
14044 4 2 0 1 2771 3686 3563 2727
14045 4 2 0 1 2965 576 992 668
14046 4 2 0 1 551 929 3687 756
14047 4 2 0 1 3573 981 588 1003
14048 4 2 0 1 2447 3573 2446 3572
14049 4 2 0 1 3573 740 1038 981
14050 4 2 0 1 1800 1795 2249 2449
14051 4 2 0 1 2066 1595 3332 1173
14052 4 2 0 1 3613 2458 2510 2512
14053 4 2 0 1 3903 2997 1389 1392
14054 4 2 0 1 2438 271 270 261
14055 4 2 0 1 2639 2475 2477 3666
14056 4 2 0 1 1014 157 1084 2477
14057 4 2 0 1 3478 738 257 753
14058 4 2 0 1 3478 2352 2307 3725
14059 4 2 0 1 2770 2157 1769 1923
14060 4 2 0 1 3423 2937 2317 3425
14061 4 2 0 1 1844 3903 2137 2185
14062 4 2 0 1 2889 3765 2510 2856
14063 4 2 0 1 3365 3349 3354 2711
14064 4 2 0 1 2925 2747 2722 2460
14065 4 2 0 1 2925 2747 2460 3577
14066 4 2 0 1 780 3699 3700 379
14067 4 2 0 1 2321 2896 3737 3517
14068 4 2 0 1 1412 3934 1413 1414
14069 4 2 0 1 807 2884 2524 3623
14070 4 2 0 1 2474 719 643 1036
14071 4 2 0 1 2496 464 1017 2426
14072 4 2 0 1 1068 690 2426 800
14073 4 2 0 1 1628 3924 3787 2013
14074 4 2 0 1 637 2426 2920 2432
14075 4 2 0 1 3568 648 313 468
14076 4 2 0 1 803 2389 388 399
14077 4 2 0 1 2013 1424 3924 3934
14078 4 2 0 1 265 266 2696 251
14079 4 2 0 1 2872 799 575 948
14080 4 2 0 1 1415 3924 1416 1414
14081 4 2 0 1 3824 3071 3785 3011
14082 4 2 0 1 1069 846 847 2590
14083 4 2 0 1 2526 2848 3527 2590
14084 4 2 0 1 3072 3824 2024 1425
14085 4 2 0 1 1432 3072 2024 1425
14086 4 2 0 1 3824 1431 2024 1425
14087 4 2 0 1 2939 242 243 247
14088 4 2 0 1 2392 1052 882 1080
14089 4 2 0 1 1052 2392 2952 1080
14090 4 2 0 1 1075 3477 2978 248
14091 4 2 0 1 248 452 243 2978
14092 4 2 0 1 736 2522 336 1091
14093 4 2 0 1 3824 1421 1431 1425
14094 4 2 0 1 342 341 2600 339
14095 4 2 0 1 337 338 339 2600
14096 4 2 0 1 2308 3749 2873 2892
14097 4 2 0 1 3737 2896 2321 2782
14098 4 2 0 1 3824 1421 1425 3011
14099 4 2 0 1 3751 2648 3750 2806
14100 4 2 0 1 2739 991 812 836
14101 4 2 0 1 2734 2687 775 2873
14102 4 2 0 1 2782 3737 2781 3363
14103 4 2 0 1 200 1077 2547 3652
14104 4 2 0 1 3632 2940 2541 2570
14105 4 2 0 1 3691 3750 2648 2806
14106 4 2 0 1 3387 2799 3380 3394
14107 4 2 0 1 1050 719 671 2526
14108 4 2 0 1 1448 3017 1400 1447
14109 4 2 0 1 3864 3844 3225 3255
14110 4 2 0 1 697 3598 178 998
14111 4 2 0 1 3387 2799 3394 3407
14112 4 2 0 1 1456 3140 1459 1458
14113 4 2 0 1 1512 1915 3274 2209
14114 4 2 0 1 287 285 801 2487
14115 4 2 0 1 969 750 974 3697
14116 4 2 0 1 3338 3661 2692 2757
14117 4 2 0 1 2692 3661 3338 2792
14118 4 2 0 1 3702 2686 2689 2860
14119 4 2 0 1 2989 7 734 1103
14120 4 2 0 1 1618 3243 1920 2132
14121 4 2 0 1 1899 2119 3243 1561
14122 4 2 0 1 2692 3425 3338 2757
14123 4 2 0 1 1181 3718 3715 1179
14124 4 2 0 1 2133 1167 2134 3197
14125 4 2 0 1 2133 1167 3197 1180
14126 4 2 0 1 1115 2709 1044 514
14127 4 2 0 1 2970 2936 2731 1009
14128 4 2 0 1 3814 3298 3317 1191
14129 4 2 0 1 1596 2900 1500 1502
14130 4 2 0 1 1188 1207 3297 1186
14131 4 2 0 1 2692 3338 3355 2792
14132 4 2 0 1 3019 1880 3795 1878
14133 4 2 0 1 2678 3769 2679 2706
14134 4 2 0 1 3896 1201 1821 2140
14135 4 2 0 1 3291 2908 2416 2828
14136 4 2 0 1 2267 2581 3663 3424
14137 4 2 0 1 1627 3087 2189 3205
14138 4 2 0 1 3828 2335 3080 3158
14139 4 2 0 1 3829 1220 3218 1961
14140 4 2 0 1 1754 3310 2195 1513
14141 4 2 0 1 1885 1212 3190 3827
14142 4 2 0 1 3829 3167 3318 3173
14143 4 2 0 1 1754 3310 1513 2003
14144 4 2 0 1 3081 1211 1213 1214
14145 4 2 0 1 3777 1228 3783 1702
14146 4 2 0 1 1754 3310 2003 3287
14147 4 2 0 1 1233 1761 3000 2161
14148 4 2 0 1 1228 1225 3783 1702
14149 4 2 0 1 2821 3751 2643 3374
14150 4 2 0 1 1741 3117 3778 3000
14151 4 2 0 1 3609 1138 1109 586
14152 4 2 0 1 3064 1259 3223 3782
14153 4 2 0 1 3923 1233 1231 3777
14154 4 2 0 1 3777 1242 1241 1243
14155 4 2 0 1 2147 1223 3116 3842
14156 4 2 0 1 3902 1764 3028 3804
14157 4 2 0 1 2718 3431 2400 3435
14158 4 2 0 1 1239 3897 3776 3923
14159 4 2 0 1 3537 2854 3656 2575
14160 4 2 0 1 1250 3780 1248 1251
14161 4 2 0 1 837 3609 1109 586
14162 4 2 0 1 2643 3374 2648 2646
14163 4 2 0 1 1256 1270 3166 1271
14164 4 2 0 1 3537 2854 2575 2375
14165 4 2 0 1 1783 3842 1782 1267
14166 4 2 0 1 3217 3860 3055 3061
14167 4 2 0 1 1220 3829 1219 1215
14168 4 2 0 1 3537 2854 2375 2653
14169 4 2 0 1 1267 1223 2147 3842
14170 4 2 0 1 3751 2648 3374 3384
14171 4 2 0 1 2811 2854 3656 3537
14172 4 2 0 1 3025 3130 3743 1546
14173 4 2 0 1 1553 3130 1917 1546
14174 4 2 0 1 3130 1553 3743 1546
14175 4 2 0 1 1759 2770 2796 1923
14176 4 2 0 1 1736 3805 2220 1825
14177 4 2 0 1 1825 3804 2010 1736
14178 4 2 0 1 1583 3806 3153 3154
14179 4 2 0 1 3803 3799 3804 3802
14180 4 2 0 1 1349 1809 3802 1886
14181 4 2 0 1 2692 2581 3661 3660
14182 4 2 0 1 1685 1684 1788 3256
14183 4 2 0 1 1372 1908 3807 1373
14184 4 2 0 1 3857 3858 3048 3801
14185 4 2 0 1 1313 1372 3807 1373
14186 4 2 0 1 2712 3719 3395 3875
14187 4 2 0 1 2947 3719 3395 3400
14188 4 2 0 1 2251 2246 1989 3297
14189 4 2 0 1 3805 3911 1287 1289
14190 4 2 0 1 1736 3805 1825 3804
14191 4 2 0 1 2712 3400 3395 3719
14192 4 2 0 1 3711 2699 2874 3400
14193 4 2 0 1 2712 3400 3719 2698
14194 4 2 0 1 2714 2698 2874 2712
14195 4 2 0 1 1314 1305 2139 3284
14196 4 2 0 1 2712 3400 2698 2874
14197 4 2 0 1 1214 3158 1590 3082
14198 4 2 0 1 3061 3814 3192 3058
14199 4 2 0 1 3033 3830 3082 3034
14200 4 2 0 1 3033 3082 1591 1590
14201 4 2 0 1 2516 2607 2603 2604
14202 4 2 0 1 2329 3354 3649 2711
14203 4 2 0 1 826 15 2552 2560
14204 4 2 0 1 1552 3299 2044 3276
14205 4 2 0 1 1741 3778 1250 2016
14206 4 2 0 1 3164 3536 3166 2372
14207 4 2 0 1 3019 1783 2020 1820
14208 4 2 0 1 3894 2311 3890 932
14209 4 2 0 1 1319 3925 1877 1321
14210 4 2 0 1 3387 3404 3405 3402
14211 4 2 0 1 2520 2523 2521 2522
14212 4 2 0 1 3833 1979 1960 2041
14213 4 2 0 1 3282 3217 3020 3061
14214 4 2 0 1 3877 3384 3402 3386
14215 4 2 0 1 1550 3087 1626 1934
14216 4 2 0 1 3836 3485 3104 3735
14217 4 2 0 1 3875 3396 2260 3373
14218 4 2 0 1 2183 3921 1305 1307
14219 4 2 0 1 3671 2664 2613 3455
14220 4 2 0 1 1377 3774 3775 1378
14221 4 2 0 1 1993 3946 1580 3928
14222 4 2 0 1 3774 1393 1378 1380
14223 4 2 0 1 1376 1377 3775 1378
14224 4 2 0 1 3900 1675 3800 1874
14225 4 2 0 1 1386 3781 3774 3832
14226 4 2 0 1 1468 1470 1469 3143
14227 4 2 0 1 3147 3144 3093 3211
14228 4 2 0 1 3094 3091 1906 3849
14229 4 2 0 1 3756 3755 3535 1645
14230 4 2 0 1 1860 1404 1407 3798
14231 4 2 0 1 3022 1726 1399 2122
14232 4 2 0 1 3015 3899 1394 3788
14233 4 2 0 1 2899 1645 1824 2082
14234 4 2 0 1 2899 3756 3535 1645
14235 4 2 0 1 3022 1436 3202 2122
14236 4 2 0 1 1407 1860 3798 2048
14237 4 2 0 1 3162 3851 3161 3207
14238 4 2 0 1 2879 2377 2670 3410
14239 4 2 0 1 3837 1592 3240 1574
14240 4 2 0 1 620 2613 2664 3455
14241 4 2 0 1 851 2675 3595 3697
14242 4 2 0 1 1445 1434 1433 3078
14243 4 2 0 1 3104 3837 3838 3079
14244 4 2 0 1 1643 1445 1950 2450
14245 4 2 0 1 1887 5 2405 2605
14246 4 2 0 1 3797 3125 3023 1551
14247 4 2 0 1 2769 2407 2399 2405
14248 4 2 0 1 1832 2112 3295 2913
14249 4 2 0 1 1402 1404 3895 1403
14250 4 2 0 1 1171 3237 1667 1769
14251 4 2 0 1 3311 2176 1343 2053
14252 4 2 0 1 1940 3849 1490 1468
14253 4 2 0 1 2877 2779 3728 2829
14254 4 2 0 1 1847 3094 1940 1925
14255 4 2 0 1 3090 2998 3066 3067
14256 4 2 0 1 2755 2662 2357 2291
14257 4 2 0 1 3124 3559 3146 3843
14258 4 2 0 1 2755 2357 2662 2358
14259 4 2 0 1 1476 1482 3331 3850
14260 4 2 0 1 1689 2036 3797 2035
14261 4 2 0 1 3791 2036 1689 1691
14262 4 2 0 1 1482 1476 3331 1483
14263 4 2 0 1 2396 3047 3108 3111
14264 4 2 0 1 1476 1482 3850 1474
14265 4 2 0 1 2396 3047 3201 3108
14266 4 2 0 1 3304 1496 1491 1488
14267 4 2 0 1 1474 1473 1472 3850
14268 4 2 0 1 3421 2581 2267 2583
14269 4 2 0 1 3233 2637 3685 3246
14270 4 2 0 1 749 563 3696 440
14271 4 2 0 1 3845 1440 3134 1952
14272 4 2 0 1 3125 2582 3017 3202
14273 4 2 0 1 3840 3123 2396 3839
14274 4 2 0 1 279 3475 278 277
14275 4 2 0 1 2609 2776 2608 2796
14276 4 2 0 1 2549 2551 2948 3670
14277 4 2 0 1 1486 3294 1542 3112
14278 4 2 0 1 3135 1700 1952 2052
14279 4 2 0 1 3845 1440 1952 1700
14280 4 2 0 1 2152 1964 2853 1714
14281 4 2 0 1 2610 3049 3040 3053
14282 4 2 0 1 3109 2900 3053 1504
14283 4 2 0 1 1511 1526 1964 3029
14284 4 2 0 1 3053 2900 1543 1504
14285 4 2 0 1 3801 3038 3040 3800
14286 4 2 0 1 2160 3040 2032 1980
14287 4 2 0 1 38 2416 1165 39
14288 4 2 0 1 3316 1845 2038 1846
14289 4 2 0 1 3614 2514 3615 3616
14290 4 2 0 1 279 2494 2930 2982
14291 4 2 0 1 2685 3421 2692 2267
14292 4 2 0 1 1632 3904 1709 1729
14293 4 2 0 1 3421 3661 3657 2757
14294 4 2 0 1 3764 1778 2606 2607
14295 4 2 0 1 2658 769 688 1096
14296 4 2 0 1 3176 3028 3029 3803
14297 4 2 0 1 3936 1297 1309 1895
14298 4 2 0 1 3031 1529 1532 1975
14299 4 2 0 1 1583 3806 3276 1538
14300 4 2 0 1 3421 3661 2757 2692
14301 4 2 0 1 1825 3031 1975 1564
14302 4 2 0 1 851 2930 2675 3697
14303 4 2 0 1 3841 3123 3840 3839
14304 4 2 0 1 3127 3130 1553 3743
14305 4 2 0 1 1926 1607 2791 2789
14306 4 2 0 1 1836 3161 2046 1917
14307 4 2 0 1 3457 117 916 2620
14308 4 2 0 1 1894 3309 2099 2239
14309 4 2 0 1 3804 1764 2171 2010
14310 4 2 0 1 3296 1611 2063 1169
14311 4 2 0 1 961 3894 2311 3483
14312 4 2 0 1 2010 3031 1825 1564
14313 4 2 0 1 1764 3804 1737 2010
14314 4 2 0 1 1577 1941 3684 1493
14315 4 2 0 1 3684 1541 1493 3246
14316 4 2 0 1 717 1034 2915 625
14317 4 2 0 1 3421 2581 2583 3661
14318 4 2 0 1 3124 1577 2218 1941
14319 4 2 0 1 3421 3661 2583 3657
14320 4 2 0 1 1575 2081 1670 3558
14321 4 2 0 1 1933 2923 3533 2924
14322 4 2 0 1 2199 3296 1611 2063
14323 4 2 0 1 2028 2043 1329 3776
14324 4 2 0 1 3296 2367 2388 2366
14325 4 2 0 1 2226 3004 1620 1889
14326 4 2 0 1 1889 1230 3004 1703
14327 4 2 0 1 3274 1512 2209 1494
14328 4 2 0 1 2743 2447 2824 2742
14329 4 2 0 1 1807 3274 1744 2209
14330 4 2 0 1 2972 3590 3588 3589
14331 4 2 0 1 2418 1805 3245 3307
14332 4 2 0 1 3153 2246 3297 1989
14333 4 2 0 1 862 433 2481 633
14334 4 2 0 1 3445 2400 3452 2399
14335 4 2 0 1 3795 1878 1324 3019
14336 4 2 0 1 2335 3080 3158 3059
14337 4 2 0 1 3153 3239 3154 2334
14338 4 2 0 1 1330 2108 3794 2164
14339 4 2 0 1 3253 3794 3018 3282
14340 4 2 0 1 1959 1324 3779 3795
14341 4 2 0 1 2550 2551 3670 2598
14342 4 2 0 1 3945 3896 1201 3253
14343 4 2 0 1 3796 2159 1760 1955
14344 4 2 0 1 2226 1772 3785 1784
14345 4 2 0 1 3825 3078 3823 3072
14346 4 2 0 1 3278 1772 1629 1784
14347 4 2 0 1 2269 2904 2812 2916
14348 4 2 0 1 3894 2360 2311 3483
14349 4 2 0 1 1853 3319 1641 3052
14350 4 2 0 1 3153 3266 3239 3159
14351 4 2 0 1 1233 1702 3777 3000
14352 4 2 0 1 3925 1584 3896 1877
14353 4 2 0 1 3041 1641 3052 3037
14354 4 2 0 1 3777 1702 1233 1228
14355 4 2 0 1 1514 1498 1766 3839
14356 4 2 0 1 3213 1775 1777 1776
14357 4 2 0 1 1431 3824 3070 3785
14358 4 2 0 1 1852 1646 3300 3826
14359 4 2 0 1 3124 1919 1673 2218
14360 4 2 0 1 3112 3047 3108 3201
14361 4 2 0 1 3844 3231 2313 3014
14362 4 2 0 1 2269 2904 2916 3346
14363 4 2 0 1 3213 1981 1777 2205
14364 4 2 0 1 2168 3293 1656 1785
14365 4 2 0 1 1981 3213 1777 1776
14366 4 2 0 1 1651 3293 1649 1655
14367 4 2 0 1 3014 3844 3225 2313
14368 4 2 0 1 3512 3085 3830 3082
14369 4 2 0 1 3839 3201 3108 2396
14370 4 2 0 1 3839 3108 3201 3112
14371 4 2 0 1 2146 1200 3815 1631
14372 4 2 0 1 3815 1203 2230 1631
14373 4 2 0 1 2345 2837 3520 2743
14374 4 2 0 1 2017 1742 1598 3156
14375 4 2 0 1 3789 3792 3790 3148
14376 4 2 0 1 1822 3789 1427 2095
14377 4 2 0 1 3858 3830 1697 2083
14378 4 2 0 1 3211 3145 3144 2396
14379 4 2 0 1 563 750 3697 2489
14380 4 2 0 1 3109 1503 1502 1504
14381 4 2 0 1 3397 2270 3413 3339
14382 4 2 0 1 1423 3255 1810 2126
14383 4 2 0 1 3255 1423 1810 2123
14384 4 2 0 1 2900 1596 1768 1972
14385 4 2 0 1 580 608 3602 2301
14386 4 2 0 1 2135 3304 1488 1513
14387 4 2 0 1 3910 1666 1521 3916
14388 4 2 0 1 2075 1585 1722 3896
14389 4 2 0 1 2083 1699 1697 3858
14390 4 2 0 1 3945 3896 3253 2075
14391 4 2 0 1 2845 3189 3214 3647
14392 4 2 0 1 2113 3616 2112 1747
14393 4 2 0 1 1748 3319 2214 1749
14394 4 2 0 1 3331 1477 2087 1995
14395 4 2 0 1 1479 1478 1477 3114
14396 4 2 0 1 1555 2913 1747 1832
14397 4 2 0 1 3295 3682 2912 1832
14398 4 2 0 1 1681 3295 2912 1832
14399 4 2 0 1 1681 3295 1832 2215
14400 4 2 0 1 3479 3407 2307 2724
14401 4 2 0 1 2018 3090 3066 1491
14402 4 2 0 1 2999 3293 1660 1790
14403 4 2 0 1 1628 3924 2013 2088
14404 4 2 0 1 1671 3334 3273 3064
14405 4 2 0 1 2740 1797 1799 1796
14406 4 2 0 1 3739 2345 2783 2784
14407 4 2 0 1 3485 2418 3122 2773
14408 4 2 0 1 1704 2023 1161 2608
14409 4 2 0 1 2611 1855 1351 2008
14410 4 2 0 1 1732 1541 3558 3246
14411 4 2 0 1 3124 3684 1941 3146
14412 4 2 0 1 3140 3683 3178 3848
14413 4 2 0 1 3327 994 72 2456
14414 4 2 0 1 2223 3085 3082 3830
14415 4 2 0 1 925 3589 22 83
14416 4 2 0 1 3777 1242 1243 1244
14417 4 2 0 1 1765 3902 3800 1876
14418 4 2 0 1 2223 3085 3830 1218
14419 4 2 0 1 1895 1876 3936 3902
14420 4 2 0 1 3331 1477 1995 1476
14421 4 2 0 1 2987 2416 2827 1711
14422 4 2 0 1 198 2568 755 2414
14423 4 2 0 1 1955 1429 1444 3796
14424 4 2 0 1 1171 3237 1769 2405
14425 4 2 0 1 3894 2311 964 3890
14426 4 2 0 1 3091 3903 2997 1389
14427 4 2 0 1 1849 3091 1848 1850
14428 4 2 0 1 3857 3149 3858 3175
14429 4 2 0 1 3857 3149 3257 3051
14430 4 2 0 1 1185 3229 1184 1186
14431 4 2 0 1 3159 3297 1909 3229
14432 4 2 0 1 3297 1207 2005 1909
14433 4 2 0 1 1459 3094 1534 1925
14434 4 2 0 1 3854 3786 3209 3010
14435 4 2 0 1 1429 3796 1411 3021
14436 4 2 0 1 3857 3149 3051 3044
14437 4 2 0 1 3857 3149 3044 3858
14438 4 2 0 1 2603 2604 2664 2516
14439 4 2 0 1 1442 1429 1428 3021
14440 4 2 0 1 3808 3043 3046 3052
14441 4 2 0 1 3743 3704 3126 3744
14442 4 2 0 1 1547 3741 1801 2786
14443 4 2 0 1 1920 2943 2050 2051
14444 4 2 0 1 1575 1541 1493 3684
14445 4 2 0 1 2992 89 1045 1
14446 4 2 0 1 3808 3043 3052 3041
14447 4 2 0 1 3283 2180 1931 66
14448 4 2 0 1 65 3283 1931 66
14449 4 2 0 1 2380 3611 3612 2458
14450 4 2 0 1 1338 3759 1325 1828
14451 4 2 0 1 1623 3305 1624 1368
14452 4 2 0 1 2274 3438 3771 3437
14453 4 2 0 1 1979 3833 1623 2041
14454 4 2 0 1 1248 3780 2192 1251
14455 4 2 0 1 1746 2113 1747 3233
14456 4 2 0 1 1902 1449 1625 3095
14457 4 2 0 1 1658 3273 1350 1942
14458 4 2 0 1 1658 1350 3273 1587
14459 4 2 0 1 430 3894 964 792
14460 4 2 0 1 1386 1388 3832 1389
14461 4 2 0 1 3149 3150 3051 3044
14462 4 2 0 1 3303 1659 2201 1953
14463 4 2 0 1 1649 3293 1953 1655
14464 4 2 0 1 3175 3858 3034 3149
14465 4 2 0 1 3162 3851 3207 3171
14466 4 2 0 1 3908 1987 1866 3273
14467 4 2 0 1 1649 3293 3300 1953
14468 4 2 0 1 1953 3303 3293 3300
14469 4 2 0 1 3704 1926 1342 1986
14470 4 2 0 1 3335 2177 3249 60
14471 4 2 0 1 3830 1695 1697 1740
14472 4 2 0 1 1984 2579 1441 1983
14473 4 2 0 1 1272 3074 1979 1960
14474 4 2 0 1 3132 3761 3131 2853
14475 4 2 0 1 3616 2113 3233 1747
14476 4 2 0 1 1347 1357 3273 3334
14477 4 2 0 1 3563 3727 3651 2726
14478 4 2 0 1 3830 1697 1695 3149
14479 4 2 0 1 2771 3563 2275 2727
14480 4 2 0 1 3836 2241 3101 1622
14481 4 2 0 1 2395 2769 2612 3550
14482 4 2 0 1 2257 1079 135 625
14483 4 2 0 1 3916 2004 1666 1521
14484 4 2 0 1 3099 1366 3100 3758
14485 4 2 0 1 1985 1431 2027 3070
14486 4 2 0 1 1173 3324 3332 2066
14487 4 2 0 1 3836 3101 2241 3837
14488 4 2 0 1 3156 1982 1284 1328
14489 4 2 0 1 3156 3816 1208 3815
14490 4 2 0 1 3156 3816 3815 3254
14491 4 2 0 1 2074 3815 1982 2230
14492 4 2 0 1 1965 3101 2241 1622
14493 4 2 0 1 1793 1864 2791 1986
14494 4 2 0 1 1965 2241 3101 3837
14495 4 2 0 1 2795 1793 2791 1986
14496 4 2 0 1 3946 1949 1580 2009
14497 4 2 0 1 1655 1656 3293 1657
14498 4 2 0 1 1864 1926 2791 1986
14499 4 2 0 1 3063 2229 1263 2015
14500 4 2 0 1 3293 1674 1657 1656
14501 4 2 0 1 1703 1230 3001 1229
14502 4 2 0 1 2204 1278 1852 3826
14503 4 2 0 1 1241 3892 1741 1240
14504 4 2 0 1 1360 2091 2086 3776
14505 4 2 0 1 1926 3704 2791 1986
14506 4 2 0 1 3458 2615 3456 2278
14507 4 2 0 1 1516 3820 1519 1523
14508 4 2 0 1 1516 3820 1523 2003
14509 4 2 0 1 3215 3646 3299 3258
14510 4 2 0 1 3871 3886 3354 3490
14511 4 2 0 1 1475 1473 1474 3850
14512 4 2 0 1 1740 1695 1997 3830
14513 4 2 0 1 1844 3903 2185 3944
14514 4 2 0 1 1695 3083 1997 3830
14515 4 2 0 1 1759 2770 1923 2157
14516 4 2 0 1 2064 2212 2796 1759
14517 4 2 0 1 3123 2776 3839 2796
14518 4 2 0 1 1860 2048 1969 3798
14519 4 2 0 1 2212 1514 2796 3841
14520 4 2 0 1 1922 1767 2008 2796
14521 4 2 0 1 2776 2611 2608 2796
14522 4 2 0 1 3105 3078 1446 1445
14523 4 2 0 1 2618 2615 2278 3456
14524 4 2 0 1 3105 1446 3078 3250
14525 4 2 0 1 2945 1460 1643 3105
14526 4 2 0 1 2257 164 135 3530
14527 4 2 0 1 1932 3837 2129 3075
14528 4 2 0 1 1932 3075 1279 1275
14529 4 2 0 1 3821 3071 3070 3823
14530 4 2 0 1 1623 3305 1368 3833
14531 4 2 0 1 3305 3075 1924 3101
14532 4 2 0 1 3616 2111 2514 1172
14533 4 2 0 1 2402 2453 2393 2993
14534 4 2 0 1 1435 3838 2450 1433
14535 4 2 0 1 2409 2406 3557 3274
14536 4 2 0 1 3858 3857 3802 3801
14537 4 2 0 1 3799 3803 3801 3802
14538 4 2 0 1 3774 1838 1386 2997
14539 4 2 0 1 1385 3832 1386 1388
14540 4 2 0 1 3015 3899 3788 3792
14541 4 2 0 1 2200 1955 1444 3796
14542 4 2 0 1 1951 3812 3325 1824
14543 4 2 0 1 1732 3558 2514 3615
14544 4 2 0 1 2114 1732 2002 2514
14545 4 2 0 1 3016 1396 3792 3017
14546 4 2 0 1 3263 3643 3251 2580
14547 4 2 0 1 1440 3134 1791 1793
14548 4 2 0 1 1951 3812 1824 1912
14549 4 2 0 1 3501 3129 3497 3515
14550 4 2 0 1 3063 1258 3782 1244
14551 4 2 0 1 3497 3515 3129 3489
14552 4 2 0 1 1613 3659 3135 2052
14553 4 2 0 1 3141 1451 1450 1452
14554 4 2 0 1 3141 1449 1451 3095
14555 4 2 0 1 1324 1959 3779 1268
14556 4 2 0 1 3842 3000 3116 2147
14557 4 2 0 1 2100 3296 2063 1169
14558 4 2 0 1 3554 3849 3093 3147
14559 4 2 0 1 2500 2822 3610 3469
14560 4 2 0 1 1646 1852 1278 3826
14561 4 2 0 1 3156 2174 1685 2096
14562 4 2 0 1 2663 2822 2500 3469
14563 4 2 0 1 2169 1849 2137 3090
14564 4 2 0 1 3129 3502 3505 2885
14565 4 2 0 1 2822 2501 3469 2663
14566 4 2 0 1 1884 2866 2134 1167
14567 4 2 0 1 3283 2572 66 65
14568 4 2 0 1 2682 2807 3468 2292
14569 4 2 0 1 3917 1760 1588 1739
14570 4 2 0 1 2818 3521 2897 3494
14571 4 2 0 1 2818 3491 3757 2898
14572 4 2 0 1 1176 2917 52 51
14573 4 2 0 1 3721 2882 2717 520
14574 4 2 0 1 1954 2191 3307 3245
14575 4 2 0 1 1893 3735 1369 1597
14576 4 2 0 1 1893 3735 1597 2196
14577 4 2 0 1 84 40 41 3290
14578 4 2 0 1 2404 568 880 3721
14579 4 2 0 1 2043 3001 2028 1703
14580 4 2 0 1 2506 2424 2985 2503
14581 4 2 0 1 40 2202 41 3290
14582 4 2 0 1 3483 566 658 821
14583 4 2 0 1 3316 3091 3090 3554
14584 4 2 0 1 2786 2838 2228 3128
14585 4 2 0 1 1985 1971 1537 3785
14586 4 2 0 1 1970 3785 1985 3070
14587 4 2 0 1 3334 1942 1347 1346
14588 4 2 0 1 2137 2997 2019 3090
14589 4 2 0 1 2018 3090 1491 1492
14590 4 2 0 1 1496 3066 1491 1497
14591 4 2 0 1 2424 2419 3472 2421
14592 4 2 0 1 2129 3837 1677 1965
14593 4 2 0 1 300 2990 2991 299
14594 4 2 0 1 2514 3233 3616 2114
14595 4 2 0 1 2604 2668 2664 2516
14596 4 2 0 1 1494 3274 1807 2209
14597 4 2 0 1 3054 3492 3182 3229
14598 4 2 0 1 2257 1034 1079 625
14599 4 2 0 1 3300 1660 1654 2999
14600 4 2 0 1 2652 2264 2253 2813
14601 4 2 0 1 3569 2630 2351 2591
14602 4 2 0 1 3569 2351 2630 2413
14603 4 2 0 1 2759 3312 2793 2693
14604 4 2 0 1 3401 3380 3382 3379
14605 4 2 0 1 3660 2341 3663 2690
14606 4 2 0 1 3465 2741 2287 2504
14607 4 2 0 1 3464 2674 2504 3465
14608 4 2 0 1 3795 1324 1878 1879
14609 4 2 0 1 181 2587 175 2763
14610 4 2 0 1 3101 3075 1279 2129
14611 4 2 0 1 3674 2618 3677 3456
14612 4 2 0 1 181 2587 2763 3668
14613 4 2 0 1 3884 3196 2640 2674
14614 4 2 0 1 3375 3383 2565 3379
14615 4 2 0 1 1945 3332 1595 3309
14616 4 2 0 1 3606 2697 3713 3392
14617 4 2 0 1 727 748 3610 2301
14618 4 2 0 1 3390 2492 3460 3461
14619 4 2 0 1 3695 497 501 725
14620 4 2 0 1 3483 566 821 632
14621 4 2 0 1 2311 2360 2427 3483
14622 4 2 0 1 3375 2565 3383 3408
14623 4 2 0 1 3174 3219 3855 3167
14624 4 2 0 1 3383 2567 3587 2802
14625 4 2 0 1 2802 3383 2565 3408
14626 4 2 0 1 979 25 3532 2957
14627 4 2 0 1 3181 3086 3488 3504
14628 4 2 0 1 3512 2333 3034 3084
14629 4 2 0 1 3182 3056 3509 3828
14630 4 2 0 1 3886 3490 3766 3181
14631 4 2 0 1 3151 2036 3125 3791
14632 4 2 0 1 3383 2567 2802 2565
14633 4 2 0 1 2877 2829 2362 3427
14634 4 2 0 1 2355 2979 2359 2949
14635 4 2 0 1 2486 2499 2498 3602
14636 4 2 0 1 2291 2354 2357 2754
14637 4 2 0 1 3428 3658 2889 2886
14638 4 2 0 1 2704 28 29 2066
14639 4 2 0 1 2302 2386 2663 2642
14640 4 2 0 1 2364 2641 2365 2766
14641 4 2 0 1 29 2704 79 206
14642 4 2 0 1 2641 2302 2767 3476
14643 4 2 0 1 987 852 649 3545
14644 4 2 0 1 104 3540 2670 2929
14645 4 2 0 1 2881 3674 2459 2460
14646 4 2 0 1 2881 2459 3674 676
14647 4 2 0 1 338 731 3710 335
14648 4 2 0 1 338 3710 731 2599
14649 4 2 0 1 2964 101 505 1073
14650 4 2 0 1 3213 1178 3277 2205
14651 4 2 0 1 103 2963 63 102
14652 4 2 0 1 2384 1090 2966 737
14653 4 2 0 1 2560 3213 1166 2162
14654 4 2 0 1 2084 17 2162 3315
14655 4 2 0 1 1178 3213 3315 2162
14656 4 2 0 1 720 168 2651 3693
14657 4 2 0 1 3428 3367 2926 3413
14658 4 2 0 1 6 1157 1854 2605
14659 4 2 0 1 720 2651 168 692
14660 4 2 0 1 519 818 1048 2882
14661 4 2 0 1 568 2950 2398 453
14662 4 2 0 1 2173 2409 2081 1576
14663 4 2 0 1 3295 2394 2913 2636
14664 4 2 0 1 2263 3414 2700 2285
14665 4 2 0 1 408 2451 739 740
14666 4 2 0 1 364 2920 1130 2432
14667 4 2 0 1 3573 922 981 92
14668 4 2 0 1 3122 2305 2447 2448
14669 4 2 0 1 2749 2700 3414 2285
14670 4 2 0 1 2682 2807 2292 3608
14671 4 2 0 1 2953 3462 2755 2430
14672 4 2 0 1 2634 3567 2431 2503
14673 4 2 0 1 2649 2376 533 918
14674 4 2 0 1 533 2376 2649 2378
14675 4 2 0 1 1541 1732 3558 1670
14676 4 2 0 1 271 296 2991 295
14677 4 2 0 1 2935 310 828 451
14678 4 2 0 1 2660 2680 2625 2627
14679 4 2 0 1 3549 1883 2173 3558
14680 4 2 0 1 2173 2409 1576 3549
14681 4 2 0 1 1893 3735 2196 3307
14682 4 2 0 1 2430 3680 2429 2634
14683 4 2 0 1 2743 1795 1796 1798
14684 4 2 0 1 2458 2380 3611 2454
14685 4 2 0 1 2627 2680 2355 2660
14686 4 2 0 1 3328 2011 3327 74
14687 4 2 0 1 3646 1981 3299 2184
14688 4 2 0 1 2842 2892 1025 2661
14689 4 2 0 1 3674 2856 2459 2512
14690 4 2 0 1 1057 2919 2881 2459
14691 4 2 0 1 2842 2661 1025 489
14692 4 2 0 1 3612 2512 2459 2856
14693 4 2 0 1 2670 2672 2673 3410
14694 4 2 0 1 2322 3360 2347 3588
14695 4 2 0 1 2317 3356 3425 2732
14696 4 2 0 1 2817 2892 2895 2662
14697 4 2 0 1 1949 3909 1994 1713
14698 4 2 0 1 3258 2044 3276 1530
14699 4 2 0 1 2480 2481 435 633
14700 4 2 0 1 2817 2892 2662 2308
14701 4 2 0 1 2495 282 330 284
14702 4 2 0 1 2930 277 968 3475
14703 4 2 0 1 3471 2256 3389 3376
14704 4 2 0 1 2817 2892 2308 2873
14705 4 2 0 1 2697 3390 2928 3769
14706 4 2 0 1 3606 2293 3713 2491
14707 4 2 0 1 3390 3769 2680 2928
14708 4 2 0 1 873 2817 2873 2892
14709 4 2 0 1 3592 3604 3650 2566
14710 4 2 0 1 2498 2288 2499 2871
14711 4 2 0 1 3483 2977 2311 1049
14712 4 2 0 1 2641 2302 2365 2385
14713 4 2 0 1 1981 3299 2184 2044
14714 4 2 0 1 3483 2427 2984 2434
14715 4 2 0 1 3429 2886 3576 3694
14716 4 2 0 1 2883 2747 2926 3765
14717 4 2 0 1 3436 2519 2814 3753
14718 4 2 0 1 3819 1992 1993 1994
14719 4 2 0 1 2368 2704 2365 3534
14720 4 2 0 1 1998 3918 3820 3909
14721 4 2 0 1 2778 802 517 867
14722 4 2 0 1 3697 2982 974 969
14723 4 2 0 1 3697 974 2982 2489
14724 4 2 0 1 1717 1552 3299 2044
14725 4 2 0 1 2935 2436 2439 2990
14726 4 2 0 1 2965 2955 2536 2933
14727 4 2 0 1 2531 2530 2672 3416
14728 4 2 0 1 3686 2771 2638 3679
14729 4 2 0 1 2306 954 1143 390
14730 4 2 0 1 1167 2866 3715 1181
14731 4 2 0 1 3639 2560 2552 3638
14732 4 2 0 1 2867 2320 2868 2553
14733 4 2 0 1 3582 3580 3581 2936
14734 4 2 0 1 3620 3753 3621 2815
14735 4 2 0 1 3624 2530 3416 2672
14736 4 2 0 1 3343 3342 2261 3409
14737 4 2 0 1 1340 2756 62 61
14738 4 2 0 1 2572 679 1070 913
14739 4 2 0 1 3540 2379 3538 2929
14740 4 2 0 1 3811 1868 1867 1753
14741 4 2 0 1 2819 2619 3342 2855
14742 4 2 0 1 2306 1143 2980 2979
14743 4 2 0 1 2672 2649 2655 2650
14744 4 2 0 1 2125 3017 1726 1400
14745 4 2 0 1 3137 3023 3851 3024
14746 4 2 0 1 2989 2612 2613 2605
14747 4 2 0 1 1440 3845 3025 3024
14748 4 2 0 1 2989 2611 2612 2605
14749 4 2 0 1 2608 2989 2612 2601
14750 4 2 0 1 2525 3622 2679 2528
14751 4 2 0 1 199 190 3561 735
14752 4 2 0 1 3561 190 199 2412
14753 4 2 0 1 2475 2594 2593 2476
14754 4 2 0 1 2087 1867 3187 1868
14755 4 2 0 1 3553 2516 3640 2558
14756 4 2 0 1 3499 2665 3640 2556
14757 4 2 0 1 2087 3187 3331 1868
14758 4 2 0 1 114 112 113 2513
14759 4 2 0 1 3310 2135 1868 2195
14760 4 2 0 1 2913 3616 3233 1747
14761 4 2 0 1 2744 3612 203 2513
14762 4 2 0 1 1753 3310 1868 2195
14763 4 2 0 1 2630 2411 3679 2413
14764 4 2 0 1 3668 2657 2630 2765
14765 4 2 0 1 1431 1421 3785 2206
14766 4 2 0 1 2206 3919 3013 3785
14767 4 2 0 1 3457 973 1042 167
14768 4 2 0 1 3241 2394 2905 3234
14769 4 2 0 1 2872 2594 2475 2595
14770 4 2 0 1 2586 641 638 2872
14771 4 2 0 1 3145 3124 3143 3146
14772 4 2 0 1 2280 2769 3160 2407
14773 4 2 0 1 3235 3179 3146 3843
14774 4 2 0 1 2543 2544 2318 3634
14775 4 2 0 1 2647 830 294 1076
14776 4 2 0 1 937 2695 292 1076
14777 4 2 0 1 2491 2293 3385 3471
14778 4 2 0 1 2904 2265 2261 2976
14779 4 2 0 1 2651 2617 2276 2653
14780 4 2 0 1 179 129 2931 127
14781 4 2 0 1 2586 638 641 642
14782 4 2 0 1 2264 2916 2976 2265
14783 4 2 0 1 619 2666 744 477
14784 4 2 0 1 3657 3546 2578 2583
14785 4 2 0 1 2603 12 11 856
14786 4 2 0 1 3329 3328 75 3330
14787 4 2 0 1 2404 2719 2721 2281
14788 4 2 0 1 76 3330 75 2217
14789 4 2 0 1 2664 857 619 976
14790 4 2 0 1 826 14 2604 80
14791 4 2 0 1 857 2988 856 2664
14792 4 2 0 1 76 3329 609 99
14793 4 2 0 1 76 3329 99 75
14794 4 2 0 1 1123 2918 939 3415
14795 4 2 0 1 3328 467 75 74
14796 4 2 0 1 3674 2881 3673 2460
14797 4 2 0 1 49 3907 2946 82
14798 4 2 0 1 2687 2849 2858 2734
14799 4 2 0 1 651 2734 812 775
14800 4 2 0 1 2681 2678 266 2696
14801 4 2 0 1 2678 2681 2680 2696
14802 4 2 0 1 3474 2930 2296 3475
14803 4 2 0 1 2297 2293 3713 3392
14804 4 2 0 1 2567 3650 2565 2566
14805 4 2 0 1 2928 2681 2632 2289
14806 4 2 0 1 3680 2300 2633 3681
14807 4 2 0 1 2501 496 494 492
14808 4 2 0 1 2822 2500 3610 3609
14809 4 2 0 1 618 747 2715 2666
14810 4 2 0 1 2666 2716 2667 2522
14811 4 2 0 1 2666 2716 2522 747
14812 4 2 0 1 2352 2751 3678 2627
14813 4 2 0 1 3503 3347 3349 3360
14814 4 2 0 1 3738 3349 2732 2733
14815 4 2 0 1 3747 2794 3703 3746
14816 4 2 0 1 2567 3592 3650 2566
14817 4 2 0 1 3650 2802 2567 2565
14818 4 2 0 1 2221 1800 3227 1798
14819 4 2 0 1 2736 1038 796 797
14820 4 2 0 1 2650 2531 2655 2672
14821 4 2 0 1 16 1004 2552 752
14822 4 2 0 1 2497 3462 2304 2953
14823 4 2 0 1 3122 3291 2417 2418
14824 4 2 0 1 2627 2625 3678 2303
14825 4 2 0 1 1733 1933 2063 3533
14826 4 2 0 1 2675 2810 2761 3760
14827 4 2 0 1 2378 2530 2655 819
14828 4 2 0 1 3760 2810 2761 3444
14829 4 2 0 1 3883 2274 3442 2902
14830 4 2 0 1 3440 2476 2594 3444
14831 4 2 0 1 2424 2431 2497 2502
14832 4 2 0 1 354 367 794 3698
14833 4 2 0 1 2294 3444 2595 3770
14834 4 2 0 1 3572 2448 2421 2444
14835 4 2 0 1 2773 2448 2444 2418
14836 4 2 0 1 84 2419 2420 209
14837 4 2 0 1 1068 211 646 2772
14838 4 2 0 1 2378 2530 819 2533
14839 4 2 0 1 3004 3071 3821 3068
14840 4 2 0 1 2756 2577 3336 2584
14841 4 2 0 1 1319 3925 1321 3937
14842 4 2 0 1 1344 1820 3937 3925
14843 4 2 0 1 3194 3313 3508 3745
14844 4 2 0 1 1734 1713 2142 3909
14845 4 2 0 1 3747 3704 3126 2790
14846 4 2 0 1 3623 3622 3547 2527
14847 4 2 0 1 3742 3320 2786 2785
14848 4 2 0 1 3130 2339 3516 3137
14849 4 2 0 1 3660 2781 2787 2341
14850 4 2 0 1 3623 3547 3622 2524
14851 4 2 0 1 2420 646 2426 800
14852 4 2 0 1 2426 1047 2920 2422
14853 4 2 0 1 2426 1047 2422 690
14854 4 2 0 1 2861 2862 2688 2470
14855 4 2 0 1 2392 2952 710 781
14856 4 2 0 1 2426 1047 690 637
14857 4 2 0 1 3890 1127 1122 262
14858 4 2 0 1 2652 2916 3723 2812
14859 4 2 0 1 2261 3345 2265 3399
14860 4 2 0 1 2530 820 2655 819
14861 4 2 0 1 2914 3429 2911 2381
14862 4 2 0 1 3435 2718 2665 2921
14863 4 2 0 1 2714 2519 3754 3436
14864 4 2 0 1 2530 820 819 374
14865 4 2 0 1 3754 2519 2730 2814
14866 4 2 0 1 2937 3754 2730 2814
14867 4 2 0 1 2517 3621 2559 3620
14868 4 2 0 1 3697 2481 3696 2675
14869 4 2 0 1 2546 2298 3690 2647
14870 4 2 0 1 294 287 2647 289
14871 4 2 0 1 486 829 3600 877
14872 4 2 0 1 2820 2808 3386 3378
14873 4 2 0 1 2967 1745 2387 2250
14874 4 2 0 1 2967 1745 2250 33
14875 4 2 0 1 304 3707 3706 2695
14876 4 2 0 1 3691 3601 2643 2298
14877 4 2 0 1 3694 3655 2622 2579
14878 4 2 0 1 3493 2937 2840 2730
14879 4 2 0 1 2937 3493 2840 3351
14880 4 2 0 1 3754 2937 2730 2840
14881 4 2 0 1 3351 2937 3754 2840
14882 4 2 0 1 2713 2806 2597 3670
14883 4 2 0 1 3754 2519 2714 2840
14884 4 2 0 1 2815 2562 2559 3620
14885 4 2 0 1 1308 2094 2142 3918
14886 4 2 0 1 3737 3517 3361 2321
14887 4 2 0 1 3689 2488 2762 3752
14888 4 2 0 1 2758 2576 3694 2579
14889 4 2 0 1 569 1053 751 2919
14890 4 2 0 1 822 455 3673 2996
14891 4 2 0 1 2425 210 681 212
14892 4 2 0 1 2293 3474 2490 2494
14893 4 2 0 1 428 370 429 2857
14894 4 2 0 1 921 3565 214 368
14895 4 2 0 1 2918 2258 2915 2263
14896 4 2 0 1 3437 2657 2876 2968
14897 4 2 0 1 2671 3546 2383 2879
14898 4 2 0 1 921 214 3565 2425
14899 4 2 0 1 2941 3726 3881 3411
14900 4 2 0 1 650 2922 775 1102
14901 4 2 0 1 2922 887 775 1102
14902 4 2 0 1 1390 3093 3091 2175
14903 4 2 0 1 1073 3545 2929 852
14904 4 2 0 1 2873 2684 2901 2689
14905 4 2 0 1 1080 1089 2978 452
14906 4 2 0 1 3628 2890 2686 2689
14907 4 2 0 1 2798 2535 3627 3749
14908 4 2 0 1 3749 2890 2873 457
14909 4 2 0 1 1998 2004 3820 1523
14910 4 2 0 1 1390 3093 2175 2007
14911 4 2 0 1 3775 3003 3050 3045
14912 4 2 0 1 2686 2890 2901 2689
14913 4 2 0 1 2967 3695 2386 2505
14914 4 2 0 1 3565 2428 3566 3564
14915 4 2 0 1 2755 2738 3462 2304
14916 4 2 0 1 2737 2451 2452 2295
14917 4 2 0 1 3945 1892 1201 2025
14918 4 2 0 1 3945 3018 3793 1930
14919 4 2 0 1 2922 2684 2901 2873
14920 4 2 0 1 3796 3022 1399 3798
14921 4 2 0 1 3796 1399 3022 3797
14922 4 2 0 1 2122 1399 3022 3798
14923 4 2 0 1 2456 3617 3549 2454
14924 4 2 0 1 3022 1726 2122 3202
14925 4 2 0 1 2669 3753 2815 3621
14926 4 2 0 1 744 2664 619 976
14927 4 2 0 1 2915 2813 2258 2257
14928 4 2 0 1 2601 2988 2613 3671
14929 4 2 0 1 2669 2815 3753 2865
14930 4 2 0 1 3885 2826 2823 3292
14931 4 2 0 1 2988 2603 2664 3671
14932 4 2 0 1 568 93 880 3721
14933 4 2 0 1 689 205 2766 1056
14934 4 2 0 1 3791 1690 1691 1689
14935 4 2 0 1 103 81 2962 1140
14936 4 2 0 1 2964 101 1073 2929
14937 4 2 0 1 1140 2929 2962 102
14938 4 2 0 1 1073 3545 852 987
14939 4 2 0 1 2735 2817 2734 2895
14940 4 2 0 1 995 2964 505 1073
14941 4 2 0 1 2963 2577 2964 2756
14942 4 2 0 1 3814 3812 3058 3061
14943 4 2 0 1 3410 3409 2879 3342
14944 4 2 0 1 3545 1073 3701 987
14945 4 2 0 1 1966 3266 1958 3277
14946 4 2 0 1 2542 2965 2933 542
14947 4 2 0 1 1448 2125 1400 3017
14948 4 2 0 1 776 2935 3569 2435
14949 4 2 0 1 3632 2940 2570 2655
14950 4 2 0 1 1080 2978 1089 882
14951 4 2 0 1 533 1013 927 2649
14952 4 2 0 1 1151 2932 537 927
14953 4 2 0 1 3227 2837 1956 1798
14954 4 2 0 1 629 2695 317 319
14955 4 2 0 1 2597 2698 3400 3711
14956 4 2 0 1 1958 3266 1966 2150
14957 4 2 0 1 444 2596 823 1098
14958 4 2 0 1 2612 2611 2608 2776
14959 4 2 0 1 3637 3635 2554 3636
14960 4 2 0 1 3315 3637 2554 3636
14961 4 2 0 1 232 390 2306 234
14962 4 2 0 1 2525 2678 3699 2680
14963 4 2 0 1 3458 2615 2278 2277
14964 4 2 0 1 3315 2554 2560 3636
14965 4 2 0 1 1095 2282 2614 2996
14966 4 2 0 1 2282 973 3457 2797
14967 4 2 0 1 283 285 284 2847
14968 4 2 0 1 1323 1958 3266 3198
14969 4 2 0 1 2590 923 386 384
14970 4 2 0 1 2618 2615 3456 3457
14971 4 2 0 1 2489 928 974 291
14972 4 2 0 1 2489 291 2934 1022
14973 4 2 0 1 282 2485 280 283
14974 4 2 0 1 2614 3457 3456 2282
14975 4 2 0 1 2982 604 1146 974
14976 4 2 0 1 824 2628 707 705
14977 4 2 0 1 228 2774 226 2949
14978 4 2 0 1 2631 2632 2359 2949
14979 4 2 0 1 3606 2293 2491 3471
14980 4 2 0 1 2286 2680 2660 2632
14981 4 2 0 1 2627 2355 2680 2628
14982 4 2 0 1 2067 1706 1972 2609
14983 4 2 0 1 1704 2988 2141 9
14984 4 2 0 1 3552 2988 3672 2608
14985 4 2 0 1 1704 2609 3672 2608
14986 4 2 0 1 2118 3905 2154 1873
14987 4 2 0 1 3090 2998 3067 3554
14988 4 2 0 1 2810 2297 2293 2762
14989 4 2 0 1 1948 1283 1281 3519
14990 4 2 0 1 3783 1224 1223 1225
14991 4 2 0 1 1248 3780 1252 2192
14992 4 2 0 1 3863 3500 3195 3119
14993 4 2 0 1 1369 2418 3290 3735
14994 4 2 0 1 1723 1363 3100 1366
14995 4 2 0 1 2704 1163 30 2366
14996 4 2 0 1 3752 2810 2293 2762
14997 4 2 0 1 3311 2579 1441 3271
14998 4 2 0 1 2072 3789 3790 3050
14999 4 2 0 1 2125 3017 2052 3202
15000 4 2 0 1 2837 1957 1956 1798
15001 4 2 0 1 1875 3936 1874 1635
15002 4 2 0 1 1764 3804 1763 1737
15003 4 2 0 1 3800 3037 3038 3040
15004 4 2 0 1 2895 2842 2662 2892
15005 4 2 0 1 2737 2842 2358 2662
15006 4 2 0 1 1323 3266 1958 2150
15007 4 2 0 1 1294 1349 1292 3804
15008 4 2 0 1 1853 3319 3052 1939
15009 4 2 0 1 2842 2357 2662 2661
15010 4 2 0 1 2900 3107 3108 3109
15011 4 2 0 1 1822 3775 3003 3050
15012 4 2 0 1 3492 3054 2899 3813
15013 4 2 0 1 227 1002 2949 2980
15014 4 2 0 1 2681 705 2628 824
15015 4 2 0 1 3812 3492 3055 2899
15016 4 2 0 1 1314 1305 3284 1307
15017 4 2 0 1 2928 2633 2705 3712
15018 4 2 0 1 1754 3811 1753 3310
15019 4 2 0 1 3774 2997 3832 2998
15020 4 2 0 1 2998 3819 3066 3042
15021 4 2 0 1 2928 2705 2633 3460
15022 4 2 0 1 3078 1943 1446 1434
15023 4 2 0 1 1277 2207 3250 1858
15024 4 2 0 1 446 3619 447 2517
15025 4 2 0 1 2237 1277 3250 1858
15026 4 2 0 1 1856 1559 3898 1857
15027 4 2 0 1 2988 2603 856 2664
15028 4 2 0 1 3084 3512 3086 3085
15029 4 2 0 1 3500 3097 3195 3302
15030 4 2 0 1 3226 3863 3222 3097
15031 4 2 0 1 447 3619 446 378
15032 4 2 0 1 3008 3006 3001 3784
15033 4 2 0 1 3501 3208 3484 2850
15034 4 2 0 1 3772 3838 3105 3773
15035 4 2 0 1 3772 3838 3773 3104
15036 4 2 0 1 3330 2453 2954 2393
15037 4 2 0 1 3250 3078 3105 3837
15038 4 2 0 1 3513 2960 3264 2898
15039 4 2 0 1 3242 3113 3840 3110
15040 4 2 0 1 2704 30 1163 29
15041 4 2 0 1 3112 3043 3555 3187
15042 4 2 0 1 3874 3345 3397 3369
15043 4 2 0 1 3839 1486 3261 1485
15044 4 2 0 1 3833 1723 3100 1366
15045 4 2 0 1 3513 3264 2960 3302
15046 4 2 0 1 2319 2710 3730 2563
15047 4 2 0 1 2801 3388 2871 3467
15048 4 2 0 1 3388 2871 3467 2493
15049 4 2 0 1 3493 2315 2463 2710
15050 4 2 0 1 3634 2315 2463 2840
15051 4 2 0 1 2076 1682 2912 1683
15052 4 2 0 1 1616 3185 1983 1617
15053 4 2 0 1 3107 2602 3111 3257
15054 4 2 0 1 3774 3928 3931 3066
15055 4 2 0 1 2603 2988 856 11
15056 4 2 0 1 2710 2472 2464 2315
15057 4 2 0 1 3467 2299 3388 2493
15058 4 2 0 1 3130 3128 1621 3163
15059 4 2 0 1 3010 3172 3009 3280
15060 4 2 0 1 1621 1917 3130 3163
15061 4 2 0 1 2837 2740 2838 1799
15062 4 2 0 1 2591 2274 2527 2442
15063 4 2 0 1 1963 1232 1961 3218
15064 4 2 0 1 2837 2740 1799 1796
15065 4 2 0 1 3132 3761 2853 2852
15066 4 2 0 1 3258 3032 1528 1530
15067 4 2 0 1 3763 3032 3859 3131
15068 4 2 0 1 3188 3856 3034 3177
15069 4 2 0 1 2345 2837 2743 2740
15070 4 2 0 1 3005 3001 3063 3782
15071 4 2 0 1 3836 3485 3735 2423
15072 4 2 0 1 1363 1365 3758 1366
15073 4 2 0 1 3077 3078 3072 3823
15074 4 2 0 1 3129 3739 3740 3127
15075 4 2 0 1 2339 3129 3740 3127
15076 4 2 0 1 3743 3704 3744 2791
15077 4 2 0 1 3657 2330 3337 2759
15078 4 2 0 1 2788 2783 3502 3363
15079 4 2 0 1 2327 3353 3738 3363
15080 4 2 0 1 3501 3208 2850 2885
15081 4 2 0 1 3501 3129 3515 3208
15082 4 2 0 1 3739 2338 3740 2785
15083 4 2 0 1 3883 2274 2902 3437
15084 4 2 0 1 2806 2713 2271 3670
15085 4 2 0 1 2345 2837 2740 2838
15086 4 2 0 1 2372 2337 3119 3500
15087 4 2 0 1 2945 3243 3307 3571
15088 4 2 0 1 3648 2972 2323 2319
15089 4 2 0 1 3127 3208 3128 3207
15090 4 2 0 1 3832 1390 1388 2007
15091 4 2 0 1 3490 3357 3506 2328
15092 4 2 0 1 1471 3113 1672 3143
15093 4 2 0 1 2354 722 2939 2353
15094 4 2 0 1 3580 2730 2315 2840
15095 4 2 0 1 2939 722 2354 3528
15096 4 2 0 1 3060 3514 2337 3326
15097 4 2 0 1 2939 2626 2354 2353
15098 4 2 0 1 3777 3006 3117 3783
15099 4 2 0 1 3061 3860 3058 3192
15100 4 2 0 1 3045 3044 3046 3051
15101 4 2 0 1 3019 1783 1782 1804
15102 4 2 0 1 3490 3268 3504 3244
15103 4 2 0 1 2945 3243 3571 2120
15104 4 2 0 1 3035 3155 3059 3156
15105 4 2 0 1 3602 276 579 1111
15106 4 2 0 1 3460 2492 3376 2893
15107 4 2 0 1 2939 253 248 2623
15108 4 2 0 1 248 253 2939 247
15109 4 2 0 1 2580 3252 3036 3251
15110 4 2 0 1 3354 2329 3490 3357
15111 4 2 0 1 3848 1940 3094 1463
15112 4 2 0 1 3684 1465 3685 3246
15113 4 2 0 1 2389 2526 672 993
15114 4 2 0 1 3921 3284 1947 3287
15115 4 2 0 1 1822 3789 3050 3003
15116 4 2 0 1 3449 3510 3288 3453
15117 4 2 0 1 3541 3306 3165 3498
15118 4 2 0 1 1782 3018 1885 3190
15119 4 2 0 1 1552 3239 3266 3299
15120 4 2 0 1 3153 3266 3159 2026
15121 4 2 0 1 3213 3646 3299 3645
15122 4 2 0 1 2554 18 3637 2084
15123 4 2 0 1 1775 1166 3213 1777
15124 4 2 0 1 1852 2219 3300 1648
15125 4 2 0 1 1657 3908 1946 1674
15126 4 2 0 1 2598 2864 2271 2550
15127 4 2 0 1 1377 1376 3775 1375
15128 4 2 0 1 3193 3191 3060 3057
15129 4 2 0 1 1195 3298 3794 1193
15130 4 2 0 1 1189 3814 3317 1191
15131 4 2 0 1 2020 2075 1930 3253
15132 4 2 0 1 2117 1908 3044 2151
15133 4 2 0 1 2674 3465 2336 2823
15134 4 2 0 1 2834 2823 2336 3465
15135 4 2 0 1 3168 3089 3170 3169
15136 4 2 0 1 3763 3032 3131 3258
15137 4 2 0 1 3665 2474 3667 2848
15138 4 2 0 1 1588 1401 1967 3917
15139 4 2 0 1 3859 3132 3763 3131
15140 4 2 0 1 3500 3222 3515 2337
15141 4 2 0 1 568 2404 453 2398
15142 4 2 0 1 3835 3102 3079 3838
15143 4 2 0 1 2660 2626 2291 2355
15144 4 2 0 1 3221 3206 3226 3222
15145 4 2 0 1 3415 2277 2880 2285
15146 4 2 0 1 1884 3522 2866 2897
15147 4 2 0 1 2813 2284 2263 2258
15148 4 2 0 1 2599 2969 2600 2749
15149 4 2 0 1 3269 2330 2793 3746
15150 4 2 0 1 2691 3660 2690 2781
15151 4 2 0 1 2780 3320 2784 96
15152 4 2 0 1 3320 57 2786 2784
15153 4 2 0 1 2341 2690 2781 2780
15154 4 2 0 1 3665 2848 3667 2587
15155 4 2 0 1 2380 3617 2456 2454
15156 4 2 0 1 3328 2011 74 75
15157 4 2 0 1 2915 2813 2257 2253
15158 4 2 0 1 2409 3548 2453 2393
15159 4 2 0 1 3500 3863 3222 2337
15160 4 2 0 1 3031 3803 3804 3802
15161 4 2 0 1 3335 3312 3336 3662
15162 4 2 0 1 3363 2835 2781 2783
15163 4 2 0 1 3662 3320 3249 3705
15164 4 2 0 1 3363 2781 2835 3737
15165 4 2 0 1 2277 3675 2253 2615
15166 4 2 0 1 1123 2969 878 393
15167 4 2 0 1 736 323 336 3710
15168 4 2 0 1 3072 3078 1426 1432
15169 4 2 0 1 2327 3365 3738 3349
15170 4 2 0 1 3072 1426 3078 3102
15171 4 2 0 1 2937 2757 3350 3425
15172 4 2 0 1 2564 3493 2732 2254
15173 4 2 0 1 3641 2869 3553 2844
15174 4 2 0 1 3817 3717 2320 3487
15175 4 2 0 1 1377 3781 3789 3003
15176 4 2 0 1 3122 2824 2826 3292
15177 4 2 0 1 2710 3348 2254 2711
15178 4 2 0 1 1196 3298 3341 1195
15179 4 2 0 1 3347 3348 3352 3349
15180 4 2 0 1 2329 3357 2711 3355
15181 4 2 0 1 3570 2991 2438 884
15182 4 2 0 1 1196 3298 1195 1194
15183 4 2 0 1 3817 3717 3487 3065
15184 4 2 0 1 3370 3345 3714 3368
15185 4 2 0 1 1789 3293 1790 1785
15186 4 2 0 1 1789 1790 3293 2049
15187 4 2 0 1 3422 2523 3436 3753
15188 4 2 0 1 3791 1690 3792 1692
15189 4 2 0 1 3251 3144 3141 3178
15190 4 2 0 1 2701 2522 2523 2746
15191 4 2 0 1 3251 3141 3144 3252
15192 4 2 0 1 2669 744 2666 475
15193 4 2 0 1 2320 3198 3869 2870
15194 4 2 0 1 362 2716 3731 2717
15195 4 2 0 1 2520 2519 2521 3436
15196 4 2 0 1 2483 2478 2476 3599
15197 4 2 0 1 3159 3869 3198 2870
15198 4 2 0 1 3013 3785 3008 3011
15199 4 2 0 1 279 3475 277 2930
15200 4 2 0 1 3275 3152 3846 2580
15201 4 2 0 1 3013 3008 3785 3278
15202 4 2 0 1 2264 2284 2263 2813
15203 4 2 0 1 3875 2259 3399 3398
15204 4 2 0 1 3370 2265 3399 2259
15205 4 2 0 1 2671 3418 2673 2670
15206 4 2 0 1 3168 3516 3851 3207
15207 4 2 0 1 2533 3418 2535 460
15208 4 2 0 1 3624 2533 2673 2535
15209 4 2 0 1 3579 3613 2512 2458
15210 4 2 0 1 3120 3117 3002 3780
15211 4 2 0 1 811 2459 934 2620
15212 4 2 0 1 1932 3837 3075 3250
15213 4 2 0 1 3613 2510 3446 2914
15214 4 2 0 1 2512 3577 2719 3613
15215 4 2 0 1 2670 2673 2672 2533
15216 4 2 0 1 3624 3626 2535 2673
15217 4 2 0 1 3404 3626 2673 3406
15218 4 2 0 1 81 1140 505 2962
15219 4 2 0 1 2890 3545 649 3418
15220 4 2 0 1 2383 3702 2683 2267
15221 4 2 0 1 3701 1102 2901 987
15222 4 2 0 1 2684 3702 3701 2901
15223 4 2 0 1 2690 98 2922 3701
15224 4 2 0 1 2878 3543 3701 3424
15225 4 2 0 1 3424 2581 2690 3662
15226 4 2 0 1 836 2739 2740 2784
15227 4 2 0 1 2272 3367 3368 2523
15228 4 2 0 1 1567 3256 1565 1890
15229 4 2 0 1 3250 1812 1533 3825
15230 4 2 0 1 2701 2523 3368 2746
15231 4 2 0 1 3435 2718 2921 2400
15232 4 2 0 1 3250 1533 1812 1943
15233 4 2 0 1 3811 1868 1753 3310
15234 4 2 0 1 2259 2699 2598 3400
15235 4 2 0 1 2350 3387 3402 3386
15236 4 2 0 1 3876 3396 3403 3419
15237 4 2 0 1 3811 3187 3310 3042
15238 4 2 0 1 2646 2808 3374 2648
15239 4 2 0 1 936 1061 2658 850
15240 4 2 0 1 3570 2442 2439 2441
15241 4 2 0 1 2895 2662 2737 2735
15242 4 2 0 1 3877 3750 3402 3384
15243 4 2 0 1 2916 2904 2265 3346
15244 4 2 0 1 3042 3287 3819 3310
15245 4 2 0 1 3287 3819 3310 3820
15246 4 2 0 1 2532 2531 2537 3416
15247 4 2 0 1 2630 3560 2657 2771
15248 4 2 0 1 349 884 718 2438
15249 4 2 0 1 3260 3734 3853 3429
15250 4 2 0 1 3575 3446 2911 3452
15251 4 2 0 1 2911 3260 3429 3574
15252 4 2 0 1 3428 2889 3413 2926
15253 4 2 0 1 2280 3452 3448 2769
15254 4 2 0 1 3178 3144 3848 3146
15255 4 2 0 1 3919 3785 2213 1774
15256 4 2 0 1 3507 2845 3285 3510
15257 4 2 0 1 391 3415 3459 878
15258 4 2 0 1 2779 2875 2877 2348
15259 4 2 0 1 1123 2918 3415 2969
15260 4 2 0 1 3946 3910 1632 1521
15261 4 2 0 1 3045 3039 3809 3810
15262 4 2 0 1 2948 392 361 977
15263 4 2 0 1 172 950 472 3667
15264 4 2 0 1 450 914 3681 772
15265 4 2 0 1 870 1027 3681 450
15266 4 2 0 1 950 2474 472 3667
15267 4 2 0 1 2504 2891 2674 2642
15268 4 2 0 1 453 2404 568 1048
15269 4 2 0 1 771 997 3566 761
15270 4 2 0 1 2292 2753 2896 3462
15271 4 2 0 1 2930 869 3475 968
15272 4 2 0 1 2504 3517 3466 2340
15273 4 2 0 1 2810 2293 3392 3471
15274 4 2 0 1 865 689 2766 1056
15275 4 2 0 1 2930 869 968 631
15276 4 2 0 1 3460 3471 2492 3390
15277 4 2 0 1 276 277 3475 275
15278 4 2 0 1 2296 795 2930 2297
15279 4 2 0 1 3606 2293 3471 3392
15280 4 2 0 1 3460 3471 3390 3606
15281 4 2 0 1 2975 448 610 751
15282 4 2 0 1 869 1129 3475 968
15283 4 2 0 1 2930 869 2296 3475
15284 4 2 0 1 2830 3596 3597 2831
15285 4 2 0 1 2991 884 702 349
15286 4 2 0 1 766 662 3597 506
15287 4 2 0 1 2355 3482 2754 2359
15288 4 2 0 1 702 451 2935 828
15289 4 2 0 1 702 2935 451 2437
15290 4 2 0 1 2861 2862 2470 3391
15291 4 2 0 1 2634 2663 2505 2635
15292 4 2 0 1 2800 2308 3480 2843
15293 4 2 0 1 2634 2505 2663 3695
15294 4 2 0 1 2306 954 390 232
15295 4 2 0 1 2681 245 2949 2631
15296 4 2 0 1 2939 3528 2356 2951
15297 4 2 0 1 2891 2505 2663 2635
15298 4 2 0 1 3016 3252 2580 3263
15299 4 2 0 1 2070 1965 1622 3101
15300 4 2 0 1 166 745 2994 746
15301 4 2 0 1 2386 2505 3695 2663
15302 4 2 0 1 2738 2843 2893 3480
15303 4 2 0 1 2559 2553 3638 2552
15304 4 2 0 1 1664 2387 1745 2250
15305 4 2 0 1 1745 2387 1664 2366
15306 4 2 0 1 3164 3098 3200 3195
15307 4 2 0 1 2728 3529 3728 2362
15308 4 2 0 1 3364 3873 3481 3513
15309 4 2 0 1 2788 2338 3194 3502
15310 4 2 0 1 2788 3738 3363 3502
15311 4 2 0 1 3213 1178 3315 3277
15312 4 2 0 1 3503 3347 3360 3496
15313 4 2 0 1 1181 3718 1183 3062
15314 4 2 0 1 795 2930 631 869
15315 4 2 0 1 2254 2710 2463 3359
15316 4 2 0 1 1833 1969 1835 3021
15317 4 2 0 1 2311 231 233 509
15318 4 2 0 1 2804 232 2310 233
15319 4 2 0 1 2707 2709 2323 3197
15320 4 2 0 1 3512 3265 3183 3082
15321 4 2 0 1 234 232 2310 2306
15322 4 2 0 1 234 2310 232 233
15323 4 2 0 1 3084 2582 3085 3139
15324 4 2 0 1 2898 2960 2325 3523
15325 4 2 0 1 2953 2429 2427 2428
15326 4 2 0 1 2633 3680 2430 2807
15327 4 2 0 1 2864 2259 2284 2598
15328 4 2 0 1 1689 3899 3791 1690
15329 4 2 0 1 887 2780 3320 2690
15330 4 2 0 1 3161 3137 3851 3024
15331 4 2 0 1 3320 2780 887 96
15332 4 2 0 1 2631 2774 2359 2429
15333 4 2 0 1 3153 3239 2334 3159
15334 4 2 0 1 3059 3254 3155 3317
15335 4 2 0 1 2228 1799 2837 2838
15336 4 2 0 1 3058 3492 3813 3229
15337 4 2 0 1 2228 2837 1799 1957
15338 4 2 0 1 2617 2653 2616 2276
15339 4 2 0 1 3867 3239 3866 3154
15340 4 2 0 1 1531 3276 1529 1532
15341 4 2 0 1 2617 2616 2653 2618
15342 4 2 0 1 3692 2571 2276 2651
15343 4 2 0 1 3168 3089 3169 3087
15344 4 2 0 1 3162 3161 2060 3163
15345 4 2 0 1 2801 3878 3466 3468
15346 4 2 0 1 2480 2478 3598 3596
15347 4 2 0 1 2741 3465 2742 2309
15348 4 2 0 1 2783 2784 2835 2781
15349 4 2 0 1 3598 2478 2480 3594
15350 4 2 0 1 3517 2504 3464 2340
15351 4 2 0 1 1933 3296 2063 3533
15352 4 2 0 1 2416 1863 2827 1711
15353 4 2 0 1 3296 2199 2923 1933
15354 4 2 0 1 2812 3692 2571 2652
15355 4 2 0 1 2379 2929 104 684
15356 4 2 0 1 2823 2674 2287 3463
15357 4 2 0 1 104 2929 2379 3540
15358 4 2 0 1 3347 3503 3349 3352
15359 4 2 0 1 3360 2960 2898 3523
15360 4 2 0 1 3524 3521 3522 2897
15361 4 2 0 1 2291 2816 2353 2660
15362 4 2 0 1 2352 2816 2353 2661
15363 4 2 0 1 2379 686 684 104
15364 4 2 0 1 2660 2352 2816 2353
15365 4 2 0 1 2660 2352 2353 2627
15366 4 2 0 1 2379 2376 104 3540
15367 4 2 0 1 2472 2469 2463 3359
15368 4 2 0 1 3756 1770 2897 2957
15369 4 2 0 1 3686 3687 3563 2569
15370 4 2 0 1 2363 2958 2957 3532
15371 4 2 0 1 2367 3533 3534 2366
15372 4 2 0 1 2368 3321 3532 3324
15373 4 2 0 1 3321 2368 3532 2958
15374 4 2 0 1 2039 3536 3164 3862
15375 4 2 0 1 2370 2369 3757 2372
15376 4 2 0 1 3563 3687 3686 2638
15377 4 2 0 1 3302 3513 3264 2372
15378 4 2 0 1 1824 2899 1336 3812
15379 4 2 0 1 1929 1823 1609 3535
15380 4 2 0 1 3476 3360 2347 3523
15381 4 2 0 1 3360 2961 3523 3476
15382 4 2 0 1 2579 2187 2622 1984
15383 4 2 0 1 3360 3523 2961 2960
15384 4 2 0 1 527 528 2376 545
15385 4 2 0 1 2325 3523 2961 2363
15386 4 2 0 1 2864 2259 2265 2284
15387 4 2 0 1 459 2890 987 649
15388 4 2 0 1 2622 3655 2659 2509
15389 4 2 0 1 3694 3655 2579 2576
15390 4 2 0 1 2935 3569 2439 2436
15391 4 2 0 1 104 2670 3540 2376
15392 4 2 0 1 2372 3200 3195 3164
15393 4 2 0 1 3792 3899 1690 3791
15394 4 2 0 1 2954 2453 2993 2393
15395 4 2 0 1 347 3459 2880 2283
15396 4 2 0 1 3132 3761 2852 3763
15397 4 2 0 1 3132 3859 3763 3214
15398 4 2 0 1 3870 3165 3288 3186
15399 4 2 0 1 3216 3453 2775 3551
15400 4 2 0 1 1385 3832 2103 3781
15401 4 2 0 1 1385 3832 1388 2103
15402 4 2 0 1 2409 2406 3274 2453
15403 4 2 0 1 2409 2406 2453 3548
15404 4 2 0 1 347 2880 3459 346
15405 4 2 0 1 2453 78 1 1494
15406 4 2 0 1 2704 79 2365 2387
15407 4 2 0 1 2651 122 692 2994
15408 4 2 0 1 2455 2510 2380 2508
15409 4 2 0 1 984 541 550 3687
15410 4 2 0 1 1413 1833 1835 3021
15411 4 2 0 1 192 3560 2415 2412
15412 4 2 0 1 194 191 2415 193
15413 4 2 0 1 2385 79 2387 2365
15414 4 2 0 1 3299 3277 2205 3213
15415 4 2 0 1 2503 2891 2635 2505
15416 4 2 0 1 901 2881 2919 751
15417 4 2 0 1 2442 2591 2439 2441
15418 4 2 0 1 2816 2751 3461 3479
15419 4 2 0 1 3653 3686 2538 2902
15420 4 2 0 1 3461 2492 2816 3479
15421 4 2 0 1 2421 2422 2433 2444
15422 4 2 0 1 3238 3086 3244 3488
15423 4 2 0 1 2894 89 1053 1037
15424 4 2 0 1 2305 2448 2421 3572
15425 4 2 0 1 763 510 2971 762
15426 4 2 0 1 3581 377 770 380
15427 4 2 0 1 3238 3244 3086 3139
15428 4 2 0 1 3581 377 380 3619
15429 4 2 0 1 3851 3087 3238 3168
15430 4 2 0 1 1717 3277 1966 2205
15431 4 2 0 1 777 2300 3681 491
15432 4 2 0 1 777 2300 491 492
15433 4 2 0 1 3428 3658 3339 3413
15434 4 2 0 1 3339 3658 3428 3272
15435 4 2 0 1 3580 3584 2462 2315
15436 4 2 0 1 2698 2461 3708 2545
15437 4 2 0 1 3837 2207 1677 1787
15438 4 2 0 1 554 1000 871 3666
15439 4 2 0 1 156 1000 3666 159
15440 4 2 0 1 1124 2474 3667 3666
15441 4 2 0 1 3161 1836 3024 3021
15442 4 2 0 1 3293 1785 1660 1790
15443 4 2 0 1 2455 2458 2454 2380
15444 4 2 0 1 1660 1785 3293 2168
15445 4 2 0 1 2455 2458 2380 2510
15446 4 2 0 1 2645 2646 2298 2808
15447 4 2 0 1 2871 3608 2288 2499
15448 4 2 0 1 2871 2288 3608 2682
15449 4 2 0 1 445 441 2484 877
15450 4 2 0 1 2742 3465 2824 2743
15451 4 2 0 1 2508 2910 2380 2511
15452 4 2 0 1 2455 2508 2380 2511
15453 4 2 0 1 2807 2871 3460 2705
15454 4 2 0 1 2928 2681 2289 2696
15455 4 2 0 1 2822 2384 3609 728
15456 4 2 0 1 2384 2822 3609 2500
15457 4 2 0 1 580 3603 579 581
15458 4 2 0 1 2554 2320 3636 3635
15459 4 2 0 1 3460 2753 2893 2807
15460 4 2 0 1 3941 3939 49 1175
15461 4 2 0 1 1155 1883 2173 3549
15462 4 2 0 1 2324 3430 3435 3498
15463 4 2 0 1 1920 1177 1175 2050
15464 4 2 0 1 3084 2582 3139 3142
15465 4 2 0 1 3354 3365 2328 3872
15466 4 2 0 1 3641 2869 2844 2329
15467 4 2 0 1 3198 3869 3199 2320
15468 4 2 0 1 3871 3886 3490 3766
15469 4 2 0 1 2531 2530 2655 2672
15470 4 2 0 1 1920 1175 1177 3914
15471 4 2 0 1 3343 2650 2672 2904
15472 4 2 0 1 2655 2932 2940 2570
15473 4 2 0 1 635 2569 2568 3687
15474 4 2 0 1 2378 785 2655 3906
15475 4 2 0 1 2672 2649 2378 2655
15476 4 2 0 1 3633 536 539 2940
15477 4 2 0 1 3941 3939 1974 2090
15478 4 2 0 1 2723 2570 3654 3426
15479 4 2 0 1 2084 1179 3637 1958
15480 4 2 0 1 1717 3277 2205 3299
15481 4 2 0 1 3718 3198 3637 1182
15482 4 2 0 1 3646 3215 3299 3645
15483 4 2 0 1 3299 3277 3213 3645
15484 4 2 0 1 3869 2870 3159 3239
15485 4 2 0 1 1781 2152 2197 3761
15486 4 2 0 1 752 902 2553 17
15487 4 2 0 1 2604 743 2664 80
15488 4 2 0 1 3198 1958 3266 3277
15489 4 2 0 1 3563 3727 2726 2275
15490 4 2 0 1 3417 2534 2532 3416
15491 4 2 0 1 3632 2940 2655 3633
15492 4 2 0 1 1815 1813 3893 1663
15493 4 2 0 1 1776 2561 3646 3213
15494 4 2 0 1 2728 2829 2703 2702
15495 4 2 0 1 200 714 855 2547
15496 4 2 0 1 849 889 999 3530
15497 4 2 0 1 2198 62 3271 2963
15498 4 2 0 1 2395 2769 3550 3448
15499 4 2 0 1 3335 1343 3271 3311
15500 4 2 0 1 3544 2578 2577 2576
15501 4 2 0 1 3270 102 480 63
15502 4 2 0 1 1341 1343 3271 1340
15503 4 2 0 1 790 2536 2440 2438
15504 4 2 0 1 3165 3746 3269 3136
15505 4 2 0 1 3448 2921 2400 3435
15506 4 2 0 1 2327 3353 3349 3738
15507 4 2 0 1 2769 2400 3448 2721
15508 4 2 0 1 3013 2206 3785 1421
15509 4 2 0 1 3071 3008 3785 3011
15510 4 2 0 1 1582 3911 2220 2102
15511 4 2 0 1 2584 2577 3336 3337
15512 4 2 0 1 1606 3905 1839 2029
15513 4 2 0 1 1147 2436 716 1008
15514 4 2 0 1 3336 3312 2759 2693
15515 4 2 0 1 3336 3312 3311 2759
15516 4 2 0 1 2576 2574 3538 2374
15517 4 2 0 1 697 3598 663 919
15518 4 2 0 1 1606 1839 3905 2149
15519 4 2 0 1 2611 2405 2612 2605
15520 4 2 0 1 2587 174 2848 3667
15521 4 2 0 1 1738 3786 2033 1604
15522 4 2 0 1 1839 3944 1841 1840
15523 4 2 0 1 3883 2771 3442 2630
15524 4 2 0 1 2402 2399 2405 2398
15525 4 2 0 1 2608 2395 2776 2775
15526 4 2 0 1 1147 716 2436 2955
15527 4 2 0 1 2222 2023 1351 2608
15528 4 2 0 1 2988 3552 2601 2608
15529 4 2 0 1 2611 1922 2008 2796
15530 4 2 0 1 1839 3944 1840 1392
15531 4 2 0 1 3744 2339 3137 3138
15532 4 2 0 1 3744 2339 3138 3126
15533 4 2 0 1 3458 2615 2277 2677
15534 4 2 0 1 3138 3744 3126 2794
15535 4 2 0 1 2277 2677 2880 3458
15536 4 2 0 1 2757 3874 3422 3339
15537 4 2 0 1 2757 3874 3339 3397
15538 4 2 0 1 709 1083 710 2951
15539 4 2 0 1 2757 3422 3423 2937
15540 4 2 0 1 3009 3010 2033 3786
15541 4 2 0 1 3063 1258 1244 2015
15542 4 2 0 1 2294 3393 2625 2594
15543 4 2 0 1 2625 2725 2724 3678
15544 4 2 0 1 3063 1258 2015 1263
15545 4 2 0 1 1504 1502 2900 1707
15546 4 2 0 1 2993 3578 2894 3579
15547 4 2 0 1 3836 3104 3103 3079
15548 4 2 0 1 1504 2900 1502 3109
15549 4 2 0 1 1346 1335 3929 1334
15550 4 2 0 1 2490 2485 3604 3605
15551 4 2 0 1 3289 1744 3559 3274
15552 4 2 0 1 3289 1744 3274 1915
15553 4 2 0 1 3579 3613 2458 2457
15554 4 2 0 1 1494 1807 3274 2453
15555 4 2 0 1 3689 2488 3752 2647
15556 4 2 0 1 1494 1807 2453 78
15557 4 2 0 1 2760 2830 3696 2484
15558 4 2 0 1 3178 3236 3241 3141
15559 4 2 0 1 563 2489 3697 3696
15560 4 2 0 1 3689 2489 3696 2762
15561 4 2 0 1 2888 2615 2797 2677
15562 4 2 0 1 3178 3241 3236 3234
15563 4 2 0 1 746 745 3654 660
15564 4 2 0 1 1857 2058 3250 1858
15565 4 2 0 1 2864 3529 2362 2271
15566 4 2 0 1 3386 2260 3402 3877
15567 4 2 0 1 3342 2976 3343 2261
15568 4 2 0 1 3335 3312 3662 3249
15569 4 2 0 1 3386 3402 2260 3387
15570 4 2 0 1 2697 2676 3392 3769
15571 4 2 0 1 3033 3082 1590 3158
15572 4 2 0 1 2676 3736 2675 2761
15573 4 2 0 1 879 851 3595 3697
15574 4 2 0 1 2481 433 435 633
15575 4 2 0 1 3033 3830 1888 1591
15576 4 2 0 1 3736 2481 2675 2761
15577 4 2 0 1 3336 3424 3662 3337
15578 4 2 0 1 1927 2177 3249 2176
15579 4 2 0 1 3424 2581 3662 3337
15580 4 2 0 1 3389 2566 2565 3385
15581 4 2 0 1 2693 2581 3660 3661
15582 4 2 0 1 2693 2581 3661 3337
15583 4 2 0 1 1319 3937 1321 1320
15584 4 2 0 1 334 348 2948 322
15585 4 2 0 1 2698 2515 3709 3708
15586 4 2 0 1 2948 2597 3710 322
15587 4 2 0 1 2523 2272 2874 3368
15588 4 2 0 1 3911 3256 1311 2102
15589 4 2 0 1 2565 2566 3389 2567
15590 4 2 0 1 3199 3065 3817 3487
15591 4 2 0 1 1719 1826 3852 2106
15592 4 2 0 1 3577 2457 2402 2399
15593 4 2 0 1 2715 621 3722 624
15594 4 2 0 1 346 2880 3459 391
15595 4 2 0 1 2413 951 2763 2765
15596 4 2 0 1 393 2969 3459 341
15597 4 2 0 1 2798 3732 2529 2942
15598 4 2 0 1 1719 3852 1826 3121
15599 4 2 0 1 1764 3028 3804 2171
15600 4 2 0 1 2290 2492 3461 3479
15601 4 2 0 1 2965 3631 790 415
15602 4 2 0 1 3000 3937 1319 1320
15603 4 2 0 1 3000 3891 1320 1676
15604 4 2 0 1 1628 3924 2088 3919
15605 4 2 0 1 3236 2905 3234 3241
15606 4 2 0 1 2330 3269 2793 2759
15607 4 2 0 1 184 181 185 2765
15608 4 2 0 1 1585 3925 1344 1584
15609 4 2 0 1 1585 1344 3925 1820
15610 4 2 0 1 84 2420 42 209
15611 4 2 0 1 1177 2050 2943 49
15612 4 2 0 1 1321 1344 3925 1584
15613 4 2 0 1 1319 3925 3937 1820
15614 4 2 0 1 2448 2773 3122 2418
15615 4 2 0 1 2789 3742 3741 3704
15616 4 2 0 1 2691 2338 2784 2785
15617 4 2 0 1 3747 2790 3126 3745
15618 4 2 0 1 2789 3742 2786 3741
15619 4 2 0 1 2890 2873 2901 2689
15620 4 2 0 1 2843 2752 2661 2662
15621 4 2 0 1 2684 3702 2901 2689
15622 4 2 0 1 790 2443 260 3631
15623 4 2 0 1 456 1025 2892 2942
15624 4 2 0 1 3702 2686 2901 2689
15625 4 2 0 1 3874 3345 3369 3368
15626 4 2 0 1 3924 2042 3919 1416
15627 4 2 0 1 2814 3422 3436 3753
15628 4 2 0 1 2985 754 2907 3567
15629 4 2 0 1 2883 3367 3368 3413
15630 4 2 0 1 3485 3773 2773 3122
15631 4 2 0 1 2450 2945 1643 3105
15632 4 2 0 1 3885 2312 2826 3292
15633 4 2 0 1 3844 3231 3206 3226
15634 4 2 0 1 899 56 836 2740
15635 4 2 0 1 3363 2788 2781 2782
15636 4 2 0 1 2699 2259 3395 3400
15637 4 2 0 1 2668 744 2664 2669
15638 4 2 0 1 296 299 300 2991
15639 4 2 0 1 2555 3553 3640 2558
15640 4 2 0 1 472 2848 779 174
15641 4 2 0 1 3453 3450 3449 3448
15642 4 2 0 1 2381 3853 3498 3541
15643 4 2 0 1 2400 2279 3452 2911
15644 4 2 0 1 3363 2781 2788 2783
15645 4 2 0 1 3306 3268 3288 3433
15646 4 2 0 1 3942 3929 3223 1329
15647 4 2 0 1 2878 995 887 98
15648 4 2 0 1 887 995 2878 59
15649 4 2 0 1 3232 3227 3106 2312
15650 4 2 0 1 3772 2196 3735 3307
15651 4 2 0 1 3121 1720 1339 1719
15652 4 2 0 1 3219 3172 3333 3318
15653 4 2 0 1 3783 1223 3172 3116
15654 4 2 0 1 1425 3072 1426 1432
15655 4 2 0 1 2765 1081 741 187
15656 4 2 0 1 3536 1896 2039 1730
15657 4 2 0 1 3007 2344 3204 3519
15658 4 2 0 1 1321 3937 1337 1320
15659 4 2 0 1 1820 1937 3000 3779
15660 4 2 0 1 2147 3000 3116 1702
15661 4 2 0 1 3778 1256 1251 1255
15662 4 2 0 1 1223 1267 1221 3842
15663 4 2 0 1 3783 1224 1225 3230
15664 4 2 0 1 1047 972 2422 86
15665 4 2 0 1 1230 3784 2101 3008
15666 4 2 0 1 2848 1097 779 174
15667 4 2 0 1 1047 2422 972 2920
15668 4 2 0 1 2630 3560 2771 2411
15669 4 2 0 1 3938 1862 1384 1381
15670 4 2 0 1 3790 3791 3792 1692
15671 4 2 0 1 3044 3807 3809 3046
15672 4 2 0 1 3045 3044 3809 3046
15673 4 2 0 1 3099 3836 1367 2423
15674 4 2 0 1 2828 3291 2826 3485
15675 4 2 0 1 1969 1836 1835 3021
15676 4 2 0 1 2012 1415 1835 1413
15677 4 2 0 1 2828 3291 3485 2423
15678 4 2 0 1 884 3570 718 2438
15679 4 2 0 1 1914 1367 2828 1365
15680 4 2 0 1 1316 1827 3805 1287
15681 4 2 0 1 1286 1284 1328 3256
15682 4 2 0 1 1525 1511 3028 3029
15683 4 2 0 1 3259 3642 3216 3214
15684 4 2 0 1 2202 1371 2423 2068
15685 4 2 0 1 1007 2547 3654 657
15686 4 2 0 1 3763 1871 1780 3258
15687 4 2 0 1 3141 1449 3095 3659
15688 4 2 0 1 3819 1992 1306 1991
15689 4 2 0 1 1303 1305 1304 3284
15690 4 2 0 1 1313 3808 1304 3810
15691 4 2 0 1 3159 3297 3153 1909
15692 4 2 0 1 3341 1198 1197 1199
15693 4 2 0 1 1633 3900 1309 1634
15694 4 2 0 1 3019 3253 3018 3282
15695 4 2 0 1 3924 3787 1415 1416
15696 4 2 0 1 3104 3103 3079 3835
15697 4 2 0 1 2474 2848 472 3667
15698 4 2 0 1 1309 3900 1633 1299
15699 4 2 0 1 3102 3486 3077 3011
15700 4 2 0 1 1277 2237 3826 1276
15701 4 2 0 1 3918 1734 3909 1998
15702 4 2 0 1 3069 3822 1265 3068
15703 4 2 0 1 3102 3486 3079 3077
15704 4 2 0 1 300 2990 299 306
15705 4 2 0 1 1415 3924 1414 3934
15706 4 2 0 1 3355 2788 3357 2711
15707 4 2 0 1 3355 3357 2788 3313
15708 4 2 0 1 3305 3836 3079 3101
15709 4 2 0 1 1932 3837 1677 2129
15710 4 2 0 1 1924 2070 3305 3101
15711 4 2 0 1 2825 2923 2908 3196
15712 4 2 0 1 479 2392 781 1052
15713 4 2 0 1 479 781 2392 463
15714 4 2 0 1 3141 1449 3659 1450
15715 4 2 0 1 2135 3304 3331 1488
15716 4 2 0 1 3625 3732 2307 2529
15717 4 2 0 1 2888 694 614 2677
15718 4 2 0 1 2609 3107 2852 2602
15719 4 2 0 1 2739 2736 2742 2309
15720 4 2 0 1 2677 695 614 2915
15721 4 2 0 1 1914 1819 2423 2068
15722 4 2 0 1 3843 3289 3559 2410
15723 4 2 0 1 3113 3242 1484 3110
15724 4 2 0 1 3242 1481 1479 1480
15725 4 2 0 1 3839 1514 1485 3841
15726 4 2 0 1 2296 3698 864 795
15727 4 2 0 1 2296 864 3698 2974
15728 4 2 0 1 3141 1449 1450 1451
15729 4 2 0 1 3805 1825 1582 2220
15730 4 2 0 1 2694 2585 3703 3314
15731 4 2 0 1 3485 3735 2418 2773
15732 4 2 0 1 2582 3125 3139 3202
15733 4 2 0 1 2794 3508 3138 2331
15734 4 2 0 1 3135 3017 2582 3202
15735 4 2 0 1 3114 2397 3850 3212
15736 4 2 0 1 646 1068 2426 800
15737 4 2 0 1 1625 2007 1903 3093
15738 4 2 0 1 2175 1905 1903 3093
15739 4 2 0 1 1625 1903 3095 3093
15740 4 2 0 1 3849 3144 3094 3093
15741 4 2 0 1 3095 1625 3093 1686
15742 4 2 0 1 2407 2280 3323 3234
15743 4 2 0 1 1555 2065 1458 3768
15744 4 2 0 1 3291 3735 3485 2423
15745 4 2 0 1 3576 3734 3429 3694
15746 4 2 0 1 2579 3542 3694 2758
15747 4 2 0 1 3451 3111 3251 2396
15748 4 2 0 1 3111 3251 2396 3263
15749 4 2 0 1 2811 2854 3537 2653
15750 4 2 0 1 3644 2320 2868 3267
15751 4 2 0 1 3625 3732 2529 2798
15752 4 2 0 1 2335 3159 3229 3157
15753 4 2 0 1 2800 3407 2799 3625
15754 4 2 0 1 1187 3229 3813 1185
15755 4 2 0 1 2568 903 3687 2414
15756 4 2 0 1 3012 1423 3014 3255
15757 4 2 0 1 3130 3127 1553 3128
15758 4 2 0 1 2837 3864 3227 3255
15759 4 2 0 1 3222 3206 3226 2836
15760 4 2 0 1 2811 2854 2654 3656
15761 4 2 0 1 2442 2540 2274 2938
15762 4 2 0 1 3004 3782 3064 3223
15763 4 2 0 1 3064 1259 3782 1261
15764 4 2 0 1 3145 3147 3144 3143
15765 4 2 0 1 2780 836 2739 812
15766 4 2 0 1 2496 1068 2426 2772
15767 4 2 0 1 3627 2800 2799 3625
15768 4 2 0 1 3503 3873 3353 2327
15769 4 2 0 1 3873 2327 3872 3364
15770 4 2 0 1 3302 2960 3513 3362
15771 4 2 0 1 2514 3233 2114 1732
15772 4 2 0 1 3380 3387 3373 3406
15773 4 2 0 1 2256 3377 3386 3375
15774 4 2 0 1 1974 3939 3941 1175
15775 4 2 0 1 3377 3380 3386 3375
15776 4 2 0 1 2695 2546 3691 3708
15777 4 2 0 1 2695 2713 2597 3708
15778 4 2 0 1 2820 2648 3690 3877
15779 4 2 0 1 3625 3732 2798 2800
15780 4 2 0 1 3923 1236 1234 1238
15781 4 2 0 1 2362 2271 3531 3346
15782 4 2 0 1 3443 3437 2764 2876
15783 4 2 0 1 2648 2808 3374 3384
15784 4 2 0 1 3567 2431 2502 3566
15785 4 2 0 1 3196 2674 2386 2640
15786 4 2 0 1 3844 3231 3226 2313
15787 4 2 0 1 2340 2336 2640 2674
15788 4 2 0 1 2540 3771 2274 2938
15789 4 2 0 1 3580 2518 2936 2464
15790 4 2 0 1 2640 3302 3196 3884
15791 4 2 0 1 3362 2336 3481 3513
15792 4 2 0 1 2378 3889 530 2376
15793 4 2 0 1 2132 1920 3571 3243
15794 4 2 0 1 1068 2772 646 2426
15795 4 2 0 1 2132 3571 1920 2051
15796 4 2 0 1 3889 530 528 529
15797 4 2 0 1 642 643 2586 3623
15798 4 2 0 1 2833 899 55 91
15799 4 2 0 1 2474 3526 3623 2526
15800 4 2 0 1 181 2763 175 892
15801 4 2 0 1 181 2763 892 2765
15802 4 2 0 1 1555 2065 3768 1832
15803 4 2 0 1 3572 2305 2452 2421
15804 4 2 0 1 3559 1575 3558 1744
15805 4 2 0 1 751 2975 2919 1037
15806 4 2 0 1 3923 1240 1239 1238
15807 4 2 0 1 2456 3308 72 3327
15808 4 2 0 1 1123 2918 2969 670
15809 4 2 0 1 1337 1320 3937 3891
15810 4 2 0 1 3923 1233 3892 1234
15811 4 2 0 1 2678 2696 2680 3769
15812 4 2 0 1 3318 1220 1221 1222
15813 4 2 0 1 306 2436 425 308
15814 4 2 0 1 3318 3190 3842 1221
15815 4 2 0 1 790 2443 259 260
15816 4 2 0 1 2437 469 451 702
15817 4 2 0 1 3142 3887 3504 3084
15818 4 2 0 1 2621 2813 2253 2257
15819 4 2 0 1 2969 2599 3414 2749
15820 4 2 0 1 967 3590 594 3585
15821 4 2 0 1 967 3590 3585 2972
15822 4 2 0 1 527 528 526 2376
15823 4 2 0 1 923 2389 420 1118
15824 4 2 0 1 2544 3584 2903 3585
15825 4 2 0 1 2654 177 834 114
15826 4 2 0 1 767 288 2473 286
15827 4 2 0 1 3676 117 116 118
15828 4 2 0 1 923 420 2389 386
15829 4 2 0 1 2495 673 2956 3591
15830 4 2 0 1 673 2956 3591 858
15831 4 2 0 1 2956 3592 3591 2467
15832 4 2 0 1 286 673 284 3591
15833 4 2 0 1 441 3600 2484 877
15834 4 2 0 1 2645 2760 2484 2646
15835 4 2 0 1 12 2603 743 856
15836 4 2 0 1 2604 743 80 13
15837 4 2 0 1 461 447 473 2559
15838 4 2 0 1 2760 2831 2484 2646
15839 4 2 0 1 3643 3257 3051 3111
15840 4 2 0 1 2531 3426 3416 2904
15841 4 2 0 1 2298 3600 2484 2645
15842 4 2 0 1 3643 3257 3111 2557
15843 4 2 0 1 580 3603 581 2498
15844 4 2 0 1 3000 1676 2016 1741
15845 4 2 0 1 2467 2641 2768 2466
15846 4 2 0 1 3836 2070 3101 3305
15847 4 2 0 1 330 2495 888 759
15848 4 2 0 1 3607 583 888 581
15849 4 2 0 1 2008 2608 2222 1351
15850 4 2 0 1 2390 1018 396 636
15851 4 2 0 1 2956 700 858 1119
15852 4 2 0 1 396 1018 2390 909
15853 4 2 0 1 1266 1671 3064 2054
15854 4 2 0 1 2943 2051 45 2050
15855 4 2 0 1 1460 1446 3105 3240
15856 4 2 0 1 3042 3287 3310 3811
15857 4 2 0 1 3799 3028 3026 3803
15858 4 2 0 1 1831 1921 2208 3284
15859 4 2 0 1 2970 513 1009 1044
15860 4 2 0 1 3940 2244 1303 1996
15861 4 2 0 1 3296 2199 1611 2145
15862 4 2 0 1 2503 2891 3463 2287
15863 4 2 0 1 2825 2367 2386 2388
15864 4 2 0 1 1460 3105 1446 1445
15865 4 2 0 1 1327 3759 1363 1364
15866 4 2 0 1 3308 3617 3340 2514
15867 4 2 0 1 1883 1174 2514 3549
15868 4 2 0 1 1365 1363 3758 1364
15869 4 2 0 1 2105 2240 2827 1164
15870 4 2 0 1 3340 3308 2514 2110
15871 4 2 0 1 2882 765 2722 2717
15872 4 2 0 1 2722 765 2882 369
15873 4 2 0 1 2514 1732 1883 3558
15874 4 2 0 1 3616 2111 1172 2112
15875 4 2 0 1 3792 1396 3015 1395
15876 4 2 0 1 2514 1883 1732 2002
15877 4 2 0 1 3308 1174 2514 2110
15878 4 2 0 1 1383 3781 1384 1381
15879 4 2 0 1 3622 2592 2586 2594
15880 4 2 0 1 2111 2514 1172 2110
15881 4 2 0 1 2884 807 2524 1144
15882 4 2 0 1 807 397 2524 1144
15883 4 2 0 1 360 2390 397 2524
15884 4 2 0 1 360 397 2390 395
15885 4 2 0 1 3245 2773 3571 2444
15886 4 2 0 1 2390 397 2524 2389
15887 4 2 0 1 2591 2389 3623 2526
15888 4 2 0 1 3416 3404 2673 2904
15889 4 2 0 1 2673 3344 3409 3343
15890 4 2 0 1 3865 3096 3204 3097
15891 4 2 0 1 3109 1500 1501 1499
15892 4 2 0 1 1853 3319 1939 1748
15893 4 2 0 1 84 40 3290 843
15894 4 2 0 1 2686 2689 2860 3628
15895 4 2 0 1 1542 1486 3112 1499
15896 4 2 0 1 3319 1542 2214 2079
15897 4 2 0 1 3228 3865 3204 3007
15898 4 2 0 1 1853 3319 1748 1641
15899 4 2 0 1 1191 2108 3298 1193
15900 4 2 0 1 3109 1503 2040 1501
15901 4 2 0 1 3708 3719 2713 2698
15902 4 2 0 1 1583 3806 1538 2034
15903 4 2 0 1 3708 3719 2698 2545
15904 4 2 0 1 3258 3646 3299 2184
15905 4 2 0 1 3719 2698 2545 2712
15906 4 2 0 1 3266 2026 1716 2150
15907 4 2 0 1 2714 2545 2461 2698
15908 4 2 0 1 3351 2840 2712 2545
15909 4 2 0 1 2839 3351 2712 2545
15910 4 2 0 1 1409 1408 1406 3021
15911 4 2 0 1 3708 3719 2545 2777
15912 4 2 0 1 3708 3719 2777 2713
15913 4 2 0 1 1625 3095 1447 1686
15914 4 2 0 1 964 3894 3890 792
15915 4 2 0 1 3641 2869 2329 3433
15916 4 2 0 1 3449 3435 3453 3448
15917 4 2 0 1 3203 2157 1669 1769
15918 4 2 0 1 1105 93 3721 880
15919 4 2 0 1 3641 3553 3433 2556
15920 4 2 0 1 3717 2320 3716 2708
15921 4 2 0 1 2084 1178 3637 3315
15922 4 2 0 1 2294 3769 2679 2927
15923 4 2 0 1 3198 2870 3636 3277
15924 4 2 0 1 1155 3330 75 2011
15925 4 2 0 1 3449 3435 3448 3431
15926 4 2 0 1 1607 3741 2789 1801
15927 4 2 0 1 25 979 3532 204
15928 4 2 0 1 681 2986 94 842
15929 4 2 0 1 1165 1863 2416 1711
15930 4 2 0 1 513 510 2971 2936
15931 4 2 0 1 2943 46 2050 45
15932 4 2 0 1 2946 2944 2943 1094
15933 4 2 0 1 3249 1548 59 2177
15934 4 2 0 1 2011 3549 1155 3330
15935 4 2 0 1 3549 1576 2173 2217
15936 4 2 0 1 2910 994 95 2973
15937 4 2 0 1 2910 70 95 71
15938 4 2 0 1 3617 2636 3340 2514
15939 4 2 0 1 1607 3741 1801 1547
15940 4 2 0 1 2577 2578 2583 3337
15941 4 2 0 1 49 3907 82 48
15942 4 2 0 1 624 2716 949 897
15943 4 2 0 1 2646 2643 2831 2484
15944 4 2 0 1 818 2925 1048 2882
15945 4 2 0 1 3216 2845 3285 3259
15946 4 2 0 1 2594 2294 3444 2595
15947 4 2 0 1 3156 3256 2174 1328
15948 4 2 0 1 2174 3256 3156 1685
15949 4 2 0 1 3161 3163 3207 3130
15950 4 2 0 1 3457 973 167 2797
15951 4 2 0 1 3327 73 2011 72
15952 4 2 0 1 116 2620 115 117
15953 4 2 0 1 113 2620 115 114
15954 4 2 0 1 3760 2760 2645 2646
15955 4 2 0 1 3162 3207 3161 3163
15956 4 2 0 1 2130 1947 3287 1755
15957 4 2 0 1 145 2779 146 143
15958 4 2 0 1 140 2361 2729 1055
15959 4 2 0 1 2011 3308 72 1174
15960 4 2 0 1 3530 164 562 2258
15961 4 2 0 1 3729 139 140 141
15962 4 2 0 1 2548 571 866 144
15963 4 2 0 1 2593 2483 2476 2349
15964 4 2 0 1 2808 3386 3378 2809
15965 4 2 0 1 149 2348 1104 3597
15966 4 2 0 1 3287 1947 2130 3284
15967 4 2 0 1 2589 3526 2592 2474
15968 4 2 0 1 160 2475 2477 948
15969 4 2 0 1 2594 2294 2595 2679
15970 4 2 0 1 994 3327 2973 2456
15971 4 2 0 1 3665 3667 3664 2587
15972 4 2 0 1 2589 3526 2474 3665
15973 4 2 0 1 2474 799 2475 3666
15974 4 2 0 1 1061 885 674 2656
15975 4 2 0 1 2534 3922 768 3624
15976 4 2 0 1 2872 2594 2595 2679
15977 4 2 0 1 3156 1249 3254 3815
15978 4 2 0 1 3156 1249 3815 2017
15979 4 2 0 1 3156 1249 2017 1742
15980 4 2 0 1 2765 1081 187 188
15981 4 2 0 1 741 2411 2765 2413
15982 4 2 0 1 2351 2764 3668 3665
15983 4 2 0 1 3755 2371 3757 3756
15984 4 2 0 1 2415 3560 2275 2702
15985 4 2 0 1 2275 2771 3883 2657
15986 4 2 0 1 199 782 735 3561
15987 4 2 0 1 192 3560 2412 190
15988 4 2 0 1 936 769 171 2658
15989 4 2 0 1 3668 183 3664 2656
15990 4 2 0 1 2482 3441 2483 2876
15991 4 2 0 1 199 192 2412 190
15992 4 2 0 1 2872 2594 2679 2586
15993 4 2 0 1 2605 1023 107 6
15994 4 2 0 1 107 1023 2403 713
15995 4 2 0 1 93 3721 2403 713
15996 4 2 0 1 3156 1249 1742 3254
15997 4 2 0 1 574 2706 890 945
15998 4 2 0 1 2306 954 232 2980
15999 4 2 0 1 2980 232 225 954
16000 4 2 0 1 2989 2613 2612 2601
16001 4 2 0 1 2671 2879 3397 3546
16002 4 2 0 1 301 832 1132 2983
16003 4 2 0 1 2368 3332 3534 2369
16004 4 2 0 1 2605 1023 6 5
16005 4 2 0 1 2774 224 2980 2804
16006 4 2 0 1 5 4 2403 93
16007 4 2 0 1 2996 3673 3456 2614
16008 4 2 0 1 2737 773 410 407
16009 4 2 0 1 1122 235 234 2981
16010 4 2 0 1 238 301 1132 2983
16011 4 2 0 1 2935 776 2436 935
16012 4 2 0 1 660 1113 3652 1007
16013 4 2 0 1 3478 2307 2529 3725
16014 4 2 0 1 541 2933 3687 984
16015 4 2 0 1 3673 3674 3456 2614
16016 4 2 0 1 2996 455 3673 2614
16017 4 2 0 1 2935 776 935 314
16018 4 2 0 1 455 3674 3673 2614
16019 4 2 0 1 3473 268 272 269
16020 4 2 0 1 2630 2764 2591 3442
16021 4 2 0 1 2822 2501 495 2301
16022 4 2 0 1 3477 2303 2623 3678
16023 4 2 0 1 3602 272 3473 2300
16024 4 2 0 1 3166 3195 2372 3119
16025 4 2 0 1 3474 2490 2494 2485
16026 4 2 0 1 3605 3689 2489 2487
16027 4 2 0 1 2293 3474 2494 2297
16028 4 2 0 1 3603 579 759 1111
16029 4 2 0 1 3591 3604 2847 2473
16030 4 2 0 1 3474 2930 2494 2297
16031 4 2 0 1 2982 291 974 1146
16032 4 2 0 1 3301 3332 2368 2369
16033 4 2 0 1 3166 3195 3119 2344
16034 4 2 0 1 2647 3689 2487 801
16035 4 2 0 1 969 2982 974 604
16036 4 2 0 1 3167 3170 3174 3057
16037 4 2 0 1 2982 291 1146 2934
16038 4 2 0 1 928 750 2489 974
16039 4 2 0 1 2368 3321 2369 2958
16040 4 2 0 1 997 2774 640 1031
16041 4 2 0 1 2303 3477 2623 2391
16042 4 2 0 1 3167 3170 3057 3169
16043 4 2 0 1 2631 2681 2289 2632
16044 4 2 0 1 3173 3174 3057 3167
16045 4 2 0 1 312 309 2935 310
16046 4 2 0 1 960 2629 427 424
16047 4 2 0 1 2763 2848 1097 2590
16048 4 2 0 1 308 2436 935 2935
16049 4 2 0 1 2633 2631 3681 2289
16050 4 2 0 1 2676 3736 2761 2595
16051 4 2 0 1 2753 2738 2893 2896
16052 4 2 0 1 337 659 336 2522
16053 4 2 0 1 2522 659 336 1091
16054 4 2 0 1 2699 2701 3714 2599
16055 4 2 0 1 334 323 3710 335
16056 4 2 0 1 2701 338 2600 2599
16057 4 2 0 1 3754 2714 3436 3371
16058 4 2 0 1 1123 2918 670 939
16059 4 2 0 1 1119 2956 888 330
16060 4 2 0 1 3414 2918 2969 3415
16061 4 2 0 1 2969 3415 878 3459
16062 4 2 0 1 2633 2631 2289 2632
16063 4 2 0 1 3794 3298 2108 1193
16064 4 2 0 1 3480 2893 2738 2896
16065 4 2 0 1 210 211 212 2772
16066 4 2 0 1 2367 2386 2640 3196
16067 4 2 0 1 928 1022 2489 602
16068 4 2 0 1 434 3696 436 749
16069 4 2 0 1 266 2678 297 2696
16070 4 2 0 1 953 2980 225 954
16071 4 2 0 1 3427 2350 3882 3405
16072 4 2 0 1 2979 810 707 809
16073 4 2 0 1 2672 3343 2268 2650
16074 4 2 0 1 2888 131 2915 614
16075 4 2 0 1 2688 3663 2692 2787
16076 4 2 0 1 236 986 234 2983
16077 4 2 0 1 2616 3692 3342 2976
16078 4 2 0 1 364 2479 401 400
16079 4 2 0 1 2692 3663 2688 2685
16080 4 2 0 1 2295 3483 2427 2360
16081 4 2 0 1 2573 2374 2659 2745
16082 4 2 0 1 2661 2308 2892 2942
16083 4 2 0 1 2692 3356 2688 2787
16084 4 2 0 1 2692 3356 2787 3425
16085 4 2 0 1 2661 2752 2291 2662
16086 4 2 0 1 873 2817 2892 2895
16087 4 2 0 1 3749 2308 2942 2892
16088 4 2 0 1 898 425 1008 2436
16089 4 2 0 1 2771 3686 2638 3563
16090 4 2 0 1 851 631 2930 630
16091 4 2 0 1 2745 2508 2573 2744
16092 4 2 0 1 3808 3041 3052 3037
16093 4 2 0 1 433 862 2481 417
16094 4 2 0 1 2745 2573 2508 2659
16095 4 2 0 1 3052 3038 3037 3040
16096 4 2 0 1 2968 3439 2876 3437
16097 4 2 0 1 3150 3044 3148 3050
16098 4 2 0 1 3150 3044 3050 3045
16099 4 2 0 1 98 2878 995 1073
16100 4 2 0 1 3701 1102 987 98
16101 4 2 0 1 3313 3194 2788 3748
16102 4 2 0 1 2873 457 413 2892
16103 4 2 0 1 724 2360 2310 854
16104 4 2 0 1 400 2479 401 990
16105 4 2 0 1 104 2929 2670 852
16106 4 2 0 1 3274 2406 3322 2453
16107 4 2 0 1 3194 2338 2788 3748
16108 4 2 0 1 3540 2929 2382 2670
16109 4 2 0 1 2396 3108 2602 3111
16110 4 2 0 1 3926 403 363 874
16111 4 2 0 1 637 2920 1047 647
16112 4 2 0 1 3410 3409 3342 3343
16113 4 2 0 1 3343 3342 3410 2819
16114 4 2 0 1 1025 738 489 2661
16115 4 2 0 1 2843 2753 2662 2738
16116 4 2 0 1 411 2895 410 409
16117 4 2 0 1 2681 2628 3699 2680
16118 4 2 0 1 3567 760 2634 3566
16119 4 2 0 1 3790 3152 3149 3148
16120 4 2 0 1 1508 3040 3053 1505
16121 4 2 0 1 2631 230 245 229
16122 4 2 0 1 511 2323 2972 21
16123 4 2 0 1 3250 3837 3075 3078
16124 4 2 0 1 480 2379 522 684
16125 4 2 0 1 3225 3102 3014 2313
16126 4 2 0 1 521 2379 522 480
16127 4 2 0 1 1165 1863 1914 2416
16128 4 2 0 1 3180 3183 3831 3169
16129 4 2 0 1 2375 3540 2268 2376
16130 4 2 0 1 283 2485 2934 2847
16131 4 2 0 1 3180 3183 3169 3828
16132 4 2 0 1 2922 2341 2780 2690
16133 4 2 0 1 3723 2257 2813 2621
16134 4 2 0 1 2267 2685 3663 2692
16135 4 2 0 1 1146 280 2934 291
16136 4 2 0 1 2330 3313 2792 3748
16137 4 2 0 1 280 291 283 2934
16138 4 2 0 1 3169 3828 3057 3180
16139 4 2 0 1 3002 3166 3779 3116
16140 4 2 0 1 3417 3416 2532 3653
16141 4 2 0 1 2530 820 374 3632
16142 4 2 0 1 2792 3313 2788 3748
16143 4 2 0 1 2746 2701 2255 2749
16144 4 2 0 1 3002 1256 3779 3166
16145 4 2 0 1 3890 1122 2310 2981
16146 4 2 0 1 3501 3364 3497 3481
16147 4 2 0 1 2969 2749 2285 3459
16148 4 2 0 1 2240 2248 2827 1164
16149 4 2 0 1 3695 499 758 501
16150 4 2 0 1 3054 2899 1976 3062
16151 4 2 0 1 3054 1976 2899 3813
16152 4 2 0 1 3718 3198 2708 3637
16153 4 2 0 1 3158 2335 3157 2334
16154 4 2 0 1 3497 2327 3502 3363
16155 4 2 0 1 3317 3157 2335 3229
16156 4 2 0 1 2335 3159 3157 2334
16157 4 2 0 1 2320 2554 2708 3635
16158 4 2 0 1 3049 3046 2610 3040
16159 4 2 0 1 3049 3046 3040 3048
16160 4 2 0 1 367 366 416 2706
16161 4 2 0 1 2398 3577 2402 2399
16162 4 2 0 1 3548 2457 2407 2402
16163 4 2 0 1 2406 3548 2407 2402
16164 4 2 0 1 3548 2457 2402 2393
16165 4 2 0 1 2715 622 3722 621
16166 4 2 0 1 2603 3552 2516 3671
16167 4 2 0 1 2989 7 107 734
16168 4 2 0 1 623 3722 1032 622
16169 4 2 0 1 2523 3367 3368 2746
16170 4 2 0 1 2748 2883 2749 2278
16171 4 2 0 1 2719 2400 2926 2279
16172 4 2 0 1 3765 2279 3613 2719
16173 4 2 0 1 3765 2279 2719 2926
16174 4 2 0 1 2479 3920 990 400
16175 4 2 0 1 3736 2481 2750 3593
16176 4 2 0 1 2475 2872 2750 3593
16177 4 2 0 1 2872 799 641 575
16178 4 2 0 1 3384 2809 2350 3386
16179 4 2 0 1 3622 2592 2594 2527
16180 4 2 0 1 533 2932 2655 2649
16181 4 2 0 1 546 635 2570 652
16182 4 2 0 1 2940 1074 654 833
16183 4 2 0 1 2275 3726 2727 3727
16184 4 2 0 1 3119 3173 3060 3191
16185 4 2 0 1 2541 2933 541 2542
16186 4 2 0 1 2520 2522 2521 665
16187 4 2 0 1 2520 3619 447 757
16188 4 2 0 1 329 2521 757 3619
16189 4 2 0 1 2597 318 1125 938
16190 4 2 0 1 3578 2460 2894 3579
16191 4 2 0 1 3329 3328 2459 467
16192 4 2 0 1 901 569 751 2919
16193 4 2 0 1 3883 3726 2902 2727
16194 4 2 0 1 3322 2453 1 1494
16195 4 2 0 1 3686 3883 2902 2727
16196 4 2 0 1 2275 3726 3883 2727
16197 4 2 0 1 2771 2275 3883 2727
16198 4 2 0 1 2741 2735 2736 2304
16199 4 2 0 1 2760 2761 2750 2832
16200 4 2 0 1 2551 2969 490 977
16201 4 2 0 1 3462 2896 2292 2504
16202 4 2 0 1 2292 2896 3466 2504
16203 4 2 0 1 661 455 698 2614
16204 4 2 0 1 370 822 429 3673
16205 4 2 0 1 2460 2881 3673 2857
16206 4 2 0 1 2996 942 375 1145
16207 4 2 0 1 1143 390 809 2306
16208 4 2 0 1 2481 3736 2750 2761
16209 4 2 0 1 709 2628 707 2356
16210 4 2 0 1 706 705 707 2628
16211 4 2 0 1 2452 2742 2824 2447
16212 4 2 0 1 2452 2741 2304 2287
16213 4 2 0 1 3498 2556 2324 3433
16214 4 2 0 1 2723 3654 3652 2547
16215 4 2 0 1 2277 2263 2700 2285
16216 4 2 0 1 731 2948 361 977
16217 4 2 0 1 2452 2742 2447 3573
16218 4 2 0 1 2700 2285 2278 2277
16219 4 2 0 1 340 337 2600 2522
16220 4 2 0 1 3370 2699 3368 3714
16221 4 2 0 1 766 506 3597 891
16222 4 2 0 1 585 3607 583 700
16223 4 2 0 1 2767 2641 3476 2465
16224 4 2 0 1 178 742 3597 151
16225 4 2 0 1 662 2830 3597 506
16226 4 2 0 1 2732 2321 3738 2733
16227 4 2 0 1 585 3607 700 2467
16228 4 2 0 1 3189 3181 3267 2332
16229 4 2 0 1 2748 2746 2255 2749
16230 4 2 0 1 739 2451 402 1130
16231 4 2 0 1 532 895 531 3906
16232 4 2 0 1 2746 2522 2667 2716
16233 4 2 0 1 3283 2572 105 66
16234 4 2 0 1 177 1060 817 2654
16235 4 2 0 1 2534 3922 607 768
16236 4 2 0 1 3187 3041 3319 3043
16237 4 2 0 1 2922 3663 2684 2341
16238 4 2 0 1 298 2678 786 327
16239 4 2 0 1 249 2681 251 2289
16240 4 2 0 1 3189 3267 3181 3869
16241 4 2 0 1 2681 2678 786 266
16242 4 2 0 1 983 2681 786 266
16243 4 2 0 1 3501 3364 3481 3513
16244 4 2 0 1 3166 1269 1256 3779
16245 4 2 0 1 2739 940 2736 991
16246 4 2 0 1 2501 777 3681 503
16247 4 2 0 1 2736 1038 797 940
16248 4 2 0 1 3883 2771 2630 2657
16249 4 2 0 1 1250 3778 1254 2016
16250 4 2 0 1 777 2300 492 2501
16251 4 2 0 1 3681 3680 2501 503
16252 4 2 0 1 2352 3477 2623 3678
16253 4 2 0 1 3623 804 807 993
16254 4 2 0 1 656 572 3693 875
16255 4 2 0 1 3631 374 373 1148
16256 4 2 0 1 1148 3631 894 372
16257 4 2 0 1 1768 2608 2008 2796
16258 4 2 0 1 1116 3631 894 2542
16259 4 2 0 1 3653 2541 2537 2532
16260 4 2 0 1 260 2443 259 258
16261 4 2 0 1 3633 538 548 966
16262 4 2 0 1 513 518 512 2936
16263 4 2 0 1 294 287 801 2647
16264 4 2 0 1 2473 2647 3650 3604
16265 4 2 0 1 2196 3772 3735 3837
16266 4 2 0 1 2665 2718 2667 2921
16267 4 2 0 1 1092 957 2413 559
16268 4 2 0 1 2538 3686 2569 3687
16269 4 2 0 1 2718 2281 2667 2921
16270 4 2 0 1 841 3679 2413 423
16271 4 2 0 1 841 3679 423 627
16272 4 2 0 1 3569 3442 2591 2439
16273 4 2 0 1 3454 2667 2715 2281
16274 4 2 0 1 3455 2665 2667 2921
16275 4 2 0 1 457 458 459 2873
16276 4 2 0 1 2942 607 2535 946
16277 4 2 0 1 2533 1099 460 784
16278 4 2 0 1 2601 2612 2395 3671
16279 4 2 0 1 2395 3671 3552 2601
16280 4 2 0 1 1018 952 2389 556
16281 4 2 0 1 2389 952 1018 715
16282 4 2 0 1 2534 3629 3631 373
16283 4 2 0 1 481 3593 418 482
16284 4 2 0 1 155 2639 2477 156
16285 4 2 0 1 3593 863 900 481
16286 4 2 0 1 948 2477 900 3593
16287 4 2 0 1 2196 3837 3735 2241
16288 4 2 0 1 3212 1477 3114 2087
16289 4 2 0 1 1651 2168 3293 1656
16290 4 2 0 1 3742 2786 3741 2785
16291 4 2 0 1 2793 2694 3705 3312
16292 4 2 0 1 3516 3207 3161 3851
16293 4 2 0 1 3747 3705 3748 2793
16294 4 2 0 1 3748 3705 2693 2793
16295 4 2 0 1 2330 3541 3269 2759
16296 4 2 0 1 153 155 154 3598
16297 4 2 0 1 896 356 2949 245
16298 4 2 0 1 228 2631 2949 229
16299 4 2 0 1 3516 3161 3207 3130
16300 4 2 0 1 2935 307 309 308
16301 4 2 0 1 3137 3161 3516 3130
16302 4 2 0 1 2961 2642 2302 3466
16303 4 2 0 1 3836 3837 2241 3735
16304 4 2 0 1 2961 2642 3466 2340
16305 4 2 0 1 381 2590 907 383
16306 4 2 0 1 3692 2649 2268 2650
16307 4 2 0 1 3751 3531 2271 3384
16308 4 2 0 1 2340 2961 3517 3466
16309 4 2 0 1 318 2597 1125 322
16310 4 2 0 1 3686 2771 3883 2727
16311 4 2 0 1 595 593 596 2467
16312 4 2 0 1 653 635 2568 1001
16313 4 2 0 1 3842 3000 2147 1937
16314 4 2 0 1 2638 814 930 1066
16315 4 2 0 1 1597 3836 2241 3735
16316 4 2 0 1 2467 2471 595 2465
16317 4 2 0 1 541 2933 984 542
16318 4 2 0 1 1643 1897 1999 2449
16319 4 2 0 1 2567 3592 2566 2299
16320 4 2 0 1 2802 3650 3592 2471
16321 4 2 0 1 2898 2959 3491 3757
16322 4 2 0 1 2364 2302 2641 3476
16323 4 2 0 1 3642 3189 3259 3888
16324 4 2 0 1 3642 3189 3888 3034
16325 4 2 0 1 1597 2196 3735 2241
16326 4 2 0 1 2590 923 384 2435
16327 4 2 0 1 2413 951 2765 957
16328 4 2 0 1 741 957 2765 611
16329 4 2 0 1 3562 202 861 962
16330 4 2 0 1 1371 2423 3735 3290
16331 4 2 0 1 1134 169 1040 2995
16332 4 2 0 1 3167 3057 3180 3169
16333 4 2 0 1 2797 167 712 973
16334 4 2 0 1 973 2797 696 712
16335 4 2 0 1 2797 615 696 712
16336 4 2 0 1 1145 698 2996 1095
16337 4 2 0 1 984 756 603 2933
16338 4 2 0 1 546 541 2541 3687
16339 4 2 0 1 1073 3545 3543 2929
16340 4 2 0 1 2835 2834 2336 3465
16341 4 2 0 1 2756 505 60 995
16342 4 2 0 1 2878 2756 60 995
16343 4 2 0 1 995 2964 1073 2878
16344 4 2 0 1 3458 2748 2278 2283
16345 4 2 0 1 1006 2880 3415 2677
16346 4 2 0 1 3612 2458 3611 2459
16347 4 2 0 1 2496 216 3565 217
16348 4 2 0 1 2496 216 217 215
16349 4 2 0 1 2455 2458 2510 3446
16350 4 2 0 1 3377 2800 3480 2843
16351 4 2 0 1 1055 2729 140 182
16352 4 2 0 1 2861 3377 3480 2342
16353 4 2 0 1 3828 3057 3180 3829
16354 4 2 0 1 2965 2955 2933 668
16355 4 2 0 1 3391 2342 2893 3376
16356 4 2 0 1 2935 307 308 306
16357 4 2 0 1 2990 306 1039 299
16358 4 2 0 1 2437 2935 2439 2991
16359 4 2 0 1 2474 719 162 1050
16360 4 2 0 1 807 397 3623 2524
16361 4 2 0 1 3547 2389 2524 3623
16362 4 2 0 1 3164 1271 1865 3852
16363 4 2 0 1 1391 3903 1389 2022
16364 4 2 0 1 936 1096 769 2658
16365 4 2 0 1 507 2656 3561 2658
16366 4 2 0 1 1097 2763 176 1152
16367 4 2 0 1 2764 2656 2876 2657
16368 4 2 0 1 2656 872 554 885
16369 4 2 0 1 476 2669 474 2520
16370 4 2 0 1 665 2522 1072 476
16371 4 2 0 1 301 238 240 2983
16372 4 2 0 1 242 3528 267 247
16373 4 2 0 1 3164 1865 1271 1730
16374 4 2 0 1 2391 2952 2392 2978
16375 4 2 0 1 3316 2169 3090 1849
16376 4 2 0 1 457 2942 2892 3749
16377 4 2 0 1 1176 2917 51 2000
16378 4 2 0 1 1177 2001 2000 3243
16379 4 2 0 1 2067 2853 1715 3762
16380 4 2 0 1 2881 901 448 751
16381 4 2 0 1 2881 2975 2460 2919
16382 4 2 0 1 568 2404 2403 3721
16383 4 2 0 1 2728 3529 2362 2916
16384 4 2 0 1 683 2965 616 1043
16385 4 2 0 1 683 2965 1116 2542
16386 4 2 0 1 3761 1715 2853 3762
16387 4 2 0 1 1505 3109 3040 3053
16388 4 2 0 1 2853 1964 3053 1714
16389 4 2 0 1 1116 3631 2542 2965
16390 4 2 0 1 2533 2530 819 1065
16391 4 2 0 1 222 224 2804 223
16392 4 2 0 1 678 792 3894 465
16393 4 2 0 1 400 3920 465 403
16394 4 2 0 1 79 30 729 2966
16395 4 2 0 1 2308 2800 3480 2860
16396 4 2 0 1 2800 3377 3480 2860
16397 4 2 0 1 3377 2893 3480 2342
16398 4 2 0 1 584 837 586 3609
16399 4 2 0 1 3377 2861 3480 2860
16400 4 2 0 1 1025 893 2942 456
16401 4 2 0 1 456 893 2942 1149
16402 4 2 0 1 2342 2861 3391 3480
16403 4 2 0 1 457 3749 2535 2942
16404 4 2 0 1 2728 3529 2916 2361
16405 4 2 0 1 65 3283 1160 1931
16406 4 2 0 1 3437 3420 3405 3439
16407 4 2 0 1 2379 480 102 684
16408 4 2 0 1 2963 2577 2576 3544
16409 4 2 0 1 3270 102 63 2963
16410 4 2 0 1 3316 2037 2038 1845
16411 4 2 0 1 3495 2322 3496 3494
16412 4 2 0 1 2957 2818 2897 3756
16413 4 2 0 1 3813 1912 3814 1187
16414 4 2 0 1 2134 3522 2866 1884
16415 4 2 0 1 3718 1184 1183 3054
16416 4 2 0 1 3760 2832 3444 2761
16417 4 2 0 1 1190 1192 1191 3317
16418 4 2 0 1 2476 3444 2832 2761
16419 4 2 0 1 3496 2818 3523 2898
16420 4 2 0 1 1328 1286 3256 2071
16421 4 2 0 1 2875 2829 2877 2876
16422 4 2 0 1 515 3688 488 3525
16423 4 2 0 1 2193 3341 1204 3816
16424 4 2 0 1 3829 1221 1220 1219
16425 4 2 0 1 3860 3827 3018 3190
16426 4 2 0 1 3784 3009 2101 3008
16427 4 2 0 1 3009 3172 3221 3118
16428 4 2 0 1 3210 1757 3010 1603
16429 4 2 0 1 3777 2028 1229 1231
16430 4 2 0 1 1228 3777 1229 1231
16431 4 2 0 1 3514 3489 3170 3174
16432 4 2 0 1 2482 3441 2876 2877
16433 4 2 0 1 3848 1468 3146 3143
16434 4 2 0 1 2875 2482 2876 2877
16435 4 2 0 1 3780 1245 1247 3117
16436 4 2 0 1 3117 3002 3780 3778
16437 4 2 0 1 2597 3670 2551 2598
16438 4 2 0 1 3842 3000 1937 3779
16439 4 2 0 1 2287 3462 2741 2304
16440 4 2 0 1 1242 1244 3776 1257
16441 4 2 0 1 2482 2875 2348 2877
16442 4 2 0 1 2229 3833 1263 2041
16443 4 2 0 1 3501 3129 3208 2885
16444 4 2 0 1 3074 3782 3005 1263
16445 4 2 0 1 1959 1255 3779 1268
16446 4 2 0 1 2597 2551 3670 2948
16447 4 2 0 1 2308 3732 2661 2843
16448 4 2 0 1 2373 1354 1331 1355
16449 4 2 0 1 1327 1283 3759 1325
16450 4 2 0 1 3099 3758 3204 2828
16451 4 2 0 1 3805 3912 3804 1736
16452 4 2 0 1 1295 3902 1317 1895
16453 4 2 0 1 1295 3902 1293 1317
16454 4 2 0 1 1992 3820 3819 1306
16455 4 2 0 1 2867 3348 3648 2710
16456 4 2 0 1 2393 3329 2459 2894
16457 4 2 0 1 1633 1996 3915 1636
16458 4 2 0 1 3037 1303 2244 1301
16459 4 2 0 1 2393 2954 2894 2993
16460 4 2 0 1 2393 3329 2894 2954
16461 4 2 0 1 2941 2269 2904 3426
16462 4 2 0 1 3810 3808 1304 3284
16463 4 2 0 1 3052 3038 3040 3046
16464 4 2 0 1 3426 2941 3416 2904
16465 4 2 0 1 2941 3881 3416 2904
16466 4 2 0 1 3915 1634 1637 3900
16467 4 2 0 1 2677 695 2915 1006
16468 4 2 0 1 3052 3046 3040 2610
16469 4 2 0 1 2677 2888 2253 2915
16470 4 2 0 1 3075 1275 3822 1273
16471 4 2 0 1 1728 1723 1362 3100
16472 4 2 0 1 131 2888 613 614
16473 4 2 0 1 1006 2918 2915 3415
16474 4 2 0 1 1332 1354 2373 1609
16475 4 2 0 1 717 2918 1006 1107
16476 4 2 0 1 717 2918 1107 626
16477 4 2 0 1 1339 1338 1933 2924
16478 4 2 0 1 2999 2049 1359 2231
16479 4 2 0 1 3068 1260 1261 3782
16480 4 2 0 1 2079 3187 3811 3319
16481 4 2 0 1 1335 1346 3334 1347
16482 4 2 0 1 1338 3121 2909 2924
16483 4 2 0 1 1338 1339 3121 2924
16484 4 2 0 1 1338 3121 1339 1326
16485 4 2 0 1 1564 1525 3029 1527
16486 4 2 0 1 1088 166 2994 746
16487 4 2 0 1 1088 166 124 2994
16488 4 2 0 1 179 1088 2994 746
16489 4 2 0 1 1655 3293 1953 1659
16490 4 2 0 1 3660 2692 3663 2787
16491 4 2 0 1 800 2420 43 2422
16492 4 2 0 1 1522 1382 1380 3774
16493 4 2 0 1 124 2276 123 2931
16494 4 2 0 1 1379 3774 1378 1380
16495 4 2 0 1 2651 2276 2994 2571
16496 4 2 0 1 1907 1376 3775 1378
16497 4 2 0 1 3774 1907 3775 1378
16498 4 2 0 1 3849 1847 1848 1906
16499 4 2 0 1 1070 525 2572 913
16500 4 2 0 1 1497 2018 3066 1491
16501 4 2 0 1 2605 7 6 107
16502 4 2 0 1 107 2605 2989 2613
16503 4 2 0 1 107 2605 2613 2403
16504 4 2 0 1 1386 3781 1385 1383
16505 4 2 0 1 2079 3811 3187 1867
16506 4 2 0 1 1760 3796 1955 1739
16507 4 2 0 1 2605 1023 5 2403
16508 4 2 0 1 3310 3819 3042 3066
16509 4 2 0 1 3160 2405 2410 2407
16510 4 2 0 1 1442 3171 3281 3021
16511 4 2 0 1 3316 2169 1849 2038
16512 4 2 0 1 3851 3281 3021 3024
16513 4 2 0 1 3012 2123 3128 3163
16514 4 2 0 1 3515 3207 3174 2346
16515 4 2 0 1 1999 2120 3571 2000
16516 4 2 0 1 2943 46 45 2946
16517 4 2 0 1 2445 2773 3571 2449
16518 4 2 0 1 3078 1434 1433 1432
16519 4 2 0 1 2944 2917 2446 2445
16520 4 2 0 1 3316 2169 2038 2107
16521 4 2 0 1 3340 1156 70 2111
16522 4 2 0 1 2216 1643 1999 2945
16523 4 2 0 1 2610 3257 3111 3051
16524 4 2 0 1 1435 3838 1433 1426
16525 4 2 0 1 3111 3257 2610 3107
16526 4 2 0 1 3772 3307 2945 3240
16527 4 2 0 1 1080 2952 2951 243
16528 4 2 0 1 2823 2336 2674 3884
16529 4 2 0 1 3052 1675 1962 2160
16530 4 2 0 1 3036 3286 3136 3556
16531 4 2 0 1 3078 1943 1434 1533
16532 4 2 0 1 1445 1434 3078 1446
16533 4 2 0 1 3136 3286 3036 3133
16534 4 2 0 1 3513 3484 3302 2336
16535 4 2 0 1 3350 3313 2329 3355
16536 4 2 0 1 3036 3870 3136 3133
16537 4 2 0 1 2372 2959 2371 3060
16538 4 2 0 1 2325 2818 2958 3757
16539 4 2 0 1 1459 3140 1462 1458
16540 4 2 0 1 3185 3286 3556 3136
16541 4 2 0 1 2373 3325 2045 3020
16542 4 2 0 1 1471 1473 3143 1472
16543 4 2 0 1 2045 3325 2373 1354
16544 4 2 0 1 3144 3141 3847 3095
16545 4 2 0 1 1473 3113 1644 1471
16546 4 2 0 1 3113 3124 3143 3145
16547 4 2 0 1 2373 1355 2045 1354
16548 4 2 0 1 3316 1470 1472 1845
16549 4 2 0 1 2867 3871 2868 3487
16550 4 2 0 1 2898 2325 3757 2818
16551 4 2 0 1 2818 3494 2897 3491
16552 4 2 0 1 2037 3850 1472 3316
16553 4 2 0 1 2572 764 1070 679
16554 4 2 0 1 2958 3755 2369 3757
16555 4 2 0 1 3052 1641 1853 1962
16556 4 2 0 1 3112 1939 1499 3109
16557 4 2 0 1 3839 1500 3109 1499
16558 4 2 0 1 1500 3839 1498 1499
16559 4 2 0 1 3109 1501 1939 1499
16560 4 2 0 1 2868 3871 2867 2844
16561 4 2 0 1 3183 3082 3088 3512
16562 4 2 0 1 2269 3727 3411 2728
16563 4 2 0 1 2269 2723 3727 2728
16564 4 2 0 1 3066 1497 1496 1516
16565 4 2 0 1 2003 3066 1496 1516
16566 4 2 0 1 1456 1459 3094 1534
16567 4 2 0 1 1904 1456 3094 1534
16568 4 2 0 1 3727 2968 3411 2728
16569 4 2 0 1 3019 1937 1820 3779
16570 4 2 0 1 3743 3025 2791 3744
16571 4 2 0 1 1343 1341 3271 1160
16572 4 2 0 1 3088 3082 3183 3081
16573 4 2 0 1 1547 1545 2791 1546
16574 4 2 0 1 1544 3025 1545 1546
16575 4 2 0 1 2018 3090 1492 2019
16576 4 2 0 1 2916 2904 2976 2265
16577 4 2 0 1 2854 3693 656 572
16578 4 2 0 1 2904 2916 2976 2812
16579 4 2 0 1 411 2892 873 413
16580 4 2 0 1 3565 216 978 218
16581 4 2 0 1 873 2892 411 2895
16582 4 2 0 1 2774 640 220 2984
16583 4 2 0 1 1742 3156 1568 1598
16584 4 2 0 1 1568 1724 3153 1989
16585 4 2 0 1 3255 2123 1810 3128
16586 4 2 0 1 1398 3797 1397 1399
16587 4 2 0 1 1795 54 2833 1796
16588 4 2 0 1 640 2774 2428 2984
16589 4 2 0 1 1797 1803 2786 2153
16590 4 2 0 1 1616 1683 1983 2912
16591 4 2 0 1 2076 2622 1683 2912
16592 4 2 0 1 2622 1589 69 1680
16593 4 2 0 1 3171 1442 1601 3162
16594 4 2 0 1 2741 2504 2896 3462
16595 4 2 0 1 1398 3797 1399 3917
16596 4 2 0 1 1628 3924 3919 3787
16597 4 2 0 1 3565 978 640 218
16598 4 2 0 1 1419 1416 1417 3787
16599 4 2 0 1 3013 2206 1421 1419
16600 4 2 0 1 1429 1411 1428 3021
16601 4 2 0 1 1410 2012 1428 3021
16602 4 2 0 1 1411 1410 1428 3021
16603 4 2 0 1 2440 2438 2439 2991
16604 4 2 0 1 1269 2069 3795 1331
16605 4 2 0 1 2786 1803 1797 1159
16606 4 2 0 1 3100 3834 3099 3204
16607 4 2 0 1 1529 3031 1527 1975
16608 4 2 0 1 2984 331 217 219
16609 4 2 0 1 2043 3001 1703 3004
16610 4 2 0 1 3124 1672 3143 1469
16611 4 2 0 1 2028 3777 3001 3776
16612 4 2 0 1 3078 3250 1533 3825
16613 4 2 0 1 1478 2047 2167 3113
16614 4 2 0 1 1156 2511 70 1680
16615 4 2 0 1 1659 3908 1866 1657
16616 4 2 0 1 1671 3334 3064 2054
16617 4 2 0 1 3078 1943 1533 3250
16618 4 2 0 1 3784 1229 1230 1227
16619 4 2 0 1 3037 3915 1638 1637
16620 4 2 0 1 1698 3149 3858 3044
16621 4 2 0 1 1230 3784 1227 2101
16622 4 2 0 1 3004 3821 3076 3064
16623 4 2 0 1 2206 3919 3785 1537
16624 4 2 0 1 3008 3009 3278 3013
16625 4 2 0 1 3076 3821 3004 2999
16626 4 2 0 1 3076 3273 3004 3064
16627 4 2 0 1 3822 1280 1990 1274
16628 4 2 0 1 3648 2322 2323 3588
16629 4 2 0 1 1421 3014 1420 1422
16630 4 2 0 1 1546 3025 2791 3743
16631 4 2 0 1 3104 3485 3773 3735
16632 4 2 0 1 3836 1597 2241 1622
16633 4 2 0 1 2621 131 128 130
16634 4 2 0 1 1690 3788 2155 2073
16635 4 2 0 1 3785 1421 3011 3013
16636 4 2 0 1 3933 1398 1395 2143
16637 4 2 0 1 3647 3867 3189 3214
16638 4 2 0 1 3800 1298 3801 3038
16639 4 2 0 1 678 3894 3890 932
16640 4 2 0 1 3154 3276 3806 3032
16641 4 2 0 1 3281 1442 1443 1977
16642 4 2 0 1 3806 3031 3805 3030
16643 4 2 0 1 1977 1442 1601 3171
16644 4 2 0 1 3238 3089 3085 3086
16645 4 2 0 1 2960 3302 2640 3362
16646 4 2 0 1 3867 3177 3032 3030
16647 4 2 0 1 3027 3802 3031 3030
16648 4 2 0 1 1883 1732 1670 3558
16649 4 2 0 1 2081 3558 2173 1670
16650 4 2 0 1 745 166 2994 693
16651 4 2 0 1 3791 1693 3151 1725
16652 4 2 0 1 1728 3063 1743 2015
16653 4 2 0 1 1728 1948 1743 3063
16654 4 2 0 1 419 3473 273 269
16655 4 2 0 1 3027 3032 3031 3859
16656 4 2 0 1 3806 3031 3030 3032
16657 4 2 0 1 3294 1489 2079 3187
16658 4 2 0 1 2003 3310 3066 3820
16659 4 2 0 1 3030 3154 3806 3032
16660 4 2 0 1 2457 3446 3575 3452
16661 4 2 0 1 2003 3066 3310 3304
16662 4 2 0 1 3800 1875 1515 1900
16663 4 2 0 1 1525 1511 1524 3028
16664 4 2 0 1 3212 3201 2397 3092
16665 4 2 0 1 1981 1717 2205 3299
16666 4 2 0 1 1776 2561 3213 1775
16667 4 2 0 1 1776 2561 1775 1333
16668 4 2 0 1 1981 3213 1776 3646
16669 4 2 0 1 1546 2791 3025 1545
16670 4 2 0 1 3808 3039 3041 3810
16671 4 2 0 1 3250 1858 1787 1856
16672 4 2 0 1 3043 3039 3555 3187
16673 4 2 0 1 1943 3250 1446 1859
16674 4 2 0 1 3808 3043 3041 3039
16675 4 2 0 1 1797 2153 2786 1799
16676 4 2 0 1 940 588 91 2833
16677 4 2 0 1 3043 3039 3187 3041
16678 4 2 0 1 1808 1888 3033 1809
16679 4 2 0 1 3033 1316 1808 1809
16680 4 2 0 1 3808 3043 3039 3046
16681 4 2 0 1 1913 3802 3801 1886
16682 4 2 0 1 3033 1316 1809 3030
16683 4 2 0 1 3074 3823 3075 3079
16684 4 2 0 1 1761 2161 2233 3000
16685 4 2 0 1 1080 2978 2952 243
16686 4 2 0 1 1080 2952 2978 2392
16687 4 2 0 1 2353 2352 2661 3478
16688 4 2 0 1 2459 2507 3612 2513
16689 4 2 0 1 2507 971 2513 2459
16690 4 2 0 1 1636 3940 1978 1996
16691 4 2 0 1 2997 1838 1386 1392
16692 4 2 0 1 1838 3774 1386 1383
16693 4 2 0 1 3903 3091 2243 1389
16694 4 2 0 1 3461 2927 3393 2625
16695 4 2 0 1 1299 1300 3038 1301
16696 4 2 0 1 1342 1792 1837 3314
16697 4 2 0 1 1864 3025 2156 1793
16698 4 2 0 1 1554 3025 1535 1544
16699 4 2 0 1 1440 3134 1952 1791
16700 4 2 0 1 1299 3800 3038 1298
16701 4 2 0 1 3502 3357 3194 2788
16702 4 2 0 1 3193 3860 3055 3191
16703 4 2 0 1 3497 3506 3502 3365
16704 4 2 0 1 1508 3040 1980 1515
16705 4 2 0 1 3800 1875 2032 1515
16706 4 2 0 1 3355 3313 2788 2792
16707 4 2 0 1 2132 3245 1168 1954
16708 4 2 0 1 3058 3061 3812 3055
16709 4 2 0 1 3541 3658 2381 2758
16710 4 2 0 1 3375 3379 2565 2256
16711 4 2 0 1 2445 2773 2449 3122
16712 4 2 0 1 2759 3542 2758 3541
16713 4 2 0 1 1176 1794 2449 1897
16714 4 2 0 1 3061 3058 3860 3055
16715 4 2 0 1 3810 1374 1991 1313
16716 4 2 0 1 3018 3019 3217 3190
16717 4 2 0 1 2759 2758 3542 2579
16718 4 2 0 1 3842 1937 2147 1267
16719 4 2 0 1 1885 1782 3190 1219
16720 4 2 0 1 2453 78 1807 77
16721 4 2 0 1 3843 3289 2410 3203
16722 4 2 0 1 1577 3124 2218 1919
16723 4 2 0 1 3075 1277 1275 1932
16724 4 2 0 1 3072 1533 1432 2024
16725 4 2 0 1 3793 3945 1930 2193
16726 4 2 0 1 3072 3824 3823 3070
16727 4 2 0 1 2722 370 351 369
16728 4 2 0 1 3072 1533 2024 3825
16729 4 2 0 1 351 3673 2722 2283
16730 4 2 0 1 3824 3071 3077 3823
16731 4 2 0 1 1577 1575 1493 3684
16732 4 2 0 1 2622 1680 2511 3295
16733 4 2 0 1 1613 3659 2052 1450
16734 4 2 0 1 3135 1613 2052 1952
16735 4 2 0 1 3824 3072 3823 3077
16736 4 2 0 1 3617 3308 3340 2456
16737 4 2 0 1 347 2722 351 369
16738 4 2 0 1 1212 3829 3180 1215
16739 4 2 0 1 3081 1211 1214 3158
16740 4 2 0 1 3281 2189 3205 3171
16741 4 2 0 1 2400 2719 3445 2279
16742 4 2 0 1 1215 1816 1961 3180
16743 4 2 0 1 1977 1710 3171 1601
16744 4 2 0 1 1573 3307 1954 1592
16745 4 2 0 1 2116 3939 1177 2090
16746 4 2 0 1 2335 3080 3059 3192
16747 4 2 0 1 3212 3850 3331 3090
16748 4 2 0 1 2001 2120 2000 3243
16749 4 2 0 1 3005 3231 3007 3008
16750 4 2 0 1 3454 3720 2281 2715
16751 4 2 0 1 3186 3556 3136 3185
16752 4 2 0 1 2135 3304 3310 3331
16753 4 2 0 1 2087 3212 3331 3187
16754 4 2 0 1 3759 3100 3204 3519
16755 4 2 0 1 2525 3700 3699 2678
16756 4 2 0 1 1006 939 2918 3415
16757 4 2 0 1 1283 3759 1325 3519
16758 4 2 0 1 3099 3204 3228 3096
16759 4 2 0 1 3759 1283 3100 3519
16760 4 2 0 1 2172 3284 1947 1307
16761 4 2 0 1 1006 2918 939 1107
16762 4 2 0 1 3016 2103 3093 3832
16763 4 2 0 1 1390 3093 2007 3832
16764 4 2 0 1 3241 3556 3141 3236
16765 4 2 0 1 1686 3015 1396 1387
16766 4 2 0 1 2998 3819 3042 3775
16767 4 2 0 1 3121 3759 3204 3519
16768 4 2 0 1 3759 3121 1325 3519
16769 4 2 0 1 1269 2373 1270 1331
16770 4 2 0 1 3529 2258 2284 2813
16771 4 2 0 1 2029 3931 3905 1839
16772 4 2 0 1 3832 3774 3003 3781
16773 4 2 0 1 2997 1386 1389 1392
16774 4 2 0 1 1436 3024 1438 1437
16775 4 2 0 1 3258 2044 1530 2184
16776 4 2 0 1 1853 2040 1939 3052
16777 4 2 0 1 3865 3097 3195 3863
16778 4 2 0 1 2039 3861 3164 1865
16779 4 2 0 1 3002 3000 3117 3116
16780 4 2 0 1 1920 2943 2051 3571
16781 4 2 0 1 1094 2944 2943 1021
16782 4 2 0 1 2000 2943 50 1177
16783 4 2 0 1 3725 2307 3678 2352
16784 4 2 0 1 3725 3678 2307 2539
16785 4 2 0 1 1701 3166 3852 1271
16786 4 2 0 1 2149 2158 3905 1606
16787 4 2 0 1 2891 2287 2635 2292
16788 4 2 0 1 1844 2997 2019 2137
16789 4 2 0 1 3788 2155 1427 2095
16790 4 2 0 1 3094 3091 3849 3093
16791 4 2 0 1 2073 3788 1862 1394
16792 4 2 0 1 3199 3886 3487 3766
16793 4 2 0 1 2635 2287 2891 2503
16794 4 2 0 1 2560 3644 2561 3636
16795 4 2 0 1 3647 3215 3645 3239
16796 4 2 0 1 2287 3462 2635 2292
16797 4 2 0 1 2709 87 514 902
16798 4 2 0 1 3843 3289 3203 3124
16799 4 2 0 1 3791 1690 1692 1691
16800 4 2 0 1 1543 2853 3053 1714
16801 4 2 0 1 3790 3791 1692 1693
16802 4 2 0 1 1928 3110 1758 3203
16803 4 2 0 1 3774 2997 1386 3832
16804 4 2 0 1 1919 1673 2194 3124
16805 4 2 0 1 1916 1698 3048 2151
16806 4 2 0 1 2795 1793 3744 2791
16807 4 2 0 1 3858 1916 3048 3801
16808 4 2 0 1 3258 2044 2184 3299
16809 4 2 0 1 1913 3802 1886 1349
16810 4 2 0 1 3511 3286 3845 3134
16811 4 2 0 1 3680 2635 2634 2430
16812 4 2 0 1 3511 2795 3286 3134
16813 4 2 0 1 1550 3125 1551 3023
16814 4 2 0 1 2582 3083 3152 3084
16815 4 2 0 1 2709 2553 902 3716
16816 4 2 0 1 2128 3151 1997 1725
16817 4 2 0 1 3284 2172 1315 2208
16818 4 2 0 1 1640 1921 1831 3284
16819 4 2 0 1 3808 3037 1303 3284
16820 4 2 0 1 1290 3912 1289 3911
16821 4 2 0 1 2431 2287 3462 2635
16822 4 2 0 1 3511 3845 3744 3134
16823 4 2 0 1 1751 1753 3811 1867
16824 4 2 0 1 3376 2492 3470 2342
16825 4 2 0 1 1166 3213 1777 2162
16826 4 2 0 1 3229 1188 3297 1186
16827 4 2 0 1 3124 3684 3146 3559
16828 4 2 0 1 3470 2492 3376 3471
16829 4 2 0 1 3124 3684 3559 1577
16830 4 2 0 1 2006 1676 3891 2031
16831 4 2 0 1 3000 3783 3116 1702
16832 4 2 0 1 1223 2147 3116 1702
16833 4 2 0 1 19 2709 902 3716
16834 4 2 0 1 3124 3684 1577 1941
16835 4 2 0 1 2298 2546 3690 3691
16836 4 2 0 1 3037 3940 1303 3284
16837 4 2 0 1 1127 2311 932 3890
16838 4 2 0 1 3145 2396 3179 3144
16839 4 2 0 1 3144 3143 3848 3146
16840 4 2 0 1 3153 3266 2026 1583
16841 4 2 0 1 3470 2256 3376 2342
16842 4 2 0 1 3376 2256 3470 3471
16843 4 2 0 1 3153 3266 1583 3239
16844 4 2 0 1 3916 1712 1666 1713
16845 4 2 0 1 1484 2104 3110 1758
16846 4 2 0 1 1915 3289 1919 2194
16847 4 2 0 1 1915 1668 3289 2194
16848 4 2 0 1 2334 3157 3154 3153
16849 4 2 0 1 3153 3239 1583 3154
16850 4 2 0 1 2334 3159 3157 3153
16851 4 2 0 1 1178 2084 2162 3315
16852 4 2 0 1 1966 1717 1716 3266
16853 4 2 0 1 3198 2870 3266 3159
16854 4 2 0 1 3215 3646 3647 3645
16855 4 2 0 1 3646 3213 2561 3645
16856 4 2 0 1 3931 1838 1392 1839
16857 4 2 0 1 3360 3588 3348 3359
16858 4 2 0 1 2346 3207 3163 3128
16859 4 2 0 1 2346 3208 3128 2836
16860 4 2 0 1 3742 2138 1548 1872
16861 4 2 0 1 3348 3588 3360 3347
16862 4 2 0 1 2311 1127 2310 3890
16863 4 2 0 1 3320 887 58 96
16864 4 2 0 1 1999 2449 3571 2945
16865 4 2 0 1 940 2742 2739 2736
16866 4 2 0 1 92 3573 2446 1003
16867 4 2 0 1 2450 3227 3106 3225
16868 4 2 0 1 2479 3894 990 3920
16869 4 2 0 1 3719 2839 2545 3372
16870 4 2 0 1 3920 3483 566 2479
16871 4 2 0 1 3401 3419 2260 3876
16872 4 2 0 1 3675 2618 2262 2619
16873 4 2 0 1 3657 3339 3658 2578
16874 4 2 0 1 1070 2572 525 523
16875 4 2 0 1 3181 3182 3184 3183
16876 4 2 0 1 2382 2879 3545 3544
16877 4 2 0 1 3540 2268 2377 3537
16878 4 2 0 1 2769 2400 2721 2399
16879 4 2 0 1 3454 2281 2721 2921
16880 4 2 0 1 2395 2608 2612 2601
16881 4 2 0 1 3777 3892 1233 3000
16882 4 2 0 1 3566 2953 2428 2429
16883 4 2 0 1 3291 3735 2423 3290
16884 4 2 0 1 3291 3735 3290 2418
16885 4 2 0 1 2500 3609 2385 2768
16886 4 2 0 1 3468 2807 2753 2292
16887 4 2 0 1 3878 3366 3466 2863
16888 4 2 0 1 3246 1493 1467 1466
16889 4 2 0 1 1467 1493 3246 3684
16890 4 2 0 1 2725 2528 2625 2594
16891 4 2 0 1 1187 3813 1336 1185
16892 4 2 0 1 1467 1465 3246 1466
16893 4 2 0 1 1976 3062 1345 1183
16894 4 2 0 1 3198 2320 2708 3635
16895 4 2 0 1 3349 3503 3354 3352
16896 4 2 0 1 3353 2327 3481 3363
16897 4 2 0 1 2371 3055 2373 2326
16898 4 2 0 1 3246 1465 1467 3684
16899 4 2 0 1 1477 3850 3331 3212
16900 4 2 0 1 1477 3850 3212 3114
16901 4 2 0 1 3222 3208 3484 3515
16902 4 2 0 1 3360 2960 2961 3362
16903 4 2 0 1 1614 3241 1452 2055
16904 4 2 0 1 3862 1896 3536 2370
16905 4 2 0 1 3823 3822 3075 3073
16906 4 2 0 1 3353 3873 3360 3362
16907 4 2 0 1 3823 3075 3822 3074
16908 4 2 0 1 2384 2822 730 788
16909 4 2 0 1 3521 3524 3522 2347
16910 4 2 0 1 2384 730 2822 3695
16911 4 2 0 1 2648 2298 3690 3691
16912 4 2 0 1 2545 3408 3351 3634
16913 4 2 0 1 2434 2479 2295 2432
16914 4 2 0 1 2429 760 771 3566
16915 4 2 0 1 2295 2421 2434 2432
16916 4 2 0 1 2545 3351 3408 2839
16917 4 2 0 1 2470 2733 2463 3586
16918 4 2 0 1 3671 3454 3455 2613
16919 4 2 0 1 24 979 2957 25
16920 4 2 0 1 2371 2372 2326 2370
16921 4 2 0 1 3500 3326 2372 2337
16922 4 2 0 1 3513 3326 2959 2372
16923 4 2 0 1 2572 3283 2574 3270
16924 4 2 0 1 2921 3671 3455 2665
16925 4 2 0 1 2379 527 913 525
16926 4 2 0 1 2744 975 816 817
16927 4 2 0 1 2437 703 3570 2390
16928 4 2 0 1 3622 2525 2524 3547
16929 4 2 0 1 260 2443 258 371
16930 4 2 0 1 884 703 1089 3570
16931 4 2 0 1 882 3570 1089 703
16932 4 2 0 1 2361 3729 3529 3530
16933 4 2 0 1 258 255 883 2443
16934 4 2 0 1 2695 2546 2298 3691
16935 4 2 0 1 3165 3870 3288 3268
16936 4 2 0 1 2361 3529 3729 3728
16937 4 2 0 1 2548 3529 3729 3530
16938 4 2 0 1 3162 3209 3171 3854
16939 4 2 0 1 2548 3729 3529 3728
16940 4 2 0 1 1096 2412 688 2658
16941 4 2 0 1 3729 144 1051 141
16942 4 2 0 1 2987 2506 2825 2416
16943 4 2 0 1 37 2105 38 2987
16944 4 2 0 1 1371 2068 1370 2423
16945 4 2 0 1 2825 2923 2388 2827
16946 4 2 0 1 2987 2506 2416 2986
16947 4 2 0 1 3088 3086 3512 3085
16948 4 2 0 1 1367 2068 2423 1370
16949 4 2 0 1 2202 1371 41 3290
16950 4 2 0 1 2503 3567 2502 2985
16951 4 2 0 1 3565 2496 3472 2425
16952 4 2 0 1 2648 2777 3750 3691
16953 4 2 0 1 2470 3382 3358 3356
16954 4 2 0 1 2953 2803 2755 2754
16955 4 2 0 1 2358 2304 2662 2755
16956 4 2 0 1 3565 1016 3566 978
16957 4 2 0 1 3197 2134 21 22
16958 4 2 0 1 2568 903 635 3687
16959 4 2 0 1 716 668 603 2933
16960 4 2 0 1 3570 2991 2439 2438
16961 4 2 0 1 3437 2657 2968 3883
16962 4 2 0 1 3180 3183 3828 3081
16963 4 2 0 1 1800 2450 2449 2225
16964 4 2 0 1 3183 2333 3086 3181
16965 4 2 0 1 2777 2546 3691 3690
16966 4 2 0 1 3680 2499 2501 3608
16967 4 2 0 1 1176 1897 2449 1999
16968 4 2 0 1 2445 3572 2447 2446
16969 4 2 0 1 2690 98 3701 2878
16970 4 2 0 1 2421 2452 2497 2305
16971 4 2 0 1 3582 3581 512 2936
16972 4 2 0 1 2319 2867 3648 2710
16973 4 2 0 1 770 2515 825 377
16974 4 2 0 1 2690 98 2878 887
16975 4 2 0 1 21 2134 3197 2133
16976 4 2 0 1 2008 2608 2611 2796
16977 4 2 0 1 2469 2767 3366 2316
16978 4 2 0 1 2482 3669 2875 2876
16979 4 2 0 1 936 782 1096 2658
16980 4 2 0 1 202 3562 861 192
16981 4 2 0 1 3012 3163 2346 3162
16982 4 2 0 1 2494 2982 2934 2489
16983 4 2 0 1 1508 3040 1505 1980
16984 4 2 0 1 3045 3092 3555 3187
16985 4 2 0 1 280 2485 2934 283
16986 4 2 0 1 275 1129 968 3475
16987 4 2 0 1 3391 2863 2470 3587
16988 4 2 0 1 2293 2494 2490 3605
16989 4 2 0 1 2485 2490 2494 3605
16990 4 2 0 1 2891 2503 3463 2505
16991 4 2 0 1 499 3567 502 500
16992 4 2 0 1 906 3567 2502 3566
16993 4 2 0 1 3701 1102 98 2922
16994 4 2 0 1 177 975 1141 2513
16995 4 2 0 1 177 2654 975 2513
16996 4 2 0 1 3612 2856 2459 2620
16997 4 2 0 1 2512 3674 3677 2460
16998 4 2 0 1 920 2797 2276 2617
16999 4 2 0 1 3329 483 2459 569
17000 4 2 0 1 1057 2919 2459 569
17001 4 2 0 1 3455 2668 2665 2664
17002 4 2 0 1 193 195 2415 194
17003 4 2 0 1 2798 2535 2942 2529
17004 4 2 0 1 922 3573 2944 92
17005 4 2 0 1 3478 893 2942 1025
17006 4 2 0 1 2942 456 946 457
17007 4 2 0 1 2415 732 195 193
17008 4 2 0 1 2515 2461 2543 3708
17009 4 2 0 1 585 700 591 2467
17010 4 2 0 1 3495 2707 3648 2323
17011 4 2 0 1 2134 3522 3197 2866
17012 4 2 0 1 1863 2827 2909 2908
17013 4 2 0 1 92 2944 2917 2446
17014 4 2 0 1 664 967 908 3585
17015 4 2 0 1 664 2972 3585 2731
17016 4 2 0 1 22 3522 3197 2134
17017 4 2 0 1 2544 326 1136 1041
17018 4 2 0 1 2590 399 558 387
17019 4 2 0 1 3874 3397 3413 3339
17020 4 2 0 1 2685 3356 3425 3423
17021 4 2 0 1 2260 3373 3387 3402
17022 4 2 0 1 2865 3499 2555 2815
17023 4 2 0 1 2260 3387 3373 3380
17024 4 2 0 1 473 597 2669 787
17025 4 2 0 1 3062 2897 2866 3491
17026 4 2 0 1 3552 2395 2608 2775
17027 4 2 0 1 2558 2607 2516 2604
17028 4 2 0 1 3756 3062 2897 1771
17029 4 2 0 1 1964 3053 1511 3029
17030 4 2 0 1 2543 3708 2545 2318
17031 4 2 0 1 563 3689 2489 3696
17032 4 2 0 1 1792 3136 1617 1837
17033 4 2 0 1 3238 3138 3137 3516
17034 4 2 0 1 3704 1927 1926 2789
17035 4 2 0 1 2330 2759 2793 2693
17036 4 2 0 1 2982 2930 3697 2494
17037 4 2 0 1 3313 2330 3746 3745
17038 4 2 0 1 2408 3575 2905 3323
17039 4 2 0 1 2390 395 396 394
17040 4 2 0 1 1511 3053 1964 1509
17041 4 2 0 1 719 643 993 3623
17042 4 2 0 1 2595 2676 2706 3769
17043 4 2 0 1 2494 2982 2489 3697
17044 4 2 0 1 2552 752 17 16
17045 4 2 0 1 1918 13 2604 1333
17046 4 2 0 1 2506 2825 2416 2908
17047 4 2 0 1 1918 2603 2604 13
17048 4 2 0 1 3457 117 2620 2617
17049 4 2 0 1 587 3674 677 676
17050 4 2 0 1 3522 2323 3197 2866
17051 4 2 0 1 3861 3200 3098 2924
17052 4 2 0 1 2278 2283 3456 3458
17053 4 2 0 1 2996 942 1145 2677
17054 4 2 0 1 375 1145 822 2996
17055 4 2 0 1 3522 22 3197 2323
17056 4 2 0 1 370 2722 3673 2857
17057 4 2 0 1 455 698 2614 2996
17058 4 2 0 1 2215 1156 1680 3295
17059 4 2 0 1 2279 3428 2914 2381
17060 4 2 0 1 149 3597 151 2875
17061 4 2 0 1 149 2348 3597 2875
17062 4 2 0 1 2886 3694 2659 3576
17063 4 2 0 1 3655 2374 2576 2659
17064 4 2 0 1 2886 2381 3429 2914
17065 4 2 0 1 2308 2843 2662 2738
17066 4 2 0 1 149 3597 1104 742
17067 4 2 0 1 2634 2429 2430 2431
17068 4 2 0 1 978 1016 3566 761
17069 4 2 0 1 149 3597 742 151
17070 4 2 0 1 3176 3028 3803 3026
17071 4 2 0 1 3028 3040 3053 1510
17072 4 2 0 1 3296 2199 1933 2063
17073 4 2 0 1 219 2977 220 2984
17074 4 2 0 1 1339 1933 1733 2924
17075 4 2 0 1 2403 2612 2605 2613
17076 4 2 0 1 3151 1693 1997 1725
17077 4 2 0 1 536 2940 534 537
17078 4 2 0 1 2403 2612 2613 2721
17079 4 2 0 1 3563 3727 2275 2727
17080 4 2 0 1 1060 656 2654 834
17081 4 2 0 1 3169 3855 3205 3167
17082 4 2 0 1 3540 2575 3537 3539
17083 4 2 0 1 2374 3538 2377 3539
17084 4 2 0 1 3167 3219 3205 3218
17085 4 2 0 1 150 2875 165 850
17086 4 2 0 1 142 2729 143 886
17087 4 2 0 1 3669 3443 2876 2483
17088 4 2 0 1 2702 2726 2728 2275
17089 4 2 0 1 597 473 2669 2559
17090 4 2 0 1 2008 2608 1351 2611
17091 4 2 0 1 3499 2324 2815 2865
17092 4 2 0 1 2945 3243 2120 3240
17093 4 2 0 1 3855 3219 3205 3167
17094 4 2 0 1 3620 3730 2562 2518
17095 4 2 0 1 2517 2562 2559 2971
17096 4 2 0 1 3622 2525 3547 2528
17097 4 2 0 1 2872 2706 945 2884
17098 4 2 0 1 574 2872 482 418
17099 4 2 0 1 2774 2977 2984 220
17100 4 2 0 1 780 3699 379 706
17101 4 2 0 1 2945 3243 3240 3307
17102 4 2 0 1 3082 3512 3034 3830
17103 4 2 0 1 2684 2341 2858 2687
17104 4 2 0 1 2688 2684 2858 2860
17105 4 2 0 1 2977 2774 2984 2427
17106 4 2 0 1 2551 2549 2969 3414
17107 4 2 0 1 3719 2698 3400 2713
17108 4 2 0 1 2699 2701 2599 3711
17109 4 2 0 1 2747 2720 2748 2746
17110 4 2 0 1 3245 2943 2422 2444
17111 4 2 0 1 3245 2943 2444 3571
17112 4 2 0 1 3490 2329 3871 2869
17113 4 2 0 1 1935 3087 3085 3125
17114 4 2 0 1 3717 3062 3715 2866
17115 4 2 0 1 3553 2555 3638 2558
17116 4 2 0 1 2404 2719 2281 2747
17117 4 2 0 1 2046 1554 3024 1836
17118 4 2 0 1 2716 624 2717 897
17119 4 2 0 1 2889 2883 3413 2926
17120 4 2 0 1 1969 3024 1554 1836
17121 4 2 0 1 3653 3686 2902 2727
17122 4 2 0 1 2827 2416 2825 2908
17123 4 2 0 1 3563 2414 3687 2638
17124 4 2 0 1 3411 2916 2362 3346
17125 4 2 0 1 3878 2801 3466 2767
17126 4 2 0 1 2689 2308 2860 3627
17127 4 2 0 1 2737 414 2895 2735
17128 4 2 0 1 414 2734 2895 2735
17129 4 2 0 1 2735 2734 2309 2736
17130 4 2 0 1 2418 43 1805 42
17131 4 2 0 1 2308 2661 2892 2662
17132 4 2 0 1 2510 2512 2856 3765
17133 4 2 0 1 560 2509 2508 2573
17134 4 2 0 1 931 917 2508 560
17135 4 2 0 1 3283 3271 2187 2579
17136 4 2 0 1 2455 3575 3617 2454
17137 4 2 0 1 3656 2374 2573 2745
17138 4 2 0 1 2744 3656 2573 2745
17139 4 2 0 1 2734 991 2736 797
17140 4 2 0 1 2736 1038 940 3573
17141 4 2 0 1 2541 2933 2542 2538
17142 4 2 0 1 3283 2187 3271 1160
17143 4 2 0 1 2630 3560 2411 2765
17144 4 2 0 1 180 183 3668 181
17145 4 2 0 1 1893 2418 1805 1369
17146 4 2 0 1 885 674 2656 872
17147 4 2 0 1 1441 2187 3271 2579
17148 4 2 0 1 1441 3271 2187 1160
17149 4 2 0 1 3165 3306 3268 3288
17150 4 2 0 1 3345 2264 3342 2261
17151 4 2 0 1 3206 3013 3009 3231
17152 4 2 0 1 2541 3632 2570 2537
17153 4 2 0 1 2652 2547 2931 3654
17154 4 2 0 1 2812 2547 3723 2652
17155 4 2 0 1 2652 2994 2571 3654
17156 4 2 0 1 2833 2739 2740 899
17157 4 2 0 1 3646 3215 3647 3214
17158 4 2 0 1 2787 2792 3355 2788
17159 4 2 0 1 1198 1200 3815 2146
17160 4 2 0 1 2790 3194 2338 3740
17161 4 2 0 1 3768 3241 2912 2055
17162 4 2 0 1 2470 2782 2787 2732
17163 4 2 0 1 2652 2994 3654 2931
17164 4 2 0 1 2652 2547 3723 2621
17165 4 2 0 1 657 2931 3654 2994
17166 4 2 0 1 3654 2931 657 2547
17167 4 2 0 1 2713 2777 3708 3691
17168 4 2 0 1 2644 2806 2713 3691
17169 4 2 0 1 2695 2713 3708 3691
17170 4 2 0 1 826 2552 1004 597
17171 4 2 0 1 3354 2329 3649 3871
17172 4 2 0 1 3241 1614 2912 2055
17173 4 2 0 1 3575 2408 2407 3323
17174 4 2 0 1 3575 2911 3574 3323
17175 4 2 0 1 3196 3463 2823 2343
17176 4 2 0 1 2907 669 758 85
17177 4 2 0 1 2741 3462 2287 2504
17178 4 2 0 1 2741 3465 2824 2742
17179 4 2 0 1 3884 2343 3196 2823
17180 4 2 0 1 2386 2505 2663 2891
17181 4 2 0 1 833 654 2570 3654
17182 4 2 0 1 2345 2784 2838 2740
17183 4 2 0 1 1595 3332 3862 3309
17184 4 2 0 1 54 2833 55 91
17185 4 2 0 1 3468 2753 2896 2292
17186 4 2 0 1 3481 3737 2835 3464
17187 4 2 0 1 3862 3332 1595 3301
17188 4 2 0 1 3592 2956 2495 3607
17189 4 2 0 1 3030 3802 3856 3027
17190 4 2 0 1 2101 3009 1738 3008
17191 4 2 0 1 3215 3154 3276 3239
17192 4 2 0 1 3862 2039 1595 3309
17193 4 2 0 1 3890 1122 1127 2310
17194 4 2 0 1 763 2971 87 762
17195 4 2 0 1 3255 3864 3224 2837
17196 4 2 0 1 3373 3380 3406 3419
17197 4 2 0 1 3543 3701 2683 3545
17198 4 2 0 1 3403 2266 3419 3406
17199 4 2 0 1 3235 3557 2407 2410
17200 4 2 0 1 2552 16 17 2560
17201 4 2 0 1 3715 3062 1181 2866
17202 4 2 0 1 87 2971 2559 2562
17203 4 2 0 1 3505 2339 3138 3516
17204 4 2 0 1 2704 29 1163 2066
17205 4 2 0 1 3138 3244 3505 3516
17206 4 2 0 1 2845 3214 3189 3259
17207 4 2 0 1 3505 3244 3138 3508
17208 4 2 0 1 3235 3557 2906 2407
17209 4 2 0 1 1179 3716 19 18
17210 4 2 0 1 2867 2320 3716 3717
17211 4 2 0 1 2361 138 136 1055
17212 4 2 0 1 850 936 171 2658
17213 4 2 0 1 2482 3669 2876 2483
17214 4 2 0 1 1088 124 2931 2994
17215 4 2 0 1 1726 3017 3202 3797
17216 4 2 0 1 2746 2926 2747 2281
17217 4 2 0 1 3900 1675 1874 1637
17218 4 2 0 1 2746 2926 2281 2718
17219 4 2 0 1 3398 3750 2947 2271
17220 4 2 0 1 1237 3897 1235 1329
17221 4 2 0 1 357 359 358 3700
17222 4 2 0 1 2954 89 1053 2894
17223 4 2 0 1 3578 1037 1015 1045
17224 4 2 0 1 2857 610 2925 2975
17225 4 2 0 1 2738 3462 2741 2896
17226 4 2 0 1 3580 2461 3583 3581
17227 4 2 0 1 612 326 2846 2903
17228 4 2 0 1 859 326 612 2903
17229 4 2 0 1 859 326 2903 1041
17230 4 2 0 1 2644 2596 2806 3688
17231 4 2 0 1 3119 2372 3060 2337
17232 4 2 0 1 2279 2381 2914 2911
17233 4 2 0 1 3060 2372 3119 2326
17234 4 2 0 1 2620 3612 2513 2459
17235 4 2 0 1 2408 3557 2407 2906
17236 4 2 0 1 2923 2199 2909 1933
17237 4 2 0 1 1720 3121 3852 1719
17238 4 2 0 1 1338 3759 1828 2909
17239 4 2 0 1 3121 1826 1326 1282
17240 4 2 0 1 2856 3677 2618 2262
17241 4 2 0 1 120 118 119 2617
17242 4 2 0 1 3223 3929 1678 3334
17243 4 2 0 1 3223 3929 3334 1335
17244 4 2 0 1 2769 2407 3452 2399
17245 4 2 0 1 934 483 2459 971
17246 4 2 0 1 1226 2101 1227 3230
17247 4 2 0 1 2643 2644 2806 3688
17248 4 2 0 1 2988 3552 2603 3671
17249 4 2 0 1 3454 2667 2281 2921
17250 4 2 0 1 2665 2516 3671 2664
17251 4 2 0 1 618 2666 2715 3455
17252 4 2 0 1 2665 3455 2664 3671
17253 4 2 0 1 3454 2667 2921 3455
17254 4 2 0 1 3498 3431 3430 3435
17255 4 2 0 1 2308 3732 2942 2661
17256 4 2 0 1 3732 3478 2942 2661
17257 4 2 0 1 3498 3430 3431 3428
17258 4 2 0 1 1025 3478 2661 2942
17259 4 2 0 1 244 1052 2951 1080
17260 4 2 0 1 1052 2952 2951 1080
17261 4 2 0 1 1052 2952 781 2951
17262 4 2 0 1 882 2392 2390 479
17263 4 2 0 1 832 709 2951 1083
17264 4 2 0 1 2960 3302 3264 2640
17265 4 2 0 1 3332 3301 3862 2369
17266 4 2 0 1 3098 2344 3865 3195
17267 4 2 0 1 2960 2325 3264 2898
17268 4 2 0 1 2527 3438 2528 2274
17269 4 2 0 1 3317 3157 3229 3297
17270 4 2 0 1 3860 3282 3217 3018
17271 4 2 0 1 2275 2968 2702 2657
17272 4 2 0 1 3420 2350 3387 3405
17273 4 2 0 1 3344 3404 3346 2904
17274 4 2 0 1 2857 818 2925 610
17275 4 2 0 1 2280 3234 3236 3323
17276 4 2 0 1 3529 2271 2548 2362
17277 4 2 0 1 2306 2951 832 709
17278 4 2 0 1 2525 2392 3547 2391
17279 4 2 0 1 236 2981 234 235
17280 4 2 0 1 1225 1226 1227 3230
17281 4 2 0 1 3332 2704 1163 2066
17282 4 2 0 1 3783 1225 1227 3230
17283 4 2 0 1 2991 884 349 2438
17284 4 2 0 1 2437 2935 2991 702
17285 4 2 0 1 2128 3085 3125 1935
17286 4 2 0 1 1628 3919 2088 1630
17287 4 2 0 1 3010 1757 3280 2033
17288 4 2 0 1 2128 3085 1935 1218
17289 4 2 0 1 3220 3172 3009 3010
17290 4 2 0 1 1299 3800 1298 1297
17291 4 2 0 1 3851 3023 3238 3087
17292 4 2 0 1 3324 3332 2066 2704
17293 4 2 0 1 3007 2344 3221 3865
17294 4 2 0 1 3282 1892 3253 3794
17295 4 2 0 1 3137 3023 3238 3851
17296 4 2 0 1 1885 1619 3018 1804
17297 4 2 0 1 3192 3282 3018 3298
17298 4 2 0 1 3282 1892 3794 2164
17299 4 2 0 1 1880 1355 3795 1879
17300 4 2 0 1 3861 3121 3164 3852
17301 4 2 0 1 2373 1332 1270 1331
17302 4 2 0 1 3276 1583 3239 3154
17303 4 2 0 1 1552 3239 3299 3276
17304 4 2 0 1 2297 2697 3392 3713
17305 4 2 0 1 2340 3464 3362 2336
17306 4 2 0 1 3139 3023 3125 3238
17307 4 2 0 1 1298 3048 1312 3801
17308 4 2 0 1 1916 1913 3801 1886
17309 4 2 0 1 1916 1312 3048 3801
17310 4 2 0 1 1372 1300 3038 1298
17311 4 2 0 1 3048 1698 3044 2151
17312 4 2 0 1 3156 3816 3254 3059
17313 4 2 0 1 1206 2193 1204 3816
17314 4 2 0 1 3453 3550 3448 2395
17315 4 2 0 1 2101 1738 3009 2033
17316 4 2 0 1 1649 1651 1650 3300
17317 4 2 0 1 2136 1280 3069 3300
17318 4 2 0 1 3293 1651 1649 3300
17319 4 2 0 1 1679 2136 3069 3303
17320 4 2 0 1 1990 1679 2136 3069
17321 4 2 0 1 3085 3139 3125 3238
17322 4 2 0 1 3449 3323 3868 3260
17323 4 2 0 1 3824 3102 3077 3011
17324 4 2 0 1 3564 2431 2953 3566
17325 4 2 0 1 2704 28 2066 3324
17326 4 2 0 1 3717 3715 3062 2708
17327 4 2 0 1 3193 3056 3828 3057
17328 4 2 0 1 3564 2953 2431 2497
17329 4 2 0 1 2332 2333 3181 3504
17330 4 2 0 1 3088 3086 3085 3089
17331 4 2 0 1 3088 3086 3089 3183
17332 4 2 0 1 1327 3100 1362 1363
17333 4 2 0 1 3099 1365 1367 1366
17334 4 2 0 1 2286 2633 2632 2803
17335 4 2 0 1 879 969 630 3697
17336 4 2 0 1 1282 1325 3519 1283
17337 4 2 0 1 1464 1462 1463 3685
17338 4 2 0 1 2632 2928 2286 2680
17339 4 2 0 1 3109 2610 3108 3112
17340 4 2 0 1 2953 3566 2428 3564
17341 4 2 0 1 2609 3839 3108 2776
17342 4 2 0 1 2900 3839 3108 2609
17343 4 2 0 1 3651 3652 2570 2568
17344 4 2 0 1 2570 3652 3651 2723
17345 4 2 0 1 649 2533 1019 1099
17346 4 2 0 1 1465 1464 3685 3246
17347 4 2 0 1 3863 3500 3119 2337
17348 4 2 0 1 3458 2748 2283 3459
17349 4 2 0 1 2652 2916 2812 2976
17350 4 2 0 1 3784 1228 1227 3783
17351 4 2 0 1 2812 2547 2652 3654
17352 4 2 0 1 3449 3868 3448 3450
17353 4 2 0 1 3839 3840 3201 2396
17354 4 2 0 1 2711 3352 3349 3354
17355 4 2 0 1 2557 3259 3642 3216
17356 4 2 0 1 2794 3136 3703 3746
17357 4 2 0 1 3349 3352 2711 3348
17358 4 2 0 1 1090 788 2966 208
17359 4 2 0 1 788 1101 2966 208
17360 4 2 0 1 2974 3698 2296 2697
17361 4 2 0 1 3418 2671 3545 2670
17362 4 2 0 1 2333 3887 3189 3888
17363 4 2 0 1 3512 3265 3034 2333
17364 4 2 0 1 3275 3262 3643 2557
17365 4 2 0 1 2557 3262 3642 3888
17366 4 2 0 1 2072 3789 3050 1822
17367 4 2 0 1 1555 3140 1462 3685
17368 4 2 0 1 2073 3788 1394 3899
17369 4 2 0 1 3848 1940 1463 1465
17370 4 2 0 1 3752 2298 2647 2820
17371 4 2 0 1 3689 2645 3752 2762
17372 4 2 0 1 3265 2333 3189 3034
17373 4 2 0 1 2123 1621 3163 2060
17374 4 2 0 1 1870 2123 3163 2060
17375 4 2 0 1 3760 2645 3752 2808
17376 4 2 0 1 3514 3515 3174 2337
17377 4 2 0 1 3174 3219 3167 3220
17378 4 2 0 1 3174 3855 3207 3170
17379 4 2 0 1 3514 3173 2337 3174
17380 4 2 0 1 3760 3752 2645 2762
17381 4 2 0 1 1131 2482 154 2639
17382 4 2 0 1 2480 2750 3593 2478
17383 4 2 0 1 3136 3165 3870 3186
17384 4 2 0 1 1555 1462 1746 3685
17385 4 2 0 1 2355 3482 2359 2356
17386 4 2 0 1 3135 3142 3036 3133
17387 4 2 0 1 3302 3098 2343 3097
17388 4 2 0 1 3204 2343 3096 2908
17389 4 2 0 1 1371 2202 2423 3290
17390 4 2 0 1 1948 1728 3100 3063
17391 4 2 0 1 3139 3133 3142 3135
17392 4 2 0 1 3463 2823 2506 2287
17393 4 2 0 1 2980 2774 2804 2359
17394 4 2 0 1 3139 3133 3135 3845
17395 4 2 0 1 3540 2575 3539 2379
17396 4 2 0 1 3139 3133 3845 3138
17397 4 2 0 1 3239 3299 3276 3215
17398 4 2 0 1 3559 3124 1577 3289
17399 4 2 0 1 2197 1781 3761 1780
17400 4 2 0 1 1919 1577 3124 3289
17401 4 2 0 1 1288 1286 3256 1287
17402 4 2 0 1 2728 3529 2361 3728
17403 4 2 0 1 2359 2979 2356 2306
17404 4 2 0 1 2355 2979 2949 2628
17405 4 2 0 1 3863 3220 2337 3119
17406 4 2 0 1 3002 1256 3166 3780
17407 4 2 0 1 2359 2979 2306 2980
17408 4 2 0 1 649 1019 2533 2670
17409 4 2 0 1 1746 2913 3685 3233
17410 4 2 0 1 1495 2080 3322 1171
17411 4 2 0 1 3322 2406 2405 2402
17412 4 2 0 1 3235 3179 3843 3160
17413 4 2 0 1 3123 2770 3843 3160
17414 4 2 0 1 2917 1999 3571 2000
17415 4 2 0 1 2355 2979 2628 2356
17416 4 2 0 1 852 1019 649 2670
17417 4 2 0 1 2306 2310 2356 2359
17418 4 2 0 1 646 2420 209 1078
17419 4 2 0 1 2420 646 800 1078
17420 4 2 0 1 3226 3863 3097 3865
17421 4 2 0 1 3228 2313 3226 3231
17422 4 2 0 1 121 120 119 2617
17423 4 2 0 1 3227 2221 1798 1956
17424 4 2 0 1 1957 3255 2126 1810
17425 4 2 0 1 1096 3561 199 2412
17426 4 2 0 1 199 3561 1096 782
17427 4 2 0 1 2776 2396 3108 2602
17428 4 2 0 1 3251 3141 3036 3236
17429 4 2 0 1 3165 2331 3746 3136
17430 4 2 0 1 1214 1216 3082 1217
17431 4 2 0 1 2076 2622 2912 1589
17432 4 2 0 1 2268 2670 3410 2672
17433 4 2 0 1 3453 3285 3510 3288
17434 4 2 0 1 3247 2334 3157 3154
17435 4 2 0 1 934 3674 676 677
17436 4 2 0 1 1074 1151 2940 537
17437 4 2 0 1 1715 2152 2853 1714
17438 4 2 0 1 2010 3031 1564 2171
17439 4 2 0 1 3844 3012 2346 3206
17440 4 2 0 1 1935 3088 1216 2223
17441 4 2 0 1 3321 2958 3532 2957
17442 4 2 0 1 2094 3921 1947 1911
17443 4 2 0 1 3921 2094 1947 1307
17444 4 2 0 1 1911 3287 1755 1910
17445 4 2 0 1 3921 1911 3287 1947
17446 4 2 0 1 3831 2089 1627 3087
17447 4 2 0 1 3264 2325 3534 2369
17448 4 2 0 1 3831 1627 2089 1816
17449 4 2 0 1 2856 2855 2745 2889
17450 4 2 0 1 3309 3533 2366 3534
17451 4 2 0 1 3121 1720 3861 2924
17452 4 2 0 1 3772 3838 3104 3837
17453 4 2 0 1 3772 3838 3837 3105
17454 4 2 0 1 2070 1924 1279 3101
17455 4 2 0 1 1683 2622 2077 1984
17456 4 2 0 1 2425 2986 2424 2502
17457 4 2 0 1 1744 2409 1807 2081
17458 4 2 0 1 1171 3237 2405 3322
17459 4 2 0 1 3840 3839 3261 3841
17460 4 2 0 1 2950 3322 2405 2402
17461 4 2 0 1 3201 3294 3187 3114
17462 4 2 0 1 3201 3294 3114 3261
17463 4 2 0 1 3261 3201 3112 3839
17464 4 2 0 1 609 3329 3330 2954
17465 4 2 0 1 76 3329 75 3330
17466 4 2 0 1 2419 681 2425 210
17467 4 2 0 1 947 78 2453 77
17468 4 2 0 1 2685 3421 3546 2757
17469 4 2 0 1 3070 3073 3300 3069
17470 4 2 0 1 3541 3658 2758 3657
17471 4 2 0 1 3387 3407 3404 3406
17472 4 2 0 1 3628 2266 3418 2673
17473 4 2 0 1 3070 3073 3069 3823
17474 4 2 0 1 649 3418 3545 2670
17475 4 2 0 1 2267 3701 3543 3424
17476 4 2 0 1 3542 2886 3694 2758
17477 4 2 0 1 2516 2604 3640 2558
17478 4 2 0 1 2665 2668 3499 3640
17479 4 2 0 1 2700 3370 2265 3345
17480 4 2 0 1 3399 3345 2265 3370
17481 4 2 0 1 2766 2641 2467 2465
17482 4 2 0 1 2375 527 545 547
17483 4 2 0 1 3524 3521 2957 2363
17484 4 2 0 1 2076 2622 1589 2077
17485 4 2 0 1 2716 362 897 2717
17486 4 2 0 1 2375 527 547 2575
17487 4 2 0 1 2255 2720 2716 2746
17488 4 2 0 1 3449 3323 3260 2911
17489 4 2 0 1 3393 3440 2809 3381
17490 4 2 0 1 2695 938 317 3707
17491 4 2 0 1 3877 2777 3690 2565
17492 4 2 0 1 2695 317 938 629
17493 4 2 0 1 2695 2644 2713 3691
17494 4 2 0 1 2648 2777 3690 3877
17495 4 2 0 1 3380 3377 3394 2799
17496 4 2 0 1 3377 2800 3394 2799
17497 4 2 0 1 2820 3375 3386 3877
17498 4 2 0 1 2260 3419 3380 3373
17499 4 2 0 1 2677 2996 3456 2282
17500 4 2 0 1 2856 2654 2811 2620
17501 4 2 0 1 3388 3518 2299 3879
17502 4 2 0 1 3628 2890 2689 2535
17503 4 2 0 1 2937 3351 3423 2317
17504 4 2 0 1 2076 2622 2077 1683
17505 4 2 0 1 27 3324 985 3532
17506 4 2 0 1 3818 3817 2314 3182
17507 4 2 0 1 2544 3634 2802 2318
17508 4 2 0 1 3524 2364 2363 3532
17509 4 2 0 1 3002 3000 3116 3779
17510 4 2 0 1 2992 2 1 1045
17511 4 2 0 1 2992 2 1045 2950
17512 4 2 0 1 3422 3874 3413 3339
17513 4 2 0 1 3338 2330 2792 3661
17514 4 2 0 1 1870 1418 3787 1417
17515 4 2 0 1 3242 1484 3841 1480
17516 4 2 0 1 2686 2266 3418 3628
17517 4 2 0 1 2266 2686 3418 2671
17518 4 2 0 1 3758 2908 2828 1863
17519 4 2 0 1 3344 3404 2904 2673
17520 4 2 0 1 3758 2908 1863 2909
17521 4 2 0 1 3626 3624 2535 2534
17522 4 2 0 1 3351 3358 2840 3634
17523 4 2 0 1 2689 3627 3628 2535
17524 4 2 0 1 3343 3410 2268 2819
17525 4 2 0 1 1830 3758 1863 2909
17526 4 2 0 1 2341 2684 2688 3663
17527 4 2 0 1 2911 3853 3260 3449
17528 4 2 0 1 2911 3853 3449 3431
17529 4 2 0 1 1418 1415 3787 1417
17530 4 2 0 1 2911 3853 3429 3260
17531 4 2 0 1 2865 2324 2815 3753
17532 4 2 0 1 2324 2814 2815 3753
17533 4 2 0 1 3867 3034 3177 3188
17534 4 2 0 1 2712 3400 2874 3395
17535 4 2 0 1 3580 2730 2519 2518
17536 4 2 0 1 3188 3856 3177 3030
17537 4 2 0 1 2785 2786 3741 3127
17538 4 2 0 1 2564 3641 2329 3350
17539 4 2 0 1 3741 3740 2785 3127
17540 4 2 0 1 2865 2522 2523 2520
17541 4 2 0 1 3381 3393 2724 3479
17542 4 2 0 1 2651 122 2994 2276
17543 4 2 0 1 3408 2260 3877 3372
17544 4 2 0 1 3625 2273 3407 3626
17545 4 2 0 1 2938 2539 3771 3420
17546 4 2 0 1 3166 3536 1270 2373
17547 4 2 0 1 2677 2996 3458 3456
17548 4 2 0 1 2349 3441 3599 2832
17549 4 2 0 1 3599 3441 2831 2832
17550 4 2 0 1 290 3706 1150 2846
17551 4 2 0 1 3428 3367 3413 3339
17552 4 2 0 1 2279 3428 2381 3431
17553 4 2 0 1 3536 1271 3166 1270
17554 4 2 0 1 3765 2279 2926 2914
17555 4 2 0 1 2665 2921 2395 3435
17556 4 2 0 1 1332 3536 2373 1270
17557 4 2 0 1 3449 3323 2911 3448
17558 4 2 0 1 3536 1271 1270 1730
17559 4 2 0 1 2284 3370 3714 2699
17560 4 2 0 1 2925 818 1048 1015
17561 4 2 0 1 3415 3414 2263 2285
17562 4 2 0 1 2874 3436 2521 2714
17563 4 2 0 1 626 2918 2258 2915
17564 4 2 0 1 1745 3296 33 2388
17565 4 2 0 1 499 2907 3695 758
17566 4 2 0 1 2591 3547 2389 2441
17567 4 2 0 1 2306 2951 709 2356
17568 4 2 0 1 3668 184 3561 2765
17569 4 2 0 1 3676 2617 2618 2620
17570 4 2 0 1 2741 2735 2304 2738
17571 4 2 0 1 2735 2736 2304 2737
17572 4 2 0 1 2680 2660 2632 2355
17573 4 2 0 1 2735 2737 2304 2662
17574 4 2 0 1 2983 2356 2306 2310
17575 4 2 0 1 2429 2631 2632 2359
17576 4 2 0 1 3124 2104 3113 1673
17577 4 2 0 1 2355 2681 2680 2628
17578 4 2 0 1 3124 1928 2104 1673
17579 4 2 0 1 2306 709 707 2356
17580 4 2 0 1 2660 2751 2627 2625
17581 4 2 0 1 2534 2529 2539 3725
17582 4 2 0 1 2453 2402 2406 3322
17583 4 2 0 1 3438 2725 2938 2724
17584 4 2 0 1 2517 2562 2971 2518
17585 4 2 0 1 2559 2517 2971 763
17586 4 2 0 1 2517 2562 2518 3620
17587 4 2 0 1 1783 3019 2020 1804
17588 4 2 0 1 3165 2331 3136 3870
17589 4 2 0 1 2468 2471 2802 2465
17590 4 2 0 1 2340 3517 2961 3362
17591 4 2 0 1 87 2559 2971 763
17592 4 2 0 1 1435 3838 1426 3225
17593 4 2 0 1 3225 3838 1426 3102
17594 4 2 0 1 3668 184 183 3561
17595 4 2 0 1 2206 3919 1537 1419
17596 4 2 0 1 3749 2308 2873 2689
17597 4 2 0 1 3919 3785 1537 2213
17598 4 2 0 1 2591 3623 3526 2526
17599 4 2 0 1 2841 404 405 402
17600 4 2 0 1 3629 3725 2624 2443
17601 4 2 0 1 2624 3725 3629 2539
17602 4 2 0 1 3158 3183 3082 3081
17603 4 2 0 1 3883 2657 2630 2764
17604 4 2 0 1 3088 3081 3183 3831
17605 4 2 0 1 3869 3182 3199 3181
17606 4 2 0 1 3159 3817 3054 3198
17607 4 2 0 1 3869 3182 3181 3265
17608 4 2 0 1 3265 3183 3158 3182
17609 4 2 0 1 2972 3588 3590 2472
17610 4 2 0 1 2783 2338 2781 2788
17611 4 2 0 1 3353 3360 3361 3362
17612 4 2 0 1 3589 3522 2323 22
17613 4 2 0 1 3495 3496 3352 3491
17614 4 2 0 1 3158 3183 3081 3828
17615 4 2 0 1 2972 2319 3648 2464
17616 4 2 0 1 2707 2867 3648 2319
17617 4 2 0 1 2709 2319 2323 2972
17618 4 2 0 1 3184 3086 3183 3089
17619 4 2 0 1 2166 1963 3218 1232
17620 4 2 0 1 3229 1188 1186 1187
17621 4 2 0 1 3818 2314 3817 3065
17622 4 2 0 1 3265 3158 3183 3082
17623 4 2 0 1 3168 3089 3087 3238
17624 4 2 0 1 3086 3139 3084 3085
17625 4 2 0 1 1212 1213 3080 1211
17626 4 2 0 1 3897 2028 1235 1329
17627 4 2 0 1 3490 3268 3244 3508
17628 4 2 0 1 3511 2794 3138 2331
17629 4 2 0 1 3744 2339 3126 3743
17630 4 2 0 1 3449 3510 3453 3435
17631 4 2 0 1 3505 3506 3244 3508
17632 4 2 0 1 3183 2333 3181 3265
17633 4 2 0 1 2314 3054 3182 3817
17634 4 2 0 1 3277 3637 3315 3636
17635 4 2 0 1 2870 3869 3647 3239
17636 4 2 0 1 2282 2615 3456 2677
17637 4 2 0 1 3032 1527 1529 3031
17638 4 2 0 1 3866 3647 3869 3239
17639 4 2 0 1 2790 3747 3748 3745
17640 4 2 0 1 3501 3129 2885 3497
17641 4 2 0 1 2581 2267 3663 2692
17642 4 2 0 1 1530 3032 1528 1529
17643 4 2 0 1 2671 3545 2383 2683
17644 4 2 0 1 3016 3659 2580 3252
17645 4 2 0 1 2582 3084 3275 3142
17646 4 2 0 1 2693 2581 3337 3662
17647 4 2 0 1 3877 3402 3372 2260
17648 4 2 0 1 2330 3657 3337 3661
17649 4 2 0 1 2922 3663 2341 2690
17650 4 2 0 1 3877 3402 3750 3372
17651 4 2 0 1 3519 1247 1743 3117
17652 4 2 0 1 3121 1720 3852 3861
17653 4 2 0 1 151 2482 153 152
17654 4 2 0 1 2774 2427 2804 2359
17655 4 2 0 1 2355 2754 2632 2359
17656 4 2 0 1 2949 2774 226 2980
17657 4 2 0 1 986 832 2306 2983
17658 4 2 0 1 2325 2958 2818 3523
17659 4 2 0 1 151 2482 152 2875
17660 4 2 0 1 2898 2325 2818 3523
17661 4 2 0 1 2641 2364 3476 2465
17662 4 2 0 1 3016 3659 3017 2580
17663 4 2 0 1 3496 3347 3495 3352
17664 4 2 0 1 3364 3497 2327 3872
17665 4 2 0 1 2959 2314 3491 2899
17666 4 2 0 1 3503 3354 3352 3872
17667 4 2 0 1 151 2482 2875 3597
17668 4 2 0 1 3884 2640 2336 2674
17669 4 2 0 1 2509 2573 2659 2508
17670 4 2 0 1 1113 201 2568 3652
17671 4 2 0 1 3612 2510 2508 2380
17672 4 2 0 1 3165 3746 3268 3306
17673 4 2 0 1 2458 3612 2380 2510
17674 4 2 0 1 74 73 2011 3327
17675 4 2 0 1 95 917 2508 931
17676 4 2 0 1 2568 201 1113 755
17677 4 2 0 1 2793 3747 3703 3746
17678 4 2 0 1 2584 3336 3311 2759
17679 4 2 0 1 3241 3234 3683 2394
17680 4 2 0 1 3140 1456 3094 3847
17681 4 2 0 1 2794 3508 3746 3745
17682 4 2 0 1 2913 3683 3685 3618
17683 4 2 0 1 2523 2324 3430 2865
17684 4 2 0 1 2382 2879 3544 2377
17685 4 2 0 1 2556 2555 3640 3499
17686 4 2 0 1 2560 2558 2604 2561
17687 4 2 0 1 3248 3150 3111 3263
17688 4 2 0 1 2382 2879 2377 2670
17689 4 2 0 1 453 2925 1048 1015
17690 4 2 0 1 2382 2879 2670 3545
17691 4 2 0 1 3141 3556 1614 1613
17692 4 2 0 1 1613 3036 3141 3556
17693 4 2 0 1 3141 1614 3556 3241
17694 4 2 0 1 2622 1984 2187 1162
17695 4 2 0 1 4 2398 2403 568
17696 4 2 0 1 3557 2406 2407 2410
17697 4 2 0 1 3237 3289 2410 3274
17698 4 2 0 1 3142 3870 2331 3268
17699 4 2 0 1 3289 1744 1915 1577
17700 4 2 0 1 2081 1575 1744 3558
17701 4 2 0 1 3316 3554 3090 3850
17702 4 2 0 1 3252 3141 3144 3095
17703 4 2 0 1 3557 3558 2409 3274
17704 4 2 0 1 3884 3196 2674 2823
17705 4 2 0 1 3681 491 263 870
17706 4 2 0 1 2305 2424 2421 2417
17707 4 2 0 1 3681 263 491 3712
17708 4 2 0 1 384 345 383 2435
17709 4 2 0 1 648 3568 2435 923
17710 4 2 0 1 186 187 2765 185
17711 4 2 0 1 2935 3568 2435 313
17712 4 2 0 1 3313 3306 3746 2330
17713 4 2 0 1 606 3569 422 776
17714 4 2 0 1 312 315 2435 314
17715 4 2 0 1 3034 3512 3083 3830
17716 4 2 0 1 3034 3083 3512 3084
17717 4 2 0 1 2224 3942 1718 3897
17718 4 2 0 1 3083 3512 3085 3830
17719 4 2 0 1 3083 3085 3512 3084
17720 4 2 0 1 2538 3631 2542 2532
17721 4 2 0 1 2745 2510 2659 2508
17722 4 2 0 1 2963 3544 2576 3538
17723 4 2 0 1 664 518 1009 2731
17724 4 2 0 1 3268 3508 3746 2331
17725 4 2 0 1 2515 2461 3583 2543
17726 4 2 0 1 3580 3582 3583 3584
17727 4 2 0 1 2413 951 957 1092
17728 4 2 0 1 3096 3885 2343 3097
17729 4 2 0 1 3580 3584 3583 2462
17730 4 2 0 1 3582 518 2731 2936
17731 4 2 0 1 3584 3580 2936 2464
17732 4 2 0 1 2464 2972 2709 2970
17733 4 2 0 1 3409 3397 2879 2270
17734 4 2 0 1 3495 2322 3522 2323
17735 4 2 0 1 2481 2480 3696 2760
17736 4 2 0 1 3581 770 512 380
17737 4 2 0 1 2709 645 2970 2972
17738 4 2 0 1 1178 3637 3315 3277
17739 4 2 0 1 3697 2481 2675 3595
17740 4 2 0 1 3142 3268 2331 3244
17741 4 2 0 1 17 2560 2162 3315
17742 4 2 0 1 2872 945 638 1054
17743 4 2 0 1 593 591 858 2467
17744 4 2 0 1 3315 2560 2554 17
17745 4 2 0 1 2554 3644 3636 2320
17746 4 2 0 1 2956 673 330 1119
17747 4 2 0 1 2956 700 1119 888
17748 4 2 0 1 326 288 2544 1136
17749 4 2 0 1 3198 3637 3277 3636
17750 4 2 0 1 2464 2709 2319 2562
17751 4 2 0 1 2288 2801 2682 2871
17752 4 2 0 1 3897 2028 1329 3776
17753 4 2 0 1 3474 2485 3475 3603
17754 4 2 0 1 285 287 286 2473
17755 4 2 0 1 2846 2546 2544 3650
17756 4 2 0 1 956 2974 1121 264
17757 4 2 0 1 580 748 608 2301
17758 4 2 0 1 2554 2084 3315 17
17759 4 2 0 1 3680 2429 2634 503
17760 4 2 0 1 492 2300 303 493
17761 4 2 0 1 3609 2500 3610 2768
17762 4 2 0 1 1179 3718 2708 3637
17763 4 2 0 1 3610 580 582 2498
17764 4 2 0 1 2822 2501 725 495
17765 4 2 0 1 1416 1415 1417 3787
17766 4 2 0 1 3330 3328 3549 2393
17767 4 2 0 1 1174 1883 1155 3549
17768 4 2 0 1 3308 2456 3549 3327
17769 4 2 0 1 2520 3619 757 2521
17770 4 2 0 1 3580 2730 2840 2519
17771 4 2 0 1 3036 3142 3846 3275
17772 4 2 0 1 3625 2529 2539 2534
17773 4 2 0 1 3036 3870 3142 3285
17774 4 2 0 1 3354 2867 3487 3871
17775 4 2 0 1 3418 2533 649 460
17776 4 2 0 1 3407 3626 3404 3406
17777 4 2 0 1 3484 2834 2850 3520
17778 4 2 0 1 3484 2850 2336 3501
17779 4 2 0 1 3628 3626 2535 3627
17780 4 2 0 1 2260 3419 3373 3396
17781 4 2 0 1 3632 2542 374 2532
17782 4 2 0 1 2534 3631 3630 2532
17783 4 2 0 1 984 756 2933 3687
17784 4 2 0 1 427 2638 426 2629
17785 4 2 0 1 2773 3307 3735 2418
17786 4 2 0 1 3036 3142 3870 3133
17787 4 2 0 1 214 212 2496 2425
17788 4 2 0 1 2558 2607 2604 2561
17789 4 2 0 1 2496 212 214 213
17790 4 2 0 1 2544 288 2846 3650
17791 4 2 0 1 2604 3639 3640 2558
17792 4 2 0 1 2516 2665 3510 3640
17793 4 2 0 1 2560 3644 2558 2561
17794 4 2 0 1 3767 2845 3553 2558
17795 4 2 0 1 2642 2682 2891 2663
17796 4 2 0 1 2642 2891 2682 2292
17797 4 2 0 1 3569 3442 2439 2629
17798 4 2 0 1 2635 2682 2891 2292
17799 4 2 0 1 2536 3629 3630 2540
17800 4 2 0 1 3632 2542 2532 2541
17801 4 2 0 1 984 929 3687 550
17802 4 2 0 1 3686 3883 3442 2902
17803 4 2 0 1 3653 3630 2538 2532
17804 4 2 0 1 2811 3676 2653 2618
17805 4 2 0 1 3538 3270 2574 2576
17806 4 2 0 1 2572 2379 2574 2575
17807 4 2 0 1 289 3650 2846 288
17808 4 2 0 1 1060 2654 2854 817
17809 4 2 0 1 3036 3142 3275 3285
17810 4 2 0 1 547 2375 2854 572
17811 4 2 0 1 3644 3647 3267 2845
17812 4 2 0 1 3655 3283 3270 2574
17813 4 2 0 1 3283 2572 2574 2573
17814 4 2 0 1 2574 2379 3270 3538
17815 4 2 0 1 3447 3251 3179 3451
17816 4 2 0 1 3313 2330 3745 3748
17817 4 2 0 1 2691 2338 3748 2788
17818 4 2 0 1 3107 2602 3257 2852
17819 4 2 0 1 2852 2602 3257 3216
17820 4 2 0 1 3622 2592 2527 3623
17821 4 2 0 1 2592 2475 2593 3666
17822 4 2 0 1 3443 3437 2876 3439
17823 4 2 0 1 3883 2274 3437 2764
17824 4 2 0 1 3179 3160 3447 3451
17825 4 2 0 1 3150 3643 3051 3111
17826 4 2 0 1 3598 2482 3596 2478
17827 4 2 0 1 3162 2013 1602 3787
17828 4 2 0 1 3654 693 2571 833
17829 4 2 0 1 2206 3919 1419 3013
17830 4 2 0 1 3307 3772 1592 3240
17831 4 2 0 1 2540 2902 3442 2274
17832 4 2 0 1 668 576 603 2933
17833 4 2 0 1 1157 2611 2605 1887
17834 4 2 0 1 3443 3669 2876 2764
17835 4 2 0 1 3549 1883 3558 2514
17836 4 2 0 1 2408 3614 3617 3615
17837 4 2 0 1 2670 2378 2533 2672
17838 4 2 0 1 2668 744 2669 787
17839 4 2 0 1 3549 3558 3615 2514
17840 4 2 0 1 3549 3617 2514 3615
17841 4 2 0 1 3683 2637 3685 3618
17842 4 2 0 1 2268 2378 2376 2670
17843 4 2 0 1 3767 3644 3267 2845
17844 4 2 0 1 2482 3441 2831 3599
17845 4 2 0 1 2349 2483 2476 3599
17846 4 2 0 1 2550 2551 2549 3670
17847 4 2 0 1 3797 3125 3017 3202
17848 4 2 0 1 2822 3695 2663 2384
17849 4 2 0 1 754 3567 844 504
17850 4 2 0 1 2384 3609 737 2385
17851 4 2 0 1 754 3567 504 502
17852 4 2 0 1 3872 3497 3365 2328
17853 4 2 0 1 3872 3497 2328 3489
17854 4 2 0 1 2386 3695 2384 2663
17855 4 2 0 1 2392 2525 2524 3700
17856 4 2 0 1 3871 3886 3487 3354
17857 4 2 0 1 2678 2681 3699 2680
17858 4 2 0 1 98 3701 1073 987
17859 4 2 0 1 2339 3127 3740 3126
17860 4 2 0 1 1440 1793 3025 3134
17861 4 2 0 1 3770 3471 2810 3392
17862 4 2 0 1 3602 276 1111 3475
17863 4 2 0 1 2293 2490 3713 2491
17864 4 2 0 1 2974 2696 2697 2928
17865 4 2 0 1 2697 2676 3769 3698
17866 4 2 0 1 98 1073 3701 2878
17867 4 2 0 1 3245 3307 3571 2773
17868 4 2 0 1 3766 3199 2320 3487
17869 4 2 0 1 3543 3701 1073 2878
17870 4 2 0 1 1007 2547 657 1077
17871 4 2 0 1 3454 2613 3722 2715
17872 4 2 0 1 3720 3454 3722 2715
17873 4 2 0 1 3227 1435 2221 1956
17874 4 2 0 1 2715 622 621 620
17875 4 2 0 1 3227 2221 1435 2450
17876 4 2 0 1 2663 2642 2386 2891
17877 4 2 0 1 2430 2753 2292 3462
17878 4 2 0 1 3717 3062 3817 2708
17879 4 2 0 1 991 2734 2736 2739
17880 4 2 0 1 2734 414 2736 2735
17881 4 2 0 1 2739 2734 2736 2309
17882 4 2 0 1 2452 2742 2736 2741
17883 4 2 0 1 2728 2362 2968 3411
17884 4 2 0 1 2694 2585 3314 3311
17885 4 2 0 1 3542 2579 3734 3733
17886 4 2 0 1 2793 2694 3312 3703
17887 4 2 0 1 3165 3136 3269 3733
17888 4 2 0 1 3599 2760 2832 2831
17889 4 2 0 1 1126 835 2596 3688
17890 4 2 0 1 1126 516 835 3688
17891 4 2 0 1 2913 3616 2112 2636
17892 4 2 0 1 915 2548 2549 2887
17893 4 2 0 1 515 3525 488 484
17894 4 2 0 1 516 488 3688 2644
17895 4 2 0 1 2338 2691 2784 2781
17896 4 2 0 1 802 2778 517 515
17897 4 2 0 1 137 2361 136 135
17898 4 2 0 1 3552 2609 2775 2608
17899 4 2 0 1 3845 3511 3744 3138
17900 4 2 0 1 3845 3025 3744 3134
17901 4 2 0 1 2794 3511 3744 2795
17902 4 2 0 1 1683 2622 1984 1983
17903 4 2 0 1 2790 3704 3126 3741
17904 4 2 0 1 2790 3740 3741 3126
17905 4 2 0 1 3511 2794 3744 3138
17906 4 2 0 1 2795 3747 3704 3744
17907 4 2 0 1 3552 2775 2609 2852
17908 4 2 0 1 2598 3670 2713 2597
17909 4 2 0 1 736 2522 1091 665
17910 4 2 0 1 2599 2284 2699 2598
17911 4 2 0 1 2806 2596 2597 3670
17912 4 2 0 1 3424 2581 3663 2690
17913 4 2 0 1 2689 2308 2858 2860
17914 4 2 0 1 2687 2684 2873 2858
17915 4 2 0 1 3401 3419 3876 3382
17916 4 2 0 1 736 2522 665 2521
17917 4 2 0 1 2843 2308 3480 2738
17918 4 2 0 1 2553 18 17 902
17919 4 2 0 1 2843 3377 2492 2893
17920 4 2 0 1 3593 1014 900 863
17921 4 2 0 1 2084 2554 3315 3637
17922 4 2 0 1 3594 863 1014 3593
17923 4 2 0 1 2197 3763 3761 3131
17924 4 2 0 1 3859 3176 3131 3029
17925 4 2 0 1 2845 3216 2516 2607
17926 4 2 0 1 3552 2603 2607 2606
17927 4 2 0 1 3644 2870 3636 2320
17928 4 2 0 1 2558 3647 2561 3644
17929 4 2 0 1 2540 3630 2538 2902
17930 4 2 0 1 3427 2350 3531 3374
17931 4 2 0 1 3443 3437 3439 3438
17932 4 2 0 1 3726 3417 2902 3653
17933 4 2 0 1 3531 3751 3374 3384
17934 4 2 0 1 3882 3405 3439 3427
17935 4 2 0 1 2832 3882 3374 2809
17936 4 2 0 1 3559 3684 3146 2906
17937 4 2 0 1 2111 2514 2110 3340
17938 4 2 0 1 2742 3465 2739 2309
17939 4 2 0 1 1451 1453 3847 1454
17940 4 2 0 1 3307 3772 2773 3735
17941 4 2 0 1 724 2360 2354 2310
17942 4 2 0 1 3030 1827 3802 3805
17943 4 2 0 1 3030 1827 3805 1316
17944 4 2 0 1 2003 3304 3310 1513
17945 4 2 0 1 3071 3074 3077 3823
17946 4 2 0 1 1574 1592 3240 1573
17947 4 2 0 1 3091 2997 3832 1389
17948 4 2 0 1 3000 1676 1320 1318
17949 4 2 0 1 2534 3417 3630 2539
17950 4 2 0 1 1783 3842 1267 1937
17951 4 2 0 1 3030 1827 1316 1809
17952 4 2 0 1 1256 1701 3780 1251
17953 4 2 0 1 1250 3780 1251 3778
17954 4 2 0 1 3220 3172 3221 3009
17955 4 2 0 1 3791 1693 1691 1692
17956 4 2 0 1 3030 1827 1809 3802
17957 4 2 0 1 2072 3789 1822 2095
17958 4 2 0 1 1909 2026 3153 3159
17959 4 2 0 1 1563 1562 1573 3240
17960 4 2 0 1 3772 3307 2773 2945
17961 4 2 0 1 1909 3153 2026 2005
17962 4 2 0 1 1874 1875 2032 3800
17963 4 2 0 1 2976 2650 3343 2904
17964 4 2 0 1 3772 3773 2773 3735
17965 4 2 0 1 1765 3028 1524 1900
17966 4 2 0 1 2554 3644 2560 3636
17967 4 2 0 1 2560 3213 3315 3636
17968 4 2 0 1 3080 3180 3828 3081
17969 4 2 0 1 3866 3239 2334 3154
17970 4 2 0 1 3247 2334 3154 3188
17971 4 2 0 1 14 2561 1775 2560
17972 4 2 0 1 2609 3107 2602 3108
17973 4 2 0 1 3552 2395 2775 2516
17974 4 2 0 1 414 2737 2736 2735
17975 4 2 0 1 3383 3382 2470 3379
17976 4 2 0 1 2610 3107 3108 3111
17977 4 2 0 1 2557 3643 3551 3111
17978 4 2 0 1 3107 2610 3108 3109
17979 4 2 0 1 1209 1206 1208 3816
17980 4 2 0 1 2470 3382 3383 3358
17981 4 2 0 1 3156 1253 1284 1208
17982 4 2 0 1 2470 3587 3383 3379
17983 4 2 0 1 3815 3156 2096 2074
17984 4 2 0 1 3091 1849 1848 3316
17985 4 2 0 1 3382 2861 2470 3379
17986 4 2 0 1 1431 3824 2024 3070
17987 4 2 0 1 2365 2961 2363 2325
17988 4 2 0 1 16 2560 2162 17
17989 4 2 0 1 2365 2363 2961 2364
17990 4 2 0 1 3860 3282 3018 3192
17991 4 2 0 1 3213 3277 3315 3636
17992 4 2 0 1 3155 3317 3157 3059
17993 4 2 0 1 3793 3298 3192 3018
17994 4 2 0 1 3198 3635 3637 3636
17995 4 2 0 1 1212 1211 3080 1210
17996 4 2 0 1 2534 2539 3630 3629
17997 4 2 0 1 3883 3726 3437 2902
17998 4 2 0 1 13 1333 14 2604
17999 4 2 0 1 691 2559 87 763
18000 4 2 0 1 1695 3149 3083 3830
18001 4 2 0 1 3193 3829 3191 3057
18002 4 2 0 1 2223 1217 3082 1216
18003 4 2 0 1 1210 3827 3192 3080
18004 4 2 0 1 3175 3262 3257 3149
18005 4 2 0 1 2816 2751 2660 3461
18006 4 2 0 1 3104 3772 3837 3735
18007 4 2 0 1 3077 3078 3823 3079
18008 4 2 0 1 2455 3574 2622 2511
18009 4 2 0 1 582 580 581 2498
18010 4 2 0 1 3242 1478 1484 1480
18011 4 2 0 1 1767 1514 1766 2796
18012 4 2 0 1 3145 3840 2396 2397
18013 4 2 0 1 2397 3840 2396 3201
18014 4 2 0 1 1478 1475 1477 3114
18015 4 2 0 1 2511 2905 3295 2636
18016 4 2 0 1 2280 3868 3236 3447
18017 4 2 0 1 3052 3109 3112 2610
18018 4 2 0 1 2525 2528 2625 2303
18019 4 2 0 1 3810 1374 1313 3809
18020 4 2 0 1 2408 3617 3549 3615
18021 4 2 0 1 3452 2280 3448 3323
18022 4 2 0 1 2157 3203 2770 1769
18023 4 2 0 1 3140 3241 3847 3178
18024 4 2 0 1 3124 1941 1469 3146
18025 4 2 0 1 3234 3241 3683 3178
18026 4 2 0 1 1940 3848 1468 1465
18027 4 2 0 1 3685 3146 3684 3683
18028 4 2 0 1 1870 3787 3162 3012
18029 4 2 0 1 3162 3787 1870 1418
18030 4 2 0 1 3756 3535 3755 2371
18031 4 2 0 1 1741 3892 2031 1240
18032 4 2 0 1 2034 1724 2005 3153
18033 4 2 0 1 3058 3492 3229 2335
18034 4 2 0 1 2674 2891 2287 3463
18035 4 2 0 1 3247 1253 3035 3059
18036 4 2 0 1 3035 3059 1253 3156
18037 4 2 0 1 2854 2375 3693 572
18038 4 2 0 1 2638 2414 3687 930
18039 4 2 0 1 3000 3892 1233 2161
18040 4 2 0 1 3147 3211 3554 2397
18041 4 2 0 1 3520 3232 2836 3885
18042 4 2 0 1 3292 2837 2743 3520
18043 4 2 0 1 3520 3864 3292 2837
18044 4 2 0 1 3783 1227 3784 3230
18045 4 2 0 1 2344 3863 3865 3195
18046 4 2 0 1 3008 3118 3007 3006
18047 4 2 0 1 3006 3777 3784 3783
18048 4 2 0 1 3784 1229 3777 3001
18049 4 2 0 1 3550 3451 2775 3447
18050 4 2 0 1 3239 3299 3215 3645
18051 4 2 0 1 3551 2775 3451 3447
18052 4 2 0 1 3551 3451 2775 2602
18053 4 2 0 1 203 109 2973 1082
18054 4 2 0 1 203 2973 109 2507
18055 4 2 0 1 3143 1470 3316 3849
18056 4 2 0 1 3311 2694 1342 3314
18057 4 2 0 1 2937 3422 3754 2814
18058 4 2 0 1 3311 1342 2694 3249
18059 4 2 0 1 2767 2302 3466 2961
18060 4 2 0 1 3464 2674 3465 2336
18061 4 2 0 1 3388 2871 3376 3879
18062 4 2 0 1 3316 3147 3143 3849
18063 4 2 0 1 2801 3388 3467 2299
18064 4 2 0 1 3878 3366 3587 2299
18065 4 2 0 1 2797 2615 2617 3457
18066 4 2 0 1 3358 3876 2317 3356
18067 4 2 0 1 3876 3358 2317 3351
18068 4 2 0 1 2787 3356 2688 2470
18069 4 2 0 1 3418 2890 2535 460
18070 4 2 0 1 3507 3288 3268 3433
18071 4 2 0 1 2308 3480 2858 2860
18072 4 2 0 1 3507 3288 3433 3510
18073 4 2 0 1 3378 3394 2290 3381
18074 4 2 0 1 2269 3881 2904 3346
18075 4 2 0 1 3737 3481 3362 3464
18076 4 2 0 1 2309 2738 2896 2858
18077 4 2 0 1 3378 3394 3381 3386
18078 4 2 0 1 3033 3830 1591 3082
18079 4 2 0 1 3049 3132 3176 3053
18080 4 2 0 1 2333 3888 3189 3034
18081 4 2 0 1 1959 1269 3795 3779
18082 4 2 0 1 2799 3382 3380 3377
18083 4 2 0 1 3067 3187 3310 3331
18084 4 2 0 1 3067 3310 3187 3042
18085 4 2 0 1 3881 3416 2904 3404
18086 4 2 0 1 1995 2087 3331 1868
18087 4 2 0 1 3310 2135 3331 1868
18088 4 2 0 1 2560 16 2162 1166
18089 4 2 0 1 2738 2741 3462 2304
18090 4 2 0 1 1170 1352 3755 1645
18091 4 2 0 1 3324 2368 2365 3532
18092 4 2 0 1 3884 3302 3097 3484
18093 4 2 0 1 1343 2053 1441 3311
18094 4 2 0 1 2860 3382 3377 2861
18095 4 2 0 1 2867 3649 2844 3871
18096 4 2 0 1 2418 43 42 2420
18097 4 2 0 1 3311 2579 2585 1441
18098 4 2 0 1 2506 2823 3463 2343
18099 4 2 0 1 2416 1819 39 3290
18100 4 2 0 1 3097 3500 3222 3484
18101 4 2 0 1 2364 3524 827 3532
18102 4 2 0 1 2282 2615 2677 2797
18103 4 2 0 1 1319 3779 1820 3000
18104 4 2 0 1 1581 3128 2228 1810
18105 4 2 0 1 2993 2393 2402 3579
18106 4 2 0 1 2354 723 839 724
18107 4 2 0 1 2261 2265 2264 2976
18108 4 2 0 1 2424 2431 2502 2503
18109 4 2 0 1 1512 3322 1494 3274
18110 4 2 0 1 2265 3345 2261 2264
18111 4 2 0 1 3887 3259 3285 2845
18112 4 2 0 1 3457 587 1042 2614
18113 4 2 0 1 661 587 2614 1042
18114 4 2 0 1 2265 3345 2264 2700
18115 4 2 0 1 3457 167 1042 916
18116 4 2 0 1 2795 3744 3704 2791
18117 4 2 0 1 3872 3496 3491 3352
18118 4 2 0 1 3717 3495 3491 2866
18119 4 2 0 1 3457 916 1042 677
18120 4 2 0 1 3491 3872 3352 3065
18121 4 2 0 1 3491 3872 3065 2959
18122 4 2 0 1 3717 3491 3352 3065
18123 4 2 0 1 3474 2486 2296 3713
18124 4 2 0 1 3717 3491 3065 3062
18125 4 2 0 1 3717 3491 3062 2866
18126 4 2 0 1 3495 2707 2323 2866
18127 4 2 0 1 3325 2371 2899 3055
18128 4 2 0 1 3358 3493 2732 2317
18129 4 2 0 1 3325 2371 3055 2373
18130 4 2 0 1 304 2695 937 319
18131 4 2 0 1 3581 510 512 2936
18132 4 2 0 1 2782 2341 2688 2787
18133 4 2 0 1 2620 3457 2618 3674
18134 4 2 0 1 3433 3313 2329 3350
18135 4 2 0 1 2291 2754 2632 2355
18136 4 2 0 1 300 2990 306 2935
18137 4 2 0 1 3502 3357 2788 3365
18138 4 2 0 1 2281 2746 2667 2716
18139 4 2 0 1 3567 500 605 504
18140 4 2 0 1 3551 3453 3450 3285
18141 4 2 0 1 2711 2788 3357 3365
18142 4 2 0 1 2355 2354 2626 2291
18143 4 2 0 1 3750 3875 3719 3372
18144 4 2 0 1 2440 2965 790 1011
18145 4 2 0 1 3750 3719 3875 2947
18146 4 2 0 1 3684 3683 3146 2906
18147 4 2 0 1 3683 2637 3684 3685
18148 4 2 0 1 2649 2571 3693 721
18149 4 2 0 1 2799 3382 3377 2860
18150 4 2 0 1 2354 3482 2355 2356
18151 4 2 0 1 3366 3361 3517 2863
18152 4 2 0 1 3153 2246 1989 1724
18153 4 2 0 1 2859 3356 3876 3382
18154 4 2 0 1 3517 3361 3366 2767
18155 4 2 0 1 3517 3466 3366 2863
18156 4 2 0 1 2293 3474 2297 3713
18157 4 2 0 1 206 3324 985 28
18158 4 2 0 1 2296 2930 795 869
18159 4 2 0 1 3120 3121 1282 1826
18160 4 2 0 1 2370 1332 2373 1609
18161 4 2 0 1 3875 3399 3369 3880
18162 4 2 0 1 2557 2602 3257 3111
18163 4 2 0 1 1930 3793 2193 1619
18164 4 2 0 1 2883 2262 3412 3765
18165 4 2 0 1 2672 2904 2673 3343
18166 4 2 0 1 3780 1701 2192 1251
18167 4 2 0 1 3416 3624 2672 2673
18168 4 2 0 1 2672 3416 2673 2904
18169 4 2 0 1 3366 3466 3517 2767
18170 4 2 0 1 3498 2556 3433 3510
18171 4 2 0 1 2665 2718 3430 2667
18172 4 2 0 1 2620 117 916 115
18173 4 2 0 1 1605 3904 2098 2158
18174 4 2 0 1 2503 2502 3567 2431
18175 4 2 0 1 2913 2112 1747 1832
18176 4 2 0 1 3140 3094 3848 3847
18177 4 2 0 1 2757 3874 3397 3423
18178 4 2 0 1 2417 2823 2287 2506
18179 4 2 0 1 3403 2859 3419 2266
18180 4 2 0 1 1764 3028 2171 1524
18181 4 2 0 1 2378 530 533 2376
18182 4 2 0 1 2634 3567 2505 2907
18183 4 2 0 1 2139 1303 3940 3284
18184 4 2 0 1 1996 1303 3940 2139
18185 4 2 0 1 1875 1765 3800 1876
18186 4 2 0 1 1764 3028 1524 1765
18187 4 2 0 1 3800 3902 1295 3936
18188 4 2 0 1 686 549 2376 778
18189 4 2 0 1 3936 1295 3800 1297
18190 4 2 0 1 2417 2823 2506 2826
18191 4 2 0 1 627 2638 814 2411
18192 4 2 0 1 3094 1940 1925 1463
18193 4 2 0 1 1459 3140 3094 1463
18194 4 2 0 1 1459 3094 1925 1463
18195 4 2 0 1 2613 2989 107 734
18196 4 2 0 1 815 2989 2613 734
18197 4 2 0 1 7 2989 8 1103
18198 4 2 0 1 3722 623 1032 713
18199 4 2 0 1 3717 3715 3716 2707
18200 4 2 0 1 3715 3717 3716 2708
18201 4 2 0 1 627 3679 426 2638
18202 4 2 0 1 87 2709 2562 902
18203 4 2 0 1 1167 1181 3715 1180
18204 4 2 0 1 627 2638 426 1066
18205 4 2 0 1 2704 2366 30 2387
18206 4 2 0 1 2523 2324 2865 3753
18207 4 2 0 1 3291 2506 2826 2417
18208 4 2 0 1 2516 3453 2395 2775
18209 4 2 0 1 627 2638 1066 814
18210 4 2 0 1 2944 92 1021 1020
18211 4 2 0 1 2872 2594 2586 2475
18212 4 2 0 1 2446 1176 1794 2449
18213 4 2 0 1 2572 65 3270 88
18214 4 2 0 1 2516 2665 2395 3435
18215 4 2 0 1 3314 3704 1342 1986
18216 4 2 0 1 2807 3376 2893 3460
18217 4 2 0 1 100 3328 74 467
18218 4 2 0 1 2872 2595 2475 2750
18219 4 2 0 1 3704 1986 2795 2791
18220 4 2 0 1 3327 100 3328 74
18221 4 2 0 1 100 3327 73 74
18222 4 2 0 1 2716 2281 2746 2720
18223 4 2 0 1 3377 2893 2342 2492
18224 4 2 0 1 2634 3567 2503 2505
18225 4 2 0 1 3731 798 2716 362
18226 4 2 0 1 3394 3470 2290 2492
18227 4 2 0 1 59 887 58 3320
18228 4 2 0 1 2922 2341 2684 2687
18229 4 2 0 1 2719 2512 3765 2747
18230 4 2 0 1 2922 2687 2684 2873
18231 4 2 0 1 2621 131 2888 128
18232 4 2 0 1 57 836 2740 2784
18233 4 2 0 1 3320 57 96 58
18234 4 2 0 1 2138 57 3320 58
18235 4 2 0 1 2611 1855 1157 1854
18236 4 2 0 1 3731 342 362 344
18237 4 2 0 1 2811 2819 2616 2653
18238 4 2 0 1 2819 2619 2855 2811
18239 4 2 0 1 2883 3367 2746 3368
18240 4 2 0 1 168 720 875 3693
18241 4 2 0 1 3882 2350 2809 3381
18242 4 2 0 1 2811 2819 2653 3537
18243 4 2 0 1 2819 2619 2616 3342
18244 4 2 0 1 3724 129 2931 471
18245 4 2 0 1 889 1051 3530 2548
18246 4 2 0 1 2264 2284 2813 2265
18247 4 2 0 1 2835 2739 2849 2784
18248 4 2 0 1 166 692 2994 693
18249 4 2 0 1 2639 885 1131 2875
18250 4 2 0 1 2276 126 123 2931
18251 4 2 0 1 133 169 3724 134
18252 4 2 0 1 2995 1134 806 855
18253 4 2 0 1 140 2361 1055 138
18254 4 2 0 1 889 2549 2548 3530
18255 4 2 0 1 2835 2739 2784 2740
18256 4 2 0 1 562 849 999 3530
18257 4 2 0 1 3450 3236 3447 3251
18258 4 2 0 1 2835 2784 2849 2781
18259 4 2 0 1 150 2875 151 152
18260 4 2 0 1 155 2639 156 154
18261 4 2 0 1 3750 3372 3402 3875
18262 4 2 0 1 3398 3344 2265 3399
18263 4 2 0 1 2805 2883 2278 2749
18264 4 2 0 1 2474 799 162 1036
18265 4 2 0 1 2587 174 3667 173
18266 4 2 0 1 2883 3367 2926 2746
18267 4 2 0 1 950 2474 3667 1124
18268 4 2 0 1 2721 3671 2395 2612
18269 4 2 0 1 950 161 3667 172
18270 4 2 0 1 2403 2404 2398 2721
18271 4 2 0 1 3454 2403 2721 3720
18272 4 2 0 1 186 3561 190 735
18273 4 2 0 1 782 507 735 3561
18274 4 2 0 1 192 3560 190 191
18275 4 2 0 1 343 393 3459 341
18276 4 2 0 1 393 343 3459 878
18277 4 2 0 1 2415 732 193 3562
18278 4 2 0 1 3731 342 344 3459
18279 4 2 0 1 344 346 347 3459
18280 4 2 0 1 3731 344 347 3459
18281 4 2 0 1 3731 342 3459 2600
18282 4 2 0 1 342 343 344 3459
18283 4 2 0 1 729 2385 207 79
18284 4 2 0 1 3044 1430 2072 3050
18285 4 2 0 1 3175 3262 3034 3642
18286 4 2 0 1 2496 216 215 214
18287 4 2 0 1 213 2496 215 214
18288 4 2 0 1 2496 216 214 3565
18289 4 2 0 1 2629 2638 3679 3686
18290 4 2 0 1 3216 3259 3285 2557
18291 4 2 0 1 230 2631 228 229
18292 4 2 0 1 2289 245 249 2681
18293 4 2 0 1 2355 2979 2356 2359
18294 4 2 0 1 2951 244 240 1114
18295 4 2 0 1 2386 2891 2642 2674
18296 4 2 0 1 882 3570 703 2390
18297 4 2 0 1 1137 2983 242 239
18298 4 2 0 1 2512 2719 3765 3613
18299 4 2 0 1 2981 3890 599 964
18300 4 2 0 1 252 2696 251 265
18301 4 2 0 1 983 2681 266 251
18302 4 2 0 1 2703 688 3562 2702
18303 4 2 0 1 2681 2289 2696 251
18304 4 2 0 1 2302 2500 2385 2768
18305 4 2 0 1 3631 260 790 415
18306 4 2 0 1 2663 2302 2682 2288
18307 4 2 0 1 271 2440 270 295
18308 4 2 0 1 758 783 2907 1120
18309 4 2 0 1 2953 3462 2430 2431
18310 4 2 0 1 1022 2934 283 291
18311 4 2 0 1 2497 3462 2953 2431
18312 4 2 0 1 3680 2292 2430 2807
18313 4 2 0 1 3592 2493 2566 2299
18314 4 2 0 1 3285 3551 3216 2557
18315 4 2 0 1 3433 3510 3553 3507
18316 4 2 0 1 3607 3467 2466 2768
18317 4 2 0 1 2293 2810 3385 3471
18318 4 2 0 1 2846 290 292 289
18319 4 2 0 1 2264 2916 2265 2813
18320 4 2 0 1 3650 289 287 288
18321 4 2 0 1 3941 46 3907 47
18322 4 2 0 1 2703 3562 688 628
18323 4 2 0 1 3731 798 362 342
18324 4 2 0 1 3853 3449 3498 3288
18325 4 2 0 1 2681 2678 704 786
18326 4 2 0 1 3853 3498 3449 3431
18327 4 2 0 1 337 2701 2600 2522
18328 4 2 0 1 3672 2014 2603 2606
18329 4 2 0 1 2469 2767 2316 2465
18330 4 2 0 1 3568 2935 451 313
18331 4 2 0 1 3672 2603 2014 11
18332 4 2 0 1 3925 2020 3253 1585
18333 4 2 0 1 3568 1118 648 952
18334 4 2 0 1 2526 399 2389 672
18335 4 2 0 1 3623 804 993 2389
18336 4 2 0 1 3925 2020 1585 1820
18337 4 2 0 1 2452 2741 2287 2824
18338 4 2 0 1 2440 1085 790 270
18339 4 2 0 1 260 3631 371 372
18340 4 2 0 1 3725 371 567 883
18341 4 2 0 1 2687 2849 2734 2780
18342 4 2 0 1 261 2438 259 270
18343 4 2 0 1 2990 299 311 295
18344 4 2 0 1 3468 3376 3879 3391
18345 4 2 0 1 3468 3376 3391 2893
18346 4 2 0 1 741 957 1012 2413
18347 4 2 0 1 309 2935 935 314
18348 4 2 0 1 2984 331 3483 2434
18349 4 2 0 1 386 384 385 2590
18350 4 2 0 1 576 2965 542 2933
18351 4 2 0 1 3303 3279 3821 3069
18352 4 2 0 1 2716 340 2600 2522
18353 4 2 0 1 2311 961 1049 793
18354 4 2 0 1 376 348 2948 361
18355 4 2 0 1 3927 355 1046 316
18356 4 2 0 1 401 2479 402 404
18357 4 2 0 1 408 407 2737 409
18358 4 2 0 1 3303 3821 3279 3076
18359 4 2 0 1 406 2360 404 2841
18360 4 2 0 1 406 404 2360 1153
18361 4 2 0 1 2434 821 658 1017
18362 4 2 0 1 2434 821 1017 331
18363 4 2 0 1 521 2572 764 523
18364 4 2 0 1 2311 231 509 793
18365 4 2 0 1 3817 2320 3717 2708
18366 4 2 0 1 2302 2500 2768 2288
18367 4 2 0 1 3717 3065 3352 3487
18368 4 2 0 1 2867 3717 3352 3487
18369 4 2 0 1 3648 2322 3588 3347
18370 4 2 0 1 2414 755 198 1106
18371 4 2 0 1 2541 2933 2538 3687
18372 4 2 0 1 2472 3359 3588 2316
18373 4 2 0 1 2411 813 814 627
18374 4 2 0 1 3648 2972 3588 2323
18375 4 2 0 1 427 2638 2629 3687
18376 4 2 0 1 3560 194 487 789
18377 4 2 0 1 417 433 432 3595
18378 4 2 0 1 563 928 2489 602
18379 4 2 0 1 225 232 2804 231
18380 4 2 0 1 448 2881 429 449
18381 4 2 0 1 2881 901 449 448
18382 4 2 0 1 2873 2890 2901 459
18383 4 2 0 1 650 2873 2901 459
18384 4 2 0 1 3648 3347 3588 3348
18385 4 2 0 1 2302 2641 2768 2385
18386 4 2 0 1 3544 3543 2929 2964
18387 4 2 0 1 672 804 803 2389
18388 4 2 0 1 590 2766 589 2467
18389 4 2 0 1 672 804 2389 993
18390 4 2 0 1 2872 3593 482 418
18391 4 2 0 1 1390 3093 3832 3091
18392 4 2 0 1 779 2526 472 1112
18393 4 2 0 1 481 3593 416 418
18394 4 2 0 1 3586 3361 2863 2321
18395 4 2 0 1 3736 862 3593 416
18396 4 2 0 1 3832 2007 1388 2103
18397 4 2 0 1 3306 3350 3272 3338
18398 4 2 0 1 2501 496 498 497
18399 4 2 0 1 777 772 3681 503
18400 4 2 0 1 3609 837 207 996
18401 4 2 0 1 2365 205 3532 2766
18402 4 2 0 1 1425 1422 3102 3011
18403 4 2 0 1 547 943 655 2854
18404 4 2 0 1 2807 2499 2871 2705
18405 4 2 0 1 2379 523 525 2572
18406 4 2 0 1 3102 1422 1425 1426
18407 4 2 0 1 2575 679 913 943
18408 4 2 0 1 3043 3039 3046 3555
18409 4 2 0 1 2932 533 927 2649
18410 4 2 0 1 533 2932 534 2655
18411 4 2 0 1 2509 3283 97 68
18412 4 2 0 1 2375 2649 2268 3693
18413 4 2 0 1 2522 2701 2600 2255
18414 4 2 0 1 3514 2959 3060 3509
18415 4 2 0 1 1110 808 2884 358
18416 4 2 0 1 2678 838 325 324
18417 4 2 0 1 1057 2919 569 901
18418 4 2 0 1 2460 2512 3579 3577
18419 4 2 0 1 89 2894 1045 1037
18420 4 2 0 1 609 3329 1053 569
18421 4 2 0 1 3329 2894 2919 2459
18422 4 2 0 1 3609 837 1109 737
18423 4 2 0 1 3039 3187 3041 3810
18424 4 2 0 1 37 2105 2987 36
18425 4 2 0 1 2301 495 955 493
18426 4 2 0 1 2301 727 495 2822
18427 4 2 0 1 2498 582 3610 2768
18428 4 2 0 1 2302 2500 2288 2663
18429 4 2 0 1 590 639 2766 592
18430 4 2 0 1 2557 3275 3887 3285
18431 4 2 0 1 2767 3467 2288 2768
18432 4 2 0 1 3293 2049 2999 3076
18433 4 2 0 1 276 1111 3475 278
18434 4 2 0 1 3724 132 130 133
18435 4 2 0 1 2489 291 1022 928
18436 4 2 0 1 563 3689 3696 486
18437 4 2 0 1 2677 2915 3415 1006
18438 4 2 0 1 2888 615 126 613
18439 4 2 0 1 128 2888 126 613
18440 4 2 0 1 3293 2999 2049 1790
18441 4 2 0 1 2790 3742 3741 2785
18442 4 2 0 1 747 2716 624 2715
18443 4 2 0 1 2691 2338 2785 2790
18444 4 2 0 1 2716 747 624 949
18445 4 2 0 1 949 2716 798 897
18446 4 2 0 1 3742 2691 2785 2790
18447 4 2 0 1 2338 2790 3740 2785
18448 4 2 0 1 201 1077 3652 1007
18449 4 2 0 1 2554 2552 17 2560
18450 4 2 0 1 2570 653 635 2568
18451 4 2 0 1 3740 2790 3741 2785
18452 4 2 0 1 3654 2932 2650 2570
18453 4 2 0 1 2570 635 653 652
18454 4 2 0 1 3303 2999 3821 3076
18455 4 2 0 1 3443 2593 3438 2349
18456 4 2 0 1 3303 2999 3076 3293
18457 4 2 0 1 2751 3393 3479 2724
18458 4 2 0 1 2922 2341 2687 2780
18459 4 2 0 1 3274 3322 1494 2453
18460 4 2 0 1 2734 991 812 2739
18461 4 2 0 1 3500 3097 3302 3484
18462 4 2 0 1 3905 1709 3946 3904
18463 4 2 0 1 2414 814 487 933
18464 4 2 0 1 2751 3393 2724 2625
18465 4 2 0 1 2687 2734 775 2780
18466 4 2 0 1 1106 2414 196 933
18467 4 2 0 1 1147 2990 1039 1108
18468 4 2 0 1 2356 709 2952 2951
18469 4 2 0 1 2605 7 107 2989
18470 4 2 0 1 836 96 812 2780
18471 4 2 0 1 2346 3208 3207 3128
18472 4 2 0 1 668 716 1147 2955
18473 4 2 0 1 2346 3012 3128 3163
18474 4 2 0 1 561 3656 2744 2854
18475 4 2 0 1 3283 67 97 68
18476 4 2 0 1 3012 2346 3128 3844
18477 4 2 0 1 2452 2737 2304 2736
18478 4 2 0 1 710 2952 709 2951
18479 4 2 0 1 2546 3708 3706 2543
18480 4 2 0 1 595 701 908 3585
18481 4 2 0 1 664 518 2731 3585
18482 4 2 0 1 518 664 908 3585
18483 4 2 0 1 774 1145 2677 1095
18484 4 2 0 1 3463 2825 2386 2505
18485 4 2 0 1 3070 3300 1970 2999
18486 4 2 0 1 2360 2358 773 2357
18487 4 2 0 1 236 2981 235 237
18488 4 2 0 1 2357 723 965 839
18489 4 2 0 1 2735 2817 2662 2738
18490 4 2 0 1 1970 3300 3070 1662
18491 4 2 0 1 2849 2896 2858 2309
18492 4 2 0 1 724 2360 854 839
18493 4 2 0 1 1035 599 1064 2981
18494 4 2 0 1 3528 2310 724 2354
18495 4 2 0 1 2307 2539 2529 3725
18496 4 2 0 1 2609 1704 1161 2608
18497 4 2 0 1 147 1104 2348 163
18498 4 2 0 1 2779 571 145 1087
18499 4 2 0 1 2988 687 9 8
18500 4 2 0 1 571 2778 1010 1087
18501 4 2 0 1 1151 1074 2940 833
18502 4 2 0 1 1005 557 2887 867
18503 4 2 0 1 2478 2483 2476 2593
18504 4 2 0 1 400 3926 3920 403
18505 4 2 0 1 147 2779 1087 2348
18506 4 2 0 1 546 2541 2940 2570
18507 4 2 0 1 992 2955 1108 311
18508 4 2 0 1 2263 3414 2918 2258
18509 4 2 0 1 2542 2541 2538 2532
18510 4 2 0 1 802 853 163 2778
18511 4 2 0 1 3414 2549 2258 2284
18512 4 2 0 1 2258 2969 3414 2918
18513 4 2 0 1 3686 3679 2629 3442
18514 4 2 0 1 2471 596 701 767
18515 4 2 0 1 2471 3592 596 767
18516 4 2 0 1 2544 288 767 1136
18517 4 2 0 1 2629 2638 426 3679
18518 4 2 0 1 2775 3447 3453 3550
18519 4 2 0 1 3447 3453 3551 2775
18520 4 2 0 1 3448 3453 3447 3550
18521 4 2 0 1 2472 2972 2731 3585
18522 4 2 0 1 1647 1649 1648 3300
18523 4 2 0 1 2765 1081 188 2411
18524 4 2 0 1 188 2411 789 3560
18525 4 2 0 1 191 188 789 3560
18526 4 2 0 1 2344 3863 3195 3119
18527 4 2 0 1 3002 2344 3116 3117
18528 4 2 0 1 2478 2475 2593 2476
18529 4 2 0 1 483 1057 2459 569
18530 4 2 0 1 3448 3447 3453 3450
18531 4 2 0 1 111 2513 971 811
18532 4 2 0 1 113 2620 114 2513
18533 4 2 0 1 811 2459 2620 2513
18534 4 2 0 1 2507 971 2459 3328
18535 4 2 0 1 3275 3450 3036 3285
18536 4 2 0 1 2283 350 351 375
18537 4 2 0 1 2282 2615 2797 3457
18538 4 2 0 1 3002 2344 3117 3120
18539 4 2 0 1 3617 2408 3549 2454
18540 4 2 0 1 129 128 2931 127
18541 4 2 0 1 128 129 2931 2621
18542 4 2 0 1 2387 2384 2967 2966
18543 4 2 0 1 2387 2967 2384 2386
18544 4 2 0 1 3567 906 2502 844
18545 4 2 0 1 502 758 783 2907
18546 4 2 0 1 2907 669 85 2967
18547 4 2 0 1 2985 754 3567 844
18548 4 2 0 1 783 970 2907 1120
18549 4 2 0 1 3309 3861 2099 3533
18550 4 2 0 1 3918 1734 1998 2093
18551 4 2 0 1 733 1134 2995 855
18552 4 2 0 1 2023 2222 1161 2608
18553 4 2 0 1 2674 2891 3463 2386
18554 4 2 0 1 2477 2478 3593 2475
18555 4 2 0 1 3317 3157 3059 2335
18556 4 2 0 1 3234 2394 2906 3683
18557 4 2 0 1 2637 2906 3615 3618
18558 4 2 0 1 3614 3616 3615 3618
18559 4 2 0 1 147 2779 145 1087
18560 4 2 0 1 3155 3157 3297 3153
18561 4 2 0 1 2695 1063 937 319
18562 4 2 0 1 3616 3614 2394 3618
18563 4 2 0 1 3522 2347 83 3589
18564 4 2 0 1 2637 2906 3618 3683
18565 4 2 0 1 3615 3614 3618 2906
18566 4 2 0 1 2347 2316 2465 3590
18567 4 2 0 1 584 585 2768 583
18568 4 2 0 1 3599 2760 2831 3596
18569 4 2 0 1 3223 1678 2086 2085
18570 4 2 0 1 940 2833 91 899
18571 4 2 0 1 1995 1476 1483 3331
18572 4 2 0 1 2743 1795 1798 2447
18573 4 2 0 1 1678 3942 2086 2115
18574 4 2 0 1 1159 2740 2786 57
18575 4 2 0 1 1837 3185 1617 1983
18576 4 2 0 1 1159 2740 57 56
18577 4 2 0 1 1488 1487 3331 1483
18578 4 2 0 1 445 488 578 3601
18579 4 2 0 1 290 2846 288 289
18580 4 2 0 1 3248 2397 2396 3201
18581 4 2 0 1 910 488 3601 578
18582 4 2 0 1 2397 3211 3248 2396
18583 4 2 0 1 213 2772 211 1068
18584 4 2 0 1 2502 3565 3564 2425
18585 4 2 0 1 1837 3185 1983 3733
18586 4 2 0 1 3211 3145 2396 2397
18587 4 2 0 1 2977 2311 2804 2427
18588 4 2 0 1 1049 331 821 3483
18589 4 2 0 1 2434 658 2426 1017
18590 4 2 0 1 2401 3036 3556 3236
18591 4 2 0 1 2575 2572 679 561
18592 4 2 0 1 2572 2573 561 2575
18593 4 2 0 1 2482 3596 3599 2831
18594 4 2 0 1 2575 2375 2854 547
18595 4 2 0 1 573 572 875 3693
18596 4 2 0 1 2579 1983 3733 1837
18597 4 2 0 1 527 2575 913 547
18598 4 2 0 1 1569 1398 3917 3933
18599 4 2 0 1 2951 2952 781 710
18600 4 2 0 1 3868 2401 3186 3556
18601 4 2 0 1 824 356 1139 2949
18602 4 2 0 1 3017 3933 1397 1395
18603 4 2 0 1 953 1002 2980 1086
18604 4 2 0 1 3868 2401 3556 3236
18605 4 2 0 1 2351 2413 2765 2630
18606 4 2 0 1 2419 2772 2425 3472
18607 4 2 0 1 2482 3596 2478 3599
18608 4 2 0 1 3452 2769 2280 2407
18609 4 2 0 1 584 582 583 2768
18610 4 2 0 1 976 2664 856 743
18611 4 2 0 1 650 2901 987 459
18612 4 2 0 1 2901 2890 987 459
18613 4 2 0 1 584 3610 3609 586
18614 4 2 0 1 1473 3143 1472 3850
18615 4 2 0 1 3143 3316 1472 3850
18616 4 2 0 1 2421 2426 2772 3472
18617 4 2 0 1 3130 3161 1917 2046
18618 4 2 0 1 2948 2597 322 1125
18619 4 2 0 1 2725 3440 3393 2724
18620 4 2 0 1 2944 552 666 1020
18621 4 2 0 1 2554 18 2084 17
18622 4 2 0 1 2725 3440 2724 3438
18623 4 2 0 1 2774 224 222 226
18624 4 2 0 1 3526 2593 2764 2589
18625 4 2 0 1 3526 2593 2589 2592
18626 4 2 0 1 3245 2444 2418 2773
18627 4 2 0 1 947 89 1053 2954
18628 4 2 0 1 3329 2954 1053 2894
18629 4 2 0 1 3329 609 1053 2954
18630 4 2 0 1 3526 2593 2592 2527
18631 4 2 0 1 3526 2593 2527 2764
18632 4 2 0 1 751 2975 1037 610
18633 4 2 0 1 2699 3368 3395 3370
18634 4 2 0 1 248 3477 2978 2623
18635 4 2 0 1 2544 3584 3585 2462
18636 4 2 0 1 2472 3584 2462 3585
18637 4 2 0 1 3369 3395 3368 3370
18638 4 2 0 1 2544 3584 2462 3583
18639 4 2 0 1 2295 3483 2360 2479
18640 4 2 0 1 3582 3584 3585 2903
18641 4 2 0 1 452 1075 1089 2978
18642 4 2 0 1 3582 1041 859 2903
18643 4 2 0 1 2295 3483 2479 2434
18644 4 2 0 1 1002 2979 1139 2949
18645 4 2 0 1 2979 1143 809 2306
18646 4 2 0 1 3689 3600 2645 3696
18647 4 2 0 1 1822 3775 3050 1375
18648 4 2 0 1 174 472 3667 172
18649 4 2 0 1 1069 1097 779 2590
18650 4 2 0 1 2526 558 779 2590
18651 4 2 0 1 2763 951 1092 176
18652 4 2 0 1 2763 2848 1152 1097
18653 4 2 0 1 892 2763 175 1152
18654 4 2 0 1 563 3689 486 602
18655 4 2 0 1 1108 668 1147 2955
18656 4 2 0 1 424 3679 423 3569
18657 4 2 0 1 2498 580 3602 2301
18658 4 2 0 1 1822 3775 1375 1377
18659 4 2 0 1 1085 2440 1011 311
18660 4 2 0 1 1011 2965 790 1043
18661 4 2 0 1 2498 2499 2705 2871
18662 4 2 0 1 299 2990 2991 295
18663 4 2 0 1 2956 673 1119 858
18664 4 2 0 1 596 3592 3591 767
18665 4 2 0 1 591 700 858 2467
18666 4 2 0 1 2498 3469 2288 3610
18667 4 2 0 1 3208 3864 3128 2836
18668 4 2 0 1 1020 2944 922 666
18669 4 2 0 1 2451 739 402 2841
18670 4 2 0 1 407 406 2841 773
18671 4 2 0 1 2944 552 1020 1094
18672 4 2 0 1 2838 3208 2850 3520
18673 4 2 0 1 2498 3469 3610 2301
18674 4 2 0 1 2507 100 110 2513
18675 4 2 0 1 2513 203 1141 110
18676 4 2 0 1 109 2507 110 203
18677 4 2 0 1 203 2507 110 2513
18678 4 2 0 1 2619 2889 2855 2856
18679 4 2 0 1 2587 174 173 175
18680 4 2 0 1 558 1112 2526 779
18681 4 2 0 1 2959 2314 3818 3065
18682 4 2 0 1 759 3603 2495 888
18683 4 2 0 1 1598 3256 3156 3035
18684 4 2 0 1 865 590 2766 589
18685 4 2 0 1 3607 700 2467 2956
18686 4 2 0 1 3324 1173 2188 2066
18687 4 2 0 1 3918 1734 2093 2142
18688 4 2 0 1 1721 3309 1945 2239
18689 4 2 0 1 3309 1595 1945 2239
18690 4 2 0 1 2825 2367 2388 2923
18691 4 2 0 1 2011 3308 1174 3549
18692 4 2 0 1 2011 3308 3549 3327
18693 4 2 0 1 2011 3549 1174 1155
18694 4 2 0 1 2745 3432 2374 2659
18695 4 2 0 1 3062 1181 1345 1183
18696 4 2 0 1 2989 2611 1854 1351
18697 4 2 0 1 3718 1181 1183 1182
18698 4 2 0 1 3254 3815 3341 3816
18699 4 2 0 1 3164 3120 3166 3852
18700 4 2 0 1 3211 3016 3093 3554
18701 4 2 0 1 1198 2146 3815 1249
18702 4 2 0 1 1608 3254 3155 1742
18703 4 2 0 1 3614 2906 2394 3618
18704 4 2 0 1 2222 2609 1161 2608
18705 4 2 0 1 1192 3254 3317 1608
18706 4 2 0 1 1742 3254 3155 3156
18707 4 2 0 1 1856 1559 1560 3240
18708 4 2 0 1 3085 2223 1935 1218
18709 4 2 0 1 3790 3791 1693 3151
18710 4 2 0 1 2874 3395 3368 3371
18711 4 2 0 1 1740 2092 3830 1218
18712 4 2 0 1 2423 3290 2416 3291
18713 4 2 0 1 3077 3011 3486 3005
18714 4 2 0 1 3172 3010 3333 3280
18715 4 2 0 1 929 551 3687 930
18716 4 2 0 1 2799 2860 3377 2800
18717 4 2 0 1 3751 3750 3384 2271
18718 4 2 0 1 3778 1256 1255 3779
18719 4 2 0 1 3402 3384 3750 2271
18720 4 2 0 1 3522 83 2347 3524
18721 4 2 0 1 1255 3778 1254 1251
18722 4 2 0 1 3436 2523 2874 2521
18723 4 2 0 1 3073 1280 1274 1276
18724 4 2 0 1 1275 3073 1274 1276
18725 4 2 0 1 3821 3064 3068 3279
18726 4 2 0 1 3069 3822 1990 1265
18727 4 2 0 1 3069 3821 3068 3279
18728 4 2 0 1 1046 48 3907 47
18729 4 2 0 1 2515 2903 3581 770
18730 4 2 0 1 3069 3821 3300 3070
18731 4 2 0 1 2859 2686 2860 3628
18732 4 2 0 1 2266 2859 2799 3628
18733 4 2 0 1 3627 2799 2800 2860
18734 4 2 0 1 3627 2799 2860 3628
18735 4 2 0 1 1647 1646 3300 1648
18736 4 2 0 1 2859 2799 3628 2860
18737 4 2 0 1 2470 2863 3586 3587
18738 4 2 0 1 3805 3256 1285 1287
18739 4 2 0 1 2470 3586 2863 2321
18740 4 2 0 1 3156 2174 2074 1328
18741 4 2 0 1 1316 3805 1285 1287
18742 4 2 0 1 2318 3650 2544 2546
18743 4 2 0 1 3256 1286 1285 1287
18744 4 2 0 1 1253 3247 3035 1285
18745 4 2 0 1 3936 3900 1309 1297
18746 4 2 0 1 3902 3804 1762 1763
18747 4 2 0 1 3861 3200 2924 3533
18748 4 2 0 1 2565 2777 2318 3408
18749 4 2 0 1 71 3308 3340 2110
18750 4 2 0 1 2928 3712 2974 2289
18751 4 2 0 1 1304 3921 1306 3810
18752 4 2 0 1 2546 3708 2543 2318
18753 4 2 0 1 3810 1306 1304 1991
18754 4 2 0 1 3041 1921 1642 1640
18755 4 2 0 1 2461 3580 2519 3581
18756 4 2 0 1 3850 1482 3331 3090
18757 4 2 0 1 3804 1294 1293 1292
18758 4 2 0 1 2989 9 2608 2023
18759 4 2 0 1 2714 2461 2519 2515
18760 4 2 0 1 3837 1787 3240 3250
18761 4 2 0 1 518 859 512 3582
18762 4 2 0 1 511 2323 21 22
18763 4 2 0 1 1762 1317 1293 3902
18764 4 2 0 1 1058 2389 470 1100
18765 4 2 0 1 2707 2319 3648 2323
18766 4 2 0 1 3911 3256 1288 1311
18767 4 2 0 1 2111 71 3340 2110
18768 4 2 0 1 1058 470 2389 715
18769 4 2 0 1 2707 2319 2323 2709
18770 4 2 0 1 1539 1532 1549 3805
18771 4 2 0 1 1539 3035 3805 1565
18772 4 2 0 1 1827 3912 1289 1292
18773 4 2 0 1 2391 2441 2442 3570
18774 4 2 0 1 3861 1733 1720 2099
18775 4 2 0 1 1063 2644 319 2695
18776 4 2 0 1 1339 3121 1719 1326
18777 4 2 0 1 2111 2514 3340 2636
18778 4 2 0 1 1701 3852 2106 1271
18779 4 2 0 1 1594 3301 1353 2211
18780 4 2 0 1 3301 1929 3755 2211
18781 4 2 0 1 3064 1259 1261 1938
18782 4 2 0 1 958 3907 46 47
18783 4 2 0 1 1321 1344 1337 3937
18784 4 2 0 1 1937 1820 3000 2233
18785 4 2 0 1 3359 2733 3586 2463
18786 4 2 0 1 1299 1300 1298 3038
18787 4 2 0 1 3026 3049 3048 3857
18788 4 2 0 1 3359 3586 2733 3361
18789 4 2 0 1 1396 1387 3015 1395
18790 4 2 0 1 2375 3540 2376 2575
18791 4 2 0 1 3938 3015 3788 3789
18792 4 2 0 1 3781 3938 1384 1381
18793 4 2 0 1 1387 1394 3015 1395
18794 4 2 0 1 3540 2268 2376 2670
18795 4 2 0 1 3537 2374 3656 2855
18796 4 2 0 1 2782 2470 2787 2688
18797 4 2 0 1 3537 3656 2374 2575
18798 4 2 0 1 2684 3702 2688 3663
18799 4 2 0 1 160 2475 948 799
18800 4 2 0 1 2639 2589 2593 3666
18801 4 2 0 1 2627 2391 2303 2623
18802 4 2 0 1 2815 3621 2559 2669
18803 4 2 0 1 2390 2392 2391 3547
18804 4 2 0 1 3665 2587 3664 3668
18805 4 2 0 1 3919 3278 3787 3013
18806 4 2 0 1 2477 160 948 634
18807 4 2 0 1 3207 3128 3130 3163
18808 4 2 0 1 2589 3665 3664 3668
18809 4 2 0 1 1822 1377 1427 3789
18810 4 2 0 1 1379 3789 1377 3781
18811 4 2 0 1 1379 3789 3781 3938
18812 4 2 0 1 2427 2434 2428 2984
18813 4 2 0 1 2427 2428 2434 2953
18814 4 2 0 1 3440 2476 3444 2832
18815 4 2 0 1 2478 2750 2475 2476
18816 4 2 0 1 3321 3301 3755 2211
18817 4 2 0 1 1453 1457 3768 1455
18818 4 2 0 1 2478 2832 2476 3599
18819 4 2 0 1 2360 773 2841 406
18820 4 2 0 1 3141 3241 3847 1452
18821 4 2 0 1 3202 1726 2122 1936
18822 4 2 0 1 3683 3682 2913 3768
18823 4 2 0 1 3095 1449 1447 3659
18824 4 2 0 1 1448 3017 1447 3659
18825 4 2 0 1 1929 3301 1594 2211
18826 4 2 0 1 1643 1445 3105 1460
18827 4 2 0 1 1573 3307 1592 3240
18828 4 2 0 1 3914 2001 1899 2116
18829 4 2 0 1 1563 1562 3240 1560
18830 4 2 0 1 2917 1999 2000 1176
18831 4 2 0 1 1561 2119 3243 3240
18832 4 2 0 1 1558 1561 1560 3240
18833 4 2 0 1 3124 1673 1672 2218
18834 4 2 0 1 882 2391 2392 2978
18835 4 2 0 1 2392 396 463 394
18836 4 2 0 1 1470 1471 1469 3143
18837 4 2 0 1 3849 3144 3147 3143
18838 4 2 0 1 2392 396 394 2390
18839 4 2 0 1 2886 2381 3658 2758
18840 4 2 0 1 3848 1468 1465 3146
18841 4 2 0 1 3214 3764 2852 2607
18842 4 2 0 1 3214 3764 2607 3258
18843 4 2 0 1 3316 1470 3143 1472
18844 4 2 0 1 2379 2376 524 522
18845 4 2 0 1 3212 3201 3092 3187
18846 4 2 0 1 3067 3212 3187 3331
18847 4 2 0 1 3147 3316 3143 3850
18848 4 2 0 1 527 2376 525 2379
18849 4 2 0 1 3349 2254 2733 3348
18850 4 2 0 1 3291 3735 2418 3485
18851 4 2 0 1 2828 3291 2423 2416
18852 4 2 0 1 3109 1500 1502 1501
18853 4 2 0 1 2247 2065 1832 3768
18854 4 2 0 1 551 2638 3687 930
18855 4 2 0 1 3682 2912 1832 3768
18856 4 2 0 1 3872 3509 2959 3489
18857 4 2 0 1 3028 1765 3800 1900
18858 4 2 0 1 3681 1027 263 2289
18859 4 2 0 1 2644 2643 2806 3691
18860 4 2 0 1 1515 3028 1900 1510
18861 4 2 0 1 3040 1508 1510 1515
18862 4 2 0 1 3691 3601 2298 2695
18863 4 2 0 1 3681 263 1027 870
18864 4 2 0 1 597 2668 787 826
18865 4 2 0 1 3525 3688 3601 2643
18866 4 2 0 1 1509 1506 3053 1714
18867 4 2 0 1 1511 1525 1526 3029
18868 4 2 0 1 597 2668 826 2552
18869 4 2 0 1 1985 1537 2206 3785
18870 4 2 0 1 3525 3688 2643 2778
18871 4 2 0 1 515 3688 3525 2778
18872 4 2 0 1 475 473 2669 787
18873 4 2 0 1 3335 2177 60 2181
18874 4 2 0 1 3335 2177 2181 1154
18875 4 2 0 1 2694 3312 3311 3249
18876 4 2 0 1 3525 3688 488 3601
18877 4 2 0 1 2669 744 475 787
18878 4 2 0 1 3480 2688 2858 2860
18879 4 2 0 1 2668 744 787 80
18880 4 2 0 1 2560 3213 2561 1775
18881 4 2 0 1 379 357 704 3700
18882 4 2 0 1 57 56 2740 836
18883 4 2 0 1 594 2468 3585 3590
18884 4 2 0 1 780 3699 706 2952
18885 4 2 0 1 2391 2528 2442 3547
18886 4 2 0 1 3585 2468 594 595
18887 4 2 0 1 780 3699 2952 3700
18888 4 2 0 1 3837 1965 2241 1593
18889 4 2 0 1 327 357 3700 704
18890 4 2 0 1 3565 2496 2425 214
18891 4 2 0 1 1710 3209 3171 1601
18892 4 2 0 1 2678 327 3700 704
18893 4 2 0 1 3354 3365 3357 2328
18894 4 2 0 1 1572 3281 1443 1977
18895 4 2 0 1 3162 3209 1601 3171
18896 4 2 0 1 711 1105 3721 520
18897 4 2 0 1 1407 1437 3798 1436
18898 4 2 0 1 1453 1451 3847 1452
18899 4 2 0 1 1451 3141 3847 1452
18900 4 2 0 1 1904 3094 1903 1905
18901 4 2 0 1 3136 2585 3703 3269
18902 4 2 0 1 1613 3036 3659 3141
18903 4 2 0 1 2387 2366 30 1664
18904 4 2 0 1 2585 3136 3703 3314
18905 4 2 0 1 3847 1451 1902 3095
18906 4 2 0 1 594 967 3585 595
18907 4 2 0 1 1640 1641 3037 1639
18908 4 2 0 1 2794 3747 3745 3746
18909 4 2 0 1 2747 2281 2926 2719
18910 4 2 0 1 3474 2490 2486 3713
18911 4 2 0 1 2501 498 503 2634
18912 4 2 0 1 3637 3716 2708 1179
18913 4 2 0 1 1179 3716 2708 3715
18914 4 2 0 1 3718 1179 2708 3715
18915 4 2 0 1 711 520 3721 2717
18916 4 2 0 1 1647 2136 1953 3300
18917 4 2 0 1 2715 3720 2281 2717
18918 4 2 0 1 2716 2715 2281 2717
18919 4 2 0 1 624 711 2717 897
18920 4 2 0 1 1866 1658 3932 3273
18921 4 2 0 1 1671 3334 2054 2121
18922 4 2 0 1 1866 1658 3273 1587
18923 4 2 0 1 2210 1586 1587 3334
18924 4 2 0 1 3722 711 2717 624
18925 4 2 0 1 975 2513 203 1141
18926 4 2 0 1 1671 3334 2121 3273
18927 4 2 0 1 1484 3113 3110 2104
18928 4 2 0 1 3124 1928 1673 2194
18929 4 2 0 1 3722 711 3721 2717
18930 4 2 0 1 201 200 2414 3652
18931 4 2 0 1 201 2414 200 197
18932 4 2 0 1 2887 2778 2548 3434
18933 4 2 0 1 3282 1892 2164 1880
18934 4 2 0 1 3617 3340 2511 2456
18935 4 2 0 1 1892 3794 2164 1330
18936 4 2 0 1 2622 2509 69 68
18937 4 2 0 1 2726 2995 3723 2547
18938 4 2 0 1 2923 3296 1933 3533
18939 4 2 0 1 134 2995 169 3724
18940 4 2 0 1 2726 855 2547 200
18941 4 2 0 1 1694 1693 3790 1692
18942 4 2 0 1 2095 1694 3790 1692
18943 4 2 0 1 3788 1690 2155 1692
18944 4 2 0 1 3788 2095 3790 1692
18945 4 2 0 1 1992 3820 1306 1308
18946 4 2 0 1 1910 2003 3820 3287
18947 4 2 0 1 1754 3287 1755 1752
18948 4 2 0 1 1685 3156 1598 3256
18949 4 2 0 1 1539 2034 1538 3806
18950 4 2 0 1 1684 1685 1598 3256
18951 4 2 0 1 2585 3733 2759 3269
18952 4 2 0 1 2771 3560 2657 2275
18953 4 2 0 1 1788 1311 2071 3256
18954 4 2 0 1 2579 3542 2759 3733
18955 4 2 0 1 167 2617 2797 1067
18956 4 2 0 1 3688 2887 3434 2778
18957 4 2 0 1 312 2935 2435 313
18958 4 2 0 1 3688 2596 3434 2887
18959 4 2 0 1 1226 3280 2033 3230
18960 4 2 0 1 1585 3253 2075 2020
18961 4 2 0 1 3318 3829 1220 3218
18962 4 2 0 1 3333 2166 3218 2165
18963 4 2 0 1 3218 3333 2165 3318
18964 4 2 0 1 3925 2020 1820 3019
18965 4 2 0 1 2166 1232 3218 2165
18966 4 2 0 1 2590 384 383 2435
18967 4 2 0 1 2806 2596 3434 3688
18968 4 2 0 1 1500 3839 1766 1498
18969 4 2 0 1 1922 2770 1923 2796
18970 4 2 0 1 2795 3704 3747 2694
18971 4 2 0 1 2795 3511 3744 3134
18972 4 2 0 1 1981 3646 1776 1779
18973 4 2 0 1 3258 2044 3299 3276
18974 4 2 0 1 1871 3131 2197 1570
18975 4 2 0 1 2590 383 384 385
18976 4 2 0 1 2806 3750 2271 2713
18977 4 2 0 1 3434 2549 3670 2550
18978 4 2 0 1 383 2590 508 385
18979 4 2 0 1 3930 1970 1661 2999
18980 4 2 0 1 3320 59 1548 58
18981 4 2 0 1 3098 2908 3204 2909
18982 4 2 0 1 274 3602 332 1033
18983 4 2 0 1 1663 3893 1653 3300
18984 4 2 0 1 3073 1646 1276 3826
18985 4 2 0 1 2385 589 2641 2768
18986 4 2 0 1 3121 3759 2909 3204
18987 4 2 0 1 3098 3121 2909 3204
18988 4 2 0 1 26 3324 1353 27
18989 4 2 0 1 3945 3018 1930 3253
18990 4 2 0 1 2049 3908 2234 3273
18991 4 2 0 1 3651 3563 2569 2727
18992 4 2 0 1 2641 589 2385 2766
18993 4 2 0 1 1490 3316 1846 1845
18994 4 2 0 1 2037 3316 2107 1482
18995 4 2 0 1 3688 2806 2643 3434
18996 4 2 0 1 3221 3006 3007 3118
18997 4 2 0 1 3221 3006 3118 3783
18998 4 2 0 1 2778 2877 2643 3525
18999 4 2 0 1 2778 2877 3525 2348
19000 4 2 0 1 319 2644 1063 910
19001 4 2 0 1 45 972 86 2422
19002 4 2 0 1 3751 2821 2643 3434
19003 4 2 0 1 3008 3118 3006 3784
19004 4 2 0 1 2414 903 3687 930
19005 4 2 0 1 3178 3179 3236 3251
19006 4 2 0 1 3092 3201 3555 3187
19007 4 2 0 1 3241 3140 3847 3768
19008 4 2 0 1 1195 3298 1193 1194
19009 4 2 0 1 3931 1838 1839 2029
19010 4 2 0 1 3191 3860 3217 3190
19011 4 2 0 1 3365 3506 3357 2328
19012 4 2 0 1 1930 3793 1619 3018
19013 4 2 0 1 1881 3061 1246 3282
19014 4 2 0 1 2062 3931 2154 3066
19015 4 2 0 1 1515 3028 1510 3040
19016 4 2 0 1 3176 3028 3026 3053
19017 4 2 0 1 3764 3762 1781 3761
19018 4 2 0 1 1525 2171 3028 1524
19019 4 2 0 1 3028 1511 1524 1510
19020 4 2 0 1 2179 3928 1580 1540
19021 4 2 0 1 3928 1393 1540 2179
19022 4 2 0 1 3789 3050 3003 3148
19023 4 2 0 1 3203 3237 1769 1667
19024 4 2 0 1 1922 2770 2796 2611
19025 4 2 0 1 1759 2770 2157 3110
19026 4 2 0 1 3178 3235 3236 3179
19027 4 2 0 1 3861 1733 2099 3533
19028 4 2 0 1 2100 1733 2063 3533
19029 4 2 0 1 3303 3273 3908 3076
19030 4 2 0 1 1889 3004 1620 1356
19031 4 2 0 1 1551 2200 1444 3796
19032 4 2 0 1 1408 3798 1411 2159
19033 4 2 0 1 1600 1442 1428 3021
19034 4 2 0 1 3563 2771 2275 2415
19035 4 2 0 1 3178 3179 3251 3144
19036 4 2 0 1 3178 3235 3179 3146
19037 4 2 0 1 2834 2824 3465 2743
19038 4 2 0 1 2771 3560 2275 2415
19039 4 2 0 1 3179 2280 3235 3236
19040 4 2 0 1 3053 3176 3131 3132
19041 4 2 0 1 1963 3218 1961 3205
19042 4 2 0 1 1602 1603 1601 3209
19043 4 2 0 1 1442 3162 1600 1601
19044 4 2 0 1 2138 3320 1548 58
19045 4 2 0 1 2189 1710 3205 3171
19046 4 2 0 1 3162 1602 1600 1601
19047 4 2 0 1 1198 3815 1196 1249
19048 4 2 0 1 1562 1618 1573 3243
19049 4 2 0 1 92 3573 1003 981
19050 4 2 0 1 1804 3253 3018 3019
19051 4 2 0 1 1804 3253 3019 2020
19052 4 2 0 1 3829 1212 3080 3190
19053 4 2 0 1 3860 3827 3190 3080
19054 4 2 0 1 1804 3253 2020 1930
19055 4 2 0 1 1804 3253 1930 3018
19056 4 2 0 1 1886 1916 3858 3801
19057 4 2 0 1 3803 3857 3026 3801
19058 4 2 0 1 3557 3274 2410 3559
19059 4 2 0 1 3040 3800 2032 1515
19060 4 2 0 1 3040 1515 2032 1980
19061 4 2 0 1 1913 3802 1349 3799
19062 4 2 0 1 3037 1962 1675 1639
19063 4 2 0 1 3052 1675 2160 3040
19064 4 2 0 1 3856 3830 1888 3033
19065 4 2 0 1 1334 3942 1237 1329
19066 4 2 0 1 3857 3803 3802 3801
19067 4 2 0 1 2210 1586 3334 1727
19068 4 2 0 1 1334 1335 3929 1329
19069 4 2 0 1 1334 3942 1329 3929
19070 4 2 0 1 1429 1955 1411 3796
19071 4 2 0 1 3131 2853 3053 3132
19072 4 2 0 1 3334 1942 1346 1350
19073 4 2 0 1 2054 3334 3064 3223
19074 4 2 0 1 537 2940 944 536
19075 4 2 0 1 3140 1456 1455 1458
19076 4 2 0 1 3125 3151 3017 2582
19077 4 2 0 1 1442 3171 3021 3162
19078 4 2 0 1 3051 3045 3150 3555
19079 4 2 0 1 2456 3308 3340 71
19080 4 2 0 1 3809 3044 3050 1430
19081 4 2 0 1 2910 70 2511 69
19082 4 2 0 1 1589 2622 2912 1680
19083 4 2 0 1 1247 3117 1243 1743
19084 4 2 0 1 1837 3185 3733 3136
19085 4 2 0 1 1156 2511 1680 3295
19086 4 2 0 1 3242 1481 3261 3114
19087 4 2 0 1 3557 2406 2410 3274
19088 4 2 0 1 2135 1995 3331 1868
19089 4 2 0 1 1485 1481 3261 1480
19090 4 2 0 1 3864 3255 3225 3227
19091 4 2 0 1 1473 3113 3143 3850
19092 4 2 0 1 3214 3642 3216 3257
19093 4 2 0 1 3764 2606 1158 3672
19094 4 2 0 1 2109 3672 1158 1705
19095 4 2 0 1 1564 3031 1527 3029
19096 4 2 0 1 3672 2014 1158 1705
19097 4 2 0 1 1204 3341 3815 3816
19098 4 2 0 1 2193 1204 3341 1322
19099 4 2 0 1 1982 3156 1208 3815
19100 4 2 0 1 1982 3815 1208 1205
19101 4 2 0 1 2773 2445 3571 2444
19102 4 2 0 1 2025 2245 3341 1197
19103 4 2 0 1 3837 1787 1574 3240
19104 4 2 0 1 3794 1195 1193 1330
19105 4 2 0 1 3203 3237 2410 2770
19106 4 2 0 1 3794 1195 1330 2025
19107 4 2 0 1 1196 3298 1194 3254
19108 4 2 0 1 3793 3945 2193 3341
19109 4 2 0 1 2622 3283 68 2131
19110 4 2 0 1 3283 2622 1162 2131
19111 4 2 0 1 3071 3821 3068 3823
19112 4 2 0 1 1866 3273 2121 1587
19113 4 2 0 1 1998 1910 3820 1911
19114 4 2 0 1 3890 3894 678 792
19115 4 2 0 1 3731 2600 2255 2716
19116 4 2 0 1 1663 1811 1812 3825
19117 4 2 0 1 3448 2921 3435 2395
19118 4 2 0 1 2138 3742 3320 2786
19119 4 2 0 1 1578 1581 2786 2153
19120 4 2 0 1 1957 2837 1799 1796
19121 4 2 0 1 1512 3289 3274 1915
19122 4 2 0 1 1159 2740 56 1797
19123 4 2 0 1 3094 3095 3144 3847
19124 4 2 0 1 3301 3321 1353 2211
19125 4 2 0 1 1812 3250 3826 3825
19126 4 2 0 1 3180 3081 3080 1213
19127 4 2 0 1 1212 3180 3080 1213
19128 4 2 0 1 1394 1387 3015 1384
19129 4 2 0 1 3003 3554 3092 2998
19130 4 2 0 1 3832 3003 3774 2998
19131 4 2 0 1 3773 3104 3838 3106
19132 4 2 0 1 3074 3077 3079 3005
19133 4 2 0 1 3075 3078 3079 3823
19134 4 2 0 1 1981 1717 3299 2044
19135 4 2 0 1 2039 1730 1865 3164
19136 4 2 0 1 1781 3764 3761 1780
19137 4 2 0 1 3764 1778 2607 1780
19138 4 2 0 1 3842 1937 3019 3779
19139 4 2 0 1 3097 3098 3204 3865
19140 4 2 0 1 2370 3536 3862 2372
19141 4 2 0 1 3204 2343 2908 3098
19142 4 2 0 1 3070 1985 1970 2027
19143 4 2 0 1 1970 3785 3070 2999
19144 4 2 0 1 3826 2058 2237 3250
19145 4 2 0 1 3145 3840 2397 3113
19146 4 2 0 1 3294 1489 3187 3114
19147 4 2 0 1 3614 3616 2394 2636
19148 4 2 0 1 3156 3816 3059 1208
19149 4 2 0 1 1323 3266 2150 2026
19150 4 2 0 1 3847 3140 3178 3848
19151 4 2 0 1 1194 1192 3298 1193
19152 4 2 0 1 3837 1574 1593 1592
19153 4 2 0 1 3144 3847 3178 3848
19154 4 2 0 1 3298 1192 1194 3254
19155 4 2 0 1 3847 3144 3094 3848
19156 4 2 0 1 2061 1861 1661 3930
19157 4 2 0 1 3144 3849 3094 3848
19158 4 2 0 1 1209 1253 1901 3059
19159 4 2 0 1 3150 3211 3263 3248
19160 4 2 0 1 2883 2278 3412 2262
19161 4 2 0 1 2883 2805 2278 2262
19162 4 2 0 1 3614 2394 3617 2636
19163 4 2 0 1 903 929 3687 930
19164 4 2 0 1 1564 2171 3029 1525
19165 4 2 0 1 2273 3771 3405 3417
19166 4 2 0 1 2273 3771 3417 2539
19167 4 2 0 1 3028 3029 2171 1525
19168 4 2 0 1 3210 1757 1603 2166
19169 4 2 0 1 2534 3626 3416 2273
19170 4 2 0 1 3714 3414 2284 2599
19171 4 2 0 1 1710 1977 3171 2189
19172 4 2 0 1 849 2549 889 3530
19173 4 2 0 1 3210 1757 2166 3333
19174 4 2 0 1 3411 3531 3346 2362
19175 4 2 0 1 3087 2189 1572 1627
19176 4 2 0 1 2720 3731 2255 2716
19177 4 2 0 1 3553 2845 3510 2516
19178 4 2 0 1 2451 2452 2295 2432
19179 4 2 0 1 3721 2882 880 2404
19180 4 2 0 1 3089 3087 3085 3088
19181 4 2 0 1 583 582 581 2498
19182 4 2 0 1 3158 1901 1590 3247
19183 4 2 0 1 597 691 2552 1004
19184 4 2 0 1 3238 3087 3125 3085
19185 4 2 0 1 2910 2509 69 2511
19186 4 2 0 1 3351 3493 2317 2937
19187 4 2 0 1 3358 3493 2317 3351
19188 4 2 0 1 2959 3056 3060 3509
19189 4 2 0 1 1347 1358 1942 3273
19190 4 2 0 1 1554 3025 1544 2046
19191 4 2 0 1 3872 3509 3489 2328
19192 4 2 0 1 2338 2783 2885 3502
19193 4 2 0 1 3025 3845 3137 3024
19194 4 2 0 1 3056 2959 3818 3509
19195 4 2 0 1 3120 2192 1252 3780
19196 4 2 0 1 2912 1457 2055 1682
19197 4 2 0 1 3087 1572 1626 1627
19198 4 2 0 1 443 444 2887 2596
19199 4 2 0 1 1438 1440 1439 3024
19200 4 2 0 1 3427 2350 3374 3882
19201 4 2 0 1 3411 3531 3405 3346
19202 4 2 0 1 3216 3510 3453 3285
19203 4 2 0 1 3275 2557 3643 3551
19204 4 2 0 1 2820 3375 3877 2565
19205 4 2 0 1 3529 2549 2548 2550
19206 4 2 0 1 2257 134 135 132
19207 4 2 0 1 3275 3450 3285 3551
19208 4 2 0 1 695 717 2915 1006
19209 4 2 0 1 2258 626 2915 625
19210 4 2 0 1 443 2887 444 557
19211 4 2 0 1 1253 3247 1901 3059
19212 4 2 0 1 3184 3182 3818 3509
19213 4 2 0 1 376 2596 444 443
19214 4 2 0 1 2371 2372 2370 3757
19215 4 2 0 1 376 2596 443 2948
19216 4 2 0 1 1211 1209 1901 3059
19217 4 2 0 1 1214 1211 1901 3158
19218 4 2 0 1 2939 2952 2623 2978
19219 4 2 0 1 3626 3624 3416 2673
19220 4 2 0 1 1349 1827 3802 1809
19221 4 2 0 1 2378 549 600 555
19222 4 2 0 1 2527 2764 2591 3526
19223 4 2 0 1 2360 2754 2354 3482
19224 4 2 0 1 2380 3617 2454 2455
19225 4 2 0 1 2380 2456 2973 3611
19226 4 2 0 1 2360 2354 2754 2357
19227 4 2 0 1 1614 3185 1615 3556
19228 4 2 0 1 398 2857 370 428
19229 4 2 0 1 2404 453 2925 1048
19230 4 2 0 1 3577 2719 2404 2747
19231 4 2 0 1 2702 2726 2275 2415
19232 4 2 0 1 2702 3560 2275 2657
19233 4 2 0 1 2702 2726 2415 3562
19234 4 2 0 1 3731 2720 2255 2748
19235 4 2 0 1 192 3562 2412 2415
19236 4 2 0 1 192 3560 191 2415
19237 4 2 0 1 2305 2287 2824 2452
19238 4 2 0 1 2451 3573 2452 3572
19239 4 2 0 1 2449 2833 1795 2203
19240 4 2 0 1 3120 2192 1826 1252
19241 4 2 0 1 3552 2851 2609 3672
19242 4 2 0 1 2434 2496 1017 2426
19243 4 2 0 1 2434 821 331 3483
19244 4 2 0 1 2434 658 3483 2479
19245 4 2 0 1 3631 415 894 372
19246 4 2 0 1 2952 2939 243 2978
19247 4 2 0 1 3368 2805 2883 3413
19248 4 2 0 1 3289 1744 1577 3559
19249 4 2 0 1 3867 3188 3177 3030
19250 4 2 0 1 2992 947 2453 2954
19251 4 2 0 1 2992 947 2954 89
19252 4 2 0 1 3867 3154 3188 3030
19253 4 2 0 1 3322 2 2186 1
19254 4 2 0 1 78 947 2453 1
19255 4 2 0 1 595 2471 3585 2468
19256 4 2 0 1 2536 3442 2538 2629
19257 4 2 0 1 2469 2462 2468 2472
19258 4 2 0 1 2660 2626 2353 2291
19259 4 2 0 1 3477 718 256 254
19260 4 2 0 1 3524 23 3522 83
19261 4 2 0 1 3622 2528 3547 2527
19262 4 2 0 1 2297 2676 2810 3392
19263 4 2 0 1 2676 2810 3392 3770
19264 4 2 0 1 2491 3471 3460 3606
19265 4 2 0 1 2466 3592 3607 2467
19266 4 2 0 1 3052 3038 3046 3808
19267 4 2 0 1 724 2360 839 2354
19268 4 2 0 1 3040 3037 3052 1675
19269 4 2 0 1 940 2742 2736 3573
19270 4 2 0 1 210 2419 2772 2425
19271 4 2 0 1 2497 2502 3564 2425
19272 4 2 0 1 3565 906 2502 3566
19273 4 2 0 1 2421 2426 3472 2434
19274 4 2 0 1 3565 3564 2425 3472
19275 4 2 0 1 2426 2496 3472 2434
19276 4 2 0 1 35 36 1120 2388
19277 4 2 0 1 94 2502 2985 2986
19278 4 2 0 1 2515 825 3706 1150
19279 4 2 0 1 1535 1536 3025 1439
19280 4 2 0 1 597 2552 691 2559
19281 4 2 0 1 3018 3827 1619 1885
19282 4 2 0 1 3018 1619 3827 3793
19283 4 2 0 1 2714 2698 2461 2515
19284 4 2 0 1 2519 3619 2517 2520
19285 4 2 0 1 2518 2517 3620 2519
19286 4 2 0 1 804 397 805 2389
19287 4 2 0 1 2536 2540 3630 2538
19288 4 2 0 1 381 2590 383 2435
19289 4 2 0 1 1097 2848 779 2590
19290 4 2 0 1 472 1112 2526 1050
19291 4 2 0 1 256 261 718 2438
19292 4 2 0 1 672 719 2526 671
19293 4 2 0 1 3416 2941 2537 3653
19294 4 2 0 1 2532 2531 3416 2530
19295 4 2 0 1 2812 2723 3654 3426
19296 4 2 0 1 3426 2941 2537 3416
19297 4 2 0 1 3426 3651 2570 2537
19298 4 2 0 1 2531 3426 2537 3416
19299 4 2 0 1 3118 3009 3172 3230
19300 4 2 0 1 551 756 3687 427
19301 4 2 0 1 2814 2324 3350 3422
19302 4 2 0 1 3313 3306 3350 3433
19303 4 2 0 1 3190 3829 3191 3860
19304 4 2 0 1 653 1113 3652 660
19305 4 2 0 1 3282 3217 3018 3019
19306 4 2 0 1 3644 2554 2560 3638
19307 4 2 0 1 2554 3644 2320 2868
19308 4 2 0 1 1628 3919 1630 3278
19309 4 2 0 1 2811 3656 2745 2855
19310 4 2 0 1 2647 2546 1076 289
19311 4 2 0 1 2403 107 713 1032
19312 4 2 0 1 2647 1076 2546 2695
19313 4 2 0 1 825 293 3706 1150
19314 4 2 0 1 3286 1952 1791 1615
19315 4 2 0 1 3546 3544 2578 2583
19316 4 2 0 1 3657 3337 3661 2583
19317 4 2 0 1 161 172 170 3667
19318 4 2 0 1 3666 159 160 157
19319 4 2 0 1 2474 2592 2589 3666
19320 4 2 0 1 2593 3669 2764 2589
19321 4 2 0 1 2587 1152 175 2763
19322 4 2 0 1 172 173 3667 174
19323 4 2 0 1 2874 3395 2699 3368
19324 4 2 0 1 2948 348 1125 322
19325 4 2 0 1 3751 2806 2271 3434
19326 4 2 0 1 2806 3750 2713 3691
19327 4 2 0 1 1698 2117 3044 2151
19328 4 2 0 1 3764 1778 1780 1158
19329 4 2 0 1 3933 3791 3797 1689
19330 4 2 0 1 3692 2616 2652 2976
19331 4 2 0 1 2627 2525 2625 2303
19332 4 2 0 1 3625 2273 3626 2534
19333 4 2 0 1 2751 2352 3678 2307
19334 4 2 0 1 235 2981 570 237
19335 4 2 0 1 2998 3003 3774 3775
19336 4 2 0 1 2381 3428 3272 3498
19337 4 2 0 1 3736 417 416 367
19338 4 2 0 1 3610 2500 3469 2288
19339 4 2 0 1 3680 2635 2430 2292
19340 4 2 0 1 3595 3736 2481 2675
19341 4 2 0 1 2663 2501 3608 2634
19342 4 2 0 1 3403 2859 2266 2685
19343 4 2 0 1 3457 916 677 2620
19344 4 2 0 1 720 1133 875 3693
19345 4 2 0 1 2357 2291 2661 965
19346 4 2 0 1 3541 2381 3272 3498
19347 4 2 0 1 2759 2585 2579 3733
19348 4 2 0 1 2910 2509 917 69
19349 4 2 0 1 2843 3732 2661 2816
19350 4 2 0 1 738 489 2661 965
19351 4 2 0 1 738 722 723 2353
19352 4 2 0 1 654 2940 2570 652
19353 4 2 0 1 2533 3418 2673 2535
19354 4 2 0 1 3418 2533 2673 2670
19355 4 2 0 1 2378 2530 2533 2672
19356 4 2 0 1 3272 3433 3350 3306
19357 4 2 0 1 3216 3552 2516 2607
19358 4 2 0 1 3216 3552 2607 2852
19359 4 2 0 1 2302 2663 2682 2642
19360 4 2 0 1 3201 3294 3261 3112
19361 4 2 0 1 3201 3294 3112 3187
19362 4 2 0 1 3842 3119 3172 3116
19363 4 2 0 1 3854 3786 3010 3206
19364 4 2 0 1 3626 3628 2799 3627
19365 4 2 0 1 3172 3119 3842 3115
19366 4 2 0 1 34 3296 1611 2145
19367 4 2 0 1 2248 2199 3296 2145
19368 4 2 0 1 3344 3404 2673 3406
19369 4 2 0 1 107 2613 734 1032
19370 4 2 0 1 2867 2711 3352 3348
19371 4 2 0 1 2374 3538 3539 2574
19372 4 2 0 1 3561 1096 2658 2412
19373 4 2 0 1 2875 2658 2876 2656
19374 4 2 0 1 2867 3352 2711 3354
19375 4 2 0 1 2829 2657 2658 2702
19376 4 2 0 1 2728 2829 2702 2968
19377 4 2 0 1 3490 2329 2869 3433
19378 4 2 0 1 2515 2543 1150 3706
19379 4 2 0 1 3433 2869 3490 3507
19380 4 2 0 1 3365 3349 2711 3738
19381 4 2 0 1 2976 3342 2264 2261
19382 4 2 0 1 2564 3641 2814 2563
19383 4 2 0 1 2604 743 13 2603
19384 4 2 0 1 3720 2715 3722 2717
19385 4 2 0 1 791 462 520 2717
19386 4 2 0 1 791 462 2717 765
19387 4 2 0 1 462 2882 2717 765
19388 4 2 0 1 3723 2916 2813 2361
19389 4 2 0 1 430 2360 1153 854
19390 4 2 0 1 2616 2976 2264 2652
19391 4 2 0 1 136 134 2361 1028
19392 4 2 0 1 3723 2257 2621 3724
19393 4 2 0 1 2726 2995 3562 2703
19394 4 2 0 1 136 134 135 2361
19395 4 2 0 1 2883 2805 3368 2749
19396 4 2 0 1 3737 2782 2321 3738
19397 4 2 0 1 2533 3418 649 2670
19398 4 2 0 1 3553 3640 2516 3510
19399 4 2 0 1 1833 1409 1406 3021
19400 4 2 0 1 2734 2739 2849 2309
19401 4 2 0 1 2720 2722 2747 2748
19402 4 2 0 1 2700 2805 3345 3342
19403 4 2 0 1 2272 3367 2523 3422
19404 4 2 0 1 2787 3356 2470 2732
19405 4 2 0 1 3829 1212 1219 1215
19406 4 2 0 1 3351 2937 3423 3754
19407 4 2 0 1 3367 3422 3413 3339
19408 4 2 0 1 3798 1833 1406 3021
19409 4 2 0 1 2564 2329 2711 3355
19410 4 2 0 1 734 2613 622 1032
19411 4 2 0 1 1783 3842 1937 3019
19412 4 2 0 1 3361 3476 2961 3360
19413 4 2 0 1 2469 2767 2465 2299
19414 4 2 0 1 3495 2707 2866 3717
19415 4 2 0 1 2682 2302 3466 2767
19416 4 2 0 1 3496 2818 2898 3491
19417 4 2 0 1 2989 2988 2601 2608
19418 4 2 0 1 2609 3552 3672 2608
19419 4 2 0 1 3313 3746 3268 3508
19420 4 2 0 1 2837 1957 3255 1956
19421 4 2 0 1 3127 2838 3128 3208
19422 4 2 0 1 3268 3746 3313 3306
19423 4 2 0 1 1793 3025 3744 2791
19424 4 2 0 1 1440 3025 1793 2156
19425 4 2 0 1 3127 2339 3743 3126
19426 4 2 0 1 3540 2575 2379 2376
19427 4 2 0 1 2463 3383 3587 2802
19428 4 2 0 1 2546 2544 2318 2543
19429 4 2 0 1 2543 2545 3634 2318
19430 4 2 0 1 2973 3612 2507 203
19431 4 2 0 1 3586 3366 2469 3587
19432 4 2 0 1 2973 2744 3612 203
19433 4 2 0 1 2256 3518 2342 3379
19434 4 2 0 1 3752 3760 3378 2810
19435 4 2 0 1 2343 2908 2826 3096
19436 4 2 0 1 2832 2760 3760 2646
19437 4 2 0 1 33 2967 32 2250
19438 4 2 0 1 1866 1987 2121 3273
19439 4 2 0 1 33 32 2967 1062
19440 4 2 0 1 2745 3432 2659 2889
19441 4 2 0 1 3321 1352 3755 25
19442 4 2 0 1 1824 1336 2899 2082
19443 4 2 0 1 3291 2908 2828 2826
19444 4 2 0 1 2884 3622 2525 2524
19445 4 2 0 1 1863 2416 2827 2908
19446 4 2 0 1 2884 2525 3622 2679
19447 4 2 0 1 2739 899 836 2740
19448 4 2 0 1 2833 54 55 1796
19449 4 2 0 1 3739 2345 2784 2838
19450 4 2 0 1 2515 2521 329 3619
19451 4 2 0 1 3255 1957 2126 1956
19452 4 2 0 1 2345 2784 2740 2835
19453 4 2 0 1 2558 3647 3644 2845
19454 4 2 0 1 3107 3049 3132 3257
19455 4 2 0 1 2515 329 2521 3709
19456 4 2 0 1 2610 3049 3257 3051
19457 4 2 0 1 143 3728 144 2779
19458 4 2 0 1 143 3728 2779 2729
19459 4 2 0 1 3869 2870 3267 2320
19460 4 2 0 1 143 3728 2729 141
19461 4 2 0 1 3540 3538 3539 2377
19462 4 2 0 1 143 3728 141 144
19463 4 2 0 1 2854 2744 2654 3656
19464 4 2 0 1 2752 3461 2660 2286
19465 4 2 0 1 975 177 817 2654
19466 4 2 0 1 3221 3220 3863 3119
19467 4 2 0 1 2752 3461 2286 2492
19468 4 2 0 1 775 2734 812 2780
19469 4 2 0 1 3480 2342 2893 3391
19470 4 2 0 1 887 2922 2780 2690
19471 4 2 0 1 775 650 651 2873
19472 4 2 0 1 2734 651 2873 775
19473 4 2 0 1 2868 3766 2320 3487
19474 4 2 0 1 2325 2958 2369 3757
19475 4 2 0 1 228 2774 2949 2631
19476 4 2 0 1 3199 3065 3487 3886
19477 4 2 0 1 228 2949 226 227
19478 4 2 0 1 3301 2370 2369 3755
19479 4 2 0 1 3142 3870 3133 2331
19480 4 2 0 1 2685 3702 3663 2688
19481 4 2 0 1 2543 2846 1150 3706
19482 4 2 0 1 2452 2737 2295 2304
19483 4 2 0 1 3433 2869 3507 3553
19484 4 2 0 1 2341 2688 2787 3663
19485 4 2 0 1 2752 3461 2492 2816
19486 4 2 0 1 3301 3321 3755 2369
19487 4 2 0 1 2403 2405 2721 2398
19488 4 2 0 1 2399 2721 2405 2398
19489 4 2 0 1 3364 3497 3872 3489
19490 4 2 0 1 50 1094 2943 1021
19491 4 2 0 1 2773 2449 2945 3571
19492 4 2 0 1 2917 1999 1176 2449
19493 4 2 0 1 3572 2445 2444 2433
19494 4 2 0 1 3136 3269 3703 3746
19495 4 2 0 1 3306 2330 3269 3746
19496 4 2 0 1 453 3578 1015 1045
19497 4 2 0 1 3578 1037 1045 2894
19498 4 2 0 1 2456 2380 2454 3611
19499 4 2 0 1 3577 2398 3578 2404
19500 4 2 0 1 2398 3577 3578 2402
19501 4 2 0 1 3136 2794 2331 3746
19502 4 2 0 1 2613 107 2403 1032
19503 4 2 0 1 2950 453 3578 2398
19504 4 2 0 1 3577 2925 2404 3578
19505 4 2 0 1 2517 2518 3581 2519
19506 4 2 0 1 2815 2814 2563 3620
19507 4 2 0 1 3269 3703 3746 2793
19508 4 2 0 1 1891 1423 2126 3255
19509 4 2 0 1 3708 2515 3706 2543
19510 4 2 0 1 612 859 2903 770
19511 4 2 0 1 3581 2517 3619 380
19512 4 2 0 1 752 2552 17 2553
19513 4 2 0 1 3745 2793 3747 3748
19514 4 2 0 1 1525 1526 3029 1527
19515 4 2 0 1 1178 3213 1777 2205
19516 4 2 0 1 1226 3280 3230 1224
19517 4 2 0 1 1226 3280 1224 1757
19518 4 2 0 1 1094 2944 1021 1020
19519 4 2 0 1 3236 3178 3251 3141
19520 4 2 0 1 220 640 218 2984
19521 4 2 0 1 2981 1035 570 237
19522 4 2 0 1 3468 2863 3878 3466
19523 4 2 0 1 221 219 2977 220
19524 4 2 0 1 3565 216 218 217
19525 4 2 0 1 3614 2514 3616 2636
19526 4 2 0 1 3148 3050 3003 3150
19527 4 2 0 1 2325 2960 2640 2961
19528 4 2 0 1 2302 2364 2365 2961
19529 4 2 0 1 2364 2302 2365 2641
19530 4 2 0 1 2663 2384 2385 2500
19531 4 2 0 1 2663 2386 2385 2384
19532 4 2 0 1 2603 3672 2988 11
19533 4 2 0 1 585 590 589 2467
19534 4 2 0 1 2730 2710 2563 3730
19535 4 2 0 1 2464 2709 2972 2319
19536 4 2 0 1 2883 3367 3413 2926
19537 4 2 0 1 3216 3453 2516 2775
19538 4 2 0 1 1395 3017 1396 1397
19539 4 2 0 1 1158 2606 2014 3672
19540 4 2 0 1 2774 2429 2428 2427
19541 4 2 0 1 2014 2606 1158 1918
19542 4 2 0 1 3371 3369 3423 2712
19543 4 2 0 1 3567 2502 2985 844
19544 4 2 0 1 2801 3388 2299 3879
19545 4 2 0 1 906 3567 504 844
19546 4 2 0 1 904 2987 94 905
19547 4 2 0 1 2975 2460 2919 2894
19548 4 2 0 1 2992 3322 2402 2453
19549 4 2 0 1 439 436 3696 440
19550 4 2 0 1 826 2668 787 80
19551 4 2 0 1 2393 2993 2894 3579
19552 4 2 0 1 3083 1218 3151 1997
19553 4 2 0 1 3092 3555 3150 3045
19554 4 2 0 1 3790 3791 3151 3792
19555 4 2 0 1 3187 3319 3112 3043
19556 4 2 0 1 3003 3211 3016 3150
19557 4 2 0 1 3211 2397 3092 3554
19558 4 2 0 1 1517 1518 2118 3066
19559 4 2 0 1 3885 3884 3097 3484
19560 4 2 0 1 1602 3162 3787 3786
19561 4 2 0 1 1629 3278 1628 1630
19562 4 2 0 1 3878 2801 2299 3879
19563 4 2 0 1 3744 2339 3743 3137
19564 4 2 0 1 2429 772 771 503
19565 4 2 0 1 3724 132 133 134
19566 4 2 0 1 3791 2036 1691 1725
19567 4 2 0 1 3368 2746 2883 2749
19568 4 2 0 1 1699 1888 1886 3858
19569 4 2 0 1 2631 914 2429 3681
19570 4 2 0 1 3411 3531 3427 3405
19571 4 2 0 1 2333 3888 3034 3084
19572 4 2 0 1 1778 1918 2607 1333
19573 4 2 0 1 1752 1753 3811 1751
19574 4 2 0 1 1751 1750 1749 3811
19575 4 2 0 1 1749 1750 1642 3041
19576 4 2 0 1 3319 1749 1642 3041
19577 4 2 0 1 3041 1640 1642 1641
19578 4 2 0 1 3298 3793 3794 3018
19579 4 2 0 1 2738 2753 3462 2896
19580 4 2 0 1 3041 2130 1921 3284
19581 4 2 0 1 2755 2738 2304 2662
19582 4 2 0 1 3714 2805 2700 2749
19583 4 2 0 1 3484 3515 3500 3222
19584 4 2 0 1 2325 2898 3757 3264
19585 4 2 0 1 3332 3534 2369 3862
19586 4 2 0 1 3491 3495 3494 2866
19587 4 2 0 1 3074 3071 3068 3823
19588 4 2 0 1 3460 2753 2633 2286
19589 4 2 0 1 2803 2633 2753 2286
19590 4 2 0 1 3821 2999 3070 3785
19591 4 2 0 1 3005 3001 3782 3004
19592 4 2 0 1 1431 2024 2027 3070
19593 4 2 0 1 1811 1533 3825 2024
19594 4 2 0 1 705 704 2681 3699
19595 4 2 0 1 2681 704 705 708
19596 4 2 0 1 2101 3009 3230 2033
19597 4 2 0 1 3831 3089 3088 3087
19598 4 2 0 1 3781 3789 3003 3015
19599 4 2 0 1 1908 3048 3044 2151
19600 4 2 0 1 2446 2833 2203 53
19601 4 2 0 1 3774 1379 1378 1377
19602 4 2 0 1 2129 3837 1965 3101
19603 4 2 0 1 3075 1924 1279 1273
19604 4 2 0 1 3305 3075 3101 3079
19605 4 2 0 1 3878 2801 3879 3468
19606 4 2 0 1 3840 3242 3110 3841
19607 4 2 0 1 2346 3174 3854 3207
19608 4 2 0 1 1394 3938 1384 3015
19609 4 2 0 1 3206 3844 3226 2836
19610 4 2 0 1 3513 3757 2372 2959
19611 4 2 0 1 3386 3377 3470 3394
19612 4 2 0 1 3194 3505 2885 3740
19613 4 2 0 1 3227 2743 2447 3292
19614 4 2 0 1 2362 3427 3531 2821
19615 4 2 0 1 3127 1553 2786 3743
19616 4 2 0 1 3741 3127 2786 3743
19617 4 2 0 1 3314 3704 1986 2795
19618 4 2 0 1 2794 3511 2795 3136
19619 4 2 0 1 3010 1757 3333 3280
19620 4 2 0 1 2053 1342 3314 3311
19621 4 2 0 1 3335 3312 3249 3311
19622 4 2 0 1 3705 3312 2693 2793
19623 4 2 0 1 2585 2053 3314 3311
19624 4 2 0 1 2053 2585 3314 1837
19625 4 2 0 1 1476 1475 1474 3850
19626 4 2 0 1 3140 3094 1463 3848
19627 4 2 0 1 1476 1475 3850 1477
19628 4 2 0 1 2397 3554 3850 3212
19629 4 2 0 1 3179 3145 3144 3146
19630 4 2 0 1 3386 3470 3377 2256
19631 4 2 0 1 1608 3254 1742 1988
19632 4 2 0 1 3426 3651 2537 2941
19633 4 2 0 1 1190 1192 3317 1608
19634 4 2 0 1 599 3890 2981 570
19635 4 2 0 1 3541 3658 3657 3272
19636 4 2 0 1 3809 1375 1374 1373
19637 4 2 0 1 3269 3542 3733 2759
19638 4 2 0 1 3809 1374 1375 3775
19639 4 2 0 1 3165 3853 3541 3498
19640 4 2 0 1 3541 3306 3498 3272
19641 4 2 0 1 1225 1226 3230 1224
19642 4 2 0 1 3783 1224 3230 3172
19643 4 2 0 1 3801 3026 3040 3048
19644 4 2 0 1 3692 2649 2650 2571
19645 4 2 0 1 1283 1948 1362 3100
19646 4 2 0 1 1749 3319 2214 2079
19647 4 2 0 1 3692 2268 3693 2819
19648 4 2 0 1 1187 3229 1185 1186
19649 4 2 0 1 3229 1188 1187 3317
19650 4 2 0 1 2676 3736 2706 3698
19651 4 2 0 1 3492 3193 3056 3182
19652 4 2 0 1 2378 785 3906 555
19653 4 2 0 1 3265 3869 3189 3181
19654 4 2 0 1 3906 533 532 2655
19655 4 2 0 1 544 555 3906 785
19656 4 2 0 1 3054 3198 3817 3718
19657 4 2 0 1 2378 785 555 819
19658 4 2 0 1 2320 2554 3716 2708
19659 4 2 0 1 2870 3644 3647 3267
19660 4 2 0 1 2314 3054 3817 3062
19661 4 2 0 1 2877 2821 2643 3374
19662 4 2 0 1 2913 2112 3295 2636
19663 4 2 0 1 2834 2850 2835 2336
19664 4 2 0 1 1327 3100 1363 3759
19665 4 2 0 1 1832 3295 2112 2215
19666 4 2 0 1 3841 3123 3839 2796
19667 4 2 0 1 3841 3123 2796 3110
19668 4 2 0 1 2420 2448 2418 2444
19669 4 2 0 1 3177 3867 3214 3642
19670 4 2 0 1 3836 3485 2423 3099
19671 4 2 0 1 1891 1426 3225 1435
19672 4 2 0 1 3836 3485 3099 3104
19673 4 2 0 1 1728 1948 3100 1362
19674 4 2 0 1 3360 3361 3349 3353
19675 4 2 0 1 3096 3485 3106 3835
19676 4 2 0 1 3102 3225 3106 2313
19677 4 2 0 1 2360 404 2841 2479
19678 4 2 0 1 3157 3035 3059 3247
19679 4 2 0 1 1724 1566 1568 3153
19680 4 2 0 1 3726 3771 3417 3405
19681 4 2 0 1 3247 2334 3188 3158
19682 4 2 0 1 997 2428 2429 3566
19683 4 2 0 1 2334 3265 3188 3158
19684 4 2 0 1 3867 3188 3866 3189
19685 4 2 0 1 640 3566 997 761
19686 4 2 0 1 1284 3156 1328 3256
19687 4 2 0 1 3035 3156 1284 3256
19688 4 2 0 1 1825 3805 1582 1549
19689 4 2 0 1 1684 1567 1890 3256
19690 4 2 0 1 3193 3057 3060 3056
19691 4 2 0 1 3150 3211 3016 3263
19692 4 2 0 1 3252 3016 3211 3263
19693 4 2 0 1 2271 3751 2821 3531
19694 4 2 0 1 3422 3367 3430 3339
19695 4 2 0 1 3283 65 1160 3270
19696 4 2 0 1 3283 2572 65 3270
19697 4 2 0 1 3355 2564 2732 2711
19698 4 2 0 1 2363 2365 3532 2364
19699 4 2 0 1 1441 1343 3311 3271
19700 4 2 0 1 2576 2574 2374 3655
19701 4 2 0 1 2198 3271 62 1341
19702 4 2 0 1 1599 1679 3279 1671
19703 4 2 0 1 2834 2824 2743 3292
19704 4 2 0 1 1266 1599 3279 1671
19705 4 2 0 1 1264 1261 3068 1262
19706 4 2 0 1 1599 3068 1264 3279
19707 4 2 0 1 1266 1599 1264 3279
19708 4 2 0 1 2003 1910 1754 3287
19709 4 2 0 1 1992 3820 1308 1994
19710 4 2 0 1 2350 3882 2809 3374
19711 4 2 0 1 1998 3909 2004 1734
19712 4 2 0 1 3287 2130 1755 1752
19713 4 2 0 1 2834 2824 3292 2823
19714 4 2 0 1 3185 1616 1983 2912
19715 4 2 0 1 2702 3561 2657 2658
19716 4 2 0 1 3575 3576 3446 2455
19717 4 2 0 1 3295 2394 2636 2905
19718 4 2 0 1 2399 2457 3452 3445
19719 4 2 0 1 2910 2456 2511 3340
19720 4 2 0 1 2408 3575 2454 3617
19721 4 2 0 1 1794 2446 2203 53
19722 4 2 0 1 1280 3822 3069 3073
19723 4 2 0 1 1280 3822 1990 3069
19724 4 2 0 1 2702 3561 2658 2412
19725 4 2 0 1 3465 2345 2743 2740
19726 4 2 0 1 684 2929 104 685
19727 4 2 0 1 3465 2345 2740 2835
19728 4 2 0 1 2039 1894 1595 3309
19729 4 2 0 1 3296 2100 2063 3533
19730 4 2 0 1 7 2989 1351 8
19731 4 2 0 1 3301 1173 3332 1595
19732 4 2 0 1 3254 3192 3317 3059
19733 4 2 0 1 2743 3465 2740 2742
19734 4 2 0 1 3298 3254 3317 1192
19735 4 2 0 1 2108 3298 3814 1191
19736 4 2 0 1 2863 3517 2896 2321
19737 4 2 0 1 2862 2863 2896 2321
19738 4 2 0 1 3468 2863 3466 2896
19739 4 2 0 1 1790 2999 2049 2252
19740 4 2 0 1 3908 1866 1946 3932
19741 4 2 0 1 1220 1222 3318 1232
19742 4 2 0 1 3349 3738 3361 2733
19743 4 2 0 1 2166 3210 3218 1963
19744 4 2 0 1 3115 3191 3318 3173
19745 4 2 0 1 3210 2166 3218 3333
19746 4 2 0 1 1224 2165 3280 3318
19747 4 2 0 1 3000 3783 1702 3777
19748 4 2 0 1 3167 3219 3218 3318
19749 4 2 0 1 2910 2509 2508 917
19750 4 2 0 1 2622 2509 2455 2511
19751 4 2 0 1 3445 3446 2279 3613
19752 4 2 0 1 2270 3546 2879 2578
19753 4 2 0 1 3836 1368 1370 2170
19754 4 2 0 1 3361 3738 3349 3353
19755 4 2 0 1 2616 3692 2653 2819
19756 4 2 0 1 3692 2651 2276 2653
19757 4 2 0 1 2811 3656 2855 3537
19758 4 2 0 1 3544 2578 3432 2879
19759 4 2 0 1 3537 2819 2375 2268
19760 4 2 0 1 3495 2707 3717 3648
19761 4 2 0 1 1770 3756 2897 1771
19762 4 2 0 1 3513 3757 2959 2898
19763 4 2 0 1 1613 3659 3036 3135
19764 4 2 0 1 3922 2533 460 784
19765 4 2 0 1 3755 3321 2958 2369
19766 4 2 0 1 3513 3484 2336 3501
19767 4 2 0 1 3481 3501 2336 2850
19768 4 2 0 1 2748 2883 2278 2747
19769 4 2 0 1 2748 2883 2747 2746
19770 4 2 0 1 2719 2404 2721 2399
19771 4 2 0 1 1624 2070 2170 3305
19772 4 2 0 1 3922 2533 2535 460
19773 4 2 0 1 2350 3405 3402 3387
19774 4 2 0 1 3408 2839 3372 2545
19775 4 2 0 1 2989 7 1351 1854
19776 4 2 0 1 1421 3014 1422 3011
19777 4 2 0 1 1421 3014 3011 3013
19778 4 2 0 1 3441 3882 3427 3374
19779 4 2 0 1 2486 2499 2705 2498
19780 4 2 0 1 1140 101 2929 685
19781 4 2 0 1 2789 2238 1548 3249
19782 4 2 0 1 3346 3344 2265 3398
19783 4 2 0 1 2763 2351 3668 2588
19784 4 2 0 1 3946 1519 1521 1520
19785 4 2 0 1 2820 3375 2565 2256
19786 4 2 0 1 1632 3946 1521 1520
19787 4 2 0 1 2848 2351 3527 2590
19788 4 2 0 1 3004 1357 1620 1356
19789 4 2 0 1 1419 1420 3013 3787
19790 4 2 0 1 3383 3876 3401 2839
19791 4 2 0 1 3785 2057 2226 2999
19792 4 2 0 1 3876 3396 2260 2839
19793 4 2 0 1 2627 3699 2952 2628
19794 4 2 0 1 2270 3345 3342 3409
19795 4 2 0 1 3786 1628 3278 3787
19796 4 2 0 1 2616 3692 2276 2653
19797 4 2 0 1 3875 3399 3880 3398
19798 4 2 0 1 3875 3396 3373 3880
19799 4 2 0 1 2749 2969 2600 3459
19800 4 2 0 1 2748 3731 3459 2600
19801 4 2 0 1 2701 2599 2600 2749
19802 4 2 0 1 3904 3946 1632 1709
19803 4 2 0 1 2264 2253 2263 2700
19804 4 2 0 1 1885 1212 3827 1210
19805 4 2 0 1 2865 2666 2669 3455
19806 4 2 0 1 2938 2624 2539 2724
19807 4 2 0 1 3444 2594 2595 2476
19808 4 2 0 1 2591 2274 2442 3442
19809 4 2 0 1 2650 2531 2672 2904
19810 4 2 0 1 2865 2666 3455 2667
19811 4 2 0 1 2664 3455 2669 2666
19812 4 2 0 1 3625 2273 2534 2539
19813 4 2 0 1 2269 2941 3411 3727
19814 4 2 0 1 2270 3432 2889 3658
19815 4 2 0 1 1204 3341 1322 1202
19816 4 2 0 1 2324 3272 3430 3498
19817 4 2 0 1 3455 2668 2664 2669
19818 4 2 0 1 2666 2716 747 2715
19819 4 2 0 1 2442 2725 2274 2528
19820 4 2 0 1 2771 2411 3679 2630
19821 4 2 0 1 3341 1869 1202 1199
19822 4 2 0 1 3726 3771 2902 3417
19823 4 2 0 1 3846 3275 2580 3036
19824 4 2 0 1 2275 2726 2728 3727
19825 4 2 0 1 1339 1720 2924 1733
19826 4 2 0 1 2546 2647 2695 2298
19827 4 2 0 1 830 2647 2695 1076
19828 4 2 0 1 1721 3309 2239 2099
19829 4 2 0 1 2275 2968 3727 2728
19830 4 2 0 1 3144 3251 3263 2396
19831 4 2 0 1 3263 3251 3144 3252
19832 4 2 0 1 2584 2963 2576 3271
19833 4 2 0 1 2396 3145 3179 3123
19834 4 2 0 1 3796 3798 1411 3021
19835 4 2 0 1 1389 2243 3903 1391
19836 4 2 0 1 2746 2522 2716 2255
19837 4 2 0 1 2021 2227 3943 1391
19838 4 2 0 1 2865 2522 2520 2666
19839 4 2 0 1 3440 3420 3882 3381
19840 4 2 0 1 2928 2681 2696 2680
19841 4 2 0 1 2974 2289 2696 2928
19842 4 2 0 1 3471 3388 3460 3376
19843 4 2 0 1 3164 3098 2344 3121
19844 4 2 0 1 3098 2344 3121 3204
19845 4 2 0 1 1423 2123 3012 1870
19846 4 2 0 1 1423 3012 2123 3255
19847 4 2 0 1 3716 2319 2709 2553
19848 4 2 0 1 2513 111 113 811
19849 4 2 0 1 3716 2319 2553 2867
19850 4 2 0 1 3873 3353 3481 3362
19851 4 2 0 1 2470 3587 3379 3391
19852 4 2 0 1 3878 3391 3587 2863
19853 4 2 0 1 2321 2862 2863 2470
19854 4 2 0 1 3391 2470 2863 2862
19855 4 2 0 1 988 841 2411 1012
19856 4 2 0 1 988 2411 841 627
19857 4 2 0 1 1436 3024 1437 3798
19858 4 2 0 1 3856 3830 3033 3034
19859 4 2 0 1 1888 3856 3033 3802
19860 4 2 0 1 2035 2036 3797 1551
19861 4 2 0 1 2754 2953 2429 2427
19862 4 2 0 1 1535 3025 3024 1439
19863 4 2 0 1 2360 404 430 1153
19864 4 2 0 1 1155 3330 3549 2217
19865 4 2 0 1 3125 3797 2036 1551
19866 4 2 0 1 3521 2958 2363 3523
19867 4 2 0 1 3125 2036 3797 3791
19868 4 2 0 1 2835 2739 2740 3465
19869 4 2 0 1 3022 3202 3024 3023
19870 4 2 0 1 414 2734 2736 797
19871 4 2 0 1 3298 3254 3341 3816
19872 4 2 0 1 2534 374 3631 2532
19873 4 2 0 1 2837 3864 3292 3227
19874 4 2 0 1 2590 907 959 559
19875 4 2 0 1 2042 1416 3924 1414
19876 4 2 0 1 3170 2328 3184 3488
19877 4 2 0 1 3139 3023 3238 3137
19878 4 2 0 1 2333 3086 3181 3504
19879 4 2 0 1 3924 2042 2088 3919
19880 4 2 0 1 1926 2789 2791 3704
19881 4 2 0 1 3366 3878 3466 2767
19882 4 2 0 1 2463 3383 2802 3634
19883 4 2 0 1 3388 2567 2299 3518
19884 4 2 0 1 2801 3388 3879 2871
19885 4 2 0 1 3063 3776 1244 3782
19886 4 2 0 1 3871 3886 3766 3487
19887 4 2 0 1 3586 2321 2470 2733
19888 4 2 0 1 3845 3135 3202 1700
19889 4 2 0 1 3878 3366 2863 3587
19890 4 2 0 1 2292 2682 3466 3468
19891 4 2 0 1 2463 2732 2254 2733
19892 4 2 0 1 1885 3827 3190 3018
19893 4 2 0 1 1340 2756 61 3335
19894 4 2 0 1 1401 3895 1399 1402
19895 4 2 0 1 3887 2332 3507 3504
19896 4 2 0 1 1401 3895 1402 1967
19897 4 2 0 1 367 3595 794 3698
19898 4 2 0 1 3142 3507 3285 3268
19899 4 2 0 1 794 3595 367 431
19900 4 2 0 1 112 111 113 2513
19901 4 2 0 1 3302 2343 3884 3097
19902 4 2 0 1 3745 2793 3748 2330
19903 4 2 0 1 3481 2783 2835 3363
19904 4 2 0 1 3097 3195 3098 3865
19905 4 2 0 1 3662 3336 3337 2693
19906 4 2 0 1 3505 3194 3508 3745
19907 4 2 0 1 3122 2305 2448 2417
19908 4 2 0 1 3167 3170 3169 3855
19909 4 2 0 1 2256 3377 2342 3470
19910 4 2 0 1 3122 2305 2417 2824
19911 4 2 0 1 3027 3857 3856 3175
19912 4 2 0 1 718 3477 3570 1075
19913 4 2 0 1 3503 3873 3872 2898
19914 4 2 0 1 3364 3326 3489 2959
19915 4 2 0 1 718 3477 1075 254
19916 4 2 0 1 3317 1189 1187 3814
19917 4 2 0 1 179 129 471 2931
19918 4 2 0 1 3505 3506 3516 3244
19919 4 2 0 1 3360 3349 3361 3348
19920 4 2 0 1 3518 3391 3376 2342
19921 4 2 0 1 2043 3776 3223 1329
19922 4 2 0 1 3210 3171 1710 3209
19923 4 2 0 1 2338 2784 3739 2783
19924 4 2 0 1 2838 2345 3520 2850
19925 4 2 0 1 2836 3097 3222 3484
19926 4 2 0 1 3865 3096 3097 3226
19927 4 2 0 1 3739 2784 2338 2785
19928 4 2 0 1 3665 2591 3527 2351
19929 4 2 0 1 2624 2540 2442 2938
19930 4 2 0 1 2264 2916 2813 2652
19931 4 2 0 1 2264 2916 2652 2976
19932 4 2 0 1 3394 3407 3381 3387
19933 4 2 0 1 2259 2284 2598 2699
19934 4 2 0 1 3529 2916 2361 2813
19935 4 2 0 1 2652 2547 2621 2931
19936 4 2 0 1 3432 2377 3544 2879
19937 4 2 0 1 2574 2379 3538 3539
19938 4 2 0 1 2270 2619 2855 3342
19939 4 2 0 1 3381 3407 3479 2724
19940 4 2 0 1 2573 2574 3655 2374
19941 4 2 0 1 3776 3942 3223 1329
19942 4 2 0 1 2575 2573 2374 2574
19943 4 2 0 1 2420 2421 2426 2772
19944 4 2 0 1 3657 3338 3541 3272
19945 4 2 0 1 3339 3657 3272 2757
19946 4 2 0 1 3760 2675 2762 3696
19947 4 2 0 1 547 2854 2575 943
19948 4 2 0 1 2679 2872 2586 2884
19949 4 2 0 1 3468 2863 2896 3391
19950 4 2 0 1 2470 3358 2463 2732
19951 4 2 0 1 643 2474 2586 3623
19952 4 2 0 1 508 959 847 2590
19953 4 2 0 1 2280 3235 3234 2407
19954 4 2 0 1 3129 3516 2339 3505
19955 4 2 0 1 3868 3447 3448 3450
19956 4 2 0 1 3129 3516 3207 2339
19957 4 2 0 1 3549 3548 2393 2454
19958 4 2 0 1 2557 2602 3551 3216
19959 4 2 0 1 854 3894 2311 964
19960 4 2 0 1 3559 3235 3843 2410
19961 4 2 0 1 3237 2770 1769 2405
19962 4 2 0 1 3235 2280 3160 2407
19963 4 2 0 1 854 3894 964 430
19964 4 2 0 1 3162 2013 1600 1602
19965 4 2 0 1 2275 3883 2968 2657
19966 4 2 0 1 957 951 2765 611
19967 4 2 0 1 2626 2356 2355 2628
19968 4 2 0 1 2702 3561 2412 3560
19969 4 2 0 1 3567 760 3566 605
19970 4 2 0 1 3567 502 500 504
19971 4 2 0 1 906 1016 605 3566
19972 4 2 0 1 2624 2438 3629 2443
19973 4 2 0 1 1512 3289 1915 1668
19974 4 2 0 1 1512 3289 1668 3237
19975 4 2 0 1 2442 3477 3570 2438
19976 4 2 0 1 2418 1805 1369 42
19977 4 2 0 1 2420 84 42 2418
19978 4 2 0 1 2420 2444 2418 3245
19979 4 2 0 1 1460 1446 3240 1461
19980 4 2 0 1 1893 2418 1369 3735
19981 4 2 0 1 1805 3307 1893 2191
19982 4 2 0 1 2398 453 3578 2404
19983 4 2 0 1 3173 3220 2337 3174
19984 4 2 0 1 3493 2315 2710 2730
19985 4 2 0 1 2310 3482 2311 2360
19986 4 2 0 1 3493 2315 2730 2840
19987 4 2 0 1 3496 2322 3523 3494
19988 4 2 0 1 2490 2485 3603 2495
19989 4 2 0 1 3495 2322 3494 3522
19990 4 2 0 1 3589 925 967 594
19991 4 2 0 1 853 2348 3525 891
19992 4 2 0 1 1357 3334 3004 3273
19993 4 2 0 1 2808 3760 2645 2646
19994 4 2 0 1 2648 2820 2298 2808
19995 4 2 0 1 3441 2482 2831 2877
19996 4 2 0 1 3697 434 749 3696
19997 4 2 0 1 2310 2311 3482 2804
19998 4 2 0 1 2427 2311 3482 2360
19999 4 2 0 1 2493 2299 3388 2566
20000 4 2 0 1 3918 1734 2142 3909
20001 4 2 0 1 2427 3482 2311 2804
20002 4 2 0 1 2145 34 2388 35
20003 4 2 0 1 2145 2388 34 3296
20004 4 2 0 1 1082 994 2973 95
20005 4 2 0 1 1082 994 109 2973
20006 4 2 0 1 2744 3612 2745 2508
20007 4 2 0 1 3612 2510 2745 2508
20008 4 2 0 1 2505 2907 2825 2388
20009 4 2 0 1 2973 2744 203 931
20010 4 2 0 1 994 3327 109 2973
20011 4 2 0 1 3846 3142 3135 2582
20012 4 2 0 1 3918 1994 3820 3909
20013 4 2 0 1 2907 2388 36 2825
20014 4 2 0 1 2515 320 825 377
20015 4 2 0 1 2907 36 2388 1120
20016 4 2 0 1 3521 2322 3522 3494
20017 4 2 0 1 2818 3521 3494 3523
20018 4 2 0 1 3581 377 3619 2515
20019 4 2 0 1 3521 3522 2897 3494
20020 4 2 0 1 2592 2594 2527 2593
20021 4 2 0 1 2884 642 2586 3623
20022 4 2 0 1 3771 2902 2274 3437
20023 4 2 0 1 2478 2832 2750 2476
20024 4 2 0 1 2540 2442 2274 3442
20025 4 2 0 1 2592 2474 2586 2475
20026 4 2 0 1 2689 3627 2860 3628
20027 4 2 0 1 2688 2861 2470 3382
20028 4 2 0 1 2320 2870 3636 3198
20029 4 2 0 1 3918 1994 1308 3820
20030 4 2 0 1 1182 3198 3637 1958
20031 4 2 0 1 3521 2322 3494 3523
20032 4 2 0 1 3166 3795 1269 3779
20033 4 2 0 1 1178 1958 3637 3277
20034 4 2 0 1 3175 3857 3856 3858
20035 4 2 0 1 3918 1994 2142 1308
20036 4 2 0 1 3082 3188 3034 3265
20037 4 2 0 1 3262 3888 3084 3034
20038 4 2 0 1 2316 3360 3361 3359
20039 4 2 0 1 3004 3334 1357 1356
20040 4 2 0 1 3410 2671 2673 2670
20041 4 2 0 1 3410 2671 2670 2879
20042 4 2 0 1 714 1077 657 2547
20043 4 2 0 1 3534 3332 2704 2366
20044 4 2 0 1 2812 2547 3654 2723
20045 4 2 0 1 2414 2568 201 3652
20046 4 2 0 1 3724 1093 471 806
20047 4 2 0 1 2578 2270 3658 3432
20048 4 2 0 1 2262 2512 3765 2856
20049 4 2 0 1 3694 3655 2576 2659
20050 4 2 0 1 3576 3734 3694 2622
20051 4 2 0 1 1419 3919 1537 1416
20052 4 2 0 1 2335 3159 2334 3182
20053 4 2 0 1 3822 1273 1274 1265
20054 4 2 0 1 3790 3152 3148 3792
20055 4 2 0 1 3083 3152 3084 3262
20056 4 2 0 1 1506 1508 3053 1505
20057 4 2 0 1 1739 1955 2200 3796
20058 4 2 0 1 3846 3135 3017 2582
20059 4 2 0 1 1332 3536 1270 1730
20060 4 2 0 1 3797 3022 3796 3023
20061 4 2 0 1 2905 2511 3295 2622
20062 4 2 0 1 3536 1896 1730 1332
20063 4 2 0 1 2806 2644 2713 2597
20064 4 2 0 1 2644 2695 2713 2597
20065 4 2 0 1 2644 938 2695 2597
20066 4 2 0 1 2912 1457 2056 2247
20067 4 2 0 1 3800 3037 3040 1675
20068 4 2 0 1 2056 1457 2912 1682
20069 4 2 0 1 2351 2764 3665 2591
20070 4 2 0 1 2351 2764 2591 2630
20071 4 2 0 1 1174 2002 2514 2110
20072 4 2 0 1 3040 1508 3053 1510
20073 4 2 0 1 2856 3677 2262 2512
20074 4 2 0 1 2808 3444 3760 2832
20075 4 2 0 1 2856 3677 2512 3674
20076 4 2 0 1 3674 2856 2618 2620
20077 4 2 0 1 2278 2618 3677 2262
20078 4 2 0 1 2833 899 2740 55
20079 4 2 0 1 3796 3917 3797 1739
20080 4 2 0 1 2808 3444 2832 2809
20081 4 2 0 1 777 2300 2501 3681
20082 4 2 0 1 2431 3566 2634 2429
20083 4 2 0 1 2825 2367 2923 3196
20084 4 2 0 1 3463 2386 3196 2674
20085 4 2 0 1 3653 2941 2537 3651
20086 4 2 0 1 635 546 3687 550
20087 4 2 0 1 3654 693 833 745
20088 4 2 0 1 122 2651 120 2276
20089 4 2 0 1 920 2888 2797 615
20090 4 2 0 1 2651 693 720 2571
20091 4 2 0 1 2888 2797 615 694
20092 4 2 0 1 2915 2277 2677 3415
20093 4 2 0 1 1812 1663 3826 1813
20094 4 2 0 1 436 749 3696 440
20095 4 2 0 1 563 486 3696 440
20096 4 2 0 1 3600 2645 3696 2484
20097 4 2 0 1 3697 2481 3595 434
20098 4 2 0 1 2481 3760 2675 2761
20099 4 2 0 1 3676 656 3693 875
20100 4 2 0 1 2625 2660 3461 2680
20101 4 2 0 1 3317 1189 1188 1187
20102 4 2 0 1 2355 2681 2628 2949
20103 4 2 0 1 1709 3905 2118 1873
20104 4 2 0 1 465 990 3894 3920
20105 4 2 0 1 3745 2793 2330 3746
20106 4 2 0 1 2691 3742 3705 2790
20107 4 2 0 1 2795 3136 3314 3703
20108 4 2 0 1 3335 2177 1154 3249
20109 4 2 0 1 3704 3747 3705 2790
20110 4 2 0 1 3742 3704 3705 2790
20111 4 2 0 1 3747 3704 3705 2694
20112 4 2 0 1 1154 3335 3249 3311
20113 4 2 0 1 3130 2339 3137 3743
20114 4 2 0 1 3920 990 400 465
20115 4 2 0 1 2746 2667 2522 2523
20116 4 2 0 1 3367 2272 3368 3413
20117 4 2 0 1 2714 2545 2698 2712
20118 4 2 0 1 3368 2272 3371 3874
20119 4 2 0 1 3037 3900 1299 2244
20120 4 2 0 1 1437 1535 3024 1439
20121 4 2 0 1 2524 358 3700 2884
20122 4 2 0 1 3408 2260 3372 2839
20123 4 2 0 1 2351 2764 2630 3668
20124 4 2 0 1 3587 2299 2469 2802
20125 4 2 0 1 1838 3928 3931 3774
20126 4 2 0 1 2324 2865 2665 3430
20127 4 2 0 1 2469 2299 3587 3366
20128 4 2 0 1 2468 2465 2802 2469
20129 4 2 0 1 1332 3536 2370 2373
20130 4 2 0 1 2691 2780 2690 3320
20131 4 2 0 1 2299 2802 2465 2469
20132 4 2 0 1 2427 2429 2359 2774
20133 4 2 0 1 3226 3863 3865 3221
20134 4 2 0 1 2801 3878 2299 2767
20135 4 2 0 1 3878 3366 2299 2767
20136 4 2 0 1 924 2364 2347 827
20137 4 2 0 1 2786 57 2740 2784
20138 4 2 0 1 3946 3905 3066 2118
20139 4 2 0 1 394 360 2390 395
20140 4 2 0 1 394 2390 360 2392
20141 4 2 0 1 3747 3704 3744 3126
20142 4 2 0 1 3743 3704 2791 3741
20143 4 2 0 1 2594 2593 2476 2349
20144 4 2 0 1 2351 3665 3668 2588
20145 4 2 0 1 2648 2643 2646 2298
20146 4 2 0 1 445 877 2484 3601
20147 4 2 0 1 2490 2493 2566 3604
20148 4 2 0 1 1179 3718 3637 1182
20149 4 2 0 1 3741 3127 3743 3126
20150 4 2 0 1 3496 3495 3347 2322
20151 4 2 0 1 3354 2328 3065 3872
20152 4 2 0 1 2347 3521 2363 3523
20153 4 2 0 1 2364 2766 3532 827
20154 4 2 0 1 3321 3755 2957 25
20155 4 2 0 1 2782 2788 2781 2787
20156 4 2 0 1 1678 3942 2115 3929
20157 4 2 0 1 3637 3716 1179 18
20158 4 2 0 1 3525 2643 3601 2484
20159 4 2 0 1 2877 3525 2831 2643
20160 4 2 0 1 2787 2732 2782 2788
20161 4 2 0 1 2571 2649 2932 721
20162 4 2 0 1 3397 3399 3409 3880
20163 4 2 0 1 2571 2932 2649 2650
20164 4 2 0 1 416 3593 3736 2706
20165 4 2 0 1 2457 3575 2407 3452
20166 4 2 0 1 3428 3272 3430 3339
20167 4 2 0 1 3675 2264 2616 3342
20168 4 2 0 1 2455 2510 2508 2659
20169 4 2 0 1 3576 3734 2622 3574
20170 4 2 0 1 3872 3365 3497 2327
20171 4 2 0 1 3446 2510 3576 2914
20172 4 2 0 1 2510 2914 2659 3576
20173 4 2 0 1 3736 862 416 417
20174 4 2 0 1 2622 3655 2509 3283
20175 4 2 0 1 2625 2679 2680 2927
20176 4 2 0 1 2294 3393 2927 2625
20177 4 2 0 1 3819 1907 1993 1571
20178 4 2 0 1 1907 1393 1378 3774
20179 4 2 0 1 3509 3184 2328 3818
20180 4 2 0 1 2899 2082 1336 1976
20181 4 2 0 1 1908 3048 2151 2124
20182 4 2 0 1 3792 3016 3148 3015
20183 4 2 0 1 3043 2610 3112 3555
20184 4 2 0 1 3710 3709 3711 2521
20185 4 2 0 1 1822 2072 1430 3050
20186 4 2 0 1 3039 3808 3809 3810
20187 4 2 0 1 3710 3711 3709 2597
20188 4 2 0 1 3789 3792 3148 3015
20189 4 2 0 1 2128 3085 1218 3151
20190 4 2 0 1 3004 2999 3821 3785
20191 4 2 0 1 2057 3930 1773 1944
20192 4 2 0 1 3490 3354 3357 2328
20193 4 2 0 1 3503 3365 3872 2327
20194 4 2 0 1 2999 2226 3785 3004
20195 4 2 0 1 3785 2057 1772 2226
20196 4 2 0 1 3254 3192 3059 3816
20197 4 2 0 1 2795 1792 1986 3314
20198 4 2 0 1 2193 3945 1930 1322
20199 4 2 0 1 3467 2299 2767 2801
20200 4 2 0 1 2422 800 86 44
20201 4 2 0 1 1201 1892 3253 2236
20202 4 2 0 1 1959 2069 1879 3795
20203 4 2 0 1 3254 3192 3816 3298
20204 4 2 0 1 3027 3859 3031 3803
20205 4 2 0 1 2959 3364 3872 3489
20206 4 2 0 1 1312 1298 3801 1296
20207 4 2 0 1 3799 3028 3803 3804
20208 4 2 0 1 3495 3347 3648 3352
20209 4 2 0 1 2767 2466 2768 2641
20210 4 2 0 1 2767 2768 2466 3467
20211 4 2 0 1 3251 3252 3036 3141
20212 4 2 0 1 3683 3140 3685 3848
20213 4 2 0 1 2957 2818 3756 2958
20214 4 2 0 1 3178 3179 3144 3146
20215 4 2 0 1 543 3906 531 544
20216 4 2 0 1 3683 3235 3146 2906
20217 4 2 0 1 2314 3062 3065 3491
20218 4 2 0 1 3814 3812 3813 3058
20219 4 2 0 1 3317 3058 3814 3813
20220 4 2 0 1 3813 1912 1187 1336
20221 4 2 0 1 1187 3317 3814 3813
20222 4 2 0 1 2564 2329 3649 2711
20223 4 2 0 1 2844 2869 3553 2868
20224 4 2 0 1 3886 3181 3766 3199
20225 4 2 0 1 3490 2332 3766 3181
20226 4 2 0 1 543 3906 544 549
20227 4 2 0 1 3071 3074 3068 3005
20228 4 2 0 1 2591 2274 3442 2764
20229 4 2 0 1 2591 2274 2764 2527
20230 4 2 0 1 3086 3139 3504 3084
20231 4 2 0 1 1320 1319 3000 1318
20232 4 2 0 1 3000 3937 1320 3891
20233 4 2 0 1 3451 3111 2396 2602
20234 4 2 0 1 3886 3490 3181 3488
20235 4 2 0 1 3451 3111 2602 3551
20236 4 2 0 1 3806 1566 3153 3035
20237 4 2 0 1 3104 3099 3103 3835
20238 4 2 0 1 3806 1566 3035 1539
20239 4 2 0 1 3806 1566 1539 2034
20240 4 2 0 1 3806 1566 2034 3153
20241 4 2 0 1 2407 2399 2402 2457
20242 4 2 0 1 2552 752 691 2559
20243 4 2 0 1 3763 3032 3258 3214
20244 4 2 0 1 3659 3846 3036 3135
20245 4 2 0 1 1222 1224 3318 2165
20246 4 2 0 1 1224 3172 3318 3280
20247 4 2 0 1 3172 3333 3318 3280
20248 4 2 0 1 3333 3219 3318 3218
20249 4 2 0 1 3659 3846 3135 3017
20250 4 2 0 1 1875 3936 1635 1876
20251 4 2 0 1 3936 1295 1297 1895
20252 4 2 0 1 3743 3704 3741 3126
20253 4 2 0 1 3659 3846 3017 2580
20254 4 2 0 1 2580 3150 3643 3152
20255 4 2 0 1 2911 3575 3452 3323
20256 4 2 0 1 3178 3683 3146 3848
20257 4 2 0 1 3096 2312 3232 3106
20258 4 2 0 1 1546 2046 3130 1917
20259 4 2 0 1 3845 3138 3744 3137
20260 4 2 0 1 2083 1888 3858 3830
20261 4 2 0 1 3149 3830 3858 3034
20262 4 2 0 1 3130 2046 1546 3025
20263 4 2 0 1 2314 3062 3491 2899
20264 4 2 0 1 3068 3064 3004 3782
20265 4 2 0 1 3300 1653 1654 1652
20266 4 2 0 1 2368 2325 2958 2369
20267 4 2 0 1 1654 1653 3300 1662
20268 4 2 0 1 3200 3534 3862 3264
20269 4 2 0 1 3164 3200 3861 3862
20270 4 2 0 1 3855 3210 3205 3219
20271 4 2 0 1 3184 3169 3089 3183
20272 4 2 0 1 3129 3174 3207 3170
20273 4 2 0 1 3168 3516 3207 3170
20274 4 2 0 1 1990 3822 1274 1265
20275 4 2 0 1 2564 3350 2329 3355
20276 4 2 0 1 2732 2788 3355 2711
20277 4 2 0 1 2732 2564 2254 2711
20278 4 2 0 1 2751 3393 2625 3461
20279 4 2 0 1 3393 2724 2625 2725
20280 4 2 0 1 3438 2938 2725 2274
20281 4 2 0 1 2725 2528 3438 2274
20282 4 2 0 1 3422 2272 3874 3371
20283 4 2 0 1 2243 3091 2175 1390
20284 4 2 0 1 2286 3461 2680 2928
20285 4 2 0 1 2866 3522 3494 2897
20286 4 2 0 1 2492 2290 3394 3479
20287 4 2 0 1 2436 2629 3569 2439
20288 4 2 0 1 3443 3441 2483 2349
20289 4 2 0 1 2482 3669 2483 2639
20290 4 2 0 1 3067 3092 2998 3042
20291 4 2 0 1 3443 3441 2349 3439
20292 4 2 0 1 2322 3360 3523 2347
20293 4 2 0 1 2332 3767 3267 2845
20294 4 2 0 1 1189 1190 3317 1188
20295 4 2 0 1 3892 1240 1818 2031
20296 4 2 0 1 1275 3822 1273 1274
20297 4 2 0 1 2339 3505 3126 3740
20298 4 2 0 1 2988 687 8 108
20299 4 2 0 1 3703 2759 3269 2585
20300 4 2 0 1 827 205 3532 204
20301 4 2 0 1 34 3296 33 1169
20302 4 2 0 1 3703 2759 2585 3312
20303 4 2 0 1 3921 3820 1911 3918
20304 4 2 0 1 3747 2694 2793 3703
20305 4 2 0 1 3324 2188 1353 27
20306 4 2 0 1 2917 2445 3571 2449
20307 4 2 0 1 2694 3747 2793 3705
20308 4 2 0 1 3490 3181 3504 2332
20309 4 2 0 1 3086 2333 3084 3504
20310 4 2 0 1 2132 3245 1954 3571
20311 4 2 0 1 1795 54 2203 2833
20312 4 2 0 1 3887 3275 3888 3084
20313 4 2 0 1 3311 1343 2176 1154
20314 4 2 0 1 2718 3431 3435 3430
20315 4 2 0 1 3275 3142 3084 3887
20316 4 2 0 1 3515 3364 3489 3497
20317 4 2 0 1 3768 2912 3241 3682
20318 4 2 0 1 3270 65 64 88
20319 4 2 0 1 3449 3435 3431 3498
20320 4 2 0 1 3380 3377 3382 3379
20321 4 2 0 1 2256 3377 3375 3379
20322 4 2 0 1 3380 3401 3375 3379
20323 4 2 0 1 3377 3380 3375 3379
20324 4 2 0 1 3206 3222 3220 2346
20325 4 2 0 1 3671 2613 2612 2721
20326 4 2 0 1 3671 2612 2613 2601
20327 4 2 0 1 3206 3844 2836 2346
20328 4 2 0 1 3220 3515 3174 2346
20329 4 2 0 1 3220 3222 3515 2346
20330 4 2 0 1 349 2991 1142 702
20331 4 2 0 1 288 767 2473 3650
20332 4 2 0 1 1744 2409 2081 3558
20333 4 2 0 1 2847 3605 2485 2934
20334 4 2 0 1 2485 2495 3604 2847
20335 4 2 0 1 304 2695 292 937
20336 4 2 0 1 289 2846 3650 2546
20337 4 2 0 1 3752 2298 2820 2808
20338 4 2 0 1 1142 2935 300 828
20339 4 2 0 1 3568 2439 3569 2591
20340 4 2 0 1 307 2935 300 306
20341 4 2 0 1 870 450 3681 1117
20342 4 2 0 1 2540 2442 2439 2438
20343 4 2 0 1 497 2634 499 498
20344 4 2 0 1 760 2634 498 500
20345 4 2 0 1 3568 2590 2591 3569
20346 4 2 0 1 356 1002 2949 229
20347 4 2 0 1 1744 2409 3558 3274
20348 4 2 0 1 3499 2668 2555 3640
20349 4 2 0 1 3738 2711 2788 2732
20350 4 2 0 1 3529 2258 2813 3530
20351 4 2 0 1 137 2361 135 3530
20352 4 2 0 1 772 777 3681 1117
20353 4 2 0 1 2788 2711 3738 3365
20354 4 2 0 1 2257 2813 3530 2361
20355 4 2 0 1 2257 2258 3530 2813
20356 4 2 0 1 2257 135 2361 3530
20357 4 2 0 1 2257 164 625 135
20358 4 2 0 1 3074 3833 1960 1263
20359 4 2 0 1 3311 1342 3249 2176
20360 4 2 0 1 2572 2379 3270 2574
20361 4 2 0 1 2971 2709 2970 2464
20362 4 2 0 1 2379 2575 3539 2574
20363 4 2 0 1 2360 773 406 839
20364 4 2 0 1 374 1065 3624 768
20365 4 2 0 1 374 3624 1065 2530
20366 4 2 0 1 3833 3074 3005 1263
20367 4 2 0 1 2945 1460 3105 3240
20368 4 2 0 1 2703 182 680 628
20369 4 2 0 1 2279 3428 3431 2926
20370 4 2 0 1 2703 182 628 2729
20371 4 2 0 1 2381 3498 3853 3431
20372 4 2 0 1 2729 2829 2702 2703
20373 4 2 0 1 2789 1927 2238 3249
20374 4 2 0 1 1993 3946 3928 3819
20375 4 2 0 1 3701 3545 2901 2683
20376 4 2 0 1 3568 468 556 952
20377 4 2 0 1 2437 3568 468 556
20378 4 2 0 1 3568 2390 2389 556
20379 4 2 0 1 3568 2390 556 2437
20380 4 2 0 1 3325 2370 2373 1609
20381 4 2 0 1 2901 3545 3701 987
20382 4 2 0 1 3019 3217 3795 3020
20383 4 2 0 1 3212 3201 3187 3114
20384 4 2 0 1 469 2437 468 556
20385 4 2 0 1 1998 3918 2093 1911
20386 4 2 0 1 2127 1684 1890 3256
20387 4 2 0 1 2174 3256 1788 2071
20388 4 2 0 1 2024 3070 3072 3825
20389 4 2 0 1 2043 1889 1356 3004
20390 4 2 0 1 3187 3319 3041 3811
20391 4 2 0 1 1357 3076 1620 2231
20392 4 2 0 1 2999 2057 1620 2231
20393 4 2 0 1 1784 2101 3008 1230
20394 4 2 0 1 2057 2999 1359 2231
20395 4 2 0 1 857 2664 856 976
20396 4 2 0 1 10 2988 3672 11
20397 4 2 0 1 3514 3515 3326 3489
20398 4 2 0 1 2603 3672 2606 3552
20399 4 2 0 1 1887 2770 1882 2611
20400 4 2 0 1 3890 235 2981 570
20401 4 2 0 1 511 2323 22 3589
20402 4 2 0 1 925 3589 511 22
20403 4 2 0 1 3072 3070 2024 3824
20404 4 2 0 1 1229 3001 2028 3777
20405 4 2 0 1 1887 2770 2611 2405
20406 4 2 0 1 2248 2145 2827 1164
20407 4 2 0 1 1976 1183 3054 3062
20408 4 2 0 1 1183 3718 3054 3062
20409 4 2 0 1 2051 1168 3245 44
20410 4 2 0 1 2422 2051 3245 44
20411 4 2 0 1 1168 43 3245 44
20412 4 2 0 1 43 2422 3245 44
20413 4 2 0 1 507 2656 2658 674
20414 4 2 0 1 675 936 1061 2658
20415 4 2 0 1 1159 2740 1797 2786
20416 4 2 0 1 2898 3364 2959 3513
20417 4 2 0 1 507 2656 674 183
20418 4 2 0 1 97 2573 2509 560
20419 4 2 0 1 675 507 2658 674
20420 4 2 0 1 2338 2783 2781 2784
20421 4 2 0 1 2313 3486 3011 3231
20422 4 2 0 1 81 2756 62 2962
20423 4 2 0 1 2954 609 77 3330
20424 4 2 0 1 480 2572 88 521
20425 4 2 0 1 674 1061 2656 2658
20426 4 2 0 1 1589 2622 2131 2077
20427 4 2 0 1 675 1061 674 2658
20428 4 2 0 1 840 3594 1030 919
20429 4 2 0 1 483 3329 99 569
20430 4 2 0 1 3329 609 99 569
20431 4 2 0 1 2429 3680 2430 2633
20432 4 2 0 1 1669 2157 3203 1758
20433 4 2 0 1 2437 3568 2441 2439
20434 4 2 0 1 3164 3120 3852 3121
20435 4 2 0 1 2888 126 2276 2931
20436 4 2 0 1 3164 3120 3121 2344
20437 4 2 0 1 2276 123 126 920
20438 4 2 0 1 2229 3833 3063 1263
20439 4 2 0 1 131 1034 2915 614
20440 4 2 0 1 125 126 127 2931
20441 4 2 0 1 117 118 2617 119
20442 4 2 0 1 3129 3502 2885 3497
20443 4 2 0 1 3307 1954 3571 3243
20444 4 2 0 1 1954 3307 3571 3245
20445 4 2 0 1 1079 2257 135 132
20446 4 2 0 1 148 2779 146 147
20447 4 2 0 1 2657 3561 2656 2658
20448 4 2 0 1 2779 171 886 2658
20449 4 2 0 1 147 2779 146 145
20450 4 2 0 1 2945 2120 3571 1999
20451 4 2 0 1 155 2639 154 3598
20452 4 2 0 1 2133 19 3197 20
20453 4 2 0 1 2709 19 514 20
20454 4 2 0 1 2945 2120 1999 2216
20455 4 2 0 1 2966 32 31 963
20456 4 2 0 1 31 2387 32 2966
20457 4 2 0 1 2945 2120 2216 3240
20458 4 2 0 1 315 345 868 2435
20459 4 2 0 1 2965 2955 2440 2536
20460 4 2 0 1 2763 892 176 1152
20461 4 2 0 1 892 2763 176 951
20462 4 2 0 1 1135 155 2477 1084
20463 4 2 0 1 209 2420 42 1078
20464 4 2 0 1 611 892 2765 185
20465 4 2 0 1 2420 43 42 1078
20466 4 2 0 1 3579 3613 2457 3577
20467 4 2 0 1 3686 2629 3687 2538
20468 4 2 0 1 2772 211 646 209
20469 4 2 0 1 210 211 2772 209
20470 4 2 0 1 2419 2420 209 2772
20471 4 2 0 1 210 2419 209 2772
20472 4 2 0 1 52 1794 53 2446
20473 4 2 0 1 1003 52 53 2446
20474 4 2 0 1 217 3565 2984 218
20475 4 2 0 1 219 220 218 2984
20476 4 2 0 1 217 219 218 2984
20477 4 2 0 1 2833 1003 53 2446
20478 4 2 0 1 2963 62 63 2198
20479 4 2 0 1 223 2977 221 793
20480 4 2 0 1 2920 958 874 316
20481 4 2 0 1 2963 63 62 103
20482 4 2 0 1 3626 3627 2799 3625
20483 4 2 0 1 2983 2951 242 239
20484 4 2 0 1 2939 242 247 3528
20485 4 2 0 1 241 2951 239 242
20486 4 2 0 1 241 243 2951 242
20487 4 2 0 1 242 3528 2951 2983
20488 4 2 0 1 1696 1698 3149 1697
20489 4 2 0 1 854 2310 2981 964
20490 4 2 0 1 257 2623 253 722
20491 4 2 0 1 3607 3467 2768 2498
20492 4 2 0 1 3120 2192 3780 1701
20493 4 2 0 1 257 255 253 3477
20494 4 2 0 1 2623 257 253 3477
20495 4 2 0 1 268 3712 263 264
20496 4 2 0 1 2767 2641 2465 2466
20497 4 2 0 1 2767 3467 2466 2299
20498 4 2 0 1 2485 3474 3475 2494
20499 4 2 0 1 917 2509 97 68
20500 4 2 0 1 97 2573 560 106
20501 4 2 0 1 2509 917 97 560
20502 4 2 0 1 3378 3381 3393 2809
20503 4 2 0 1 3604 2293 2488 2566
20504 4 2 0 1 1071 673 3591 858
20505 4 2 0 1 2974 956 1121 864
20506 4 2 0 1 3393 3381 3378 2290
20507 4 2 0 1 1121 2296 419 269
20508 4 2 0 1 858 2956 3591 2467
20509 4 2 0 1 296 300 1142 2991
20510 4 2 0 1 2989 8 1103 108
20511 4 2 0 1 2989 2988 8 108
20512 4 2 0 1 2989 815 108 1103
20513 4 2 0 1 2988 815 108 2989
20514 4 2 0 1 3707 305 3706 825
20515 4 2 0 1 2591 3547 2441 2442
20516 4 2 0 1 2644 629 910 319
20517 4 2 0 1 2644 2695 629 319
20518 4 2 0 1 2495 673 330 2956
20519 4 2 0 1 2651 120 3676 168
20520 4 2 0 1 128 129 2621 130
20521 4 2 0 1 1022 3689 2487 2489
20522 4 2 0 1 133 1093 130 3724
20523 4 2 0 1 3731 798 342 2600
20524 4 2 0 1 3714 3414 2599 2749
20525 4 2 0 1 338 341 339 2600
20526 4 2 0 1 3709 323 736 3710
20527 4 2 0 1 2741 2896 3465 2309
20528 4 2 0 1 3714 3414 2749 2700
20529 4 2 0 1 2741 3465 2896 2504
20530 4 2 0 1 565 354 794 3698
20531 4 2 0 1 2479 400 363 3926
20532 4 2 0 1 2479 364 363 400
20533 4 2 0 1 155 157 2477 1084
20534 4 2 0 1 3416 3653 2537 2532
20535 4 2 0 1 2540 3442 2902 2538
20536 4 2 0 1 3120 1826 1282 1252
20537 4 2 0 1 3729 2729 3728 141
20538 4 2 0 1 144 3729 3728 141
20539 4 2 0 1 673 2495 284 3591
20540 4 2 0 1 2639 554 154 1131
20541 4 2 0 1 2389 1058 715 1018
20542 4 2 0 1 2268 2375 3693 2819
20543 4 2 0 1 2495 2847 284 3591
20544 4 2 0 1 3591 3604 2473 3592
20545 4 2 0 1 2392 1052 2952 781
20546 4 2 0 1 1104 891 2348 163
20547 4 2 0 1 2389 1118 715 420
20548 4 2 0 1 662 766 3597 998
20549 4 2 0 1 3598 662 3597 998
20550 4 2 0 1 2357 2842 773 965
20551 4 2 0 1 2488 3605 3604 2487
20552 4 2 0 1 3604 2293 2566 2490
20553 4 2 0 1 2357 2354 839 2360
20554 4 2 0 1 1110 365 2884 1054
20555 4 2 0 1 3592 3650 3604 2473
20556 4 2 0 1 862 3593 416 481
20557 4 2 0 1 386 2389 387 388
20558 4 2 0 1 634 1014 900 2477
20559 4 2 0 1 2849 3465 2896 2309
20560 4 2 0 1 2473 2647 3604 2487
20561 4 2 0 1 197 2414 196 1106
20562 4 2 0 1 2414 197 196 195
20563 4 2 0 1 814 2414 930 933
20564 4 2 0 1 3674 3457 3456 2614
20565 4 2 0 1 2722 2460 3673 2857
20566 4 2 0 1 2647 2488 3604 2487
20567 4 2 0 1 455 3674 2614 587
20568 4 2 0 1 2566 2488 3604 2647
20569 4 2 0 1 2437 3568 2935 451
20570 4 2 0 1 2473 2647 2487 287
20571 4 2 0 1 2566 3650 2647 3604
20572 4 2 0 1 3742 3320 3705 3249
20573 4 2 0 1 2720 2716 2281 2717
20574 4 2 0 1 3157 3035 3247 3806
20575 4 2 0 1 3722 2613 1032 622
20576 4 2 0 1 2843 2752 2662 2753
20577 4 2 0 1 3721 2882 520 880
20578 4 2 0 1 301 2951 2983 240
20579 4 2 0 1 2552 752 1004 691
20580 4 2 0 1 1558 2119 1561 3240
20581 4 2 0 1 252 2696 265 2974
20582 4 2 0 1 473 2520 447 474
20583 4 2 0 1 461 763 2559 691
20584 4 2 0 1 473 2520 474 2669
20585 4 2 0 1 599 1035 570 2981
20586 4 2 0 1 2635 2663 3608 2634
20587 4 2 0 1 3327 2456 3549 3611
20588 4 2 0 1 3473 275 3475 1129
20589 4 2 0 1 3473 275 1129 273
20590 4 2 0 1 3473 275 273 274
20591 4 2 0 1 3328 3327 3549 3611
20592 4 2 0 1 3610 728 727 2822
20593 4 2 0 1 730 2822 725 726
20594 4 2 0 1 2822 727 495 726
20595 4 2 0 1 2458 2393 2454 3611
20596 4 2 0 1 2482 3598 3596 3597
20597 4 2 0 1 442 662 506 2830
20598 4 2 0 1 2831 2482 3597 2348
20599 4 2 0 1 3525 891 2348 3597
20600 4 2 0 1 3596 2482 3597 2831
20601 4 2 0 1 835 516 517 3688
20602 4 2 0 1 3688 515 517 2778
20603 4 2 0 1 835 1005 2887 517
20604 4 2 0 1 3688 835 2887 517
20605 4 2 0 1 2778 3688 2887 517
20606 4 2 0 1 2375 2653 3693 2819
20607 4 2 0 1 2728 2726 3723 2723
20608 4 2 0 1 2728 2726 2723 3727
20609 4 2 0 1 2376 525 526 527
20610 4 2 0 1 3464 2674 2336 2340
20611 4 2 0 1 529 3889 526 528
20612 4 2 0 1 541 540 539 2541
20613 4 2 0 1 3633 540 539 538
20614 4 2 0 1 1252 3120 1247 1281
20615 4 2 0 1 540 3633 539 2541
20616 4 2 0 1 2541 546 3687 2569
20617 4 2 0 1 756 2629 427 716
20618 4 2 0 1 1060 656 655 2854
20619 4 2 0 1 561 3656 2573 2744
20620 4 2 0 1 2854 2744 561 817
20621 4 2 0 1 2456 3549 3611 2454
20622 4 2 0 1 2854 943 655 817
20623 4 2 0 1 271 2440 295 2991
20624 4 2 0 1 2990 2440 2991 295
20625 4 2 0 1 2854 656 655 572
20626 4 2 0 1 1060 2854 655 817
20627 4 2 0 1 2495 3603 3607 888
20628 4 2 0 1 2440 2990 311 295
20629 4 2 0 1 3120 2192 1701 1826
20630 4 2 0 1 3549 2393 3611 2454
20631 4 2 0 1 2318 3634 3408 2545
20632 4 2 0 1 3589 3590 924 594
20633 4 2 0 1 3328 2393 3611 3549
20634 4 2 0 1 3524 827 926 83
20635 4 2 0 1 3589 2347 83 924
20636 4 2 0 1 590 585 591 2467
20637 4 2 0 1 3567 760 605 500
20638 4 2 0 1 3567 760 500 2634
20639 4 2 0 1 2393 3328 3611 2459
20640 4 2 0 1 318 3707 317 938
20641 4 2 0 1 3408 3634 2318 2802
20642 4 2 0 1 906 3567 3566 605
20643 4 2 0 1 783 502 2907 754
20644 4 2 0 1 3707 318 317 305
20645 4 2 0 1 1110 2884 328 358
20646 4 2 0 1 2678 2884 3700 328
20647 4 2 0 1 2458 2393 3611 2459
20648 4 2 0 1 1228 1227 3783 1225
20649 4 2 0 1 2474 2592 2586 3623
20650 4 2 0 1 2474 3526 2592 3623
20651 4 2 0 1 808 642 1054 2884
20652 4 2 0 1 365 945 2884 1054
20653 4 2 0 1 334 2948 361 731
20654 4 2 0 1 2670 2378 2376 1029
20655 4 2 0 1 2551 2948 731 977
20656 4 2 0 1 3654 660 3652 1007
20657 4 2 0 1 2726 732 200 195
20658 4 2 0 1 3654 693 745 2994
20659 4 2 0 1 3922 607 768 784
20660 4 2 0 1 2526 399 672 671
20661 4 2 0 1 2526 399 671 558
20662 4 2 0 1 359 360 3700 394
20663 4 2 0 1 3845 1440 3025 3134
20664 4 2 0 1 3784 1228 3783 3777
20665 4 2 0 1 3692 2651 2653 3693
20666 4 2 0 1 116 3676 941 834
20667 4 2 0 1 833 2932 721 2571
20668 4 2 0 1 780 359 3700 394
20669 4 2 0 1 2618 2811 2616 2653
20670 4 2 0 1 407 406 405 2841
20671 4 2 0 1 2390 2389 556 1018
20672 4 2 0 1 408 407 405 2841
20673 4 2 0 1 739 2841 405 402
20674 4 2 0 1 739 408 405 2841
20675 4 2 0 1 3593 2872 2750 2706
20676 4 2 0 1 788 2822 726 728
20677 4 2 0 1 730 2822 726 788
20678 4 2 0 1 3736 417 367 3595
20679 4 2 0 1 960 2629 424 2436
20680 4 2 0 1 929 903 3687 550
20681 4 2 0 1 929 984 3687 756
20682 4 2 0 1 2301 495 727 955
20683 4 2 0 1 2618 2616 2811 2619
20684 4 2 0 1 2819 2619 2811 2616
20685 4 2 0 1 584 3610 586 582
20686 4 2 0 1 584 3610 582 2768
20687 4 2 0 1 561 3656 2854 2575
20688 4 2 0 1 3610 580 2498 2301
20689 4 2 0 1 2485 282 278 759
20690 4 2 0 1 280 2485 278 2934
20691 4 2 0 1 2627 2352 2623 3678
20692 4 2 0 1 2846 2546 3706 2543
20693 4 2 0 1 561 3656 2575 2573
20694 4 2 0 1 455 429 3673 449
20695 4 2 0 1 2515 320 3707 825
20696 4 2 0 1 449 3674 587 676
20697 4 2 0 1 463 2392 710 781
20698 4 2 0 1 455 3674 587 449
20699 4 2 0 1 1035 1137 237 2981
20700 4 2 0 1 909 881 2390 479
20701 4 2 0 1 2890 2535 460 457
20702 4 2 0 1 459 2890 460 457
20703 4 2 0 1 3628 2890 2535 3418
20704 4 2 0 1 2890 3418 649 460
20705 4 2 0 1 2939 2623 248 2978
20706 4 2 0 1 2890 459 460 649
20707 4 2 0 1 2870 3645 3636 3277
20708 4 2 0 1 574 2872 575 482
20709 4 2 0 1 3644 3645 3636 2870
20710 4 2 0 1 3644 3645 2870 3647
20711 4 2 0 1 2391 2528 3547 2525
20712 4 2 0 1 2389 470 803 388
20713 4 2 0 1 1807 2409 77 1576
20714 4 2 0 1 634 2477 900 948
20715 4 2 0 1 948 3593 900 482
20716 4 2 0 1 198 2414 933 930
20717 4 2 0 1 1807 77 2409 2453
20718 4 2 0 1 2411 3560 487 789
20719 4 2 0 1 194 2414 196 195
20720 4 2 0 1 2414 2411 487 814
20721 4 2 0 1 2414 198 933 1106
20722 4 2 0 1 3645 3213 3636 3277
20723 4 2 0 1 257 3478 3725 2352
20724 4 2 0 1 2561 3213 3636 3645
20725 4 2 0 1 2539 2624 3678 2724
20726 4 2 0 1 2739 940 991 899
20727 4 2 0 1 2903 612 770 1150
20728 4 2 0 1 760 503 498 2634
20729 4 2 0 1 1241 3892 1240 3923
20730 4 2 0 1 3659 1448 2052 1450
20731 4 2 0 1 2922 2687 2873 775
20732 4 2 0 1 887 96 2780 775
20733 4 2 0 1 3892 3117 1741 3000
20734 4 2 0 1 3320 57 2784 96
$EndElements
