$MeshFormat
2.2 0 8
$EndMeshFormat
$Nodes
3837
1 145.4651184082031 264.8176879882812 159.937744140625
2 151.6134959106468 263.5882327366653 162.9515132404183
3 155.1786331322127 262.3034724594996 168.4134941992603
4 157.0612842757514 261.8090159560598 174.7672757109743
5 160.662118542084 260.5996825880653 180.2376949248749
6 166.2657293553656 258.3580357977139 183.7059785779871
7 169.2004560445976 256.0764306747898 189.2892681576174
8 174.622363412242 253.413614458047 191.8447543093232
9 179.310778721589 250.5472069331137 194.4624842616876
10 184.7620764235275 248.645478450184 191.6189781503948
11 189.4846859535444 246.2261184425115 189.8200794786836
12 194.6833098451657 242.1459805208338 188.705140223575
13 198.6160947773711 237.5102785272401 191.6307185327827
14 202.7028521902087 232.3084392424593 193.0975472106124
15 206.7700540298282 226.8374617312496 193.4599516953817
16 211.0560369623028 221.8305429261492 192.2070487328011
17 214.5851638508457 217.1170370779267 190.0706460171631
18 217.6105922339532 212.3366218808326 187.6249737137027
19 219.1473494940468 206.2907445288149 187.595045918088
20 220.2861263619933 199.4920735090063 187.0020440443367
21 219.8328868109763 194.3084856702651 188.0643322451351
22 218.9002872700664 187.6912016379646 187.853797638809
23 218.4677531687511 182.0224449541443 184.0978010013535
24 215.865796945586 176.2285315548823 182.3480913194017
25 211.5818937408688 171.2509081001039 180.7699219870316
26 206.3827488697427 167.194311421139 180.9569098916069
27 202.3812861476177 165.8007025785454 176.3698893438588
28 196.2044548538716 164.7419715840576 174.1410706361071
29 190.4996017684981 164.4113393323698 175.7086401387041
30 185.2337645852351 166.8337757745118 176.9946163337568
31 181.4552592550332 171.648119042225 175.6726246196063
32 179.0827611724594 176.6121582857295 173.5380778019918
33 174.5713899839211 180.1401106833056 173.7260592405903
34 173.5686455976673 181.7153728043203 167.8022619890559
35 169.9699580071857 180.7667264157516 163.2704811232284
36 164.8169264488241 178.7026262259589 160.9103114677863
37 158.9240012720585 177.3360370110562 158.8214088430338
38 153.0569155696644 176.228554400106 155.8755419688819
39 147.7847870670845 174.1139374274451 152.7936278775417
40 142.6275430451751 175.5471407699527 149.7623206264998
41 140.2932638162886 180.3589868692281 146.0908328763231
42 138.4071076088338 186.1615265820486 142.8724904728866
43 134.4666063541499 190.4484651091786 142.6801198269694
44 132.7639355210504 196.4405738838395 139.587762883593
45 128.1051441627929 200.3191646860059 139.7693371628493
46 123.4825834027259 205.1939759608562 138.6335451278989
47 119.4591614831672 209.220842026883 137.1003703649034
48 115.715981003391 213.7608258001756 134.1045971468138
49 114.8003077898747 218.8049758705288 129.4215401190268
50 114.8112510636048 224.5997828254851 125.7053068522891
51 108.6114711290169 226.7197905020221 124.538921928253
52 102.0542912781669 228.2474942953043 123.1030476330524
53 97.52103996353368 230.671279174301 120.6405917811033
54 93.09794639066672 232.6831429028607 116.7898180491991
55 88.21072656766282 233.5078243400897 112.3519740014967
56 84.61654684401257 236.6497040116627 108.4009380907189
57 82.87737894189729 242.3154554510274 106.9802000008889
58 82.92023387606359 247.5364287386746 109.2705407883527
59 86.17062180459061 251.5834647460515 111.1359539116412
60 89.88582981402502 255.6995572612979 113.641754569493
61 94.24702012289499 259.8785593747829 116.6755930042628
62 99.1403609117913 264.34528812769 117.4211522908919
63 103.7996751791274 265.7308375270713 122.1978671927515
64 107.5494215368368 265.6624482759785 128.0190964568218
65 112.7489945291659 266.6925005835808 132.2454579584285
66 118.2324888143609 267.7229320253702 135.3941572998947
67 123.9386239851642 269.0405204641342 136.7579433305399
68 127.8477087633364 268.1962922180941 142.4492918632956
69 132.5236705627953 267.5096815064091 147.0707904309015
70 137.2437920325156 266.3230330370602 151.7614170979319
71 139.2819239312195 265.7392481517311 157.2367080333428
72 178.8036858993546 177.9994554676883 169.4578686589384
73 107.9520288643455 267.7759501665891 121.7346387473253
74 221.7861928723786 197.7310312016526 183.1652422763359
75 158.1824263264677 180.8202297681364 152.426854171474
76 85.66108857429344 251.5648499944498 104.8199353979255
77 123.1086060692368 212.5808245635989 131.5789008814974
78 179.0852455243237 252.440018922277 187.8506380576763
79 210.5210846172908 225.6449408780773 186.8985563258716
80 194.6407257044407 243.5442193684555 182.8495710778059
81 166.6073843335492 258.76107332436 178.4065058541838
82 138.6329751849216 268.733607792309 144.3121332104132
83 209.9194605438365 169.4749008103919 175.1156151405739
84 102.6893259496869 232.584802941758 118.9892678241442
85 157.8957461519763 262.2721809809212 162.8510255008845
86 146.7057821259075 265.6087245201569 153.9921802871489
87 124.3864547484512 270.1183905317619 131.5272778089362
88 187.8803696184196 166.0311604796746 171.7926058502347
89 219.765524216173 210.737642503208 182.3610860508966
90 190.0478142594749 247.0877996370483 180.6747055437149
91 92.85061684839525 260.2342293554973 110.3590480907703
92 218.4208963157002 179.8221212806903 177.5956623584273
93 92.54858809526725 236.4631096603922 109.9309713447743
94 143.1105669146842 267.139429140328 150.1049204806262
95 150.4829160130654 266.8828965269147 146.0135418649037
96 89.20567158036161 240.0186650441869 103.9351950188951
97 96.56689766395456 239.9322277724627 104.4100115280714
98 112.451599558297 228.9147867785391 122.9369384587209
99 122.0371965182129 228.9338808532401 118.9003584953288
100 202.8424110603326 234.6607148794641 186.921777926378
101 121.0153153104952 222.6663473926562 125.608265084463
102 147.9997707702198 175.93916925829 147.8672626754988
103 137.1109466371824 197.1861112880964 135.1409009553073
104 143.0145867461636 186.5670342290591 137.5552494363548
105 145.6966654939982 178.0568454440239 144.0643728862546
106 220.7222649473304 186.5009787595726 179.8719675691263
107 220.8483798214531 184.1354623236547 173.4156590351846
108 218.1509245638695 177.7149857376279 170.7355638241781
109 222.4099777196932 182.9003783740151 166.3925188400986
110 220.2807247588149 177.258912165386 163.1347410588621
111 224.2228709133128 182.5518760593429 159.7138458393438
112 221.1294043353856 176.8160672792433 155.7249236858378
113 224.0874388620832 182.4376596503677 152.4461343899873
114 220.3774730365006 176.6924066648974 148.6448830765927
115 223.2301396497459 181.6846417102995 146.2274931868949
116 226.0810683576081 188.2300537143321 148.3644847573539
117 225.5984816208584 186.2921929684263 142.5092768486803
118 220.2512204157716 176.8179207602599 141.6275571003997
119 227.1073400533947 192.4863653718898 142.045364971142
120 215.0556022079355 172.3273198464831 145.1626072721352
121 214.2332247283054 172.1031884825461 136.5661747403224
122 208.7958941132565 169.9467252781596 142.365823979522
123 205.4676170218898 170.0370248848641 135.4954916580309
124 227.1788560296461 194.9386453749258 149.5632636714595
125 227.5349461787859 200.2314162136663 144.338622973071
126 228.4755723158002 197.6644422048608 137.5527394511625
127 228.4905085762296 205.0357178010802 138.02978981917
128 228.754863614676 201.7628011489325 131.9338442857925
129 228.3429903491308 209.4818753077379 132.6022375354873
130 226.6508476864419 213.3127666717444 138.7019634297032
131 226.3573039684164 216.9033013999893 131.8157686553152
132 227.6099903936997 212.5740274700663 127.5127051485213
133 225.6279325425382 217.6565919297969 125.063911436074
134 223.1516250920619 224.1350095804901 129.1252728289302
135 221.83524520497 226.6085429353153 122.6526276943089
136 210.7720178800276 172.1903180505076 130.7192436952906
137 203.5749396774055 170.9410663530238 127.4184303920199
138 197.9259505306578 170.106440804962 131.6826598749562
139 196.0209515185323 171.0167681196271 124.5366348877628
140 202.0867905487558 171.8733350120897 119.9916190127991
141 193.4027446419339 171.7937677461969 117.7994526293632
142 198.933102025121 171.5350700012848 112.7592019384455
143 192.0458671669016 172.3650127108594 110.6977813196346
144 187.937313664542 176.0304067898695 115.3761596632982
145 186.687664082417 176.471684004309 109.2747084518129
146 181.6243873166681 182.9835595696734 107.9651962185535
147 205.6141646317261 172.9215551208823 114.070236049635
148 227.3971925779464 203.2055142247532 151.7746985942074
149 191.5925978024725 172.6855309401379 129.8109046078758
150 227.0843623415995 211.825900411295 121.4677260886383
151 192.5696180470906 170.7440573388532 136.8555651872328
152 188.3205366194937 175.9268485218549 135.6608163441734
153 228.2921322445764 194.8543692285376 131.2987975866226
154 188.4956974020674 173.3422607142278 143.129276493159
155 185.0103330530909 179.7368119571308 141.2122014451307
156 184.6202819776163 181.6523898308285 133.5504934424578
157 197.0639901050489 171.9977103746129 106.5154562418918
158 210.2454775703508 170.0289862971998 149.397230362471
159 179.6237303605249 184.4374626311121 139.9497802857092
160 178.5873785499725 185.0204671858189 133.3528299792443
161 172.8262805037804 185.5574427336794 137.7498224977392
162 172.137848169512 184.8961473222193 130.8787358406379
163 205.8084026799875 167.2663811823147 170.1040139939814
164 165.9035668137073 183.9081656178264 135.333372808946
165 166.1724995127335 183.0286542599586 128.580442563235
166 180.2663537310141 182.8611867914714 146.4645289114202
167 227.9209992096899 198.4226775221144 126.1621549180019
168 226.408701915142 191.6235161962434 125.5533333804312
169 226.4516866528016 195.0034157626027 119.907548185554
170 224.1328468853897 188.7992241136099 119.6466589698958
171 224.8903614666434 191.8909269983162 113.7746245188913
172 226.6305864884363 199.5193898394326 114.4138583241018
173 225.6176460481034 195.5498546346897 107.4354732672115
174 226.6412477234863 202.9238729281032 107.0050703461321
175 224.9400944178926 199.2897031947474 101.3451183647314
176 225.4901577709706 206.7413024690781 101.0801327052274
177 223.3391901461714 203.045291191353 95.63490882052442
178 223.7890608567001 209.9014168395076 95.68834661788422
179 222.1304728688541 206.0568437914362 89.83725532826853
180 221.1754857227699 214.9206269376954 87.1052055604528
181 221.3515915615881 199.1863967720073 90.01396176235522
182 220.637092429567 202.166366544562 83.79920219554157
183 218.8761659123849 195.0346696840309 84.53873029939564
184 218.2759717159595 198.267518943293 78.228427983329
185 215.7018208857693 191.4046549533584 78.65096069747509
186 215.3050888067164 195.6185738301518 72.6366183515357
187 211.0356749176191 189.2210049210212 72.50357110784122
188 209.5851379726139 191.323478477374 65.72719328637532
189 217.4180148472057 201.828066238381 72.28794285061613
190 211.5133265876248 184.7214722282312 80.31097885344953
191 204.9898680289699 182.2047879389511 75.18305445480692
192 223.1347646236844 188.8821528671885 107.9481522465833
193 205.963366076743 179.2055643868521 83.15095577701624
194 199.125827391858 177.6453179369875 79.62214425855096
195 197.5888148751743 179.5799707162747 72.98796193293785
196 191.3897055065116 175.9202966139101 77.33889671114129
197 192.0757025811568 178.0691699059973 69.46314816090867
198 183.5092311989043 174.8341449395736 74.39651784800101
199 224.7105877991844 213.9780716947725 101.4628169846848
200 211.0276842731928 182.5566364310097 87.60571846874453
201 193.7102866141756 174.8608658809964 83.34761979110905
202 197.0086763191782 180.6608531159965 65.37591233566097
203 191.7257582127883 178.6335128594959 62.75198006930977
204 196.8747887487141 181.4086045950292 58.02174660428378
205 187.9083252719057 178.4654781446764 51.98415770850859
206 227.5466957932224 196.6037129274599 156.4924436888824
207 226.9459035057062 203.3831443991485 159.5985259974176
208 226.2114497805915 208.9972460841958 155.995644757355
209 224.812410269581 209.926146873837 162.8071458394729
210 224.1217211308245 215.3454587700663 158.4967241531498
211 222.4560168860093 216.2931113047198 165.4468199354733
212 220.9676639098649 221.4514615164377 160.7667090785043
213 218.8904545408751 222.2804371086568 167.4751810231984
214 216.6923370748159 227.2508527255901 162.7446679081371
215 218.3255100374435 226.0823473709601 155.8852237554246
216 213.8395443037411 231.6030355771024 157.8920082813029
217 211.9065600023758 232.3790322966629 164.9939123987463
218 208.6860891603725 236.6469434092593 159.9814338527218
219 210.3469585931951 235.5291481638381 153.1788614339764
220 204.7863866135491 240.2908086839481 155.2573613003628
221 207.1126783094224 239.6915218083294 148.4862142677787
222 200.7127834713095 243.9445953013701 150.7031401691356
223 203.2812934410454 243.6892713999922 144.8048206328539
224 197.1965845403478 247.1007757923381 145.53944836816
225 200.1382150934001 247.1016366826121 139.4444534188785
226 193.8278235427021 250.5450063592717 139.7566819741809
227 197.7532612315719 250.0989769893043 133.9882464887432
228 191.4796049603663 253.5736477976909 133.4028792957472
229 195.6217262132256 252.7865529186523 128.5236031917248
230 189.4123728925375 256.3921950828467 127.500854115372
231 193.4522690903149 254.775911931143 123.2270398709425
232 187.7790498242113 258.3320481393906 121.1449731761562
233 192.3277975151631 255.8960863832477 116.8473596247928
234 186.7574717628097 258.8962967871043 114.1492065042589
235 191.8087530914976 256.4258485801772 110.4995770758264
236 186.563312038244 259.5752031904569 107.9169174882284
237 180.7948755688451 261.8582449295642 111.4013408375957
238 181.1739709929365 262.6153274040712 104.4932839980318
239 186.5567578459996 260.9315900133584 102.3052933173243
240 181.6355365078008 264.5369269549612 98.59750464545303
241 187.3779553725992 262.5631660867797 96.24637602620143
242 182.8962482512001 265.7522246645028 93.14518149876739
243 177.1586888784745 267.9481398995625 94.0813651219996
244 179.3162943890944 268.5673640151409 88.49877655667524
245 173.2804645144587 271.0729557587583 88.77450339778915
246 176.1389374262582 271.0347780249384 83.54472362780382
247 169.2989967245842 273.8114415759957 82.70559653843134
248 173.4793311917521 272.2726348099995 78.34130001697116
249 167.2818566945668 272.5662369016543 75.82520132015161
250 171.6658656093211 267.9668499569462 72.31764203821044
251 166.5244867458981 262.2052883118525 73.61726210715175
252 172.874055092418 261.5025573813856 71.25387601889727
253 169.4782831470033 257.2869921619213 74.12548319664921
254 175.0297056543077 255.9712223265329 71.78594943933811
255 171.7932023554926 251.2848402796147 74.66381528160404
256 176.8669837620472 250.5069238152867 72.22712867244553
257 173.5586706596773 246.2142959386242 74.76809141017544
258 159.8126388860986 264.6608234047904 75.64884273829497
259 178.4590109032357 244.9050358464023 72.35377323149989
260 174.5392238022914 241.0031102141424 74.80419621866311
261 170.0554576723605 242.2253597546674 77.07302599435792
262 171.0257133554487 237.5889120560561 77.06802954078555
263 179.3284072675685 238.639317160249 72.2481877043638
264 163.3714443002275 272.5165446873181 91.75219379912915
265 182.9851178866941 242.9266171700324 69.78618027639394
266 184.0148455645998 236.9193257478221 69.43806226616695
267 162.6547376989468 237.0521244075026 81.98011824622107
268 187.1107522967611 240.8045910387378 66.59408024082099
269 188.1524327184556 235.1082171329254 65.87677151039748
270 178.7650558794539 260.0392627568266 68.90321126599405
271 190.8085122289394 239.2668742002652 62.43122486031496
272 191.7944650313708 233.6648488693091 61.34864661442548
273 188.6448544497097 229.4615416348351 64.60344725157637
274 192.2557741236529 227.8794885621639 59.50894763859779
275 188.4804602084217 223.8428151744886 62.79811611300382
276 191.8588536416094 221.9310391943881 57.55037712021325
277 193.9501578002087 238.2557423118648 58.40875368650899
278 187.6345055388206 218.204183644587 60.96011417815046
279 190.8220833434215 215.9556447386062 55.89061413521431
280 190.1157341201766 250.4788134136293 147.2165295099102
281 185.1449743132595 256.6742634966375 132.2316433108572
282 196.8665600990964 252.9749857952669 113.1006572954342
283 186.154475722331 212.4912414921293 59.30288110581125
284 183.0979314719562 215.1147801726638 64.19639423334164
285 181.1587864574216 209.2795552420054 62.73922523602574
286 177.1935121490668 213.2583795897573 68.10017759089564
287 175.8479800660209 206.9777584894068 65.52763187596548
288 170.4246058715194 209.4137501604866 69.73171553225144
289 169.867687489337 203.6490152329727 66.90284942946224
290 158.6403932927165 201.8822888493592 71.20444085110239
291 190.047033253982 209.8583006301044 53.2046402333409
292 174.2101336826358 201.0907993896299 62.04214245799925
293 196.3323203477496 226.4686070958795 53.69847867817674
294 203.6581400065271 246.3300090037564 134.0888996144474
295 193.1733714773118 243.8666916652706 58.7399480288624
296 197.1810049714315 242.7385213013821 54.76185661544699
297 198.0987196870972 248.8543464822424 57.03462353654631
298 203.4215790775712 245.2151672729711 54.47144688679648
299 204.4529237365359 249.4830693780116 61.09107477644487
300 208.9699935408121 243.6310644592647 58.69932674134169
301 208.0184431883713 245.6075063011314 67.02103583059986
302 211.9579186041207 239.4117590352949 64.71664721934442
303 211.0918781129669 240.211237639336 73.12778948664641
304 188.2320295897251 263.2213895627947 90.52642617101719
305 206.906502509002 246.5802446557238 74.59986890666696
306 209.9504127134043 243.104022550943 79.90870167990558
307 192.3513515049026 259.8580220458445 94.11093460147734
308 214.0251381365812 234.141516875206 69.90608798440189
309 214.2880780071237 232.76784686957 63.27031682675261
310 199.3901709650337 244.9364663286681 157.5713651191222
311 214.8305904003009 227.4257251377289 68.05550778083337
312 214.882843194256 225.6534784336696 61.9666541534309
313 213.2794133367587 230.6430161058473 56.80066888021626
314 198.6058345985054 254.5583188508804 64.2586724277834
315 193.0614085298302 260.328623079374 87.81400546848391
316 168.2911134651741 198.1753018368199 63.43324995561339
317 213.8075409458516 223.9660112846411 55.59790567174369
318 194.3879759348143 213.8037299107899 50.58074608609371
319 193.1717381149556 208.510753133885 48.439514649007
320 197.3976988279319 211.5780205011181 44.77390401028997
321 194.7834383912567 205.4945868438669 43.39618182696325
322 201.102853685707 207.280967125978 40.04599020056994
323 197.9271452574915 201.7007277650293 39.19741646852036
324 191.3173767139269 199.6615865946734 42.28559393811511
325 172.4980678299109 196.0532230336815 58.27524719463067
326 194.373193133964 195.1408122395209 38.57402432236869
327 204.8950539289854 201.2879213470587 40.96496205013187
328 209.5443752307355 239.4463517495367 141.6517818419638
329 167.0832666087861 193.6513210909558 59.62903780697123
330 171.0241357763904 215.9110092614201 72.17409438630533
331 208.1080592982069 207.3795446125172 42.19116776540308
332 197.3799642569558 256.4957800183581 92.33489248986767
333 188.0116767484042 264.2887759158335 83.76333235031862
334 206.9861525378016 237.3715129027792 167.2636943329536
335 180.091421906806 232.7785955017085 71.70423046430234
336 209.1386753263414 201.5702124087083 46.86946620978686
337 170.8579467084199 191.4545440763736 54.43353038038462
338 187.8267776024852 193.5188097579205 40.4972883758124
339 165.0565307105559 188.9618005316448 56.08111122879088
340 168.9264660391558 186.484737421834 51.01927887934966
341 162.9700179495842 183.6779260173174 53.90852970108389
342 159.0756228740332 186.9019183976401 58.8165549549028
343 167.947991654031 180.3266131737136 50.92075677990589
344 157.7316291915367 181.0434390153724 57.77319173145078
345 154.1109792352771 184.5065834453312 61.96030205956139
346 154.3710449914249 179.0297192725818 63.65850184384895
347 145.952606624239 178.4243991140793 68.2225555324414
348 159.8812245470686 175.5787464930499 61.05989588841837
349 157.7979999425222 176.4608249056419 67.93179335769905
350 214.7429391556537 218.5039051923705 61.14956742442271
351 214.5626267765286 228.7375151682815 73.84614040486504
352 205.8951980956705 195.6149440072101 46.18267385894802
353 164.4521061261191 175.0807477836504 66.70543024408842
354 162.1272957111264 178.1842633943122 73.24311749479608
355 211.340327375776 223.9489614759939 72.52136248352392
356 226.1573427219539 196.7663968041363 163.8858445508807
357 174.6134147715368 180.1322043669793 160.4881016965443
358 223.7842629824798 185.1041467597734 125.5834835981718
359 205.4958931719526 178.0912209658913 90.49217721189666
360 210.3556790397841 181.6048244736999 94.78809958280277
361 193.759259547138 260.4387836752605 81.20067737637825
362 160.1397278579039 180.6970698486645 133.4122718968625
363 161.0457940814736 179.6406626889692 125.0513055706969
364 165.6216431931525 183.6122096164224 122.1536271857045
365 161.144503915058 181.9761607153222 119.3902686615512
366 164.8315234446208 183.951883068845 115.2511919447654
367 158.8084376867464 181.451212736589 113.8167628822787
368 162.7531443335449 183.4973710870447 108.8729550608651
369 156.0981751682253 183.253891639007 107.2432594320031
370 152.97865732603 184.8196361413547 114.2712904892157
371 151.0656257044849 187.8877779076954 109.0276027350097
372 149.7072759615183 191.1234542140074 115.2108885105008
373 148.5150735218029 194.3271911401899 109.7217888030577
374 147.1444451079841 197.7548192554916 116.0423804348234
375 145.3462437339689 200.8365707298528 110.3804598729313
376 146.8626921227106 197.846419209156 104.6685483563789
377 143.9214122694928 203.8478944268127 105.0365037901523
378 143.7002038758108 200.0767114937653 98.84217768933043
379 141.6134928931443 206.2905639032032 100.2642845514331
380 151.713975425202 185.102289340685 104.4402852927546
381 142.219384220264 207.0701370166978 111.1997913436381
382 140.6781333783493 203.2756173936341 94.87247137903179
383 138.809360600518 208.8527704078645 96.59612188428493
384 141.8801899547999 196.9568803604211 93.21761520860781
385 138.3235453112933 206.9137707945087 90.76697707367055
386 136.3304888585561 212.3422301515812 93.38958086782893
387 138.0540657369019 212.2037828696139 87.17612315047661
388 136.3404288261744 216.960756334033 90.58583299476025
389 140.3991290780945 218.1796554070048 87.199947471812
390 137.7029157741233 223.1916099313043 89.82599619933005
391 137.1271296713582 214.4062905104827 99.4452012551499
392 143.7412177097368 224.3931612934434 88.77097374090279
393 139.8659552452652 229.7355854521073 91.19058468011366
394 132.6678668270557 228.845731313828 93.61733550068718
395 135.1135126806404 234.6925429688725 92.46848878502213
396 127.5468810426122 234.9153914864495 93.70786520262132
397 131.1797623512374 239.5751017254866 92.42622538663186
398 136.8817723018191 241.0903845442662 92.46418235733108
399 131.6908881210217 245.5006224301824 92.16975444272956
400 137.4082288324145 247.2677262429032 91.63390264719111
401 132.0856581775878 251.5136664155455 90.86954296986197
402 126.0115288038282 249.0277057987959 90.81913930616849
403 93.21952450866915 240.8857742482342 99.02881206090467
404 126.3554178622682 255.4123600483187 88.82232140881246
405 120.2650634040021 251.9842150444308 88.20970247070971
406 132.7025613155874 257.6100273003279 88.0958931474364
407 120.3680515514766 257.8215043118697 85.68198176583641
408 114.5364155290294 253.8566517467868 84.63320188362493
409 113.7897873240478 259.5500757748495 81.36917518240904
410 119.3780706853818 263.8457227615357 81.76700499774535
411 111.924840303533 265.8340753999562 80.41493365588695
412 117.802197355453 270.6503741105959 82.60546834551144
413 110.9420680203604 271.2281854844147 85.43394446475345
414 117.054877779955 274.04361302609 88.79255112874085
415 123.879803723995 274.1099297712634 86.19228630123452
416 123.5145776453676 274.6170681297141 93.23488560968215
417 130.1753926446927 275.8949618735264 90.57707195823146
418 129.6802441369632 274.3337910116933 97.70196783247977
419 103.641076412327 266.2740991598617 81.22326977874398
420 135.9709330232108 275.5620309584402 94.59647929913618
421 136.5552733870073 273.7191716071261 101.525644401009
422 136.6237385707158 275.6004658464491 87.82792346255722
423 129.2544130278937 271.532971306655 104.9955530701866
424 135.121559599255 270.8588691573894 109.6302164121395
425 141.8410937881736 272.3376780968842 107.143325082385
426 140.7120607489017 269.6648535288192 114.5733724352508
427 147.233190445159 270.6426171547868 111.9810522481045
428 145.9690203496041 268.302820820273 118.8090863341598
429 152.0236843034921 268.9558674116358 116.9314142731515
430 146.5525149190216 219.1427764517224 85.78691908924566
431 151.2823781146969 266.1196305906317 123.329499261431
432 104.5107010725778 268.2242053529647 88.98527004911023
433 98.41193353677227 265.1675516611082 86.37557231807585
434 157.5393563092932 267.022306856349 121.0085020050256
435 157.2822097642479 264.1205907681514 127.3028381265757
436 157.8281623512171 268.7861540930853 115.4943941059252
437 115.0593703509587 246.9024217769165 86.99259237169747
438 109.775679289696 249.9563552280282 82.69656679207485
439 142.8954605655895 242.9610476361501 91.37297668796697
440 143.1596994974857 249.6970504489481 89.71041900196428
441 163.0514222072959 264.9286873971315 124.3811850365546
442 162.8561398844138 262.2974644989901 130.5491057263368
443 142.1347297448067 275.6234306169992 91.7355352960505
444 143.1367719491245 274.3100944779251 85.2514707614929
445 127.3747841105724 229.911072286235 98.75341563206347
446 122.5056352064486 234.1753844303868 98.34821075741942
447 139.9063199337963 206.201526431276 84.09464821711619
448 117.4658390633374 272.2342021856105 95.39643700781423
449 144.5895066620909 265.9175700803957 126.6862450610516
450 148.5545184790899 272.9451316491554 104.0861953304533
451 99.76001439481772 241.2608309187732 98.90400330275418
452 103.2510200938867 240.2940496171154 104.7800950573533
453 96.1363448107478 241.371658726858 94.0140986443875
454 145.9023636331546 231.1454809994785 90.2428668441178
455 128.5788310474177 268.6582170391017 113.4790892449158
456 122.7334500723979 268.8697089180637 108.2707666546723
457 154.7301881856655 179.8946564416968 128.3297671863074
458 186.0919027862251 197.7156438751844 46.83602307215512
459 106.0536900452955 240.6504503356877 99.1224909502798
460 100.0886342152097 264.865101760225 93.27742639152872
461 94.59616281514843 262.3535987060488 91.45764150450739
462 221.3276284891422 183.7546827377637 120.6496774086957
463 203.9970372234666 168.2469140476707 147.3081444110671
464 176.5416410428786 264.0327401129434 107.3613498151794
465 177.2862679654592 185.2642006630728 127.407343278266
466 148.6821286068185 245.0374739820131 88.74498055536556
467 148.9974288934831 251.6438781339173 86.68255365293919
468 191.2515984887039 188.5711557215854 37.67605797573482
469 184.2618746253888 187.4777780367058 39.65322197801648
470 168.7197671909599 262.639944256677 127.6111414066607
471 168.049331258676 260.3269616191502 134.0028475467992
472 148.8320513449848 194.5562647816401 122.2386473892022
473 162.4666003585229 261.2506461323512 137.4110738867347
474 168.1322592981862 259.4486454223925 140.9048256030543
475 145.7019813461289 201.0181027943038 122.6695944998891
476 162.7245615878172 261.8122610342567 144.3846785855657
477 168.4259827566909 260.0903678641087 147.8689487560761
478 200.8533930345133 240.3751659936745 51.55890759680155
479 210.8670445264635 228.0544472830153 50.94111748925132
480 173.6499592661575 257.5821755313929 145.1172517910035
481 174.1936778352551 258.5261229096012 151.9845336097009
482 205.188233906817 167.7784789481148 154.2720560929217
483 198.7190153430919 167.0421091490906 151.5555390308971
484 109.7238432753772 239.8031673157529 104.871374674586
485 209.8999772794359 232.9598254088345 171.6565804396868
486 211.3953908039538 207.6440804346292 48.79501872470249
487 211.2790578601947 201.7051384045658 54.26187399044807
488 209.574279197237 213.457950333644 45.2600594420296
489 205.9085229591037 248.3570753493063 81.46238061226981
490 209.0614063745615 245.3416564389408 86.67041932670816
491 213.106350027428 240.1205411233381 85.74415680835824
492 212.1358449692287 242.2464639535519 92.47913529034287
493 215.9166469085138 236.7470628217435 91.1359944990881
494 214.9211059049705 239.0366419841951 98.18069661042625
495 210.1721139298621 244.2957740591659 99.64197169782234
496 212.5486260153388 240.8219797561172 105.0894309078924
497 216.7570149997558 235.2225721573672 104.4952627497786
498 214.3557382163192 237.3910709072559 111.0019005668495
499 209.6951925468555 242.4378371753087 111.2832056902624
500 211.8848028717887 239.613155448291 117.4307617881179
501 199.0390711020768 251.0990616592143 124.2217936237817
502 120.1229006645892 268.5563813760451 114.8319436751491
503 115.4284480442537 268.4929085757247 110.6136432490246
504 196.6752417815184 254.0699058404056 107.078765230732
505 163.0885604540849 257.7340784712094 76.86798007844689
506 225.2462322252721 217.2444142003367 118.4500789682071
507 149.5130401871005 275.0415850835392 88.75174381390765
508 93.30384330891762 262.5757815619842 85.30541678341453
509 88.35978317480324 259.4120872272944 89.82468852636379
510 88.3450038620262 259.778943698614 84.38244531629184
511 90.53138367563835 261.7548839101073 78.40679955122434
512 106.87989060404 261.3068654469971 78.16096148913229
513 86.2023817235623 259.2672314140849 79.76763429724906
514 91.07465907595481 241.748715648203 94.1230222011491
515 92.87463332044324 241.4065881606681 89.31191688710807
516 82.86255230892428 255.276940159485 85.12866819103222
517 86.95317679175362 258.9633195625213 73.64691684262233
518 94.87185488181015 260.8732625479743 73.12853399766915
519 91.43231759528423 252.0623909473705 69.32124632225272
520 98.92602560744012 240.5143503156567 89.19887389589834
521 95.5260535072141 240.8658118107545 84.00790254362063
522 89.29281736574744 242.5099178717387 85.56515632446087
523 173.2229072592076 183.0725852828643 46.9545386408656
524 173.3501119322993 177.389633369563 50.14384929063753
525 169.0824354108205 176.7849860667365 72.75255805932262
526 166.3212148647326 180.1434555934312 78.46662498314062
527 159.2198724749296 180.8940295511509 79.21375401692015
528 163.6541297738453 183.5961278238133 84.12819219449139
529 170.7966365995456 182.0124643397089 84.343385568587
530 156.7290375296021 181.5469917893077 85.93095092470156
531 168.4697414676803 184.951464096223 90.68267600390676
532 175.0507886915343 182.3648756211821 90.28313927539823
533 172.7235326747722 185.4390191359015 96.27499178800339
534 151.6876796224091 177.9162342699597 80.8513492698027
535 150.6213701321657 179.2086127124755 87.82431673854643
536 146.9001606039095 177.6281858314893 83.95277222198689
537 171.7407721412556 175.1395138392661 66.77674338174644
538 144.9154058462017 181.4394152447053 87.77351128861346
539 140.9171021602378 179.332459080154 82.79136419182882
540 141.5259643605193 187.0852899615454 86.08275761113043
541 138.2192530302709 184.4187426315948 80.79677690039385
542 138.0660338078114 191.3994785267181 81.07625230499164
543 137.427960521828 186.8942505080593 75.58802922381463
544 140.7747324247084 195.3234023178037 75.40053008389359
545 141.8938750006733 189.9243446548714 71.5294193765519
546 169.1159873153609 265.0112792557302 121.8184624850416
547 218.5729920430082 192.5270128411576 91.07079248101248
548 156.6531429689199 190.6251956103395 64.10464802722181
549 84.75328392500101 246.2334150791235 102.660691400532
550 124.4522044779504 231.8648124535891 104.2282060104533
551 129.1139480111729 227.1831733096711 104.9391795656939
552 178.2557104546084 181.8096235393284 95.91029992594402
553 204.867741458463 237.4518278035533 174.2367049996502
554 201.6293369889136 241.6261989583418 169.5399408278239
555 200.0530810318777 166.3665007488922 158.937813078745
556 193.4412825758519 166.998241120065 156.2163119510877
557 90.54075885080734 260.0706418202293 95.99491748167206
558 218.2814320230046 231.7234216247278 110.9226098948308
559 220.026585091356 228.8067996251683 104.4469249591593
560 202.4812566600668 251.9068957699993 76.48708309798924
561 161.8467953819893 274.4216397661364 79.86882575168194
562 155.2148551779627 247.7276487140526 85.18938626273737
563 165.0245784186651 212.4294135253756 73.47040077892916
564 165.8200758928747 218.8118979825969 76.22124870142834
565 160.3007391966839 215.2985679754654 77.47160184507901
566 161.1612646658745 221.8176338157009 80.06279915734457
567 224.6441368487092 214.6045615849408 151.9387112400774
568 156.8411630203716 259.0155983027717 79.59035175146153
569 152.9539505617892 264.0322832491057 78.63881395953915
570 171.5416877113999 222.3530912416638 74.48810068536341
571 175.6090776970218 262.3344017584401 125.29520159475
572 106.1444862521979 267.1011514043736 96.05982327656605
573 146.1927170118097 194.731291095035 72.02030746335794
574 83.68336136763759 253.3160861908675 92.69744933329112
575 167.5001637496011 183.8515831840996 141.9890329642997
576 137.3397226601417 271.6820336953944 82.30694456139734
577 180.3751009972215 177.9915617756587 91.44745812637879
578 199.0967914427618 217.8168697700264 46.97432317901272
579 97.8748490401538 235.1491355295577 114.562916321701
580 153.414183295546 240.28546714553 87.18431466728796
581 215.1787307965822 223.1473390477184 76.66764347778802
582 210.0818599499184 218.4709259852016 74.36260776642233
583 143.3037543714513 255.9389382498528 86.60873751507243
584 197.0853971524515 189.6774136696569 39.91218578694198
585 178.169234979799 179.1018818651398 45.77930309585635
586 170.9262134212732 185.8105015450319 117.8599022210444
587 165.6365613698896 185.7606308102428 97.65166924053071
588 91.07236607410458 241.3977097676088 79.58998526990852
589 97.84940846166059 241.6938449659865 78.09993071248415
590 101.438080215717 264.8471076105623 100.6510593025518
591 222.5818213191639 210.543877496515 170.2628275959742
592 216.8940651885142 172.5780623450855 159.2561590214549
593 189.607046377 263.8269017156362 77.00127750290959
594 219.5461908282455 176.4582926684459 132.8918423384743
595 177.8457327205518 198.6222518852278 56.26218704705138
596 205.6891772699281 177.5566632832605 97.55804635088791
597 211.1737181069971 179.3720501701708 101.4028776256188
598 215.2942282172612 184.0422256246773 98.9244928306437
599 199.389798570904 174.971233333986 93.72124807526968
600 217.8270903385718 217.641099786309 179.847818342709
601 194.0682498456697 184.0403490914859 40.80544751888334
602 198.6752793399055 186.1199606064087 44.96738120325679
603 113.2422330225014 268.7047499137498 125.1955850966316
604 145.3006776414441 200.2204428501691 75.17669297251312
605 222.1412901250957 189.451813580728 174.073950548782
606 151.5158035664508 179.6995388721995 144.0001168000983
607 216.4608400469801 233.5765222535039 83.81318870377051
608 218.8793378123044 230.3561281680844 91.15137434525913
609 194.5299373937218 259.5298413088473 74.66104038872332
610 153.4459267388634 265.5519553018819 153.1994915153151
611 179.4421027924743 268.7025138041264 74.04104949682123
612 207.0211618085194 244.4806449647555 117.879780061974
613 209.4335931203994 242.0646291737845 123.5063658760737
614 214.1805060016831 237.3052060075751 123.8478102173686
615 211.735786960694 239.7562888477146 129.7046510661529
616 168.104469582047 261.4618464123064 155.8644589487375
617 174.4045112072708 258.8994070863691 159.0074148111193
618 179.7721274997072 256.6582189396622 155.8075042749432
619 179.1093213100524 256.401525268098 162.9972352278504
620 184.6994778865186 253.8993458838223 159.3743358610363
621 183.6357495244799 253.6294265096545 166.7342006667357
622 189.2968181039683 251.2604179079381 163.5240086300962
623 177.4940667115413 255.3086035938508 170.2101133145556
624 216.1978616920464 235.1494578385956 129.7781551823871
625 167.9568729268467 174.1549628133814 59.67097194328822
626 175.2292588512949 175.1290033907255 61.47817227426565
627 133.5255784739263 221.3671802484285 94.82853449407159
628 226.5240585032056 211.6520726885496 114.6955176652578
629 173.2509151271082 177.7822453072793 78.82009779248075
630 195.0773784315461 165.6895353670719 162.9502695729406
631 188.7805172265362 167.6614016424811 161.9504158711185
632 187.148130253234 170.6253065192126 156.3200993186993
633 216.5638701593739 180.8499185052837 105.0225676056374
634 222.5397467396417 217.6253925420609 95.6342737708041
635 169.4812748212333 186.1598144333036 109.4448592666498
636 155.5712465537542 180.849745664952 93.06058833545529
637 148.7845018417488 180.7267592111155 94.27714722524888
638 202.2099796108036 184.3968807316237 63.05754276081477
639 221.6314069273632 225.3492661886386 110.4660743524567
640 123.9894180041994 268.8138124947992 120.5206160191383
641 131.2215089617125 268.3248768606583 121.0705242955391
642 201.5681744497376 250.2229161126103 109.630519667606
643 201.6504257843156 251.3832972422047 103.1187014091882
644 119.7049184442959 269.8298622345042 128.3133895698142
645 202.6990604220572 185.9424146795103 54.92484929088217
646 144.1158862042817 186.2423666111014 93.99434177637565
647 217.6101035832483 217.1036303154859 77.80411418032031
648 216.1055098739891 212.3591234540821 72.99739209948009
649 111.9480884954026 238.956485540909 98.42667281938516
650 161.1197669306744 260.7510485216964 168.4888124674533
651 173.2871763625293 258.0005799387961 166.0580422225606
652 107.2164247498716 266.6474467470258 103.3531678267377
653 214.5979681657495 199.6101125315707 66.71763024370711
654 85.19425824469072 242.4170595634221 81.6993016177735
655 84.55800062914828 243.4663920782223 74.58252252899209
656 130.8700840893064 269.9459207997816 135.0097284654924
657 108.4420508229814 243.4135860959328 84.38106973699901
658 213.124212619597 208.8634353159713 56.15136075478915
659 216.3829538422383 207.5916029842039 67.66843579401201
660 92.71136337862305 243.6348452294719 73.71887706103882
661 99.61647489144104 247.8730545520228 73.75770013412404
662 144.883690459718 196.6497175144187 127.5104433396261
663 148.3260825375634 189.8884956307217 127.8757533469361
664 140.8176885648562 202.1933369858302 127.634492463608
665 129.6482156216057 204.2746577815604 135.1272846632415
666 141.6363058510009 207.0916836924947 122.9047941541642
667 134.998842513736 207.1836642499833 128.2451582767931
668 136.9966531931082 212.8929103435665 123.1697195128043
669 107.1253824361727 238.4077514410514 109.8959730421142
670 114.4527203057116 237.1063390875579 108.8886733488007
671 215.5801676033106 230.4357135961262 151.1278539433005
672 219.9393469452861 224.9962279644271 149.1835644422978
673 217.9789986397262 229.5806358411024 144.3570126354051
674 221.8801709815218 223.6804018042386 142.6581163666566
675 204.8226624174283 250.408873093811 88.43322906100127
676 181.7198678898595 252.6464224314632 174.0304927544969
677 175.93230247069 254.6352548770694 178.0542223607011
678 207.6877542958369 232.9613126259564 178.1431516662284
679 212.3324632572962 228.6475313477458 176.0414885855281
680 182.7725897594944 177.158372363884 96.76314022321108
681 179.4663754181055 255.5877953458634 149.2139949381349
682 184.7984482873565 225.9463633662078 67.40485480188367
683 206.85887158248 167.5730611670273 161.9714643001338
684 227.1053231935317 207.5069185896783 144.5500199418521
685 189.7730178058368 262.0031150227457 70.2527168655574
686 176.110194861356 219.9276105974467 71.16992017837096
687 160.8006427087206 184.2178677678266 102.3979700082307
688 226.6079677041157 188.7348137207634 155.5836869068961
689 169.7789939933737 270.0413520502162 94.65140232381222
690 163.0775876722436 270.5037386713417 97.95236942010763
691 157.8071483621782 272.6785221674987 94.67061025236879
692 167.9626325299091 267.9965229149595 102.179789343115
693 161.073601525739 269.9544127676 104.6939592726399
694 167.1177848257095 267.5572483009827 109.4295414300305
695 198.2420239612096 168.7836618950834 138.5026982408635
696 136.3910730324874 179.367936140142 77.16567035151674
697 176.931326058185 185.1571066712849 102.0257990911838
698 102.19519960953 266.4737780511426 108.1337492752035
699 185.9393030495547 247.047240800371 66.55453281045558
700 190.9834247101015 250.6239669853165 61.29390162669506
701 179.5946584180906 255.5509023587548 142.5998834734199
702 208.8366853787878 173.3335937820912 124.1172799731748
703 215.0099148567484 175.429102941664 126.9115414090639
704 213.771834644523 176.3043365876927 121.1872186513034
705 189.3777036960151 175.5332693246914 123.2854372018524
706 184.6763921762209 181.7055361103544 119.2895009219941
707 143.5013959698506 269.7186078114092 81.1302030132465
708 138.4333405657256 265.3339595670093 81.54246589870939
709 131.7720069679008 267.487145834668 81.38839689636717
710 81.93888771996743 256.5582497149762 78.29692454869533
711 81.53595153267685 253.4148429037474 72.80338083912287
712 171.1597299783733 256.5528431093761 181.8926018721168
713 210.0173733826748 234.9010062483285 51.77655484011268
714 205.6861555169727 231.4938569627162 48.53940468392101
715 189.9598709489028 251.0440011088356 155.6794678846899
716 224.5604040402829 217.8098188062384 111.0491520714691
717 159.3545516598828 253.0584726075903 81.13045614301697
718 157.2440177973218 263.4173232024155 141.2230268335578
719 186.5971503560553 174.5350531734391 81.49658667376639
720 186.110377391879 174.7057080925837 92.25635733801479
721 188.5515566911055 173.7265696121523 98.00456884466701
722 213.4585657981185 237.3757861963693 134.9786859182675
723 207.100574138183 175.2722585553153 104.3343180145693
724 155.8966147571437 217.966938605683 81.2230700099382
725 154.4231725062148 212.2622781536562 78.91206659268772
726 155.9570263935712 224.1277549786196 83.4445402613689
727 157.2260093913767 274.2283948332704 89.29562451183016
728 223.134883012503 221.5261987202873 104.3664391363601
729 220.1644489751249 228.3402821405018 137.3373704345653
730 79.73498161131958 244.5975877336317 79.5222157949093
731 81.55987661547755 249.9050625493808 88.03023961166303
732 219.980619593958 217.1334140819907 171.9162183743695
733 146.9054048286324 274.5569048594425 96.28545098339109
734 206.3296540506488 225.1052553023424 47.2067665074101
735 225.1091327239858 189.0175739210229 164.308111292457
736 149.1795428359732 175.140779698814 76.28595852965861
737 227.4905101345736 205.9102884282531 118.444952648205
738 139.3627322464815 189.49393371172 139.2461505989617
739 219.5425914990959 226.355223540193 85.25312601573361
740 117.117192448946 268.7562690545084 104.2567139447764
741 224.339498861004 182.0054412457394 137.2956501543957
742 150.4057778182413 187.635100004535 66.4649804520553
743 176.9632638966496 178.3383907744377 85.10629680540188
744 213.8895988207399 217.9372935151166 54.76023042166095
745 221.3090721476734 203.3059429570671 182.4883074591756
746 222.4423608849012 198.9917013332897 177.867149505171
747 126.1216049244518 229.2115672289312 109.5838768094078
748 130.4022013635216 224.1854742855836 110.762182708954
749 133.1446434730901 221.8287392048211 105.7002733408907
750 134.620915659617 218.7968775238933 111.8610422232559
751 131.9913153093823 221.7188189362322 116.5605089209244
752 181.6926709085963 268.1264793905913 83.83759273019314
753 183.0072641033039 259.7757104924427 126.3830410246394
754 178.7828129963354 259.0120246128836 131.2919988831138
755 191.8370122946878 169.0038807766809 148.6866591165523
756 199.0208362153876 241.4043423066823 177.3715613960485
757 196.3412853808775 245.2893794571798 171.8779111369405
758 219.3495582424989 211.0118872017373 77.76888681715486
759 151.7183053539576 259.3470750137114 81.81837745611477
760 165.2299343494538 250.8032139575919 78.13598939820704
761 183.0610290088568 173.8305785849709 163.3980007211541
762 184.0351627061979 176.0631471654242 155.4582853791546
763 182.1390006670654 191.9256585672406 44.55634094963084
764 138.6095943480234 267.4471848506085 121.4754364767518
765 137.5149614539239 268.0314175367681 129.2838343871054
766 143.3805675616062 267.4959651118961 133.8404149911803
767 149.4784182880903 264.8932728944093 132.3286842747731
768 140.7174768288711 210.6420228285368 117.2835603492201
769 180.6980499071983 261.8572095998353 118.3040128657741
770 161.1256308077117 229.6428275288449 82.00807301539433
771 155.3312915578406 229.7386587279147 85.26562733794606
772 122.7749500728354 271.8204574024084 100.2552469966174
773 174.4713624711912 264.6892781812985 112.2306483803154
774 104.1276589038344 244.6960244408405 79.21049663639488
775 96.89126571103057 264.366168120656 79.44935410228106
776 120.914935872393 237.8619013917508 93.63191083727574
777 167.6423470099066 232.4975915833517 78.8280739070444
778 220.6310121829708 223.039120780821 91.36400171578379
779 111.1791936130071 235.2148891065453 115.4392513567315
780 137.6417421785154 182.7476903030536 70.7843983615146
781 119.1010067720292 235.6731087249427 103.8356543983346
782 179.1982779313575 175.4941925155383 67.35307122375355
783 181.8533135982016 175.6800766084614 61.92091822106368
784 151.4647854637935 188.2457448276391 121.2503641531565
785 187.66485849958 250.8392379810772 170.5144771719852
786 184.9400643407674 206.5105280735507 56.16303935434448
787 89.07460487102989 256.1314469692581 107.5612317613469
788 215.9112396688901 188.3019902093409 85.83146159831861
789 214.6756836233016 233.8412854141613 76.32085839190232
790 147.0441452897816 266.978903022839 138.705159942789
791 214.6257860928879 227.793373899014 169.6117930133749
792 206.8343706834626 246.5942923611452 105.7273762238217
793 162.4346467348062 195.4611717374316 64.62748540998484
794 175.9874140168431 186.2485755673153 113.279508738592
795 130.6108938622563 213.1501197739432 127.3109951386722
796 139.4447310905015 199.2706978296819 80.42860309920133
797 194.4739773373445 181.7084695064931 47.20304165558434
798 213.8588806103874 215.2711918970534 68.02424614811218
799 216.5270859041381 234.4226803247735 118.1512635919582
800 148.516007347742 190.6372927014751 104.4234309069001
801 191.054218817065 256.8750250506839 64.78413398100616
802 186.3155835863768 253.6443364980938 139.6276940744746
803 185.7111379224473 181.068029863349 126.7104230683322
804 154.7947451681364 270.5697708645407 109.5156546291096
805 154.7605928829984 271.9373605366499 103.3758406262797
806 205.495786016377 185.7984702393745 69.3508997770296
807 127.1063809405201 261.699099137457 84.61901812537371
808 220.8846092206805 225.4599464984688 97.84042742329507
809 160.4514748489117 247.3227157424663 82.36170615393098
810 108.8012966191399 239.1505336897847 93.53106485280597
811 143.8496310927117 212.432930610626 83.0428448004824
812 216.4241959784788 223.0960774206605 174.2989415184102
813 180.3150238876459 195.2988724509983 50.47095684090445
814 175.5398398555833 189.9387114086082 48.89638513425643
815 178.2929500652675 186.0567138222287 43.41978519132067
816 88.41967974122956 247.7785710519721 70.56669660544497
817 206.2383755399742 188.7884238785031 59.23142389911101
818 206.5117793622058 191.5181311256381 52.87751253653769
819 209.3394211053539 194.391541476038 56.93477905591213
820 196.3649249391061 256.0089356169612 99.41091149505115
821 164.2305505719495 200.8297906615714 68.07301742991032
822 173.4758489871567 184.11344980972 144.7372696958218
823 168.3270096352298 183.0191854170098 148.6335011298391
824 174.0806949940934 183.0945553516665 152.4472229992633
825 203.5786436740692 250.8446168968902 69.07773134746679
826 216.198046678584 172.3965332441163 152.2123669170427
827 178.6325513062311 176.1897599479467 51.23990011116711
828 130.9772513363765 268.9842554428585 127.7374611993228
829 226.6725639524128 187.9799228176167 137.7974133598448
830 137.7666183769716 176.1060095387655 72.57139548953387
831 184.9476303389469 249.932291015628 185.6389432083396
832 184.8445691275693 258.9105544276097 66.68597943981206
833 140.3876867293003 194.5447584195542 86.56802037938806
834 218.3614179871982 232.4994127292251 97.96011411959975
835 215.7690487324274 173.043543007026 165.640698366222
836 153.949685130882 181.6856063663921 133.9375096999911
837 161.39588937575 183.6179217486062 139.9759607735522
838 185.0815805298546 169.2007448549869 167.8108239969031
839 177.9855153103797 185.9121730439018 120.1329281646941
840 203.2740297694691 241.2157533108302 162.2669027370088
841 212.8338932605456 234.9759065501106 146.5650810438708
842 222.8614647380483 192.394249465051 102.0365935774646
843 211.7729044278101 169.5740404342054 156.2610708873387
844 226.3203206171281 210.9316157110613 107.7404800336361
845 112.8416051196233 268.8270280423822 99.14261411406463
846 111.0317360359673 270.7712668760072 92.58325681618905
847 195.3696008403686 247.6042914623507 152.5285987291469
848 132.3311578970465 218.2386825556466 122.6147883004467
849 118.1498317662856 233.6234189819586 114.4533246811718
850 198.0880754676375 167.9326358776962 144.7246702358407
851 224.5090950395491 204.4797972083216 167.7511505845408
852 184.6510936767705 178.1309588062109 148.1362763902388
853 84.35802100497813 247.5264796326119 96.20300723208268
854 221.1225387118371 190.8100134255444 183.5981832974955
855 197.8848127987329 245.5488658196697 164.7894914250452
856 189.0512844492367 179.7375333196837 43.50109698678717
857 202.360164218311 252.2095069245356 94.7071316170185
858 200.2598982231711 175.7695312935022 86.11878503725799
859 212.6619269123793 176.8704109674858 107.2721236433909
860 217.1835057790791 179.7465332372769 111.3418555103146
861 176.9197762742797 226.7373285531089 72.74805474894818
862 141.909336792239 192.0292780147433 133.8284715725222
863 213.9070207253226 204.3611307899664 61.05302331951773
864 168.3422642065692 181.2935018907102 155.9477385371784
865 201.6809431209708 249.3879087300976 116.9925787776654
866 208.7098479327994 242.1265727409289 134.5917050058989
867 221.7056298440065 185.072224499655 114.0924926884009
868 207.6238220592223 241.0533301383345 52.57273179011176
869 102.3575506586595 240.9058820395664 83.23166006641934
870 174.5427884460027 258.1344647838313 137.1359734981809
871 161.31636440613 184.109288838398 90.75023023128165
872 97.20127014080666 264.0830397110694 112.1578743887947
873 222.2969482720585 205.8989396923291 175.5644224693984
874 224.1084224744716 220.966652373696 136.8017146619921
875 207.8750021022022 247.4586038200516 93.42170398386645
876 156.758346278742 262.908549947913 134.3084823031458
877 211.2831063046903 220.1938580560164 49.09866504232885
878 127.2872783684436 226.7627812480169 115.1518282287501
879 127.5113127955599 223.4537605063435 121.2684418911994
880 155.4400602921579 178.0863335960102 73.82780203155696
881 105.3272320178006 250.6944892621947 78.5754517015688
882 102.6946440583512 255.4638963450051 75.30409521796898
883 214.9163580736333 186.3756646226157 92.71258245657822
884 112.1202566145898 269.128038334966 116.9258556003478
885 108.3382726117075 268.2758882503084 111.2619462729616
886 104.2773715954022 267.5242207403578 115.8861052638092
887 158.8676737562562 209.099056392205 74.81593505125949
888 151.6618005354491 205.7273399707457 76.29327306042488
889 215.2034822290479 174.5207871879125 176.0350497423638
890 183.6394480682747 177.3372349949244 47.22285990080263
891 117.3704522054749 227.7387016098414 122.9629356400379
892 213.7367935482531 224.6083116067593 180.7436315879361
893 204.4596278451219 247.0164482133724 123.6359026980973
894 199.111414877086 255.3778324176828 71.82339653206907
895 223.1872750609347 219.27968571235 147.6793246630086
896 221.9969775503549 220.4622863323094 154.0286261540634
897 185.2086718562901 266.5565343905994 73.73486966638499
898 164.3234976434724 261.2879716151245 162.1573701871936
899 160.28569570761 263.9084207727275 156.0696205892778
900 192.4154146032882 173.2891875832284 93.6028675520878
901 142.9356268044185 273.8849072093315 101.0991397205106
902 184.792090735341 253.4665906892864 152.1030910670367
903 144.2628273447453 204.4402677575389 116.7964721616602
904 138.6345180004661 212.9619178204231 111.442973751301
905 140.511715616623 210.141868679453 105.9641908618248
906 151.6705124409425 198.3316710316095 71.94314630038699
907 157.0460237931267 196.0934649941166 68.41008744534027
908 141.4327610668513 236.2213936694951 91.92653943968739
909 215.0730865565471 211.5781019186766 62.81341969547253
910 228.3512971059641 205.597395131957 125.9419626342186
911 183.3322666056603 200.7541497492636 52.89314351035932
912 154.8420496308775 270.9781573570991 77.56478262680949
913 149.2819979843995 273.0523927911504 82.73221011591855
914 139.6103754594022 174.3638936932295 77.48165344363713
915 194.9879744612959 172.7439464409849 99.29937881862759
916 200.8880643030912 227.4271449822441 49.07838498877724
917 211.8648617554284 237.4219447765855 57.70222653967424
918 218.8674282784172 189.6730049025955 97.2008933252216
919 163.0854743341494 267.3026515168833 118.1073289086322
920 144.6252889279636 205.8296766515544 79.0819497327589
921 206.4118889331084 230.2167284592883 187.8344207933822
922 165.8550777629652 185.986933176778 104.2673892413786
923 163.3510101041067 177.5348043115957 55.38474670837911
924 108.6150721774208 255.436527175015 79.94908029610629
925 180.51041753186 178.6092576035666 159.3021364364967
926 86.2055745183536 243.6772365191187 91.05389091161398
927 144.4336946806197 192.4628349193563 98.03936153472745
928 221.8251000455133 196.0532979932784 95.98665245412211
929 136.5386060208344 216.3873005247205 117.6206540285903
930 137.2656340304373 269.2549002738566 136.6637281073519
931 186.2848063640431 176.2564302403952 67.2389311509624
932 78.01220479279746 251.2723343604717 77.59035997952233
933 201.2762302303523 165.846103609768 165.8073790551865
934 180.9193753277887 180.9172663505973 100.8319360518403
935 125.8739435132975 218.0736690237328 126.5853892151987
936 120.1844297183172 216.8200660102778 129.2816296118321
937 149.8840713398518 225.7358849478336 87.16246931370591
938 210.8291330485351 169.7775107270778 167.7701515120641
939 208.7608366834789 196.9106145672802 51.32547196433417
940 203.453837779566 236.3626831205199 180.7354835438416
941 132.5557091202125 200.1913502048313 136.7057511971543
942 144.2018618672069 268.3748659338648 143.7759458270983
943 147.4525050255182 238.2184549008275 90.0701324953354
944 175.0523824603205 265.8500796846152 101.2881204418884
945 100.889465160084 261.5916180461949 76.00531924326495
946 166.6179225916817 225.4161987258718 78.2560684610938
947 143.6438537498444 173.4620967056525 72.73781268584261
948 220.2063959968644 228.9902176693239 116.8098142302218
949 163.7274618785795 259.7865472494553 173.5880029630463
950 197.6354433597702 256.8083066119886 85.87237939716121
951 203.389661438268 213.2302577866464 42.26029857132902
952 96.45426268865521 264.0774306071903 105.5795848408517
953 95.99180998468199 262.4824225864288 98.20620539745687
954 213.113460971681 221.3442667236939 67.86299778651932
955 223.6771296251038 198.5966330659132 171.2138640198498
956 124.6443254170752 208.5445680113452 134.788358149412
957 128.2902811178176 208.9396742699935 130.9073135938654
958 225.582946539119 213.7875761773774 145.7026503057924
959 206.886491265008 244.5671584447595 129.0888908191917
960 150.1004688954028 184.1599694166523 131.1385018782229
961 195.1369523952978 219.679268367439 52.6678186694207
962 125.0939719065759 268.7607693553794 81.87065602838472
963 205.4746703522123 219.0298382310409 44.91091935909897
964 162.5483656141205 181.3221119348478 146.3276415948625
965 186.7641332002959 177.5219799118774 58.75474669754315
966 200.7355028427297 196.1358205577073 39.71315823598793
967 218.625753074185 231.9228851836059 124.6213543511351
968 191.7327843120716 257.7229942581337 104.1736204586343
969 195.2241098841515 232.7889228652351 56.63724451277173
970 201.6758151491659 252.8655562733912 83.39392669401535
971 164.3742482984711 206.1428140351265 70.95727401311349
972 133.4767079713724 262.2047999767098 84.24293535405685
973 158.1245197790749 264.6902050677112 148.5118441054478
974 79.65283686107385 247.3904581094739 74.36454563942725
975 130.809782233827 273.2617149712946 84.05088862456752
976 223.1763473233694 181.496405508739 130.5120182030189
977 138.0890177204372 253.8772049067017 89.31653676299368
978 152.6664323753283 177.9833320390534 149.870786128316
979 180.1760176863322 181.0720491465951 153.4594508425135
980 202.9846741177019 189.5272273608876 48.45965382360426
981 147.8751375470445 185.4596703881022 100.6148342820329
982 198.1446886444979 256.3479662914655 78.99147821164821
983 218.7380897047443 221.7860392486574 80.7311761526864
984 137.3430944037047 215.5630670153211 104.9005092281689
985 87.68364697223535 256.6006907876229 100.424224528496
986 91.49418526614127 260.5923808686973 103.2467590339172
987 102.5447224679313 240.6254937612232 93.60640404833453
988 194.2393955970408 244.949158996348 177.3618928940589
989 189.3935837553554 246.8238256788647 187.009926163316
990 180.1993849505243 175.5715091594912 80.08997359622433
991 145.6844279852859 262.2264621498559 81.97551719590226
992 182.88753139354 181.2099866059133 41.44602896330377
993 140.1735558418986 200.9227390154197 88.03288243690781
994 121.1844348531401 233.4729653584945 109.0410865790205
995 143.8412469278967 184.7399767315857 67.9987997711891
996 180.2330356129612 252.6084304600801 181.4387552606773
997 226.6483314709396 187.6417010088614 131.8738252087343
998 170.8291207425001 257.3298859934245 173.6760038832763
999 199.7072051361099 233.5966049420197 51.01902748149918
1000 179.7144928444589 203.8444896857093 59.59677804394049
1001 193.6335690280354 180.4952248485915 53.25643005425886
1002 226.9757654298701 206.027034325502 112.4730085614099
1003 163.4660185329759 262.8332211660118 150.5821588128047
1004 189.300812135219 203.7434460453225 49.0777476430435
1005 194.4143437108813 248.6609078649506 160.3216771309575
1006 171.8206948738072 184.9809836774188 124.1896299363358
1007 184.0197070910777 253.3527545626299 146.0592524332943
1008 219.8937773857548 186.2519212440842 103.0808959237326
1009 142.4362033552397 191.1529084676055 90.94327822128065
1010 190.5423194720395 165.7615108524262 167.1648420854851
1011 115.0938996572679 238.3153016948189 93.31684339723799
1012 118.3015881334002 241.6459162374421 90.02520935911781
1013 219.8174692404129 230.2471005455492 131.1966463525756
1014 217.4416123510111 228.1170916197278 79.04284165172015
1015 135.9084144242914 201.6426212892754 131.9651515014093
1016 142.7221616734813 182.5503397747389 141.6494793442157
1017 148.255631618882 182.2537040438116 137.8194935561397
1018 138.95192858756 260.1093521162885 84.92953887141596
1019 223.0640639947392 223.1358109527606 116.7501695329516
1020 175.7042677692945 194.2386403073162 53.77331741820207
1021 203.0626010511759 172.7604948701825 108.4908764332774
1022 168.5432790699026 266.5374500692303 115.269955015826
1023 162.6108001373946 180.1304796075454 155.9387208931332
1024 79.71243596021056 248.8378430471436 83.76713068272646
1025 174.5059385434181 254.7122173782404 185.5884156959542
1026 181.4710538583821 184.2626496291128 114.2705000209131
1027 176.4423847883675 175.4991443466795 73.54896407339258
1028 206.0837347156406 248.5017317558547 99.22550619949891
1029 219.3303960278621 179.7040194186559 125.2639533649389
1030 153.578761478731 254.6902680918776 83.52455158068813
1031 198.4417884862161 183.6732447498673 50.77207577231083
1032 171.4341575732268 228.0339952823443 76.0889855256472
1033 174.4051018970823 233.6084566108862 75.0959900661844
1034 183.1396194163607 175.5780773582653 86.19226657873048
1035 155.2983207322455 182.3930274466766 120.9649733108781
1036 94.34700005872955 248.5163612566022 71.01486987412324
1037 136.6827956226827 193.4935503105847 138.6545306000835
1038 181.9288947489612 173.193616605538 170.442418003629
1039 220.6903635936029 212.1932412261122 176.0067316082695
1040 154.4199758547688 182.3118899580735 100.6599425260425
1041 150.235562646232 215.225419867101 82.53199346076326
1042 224.4147954956192 218.0660558648648 142.3232245272813
1043 201.3672192249687 165.7537330870469 171.6244420829209
1044 196.3108609725813 165.2657487485912 168.4295942062496
1045 151.4773460904051 192.8857800633306 68.99341847543343
1046 205.3369332658525 246.5036642543436 112.1404694589007
1047 199.1565692556379 239.2262234021162 184.8107634152663
1048 157.3315883312479 235.5364327261695 85.09868471139828
1049 192.971615609654 248.3714787812241 167.602892699435
1050 221.1578191697641 208.7479873422632 84.63716538773181
1051 173.5390387088437 175.0365323136369 55.89343195855106
1052 180.4231129714038 254.5039742753841 68.92242330418669
1053 185.560392949708 252.9529293073819 65.85591564847189
1054 184.5128998078951 231.4694945771881 68.78074688776171
1055 174.7207137506607 186.1773654849795 107.4156309583693
1056 212.0175612145458 175.8457027167694 114.4916459852985
1057 97.12377972751656 253.9602205883774 71.06025672002895
1058 134.8813133153857 268.6544372261425 115.9320412701408
1059 219.5711778123929 204.332261493154 77.74307154431791
1060 162.8528378145122 274.5489700739696 85.75303746634125
1061 86.83267013299579 254.0193973284199 70.08789391472902
1062 182.1275321743048 184.6618184335186 124.3663313861895
1063 117.6942005837893 269.473935479928 120.904496155532
1064 220.3386752706704 183.6681614097886 108.0884948142688
1065 155.6940229773838 275.2574093610277 83.14876301685734
1066 215.3553912232738 233.8342135142121 140.3305572931598
1067 201.2523417623208 174.1127131150933 101.5764449851396
1068 226.9911834611816 192.7203567256499 160.0747682666659
1069 178.6705446727376 175.5618949604441 57.28675538832948
1070 154.5481276639739 263.9542492911448 158.5412414152411
1071 184.3638451801419 267.1491424515448 79.00293635439574
1072 190.7045543972599 173.1592471457479 104.3275385044133
1073 209.7063897925205 229.1490288013074 182.3878989014518
1074 177.2001794923868 264.7984707031111 70.28915671822688
1075 184.4581000333602 220.5962357694934 65.58135619155253
1076 151.2660163955532 233.6836412895152 88.00190285630764
1077 223.8727663569874 192.5990647172527 169.418118816195
1078 131.2775076138882 224.9068384122141 99.65804759395743
1079 170.9772831674362 186.4481170739508 102.3654230405075
1080 145.8465285684599 186.7734909150824 133.1301667847221
1081 184.1855346375675 266.0218203470953 88.2534041405051
1082 205.9514187175641 167.1351342759839 174.8640143404587
1083 105.297699609709 239.9356878861993 88.65804627786616
1084 227.6173041494792 200.731256004429 120.9952780213843
1085 182.6733264539519 250.4601831511895 189.0476053668104
1086 99.65757332306869 238.0607692781782 109.640435162742
1087 125.0618196640503 241.9081195185891 91.60863662257918
1088 198.4459128981842 222.8603545858396 49.96417139255197
1089 187.07033843121 173.1782118943184 150.3459500157138
1090 167.2101075543663 259.3057252773647 167.759077282012
1091 181.7480697775319 249.1295231294289 69.57579633361131
1092 133.6733964210085 269.2339913132674 141.293206811899
1093 212.0816721371696 197.6026544710159 61.86667501801048
1094 151.9227107902983 220.3227042162692 84.23061871589069
1095 214.198048771312 221.1839485365956 185.9045299411141
1096 150.7626382107293 177.1689172480136 71.2503381085227
1097 212.6800180738284 170.0773223290005 162.2297982235119
1098 140.5488480925467 178.3415897004206 68.74199638862233
1099 180.5710702523411 256.5739976815194 136.637855247959
1100 196.7405546798041 252.8161732003856 118.8121557988196
1101 222.1789267445689 194.2366355244562 181.3214388848246
1102 104.4874705200308 235.6909592273005 114.8476070845985
1103 159.591319773932 183.7300521441352 96.91670541968095
1104 112.071444042453 268.0054179913529 106.5809651514135
1105 188.5884483436818 183.6308611041959 39.21506261026634
1106 86.62254574059307 257.1492036690361 95.44239542223278
1107 161.808075634274 268.7448089737345 111.4373749345512
1108 162.1648732899317 191.0767243062561 60.48332234312501
1109 201.5743529265222 249.0471492240123 128.9473607625224
1110 183.1216301055263 263.9788535424424 69.24215474359329
1111 205.9897206730743 187.6256119578741 64.41635647339879
1112 219.976535711485 215.5812884697243 82.05984881194753
1113 184.4875591481523 168.9044243998731 172.4036621950347
1114 226.2589218689595 209.5961605082013 150.4069902388216
1115 84.100486617114 244.6497326057808 87.48726212092355
1116 82.8028413417575 248.8442367038976 91.87351057059749
1117 152.8221660598295 273.7484529528055 93.44589729681624
1118 204.9689516900543 236.9596993246931 49.69412240178557
1119 159.037407110612 241.8309428993921 84.18441378161434
1120 164.9291446035966 243.6420621159217 80.12396648261794
1121 205.2004586196234 243.8236456187789 138.9531061062198
1122 173.1287330562685 260.3069854090308 131.0039096467839
1123 201.7853204611923 191.3863566769788 43.4394784496021
1124 200.7831823415928 253.8153120461074 89.30034221004355
1125 117.1504214808382 236.9679358228048 98.24869902134363
1126 142.2159124764288 268.4808822079621 139.3591177291011
1127 108.1278102432231 231.8957667312758 120.3654898102517
1128 192.5061396086975 164.5464215752297 171.2035837508236
1129 163.9151615058874 181.5045983452798 151.6682385938754
1130 178.781263992002 270.137597544024 79.822792598174
1131 115.1157156110795 231.7298779875541 119.2912723916047
1132 112.420329926761 240.813686385129 88.97818832009136
1133 174.3696844705651 264.2355715681305 119.0598320996771
1134 156.8492700944893 181.3013066995069 145.6132733776948
1135 213.8288914378597 172.2810223487187 171.4217198346348
1136 196.9906472821706 237.6385041724953 54.32961947005059
1137 188.1512614924121 177.1601068018654 130.0912223949833
1138 134.51184564372 267.9630153737345 124.8882260409124
1139 172.1449123792171 265.8680593770595 106.3920022022356
1140 189.3889931604809 174.0974712063743 87.61310288873393
1141 134.4788315241916 219.0957039983334 100.2318376571299
1142 208.3719723164186 174.2251548968241 109.6171486598098
1143 217.3136066289856 233.2591141811691 134.6620925504526
1144 150.1472851663247 264.5685812673407 157.6004466695827
1145 221.1965670117106 217.5148807924548 90.40679290038119
1146 88.04694037231371 242.606185308974 99.20412526241074
1147 85.05907964974276 251.8962669093501 98.80752463312942
1148 192.7054970076682 169.6994764575731 142.3797590089438
1149 191.2502204834727 247.7592103698823 174.08122778861
1150 167.9406392285713 272.7708132522839 88.60079594346651
1151 212.5966750542432 213.4358221865428 51.55462723484112
1152 148.8754055759682 210.3079782586023 80.25267799981252
1153 140.1286822606939 197.8412688311742 130.9533381421457
1154 208.6336121486076 173.9855392942924 118.5974999647785
1155 139.4466401058926 210.9770002060218 101.2336796983596
1156 182.0989041707638 183.8057868235265 129.4009537626722
1157 161.1206829555741 270.6602978558718 75.6260746884345
1158 149.8226833390208 182.0170589408103 66.60932951885357
1159 91.30131472539632 256.9138363677752 70.31795624774865
1160 201.3962203233946 182.3345159272451 69.21319829593477
1161 218.3345260684364 207.4376386165727 73.4259779286775
1162 213.2305513952123 238.4350730849678 79.89518999702854
1163 217.5740120770475 180.0722355491334 117.5772035891934
1164 190.9063410427001 259.4983603698292 99.46773811288443
1165 125.8255188794667 269.6342899830753 126.4096540402837
1166 180.6234045078044 223.2698937689383 69.69734741799284
1167 221.0215646415762 228.2715114365184 126.9713728806482
1168 195.1818814533779 174.1380727171584 88.74382327276669
1169 152.5244054331671 273.2395928207758 98.68136155844336
1170 185.0622614074321 176.8753346697549 103.0497618873038
1171 149.059797451283 268.4206129080828 79.69203075101052
1172 184.4977693949966 180.4304342252719 113.2047088730872
1173 183.1505275136342 176.9126446608421 54.55838189303717
1174 146.6488745560265 190.3080860950039 69.52240999508565
1175 99.36795075121515 258.281946047205 72.96003602695161
1176 115.9918663413665 268.4720274789015 129.8949264577244
1177 223.0357786714737 187.6490032577323 169.324449917971
1178 215.3403962701521 173.7835425755114 131.6060784465869
1179 151.6759255333897 184.343688490942 125.7073559297242
1180 168.9978031918032 246.9968368620446 76.93378518308327
1181 157.9056129344282 271.5890353978212 99.78323551195624
1182 214.239571173548 213.7364562272863 57.98355221086699
1183 166.9045183326268 238.5961912370679 79.30507303280042
1184 189.6389157835837 244.2150447177296 62.98852432622308
1185 135.0972584040017 216.5057995042591 95.57852174358999
1186 123.1987210592757 230.7849959694369 113.5208609329466
1187 223.8493402155028 222.0238208529431 122.3327720153006
1188 185.8476003515054 249.9139000906997 177.5884885718993
1189 222.5528554208509 194.1915669987389 175.2334883401037
1190 169.6973119780597 259.961150041349 162.1327833353954
1191 222.1153387960845 211.7243891387811 90.75373318705667
1192 195.3114403780258 258.3525062489309 68.79917202811222
1193 224.7911745171445 216.7086028482253 106.1155367757258
1194 206.1346588996958 232.7789582732689 183.2662962295167
1195 168.6453118895001 175.996370283691 54.27466805117943
1196 165.0450316814342 267.9876148419534 73.31740015265731
1197 83.29222916313462 248.7743678687274 71.18851432575009
1198 203.0010874450468 168.581882924521 142.0796858847268
1199 178.0508126896902 179.0514351007583 164.0504757602939
1200 188.3198793444924 176.0859781876869 72.39815971121342
1201 212.6921676047736 194.7913837276625 68.11109344385244
1202 180.4842316911846 218.2647428690491 67.98073979407341
1203 201.8324006805543 222.5584322504808 46.96072912707989
1204 160.6394140651925 198.4631185453351 68.28021900381529
1205 220.5900400900674 219.8736141178388 86.11215801737087
1206 120.9013791628846 246.5118128575613 89.59744712453889
1207 222.0875313243897 191.2444271997643 178.5734214356702
1208 117.7628152407185 270.3761747536606 99.6750667855853
1209 216.9374109294653 216.2946936781959 185.2157401997943
1210 191.2534497580634 179.3419005803334 57.22508669204569
1211 152.229365322045 264.8224891262167 138.2638565036845
1212 155.4750916451111 183.1844925740399 139.1741421623701
1213 145.1898082220646 174.4571421057213 79.68014356094974
1214 140.6229175594985 275.0331638858311 97.04746669997593
1215 181.6491997343432 227.9201632537705 70.1693881380768
1216 148.4273282902775 256.7428050862825 84.40203549701995
1217 228.0443960859234 192.074273045058 136.0972890841129
1218 114.4366147821559 238.2342045299819 103.1518071378643
1219 133.1046496681277 187.4783004785865 146.0724579404278
1220 216.5546361540265 207.2742731976813 193.116477453882
1221 164.4412393449968 179.2823928306025 166.8434900535222
1222 204.10393190268 227.4945207983843 198.9615682768145
1223 193.7240997480206 239.9623368551749 197.1319496361361
1224 126.2592983307988 266.5506227446986 148.3549580872311
1225 140.448024724723 265.4922882712556 170.225836507914
1226 96.42383749536521 259.8541849080216 126.0698498847549
1227 166.476633279464 254.2473293487705 196.7603116443248
1228 147.8399655204237 174.1781387366273 158.6156325743291
1229 110.7199316968314 264.7542916398443 142.5693967179104
1230 133.0240832060591 266.4896198480183 158.4353133133183
1231 180.699363146097 247.7746967474874 198.7853547836481
1232 215.4356057703359 184.3524990775388 191.4065147032918
1233 81.66689168691735 247.1564923241492 115.1863700359644
1234 105.5500048779294 220.2063275388271 128.9169138056179
1235 111.8681141259284 211.7275156394298 136.520938447052
1236 121.4937625704101 199.4598110799407 142.8527455999296
1237 88.58018024624677 226.7870534636417 120.5408310202897
1238 181.9877671689365 167.965914250775 181.532336600839
1239 202.4497668247338 166.5708399728547 186.6379086080926
1240 82.49905925345334 231.3902473247744 112.7446057866127
1241 154.4781735865753 261.930845873673 180.7257557370207
1242 154.4223659543297 259.4881058024411 188.3934338780684
1243 148.0877877027631 260.7201670672221 185.2057288854308
1244 149.2156677969614 259.410594830092 191.2063203356526
1245 142.8429892171915 260.2287553958654 188.5882456306047
1246 145.2105907413392 259.6231843383396 193.7760598303014
1247 141.1601732843888 260.1692110239952 193.1855677800316
1248 142.6863316629407 259.5162286355011 198.715799971522
1249 137.8510981909862 260.0889028192185 196.0646086835018
1250 137.0860777473875 258.9492168956141 200.6788420389154
1251 131.8221745301112 259.4104997236192 197.4148110249911
1252 140.1237422177568 257.0456852130607 205.9649099836247
1253 147.5463050029052 258.067502343417 203.9350950625783
1254 145.9239728419568 255.3712261825255 210.0898200373113
1255 140.1462283836091 254.7986127506321 211.729157801468
1256 143.8338923608637 254.0475044350171 215.658667185636
1257 137.1904084530608 254.7837792429237 216.3916331825312
1258 141.2869634334619 253.6604476761036 220.7490411553509
1259 148.3275812044654 252.2586418643881 220.9529248636141
1260 144.5968310738535 252.3720510297894 224.7015297117795
1261 149.8583413903933 250.1130440121137 226.7582944151356
1262 144.799547050224 251.1633676175226 229.5236211429565
1263 150.1039464155382 248.0740024930585 233.5025368077754
1264 144.2912205127827 248.3062568841099 234.3189088581258
1265 146.8413179255 245.5412702776655 238.2317384511758
1266 140.7714418375341 245.4865960620064 236.9230574080276
1267 143.0237739763278 241.548282078946 241.5571714994693
1268 136.8243729075022 241.5267048141787 239.3835355707834
1269 150.270174633099 241.3890522166264 242.5482397798649
1270 138.9975735848917 237.6953326991629 244.2941168369326
1271 132.888267921646 237.421724043228 241.8889984414834
1272 135.1314329749569 233.5797948485692 246.3650912712534
1273 129.6598665894419 232.583892924612 243.185105209976
1274 132.1223194522144 227.5462694457314 247.2209885586805
1275 126.6030209050382 227.456782838176 242.7038145663736
1276 128.4620889948566 221.834129254496 245.3014975857502
1277 123.2851188705706 222.4511768607333 240.7733991227716
1278 125.1135202347822 216.4404892868829 243.3406197628127
1279 120.040165398777 217.2433770340648 238.5274274975602
1280 130.8091725419118 215.4138711164571 248.0907372180859
1281 121.2275719697912 211.6421513381731 241.2577048921185
1282 116.905969014463 212.1099771464881 236.4364081157217
1283 116.1409843614499 203.2675616540485 240.5241838508067
1284 114.7809726528141 217.8234928054193 234.0560991180578
1285 155.8433312260624 246.3830437128707 229.3474099823231
1286 111.3339958723968 212.3240140147067 232.2249074794532
1287 109.0527680041627 218.4273426839031 229.8120799144378
1288 104.9232185697759 212.8943808516703 227.986342970325
1289 102.754640959516 219.7188188538807 224.6584736486386
1290 98.78366466841624 212.7400891061861 223.552833979285
1291 96.29133142334349 218.291873600168 219.5161443635417
1292 92.94892092763574 211.9903931750161 218.2718700539684
1293 91.53666129221963 217.2063179049171 212.5565190883304
1294 88.8717571595611 210.2799943792852 212.7033726451661
1295 86.60521583814277 213.459275499855 205.6813480774769
1296 85.85445654598689 207.5179867264931 207.9450425267322
1297 82.97766989775371 206.5458748275315 202.2033221658135
1298 82.39710889626622 213.0167107281106 198.9577468941309
1299 78.83755994364047 207.6092540093742 196.1200868573002
1300 77.59945558247784 216.2887450560541 190.2723758097614
1301 84.16151127233967 202.6275950780589 206.9575096406192
1302 95.45018948418327 206.755675078132 222.6664776490973
1303 99.31329663206657 224.4672256843719 219.8123337023288
1304 127.5223094456678 236.4177180411189 238.5281457303318
1305 141.5884767524172 233.3475962740825 248.1353368834239
1306 134.7994146513462 254.2444441508666 221.8556770561416
1307 131.1300886035295 255.1366602257565 217.0269061587683
1308 128.0593505718227 252.8974943152161 222.3957177037248
1309 125.2375543789174 254.2514569179192 216.4483259445495
1310 121.8847827359424 251.4813629766463 221.13479984241
1311 119.4565532597461 253.032692799599 215.1056238527435
1312 116.1475094920737 248.8675590879595 218.7442640537359
1313 113.8837807100621 251.0921615383976 212.7328794809821
1314 110.7011976577724 245.9237570319691 215.4441409854579
1315 108.5706270473198 248.6579152302186 209.3727986004297
1316 112.7248965764913 252.4992828954071 206.2381724345668
1317 107.6453695588685 250.8544574611428 203.0755622468528
1318 103.5382321089074 246.3344694006822 205.5890327537403
1319 102.8484255546576 249.0074873096084 199.6143806143007
1320 111.8398027574974 253.1547172981511 199.5732009546507
1321 98.66116601582598 244.4608465485577 201.1012707461342
1322 98.7174200978763 247.1458030405292 194.6437729593206
1323 94.05522049613428 242.292464123797 196.1566127017872
1324 94.27892248250257 244.9509982121269 188.0178744471261
1325 100.3962210902185 249.2602447787434 188.0026078916513
1326 96.99746279598401 248.3041015656477 181.9120378103319
1327 102.4263529556169 252.763632295067 182.6921196771063
1328 91.79074688644768 244.1556131399736 181.1398631760425
1329 93.65553409942733 248.307695352663 175.2532177171129
1330 88.52782797658921 242.7621822699518 175.2543482696419
1331 88.05587935866492 246.2340718094164 168.7770201358015
1332 84.49479540366178 240.235614758326 170.094540823613
1333 84.14130639978752 243.1068895469687 162.7744483898228
1334 80.92654146787541 236.0168830588618 165.7214342909035
1335 80.16844723249775 237.2659184798161 158.5188601963889
1336 78.04535624260922 231.8796830122987 161.3912346753828
1337 77.17741540828106 232.4083219185467 154.110259308416
1338 75.20974475790696 226.8858653832576 157.5853288084446
1339 74.27242668292433 227.4737923296656 150.2367171126423
1340 72.49380672243294 221.6929442529674 154.6546696474227
1341 71.13759324463393 220.3970318165437 147.9618880490012
1342 69.79299600123831 215.7461709626077 152.4571978296224
1343 68.68518023091688 214.1787667375778 145.3407331691382
1344 67.6186772376287 209.4374596576692 150.5573189720263
1345 66.49838882254831 206.3803814815957 143.424916487706
1346 66.47317698201707 203.0641097140215 149.7236654264241
1347 65.95264613882048 195.4503618218283 142.4815953329895
1348 66.45125862599134 205.618117742068 155.8554300045639
1349 65.76507151220751 199.2358019092106 155.2490154351291
1350 66.60237558444972 212.4631981122389 138.5706051093092
1351 71.64928091931326 225.5517929573485 143.6320487505504
1352 79.03239392214485 238.8652103679933 150.4030912574011
1353 66.10277517325267 201.9412432664765 161.3508327968197
1354 66.2866601896777 195.3957407865281 160.9390599006713
1355 93.1055117107244 251.6638225014921 168.1926791842276
1356 67.37273723995885 198.691780744631 166.7911387823476
1357 67.12393421166357 191.4831519663727 166.6608405585426
1358 66.24989540744946 188.7030661736328 160.5448602824697
1359 67.15905271034657 184.3477887021673 166.3181820767917
1360 67.09512967910517 174.9284934597351 159.2283345883725
1361 69.01618853280377 187.5482513720658 172.1786987358877
1362 69.42531314106684 180.4462937157171 171.4733224177885
1363 71.10160134252469 183.8307868907479 177.4939810186877
1364 71.43883096428758 176.7643597740847 176.7819353491043
1365 73.06266460650188 179.9195501695083 184.0181833704087
1366 73.00822161469762 167.6973652543748 182.3099618445418
1367 67.81660076163548 205.5694918788397 166.656548202071
1368 75.36520118114524 226.7998306209016 163.7865503721834
1369 87.56899330106066 240.0263855279944 180.5784186750483
1370 70.54167535216247 191.1378320919322 177.9418175493586
1371 113.431115036594 243.0025935804641 221.2065180127518
1372 95.34664225551822 238.639849925142 202.1032446748575
1373 90.74491548403364 236.7323028268429 197.1863584630802
1374 107.4664113811169 206.9258178134889 230.857430423903
1375 112.9504760467386 223.8214409856745 231.7777648711224
1376 152.4963542934576 255.8009597406937 208.0721967753852
1377 65.99490989770705 205.8827682923996 135.9398931456603
1378 66.353803696336 210.838369196291 130.9674450219212
1379 69.58963093546981 204.2268452510895 129.4943182300816
1380 70.97904708866783 209.9641475668219 124.2414945224325
1381 77.03056951227865 206.081987346382 127.4450192927593
1382 67.37976666530021 216.2297978107369 125.7748346966401
1383 75.83909563843677 200.2566302832675 130.8130029143671
1384 82.25987087771789 204.2391592695712 132.8185226706096
1385 80.42421375915754 197.6990211763601 135.5411573332731
1386 87.47318559680942 201.8836462012255 138.6187118846143
1387 84.47416931931973 195.0868245369163 140.9549626378338
1388 91.11668485224821 197.8649596184516 143.7653451821614
1389 88.48690147778375 192.1242927665794 145.86942099096
1390 96.64256218069004 194.6523274632548 148.5684353678192
1391 92.22203020726194 189.2824227373345 150.3447656416215
1392 99.09881596590034 189.4646887750478 153.5111360693971
1393 94.76045278274056 184.8115085641151 155.2455515175132
1394 102.8777611736864 184.3175061219461 158.5631034872019
1395 96.54908689750914 180.6278806142747 159.8041529709288
1396 102.5769714283568 178.9887126895146 163.6036319610073
1397 97.21574627534598 176.8207004061194 163.5278761417323
1398 99.81784488711233 173.0571587443051 167.9369543492784
1399 108.4316248181309 176.2126926602588 167.9077185921139
1400 105.4338593376068 171.4303744022336 172.4998298551471
1401 112.5331371252808 174.1278998761648 172.9815994637096
1402 109.6136320242423 170.7710742761097 176.8201199938872
1403 115.7865340952703 173.393677583436 178.1957916645554
1404 112.6268037463654 170.5485021249382 181.419094842954
1405 117.8920819654662 172.0652697592632 183.4384395980134
1406 113.2582647113628 168.8067529050371 186.3979391791521
1407 119.0425302290742 170.3513371996546 189.5038574289583
1408 114.2980044602966 167.1255297848123 192.338620130454
1409 119.5961579746992 168.8415535196268 195.9382289091674
1410 125.3501238993016 172.2493463136507 192.5940733616141
1411 125.4421576080592 170.5091529251497 199.392318523405
1412 119.9190803367185 168.052842595423 202.2126557762745
1413 130.5658673735736 174.5232867313451 196.8711872880559
1414 129.9053518995388 177.2929807922962 191.0141333862902
1415 134.8743239117192 179.8820839543182 195.3258211715104
1416 136.541966751959 175.2895785912187 200.1184048927589
1417 141.7429455055356 178.0672204870598 196.9838954296366
1418 142.9319433911525 174.3645751870583 203.3031551812653
1419 149.4414275440233 176.366404665867 199.3470060588176
1420 148.6415158303032 175.9559491780053 207.8964738495247
1421 170.157108742792 180.7392025170705 174.2839893252568
1422 142.2943509597131 174.4617203439277 210.1079906548865
1423 147.3677057384597 175.5237523743527 214.5129319424562
1424 154.3204541671108 176.0252276199785 212.4595525712691
1425 153.4303979212465 173.864375478657 219.2028176968125
1426 159.6664471725513 169.5299041562014 219.561139190334
1427 109.145747376378 164.9850722354336 188.6777960731525
1428 140.6672596259738 182.970048401738 191.495646648244
1429 99.01856706784451 167.8858342859011 171.9634465352059
1430 118.3622852754341 177.6691044181707 174.2200887277511
1431 137.8628798587718 178.7416539990716 151.0322001825304
1432 145.421790765821 174.1313178764939 221.1354656404152
1433 110.1142720811498 163.6077082015096 195.5614307765068
1434 105.3968920171435 161.5910034276955 191.2811558473196
1435 105.626477867101 161.0663108778754 196.9966616926478
1436 100.9878765586656 158.7235006975617 193.5450172536694
1437 101.6491866302755 158.646732944608 198.5647175703561
1438 97.07206677448842 155.768402421457 197.1210124111776
1439 99.47916505865678 156.7793531654119 202.6381880163607
1440 94.13680425292233 153.4077787884894 201.2809499152164
1441 95.72079073129112 154.7420982926912 207.4657729283249
1442 89.7619427148703 153.1108035735725 205.3956482557685
1443 90.97476839429854 156.4698224486667 211.4776557275895
1444 97.68815514886695 157.4188485420597 213.9227610091287
1445 93.19142312693036 161.3628516386408 217.1394672346112
1446 100.0559915894093 162.1893610687123 219.2896839023882
1447 96.48194031590657 167.9864275990242 219.8385933242433
1448 102.3672160722685 167.3922159712708 223.0688562514011
1449 90.84230170788518 168.3797678348775 216.1000845018016
1450 94.67236574802587 155.0548951760933 190.8310213901081
1451 99.10291935759358 172.9918968864819 223.6114103503861
1452 103.9865564609283 171.3387837141242 228.6693676708234
1453 108.1039225900837 165.8791021645971 227.3645278862874
1454 108.8032013140212 168.8371941498592 232.8745744742818
1455 114.0574309170695 164.3007334944921 231.2980481637558
1456 114.7361899345738 167.6139436748872 236.7302899821383
1457 106.0485531940547 175.5424186896855 234.6088662556466
1458 120.0143025556472 162.8449361720968 234.8184700192324
1459 119.6515035492138 166.1144893314334 241.2006491018662
1460 120.1507682607462 162.863915355881 228.2102576376575
1461 126.9267890422763 163.5137849081728 239.0888705791941
1462 125.0582101348015 165.5252993568748 245.2894602916618
1463 132.3202462023052 164.3912437913709 244.7798907608008
1464 130.5046033555134 165.7512063222805 250.4377997205488
1465 137.5169975059981 162.9776570082314 249.5570330293561
1466 135.1283481954404 166.680612936364 254.8631607571606
1467 142.8971886917295 162.5013156076532 256.8389498130073
1468 129.1493006748383 169.4815420914485 255.0232265902297
1469 134.5673675097277 171.9823552556841 258.3239013375609
1470 128.4853284310658 175.5608974404282 257.533526993531
1471 134.3572794795106 178.647071336013 260.2324281603196
1472 128.6386647184473 182.5883839730051 258.55850720541
1473 134.8055007540512 185.7712734921454 260.1741015476621
1474 140.5979799654185 181.9654649281437 260.4944825679295
1475 141.3329638169746 189.0296619555996 260.4693550320962
1476 146.7309547691044 185.1680617011901 260.4993940870879
1477 148.0752726318774 192.1128507129871 260.6125814468942
1478 156.1937536773073 187.5596697579627 260.9044127615592
1479 138.9582047045245 162.1582861084265 242.8850991970762
1480 135.4355044328504 193.6221698420692 259.0106175596277
1481 92.18415612841305 176.6858755946076 160.5668350501372
1482 86.27464898367502 186.584262036851 147.7279601216557
1483 123.215237875827 179.5459787031658 254.9622665894228
1484 123.9176733492894 186.5091527691686 255.0051823231726
1485 118.5958489752138 183.7015528090332 251.4673247744145
1486 106.8300627291744 189.8045176577689 154.7909816619292
1487 88.38732153554551 207.914326707053 134.7783751174479
1488 85.44119619427492 157.3439939166079 207.3645545456469
1489 84.6106574922434 153.6269014790813 201.5127431144077
1490 81.88486502273088 159.3879641415919 202.0115698151862
1491 80.05996599874612 155.137285083063 196.6386369961648
1492 104.6244669155168 160.3199875081864 214.6975850356584
1493 149.8994942078392 170.3263980275839 224.749143763544
1494 125.6366186797321 169.9590544477507 205.9179962140063
1495 97.89998704018743 199.9494151194339 145.0330535607453
1496 78.14420689298323 211.6776085526201 123.7861100434172
1497 143.2845412425774 170.108289063283 226.3637236805759
1498 89.2306910561004 219.7980705645103 206.3943529524987
1499 175.9130480056639 174.9882924640949 185.1477804099331
1500 120.0786005262305 167.9185482805212 208.7944787077141
1501 125.2333269116703 170.0376348644142 212.5276913725156
1502 212.3477423573231 174.6124918159969 186.3625188128568
1503 212.4870690301008 214.1009896409352 196.9678381611058
1504 108.3319699088464 240.1008538057935 217.6528910390398
1505 81.19578879000885 234.5855841223908 172.2842795304541
1506 69.72133717978465 173.3209927093937 170.8080157942302
1507 147.4393790046931 164.7030563078973 228.3140075335355
1508 78.71250217976248 161.9050102098343 196.6330846306133
1509 81.15592812203552 166.0697782591851 201.5200833897281
1510 78.25675273964073 168.82600969084 196.4440607372846
1511 80.59206971128853 173.0071915502721 201.3043525417841
1512 146.284828456024 178.178982519531 260.4848009927986
1513 117.6855635475048 266.4753379742318 140.2320148528861
1514 123.7176539734311 254.7508295548271 210.9952700507625
1515 119.9756712009927 190.3146562713981 250.6356556452479
1516 114.8628032069886 187.5832093306854 246.8706167964572
1517 113.9629441247003 180.9363036526605 247.0513073093023
1518 110.5918985641868 184.7470122710579 242.4880289402729
1519 109.9501457980795 163.3001595294036 201.5901930497102
1520 92.02144333344837 257.3243262502622 120.977606784
1521 125.0283881210945 248.2199785532901 226.5859492088054
1522 138.3643878364164 173.6545561919984 222.0929371011212
1523 136.8476317025524 169.1268775441888 226.8826762948784
1524 76.31305858788623 158.1069430724541 191.2085665901339
1525 77.26366154997356 175.7131057555573 196.5376738041775
1526 79.70626692917692 179.8554567599575 201.4830322413638
1527 83.36464824105585 177.4412968158733 206.3907789441407
1528 82.22093279276366 183.9674379444251 206.6671338729322
1529 79.62240635878656 187.0097326157164 201.3227741910574
1530 86.27937533215058 180.4573658688953 211.5391609415823
1531 84.19640081727874 188.1678320451841 212.0175526250889
1532 88.14094149459694 185.3781326140033 216.9618145985971
1533 86.64937452163196 192.0402246003162 217.2337629075843
1534 91.31772481260313 189.6286476893753 221.7606200821181
1535 69.49053029275623 202.2398856325133 172.3850053900939
1536 70.38889363594133 209.1408038501925 171.8847321323767
1537 71.90063080064017 205.6942244754565 177.9185304337028
1538 72.80672187982188 212.7668073409899 176.9337693283153
1539 161.7119213686313 257.5507390485616 191.0185253053678
1540 68.80969916430159 212.5468400240786 164.6880799853573
1541 127.544377601114 191.2593617912459 147.0972931920242
1542 127.6643630036862 186.3776682826149 151.1025982239135
1543 122.3744511649547 190.101565222307 150.6115267789118
1544 122.1515815566083 185.2251032526312 155.0047525801858
1545 104.2042378091161 163.7869608608747 184.6996619662441
1546 136.3687460166691 266.4390766129274 164.4694899816553
1547 130.215051367548 266.3790561060389 165.0961152789855
1548 208.1077527202282 221.9822723064637 198.2918437825066
1549 204.7791650042118 223.6915591335864 204.1175337130318
1550 207.6193548627742 218.3077797579675 204.2271641974761
1551 204.3299236023971 220.6055844927125 208.5639356185565
1552 207.3113739454442 214.4693930781662 208.7890560781947
1553 203.5668605523084 217.3793156550128 213.7202448649684
1554 205.9108797506852 212.1413673849539 213.7363920556967
1555 202.3359264858529 214.6186488278211 218.7480470299862
1556 204.2432981176945 209.6231340412033 218.6197698658618
1557 201.1685773680145 211.3109090439093 223.4535330966805
1558 203.0242070845532 205.7257960302904 222.2642429216828
1559 199.9597052376213 207.1579220609779 227.3158166752915
1560 197.5492117642737 213.0441231616898 227.9288121166643
1561 195.5621391373288 208.5020174965992 231.6935894993703
1562 201.759078986031 202.0556632610486 225.5451162511095
1563 193.2552168171349 214.9879225487335 231.6447953490767
1564 191.7227271315509 210.9155632658509 235.988564505811
1565 188.972803553057 217.5638515013999 235.7734811700093
1566 188.3988163089163 213.5733310888195 240.2982084037395
1567 190.3542854434871 206.5569456347219 240.331468135557
1568 190.9041104021733 222.2307887874087 229.9185090533797
1569 186.9124060479434 209.405653573762 244.7430122234985
1570 184.5148065015275 215.8493473823498 244.4036634682455
1571 188.3573187552033 202.8429931054957 244.7455796594043
1572 182.4936612260875 211.7287336246373 248.4200976748468
1573 180.1058276249904 217.8575090764415 247.8945387918177
1574 176.4981677620285 213.2520153507801 250.9407421192697
1575 204.0407250742674 199.6398038211683 220.9722591655079
1576 201.7024580422604 196.1361518500615 225.8254223690748
1577 204.1512393040136 192.7482247240976 219.6446098803965
1578 201.5107276661756 189.2860930617068 224.8659725401354
1579 203.2609979788008 185.7651927908218 218.3749646741322
1580 200.3116132693027 182.6268283065503 223.8622404334401
1581 200.9409159767569 179.1835215970745 216.2947135620806
1582 197.2900208690526 175.9401413235441 223.0873247946393
1583 196.5727797667102 172.7730541219516 216.4308979678012
1584 196.3597290152488 179.9608019306932 228.86452531177
1585 192.8176953872218 174.074416684408 227.6515200991512
1586 191.0789493990205 178.6830316501306 231.778258667669
1587 174.2503173566863 219.5141253755402 250.0547014582971
1588 178.0086211213109 223.9493245311166 245.9729138670925
1589 170.6462069659106 214.7587773915344 252.9087551968339
1590 172.9819565439935 207.6494181142157 253.8647726902427
1591 167.9201371543073 220.9195761681618 251.1504554607844
1592 164.6123548093761 216.5511378513322 254.8007449843686
1593 187.707756213608 172.9561110159073 230.8060476504216
1594 186.6401600278301 176.9755874386115 235.5286469042977
1595 183.3953660926018 171.8946200420301 234.9442466280001
1596 184.0192143536816 174.8229144531615 240.8155000028783
1597 180.3965858851309 169.9939962402918 239.5305738427377
1598 180.8974543042376 172.8922281908694 245.7619610745096
1599 176.1558888618497 168.4925602586987 244.1817245300612
1600 200.9263904917536 174.2775721527483 210.9097950471521
1601 196.9169675842798 168.090710513784 209.4767954893716
1602 176.1515687503277 172.3294021154607 249.912852096747
1603 170.9844607043951 168.258215750267 248.0566544637019
1604 180.7445539380774 177.3156133725923 250.8051285923958
1605 170.7728219209863 164.9918287138522 242.1264522317834
1606 207.9915477229172 196.9725464658974 215.2732927463631
1607 191.9184975871578 166.9618780764734 215.8389332845221
1608 190.2717362007015 164.2604738293646 208.8462663771806
1609 185.7123205368943 163.66767021587 214.6925042056458
1610 183.6255422063879 161.9942887849948 207.5906017828011
1611 165.6434612644191 164.4411432040013 246.219391617656
1612 201.450534688399 225.078727724033 208.5981395599352
1613 188.2872329497246 162.3719623613173 201.9876237628409
1614 193.1271782166338 163.9789875910504 180.67398848684
1615 181.2704404089895 162.6220686975679 200.5638013597512
1616 177.1321553877453 164.0053823378536 205.750559417286
1617 165.9556866009231 167.8884056508171 251.7777344364304
1618 175.1432950152776 177.4435838465041 254.146833701924
1619 179.2025779023124 182.9076324463775 254.241205601036
1620 185.2342453328185 183.7962004307813 249.1184765140572
1621 161.3638582827675 221.9343483423185 251.9284232092458
1622 157.9716394236752 217.7631228441787 255.9458262900242
1623 165.2875654106423 226.7155204781208 249.0605201294293
1624 160.8416763505003 211.733050705179 257.8684522208608
1625 153.9101312409901 212.5776612512783 258.1326390730969
1626 165.0200184695785 161.7982223347483 240.2924098992943
1627 170.3110116957844 163.4378742616689 235.352341879572
1628 159.2248838824738 161.0529220508775 244.6391972648827
1629 202.37072993658 170.6446024303655 206.5000798224303
1630 191.0917854686202 199.6435677343784 240.1969924384983
1631 206.0958680312922 175.0421478558235 205.9665214270792
1632 151.0320029834739 218.8029709726981 256.286619475551
1633 147.2066536586198 213.1243900177353 256.653465475401
1634 173.1875098862327 183.2414186392054 256.9003608355504
1635 176.7919492905864 188.7755500808339 255.8005500842286
1636 199.6321728849762 220.9473210851889 217.8288367402171
1637 158.8511796121728 227.8199795020072 249.8778506048592
1638 162.7423355916869 232.5228211467202 246.9728569209599
1639 183.5798143618004 167.6594821706363 229.5023285289433
1640 163.4698208439137 160.0874362195031 233.2234041858178
1641 170.0446653719101 161.3422041998421 228.8582918440422
1642 179.1792962793199 161.9446942833144 213.0163202018423
1643 156.7724375042499 206.5437265751547 259.9017555769668
1644 170.9192736812539 189.1906201889722 258.5585873486049
1645 175.8756095549975 166.9844292859643 199.5977470460472
1646 172.3485262651005 169.6240530069524 205.8872000680659
1647 198.4730425848388 193.1997157396786 230.797847941781
1648 144.2836776033432 219.1509890687765 254.4425290298664
1649 172.8949874731059 172.9294714864129 198.2469514004735
1650 168.2173375800593 174.928013445973 203.0557641127142
1651 167.8488740978852 176.9873915797299 196.5002912888347
1652 185.6651585206673 162.2292103093895 195.3906098618324
1653 192.5047923725819 163.6127047929222 196.5187920419087
1654 205.2206190572145 171.4937758083346 201.085853709296
1655 143.5017521991144 159.1494896769777 246.3145011888306
1656 189.203302383144 182.3516908597553 235.8857817878103
1657 110.7536898234794 237.3517603086805 223.4680066137734
1658 116.2359613115687 240.0307937161026 226.4920622751608
1659 126.4865243990934 266.4743654668007 160.0100633531036
1660 124.2370458981095 265.1473075383817 166.0923233824427
1661 119.8787595459249 265.1040599321282 161.0197143641037
1662 128.5608601025152 264.4085675695935 170.8910819077095
1663 122.6661902758357 262.2631164817559 171.777895763268
1664 127.2605252729168 261.7435024898536 176.5259406016953
1665 120.8622232361368 260.6562567524225 177.8234461467368
1666 116.1293812898069 260.088770051566 173.2308989727607
1667 125.593111110018 261.4346160920497 182.7707106826624
1668 119.2733984190157 260.4126446191423 183.9322456351756
1669 79.64940267781512 201.8471618298124 197.7257187848617
1670 75.62928801243999 202.2537926018353 192.449663375828
1671 171.6386111374053 179.1495100683337 183.088758396147
1672 165.768709327192 179.9930998828499 180.4782546249083
1673 112.4952712946796 191.1423402532384 241.0810090711234
1674 107.8691747888767 188.6930832199108 237.0053242819119
1675 185.2807301460929 223.4456115949207 234.911446705944
1676 186.5916530855802 228.0851222500741 229.7063075635275
1677 181.3512302554687 228.760577891058 233.8492602375337
1678 182.7275276815657 233.0021869889417 228.7194180157462
1679 177.5694554631135 234.0014866655667 232.2013068858457
1680 178.3870934684705 238.0623900981356 227.353435655483
1681 183.8272198251052 236.5780929716894 222.8189121907408
1682 179.3237014128979 241.1697438031396 220.67589834077
1683 184.6707976643723 239.4372857173591 215.7627793711321
1684 173.6908753632827 242.5511384111877 224.7782656302712
1685 174.5042473737357 245.3136290592892 217.6959193958953
1686 189.1063200972882 234.8298315856193 217.4092769527132
1687 144.248068864329 158.4687612179468 239.4576873261902
1688 78.47404478679532 236.8888756016161 110.9070192038238
1689 76.79066081606842 231.1769568119255 115.9932978582415
1690 188.673020319761 195.9011368740285 244.7320205385447
1691 184.6144815129448 198.6491092338199 249.5391711306114
1692 93.35204513177464 171.0982627724865 165.2157052899025
1693 88.85290308104346 171.5555464942746 161.16452391134
1694 88.85118292057155 166.4193189175557 163.9895283260369
1695 85.28411539599107 167.7192812649322 159.0261111781248
1696 85.84486205795831 174.365918106406 156.1670250567249
1697 85.01438400504358 162.3144846275244 161.3388328654387
1698 88.15886981961552 160.8360635020288 167.1440667327338
1699 82.4090363325701 163.9830570082862 156.7855093682079
1700 83.51309042368894 155.8525100950172 163.4255572261902
1701 86.05413718338615 155.0526129700528 169.8977947752387
1702 80.47956350889689 151.9152685431388 167.310286377621
1703 77.84372241870484 153.5576361515304 160.2686347386229
1704 83.34197237085132 151.6406594249787 174.3001031849061
1705 73.31807019818616 152.1344534943117 166.2584263321519
1706 70.84534686488617 156.2387096261424 160.1824937692022
1707 91.70455594676352 159.7011433403482 173.439819597171
1708 78.89552181364216 151.6102511152756 190.5659373844267
1709 74.99370685366316 154.8940682977563 184.9856503419967
1710 69.54032396202066 157.9308095472934 167.0296540819385
1711 68.05729168166319 162.7155993550021 162.1156686756324
1712 168.5637678006831 246.3168619847387 222.2973553000357
1713 167.7926555844181 249.1906174129722 215.6746875176939
1714 168.1617927724588 243.1780396996415 228.5826068749161
1715 172.6524028331853 248.1869947606928 211.3360793072138
1716 189.4664128858832 237.5156630936934 210.5649694378315
1717 184.2374752417126 241.891546279346 209.4830007334461
1718 109.3567179356619 185.3882285588855 158.4891881638281
1719 209.3544394044825 208.4585856141593 209.3728544259101
1720 120.354104577087 170.6455850864608 246.626436065355
1721 187.2784702453638 243.4221192854998 199.779126999809
1722 92.54437035578476 232.7791027140996 202.356384225037
1723 87.73828463464039 230.594766784892 197.6382314120196
1724 97.2124454231423 234.3119009260321 207.4690201859925
1725 168.9868910416662 177.9778896851032 256.6858876112777
1726 174.7538379346579 195.3460801518433 256.3094527423782
1727 168.1057899960771 195.0128585873752 258.8556876725355
1728 73.56997256237466 156.1503263332652 172.4758712543072
1729 125.5252113445695 192.850890067836 253.1487785715123
1730 218.2530586718107 196.6799714498902 191.5173495161798
1731 167.1234726429655 173.1762762053114 209.2026431527691
1732 142.3771264735334 261.6917076708054 182.250640177128
1733 148.3094187568458 225.4987063538552 253.4504947420131
1734 162.5214623639474 177.112447910481 200.5671215204219
1735 162.4279102847644 177.832534017392 193.4906221581045
1736 106.1494016771204 252.8146254431821 188.3676202745606
1737 121.7018605541664 228.1546389838447 237.974606611168
1738 119.9611043786575 167.7756856899156 215.4602661214392
1739 125.0622708611376 169.6090688025014 219.1554292877185
1740 153.2202751990255 164.5144499076987 226.2870233352534
1741 151.2172377022347 159.0330158394505 229.3741663163535
1742 109.6531188093219 195.6026307736029 236.2552654929242
1743 105.1800505988153 192.3654511964839 232.4428331334446
1744 169.3216145173967 231.2762098304219 245.946801738364
1745 166.7641387644063 236.5956188718978 242.8464344896852
1746 127.9066210031594 181.1603360701084 155.7696289220136
1747 123.1273352038808 180.6813656784148 159.9293359225848
1748 128.8885755786067 178.1759572651617 162.9075321875436
1749 166.6210728200578 251.4033648614749 208.9923984103222
1750 66.97567563321783 217.7767758012296 133.8708050593947
1751 68.82824759604253 222.88198225543 129.4681299154551
1752 69.94807600793212 221.4546943738875 123.4208491240399
1753 71.49524265848096 227.5235695230747 126.116994827774
1754 154.0851423776827 257.1978206649028 201.7608509252368
1755 103.8715179075098 186.2936133670181 233.0242436144633
1756 89.23312340596134 249.280687119718 162.3847669653335
1757 95.24891908936631 253.4231109523077 161.138882177592
1758 91.70654041587883 251.4844769802147 155.1488900523301
1759 97.23747462240328 255.3960463102227 153.3342712963897
1760 92.8463248377725 253.5425789691121 148.1606378116671
1761 101.2969088945706 256.6972118125826 159.0853259984241
1762 97.31085371519319 258.4864795005298 146.4970903868686
1763 92.54039741456617 256.2940516976346 141.9130578594297
1764 88.43461656279567 251.6128894304402 142.8481005765933
1765 89.03331661757259 254.3834987718842 136.6919130888404
1766 85.02285833578291 249.7103213962167 137.0789824964295
1767 97.28469344794267 259.4696743065456 139.6555218926752
1768 208.6457492584336 177.1405836147914 200.0911740216172
1769 209.410502235929 181.2364054670058 206.7552324851164
1770 92.87440258221478 223.7743282710319 209.9460901272777
1771 71.70145253995355 228.8032276725276 133.1345973141424
1772 74.5560732560641 233.7107833889751 129.1488777319706
1773 75.56606676158013 234.8044974814117 135.9399643532159
1774 78.20744604555389 240.3661261294332 131.8311506947275
1775 75.39143474267135 238.0938576588638 117.3207161449922
1776 86.5808252751639 234.5086645236851 192.0767340291046
1777 83.5146676250299 228.4682979035429 192.2499048641099
1778 118.5297566691998 254.6604496271478 201.472700485977
1779 134.6833908094155 245.4032963553456 234.2618606779863
1780 108.4950929759914 257.3602888861296 182.3537521367971
1781 104.5265583401036 256.6071937039807 176.938989684284
1782 79.1944361028402 191.8288031297422 137.6720256967727
1783 103.8650442775324 226.038674870776 223.5844836284245
1784 76.90709135071258 196.2706681538115 194.5273604719902
1785 73.99043015519338 196.3582482947589 189.123285869072
1786 75.26547006859244 191.9719879352972 191.3576470464021
1787 71.90272247699045 162.3727906773437 172.5508436273426
1788 162.1605684026307 249.5881904441768 220.1300473761592
1789 92.99164923354323 182.7907598733153 221.1279327026555
1790 84.4924203390749 246.5721463364148 143.1004087322089
1791 111.1614992799683 204.5448472018509 141.998824246495
1792 102.4290167649431 197.1941925232876 148.2158457829976
1793 107.1731577918812 208.0692948794142 138.8902631225331
1794 124.2662421653596 260.6478735216401 189.0529538412352
1795 130.8525812797513 261.4624627019506 186.6509858752895
1796 153.4054876063263 176.7105744613987 163.2639398725383
1797 145.0351540453787 177.1692406050218 162.9705939459024
1798 148.1070740306225 179.3354982952936 168.5451632118387
1799 141.7237391466535 181.5308383524592 166.6577728870203
1800 144.3110868434219 181.7335287515738 173.071232153579
1801 137.101212556455 183.0631968744377 171.273070843311
1802 150.3091090363378 180.2381962225643 174.8009166606122
1803 146.5640303986389 183.1748785462436 179.8541418438153
1804 154.2986786866339 183.0422893672308 178.9080699587802
1805 151.2464772846616 184.2311927236786 184.1683399354374
1806 140.814960896095 213.175473297258 254.1740053412314
1807 143.1708517520487 207.4577842874313 256.9326808418283
1808 136.9320974303394 207.2823344657517 253.9550773553985
1809 85.85029298522342 252.2366709788351 130.9725193671459
1810 139.116005480007 162.3506835119788 235.5777893446814
1811 118.0155215333429 258.9783754492398 189.5321413064966
1812 90.19356639627594 195.330236111153 221.0955554143856
1813 133.9386912594539 255.2888676310455 210.4618863058015
1814 95.69615280540867 194.455252700369 224.8877792512473
1815 191.3671108543187 227.503498851396 224.60019502616
1816 73.81571209153803 209.8748857657044 183.0046135571644
1817 102.5188261434792 230.2978107956955 219.7229079532491
1818 78.49460028034036 239.5676936109292 138.6153161486305
1819 83.23132934857848 232.0828386866412 186.4213240503295
1820 80.20703466992421 225.9882362226864 186.4455127908021
1821 122.4223071032635 196.4470725399723 248.6930842461663
1822 128.5715707961393 199.1831924803386 251.8879943468555
1823 121.4551657221908 176.3564275848486 179.6727658560554
1824 125.0710701688257 180.2460251585432 175.0568587579066
1825 155.8231351429514 233.6435374912373 247.475008470361
1826 149.245383775474 157.2811399924093 243.4324404037281
1827 149.0442957565554 159.4038617358041 250.0418884150343
1828 127.9409306218426 179.5350310707106 180.6226488433686
1829 163.308173050518 205.3928840008848 257.9386910578664
1830 159.2541936079907 200.3937560449145 260.8077867218312
1831 131.456713317878 171.4633918572516 210.3551885436081
1832 79.25733354632892 150.198634746506 183.8571343893258
1833 85.13289107500208 149.5504309293267 188.5354036427756
1834 92.16292869240267 152.2693186218552 195.3567397779938
1835 181.2577836724302 162.7459669808369 219.3606049212495
1836 174.7760734177788 161.6379459435397 217.5908704225328
1837 185.6210390146607 192.3137967025319 249.3817191119641
1838 152.9027325969799 201.1177377075576 260.4176720146273
1839 87.07377752161983 199.194137603579 216.4060511813626
1840 172.427253919228 250.8457710754479 200.6283584201501
1841 87.88803918013099 253.3973974743316 117.1002381086437
1842 164.0665583611457 160.0770265151331 225.5902340060998
1843 175.9179453244919 229.9562436529769 237.0944006383094
1844 199.9450322449825 231.6500571090382 200.9581088861104
1845 127.4862972843595 195.6829681512678 143.2693079676405
1846 134.631667066925 263.7186589182454 175.0042125751648
1847 122.191537936515 266.6372208011453 144.0494744270248
1848 115.3227269876307 265.383876705023 148.3469255517383
1849 107.9442964248305 263.1355181942932 149.936995922248
1850 111.8173196728981 263.4985983350125 154.5229232863187
1851 114.963142863794 165.8227202543966 212.1625068981549
1852 114.6228222224452 165.169749997405 218.376861479724
1853 156.790142105159 183.3994408292779 185.0074422736874
1854 151.820915634179 183.2627796749261 189.7182157631622
1855 74.25426853723232 231.17981704335 145.3372150194637
1856 110.8315487277101 177.3903702344837 241.4991989349037
1857 79.97742966181136 229.7641583255413 180.4355887892794
1858 77.30033003528777 223.4323952173911 180.911633638863
1859 190.9760120864461 193.2081168101641 239.3989881339668
1860 138.7127119189703 200.9825298743532 256.9636074026304
1861 84.66637751941417 224.1327519973019 197.1336770724415
1862 93.84379960641064 227.9522023781506 121.9207230330362
1863 93.43327893687758 222.2706309929826 124.7281325248716
1864 100.1859307199382 221.3410856815411 127.0131596517849
1865 86.72566368738521 220.184049621832 123.5263722283545
1866 90.86176632655884 217.1423901692469 128.0346529549153
1867 95.8722901527603 214.6652961528325 132.0339510062399
1868 99.64653939349654 255.4922102558708 167.2200869583289
1869 106.274769386804 258.3352925937788 163.8742544594823
1870 82.52702819945614 242.6076740672116 155.5926737799867
1871 68.28480151160315 198.3014782443159 134.8693214081118
1872 75.51636000229773 171.7730985659634 191.8068256713161
1873 161.656690656481 251.9796316647982 213.0850716422729
1874 156.0742629258876 252.1561626060858 217.316370660815
1875 113.6084192796426 234.0729945046506 228.3009053105515
1876 193.6532368377989 231.9361719608058 213.4080815337506
1877 76.92144244701065 227.1363052999671 174.4639716385945
1878 93.57511388901992 206.67591725903 138.4863130254415
1879 194.7109961727821 164.5337534314422 203.1697342580084
1880 74.22866582369963 219.8611007229871 175.7225027336738
1881 189.7945314738309 162.7770644935905 190.0685633946846
1882 183.2169740538866 164.0285652595178 188.2062332425202
1883 81.66953199133086 226.3243691983982 117.3449054027985
1884 83.14206368756766 209.6788691962812 129.6794352368075
1885 83.57606266928278 170.3782134092219 206.1010079503203
1886 117.5665741279688 189.3459714568742 154.0343260460247
1887 117.0483594528336 194.6730206019789 149.2428891083112
1888 119.2600144666189 236.8090716649749 231.1920568201335
1889 205.9573836733805 183.4421564009024 213.0298189452378
1890 106.2630812020296 212.9385108345203 135.2710077310708
1891 151.3642081929336 263.4523579607143 173.2914606110095
1892 80.29371321585161 195.2620293085149 200.6247383394138
1893 97.52493010737456 228.7587840472287 213.5743135305912
1894 102.4963819263873 235.7658662627124 214.0674937154157
1895 123.5905950927122 258.8944096703253 195.2853346982257
1896 124.2963733165872 203.1754045512224 247.7189596808302
1897 195.4490209795826 222.5466958658812 223.7954184018906
1898 195.3383902477618 227.0032670314218 218.4423180494339
1899 176.4860150551029 164.6982918398137 230.4767564056739
1900 165.2960027943035 189.4414254852697 261.6201924461094
1901 194.1089581422391 235.5418598081509 204.5266955397702
1902 207.1970160287431 189.873253529364 214.4413954181842
1903 211.6740624430143 193.7420314237527 208.9406213323002
1904 70.62179550784217 161.8146740691539 156.6079041501789
1905 110.2588180882655 216.6214590393246 132.1071461491074
1906 139.1499489952505 178.3318844875132 161.0999976474182
1907 175.9981293204086 170.6241582442371 192.2843735917445
1908 198.5519863760874 165.8057520223454 197.1761253327692
1909 156.6554381786706 176.4811334290185 205.1505729036514
1910 130.3206939530506 207.0557120759852 250.2583901518117
1911 96.82598042671916 253.2978989185948 172.5486313943971
1912 139.2717229467596 249.5659361818871 231.9312551231202
1913 167.976099592032 178.3788414226089 189.5216622269519
1914 137.5066530306331 218.758083682332 251.1774855196115
1915 100.9415940329939 176.9007454606997 229.1150939375086
1916 85.5577168847403 150.9645175877123 181.1151982372145
1917 87.46924199983023 162.2332021164453 212.3454409149841
1918 88.07102708755323 248.9426577742101 149.1241397994229
1919 197.0121126390761 164.7111017389778 190.2574767485211
1920 157.0637525648223 245.1794862915227 235.6911347244568
1921 134.7618342652971 181.5435789748211 188.5871297688343
1922 140.0935373932971 183.309156968259 184.1100584821423
1923 161.1791789150043 175.5955353009206 210.9149335263068
1924 82.11949306719124 247.2110705531785 131.1546948807863
1925 82.97878173923853 249.3136300015896 125.555875256415
1926 79.51341645838599 244.2670125714365 125.8725437938551
1927 156.6938087007527 178.6770653258192 174.7660528404116
1928 105.4923942634695 242.8929775864141 211.774900202688
1929 159.7083031477478 254.4435564889293 206.6755460796296
1930 160.5230947130513 238.2033142367001 244.0326446460487
1931 163.2925706818702 241.3098214450182 238.0762184982497
1932 168.9142832694899 237.3570139320645 237.0941550809265
1933 122.9243528301775 178.0104156078319 167.9160916203529
1934 117.9879040062954 179.8727159892765 163.6608978954063
1935 167.5205876279891 183.4064783160896 260.2379963789633
1936 163.2098492850985 177.4653946915707 259.9230938746988
1937 193.2370083162799 203.7724878671215 235.7626501481898
1938 70.44562603247786 217.5069369331041 159.0409146911956
1939 123.1401083932357 266.4543908155862 154.9825674003366
1940 102.5820242975394 158.5790589947847 208.675692344104
1941 68.17068652903711 168.4710730673655 158.1073575912662
1942 70.96891844963798 167.7821534750752 152.8123108513028
1943 93.45166379156458 165.1573464083581 169.763077536126
1944 96.81310849998059 163.0453476378913 175.503238947434
1945 93.59599032136178 158.5904031066235 178.8733214604226
1946 126.1955649348464 162.9037983808296 231.477807875605
1947 132.3766501752777 163.7405326063723 234.2360371411417
1948 148.0397315352483 264.2798082035382 166.8635334367618
1949 93.89440262024833 175.2052217593682 219.1053534472797
1950 74.78526022308355 178.8364268133855 191.0714149853501
1951 73.24344858968317 158.5128485351684 178.7424258777418
1952 75.27591475991063 216.4723127019966 181.593960502923
1953 211.8809982105064 183.7555026439289 198.6275772868573
1954 212.3566982657895 187.9731771921833 204.1329846460058
1955 213.838746188732 189.9402330088164 197.7005791192554
1956 89.35431111853914 174.3133809181162 213.841962833567
1957 178.4361892001444 245.2325577413202 211.5416221805363
1958 105.968332622755 202.0873071230542 144.7113887299872
1959 99.61702352430387 210.7195157191666 136.3868492748958
1960 187.3381359966864 165.3141908597129 221.0482997009538
1961 70.97923756665162 198.9362561583163 178.334371279378
1962 71.84799659251676 169.1551116986453 176.1448132582484
1963 107.3233263583098 264.353950414433 135.4607424754171
1964 132.4549026912996 250.3874965896859 228.4151611244804
1965 81.77050755161399 191.0201631080238 206.7690458771304
1966 101.3111690663228 207.0681028418128 227.0215238033078
1967 104.1640445024657 201.6958782952335 229.5333228094661
1968 90.27887346664005 180.3565740937031 155.7826274917816
1969 114.3576723904243 259.6224210413886 179.2428680005888
1970 145.4866759637968 237.0560880876561 245.5864078834518
1971 148.6791201502941 231.8298711523017 249.566294963518
1972 207.0516569729469 172.9594542684829 193.7418606610627
1973 150.0096642837987 155.4787265678911 236.3038620131999
1974 130.4088388303155 180.8836023822137 169.3381021579933
1975 122.0915085860348 242.5410025201215 229.0230623418367
1976 152.9783012311476 182.145940747116 260.5188478116475
1977 151.9320916755855 174.5595406124896 259.8009805471073
1978 146.2257757087579 171.0738477398063 260.3068604161542
1979 151.7279327404953 168.3048864872281 258.2958752769729
1980 157.9955392569618 171.9973525108149 258.0365888948381
1981 155.9814245166896 166.7353098060113 254.2720216474478
1982 113.5863643873965 200.4869018614809 145.6947387634635
1983 84.50028712085603 214.8558054960293 126.143754154246
1984 79.73265631609252 219.1530731144525 120.4854263718919
1985 74.63695427849348 224.94256617018 119.7550848902152
1986 119.2324162636683 177.2710351730373 250.094184010777
1987 129.8482022441405 266.487270114697 153.0852665492814
1988 125.8904489471187 166.5159351694145 225.1090179129993
1989 171.1377064510637 200.7499677530878 256.2397878438885
1990 178.3829199616212 201.3012086959078 253.1032167945207
1991 68.75979094100683 195.2279813783725 172.5628825297122
1992 103.2827214382304 166.7881691931625 177.2809088269361
1993 84.56832114414478 180.3258125932713 150.5402619667387
1994 81.01483625332841 183.2433026885401 144.6768577820264
1995 79.20627773530217 176.9152782856527 147.0714536947591
1996 75.32514873908534 180.4946501684253 142.455647680785
1997 72.43442594800371 175.496916389574 146.6957033442185
1998 69.17555647601202 181.0933157430423 144.0317314669328
1999 71.74310649767531 185.392983158712 139.5764501612975
2000 67.0528366355184 187.8199169648833 143.2527890733953
2001 66.30353478730422 184.2257379796863 148.9376085453245
2002 65.9100879159529 191.0923717357757 148.9570065373165
2003 72.67807660038683 202.3893365611714 185.1507873619133
2004 113.6069925954313 206.3605859686066 235.4249657726719
2005 102.0931804859621 259.6471997826735 151.8387169830496
2006 90.24822138109919 205.6956089565485 217.9126074460123
2007 75.78033222704315 165.0958403286225 191.5735011363801
2008 210.928756907954 201.3510214968559 210.0070929471323
2009 213.5094429666715 198.9639288949658 203.7888856216711
2010 141.2318608733747 175.1354533502413 156.3609384209706
2011 68.88405474818525 219.0371564903475 141.1117616694348
2012 210.4093467046449 212.0487397452533 203.2679258406207
2013 76.54547751777505 170.5656228929475 149.6469607573935
2014 146.0454742598533 201.7007144542985 259.3792593919346
2015 72.61318746754139 187.6553631725452 183.2550176960704
2016 193.9101051194041 196.8745885328582 234.8451696649414
2017 80.36329139471655 222.1797812942971 191.6911426968667
2018 155.0845004273117 157.0101368873042 240.6132984004483
2019 156.8336225160913 177.3117501984548 197.2725707325787
2020 125.137565148845 174.8182431185214 185.3288749679363
2021 140.4054307354768 174.7809662081365 260.3831450389631
2022 67.82245015531744 169.0177020106063 164.9906600312083
2023 67.73940105265361 177.0551874199596 165.6391771341239
2024 91.73677068808865 256.5531058026643 130.05039907555
2025 206.7593502903169 204.9030045201556 216.1537805769613
2026 173.6538152470658 164.3759641534634 210.9556335783175
2027 168.6353292364361 163.6470185786001 215.6831565729265
2028 154.8782188479772 193.8394310477429 260.5774039641105
2029 105.6850814028972 257.7741794966942 170.2552998181831
2030 133.0100755844947 256.8756737649917 203.8957934133841
2031 126.9409701602634 256.7903308096937 201.2988814528037
2032 158.0615381450384 159.7633998439759 228.0794224746691
2033 106.7047408403141 182.2418114822156 237.4368879634421
2034 71.39594241069958 216.0350311666188 170.7390805494181
2035 149.8887338596978 207.1350624904886 258.9339893563303
2036 89.99011577247653 153.0023532193627 186.2074979805775
2037 123.9990503934422 173.27138002305 252.9942392419455
2038 115.6445537844036 172.0108278700604 240.8901545962431
2039 89.71803796934594 225.50085764195 203.0476401375408
2040 178.791766519205 173.5373410799728 180.127299562071
2041 111.6246366377707 256.424514569198 189.2694948682151
2042 202.8225890894024 167.8256782507149 191.5432498752735
2043 84.07889122053132 194.6253110269489 211.9619145131224
2044 177.1116224642936 247.2986613621552 205.2377280960686
2045 115.9315299272357 184.4060170137093 159.0120035846238
2046 88.70108875560936 154.751287099952 176.565908105079
2047 180.132464051551 224.867729577062 239.6206366255658
2048 114.5991575186836 197.436567899967 240.9312237326272
2049 82.66737712654326 189.1531523841153 142.7727274366617
2050 97.11862379714907 259.8133716794744 132.8040250602396
2051 143.0192023003768 195.8133288817008 260.046729252939
2052 133.1806816926976 198.3513890163752 255.4666484783133
2053 75.50442076107748 152.7110607970504 178.6339256322147
2054 129.4705688550642 189.3042473632507 257.4073711950118
2055 207.5003884054154 169.9162600070956 186.7407839634956
2056 212.0361982986012 178.9469086064734 191.6353990215898
2057 155.6375682385441 249.9681205722126 224.1255093453847
2058 118.934686500124 245.9295879399517 224.2285918484389
2059 128.2874860174977 244.4939179626862 231.5303586395648
2060 180.6996624782765 194.153051940015 253.4035776186589
2061 131.5581963174924 171.4583644839228 222.2273537480748
2062 134.5676099054342 173.4271126069046 216.5669227412314
2063 116.7776881873114 229.9793264326701 232.8870766913298
2064 176.0006786815492 162.2700546736605 223.8983021725407
2065 164.7758660721277 172.4287086205527 256.2603144986301
2066 117.5386653172459 193.6459028529379 245.3129353999771
2067 111.8193428178717 259.73995829064 167.9323265366873
2068 113.0051158287156 262.2698710816606 161.0399378561523
2069 171.8883047537929 225.6247577688618 248.327598775369
2070 172.2865287021945 238.6059662033917 231.4708023888395
2071 73.8877370698616 162.3037197911197 185.1451328849981
2072 103.3001151500852 262.3019551631194 143.1962120540854
2073 146.9374723436437 181.5612359549809 193.8284375283443
2074 172.8590168730358 175.8600342457998 190.542005159246
2075 212.35704865466 205.6288488801607 203.6437233203719
2076 89.90595193776198 239.824868136436 191.1579413990282
2077 96.06108759617776 186.6043467288419 225.0532108500344
2078 136.9633645026892 261.1100314685066 184.7731287637472
2079 214.8919551243294 203.1071517076041 197.8287089479703
2080 141.1325768266582 224.7436226606547 252.2081341409087
2081 100.342473486687 240.4618027456968 207.0944165680429
2082 178.8679961594893 207.8549013297813 251.2844257243504
2083 83.26603034465791 244.2668641988635 149.349018950102
2084 77.08034048899913 182.8135341777703 196.1264274111437
2085 188.3093762775985 189.1307682239929 244.087336352011
2086 186.8907988763843 181.7654367008885 241.8452980572957
2087 193.1261188802154 170.0102941692854 221.8036230756493
2088 178.656828478464 169.0806298710525 186.5656468728972
2089 98.38817352736746 201.2272663011584 226.157838800203
2090 167.1394866077455 210.4128400733081 255.6650981468113
2091 164.0669986891579 179.2635486045061 173.6035390928808
2092 76.38352540617299 163.8454321272872 153.2491003041129
2093 85.46372971925092 150.4181339541426 194.8912474743471
2094 107.8711416704062 231.1144008144699 224.9592339567795
2095 101.6913026430727 262.7133002691332 128.7134054927442
2096 114.4941206584498 165.7220843529156 205.4916241655733
2097 69.26407945641552 191.3939933003316 137.5980796143202
2098 74.20916461403915 194.2225829782347 134.2627024975263
2099 145.2703187343096 159.6808205458701 232.5707157918815
2100 193.4853453324587 184.3693340391941 232.9695130387835
2101 93.91803196681386 229.0337530188726 207.3026773349438
2102 108.3177639173995 195.8330205690152 150.1418268330006
2103 170.4299863315426 172.6248700708424 252.9274641635761
2104 175.7258390657391 178.37355939563 178.4188402801511
2105 160.1099683235644 255.6174580101555 199.2252790630178
2106 169.588698603847 160.4043809773021 221.8837115099855
2107 83.9147814578368 163.8288248915287 206.9283083003914
2108 73.49054482274087 223.0092142227504 168.7681732725722
2109 132.7545577067387 182.3221440374138 151.4444428413518
2110 187.8848428431423 164.0239288452239 182.5490514754546
2111 155.0214578468469 223.219524020624 253.1598228816487
2112 69.79893857896664 223.9604926849651 136.9592535479717
2113 156.6518787578271 156.9272698369497 233.8548455674642
2114 140.5630934021257 167.4594961368554 258.5631336727992
2115 175.7837622030469 166.2756092503109 237.8191904046298
2116 119.9662842789701 165.889756225823 221.9988969860586
2117 106.9104546844843 260.5700158115324 156.9095199149378
2118 179.5885351250173 165.3015795654118 193.7699979706304
2119 104.1424006894663 250.4495383505694 193.5044399555966
2120 78.73698030212077 242.8265152948804 112.4720213870838
2121 161.7354716544986 242.9986627103606 231.6028934117496
2122 109.7366124949554 253.0510540993137 193.6426470346354
2123 162.0598316486512 246.7231974944135 226.5382467440059
2124 109.0639150715647 201.5142243951558 233.4024053571113
2125 76.73278903472652 158.2070398056497 155.9820344522303
2126 151.3387416212421 162.9330294966279 254.8202718353732
2127 137.486713358191 173.005295189527 205.7260523551914
2128 68.21864386296977 211.7758236051051 157.0729864912551
2129 158.8608800407883 176.499681941646 169.1962842823819
2130 77.61889434556117 230.2497589239446 168.674487695879
2131 118.0627538148155 223.5617330709393 235.8096334847601
2132 132.2387459477368 181.7528932349853 175.9554818823456
2133 111.1855217224409 172.4013198559174 237.2230819741032
2134 162.7308019554382 180.1169518911962 186.1987964592529
2135 81.60898091908686 244.5667509132954 137.0365304931225
2136 109.8578512775653 258.920198181379 175.2380492075481
2137 94.3533697943041 210.8720197641093 135.1890493720722
2138 188.7805281878614 168.6880346509781 226.1281499533535
2139 131.5362633039794 165.9570868198062 228.2676729203844
2140 150.2954005419493 253.881060828211 214.2826665328652
2141 153.9298442223663 159.4163172475095 245.4903841174701
2142 158.5058458406608 164.0934779220465 223.6706149939897
2143 96.82935977929517 178.8195283228724 224.5235936045784
2144 134.4507492902894 178.1616332486214 157.7096505883641
2145 117.8925023272415 262.4133247597741 166.8899848682338
2146 69.80279057568507 167.3934580283524 170.3329942290597
2147 99.46796056786748 205.1317831513613 141.1576695768539
2148 210.0627755004357 186.6897513999343 209.6526672673513
2149 83.81429246160828 235.6786159402697 180.3205950352772
2150 139.6174776166133 181.9655452151942 177.5897251364239
2151 125.0395482649181 210.0607607598923 246.1539864652762
2152 66.26661946938879 192.8675988677537 154.8996384343158
2153 73.35760974501071 216.0863100882938 120.7223253826388
2154 130.9031957462249 241.0012783856451 236.2618088438662
2155 217.017106824212 191.4493152214018 192.4744759302238
2156 154.9212544162932 257.8289326251544 194.7704522917394
2157 86.65206096045941 204.4864236968878 212.6692452581861
2158 161.3049761355269 184.1050027494148 261.417189318421
2159 174.9260166925788 229.1668938472402 243.9017465752303
2160 99.49292035641572 159.3612047809027 187.8364470721835
2161 187.3860632547317 245.7441556411149 195.1046702784378
2162 73.08525552889138 230.563970627767 139.619006005854
2163 77.87671391269568 186.356542548968 139.8852369078432
2164 86.84193153472292 247.3263994854021 156.3182278889847
2165 184.499385670238 205.5610333486654 248.5793341560325
2166 184.2534965307454 177.8002401134483 245.7841541926167
2167 87.5874747027419 230.1274216187685 116.3008942263221
2168 114.7699574243759 166.2111882666426 198.6590338304663
2169 198.8745988859671 164.7978193156117 182.0995012188237
2170 131.364388326125 171.8299346770253 202.8526155816573
2171 136.1513261348914 225.0430687863952 250.0405818301528
2172 134.1094916417581 181.3469715059406 182.3019191186643
2173 98.80744992843506 161.4580356197494 181.5234874160629
2174 80.37446457533642 241.7075385149151 143.9000017425295
2175 117.8060197898502 204.6139651984906 140.8419746646023
2176 73.9792400189512 232.8000463353351 122.2189800437467
2177 76.42374524895611 238.7516136482078 124.3748569664537
2178 75.37241079819167 209.4572693350665 189.7880222333195
2179 184.4818241508686 220.0017688282314 239.3561833843563
2180 107.8425508829032 163.2273244498903 220.8068845116449
2181 141.3365962667902 164.8116249060637 229.7650290679641
2182 168.5723717748988 181.2781575569579 169.2919652622634
2183 72.93901456616616 173.3240240495742 182.3089263823195
2184 114.1400346287918 163.5463351346582 224.9171412580759
2185 72.0724254931243 194.6761675508661 183.1855487761281
2186 181.9390610341977 188.3433585469333 253.0654445236378
2187 188.8969525526587 239.7874368071849 204.6716526395641
2188 136.1301283567483 260.9123837064669 190.7130007153543
2189 172.2252400809795 233.559758564083 240.55363263754
2190 218.1890104487474 202.2818204285283 191.2096795449074
2191 215.4478347821398 196.7152410689799 196.7373029578128
2192 160.2398235786861 158.7739039664893 238.3894893622797
2193 131.9959584595367 261.5287295044785 180.9946703521488
2194 182.8282298474292 244.6199251982113 203.3218240938452
2195 77.70285334902327 219.9005158630703 186.2868780909264
2196 86.67101245503251 237.2901809807876 186.2248163780871
2197 89.43907586269287 212.6899615238418 131.3266459085358
2198 198.2483310102467 226.231476419567 213.3584077196784
2199 160.4595000404208 165.0379711151052 249.9816226329293
2200 109.9478772207266 180.647759811936 162.912655632986
2201 215.2114169709998 211.8999283540983 193.3800081803537
2202 108.6663226755187 162.3626075592792 208.7788248830357
2203 86.51075080021528 168.6863803873771 210.9546007106761
2204 66.96947034756471 207.5433037396799 161.2299910745569
2205 135.3787247285609 180.3763176818251 165.0012104297879
2206 193.8770566350567 190.3805581979566 234.1557217501734
2207 140.5856619111688 174.5862726287911 216.1742326041688
2208 85.7200003744102 218.851162221604 201.1720821881033
2209 157.3489403480182 177.4109663963353 260.2039557963426
2210 198.8145889251536 217.0610002623773 223.5775973575862
2211 72.67566384725053 222.3502541213335 161.6454622761419
2212 198.421316007593 186.3524732979163 229.8939143178062
2213 100.5761514932982 189.9057259190622 228.6595388784823
2214 66.46575580425164 182.1417937964088 160.2316444322581
2215 66.69321785013328 180.200344899005 154.1460618023471
2216 68.29138139721397 174.264340775549 152.1787245136096
2217 118.298255839073 253.9582037108574 209.0087263693726
2218 65.8061846866687 197.2584570669636 148.7273910095233
2219 65.8505982668502 201.3191265969105 139.9156982737653
2220 115.3494380104376 255.7268690005774 195.0062734709033
2221 159.8411341994172 181.5787728466562 179.8507940702862
2222 163.3094095382501 163.7767186741131 219.8218771431269
2223 81.7976027686436 158.5446730889264 158.7687543028032
2224 133.8080991111196 265.7987122913156 169.463441018187
2225 141.5164193741015 263.8956222619545 176.6646235172073
2226 213.6941088361521 208.5848657029018 198.1810207791579
2227 159.547894690916 259.8288963651315 185.1664953127425
2228 104.1516456366925 224.1716672498296 125.5626640158816
2229 90.17547108016237 179.7053327998464 216.3114575006377
2230 77.86409565986401 242.9180190241015 119.640626797263
2231 191.0907160031575 243.6605410832938 193.8234780293649
2232 198.2974162287096 201.1765616326432 230.4584434140673
2233 101.8753823106565 216.4717769459203 131.6929948323711
2234 155.2554380956436 168.8522407539166 223.2999561976011
2235 70.86625126742767 218.2696610104895 165.171730070216
2236 123.2268682394322 194.1654673826387 146.6272309219685
2237 129.4675241791785 260.6805660830706 192.0078425557109
2238 142.2970814492799 160.2949271528595 252.0993140149581
2239 81.17273133186929 168.4438531198643 153.6501845389504
2240 77.58133231829289 189.7773285603766 195.7299858515991
2241 153.3370770293539 228.5875720478865 251.1483200991644
2242 146.0617202352379 184.3080256814789 187.047327334787
2243 147.0794037882003 263.4140294051446 178.7187466726372
2244 95.51955949443335 223.1532097920864 215.2186781745179
2245 99.85904612108622 183.2858311220638 229.2419840995351
2246 113.4625012503982 265.9780165678076 137.1046730019418
2247 107.9907610144897 167.7209114389755 181.7303030058829
2248 197.9084728623148 230.223254925742 207.5077236774196
2249 149.1184229777237 259.0562607416539 197.3135455396266
2250 135.3794045533491 212.4005195419006 251.4607488494191
2251 93.19357194692034 201.1951361851517 222.3804370649053
2252 81.75085835073646 174.0510766882963 151.4080350079228
2253 187.7569100254739 231.8351474781473 224.2219913433763
2254 66.47943091643522 186.9327425958782 154.2817264898942
2255 101.8617251925781 196.2353903218177 228.5654962650958
2256 107.9555593269682 224.4402506660871 227.5000754317953
2257 122.3509233115954 233.9812593946174 235.9141036773214
2258 213.5820048293547 193.4650430915006 202.3219418037678
2259 133.3715698000576 202.9453663351706 253.2682686698994
2260 114.7699373117638 177.0445053595046 168.3860869612651
2261 77.02128107058431 236.7348379701847 143.3574374775836
2262 128.462271417869 255.4328215173485 206.9978431990727
2263 155.0330703131311 238.7138858153186 244.5366883410276
2264 106.161942182767 235.0122986879122 220.2132587195586
2265 162.0847726088408 195.0526019006476 261.6561659682428
2266 119.1700371660162 200.061373449371 244.6432621406818
2267 107.2094586599943 251.4325841249373 197.8143032978529
2268 74.88498351311711 185.8923532315002 189.7418202332761
2269 159.1945516355129 173.7074482388842 215.7095103135908
2270 164.1810794055286 170.0575357303624 215.0418730668404
2271 179.8653704599859 167.8948223591203 234.0905997531797
2272 166.2698332518852 252.8118902173073 202.6607576590946
2273 156.5700450697508 242.2437059968657 241.3047846250207
2274 181.7129957417474 164.3233055146482 224.4702914043962
2275 124.9946640236288 239.3788708256095 233.8350612772436
2276 122.9849821553831 254.9206551419549 205.9905210663021
2277 116.0984200565211 175.7820589137681 245.3572158337952
2278 82.74480108504198 197.3237000096525 206.7547272334066
2279 142.0001091805419 265.7174517172785 164.1057971057424
2280 160.3671496997008 176.6362589979153 163.7654522563573
2281 125.23564628099 167.9836898593788 250.3687103407065
2282 136.791763390321 183.2826750055563 147.3016047924048
2283 89.43846930435899 151.5230688883348 199.8061909497746
2284 104.4958295839132 160.1726660765938 202.8404578485998
2285 102.4077213597138 193.4189645805301 151.2481016321081
2286 165.0931445767494 200.1828616514301 258.5117955808776
2287 201.6308371082987 227.7470284589654 204.2476887725309
2288 72.81882432848045 164.0639045595808 178.8006363390029
2289 130.8987725249185 192.5699042239749 143.4871364691655
2290 191.5826987713699 230.7520368922671 220.0004138663874
2291 193.5731363545692 163.5997531476832 185.4514133307287
2292 171.6131979196973 253.182472669527 195.521766334252
2293 176.0471376151517 251.246498089825 196.3735805840861
2294 148.9328915419107 197.2741623497405 260.5334887406004
2295 136.9980362645077 173.452250299512 211.6245060204034
2296 133.0312976197368 221.6257157314664 248.6148850651706
2297 130.2934897206998 179.1280043511413 185.5254322405291
2298 215.2495219870187 178.7612791832198 186.9370567142788
2299 87.3626305130071 253.3024969590302 124.4676107566136
2300 96.10757696844715 260.6063621029519 120.7686576191625
2301 112.6541854053388 191.9477829961763 153.2258540734443
2302 128.4946143998265 255.3295631353955 212.1686100457424
2303 85.93516655434223 174.1569678734091 209.5739203068616
2304 189.9718682947627 187.1942786337509 238.4724041718659
2305 84.65765963799069 250.2777892250297 118.5316791563019
2306 156.4450696382507 253.7186340836822 211.700862043402
2307 153.1161767252002 177.0609346070004 170.6620121768797
2308 161.0862277704096 168.5595663520463 254.4917654092804
2309 172.6941370701006 233.8360685579764 235.2230144463678
2310 110.2428297350732 222.1196897007306 127.4113833820244
2311 169.0780688605986 168.1811366982077 211.4630299924551
2312 101.2427366593228 261.8783217546805 136.0425946692562
2313 89.9239830964306 241.257952941319 185.6245391996569
2314 200.3431230106261 166.9571005418953 202.4305326282617
2315 129.5416830509386 171.7245831024123 215.9168031685057
2316 98.44606211602628 225.5836559892028 124.1017491971313
2317 73.96959612973355 174.5684595006886 187.2822702070161
2318 145.8067612583938 264.4288186398052 173.2292949006813
2319 80.16829800133199 149.9365624804074 178.2323498273985
2320 125.3411708498872 231.8291983296473 239.7455137279446
2321 94.41828658962683 157.4997325788807 184.5408896174991
2322 74.41115330281616 189.432783644577 136.8036965983639
2323 198.0707220893084 235.8643955450922 196.8008681655744
2324 209.9698702219687 216.9842499276008 199.8673928604024
2325 136.2718959988841 164.9619714501717 230.9306923098935
2326 163.4272363353335 176.0266703731437 205.9700496633823
2327 78.00906137644084 152.5419628808363 172.8581085765534
2328 96.43112488601676 169.3954241668908 168.7451449435855
2329 181.9137619005477 220.9335755834504 243.837828295883
2330 171.0785449027686 250.0872666629062 206.1127162973743
2331 157.0735966807817 180.0434612942967 190.7886782286696
2332 99.06457695030966 252.7423988301099 177.5552730695243
2333 103.3859370443336 180.9096040392824 232.8245779799616
2334 137.3075430133556 262.0339543634481 179.8462446302202
2335 73.61733813414085 191.2539024378525 187.0741304872276
2336 151.0120187254877 236.49573896134 246.0938343011746
2337 82.0508670976368 200.7101077783185 202.6183735835769
2338 211.2013951287414 218.8185246649511 195.5771731304037
2339 154.7979295525934 162.5601235203748 250.00180324343
2340 67.88137395352047 178.845434911147 149.0270383084751
2341 129.9283339982923 194.5748121027368 255.6267811822198
2342 146.7602469473498 165.036452919416 258.7081573842796
2343 89.74168041865872 184.6909667414079 151.8622854997051
2344 93.65960222913709 257.6159683697366 136.1045398777409
2345 99.33998654473726 262.4583865903394 122.6881274712336
2346 89.66381511179664 151.2585016969864 191.0647102522136
2347 168.4284883048778 205.5049810960168 256.0179343930051
2348 166.3116342739092 239.9275807822419 232.7786629420985
2349 75.68815297660629 213.5891357628244 186.324809785448
2350 111.6822956018696 228.8400655301708 229.1819492379054
2351 120.6104673126311 266.3524421487452 150.4660473306231
2352 114.1945998785291 258.9407479214825 184.6393747438899
2353 137.7469896984885 229.7485016629922 249.559462267488
2354 71.59053164132312 171.6015265454511 149.6813236068051
2355 146.6035034203991 160.8902549540512 255.2620896258742
2356 90.69130066217102 155.3736757337956 181.4260924038963
2357 93.48402625115884 202.2671208772636 141.6748655320415
2358 85.18634557198891 238.8245536239162 175.121746748738
2359 152.4820536849484 179.3527778035507 194.0165243173224
2360 134.155320010787 163.6959950439222 239.4304765053583
2361 152.1939153962974 245.0177349033436 238.8871574739335
2362 112.5170247912195 188.2181171378686 156.1698998958445
2363 151.3076407730487 188.0598700738273 260.525100708708
2364 106.3170392757645 197.4162597803207 231.8982815370607
2365 81.02754691059702 246.9996074503744 121.0340366210887
2366 74.08664405422304 168.8220260362683 187.3606058251487
2367 112.5822719826288 201.1144294177418 237.3196455722504
2368 180.9049365489944 244.8306143495992 207.5385835263519
2369 84.79478563467798 199.9661336390774 211.0661652397463
2370 113.8753573447158 208.0855881320547 139.241948198126
2371 202.9949011376816 168.5504337543486 196.7494119350158
2372 139.5030852137738 252.8655838018954 226.419966287966
2373 201.4284217649594 221.9760596539417 212.6040974309039
2374 120.3202491631026 206.1820417044772 243.7237710713288
2375 68.7314130823504 163.5546242207384 167.4170043345512
2376 83.98129279300554 222.96806246313 120.5449376336853
2377 109.9826847464556 163.2521657195456 214.8624612822234
2378 195.2875663459109 218.3124432169231 227.5232474769059
2379 204.6854341437498 178.4507675459871 210.6120546902729
2380 101.300766396052 255.76696984584 172.9563309654573
2381 117.8297925063481 207.9890025931658 239.5834359372187
2382 180.3458194965495 242.6248110198165 215.5234186537372
2383 139.0758689703275 163.3172461562037 254.5683796420196
2384 81.27762172700953 217.9323243775721 195.9120185840294
2385 65.74861559928533 200.6799494872177 144.8777858257486
2386 117.1228512207193 265.2875785110706 155.231556687619
2387 160.4579081307257 189.9900324168644 261.5521538725518
2388 76.47081979725778 234.2399045634602 149.025460924809
2389 166.9684101639293 179.5211665662413 184.8070808293616
2390 143.8997210523074 229.4988710408019 251.2166393775774
2391 96.38585647646799 218.3133494331533 128.8106064630952
2392 78.60613166921746 212.9441468363887 194.4626391880726
2393 155.9795974294372 221.4524105018388 95.02124427420786
2394 179.4138148257119 199.9508345782807 100.6714673270965
2395 199.170386911766 223.6532892565547 79.26392720270138
2396 178.7487478331208 225.2906922149348 103.5693176350316
2397 148.7731010763314 206.9361070866449 98.74526978110832
2398 161.1320787905907 245.0861487470388 103.7633756739713
2399 155.4362801780657 225.5986890478282 127.7047904653476
2400 199.2216210326136 202.2414718830284 96.82331554047869
2401 200.2726501804184 201.8657920449055 78.52956125364045
2402 201.4559828115241 224.9577251741852 127.0163721043401
2403 214.112669567839 222.6255440009041 95.72669672901922
2404 197.4023389002278 228.9980211024555 99.9479710313703
2405 205.1893330262218 222.7367441015164 98.44238592772349
2406 204.9028909048858 211.4644360240929 97.208607521894
2407 199.8258228391572 203.6522121759359 122.9914929611696
2408 198.4466172528055 204.1549227963363 140.0107576447413
2409 205.7001308370594 228.8289716674184 89.99633454572626
2410 216.868417647491 211.1174055944296 96.43642290268531
2411 217.16903944787 218.5636398761215 105.5662848251729
2412 213.9629409323049 221.064744537615 85.44166156342588
2413 168.564189928012 194.485439510353 100.8178391245554
2414 173.8063330276744 202.7237464557261 121.7643066405397
2415 148.4650790678266 200.0563282119774 87.65134105073791
2416 192.9061319253273 203.6533218135224 62.98929462006048
2417 206.5695863782115 209.0075654519426 61.07231017989658
2418 208.7690762184148 206.7503579873236 69.77938670151592
2419 194.8271619372779 211.2658668016006 75.95253485882975
2420 141.0985248214076 201.2361045732374 159.1492569088072
2421 157.745622568102 196.7471586450154 157.2911749720568
2422 157.6950587612295 205.3542765544719 182.330018461726
2423 121.0391020795996 223.0953639183994 159.8080005943666
2424 114.3817057635187 206.5295275747278 181.521486312076
2425 137.1903537795933 226.1228610480342 159.0958377397172
2426 131.8895733814355 224.4831141994841 176.8748703182008
2427 145.3737198732478 206.3910544732839 182.9394579174296
2428 136.6463056497848 199.8695740793136 193.5458428391177
2429 116.9102408495074 244.4105346224979 140.0624947202909
2430 138.570783107955 244.6583294441526 120.6890382976187
2431 159.2950538807532 242.2848631977992 119.5172314764206
2432 144.562387542767 246.6324621864388 140.0375225105499
2433 103.3594644991993 222.5766253592975 161.0039903195712
2434 116.0656748185551 246.6151226019422 160.4895606967443
2435 103.1085679562592 204.1549313132763 181.0420442327149
2436 99.29917360571771 225.4748807337449 180.9769270119817
2437 125.2043761049177 224.5278538498268 133.0305571791677
2438 127.4974640813892 239.1160701628608 135.9641576747615
2439 156.5951963896664 242.6876844867537 135.7809836427864
2440 156.2132389961938 221.0846875257023 138.9346434837884
2441 160.6272991700022 245.4974464865413 162.25184257481
2442 140.1738806206284 242.507485981549 159.6687280801231
2443 140.1962411391045 242.6928997215743 175.9187925035313
2444 140.057829143799 245.1968688446033 202.3555149224487
2445 122.3844928809204 222.5434172817039 144.3454081938759
2446 122.180852116967 218.0843336162159 152.5543271538195
2447 161.5315372410693 227.1847482948765 164.8363725354365
2448 177.8185094333152 223.5614049822973 160.0495444293538
2449 175.0801303911331 228.5099273544909 184.0808584996118
2450 162.1837198043121 226.5456885084853 185.3186912678916
2451 157.4498262684762 226.2563543810965 196.3915042874289
2452 120.1444542413135 223.9791519283634 182.9898100638657
2453 141.5527844069009 223.2049486342376 203.2825184272127
2454 115.8654234919158 217.0876487004712 192.5272997775151
2455 118.7389550593699 203.7809467323105 195.0394407643648
2456 116.1185249264905 222.8068769770308 133.9795765352262
2457 112.6737347098987 219.2128025082326 139.6174038283677
2458 195.4772331438789 229.0539829240596 141.0805947942348
2459 208.3200592842874 232.69365899486 134.0696861536192
2460 178.3564467175998 224.5639471752659 143.2953810582101
2461 176.5440454675225 202.7428553022281 142.2079653169579
2462 177.9584102554263 225.8217690099947 122.0193347859521
2463 216.1995110856324 221.8399455580521 136.4450432659052
2464 182.5733360608011 241.3349176461386 101.4804453777566
2465 179.3942170136825 242.0978922380677 120.3633804466546
2466 205.019657254274 188.2883297503188 127.5081842441678
2467 205.1394130055146 197.3379171184499 125.6774593222228
2468 199.6128922391495 207.3772049632735 164.0572148846482
2469 198.1073954793294 177.0657399574069 136.7397283840075
2470 183.7121064699551 197.5048833679431 132.9716270961677
2471 178.134524542164 206.5400567324337 161.5049619785443
2472 189.7389033693108 186.5354763605426 134.3260738563606
2473 195.0654244766406 198.5794418073419 131.0541172357853
2474 193.6212301013768 190.6496353403186 114.0571408522315
2475 193.4501630008137 246.2263524159789 76.13891805192793
2476 220.5948482359972 191.3769786353135 135.922277625838
2477 209.7359742219993 232.7576753276644 98.17159873333779
2478 186.2116211561276 228.8109893038609 95.27646479152878
2479 202.2575759636766 237.4472171170436 108.6204661200458
2480 105.0202456651774 254.4874078046418 97.3490181153601
2481 115.2873929517488 258.0358554072727 95.01324140807664
2482 145.0007449602505 257.5193263357704 93.69560506359868
2483 154.9636785406321 248.8197970528678 94.69957649221494
2484 154.5076504691798 263.7234875145764 94.87048279841974
2485 123.1471974118968 257.3834828176696 146.5326326923501
2486 137.4294870652701 257.7679116057238 144.4750008976376
2487 143.9854440493534 262.2480130257771 144.8628315786758
2488 136.8103888558007 262.7313413224639 138.4580960158269
2489 154.6312792959384 257.3151619308903 144.4712243573886
2490 142.3874058533128 261.0841526202292 155.0092512981954
2491 143.6251922632008 248.636331945912 156.5742689886176
2492 146.067029872282 259.1314909220127 137.3871455113341
2493 162.2234991907421 251.1964308695003 144.2911331473167
2494 165.6837770932054 238.2126657427245 146.728951190343
2495 165.7344313914346 251.5057998488897 134.3620529144189
2496 153.4753641986661 237.4848497314057 144.1089565124924
2497 154.9026160230883 249.442082026345 155.1191406625306
2498 155.6677346677126 253.0314251133455 134.959500558811
2499 154.0542180598521 260.9164580504369 116.5684471794243
2500 199.2755099948732 208.9222471828342 179.4049489738995
2501 179.8958781201242 202.8911166375142 180.6706464761155
2502 175.4519865116151 201.6875449494218 194.4785495647345
2503 183.0621404701724 188.1097367307449 162.0545531650995
2504 178.2848188459435 197.363473461722 154.3827553341269
2505 166.7462684867578 194.8609448353298 156.3455304081499
2506 172.7722029707614 188.2145376277227 157.5425898519769
2507 175.5960359591301 186.725612519616 165.4502701921618
2508 201.6736169469306 180.5010689106066 156.5706343971038
2509 192.2375617124939 189.8467788525024 159.6840961453787
2510 115.5357751691487 235.9151572357976 122.4374871248043
2511 131.3359628729089 241.5864445646264 115.352018180225
2512 177.6861178457579 250.1103423205282 155.20146317717
2513 165.602380164448 252.3964924489277 153.9638247768391
2514 176.4856407317293 238.8712993327077 152.2024775301296
2515 186.2710511311344 244.616193703704 156.9134360753109
2516 172.3792507769064 250.3088405912435 145.4279244828143
2517 201.8980170378649 232.4323156715189 157.739431315857
2518 182.5304667186747 231.8733485873407 156.7901714518887
2519 187.2050192942112 243.7530417945692 166.0918795554784
2520 185.9596608774629 241.2561642346811 148.4656306659645
2521 186.0280731894453 250.1539927154917 126.5258283189494
2522 194.4379161550477 242.0058325807821 144.2046729986876
2523 199.9964180300347 239.704271835002 136.4543360090427
2524 173.4367040072214 193.187756061494 116.7956661217797
2525 161.6323950947713 195.695360712791 111.673087300984
2526 162.520869904074 209.083927592584 113.4208292514469
2527 164.0235016502605 192.591590564871 132.352299029235
2528 151.1834744362669 208.7147993998713 121.9656552556559
2529 183.3397403118416 253.7017994936921 107.0099732818351
2530 196.6175451970639 246.4738436594533 109.1213463286278
2531 186.248812661776 251.0826533496424 116.392273960058
2532 217.7884561859958 190.0725657198292 165.7551389336652
2533 205.6601881678839 185.6469175739611 167.9001472564222
2534 217.8691885248879 200.5810229999264 165.9427217414469
2535 211.9260154384498 184.5871747778405 179.5773665172717
2536 151.5849943294648 229.669516448812 94.99575511320924
2537 162.967561544014 241.2545696988292 95.25096029015805
2538 154.0861617578883 238.7722441109613 95.3028896468383
2539 151.7218557010729 242.294077789057 106.042629968358
2540 175.5307299677179 227.0459146680222 90.82853377793572
2541 164.974391312234 228.1262037839901 94.38827688608959
2542 183.5331446698693 228.5419418078411 84.4903387714762
2543 171.9916919324492 217.8620520317646 85.36233148584257
2544 165.7378128230463 217.329446431461 95.08764332301546
2545 160.9308847617105 225.7924734685039 106.4934242960909
2546 174.9132590986304 238.3163366550928 86.84792027421042
2547 165.2601536816211 248.5179997231764 94.12146535956677
2548 162.2861678406911 237.6827601997554 112.2322071284398
2549 191.4209432971152 182.2510332856863 107.2802491123091
2550 205.9477057601163 183.0872332709742 106.4865264920441
2551 195.5340711589994 195.6587361784571 105.5634491589623
2552 176.3301040941663 192.2286328742856 106.9466998871668
2553 185.6698553367653 199.6648485662705 109.4847848407287
2554 184.4580205264252 209.3996346549789 104.7078824900208
2555 184.6781396043022 199.309011564275 119.98569615522
2556 181.5291152149346 199.0938450291324 91.54950121390462
2557 174.3467989384811 204.4027678776469 109.3666746246657
2558 174.4968218070945 208.7228204833316 94.51952472676088
2559 195.7881280456418 186.5810461740633 67.74893461020126
2560 182.3132897532914 194.3050762455324 67.25350204296025
2561 194.1091819152022 183.6761976475914 84.3359234905858
2562 206.6587475497667 192.8146572566991 87.28863895766692
2563 203.8397806187544 185.1513974331195 95.06081805388385
2564 214.4572480601403 210.1691830599373 86.24290486383019
2565 214.1653025384325 198.1780093307308 95.22047390686015
2566 206.3702902030287 195.9263622676743 72.70595259281274
2567 218.3260898742303 211.5192500948465 134.2351753595153
2568 200.0975077402002 211.3437873407255 134.4272042049039
2569 214.8421040005108 200.9963230562748 134.5526264937938
2570 209.7663595475451 206.5101777718271 140.6017037619222
2571 217.0463723944915 207.8633566784833 125.6344517574962
2572 144.7749738365448 227.8012984248944 105.8075821246863
2573 153.5385616056595 229.7080122084065 106.280249392048
2574 176.7186869018624 249.331919551367 90.23484128430044
2575 155.4521081910359 250.0418906449657 113.7046203953077
2576 178.9245153872668 183.7619011307177 78.27342088313659
2577 97.3434512421657 249.1368488461034 115.4684758817068
2578 205.9270666782551 223.7400895292885 138.7575884814958
2579 204.7996490901791 232.731229314839 146.3461399382066
2580 213.2333130128802 223.1059318427969 146.423230981327
2581 214.4733020405995 225.721101859847 128.3924428679188
2582 134.7949991061053 260.8549099463394 127.7021994415344
2583 145.4767285025938 259.521367848342 126.9018764708101
2584 144.7747353811802 259.4812547359214 115.2935139221939
2585 160.2615644404525 246.6466775798031 126.2743141280634
2586 151.2752334997789 236.9214532392766 124.9727750965628
2587 204.0752556915907 214.740274870525 80.95961708918357
2588 205.1110882970995 204.9963820817562 87.49922335647223
2589 199.5331569510374 220.2545653191207 66.08723141415668
2590 204.2558936444833 229.8383296209061 64.35666279747819
2591 180.4078354740357 226.9806715987086 202.5025714359485
2592 160.7502842513182 204.6273683155437 197.858616528514
2593 160.1920215666861 221.8700908361981 217.6610214801895
2594 178.051727638665 237.3865739459033 184.6628863386867
2595 187.0564714837343 239.0702210107969 185.7331230632057
2596 184.3043618561079 242.6432769724357 176.6339585059565
2597 155.7017630185595 250.2584387447923 186.3712104349415
2598 161.4815867598249 239.8790709505892 181.8074440855624
2599 164.6271164341249 252.3572164429181 175.5455392461562
2600 176.7239963365193 247.1717737993721 172.4570488818602
2601 152.7911690230363 246.8436847638039 171.2195342652803
2602 164.5926203463831 243.6227804034735 172.3903902696669
2603 166.7833472427684 254.0024077477527 163.7871138538258
2604 177.4992859319159 239.757469469173 163.5971258828606
2605 157.8779235313185 205.9471715767529 135.5527809688208
2606 136.4096854911144 211.5721068051662 146.916928840241
2607 133.4689060816924 209.668008386237 155.665481085572
2608 173.0194377328125 262.4767689081897 89.35268045289406
2609 190.3742041223779 218.4617344152985 135.1314182951304
2610 207.1807284130529 206.6745303829463 128.7410399002332
2611 206.9065911021212 220.1202119895544 113.8960717165155
2612 216.073853409221 223.0136980384954 117.2657237745284
2613 212.3944479768571 211.1492099349238 114.3366632945686
2614 127.9236502256234 262.1054293733005 124.5923461047885
2615 120.5974205471934 244.1867807632884 127.9397401516625
2616 123.9694433087881 262.0509682547632 138.1323134511679
2617 124.5666769870752 262.3635719879887 107.4204005077026
2618 123.8038276874014 250.450415315449 138.2984375115983
2619 109.5445543889875 249.8364970941889 135.5794679230106
2620 185.5565603050772 202.9516753864188 71.7048554048632
2621 207.2927707271857 233.6447471941215 116.7222006519747
2622 202.914172890759 203.4304955019994 188.8926109768735
2623 205.6962230552904 190.72654202989 192.817546307218
2624 207.9157773328597 184.3739736014493 185.9439024764312
2625 194.5158687268109 190.1348373990384 184.7182418274401
2626 200.4226535724254 187.9544895245435 175.7138548324659
2627 214.964642388244 202.9642714781617 177.2671996795344
2628 196.7635723229657 231.1372412152343 186.7149400746086
2629 182.8767426588995 208.3786546752687 223.1881504835447
2630 199.4474373692598 231.7391327401755 175.7377745484933
2631 199.09013113937 235.0993012818919 165.8541248591808
2632 217.1305359213152 206.3380489631756 104.9006318270165
2633 203.7867355607864 207.9059352467858 105.3113505148793
2634 215.6302854554575 192.4607326635365 105.538809500013
2635 196.933350734181 245.7506402349351 126.3456739423508
2636 181.5500884726439 240.5357865740567 130.757010107391
2637 192.6871522648529 233.0195311971099 130.7197775681365
2638 195.9653521248333 243.6911281013507 117.8766252782509
2639 207.5961822978806 178.7816645155646 144.9876992481542
2640 210.4987567246854 194.9150716230981 146.2407871041994
2641 182.2893325709326 191.3729739780708 142.6508973341154
2642 191.4971116142772 198.9152732521951 141.6895731213213
2643 164.0023901556012 258.0299664788073 90.93281577067914
2644 148.3051580521682 261.7371576206203 107.6235589292003
2645 138.0603570607658 240.6359044950568 101.2001807451654
2646 156.9835623422935 263.2534769954289 107.8010873513995
2647 202.4884514720137 208.464521274037 115.6408117216633
2648 217.7956049281819 198.9143922602669 115.9449792970322
2649 133.7516117083558 259.5632400384999 155.2450697583075
2650 132.5451489304897 247.1175893940403 153.6094868333312
2651 141.2386762412571 258.6231255399947 164.6553564632819
2652 197.5943367104843 247.2139082025708 99.55478116144526
2653 148.9069672760143 216.3757554846638 111.5633899431075
2654 151.6629407305884 205.8301193846572 108.2600342259126
2655 165.4069496408082 223.5058686735246 118.0696128247737
2656 163.8851768509534 207.693579119734 124.126641583797
2657 162.9884240564752 205.4048075726514 102.6406650421489
2658 154.1849190733076 227.7477476517765 116.5166352995298
2659 154.3391127779763 215.7198514284461 128.8990520739627
2660 144.2760794814258 228.3973970222771 118.045312851922
2661 125.9400870192855 257.4408036753756 96.27974917234323
2662 115.1033505266329 259.6255392057597 108.6236595481918
2663 199.1056780327081 199.5076475813167 174.9921300119241
2664 207.917134802897 212.2227518370554 172.8137845269511
2665 217.16652759625 209.6716712792219 168.4066505588854
2666 204.5335027036123 198.2239580452498 166.7435082854186
2667 219.1975201249026 201.8869057738571 155.8311540964938
2668 178.2157008679139 208.2580702402618 74.06165831774615
2669 170.5214124845243 195.7237335177027 74.55839268353243
2670 175.0129914609986 206.6924036616445 83.96302463928021
2671 171.712184322699 195.0176282450464 90.60803705444623
2672 165.7197555268234 213.1067529559089 83.11346737845638
2673 207.725074587773 229.8780172198904 76.59468797539056
2674 193.4350591355416 228.2323327491003 73.39353371791168
2675 206.0450248943004 224.4929821876943 176.7946656249362
2676 195.5910460945682 219.6471445385 171.9073522140496
2677 206.4986117600359 228.1494113400448 165.0312729617858
2678 219.9113768125001 198.6442377163527 145.4404288701564
2679 201.4661004302317 201.4723358971916 146.6619437940521
2680 217.8061545938816 186.1009562805056 145.1157115064579
2681 195.4988847589727 179.6456051885548 173.2053619405739
2682 204.4769456449095 176.1698168684568 182.939667732301
2683 204.1355763833929 174.1108778695153 165.4711979626304
2684 188.4935127067147 187.4664836641386 176.318327885418
2685 194.6180772748816 185.455721396088 166.0098701428799
2686 190.8596447536267 170.9777656108504 186.706041029845
2687 169.508754839027 187.3233605143842 170.5589141666698
2688 183.2774880426005 180.6988954493346 183.0865630607966
2689 97.34398641651332 181.4692698115402 192.8455540240767
2690 160.2728882820788 205.9893340517786 219.3238020129366
2691 158.9045209527964 184.7102570029812 240.7727442697062
2692 154.42878489232 184.5047887887072 164.3474377359097
2693 165.2962357997712 185.5791900914471 163.8624810605695
2694 162.2190977035308 193.4884530049725 166.7626243238605
2695 164.8634831614222 187.8021390585112 176.3591478430869
2696 172.579277366279 186.59168180063 181.7171161148947
2697 157.7336946471516 189.3548073671346 176.3007783519666
2698 165.3794090637605 193.1614055798151 183.7548077186422
2699 172.0326168142475 196.9787191669056 174.7155333625099
2700 173.5044435100088 194.938220801325 164.1536495219646
2701 173.2136170615181 188.1865426309755 199.2534803187063
2702 179.8423218486855 180.6008857498958 191.2477086991748
2703 186.9811088374201 176.3301401597924 211.559536414566
2704 142.3220812851468 184.7859332785695 153.1742704382348
2705 150.8916619864018 182.5848654541259 156.4726244843698
2706 144.9494146762067 187.7520728111772 163.8259377060932
2707 149.3817707260525 188.3018370721535 144.8343240906741
2708 153.1690189198979 196.3854821666566 164.4747735943529
2709 134.2917372466634 260.94450597386 118.0174264134775
2710 123.4785538634258 262.8935248758356 117.1976760829218
2711 113.2476713268422 262.3053746948208 117.4730703246351
2712 123.3511778118745 253.0758385774326 117.4220773439246
2713 182.7755614570866 259.3445681816521 88.85183628951835
2714 182.5842484623427 238.6509504942693 90.10432849303905
2715 187.5882488145166 253.4843913640886 96.5892866935733
2716 198.6807707058526 247.6361224311408 88.97293217880491
2717 192.8219244073955 240.5030954776865 92.06003880958019
2718 171.2988103675238 194.0664383299143 146.8967382757311
2719 163.9918862955429 192.6012778310376 141.3509070483045
2720 174.5568396030115 194.0778722370967 136.5970900390877
2721 216.940194286306 186.8387738262654 125.7963834847878
2722 212.4186063666748 200.0130900088704 126.7595035519137
2723 213.3417069398688 186.026227241012 114.8745918452931
2724 206.438268985309 222.3651197405157 152.418353912229
2725 194.8163217717351 216.1724804879574 144.5573610466777
2726 201.804879236119 210.0294546257725 148.3747117898199
2727 164.9351915062296 250.1577579922181 116.5228800564005
2728 167.3755285762419 261.2708449361785 106.428764340313
2729 162.8300030253915 253.8291696577238 104.4319642197917
2730 174.0953552711051 256.4733023536153 109.3310723170008
2731 173.0309034708982 245.5954690084043 108.8383778921566
2732 174.7815872657488 255.1232980528936 118.5210854351483
2733 175.9871695035186 255.9739596203336 99.91852698996311
2734 180.7405320956188 221.6741297372497 193.7251103148002
2735 175.9574796788849 192.607398093195 128.1070242858103
2736 173.9883581508549 249.6912982268054 126.0921936611968
2737 174.9073033151671 250.1542350512362 134.8742368838483
2738 170.8113531189602 242.3052676353235 127.98624561045
2739 172.648469035531 235.4263258333007 132.8434124024894
2740 137.4150187331802 264.449948973362 108.0132107251768
2741 133.1495748030055 252.6399077873032 104.7301363840556
2742 122.8886699055706 249.0317561080739 148.5804977036987
2743 136.9912606526046 261.397255919232 97.52491196364518
2744 143.5877237719145 231.4077231035107 129.3799405214784
2745 145.7425910292893 221.7774864125559 135.6296754494018
2746 133.4615334448791 236.6529103323673 126.2985905929562
2747 134.8162710487595 223.1714840079869 134.1909121972516
2748 113.2377995205881 262.0726662481728 126.5710373370034
2749 100.5270615582652 253.9293915099277 125.9381713845717
2750 101.1002492588315 255.1698718215028 136.2683128520578
2751 117.4436535721864 244.7964138670174 106.7394255506134
2752 204.5530508866914 193.6123736206745 115.8633630624129
2753 163.8151500984297 216.335011107843 132.3852958324313
2754 152.9518791944095 199.7753517641101 145.0324619342619
2755 140.5209459947158 236.6780047779889 119.784386674566
2756 161.9714974766426 216.2794296326117 106.7429266935386
2757 129.3694757015313 235.9812242979485 104.8077222398224
2758 218.5229752656221 212.0509152583236 158.6506501210934
2759 125.5045089728036 253.0774389151952 175.5199814529497
2760 137.3122837673944 255.2473997475462 177.4906109759844
2761 143.0188812800665 249.6274487496539 167.6845059733557
2762 146.7757174557108 251.1317847849821 195.8049387174423
2763 156.2753851404887 240.3309707852361 171.8412681011858
2764 157.5821913866488 252.1722623819889 165.9471349545663
2765 154.8564313489108 238.2060434836038 164.4907727236267
2766 156.3464020989709 231.5966543831974 173.4122570573982
2767 194.8039977096844 200.4473689157303 115.6103111090084
2768 191.7012874823311 208.6837887222823 115.771304708529
2769 181.5435585548103 209.9201741226329 115.4063016493646
2770 221.784447842164 204.7325838421968 138.939917251627
2771 180.8760786399664 217.6044165784504 85.78916794227894
2772 174.5826425724596 218.6229597893342 95.41956166598543
2773 173.7108618321931 232.683624092496 112.0182673744501
2774 82.84786634953835 233.2756915126246 136.2169693319504
2775 106.6711661318164 225.5205754673614 134.5804724660302
2776 94.6877980971429 229.6915305031769 136.7022802415019
2777 204.9998270167614 187.3602604032351 137.5155979267053
2778 220.3509127929197 192.1328097907602 156.2622936157586
2779 191.9481583664241 219.4841437759032 84.60350841429124
2780 182.0669793506795 195.0398064826673 80.83669441363062
2781 205.5100795649928 197.2010154754557 104.2741268093741
2782 185.3543971894049 207.5786366537797 84.25499064078078
2783 157.1091974640439 196.6535024237483 80.43924290350938
2784 191.2228062960833 195.0280265744728 151.5242764682658
2785 182.0033480272859 213.93355503777 156.0289926198711
2786 181.9208476623861 199.1566673173849 165.4081342303639
2787 183.3762849989694 247.2872154411293 139.6231415625494
2788 173.3450684053907 227.9119399264061 137.6965471877852
2789 185.2481902697188 229.303470691298 188.3876870378221
2790 182.7012433132776 220.4130411869036 183.1976550166903
2791 183.024479575137 231.2235376509479 178.525766485237
2792 191.0855867856143 220.7352691975118 70.55985291356856
2793 182.7397944071979 218.2810274047775 97.02800837768531
2794 141.2778062698743 194.6866775247025 143.075942918671
2795 132.7073335679003 201.8000203032246 156.7012229468087
2796 132.5985273189083 187.0035880858706 159.1308921760115
2797 192.5152699566943 198.709602711229 86.11034971244973
2798 165.978322839385 237.5568805212312 165.4346481247653
2799 146.6994989312955 248.1687022504307 180.7258662699974
2800 155.1872523793953 251.715837155929 194.9689219398677
2801 124.257285089659 233.7101022001386 123.6501310860253
2802 113.4152288167292 252.6991676543336 124.0792636365481
2803 108.825955693653 240.8179658319888 131.4958082848199
2804 194.2203283523235 232.5907188063092 118.8444012443418
2805 205.9952998743907 210.7268412106813 198.1279445030363
2806 190.7458988866485 220.6078474825211 190.4584415653255
2807 196.3630689748381 205.4374074017759 197.5513756802544
2808 207.7756636809151 200.2989105080066 195.6972184394581
2809 210.3088421432987 211.0606958828274 182.6901279608196
2810 168.3760346619034 227.8903785217846 154.9576482188407
2811 207.7681691904625 218.4917571078161 59.62577310939673
2812 172.5185185407812 229.2947296797235 146.8820624912979
2813 182.2760887456997 210.5314534950536 135.4583578603598
2814 188.2220503650653 208.7669365943555 125.9240538660442
2815 175.0152261562662 207.1030197533459 131.5565029558236
2816 143.961354923103 232.8531302819071 96.87571997158688
2817 195.0466414502723 211.0664663807741 98.95049293050823
2818 187.0307898036872 240.6456826426114 111.6190468895614
2819 187.9827519583276 228.379002337314 109.1227887165669
2820 223.2489114167524 201.643972688773 131.7393013471162
2821 124.7287207205169 204.6247359103075 152.9170510312907
2822 124.057872041067 204.8539882257834 163.8074152718046
2823 123.4071920621986 194.1358874335226 168.0560918547558
2824 111.8463999120032 247.4450381891665 113.2384183508609
2825 196.0416869875797 199.889324502689 183.704302279925
2826 195.9724682319331 211.6147948676712 187.3613588246037
2827 196.3532417930046 195.84036834142 193.3435603702975
2828 208.9293589766114 199.7880299819238 203.4234314612618
2829 155.263376840698 188.5647232894063 140.3761736426088
2830 151.1159923850402 210.1989846637818 143.0256285318855
2831 172.8575323539539 214.1729539688452 103.4495934828809
2832 183.6603428541842 231.5019343008914 168.1152313874037
2833 194.5821521090578 226.0977481491215 163.9009510458518
2834 195.864286953653 191.6671474191795 96.7713778016539
2835 192.9945038419498 197.9923120355005 164.9646749240814
2836 158.9467501999004 205.3803984961611 163.6393803130596
2837 160.7442019698586 215.8367678769019 165.1079149162964
2838 159.0984335595325 198.0901358296765 173.9771718789234
2839 126.8413138349567 244.8431952199214 104.7590915855519
2840 163.662125296974 204.1483452715189 148.4482815254409
2841 174.528666809516 208.1494010934607 170.8474189361155
2842 162.8082875984342 234.8121949137189 125.0740633388776
2843 135.3374393668482 251.0974296369292 116.1476419515669
2844 142.5490259252303 246.245425833951 111.4060139838631
2845 142.4419166083354 252.153975070403 122.2283155502981
2846 193.2375903215944 214.0421637564505 155.8251833807259
2847 141.5073899640451 204.9679448541364 141.1958063873977
2848 139.0516934588441 195.3475453486128 154.1364327886177
2849 204.9814098786566 200.4640498896665 154.971428386787
2850 154.3886296411474 237.6701923577129 115.3177219037023
2851 196.4293886803947 209.6623116066644 88.93824974367705
2852 197.7825831922424 174.0246581531177 146.3052280441515
2853 201.3825910811485 190.1976510501386 156.8240649978082
2854 172.2148555935534 238.5629454380853 97.51157117634133
2855 172.9190388836135 231.3534197353395 163.8662291852245
2856 186.5503369795334 210.6755784037973 94.33793415682746
2857 160.962648781396 242.2109199564762 88.37963629593928
2858 203.6777833274015 211.1703613027277 156.9226931764956
2859 196.9218391868985 221.883315646308 113.0916769694341
2860 194.751262479482 173.9578836807948 161.5105496841029
2861 154.2996162018028 209.5873759707425 153.6752574004496
2862 115.5769947007048 243.6538396924461 94.26538207914265
2863 108.8381297208108 246.5757275936452 91.91741298128987
2864 145.083199322314 247.6835931084099 96.90331737062401
2865 132.3169255228473 247.5691468516318 196.3609760543211
2866 141.2531904840455 239.6873764715066 196.1292562845204
2867 141.7257114501122 199.4178415075919 216.2624453719107
2868 133.4781985657607 228.5531765006175 222.8692707150313
2869 146.0294396906166 249.908993824876 206.5452904109786
2870 155.6486855806308 238.0283867120418 192.0153709227816
2871 166.8385835942981 247.634730391345 194.1765427025524
2872 176.6422724989661 242.303629677941 195.2121804623219
2873 164.9291190386693 235.6589722242906 198.9110309752236
2874 169.6217972812451 225.1404578578988 195.0792921882393
2875 162.9236522373695 228.9981414303606 206.9734374774338
2876 162.1735293891478 200.3511891516965 232.370532956414
2877 165.5207107065556 245.6748663593565 205.4362215404403
2878 178.3501869454086 232.8083452044921 194.6552897616898
2879 146.126968120218 240.8473271843157 96.42354657042509
2880 195.0300294531969 173.6450928091652 154.0309314275906
2881 185.4513288759468 230.4637780271334 211.802241968239
2882 196.3902436616284 222.8117285308575 206.3821650473086
2883 204.6567327814895 173.4011557283305 155.7242866866646
2884 204.8719806153183 212.4353366279933 53.77837496404458
2885 131.9935800700237 220.2614655382751 143.6076954840245
2886 125.4402180697693 207.3978779414289 141.4936923350103
2887 123.2100466773365 238.6337122339529 146.2146189817359
2888 106.6734727330788 247.5706164357943 106.4665877432844
2889 96.96558136962263 251.2934107993749 91.5725487612893
2890 129.4147389294243 261.8598241262692 144.8382257011623
2891 133.6906586002904 248.1252150540286 144.2821526577808
2892 134.7471825319519 249.3494635076752 136.1912853553918
2893 192.3679229231404 183.7490478470618 193.9549607101604
2894 132.4795873529629 248.9751909485172 126.345205570142
2895 200.8813970215022 239.2251341254526 59.93578426820695
2896 126.3096048857323 191.5962999493693 176.7221095186003
2897 134.1888242999321 195.9199362132798 163.5604615417343
2898 130.7198206982336 201.9745861128452 172.401295077475
2899 163.2931819151612 256.4241526366158 127.0371277290184
2900 166.6777015766224 242.1563138327736 136.6052689650362
2901 142.286270793598 221.9351112054792 95.01770425054431
2902 195.377879492023 213.3681778798141 58.98176317067378
2903 122.270414184945 243.9856830814981 97.80755848269582
2904 217.8592699257403 213.163841206912 147.7642329490355
2905 222.6094462716091 203.9562292482966 123.2032577949269
2906 156.1585300888346 187.3980198891491 131.2738967747668
2907 91.4086556645956 240.0416745360169 142.1781991880457
2908 92.6664750099044 242.0849984791379 156.3440724319379
2909 94.01993535373308 215.5041603205981 139.9336811189177
2910 86.12289279405927 213.5104499351675 144.7532273251525
2911 93.39582624406239 221.5735276082217 152.8635169090242
2912 197.3221282464663 220.7360148103104 181.2193488476989
2913 118.0460488771132 263.9696945822667 98.6824420997705
2914 217.5546479300333 193.4781916026073 174.8520468885359
2915 136.1330795995721 231.5261434562825 109.5764750776739
2916 131.3905173427991 230.7631127114564 116.6153497675179
2917 183.4238201407391 244.1300766542088 192.9824352548082
2918 169.654255261807 242.4174626905126 119.154089825004
2919 183.5304024335576 232.3976524074542 117.4762519683191
2920 183.8180148287364 189.8993189101394 115.1110334653249
2921 180.9456184677271 222.4209939627467 114.8636512615469
2922 181.4292079908745 247.9349113433681 148.647206477995
2923 147.6466578270372 260.2348339912946 159.2218611786562
2924 147.2391133927353 254.6539798814366 157.8435525571226
2925 158.5846997086261 238.9226328225072 154.5990493378642
2926 146.0076391598934 238.0003984202629 151.1415726693573
2927 133.817508603536 235.8019413714876 154.3249168286377
2928 145.8921277908841 238.3884477417182 168.4980828099679
2929 133.9633925135864 251.3275378128335 163.7635027153892
2930 146.2211327269267 253.0353811181916 148.2382872681813
2931 148.7183853125165 260.4965320404453 151.3815654649889
2932 143.1522471305453 189.1501863162055 174.5943402426722
2933 141.6659171356307 198.1379390984931 172.8349176402529
2934 215.6538828323524 185.3902193616203 171.8878648360557
2935 169.5619604693171 243.2124445612992 84.73901404075136
2936 178.6416808621724 189.5939751916875 97.24040032178733
2937 112.4682840031477 244.1384924961983 99.68272806593394
2938 137.1713140148932 239.0290320749252 135.4479614329301
2939 131.1202576696066 230.5896916441038 143.5653012411146
2940 189.7257219438209 170.38673120536 170.519559127982
2941 195.7943875461672 170.9259457527988 170.6609910531498
2942 187.4970094541898 177.3139082017941 167.3465203037973
2943 189.4180637037958 171.9351672868701 177.4566275049469
2944 182.8485671948615 181.3597641204123 173.0057666444761
2945 189.6781165513363 196.0411014236673 174.1865975904921
2946 184.9812034698116 205.4746912269406 172.2207917571973
2947 183.5448122512102 193.3371986702276 184.6226198274785
2948 97.65795955822838 206.9915800224887 157.5171776428072
2949 105.9095576809949 213.9019295327055 142.2421945217692
2950 102.6133364450642 215.8659119235005 151.8985686834529
2951 105.1996370628919 205.1487973238803 151.6134538852838
2952 112.3553075266394 201.6010346972454 161.1413886139495
2953 115.7829785361812 203.7004375212822 151.6856914016112
2954 113.9158546557575 213.9447343615798 146.4453236794085
2955 114.4897265187692 207.9148735408241 170.2078954246911
2956 113.5396120695924 191.3760654690562 162.24251710577
2957 106.3110732020222 194.9621148091439 158.3088572131917
2958 113.1814700023486 198.6158341779367 172.1087660398894
2959 137.751761356443 206.3378463755502 164.463816566394
2960 136.9742324998596 207.2186291821647 177.0016809006871
2961 128.0850582146804 216.0977047253216 160.8247220987469
2962 122.9796080229925 220.8404805729312 170.4498147220665
2963 122.1978984525512 211.2074861108318 172.5772587746061
2964 126.2718557284789 207.3258914318878 181.9101429531924
2965 118.935374013409 203.9353632035441 214.1440138234397
2966 118.5190212647546 183.0406798431839 217.7550484603206
2967 96.08681795765261 250.246502507473 104.9968738646236
2968 213.5474669684201 199.6525619636574 187.6283218204675
2969 176.4062051613312 263.3867736088502 79.54502649334742
2970 166.57990235089 265.2462361936141 81.88184463414927
2971 113.7537515256257 229.5783480145711 145.6804330400235
2972 104.9444066289794 225.9799402959825 147.7520139236274
2973 107.4920255854259 241.4270534381452 143.7991674469175
2974 113.3273713064927 223.7364726439983 154.468017282911
2975 121.7858277119577 263.9554340161873 131.1461387025259
2976 118.5701894568983 256.2247450934809 131.2111412394769
2977 94.33481399237978 231.2086424815433 149.9442052423567
2978 81.2367771592057 230.6302881461078 145.4597028837521
2979 104.9397837761535 234.2825805264368 155.3898725477634
2980 113.7874663084377 230.8622303164781 128.9380306878151
2981 181.4911382401015 245.3381094285049 186.9435470114994
2982 157.3835313035932 212.4203884440639 86.17349680322771
2983 147.448334924963 213.4217241162787 92.43201269479299
2984 165.0508478394213 188.2794363506525 150.9562841766518
2985 158.2814374947733 192.4390382673097 149.9346896947775
2986 174.0428227432859 207.0197016011647 152.3913445942992
2987 165.0607783444416 213.9932815156263 155.1510309782884
2988 161.3503202914144 185.3929822451617 157.9511288208845
2989 160.877710701431 185.9925361608945 146.5879012817935
2990 183.5317116700269 258.6832177257803 74.81503648666811
2991 183.3780547484677 241.8644883096378 79.09919333332746
2992 172.1575330916228 256.5986541850905 127.7431906341564
2993 174.7203676921675 233.8019807513661 124.1601711423812
2994 115.1906357782806 250.6974779106627 98.60132055043054
2995 141.1234962570226 216.2485853470961 141.8514395757666
2996 142.5255403886651 206.6530619997853 153.5614098854841
2997 205.445955734878 198.7153867506095 135.5115221164607
2998 191.1787049868097 207.0022172998762 137.1210088349034
2999 154.4255499837056 257.9791119753215 156.0433384540594
3000 155.8446510727709 229.1261155588836 150.1422906707285
3001 195.2888453215861 248.3030675319926 67.53523806562262
3002 206.9786797298715 175.3830427452274 173.81903004737
3003 195.7266056275285 236.8098488407216 70.67208671359755
3004 207.6417136527255 219.8658868437326 185.54803944688
3005 194.3609728609145 208.6333026470292 171.5884378941177
3006 176.3690594068244 249.7385945405344 79.79240341435779
3007 186.8536637924457 213.3548988768076 68.42873255423183
3008 186.9811284076894 213.9709788956442 76.97499426978686
3009 195.8518301368661 219.9070613355367 94.81469598833068
3010 178.9681793323931 216.2141861411352 75.774975338817
3011 185.0066235164403 222.8644647651321 74.76638558381731
3012 177.3197772304378 223.3429483954532 79.1625054389494
3013 181.135398411823 216.7850621922158 108.1861319191038
3014 185.0376076634041 231.4638571701201 75.66925934371916
3015 177.258988191022 233.3266840578027 79.84380450217927
3016 215.090487920935 192.4614484149885 182.6873272656496
3017 75.8942237638046 206.0612696135125 142.9428803907333
3018 88.26448090237172 207.9356526010414 160.0907529459973
3019 75.16130787164903 196.3866835034845 150.4649288117565
3020 154.6575744679709 187.3672967566355 195.111710314846
3021 163.1873253894647 185.1051705911284 195.3880385558677
3022 164.041183822985 195.1785370815673 195.2330235150203
3023 154.3414557062611 197.4341095830476 189.9910895726525
3024 162.5836616944335 215.1810748659037 193.3555901666972
3025 163.4476971126065 200.1741475745545 208.6994281887035
3026 162.9996776984055 190.2973764127499 204.577065242461
3027 166.1775531100487 188.0832821950909 215.2863893508261
3028 145.4553525233601 191.9946346066729 195.4436012419631
3029 138.4420563950324 189.0032327714496 190.975186156272
3030 129.2253578656035 185.3144504093342 193.7376559050232
3031 135.2163819993326 191.3778005789208 201.2132440127498
3032 133.0782218150187 186.3526158050868 236.9471880839418
3033 142.3141129941573 196.1693184552315 184.7845164783801
3034 143.2764682119235 184.2940690368964 200.8408067283621
3035 141.4474242392488 188.9457521857969 182.1214742614025
3036 153.2614109011476 208.9413692792711 192.1033794311149
3037 148.9782035974713 220.2802207519072 194.1787631757081
3038 152.9846115114053 214.91773770479 201.0773407527965
3039 153.639511560989 195.5232559520587 202.5802226257321
3040 151.2007989085723 192.7411224398799 180.073516365076
3041 154.2873948899357 183.2540368304331 202.259806311613
3042 153.9017655450014 192.8171390882884 213.87357344028
3043 153.4147309723974 181.9191440355818 221.9137865206374
3044 148.2906493776845 189.3549723402808 189.4993437091391
3045 133.5895900592538 198.042549093782 182.0140438549003
3046 134.4749193525325 187.8180698467818 185.9008647773815
3047 123.4990824822841 189.288710130404 184.2370026447555
3048 142.2537564001035 211.8723782345552 194.5374538431008
3049 144.1532129934817 197.0612314520047 205.5082682130579
3050 144.5887816794312 184.3796765218686 211.4489389107929
3051 135.4414377666056 192.9804074358308 174.5105542735566
3052 116.5647001794098 209.9083169109999 227.0874441404417
3053 152.897237921344 220.2624397410599 248.6387221805594
3054 146.2295600223547 218.1588828551818 243.626380209349
3055 130.423749058156 220.735498518423 238.8535780899535
3056 129.5220622937102 216.524590124181 227.5206990693104
3057 141.8616551059118 210.2957319938821 247.6491735109554
3058 155.6213112670554 211.9699201359208 246.6108285652681
3059 142.4232196082839 200.4394087385279 249.5363708214743
3060 142.477546699179 212.3530213578043 236.7865912837589
3061 135.1743685244865 191.2681771346609 250.7539586917584
3062 131.546105994498 203.4936570391515 241.728776891875
3063 131.9149633480729 211.7901504382257 239.6759345625015
3064 128.5798587187205 207.4163785596953 220.0373265123647
3065 82.13268523479478 219.7363299152341 176.0444005423222
3066 95.99588936925882 215.5856984152445 173.9712164835213
3067 111.4137848179346 218.4690307719248 174.0524614609105
3068 95.53302327837406 214.7515807941993 159.5197142983745
3069 83.14646731335058 208.884615187207 177.6954739709291
3070 89.67720228959817 221.1536722702605 165.1183866324037
3071 74.79280782947799 210.6938625170896 166.5573697844331
3072 85.49907564751645 230.6429448537816 170.3499406062843
3073 94.59181538541172 233.9487889725312 164.1107419140413
3074 112.1643740241948 229.1642238939742 166.1274268325351
3075 86.37328284887133 233.2730447248356 159.9697461044266
3076 179.5628926437079 181.5496098049312 233.5309994679205
3077 165.708390576813 171.5336009315253 240.8865875846847
3078 159.4029661976536 187.5561899523009 185.5631572225369
3079 91.05742365178375 231.1316474500021 187.0708683749131
3080 102.5559429516088 233.5013296277889 182.7861711638986
3081 110.7714599840743 227.2687386923799 182.1193462732898
3082 90.61857780508636 220.643129942056 184.5897810576232
3083 91.10457209249705 228.9028981154416 176.2413119270356
3084 81.3688690891246 210.7805797375104 186.3232045146236
3085 101.3256696439421 229.9696323853952 172.8849284111868
3086 120.9355505438452 229.8970459870353 174.1818476252355
3087 102.1745696722442 239.8188268841621 176.3851282279728
3088 112.1210071758207 236.1595790557936 174.7488117908479
3089 101.9474763575737 240.8821064470316 165.1810200581228
3090 196.5640933987278 175.2303712556356 203.4647319686941
3091 99.61427247332399 237.146818762716 193.6472777521693
3092 102.4524734888908 227.9442601893969 191.6164575887817
3093 92.84333106487487 222.6134950439744 196.5915491481188
3094 92.67160745416916 210.9766848451864 200.3037510717593
3095 100.4301922368152 167.177389365147 191.6393478631473
3096 108.301120864924 173.0674711641656 191.965669050596
3097 116.4622863817141 174.3814451727669 191.7223799254494
3098 117.9598290687092 188.0586776781736 200.375660387139
3099 113.9674506513051 188.2722476104966 185.3688481826863
3100 118.9393846215061 176.0254231353225 200.3485889984937
3101 110.5476434785997 181.4497914153789 215.614615179549
3102 126.1747992487268 195.0386773467525 198.6146558500981
3103 124.2867591719014 198.130219068053 186.451905181232
3104 127.7755132064197 182.4897281646607 201.7040030109835
3105 128.1805998737381 177.5208662112035 208.9468242881401
3106 96.85947552097932 166.535683168533 203.8558419586342
3107 92.28025876415032 178.120255079254 205.4808445906658
3108 92.89418759236233 193.0372681971782 186.9398701682172
3109 91.07611079581179 174.9441370299295 170.6819941699544
3110 85.23007639197854 202.4307518147318 186.0625964169535
3111 90.85213483447914 176.2874219267178 185.2140335484668
3112 85.91096826787359 189.0168857473543 171.3133333478322
3113 78.95845130244055 193.3391263141157 166.4649176175841
3114 86.46005110189773 176.6647143551395 196.7244715905332
3115 185.6289995702243 193.4143122984667 212.8889123742923
3116 186.7059599054272 208.9984205484926 212.8626892807791
3117 175.3934182386777 191.9902418359521 220.8436057361052
3118 173.4206947279212 195.4066689503749 208.1067471668169
3119 177.5417214370936 212.3359439879079 215.9219068494238
3120 172.8569054994344 202.2947031391459 226.1300690918553
3121 174.6728398840215 179.6455288532556 221.169390551322
3122 170.1059494701169 203.4809850665868 216.5066279604547
3123 165.9125225848883 185.206864264526 229.626635107773
3124 121.0830059595484 221.5339715555178 224.7525671506206
3125 132.2302483768898 232.5053318598015 235.9311022563114
3126 121.6460026583994 230.433762426291 227.9413137079893
3127 138.5362228244356 223.0144560542565 233.3287730922289
3128 123.1444865642274 202.0745445556229 239.3772261477373
3129 123.8919034471669 220.0196762654541 210.3235766100773
3130 114.9637277118072 222.2662039301347 214.1742044661512
3131 183.7548310710215 208.9082997105135 234.2808495533785
3132 184.8903413948832 198.5409242074591 222.5724847190217
3133 196.9017594650616 189.6946820548325 216.5186357800645
3134 195.706449375767 200.1128095319818 218.995209783373
3135 192.9088894977455 200.2329356573572 206.3979654011764
3136 121.1820614312605 248.4453612012995 206.1120459285423
3137 131.3298407234605 248.0807238265486 204.3793638336712
3138 109.9796210179518 241.2019618426579 206.1570033759278
3139 137.1023235912454 235.9096953947207 204.2943884722668
3140 147.3838670483705 241.3710239658867 205.496330406698
3141 133.6033470744174 232.5714729206185 192.7145838356762
3142 125.5999946368668 241.8924684134148 206.1064292555702
3143 123.3820738379359 233.4351907665491 205.2090272004239
3144 123.4671382128746 245.8730636120266 217.2102193287798
3145 123.6343202598179 237.2272489832011 195.1774991658253
3146 124.4384190707683 241.306117476782 187.2643427467906
3147 122.1364028774745 248.0590677060319 195.9379868641441
3148 119.1527733483666 249.6444215595364 185.1454047932263
3149 153.7784362640153 203.3025802792197 253.1998315981379
3150 93.8817222631928 198.7475908145917 175.5372428534306
3151 92.28178058928695 206.786586996937 167.641389972451
3152 103.805485655894 193.8036335460328 170.2709291185374
3153 178.0320630186125 234.9374811349212 217.1266166295617
3154 169.315892694495 227.1782243197284 214.6622821508962
3155 178.5770998969646 222.4198715694475 212.2342953739551
3156 190.743727415376 222.6019591175793 215.796980637576
3157 178.2130124676241 227.9884289332026 224.6484693338925
3158 130.8017088351314 174.2047376367154 247.6103059386384
3159 121.4497411392081 172.3195248303979 234.4467618163414
3160 111.2642964208411 176.0875073106365 227.0636327432238
3161 101.9148756308868 177.8505762041773 217.522612100942
3162 112.0255977830202 232.3577476494757 213.397192668789
3163 103.0160041731491 249.80231037868 164.4431334265068
3164 102.1698561251672 248.8739275013585 153.8850276031725
3165 197.5594163519091 210.8978567422697 215.5251808279856
3166 197.773872049937 214.8472037121347 208.3233105308617
3167 157.3784149126813 174.5348603712013 228.9603788130214
3168 164.0408975570834 177.849998010318 250.9560616914775
3169 144.388329453087 183.3390280996882 222.7225973371966
3170 147.5839445460171 181.3081723843978 236.0312450042733
3171 144.4485820755411 167.6325867678565 248.1361913331378
3172 149.7202161563868 197.9992860781631 224.4712470599456
3173 152.815726809638 190.7489827629614 232.3054608725217
3174 152.9176474886901 173.8590355640336 250.9858982818742
3175 139.1706488670839 236.6901630409192 220.2293717943901
3176 155.5177671907658 230.5229752661992 226.6995157333652
3177 152.9006105283437 246.0735646552798 214.6806086977031
3178 78.02153537653861 177.5572810039607 173.0282179251266
3179 90.65470241536292 202.1878864553452 207.0295493527478
3180 100.549081950862 198.4314007926784 201.6781681389712
3181 91.50201594624626 189.9797837802287 208.0399830947297
3182 89.73012638941665 197.1528292781713 197.4270682360649
3183 106.0676350132374 208.7193702897655 190.3905875266608
3184 93.16745821002681 209.5485214231187 184.9551375408543
3185 99.75991662691415 172.4089488329766 180.2203085543965
3186 95.97151355035049 184.5358062462649 166.3135910644713
3187 104.057789349528 183.9998579183958 183.4527800501974
3188 113.0597068168952 185.1879516627659 171.2866729998149
3189 177.943067351821 188.8792935823805 246.4969077316471
3190 168.3321143007214 189.9232280941564 250.9633769302158
3191 177.0999084295195 200.8082576195127 245.2007084193305
3192 176.4050137973008 194.7907191317761 232.6053423210911
3193 109.1678166250944 248.1206912700127 175.9124899060757
3194 97.41339598692468 211.6656019985746 211.7503575877208
3195 98.88661199878901 220.4711180982498 206.2537317267148
3196 175.7207848180916 210.3775972551875 245.4591277690198
3197 164.6172928855217 211.6143417043166 249.3920390560006
3198 172.3553311442103 209.4982683449786 236.002023665016
3199 114.1702385233148 254.8096118744246 144.0147396123251
3200 105.350080134535 254.8072367290538 146.0299382607488
3201 83.38474613474196 217.9738524246717 155.7784173537156
3202 145.6302771369796 236.4488861354866 235.8432987856705
3203 131.0736217428092 241.3056914094585 225.5415740193136
3204 157.9541629188516 235.9817322333822 235.5485661877756
3205 145.6075076528581 227.8239330600902 224.6930204180159
3206 132.3421282730637 238.800374743777 213.3104597972932
3207 106.2179207896376 178.9383315864578 203.9009092276895
3208 106.4591292933846 189.8309754109332 206.4812510067001
3209 111.813318902736 238.7388711239885 183.8761782298628
3210 101.5791554871043 243.0877759798772 183.9374744802284
3211 113.7724520976944 238.6545251034128 193.5609242765041
3212 77.62137977125441 205.9562187819661 153.1010794422125
3213 113.1573687320915 253.6603485176693 167.6889696980565
3214 125.2425301441923 181.9873137098637 225.346201466742
3215 88.24728024026741 167.6642780242264 176.2151970001677
3216 85.24973746988162 198.1466921239326 162.803269740083
3217 98.52761780311967 200.5244450217357 216.2254480266437
3218 115.5524049075888 255.7850061825912 156.3673728860584
3219 134.5786175081301 206.2401824121767 186.5174799780313
3220 157.234269517087 242.2765170979382 202.3647806292938
3221 156.2767068746587 233.0411694546788 206.8079321205308
3222 143.4939598942667 231.1307371884995 212.0385388176475
3223 143.3681578758321 242.2585311936288 212.5948317557694
3224 110.5663003734477 197.3426153979297 192.2082775045605
3225 73.44965885064191 197.1966043709238 161.0233418145882
3226 83.67693688156277 199.0788251072198 173.6123735762606
3227 97.52782957203144 201.891309052143 191.154271108159
3228 125.7656081135933 252.3353935274216 156.7340120646737
3229 140.8624479338573 179.1857255164328 253.2732552314535
3230 155.2127922433713 190.250362329222 253.4657781976274
3231 152.645711303658 165.4072582787397 239.0504622832764
3232 75.62656626364516 215.2129726465447 158.8622041776192
3233 123.2401268367596 228.8655955038982 215.2168831823132
3234 189.3408761067349 184.8564925505577 225.2286332134893
3235 194.6069195438123 188.6585311490511 204.6660376739455
3236 155.3054658335436 197.9829292802222 242.6945086925022
3237 184.0500284060055 186.5325381635906 203.0439435946316
3238 109.20966947765 211.7500243718988 212.115817660504
3239 105.1632403319552 208.1600274425759 202.3735962003667
3240 165.2218686477997 201.7408179972376 248.5458807910548
3241 110.4965140489509 228.3117406659511 202.2502726371629
3242 116.6132744611289 229.4908691078617 193.4797687957616
3243 78.35442628342986 171.629469126898 166.59480046505
3244 139.001887618693 249.5460874658619 208.7447221133751
3245 164.5724966565951 225.8760780655023 241.6698396222056
3246 164.206777438089 223.8348283144545 228.5415718240924
3247 177.2315722521807 221.8009372531529 234.9195197711472
3248 151.6808488898536 220.3852751714508 235.290033762426
3249 161.6251597201637 212.5272100882035 236.1660154514268
3250 166.5065003106072 236.4026050762972 224.3075582475322
3251 136.4981490838871 189.6443957297728 225.6388069792398
3252 136.9921340917946 174.1889463280577 232.2887551238565
3253 125.0608838734275 191.1104557927901 223.2418403369302
3254 117.5878348685021 189.033891611149 235.8149783587364
3255 140.2575924484257 179.7272480811666 244.0250358222924
3256 137.683176893603 247.155654677779 183.4091127976191
3257 134.1404761852513 238.6119506699555 183.7275464545319
3258 144.0147016823904 240.1950098272082 187.1614537717371
3259 145.166364550312 229.3145889074274 193.9982878046881
3260 125.0822653849833 260.984736300036 154.497005149063
3261 164.9610722107791 206.310993519089 172.8950975130211
3262 113.2217620701019 243.9956943226719 151.5927839267706
3263 130.4616358119961 196.3684553765261 212.8460595149686
3264 186.376156216197 219.1547513676526 204.7804375156059
3265 175.0534382709309 211.4304247053818 224.1522602967599
3266 122.2543729451405 252.8707963981666 167.0206505943392
3267 123.0355837675061 238.6250887241849 165.7375326017732
3268 122.3645210612345 240.6129373633653 177.2667514480987
3269 115.2319356766029 191.5497610630201 214.7318757862849
3270 118.7453439812581 198.9518948792552 223.171512668426
3271 125.7322932643333 210.9121141741074 210.1292043583315
3272 109.4641676788637 187.548972004421 227.3322001958326
3273 109.2315410520413 200.1463766489571 212.5845173943465
3274 160.467867059939 166.0633396614682 231.0803836848137
3275 84.23264330224843 157.7066580389162 187.7622586106441
3276 88.76803427494265 164.691297510899 186.6362085061851
3277 123.9678727395908 232.8763855337302 184.3596108473665
3278 99.97422792975112 188.4604760581362 218.7854904937574
3279 104.2303278735767 216.0591913052235 183.9318336569757
3280 113.8794612611849 217.2739711166905 182.8067642691949
3281 154.0370666353762 249.7577979694645 205.2520851221973
3282 83.5968395158076 187.7865469929357 191.3294410803487
3283 185.5635970643478 200.0235182679613 238.1717528792391
3284 175.9074107106804 238.611815440561 207.7415872657479
3285 173.8571314848313 219.1542778149092 202.6305494086346
3286 132.6848997846444 228.8160497235578 213.8086815943758
3287 143.8106022434599 212.0021565365392 209.1368746010895
3288 105.4594574614328 194.3953584985821 181.8083651910996
3289 199.033988021339 173.6709770818514 192.6075069755547
3290 104.9348558849581 211.4578728892187 163.1572988621471
3291 125.5297813685719 187.4307273070112 210.3733408863035
3292 75.06594481047352 195.815246908899 172.8018070883989
3293 76.97368869228163 217.4576992567364 142.9042789270602
3294 159.6896599658784 209.0068718477455 206.6729916966623
3295 96.61612609044931 170.1930882488115 211.4305129701107
3296 144.5714922028196 197.7049568774679 164.8037014103593
3297 127.7647335382269 184.1041783846627 186.562016094057
3298 116.7139866253198 208.3494391059077 205.4689977111189
3299 144.7408525173309 209.3133876742778 170.1773600250065
3300 151.4592332068314 205.748676272985 234.2138268698825
3301 140.33768646032 199.3541927894751 236.4242023833206
3302 112.699054151256 227.945771320662 221.6846671963187
3303 116.0115680121038 254.2897250781587 178.3898231784699
3304 112.3783105692288 242.6229838615803 167.9561896443086
3305 113.9088417359836 217.4858549570679 205.7329581320241
3306 81.36303968525361 160.2102005901666 177.8306331260292
3307 130.094695738609 187.3089637324318 171.2508206993105
3308 181.1018255486586 169.3012403058057 215.4330577822272
3309 173.5678582833166 208.8993893289582 205.734620940332
3310 77.6340528774664 203.7475204735809 169.4138458261575
3311 137.8086198501768 187.3740936745161 166.8313778861951
3312 184.3744682390392 190.7842770562237 237.3245510355826
3313 119.8455842774396 173.4260960490735 208.5803536301515
3314 117.0392453429452 181.5551818142153 208.565064160508
3315 133.9852949521302 255.769654092605 186.4531246790476
3316 129.7518468405535 248.4839460713369 186.0137751868948
3317 80.38419938597191 171.7619665471371 185.5784839671602
3318 133.5057670292442 200.0768977499163 225.1100050335872
3319 103.5491169516345 219.4218581063712 195.92080497944
3320 155.2016554800486 255.3826669179489 178.5281817148973
3321 117.3503165348928 201.7290522736882 232.9669556014054
3322 111.7247400073982 177.2567840567865 182.2860708958006
3323 101.9335145068375 190.7812555434368 193.9647336425493
3324 74.6823744461194 185.0483321355643 150.7027168704432
3325 210.5308818151047 209.9909563895027 190.907037928668
3326 127.6470521742576 259.8603391069888 162.9939102119136
3327 188.5771908665906 237.5935701858414 193.1846174616068
3328 125.9508913585899 255.968038153588 183.1278655911025
3329 174.8274075131964 168.2721956087526 221.9533677735275
3330 165.7120685337294 212.3304705677572 225.5575819394773
3331 74.74995283913735 212.8395428444695 150.9815233651608
3332 171.4711545112639 208.9305645324295 181.905322439374
3333 142.9815084301025 255.6146633519926 193.4531191252731
3334 116.4036488057199 198.1269580915204 205.0376065682123
3335 87.73955253541513 245.0624507371939 133.1676435448254
3336 128.096234620817 254.2374512994381 191.2344392323985
3337 125.3255385850677 227.2944314653374 195.8424757816068
3338 176.7463584887816 186.013645521734 175.6987901382659
3339 133.0896609226309 259.2848036518738 169.7408719586458
3340 117.4580168540751 260.7806419085908 138.9828812310453
3341 109.6394414811252 247.9660702635177 187.53957070601
3342 176.4794894349191 172.2974920680826 234.0799522198499
3343 134.9948803570735 186.6178154057937 178.1183634942002
3344 132.1714988994809 234.8720356174949 174.4861536356376
3345 135.0578987544347 238.760699064365 165.5247708104183
3346 147.9684621647888 243.3874453395181 228.4156387545084
3347 141.5817294223688 211.8013717612227 224.4774044798784
3348 90.66673735345323 226.1057181034129 128.9642094328858
3349 109.8517685451285 245.9220616044346 197.5758340450658
3350 98.69963919116073 223.4759988576228 131.7950401879167
3351 165.5828314567518 182.2627348623679 204.2671258670157
3352 179.0679458551902 215.91385751965 241.1644327089657
3353 77.72955300884387 164.0434207102344 164.9097493943507
3354 118.4748673046787 260.6845177320273 149.7383921385072
3355 191.2700155121669 208.8690940907179 225.8883479650181
3356 197.7963769577055 206.5900762870302 221.6377789263446
3357 143.8099147217054 225.0969081792354 247.3008143297073
3358 135.1184797912746 224.4862988649303 243.4121992866482
3359 131.2831028628702 194.8490030330283 149.7520005484422
3360 137.3363898151971 256.0802937531371 191.4242645126318
3361 138.6394204509081 248.9649453933471 191.0539136478201
3362 90.8185948409422 161.9759890776761 196.8553145367259
3363 131.9764991136677 249.1989629345338 213.8470757299542
3364 202.2249948737509 218.1847374226117 200.0699181213421
3365 195.9300539378788 215.7575446097051 197.8372302074035
3366 185.711366848853 209.7684637016846 198.2326024176056
3367 206.9605873515741 217.8440472793741 193.7683346119741
3368 137.1238624500679 253.2337256233518 198.8298919252587
3369 199.4103331158429 225.1674374976964 197.134834433793
3370 143.8995436399706 254.9016983361755 184.6397747358344
3371 172.6863769067491 217.0644455625502 114.4653120689905
3372 171.4680331357276 223.0691310542412 128.7866615588831
3373 146.701567652613 217.0059643582793 101.150449559939
3374 157.8353753175236 230.9907587340703 99.29257885612533
3375 156.1827025698236 212.780996580073 99.27903814751414
3376 156.8382574105179 217.870656314702 119.1337844572954
3377 177.0670813605414 218.7687657482186 136.5330859648729
3378 171.662563080372 217.4960831053594 148.0451012230926
3379 163.7896516266961 230.6786264038238 137.832708291859
3380 152.4698588423625 231.1710807097763 136.3072525174936
3381 163.3317070329601 223.7032343839492 147.4027378521868
3382 161.2025372712434 214.4752387881158 145.1626915007351
3383 183.4798194710947 221.568138861816 129.063346610265
3384 145.5554502582355 218.1013028969433 123.1752793404961
3385 152.0137981658843 218.5876636632337 147.4844610714428
3386 207.8454268501392 203.5922717097766 97.07744643911583
3387 194.0275233589902 208.6591662121444 107.1052245387341
3388 190.0879358990396 201.2831660100817 97.17538470280631
3389 189.9666224545983 218.9951825809984 103.4833930383546
3390 212.0990960380821 202.9660371696988 79.95357162554249
3391 210.4154632164083 230.2980060923521 124.2916980363043
3392 189.2467762647765 223.2437164570239 121.7682688533569
3393 181.6564828847978 229.3143122445814 134.6511934590971
3394 184.5870594005191 232.3220167647495 125.3390376733995
3395 207.579188610973 217.0175029699525 91.01345070479
3396 209.6897215183899 216.824110278968 103.160539432764
3397 209.343524292998 203.0579412194567 120.1866843269088
3398 185.5440393586767 206.6367051304873 146.1784717695622
3399 156.9882086047896 191.8971526084987 91.67156164340408
3400 162.4452704340666 204.0466314509073 91.84738860476998
3401 156.8356843337631 191.9806502529563 102.5196846289004
3402 191.0234527302038 191.3203433323698 54.78285067538564
3403 201.3783570324076 192.6424983622088 62.50449197992386
3404 200.2513822712294 201.5650200491667 53.42353905196966
3405 173.6868612404941 216.5839207151573 157.7494707668199
3406 154.8782944916851 211.0291781016211 172.7078791298085
3407 166.4601388254205 217.4433785565198 174.2040160835533
3408 147.9750456071848 195.6066776524958 154.7733976756075
3409 145.054339558016 214.3774456422424 150.2773087382461
3410 151.9202605881259 220.0036454077423 166.3122900319641
3411 177.2226044477588 221.0293202982666 175.1530607860931
3412 167.1391763936565 229.048617842193 175.2198530894309
3413 170.8974245867784 220.0285458815941 184.7176800063505
3414 150.7211270112763 201.4585951064194 172.2197386911404
3415 144.3569866531704 219.7644188028959 174.6804905046112
3416 152.9320516172779 216.9789407892478 184.6860701329562
3417 115.3662233207338 212.516432042485 156.0635053478406
3418 129.2318352050897 214.3421277647759 149.4764233037015
3419 144.3510308871554 227.0055816969292 148.6110433964302
3420 134.845006368102 215.4805871548756 183.9165890869425
3421 123.7659738220132 230.5446977187615 153.2106953474958
3422 123.4629804670961 241.6995982390406 155.3229088363434
3423 128.3393097237437 221.8981970210141 188.2011127826944
3424 133.5098675864799 221.4652513019601 167.581234914228
3425 141.027732285291 216.9359860991582 162.4275100406765
3426 115.7656454391781 216.0129674424815 164.7214974795387
3427 127.2732580364191 228.6350621150507 164.545438853762
3428 115.5825530483419 234.8243467862069 158.0431080069588
3429 138.9585556108709 228.8645281957091 168.0496628592961
3430 122.324348900956 201.2097303262427 175.7429588655482
3431 105.2279510988749 206.7186515521639 171.923814314386
3432 129.531516196051 209.9053332850175 192.9777836935404
3433 117.572147090698 193.7290272812078 178.476770673075
3434 143.1697058781923 231.5466443328477 177.1153812885674
3435 150.9149349688107 228.8561083254048 184.5332703421081
3436 136.7293642396085 228.7166575144159 185.4954794653133
3437 142.9868121432037 221.1005439094364 184.9865178775558
3438 135.7943421140171 221.1062171667281 194.3161232999813
3439 133.5595356946342 214.6531226754876 204.0350155223227
3440 147.1814005751893 201.6540894477781 195.3700523023187
3441 153.7301963032702 213.719389764673 213.0951408016875
3442 134.8128157272085 208.1667330670779 211.87186487458
3443 137.7555680273043 204.732106612403 203.1413467577224
3444 133.0224101853205 218.8810784583403 214.9992462954541
3445 127.6865041777162 204.2688971729527 203.3241016423034
3446 147.3653510665164 238.9631861099428 134.54695868114
3447 141.8391283046866 243.5878983071801 128.4883989285497
3448 135.467916233129 239.8008894696189 145.1504975654584
3449 117.7220478385709 233.7120358578383 137.125032074023
3450 148.9039214551125 244.2942107804498 119.8156669857071
3451 93.37630804357923 236.6847964906674 180.4475334286703
3452 168.3468551988721 221.5344869325407 140.4543127115253
3453 180.626599925661 215.2174114267319 144.6979091292202
3454 169.5057881095065 241.7402545679429 156.8259392373341
3455 149.9760689940662 241.4518027720506 158.4147496180605
3456 150.8754971657793 239.7299285758764 179.54356271252
3457 129.8334661767122 243.9347570336252 179.2661685159463
3458 149.5405343393621 244.2393621757062 197.4634031395417
3459 130.7779507210881 238.7166473860231 198.845092238491
3460 120.0287237814134 214.4377587326325 139.7276884655844
3461 130.2575721087698 213.5433095143158 138.4880517128422
3462 122.2982210018954 210.3669421851767 146.9271447933048
3463 157.7470198690364 220.4463857756655 156.5823251439177
3464 167.5527377300582 221.3749730444823 161.0161506476498
3465 183.4480636965348 214.3466527490006 174.3112032710299
3466 175.525391692465 229.4036235358043 173.4633762176611
3467 172.7568045120406 221.471614394348 167.5056550077383
3468 185.7175049424964 221.8183096316386 164.7085899890026
3469 148.155362557885 220.8566353033282 155.763360850221
3470 186.8123059143845 222.6066072572567 175.5313864086921
3471 184.5795970615403 210.5816618666401 185.8621968701114
3472 157.3394892025557 221.4774487010833 175.3391079122545
3473 152.3214358006269 223.9191513944269 206.1460029537994
3474 155.2897931707678 231.2518951432938 216.1449931666191
3475 173.8986450881446 212.469329444102 192.6195052117739
3476 167.8083585247697 214.0569440408395 213.983138408703
3477 163.2528672046712 219.3545612794613 205.2906753922784
3478 154.6751650979737 218.3449091701085 224.7749566550054
3479 124.6753093498627 216.1820846577911 200.2833178200156
3480 131.0073831629535 226.6775465417941 204.6350058415955
3481 183.9855486076186 231.0026525191485 147.0874357957667
3482 168.0388651933491 201.7965914696264 135.1820330259814
3483 190.5010229196936 248.9719085410332 104.4033878237597
3484 199.6352863211618 179.8600226073452 124.2154208174733
3485 195.8065294113286 191.5154429631217 123.4990297549114
3486 196.2520515843262 203.1542647353484 157.1093264821289
3487 186.439757001565 203.1242722695183 156.3624963833369
3488 184.5800987726032 190.5232647916167 124.6641934168262
3489 200.5755303339027 178.8708693452149 113.2283412668948
3490 190.2808766484589 183.6762787439287 118.2386704664672
3491 211.7009830158179 180.3052108916211 132.1027307590693
3492 211.8925511950536 193.1400829997295 131.2501940439582
3493 204.1438577633558 226.0884701500836 106.4786461276788
3494 212.3513760762353 228.255255103218 105.8436392952148
3495 192.2699996286814 231.9814132312648 84.53679545251809
3496 204.7126351527596 237.2500465378677 84.84026410134319
3497 130.0531213951667 255.9474595140651 140.6632339174091
3498 130.459839065462 254.6716367195878 149.1024848787111
3499 128.1323540924927 256.3254316391379 131.9567295199127
3500 139.5888168603517 255.9279113363358 133.0320297076402
3501 129.995383804225 264.3026200658288 135.0234754810737
3502 151.4121159896973 246.267133237098 147.5021283771152
3503 139.6859397822941 254.9391051901314 152.3275070527245
3504 206.7672866679709 201.5692514654927 179.6406107105596
3505 185.7635077709795 195.0125640159038 196.2180390751109
3506 181.7038884448422 199.5942983375971 204.2886526896066
3507 171.1364824385186 187.2791027778808 149.9992608716843
3508 181.253472554268 188.0676354746917 151.4511468142209
3509 189.3895102881188 180.557167877314 156.5812567994781
3510 193.5597515413907 237.6392962511582 154.7330217199389
3511 194.1056703887608 225.864292501794 152.7295679440518
3512 185.9691857254222 220.9062477629138 151.6947092406464
3513 177.6195025200617 222.9880289964711 151.6882038148084
3514 176.5981230352275 237.7134726107545 141.5715712846811
3515 188.0142694221537 236.8901910078699 139.9431422933833
3516 186.8252647924452 223.175411720285 142.6027373274083
3517 190.648527800325 246.014713664627 134.0573934350832
3518 152.7484760450122 200.4980306903076 116.2919703351398
3519 165.8007404824665 191.159295445158 122.7474280541981
3520 155.3083307621087 196.3317719431083 124.4725734119229
3521 193.0082721255658 238.4991922156996 102.5630947432783
3522 210.908285720251 194.1020700374236 160.4873494934782
3523 210.069091783844 206.7145543804459 162.8586538052436
3524 209.6851951144776 193.1818415852539 173.6130513482246
3525 161.4541104448111 234.8926445395751 90.46237717217154
3526 162.3547234793029 235.7230322722969 102.6129476335453
3527 149.6808503287898 235.336255115089 101.8277865472183
3528 166.6756424634995 224.2031698690706 85.16210377252196
3529 169.7926044124018 232.6323695338352 84.34580023430111
3530 169.8789261205803 224.5417504272646 103.1992187626724
3531 189.5963222542561 180.8793838270969 95.30179884723474
3532 185.7845691091362 190.7747920894176 102.557882486966
3533 184.4774258859564 187.2279973036675 89.49753199870489
3534 176.1790534903459 186.0456354080061 63.18332566740122
3535 184.4345542762381 183.955604302029 61.91378877058359
3536 187.7907394576601 183.431311124822 73.54726905097699
3537 193.3655727491659 193.7278395661532 73.21425044870593
3538 209.5220456224199 215.9716133638324 131.3136724313483
3539 136.8379921449415 227.845526785649 101.0387463872166
3540 141.05426065681 218.7855111954599 104.8723720003789
3541 139.1346013884514 223.2186185649932 112.639787336699
3542 203.1324931699733 238.0258371187115 126.2331792952943
3543 208.6693316279071 215.616365044854 142.3835626264302
3544 209.3540799341452 216.1686238281567 122.3885631551797
3545 218.9323499443308 217.0290149780933 125.2213851796094
3546 154.165191379608 255.1559283473179 123.6788199759026
3547 153.6711971948392 208.6879303356055 226.2009174725507
3548 147.0371228349061 221.4727319135175 215.6882057828754
3549 169.1837257831773 236.1731237531429 187.7280132430831
3550 171.6424350148978 247.9511713932354 183.6544198688539
3551 174.0401361014187 237.3526793501451 175.4939090321348
3552 156.4918137150222 246.2176043447506 177.9590085477525
3553 149.6503587831387 256.3819874428939 171.8702236230474
3554 174.5292079665371 249.5103537927881 164.3768357595833
3555 161.1081851400947 256.7543636023098 160.0226972315945
3556 146.797956768616 202.961089294297 132.6502906943772
3557 147.6712588688902 211.980548328917 133.1422828270794
3558 134.348660700102 203.2543104210775 139.3673718101795
3559 131.3003336768462 203.2370742858909 146.9075416480013
3560 198.3639907173977 214.8630356156725 123.3551031156672
3561 210.466657198507 202.2378611197314 111.2881756600123
3562 220.470161868924 209.76444514852 113.9596053382723
3563 119.6541102273277 263.3167235049616 124.2699960115171
3564 121.6812351529056 254.45710840518 104.295060995765
3565 203.4087046140407 182.30885351699 192.2986116953045
3566 203.314666829775 185.3397749056194 205.4271046728397
3567 196.4215508677771 181.6334983603109 183.7892463124279
3568 203.9393656545107 192.7570906078963 183.4193521295312
3569 178.5297769973548 202.6449989735803 216.1118888430705
3570 191.2522939173112 228.5823389864431 172.834494697038
3571 192.5457572577842 237.9774512966615 174.617592586301
3572 199.8935543492587 217.3368350274707 104.5498820289826
3573 189.0282697567756 239.9869560458951 122.8271527810684
3574 192.2041497829106 182.5721150089213 145.9081640806182
3575 198.9528298226965 192.529246780737 144.0357757798669
3576 141.3329182712519 255.1265285236589 102.9681326500078
3577 151.1378147558123 253.5416627268249 105.1288367209965
3578 145.7384278371521 267.3214162454243 101.2769372202949
3579 140.4609241433115 245.2419300760331 150.0429818917987
3580 128.6536902399862 244.8376165123921 161.203050160519
3581 204.0012991508493 240.866099279661 96.88917220932956
3582 103.6338424902112 258.6786673436067 109.0559637309303
3583 166.0622979672503 204.9505083091865 79.10281588431197
3584 171.8662061677848 213.6831517202209 78.32678606735246
3585 201.8165846553687 217.8032295842929 163.5213574060539
3586 212.6383309906151 218.9790076854968 162.3918224608921
3587 103.7040050673065 170.8201175967887 198.5027953869009
3588 151.2301280927852 203.7385720960283 213.3591450663024
3589 151.3495944938379 185.013164494683 172.4590810610533
3590 159.8826947589123 184.0956069913343 170.3731208762477
3591 151.9267549933087 192.2247172539198 170.6378505902343
3592 167.9739645490361 202.6692975490212 161.849215230137
3593 169.4017784641851 183.4314111020603 190.4340870484441
3594 173.3281514875051 191.0207615717681 190.8632998329907
3595 176.4926778708424 177.7699608436242 200.1894192374061
3596 185.2363453365166 170.4531644279688 198.6092426405561
3597 120.9779091629426 240.8426289595389 115.5471972833902
3598 189.6318839247634 252.5574091888432 84.55233627418542
3599 151.82770261192 195.0790507177218 135.2172290051734
3600 212.4405100626563 193.5340351349049 122.1309558177201
3601 219.904323836214 196.328654688967 126.3152322781277
3602 193.8811567411153 205.6453563031119 148.0189487928915
3603 163.6376579368857 260.1599587840022 116.3953541949355
3604 136.3098437817885 224.8427902933339 124.1861367091479
3605 138.1493604553634 211.9260394038579 132.1638292580804
3606 104.9532400417148 258.9231437752175 119.8999826781043
3607 109.165489221107 258.6688906147609 134.2520299844112
3608 91.9954641125353 248.3829363891847 123.7917421271476
3609 108.5638195035455 244.1057419148777 120.055620134807
3610 102.7541055558865 238.19748787407 122.988651778371
3611 96.32153819532947 248.429295054691 133.9594969907773
3612 146.570404781109 235.6992221998847 112.033934873845
3613 210.578904118302 207.9793975179465 151.2726154697328
3614 118.0998533128326 246.3115533069894 172.9858820072338
3615 130.0131596494109 245.1343410685138 170.9155594318444
3616 150.7191105462165 248.2141192077024 163.4112329118613
3617 152.1154812182233 257.6697658740325 164.2915386344027
3618 149.2932383152778 229.2879903437186 161.8710420889648
3619 81.09566885326552 220.7989729275474 133.9133072338854
3620 80.66329563693328 228.4949842913588 125.5521436853651
3621 213.4043853490802 186.3726085626197 154.6784782408491
3622 213.6138936066979 178.0795796890872 154.4545010878427
3623 212.4387312690806 180.6173260283239 162.9238009657197
3624 190.4573709717168 228.5065888781249 181.3668328087739
3625 202.6245160350745 213.0889539537105 191.778558111046
3626 203.0647477151579 208.1402136011313 205.1313100056419
3627 200.1770772019264 221.4434700409031 190.4269374761264
3628 189.1300205665337 202.9461466613211 189.8226423980534
3629 122.4347107826295 194.3442687698558 157.2354997946711
3630 190.5814207656279 204.4933676670489 180.2324370592061
3631 190.7450241594356 213.5948848941939 179.8170073181374
3632 204.5806901742498 194.2437179650638 201.6610290028808
3633 202.9305890125882 197.8728018124466 210.8283259116747
3634 148.9026430577383 248.6254845898947 129.9200110551139
3635 132.7556300299453 242.0765593457688 191.1318562945762
3636 149.7225153557314 234.4759216694788 201.3823591644637
3637 172.0716388511576 228.5289095105296 204.0096919077966
3638 191.5208774922739 228.8246669224778 200.3788724264252
3639 184.897609134261 235.9805934659414 202.407848538474
3640 121.6208668444822 184.332760645226 171.2502166889946
3641 121.4629802272359 183.6393605757598 180.5631106324682
3642 123.5841568236726 185.8524295452167 163.5479998152651
3643 100.6432526579101 231.8668179270259 128.861610386844
3644 88.28803834505092 238.3617204467754 122.6705348783425
3645 99.88022061056171 237.3967673033818 148.6667434647359
3646 188.0400602427783 216.8086550152442 114.4965414361237
3647 142.0144563032421 234.5260069115375 159.8242751589913
3648 180.3001489058221 192.6818336089703 171.8959713336272
3649 93.88317083235027 200.3720367741769 150.6791524198899
3650 93.49699070734292 209.006514413915 148.4295249981865
3651 102.087905282523 202.158245898348 163.5766743425423
3652 132.4229656525517 213.5198174021521 171.7903660801773
3653 123.8323548863993 216.2850483209586 180.7654516836366
3654 119.3559605253024 213.5261727066964 216.8117846090707
3655 117.2084695506415 174.4321800837021 215.9056759106894
3656 102.8209335223465 233.5092057004096 139.5812918859235
3657 88.43283812001292 224.8336301567045 142.9497877693196
3658 98.73760577417978 223.0731879514809 141.679193503904
3659 91.42681535840752 221.6020281347815 134.6521997662488
3660 85.82390253564685 200.7717285096403 150.5414960203081
3661 82.73787292561298 210.0614859833975 153.5583281706689
3662 164.4624977358486 203.607959458483 189.5588624598882
3663 158.5832763511411 182.6269072201319 210.44011019536
3664 175.7430085440687 185.5375890074625 210.3955810764596
3665 120.6554417391501 180.6963707802507 190.1710901772378
3666 121.3066330728059 190.4089032191372 191.8369738358691
3667 149.9670667386659 206.4988533324467 202.7043771244034
3668 130.6062993491837 192.6819987006409 189.8197696055897
3669 128.9877888877305 185.1615005479363 179.8678770370528
3670 130.7227986765883 191.0146087416925 181.8483001758108
3671 136.662792801528 181.212798563558 207.6511692654331
3672 152.8456425517565 230.9032674389211 242.2668849079177
3673 138.2476346307571 218.0363666813295 242.7868775475893
3674 140.6148228510823 230.3249399264624 241.0581212435426
3675 123.7336194240252 216.6289991569747 234.3308196510873
3676 126.9731872986366 227.1134291385059 232.7279855258984
3677 148.0950288218692 207.1428026992202 242.2567805854627
3678 123.0804973151874 183.2192104002106 244.5499071281472
3679 128.4532934480089 195.9627022184518 244.5122129395355
3680 127.8967652167165 196.5462973354427 233.1304117624926
3681 126.1180671640842 206.876124511223 232.3900133089019
3682 79.53931574220373 216.3666181909978 164.8574528743989
3683 82.35966416639566 212.3321029842437 169.8927790548526
3684 72.18132057155759 205.4315115892083 159.9859191216992
3685 79.65331752997893 205.6872150694053 160.2940691715625
3686 83.06080832743521 225.9222560594206 152.8722800534484
3687 85.24015381185775 236.240006612217 151.2685272454002
3688 80.78823732058066 224.1338476837805 163.7568517558022
3689 94.03906273800288 239.7457801662449 172.6504176593291
3690 101.216007444485 248.1444539749106 173.8021804867975
3691 101.0318726746731 230.1783482325884 203.811565282327
3692 85.92692768913147 217.4297143216217 191.6964388642076
3693 96.63953677302375 213.2526234714847 193.1168830767036
3694 86.52817598846224 206.4561988512086 195.0923951441924
3695 111.2522576949939 183.6676336248728 193.6213025502898
3696 111.3930678712047 171.3751642809937 209.2065743167826
3697 81.32902578286422 181.8587372208198 181.9517532551358
3698 93.66313675361836 185.6892347995795 179.1895696210505
3699 80.02521268643778 191.6480878050473 181.3023805007785
3700 78.05442434338346 200.4756988269423 180.2951832845984
3701 81.31615745717917 196.7273074825532 190.791253924612
3702 72.27582248100595 188.8389511384651 160.2911844427794
3703 85.56612405634422 187.176964330375 158.7944329563672
3704 74.03190009864123 180.9967135998538 160.6782874056573
3705 75.71986449189072 186.6911414587964 170.3794021267773
3706 184.0557942377287 174.8966513521257 225.0984610637099
3707 161.9629937034307 177.9059168585596 219.0897541574304
3708 166.8929423235239 169.0037168868588 222.2694072603301
3709 169.3913075626695 173.3438529987621 229.0297038876346
3710 170.1117367726958 177.2412455844294 212.1290774593224
3711 119.794203955823 236.9716459994524 221.8581619679458
3712 104.6670853703417 222.0026336240113 214.9940956711553
3713 111.8485346704501 218.3954792294832 223.5905412508492
3714 191.0472600540434 195.4938969324309 228.5993680550554
3715 117.7406936291397 239.290836299135 202.3031178985215
3716 119.9022258567663 224.8656814099809 204.4566344145799
3717 117.2385274872406 240.4973704382127 213.4944185718403
3718 95.93558768239257 195.9617863081298 158.3338290173839
3719 173.0998270233795 219.5914631671612 221.3065131161275
3720 186.8954107226082 218.784345881647 222.9103578373204
3721 171.7104834555311 218.5361040302107 230.2852542878493
3722 162.9333184492878 194.9259336757221 222.7067111419138
3723 146.6199521787026 173.4723751806592 231.2016855971667
3724 147.4649760172092 237.3114909834875 221.2652695553024
3725 140.3018080638167 246.7645273171639 221.7657145018651
3726 138.8917678041364 238.6837239557504 229.8909668961343
3727 152.9699795002903 225.129209412648 220.8703416030845
3728 152.325105135296 238.1948894000287 212.0201741950909
3729 164.4313528412507 240.2065969020233 213.5961619690869
3730 157.7878237542874 240.8629862118894 222.530458155469
3731 82.26072089861078 176.6214703269196 160.0298899266841
3732 74.947514079363 170.2998310502188 158.673957742373
3733 104.0188320988128 180.3515605739295 173.0388399271596
3734 103.2740522805719 188.614139514615 162.8624317313127
3735 169.8981076864855 184.534719922875 240.5070193714974
3736 168.1629718339696 194.4101852419644 240.434987736948
3737 175.6960417501932 178.3716511036651 245.1951710288964
3738 98.59866070613442 250.8659572127197 143.861932042792
3739 71.53448789143354 205.1889981097506 152.538284158346
3740 123.5446155964926 174.5813247960439 219.2152352239706
3741 133.7205216030837 180.4109011949863 218.3251330319196
3742 125.127227399338 173.0103576215404 226.0707577096163
3743 147.007164702955 188.7178723363388 244.3072728304591
3744 182.3439905962042 217.9835933430369 230.2084845874414
3745 170.1418973328269 230.0570380704028 232.128547973602
3746 171.3069139467736 219.9384486223458 241.3925012601649
3747 104.9536040385709 198.2088258768533 221.7211090904368
3748 107.1635546759437 208.393111730602 221.1411862347048
3749 110.3950342849846 198.1126215234719 228.1686652044746
3750 149.2244152472041 204.097105524894 161.9915433393156
3751 149.6839718379706 212.5172093822917 161.3655922115738
3752 173.0046258785758 197.5736980940642 185.8345616573617
3753 179.053821338203 215.3723677010031 123.8682217469237
3754 170.7282525963543 210.8769355020299 140.8140925731378
3755 137.4303089672893 218.1471396552734 152.2129823507743
3756 161.8504252660614 214.6533534689711 181.3873489433519
3757 130.8400725104405 224.4042033405916 152.337483278194
3758 142.1277195810561 233.1954731102354 140.966985414331
3759 137.9781771168726 224.1078924795844 143.0551971238975
3760 169.4475906888854 211.9293637246285 163.8136503908751
3761 179.9251312531304 214.1068013563266 165.3594414627585
3762 188.5631196990578 206.9743615094541 163.0241703018724
3763 190.4819491994698 214.2548348204273 165.414993699235
3764 190.0147975011608 188.2462341319165 43.14381907218278
3765 204.6968962060045 224.8025147108934 54.43262412121464
3766 162.0032869554069 180.5248701372355 58.8046832055778
3767 102.3659751232979 245.6336500364555 86.10409103791564
3768 73.35776135111973 209.975872601822 133.4281807173119
3769 75.50150169817893 222.7302268641292 126.2098715554543
3770 78.9122035770623 157.5665074887144 169.1795588329327
3771 75.85199642119092 157.6967520525178 163.0799421895392
3772 121.7178317419348 270.1448840049525 86.3069873911667
3773 151.7882385225639 183.0842390050208 68.57627011181137
3774 151.658007089023 187.3307638305159 96.68510950646342
3775 158.2607334313608 266.1963497956706 84.40593605241899
3776 88.07766248021667 155.9357821403066 199.5756970467928
3777 158.2392917597259 188.3468312240921 113.9767440143493
3778 146.1937101567153 182.3244560926701 146.3564071465592
3779 187.0828952130225 183.9837385596812 44.59756416390057
3780 85.05560283087098 241.6338902872498 111.6087271405236
3781 198.0360571840603 198.7314638266846 45.55353573693638
3782 203.5447034560518 205.9894427000322 46.77679727335242
3783 142.4594265367648 181.587536729785 78.52012560086614
3784 180.2410385335041 181.9457184812102 47.22967315077251
3785 150.7674192022748 268.4780243139771 86.26544064677485
3786 88.75172149364074 248.8702269333755 95.0360992983079
3787 99.26071715711701 259.354170774824 80.47886172679155
3788 204.6789386089634 231.6573266579027 55.07603891283721
3789 81.32603077313127 233.636829169292 119.8982161383299
3790 74.1407887278969 196.4319345600935 140.9795969078532
3791 74.57341214320944 215.5172048821813 128.0074357173002
3792 74.51813525437336 176.2311447600481 153.309093582876
3793 110.1127991368103 170.2476155929646 219.8498725342245
3794 148.6630826535647 190.9724438114212 80.10889507791039
3795 205.6632072861557 213.1600997216383 47.73626613670204
3796 90.97260097287069 159.2596891293379 204.7302477166239
3797 82.17722022782029 237.3685760742243 115.4601615756511
3798 88.68880725017624 249.9129370347039 88.83789986658383
3799 146.4842626510232 182.8564641346966 83.66527331998802
3800 190.01048354508 257.821872845677 68.4356872957534
3801 159.4632656540293 186.558587794009 121.1786358161286
3802 106.4026315945369 263.3039277639057 81.6110770628992
3803 90.89294779305327 254.4093912877197 74.41531652780432
3804 141.6132111401015 177.8636099464089 74.48563542638976
3805 98.75135616083762 163.0699546434558 214.4961897626745
3806 86.96500978043332 154.6046894453729 192.4914260203089
3807 135.1210657517093 270.4877746710332 85.46550176039135
3808 144.0331801336819 179.0968370558108 149.8038648512951
3809 86.13498131413353 249.0023574949689 80.52855784222338
3810 73.81918468418843 202.587461289442 135.7085315978311
3811 87.78407961471405 245.9126962334698 106.3829539509237
3812 150.0360868459606 185.6331266596946 88.27313402856309
3813 110.4955831586721 267.0104725115409 84.48857344508099
3814 140.0659534800498 214.9500398126732 92.78968639915581
3815 96.93552610276951 254.8675477302959 76.38328927689315
3816 195.4601895781583 193.9945608246105 43.47328718861088
3817 95.26777051641432 160.7921458624284 209.6339718181237
3818 73.52858644872653 188.7504024852821 143.8786325730428
3819 93.50746596232965 250.5520791232508 81.21877893679073
3820 204.077790495595 219.2753405921361 50.70893528780007
3821 104.0241225667802 166.7795683209938 215.3823622463862
3822 174.4206368393132 182.2577301811277 53.25581893734356
3823 141.6753104309752 188.2227380603992 78.62775631613731
3824 141.5421245872467 268.2268095276385 89.48296495417257
3825 144.3322751702885 180.3084335371023 70.99378566669522
3826 204.7746893562242 236.9939907662007 54.20029900046173
3827 144.1960223654258 205.6636550909979 86.80460288219635
3828 127.8087188960166 270.0486340526878 84.76967054743582
3829 85.9876422427166 253.1892246027791 74.77531422824997
3830 115.7335947960681 270.0862980995637 85.9054958237689
3831 89.91964361547841 248.1830751001055 100.9167921061162
3832 168.7059990660482 180.7933071537938 54.62816007640019
3833 99.70289684074419 245.8377125796005 80.71257921691742
3834 158.3575570250332 181.739786111713 64.35281742709245
3835 141.7587583531048 210.6018094341302 89.91166396251836
3836 83.18171974724237 249.2699427663037 75.84740934117063
3837 134.414737374014 168.7327458574874 239.6589292077317
$EndNodes
$Elements
19889
1 15 2 0 1 1
2 1 2 0 3 1 2
3 1 2 0 3 2 3
4 1 2 0 3 3 4
5 1 2 0 3 4 5
6 1 2 0 3 5 6
7 1 2 0 3 6 7
8 1 2 0 3 7 8
9 1 2 0 3 8 9
10 1 2 0 3 9 10
11 1 2 0 3 10 11
12 1 2 0 3 11 12
13 1 2 0 3 12 13
14 1 2 0 3 13 14
15 1 2 0 3 14 15
16 1 2 0 3 15 16
17 1 2 0 3 16 17
18 1 2 0 3 17 18
19 1 2 0 3 18 19
20 1 2 0 3 19 20
21 1 2 0 3 20 21
22 1 2 0 3 21 22
23 1 2 0 3 22 23
24 1 2 0 3 23 24
25 1 2 0 3 24 25
26 1 2 0 3 25 26
27 1 2 0 3 26 27
28 1 2 0 3 27 28
29 1 2 0 3 28 29
30 1 2 0 3 29 30
31 1 2 0 3 30 31
32 1 2 0 3 31 32
33 1 2 0 3 32 33
34 1 2 0 3 33 34
35 1 2 0 3 34 35
36 1 2 0 3 35 36
37 1 2 0 3 36 37
38 1 2 0 3 37 38
39 1 2 0 3 38 39
40 1 2 0 3 39 40
41 1 2 0 3 40 41
42 1 2 0 3 41 42
43 1 2 0 3 42 43
44 1 2 0 3 43 44
45 1 2 0 3 44 45
46 1 2 0 3 45 46
47 1 2 0 3 46 47
48 1 2 0 3 47 48
49 1 2 0 3 48 49
50 1 2 0 3 49 50
51 1 2 0 3 50 51
52 1 2 0 3 51 52
53 1 2 0 3 52 53
54 1 2 0 3 53 54
55 1 2 0 3 54 55
56 1 2 0 3 55 56
57 1 2 0 3 56 57
58 1 2 0 3 57 58
59 1 2 0 3 58 59
60 1 2 0 3 59 60
61 1 2 0 3 60 61
62 1 2 0 3 61 62
63 1 2 0 3 62 63
64 1 2 0 3 63 64
65 1 2 0 3 64 65
66 1 2 0 3 65 66
67 1 2 0 3 66 67
68 1 2 0 3 67 68
69 1 2 0 3 68 69
70 1 2 0 3 69 70
71 1 2 0 3 70 71
72 1 2 0 3 71 1
73 2 2 0 2 796 920 604
74 2 2 0 2 634 728 199
75 2 2 0 2 646 981 927
76 2 2 0 2 291 1004 786
77 2 2 0 2 48 77 47
78 2 2 0 2 729 874 134
79 2 2 0 2 505 568 258
80 2 2 0 2 149 705 139
81 2 2 0 2 700 1053 801
82 2 2 0 2 121 594 118
83 2 2 0 2 608 808 778
84 2 2 0 2 608 834 808
85 2 2 0 2 419 945 775
86 2 2 0 2 727 1065 507
87 2 2 0 2 718 1211 95
88 2 2 0 2 761 1199 925
89 2 2 0 2 120 121 118
90 2 2 0 2 99 879 101
91 2 2 0 2 543 780 696
92 2 2 0 2 824 979 357
93 2 2 0 2 715 847 280
94 2 2 0 2 251 505 258
95 2 2 0 2 95 1211 790
96 2 2 0 2 447 920 796
97 2 2 0 2 370 784 372
98 2 2 0 2 237 769 234
99 2 2 0 2 688 735 111
100 2 2 0 2 770 1048 267
101 2 2 0 2 146 1055 697
102 2 2 0 2 56 96 93
103 2 2 0 2 645 1031 980
104 2 2 0 2 190 788 200
105 2 2 0 2 487 1093 819
106 2 2 0 2 512 924 882
107 2 2 0 2 457 1035 363
108 2 2 0 2 130 684 127
109 2 2 0 2 771 1048 770
110 2 2 0 2 562 1030 717
111 2 2 0 2 194 196 195
112 2 2 0 2 688 1068 735
113 2 2 0 2 657 774 438
114 2 2 0 2 328 1066 722
115 2 2 0 2 882 945 512
116 2 2 0 2 431 767 435
117 2 2 0 2 647 648 582
118 2 2 0 2 548 907 793
119 2 2 0 2 249 561 247
120 2 2 0 2 340 814 523
121 2 2 0 2 677 1025 996
122 2 2 0 2 516 574 509
123 2 2 0 2 667 1015 665
124 2 2 0 2 544 796 604
125 2 2 0 2 665 957 667
126 2 2 0 2 634 808 728
127 2 2 0 2 248 249 247
128 2 2 0 2 185 788 190
129 2 2 0 2 234 769 232
130 2 2 0 2 133 1187 134
131 2 2 0 2 644 1176 66
132 2 2 0 2 196 719 198
133 2 2 0 2 134 1187 135
134 2 2 0 2 937 1076 771
135 2 2 0 2 413 414 412
136 2 2 0 2 854 1101 21
137 2 2 0 2 411 413 412
138 2 2 0 2 419 775 433
139 2 2 0 2 80 1047 756
140 2 2 0 2 87 644 66
141 2 2 0 2 206 688 124
142 2 2 0 2 300 917 868
143 2 2 0 2 728 1193 199
144 2 2 0 2 537 1027 525
145 2 2 0 2 353 625 537
146 2 2 0 2 959 1109 294
147 2 2 0 2 280 902 715
148 2 2 0 2 755 1089 154
149 2 2 0 2 693 805 804
150 2 2 0 2 194 201 196
151 2 2 0 2 132 910 150
152 2 2 0 2 893 1109 959
153 2 2 0 2 756 1047 940
154 2 2 0 2 357 979 925
155 2 2 0 2 538 646 540
156 2 2 0 2 1 86 71
157 2 2 0 2 819 939 487
158 2 2 0 2 494 834 493
159 2 2 0 2 495 792 496
160 2 2 0 2 349 1096 346
161 2 2 0 2 374 903 375
162 2 2 0 2 413 846 414
163 2 2 0 2 873 955 851
164 2 2 0 2 947 1098 347
165 2 2 0 2 646 1009 540
166 2 2 0 2 299 300 298
167 2 2 0 2 289 971 288
168 2 2 0 2 303 1162 789
169 2 2 0 2 732 812 600
170 2 2 0 2 595 1000 911
171 2 2 0 2 411 419 413
172 2 2 0 2 125 684 148
173 2 2 0 2 125 148 124
174 2 2 0 2 34 72 33
175 2 2 0 2 38 75 37
176 2 2 0 2 726 937 771
177 2 2 0 2 821 971 289
178 2 2 0 2 639 1019 716
179 2 2 0 2 198 1200 196
180 2 2 0 2 884 1063 502
181 2 2 0 2 857 875 675
182 2 2 0 2 166 824 822
183 2 2 0 2 703 1029 594
184 2 2 0 2 324 1004 321
185 2 2 0 2 786 1004 911
186 2 2 0 2 507 1065 913
187 2 2 0 2 196 197 195
188 2 2 0 2 219 841 221
189 2 2 0 2 704 1163 1029
190 2 2 0 2 303 789 308
191 2 2 0 2 23 106 22
192 2 2 0 2 762 979 852
193 2 2 0 2 830 1098 947
194 2 2 0 2 57 96 56
195 2 2 0 2 699 1053 700
196 2 2 0 2 145 1172 146
197 2 2 0 2 337 814 340
198 2 2 0 2 133 134 131
199 2 2 0 2 677 998 712
200 2 2 0 2 1096 1158 346
201 2 2 0 2 778 808 634
202 2 2 0 2 804 1107 693
203 2 2 0 2 659 798 648
204 2 2 0 2 765 828 656
205 2 2 0 2 414 846 448
206 2 2 0 2 773 1139 694
207 2 2 0 2 122 123 121
208 2 2 0 2 716 728 639
209 2 2 0 2 704 1029 703
210 2 2 0 2 712 998 81
211 2 2 0 2 493 834 608
212 2 2 0 2 996 1025 78
213 2 2 0 2 697 934 146
214 2 2 0 2 297 299 298
215 2 2 0 2 71 94 70
216 2 2 0 2 868 917 713
217 2 2 0 2 139 705 141
218 2 2 0 2 625 626 537
219 2 2 0 2 119 125 124
220 2 2 0 2 782 1027 537
221 2 2 0 2 206 1068 688
222 2 2 0 2 149 1137 705
223 2 2 0 2 780 830 696
224 2 2 0 2 767 876 435
225 2 2 0 2 694 1022 773
226 2 2 0 2 372 784 472
227 2 2 0 2 581 647 582
228 2 2 0 2 841 1066 328
229 2 2 0 2 717 809 562
230 2 2 0 2 911 1000 786
231 2 2 0 2 190 191 187
232 2 2 0 2 185 186 184
233 2 2 0 2 496 792 499
234 2 2 0 2 205 856 797
235 2 2 0 2 348 625 353
236 2 2 0 2 264 690 689
237 2 2 0 2 512 945 419
238 2 2 0 2 438 924 408
239 2 2 0 2 357 864 824
240 2 2 0 2 637 646 538
241 2 2 0 2 187 806 188
242 2 2 0 2 571 754 753
243 2 2 0 2 56 93 55
244 2 2 0 2 237 773 769
245 2 2 0 2 503 884 502
246 2 2 0 2 154 1148 755
247 2 2 0 2 297 700 314
248 2 2 0 2 129 131 130
249 2 2 0 2 185 187 186
250 2 2 0 2 193 194 191
251 2 2 0 2 980 1031 602
252 2 2 0 2 423 455 424
253 2 2 0 2 68 656 67
254 2 2 0 2 801 1053 832
255 2 2 0 2 733 901 450
256 2 2 0 2 129 130 127
257 2 2 0 2 927 1009 646
258 2 2 0 2 77 935 795
259 2 2 0 2 65 603 64
260 2 2 0 2 654 1115 730
261 2 2 0 2 140 702 137
262 2 2 0 2 798 954 582
263 2 2 0 2 381 903 768
264 2 2 0 2 86 94 71
265 2 2 0 2 534 880 527
266 2 2 0 2 331 951 488
267 2 2 0 2 426 764 428
268 2 2 0 2 795 935 848
269 2 2 0 2 450 1169 733
270 2 2 0 2 221 841 328
271 2 2 0 2 1057 1159 518
272 2 2 0 2 467 1030 562
273 2 2 0 2 899 973 610
274 2 2 0 2 322 951 331
275 2 2 0 2 594 1178 703
276 2 2 0 2 620 902 618
277 2 2 0 2 255 760 253
278 2 2 0 2 600 1039 732
279 2 2 0 2 456 772 740
280 2 2 0 2 95 973 718
281 2 2 0 2 692 944 689
282 2 2 0 2 134 1013 729
283 2 2 0 2 730 1115 1024
284 2 2 0 2 106 854 22
285 2 2 0 2 240 944 238
286 2 2 0 2 518 1175 1057
287 2 2 0 2 140 1154 702
288 2 2 0 2 423 424 421
289 2 2 0 2 794 1055 146
290 2 2 0 2 352 939 818
291 2 2 0 2 118 741 115
292 2 2 0 2 645 980 818
293 2 2 0 2 656 930 765
294 2 2 0 2 837 1212 362
295 2 2 0 2 819 1093 188
296 2 2 0 2 362 1212 836
297 2 2 0 2 253 760 505
298 2 2 0 2 904 929 750
299 2 2 0 2 535 637 538
300 2 2 0 2 281 1099 802
301 2 2 0 2 370 1035 784
302 2 2 0 2 130 958 684
303 2 2 0 2 4 650 3
304 2 2 0 2 409 512 411
305 2 2 0 2 426 1058 764
306 2 2 0 2 232 769 753
307 2 2 0 2 404 807 406
308 2 2 0 2 582 954 355
309 2 2 0 2 144 1172 145
310 2 2 0 2 297 314 299
311 2 2 0 2 126 127 125
312 2 2 0 2 768 904 381
313 2 2 0 2 290 906 888
314 2 2 0 2 782 931 198
315 2 2 0 2 659 909 798
316 2 2 0 2 414 416 415
317 2 2 0 2 115 741 117
318 2 2 0 2 188 1201 187
319 2 2 0 2 509 557 461
320 2 2 0 2 498 799 558
321 2 2 0 2 737 1084 172
322 2 2 0 2 363 1035 365
323 2 2 0 2 746 955 873
324 2 2 0 2 258 1196 251
325 2 2 0 2 408 924 409
326 2 2 0 2 700 801 314
327 2 2 0 2 611 1110 1074
328 2 2 0 2 507 1117 727
329 2 2 0 2 135 1167 134
330 2 2 0 2 226 280 224
331 2 2 0 2 877 1151 488
332 2 2 0 2 146 1170 145
333 2 2 0 2 141 705 144
334 2 2 0 2 163 933 683
335 2 2 0 2 897 1110 611
336 2 2 0 2 375 903 381
337 2 2 0 2 172 1002 737
338 2 2 0 2 356 1077 735
339 2 2 0 2 411 512 419
340 2 2 0 2 629 743 529
341 2 2 0 2 683 938 163
342 2 2 0 2 648 798 582
343 2 2 0 2 449 767 431
344 2 2 0 2 267 777 770
345 2 2 0 2 689 1150 264
346 2 2 0 2 788 883 200
347 2 2 0 2 53 579 84
348 2 2 0 2 878 879 99
349 2 2 0 2 123 138 137
350 2 2 0 2 418 423 421
351 2 2 0 2 976 997 741
352 2 2 0 2 70 94 82
353 2 2 0 2 185 190 187
354 2 2 0 2 543 696 541
355 2 2 0 2 321 1004 319
356 2 2 0 2 72 1199 761
357 2 2 0 2 187 1201 186
358 2 2 0 2 773 1133 769
359 2 2 0 2 123 695 138
360 2 2 0 2 144 145 143
361 2 2 0 2 120 122 121
362 2 2 0 2 634 1145 778
363 2 2 0 2 719 990 198
364 2 2 0 2 532 743 577
365 2 2 0 2 290 888 887
366 2 2 0 2 991 1216 583
367 2 2 0 2 519 1159 1057
368 2 2 0 2 157 1067 1021
369 2 2 0 2 123 136 121
370 2 2 0 2 1021 1067 723
371 2 2 0 2 679 812 791
372 2 2 0 2 899 1003 973
373 2 2 0 2 700 1184 699
374 2 2 0 2 263 1033 260
375 2 2 0 2 783 965 931
376 2 2 0 2 931 965 203
377 2 2 0 2 390 627 394
378 2 2 0 2 753 769 571
379 2 2 0 2 407 807 404
380 2 2 0 2 563 887 565
381 2 2 0 2 722 866 328
382 2 2 0 2 194 195 191
383 2 2 0 2 852 979 166
384 2 2 0 2 134 874 131
385 2 2 0 2 671 841 219
386 2 2 0 2 141 144 143
387 2 2 0 2 306 1162 303
388 2 2 0 2 190 193 191
389 2 2 0 2 730 1024 932
390 2 2 0 2 138 139 137
391 2 2 0 2 674 874 729
392 2 2 0 2 802 1099 701
393 2 2 0 2 33 72 32
394 2 2 0 2 54 579 53
395 2 2 0 2 251 1196 250
396 2 2 0 2 774 881 438
397 2 2 0 2 77 956 47
398 2 2 0 2 10 989 831
399 2 2 0 2 193 858 194
400 2 2 0 2 927 981 800
401 2 2 0 2 594 1029 976
402 2 2 0 2 759 991 569
403 2 2 0 2 203 204 202
404 2 2 0 2 166 822 159
405 2 2 0 2 220 840 218
406 2 2 0 2 675 1124 857
407 2 2 0 2 150 910 737
408 2 2 0 2 418 772 423
409 2 2 0 2 218 840 334
410 2 2 0 2 411 412 410
411 2 2 0 2 245 1150 689
412 2 2 0 2 226 802 280
413 2 2 0 2 409 411 410
414 2 2 0 2 735 1068 356
415 2 2 0 2 907 1204 793
416 2 2 0 2 932 974 730
417 2 2 0 2 330 686 286
418 2 2 0 2 502 640 455
419 2 2 0 2 818 980 352
420 2 2 0 2 991 1171 569
421 2 2 0 2 41 105 40
422 2 2 0 2 194 858 201
423 2 2 0 2 409 924 512
424 2 2 0 2 4 949 650
425 2 2 0 2 791 812 213
426 2 2 0 2 416 417 415
427 2 2 0 2 205 890 856
428 2 2 0 2 561 1065 1060
429 2 2 0 2 741 997 829
430 2 2 0 2 635 794 586
431 2 2 0 2 191 806 187
432 2 2 0 2 322 331 327
433 2 2 0 2 65 1176 603
434 2 2 0 2 866 959 294
435 2 2 0 2 131 874 130
436 2 2 0 2 183 185 184
437 2 2 0 2 768 929 904
438 2 2 0 2 112 114 113
439 2 2 0 2 736 880 534
440 2 2 0 2 500 799 498
441 2 2 0 2 416 418 417
442 2 2 0 2 525 1027 629
443 2 2 0 2 6 81 5
444 2 2 0 2 186 189 184
445 2 2 0 2 67 87 66
446 2 2 0 2 81 949 5
447 2 2 0 2 127 684 125
448 2 2 0 2 1022 1107 919
449 2 2 0 2 281 802 228
450 2 2 0 2 756 988 80
451 2 2 0 2 166 979 824
452 2 2 0 2 52 1127 51
453 2 2 0 2 359 858 193
454 2 2 0 2 820 857 332
455 2 2 0 2 526 629 529
456 2 2 0 2 428 449 431
457 2 2 0 2 154 1089 852
458 2 2 0 2 488 963 877
459 2 2 0 2 528 530 527
460 2 2 0 2 663 862 662
461 2 2 0 2 761 1038 72
462 2 2 0 2 764 1058 641
463 2 2 0 2 112 113 111
464 2 2 0 2 863 1093 487
465 2 2 0 2 583 1018 991
466 2 2 0 2 423 772 456
467 2 2 0 2 926 1146 853
468 2 2 0 2 300 868 298
469 2 2 0 2 1060 1065 727
470 2 2 0 2 129 910 132
471 2 2 0 2 884 886 73
472 2 2 0 2 475 903 374
473 2 2 0 2 147 1154 140
474 2 2 0 2 932 1024 516
475 2 2 0 2 303 308 302
476 2 2 0 2 799 967 948
477 2 2 0 2 16 79 15
478 2 2 0 2 618 902 681
479 2 2 0 2 113 688 111
480 2 2 0 2 798 909 350
481 2 2 0 2 684 1114 148
482 2 2 0 2 581 1014 983
483 2 2 0 2 366 635 586
484 2 2 0 2 139 140 137
485 2 2 0 2 367 1035 370
486 2 2 0 2 163 938 83
487 2 2 0 2 280 847 224
488 2 2 0 2 448 772 416
489 2 2 0 2 416 772 418
490 2 2 0 2 48 936 77
491 2 2 0 2 814 815 523
492 2 2 0 2 629 990 743
493 2 2 0 2 627 1078 394
494 2 2 0 2 655 816 660
495 2 2 0 2 514 1146 926
496 2 2 0 2 294 1121 866
497 2 2 0 2 542 796 544
498 2 2 0 2 806 1111 188
499 2 2 0 2 238 944 464
500 2 2 0 2 481 681 480
501 2 2 0 2 591 873 851
502 2 2 0 2 689 944 243
503 2 2 0 2 388 627 390
504 2 2 0 2 181 183 182
505 2 2 0 2 658 909 863
506 2 2 0 2 129 132 131
507 2 2 0 2 547 883 788
508 2 2 0 2 604 920 888
509 2 2 0 2 885 886 884
510 2 2 0 2 716 1019 506
511 2 2 0 2 409 410 407
512 2 2 0 2 797 1001 205
513 2 2 0 2 660 661 589
514 2 2 0 2 752 1081 333
515 2 2 0 2 563 971 887
516 2 2 0 2 925 979 762
517 2 2 0 2 333 1071 752
518 2 2 0 2 214 791 213
519 2 2 0 2 57 549 96
520 2 2 0 2 1093 1201 188
521 2 2 0 2 50 101 49
522 2 2 0 2 428 764 449
523 2 2 0 2 301 825 305
524 2 2 0 2 319 1004 291
525 2 2 0 2 852 1089 762
526 2 2 0 2 888 906 604
527 2 2 0 2 190 200 193
528 2 2 0 2 681 701 480
529 2 2 0 2 112 826 114
530 2 2 0 2 817 819 188
531 2 2 0 2 301 302 300
532 2 2 0 2 123 137 136
533 2 2 0 2 262 1033 777
534 2 2 0 2 230 753 281
535 2 2 0 2 159 822 161
536 2 2 0 2 419 432 413
537 2 2 0 2 611 1130 1071
538 2 2 0 2 594 741 118
539 2 2 0 2 807 962 709
540 2 2 0 2 142 147 140
541 2 2 0 2 741 829 117
542 2 2 0 2 839 1006 586
543 2 2 0 2 120 158 122
544 2 2 0 2 388 390 389
545 2 2 0 2 948 967 135
546 2 2 0 2 760 1180 1120
547 2 2 0 2 414 448 416
548 2 2 0 2 983 1014 739
549 2 2 0 2 347 1096 947
550 2 2 0 2 556 755 483
551 2 2 0 2 578 963 951
552 2 2 0 2 119 124 116
553 2 2 0 2 137 702 136
554 2 2 0 2 124 688 116
555 2 2 0 2 603 1063 884
556 2 2 0 2 183 788 185
557 2 2 0 2 432 846 413
558 2 2 0 2 101 891 99
559 2 2 0 2 207 851 356
560 2 2 0 2 517 711 710
561 2 2 0 2 418 420 417
562 2 2 0 2 250 252 251
563 2 2 0 2 264 691 690
564 2 2 0 2 307 820 332
565 2 2 0 2 161 575 164
566 2 2 0 2 119 126 125
567 2 2 0 2 790 942 95
568 2 2 0 2 640 641 455
569 2 2 0 2 715 902 620
570 2 2 0 2 529 743 532
571 2 2 0 2 81 998 949
572 2 2 0 2 641 1165 828
573 2 2 0 2 197 203 202
574 2 2 0 2 634 1191 1145
575 2 2 0 2 454 1076 937
576 2 2 0 2 867 1163 860
577 2 2 0 2 526 528 527
578 2 2 0 2 178 199 176
579 2 2 0 2 236 237 234
580 2 2 0 2 58 549 57
581 2 2 0 2 126 128 127
582 2 2 0 2 250 1196 249
583 2 2 0 2 998 1090 949
584 2 2 0 2 335 1033 263
585 2 2 0 2 352 966 327
586 2 2 0 2 525 526 354
587 2 2 0 2 472 475 374
588 2 2 0 2 308 309 302
589 2 2 0 2 592 826 112
590 2 2 0 2 178 1191 634
591 2 2 0 2 456 503 502
592 2 2 0 2 219 220 218
593 2 2 0 2 177 178 176
594 2 2 0 2 46 665 45
595 2 2 0 2 476 477 474
596 2 2 0 2 210 212 211
597 2 2 0 2 657 869 774
598 2 2 0 2 889 1135 108
599 2 2 0 2 779 1127 1102
600 2 2 0 2 390 392 389
601 2 2 0 2 230 281 228
602 2 2 0 2 694 1107 1022
603 2 2 0 2 465 1006 839
604 2 2 0 2 139 141 140
605 2 2 0 2 628 844 716
606 2 2 0 2 248 250 249
607 2 2 0 2 527 880 354
608 2 2 0 2 200 359 193
609 2 2 0 2 216 671 219
610 2 2 0 2 516 731 574
611 2 2 0 2 547 918 883
612 2 2 0 2 305 825 560
613 2 2 0 2 232 753 230
614 2 2 0 2 812 892 600
615 2 2 0 2 629 1027 990
616 2 2 0 2 793 1108 548
617 2 2 0 2 705 1137 803
618 2 2 0 2 20 745 19
619 2 2 0 2 148 206 124
620 2 2 0 2 331 336 327
621 2 2 0 2 295 700 297
622 2 2 0 2 146 1026 794
623 2 2 0 2 1134 1212 837
624 2 2 0 2 456 740 503
625 2 2 0 2 114 120 118
626 2 2 0 2 353 525 354
627 2 2 0 2 406 1018 977
628 2 2 0 2 1119 1120 267
629 2 2 0 2 505 717 568
630 2 2 0 2 635 1079 1055
631 2 2 0 2 568 569 258
632 2 2 0 2 55 93 54
633 2 2 0 2 554 855 757
634 2 2 0 2 415 975 962
635 2 2 0 2 501 893 865
636 2 2 0 2 430 811 389
637 2 2 0 2 372 472 374
638 2 2 0 2 744 1151 877
639 2 2 0 2 216 218 217
640 2 2 0 2 145 1170 1072
641 2 2 0 2 545 780 543
642 2 2 0 2 548 1045 907
643 2 2 0 2 755 850 483
644 2 2 0 2 314 825 299
645 2 2 0 2 155 159 156
646 2 2 0 2 293 999 916
647 2 2 0 2 922 1079 635
648 2 2 0 2 322 327 323
649 2 2 0 2 197 202 195
650 2 2 0 2 964 1134 837
651 2 2 0 2 759 1216 991
652 2 2 0 2 384 993 833
653 2 2 0 2 648 1161 659
654 2 2 0 2 353 354 349
655 2 2 0 2 587 871 531
656 2 2 0 2 96 97 93
657 2 2 0 2 509 1106 557
658 2 2 0 2 204 638 202
659 2 2 0 2 848 879 751
660 2 2 0 2 838 1038 761
661 2 2 0 2 457 1179 1035
662 2 2 0 2 175 177 176
663 2 2 0 2 581 582 355
664 2 2 0 2 186 653 189
665 2 2 0 2 938 1135 83
666 2 2 0 2 365 1035 367
667 2 2 0 2 38 978 75
668 2 2 0 2 783 931 782
669 2 2 0 2 840 855 554
670 2 2 0 2 530 534 527
671 2 2 0 2 110 111 109
672 2 2 0 2 212 214 213
673 2 2 0 2 595 911 813
674 2 2 0 2 587 922 687
675 2 2 0 2 36 864 35
676 2 2 0 2 427 804 450
677 2 2 0 2 210 896 212
678 2 2 0 2 110 112 111
679 2 2 0 2 200 360 359
680 2 2 0 2 213 732 211
681 2 2 0 2 544 545 543
682 2 2 0 2 155 166 159
683 2 2 0 2 760 1120 809
684 2 2 0 2 423 456 455
685 2 2 0 2 141 142 140
686 2 2 0 2 424 425 421
687 2 2 0 2 536 1213 534
688 2 2 0 2 745 873 89
689 2 2 0 2 712 1025 677
690 2 2 0 2 350 954 798
691 2 2 0 2 698 885 652
692 2 2 0 2 912 1065 561
693 2 2 0 2 451 459 452
694 2 2 0 2 1072 1170 721
695 2 2 0 2 542 544 543
696 2 2 0 2 164 837 362
697 2 2 0 2 974 1197 655
698 2 2 0 2 611 1071 897
699 2 2 0 2 660 1036 661
700 2 2 0 2 497 834 494
701 2 2 0 2 348 923 625
702 2 2 0 2 35 864 357
703 2 2 0 2 930 1092 82
704 2 2 0 2 563 565 564
705 2 2 0 2 418 421 420
706 2 2 0 2 999 1118 714
707 2 2 0 2 175 176 174
708 2 2 0 2 641 1138 764
709 2 2 0 2 763 813 458
710 2 2 0 2 82 1126 930
711 2 2 0 2 108 1135 835
712 2 2 0 2 442 876 473
713 2 2 0 2 640 1165 641
714 2 2 0 2 826 843 158
715 2 2 0 2 295 297 296
716 2 2 0 2 456 502 455
717 2 2 0 2 969 999 293
718 2 2 0 2 218 334 217
719 2 2 0 2 101 936 49
720 2 2 0 2 531 871 528
721 2 2 0 2 801 832 685
722 2 2 0 2 526 527 354
723 2 2 0 2 299 301 300
724 2 2 0 2 616 899 898
725 2 2 0 2 763 814 813
726 2 2 0 2 305 306 303
727 2 2 0 2 848 935 879
728 2 2 0 2 114 826 120
729 2 2 0 2 865 893 612
730 2 2 0 2 246 247 245
731 2 2 0 2 176 844 174
732 2 2 0 2 429 804 427
733 2 2 0 2 525 629 526
734 2 2 0 2 526 529 528
735 2 2 0 2 496 497 494
736 2 2 0 2 709 972 807
737 2 2 0 2 538 540 539
738 2 2 0 2 934 1170 146
739 2 2 0 2 715 1005 847
740 2 2 0 2 178 634 199
741 2 2 0 2 302 917 300
742 2 2 0 2 399 402 401
743 2 2 0 2 334 485 217
744 2 2 0 2 777 1033 1032
745 2 2 0 2 111 735 109
746 2 2 0 2 1029 1163 462
747 2 2 0 2 225 226 224
748 2 2 0 2 857 1028 875
749 2 2 0 2 338 458 324
750 2 2 0 2 464 1139 773
751 2 2 0 2 863 909 659
752 2 2 0 2 492 495 494
753 2 2 0 2 419 433 432
754 2 2 0 2 448 1208 772
755 2 2 0 2 161 822 575
756 2 2 0 2 5 949 4
757 2 2 0 2 426 428 427
758 2 2 0 2 495 1028 792
759 2 2 0 2 213 812 732
760 2 2 0 2 369 1040 687
761 2 2 0 2 181 182 179
762 2 2 0 2 907 1045 906
763 2 2 0 2 847 1005 310
764 2 2 0 2 799 948 558
765 2 2 0 2 247 1150 245
766 2 2 0 2 679 892 812
767 2 2 0 2 381 905 377
768 2 2 0 2 301 303 302
769 2 2 0 2 79 921 15
770 2 2 0 2 508 509 461
771 2 2 0 2 201 719 196
772 2 2 0 2 710 932 516
773 2 2 0 2 436 1107 804
774 2 2 0 2 669 1102 1086
775 2 2 0 2 455 1058 424
776 2 2 0 2 301 305 303
777 2 2 0 2 781 994 670
778 2 2 0 2 200 883 360
779 2 2 0 2 469 815 763
780 2 2 0 2 469 992 815
781 2 2 0 2 571 1122 754
782 2 2 0 2 128 129 127
783 2 2 0 2 402 404 401
784 2 2 0 2 305 560 489
785 2 2 0 2 495 496 494
786 2 2 0 2 352 1123 966
787 2 2 0 2 518 1159 517
788 2 2 0 2 534 1213 736
789 2 2 0 2 743 1034 577
790 2 2 0 2 655 1197 816
791 2 2 0 2 297 298 296
792 2 2 0 2 331 486 336
793 2 2 0 2 983 1205 1112
794 2 2 0 2 669 1086 452
795 2 2 0 2 239 240 238
796 2 2 0 2 350 744 317
797 2 2 0 2 599 915 900
798 2 2 0 2 489 490 306
799 2 2 0 2 173 175 174
800 2 2 0 2 567 896 210
801 2 2 0 2 299 825 301
802 2 2 0 2 816 1061 519
803 2 2 0 2 433 460 432
804 2 2 0 2 211 591 209
805 2 2 0 2 173 174 172
806 2 2 0 2 472 662 475
807 2 2 0 2 236 238 237
808 2 2 0 2 75 1023 37
809 2 2 0 2 362 363 165
810 2 2 0 2 473 876 718
811 2 2 0 2 40 105 102
812 2 2 0 2 338 763 458
813 2 2 0 2 523 815 585
814 2 2 0 2 7 712 6
815 2 2 0 2 216 217 214
816 2 2 0 2 916 999 714
817 2 2 0 2 92 106 23
818 2 2 0 2 120 826 158
819 2 2 0 2 528 871 530
820 2 2 0 2 168 169 167
821 2 2 0 2 217 791 214
822 2 2 0 2 148 207 206
823 2 2 0 2 212 213 211
824 2 2 0 2 298 478 296
825 2 2 0 2 639 728 559
826 2 2 0 2 547 928 918
827 2 2 0 2 334 840 554
828 2 2 0 2 76 549 58
829 2 2 0 2 209 851 207
830 2 2 0 2 458 1004 324
831 2 2 0 2 68 1092 656
832 2 2 0 2 285 286 284
833 2 2 0 2 499 500 498
834 2 2 0 2 589 869 521
835 2 2 0 2 880 1096 349
836 2 2 0 2 414 415 412
837 2 2 0 2 431 434 429
838 2 2 0 2 1112 1205 180
839 2 2 0 2 377 905 379
840 2 2 0 2 374 375 373
841 2 2 0 2 592 843 826
842 2 2 0 2 331 488 486
843 2 2 0 2 151 154 152
844 2 2 0 2 360 596 359
845 2 2 0 2 408 409 407
846 2 2 0 2 154 155 152
847 2 2 0 2 204 645 638
848 2 2 0 2 380 1040 369
849 2 2 0 2 182 1059 1050
850 2 2 0 2 716 1193 728
851 2 2 0 2 906 1045 573
852 2 2 0 2 599 858 359
853 2 2 0 2 90 989 80
854 2 2 0 2 801 1192 314
855 2 2 0 2 183 184 182
856 2 2 0 2 530 535 534
857 2 2 0 2 383 391 386
858 2 2 0 2 705 706 144
859 2 2 0 2 908 943 454
860 2 2 0 2 428 429 427
861 2 2 0 2 663 1080 862
862 2 2 0 2 652 845 572
863 2 2 0 2 473 476 474
864 2 2 0 2 435 876 442
865 2 2 0 2 150 506 133
866 2 2 0 2 882 924 881
867 2 2 0 2 616 617 481
868 2 2 0 2 158 843 482
869 2 2 0 2 510 516 509
870 2 2 0 2 540 541 539
871 2 2 0 2 80 988 90
872 2 2 0 2 437 438 408
873 2 2 0 2 1017 1080 960
874 2 2 0 2 894 982 560
875 2 2 0 2 473 718 476
876 2 2 0 2 1048 1076 580
877 2 2 0 2 215 671 216
878 2 2 0 2 483 850 463
879 2 2 0 2 212 215 214
880 2 2 0 2 260 1033 262
881 2 2 0 2 751 929 848
882 2 2 0 2 519 1036 816
883 2 2 0 2 499 612 500
884 2 2 0 2 686 1202 286
885 2 2 0 2 962 975 709
886 2 2 0 2 873 1039 89
887 2 2 0 2 227 228 226
888 2 2 0 2 647 758 648
889 2 2 0 2 662 664 475
890 2 2 0 2 623 676 621
891 2 2 0 2 132 150 133
892 2 2 0 2 619 651 623
893 2 2 0 2 122 1198 123
894 2 2 0 2 617 651 619
895 2 2 0 2 477 480 474
896 2 2 0 2 151 152 149
897 2 2 0 2 918 928 842
898 2 2 0 2 482 683 555
899 2 2 0 2 428 431 429
900 2 2 0 2 482 843 683
901 2 2 0 2 690 692 689
902 2 2 0 2 159 160 156
903 2 2 0 2 171 173 172
904 2 2 0 2 572 846 432
905 2 2 0 2 177 179 178
906 2 2 0 2 490 875 492
907 2 2 0 2 1050 1059 758
908 2 2 0 2 24 92 23
909 2 2 0 2 804 805 450
910 2 2 0 2 155 852 166
911 2 2 0 2 94 942 82
912 2 2 0 2 314 1192 894
913 2 2 0 2 532 552 533
914 2 2 0 2 477 616 481
915 2 2 0 2 295 1184 700
916 2 2 0 2 474 870 471
917 2 2 0 2 310 840 220
918 2 2 0 2 442 473 471
919 2 2 0 2 362 457 363
920 2 2 0 2 822 824 823
921 2 2 0 2 384 1009 927
922 2 2 0 2 390 394 393
923 2 2 0 2 793 821 316
924 2 2 0 2 219 221 220
925 2 2 0 2 305 489 306
926 2 2 0 2 779 1102 669
927 2 2 0 2 726 770 566
928 2 2 0 2 675 875 490
929 2 2 0 2 288 330 286
930 2 2 0 2 860 1064 867
931 2 2 0 2 632 755 556
932 2 2 0 2 706 1062 839
933 2 2 0 2 490 492 491
934 2 2 0 2 511 518 517
935 2 2 0 2 492 493 491
936 2 2 0 2 1048 1119 267
937 2 2 0 2 215 672 671
938 2 2 0 2 114 115 113
939 2 2 0 2 198 1027 782
940 2 2 0 2 645 817 638
941 2 2 0 2 815 992 585
942 2 2 0 2 678 679 485
943 2 2 0 2 110 835 592
944 2 2 0 2 314 894 825
945 2 2 0 2 661 774 589
946 2 2 0 2 558 559 497
947 2 2 0 2 636 637 535
948 2 2 0 2 610 1070 899
949 2 2 0 2 360 598 597
950 2 2 0 2 574 1106 509
951 2 2 0 2 360 597 596
952 2 2 0 2 771 1076 1048
953 2 2 0 2 161 164 162
954 2 2 0 2 222 847 310
955 2 2 0 2 533 587 531
956 2 2 0 2 628 716 506
957 2 2 0 2 890 992 856
958 2 2 0 2 205 1173 890
959 2 2 0 2 540 1009 833
960 2 2 0 2 164 362 165
961 2 2 0 2 637 981 646
962 2 2 0 2 529 532 531
963 2 2 0 2 173 842 175
964 2 2 0 2 545 995 780
965 2 2 0 2 421 1214 420
966 2 2 0 2 326 338 324
967 2 2 0 2 210 211 209
968 2 2 0 2 207 356 206
969 2 2 0 2 498 558 497
970 2 2 0 2 555 556 483
971 2 2 0 2 679 791 485
972 2 2 0 2 621 785 622
973 2 2 0 2 701 870 480
974 2 2 0 2 115 116 113
975 2 2 0 2 150 628 506
976 2 2 0 2 334 553 485
977 2 2 0 2 693 1181 805
978 2 2 0 2 615 722 624
979 2 2 0 2 728 808 559
980 2 2 0 2 90 1188 831
981 2 2 0 2 505 760 717
982 2 2 0 2 547 788 183
983 2 2 0 2 724 726 566
984 2 2 0 2 789 1162 607
985 2 2 0 2 544 604 573
986 2 2 0 2 89 1039 600
987 2 2 0 2 831 1188 996
988 2 2 0 2 473 474 471
989 2 2 0 2 870 1122 471
990 2 2 0 2 490 491 306
991 2 2 0 2 228 802 226
992 2 2 0 2 1049 1149 757
993 2 2 0 2 765 766 449
994 2 2 0 2 215 216 214
995 2 2 0 2 171 192 173
996 2 2 0 2 223 225 224
997 2 2 0 2 393 908 454
998 2 2 0 2 148 208 207
999 2 2 0 2 546 1133 1022
1000 2 2 0 2 874 1042 130
1001 2 2 0 2 222 310 220
1002 2 2 0 2 503 885 884
1003 2 2 0 2 702 704 703
1004 2 2 0 2 320 322 321
1005 2 2 0 2 153 168 167
1006 2 2 0 2 772 1208 740
1007 2 2 0 2 362 836 457
1008 2 2 0 2 199 844 176
1009 2 2 0 2 108 110 109
1010 2 2 0 2 616 1003 899
1011 2 2 0 2 492 875 495
1012 2 2 0 2 39 978 38
1013 2 2 0 2 626 783 782
1014 2 2 0 2 424 426 425
1015 2 2 0 2 312 313 309
1016 2 2 0 2 181 547 183
1017 2 2 0 2 515 926 522
1018 2 2 0 2 890 1173 827
1019 2 2 0 2 578 951 320
1020 2 2 0 2 477 481 480
1021 2 2 0 2 420 422 417
1022 2 2 0 2 705 803 706
1023 2 2 0 2 609 982 894
1024 2 2 0 2 61 91 60
1025 2 2 0 2 576 975 422
1026 2 2 0 2 777 946 770
1027 2 2 0 2 462 1163 867
1028 2 2 0 2 838 1010 88
1029 2 2 0 2 486 487 336
1030 2 2 0 2 492 494 493
1031 2 2 0 2 645 818 817
1032 2 2 0 2 123 1198 695
1033 2 2 0 2 597 723 596
1034 2 2 0 2 485 791 217
1035 2 2 0 2 701 1007 802
1036 2 2 0 2 591 851 209
1037 2 2 0 2 298 868 478
1038 2 2 0 2 590 698 652
1039 2 2 0 2 610 973 95
1040 2 2 0 2 643 857 820
1041 2 2 0 2 619 623 621
1042 2 2 0 2 246 248 247
1043 2 2 0 2 427 450 425
1044 2 2 0 2 825 894 560
1045 2 2 0 2 320 951 322
1046 2 2 0 2 615 866 722
1047 2 2 0 2 529 531 528
1048 2 2 0 2 459 810 649
1049 2 2 0 2 630 631 556
1050 2 2 0 2 92 889 108
1051 2 2 0 2 746 873 745
1052 2 2 0 2 472 663 662
1053 2 2 0 2 590 652 572
1054 2 2 0 2 245 689 243
1055 2 2 0 2 827 1051 524
1056 2 2 0 2 448 846 845
1057 2 2 0 2 658 863 487
1058 2 2 0 2 171 172 169
1059 2 2 0 2 7 1025 712
1060 2 2 0 2 389 811 387
1061 2 2 0 2 755 1148 850
1062 2 2 0 2 551 748 747
1063 2 2 0 2 802 1007 280
1064 2 2 0 2 664 666 475
1065 2 2 0 2 692 1139 944
1066 2 2 0 2 285 287 286
1067 2 2 0 2 171 867 192
1068 2 2 0 2 615 624 614
1069 2 2 0 2 264 727 691
1070 2 2 0 2 578 1203 963
1071 2 2 0 2 310 855 840
1072 2 2 0 2 93 579 54
1073 2 2 0 2 216 219 218
1074 2 2 0 2 532 533 531
1075 2 2 0 2 159 161 160
1076 2 2 0 2 597 859 723
1077 2 2 0 2 223 224 222
1078 2 2 0 2 138 149 139
1079 2 2 0 2 440 466 439
1080 2 2 0 2 417 975 415
1081 2 2 0 2 422 975 417
1082 2 2 0 2 316 821 289
1083 2 2 0 2 607 1014 789
1084 2 2 0 2 565 566 564
1085 2 2 0 2 552 697 533
1086 2 2 0 2 437 657 438
1087 2 2 0 2 850 1148 695
1088 2 2 0 2 794 839 586
1089 2 2 0 2 624 1013 967
1090 2 2 0 2 558 639 559
1091 2 2 0 2 1022 1133 773
1092 2 2 0 2 626 782 537
1093 2 2 0 2 637 1040 981
1094 2 2 0 2 354 880 349
1095 2 2 0 2 702 703 136
1096 2 2 0 2 805 1169 450
1097 2 2 0 2 468 469 338
1098 2 2 0 2 553 678 485
1099 2 2 0 2 655 660 588
1100 2 2 0 2 59 76 58
1101 2 2 0 2 153 167 128
1102 2 2 0 2 615 959 866
1103 2 2 0 2 451 452 97
1104 2 2 0 2 426 427 425
1105 2 2 0 2 336 352 327
1106 2 2 0 2 138 695 151
1107 2 2 0 2 564 570 330
1108 2 2 0 2 358 997 976
1109 2 2 0 2 9 78 8
1110 2 2 0 2 765 930 766
1111 2 2 0 2 832 1052 270
1112 2 2 0 2 575 837 164
1113 2 2 0 2 661 881 774
1114 2 2 0 2 433 775 508
1115 2 2 0 2 730 974 655
1116 2 2 0 2 845 846 572
1117 2 2 0 2 623 677 676
1118 2 2 0 2 744 877 317
1119 2 2 0 2 568 759 569
1120 2 2 0 2 116 688 113
1121 2 2 0 2 596 599 359
1122 2 2 0 2 323 324 321
1123 2 2 0 2 496 498 497
1124 2 2 0 2 670 849 779
1125 2 2 0 2 400 977 440
1126 2 2 0 2 177 181 179
1127 2 2 0 2 224 847 222
1128 2 2 0 2 479 877 734
1129 2 2 0 2 750 929 751
1130 2 2 0 2 501 1109 893
1131 2 2 0 2 653 659 189
1132 2 2 0 2 570 686 330
1133 2 2 0 2 318 578 320
1134 2 2 0 2 953 986 952
1135 2 2 0 2 807 972 406
1136 2 2 0 2 460 590 572
1137 2 2 0 2 444 576 422
1138 2 2 0 2 307 1164 820
1139 2 2 0 2 827 1069 1051
1140 2 2 0 2 764 765 449
1141 2 2 0 2 851 955 356
1142 2 2 0 2 74 746 745
1143 2 2 0 2 618 681 481
1144 2 2 0 2 643 820 504
1145 2 2 0 2 551 749 748
1146 2 2 0 2 551 747 550
1147 2 2 0 2 292 316 289
1148 2 2 0 2 108 835 110
1149 2 2 0 2 195 1160 191
1150 2 2 0 2 60 787 59
1151 2 2 0 2 808 834 559
1152 2 2 0 2 775 945 518
1153 2 2 0 2 290 971 821
1154 2 2 0 2 561 1157 912
1155 2 2 0 2 1102 1127 84
1156 2 2 0 2 154 852 155
1157 2 2 0 2 410 807 407
1158 2 2 0 2 830 914 696
1159 2 2 0 2 208 209 207
1160 2 2 0 2 496 499 498
1161 2 2 0 2 507 913 444
1162 2 2 0 2 795 957 77
1163 2 2 0 2 466 943 439
1164 2 2 0 2 283 284 278
1165 2 2 0 2 530 636 535
1166 2 2 0 2 394 395 393
1167 2 2 0 2 670 779 669
1168 2 2 0 2 839 1026 706
1169 2 2 0 2 633 860 859
1170 2 2 0 2 405 407 404
1171 2 2 0 2 844 1193 716
1172 2 2 0 2 754 1122 870
1173 2 2 0 2 803 1137 156
1174 2 2 0 2 415 962 412
1175 2 2 0 2 563 564 330
1176 2 2 0 2 768 903 666
1177 2 2 0 2 562 580 466
1178 2 2 0 2 400 440 439
1179 2 2 0 2 244 245 243
1180 2 2 0 2 8 1025 7
1181 2 2 0 2 695 1148 151
1182 2 2 0 2 992 1105 856
1183 2 2 0 2 844 1002 174
1184 2 2 0 2 622 715 620
1185 2 2 0 2 553 940 678
1186 2 2 0 2 312 350 317
1187 2 2 0 2 227 229 228
1188 2 2 0 2 672 674 673
1189 2 2 0 2 287 288 286
1190 2 2 0 2 3 85 2
1191 2 2 0 2 255 1180 760
1192 2 2 0 2 35 357 34
1193 2 2 0 2 613 615 614
1194 2 2 0 2 84 1127 52
1195 2 2 0 2 170 867 171
1196 2 2 0 2 760 809 717
1197 2 2 0 2 25 889 24
1198 2 2 0 2 617 618 481
1199 2 2 0 2 290 907 906
1200 2 2 0 2 248 611 250
1201 2 2 0 2 158 482 463
1202 2 2 0 2 951 963 488
1203 2 2 0 2 444 707 576
1204 2 2 0 2 972 1018 406
1205 2 2 0 2 831 996 78
1206 2 2 0 2 197 931 203
1207 2 2 0 2 482 555 483
1208 2 2 0 2 70 82 69
1209 2 2 0 2 382 993 384
1210 2 2 0 2 192 842 173
1211 2 2 0 2 608 739 607
1212 2 2 0 2 288 971 563
1213 2 2 0 2 667 668 666
1214 2 2 0 2 636 1040 637
1215 2 2 0 2 569 912 258
1216 2 2 0 2 484 670 669
1217 2 2 0 2 283 786 285
1218 2 2 0 2 110 592 112
1219 2 2 0 2 221 223 222
1220 2 2 0 2 893 959 613
1221 2 2 0 2 977 1018 583
1222 2 2 0 2 806 1160 638
1223 2 2 0 2 477 1003 616
1224 2 2 0 2 126 153 128
1225 2 2 0 2 554 757 756
1226 2 2 0 2 674 729 673
1227 2 2 0 2 462 867 170
1228 2 2 0 2 850 1198 463
1229 2 2 0 2 766 767 449
1230 2 2 0 2 67 656 87
1231 2 2 0 2 358 462 170
1232 2 2 0 2 153 997 168
1233 2 2 0 2 749 750 748
1234 2 2 0 2 117 829 119
1235 2 2 0 2 168 358 170
1236 2 2 0 2 211 732 591
1237 2 2 0 2 770 946 566
1238 2 2 0 2 879 935 101
1239 2 2 0 2 824 864 823
1240 2 2 0 2 565 724 566
1241 2 2 0 2 443 444 422
1242 2 2 0 2 544 573 545
1243 2 2 0 2 323 326 324
1244 2 2 0 2 1120 1180 261
1245 2 2 0 2 138 151 149
1246 2 2 0 2 559 834 497
1247 2 2 0 2 763 815 814
1248 2 2 0 2 440 583 467
1249 2 2 0 2 631 632 556
1250 2 2 0 2 599 1067 915
1251 2 2 0 2 391 1185 386
1252 2 2 0 2 459 649 484
1253 2 2 0 2 469 763 338
1254 2 2 0 2 623 998 677
1255 2 2 0 2 489 675 490
1256 2 2 0 2 283 285 284
1257 2 2 0 2 887 971 290
1258 2 2 0 2 657 1132 1083
1259 2 2 0 2 1013 1167 967
1260 2 2 0 2 672 673 671
1261 2 2 0 2 337 1020 814
1262 2 2 0 2 584 602 601
1263 2 2 0 2 664 667 666
1264 2 2 0 2 796 993 447
1265 2 2 0 2 443 733 507
1266 2 2 0 2 984 1155 905
1267 2 2 0 2 444 913 707
1268 2 2 0 2 158 463 122
1269 2 2 0 2 366 586 364
1270 2 2 0 2 813 911 458
1271 2 2 0 2 687 1103 587
1272 2 2 0 2 394 396 395
1273 2 2 0 2 861 1033 335
1274 2 2 0 2 612 613 500
1275 2 2 0 2 823 964 575
1276 2 2 0 2 221 222 220
1277 2 2 0 2 816 1036 660
1278 2 2 0 2 372 373 371
1279 2 2 0 2 155 156 152
1280 2 2 0 2 676 785 621
1281 2 2 0 2 161 162 160
1282 2 2 0 2 913 1065 912
1283 2 2 0 2 598 633 597
1284 2 2 0 2 514 926 515
1285 2 2 0 2 445 551 550
1286 2 2 0 2 532 577 552
1287 2 2 0 2 467 562 466
1288 2 2 0 2 584 601 468
1289 2 2 0 2 947 1096 736
1290 2 2 0 2 670 994 849
1291 2 2 0 2 334 554 553
1292 2 2 0 2 653 863 659
1293 2 2 0 2 443 507 444
1294 2 2 0 2 373 800 371
1295 2 2 0 2 631 761 632
1296 2 2 0 2 617 619 618
1297 2 2 0 2 842 928 175
1298 2 2 0 2 642 643 504
1299 2 2 0 2 164 165 162
1300 2 2 0 2 168 170 169
1301 2 2 0 2 761 762 632
1302 2 2 0 2 480 870 474
1303 2 2 0 2 391 1155 984
1304 2 2 0 2 128 910 129
1305 2 2 0 2 396 397 395
1306 2 2 0 2 612 893 613
1307 2 2 0 2 215 896 672
1308 2 2 0 2 785 1149 1049
1309 2 2 0 2 821 1204 290
1310 2 2 0 2 312 317 313
1311 2 2 0 2 753 754 281
1312 2 2 0 2 348 353 349
1313 2 2 0 2 292 325 316
1314 2 2 0 2 318 320 319
1315 2 2 0 2 203 1210 204
1316 2 2 0 2 668 768 666
1317 2 2 0 2 542 833 796
1318 2 2 0 2 661 882 881
1319 2 2 0 2 440 467 466
1320 2 2 0 2 540 833 542
1321 2 2 0 2 309 917 302
1322 2 2 0 2 619 621 620
1323 2 2 0 2 726 771 770
1324 2 2 0 2 621 622 620
1325 2 2 0 2 243 944 240
1326 2 2 0 2 229 230 228
1327 2 2 0 2 555 630 556
1328 2 2 0 2 504 968 235
1329 2 2 0 2 816 1197 1061
1330 2 2 0 2 670 1218 781
1331 2 2 0 2 208 210 209
1332 2 2 0 2 548 1108 342
1333 2 2 0 2 818 939 819
1334 2 2 0 2 15 921 14
1335 2 2 0 2 631 838 761
1336 2 2 0 2 282 865 642
1337 2 2 0 2 910 1084 737
1338 2 2 0 2 877 963 734
1339 2 2 0 2 608 778 739
1340 2 2 0 2 493 607 491
1341 2 2 0 2 822 823 575
1342 2 2 0 2 624 967 614
1343 2 2 0 2 102 978 39
1344 2 2 0 2 482 483 463
1345 2 2 0 2 614 967 799
1346 2 2 0 2 59 787 76
1347 2 2 0 2 108 109 107
1348 2 2 0 2 895 896 567
1349 2 2 0 2 793 1204 821
1350 2 2 0 2 718 973 476
1351 2 2 0 2 225 227 226
1352 2 2 0 2 326 468 338
1353 2 2 0 2 191 1160 806
1354 2 2 0 2 436 804 429
1355 2 2 0 2 393 454 392
1356 2 2 0 2 468 1105 469
1357 2 2 0 2 727 1117 691
1358 2 2 0 2 493 608 607
1359 2 2 0 2 551 1078 749
1360 2 2 0 2 673 841 671
1361 2 2 0 2 795 848 668
1362 2 2 0 2 830 947 914
1363 2 2 0 2 121 1178 594
1364 2 2 0 2 550 781 446
1365 2 2 0 2 564 946 570
1366 2 2 0 2 150 737 628
1367 2 2 0 2 318 961 578
1368 2 2 0 2 14 921 100
1369 2 2 0 2 734 916 714
1370 2 2 0 2 40 102 39
1371 2 2 0 2 308 789 351
1372 2 2 0 2 363 364 165
1373 2 2 0 2 410 962 807
1374 2 2 0 2 672 895 674
1375 2 2 0 2 613 614 500
1376 2 2 0 2 713 917 313
1377 2 2 0 2 1151 1182 658
1378 2 2 0 2 836 1017 960
1379 2 2 0 2 695 1198 850
1380 2 2 0 2 77 957 956
1381 2 2 0 2 914 1213 539
1382 2 2 0 2 425 901 421
1383 2 2 0 2 744 1182 1151
1384 2 2 0 2 14 100 13
1385 2 2 0 2 177 928 181
1386 2 2 0 2 172 1084 169
1387 2 2 0 2 774 869 589
1388 2 2 0 2 399 1087 402
1389 2 2 0 2 367 370 369
1390 2 2 0 2 175 928 177
1391 2 2 0 2 606 978 102
1392 2 2 0 2 326 584 468
1393 2 2 0 2 833 1009 384
1394 2 2 0 2 376 800 373
1395 2 2 0 2 748 878 747
1396 2 2 0 2 360 883 598
1397 2 2 0 2 484 669 452
1398 2 2 0 2 672 896 895
1399 2 2 0 2 912 1171 913
1400 2 2 0 2 174 1002 172
1401 2 2 0 2 322 323 321
1402 2 2 0 2 554 756 553
1403 2 2 0 2 460 572 432
1404 2 2 0 2 693 694 692
1405 2 2 0 2 720 721 680
1406 2 2 0 2 153 1217 997
1407 2 2 0 2 577 680 552
1408 2 2 0 2 508 775 511
1409 2 2 0 2 535 536 534
1410 2 2 0 2 580 943 466
1411 2 2 0 2 170 171 169
1412 2 2 0 2 619 620 618
1413 2 2 0 2 34 1199 72
1414 2 2 0 2 368 635 366
1415 2 2 0 2 513 516 510
1416 2 2 0 2 679 1073 892
1417 2 2 0 2 430 1041 811
1418 2 2 0 2 831 989 90
1419 2 2 0 2 644 1165 640
1420 2 2 0 2 520 987 453
1421 2 2 0 2 212 896 215
1422 2 2 0 2 828 1138 641
1423 2 2 0 2 657 1083 869
1424 2 2 0 2 470 546 441
1425 2 2 0 2 720 900 721
1426 2 2 0 2 577 720 680
1427 2 2 0 2 628 1002 844
1428 2 2 0 2 614 799 500
1429 2 2 0 2 208 567 210
1430 2 2 0 2 638 1111 806
1431 2 2 0 2 287 289 288
1432 2 2 0 2 420 443 422
1433 2 2 0 2 680 934 552
1434 2 2 0 2 708 709 576
1435 2 2 0 2 313 917 309
1436 2 2 0 2 848 929 668
1437 2 2 0 2 460 953 590
1438 2 2 0 2 361 609 593
1439 2 2 0 2 766 790 767
1440 2 2 0 2 836 1212 1017
1441 2 2 0 2 1017 1212 606
1442 2 2 0 2 919 1107 436
1443 2 2 0 2 750 751 748
1444 2 2 0 2 479 713 313
1445 2 2 0 2 640 1063 644
1446 2 2 0 2 345 548 342
1447 2 2 0 2 604 906 573
1448 2 2 0 2 479 734 714
1449 2 2 0 2 104 1080 1017
1450 2 2 0 2 577 1034 720
1451 2 2 0 2 690 693 692
1452 2 2 0 2 143 157 142
1453 2 2 0 2 777 1183 262
1454 2 2 0 2 707 708 576
1455 2 2 0 2 668 929 768
1456 2 2 0 2 881 924 438
1457 2 2 0 2 885 1104 652
1458 2 2 0 2 487 939 336
1459 2 2 0 2 204 1031 645
1460 2 2 0 2 375 376 373
1461 2 2 0 2 633 859 597
1462 2 2 0 2 86 610 95
1463 2 2 0 2 570 861 686
1464 2 2 0 2 1140 1168 900
1465 2 2 0 2 453 987 451
1466 2 2 0 2 761 925 762
1467 2 2 0 2 442 470 441
1468 2 2 0 2 402 405 404
1469 2 2 0 2 616 1190 617
1470 2 2 0 2 517 1061 711
1471 2 2 0 2 19 89 18
1472 2 2 0 2 486 658 487
1473 2 2 0 2 613 959 615
1474 2 2 0 2 540 542 541
1475 2 2 0 2 317 479 313
1476 2 2 0 2 720 1140 900
1477 2 2 0 2 698 886 885
1478 2 2 0 2 590 952 698
1479 2 2 0 2 450 901 425
1480 2 2 0 2 565 725 724
1481 2 2 0 2 476 1003 477
1482 2 2 0 2 49 936 48
1483 2 2 0 2 656 828 87
1484 2 2 0 2 61 872 91
1485 2 2 0 2 336 939 352
1486 2 2 0 2 1083 1132 810
1487 2 2 0 2 523 585 524
1488 2 2 0 2 598 1008 633
1489 2 2 0 2 552 934 697
1490 2 2 0 2 327 966 323
1491 2 2 0 2 602 797 601
1492 2 2 0 2 709 975 576
1493 2 2 0 2 1078 1141 749
1494 2 2 0 2 99 1131 849
1495 2 2 0 2 478 1118 999
1496 2 2 0 2 317 877 479
1497 2 2 0 2 892 1073 79
1498 2 2 0 2 199 1193 844
1499 2 2 0 2 470 571 546
1500 2 2 0 2 370 371 369
1501 2 2 0 2 983 1112 647
1502 2 2 0 2 46 956 665
1503 2 2 0 2 479 714 713
1504 2 2 0 2 69 1092 68
1505 2 2 0 2 320 321 319
1506 2 2 0 2 64 603 73
1507 2 2 0 2 356 1068 206
1508 2 2 0 2 521 869 520
1509 2 2 0 2 523 524 343
1510 2 2 0 2 311 954 312
1511 2 2 0 2 282 642 504
1512 2 2 0 2 742 1045 548
1513 2 2 0 2 792 1046 499
1514 2 2 0 2 780 1098 830
1515 2 2 0 2 508 511 510
1516 2 2 0 2 3 650 85
1517 2 2 0 2 685 897 593
1518 2 2 0 2 865 1100 501
1519 2 2 0 2 594 976 741
1520 2 2 0 2 472 784 663
1521 2 2 0 2 832 1053 1052
1522 2 2 0 2 26 83 25
1523 2 2 0 2 76 1147 549
1524 2 2 0 2 711 974 932
1525 2 2 0 2 311 312 309
1526 2 2 0 2 557 953 461
1527 2 2 0 2 1071 1130 752
1528 2 2 0 2 683 933 555
1529 2 2 0 2 291 786 283
1530 2 2 0 2 459 484 452
1531 2 2 0 2 394 445 396
1532 2 2 0 2 566 946 564
1533 2 2 0 2 341 923 344
1534 2 2 0 2 666 903 475
1535 2 2 0 2 685 1192 801
1536 2 2 0 2 392 937 430
1537 2 2 0 2 535 538 536
1538 2 2 0 2 797 856 601
1539 2 2 0 2 282 504 235
1540 2 2 0 2 241 307 304
1541 2 2 0 2 167 910 128
1542 2 2 0 2 231 232 230
1543 2 2 0 2 995 1158 347
1544 2 2 0 2 22 854 21
1545 2 2 0 2 579 1102 84
1546 2 2 0 2 341 342 339
1547 2 2 0 2 565 887 725
1548 2 2 0 2 833 993 796
1549 2 2 0 2 872 886 698
1550 2 2 0 2 91 787 60
1551 2 2 0 2 394 1078 445
1552 2 2 0 2 667 795 668
1553 2 2 0 2 765 1138 828
1554 2 2 0 2 558 948 639
1555 2 2 0 2 181 928 547
1556 2 2 0 2 17 1095 16
1557 2 2 0 2 883 918 598
1558 2 2 0 2 156 1156 803
1559 2 2 0 2 738 1037 862
1560 2 2 0 2 607 1162 491
1561 2 2 0 2 790 1126 942
1562 2 2 0 2 376 927 800
1563 2 2 0 2 24 889 92
1564 2 2 0 2 434 436 429
1565 2 2 0 2 561 1060 247
1566 2 2 0 2 560 970 489
1567 2 2 0 2 835 1097 592
1568 2 2 0 2 530 871 636
1569 2 2 0 2 862 1037 103
1570 2 2 0 2 590 953 952
1571 2 2 0 2 642 792 643
1572 2 2 0 2 820 968 504
1573 2 2 0 2 344 345 342
1574 2 2 0 2 747 994 550
1575 2 2 0 2 641 1058 455
1576 2 2 0 2 584 1123 602
1577 2 2 0 2 940 1047 100
1578 2 2 0 2 361 593 333
1579 2 2 0 2 288 563 330
1580 2 2 0 2 401 977 400
1581 2 2 0 2 145 1072 143
1582 2 2 0 2 271 295 277
1583 2 2 0 2 464 773 237
1584 2 2 0 2 286 1202 284
1585 2 2 0 2 74 745 20
1586 2 2 0 2 650 1090 898
1587 2 2 0 2 609 685 593
1588 2 2 0 2 142 1021 147
1589 2 2 0 2 776 1087 396
1590 2 2 0 2 696 914 539
1591 2 2 0 2 445 550 446
1592 2 2 0 2 221 328 223
1593 2 2 0 2 229 231 230
1594 2 2 0 2 148 1114 208
1595 2 2 0 2 433 461 460
1596 2 2 0 2 644 1063 603
1597 2 2 0 2 308 311 309
1598 2 2 0 2 622 1049 1005
1599 2 2 0 2 575 964 837
1600 2 2 0 2 588 589 521
1601 2 2 0 2 985 986 557
1602 2 2 0 2 315 361 333
1603 2 2 0 2 751 878 748
1604 2 2 0 2 88 1113 838
1605 2 2 0 2 249 1157 561
1606 2 2 0 2 392 430 389
1607 2 2 0 2 395 908 393
1608 2 2 0 2 404 406 401
1609 2 2 0 2 785 1049 622
1610 2 2 0 2 599 1168 858
1611 2 2 0 2 168 997 358
1612 2 2 0 2 244 246 245
1613 2 2 0 2 355 954 311
1614 2 2 0 2 513 710 516
1615 2 2 0 2 517 710 513
1616 2 2 0 2 984 1141 391
1617 2 2 0 2 114 118 115
1618 2 2 0 2 19 745 89
1619 2 2 0 2 440 977 583
1620 2 2 0 2 82 1092 69
1621 2 2 0 2 44 1037 43
1622 2 2 0 2 344 923 348
1623 2 2 0 2 347 1158 1096
1624 2 2 0 2 109 1177 107
1625 2 2 0 2 439 943 908
1626 2 2 0 2 442 471 470
1627 2 2 0 2 312 954 350
1628 2 2 0 2 357 1199 34
1629 2 2 0 2 652 1104 845
1630 2 2 0 2 809 1120 1119
1631 2 2 0 2 370 372 371
1632 2 2 0 2 454 937 392
1633 2 2 0 2 549 1147 853
1634 2 2 0 2 372 374 373
1635 2 2 0 2 405 437 408
1636 2 2 0 2 631 1010 838
1637 2 2 0 2 814 1020 813
1638 2 2 0 2 533 1079 587
1639 2 2 0 2 587 1079 922
1640 2 2 0 2 904 905 381
1641 2 2 0 2 843 1097 683
1642 2 2 0 2 995 1098 780
1643 2 2 0 2 725 1041 724
1644 2 2 0 2 766 1126 790
1645 2 2 0 2 229 501 231
1646 2 2 0 2 511 775 518
1647 2 2 0 2 279 318 291
1648 2 2 0 2 341 344 342
1649 2 2 0 2 383 1155 391
1650 2 2 0 2 751 879 878
1651 2 2 0 2 343 923 341
1652 2 2 0 2 295 296 277
1653 2 2 0 2 862 1153 662
1654 2 2 0 2 756 940 553
1655 2 2 0 2 973 1003 476
1656 2 2 0 2 242 243 240
1657 2 2 0 2 189 1059 184
1658 2 2 0 2 469 1105 992
1659 2 2 0 2 387 811 447
1660 2 2 0 2 581 983 647
1661 2 2 0 2 292 595 325
1662 2 2 0 2 898 1190 616
1663 2 2 0 2 1005 1049 855
1664 2 2 0 2 818 819 817
1665 2 2 0 2 1008 1064 633
1666 2 2 0 2 244 752 246
1667 2 2 0 2 845 1104 740
1668 2 2 0 2 89 1209 18
1669 2 2 0 2 786 1000 285
1670 2 2 0 2 900 915 721
1671 2 2 0 2 601 1105 468
1672 2 2 0 2 290 1204 907
1673 2 2 0 2 643 1028 857
1674 2 2 0 2 344 348 346
1675 2 2 0 2 633 1064 860
1676 2 2 0 2 1090 1190 898
1677 2 2 0 2 62 872 61
1678 2 2 0 2 659 1161 189
1679 2 2 0 2 956 957 665
1680 2 2 0 2 369 687 368
1681 2 2 0 2 396 1087 397
1682 2 2 0 2 603 1176 644
1683 2 2 0 2 803 1062 706
1684 2 2 0 2 651 998 623
1685 2 2 0 2 713 1118 868
1686 2 2 0 2 233 234 232
1687 2 2 0 2 711 932 710
1688 2 2 0 2 446 776 396
1689 2 2 0 2 274 293 276
1690 2 2 0 2 345 742 548
1691 2 2 0 2 97 1086 93
1692 2 2 0 2 267 1183 777
1693 2 2 0 2 287 1000 292
1694 2 2 0 2 813 1020 595
1695 2 2 0 2 857 1124 332
1696 2 2 0 2 1034 1140 720
1697 2 2 0 2 596 1067 599
1698 2 2 0 2 990 1027 198
1699 2 2 0 2 749 1141 984
1700 2 2 0 2 424 1058 426
1701 2 2 0 2 63 886 62
1702 2 2 0 2 625 1051 626
1703 2 2 0 2 435 441 434
1704 2 2 0 2 315 333 304
1705 2 2 0 2 192 1008 842
1706 2 2 0 2 451 987 459
1707 2 2 0 2 557 986 953
1708 2 2 0 2 318 319 291
1709 2 2 0 2 550 994 781
1710 2 2 0 2 898 899 85
1711 2 2 0 2 461 953 460
1712 2 2 0 2 687 922 368
1713 2 2 0 2 820 1164 968
1714 2 2 0 2 384 927 378
1715 2 2 0 2 95 942 94
1716 2 2 0 2 398 908 395
1717 2 2 0 2 340 523 343
1718 2 2 0 2 546 919 441
1719 2 2 0 2 542 543 541
1720 2 2 0 2 459 987 810
1721 2 2 0 2 42 1016 41
1722 2 2 0 2 42 738 104
1723 2 2 0 2 285 1000 287
1724 2 2 0 2 739 1014 607
1725 2 2 0 2 901 1214 421
1726 2 2 0 2 591 1039 873
1727 2 2 0 2 638 1160 202
1728 2 2 0 2 729 1066 673
1729 2 2 0 2 431 435 434
1730 2 2 0 2 736 1096 880
1731 2 2 0 2 307 315 304
1732 2 2 0 2 685 1110 897
1733 2 2 0 2 310 1005 855
1734 2 2 0 2 690 1181 693
1735 2 2 0 2 388 1185 627
1736 2 2 0 2 326 966 584
1737 2 2 0 2 887 888 725
1738 2 2 0 2 832 1110 685
1739 2 2 0 2 274 969 293
1740 2 2 0 2 489 970 675
1741 2 2 0 2 567 958 895
1742 2 2 0 2 1075 1202 1166
1743 2 2 0 2 167 1084 910
1744 2 2 0 2 434 919 436
1745 2 2 0 2 586 1006 364
1746 2 2 0 2 677 996 676
1747 2 2 0 2 612 1046 865
1748 2 2 0 2 387 447 385
1749 2 2 0 2 762 1089 632
1750 2 2 0 2 375 381 377
1751 2 2 0 2 287 292 289
1752 2 2 0 2 997 1217 829
1753 2 2 0 2 842 1008 918
1754 2 2 0 2 1001 1031 204
1755 2 2 0 2 749 984 750
1756 2 2 0 2 733 1214 901
1757 2 2 0 2 41 1016 105
1758 2 2 0 2 663 1179 960
1759 2 2 0 2 600 1209 89
1760 2 2 0 2 499 1046 612
1761 2 2 0 2 441 919 434
1762 2 2 0 2 443 1214 733
1763 2 2 0 2 635 1055 794
1764 2 2 0 2 53 84 52
1765 2 2 0 2 83 889 25
1766 2 2 0 2 143 1072 157
1767 2 2 0 2 308 351 311
1768 2 2 0 2 587 1103 871
1769 2 2 0 2 836 960 457
1770 2 2 0 2 279 961 318
1771 2 2 0 2 412 962 410
1772 2 2 0 2 538 539 536
1773 2 2 0 2 516 1024 731
1774 2 2 0 2 674 1042 874
1775 2 2 0 2 239 241 240
1776 2 2 0 2 353 537 525
1777 2 2 0 2 1041 1094 724
1778 2 2 0 2 909 1182 350
1779 2 2 0 2 522 588 521
1780 2 2 0 2 100 1047 13
1781 2 2 0 2 1075 1166 682
1782 2 2 0 2 378 927 376
1783 2 2 0 2 363 365 364
1784 2 2 0 2 946 1032 570
1785 2 2 0 2 757 988 756
1786 2 2 0 2 911 1004 458
1787 2 2 0 2 1012 1132 437
1788 2 2 0 2 502 1063 640
1789 2 2 0 2 845 1208 448
1790 2 2 0 2 433 508 461
1791 2 2 0 2 445 446 396
1792 2 2 0 2 653 1201 1093
1793 2 2 0 2 708 972 709
1794 2 2 0 2 435 442 441
1795 2 2 0 2 361 982 609
1796 2 2 0 2 1077 1189 605
1797 2 2 0 2 878 1186 747
1798 2 2 0 2 622 1005 715
1799 2 2 0 2 717 1030 568
1800 2 2 0 2 104 1016 42
1801 2 2 0 2 344 346 345
1802 2 2 0 2 664 1015 667
1803 2 2 0 2 947 1213 914
1804 2 2 0 2 560 982 970
1805 2 2 0 2 437 1132 657
1806 2 2 0 2 225 1121 294
1807 2 2 0 2 157 1021 142
1808 2 2 0 2 323 966 326
1809 2 2 0 2 368 922 635
1810 2 2 0 2 839 1062 465
1811 2 2 0 2 778 1205 739
1812 2 2 0 2 397 398 395
1813 2 2 0 2 783 1173 965
1814 2 2 0 2 397 1087 399
1815 2 2 0 2 900 1168 599
1816 2 2 0 2 235 968 236
1817 2 2 0 2 10 1085 9
1818 2 2 0 2 83 1082 163
1819 2 2 0 2 940 1194 678
1820 2 2 0 2 742 1158 995
1821 2 2 0 2 156 1137 152
1822 2 2 0 2 918 1008 598
1823 2 2 0 2 865 1046 642
1824 2 2 0 2 892 1095 600
1825 2 2 0 2 732 1039 591
1826 2 2 0 2 750 984 904
1827 2 2 0 2 348 349 346
1828 2 2 0 2 340 343 341
1829 2 2 0 2 182 1050 179
1830 2 2 0 2 736 1213 947
1831 2 2 0 2 707 1171 991
1832 2 2 0 2 1069 1173 783
1833 2 2 0 2 231 233 232
1834 2 2 0 2 794 1026 839
1835 2 2 0 2 9 1085 78
1836 2 2 0 2 681 1007 701
1837 2 2 0 2 931 1200 198
1838 2 2 0 2 405 408 407
1839 2 2 0 2 585 827 524
1840 2 2 0 2 233 282 235
1841 2 2 0 2 654 655 588
1842 2 2 0 2 811 920 447
1843 2 2 0 2 602 1123 980
1844 2 2 0 2 335 1215 861
1845 2 2 0 2 275 682 273
1846 2 2 0 2 809 1119 562
1847 2 2 0 2 264 1060 727
1848 2 2 0 2 870 1099 754
1849 2 2 0 2 367 368 366
1850 2 2 0 2 568 1030 759
1851 2 2 0 2 92 108 107
1852 2 2 0 2 205 1210 965
1853 2 2 0 2 1 1144 86
1854 2 2 0 2 875 1028 495
1855 2 2 0 2 486 1151 658
1856 2 2 0 2 876 1211 718
1857 2 2 0 2 66 1176 65
1858 2 2 0 2 180 1191 1050
1859 2 2 0 2 439 908 398
1860 2 2 0 2 242 244 243
1861 2 2 0 2 555 933 630
1862 2 2 0 2 593 1071 333
1863 2 2 0 2 284 1075 278
1864 2 2 0 2 519 1057 1036
1865 2 2 0 2 650 898 85
1866 2 2 0 2 147 1142 1056
1867 2 2 0 2 365 367 366
1868 2 2 0 2 2 1144 1
1869 2 2 0 2 340 341 339
1870 2 2 0 2 16 1095 79
1871 2 2 0 2 293 961 276
1872 2 2 0 2 943 1076 454
1873 2 2 0 2 292 1000 595
1874 2 2 0 2 225 294 227
1875 2 2 0 2 484 1218 670
1876 2 2 0 2 43 738 42
1877 2 2 0 2 895 1042 674
1878 2 2 0 2 722 1143 624
1879 2 2 0 2 683 1097 938
1880 2 2 0 2 315 950 361
1881 2 2 0 2 73 886 63
1882 2 2 0 2 853 1146 549
1883 2 2 0 2 28 1043 27
1884 2 2 0 2 406 977 401
1885 2 2 0 2 26 1082 83
1886 2 2 0 2 32 1038 31
1887 2 2 0 2 869 1083 520
1888 2 2 0 2 365 366 364
1889 2 2 0 2 701 1099 870
1890 2 2 0 2 792 1028 643
1891 2 2 0 2 115 117 116
1892 2 2 0 2 855 1049 757
1893 2 2 0 2 105 1017 606
1894 2 2 0 2 329 793 316
1895 2 2 0 2 945 1175 518
1896 2 2 0 2 789 1014 351
1897 2 2 0 2 867 1064 192
1898 2 2 0 2 107 1177 605
1899 2 2 0 2 603 884 73
1900 2 2 0 2 371 800 380
1901 2 2 0 2 1056 1154 147
1902 2 2 0 2 186 1201 653
1903 2 2 0 2 721 1170 680
1904 2 2 0 2 280 1007 902
1905 2 2 0 2 682 1054 273
1906 2 2 0 2 961 1088 578
1907 2 2 0 2 1032 1033 861
1908 2 2 0 2 96 403 97
1909 2 2 0 2 162 465 160
1910 2 2 0 2 132 133 131
1911 2 2 0 2 779 1131 1127
1912 2 2 0 2 260 261 257
1913 2 2 0 2 78 1025 8
1914 2 2 0 2 960 1080 663
1915 2 2 0 2 866 1121 328
1916 2 2 0 2 787 986 985
1917 2 2 0 2 706 1172 144
1918 2 2 0 2 351 1014 581
1919 2 2 0 2 630 1010 631
1920 2 2 0 2 904 984 905
1921 2 2 0 2 1145 1191 180
1922 2 2 0 2 856 1105 601
1923 2 2 0 2 508 510 509
1924 2 2 0 2 136 1178 121
1925 2 2 0 2 470 1122 571
1926 2 2 0 2 661 1057 882
1927 2 2 0 2 948 1019 639
1928 2 2 0 2 103 1153 862
1929 2 2 0 2 647 1112 758
1930 2 2 0 2 571 1133 546
1931 2 2 0 2 270 1110 832
1932 2 2 0 2 358 1029 462
1933 2 2 0 2 606 1134 978
1934 2 2 0 2 737 1002 628
1935 2 2 0 2 926 1115 522
1936 2 2 0 2 970 982 950
1937 2 2 0 2 632 1089 755
1938 2 2 0 2 872 952 91
1939 2 2 0 2 588 660 589
1940 2 2 0 2 797 1031 1001
1941 2 2 0 2 325 337 329
1942 2 2 0 2 767 1211 876
1943 2 2 0 2 117 119 116
1944 2 2 0 2 605 1177 1077
1945 2 2 0 2 784 1179 663
1946 2 2 0 2 991 1018 708
1947 2 2 0 2 950 982 361
1948 2 2 0 2 678 1073 679
1949 2 2 0 2 253 505 251
1950 2 2 0 2 859 1142 723
1951 2 2 0 2 707 991 708
1952 2 2 0 2 169 1084 167
1953 2 2 0 2 141 143 142
1954 2 2 0 2 829 1217 119
1955 2 2 0 2 400 439 398
1956 2 2 0 2 252 270 254
1957 2 2 0 2 570 1032 861
1958 2 2 0 2 915 1067 157
1959 2 2 0 2 698 952 872
1960 2 2 0 2 184 1059 182
1961 2 2 0 2 905 1155 379
1962 2 2 0 2 151 1148 154
1963 2 2 0 2 739 1205 983
1964 2 2 0 2 328 1121 223
1965 2 2 0 2 1016 1017 105
1966 2 2 0 2 347 1098 995
1967 2 2 0 2 726 1094 937
1968 2 2 0 2 233 235 234
1969 2 2 0 2 602 1031 797
1970 2 2 0 2 723 1067 596
1971 2 2 0 2 697 1079 533
1972 2 2 0 2 333 1081 304
1973 2 2 0 2 810 1011 649
1974 2 2 0 2 119 1217 126
1975 2 2 0 2 580 1076 943
1976 2 2 0 2 860 1056 859
1977 2 2 0 2 585 890 827
1978 2 2 0 2 611 1074 250
1979 2 2 0 2 282 1100 865
1980 2 2 0 2 1086 1102 579
1981 2 2 0 2 1001 1210 205
1982 2 2 0 2 899 1070 85
1983 2 2 0 2 935 936 101
1984 2 2 0 2 714 1118 713
1985 2 2 0 2 332 950 315
1986 2 2 0 2 1061 1197 711
1987 2 2 0 2 915 1072 721
1988 2 2 0 2 562 1119 580
1989 2 2 0 2 942 1126 82
1990 2 2 0 2 399 401 400
1991 2 2 0 2 12 989 11
1992 2 2 0 2 573 1174 545
1993 2 2 0 2 758 1161 648
1994 2 2 0 2 337 340 339
1995 2 2 0 2 135 1019 948
1996 2 2 0 2 567 1114 958
1997 2 2 0 2 13 1047 12
1998 2 2 0 2 1024 1115 731
1999 2 2 0 2 511 513 510
2000 2 2 0 2 1056 1163 704
2001 2 2 0 2 192 1064 1008
2002 2 2 0 2 920 1152 888
2003 2 2 0 2 938 1097 835
2004 2 2 0 2 606 1212 1134
2005 2 2 0 2 860 1163 1056
2006 2 2 0 2 592 1097 843
2007 2 2 0 2 467 1216 1030
2008 2 2 0 2 371 380 369
2009 2 2 0 2 636 1103 1040
2010 2 2 0 2 37 1023 36
2011 2 2 0 2 1055 1079 697
2012 2 2 0 2 902 1007 681
2013 2 2 0 2 769 1133 571
2014 2 2 0 2 665 1015 941
2015 2 2 0 2 823 1129 964
2016 2 2 0 2 790 1211 767
2017 2 2 0 2 891 1131 99
2018 2 2 0 2 1038 1113 31
2019 2 2 0 2 569 1171 912
2020 2 2 0 2 1074 1110 270
2021 2 2 0 2 764 1138 765
2022 2 2 0 2 719 1034 990
2023 2 2 0 2 912 1157 258
2024 2 2 0 2 337 339 329
2025 2 2 0 2 276 279 278
2026 2 2 0 2 503 1104 885
2027 2 2 0 2 47 956 46
2028 2 2 0 2 43 1037 738
2029 2 2 0 2 100 1194 940
2030 2 2 0 2 937 1094 430
2031 2 2 0 2 642 1046 792
2032 2 2 0 2 757 1149 988
2033 2 2 0 2 307 332 315
2034 2 2 0 2 390 393 392
2035 2 2 0 2 976 1029 358
2036 2 2 0 2 952 986 91
2037 2 2 0 2 447 993 385
2038 2 2 0 2 658 1182 909
2039 2 2 0 2 202 1160 195
2040 2 2 0 2 385 993 382
2041 2 2 0 2 944 1139 464
2042 2 2 0 2 62 886 872
2043 2 2 0 2 265 1091 699
2044 2 2 0 2 179 1191 178
2045 2 2 0 2 849 1131 779
2046 2 2 0 2 244 1081 752
2047 2 2 0 2 325 329 316
2048 2 2 0 2 259 1091 265
2049 2 2 0 2 279 291 283
2050 2 2 0 2 1050 1112 180
2051 2 2 0 2 665 941 45
2052 2 2 0 2 930 1126 766
2053 2 2 0 2 64 73 63
2054 2 2 0 2 165 1006 162
2055 2 2 0 2 981 1040 380
2056 2 2 0 2 233 1100 282
2057 2 2 0 2 549 1146 96
2058 2 2 0 2 958 1114 684
2059 2 2 0 2 849 1186 99
2060 2 2 0 2 691 1181 690
2061 2 2 0 2 146 1172 1026
2062 2 2 0 2 452 1086 97
2063 2 2 0 2 79 1073 921
2064 2 2 0 2 585 992 890
2065 2 2 0 2 342 1108 339
2066 2 2 0 2 21 74 20
2067 2 2 0 2 238 464 237
2068 2 2 0 2 649 1218 484
2069 2 2 0 2 673 1066 841
2070 2 2 0 2 364 1006 165
2071 2 2 0 2 157 1072 915
2072 2 2 0 2 377 378 376
2073 2 2 0 2 236 239 238
2074 2 2 0 2 31 1113 30
2075 2 2 0 2 478 1136 296
2076 2 2 0 2 1012 1206 1087
2077 2 2 0 2 627 1141 1078
2078 2 2 0 2 520 1083 987
2079 2 2 0 2 196 1200 197
2080 2 2 0 2 724 1094 726
2081 2 2 0 2 152 1137 149
2082 2 2 0 2 667 957 795
2083 2 2 0 2 858 1168 201
2084 2 2 0 2 546 1022 919
2085 2 2 0 2 676 1188 785
2086 2 2 0 2 747 1186 994
2087 2 2 0 2 729 1143 1066
2088 2 2 0 2 241 1164 307
2089 2 2 0 2 702 1154 704
2090 2 2 0 2 777 1032 946
2091 2 2 0 2 99 1186 878
2092 2 2 0 2 506 1187 133
2093 2 2 0 2 990 1034 743
2094 2 2 0 2 246 1130 248
2095 2 2 0 2 105 606 102
2096 2 2 0 2 539 1213 536
2097 2 2 0 2 91 986 787
2098 2 2 0 2 787 985 76
2099 2 2 0 2 350 1182 744
2100 2 2 0 2 1127 1131 98
2101 2 2 0 2 188 1111 817
2102 2 2 0 2 85 1070 2
2103 2 2 0 2 734 1203 916
2104 2 2 0 2 609 1192 685
2105 2 2 0 2 1095 1209 600
2106 2 2 0 2 250 1074 252
2107 2 2 0 2 626 1069 783
2108 2 2 0 2 835 1135 938
2109 2 2 0 2 92 107 106
2110 2 2 0 2 397 399 398
2111 2 2 0 2 651 1090 998
2112 2 2 0 2 557 1106 985
2113 2 2 0 2 445 1078 551
2114 2 2 0 2 515 522 521
2115 2 2 0 2 524 1195 343
2116 2 2 0 2 236 968 239
2117 2 2 0 2 733 1117 507
2118 2 2 0 2 274 276 275
2119 2 2 0 2 897 1071 593
2120 2 2 0 2 276 278 275
2121 2 2 0 2 50 891 101
2122 2 2 0 2 279 283 278
2123 2 2 0 2 754 1099 281
2124 2 2 0 2 583 1216 467
2125 2 2 0 2 87 1165 644
2126 2 2 0 2 272 969 274
2127 2 2 0 2 399 400 398
2128 2 2 0 2 248 1130 611
2129 2 2 0 2 382 384 378
2130 2 2 0 2 276 961 279
2131 2 2 0 2 98 891 50
2132 2 2 0 2 817 1111 638
2133 2 2 0 2 617 1190 651
2134 2 2 0 2 735 1177 109
2135 2 2 0 2 882 1175 945
2136 2 2 0 2 403 451 97
2137 2 2 0 2 405 1206 437
2138 2 2 0 2 162 1006 465
2139 2 2 0 2 275 1075 682
2140 2 2 0 2 800 981 380
2141 2 2 0 2 955 1077 356
2142 2 2 0 2 252 253 251
2143 2 2 0 2 740 1208 845
2144 2 2 0 2 260 262 261
2145 2 2 0 2 871 1103 636
2146 2 2 0 2 51 98 50
2147 2 2 0 2 693 1107 694
2148 2 2 0 2 1035 1179 784
2149 2 2 0 2 662 1153 664
2150 2 2 0 2 273 1054 269
2151 2 2 0 2 343 1195 923
2152 2 2 0 2 864 1129 823
2153 2 2 0 2 595 1020 325
2154 2 2 0 2 78 1085 831
2155 2 2 0 2 130 1042 958
2156 2 2 0 2 271 1184 295
2157 2 2 0 2 708 1018 972
2158 2 2 0 2 266 335 263
2159 2 2 0 2 653 1093 863
2160 2 2 0 2 781 1125 446
2161 2 2 0 2 654 730 655
2162 2 2 0 2 201 1168 1140
2163 2 2 0 2 868 1118 478
2164 2 2 0 2 488 1151 486
2165 2 2 0 2 738 862 104
2166 2 2 0 2 231 1100 233
2167 2 2 0 2 1169 1181 691
2168 2 2 0 2 916 1088 293
2169 2 2 0 2 386 387 385
2170 2 2 0 2 719 1140 1034
2171 2 2 0 2 241 304 242
2172 2 2 0 2 274 275 273
2173 2 2 0 2 93 1086 579
2174 2 2 0 2 1106 1147 985
2175 2 2 0 2 104 1017 1016
2176 2 2 0 2 208 1114 567
2177 2 2 0 2 711 1197 974
2178 2 2 0 2 388 389 387
2179 2 2 0 2 36 1023 864
2180 2 2 0 2 325 1020 337
2181 2 2 0 2 694 1139 692
2182 2 2 0 2 77 936 935
2183 2 2 0 2 888 1152 725
2184 2 2 0 2 86 95 94
2185 2 2 0 2 723 1142 1021
2186 2 2 0 2 1012 1087 776
2187 2 2 0 2 831 1085 10
2188 2 2 0 2 491 1162 306
2189 2 2 0 2 242 1081 244
2190 2 2 0 2 446 1125 776
2191 2 2 0 2 664 1153 1015
2192 2 2 0 2 861 1166 686
2193 2 2 0 2 574 1147 1106
2194 2 2 0 2 964 1129 75
2195 2 2 0 2 223 1121 225
2196 2 2 0 2 955 1189 1077
2197 2 2 0 2 107 605 106
2198 2 2 0 2 970 1124 675
2199 2 2 0 2 160 1156 156
2200 2 2 0 2 465 1156 160
2201 2 2 0 2 6 712 81
2202 2 2 0 2 752 1130 246
2203 2 2 0 2 511 517 513
2204 2 2 0 2 272 274 273
2205 2 2 0 2 430 1094 1041
2206 2 2 0 2 740 1104 503
2207 2 2 0 2 229 1109 501
2208 2 2 0 2 913 1171 707
2209 2 2 0 2 329 1108 793
2210 2 2 0 2 515 521 520
2211 2 2 0 2 966 1123 584
2212 2 2 0 2 45 941 44
2213 2 2 0 2 463 1198 122
2214 2 2 0 2 950 1124 970
2215 2 2 0 2 965 1173 205
2216 2 2 0 2 235 236 234
2217 2 2 0 2 437 1206 1012
2218 2 2 0 2 197 1200 931
2219 2 2 0 2 541 696 539
2220 2 2 0 2 265 699 268
2221 2 2 0 2 1050 1191 179
2222 2 2 0 2 277 969 272
2223 2 2 0 2 1087 1206 402
2224 2 2 0 2 923 1195 625
2225 2 2 0 2 1036 1057 661
2226 2 2 0 2 75 1129 1023
2227 2 2 0 2 703 1178 136
2228 2 2 0 2 501 1100 231
2229 2 2 0 2 624 1143 1013
2230 2 2 0 2 776 1125 1011
2231 2 2 0 2 270 1052 254
2232 2 2 0 2 522 654 588
2233 2 2 0 2 278 1075 275
2234 2 2 0 2 83 1135 889
2235 2 2 0 2 252 1074 270
2236 2 2 0 2 1056 1142 859
2237 2 2 0 2 1051 1195 524
2238 2 2 0 2 367 369 368
2239 2 2 0 2 375 377 376
2240 2 2 0 2 1062 1156 465
2241 2 2 0 2 79 1095 892
2242 2 2 0 2 272 273 269
2243 2 2 0 2 862 1080 104
2244 2 2 0 2 838 1113 1038
2245 2 2 0 2 680 1170 934
2246 2 2 0 2 377 379 378
2247 2 2 0 2 266 1054 335
2248 2 2 0 2 1043 1082 27
2249 2 2 0 2 1117 1169 691
2250 2 2 0 2 261 1180 257
2251 2 2 0 2 379 382 378
2252 2 2 0 2 471 1122 470
2253 2 2 0 2 74 1101 746
2254 2 2 0 2 163 1043 933
2255 2 2 0 2 345 1158 742
2256 2 2 0 2 781 1218 1125
2257 2 2 0 2 960 1179 457
2258 2 2 0 2 894 1192 609
2259 2 2 0 2 1125 1218 649
2260 2 2 0 2 86 1144 610
2261 2 2 0 2 304 1081 242
2262 2 2 0 2 201 1140 719
2263 2 2 0 2 963 1203 734
2264 2 2 0 2 29 1128 28
2265 2 2 0 2 252 254 253
2266 2 2 0 2 967 1167 135
2267 2 2 0 2 853 1147 574
2268 2 2 0 2 933 1044 630
2269 2 2 0 2 386 388 387
2270 2 2 0 2 1073 1194 921
2271 2 2 0 2 277 1136 969
2272 2 2 0 2 969 1136 999
2273 2 2 0 2 1026 1172 706
2274 2 2 0 2 515 520 453
2275 2 2 0 2 980 1123 352
2276 2 2 0 2 27 1082 26
2277 2 2 0 2 420 1214 443
2278 2 2 0 2 994 1186 849
2279 2 2 0 2 522 1115 654
2280 2 2 0 2 51 1127 98
2281 2 2 0 2 958 1042 895
2282 2 2 0 2 1011 1012 776
2283 2 2 0 2 999 1136 478
2284 2 2 0 2 383 385 382
2285 2 2 0 2 256 1091 259
2286 2 2 0 2 1040 1103 687
2287 2 2 0 2 699 1091 1053
2288 2 2 0 2 996 1188 676
2289 2 2 0 2 293 1088 961
2290 2 2 0 2 269 1054 266
2291 2 2 0 2 995 1174 742
2292 2 2 0 2 126 1217 153
2293 2 2 0 2 241 242 240
2294 2 2 0 2 921 1194 100
2295 2 2 0 2 227 1109 229
2296 2 2 0 2 403 453 451
2297 2 2 0 2 18 1209 17
2298 2 2 0 2 204 1210 1001
2299 2 2 0 2 651 1190 1090
2300 2 2 0 2 1060 1150 247
2301 2 2 0 2 630 1044 1010
2302 2 2 0 2 985 1147 76
2303 2 2 0 2 758 1112 1050
2304 2 2 0 2 656 1092 930
2305 2 2 0 2 75 1134 964
2306 2 2 0 2 402 1206 405
2307 2 2 0 2 545 1174 995
2308 2 2 0 2 1015 1153 103
2309 2 2 0 2 803 1156 1062
2310 2 2 0 2 294 1109 227
2311 2 2 0 2 1023 1129 864
2312 2 2 0 2 351 581 355
2313 2 2 0 2 828 1165 87
2314 2 2 0 2 704 1154 1056
2315 2 2 0 2 1061 1159 519
2316 2 2 0 2 339 1108 329
2317 2 2 0 2 785 1188 1149
2318 2 2 0 2 80 989 12
2319 2 2 0 2 379 383 382
2320 2 2 0 2 254 255 253
2321 2 2 0 2 1070 1144 2
2322 2 2 0 2 332 1124 950
2323 2 2 0 2 699 1184 268
2324 2 2 0 2 163 1082 1043
2325 2 2 0 2 1077 1177 735
2326 2 2 0 2 254 1052 256
2327 2 2 0 2 30 88 29
2328 2 2 0 2 580 1119 1048
2329 2 2 0 2 256 259 257
2330 2 2 0 2 949 1090 650
2331 2 2 0 2 44 941 103
2332 2 2 0 2 103 1037 44
2333 2 2 0 2 134 1167 1013
2334 2 2 0 2 978 1134 75
2335 2 2 0 2 1030 1216 759
2336 2 2 0 2 811 1152 920
2337 2 2 0 2 725 1152 1041
2338 2 2 0 2 254 256 255
2339 2 2 0 2 574 1116 853
2340 2 2 0 2 1051 1069 626
2341 2 2 0 2 271 277 272
2342 2 2 0 2 1011 1125 649
2343 2 2 0 2 383 386 385
2344 2 2 0 2 678 1194 1073
2345 2 2 0 2 941 1015 103
2346 2 2 0 2 135 1187 1019
2347 2 2 0 2 346 1158 345
2348 2 2 0 2 827 1173 1069
2349 2 2 0 2 271 272 269
2350 2 2 0 2 351 355 311
2351 2 2 0 2 926 1116 1115
2352 2 2 0 2 259 263 260
2353 2 2 0 2 296 1136 277
2354 2 2 0 2 916 1203 1088
2355 2 2 0 2 1115 1116 731
2356 2 2 0 2 1010 1128 88
2357 2 2 0 2 1066 1143 722
2358 2 2 0 2 810 1132 1011
2359 2 2 0 2 987 1083 810
2360 2 2 0 2 17 1209 1095
2361 2 2 0 2 746 1189 955
2362 2 2 0 2 1019 1187 506
2363 2 2 0 2 1053 1091 1052
2364 2 2 0 2 1052 1091 256
2365 2 2 0 2 1013 1143 729
2366 2 2 0 2 259 260 257
2367 2 2 0 2 968 1164 239
2368 2 2 0 2 610 1144 1070
2369 2 2 0 2 106 1207 854
2370 2 2 0 2 265 266 263
2371 2 2 0 2 98 1131 891
2372 2 2 0 2 988 1149 90
2373 2 2 0 2 605 1207 106
2374 2 2 0 2 379 1155 383
2375 2 2 0 2 1059 1161 758
2376 2 2 0 2 189 1161 1059
2377 2 2 0 2 742 1174 1045
2378 2 2 0 2 259 265 263
2379 2 2 0 2 268 269 266
2380 2 2 0 2 257 1180 255
2381 2 2 0 2 386 1185 388
2382 2 2 0 2 256 257 255
2383 2 2 0 2 239 1164 241
2384 2 2 0 2 1041 1152 811
2385 2 2 0 2 264 1150 1060
2386 2 2 0 2 1141 1185 391
2387 2 2 0 2 268 271 269
2388 2 2 0 2 403 1146 514
2389 2 2 0 2 517 1159 1061
2390 2 2 0 2 682 1215 1054
2391 2 2 0 2 249 1196 1157
2392 2 2 0 2 805 1181 1169
2393 2 2 0 2 284 1202 1075
2394 2 2 0 2 514 515 453
2395 2 2 0 2 853 1116 926
2396 2 2 0 2 30 1113 88
2397 2 2 0 2 625 1195 1051
2398 2 2 0 2 268 1184 271
2399 2 2 0 2 1166 1202 686
2400 2 2 0 2 1021 1142 147
2401 2 2 0 2 96 1146 403
2402 2 2 0 2 965 1210 203
2403 2 2 0 2 1011 1132 1012
2404 2 2 0 2 731 1116 574
2405 2 2 0 2 1043 1044 933
2406 2 2 0 2 1157 1196 258
2407 2 2 0 2 403 514 453
2408 2 2 0 2 265 268 266
2409 2 2 0 2 1057 1175 882
2410 2 2 0 2 1088 1203 578
2411 2 2 0 2 262 1183 261
2412 2 2 0 2 627 1185 1141
2413 2 2 0 2 28 1044 1043
2414 2 2 0 2 180 1205 1145
2415 2 2 0 2 261 1183 1120
2416 2 2 0 2 1120 1183 267
2417 2 2 0 2 1044 1128 1010
2418 2 2 0 2 733 1169 1117
2419 2 2 0 2 1054 1215 335
2420 2 2 0 2 1045 1174 573
2421 2 2 0 2 1101 1189 746
2422 2 2 0 2 72 1038 32
2423 2 2 0 2 861 1215 1166
2424 2 2 0 2 1189 1207 605
2425 2 2 0 2 1149 1188 90
2426 2 2 0 2 1145 1205 778
2427 2 2 0 2 28 1128 1044
2428 2 2 0 2 1166 1215 682
2429 2 2 0 2 88 1128 29
2430 2 2 0 2 925 1199 357
2431 2 2 0 2 854 1207 1101
2432 2 2 0 2 12 1047 80
2433 2 2 0 2 1101 1207 1189
2434 2 2 0 2 11 989 10
2435 2 2 0 2 21 1101 74
2436 2 2 0 3 1378 1380 1379
2437 2 2 0 3 7 1539 1227
2438 2 2 0 3 1496 1884 1381
2439 2 2 0 3 2073 2242 1854
2440 2 2 0 3 1910 2250 1280
2441 2 2 0 3 1877 2130 2108
2442 2 2 0 3 1594 2086 1596
2443 2 2 0 3 1854 2242 1805
2444 2 2 0 3 2149 2196 1369
2445 2 2 0 3 2042 2055 1972
2446 2 2 0 3 1819 2196 2149
2447 2 2 0 3 1407 2020 1410
2448 2 2 0 3 1441 1940 1444
2449 2 2 0 3 1365 2268 2015
2450 2 2 0 3 56 1688 57
2451 2 2 0 3 1846 2225 1225
2452 2 2 0 3 1538 1952 1880
2453 2 2 0 3 1887 1982 1236
2454 2 2 0 3 1731 2270 1923
2455 2 2 0 3 1985 2153 1752
2456 2 2 0 3 1277 2131 1279
2457 2 2 0 3 1576 2232 1647
2458 2 2 0 3 1778 2031 1895
2459 2 2 0 3 1480 2051 1860
2460 2 2 0 3 1982 2175 1236
2461 2 2 0 3 1860 2052 1480
2462 2 2 0 3 1505 1877 1857
2463 2 2 0 3 1963 2312 2072
2464 2 2 0 3 1958 2102 1792
2465 2 2 0 3 1419 1909 1420
2466 2 2 0 3 2198 2248 1876
2467 2 2 0 3 1856 2033 1457
2468 2 2 0 3 1894 2081 1724
2469 2 2 0 3 1756 2164 1333
2470 2 2 0 3 1768 2056 1953
2471 2 2 0 3 1982 2102 1958
2472 2 2 0 3 1898 2198 1876
2473 2 2 0 3 1425 2269 1426
2474 2 2 0 3 1612 2248 2198
2475 2 2 0 3 58 1233 59
2476 2 2 0 3 1928 2081 1894
2477 2 2 0 3 2086 2166 1596
2478 2 2 0 3 1750 2112 1751
2479 2 2 0 3 1874 2140 1259
2480 2 2 0 3 1360 2216 1941
2481 2 2 0 3 1259 2057 1874
2482 2 2 0 3 1419 2019 1909
2483 2 2 0 3 2022 2023 1360
2484 2 2 0 3 1298 1299 1297
2485 2 2 0 3 12 1223 13
2486 2 2 0 3 12 2231 1223
2487 2 2 0 3 1504 1928 1894
2488 2 2 0 3 39 2010 40
2489 2 2 0 3 1934 2200 2045
2490 2 2 0 3 1378 1379 1377
2491 2 2 0 3 1620 2085 1837
2492 2 2 0 3 9 1231 10
2493 2 2 0 3 1941 2022 1360
2494 2 2 0 3 1496 1983 1884
2495 2 2 0 3 1778 2276 2031
2496 2 2 0 3 1329 1355 1331
2497 2 2 0 3 1457 2133 1856
2498 2 2 0 3 70 1230 71
2499 2 2 0 3 1287 1289 1288
2500 2 2 0 3 1871 2097 1347
2501 2 2 0 3 1280 2151 1910
2502 2 2 0 3 1331 1756 1333
2503 2 2 0 3 1990 2165 2082
2504 2 2 0 3 1419 1420 1418
2505 2 2 0 3 1750 1751 1382
2506 2 2 0 3 1439 1940 1441
2507 2 2 0 3 1857 2149 1505
2508 2 2 0 3 1984 2153 1985
2509 2 2 0 3 1691 2165 1990
2510 2 2 0 3 2005 2117 1849
2511 2 2 0 3 1647 2232 2016
2512 2 2 0 3 1950 2268 1365
2513 2 2 0 3 60 1520 61
2514 2 2 0 3 1893 2101 1770
2515 2 2 0 3 2072 2312 1767
2516 2 2 0 3 2045 2200 1718
2517 2 2 0 3 1963 2072 1229
2518 2 2 0 3 1983 2197 1884
2519 2 2 0 3 1266 1912 1779
2520 2 2 0 3 2096 2202 1519
2521 2 2 0 3 1394 2200 1396
2522 2 2 0 3 1325 1326 1324
2523 2 2 0 3 1343 1350 1345
2524 2 2 0 3 1780 2136 1781
2525 2 2 0 3 1295 1298 1297
2526 2 2 0 3 1852 2184 2180
2527 2 2 0 3 2200 2260 1399
2528 2 2 0 3 1695 2239 1696
2529 2 2 0 3 1696 1968 1481
2530 2 2 0 3 1879 2314 1601
2531 2 2 0 3 1969 2136 1780
2532 2 2 0 3 67 1847 68
2533 2 2 0 3 1901 2323 1223
2534 2 2 0 3 1839 2251 2006
2535 2 2 0 3 1229 1848 1513
2536 2 2 0 3 1561 2232 1559
2537 2 2 0 3 1343 1345 1344
2538 2 2 0 3 1405 2020 1407
2539 2 2 0 3 1808 2250 1910
2540 2 2 0 3 1934 2260 2200
2541 2 2 0 3 2083 2164 1918
2542 2 2 0 3 1870 2164 2083
2543 2 2 0 3 1575 2025 1558
2544 2 2 0 3 1225 2224 1846
2545 2 2 0 3 1699 2125 2092
2546 2 2 0 3 1876 2290 1898
2547 2 2 0 3 1291 2244 1293
2548 2 2 0 3 1699 2223 2125
2549 2 2 0 3 1812 2251 1839
2550 2 2 0 3 1392 1486 1394
2551 2 2 0 3 1803 2242 1922
2552 2 2 0 3 1770 2244 1893
2553 2 2 0 3 1919 2169 1239
2554 2 2 0 3 1844 2323 1901
2555 2 2 0 3 1424 2269 1425
2556 2 2 0 3 1775 2230 2120
2557 2 2 0 3 1972 2055 1502
2558 2 2 0 3 1252 1254 1253
2559 2 2 0 3 1254 1376 1253
2560 2 2 0 3 1922 2150 1803
2561 2 2 0 3 1823 2020 1405
2562 2 2 0 3 1837 2186 1620
2563 2 2 0 3 1909 2019 1734
2564 2 2 0 3 1444 1445 1443
2565 2 2 0 3 1937 2232 1561
2566 2 2 0 3 1231 2161 10
2567 2 2 0 3 1866 2197 1983
2568 2 2 0 3 1495 1792 1390
2569 2 2 0 3 70 1987 1230
2570 2 2 0 3 1941 2216 1942
2571 2 2 0 3 1980 2065 1936
2572 2 2 0 3 1893 1894 1724
2573 2 2 0 3 1899 2274 1639
2574 2 2 0 3 1601 2314 1629
2575 2 2 0 3 1287 2256 1289
2576 2 2 0 3 1242 2227 1241
2577 2 2 0 3 1882 2118 2088
2578 2 2 0 3 1656 2086 1594
2579 2 2 0 3 2011 2112 1750
2580 2 2 0 3 1938 2128 1540
2581 2 2 0 3 1877 2108 1880
2582 2 2 0 3 1880 2034 1538
2583 2 2 0 3 1737 2131 1277
2584 2 2 0 3 1792 2285 1390
2585 2 2 0 3 1403 1823 1405
2586 2 2 0 3 2088 2118 1907
2587 2 2 0 3 1289 1303 1291
2588 2 2 0 3 1718 2200 1394
2589 2 2 0 3 1289 1290 1288
2590 2 2 0 3 1873 1874 1788
2591 2 2 0 3 2206 2212 1647
2592 2 2 0 3 1976 2209 2158
2593 2 2 0 3 1880 1952 1858
2594 2 2 0 3 1223 2187 1901
2595 2 2 0 3 1775 2120 1688
2596 2 2 0 3 1702 1703 1700
2597 2 2 0 3 1919 2291 2169
2598 2 2 0 3 1426 2234 1425
2599 2 2 0 3 1636 1898 1897
2600 2 2 0 3 1388 1495 1390
2601 2 2 0 3 1889 1902 1579
2602 2 2 0 3 1233 2305 59
2603 2 2 0 3 1293 2244 1770
2604 2 2 0 3 1449 1917 1445
2605 2 2 0 3 1378 1750 1382
2606 2 2 0 3 1959 2147 1878
2607 2 2 0 3 1241 2227 5
2608 2 2 0 3 1796 1797 1228
2609 2 2 0 3 1924 1926 1774
2610 2 2 0 3 37 1796 38
2611 2 2 0 3 1639 2271 1899
2612 2 2 0 3 2138 2274 1960
2613 2 2 0 3 1688 2120 57
2614 2 2 0 3 1322 1324 1323
2615 2 2 0 3 38 1796 1228
2616 2 2 0 3 1355 1756 1331
2617 2 2 0 3 1289 1291 1290
2618 2 2 0 3 60 1841 1520
2619 2 2 0 3 1976 2158 1478
2620 2 2 0 3 1751 1752 1382
2621 2 2 0 3 2108 2130 1368
2622 2 2 0 3 1936 2209 1980
2623 2 2 0 3 1520 2024 1226
2624 2 2 0 3 1883 2167 1237
2625 2 2 0 3 45 1236 46
2626 2 2 0 3 1972 2056 1768
2627 2 2 0 3 1770 2039 1498
2628 2 2 0 3 1441 1444 1443
2629 2 2 0 3 1299 1669 1297
2630 2 2 0 3 1264 1912 1266
2631 2 2 0 3 1749 1929 1873
2632 2 2 0 3 1254 2140 1376
2633 2 2 0 3 1390 2285 1392
2634 2 2 0 3 1585 2087 1582
2635 2 2 0 3 1639 2274 2138
2636 2 2 0 3 1702 1705 1703
2637 2 2 0 3 1770 2101 2039
2638 2 2 0 3 1291 1293 1292
2639 2 2 0 3 1989 1990 1590
2640 2 2 0 3 1608 1879 1601
2641 2 2 0 3 1882 2088 1238
2642 2 2 0 3 2100 2212 2206
2643 2 2 0 3 1430 1933 1824
2644 2 2 0 3 1227 2292 7
2645 2 2 0 3 1343 2011 1350
2646 2 2 0 3 1953 2056 1232
2647 2 2 0 3 1314 1928 1504
2648 2 2 0 3 1923 2270 2269
2649 2 2 0 3 1671 2074 1913
2650 2 2 0 3 2202 2284 1519
2651 2 2 0 3 1325 1327 1326
2652 2 2 0 3 1237 2376 1883
2653 2 2 0 3 2180 2184 1453
2654 2 2 0 3 2026 2311 1646
2655 2 2 0 3 1241 1243 1242
2656 2 2 0 3 1895 2220 1778
2657 2 2 0 3 1427 2247 1406
2658 2 2 0 3 1506 2023 2022
2659 2 2 0 3 1398 1692 1397
2660 2 2 0 3 1355 1911 1868
2661 2 2 0 3 1229 1849 1848
2662 2 2 0 3 1889 2379 1769
2663 2 2 0 3 1640 2113 2032
2664 2 2 0 3 1558 2025 1556
2665 2 2 0 3 1381 1884 1384
2666 2 2 0 3 2144 2205 1748
2667 2 2 0 3 1398 2328 1692
2668 2 2 0 3 1713 1873 1788
2669 2 2 0 3 1243 1244 1242
2670 2 2 0 3 1640 2192 2113
2671 2 2 0 3 1849 2117 1850
2672 2 2 0 3 1252 2030 1813
2673 2 2 0 3 2000 2002 1347
2674 2 2 0 3 1693 1696 1481
2675 2 2 0 3 1724 2101 1893
2676 2 2 0 3 1843 2159 2047
2677 2 2 0 3 1582 2087 1583
2678 2 2 0 3 1392 1394 1393
2679 2 2 0 3 1293 1295 1294
2680 2 2 0 3 1236 2236 1887
2681 2 2 0 3 1238 2110 1882
2682 2 2 0 3 1912 1964 1779
2683 2 2 0 3 1380 1381 1379
2684 2 2 0 3 1326 2332 1329
2685 2 2 0 3 1769 2148 1889
2686 2 2 0 3 1659 1987 1939
2687 2 2 0 3 1329 2332 1911
2688 2 2 0 3 29 2110 30
2689 2 2 0 3 1878 2137 1959
2690 2 2 0 3 2128 2204 1540
2691 2 2 0 3 1933 1974 1824
2692 2 2 0 3 2061 2139 1988
2693 2 2 0 3 1903 2148 1954
2694 2 2 0 3 1228 2010 39
2695 2 2 0 3 1429 1944 1943
2696 2 2 0 3 1705 1710 1706
2697 2 2 0 3 2206 2304 2100
2698 2 2 0 3 1705 1706 1703
2699 2 2 0 3 1293 1498 1295
2700 2 2 0 3 1426 2270 2222
2701 2 2 0 3 1927 2129 2091
2702 2 2 0 3 2047 2159 1588
2703 2 2 0 3 1378 1382 1380
2704 2 2 0 3 2135 2174 1790
2705 2 2 0 3 1990 2082 1590
2706 2 2 0 3 1263 1920 1285
2707 2 2 0 3 1285 2123 2057
2708 2 2 0 3 1333 2164 1870
2709 2 2 0 3 2057 2123 1788
2710 2 2 0 3 1964 2372 1306
2711 2 2 0 3 1232 2298 23
2712 2 2 0 3 1402 1992 1400
2713 2 2 0 3 1463 1479 1465
2714 2 2 0 3 1985 2176 1689
2715 2 2 0 3 1417 1419 1418
2716 2 2 0 3 1479 1655 1465
2717 2 2 0 3 1243 1245 1244
2718 2 2 0 3 1705 1728 1710
2719 2 2 0 3 1326 1328 1324
2720 2 2 0 3 1913 2389 1671
2721 2 2 0 3 1895 2031 1251
2722 2 2 0 3 2188 2237 1251
2723 2 2 0 3 1322 1325 1324
2724 2 2 0 3 2091 2129 1221
2725 2 2 0 3 1939 1987 1224
2726 2 2 0 3 1347 2219 1871
2727 2 2 0 3 33 1421 34
2728 2 2 0 3 1912 2372 1964
2729 2 2 0 3 1529 1965 1892
2730 2 2 0 3 1692 1943 1694
2731 2 2 0 3 22 1232 23
2732 2 2 0 3 1481 1968 1395
2733 2 2 0 3 1902 2148 1903
2734 2 2 0 3 1249 2188 1251
2735 2 2 0 3 1774 2135 1924
2736 2 2 0 3 1734 2326 1909
2737 2 2 0 3 1383 1871 1379
2738 2 2 0 3 1384 1487 1386
2739 2 2 0 3 1420 1422 1418
2740 2 2 0 3 1791 2175 1982
2741 2 2 0 3 1848 2386 2351
2742 2 2 0 3 1445 1917 1443
2743 2 2 0 3 1395 1968 1393
2744 2 2 0 3 1252 1813 1255
2745 2 2 0 3 6 1539 7
2746 2 2 0 3 1295 2208 1298
2747 2 2 0 3 1681 1683 1682
2748 2 2 0 3 1380 1496 1381
2749 2 2 0 3 1513 1847 67
2750 2 2 0 3 1263 1285 1261
2751 2 2 0 3 1499 2088 1907
2752 2 2 0 3 1889 2148 1902
2753 2 2 0 3 1379 1871 1377
2754 2 2 0 3 1350 2011 1750
2755 2 2 0 3 1681 1682 1680
2756 2 2 0 3 1568 1675 1565
2757 2 2 0 3 66 1513 67
2758 2 2 0 3 1345 1346 1344
2759 2 2 0 3 1974 2205 1801
2760 2 2 0 3 1388 1390 1389
2761 2 2 0 3 1414 1415 1413
2762 2 2 0 3 1386 2357 1388
2763 2 2 0 3 1721 2187 1223
2764 2 2 0 3 1415 1428 1417
2765 2 2 0 3 1610 1642 1616
2766 2 2 0 3 1415 1921 1428
2767 2 2 0 3 1931 2121 1920
2768 2 2 0 3 2178 2392 1300
2769 2 2 0 3 1949 2143 1789
2770 2 2 0 3 2162 2261 1773
2771 2 2 0 3 27 2169 28
2772 2 2 0 3 1757 1868 1761
2773 2 2 0 3 1616 2026 1646
2774 2 2 0 3 1347 2097 2000
2775 2 2 0 3 1984 2376 1865
2776 2 2 0 3 2039 2208 1498
2777 2 2 0 3 1984 1985 1883
2778 2 2 0 3 34 2182 35
2779 2 2 0 3 1336 2130 1334
2780 2 2 0 3 1267 1970 1269
2781 2 2 0 3 1499 2074 1671
2782 2 2 0 3 1400 1992 1429
2783 2 2 0 3 1753 2176 1985
2784 2 2 0 3 1420 1909 1424
2785 2 2 0 3 15 1548 16
2786 2 2 0 3 1390 1392 1391
2787 2 2 0 3 1564 1937 1561
2788 2 2 0 3 1850 2386 1848
2789 2 2 0 3 1973 2099 1741
2790 2 2 0 3 2067 2145 2068
2791 2 2 0 3 1861 2208 2039
2792 2 2 0 3 1878 2357 1386
2793 2 2 0 3 1567 1937 1564
2794 2 2 0 3 1681 2253 1686
2795 2 2 0 3 1355 1757 1756
2796 2 2 0 3 1335 1352 1337
2797 2 2 0 3 1907 2074 1499
2798 2 2 0 3 1232 1955 1953
2799 2 2 0 3 1349 2218 2152
2800 2 2 0 3 2180 2377 1852
2801 2 2 0 3 1291 1292 1290
2802 2 2 0 3 1329 1911 1355
2803 2 2 0 3 1315 1928 1314
2804 2 2 0 3 1923 2326 1731
2805 2 2 0 3 1797 2010 1228
2806 2 2 0 3 1851 2202 2096
2807 2 2 0 3 1386 1388 1387
2808 2 2 0 3 1406 2247 1404
2809 2 2 0 3 1906 2205 2144
2810 2 2 0 3 1339 2388 1855
2811 2 2 0 3 1290 1966 1288
2812 2 2 0 3 1337 2388 1339
2813 2 2 0 3 2268 2335 2015
2814 2 2 0 3 1819 2149 1857
2815 2 2 0 3 1333 1335 1334
2816 2 2 0 3 1682 1685 1684
2817 2 2 0 3 1523 2139 2061
2818 2 2 0 3 2257 2275 1888
2819 2 2 0 3 1279 2131 1284
2820 2 2 0 3 1715 1749 1713
2821 2 2 0 3 1417 2073 1419
2822 2 2 0 3 1704 2046 1916
2823 2 2 0 3 1245 1246 1244
2824 2 2 0 3 1226 2300 1520
2825 2 2 0 3 2021 2114 1978
2826 2 2 0 3 1894 2264 1504
2827 2 2 0 3 1921 1922 1428
2828 2 2 0 3 1720 2037 1986
2829 2 2 0 3 1670 2003 1785
2830 2 2 0 3 1394 1396 1395
2831 2 2 0 3 1335 1870 1352
2832 2 2 0 3 1849 2072 2005
2833 2 2 0 3 1686 2290 1876
2834 2 2 0 3 1951 2053 1709
2835 2 2 0 3 1762 1763 1760
2836 2 2 0 3 1642 2026 1616
2837 2 2 0 3 1789 2143 2077
2838 2 2 0 3 1773 2261 1818
2839 2 2 0 3 1818 2174 2135
2840 2 2 0 3 18 1220 19
2841 2 2 0 3 2099 2181 1507
2842 2 2 0 3 1486 1718 1394
2843 2 2 0 3 1539 2105 1227
2844 2 2 0 3 2007 2071 1524
2845 2 2 0 3 1384 1386 1385
2846 2 2 0 3 1411 2170 1494
2847 2 2 0 3 1701 1702 1700
2848 2 2 0 3 1324 2076 1323
2849 2 2 0 3 1383 2098 1871
2850 2 2 0 3 1911 2380 1868
2851 2 2 0 3 1741 2113 1973
2852 2 2 0 3 2150 2172 2132
2853 2 2 0 3 1240 1688 56
2854 2 2 0 3 1801 2132 1974
2855 2 2 0 3 1990 2060 1691
2856 2 2 0 3 1563 1568 1565
2857 2 2 0 3 69 1987 70
2858 2 2 0 3 1901 2248 1844
2859 2 2 0 3 1326 1329 1328
2860 2 2 0 3 2253 2290 1686
2861 2 2 0 3 1759 1760 1758
2862 2 2 0 3 2089 2251 1814
2863 2 2 0 3 1940 2284 2202
2864 2 2 0 3 1801 2150 2132
2865 2 2 0 3 1910 2259 1808
2866 2 2 0 3 2064 2274 1899
2867 2 2 0 3 1415 1417 1416
2868 2 2 0 3 1300 2349 2178
2869 2 2 0 3 1605 2115 1599
2870 2 2 0 3 1297 1301 1296
2871 2 2 0 3 1909 2326 1923
2872 2 2 0 3 1285 2057 1261
2873 2 2 0 3 1298 2392 1299
2874 2 2 0 3 14 1844 1222
2875 2 2 0 3 1388 2357 1495
2876 2 2 0 3 2140 2306 1376
2877 2 2 0 3 1926 2177 1774
2878 2 2 0 3 1388 1389 1387
2879 2 2 0 3 1789 2229 1949
2880 2 2 0 3 1292 1302 1290
2881 2 2 0 3 35 2182 1221
2882 2 2 0 3 1943 2328 1429
2883 2 2 0 3 1757 1761 1759
2884 2 2 0 3 2079 2191 2190
2885 2 2 0 3 1390 1391 1389
2886 2 2 0 3 1964 2059 1779
2887 2 2 0 3 1545 2247 1427
2888 2 2 0 3 1610 1613 1608
2889 2 2 0 3 1251 2237 1895
2890 2 2 0 3 1626 1640 1627
2891 2 2 0 3 1609 1610 1608
2892 2 2 0 3 1699 2239 1695
2893 2 2 0 3 1920 2273 1931
2894 2 2 0 3 1745 1930 1638
2895 2 2 0 3 45 1845 1236
2896 2 2 0 3 1868 1869 1761
2897 2 2 0 3 1681 1686 1683
2898 2 2 0 3 2036 2356 2321
2899 2 2 0 3 2036 2321 1450
2900 2 2 0 3 28 2169 1614
2901 2 2 0 3 1790 1918 1764
2902 2 2 0 3 1929 2306 1873
2903 2 2 0 3 35 1221 36
2904 2 2 0 3 1329 1331 1330
2905 2 2 0 3 1629 1631 1600
2906 2 2 0 3 1331 1333 1332
2907 2 2 0 3 1304 2275 2257
2908 2 2 0 3 2122 2220 2041
2909 2 2 0 3 1300 2392 2384
2910 2 2 0 3 1295 1296 1294
2911 2 2 0 3 1606 2025 1575
2912 2 2 0 3 1289 2256 1783
2913 2 2 0 3 1749 1873 1713
2914 2 2 0 3 1751 1753 1752
2915 2 2 0 3 1238 2088 2040
2916 2 2 0 3 2152 2218 2002
2917 2 2 0 3 1828 2020 1823
2918 2 2 0 3 1892 2240 1529
2919 2 2 0 3 1646 2311 1731
2920 2 2 0 3 1 1948 2
2921 2 2 0 3 2143 2245 2077
2922 2 2 0 3 1554 2025 1719
2923 2 2 0 3 1355 1868 1757
2924 2 2 0 3 1438 1834 1450
2925 2 2 0 3 1394 1395 1393
2926 2 2 0 3 1871 2098 2097
2927 2 2 0 3 1705 2327 1728
2928 2 2 0 3 1302 1966 1290
2929 2 2 0 3 1853 2221 2134
2930 2 2 0 3 1760 1918 1758
2931 2 2 0 3 1439 2284 1940
2932 2 2 0 3 2008 2075 1719
2933 2 2 0 3 1620 2086 2085
2934 2 2 0 3 1 2279 1948
2935 2 2 0 3 1759 1762 1760
2936 2 2 0 3 1607 1608 1601
2937 2 2 0 3 26 2169 27
2938 2 2 0 3 1333 1870 1335
2939 2 2 0 3 1300 2384 2017
2940 2 2 0 3 1364 1365 1363
2941 2 2 0 3 1376 1754 1253
2942 2 2 0 3 1670 2178 2003
2943 2 2 0 3 2100 2304 1656
2944 2 2 0 3 1786 2335 2268
2945 2 2 0 3 1248 2249 1246
2946 2 2 0 3 1859 2016 1630
2947 2 2 0 3 1227 2272 1840
2948 2 2 0 3 1236 2175 46
2949 2 2 0 3 1783 2094 1817
2950 2 2 0 3 1983 1984 1865
2951 2 2 0 3 1415 1416 1413
2952 2 2 0 3 1579 1902 1577
2953 2 2 0 3 1335 1337 1336
2954 2 2 0 3 2217 2276 1778
2955 2 2 0 3 1710 1711 1706
2956 2 2 0 3 1638 1930 1825
2957 2 2 0 3 1222 1548 15
2958 2 2 0 3 1444 1492 1446
2959 2 2 0 3 1279 1281 1278
2960 2 2 0 3 1682 1684 1680
2961 2 2 0 3 1426 2222 2142
2962 2 2 0 3 1350 1377 1345
2963 2 2 0 3 64 1963 65
2964 2 2 0 3 1420 1424 1423
2965 2 2 0 3 2068 2145 1661
2966 2 2 0 3 2272 2330 1840
2967 2 2 0 3 1255 1813 1257
2968 2 2 0 3 1956 2203 1449
2969 2 2 0 3 1483 2037 1470
2970 2 2 0 3 1883 2376 1984
2971 2 2 0 3 1299 1670 1669
2972 2 2 0 3 1252 1255 1254
2973 2 2 0 3 1696 1993 1968
2974 2 2 0 3 1428 2242 2073
2975 2 2 0 3 1749 2272 1929
2976 2 2 0 3 1874 2057 1788
2977 2 2 0 3 1545 2173 1992
2978 2 2 0 3 1739 2061 1988
2979 2 2 0 3 63 2345 2095
2980 2 2 0 3 1744 1745 1638
2981 2 2 0 3 2005 2072 1762
2982 2 2 0 3 1721 2161 1231
2983 2 2 0 3 1230 1546 71
2984 2 2 0 3 1252 1253 1248
2985 2 2 0 3 1458 1461 1459
2986 2 2 0 3 1417 1418 1416
2987 2 2 0 3 1495 1958 1792
2988 2 2 0 3 1496 1984 1983
2989 2 2 0 3 2134 2221 1672
2990 2 2 0 3 1840 2044 1231
2991 2 2 0 3 1461 1463 1462
2992 2 2 0 3 1293 1294 1292
2993 2 2 0 3 59 2305 1841
2994 2 2 0 3 1337 1339 1338
2995 2 2 0 3 1685 1715 1713
2996 2 2 0 3 2003 2185 1785
2997 2 2 0 3 1392 1393 1391
2998 2 2 0 3 1583 1601 1600
2999 2 2 0 3 2041 2220 1811
3000 2 2 0 3 1609 1642 1610
3001 2 2 0 3 1239 2042 1919
3002 2 2 0 3 1692 2328 1943
3003 2 2 0 3 1268 1271 1270
3004 2 2 0 3 1449 2203 1917
3005 2 2 0 3 1641 2064 1899
3006 2 2 0 3 1447 1449 1445
3007 2 2 0 3 1577 1606 1575
3008 2 2 0 3 1329 1330 1328
3009 2 2 0 3 1897 2210 1636
3010 2 2 0 3 1757 1758 1756
3011 2 2 0 3 1601 1629 1600
3012 2 2 0 3 1284 1375 1287
3013 2 2 0 3 1972 2371 2042
3014 2 2 0 3 1410 2020 1414
3015 2 2 0 3 2013 2092 1942
3016 2 2 0 3 1961 1991 1370
3017 2 2 0 3 3 1948 1891
3018 2 2 0 3 1929 2272 2105
3019 2 2 0 3 3 1891 4
3020 2 2 0 3 2040 2088 1499
3021 2 2 0 3 1486 2285 2102
3022 2 2 0 3 1477 2363 2028
3023 2 2 0 3 1284 1287 1286
3024 2 2 0 3 1905 2233 1234
3025 2 2 0 3 1610 1615 1613
3026 2 2 0 3 1458 1459 1456
3027 2 2 0 3 1902 1903 1606
3028 2 2 0 3 1402 2247 1992
3029 2 2 0 3 1685 1712 1684
3030 2 2 0 3 2239 2252 1696
3031 2 2 0 3 1261 2057 1259
3032 2 2 0 3 2019 2359 2331
3033 2 2 0 3 1949 1956 1449
3034 2 2 0 3 1455 1458 1456
3035 2 2 0 3 1413 2170 1411
3036 2 2 0 3 1277 1279 1278
3037 2 2 0 3 1653 1879 1613
3038 2 2 0 3 1334 2130 1505
3039 2 2 0 3 1583 1600 1581
3040 2 2 0 3 2190 2191 1730
3041 2 2 0 3 1709 2071 1951
3042 2 2 0 3 1430 1823 1403
3043 2 2 0 3 1513 2246 1229
3044 2 2 0 3 1752 2153 1382
3045 2 2 0 3 2240 2268 2084
3046 2 2 0 3 1455 1460 1458
3047 2 2 0 3 1414 1921 1415
3048 2 2 0 3 1614 2110 29
3049 2 2 0 3 1946 1947 1461
3050 2 2 0 3 1870 2083 1352
3051 2 2 0 3 2120 2230 1233
3052 2 2 0 3 1271 1272 1270
3053 2 2 0 3 1682 2382 1685
3054 2 2 0 3 1380 2153 1496
3055 2 2 0 3 1846 2334 2225
3056 2 2 0 3 1381 1384 1383
3057 2 2 0 3 1401 1430 1403
3058 2 2 0 3 1299 2392 2178
3059 2 2 0 3 2351 2386 1939
3060 2 2 0 3 1757 1759 1758
3061 2 2 0 3 1640 1641 1627
3062 2 2 0 3 1313 1316 1315
3063 2 2 0 3 1461 2360 1463
3064 2 2 0 3 1546 2279 71
3065 2 2 0 3 1900 2158 1935
3066 2 2 0 3 1458 1946 1461
3067 2 2 0 3 1629 1654 1631
3068 2 2 0 3 1430 2260 1933
3069 2 2 0 3 2102 2301 1486
3070 2 2 0 3 1764 1918 1760
3071 2 2 0 3 1223 2323 13
3072 2 2 0 3 1425 1493 1432
3073 2 2 0 3 1929 2105 1754
3074 2 2 0 3 1791 1958 1793
3075 2 2 0 3 1479 1687 1655
3076 2 2 0 3 1702 2327 1705
3077 2 2 0 3 1386 1387 1385
3078 2 2 0 3 1337 1338 1336
3079 2 2 0 3 1653 1908 1879
3080 2 2 0 3 1524 2071 1709
3081 2 2 0 3 1600 2379 1581
3082 2 2 0 3 1751 2112 1771
3083 2 2 0 3 1362 1364 1363
3084 2 2 0 3 51 2310 2228
3085 2 2 0 3 1921 2172 1922
3086 2 2 0 3 1867 2233 1959
3087 2 2 0 3 1536 2034 1540
3088 2 2 0 3 71 2279 1
3089 2 2 0 3 1470 2037 1468
3090 2 2 0 3 1810 2181 2099
3091 2 2 0 3 1316 2217 1778
3092 2 2 0 3 1444 1940 1492
3093 2 2 0 3 1834 2283 2093
3094 2 2 0 3 1782 2098 1385
3095 2 2 0 3 1444 1446 1445
3096 2 2 0 3 1814 2251 1812
3097 2 2 0 3 1654 1768 1631
3098 2 2 0 3 2213 2245 1755
3099 2 2 0 3 1280 2250 1914
3100 2 2 0 3 1505 2130 1877
3101 2 2 0 3 1607 1609 1608
3102 2 2 0 3 1651 2074 1649
3103 2 2 0 3 18 2201 1220
3104 2 2 0 3 2009 2075 2008
3105 2 2 0 3 1287 1288 1286
3106 2 2 0 3 1584 1586 1585
3107 2 2 0 3 1641 2106 2064
3108 2 2 0 3 2228 2310 1234
3109 2 2 0 3 1562 2232 1576
3110 2 2 0 3 1316 1317 1315
3111 2 2 0 3 1361 1991 1357
3112 2 2 0 3 1694 1943 1698
3113 2 2 0 3 1909 1923 1424
3114 2 2 0 3 1293 1770 1498
3115 2 2 0 3 63 2095 64
3116 2 2 0 3 1581 2379 1889
3117 2 2 0 3 2094 2264 1817
3118 2 2 0 3 1421 2182 34
3119 2 2 0 3 1237 2167 54
3120 2 2 0 3 1471 1472 1470
3121 2 2 0 3 1446 1447 1445
3122 2 2 0 3 1994 2049 1482
3123 2 2 0 3 1762 1767 1763
3124 2 2 0 3 1270 1970 1267
3125 2 2 0 3 1288 1374 1286
3126 2 2 0 3 1511 1885 1527
3127 2 2 0 3 1382 2153 1380
3128 2 2 0 3 1687 1826 1655
3129 2 2 0 3 1341 2011 1343
3130 2 2 0 3 2019 2331 1735
3131 2 2 0 3 1362 2023 1506
3132 2 2 0 3 1350 1378 1377
3133 2 2 0 3 1231 2194 1721
3134 2 2 0 3 1881 1919 1653
3135 2 2 0 3 1358 1359 1357
3136 2 2 0 3 1577 1902 1606
3137 2 2 0 3 1832 1833 1708
3138 2 2 0 3 1472 1483 1470
3139 2 2 0 3 1818 2135 1774
3140 2 2 0 3 1734 2019 1735
3141 2 2 0 3 1728 1787 1710
3142 2 2 0 3 1719 2025 2008
3143 2 2 0 3 1484 1515 1485
3144 2 2 0 3 1831 2295 2062
3145 2 2 0 3 1289 1783 1303
3146 2 2 0 3 2114 2342 1978
3147 2 2 0 3 1685 1957 1715
3148 2 2 0 3 6 2227 1539
3149 2 2 0 3 1463 1465 1464
3150 2 2 0 3 1956 2303 2203
3151 2 2 0 3 1910 2151 1896
3152 2 2 0 3 1487 1878 1386
3153 2 2 0 3 2062 2315 1831
3154 2 2 0 3 1828 2297 2020
3155 2 2 0 3 1698 1701 1700
3156 2 2 0 3 1370 1991 1361
3157 2 2 0 3 1961 2185 2003
3158 2 2 0 3 1670 1784 1669
3159 2 2 0 3 1502 2056 1972
3160 2 2 0 3 1810 2360 1947
3161 2 2 0 3 37 2280 1796
3162 2 2 0 3 1761 2117 2005
3163 2 2 0 3 1283 2381 2004
3164 2 2 0 3 1971 2241 1825
3165 2 2 0 3 1477 2051 1475
3166 2 2 0 3 1706 2125 1703
3167 2 2 0 3 1453 1455 1454
3168 2 2 0 3 1335 1336 1334
3169 2 2 0 3 1763 1764 1760
3170 2 2 0 3 1476 1477 1475
3171 2 2 0 3 44 1845 45
3172 2 2 0 3 1518 2033 1856
3173 2 2 0 3 1921 2297 2172
3174 2 2 0 3 1833 2093 1708
3175 2 2 0 3 1475 1480 1473
3176 2 2 0 3 1384 1884 1487
3177 2 2 0 3 1674 2033 1518
3178 2 2 0 3 1665 1969 1668
3179 2 2 0 3 1443 1488 1442
3180 2 2 0 3 1232 2155 1955
3181 2 2 0 3 1735 1913 1651
3182 2 2 0 3 1480 2054 1473
3183 2 2 0 3 2147 2357 1878
3184 2 2 0 3 1559 2232 1562
3185 2 2 0 3 2151 2374 1896
3186 2 2 0 3 1903 2008 1606
3187 2 2 0 3 1734 1735 1651
3188 2 2 0 3 1331 1332 1330
3189 2 2 0 3 1365 2015 1363
3190 2 2 0 3 1429 1992 1944
3191 2 2 0 3 1629 2314 1654
3192 2 2 0 3 1521 2059 1964
3193 2 2 0 3 1556 2025 1554
3194 2 2 0 3 1709 2053 1832
3195 2 2 0 3 1253 2249 1248
3196 2 2 0 3 1992 2247 1545
3197 2 2 0 3 1484 1485 1483
3198 2 2 0 3 1914 2296 1280
3199 2 2 0 3 1243 1732 1245
3200 2 2 0 3 1461 1462 1459
3201 2 2 0 3 7 2292 8
3202 2 2 0 3 1359 1361 1357
3203 2 2 0 3 1495 2147 1958
3204 2 2 0 3 1373 2076 1776
3205 2 2 0 3 1640 1842 1641
3206 2 2 0 3 1469 1471 1470
3207 2 2 0 3 1993 1994 1482
3208 2 2 0 3 1900 1935 1644
3209 2 2 0 3 1359 1362 1361
3210 2 2 0 3 1671 1672 1421
3211 2 2 0 3 1333 1334 1332
3212 2 2 0 3 1582 1583 1581
3213 2 2 0 3 1793 1890 1235
3214 2 2 0 3 1771 2162 1773
3215 2 2 0 3 1727 2286 2265
3216 2 2 0 3 14 1222 15
3217 2 2 0 3 1774 2177 1772
3218 2 2 0 3 1354 1358 1357
3219 2 2 0 3 1986 2277 1720
3220 2 2 0 3 1856 2133 2038
3221 2 2 0 3 1479 1810 1687
3222 2 2 0 3 28 1614 29
3223 2 2 0 3 1471 1473 1472
3224 2 2 0 3 1773 1818 1774
3225 2 2 0 3 1733 2241 1971
3226 2 2 0 3 1986 2037 1483
3227 2 2 0 3 1652 1653 1613
3228 2 2 0 3 54 2167 55
3229 2 2 0 3 1571 1691 1690
3230 2 2 0 3 1616 1645 1615
3231 2 2 0 3 1658 2058 1371
3232 2 2 0 3 1947 2360 1461
3233 2 2 0 3 1975 2058 1658
3234 2 2 0 3 1834 2346 1450
3235 2 2 0 3 1508 2007 1524
3236 2 2 0 3 1897 1898 1815
3237 2 2 0 3 1740 2032 1741
3238 2 2 0 3 1649 2074 1907
3239 2 2 0 3 1552 2012 1550
3240 2 2 0 3 1521 2058 1975
3241 2 2 0 3 1428 2073 1417
3242 2 2 0 3 1447 1949 1449
3243 2 2 0 3 1472 1484 1483
3244 2 2 0 3 1634 1935 1725
3245 2 2 0 3 2028 2294 1477
3246 2 2 0 3 1613 1879 1608
3247 2 2 0 3 1975 2059 1521
3248 2 2 0 3 1498 2208 1295
3249 2 2 0 3 1954 2258 1903
3250 2 2 0 3 1540 2235 1938
3251 2 2 0 3 1727 2265 1900
3252 2 2 0 3 1568 1897 1815
3253 2 2 0 3 14 2323 1844
3254 2 2 0 3 2024 2050 1226
3255 2 2 0 3 1913 2074 1651
3256 2 2 0 3 1962 2146 1787
3257 2 2 0 3 1746 1748 1747
3258 2 2 0 3 1509 1511 1510
3259 2 2 0 3 1689 1775 1688
3260 2 2 0 3 1581 1889 1579
3261 2 2 0 3 1448 1453 1452
3262 2 2 0 3 2093 2346 1834
3263 2 2 0 3 1516 1517 1485
3264 2 2 0 3 1805 2242 1803
3265 2 2 0 3 1576 1577 1575
3266 2 2 0 3 1836 2027 2026
3267 2 2 0 3 1509 1885 1511
3268 2 2 0 3 1599 2115 1597
3269 2 2 0 3 1971 2390 1733
3270 2 2 0 3 1381 1383 1379
3271 2 2 0 3 1339 1340 1338
3272 2 2 0 3 1284 1286 1282
3273 2 2 0 3 1325 1736 1327
3274 2 2 0 3 1685 2382 1957
3275 2 2 0 3 1538 2034 1536
3276 2 2 0 3 1362 1506 1364
3277 2 2 0 3 1584 1585 1582
3278 2 2 0 3 1748 1933 1747
3279 2 2 0 3 1485 1986 1483
3280 2 2 0 3 1993 1995 1994
3281 2 2 0 3 1453 1454 1452
3282 2 2 0 3 1630 2016 1937
3283 2 2 0 3 1537 2003 1816
3284 2 2 0 3 1691 2060 1837
3285 2 2 0 3 1294 2006 1292
3286 2 2 0 3 2018 2192 1628
3287 2 2 0 3 1654 1972 1768
3288 2 2 0 3 1759 2005 1762
3289 2 2 0 3 1935 1936 1725
3290 2 2 0 3 1528 1965 1529
3291 2 2 0 3 1999 2163 1996
3292 2 2 0 3 1959 2233 1890
3293 2 2 0 3 1687 2099 1973
3294 2 2 0 3 2112 2162 1771
3295 2 2 0 3 1610 1616 1615
3296 2 2 0 3 1450 2346 2036
3297 2 2 0 3 1515 1516 1485
3298 2 2 0 3 2004 2367 1283
3299 2 2 0 3 1535 1991 1961
3300 2 2 0 3 1279 1284 1282
3301 2 2 0 3 1838 2035 2014
3302 2 2 0 3 1763 1765 1764
3303 2 2 0 3 1769 2379 1631
3304 2 2 0 3 13 2323 14
3305 2 2 0 3 1396 1397 1395
3306 2 2 0 3 1473 2054 1472
3307 2 2 0 3 1407 1410 1409
3308 2 2 0 3 1536 1540 1367
3309 2 2 0 3 2125 2223 1703
3310 2 2 0 3 1532 1789 1534
3311 2 2 0 3 1292 2006 1302
3312 2 2 0 3 1799 1906 1797
3313 2 2 0 3 1305 1971 1970
3314 2 2 0 3 1357 1991 1356
3315 2 2 0 3 1229 2072 1849
3316 2 2 0 3 1958 2147 1793
3317 2 2 0 3 1493 1497 1432
3318 2 2 0 3 1809 1924 1766
3319 2 2 0 3 2028 2363 1478
3320 2 2 0 3 1636 2198 1898
3321 2 2 0 3 1497 1523 1522
3322 2 2 0 3 2314 2371 1654
3323 2 2 0 3 1295 1297 1296
3324 2 2 0 3 1474 1475 1473
3325 2 2 0 3 1746 1747 1544
3326 2 2 0 3 1791 1982 1958
3327 2 2 0 3 1438 1450 1436
3328 2 2 0 3 1630 1937 1567
3329 2 2 0 3 1973 2113 2018
3330 2 2 0 3 1510 2007 1508
3331 2 2 0 3 1712 1714 1684
3332 2 2 0 3 1488 1489 1442
3333 2 2 0 3 1251 2031 2030
3334 2 2 0 3 1511 1525 1510
3335 2 2 0 3 1883 1985 1689
3336 2 2 0 3 1771 1773 1772
3337 2 2 0 3 1868 2029 1869
3338 2 2 0 3 1496 2153 1984
3339 2 2 0 3 1482 2049 1389
3340 2 2 0 3 1615 1652 1613
3341 2 2 0 3 2199 2339 1628
3342 2 2 0 3 1240 1689 1688
3343 2 2 0 3 1528 1529 1526
3344 2 2 0 3 2222 2270 2027
3345 2 2 0 3 2187 2194 1717
3346 2 2 0 3 2001 2002 2000
3347 2 2 0 3 1278 1280 1276
3348 2 2 0 3 1532 1534 1533
3349 2 2 0 3 1817 1893 1303
3350 2 2 0 3 1235 2370 1793
3351 2 2 0 3 2015 2185 1370
3352 2 2 0 3 1916 2319 1704
3353 2 2 0 3 1511 1526 1525
3354 2 2 0 3 1714 2123 2121
3355 2 2 0 3 1793 2370 1791
3356 2 2 0 3 1786 2268 2240
3357 2 2 0 3 1644 1935 1634
3358 2 2 0 3 1512 2021 1978
3359 2 2 0 3 1708 2093 1491
3360 2 2 0 3 1859 2206 2016
3361 2 2 0 3 2008 2025 1606
3362 2 2 0 3 1925 1926 1924
3363 2 2 0 3 1533 2043 1531
3364 2 2 0 3 55 1240 56
3365 2 2 0 3 1957 2382 1717
3366 2 2 0 3 1628 2339 2141
3367 2 2 0 3 1234 2310 1905
3368 2 2 0 3 1469 1470 1468
3369 2 2 0 3 1359 2023 1362
3370 2 2 0 3 1374 2004 1286
3371 2 2 0 3 1532 1533 1531
3372 2 2 0 3 1350 1750 1378
3373 2 2 0 3 1698 1707 1701
3374 2 2 0 3 40 2010 1431
3375 2 2 0 3 1518 1856 1517
3376 2 2 0 3 1516 1518 1517
3377 2 2 0 3 1286 2004 1282
3378 2 2 0 3 1511 1527 1526
3379 2 2 0 3 1385 2098 1383
3380 2 2 0 3 1963 2246 65
3381 2 2 0 3 1580 1581 1579
3382 2 2 0 3 1808 1860 1807
3383 2 2 0 3 1890 2233 1905
3384 2 2 0 3 1966 1967 1374
3385 2 2 0 3 1363 2015 1370
3386 2 2 0 3 1742 1743 1674
3387 2 2 0 3 1633 2035 1625
3388 2 2 0 3 1783 1817 1303
3389 2 2 0 3 1673 1742 1674
3390 2 2 0 3 1743 1755 1674
3391 2 2 0 3 1604 1618 1602
3392 2 2 0 3 1537 1816 1538
3393 2 2 0 3 1460 1946 1458
3394 2 2 0 3 1494 1500 1412
3395 2 2 0 3 1721 2194 2187
3396 2 2 0 3 1484 1729 1515
3397 2 2 0 3 1288 1966 1374
3398 2 2 0 3 1356 1991 1535
3399 2 2 0 3 1646 1650 1649
3400 2 2 0 3 1305 1970 1270
3401 2 2 0 3 1641 1899 1627
3402 2 2 0 3 1765 1766 1764
3403 2 2 0 3 1849 1850 1848
3404 2 2 0 3 1961 2003 1537
3405 2 2 0 3 1811 2352 2041
3406 2 2 0 3 1506 1962 1364
3407 2 2 0 3 1455 1456 1454
3408 2 2 0 3 58 2120 1233
3409 2 2 0 3 1685 1713 1712
3410 2 2 0 3 2077 2245 2213
3411 2 2 0 3 1686 1716 1683
3412 2 2 0 3 1625 2035 1643
3413 2 2 0 3 1646 1649 1645
3414 2 2 0 3 2158 2209 1936
3415 2 2 0 3 1472 2054 1484
3416 2 2 0 3 1777 1861 1723
3417 2 2 0 3 1279 1282 1281
3418 2 2 0 3 1443 1917 1488
3419 2 2 0 3 1668 2352 1811
3420 2 2 0 3 1410 1414 1413
3421 2 2 0 3 1996 2163 1994
3422 2 2 0 3 1761 2005 1759
3423 2 2 0 3 1716 1717 1683
3424 2 2 0 3 1793 1959 1890
3425 2 2 0 3 1459 2038 1456
3426 2 2 0 3 1953 1954 1769
3427 2 2 0 3 2002 2218 1347
3428 2 2 0 3 1670 1785 1784
3429 2 2 0 3 2038 2277 1856
3430 2 2 0 3 1666 1969 1665
3431 2 2 0 3 2014 2035 1807
3432 2 2 0 3 1346 1349 1348
3433 2 2 0 3 1583 1607 1601
3434 2 2 0 3 1376 2306 1929
3435 2 2 0 3 1368 2130 1336
3436 2 2 0 3 2113 2192 2018
3437 2 2 0 3 1391 1482 1389
3438 2 2 0 3 1362 1363 1361
3439 2 2 0 3 1659 1939 1661
3440 2 2 0 3 1729 1822 1821
3441 2 2 0 3 1973 2018 1826
3442 2 2 0 3 1712 2123 1714
3443 2 2 0 3 1363 1370 1361
3444 2 2 0 3 1998 2001 2000
3445 2 2 0 3 1773 1774 1772
3446 2 2 0 3 1947 2325 1810
3447 2 2 0 3 1530 1531 1528
3448 2 2 0 3 1865 2376 1237
3449 2 2 0 3 1239 2169 26
3450 2 2 0 3 1886 1887 1543
3451 2 2 0 3 1323 2076 1373
3452 2 2 0 3 1841 2305 2299
3453 2 2 0 3 1530 1532 1531
3454 2 2 0 3 1804 1805 1803
3455 2 2 0 3 1534 1812 1533
3456 2 2 0 3 1466 1469 1468
3457 2 2 0 3 1839 2043 1533
3458 2 2 0 3 1771 1772 1753
3459 2 2 0 3 1784 1892 1669
3460 2 2 0 3 2003 2178 1816
3461 2 2 0 3 2073 2359 1419
3462 2 2 0 3 2063 2350 1375
3463 2 2 0 3 1530 2303 1956
3464 2 2 0 3 1571 1690 1630
3465 2 2 0 3 1777 2017 1861
3466 2 2 0 3 1827 2238 1655
3467 2 2 0 3 1860 2014 1807
3468 2 2 0 3 1632 1633 1625
3469 2 2 0 3 54 1862 1237
3470 2 2 0 3 1531 1965 1528
3471 2 2 0 3 1887 2102 1982
3472 2 2 0 3 2342 2355 2126
3473 2 2 0 3 1469 2114 2021
3474 2 2 0 3 1619 1634 1618
3475 2 2 0 3 1945 2046 1707
3476 2 2 0 3 1974 2132 1824
3477 2 2 0 3 1366 2183 1962
3478 2 2 0 3 1526 2084 1525
3479 2 2 0 3 1684 2070 1680
3480 2 2 0 3 1302 2089 1966
3481 2 2 0 3 1334 1505 1332
3482 2 2 0 3 1785 1786 1784
3483 2 2 0 3 1648 1806 1633
3484 2 2 0 3 1806 1808 1807
3485 2 2 0 3 1508 1524 1491
3486 2 2 0 3 1301 2157 1296
3487 2 2 0 3 1957 2044 1715
3488 2 2 0 3 1619 1635 1634
3489 2 2 0 3 1812 1839 1533
3490 2 2 0 3 1493 1507 1497
3491 2 2 0 3 1720 2038 1459
3492 2 2 0 3 1836 2106 2027
3493 2 2 0 3 1822 1910 1896
3494 2 2 0 3 1962 2183 1364
3495 2 2 0 3 1768 1769 1631
3496 2 2 0 3 1452 1915 1451
3497 2 2 0 3 1736 2041 1780
3498 2 2 0 3 21 2155 22
3499 2 2 0 3 1425 1432 1423
3500 2 2 0 3 1872 2007 1510
3501 2 2 0 3 1609 1960 1835
3502 2 2 0 3 1635 1726 1644
3503 2 2 0 3 2017 2195 1300
3504 2 2 0 3 1738 1852 1851
3505 2 2 0 3 1568 1815 1676
3506 2 2 0 3 1527 1530 1528
3507 2 2 0 3 1687 1973 1826
3508 2 2 0 3 1798 1799 1797
3509 2 2 0 3 1768 1953 1769
3510 2 2 0 3 1640 2032 1842
3511 2 2 0 3 1375 2131 2063
3512 2 2 0 3 1649 1907 1645
3513 2 2 0 3 1638 1825 1637
3514 2 2 0 3 1471 1474 1473
3515 2 2 0 3 1609 1835 1642
3516 2 2 0 3 1820 2017 1777
3517 2 2 0 3 1527 1528 1526
3518 2 2 0 3 1698 1700 1697
3519 2 2 0 3 1474 1476 1475
3520 2 2 0 3 1860 2051 2014
3521 2 2 0 3 1591 2069 1623
3522 2 2 0 3 1809 1925 1924
3523 2 2 0 3 1745 2189 1932
3524 2 2 0 3 1465 1466 1464
3525 2 2 0 3 1400 1429 1398
3526 2 2 0 3 1652 1881 1653
3527 2 2 0 3 1490 1491 1489
3528 2 2 0 3 1943 1944 1707
3529 2 2 0 3 1453 2184 1455
3530 2 2 0 3 1626 2192 1640
3531 2 2 0 3 1648 1914 1806
3532 2 2 0 3 1714 2070 1684
3533 2 2 0 3 1807 2035 1633
3534 2 2 0 3 1776 1777 1723
3535 2 2 0 3 1648 2080 1914
3536 2 2 0 3 1474 2021 1512
3537 2 2 0 3 1604 1620 1619
3538 2 2 0 3 1933 1934 1747
3539 2 2 0 3 1956 2229 1530
3540 2 2 0 3 1242 2156 1539
3541 2 2 0 3 1691 1837 1690
3542 2 2 0 3 1673 1674 1518
3543 2 2 0 3 1751 1771 1753
3544 2 2 0 3 1479 2360 1810
3545 2 2 0 3 1354 1357 1356
3546 2 2 0 3 1765 1809 1766
3547 2 2 0 3 1790 2083 1918
3548 2 2 0 3 1762 2072 1767
3549 2 2 0 3 1686 1876 1716
3550 2 2 0 3 1998 2000 1999
3551 2 2 0 3 17 2338 1503
3552 2 2 0 3 1635 1644 1634
3553 2 2 0 3 1424 1425 1423
3554 2 2 0 3 1748 1974 1933
3555 2 2 0 3 1796 1798 1797
3556 2 2 0 3 1988 2116 1739
3557 2 2 0 3 1765 2024 1809
3558 2 2 0 3 2142 2234 1426
3559 2 2 0 3 1598 1604 1602
3560 2 2 0 3 1354 1356 1353
3561 2 2 0 3 1654 2371 1972
3562 2 2 0 3 1643 2035 1838
3563 2 2 0 3 1726 2060 1990
3564 2 2 0 3 1817 1894 1893
3565 2 2 0 3 1573 1588 1587
3566 2 2 0 3 1542 1746 1544
3567 2 2 0 3 1701 1704 1702
3568 2 2 0 3 1657 1875 1658
3569 2 2 0 3 1259 2140 1256
3570 2 2 0 3 1903 2009 2008
3571 2 2 0 3 1475 2051 1480
3572 2 2 0 3 1549 1612 1551
3573 2 2 0 3 1604 1619 1618
3574 2 2 0 3 1729 1821 1515
3575 2 2 0 3 1531 2043 1965
3576 2 2 0 3 1349 1353 1348
3577 2 2 0 3 1586 1593 1585
3578 2 2 0 3 1356 1535 1367
3579 2 2 0 3 1632 1648 1633
3580 2 2 0 3 1816 1952 1538
3581 2 2 0 3 1755 2033 1674
3582 2 2 0 3 1789 2077 1534
3583 2 2 0 3 1607 1960 1609
3584 2 2 0 3 1819 1820 1777
3585 2 2 0 3 1523 2061 1522
3586 2 2 0 3 1490 1508 1491
3587 2 2 0 3 1993 2343 1968
3588 2 2 0 3 1918 2164 1758
3589 2 2 0 3 1781 2136 2029
3590 2 2 0 3 1944 1945 1707
3591 2 2 0 3 1627 2115 1605
3592 2 2 0 3 1776 1819 1777
3593 2 2 0 3 1434 1545 1427
3594 2 2 0 3 1482 2343 1993
3595 2 2 0 3 1801 2205 1799
3596 2 2 0 3 1713 1788 1712
3597 2 2 0 3 1525 2084 1950
3598 2 2 0 3 1460 1988 1946
3599 2 2 0 3 1230 1987 1659
3600 2 2 0 3 1806 1807 1633
3601 2 2 0 3 1516 1673 1518
3602 2 2 0 3 1811 2220 1895
3603 2 2 0 3 1421 2104 1671
3604 2 2 0 3 1371 2058 1312
3605 2 2 0 3 1643 1830 1829
3606 2 2 0 3 1634 1725 1618
3607 2 2 0 3 1373 1776 1723
3608 2 2 0 3 1521 1964 1308
3609 2 2 0 3 1825 2336 1971
3610 2 2 0 3 1877 1880 1858
3611 2 2 0 3 1509 1510 1508
3612 2 2 0 3 1376 1929 1754
3613 2 2 0 3 1534 1814 1812
3614 2 2 0 3 1643 1838 1830
3615 2 2 0 3 1855 2261 2162
3616 2 2 0 3 1420 1423 1422
3617 2 2 0 3 1267 1269 1265
3618 2 2 0 3 1339 1341 1340
3619 2 2 0 3 1863 1866 1865
3620 2 2 0 3 1726 1727 1644
3621 2 2 0 3 1979 1981 1980
3622 2 2 0 3 1399 2260 1401
3623 2 2 0 3 1814 2255 2089
3624 2 2 0 3 1250 2030 1252
3625 2 2 0 3 1623 1744 1638
3626 2 2 0 3 1339 1351 1341
3627 2 2 0 3 1580 1582 1581
3628 2 2 0 3 1339 1855 1351
3629 2 2 0 3 1467 2342 2114
3630 2 2 0 3 1503 2201 17
3631 2 2 0 3 1673 2048 1742
3632 2 2 0 3 1888 1975 1658
3633 2 2 0 3 1827 2355 2238
3634 2 2 0 3 1857 1858 1820
3635 2 2 0 3 1231 2293 1840
3636 2 2 0 3 1497 1522 1432
3637 2 2 0 3 1822 1896 1821
3638 2 2 0 3 1726 1990 1989
3639 2 2 0 3 1488 1490 1489
3640 2 2 0 3 2061 2062 1522
3641 2 2 0 3 1838 2028 1830
3642 2 2 0 3 1861 2039 1723
3643 2 2 0 3 1566 1567 1564
3644 2 2 0 3 1733 2080 1648
3645 2 2 0 3 1568 1676 1675
3646 2 2 0 3 1351 2011 1341
3647 2 2 0 3 1746 2144 1748
3648 2 2 0 3 1875 1888 1658
3649 2 2 0 3 1666 2145 2067
3650 2 2 0 3 1819 1857 1820
3651 2 2 0 3 1832 1916 1833
3652 2 2 0 3 1698 1943 1707
3653 2 2 0 3 1841 2299 1520
3654 2 2 0 3 68 1847 1224
3655 2 2 0 3 2009 2191 2079
3656 2 2 0 3 1501 1738 1500
3657 2 2 0 3 1859 2304 2206
3658 2 2 0 3 1900 2387 2158
3659 2 2 0 3 1387 1782 1385
3660 2 2 0 3 1709 1832 1708
3661 2 2 0 3 1463 1464 1462
3662 2 2 0 3 1474 1512 1476
3663 2 2 0 3 19 2190 20
3664 2 2 0 3 2216 2354 1942
3665 2 2 0 3 1515 2066 1516
3666 2 2 0 3 1534 2077 1814
3667 2 2 0 3 1853 1854 1805
3668 2 2 0 3 1457 1915 1452
3669 2 2 0 3 1632 1733 1648
3670 2 2 0 3 1745 1932 1931
3671 2 2 0 3 1616 1646 1645
3672 2 2 0 3 2022 2146 1506
3673 2 2 0 3 1429 2328 1398
3674 2 2 0 3 1919 2042 1908
3675 2 2 0 3 1517 1986 1485
3676 2 2 0 3 1623 2069 1744
3677 2 2 0 3 1587 2069 1591
3678 2 2 0 3 1717 2368 1957
3679 2 2 0 3 1273 1274 1272
3680 2 2 0 3 1798 1800 1799
3681 2 2 0 3 1535 1961 1537
3682 2 2 0 3 1736 1780 1327
3683 2 2 0 3 1349 1354 1353
3684 2 2 0 3 1678 1681 1680
3685 2 2 0 3 1451 1949 1447
3686 2 2 0 3 1643 1829 1624
3687 2 2 0 3 1278 2151 1280
3688 2 2 0 3 2 1948 3
3689 2 2 0 3 2056 2298 1232
3690 2 2 0 3 1519 2168 2096
3691 2 2 0 3 1998 1999 1996
3692 2 2 0 3 2007 2366 2071
3693 2 2 0 3 1525 1872 1510
3694 2 2 0 3 1490 1509 1508
3695 2 2 0 3 1780 1781 1327
3696 2 2 0 3 2080 2390 2353
3697 2 2 0 3 1512 1976 1476
3698 2 2 0 3 1722 1724 1372
3699 2 2 0 3 1501 1739 1738
3700 2 2 0 3 1308 1964 1306
3701 2 2 0 3 1484 2054 1729
3702 2 2 0 3 2009 2079 2075
3703 2 2 0 3 1623 1637 1621
3704 2 2 0 3 1494 2170 1831
3705 2 2 0 3 1272 1305 1270
3706 2 2 0 3 1659 1661 1660
3707 2 2 0 3 1707 2046 1701
3708 2 2 0 3 1365 2317 1950
3709 2 2 0 3 1741 2099 1507
3710 2 2 0 3 1719 2075 2012
3711 2 2 0 3 1341 1343 1342
3712 2 2 0 3 1623 1638 1637
3713 2 2 0 3 1271 1273 1272
3714 2 2 0 3 1441 1443 1442
3715 2 2 0 3 1516 2066 1673
3716 2 2 0 3 2039 2101 1722
3717 2 2 0 3 1238 2040 31
3718 2 2 0 3 1512 1978 1977
3719 2 2 0 3 1869 2117 1761
3720 2 2 0 3 1351 2112 2011
3721 2 2 0 3 1576 1647 1578
3722 2 2 0 3 1244 2156 1242
3723 2 2 0 3 1732 2078 1245
3724 2 2 0 3 1588 2069 1587
3725 2 2 0 3 2050 2095 1226
3726 2 2 0 3 1617 2103 2065
3727 2 2 0 3 1504 1657 1371
3728 2 2 0 3 2067 2068 1869
3729 2 2 0 3 1817 2264 1894
3730 2 2 0 3 24 1502 25
3731 2 2 0 3 1668 1811 1794
3732 2 2 0 3 1821 2066 1515
3733 2 2 0 3 1318 1928 1315
3734 2 2 0 3 1952 2195 1858
3735 2 2 0 3 1493 1740 1507
3736 2 2 0 3 1384 1385 1383
3737 2 2 0 3 1392 2285 1486
3738 2 2 0 3 1725 2103 1618
3739 2 2 0 3 2109 2144 1746
3740 2 2 0 3 1992 2173 1944
3741 2 2 0 3 1631 2379 1600
3742 2 2 0 3 1995 1997 1996
3743 2 2 0 3 1857 1877 1858
3744 2 2 0 3 1410 1413 1411
3745 2 2 0 3 1635 2060 1726
3746 2 2 0 3 1346 1348 1344
3747 2 2 0 3 1745 1931 1930
3748 2 2 0 3 1537 1538 1536
3749 2 2 0 3 1930 2263 1825
3750 2 2 0 3 1766 1790 1764
3751 2 2 0 3 1494 1501 1500
3752 2 2 0 3 1727 1900 1644
3753 2 2 0 3 1387 2049 1782
3754 2 2 0 3 1542 1543 1541
3755 2 2 0 3 1720 2281 2037
3756 2 2 0 3 1524 1708 1491
3757 2 2 0 3 1942 2092 1904
3758 2 2 0 3 1591 1623 1621
3759 2 2 0 3 1738 1851 1500
3760 2 2 0 3 1542 2109 1746
3761 2 2 0 3 1622 1632 1625
3762 2 2 0 3 1747 2045 1544
3763 2 2 0 3 1450 2160 1436
3764 2 2 0 3 1529 2240 2084
3765 2 2 0 3 1240 1883 1689
3766 2 2 0 3 1565 2179 1566
3767 2 2 0 3 2012 2226 1503
3768 2 2 0 3 1322 2119 1325
3769 2 2 0 3 1595 1639 1593
3770 2 2 0 3 1584 2100 1586
3771 2 2 0 3 2211 2235 2108
3772 2 2 0 3 1748 2205 1974
3773 2 2 0 3 1342 1938 1340
3774 2 2 0 3 1717 2382 1683
3775 2 2 0 3 1842 2106 1641
3776 2 2 0 3 1352 2388 1337
3777 2 2 0 3 1916 2036 1833
3778 2 2 0 3 1743 2213 1755
3779 2 2 0 3 1314 1371 1312
3780 2 2 0 3 1535 1536 1367
3781 2 2 0 3 2013 2239 2092
3782 2 2 0 3 1411 1494 1412
3783 2 2 0 3 1469 2021 1471
3784 2 2 0 3 1268 1270 1267
3785 2 2 0 3 1723 2039 1722
3786 2 2 0 3 1829 2090 1624
3787 2 2 0 3 1860 2259 2052
3788 2 2 0 3 2015 2335 2185
3789 2 2 0 3 1562 1576 1575
3790 2 2 0 3 1936 2065 1725
3791 2 2 0 3 1368 2211 2108
3792 2 2 0 3 1888 2275 1975
3793 2 2 0 3 1625 1643 1624
3794 2 2 0 3 1622 1625 1624
3795 2 2 0 3 1989 2286 1727
3796 2 2 0 3 1471 2021 1474
3797 2 2 0 3 1229 2246 1963
3798 2 2 0 3 1527 2303 1530
3799 2 2 0 3 1808 2259 1860
3800 2 2 0 3 1525 1950 1872
3801 2 2 0 3 2078 2193 1795
3802 2 2 0 3 1509 2107 1885
3803 2 2 0 3 1451 2143 1949
3804 2 2 0 3 2029 2067 1869
3805 2 2 0 3 1268 2154 1271
3806 2 2 0 3 1343 1344 1342
3807 2 2 0 3 2033 2333 1457
3808 2 2 0 3 1728 1951 1787
3809 2 2 0 3 1314 1504 1371
3810 2 2 0 3 1657 1658 1371
3811 2 2 0 3 1863 1865 1237
3812 2 2 0 3 1995 2013 1997
3813 2 2 0 3 1255 1257 1256
3814 2 2 0 3 1783 2256 2094
3815 2 2 0 3 1622 1624 1592
3816 2 2 0 3 1934 2045 1747
3817 2 2 0 3 1882 2110 1881
3818 2 2 0 3 1740 1741 1507
3819 2 2 0 3 1836 2026 1642
3820 2 2 0 3 1826 1827 1655
3821 2 2 0 3 1356 1367 1353
3822 2 2 0 3 1726 1989 1727
3823 2 2 0 3 2110 2291 1881
3824 2 2 0 3 1433 2168 1519
3825 2 2 0 3 1396 1399 1398
3826 2 2 0 3 1535 1537 1536
3827 2 2 0 3 1933 2260 1934
3828 2 2 0 3 2183 2366 2317
3829 2 2 0 3 1880 2108 2034
3830 2 2 0 3 1512 1977 1976
3831 2 2 0 3 1303 2244 1291
3832 2 2 0 3 1276 2296 1274
3833 2 2 0 3 1652 1882 1881
3834 2 2 0 3 1673 2066 2048
3835 2 2 0 3 1628 2141 2018
3836 2 2 0 3 1995 1996 1994
3837 2 2 0 3 1467 2355 2342
3838 2 2 0 3 1863 2316 1864
3839 2 2 0 3 1810 2099 1687
3840 2 2 0 3 1529 2084 1526
3841 2 2 0 3 1621 1622 1592
3842 2 2 0 3 1645 2118 1615
3843 2 2 0 3 1966 2089 1967
3844 2 2 0 3 1491 2093 1489
3845 2 2 0 3 1389 2049 1387
3846 2 2 0 3 1676 1677 1675
3847 2 2 0 3 1948 2279 1225
3848 2 2 0 3 2093 2283 1489
3849 2 2 0 3 1896 2374 2266
3850 2 2 0 3 1506 2146 1962
3851 2 2 0 3 1530 2229 1532
3852 2 2 0 3 1224 2351 1939
3853 2 2 0 3 1804 1853 1805
3854 2 2 0 3 1820 2195 2017
3855 2 2 0 3 1867 2197 1866
3856 2 2 0 3 1370 2185 1961
3857 2 2 0 3 1953 1955 1954
3858 2 2 0 3 1866 1983 1865
3859 2 2 0 3 1310 2058 1521
3860 2 2 0 3 1563 2378 1568
3861 2 2 0 3 1665 1668 1667
3862 2 2 0 3 1728 2053 1951
3863 2 2 0 3 1524 1709 1708
3864 2 2 0 3 1591 1621 1592
3865 2 2 0 3 1701 2046 1704
3866 2 2 0 3 1251 2030 1250
3867 2 2 0 3 2065 2103 1725
3868 2 2 0 3 1800 1801 1799
3869 2 2 0 3 1544 2045 1886
3870 2 2 0 3 1341 1342 1340
3871 2 2 0 3 1373 1722 1372
3872 2 2 0 3 1460 2116 1988
3873 2 2 0 3 1668 1794 1667
3874 2 2 0 3 1724 2081 1372
3875 2 2 0 3 1917 2107 1488
3876 2 2 0 3 1330 1369 1328
3877 2 2 0 3 1571 1630 1567
3878 2 2 0 3 1653 1919 1908
3879 2 2 0 3 2105 2156 1754
3880 2 2 0 3 1544 1886 1543
3881 2 2 0 3 1346 2218 1349
3882 2 2 0 3 2070 2348 1932
3883 2 2 0 3 1494 1831 1501
3884 2 2 0 3 1920 2121 1285
3885 2 2 0 3 1566 1569 1567
3886 2 2 0 3 1703 2223 1700
3887 2 2 0 3 1223 2231 1721
3888 2 2 0 3 1410 1411 1409
3889 2 2 0 3 1740 2142 2032
3890 2 2 0 3 1373 1723 1722
3891 2 2 0 3 2095 2345 1226
3892 2 2 0 3 1297 2337 1301
3893 2 2 0 3 2105 2272 1227
3894 2 2 0 3 1313 1314 1312
3895 2 2 0 3 1587 1591 1589
3896 2 2 0 3 1318 2081 1928
3897 2 2 0 3 1825 2241 1637
3898 2 2 0 3 1787 2375 1710
3899 2 2 0 3 1989 2347 2286
3900 2 2 0 3 57 2120 58
3901 2 2 0 3 1690 1859 1630
3902 2 2 0 3 1542 1544 1543
3903 2 2 0 3 1905 2310 49
3904 2 2 0 3 1566 2179 1570
3905 2 2 0 3 11 2231 12
3906 2 2 0 3 1690 2085 1859
3907 2 2 0 3 4 1891 1241
3908 2 2 0 3 1317 1318 1315
3909 2 2 0 3 1401 1403 1402
3910 2 2 0 3 1585 2138 2087
3911 2 2 0 3 1422 2127 1418
3912 2 2 0 3 1294 2157 2006
3913 2 2 0 3 1735 2134 1913
3914 2 2 0 3 1637 2111 1621
3915 2 2 0 3 1622 2111 1632
3916 2 2 0 3 1603 2103 1617
3917 2 2 0 3 1591 1592 1589
3918 2 2 0 3 1665 1667 1664
3919 2 2 0 3 2233 2391 1864
3920 2 2 0 3 1587 1589 1574
3921 2 2 0 3 1603 1617 1611
3922 2 2 0 3 1578 1579 1577
3923 2 2 0 3 1714 2348 2070
3924 2 2 0 3 1274 2296 2171
3925 2 2 0 3 1779 2154 1268
3926 2 2 0 3 1607 2087 1960
3927 2 2 0 3 1867 2391 2233
3928 2 2 0 3 1675 2179 1565
3929 2 2 0 3 1399 1400 1398
3930 2 2 0 3 1738 2116 1852
3931 2 2 0 3 1646 1731 1650
3932 2 2 0 3 1477 2294 2051
3933 2 2 0 3 1603 1605 1599
3934 2 2 0 3 1692 1694 1693
3935 2 2 0 3 2009 2258 2191
3936 2 2 0 3 1794 1795 1667
3937 2 2 0 3 1802 1927 1804
3938 2 2 0 3 1997 1998 1996
3939 2 2 0 3 1338 1368 1336
3940 2 2 0 3 1994 2163 2049
3941 2 2 0 3 4 1241 5
3942 2 2 0 3 1275 1276 1274
3943 2 2 0 3 1425 2234 1493
3944 2 2 0 3 1257 1306 1258
3945 2 2 0 3 1603 1611 1605
3946 2 2 0 3 1460 2184 2116
3947 2 2 0 3 1615 2118 1652
3948 2 2 0 3 1835 1836 1642
3949 2 2 0 3 1720 2277 2038
3950 2 2 0 3 1655 2238 1465
3951 2 2 0 3 1432 2207 1423
3952 2 2 0 3 2068 2386 1850
3953 2 2 0 3 1403 1404 1402
3954 2 2 0 3 1396 2200 1399
3955 2 2 0 3 1875 2063 1888
3956 2 2 0 3 1624 2090 1592
3957 2 2 0 3 1321 2081 1318
3958 2 2 0 3 1856 2277 1517
3959 2 2 0 3 1970 2336 1269
3960 2 2 0 3 1488 2107 1490
3961 2 2 0 3 1967 2124 1374
3962 2 2 0 3 2000 2097 1999
3963 2 2 0 3 2068 2117 1869
3964 2 2 0 3 2107 2203 1885
3965 2 2 0 3 2004 2381 1282
3966 2 2 0 3 1576 1578 1577
3967 2 2 0 3 1740 2234 2142
3968 2 2 0 3 1772 2176 1753
3969 2 2 0 3 1540 2204 1367
3970 2 2 0 3 1320 2220 2122
3971 2 2 0 3 1739 2116 1738
3972 2 2 0 3 1313 1315 1314
3973 2 2 0 3 1628 2192 1626
3974 2 2 0 3 1466 1468 1464
3975 2 2 0 3 1960 2274 1835
3976 2 2 0 3 1593 2138 1585
3977 2 2 0 3 2102 2285 1792
3978 2 2 0 3 1784 2240 1892
3979 2 2 0 3 1669 2337 1297
3980 2 2 0 3 1798 1802 1800
3981 2 2 0 3 1433 1434 1427
3982 2 2 0 3 40 1431 41
3983 2 2 0 3 1222 1549 1548
3984 2 2 0 3 1478 2363 1976
3985 2 2 0 3 1946 2139 1947
3986 2 2 0 3 1850 2117 2068
3987 2 2 0 3 1454 1457 1452
3988 2 2 0 3 2092 2239 1699
3989 2 2 0 3 1626 1627 1605
3990 2 2 0 3 1604 2166 1620
3991 2 2 0 3 68 1224 69
3992 2 2 0 3 1590 2082 1574
3993 2 2 0 3 2061 2315 2062
3994 2 2 0 3 1657 2094 1875
3995 2 2 0 3 1492 2180 1446
3996 2 2 0 3 2006 2157 1839
3997 2 2 0 3 1462 1720 1459
3998 2 2 0 3 1354 2152 1358
3999 2 2 0 3 1323 1373 1372
4000 2 2 0 3 2262 2276 1514
4001 2 2 0 3 1323 1372 1321
4002 2 2 0 3 1632 2111 1733
4003 2 2 0 3 1711 1904 1706
4004 2 2 0 3 1650 1734 1651
4005 2 2 0 3 2046 2356 1916
4006 2 2 0 3 1258 1259 1256
4007 2 2 0 3 1397 1692 1481
4008 2 2 0 3 1893 2244 1303
4009 2 2 0 3 1917 2203 2107
4010 2 2 0 3 2215 2216 1360
4011 2 2 0 3 1837 2085 1690
4012 2 2 0 3 1811 1895 1794
4013 2 2 0 3 1914 2250 1806
4014 2 2 0 3 42 1219 43
4015 2 2 0 3 1739 2315 2061
4016 2 2 0 3 2032 2113 1741
4017 2 2 0 3 1660 1663 1662
4018 2 2 0 3 1499 2104 2040
4019 2 2 0 3 1551 1552 1550
4020 2 2 0 3 1876 1901 1716
4021 2 2 0 3 1689 2176 1775
4022 2 2 0 3 1312 2058 1310
4023 2 2 0 3 1589 1590 1574
4024 2 2 0 3 2256 2350 2094
4025 2 2 0 3 2116 2184 1852
4026 2 2 0 3 1487 2137 1878
4027 2 2 0 3 1866 2391 1867
4028 2 2 0 3 2121 2123 1285
4029 2 2 0 3 1719 2012 1552
4030 2 2 0 3 1753 1985 1752
4031 2 2 0 3 43 2289 44
4032 2 2 0 3 1539 2227 1242
4033 2 2 0 3 1263 2361 1920
4034 2 2 0 3 1884 2197 1487
4035 2 2 0 3 1480 2341 2054
4036 2 2 0 3 1766 2135 1790
4037 2 2 0 3 1802 1804 1803
4038 2 2 0 3 1562 1575 1558
4039 2 2 0 3 1520 2299 2024
4040 2 2 0 3 2024 2299 1809
4041 2 2 0 3 1614 2291 2110
4042 2 2 0 3 1408 1433 1427
4043 2 2 0 3 1979 2126 1981
4044 2 2 0 3 1430 1824 1823
4045 2 2 0 3 1573 1587 1574
4046 2 2 0 3 1661 2386 2068
4047 2 2 0 3 1660 1662 1547
4048 2 2 0 3 1490 2107 1509
4049 2 2 0 3 1696 2252 1993
4050 2 2 0 3 1788 2123 1712
4051 2 2 0 3 1310 1521 1308
4052 2 2 0 3 1824 1828 1823
4053 2 2 0 3 1899 2115 1627
4054 2 2 0 3 1978 1979 1977
4055 2 2 0 3 1979 1980 1977
4056 2 2 0 3 2018 2141 1826
4057 2 2 0 3 1790 2174 2083
4058 2 2 0 3 1744 2189 1745
4059 2 2 0 3 1635 2186 2060
4060 2 2 0 3 1718 2362 2045
4061 2 2 0 3 2106 2222 2027
4062 2 2 0 3 1618 2103 1602
4063 2 2 0 3 1284 2131 1375
4064 2 2 0 3 1915 2143 1451
4065 2 2 0 3 1749 2330 2272
4066 2 2 0 3 47 2370 1235
4067 2 2 0 3 1507 2181 1497
4068 2 2 0 3 47 1235 48
4069 2 2 0 3 1639 2138 1593
4070 2 2 0 3 1620 2186 1619
4071 2 2 0 3 1787 2288 1962
4072 2 2 0 3 1851 2096 1500
4073 2 2 0 3 2034 2235 1540
4074 2 2 0 3 1277 1278 1276
4075 2 2 0 3 1273 1275 1274
4076 2 2 0 3 1843 2047 1677
4077 2 2 0 3 1855 2162 1351
4078 2 2 0 3 2156 2249 1754
4079 2 2 0 3 64 2095 1963
4080 2 2 0 3 2115 2271 1597
4081 2 2 0 3 2075 2226 2012
4082 2 2 0 3 1466 2114 1469
4083 2 2 0 3 1307 1308 1306
4084 2 2 0 3 1589 2090 1590
4085 2 2 0 3 2225 2318 1225
4086 2 2 0 3 1408 2168 1433
4087 2 2 0 3 1239 2055 2042
4088 2 2 0 3 1455 2184 1460
4089 2 2 0 3 1680 2070 1679
4090 2 2 0 3 1776 2196 1819
4091 2 2 0 3 1372 2081 1321
4092 2 2 0 3 1695 1696 1693
4093 2 2 0 3 1838 2294 2028
4094 2 2 0 3 1871 2219 1377
4095 2 2 0 3 1711 2022 1941
4096 2 2 0 3 1271 1304 1273
4097 2 2 0 3 1299 2178 1670
4098 2 2 0 3 1621 2111 1622
4099 2 2 0 3 2071 2366 1366
4100 2 2 0 3 1743 2364 2255
4101 2 2 0 3 2384 2392 1298
4102 2 2 0 3 1758 2164 1756
4103 2 2 0 3 1904 2125 1706
4104 2 2 0 3 1446 1448 1447
4105 2 2 0 3 1573 1574 1572
4106 2 2 0 3 1502 2055 25
4107 2 2 0 3 1327 2332 1326
4108 2 2 0 3 1404 2247 1402
4109 2 2 0 3 1885 2303 1527
4110 2 2 0 3 2001 2254 2002
4111 2 2 0 3 17 2201 18
4112 2 2 0 3 1374 2124 2004
4113 2 2 0 3 1311 1312 1310
4114 2 2 0 3 1679 1843 1677
4115 2 2 0 3 1796 2280 2129
4116 2 2 0 3 1219 1542 1541
4117 2 2 0 3 1588 2329 2047
4118 2 2 0 3 1722 2101 1724
4119 2 2 0 3 48 1905 49
4120 2 2 0 3 1584 2212 2100
4121 2 2 0 3 1754 2249 1253
4122 2 2 0 3 50 2310 51
4123 2 2 0 3 1399 1401 1400
4124 2 2 0 3 2020 2297 1414
4125 2 2 0 3 1549 2287 1612
4126 2 2 0 3 2195 2349 1300
4127 2 2 0 3 1448 2180 1453
4128 2 2 0 3 1659 1660 1547
4129 2 2 0 3 10 2161 11
4130 2 2 0 3 2214 2254 2215
4131 2 2 0 3 2012 2324 1550
4132 2 2 0 3 1366 2366 2183
4133 2 2 0 3 1988 2139 1946
4134 2 2 0 3 1257 1307 1306
4135 2 2 0 3 1364 2183 1365
4136 2 2 0 3 1281 2151 1278
4137 2 2 0 3 2266 2374 1283
4138 2 2 0 3 2079 2190 1220
4139 2 2 0 3 1281 2374 2151
4140 2 2 0 3 1795 2193 1667
4141 2 2 0 3 1949 2229 1956
4142 2 2 0 3 1602 1603 1599
4143 2 2 0 3 1514 2276 2217
4144 2 2 0 3 1907 2118 1645
4145 2 2 0 3 1831 2170 2127
4146 2 2 0 3 1729 2341 1822
4147 2 2 0 3 1271 2154 1304
4148 2 2 0 3 1319 1321 1318
4149 2 2 0 3 25 2055 26
4150 2 2 0 3 1652 2118 1882
4151 2 2 0 3 1431 2144 2109
4152 2 2 0 3 1325 2119 1736
4153 2 2 0 3 1666 2136 1969
4154 2 2 0 3 1316 1778 1320
4155 2 2 0 3 1896 2266 1821
4156 2 2 0 3 1730 2191 2155
4157 2 2 0 3 1590 2347 1989
4158 2 2 0 3 2071 2288 1951
4159 2 2 0 3 1519 2284 1435
4160 2 2 0 3 1980 2308 2065
4161 2 2 0 3 1906 2010 1797
4162 2 2 0 3 2155 2191 1955
4163 2 2 0 3 1952 2349 2195
4164 2 2 0 3 2063 2131 1737
4165 2 2 0 3 1804 2221 1853
4166 2 2 0 3 1586 2100 1656
4167 2 2 0 3 1664 1846 1662
4168 2 2 0 3 1262 2372 1912
4169 2 2 0 3 2006 2251 1302
4170 2 2 0 3 1845 2236 1236
4171 2 2 0 3 1663 1666 1665
4172 2 2 0 3 1574 2082 1572
4173 2 2 0 3 1598 2166 1604
4174 2 2 0 3 1663 1665 1664
4175 2 2 0 3 1835 2064 1836
4176 2 2 0 3 2353 2390 1305
4177 2 2 0 3 1598 1602 1599
4178 2 2 0 3 1935 2158 1936
4179 2 2 0 3 1351 2162 2112
4180 2 2 0 3 1580 1584 1582
4181 2 2 0 3 1868 2380 2029
4182 2 2 0 3 2248 2287 1844
4183 2 2 0 3 2052 2341 1480
4184 2 2 0 3 1678 1679 1677
4185 2 2 0 3 1592 2090 1589
4186 2 2 0 3 1348 2128 1344
4187 2 2 0 3 1619 2186 1635
4188 2 2 0 3 1520 2300 61
4189 2 2 0 3 1620 2166 2086
4190 2 2 0 3 2051 2294 2014
4191 2 2 0 3 1419 2359 2019
4192 2 2 0 3 1677 2047 1675
4193 2 2 0 3 1942 2354 2013
4194 2 2 0 3 1366 2288 2071
4195 2 2 0 3 1602 2103 1603
4196 2 2 0 3 1781 2380 2332
4197 2 2 0 3 2174 2261 1352
4198 2 2 0 3 1359 2214 2023
4199 2 2 0 3 1881 2291 1919
4200 2 2 0 3 1230 1659 1547
4201 2 2 0 3 1993 2252 1995
4202 2 2 0 3 1959 2137 1867
4203 2 2 0 3 1322 1323 1321
4204 2 2 0 3 1311 1313 1312
4205 2 2 0 3 2108 2235 2034
4206 2 2 0 3 1976 2363 1476
4207 2 2 0 3 1578 1580 1579
4208 2 2 0 3 1903 2258 2009
4209 2 2 0 3 2023 2214 1360
4210 2 2 0 3 1736 2122 2041
4211 2 2 0 3 59 1841 60
4212 2 2 0 3 2331 2359 1854
4213 2 2 0 3 1342 2128 1938
4214 2 2 0 3 1358 2254 2214
4215 2 2 0 3 1309 1310 1308
4216 2 2 0 3 2087 2138 1960
4217 2 2 0 3 1931 2273 1930
4218 2 2 0 3 2092 2125 1904
4219 2 2 0 3 2172 2297 1828
4220 2 2 0 3 1875 2350 2063
4221 2 2 0 3 1344 2128 1342
4222 2 2 0 3 2052 2259 1822
4223 2 2 0 3 1667 2193 1664
4224 2 2 0 3 1916 2356 2036
4225 2 2 0 3 1495 2357 2147
4226 2 2 0 3 2029 2136 2067
4227 2 2 0 3 1979 2342 2126
4228 2 2 0 3 1822 2259 1910
4229 2 2 0 3 1671 2104 1499
4230 2 2 0 3 1434 2160 1545
4231 2 2 0 3 1583 2087 1607
4232 2 2 0 3 1611 1628 1626
4233 2 2 0 3 1431 2282 41
4234 2 2 0 3 1945 2356 2046
4235 2 2 0 3 1247 1248 1246
4236 2 2 0 3 1500 2096 1412
4237 2 2 0 3 1924 2135 1766
4238 2 2 0 3 1611 1626 1605
4239 2 2 0 3 2189 2309 1932
4240 2 2 0 3 1497 2181 1523
4241 2 2 0 3 1826 2141 1827
4242 2 2 0 3 1767 2344 1763
4243 2 2 0 3 1840 2292 1227
4244 2 2 0 3 1224 1987 69
4245 2 2 0 3 2243 2318 2225
4246 2 2 0 3 51 2228 52
4247 2 2 0 3 1969 2352 1668
4248 2 2 0 3 41 2282 42
4249 2 2 0 3 1822 2341 2052
4250 2 2 0 3 1423 2207 1422
4251 2 2 0 3 2080 2353 2171
4252 2 2 0 3 2062 2207 1522
4253 2 2 0 3 1795 2237 2188
4254 2 2 0 3 2038 2133 1456
4255 2 2 0 3 1842 2222 2106
4256 2 2 0 3 1266 1779 1268
4257 2 2 0 3 1895 2237 1794
4258 2 2 0 3 1244 2249 2156
4259 2 2 0 3 32 2104 33
4260 2 2 0 3 1676 1678 1677
4261 2 2 0 3 1316 1320 1317
4262 2 2 0 3 1765 2344 2024
4263 2 2 0 3 1612 2373 1551
4264 2 2 0 3 1319 2119 1322
4265 2 2 0 3 1802 1803 1800
4266 2 2 0 3 1280 2296 1276
4267 2 2 0 3 1568 2378 1897
4268 2 2 0 3 1662 2224 1547
4269 2 2 0 3 2080 2171 1914
4270 2 2 0 3 1799 2205 1906
4271 2 2 0 3 1260 2372 1262
4272 2 2 0 3 2083 2174 1352
4273 2 2 0 3 1456 2133 1454
4274 2 2 0 3 1661 2145 1660
4275 2 2 0 3 1219 2109 1542
4276 2 2 0 3 1309 1514 1311
4277 2 2 0 3 1546 2224 1225
4278 2 2 0 3 1403 1405 1404
4279 2 2 0 3 16 2338 17
4280 2 2 0 3 1650 1651 1649
4281 2 2 0 3 2037 2281 1468
4282 2 2 0 3 2121 2348 1714
4283 2 2 0 3 2261 2388 1352
4284 2 2 0 3 1954 2148 1769
4285 2 2 0 3 1522 2207 1432
4286 2 2 0 3 2048 2367 1742
4287 2 2 0 3 30 1238 31
4288 2 2 0 3 1941 1942 1904
4289 2 2 0 3 1657 2264 2094
4290 2 2 0 3 2076 2196 1776
4291 2 2 0 3 66 2246 1513
4292 2 2 0 3 2010 2144 1431
4293 2 2 0 3 1922 2242 1428
4294 2 2 0 3 1418 2127 1416
4295 2 2 0 3 1803 2150 1800
4296 2 2 0 3 2299 2305 1925
4297 2 2 0 3 1463 2360 1479
4298 2 2 0 3 1275 1737 1277
4299 2 2 0 3 1543 2236 1541
4300 2 2 0 3 1301 2369 2157
4301 2 2 0 3 1840 2330 2044
4302 2 2 0 3 1886 2301 1887
4303 2 2 0 3 1672 2091 1421
4304 2 2 0 3 1275 1277 1276
4305 2 2 0 3 1478 2387 2028
4306 2 2 0 3 2024 2344 2050
4307 2 2 0 3 1448 1451 1447
4308 2 2 0 3 1672 2389 2134
4309 2 2 0 3 1317 1319 1318
4310 2 2 0 3 1440 1834 1438
4311 2 2 0 3 2030 2262 1813
4312 2 2 0 3 1781 2332 1327
4313 2 2 0 3 1733 2390 2080
4314 2 2 0 3 1551 1553 1552
4315 2 2 0 3 2016 2206 1647
4316 2 2 0 3 1586 1594 1593
4317 2 2 0 3 1349 2152 1354
4318 2 2 0 3 1874 2306 2140
4319 2 2 0 3 1793 2147 1959
4320 2 2 0 3 1539 2156 2105
4321 2 2 0 3 2269 2270 1426
4322 2 2 0 3 1446 2180 1448
4323 2 2 0 3 1617 2199 1611
4324 2 2 0 3 2064 2106 1836
4325 2 2 0 3 31 2040 32
4326 2 2 0 3 2059 2154 1779
4327 2 2 0 3 1307 1309 1308
4328 2 2 0 3 1313 2217 1316
4329 2 2 0 3 1454 2133 1457
4330 2 2 0 3 1457 2333 1915
4331 2 2 0 3 2119 2122 1736
4332 2 2 0 3 1846 2224 1662
4333 2 2 0 3 1282 2381 1281
4334 2 2 0 3 1548 2338 16
4335 2 2 0 3 1660 2145 1663
4336 2 2 0 3 1663 2145 1666
4337 2 2 0 3 1908 2314 1879
4338 2 2 0 3 1405 1406 1404
4339 2 2 0 3 1700 2223 1697
4340 2 2 0 3 1401 2260 1430
4341 2 2 0 3 53 1862 54
4342 2 2 0 3 1692 1693 1481
4343 2 2 0 3 1980 2209 1977
4344 2 2 0 3 1487 2197 2137
4345 2 2 0 3 1514 2302 2262
4346 2 2 0 3 2044 2330 1715
4347 2 2 0 3 1375 2256 1287
4348 2 2 0 3 2321 2356 1945
4349 2 2 0 3 1795 2188 2078
4350 2 2 0 3 1831 2315 1501
4351 2 2 0 3 1367 2204 1353
4352 2 2 0 3 1258 1260 1259
4353 2 2 0 3 1938 2211 1340
4354 2 2 0 3 1802 2307 1927
4355 2 2 0 3 1503 2324 2012
4356 2 2 0 3 1571 2165 1691
4357 2 2 0 3 2060 2186 1837
4358 2 2 0 3 1862 1863 1237
4359 2 2 0 3 1597 2271 1595
4360 2 2 0 3 2016 2232 1937
4361 2 2 0 3 1309 1311 1310
4362 2 2 0 3 2014 2294 1838
4363 2 2 0 3 1663 1664 1662
4364 2 2 0 3 1858 2195 1820
4365 2 2 0 3 2067 2136 1666
4366 2 2 0 3 1678 1680 1679
4367 2 2 0 3 1411 1412 1409
4368 2 2 0 3 1731 2326 1650
4369 2 2 0 3 1586 1656 1594
4370 2 2 0 3 1678 2253 1681
4371 2 2 0 3 1617 2308 2199
4372 2 2 0 3 2079 2226 2075
4373 2 2 0 3 1997 2340 1998
4374 2 2 0 3 1532 2229 1789
4375 2 2 0 3 1815 2253 1676
4376 2 2 0 3 1833 2346 2093
4377 2 2 0 3 2031 2262 2030
4378 2 2 0 3 1647 2212 1578
4379 2 2 0 3 1742 2367 2124
4380 2 2 0 3 1711 1941 1904
4381 2 2 0 3 1257 1813 1307
4382 2 2 0 3 1743 2255 2213
4383 2 2 0 3 1448 1452 1451
4384 2 2 0 3 1927 2307 2129
4385 2 2 0 3 1225 2318 1948
4386 2 2 0 3 1377 2219 1345
4387 2 2 0 3 1319 1322 1321
4388 2 2 0 3 2216 2340 1997
4389 2 2 0 3 30 2110 1238
4390 2 2 0 3 1328 2313 1324
4391 2 2 0 3 1944 2173 1945
4392 2 2 0 3 1250 1252 1248
4393 2 2 0 3 1283 2367 2048
4394 2 2 0 3 1595 2271 1639
4395 2 2 0 3 1598 1599 1597
4396 2 2 0 3 2062 2295 2207
4397 2 2 0 3 2053 2319 1832
4398 2 2 0 3 1824 2132 1828
4399 2 2 0 3 2029 2380 1781
4400 2 2 0 3 1800 2150 1801
4401 2 2 0 3 1240 2167 1883
4402 2 2 0 3 1890 1905 1235
4403 2 2 0 3 1416 2170 1413
4404 2 2 0 3 2050 2344 1767
4405 2 2 0 3 2111 2241 1733
4406 2 2 0 3 1570 1573 1572
4407 2 2 0 3 1493 2234 1740
4408 2 2 0 3 1731 2311 2270
4409 2 2 0 3 2078 2188 1245
4410 2 2 0 3 1358 2214 1359
4411 2 2 0 3 1843 2189 2159
4412 2 2 0 3 2049 2163 1782
4413 2 2 0 3 1923 2269 1424
4414 2 2 0 3 5 2227 6
4415 2 2 0 3 2070 2309 1679
4416 2 2 0 3 2066 2266 2048
4417 2 2 0 3 1927 2221 1804
4418 2 2 0 3 1243 2243 1732
4419 2 2 0 3 2069 2159 1744
4420 2 2 0 3 1772 2177 2176
4421 2 2 0 3 2109 2282 1431
4422 2 2 0 3 1241 2243 1243
4423 2 2 0 3 1832 2319 1916
4424 2 2 0 3 33 2104 1421
4425 2 2 0 3 2146 2375 1787
4426 2 2 0 3 44 2289 1845
4427 2 2 0 3 1932 2309 2070
4428 2 2 0 3 1711 2375 2022
4429 2 2 0 3 1887 2236 1543
4430 2 2 0 3 1353 2204 1348
4431 2 2 0 3 1780 2352 1969
4432 2 2 0 3 1794 2237 1795
4433 2 2 0 3 1971 2336 1970
4434 2 2 0 3 1995 2252 2013
4435 2 2 0 3 2044 2194 1231
4436 2 2 0 3 1730 2155 21
4437 2 2 0 3 2032 2142 1842
4438 2 2 0 3 1505 2358 1332
4439 2 2 0 3 2048 2266 1283
4440 2 2 0 3 2127 2170 1416
4441 2 2 0 3 1664 2193 1846
4442 2 2 0 3 1257 1258 1256
4443 2 2 0 3 1898 2290 1815
4444 2 2 0 3 1489 2283 1442
4445 2 2 0 3 1965 2278 1892
4446 2 2 0 3 1476 2363 1477
4447 2 2 0 3 1710 2375 1711
4448 2 2 0 3 1369 2313 1328
4449 2 2 0 3 1806 2250 1808
4450 2 2 0 3 1853 2331 1854
4451 2 2 0 3 1957 2368 2044
4452 2 2 0 3 1901 2187 1716
4453 2 2 0 3 1873 2306 1874
4454 2 2 0 3 2098 2322 2097
4455 2 2 0 3 1864 2391 1863
4456 2 2 0 3 2077 2213 1814
4457 2 2 0 3 1844 2287 1222
4458 2 2 0 3 2043 2278 1965
4459 2 2 0 3 1716 2187 1717
4460 2 2 0 3 2132 2172 1828
4461 2 2 0 3 1249 1251 1250
4462 2 2 0 3 2255 2364 1967
4463 2 2 0 3 1694 1698 1697
4464 2 2 0 3 1262 1263 1261
4465 2 2 0 3 1569 1571 1567
4466 2 2 0 3 1340 2211 1338
4467 2 2 0 3 1462 2281 1720
4468 2 2 0 3 2199 2308 1981
4469 2 2 0 3 2002 2254 2152
4470 2 2 0 3 1922 2172 2150
4471 2 2 0 3 2040 2104 32
4472 2 2 0 3 1683 2382 1682
4473 2 2 0 3 1940 2202 1492
4474 2 2 0 3 1588 2159 2069
4475 2 2 0 3 2090 2347 1590
4476 2 2 0 3 1786 2240 1784
4477 2 2 0 3 2332 2380 1911
4478 2 2 0 3 1401 1402 1400
4479 2 2 0 3 42 2282 1219
4480 2 2 0 3 2159 2189 1744
4481 2 2 0 3 62 2345 63
4482 2 2 0 3 1782 2322 2098
4483 2 2 0 3 2041 2352 1780
4484 2 2 0 3 1977 2209 1976
4485 2 2 0 3 1637 2241 2111
4486 2 2 0 3 1721 2231 2161
4487 2 2 0 3 1827 2339 2126
4488 2 2 0 3 1230 1547 1546
4489 2 2 0 3 1554 1719 1552
4490 2 2 0 3 1737 2257 2063
4491 2 2 0 3 1441 1442 1440
4492 2 2 0 3 1486 2362 1718
4493 2 2 0 3 1435 2284 1437
4494 2 2 0 3 2273 2361 1269
4495 2 2 0 3 1778 2220 1320
4496 2 2 0 3 1932 2348 1931
4497 2 2 0 3 1492 2377 2180
4498 2 2 0 3 2265 2286 1830
4499 2 2 0 3 1876 2248 1901
4500 2 2 0 3 1915 2245 2143
4501 2 2 0 3 20 1730 21
4502 2 2 0 3 2047 2179 1675
4503 2 2 0 3 1694 1695 1693
4504 2 2 0 3 2160 2173 1545
4505 2 2 0 3 2203 2303 1885
4506 2 2 0 3 1433 1519 1435
4507 2 2 0 3 1570 1572 1569
4508 2 2 0 3 55 2167 1240
4509 2 2 0 3 2082 2165 1572
4510 2 2 0 3 2043 2369 2278
4511 2 2 0 3 1262 1264 1263
4512 2 2 0 3 1672 2221 2091
4513 2 2 0 3 46 2175 47
4514 2 2 0 3 2042 2371 1908
4515 2 2 0 3 49 2310 50
4516 2 2 0 3 1305 2390 1971
4517 2 2 0 3 1569 2165 1571
4518 2 2 0 3 1572 2165 1569
4519 2 2 0 3 1309 2302 1514
4520 2 2 0 3 1852 2377 1851
4521 2 2 0 3 1715 2330 1749
4522 2 2 0 3 2078 2334 2193
4523 2 2 0 3 1272 2353 1305
4524 2 2 0 3 2091 2221 1927
4525 2 2 0 3 1704 2327 1702
4526 2 2 0 3 1557 2210 1560
4527 2 2 0 3 1262 1912 1264
4528 2 2 0 3 1566 1570 1569
4529 2 2 0 3 1906 2144 2010
4530 2 2 0 3 1596 2166 1598
4531 2 2 0 3 1580 2212 1584
4532 2 2 0 3 2176 2177 1775
4533 2 2 0 3 1225 2279 1546
4534 2 2 0 3 2161 2231 11
4535 2 2 0 3 1813 2302 1307
4536 2 2 0 3 1742 2364 1743
4537 2 2 0 3 1975 2275 2059
4538 2 2 0 3 2317 2366 1872
4539 2 2 0 3 1931 2348 2121
4540 2 2 0 3 1676 2253 1678
4541 2 2 0 3 2169 2291 1614
4542 2 2 0 3 1955 2258 1954
4543 2 2 0 3 1468 2281 1464
4544 2 2 0 3 2207 2295 1422
4545 2 2 0 3 2050 2312 2095
4546 2 2 0 3 1436 2160 1434
4547 2 2 0 3 1221 2280 36
4548 2 2 0 3 1397 1481 1395
4549 2 2 0 3 1256 2140 1254
4550 2 2 0 3 65 2246 66
4551 2 2 0 3 2141 2339 1827
4552 2 2 0 3 1393 2343 1391
4553 2 2 0 3 1573 2329 1588
4554 2 2 0 3 2017 2384 1861
4555 2 2 0 3 1348 2204 2128
4556 2 2 0 3 1304 2320 1273
4557 2 2 0 3 36 2280 37
4558 2 2 0 3 1611 2199 1628
4559 2 2 0 3 1968 2343 1393
4560 2 2 0 3 2028 2265 1830
4561 2 2 0 3 1338 2211 1368
4562 2 2 0 3 1264 1265 1263
4563 2 2 0 3 1260 1261 1259
4564 2 2 0 3 1264 1266 1265
4565 2 2 0 3 1887 2301 2102
4566 2 2 0 3 2215 2340 2216
4567 2 2 0 3 1555 2210 1557
4568 2 2 0 3 1266 1268 1267
4569 2 2 0 3 2137 2197 1867
4570 2 2 0 3 24 2298 1502
4571 2 2 0 3 1636 2210 1555
4572 2 2 0 3 2154 2275 1304
4573 2 2 0 3 1594 1595 1593
4574 2 2 0 3 1939 2386 1661
4575 2 2 0 3 1785 2335 1786
4576 2 2 0 3 1732 2243 2225
4577 2 2 0 3 1269 2361 1265
4578 2 2 0 3 1220 2226 2079
4579 2 2 0 3 2045 2362 1886
4580 2 2 0 3 2263 2273 1269
4581 2 2 0 3 2214 2215 1360
4582 2 2 0 3 1948 2318 1891
4583 2 2 0 3 2191 2258 1955
4584 2 2 0 3 2089 2255 1967
4585 2 2 0 3 1999 2322 2163
4586 2 2 0 3 2177 2230 1775
4587 2 2 0 3 1950 2317 1872
4588 2 2 0 3 1513 1848 1847
4589 2 2 0 3 1809 2299 1925
4590 2 2 0 3 1815 2290 2253
4591 2 2 0 3 1926 2230 2177
4592 2 2 0 3 1502 2298 2056
4593 2 2 0 3 2036 2346 1833
4594 2 2 0 3 2142 2222 1842
4595 2 2 0 3 1872 2366 2007
4596 2 2 0 3 2201 2226 1220
4597 2 2 0 3 1891 2318 2243
4598 2 2 0 3 1269 2336 2263
4599 2 2 0 3 2096 2168 1412
4600 2 2 0 3 1504 2264 1657
4601 2 2 0 3 1553 1636 1555
4602 2 2 0 3 2286 2347 1829
4603 2 2 0 3 1830 2286 1829
4604 2 2 0 3 2027 2311 2026
4605 2 2 0 3 2065 2308 1617
4606 2 2 0 3 1517 2277 1986
4607 2 2 0 3 61 2300 62
4608 2 2 0 3 1863 2391 1866
4609 2 2 0 3 1816 2349 1952
4610 2 2 0 3 1306 2372 1258
4611 2 2 0 3 1409 2168 1408
4612 2 2 0 3 23 2298 24
4613 2 2 0 3 1862 2316 1863
4614 2 2 0 3 20 2190 1730
4615 2 2 0 3 1891 2243 1241
4616 2 2 0 3 2129 2307 1796
4617 2 2 0 3 1302 2251 2089
4618 2 2 0 3 2278 2369 1301
4619 2 2 0 3 1796 2307 1798
4620 2 2 0 3 2084 2268 1950
4621 2 2 0 3 1391 2343 1482
4622 2 2 0 3 1274 2353 1272
4623 2 2 0 3 1547 2224 1546
4624 2 2 0 3 1763 2344 1765
4625 2 2 0 3 1307 2302 1309
4626 2 2 0 3 1821 2266 2066
4627 2 2 0 3 1981 2308 1980
4628 2 2 0 3 1767 2312 2050
4629 2 2 0 3 1560 1563 1561
4630 2 2 0 3 2119 2267 2122
4631 2 2 0 3 2063 2257 1888
4632 2 2 0 3 1864 2316 2228
4633 2 2 0 3 1951 2288 1787
4634 2 2 0 3 2149 2358 1505
4635 2 2 0 3 1962 2288 1366
4636 2 2 0 3 1908 2371 2314
4637 2 2 0 3 1296 2157 1294
4638 2 2 0 3 1330 2358 1369
4639 2 2 0 3 1317 2267 1319
4640 2 2 0 3 1938 2235 2211
4641 2 2 0 3 2152 2254 1358
4642 2 2 0 3 1892 2337 1669
4643 2 2 0 3 1839 2369 2043
4644 2 2 0 3 1414 2297 1921
4645 2 2 0 3 1260 1262 1261
4646 2 2 0 3 1563 1564 1561
4647 2 2 0 3 1650 2326 1734
4648 2 2 0 3 1899 2271 2115
4649 2 2 0 3 1514 2217 1311
4650 2 2 0 3 1234 2233 1864
4651 2 2 0 3 1319 2267 2119
4652 2 2 0 3 1596 1598 1597
4653 2 2 0 3 1728 2327 2053
4654 2 2 0 3 2196 2313 1369
4655 2 2 0 3 1570 2329 1573
4656 2 2 0 3 1464 2281 1462
4657 2 2 0 3 2022 2375 2146
4658 2 2 0 3 1266 1267 1265
4659 2 2 0 3 22 2155 1232
4660 2 2 0 3 1439 1441 1440
4661 2 2 0 3 1275 2320 1737
4662 2 2 0 3 1345 2385 1346
4663 2 2 0 3 38 1228 39
4664 2 2 0 3 2097 2322 1999
4665 2 2 0 3 2134 2331 1853
4666 2 2 0 3 1247 1249 1248
4667 2 2 0 3 2210 2378 1560
4668 2 2 0 3 1501 2315 1739
4669 2 2 0 3 2198 2373 1612
4670 2 2 0 3 1755 2333 2033
4671 2 2 0 3 2013 2354 1997
4672 2 2 0 3 1847 2351 1224
4673 2 2 0 3 1925 2365 1926
4674 2 2 0 3 1412 2168 1409
4675 2 2 0 3 2028 2387 2265
4676 2 2 0 3 2114 2383 1467
4677 2 2 0 3 1220 2190 19
4678 2 2 0 3 1998 2340 2001
4679 2 2 0 3 1594 1596 1595
4680 2 2 0 3 2054 2341 1729
4681 2 2 0 3 1798 2307 1802
4682 2 2 0 3 1311 2217 1313
4683 2 2 0 3 1541 2289 1219
4684 2 2 0 3 1560 1561 1559
4685 2 2 0 3 1735 2331 2134
4686 2 2 0 3 2053 2327 2319
4687 2 2 0 3 1829 2347 2090
4688 2 2 0 3 2086 2304 2085
4689 2 2 0 3 2171 2353 1274
4690 2 2 0 3 1697 2223 1699
4691 2 2 0 3 2179 2329 1570
4692 2 2 0 3 1440 2283 1834
4693 2 2 0 3 2127 2295 1831
4694 2 2 0 3 1997 2354 2216
4695 2 2 0 3 1557 1560 1559
4696 2 2 0 3 1246 2249 1244
4697 2 2 0 3 1967 2364 2124
4698 2 2 0 3 2160 2321 2173
4699 2 2 0 3 2031 2276 2262
4700 2 2 0 3 2013 2252 2239
4701 2 2 0 3 1897 2378 2210
4702 2 2 0 3 2085 2304 1859
4703 2 2 0 3 1578 2212 1580
4704 2 2 0 3 2059 2275 2154
4705 2 2 0 3 1422 2295 2127
4706 2 2 0 3 1978 2342 1979
4707 2 2 0 3 1563 1565 1564
4708 2 2 0 3 1612 2287 2248
4709 2 2 0 3 1245 2188 1247
4710 2 2 0 3 1656 2304 2086
4711 2 2 0 3 1549 1551 1550
4712 2 2 0 3 1981 2339 2199
4713 2 2 0 3 1559 1562 1558
4714 2 2 0 3 1553 1554 1552
4715 2 2 0 3 2122 2267 1320
4716 2 2 0 3 1332 2358 1330
4717 2 2 0 3 2047 2329 2179
4718 2 2 0 3 2230 2365 1233
4719 2 2 0 3 2213 2255 1814
4720 2 2 0 3 1810 2325 2181
4721 2 2 0 3 2124 2364 1742
4722 2 2 0 3 2171 2296 1914
4723 2 2 0 3 52 2316 53
4724 2 2 0 3 1369 2358 2149
4725 2 2 0 3 1222 2287 1549
4726 2 2 0 3 1596 1597 1595
4727 2 2 0 3 1835 2274 2064
4728 2 2 0 3 1854 2359 2073
4729 2 2 0 3 2173 2321 1945
4730 2 2 0 3 1679 2309 1843
4731 2 2 0 3 1541 2236 1845
4732 2 2 0 3 2238 2355 1467
4733 2 2 0 3 2158 2387 1478
4734 2 2 0 3 1265 2361 1263
4735 2 2 0 3 1450 2321 2160
4736 2 2 0 3 1523 2325 2139
4737 2 2 0 3 1219 2289 43
4738 2 2 0 3 1375 2350 2256
4739 2 2 0 3 1320 2267 1317
4740 2 2 0 3 1671 2389 1672
4741 2 2 0 3 1697 1699 1695
4742 2 2 0 3 1324 2313 2076
4743 2 2 0 3 1549 1550 1548
4744 2 2 0 3 2257 2320 1304
4745 2 2 0 3 2270 2311 2027
4746 2 2 0 3 2181 2325 1523
4747 2 2 0 3 1433 1435 1434
4748 2 2 0 3 1848 2351 1847
4749 2 2 0 3 2178 2349 1816
4750 2 2 0 3 2094 2350 1875
4751 2 2 0 3 1437 2284 1439
4752 2 2 0 3 1732 2334 2078
4753 2 2 0 3 2095 2312 1963
4754 2 2 0 3 1557 1559 1558
4755 2 2 0 3 2129 2280 1221
4756 2 2 0 3 8 2293 9
4757 2 2 0 3 1221 2182 2091
4758 2 2 0 3 2139 2325 1947
4759 2 2 0 3 1565 1566 1564
4760 2 2 0 3 1235 1905 48
4761 2 2 0 3 1843 2309 2189
4762 2 2 0 3 1818 2261 2174
4763 2 2 0 3 2245 2333 1755
4764 2 2 0 3 1864 2228 1234
4765 2 2 0 3 1930 2273 2263
4766 2 2 0 3 2157 2369 1839
4767 2 2 0 3 1396 1398 1397
4768 2 2 0 3 2319 2327 1704
4769 2 2 0 3 2134 2389 1913
4770 2 2 0 3 1555 1557 1556
4771 2 2 0 3 2124 2367 2004
4772 2 2 0 3 2193 2334 1846
4773 2 2 0 3 1466 2383 2114
4774 2 2 0 3 1555 1556 1554
4775 2 2 0 3 2163 2322 1782
4776 2 2 0 3 2076 2313 2196
4777 2 2 0 3 2126 2355 1827
4778 2 2 0 3 1855 2388 2261
4779 2 2 0 3 1851 2377 2202
4780 2 2 0 3 1553 1555 1554
4781 2 2 0 3 1553 2373 1636
4782 2 2 0 3 2183 2317 1365
4783 2 2 0 3 1920 2361 2273
4784 2 2 0 3 1915 2333 2245
4785 2 2 0 3 2185 2335 1785
4786 2 2 0 3 1557 1558 1556
4787 2 2 0 3 1926 2365 2230
4788 2 2 0 3 2215 2254 2001
4789 2 2 0 3 1503 2226 2201
4790 2 2 0 3 2292 2293 8
4791 2 2 0 3 1439 1440 1438
4792 2 2 0 3 1219 2282 2109
4793 2 2 0 3 2126 2339 1981
4794 2 2 0 3 1442 2283 1440
4795 2 2 0 3 1560 2378 1563
4796 2 2 0 3 1247 2188 1249
4797 2 2 0 3 2001 2340 2215
4798 2 2 0 3 1407 1409 1408
4799 2 2 0 3 2301 2362 1486
4800 2 2 0 3 1347 2385 2219
4801 2 2 0 3 1273 2320 1275
4802 2 2 0 3 1465 2383 1466
4803 2 2 0 3 1408 1427 1406
4804 2 2 0 3 1636 2373 2198
4805 2 2 0 3 1467 2383 2238
4806 2 2 0 3 2300 2345 62
4807 2 2 0 3 2194 2368 1717
4808 2 2 0 3 1435 1436 1434
4809 2 2 0 3 1405 1407 1406
4810 2 2 0 3 1840 2293 2292
4811 2 2 0 3 1861 2384 2208
4812 2 2 0 3 1437 1439 1438
4813 2 2 0 3 2218 2385 1347
4814 2 2 0 3 2202 2377 1492
4815 2 2 0 3 2208 2384 1298
4816 2 2 0 3 2305 2365 1925
4817 2 2 0 3 1437 1438 1436
4818 2 2 0 3 2262 2302 1813
4819 2 2 0 3 1737 2320 2257
4820 2 2 0 3 1407 1408 1406
4821 2 2 0 3 1346 2385 2218
4822 2 2 0 3 2044 2368 2194
4823 2 2 0 3 1694 1697 1695
4824 2 2 0 3 1435 1437 1436
4825 2 2 0 3 2278 2337 1892
4826 2 2 0 3 2263 2336 1825
4827 2 2 0 3 26 2055 1239
4828 2 2 0 3 2091 2182 1421
4829 2 2 0 3 1550 2324 1548
4830 2 2 0 3 1301 2337 2278
4831 2 2 0 3 2238 2383 1465
4832 2 2 0 3 1551 2373 1553
4833 2 2 0 3 1255 1256 1254
4834 2 2 0 3 1503 2338 2324
4835 2 2 0 3 1233 2365 2305
4836 2 2 0 3 2265 2387 1900
4837 2 2 0 3 2219 2385 1345
4838 2 2 0 3 1249 1250 1248
4839 2 2 0 3 53 2316 1862
4840 2 2 0 3 1258 2372 1260
4841 2 2 0 3 2324 2338 1548
4842 2 2 0 3 2225 2334 1732
4843 2 2 0 3 9 2293 1231
4844 2 2 0 3 2374 2381 1283
4845 2 2 0 3 1281 2381 2374
4846 2 2 0 3 2175 2370 47
4847 2 2 0 3 1886 2362 2301
4848 2 2 0 3 1245 1247 1246
4849 2 2 0 3 1226 2345 2300
4850 2 2 0 3 1791 2370 2175
4851 2 2 0 3 2228 2316 52
4852 2 2 0 3 1845 2289 1541
4853 4 2 0 1 1436 3362 1438 1437
4854 4 2 0 1 654 3809 655 730
4855 4 2 0 1 879 2916 3604 751
4856 4 2 0 1 274 273 2590 272
4857 4 2 0 1 730 3836 932 3809
4858 4 2 0 1 3648 2786 2946 2945
4859 4 2 0 1 318 2902 961 279
4860 4 2 0 1 2699 2786 2946 3648
4861 4 2 0 1 1744 2159 3245 2189
4862 4 2 0 1 3335 3611 2907 3644
4863 4 2 0 1 2788 2739 3372 3379
4864 4 2 0 1 2786 2841 2946 2471
4865 4 2 0 1 3316 2865 3336 3147
4866 4 2 0 1 2091 3590 2129 1927
4867 4 2 0 1 3534 325 337 329
4868 4 2 0 1 730 3836 3809 655
4869 4 2 0 1 974 3836 711 932
4870 4 2 0 1 3483 2531 2818 2530
4871 4 2 0 1 21 2968 74 3016
4872 4 2 0 1 3138 2081 3091 3691
4873 4 2 0 1 1061 3803 517 3829
4874 4 2 0 1 2235 1938 2211 3232
4875 4 2 0 1 536 3783 3799 534
4876 4 2 0 1 3720 3156 3116 3155
4877 4 2 0 1 3522 2533 2853 3623
4878 4 2 0 1 2195 1952 1858 3065
4879 4 2 0 1 1895 3147 1811 3336
4880 4 2 0 1 1634 1644 3190 1935
4881 4 2 0 1 2535 23 24 92
4882 4 2 0 1 2962 3067 2963 3653
4883 4 2 0 1 3653 2426 2452 3423
4884 4 2 0 1 3305 3319 3239 3195
4885 4 2 0 1 551 749 1078 3539
4886 4 2 0 1 3697 3178 3112 3109
4887 4 2 0 1 2243 2760 1732 2225
4888 4 2 0 1 2517 2677 2833 3585
4889 4 2 0 1 3783 3804 736 1213
4890 4 2 0 1 2879 439 2864 466
4891 4 2 0 1 2398 2537 3526 2538
4892 4 2 0 1 2559 204 3403 638
4893 4 2 0 1 2780 2560 2669 2620
4894 4 2 0 1 3695 3208 3323 3207
4895 4 2 0 1 3319 3183 2454 3239
4896 4 2 0 1 601 3764 3779 797
4897 4 2 0 1 3482 2718 2720 2461
4898 4 2 0 1 2814 2414 2555 2470
4899 4 2 0 1 3171 1978 2114 2342
4900 4 2 0 1 1274 2353 2171 3358
4901 4 2 0 1 601 3779 3764 1105
4902 4 2 0 1 468 601 3764 1105
4903 4 2 0 1 2225 3553 2243 2760
4904 4 2 0 1 2718 2720 2461 2641
4905 4 2 0 1 2559 203 197 3535
4906 4 2 0 1 2911 3657 3658 2909
4907 4 2 0 1 2954 2446 3417 3462
4908 4 2 0 1 2720 160 161 162
4909 4 2 0 1 531 2783 2671 2669
4910 4 2 0 1 2433 3417 3290 2950
4911 4 2 0 1 3007 284 1202 1075
4912 4 2 0 1 617 2603 3554 651
4913 4 2 0 1 1236 2236 2821 1887
4914 4 2 0 1 158 843 3622 2883
4915 4 2 0 1 2725 3543 2726 2568
4916 4 2 0 1 2981 78 8 9
4917 4 2 0 1 3192 3198 3736 3191
4918 4 2 0 1 1061 3803 519 1159
4919 4 2 0 1 1061 816 3803 3829
4920 4 2 0 1 2522 222 223 224
4921 4 2 0 1 3602 3487 2846 3398
4922 4 2 0 1 2640 3613 2570 2679
4923 4 2 0 1 3192 3722 3117 3123
4924 4 2 0 1 2433 3290 3417 3426
4925 4 2 0 1 3509 2784 2503 2509
4926 4 2 0 1 959 3542 613 615
4927 4 2 0 1 249 2970 1196 250
4928 4 2 0 1 2225 3553 2318 2243
4929 4 2 0 1 2503 3509 3508 2784
4930 4 2 0 1 18 89 19 2809
4931 4 2 0 1 3487 2503 2504 2784
4932 4 2 0 1 719 198 2576 3536
4933 4 2 0 1 1775 3797 2120 2230
4934 4 2 0 1 1094 430 2983 937
4935 4 2 0 1 3445 3334 3263 2965
4936 4 2 0 1 3363 1813 2262 2302
4937 4 2 0 1 2743 2482 977 1018
4938 4 2 0 1 3263 3334 3445 3102
4939 4 2 0 1 3583 290 2669 2783
4940 4 2 0 1 3389 2404 3009 2478
4941 4 2 0 1 3723 3043 3169 3170
4942 4 2 0 1 1028 495 792 3581
4943 4 2 0 1 3009 3389 2478 2793
4944 4 2 0 1 3471 3631 2946 3465
4945 4 2 0 1 2779 3009 2478 2793
4946 4 2 0 1 101 2801 2437 879
4947 4 2 0 1 3822 3535 3534 1069
4948 4 2 0 1 3536 3534 2560 3535
4949 4 2 0 1 2744 3447 2586 2755
4950 4 2 0 1 2675 3585 2676 2677
4951 4 2 0 1 790 1211 2492 767
4952 4 2 0 1 2492 2930 2432 2489
4953 4 2 0 1 3559 2236 3359 2821
4954 4 2 0 1 3498 2486 3503 2891
4955 4 2 0 1 273 269 3003 272
4956 4 2 0 1 3791 1983 1984 3619
4957 4 2 0 1 3546 3450 3634 2845
4958 4 2 0 1 865 2530 1046 2638
4959 4 2 0 1 6 2597 3550 7
4960 4 2 0 1 3500 2488 2486 2492
4961 4 2 0 1 1248 2869 1253 1252
4962 4 2 0 1 769 773 2732 1133
4963 4 2 0 1 2933 2427 3045 3033
4964 4 2 0 1 3437 3434 3436 3435
4965 4 2 0 1 2352 3303 1969 1668
4966 4 2 0 1 2333 3272 3160 2245
4967 4 2 0 1 3001 295 700 297
4968 4 2 0 1 2432 3579 2926 3502
4969 4 2 0 1 3195 3238 3305 3712
4970 4 2 0 1 2925 2926 3455 3502
4971 4 2 0 1 2563 2565 2634 598
4972 4 2 0 1 3504 2825 2663 3568
4973 4 2 0 1 3768 1750 3791 1378
4974 4 2 0 1 3791 1381 1884 3768
4975 4 2 0 1 1750 3791 1378 1382
4976 4 2 0 1 207 209 2534 851
4977 4 2 0 1 3235 3633 3632 3135
4978 4 2 0 1 524 3832 1051 3822
4979 4 2 0 1 2570 3543 2568 2726
4980 4 2 0 1 3768 1384 3810 1381
4981 4 2 0 1 1808 3059 1910 3057
4982 4 2 0 1 2479 2477 3493 2404
4983 4 2 0 1 2578 2725 2568 3543
4984 4 2 0 1 2680 2678 2476 2640
4985 4 2 0 1 148 2678 125 124
4986 4 2 0 1 2472 2777 2473 3575
4987 4 2 0 1 832 2990 1052 1053
4988 4 2 0 1 409 3813 432 846
4989 4 2 0 1 3015 1032 1033 861
4990 4 2 0 1 3492 2777 2476 2640
4991 4 2 0 1 3377 3516 2609 3393
4992 4 2 0 1 3467 3468 3761 2448
4993 4 2 0 1 2807 3366 3365 2826
4994 4 2 0 1 3514 3481 3393 3515
4995 4 2 0 1 2460 3481 3393 3514
4996 4 2 0 1 1381 1384 3810 1383
4997 4 2 0 1 639 716 2612 2411
4998 4 2 0 1 560 970 982 2475
4999 4 2 0 1 1910 3059 1808 2259
5000 4 2 0 1 2393 2983 3373 2901
5001 4 2 0 1 3481 2514 2520 3514
5002 4 2 0 1 2460 3514 2788 2812
5003 4 2 0 1 3132 3134 3116 3355
5004 4 2 0 1 2512 2604 3554 3454
5005 4 2 0 1 251 2969 2970 253
5006 4 2 0 1 343 340 3832 3822
5007 4 2 0 1 468 3816 338 3764
5008 4 2 0 1 3481 2458 3516 3393
5009 4 2 0 1 50 98 2980 891
5010 4 2 0 1 2493 2497 3502 2925
5011 4 2 0 1 475 3518 2528 3520
5012 4 2 0 1 3518 372 373 2525
5013 4 2 0 1 3829 3809 3836 816
5014 4 2 0 1 1211 2489 876 718
5015 4 2 0 1 2483 2547 2643 2729
5016 4 2 0 1 3836 3829 1197 711
5017 4 2 0 1 1145 2403 3395 2410
5018 4 2 0 1 3603 2646 2728 2729
5019 4 2 0 1 3535 782 3534 783
5020 4 2 0 1 3156 3720 3116 3165
5021 4 2 0 1 3147 2865 3459 3635
5022 4 2 0 1 3006 254 2990 256
5023 4 2 0 1 3836 1197 3829 816
5024 4 2 0 1 3206 3286 2868 3233
5025 4 2 0 1 2566 1201 186 187
5026 4 2 0 1 3836 1197 974 711
5027 4 2 0 1 655 1197 974 3836
5028 4 2 0 1 3006 260 261 257
5029 4 2 0 1 2645 397 395 2757
5030 4 2 0 1 2704 2707 3408 2705
5031 4 2 0 1 1120 1183 2935 267
5032 4 2 0 1 1249 1248 1250 3368
5033 4 2 0 1 3064 3654 3052 3056
5034 4 2 0 1 3534 782 1027 537
5035 4 2 0 1 3566 3090 1768 1631
5036 4 2 0 1 3529 1183 2935 262
5037 4 2 0 1 617 2603 651 1190
5038 4 2 0 1 168 167 169 3601
5039 4 2 0 1 967 948 2612 799
5040 4 2 0 1 816 1197 655 3836
5041 4 2 0 1 2905 167 1084 910
5042 4 2 0 1 2339 3174 2199 3231
5043 4 2 0 1 2402 3560 2859 2611
5044 4 2 0 1 2546 262 3529 2935
5045 4 2 0 1 3817 1940 3295 3805
5046 4 2 0 1 3006 254 256 255
5047 4 2 0 1 1194 1073 2675 678
5048 4 2 0 1 76 549 3831 3811
5049 4 2 0 1 215 2580 2724 671
5050 4 2 0 1 3531 3533 3532 2834
5051 4 2 0 1 3610 3643 53 52
5052 4 2 0 1 3533 2671 532 2936
5053 4 2 0 1 2834 2561 3531 3533
5054 4 2 0 1 3533 577 3531 552
5055 4 2 0 1 3357 3358 1914 2171
5056 4 2 0 1 764 2583 765 2582
5057 4 2 0 1 3402 2559 204 3403
5058 4 2 0 1 2751 2888 2662 2994
5059 4 2 0 1 53 3643 3610 3644
5060 4 2 0 1 753 2531 2521 2732
5061 4 2 0 1 2970 2643 760 2608
5062 4 2 0 1 873 2665 2627 1039
5063 4 2 0 1 3402 602 980 1031
5064 4 2 0 1 3064 3444 3654 3056
5065 4 2 0 1 1363 3699 3697 3705
5066 4 2 0 1 2463 874 1042 130
5067 4 2 0 1 2036 3806 1450 3275
5068 4 2 0 1 2498 3546 2899 2585
5069 4 2 0 1 3534 3832 3822 1051
5070 4 2 0 1 53 3643 2316 52
5071 4 2 0 1 196 2561 195 3536
5072 4 2 0 1 521 589 3819 3833
5073 4 2 0 1 191 2562 2566 2561
5074 4 2 0 1 1879 1608 3596 1613
5075 4 2 0 1 2463 673 1066 2578
5076 4 2 0 1 2458 2724 2578 2579
5077 4 2 0 1 962 415 3772 3828
5078 4 2 0 1 448 3830 414 3772
5079 4 2 0 1 379 2397 1155 905
5080 4 2 0 1 3161 3793 3160 1448
5081 4 2 0 1 3766 537 353 625
5082 4 2 0 1 1926 3335 1925 1924
5083 4 2 0 1 3101 3793 3696 3655
5084 4 2 0 1 540 539 3783 3799
5085 4 2 0 1 3168 1634 3190 1935
5086 4 2 0 1 1198 695 850 2852
5087 4 2 0 1 1835 3329 2064 2274
5088 4 2 0 1 3012 3015 3014 861
5089 4 2 0 1 536 3783 534 1213
5090 4 2 0 1 183 2562 2565 3390
5091 4 2 0 1 2463 130 2904 2567
5092 4 2 0 1 536 3783 1213 539
5093 4 2 0 1 3006 254 255 253
5094 4 2 0 1 3815 3787 882 945
5095 4 2 0 1 182 181 3390 183
5096 4 2 0 1 3331 1341 3293 1343
5097 4 2 0 1 3803 3815 1036 1057
5098 4 2 0 1 181 2565 3390 183
5099 4 2 0 1 2484 2646 2729 2728
5100 4 2 0 1 2463 2904 130 1042
5101 4 2 0 1 1671 2702 2696 3593
5102 4 2 0 1 2602 2441 3554 2798
5103 4 2 0 1 3507 575 2718 822
5104 4 2 0 1 2600 996 3550 2596
5105 4 2 0 1 2740 2741 2743 3576
5106 4 2 0 1 2600 996 2596 676
5107 4 2 0 1 2638 2635 231 2521
5108 4 2 0 1 2597 2599 2598 3552
5109 4 2 0 1 2758 211 2665 209
5110 4 2 0 1 170 3600 3601 2648
5111 4 2 0 1 3787 518 945 3815
5112 4 2 0 1 3335 2135 1774 2774
5113 4 2 0 1 2597 7 2871 3550
5114 4 2 0 1 1840 1227 2292 2871
5115 4 2 0 1 196 197 3536 195
5116 4 2 0 1 1226 2300 2345 2749
5117 4 2 0 1 1862 3643 53 3644
5118 4 2 0 1 2600 2519 2604 3554
5119 4 2 0 1 2448 2855 2518 2810
5120 4 2 0 1 2600 621 3554 623
5121 4 2 0 1 2600 621 623 676
5122 4 2 0 1 1439 3817 1940 3106
5123 4 2 0 1 913 912 3785 1171
5124 4 2 0 1 634 2411 2410 199
5125 4 2 0 1 2494 3454 2810 2514
5126 4 2 0 1 2257 2275 1304 3125
5127 4 2 0 1 3643 2316 2228 3350
5128 4 2 0 1 2460 3393 3377 2788
5129 4 2 0 1 2549 3489 143 157
5130 4 2 0 1 3554 2515 620 2519
5131 4 2 0 1 2675 3585 2677 3586
5132 4 2 0 1 867 2723 1064 860
5133 4 2 0 1 2868 3126 3203 3711
5134 4 2 0 1 2613 3397 3561 2648
5135 4 2 0 1 720 900 3531 721
5136 4 2 0 1 3610 1102 84 579
5137 4 2 0 1 3611 1809 3335 1765
5138 4 2 0 1 3417 2951 2950 2954
5139 4 2 0 1 3564 2741 2617 2712
5140 4 2 0 1 379 2397 905 377
5141 4 2 0 1 1830 3230 2028 3149
5142 4 2 0 1 2559 203 202 197
5143 4 2 0 1 3069 1537 1538 3310
5144 4 2 0 1 2614 2709 1138 2582
5145 4 2 0 1 3564 2661 2839 2903
5146 4 2 0 1 106 854 1207 3016
5147 4 2 0 1 607 2673 2412 2409
5148 4 2 0 1 645 3404 3402 3403
5149 4 2 0 1 3496 2409 3581 2717
5150 4 2 0 1 2493 1003 476 2489
5151 4 2 0 1 1138 764 2582 2709
5152 4 2 0 1 2943 2682 2941 2681
5153 4 2 0 1 1862 3643 3644 3348
5154 4 2 0 1 3743 3236 2691 3173
5155 4 2 0 1 2163 1996 3818 1999
5156 4 2 0 1 3648 2501 2947 2945
5157 4 2 0 1 3766 342 341 344
5158 4 2 0 1 2040 1238 2943 2686
5159 4 2 0 1 3669 2132 3307 3343
5160 4 2 0 1 3537 195 2561 3536
5161 4 2 0 1 3718 1390 1792 2285
5162 4 2 0 1 2619 3611 2749 2803
5163 4 2 0 1 2625 3568 3567 2626
5164 4 2 0 1 1972 3565 2682 3289
5165 4 2 0 1 2634 192 842 173
5166 4 2 0 1 776 2862 1125 2903
5167 4 2 0 1 3345 3429 2425 3647
5168 4 2 0 1 126 2678 125 2770
5169 4 2 0 1 1994 3818 1996 3324
5170 4 2 0 1 2049 3818 3324 3019
5171 4 2 0 1 1149 3571 988 2596
5172 4 2 0 1 1590 3197 3240 2347
5173 4 2 0 1 2672 564 2543 3584
5174 4 2 0 1 607 2409 2412 608
5175 4 2 0 1 806 2566 191 187
5176 4 2 0 1 2559 197 202 195
5177 4 2 0 1 643 2652 792 2530
5178 4 2 0 1 3518 372 2525 3520
5179 4 2 0 1 3718 1792 1390 3649
5180 4 2 0 1 2506 979 824 3508
5181 4 2 0 1 3230 2691 3743 3236
5182 4 2 0 1 3437 3037 3048 3416
5183 4 2 0 1 3009 2404 3389 3572
5184 4 2 0 1 3790 2049 3019 3818
5185 4 2 0 1 1370 3292 3699 3705
5186 4 2 0 1 1976 3174 3229 3230
5187 4 2 0 1 2884 961 318 2902
5188 4 2 0 1 3578 3824 2484 2482
5189 4 2 0 1 3444 3064 3271 3442
5190 4 2 0 1 875 2716 490 3581
5191 4 2 0 1 389 3835 3814 387
5192 4 2 0 1 2610 3397 2571 2722
5193 4 2 0 1 875 2716 3581 857
5194 4 2 0 1 2433 3067 3290 3426
5195 4 2 0 1 2740 421 3578 2743
5196 4 2 0 1 3051 3035 3670 3343
5197 4 2 0 1 2820 910 167 2905
5198 4 2 0 1 3552 2763 3456 2601
5199 4 2 0 1 3827 3835 811 447
5200 4 2 0 1 2740 421 2743 423
5201 4 2 0 1 2114 3229 1469 2021
5202 4 2 0 1 2472 2641 3574 3575
5203 4 2 0 1 1539 6 7 2597
5204 4 2 0 1 1028 875 3581 857
5205 4 2 0 1 3518 472 3520 475
5206 4 2 0 1 2114 1469 3229 1466
5207 4 2 0 1 387 447 811 3835
5208 4 2 0 1 857 2652 2716 3581
5209 4 2 0 1 3440 2428 2427 3033
5210 4 2 0 1 389 3835 387 811
5211 4 2 0 1 3495 2714 2478 2717
5212 4 2 0 1 3217 2089 1966 1302
5213 4 2 0 1 2821 2236 3629 1887
5214 4 2 0 1 3822 1173 1069 827
5215 4 2 0 1 896 215 3586 212
5216 4 2 0 1 2540 3528 2541 3529
5217 4 2 0 1 3543 2580 2724 2904
5218 4 2 0 1 178 2410 1191 179
5219 4 2 0 1 1381 3791 1380 3768
5220 4 2 0 1 2667 208 148 2904
5221 4 2 0 1 2468 2849 2858 3523
5222 4 2 0 1 79 15 921 3004
5223 4 2 0 1 2553 2555 2524 2920
5224 4 2 0 1 1381 1380 1379 3768
5225 4 2 0 1 2690 3294 3441 3476
5226 4 2 0 1 478 868 298 2895
5227 4 2 0 1 3268 3344 3277 3086
5228 4 2 0 1 2561 1168 3531 1140
5229 4 2 0 1 3346 1260 1259 3725
5230 4 2 0 1 3500 3497 2486 2488
5231 4 2 0 1 2628 2789 3327 2595
5232 4 2 0 1 332 1124 857 2716
5233 4 2 0 1 2691 3236 2876 3173
5234 4 2 0 1 1861 1777 3692 2017
5235 4 2 0 1 1205 739 2412 778
5236 4 2 0 1 3064 3442 3347 2867
5237 4 2 0 1 2770 129 2567 130
5238 4 2 0 1 1239 2686 3289 2682
5239 4 2 0 1 2681 2684 2685 2944
5240 4 2 0 1 3615 2759 3614 3268
5241 4 2 0 1 2436 3081 3092 3279
5242 4 2 0 1 3022 2698 3752 3594
5243 4 2 0 1 2567 129 2770 2820
5244 4 2 0 1 1780 3341 1327 3193
5245 4 2 0 1 199 2411 2410 2632
5246 4 2 0 1 2687 2695 2696 2699
5247 4 2 0 1 3723 1522 3252 3169
5248 4 2 0 1 380 1040 3774 3401
5249 4 2 0 1 3282 3701 3699 2335
5250 4 2 0 1 3767 438 657 774
5251 4 2 0 1 2572 2536 3373 2901
5252 4 2 0 1 2494 2516 3514 2900
5253 4 2 0 1 2190 2968 1220 19
5254 4 2 0 1 1080 2707 3599 862
5255 4 2 0 1 155 2472 159 2641
5256 4 2 0 1 2704 2848 3408 2794
5257 4 2 0 1 2534 873 2665 2627
5258 4 2 0 1 154 152 2469 151
5259 4 2 0 1 3581 3521 2652 2717
5260 4 2 0 1 3400 3375 2397 2657
5261 4 2 0 1 1444 3805 1445 1446
5262 4 2 0 1 2634 1064 2723 633
5263 4 2 0 1 860 2723 1064 633
5264 4 2 0 1 1080 663 862 3599
5265 4 2 0 1 27 2941 2169 2682
5266 4 2 0 1 239 2733 240 2715
5267 4 2 0 1 177 181 928 2565
5268 4 2 0 1 571 769 2732 1133
5269 4 2 0 1 1360 3792 2215 3704
5270 4 2 0 1 3736 3236 2691 3190
5271 4 2 0 1 648 798 659 2418
5272 4 2 0 1 2732 2899 546 3603
5273 4 2 0 1 970 982 3598 950
5274 4 2 0 1 3223 1256 3725 3177
5275 4 2 0 1 2879 2816 943 2538
5276 4 2 0 1 2463 3538 2567 3543
5277 4 2 0 1 1076 2536 3525 2538
5278 4 2 0 1 3785 2484 727 1117
5279 4 2 0 1 1069 3822 827 1051
5280 4 2 0 1 1108 3834 354 548
5281 4 2 0 1 3377 3516 3393 2460
5282 4 2 0 1 3391 967 2612 799
5283 4 2 0 1 2997 2570 2569 2610
5284 4 2 0 1 880 3773 3834 349
5285 4 2 0 1 3603 546 2732 1133
5286 4 2 0 1 3773 346 3834 349
5287 4 2 0 1 3834 353 348 3766
5288 4 2 0 1 2711 2748 3606 2802
5289 4 2 0 1 2707 3778 978 2704
5290 4 2 0 1 2748 3563 2976 2802
5291 4 2 0 1 353 3834 349 354
5292 4 2 0 1 3540 984 1155 905
5293 4 2 0 1 1615 1652 3596 1613
5294 4 2 0 1 2709 2843 2894 2712
5295 4 2 0 1 3563 2710 2614 2712
5296 4 2 0 1 3544 3397 2647 2613
5297 4 2 0 1 2714 3015 2540 2546
5298 4 2 0 1 2608 2713 2574 3006
5299 4 2 0 1 2975 3563 2748 1176
5300 4 2 0 1 3767 3833 774 869
5301 4 2 0 1 3603 1107 2728 2646
5302 4 2 0 1 2976 3607 2748 2802
5303 4 2 0 1 2335 2015 2185 3699
5304 4 2 0 1 1244 1243 2597 3370
5305 4 2 0 1 774 3833 661 589
5306 4 2 0 1 725 724 2982 565
5307 4 2 0 1 3819 3767 881 2889
5308 4 2 0 1 2408 2726 2725 3602
5309 4 2 0 1 2407 3485 2473 2767
5310 4 2 0 1 3094 3182 3180 3179
5311 4 2 0 1 532 2936 2671 533
5312 4 2 0 1 3120 3132 3117 3569
5313 4 2 0 1 661 3833 774 881
5314 4 2 0 1 782 3534 783 626
5315 4 2 0 1 3017 1487 3293 2910
5316 4 2 0 1 1351 2978 3293 3619
5317 4 2 0 1 3413 3332 3411 2790
5318 4 2 0 1 3467 3466 3411 2832
5319 4 2 0 1 589 869 774 3833
5320 4 2 0 1 3272 2033 3160 3254
5321 4 2 0 1 90 2981 2595 989
5322 4 2 0 1 2594 2791 3551 2596
5323 4 2 0 1 3767 3833 881 774
5324 4 2 0 1 3793 3696 3821 3161
5325 4 2 0 1 3793 3821 3696 2377
5326 4 2 0 1 812 2664 732 600
5327 4 2 0 1 1934 3188 2045 2200
5328 4 2 0 1 3466 2791 3551 2449
5329 4 2 0 1 989 12 2595 80
5330 4 2 0 1 3821 2180 2377 3793
5331 4 2 0 1 3362 1450 1436 1438
5332 4 2 0 1 2904 148 1114 208
5333 4 2 0 1 2677 2724 3586 3585
5334 4 2 0 1 3696 3821 3161 3295
5335 4 2 0 1 3006 1091 2990 3598
5336 4 2 0 1 2667 2678 2640 3613
5337 4 2 0 1 2736 2992 2732 2899
5338 4 2 0 1 2727 2732 2918 2731
5339 4 2 0 1 2417 2902 2884 3404
5340 4 2 0 1 3533 1034 2576 2561
5341 4 2 0 1 2992 2732 753 2736
5342 4 2 0 1 2377 2180 1852 3793
5343 4 2 0 1 2565 2781 2563 2634
5344 4 2 0 1 2727 2730 2729 3603
5345 4 2 0 1 2508 3621 3623 3622
5346 4 2 0 1 3052 2004 1374 3321
5347 4 2 0 1 3053 1622 2111 1632
5348 4 2 0 1 169 2648 3601 2905
5349 4 2 0 1 3388 3532 2394 2556
5350 4 2 0 1 628 1002 737 3562
5351 4 2 0 1 890 3779 992 3784
5352 4 2 0 1 815 3779 3784 992
5353 4 2 0 1 808 634 2411 2403
5354 4 2 0 1 2417 2902 2811 2884
5355 4 2 0 1 126 2820 127 128
5356 4 2 0 1 815 3779 992 469
5357 4 2 0 1 2807 3632 3626 3135
5358 4 2 0 1 2740 421 423 424
5359 4 2 0 1 3629 2236 2821 3359
5360 4 2 0 1 2268 3699 3282 3697
5361 4 2 0 1 2804 2919 2818 2819
5362 4 2 0 1 3784 3779 205 890
5363 4 2 0 1 1051 3832 1195 625
5364 4 2 0 1 1579 1902 1889 3133
5365 4 2 0 1 1378 1377 3768 1350
5366 4 2 0 1 177 2410 179 2565
5367 4 2 0 1 3467 2841 3407 3760
5368 4 2 0 1 2106 3329 1836 2027
5369 4 2 0 1 2639 114 2680 3622
5370 4 2 0 1 2733 2547 2643 2574
5371 4 2 0 1 3194 1293 1291 2244
5372 4 2 0 1 2911 3658 3657 2977
5373 4 2 0 1 1195 625 3832 923
5374 4 2 0 1 2992 546 2899 470
5375 4 2 0 1 3534 3832 1051 625
5376 4 2 0 1 2934 106 107 605
5377 4 2 0 1 2807 3166 3135 3626
5378 4 2 0 1 3156 2198 1876 1898
5379 4 2 0 1 2015 1370 2185 3699
5380 4 2 0 1 2596 676 1188 785
5381 4 2 0 1 2736 2727 2899 2732
5382 4 2 0 1 1238 2110 30 2943
5383 4 2 0 1 3322 1403 1401 1430
5384 4 2 0 1 3183 3184 3693 3279
5385 4 2 0 1 524 3832 3822 343
5386 4 2 0 1 923 343 3832 1195
5387 4 2 0 1 29 88 2943 2940
5388 4 2 0 1 2290 3156 1898 1815
5389 4 2 0 1 3110 3069 3184 3150
5390 4 2 0 1 3787 518 3815 511
5391 4 2 0 1 3438 3437 3436 3259
5392 4 2 0 1 2789 2806 3638 2734
5393 4 2 0 1 3151 3226 3069 3310
5394 4 2 0 1 2451 2875 3221 3473
5395 4 2 0 1 1116 3786 926 3798
5396 4 2 0 1 1363 3699 3705 1370
5397 4 2 0 1 13 2628 14 2323
5398 4 2 0 1 515 3798 522 926
5399 4 2 0 1 3607 2246 1229 3340
5400 4 2 0 1 1897 2378 1568 3720
5401 4 2 0 1 515 3798 926 514
5402 4 2 0 1 3728 3730 3724 3474
5403 4 2 0 1 3118 3237 3664 2701
5404 4 2 0 1 2642 2679 2784 3575
5405 4 2 0 1 3730 1712 3250 3729
5406 4 2 0 1 3269 3263 3253 3291
5407 4 2 0 1 3181 1839 3217 3179
5408 4 2 0 1 3340 3199 1848 1229
5409 4 2 0 1 926 3798 3786 514
5410 4 2 0 1 3252 2139 2325 1947
5411 4 2 0 1 3652 2898 2964 2963
5412 4 2 0 1 2603 650 898 3555
5413 4 2 0 1 2609 3516 2458 3393
5414 4 2 0 1 1685 1684 1712 3250
5415 4 2 0 1 2666 2534 2627 3524
5416 4 2 0 1 1116 3786 3798 574
5417 4 2 0 1 2194 3284 2872 3639
5418 4 2 0 1 3438 3420 3048 3432
5419 4 2 0 1 2044 3284 2877 2872
5420 4 2 0 1 3124 3056 2868 3676
5421 4 2 0 1 1036 3803 1057 519
5422 4 2 0 1 3214 3032 3251 3253
5423 4 2 0 1 1752 1985 1753 3769
5424 4 2 0 1 3079 2196 2149 1819
5425 4 2 0 1 1820 2195 3692 2017
5426 4 2 0 1 3369 3638 2628 2806
5427 4 2 0 1 2202 2284 1940 3106
5428 4 2 0 1 853 3831 3786 1147
5429 4 2 0 1 3244 3206 3137 2444
5430 4 2 0 1 1405 3665 3322 3097
5431 4 2 0 1 1424 1425 3043 1423
5432 4 2 0 1 1772 1773 2774 1774
5433 4 2 0 1 2747 848 935 3604
5434 4 2 0 1 3661 3017 3660 3212
5435 4 2 0 1 549 96 3831 3811
5436 4 2 0 1 3831 549 1146 96
5437 4 2 0 1 853 3831 1147 549
5438 4 2 0 1 1343 3017 1345 1350
5439 4 2 0 1 1232 2535 3016 23
5440 4 2 0 1 876 435 2583 767
5441 4 2 0 1 3610 53 3644 579
5442 4 2 0 1 3059 2294 3149 2014
5443 4 2 0 1 3234 2212 1584 1580
5444 4 2 0 1 677 2599 2600 3550
5445 4 2 0 1 3789 2176 3620 2177
5446 4 2 0 1 808 559 2411 728
5447 4 2 0 1 3822 3534 1051 1069
5448 4 2 0 1 3770 1704 1702 1701
5449 4 2 0 1 816 3803 1036 519
5450 4 2 0 1 3789 2176 1689 3620
5451 4 2 0 1 3809 3803 816 3829
5452 4 2 0 1 3680 3301 3251 3318
5453 4 2 0 1 1391 1392 1390 3718
5454 4 2 0 1 2707 978 3778 606
5455 4 2 0 1 1312 3717 1313 3144
5456 4 2 0 1 3336 1794 1811 1895
5457 4 2 0 1 3366 3285 3475 3309
5458 4 2 0 1 3127 3358 3673 3674
5459 4 2 0 1 1725 1634 3168 1935
5460 4 2 0 1 1985 2176 3620 1689
5461 4 2 0 1 3678 1483 1484 1485
5462 4 2 0 1 3505 2701 3237 3506
5463 4 2 0 1 413 3813 3830 846
5464 4 2 0 1 1787 1962 3306 3353
5465 4 2 0 1 3460 2370 47 2175
5466 4 2 0 1 3459 2444 2865 3137
5467 4 2 0 1 3479 3480 3337 3716
5468 4 2 0 1 3813 413 3830 411
5469 4 2 0 1 2517 218 219 220
5470 4 2 0 1 2909 3619 3657 3659
5471 4 2 0 1 2972 3656 2775 3658
5472 4 2 0 1 2445 2457 2971 2456
5473 4 2 0 1 3671 2207 3741 2295
5474 4 2 0 1 2776 2774 3659 3657
5475 4 2 0 1 2907 2978 2774 3657
5476 4 2 0 1 2036 3806 3275 1833
5477 4 2 0 1 413 412 3830 411
5478 4 2 0 1 3830 413 414 412
5479 4 2 0 1 3830 414 413 846
5480 4 2 0 1 1260 3725 1262 2372
5481 4 2 0 1 3829 1061 1197 711
5482 4 2 0 1 3829 1197 1061 816
5483 4 2 0 1 1591 1623 3245 1621
5484 4 2 0 1 1061 3829 517 711
5485 4 2 0 1 3701 1299 1670 1669
5486 4 2 0 1 3644 3797 3789 2230
5487 4 2 0 1 2922 2512 2516 2514
5488 4 2 0 1 2433 3085 3074 3073
5489 4 2 0 1 1405 3665 3097 2020
5490 4 2 0 1 1689 3789 3797 1775
5491 4 2 0 1 1934 3642 2045 3188
5492 4 2 0 1 3298 3239 2454 2455
5493 4 2 0 1 2827 3628 2947 3505
5494 4 2 0 1 1688 1689 3797 1775
5495 4 2 0 1 3703 1993 1482 2343
5496 4 2 0 1 3311 2932 3051 1801
5497 4 2 0 1 3272 3253 3270 3254
5498 4 2 0 1 3798 509 516 574
5499 4 2 0 1 3070 3085 2433 3073
5500 4 2 0 1 1191 1145 180 2564
5501 4 2 0 1 2703 3121 3706 3234
5502 4 2 0 1 3810 2098 1385 3790
5503 4 2 0 1 3810 2098 3790 1871
5504 4 2 0 1 3632 1953 1954 3566
5505 4 2 0 1 3119 3720 3116 3155
5506 4 2 0 1 3617 2923 2999 2924
5507 4 2 0 1 3644 3789 2177 2230
5508 4 2 0 1 417 975 3807 3828
5509 4 2 0 1 3269 3253 3263 3270
5510 4 2 0 1 3253 3263 3741 3291
5511 4 2 0 1 975 709 3807 3828
5512 4 2 0 1 962 975 415 3828
5513 4 2 0 1 3318 3253 3270 3263
5514 4 2 0 1 1140 2561 719 1034
5515 4 2 0 1 3591 2694 2692 2708
5516 4 2 0 1 3057 1806 2250 1808
5517 4 2 0 1 436 3603 2499 2646
5518 4 2 0 1 975 417 415 3828
5519 4 2 0 1 962 709 975 3828
5520 4 2 0 1 3051 3033 2932 2933
5521 4 2 0 1 3271 3654 3064 3444
5522 4 2 0 1 3622 112 114 113
5523 4 2 0 1 94 86 2490 2931
5524 4 2 0 1 3449 2445 2971 2456
5525 4 2 0 1 3592 2700 2504 2471
5526 4 2 0 1 3029 3030 1415 3031
5527 4 2 0 1 2433 3085 3066 3067
5528 4 2 0 1 3124 3056 3052 3654
5529 4 2 0 1 3055 1276 1280 3358
5530 4 2 0 1 1300 3692 2017 2384
5531 4 2 0 1 3127 3358 3674 3125
5532 4 2 0 1 2356 2036 2321 3275
5533 4 2 0 1 2943 3567 2686 2682
5534 4 2 0 1 3175 3222 3724 3205
5535 4 2 0 1 2555 2557 2553 2524
5536 4 2 0 1 2725 3602 2846 3398
5537 4 2 0 1 812 2664 600 2675
5538 4 2 0 1 3459 2444 3137 3139
5539 4 2 0 1 3149 1633 2035 1625
5540 4 2 0 1 1233 3780 2120 58
5541 4 2 0 1 3574 2880 3509 1089
5542 4 2 0 1 3693 3195 3094 3239
5543 4 2 0 1 2411 2403 3396 3494
5544 4 2 0 1 215 2724 216 671
5545 4 2 0 1 2694 2687 2693 2700
5546 4 2 0 1 2866 3458 3140 3636
5547 4 2 0 1 3203 2275 3126 3676
5548 4 2 0 1 1363 3699 1370 2015
5549 4 2 0 1 2275 3203 3125 3676
5550 4 2 0 1 2868 3056 3127 3676
5551 4 2 0 1 326 3781 3816 966
5552 4 2 0 1 1987 2890 2649 3260
5553 4 2 0 1 2034 3682 3683 3071
5554 4 2 0 1 1761 3163 1757 3164
5555 4 2 0 1 3071 3685 3232 3682
5556 4 2 0 1 199 178 176 2410
5557 4 2 0 1 326 3781 966 323
5558 4 2 0 1 2034 3683 3682 3065
5559 4 2 0 1 3195 3094 3239 3194
5560 4 2 0 1 1849 3354 3199 1848
5561 4 2 0 1 3318 3253 3680 3270
5562 4 2 0 1 3209 3614 3193 3148
5563 4 2 0 1 3369 1222 1844 2287
5564 4 2 0 1 2750 2095 2312 3607
5565 4 2 0 1 3289 3090 2371 1654
5566 4 2 0 1 3816 966 3781 1123
5567 4 2 0 1 1450 3362 1436 2160
5568 4 2 0 1 3070 3686 3201 3688
5569 4 2 0 1 574 3786 1106 1147
5570 4 2 0 1 2356 3306 3275 3276
5571 4 2 0 1 2235 2034 3682 2108
5572 4 2 0 1 3234 3121 3706 3076
5573 4 2 0 1 1481 3186 3109 1397
5574 4 2 0 1 3071 2235 3682 3232
5575 4 2 0 1 3781 1123 966 352
5576 4 2 0 1 2121 2348 3204 3250
5577 4 2 0 1 3087 3209 3193 3210
5578 4 2 0 1 1620 3189 2186 1837
5579 4 2 0 1 3072 1877 2130 3688
5580 4 2 0 1 3629 2236 1543 1887
5581 4 2 0 1 2140 2869 3177 1256
5582 4 2 0 1 2980 2615 2510 2803
5583 4 2 0 1 3005 3631 2676 3465
5584 4 2 0 1 3065 3682 3688 3070
5585 4 2 0 1 2221 2695 3078 1672
5586 4 2 0 1 2957 1392 3718 2285
5587 4 2 0 1 2932 1803 3040 3035
5588 4 2 0 1 3072 1336 3688 2130
5589 4 2 0 1 2961 2423 3427 3757
5590 4 2 0 1 1299 3701 3694 1669
5591 4 2 0 1 3107 1956 3295 2229
5592 4 2 0 1 2143 3278 3161 1789
5593 4 2 0 1 3747 3749 3270 3748
5594 4 2 0 1 3688 3065 2108 3682
5595 4 2 0 1 3072 3065 1877 3688
5596 4 2 0 1 3091 3211 3341 3349
5597 4 2 0 1 3825 347 1158 1096
5598 4 2 0 1 3181 3208 3217 3278
5599 4 2 0 1 3825 1158 3773 1096
5600 4 2 0 1 3110 3694 3184 3084
5601 4 2 0 1 3353 3770 3306 1787
5602 4 2 0 1 3406 3472 3415 3416
5603 4 2 0 1 3115 3234 3117 3664
5604 4 2 0 1 3318 2867 3263 3064
5605 4 2 0 1 2867 3050 3169 3251
5606 4 2 0 1 736 3773 1174 880
5607 4 2 0 1 3276 3185 2173 3215
5608 4 2 0 1 80 2596 3571 2595
5609 4 2 0 1 2705 2988 2692 37
5610 4 2 0 1 3809 3798 1115 522
5611 4 2 0 1 3809 1115 3798 731
5612 4 2 0 1 1802 1798 1800 3589
5613 4 2 0 1 1619 3189 1635 2186
5614 4 2 0 1 3282 1950 3114 2084
5615 4 2 0 1 3111 3185 3109 3698
5616 4 2 0 1 1695 3353 3732 1699
5617 4 2 0 1 1545 2173 2160 3095
5618 4 2 0 1 1479 1655 1687 3171
5619 4 2 0 1 1543 2236 3629 3359
5620 4 2 0 1 3234 3121 3076 3117
5621 4 2 0 1 3111 3697 3114 3282
5622 4 2 0 1 2760 2334 2193 2078
5623 4 2 0 1 1024 731 1115 3809
5624 4 2 0 1 3743 3174 3229 3255
5625 4 2 0 1 2878 3638 3639 2591
5626 4 2 0 1 2142 3708 1426 3274
5627 4 2 0 1 3282 1950 2084 2268
5628 4 2 0 1 522 654 1115 3809
5629 4 2 0 1 431 3546 435 2583
5630 4 2 0 1 3142 3143 3717 3715
5631 4 2 0 1 2802 2803 2615 2619
5632 4 2 0 1 2533 2508 2685 2853
5633 4 2 0 1 1813 3363 2262 3137
5634 4 2 0 1 3012 3529 3528 2540
5635 4 2 0 1 3282 1950 2268 3697
5636 4 2 0 1 1669 3182 3701 3694
5637 4 2 0 1 3711 3717 3206 3233
5638 4 2 0 1 3313 1494 1500 1412
5639 4 2 0 1 3148 2759 3328 3316
5640 4 2 0 1 3124 3056 3444 2868
5641 4 2 0 1 3126 3302 1875 3711
5642 4 2 0 1 3233 3126 3711 3302
5643 4 2 0 1 3302 3126 1375 3124
5644 4 2 0 1 2954 2950 2974 2972
5645 4 2 0 1 2889 453 520 987
5646 4 2 0 1 79 892 3004 1073
5647 4 2 0 1 2482 977 583 440
5648 4 2 0 1 2531 2638 1100 231
5649 4 2 0 1 1985 1752 2153 3769
5650 4 2 0 1 1237 1865 3348 3620
5651 4 2 0 1 1495 1792 2951 3649
5652 4 2 0 1 1259 3346 3725 3177
5653 4 2 0 1 3717 1657 3162 3711
5654 4 2 0 1 3679 3128 1896 3062
5655 4 2 0 1 3810 3790 3017 2219
5656 4 2 0 1 3352 2047 1588 2329
5657 4 2 0 1 3242 3143 3715 3241
5658 4 2 0 1 2980 2310 2456 2775
5659 4 2 0 1 1311 1514 1309 3144
5660 4 2 0 1 1893 1894 3691 1724
5661 4 2 0 1 1314 3138 3717 1504
5662 4 2 0 1 3196 3131 3198 3352
5663 4 2 0 1 720 577 680 3531
5664 4 2 0 1 3745 3246 3157 3721
5665 4 2 0 1 3253 3032 3680 3254
5666 4 2 0 1 1256 3177 1259 3725
5667 4 2 0 1 1563 3720 3744 1568
5668 4 2 0 1 3746 3196 3198 3352
5669 4 2 0 1 3517 2637 3515 2636
5670 4 2 0 1 2912 3570 3470 3624
5671 4 2 0 1 3200 2750 1767 2072
5672 4 2 0 1 3203 3725 3175 3206
5673 4 2 0 1 2323 1223 3327 3638
5674 4 2 0 1 2732 546 2899 2992
5675 4 2 0 1 2871 8 3550 7
5676 4 2 0 1 3684 2128 3739 1348
5677 4 2 0 1 2721 1029 976 3491
5678 4 2 0 1 1155 3373 2397 2983
5679 4 2 0 1 3584 2670 2672 3583
5680 4 2 0 1 3473 2593 3477 2875
5681 4 2 0 1 2254 3704 2215 3324
5682 4 2 0 1 3680 3321 3128 3681
5683 4 2 0 1 972 3824 708 3807
5684 4 2 0 1 3133 1578 3714 3234
5685 4 2 0 1 3174 1978 3229 3171
5686 4 2 0 1 2085 3312 1837 1690
5687 4 2 0 1 2404 3581 2409 2717
5688 4 2 0 1 3138 1314 1315 1928
5689 4 2 0 1 3192 3312 3191 3189
5690 4 2 0 1 485 2631 2630 553
5691 4 2 0 1 3067 3280 2424 3653
5692 4 2 0 1 2451 3636 3473 3221
5693 4 2 0 1 1414 3030 3297 3665
5694 4 2 0 1 3192 3189 3191 3736
5695 4 2 0 1 2143 3278 2245 3161
5696 4 2 0 1 1838 3149 2035 1643
5697 4 2 0 1 3203 2059 1779 1964
5698 4 2 0 1 1795 2078 2188 3315
5699 4 2 0 1 1893 1303 2244 3712
5700 4 2 0 1 2025 3134 3165 3633
5701 4 2 0 1 1468 2037 1470 3158
5702 4 2 0 1 1061 3803 816 519
5703 4 2 0 1 3492 2777 3491 2476
5704 4 2 0 1 3196 1590 3191 2082
5705 4 2 0 1 3483 2531 2530 235
5706 4 2 0 1 1590 1989 3240 3191
5707 4 2 0 1 3508 2506 2504 2718
5708 4 2 0 1 1508 3362 3275 3276
5709 4 2 0 1 541 543 3823 3783
5710 4 2 0 1 3236 3190 3240 3230
5711 4 2 0 1 3131 3196 3198 3191
5712 4 2 0 1 1490 3796 3776 3362
5713 4 2 0 1 59 2577 93 2967
5714 4 2 0 1 1810 3723 3171 3231
5715 4 2 0 1 2961 3652 2822 2959
5716 4 2 0 1 1343 1344 3331 1342
5717 4 2 0 1 2305 2577 59 1841
5718 4 2 0 1 518 1057 3815 3803
5719 4 2 0 1 592 3622 1097 3623
5720 4 2 0 1 3278 2245 2213 2077
5721 4 2 0 1 3659 2391 1866 3348
5722 4 2 0 1 3295 3817 1445 1917
5723 4 2 0 1 2245 3272 2213 1755
5724 4 2 0 1 677 2599 3550 712
5725 4 2 0 1 3106 3817 3295 1917
5726 4 2 0 1 3005 3631 2946 3630
5727 4 2 0 1 3650 3661 3660 3018
5728 4 2 0 1 3361 3336 3368 3360
5729 4 2 0 1 3247 2179 2047 3352
5730 4 2 0 1 3167 1740 3274 3231
5731 4 2 0 1 3202 3724 3726 3346
5732 4 2 0 1 1017 606 2829 2707
5733 4 2 0 1 1574 3196 1572 2082
5734 4 2 0 1 3711 3233 3162 3717
5735 4 2 0 1 877 3795 3820 963
5736 4 2 0 1 2641 2784 3398 2504
5737 4 2 0 1 3650 3018 3660 3649
5738 4 2 0 1 2154 2275 3203 3125
5739 4 2 0 1 2165 1571 3191 1569
5740 4 2 0 1 3820 3795 877 2884
5741 4 2 0 1 2677 214 3586 216
5742 4 2 0 1 3247 3157 3721 3745
5743 4 2 0 1 12 2628 3327 2595
5744 4 2 0 1 2280 1796 2692 37
5745 4 2 0 1 1017 836 2906 1212
5746 4 2 0 1 1762 3738 1763 1767
5747 4 2 0 1 3820 3795 578 963
5748 4 2 0 1 2449 2594 3551 3549
5749 4 2 0 1 2751 2824 670 3597
5750 4 2 0 1 1495 3650 2357 3649
5751 4 2 0 1 3694 3693 3184 3692
5752 4 2 0 1 578 3795 3820 2884
5753 4 2 0 1 3107 1530 1528 1527
5754 4 2 0 1 578 3795 951 963
5755 4 2 0 1 2579 3511 2517 3510
5756 4 2 0 1 3236 3249 3300 3058
5757 4 2 0 1 1864 3350 2233 1234
5758 4 2 0 1 2949 1959 2233 1890
5759 4 2 0 1 3575 2408 2997 2473
5760 4 2 0 1 3055 3673 3063 3127
5761 4 2 0 1 2001 3818 2002 3324
5762 4 2 0 1 3726 3175 3724 3205
5763 4 2 0 1 951 3795 488 963
5764 4 2 0 1 2069 1623 1744 3245
5765 4 2 0 1 2415 384 833 1009
5766 4 2 0 1 2871 2293 2872 8
5767 4 2 0 1 2740 427 3578 425
5768 4 2 0 1 3503 2649 2651 2490
5769 4 2 0 1 3278 2245 3272 2213
5770 4 2 0 1 1320 1316 3136 1778
5771 4 2 0 1 1316 3349 1320 3136
5772 4 2 0 1 2743 421 3578 1214
5773 4 2 0 1 2004 2381 3321 1282
5774 4 2 0 1 1942 3792 3732 2013
5775 4 2 0 1 3209 3092 3091 3080
5776 4 2 0 1 1942 3792 2013 2354
5777 4 2 0 1 1347 3818 2097 3790
5778 4 2 0 1 3233 3143 3162 3717
5779 4 2 0 1 993 2415 3827 382
5780 4 2 0 1 3827 385 993 382
5781 4 2 0 1 993 385 3827 447
5782 4 2 0 1 1974 1824 3307 3640
5783 4 2 0 1 3353 2223 1697 1700
5784 4 2 0 1 3272 3253 3269 3270
5785 4 2 0 1 999 3788 1118 3826
5786 4 2 0 1 605 2532 2934 2914
5787 4 2 0 1 2873 3549 2872 2878
5788 4 2 0 1 3510 310 2517 220
5789 4 2 0 1 1149 3571 2596 2519
5790 4 2 0 1 2758 567 208 2904
5791 4 2 0 1 3471 3475 3366 2734
5792 4 2 0 1 2595 2791 3624 2789
5793 4 2 0 1 478 3826 999 1118
5794 4 2 0 1 2959 3751 3299 3750
5795 4 2 0 1 1552 3626 2012 1719
5796 4 2 0 1 1010 838 88 2940
5797 4 2 0 1 868 3826 478 1118
5798 4 2 0 1 2786 2471 2946 3762
5799 4 2 0 1 3788 713 1118 3826
5800 4 2 0 1 2996 2795 2959 2607
5801 4 2 0 1 276 2902 278 279
5802 4 2 0 1 3556 3599 2794 862
5803 4 2 0 1 169 2648 2905 172
5804 4 2 0 1 3206 3139 3137 2444
5805 4 2 0 1 3523 3585 3586 2858
5806 4 2 0 1 150 2571 3545 3562
5807 4 2 0 1 3370 3320 2799 3553
5808 4 2 0 1 732 812 213 3586
5809 4 2 0 1 2452 3242 2454 3337
5810 4 2 0 1 713 868 1118 3826
5811 4 2 0 1 3153 1685 1682 2382
5812 4 2 0 1 2812 3381 3379 3452
5813 4 2 0 1 2414 2555 2557 2769
5814 4 2 0 1 86 610 2931 95
5815 4 2 0 1 2557 2414 2769 3371
5816 4 2 0 1 1949 3161 1447 3295
5817 4 2 0 1 348 625 3766 353
5818 4 2 0 1 2452 3242 3337 3277
5819 4 2 0 1 2404 3572 3493 2859
5820 4 2 0 1 2025 3626 1719 3633
5821 4 2 0 1 1893 3195 2244 1770
5822 4 2 0 1 3234 1581 2703 3133
5823 4 2 0 1 2209 3168 1980 3174
5824 4 2 0 1 322 3781 3782 321
5825 4 2 0 1 3834 348 353 349
5826 4 2 0 1 3753 2813 2814 3383
5827 4 2 0 1 3746 2069 1591 1587
5828 4 2 0 1 1799 2205 3311 1906
5829 4 2 0 1 2518 2520 2514 2515
5830 4 2 0 1 2420 3408 2996 3750
5831 4 2 0 1 1445 3817 1443 1917
5832 4 2 0 1 1952 1816 3084 2349
5833 4 2 0 1 2861 3469 3409 3751
5834 4 2 0 1 3215 1707 1943 1944
5835 4 2 0 1 3611 1809 1765 2024
5836 4 2 0 1 779 1131 849 2510
5837 4 2 0 1 2675 812 791 679
5838 4 2 0 1 2739 2636 3514 3393
5839 4 2 0 1 3825 947 1096 736
5840 4 2 0 1 2102 1792 2285 2957
5841 4 2 0 1 3758 2939 3759 3419
5842 4 2 0 1 797 601 3764 602
5843 4 2 0 1 3045 3430 2964 2898
5844 4 2 0 1 3556 2754 2794 3599
5845 4 2 0 1 322 3781 323 327
5846 4 2 0 1 3333 1248 3368 2762
5847 4 2 0 1 2508 3621 3622 2639
5848 4 2 0 1 3738 2750 3611 1763
5849 4 2 0 1 2846 2833 3763 3585
5850 4 2 0 1 3763 3585 2676 3005
5851 4 2 0 1 2140 2869 1256 1254
5852 4 2 0 1 1022 694 773 2728
5853 4 2 0 1 2676 3468 3763 3465
5854 4 2 0 1 1198 463 2852 850
5855 4 2 0 1 3247 3157 3745 1677
5856 4 2 0 1 3330 2690 3120 2876
5857 4 2 0 1 3720 3119 3116 2629
5858 4 2 0 1 1695 3353 1699 1697
5859 4 2 0 1 2519 2518 3510 2832
5860 4 2 0 1 3640 1934 3188 3642
5861 4 2 0 1 3536 931 198 3535
5862 4 2 0 1 3489 1021 142 157
5863 4 2 0 1 584 3764 468 601
5864 4 2 0 1 2333 3272 2245 1755
5865 4 2 0 1 71 94 2490 70
5866 4 2 0 1 3340 1513 1229 1848
5867 4 2 0 1 797 3402 205 1001
5868 4 2 0 1 2762 3281 2869 3458
5869 4 2 0 1 3603 436 1107 2646
5870 4 2 0 1 2849 3613 2726 2858
5871 4 2 0 1 732 211 3586 213
5872 4 2 0 1 212 214 3586 213
5873 4 2 0 1 2683 2883 2860 2508
5874 4 2 0 1 1890 1235 2949 1793
5875 4 2 0 1 2704 2144 1906 2796
5876 4 2 0 1 555 2683 2883 2860
5877 4 2 0 1 2324 3364 2805 1550
5878 4 2 0 1 2215 3324 3792 2340
5879 4 2 0 1 3442 3287 3347 2867
5880 4 2 0 1 1549 3364 3369 1548
5881 4 2 0 1 683 2883 2683 1097
5882 4 2 0 1 3654 3130 3713 3124
5883 4 2 0 1 216 2677 218 2517
5884 4 2 0 1 1826 3171 1827 3231
5885 4 2 0 1 3324 3792 3704 2215
5886 4 2 0 1 2823 3051 2896 3307
5887 4 2 0 1 1666 2067 2145 3213
5888 4 2 0 1 793 354 1108 525
5889 4 2 0 1 1562 3134 3356 1575
5890 4 2 0 1 354 353 1108 525
5891 4 2 0 1 548 793 354 1108
5892 4 2 0 1 1108 3834 548 342
5893 4 2 0 1 3792 2216 2215 2340
5894 4 2 0 1 3272 3101 3160 3161
5895 4 2 0 1 3272 3269 3101 3278
5896 4 2 0 1 3272 3101 2966 3160
5897 4 2 0 1 2637 3394 3393 2636
5898 4 2 0 1 3538 2610 2571 2567
5899 4 2 0 1 1120 2857 267 2935
5900 4 2 0 1 3492 2467 3600 2466
5901 4 2 0 1 1120 2857 2935 809
5902 4 2 0 1 2561 196 194 201
5903 4 2 0 1 2463 1013 1143 729
5904 4 2 0 1 1083 3767 657 869
5905 4 2 0 1 2515 2518 2604 2514
5906 4 2 0 1 248 2969 1130 246
5907 4 2 0 1 248 611 1130 2969
5908 4 2 0 1 2733 944 464 238
5909 4 2 0 1 2733 2854 2574 2464
5910 4 2 0 1 2498 2899 3546 876
5911 4 2 0 1 438 3767 2863 2889
5912 4 2 0 1 1186 2801 849 99
5913 4 2 0 1 273 2792 2589 2674
5914 4 2 0 1 3195 3305 3241 3712
5915 4 2 0 1 3555 898 899 85
5916 4 2 0 1 2748 2711 3606 73
5917 4 2 0 1 3393 2739 3372 2788
5918 4 2 0 1 3011 3010 3007 3008
5919 4 2 0 1 10 2161 2917 11
5920 4 2 0 1 211 732 2665 591
5921 4 2 0 1 2787 2522 3515 3517
5922 4 2 0 1 3622 592 110 3623
5923 4 2 0 1 2779 2856 3009 2793
5924 4 2 0 1 2253 2290 2881 1686
5925 4 2 0 1 1127 2510 2980 98
5926 4 2 0 1 391 2901 1141 3540
5927 4 2 0 1 3645 2972 3656 2973
5928 4 2 0 1 3454 2512 2514 2516
5929 4 2 0 1 2801 879 2916 3604
5930 4 2 0 1 933 2860 2941 2683
5931 4 2 0 1 2860 2883 2880 2508
5932 4 2 0 1 391 1141 2901 1185
5933 4 2 0 1 3174 3077 2691 3168
5934 4 2 0 1 2667 208 2904 2758
5935 4 2 0 1 3131 2179 3744 3352
5936 4 2 0 1 3234 3121 3117 3664
5937 4 2 0 1 3391 3544 2612 2581
5938 4 2 0 1 716 3562 506 2612
5939 4 2 0 1 2484 1216 759 1030
5940 4 2 0 1 3395 2405 2406 3396
5941 4 2 0 1 2396 2478 2793 2540
5942 4 2 0 1 3003 3496 2673 306
5943 4 2 0 1 3375 2393 2756 2544
5944 4 2 0 1 3776 1489 1488 1490
5945 4 2 0 1 1931 2348 1932 3204
5946 4 2 0 1 582 798 648 2418
5947 4 2 0 1 3776 1488 1489 1442
5948 4 2 0 1 3704 1993 3703 3731
5949 4 2 0 1 2199 3077 3231 3174
5950 4 2 0 1 2982 725 888 1152
5951 4 2 0 1 181 177 179 2565
5952 4 2 0 1 962 412 410 3772
5953 4 2 0 1 2713 2969 3006 2608
5954 4 2 0 1 2691 3231 3077 3174
5955 4 2 0 1 3395 2588 2851 2587
5956 4 2 0 1 865 2530 2638 282
5957 4 2 0 1 1442 2283 1489 3776
5958 4 2 0 1 2691 3231 3174 3170
5959 4 2 0 1 2856 2771 2793 2779
5960 4 2 0 1 2549 143 1072 157
5961 4 2 0 1 2723 2721 704 1163
5962 4 2 0 1 2729 2547 2731 2398
5963 4 2 0 1 2498 2495 2585 2899
5964 4 2 0 1 240 2733 2713 2715
5965 4 2 0 1 3483 968 820 2715
5966 4 2 0 1 1094 2983 2393 937
5967 4 2 0 1 333 2713 304 1081
5968 4 2 0 1 2515 2519 1005 622
5969 4 2 0 1 2401 2587 2419 2851
5970 4 2 0 1 2740 427 425 426
5971 4 2 0 1 3776 1490 3362 1491
5972 4 2 0 1 2463 2578 3538 3543
5973 4 2 0 1 1199 2942 2944 72
5974 4 2 0 1 1018 3824 991 708
5975 4 2 0 1 2721 2723 462 1163
5976 4 2 0 1 3504 2825 3568 2622
5977 4 2 0 1 233 2531 235 282
5978 4 2 0 1 708 3824 991 707
5979 4 2 0 1 2723 704 1056 1163
5980 4 2 0 1 860 2723 1056 1163
5981 4 2 0 1 1866 3659 3348 3619
5982 4 2 0 1 3766 1108 3834 353
5983 4 2 0 1 3778 42 2704 2707
5984 4 2 0 1 2560 2416 3402 1000
5985 4 2 0 1 2489 973 476 718
5986 4 2 0 1 3635 3316 3361 3256
5987 4 2 0 1 1732 1245 2078 3370
5988 4 2 0 1 3763 2676 3585 2833
5989 4 2 0 1 2805 3626 1550 3364
5990 4 2 0 1 2533 3524 3522 2666
5991 4 2 0 1 209 208 2667 2758
5992 4 2 0 1 757 1149 1049 2519
5993 4 2 0 1 3109 3243 3178 3731
5994 4 2 0 1 256 255 257 3006
5995 4 2 0 1 850 755 2852 1148
5996 4 2 0 1 721 680 1170 3531
5997 4 2 0 1 1014 2412 983 739
5998 4 2 0 1 422 576 3824 3807
5999 4 2 0 1 3533 743 532 2576
6000 4 2 0 1 420 3807 3824 972
6001 4 2 0 1 3603 2730 773 2732
6002 4 2 0 1 2798 3551 3412 2855
6003 4 2 0 1 2570 2770 2904 2678
6004 4 2 0 1 820 1164 2715 968
6005 4 2 0 1 2525 2526 3518 2656
6006 4 2 0 1 907 526 527 354
6007 4 2 0 1 995 1158 3773 3825
6008 4 2 0 1 2676 2677 2630 2675
6009 4 2 0 1 1066 2463 2459 1143
6010 4 2 0 1 995 742 3773 1158
6011 4 2 0 1 2941 1010 1128 2940
6012 4 2 0 1 850 695 1148 2852
6013 4 2 0 1 2640 2570 3613 2678
6014 4 2 0 1 3814 391 2983 2901
6015 4 2 0 1 1905 2457 48 2456
6016 4 2 0 1 3656 3611 3643 2907
6017 4 2 0 1 3153 1686 2881 1683
6018 4 2 0 1 49 50 2310 2456
6019 4 2 0 1 685 609 3800 1192
6020 4 2 0 1 3025 2502 3309 3118
6021 4 2 0 1 707 3824 576 708
6022 4 2 0 1 2546 3525 2935 3529
6023 4 2 0 1 2901 2983 3814 389
6024 4 2 0 1 2909 3650 2910 1878
6025 4 2 0 1 2740 2644 3578 427
6026 4 2 0 1 636 3774 637 1040
6027 4 2 0 1 2542 2779 3495 2478
6028 4 2 0 1 2654 2657 2397 3375
6029 4 2 0 1 597 2550 598 2563
6030 4 2 0 1 3783 3794 545 3823
6031 4 2 0 1 545 3794 544 3823
6032 4 2 0 1 543 545 3823 3783
6033 4 2 0 1 3390 189 184 186
6034 4 2 0 1 3473 3221 3474 2875
6035 4 2 0 1 3124 3654 3052 3713
6036 4 2 0 1 545 544 543 3823
6037 4 2 0 1 3783 3794 3823 540
6038 4 2 0 1 3346 1259 1260 1261
6039 4 2 0 1 2914 106 1207 3016
6040 4 2 0 1 854 1101 1207 3016
6041 4 2 0 1 2265 2286 1727 3230
6042 4 2 0 1 3679 1729 3061 1822
6043 4 2 0 1 2529 236 968 239
6044 4 2 0 1 2344 3611 2024 2050
6045 4 2 0 1 1101 2914 1207 3016
6046 4 2 0 1 777 3015 262 3529
6047 4 2 0 1 908 2645 2816 2879
6048 4 2 0 1 2911 2972 3658 2977
6049 4 2 0 1 1501 1494 3313 3105
6050 4 2 0 1 3778 102 978 3808
6051 4 2 0 1 3371 3530 2396 2831
6052 4 2 0 1 2715 2529 968 239
6053 4 2 0 1 2888 3582 2967 2577
6054 4 2 0 1 471 870 2992 1122
6055 4 2 0 1 2604 3454 2514 2855
6056 4 2 0 1 3778 102 3808 105
6057 4 2 0 1 785 2600 621 2519
6058 4 2 0 1 2715 1164 241 239
6059 4 2 0 1 2983 2415 2982 2397
6060 4 2 0 1 781 2751 2903 1218
6061 4 2 0 1 1185 3814 386 388
6062 4 2 0 1 105 102 3808 40
6063 4 2 0 1 2974 2954 2972 2971
6064 4 2 0 1 2803 3610 2980 3643
6065 4 2 0 1 3199 1849 1229 3200
6066 4 2 0 1 3611 1764 2907 3738
6067 4 2 0 1 1375 3124 3126 2131
6068 4 2 0 1 3232 1338 3688 3201
6069 4 2 0 1 1963 2095 64 3607
6070 4 2 0 1 628 3562 737 150
6071 4 2 0 1 873 2665 591 851
6072 4 2 0 1 2415 993 796 833
6073 4 2 0 1 3607 1963 2072 1229
6074 4 2 0 1 2904 958 895 567
6075 4 2 0 1 2849 2679 3575 2784
6076 4 2 0 1 3607 2246 3340 65
6077 4 2 0 1 783 3534 1069 626
6078 4 2 0 1 276 2589 275 278
6079 4 2 0 1 512 3787 924 3802
6080 4 2 0 1 2625 2684 2945 2626
6081 4 2 0 1 2597 3320 3552 2799
6082 4 2 0 1 2526 3376 2756 2653
6083 4 2 0 1 310 2631 2517 840
6084 4 2 0 1 2522 280 2787 2520
6085 4 2 0 1 2982 3375 2397 3400
6086 4 2 0 1 3218 3266 3326 2145
6087 4 2 0 1 2595 11 3327 12
6088 4 2 0 1 3200 3607 2072 1229
6089 4 2 0 1 512 924 3787 882
6090 4 2 0 1 2487 2486 3503 70
6091 4 2 0 1 3607 1229 3199 3340
6092 4 2 0 1 2877 1873 1713 1749
6093 4 2 0 1 3246 3719 3721 3330
6094 4 2 0 1 1443 3817 1445 1444
6095 4 2 0 1 3048 3219 2428 3432
6096 4 2 0 1 535 3812 3799 538
6097 4 2 0 1 3521 2479 2652 2530
6098 4 2 0 1 793 907 548 354
6099 4 2 0 1 431 435 767 2583
6100 4 2 0 1 1249 1250 1251 3368
6101 4 2 0 1 2652 504 820 3483
6102 4 2 0 1 419 512 3802 3787
6103 4 2 0 1 1308 1310 3144 1521
6104 4 2 0 1 3360 1249 1251 3368
6105 4 2 0 1 534 3812 3799 535
6106 4 2 0 1 3521 2464 2717 2478
6107 4 2 0 1 3525 2857 1048 580
6108 4 2 0 1 3336 3360 1251 3368
6109 4 2 0 1 2919 2818 2819 2773
6110 4 2 0 1 744 317 877 2811
6111 4 2 0 1 3467 2841 3760 3761
6112 4 2 0 1 2562 2400 2781 3386
6113 4 2 0 1 3489 144 3490 2549
6114 4 2 0 1 1665 2759 3328 3303
6115 4 2 0 1 1326 3210 1324 1328
6116 4 2 0 1 2357 3650 3660 3649
6117 4 2 0 1 2280 36 2693 1221
6118 4 2 0 1 524 3832 343 1195
6119 4 2 0 1 632 556 755 2880
6120 4 2 0 1 524 3832 1195 1051
6121 4 2 0 1 3545 3544 3538 2581
6122 4 2 0 1 169 2648 172 171
6123 4 2 0 1 2807 3625 3365 2805
6124 4 2 0 1 3231 2181 3723 1507
6125 4 2 0 1 2991 2546 2714 2574
6126 4 2 0 1 523 343 524 3822
6127 4 2 0 1 2991 3495 3014 2475
6128 4 2 0 1 298 296 2895 297
6129 4 2 0 1 3529 1183 262 777
6130 4 2 0 1 240 243 2608 944
6131 4 2 0 1 3799 3812 540 538
6132 4 2 0 1 3358 3125 1273 3674
6133 4 2 0 1 1272 3358 1273 3674
6134 4 2 0 1 3124 3052 1284 3713
6135 4 2 0 1 2870 3456 3258 2597
6136 4 2 0 1 2154 3203 3726 3125
6137 4 2 0 1 1286 1282 3052 1284
6138 4 2 0 1 1282 3675 3052 1284
6139 4 2 0 1 3194 1293 1295 1294
6140 4 2 0 1 1498 1293 1295 3194
6141 4 2 0 1 3393 3372 2739 2993
6142 4 2 0 1 3140 3281 3458 2869
6143 4 2 0 1 3259 3141 3436 3438
6144 4 2 0 1 3179 1296 1294 1295
6145 4 2 0 1 3821 1492 3805 1940
6146 4 2 0 1 11 2161 2917 3327
6147 4 2 0 1 3805 1492 3821 1446
6148 4 2 0 1 2869 2444 3244 3368
6149 4 2 0 1 1938 1340 2211 3232
6150 4 2 0 1 2202 3821 3295 1940
6151 4 2 0 1 3821 2180 1446 1492
6152 4 2 0 1 3059 3743 3236 3230
6153 4 2 0 1 3821 2180 1448 1446
6154 4 2 0 1 3465 2841 3411 3761
6155 4 2 0 1 2745 2399 2659 3384
6156 4 2 0 1 3232 1338 3201 1340
6157 4 2 0 1 2693 36 2280 2988
6158 4 2 0 1 3611 2907 1764 3335
6159 4 2 0 1 2660 2916 3604 2755
6160 4 2 0 1 420 3807 972 417
6161 4 2 0 1 2370 1791 2949 1793
6162 4 2 0 1 3331 1341 1343 1342
6163 4 2 0 1 2202 3821 1940 1492
6164 4 2 0 1 3684 2128 3331 3739
6165 4 2 0 1 3194 3094 3239 3179
6166 4 2 0 1 1847 2890 1224 2485
6167 4 2 0 1 2946 3005 3762 3763
6168 4 2 0 1 3179 3194 2006 3217
6169 4 2 0 1 3179 3194 3217 3239
6170 4 2 0 1 2553 2474 3532 2551
6171 4 2 0 1 534 3812 535 530
6172 4 2 0 1 799 948 2612 558
6173 4 2 0 1 1150 2970 264 1060
6174 4 2 0 1 540 3812 646 538
6175 4 2 0 1 2531 2731 2529 2818
6176 4 2 0 1 2843 2845 2709 2894
6177 4 2 0 1 3611 2750 2749 2050
6178 4 2 0 1 1538 3683 3069 3310
6179 4 2 0 1 3553 3616 3617 2764
6180 4 2 0 1 2930 3579 3503 2891
6181 4 2 0 1 864 2693 2506 2988
6182 4 2 0 1 1622 3053 2111 1621
6183 4 2 0 1 3774 1040 1103 3401
6184 4 2 0 1 3777 3801 784 370
6185 4 2 0 1 761 2860 3509 2942
6186 4 2 0 1 3666 3695 3099 3665
6187 4 2 0 1 3749 3052 3270 3748
6188 4 2 0 1 3640 3307 2823 2896
6189 4 2 0 1 1820 3079 1857 1819
6190 4 2 0 1 2181 3723 1507 1497
6191 4 2 0 1 3266 2759 3614 3615
6192 4 2 0 1 3684 1349 3019 3225
6193 4 2 0 1 3156 2290 1876 2881
6194 4 2 0 1 3692 3184 3082 3693
6195 4 2 0 1 361 593 2990 333
6196 4 2 0 1 3204 1920 2361 2273
6197 4 2 0 1 3534 595 325 292
6198 4 2 0 1 2519 2518 2832 2604
6199 4 2 0 1 2341 2052 3061 1822
6200 4 2 0 1 1759 1761 3164 2005
6201 4 2 0 1 2915 749 3539 3541
6202 4 2 0 1 3579 2442 2491 2650
6203 4 2 0 1 1563 1564 3355 1561
6204 4 2 0 1 2119 2122 3349 3341
6205 4 2 0 1 3326 1546 3339 2651
6206 4 2 0 1 2604 2518 2855 2514
6207 4 2 0 1 34 2687 2182 1421
6208 4 2 0 1 1585 1593 3706 2138
6209 4 2 0 1 3768 3017 3810 1384
6210 4 2 0 1 3574 3508 852 3509
6211 4 2 0 1 367 3801 3777 370
6212 4 2 0 1 1191 1145 2410 634
6213 4 2 0 1 1799 1798 1797 2706
6214 4 2 0 1 282 504 642 2530
6215 4 2 0 1 3765 1203 3820 1088
6216 4 2 0 1 2483 2857 562 2547
6217 4 2 0 1 3014 2475 266 2991
6218 4 2 0 1 3765 1203 734 3820
6219 4 2 0 1 3645 2907 3164 2973
6220 4 2 0 1 3820 578 1203 963
6221 4 2 0 1 3820 578 1088 1203
6222 4 2 0 1 1773 2261 2774 1818
6223 4 2 0 1 2615 3597 2802 2712
6224 4 2 0 1 1971 1970 2336 3672
6225 4 2 0 1 1203 963 734 3820
6226 4 2 0 1 3105 2062 2295 3741
6227 4 2 0 1 2526 2756 3376 2655
6228 4 2 0 1 3124 3056 3654 3444
6229 4 2 0 1 3362 1508 1510 3276
6230 4 2 0 1 3323 3099 3187 3288
6231 4 2 0 1 1362 3705 1363 3178
6232 4 2 0 1 3094 1498 3093 2208
6233 4 2 0 1 3650 2948 3649 2951
6234 4 2 0 1 3357 3673 3358 3674
6235 4 2 0 1 1673 1516 3254 2066
6236 4 2 0 1 2593 3478 3176 3727
6237 4 2 0 1 3704 1362 3178 3705
6238 4 2 0 1 2660 2653 3384 3541
6239 4 2 0 1 1362 3705 1359 1361
6240 4 2 0 1 3202 2361 3204 3346
6241 4 2 0 1 1362 3705 1361 1363
6242 4 2 0 1 1949 1447 3161 1451
6243 4 2 0 1 1722 3691 1724 2101
6244 4 2 0 1 1892 2337 3182 1669
6245 4 2 0 1 1237 3789 3620 3644
6246 4 2 0 1 3697 3178 1363 3705
6247 4 2 0 1 3100 3696 3313 3314
6248 4 2 0 1 1415 3671 3034 3031
6249 4 2 0 1 1871 1377 3810 1379
6250 4 2 0 1 3605 1015 2847 3558
6251 4 2 0 1 3247 2179 1675 2047
6252 4 2 0 1 2967 3811 3831 96
6253 4 2 0 1 2807 3632 3135 2827
6254 4 2 0 1 561 1065 3775 1060
6255 4 2 0 1 3086 2426 2452 2962
6256 4 2 0 1 3551 3550 2596 2600
6257 4 2 0 1 3785 1065 912 913
6258 4 2 0 1 3247 2179 3744 1675
6259 4 2 0 1 2890 3498 3260 2485
6260 4 2 0 1 2136 1666 1969 3303
6261 4 2 0 1 2511 2645 2741 2844
6262 4 2 0 1 2651 3617 1948 3553
6263 4 2 0 1 3083 3451 3085 3689
6264 4 2 0 1 1866 3659 2197 1867
6265 4 2 0 1 2975 3340 65 2976
6266 4 2 0 1 2289 3359 44 1845
6267 4 2 0 1 2897 3296 2959 2933
6268 4 2 0 1 2975 3340 2976 2616
6269 4 2 0 1 3229 1469 2021 1471
6270 4 2 0 1 1385 1384 3810 3017
6271 4 2 0 1 3619 1750 2112 1751
6272 4 2 0 1 3702 3019 3703 3324
6273 4 2 0 1 3553 3616 2761 3617
6274 4 2 0 1 1556 3356 1558 1557
6275 4 2 0 1 3153 1684 3250 1680
6276 4 2 0 1 1725 3168 2065 1936
6277 4 2 0 1 3283 1569 3191 1571
6278 4 2 0 1 3051 3670 2896 3343
6279 4 2 0 1 3342 2271 1899 1639
6280 4 2 0 1 1675 1677 1676 3744
6281 4 2 0 1 3709 1641 3708 3329
6282 4 2 0 1 1036 3815 3803 3819
6283 4 2 0 1 3460 956 3461 2886
6284 4 2 0 1 3505 3235 3135 3237
6285 4 2 0 1 3460 956 2886 47
6286 4 2 0 1 3121 3329 3709 3708
6287 4 2 0 1 3518 472 475 374
6288 4 2 0 1 3136 2276 1514 2262
6289 4 2 0 1 3353 2146 1787 1962
6290 4 2 0 1 2954 2972 2949 2950
6291 4 2 0 1 3460 956 47 77
6292 4 2 0 1 3714 3134 3132 3355
6293 4 2 0 1 1623 1637 1638 3245
6294 4 2 0 1 3057 1633 1807 3149
6295 4 2 0 1 879 101 935 2437
6296 4 2 0 1 2702 2893 2686 2688
6297 4 2 0 1 2860 2681 2685 2942
6298 4 2 0 1 3768 3810 3017 1377
6299 4 2 0 1 3105 1494 1411 2170
6300 4 2 0 1 3461 3460 2437 77
6301 4 2 0 1 1494 3100 1411 1412
6302 4 2 0 1 3332 2841 2501 2699
6303 4 2 0 1 2939 3449 2887 2438
6304 4 2 0 1 3721 3198 3330 3265
6305 4 2 0 1 3460 936 2437 77
6306 4 2 0 1 337 3822 340 814
6307 4 2 0 1 31 1238 30 2943
6308 4 2 0 1 1523 2139 3252 2061
6309 4 2 0 1 3819 661 589 660
6310 4 2 0 1 2443 2601 2928 2761
6311 4 2 0 1 589 661 3819 3833
6312 4 2 0 1 1369 3451 1330 1328
6313 4 2 0 1 1759 1761 1757 3164
6314 4 2 0 1 1296 3179 1301 1297
6315 4 2 0 1 3297 2020 1414 3665
6316 4 2 0 1 3363 3203 1306 1308
6317 4 2 0 1 3017 1377 2219 1345
6318 4 2 0 1 2761 3617 2651 3553
6319 4 2 0 1 3819 881 3833 661
6320 4 2 0 1 1871 1377 2219 3810
6321 4 2 0 1 1232 1953 1955 2623
6322 4 2 0 1 2197 3659 1866 3619
6323 4 2 0 1 1638 1637 3672 3245
6324 4 2 0 1 3677 3301 3059 3057
6325 4 2 0 1 3100 1409 1411 1412
6326 4 2 0 1 3818 3790 2322 2097
6327 4 2 0 1 1113 88 2943 30
6328 4 2 0 1 1869 3213 2029 3163
6329 4 2 0 1 3818 3790 1782 2322
6330 4 2 0 1 1574 1589 3196 1590
6331 4 2 0 1 88 29 2943 30
6332 4 2 0 1 1563 1568 3744 1565
6333 4 2 0 1 1776 3079 1373 1723
6334 4 2 0 1 1710 3353 2375 1787
6335 4 2 0 1 2337 1297 1301 3179
6336 4 2 0 1 3647 2442 2926 2927
6337 4 2 0 1 1242 2800 2597 1539
6338 4 2 0 1 3734 1392 1393 3718
6339 4 2 0 1 99 849 2510 2801
6340 4 2 0 1 3818 2322 2163 1999
6341 4 2 0 1 101 2801 879 99
6342 4 2 0 1 3312 2304 2086 1656
6343 4 2 0 1 2980 101 2801 2437
6344 4 2 0 1 2837 3406 3410 3751
6345 4 2 0 1 2957 1392 2285 1486
6346 4 2 0 1 3734 1392 1486 1394
6347 4 2 0 1 2322 3818 2163 1782
6348 4 2 0 1 1903 3632 3566 3633
6349 4 2 0 1 2685 2684 2626 2945
6350 4 2 0 1 3316 2865 3147 3635
6351 4 2 0 1 878 1186 99 2916
6352 4 2 0 1 3367 3625 3627 3004
6353 4 2 0 1 2322 3818 2097 1999
6354 4 2 0 1 1466 3171 2383 1465
6355 4 2 0 1 1007 802 2787 701
6356 4 2 0 1 3712 3691 3241 3195
6357 4 2 0 1 1413 3104 1416 1415
6358 4 2 0 1 3443 3667 3287 3049
6359 4 2 0 1 2197 3659 2909 1867
6360 4 2 0 1 1622 3058 3197 1624
6361 4 2 0 1 3673 1280 1914 3358
6362 4 2 0 1 3300 3677 3236 3058
6363 4 2 0 1 3548 2453 3473 3287
6364 4 2 0 1 2377 3696 1851 2202
6365 4 2 0 1 3133 3235 2703 3115
6366 4 2 0 1 126 2678 2770 2476
6367 4 2 0 1 3128 2374 2266 1896
6368 4 2 0 1 1029 594 976 3491
6369 4 2 0 1 3322 1406 1404 1405
6370 4 2 0 1 115 116 117 2680
6371 4 2 0 1 1798 1799 1800 2706
6372 4 2 0 1 2777 2469 2639 3574
6373 4 2 0 1 2143 1949 1789 3161
6374 4 2 0 1 2629 3119 3116 3569
6375 4 2 0 1 3745 3204 3245 1932
6376 4 2 0 1 3641 3047 3297 3669
6377 4 2 0 1 2855 3454 2514 2810
6378 4 2 0 1 3106 1917 3796 3817
6379 4 2 0 1 2102 2952 2301 2953
6380 4 2 0 1 104 1017 1080 2707
6381 4 2 0 1 2570 2997 2569 2640
6382 4 2 0 1 1963 3607 2072 2312
6383 4 2 0 1 3106 3796 1917 2107
6384 4 2 0 1 112 826 3622 114
6385 4 2 0 1 733 3785 2484 3824
6386 4 2 0 1 1418 3050 1420 3034
6387 4 2 0 1 3667 3039 3049 3440
6388 4 2 0 1 1466 2383 3171 2114
6389 4 2 0 1 2121 3730 2123 3250
6390 4 2 0 1 3796 1443 3817 1917
6391 4 2 0 1 3077 1626 3231 3274
6392 4 2 0 1 1567 3283 1630 1571
6393 4 2 0 1 3020 3021 3041 2019
6394 4 2 0 1 1406 3097 1405 3322
6395 4 2 0 1 1725 1618 2103 3168
6396 4 2 0 1 2702 1907 3596 3595
6397 4 2 0 1 2091 3590 1927 2221
6398 4 2 0 1 3104 3671 3105 1416
6399 4 2 0 1 3346 3202 1266 3726
6400 4 2 0 1 1210 3535 205 965
6401 4 2 0 1 3125 1275 3055 3358
6402 4 2 0 1 3133 3714 1578 1576
6403 4 2 0 1 3154 3476 3155 3719
6404 4 2 0 1 1590 1990 3191 2082
6405 4 2 0 1 293 3788 3765 916
6406 4 2 0 1 3590 2091 2129 1221
6407 4 2 0 1 1068 735 2778 688
6408 4 2 0 1 3472 3435 2766 3415
6409 4 2 0 1 2170 3105 2127 1416
6410 4 2 0 1 3402 205 1210 3535
6411 4 2 0 1 2770 130 127 129
6412 4 2 0 1 3788 916 714 3765
6413 4 2 0 1 1435 1519 3106 2284
6414 4 2 0 1 3105 3671 2127 1416
6415 4 2 0 1 3768 3619 1884 3791
6416 4 2 0 1 2146 3353 2375 2022
6417 4 2 0 1 1415 3671 3031 3104
6418 4 2 0 1 1354 1356 3225 1353
6419 4 2 0 1 293 3788 916 999
6420 4 2 0 1 3421 2939 3757 2445
6421 4 2 0 1 3597 2802 2712 2824
6422 4 2 0 1 2143 3278 1789 2077
6423 4 2 0 1 2678 116 2680 119
6424 4 2 0 1 3107 3587 3207 3106
6425 4 2 0 1 3765 714 734 916
6426 4 2 0 1 3256 3635 3257 3258
6427 4 2 0 1 178 1191 2410 634
6428 4 2 0 1 2569 3601 2571 2820
6429 4 2 0 1 2559 3402 2560 3537
6430 4 2 0 1 2176 3789 1775 2177
6431 4 2 0 1 915 900 721 3531
6432 4 2 0 1 3450 2575 2431 2850
6433 4 2 0 1 1560 3356 3355 2210
6434 4 2 0 1 2519 2515 620 622
6435 4 2 0 1 1173 205 3535 965
6436 4 2 0 1 3780 1688 3797 2120
6437 4 2 0 1 3484 2472 803 1137
6438 4 2 0 1 2512 618 681 481
6439 4 2 0 1 3362 1439 1438 1437
6440 4 2 0 1 280 1007 802 2787
6441 4 2 0 1 1020 205 3535 1173
6442 4 2 0 1 2698 3022 3752 3662
6443 4 2 0 1 2472 3484 2469 1137
6444 4 2 0 1 138 3484 149 2469
6445 4 2 0 1 1233 3797 2120 3780
6446 4 2 0 1 2431 2585 2918 2727
6447 4 2 0 1 2906 362 363 165
6448 4 2 0 1 3644 3780 3797 1233
6449 4 2 0 1 1439 3362 1438 1440
6450 4 2 0 1 457 362 363 2906
6451 4 2 0 1 1014 983 2412 581
6452 4 2 0 1 648 758 2564 3390
6453 4 2 0 1 2410 3395 2564 2406
6454 4 2 0 1 3301 3743 3173 3236
6455 4 2 0 1 3619 1487 3293 1884
6456 4 2 0 1 487 3782 336 3404
6457 4 2 0 1 1002 628 844 3562
6458 4 2 0 1 2632 199 1193 844
6459 4 2 0 1 902 2512 681 2922
6460 4 2 0 1 3491 137 123 2469
6461 4 2 0 1 191 2562 2561 193
6462 4 2 0 1 3780 1688 2120 57
6463 4 2 0 1 3301 3300 3347 3060
6464 4 2 0 1 3036 3048 3440 3667
6465 4 2 0 1 602 3816 584 3764
6466 4 2 0 1 468 3816 3764 584
6467 4 2 0 1 2566 185 190 187
6468 4 2 0 1 2718 2985 2840 2719
6469 4 2 0 1 3511 3481 3512 2518
6470 4 2 0 1 1737 3126 3676 2131
6471 4 2 0 1 602 3816 3764 458
6472 4 2 0 1 2753 3754 3452 3382
6473 4 2 0 1 3369 3364 3365 3627
6474 4 2 0 1 3559 45 2886 3558
6475 4 2 0 1 3330 3122 2690 3476
6476 4 2 0 1 3536 3534 3535 198
6477 4 2 0 1 3122 3117 3027 3118
6478 4 2 0 1 3536 931 3535 197
6479 4 2 0 1 584 3816 966 326
6480 4 2 0 1 3563 2712 2802 2711
6481 4 2 0 1 3307 3051 3343 1801
6482 4 2 0 1 429 2584 431 428
6483 4 2 0 1 2435 3066 3279 3431
6484 4 2 0 1 3523 3585 2858 2468
6485 4 2 0 1 2699 2786 3648 2700
6486 4 2 0 1 1885 3107 3106 3114
6487 4 2 0 1 2533 2685 2626 2666
6488 4 2 0 1 2644 804 429 2646
6489 4 2 0 1 584 966 3816 1123
6490 4 2 0 1 1147 574 3786 853
6491 4 2 0 1 1717 3153 2881 1683
6492 4 2 0 1 1714 3250 2123 1712
6493 4 2 0 1 2595 2917 2981 2872
6494 4 2 0 1 2801 879 3604 2437
6495 4 2 0 1 926 1146 3786 853
6496 4 2 0 1 1116 3786 574 853
6497 4 2 0 1 3267 3615 3614 3268
6498 4 2 0 1 3340 3354 3199 2485
6499 4 2 0 1 219 221 2579 220
6500 4 2 0 1 2517 219 2579 220
6501 4 2 0 1 2911 3650 3201 2910
6502 4 2 0 1 3768 3619 3791 1750
6503 4 2 0 1 221 222 2579 220
6504 4 2 0 1 1991 3292 1361 1357
6505 4 2 0 1 1036 3815 661 1057
6506 4 2 0 1 2614 2710 2709 2712
6507 4 2 0 1 3815 882 1175 945
6508 4 2 0 1 1739 3742 1988 2061
6509 4 2 0 1 2799 2761 2760 3553
6510 4 2 0 1 1948 3617 3 3553
6511 4 2 0 1 3815 882 1057 1175
6512 4 2 0 1 3266 3267 3614 2434
6513 4 2 0 1 785 2600 2519 2596
6514 4 2 0 1 3186 1393 3703 3718
6515 4 2 0 1 2855 2518 2604 2832
6516 4 2 0 1 3784 585 992 890
6517 4 2 0 1 3617 2 2999 2923
6518 4 2 0 1 3284 3639 2591 2878
6519 4 2 0 1 2359 2019 3020 3041
6520 4 2 0 1 1721 2194 1231 2872
6521 4 2 0 1 6 2599 2597 3320
6522 4 2 0 1 2392 3694 1299 3084
6523 4 2 0 1 3081 3086 3277 2452
6524 4 2 0 1 233 2531 1100 231
6525 4 2 0 1 2870 2598 2871 3549
6526 4 2 0 1 2117 3200 3218 3164
6527 4 2 0 1 3664 3117 3115 3118
6528 4 2 0 1 2069 3746 2159 1588
6529 4 2 0 1 3043 1493 3167 3723
6530 4 2 0 1 3165 1557 3356 1556
6531 4 2 0 1 3266 3615 3614 3267
6532 4 2 0 1 2638 282 1100 865
6533 4 2 0 1 1829 3149 1830 1643
6534 4 2 0 1 3804 947 1213 914
6535 4 2 0 1 3395 2588 2564 2406
6536 4 2 0 1 3304 3213 3614 2434
6537 4 2 0 1 2973 3449 2887 2971
6538 4 2 0 1 417 975 422 3807
6539 4 2 0 1 972 3828 417 3807
6540 4 2 0 1 972 3828 3807 709
6541 4 2 0 1 389 3835 811 2983
6542 4 2 0 1 386 3835 387 3814
6543 4 2 0 1 2479 1046 792 2530
6544 4 2 0 1 240 243 242 2608
6545 4 2 0 1 2483 2879 2539 2864
6546 4 2 0 1 244 2713 242 2608
6547 4 2 0 1 2713 240 242 2608
6548 4 2 0 1 3027 3043 3042 3663
6549 4 2 0 1 2909 3659 2197 3619
6550 4 2 0 1 244 243 2608 242
6551 4 2 0 1 368 369 367 3777
6552 4 2 0 1 2472 155 156 152
6553 4 2 0 1 3736 3123 2876 3192
6554 4 2 0 1 3213 3266 3614 2434
6555 4 2 0 1 3489 141 142 140
6556 4 2 0 1 3213 3266 3303 3614
6557 4 2 0 1 3266 2759 3303 3614
6558 4 2 0 1 2671 2783 3583 2669
6559 4 2 0 1 387 3814 389 388
6560 4 2 0 1 1178 703 136 3491
6561 4 2 0 1 3586 3613 2904 2758
6562 4 2 0 1 1022 3603 1107 2728
6563 4 2 0 1 350 1182 2811 744
6564 4 2 0 1 1053 2475 1091 699
6565 4 2 0 1 2117 1761 3164 1869
6566 4 2 0 1 69 2649 2486 70
6567 4 2 0 1 1978 2114 2021 3229
6568 4 2 0 1 3610 1102 3609 779
6569 4 2 0 1 419 3813 432 3802
6570 4 2 0 1 229 227 228 3517
6571 4 2 0 1 419 3813 3802 411
6572 4 2 0 1 2733 2728 944 2643
6573 4 2 0 1 2667 207 2534 356
6574 4 2 0 1 2506 979 3508 2503
6575 4 2 0 1 692 2484 2643 2728
6576 4 2 0 1 3261 2841 3332 2699
6577 4 2 0 1 606 1017 105 3778
6578 4 2 0 1 3508 166 979 824
6579 4 2 0 1 3512 3453 2725 3398
6580 4 2 0 1 1239 2686 2682 2169
6581 4 2 0 1 2194 1717 3284 3639
6582 4 2 0 1 3830 3813 410 846
6583 4 2 0 1 3813 3830 410 411
6584 4 2 0 1 3813 413 432 846
6585 4 2 0 1 219 2724 216 2517
6586 4 2 0 1 280 2922 902 1007
6587 4 2 0 1 1474 3229 2021 1471
6588 4 2 0 1 126 2678 2476 119
6589 4 2 0 1 2850 2658 3612 2573
6590 4 2 0 1 3009 2404 2405 2409
6591 4 2 0 1 2484 691 1169 1181
6592 4 2 0 1 146 1055 2552 697
6593 4 2 0 1 1993 3324 1482 1994
6594 4 2 0 1 3530 2545 2773 3526
6595 4 2 0 1 2822 2898 2823 2897
6596 4 2 0 1 1021 1142 723 2550
6597 4 2 0 1 3051 3045 3033 2933
6598 4 2 0 1 2792 275 1075 682
6599 4 2 0 1 1740 3723 1507 3231
6600 4 2 0 1 2774 1771 3620 3619
6601 4 2 0 1 3483 968 2715 2529
6602 4 2 0 1 883 2565 2563 598
6603 4 2 0 1 2589 273 2590 274
6604 4 2 0 1 2589 273 274 275
6605 4 2 0 1 3586 215 2904 2724
6606 4 2 0 1 2812 2518 3513 3481
6607 4 2 0 1 2498 3546 2585 3634
6608 4 2 0 1 1773 1772 2774 1771
6609 4 2 0 1 3013 2769 3371 2557
6610 4 2 0 1 471 442 2899 473
6611 4 2 0 1 3715 3162 3717 3138
6612 4 2 0 1 1657 3302 3162 3711
6613 4 2 0 1 3779 1105 992 469
6614 4 2 0 1 779 3597 670 2824
6615 4 2 0 1 879 878 2916 751
6616 4 2 0 1 1728 2327 1705 3770
6617 4 2 0 1 1714 2348 2121 3250
6618 4 2 0 1 295 296 297 2895
6619 4 2 0 1 299 3001 297 2895
6620 4 2 0 1 3145 3143 3337 3459
6621 4 2 0 1 2207 1432 3169 1522
6622 4 2 0 1 3001 295 297 2895
6623 4 2 0 1 3770 1787 3353 1710
6624 4 2 0 1 3768 3619 1750 3293
6625 4 2 0 1 3120 2629 3132 3569
6626 4 2 0 1 2979 3645 2972 2977
6627 4 2 0 1 311 2673 308 2590
6628 4 2 0 1 3103 3045 2428 3668
6629 4 2 0 1 555 2683 2860 933
6630 4 2 0 1 2704 2282 1219 42
6631 4 2 0 1 3812 636 3399 3774
6632 4 2 0 1 3096 3322 3185 3187
6633 4 2 0 1 3115 3117 3569 3118
6634 4 2 0 1 2575 2585 2727 3546
6635 4 2 0 1 334 2631 554 840
6636 4 2 0 1 429 431 2584 2499
6637 4 2 0 1 2279 1948 2651 1
6638 4 2 0 1 330 2668 288 286
6639 4 2 0 1 403 97 451 2967
6640 4 2 0 1 3812 636 535 530
6641 4 2 0 1 260 259 257 3006
6642 4 2 0 1 2797 2556 2780 3533
6643 4 2 0 1 2417 1182 658 2884
6644 4 2 0 1 2673 303 308 2590
6645 4 2 0 1 2674 3011 3014 682
6646 4 2 0 1 607 1162 789 2673
6647 4 2 0 1 3583 290 2783 887
6648 4 2 0 1 2841 2501 2699 2946
6649 4 2 0 1 3812 636 637 535
6650 4 2 0 1 646 637 3812 3774
6651 4 2 0 1 1428 1921 3029 1922
6652 4 2 0 1 3325 2622 2808 2805
6653 4 2 0 1 75 2989 2985 2984
6654 4 2 0 1 2673 351 308 789
6655 4 2 0 1 3018 3685 3216 3310
6656 4 2 0 1 1774 3644 3335 2774
6657 4 2 0 1 2629 3116 3132 3569
6658 4 2 0 1 3028 3039 3023 3440
6659 4 2 0 1 694 1139 2728 692
6660 4 2 0 1 93 3780 3811 96
6661 4 2 0 1 3356 1560 3355 1559
6662 4 2 0 1 330 2668 3584 288
6663 4 2 0 1 2232 1561 1559 3355
6664 4 2 0 1 3356 2232 1559 3355
6665 4 2 0 1 2710 1063 3563 640
6666 4 2 0 1 3608 93 3644 2305
6667 4 2 0 1 3811 2967 76 59
6668 4 2 0 1 2967 3831 3811 76
6669 4 2 0 1 1849 3354 1848 1850
6670 4 2 0 1 3620 1774 2774 3644
6671 4 2 0 1 57 549 3811 96
6672 4 2 0 1 2853 3509 2685 2509
6673 4 2 0 1 3234 1585 3706 1582
6674 4 2 0 1 2942 2503 1199 2944
6675 4 2 0 1 1144 2 2999 1070
6676 4 2 0 1 3811 2967 59 93
6677 4 2 0 1 2944 2507 2503 1199
6678 4 2 0 1 408 438 2863 2480
6679 4 2 0 1 64 73 3606 63
6680 4 2 0 1 3546 3634 3450 2585
6681 4 2 0 1 2648 173 171 2634
6682 4 2 0 1 3584 563 564 330
6683 4 2 0 1 2506 979 2503 357
6684 4 2 0 1 3780 57 3811 96
6685 4 2 0 1 2524 366 3519 2525
6686 4 2 0 1 3810 3017 3790 1385
6687 4 2 0 1 1144 2999 2 2923
6688 4 2 0 1 3584 288 563 330
6689 4 2 0 1 3755 3409 3425 2996
6690 4 2 0 1 3027 3043 3722 3042
6691 4 2 0 1 3352 1569 1566 1570
6692 4 2 0 1 2783 604 3794 2415
6693 4 2 0 1 3451 2196 2149 3079
6694 4 2 0 1 3560 3646 2859 2768
6695 4 2 0 1 3195 3238 3712 3194
6696 4 2 0 1 3780 57 58 3811
6697 4 2 0 1 2219 1871 3810 3790
6698 4 2 0 1 2660 2586 3612 2755
6699 4 2 0 1 1795 1667 2193 3328
6700 4 2 0 1 823 3507 575 2984
6701 4 2 0 1 3133 1579 1581 1889
6702 4 2 0 1 2880 555 2860 556
6703 4 2 0 1 3622 826 158 120
6704 4 2 0 1 2770 2904 684 130
6705 4 2 0 1 1591 3197 1621 3245
6706 4 2 0 1 3366 3475 2502 3309
6707 4 2 0 1 2773 2842 2993 2918
6708 4 2 0 1 12 2628 1047 13
6709 4 2 0 1 2529 236 234 235
6710 4 2 0 1 3197 1591 3746 3245
6711 4 2 0 1 2500 2912 2676 3631
6712 4 2 0 1 2628 100 13 14
6713 4 2 0 1 3369 2323 3638 1844
6714 4 2 0 1 966 3781 327 323
6715 4 2 0 1 1235 2954 3460 2457
6716 4 2 0 1 3560 3646 2768 2814
6717 4 2 0 1 1385 3810 1384 1383
6718 4 2 0 1 3832 337 3534 3822
6719 4 2 0 1 3706 1639 2274 2138
6720 4 2 0 1 1651 2701 3351 3595
6721 4 2 0 1 1871 3810 1383 1379
6722 4 2 0 1 955 2627 2534 2914
6723 4 2 0 1 1382 3791 1752 1751
6724 4 2 0 1 1817 2264 2094 3302
6725 4 2 0 1 1752 3791 1382 2153
6726 4 2 0 1 3672 1970 2336 1269
6727 4 2 0 1 2686 1614 2110 2943
6728 4 2 0 1 3678 1472 1483 3158
6729 4 2 0 1 1752 3791 3769 1751
6730 4 2 0 1 3029 3033 3044 3035
6731 4 2 0 1 3769 3791 1752 2153
6732 4 2 0 1 1157 3775 561 912
6733 4 2 0 1 3266 3228 2929 3580
6734 4 2 0 1 3419 3647 3618 2926
6735 4 2 0 1 1157 3775 2970 561
6736 4 2 0 1 457 1035 2906 363
6737 4 2 0 1 3029 3044 3033 3028
6738 4 2 0 1 2847 3559 3461 3558
6739 4 2 0 1 3801 363 2906 1035
6740 4 2 0 1 2333 3272 1755 2033
6741 4 2 0 1 1409 2168 3100 3097
6742 4 2 0 1 3214 3272 3253 2966
6743 4 2 0 1 3775 2970 561 1060
6744 4 2 0 1 1358 3702 1357 1359
6745 4 2 0 1 3773 346 1096 1158
6746 4 2 0 1 3773 346 349 1096
6747 4 2 0 1 1892 3182 3282 3701
6748 4 2 0 1 3353 1904 3732 2092
6749 4 2 0 1 2210 3156 1636 3165
6750 4 2 0 1 538 3812 646 637
6751 4 2 0 1 2796 1542 2109 1746
6752 4 2 0 1 1897 3156 1898 1636
6753 4 2 0 1 1806 1633 1807 3057
6754 4 2 0 1 1740 3723 3231 3167
6755 4 2 0 1 1774 3644 2177 1926
6756 4 2 0 1 3636 3220 3728 3221
6757 4 2 0 1 2242 1805 3035 3044
6758 4 2 0 1 379 2397 378 382
6759 4 2 0 1 3198 3197 3746 3249
6760 4 2 0 1 2273 3204 1269 2361
6761 4 2 0 1 776 2862 2903 1012
6762 4 2 0 1 2207 3169 3741 1522
6763 4 2 0 1 3721 3745 3746 3247
6764 4 2 0 1 742 1158 345 3773
6765 4 2 0 1 2862 2903 1012 1206
6766 4 2 0 1 3679 3128 3062 3680
6767 4 2 0 1 1589 3746 1591 1587
6768 4 2 0 1 1710 3771 3770 1705
6769 4 2 0 1 1860 2051 1480 3061
6770 4 2 0 1 3723 1522 3169 1432
6771 4 2 0 1 1949 1956 3295 1449
6772 4 2 0 1 1655 2238 3171 1465
6773 4 2 0 1 2903 1087 1012 1206
6774 4 2 0 1 772 416 2913 448
6775 4 2 0 1 2232 3714 1647 2016
6776 4 2 0 1 846 409 410 407
6777 4 2 0 1 1670 1299 3084 2178
6778 4 2 0 1 3297 1414 2020 2297
6779 4 2 0 1 3182 2278 3181 3179
6780 4 2 0 1 2909 3657 3619 2910
6781 4 2 0 1 3215 3697 3317 3111
6782 4 2 0 1 104 2707 1080 862
6783 4 2 0 1 3690 1326 3210 1327
6784 4 2 0 1 3714 2232 1647 1576
6785 4 2 0 1 740 2913 2662 1104
6786 4 2 0 1 1495 1792 1958 2951
6787 4 2 0 1 1710 1706 3771 1705
6788 4 2 0 1 3087 3088 3080 3085
6789 4 2 0 1 3182 2337 3694 1669
6790 4 2 0 1 3603 2575 2499 2646
6791 4 2 0 1 2843 2511 2430 2894
6792 4 2 0 1 1700 3771 3353 2223
6793 4 2 0 1 3078 1853 2331 1854
6794 4 2 0 1 3110 3227 3694 3182
6795 4 2 0 1 3771 3770 3353 1710
6796 4 2 0 1 2944 2507 1199 34
6797 4 2 0 1 2876 2691 3173 3123
6798 4 2 0 1 398 2645 2879 2864
6799 4 2 0 1 3192 3312 3714 3283
6800 4 2 0 1 1316 3349 3136 3138
6801 4 2 0 1 1373 1722 1723 3091
6802 4 2 0 1 3609 1102 3610 2577
6803 4 2 0 1 2257 2063 3126 1737
6804 4 2 0 1 2918 2993 2465 2738
6805 4 2 0 1 1813 2030 3244 3137
6806 4 2 0 1 3742 3160 3214 3740
6807 4 2 0 1 3312 3283 1690 1859
6808 4 2 0 1 1637 1825 3672 2241
6809 4 2 0 1 2870 3636 2451 2873
6810 4 2 0 1 730 3836 655 974
6811 4 2 0 1 397 2839 2757 2645
6812 4 2 0 1 3139 3259 2866 3636
6813 4 2 0 1 3809 730 1024 932
6814 4 2 0 1 3292 3705 3113 3112
6815 4 2 0 1 3576 2645 2741 400
6816 4 2 0 1 3324 2049 3019 1482
6817 4 2 0 1 1543 1542 3359 3629
6818 4 2 0 1 1370 3705 1363 1361
6819 4 2 0 1 2863 1083 810 987
6820 4 2 0 1 2750 2095 3607 2749
6821 4 2 0 1 3546 2575 2585 3450
6822 4 2 0 1 87 2975 1165 828
6823 4 2 0 1 1115 3809 730 1024
6824 4 2 0 1 2615 2511 3597 2712
6825 4 2 0 1 2616 1513 66 3340
6826 4 2 0 1 1759 3738 3200 3164
6827 4 2 0 1 3636 2451 3473 3259
6828 4 2 0 1 3675 1279 2131 1284
6829 4 2 0 1 3192 3722 3123 2876
6830 4 2 0 1 2093 1834 3806 3776
6831 4 2 0 1 3108 3182 3701 3282
6832 4 2 0 1 2863 810 459 987
6833 4 2 0 1 709 975 3807 576
6834 4 2 0 1 3694 2337 3182 3179
6835 4 2 0 1 2078 1245 2188 3360
6836 4 2 0 1 3209 3614 3148 3268
6837 4 2 0 1 3727 2593 3548 3474
6838 4 2 0 1 3047 3666 3665 3297
6839 4 2 0 1 709 708 3807 972
6840 4 2 0 1 2765 2766 2928 3618
6841 4 2 0 1 3725 1259 1258 1260
6842 4 2 0 1 1934 1747 2045 3642
6843 4 2 0 1 3807 708 709 576
6844 4 2 0 1 3806 1834 2093 2346
6845 4 2 0 1 3569 3117 3122 3118
6846 4 2 0 1 3351 3710 3595 3664
6847 4 2 0 1 1967 3749 2364 2255
6848 4 2 0 1 2307 3590 2129 2692
6849 4 2 0 1 1571 3283 1690 1691
6850 4 2 0 1 3184 3279 3082 3693
6851 4 2 0 1 2644 429 2584 2499
6852 4 2 0 1 2845 2575 3546 3450
6853 4 2 0 1 3620 1774 3644 2177
6854 4 2 0 1 622 2515 715 1005
6855 4 2 0 1 3362 3806 1834 3776
6856 4 2 0 1 2036 3806 1833 2346
6857 4 2 0 1 1780 2136 3193 1781
6858 4 2 0 1 1833 2346 3806 2093
6859 4 2 0 1 3027 3043 3123 3722
6860 4 2 0 1 2872 2293 1840 1231
6861 4 2 0 1 3428 3421 3422 3267
6862 4 2 0 1 2834 2550 2563 2781
6863 4 2 0 1 232 2531 233 231
6864 4 2 0 1 2600 621 2519 3554
6865 4 2 0 1 2740 2644 427 2584
6866 4 2 0 1 702 3484 704 1154
6867 4 2 0 1 2723 170 2721 462
6868 4 2 0 1 3821 3805 3295 1940
6869 4 2 0 1 672 2580 671 673
6870 4 2 0 1 2522 222 224 847
6871 4 2 0 1 1013 2463 134 729
6872 4 2 0 1 2498 473 2493 2495
6873 4 2 0 1 1263 3346 1261 1285
6874 4 2 0 1 3620 1774 2177 1772
6875 4 2 0 1 310 2631 840 855
6876 4 2 0 1 3004 16 15 3367
6877 4 2 0 1 2463 874 134 729
6878 4 2 0 1 1013 2463 1143 2581
6879 4 2 0 1 2758 567 2904 896
6880 4 2 0 1 669 3609 779 2824
6881 4 2 0 1 3805 3821 1447 1446
6882 4 2 0 1 50 101 891 2980
6883 4 2 0 1 2967 459 2889 2480
6884 4 2 0 1 640 2710 455 641
6885 4 2 0 1 2776 2907 3643 3644
6886 4 2 0 1 2937 810 2863 2862
6887 4 2 0 1 670 2751 1218 484
6888 4 2 0 1 907 2783 1045 527
6889 4 2 0 1 3770 1700 1701 1702
6890 4 2 0 1 1168 900 3531 1140
6891 4 2 0 1 3770 2327 1705 1702
6892 4 2 0 1 496 495 3581 792
6893 4 2 0 1 3584 570 564 2543
6894 4 2 0 1 875 2716 857 675
6895 4 2 0 1 905 3540 3373 1155
6896 4 2 0 1 3805 1445 1447 3295
6897 4 2 0 1 3805 1447 1445 1446
6898 4 2 0 1 1685 1712 1713 3729
6899 4 2 0 1 2581 3391 967 2612
6900 4 2 0 1 3588 3294 3667 3441
6901 4 2 0 1 3134 3115 3116 3135
6902 4 2 0 1 3545 2581 135 2612
6903 4 2 0 1 1715 3729 1713 2877
6904 4 2 0 1 1360 3792 3704 3732
6905 4 2 0 1 1271 3125 3674 1273
6906 4 2 0 1 1505 1332 3072 1334
6907 4 2 0 1 3451 3083 3085 2436
6908 4 2 0 1 3583 2671 2669 2670
6909 4 2 0 1 3731 2239 1695 3732
6910 4 2 0 1 2848 1219 3359 2794
6911 4 2 0 1 3094 3182 3179 3694
6912 4 2 0 1 3821 3295 3805 1447
6913 4 2 0 1 2070 3745 1679 2309
6914 4 2 0 1 2759 3266 3339 2929
6915 4 2 0 1 1225 1948 2318 2651
6916 4 2 0 1 1321 3138 3349 1318
6917 4 2 0 1 539 3783 696 541
6918 4 2 0 1 1319 1322 2119 3349
6919 4 2 0 1 69 2649 70 1987
6920 4 2 0 1 2583 428 2584 764
6921 4 2 0 1 1876 1686 1716 2881
6922 4 2 0 1 2058 1310 3144 1312
6923 4 2 0 1 2324 3364 3367 2805
6924 4 2 0 1 3722 3173 2876 3172
6925 4 2 0 1 3470 3468 3465 3411
6926 4 2 0 1 100 940 1194 2628
6927 4 2 0 1 2903 446 781 1125
6928 4 2 0 1 2937 1125 2903 1218
6929 4 2 0 1 3571 2628 2595 3624
6930 4 2 0 1 864 2693 2988 36
6931 4 2 0 1 2628 2789 2595 3624
6932 4 2 0 1 409 846 572 2481
6933 4 2 0 1 2710 2614 2709 641
6934 4 2 0 1 2888 2824 2751 2662
6935 4 2 0 1 3571 2595 2791 3624
6936 4 2 0 1 3399 1103 587 3401
6937 4 2 0 1 2482 991 1216 583
6938 4 2 0 1 991 2482 1018 583
6939 4 2 0 1 3607 3199 1229 3200
6940 4 2 0 1 68 1092 3501 656
6941 4 2 0 1 3492 2721 3601 2476
6942 4 2 0 1 409 3813 410 411
6943 4 2 0 1 358 2721 976 997
6944 4 2 0 1 3571 2791 2595 2596
6945 4 2 0 1 3510 855 2519 2631
6946 4 2 0 1 947 736 3804 1213
6947 4 2 0 1 3611 1764 3738 1763
6948 4 2 0 1 3804 3783 780 696
6949 4 2 0 1 1211 790 2487 95
6950 4 2 0 1 2442 2491 3455 2926
6951 4 2 0 1 1809 3335 1766 1924
6952 4 2 0 1 2818 3521 2479 2819
6953 4 2 0 1 3642 2796 1746 1544
6954 4 2 0 1 669 3609 2824 2577
6955 4 2 0 1 2431 2842 2918 2585
6956 4 2 0 1 2975 3563 2614 2976
6957 4 2 0 1 545 780 3825 3783
6958 4 2 0 1 2927 3758 2939 3448
6959 4 2 0 1 3780 2305 1233 3644
6960 4 2 0 1 3335 2135 1766 1924
6961 4 2 0 1 936 101 2456 2437
6962 4 2 0 1 2511 2755 2844 2430
6963 4 2 0 1 1080 1017 2906 2829
6964 4 2 0 1 2144 2796 2109 1746
6965 4 2 0 1 1431 2704 2109 2144
6966 4 2 0 1 3829 3803 517 513
6967 4 2 0 1 2788 3377 3452 3372
6968 4 2 0 1 148 2904 2678 2667
6969 4 2 0 1 2758 211 209 210
6970 4 2 0 1 605 2532 2914 1077
6971 4 2 0 1 1061 3803 1159 517
6972 4 2 0 1 2768 2407 2767 2647
6973 4 2 0 1 2603 3555 616 2513
6974 4 2 0 1 1217 997 829 2476
6975 4 2 0 1 115 117 741 2680
6976 4 2 0 1 617 2513 3554 2603
6977 4 2 0 1 1072 2549 3531 1170
6978 4 2 0 1 2516 681 480 481
6979 4 2 0 1 1057 518 1159 3803
6980 4 2 0 1 870 2516 701 480
6981 4 2 0 1 474 2493 477 476
6982 4 2 0 1 634 2411 199 728
6983 4 2 0 1 918 2565 928 547
6984 4 2 0 1 2905 150 910 737
6985 4 2 0 1 2667 3613 3523 2758
6986 4 2 0 1 1747 3642 1746 1544
6987 4 2 0 1 2580 2463 673 674
6988 4 2 0 1 2880 555 556 483
6989 4 2 0 1 2550 2781 2752 2634
6990 4 2 0 1 706 1062 803 3490
6991 4 2 0 1 3803 518 1159 517
6992 4 2 0 1 2944 34 72 33
6993 4 2 0 1 507 3824 443 444
6994 4 2 0 1 2901 627 1185 1141
6995 4 2 0 1 3560 3392 2402 2859
6996 4 2 0 1 1145 2403 2412 3395
6997 4 2 0 1 2648 2723 3600 2752
6998 4 2 0 1 733 3785 3824 507
6999 4 2 0 1 465 160 2735 162
7000 4 2 0 1 2901 390 388 627
7001 4 2 0 1 188 2566 1093 3403
7002 4 2 0 1 200 2562 190 193
7003 4 2 0 1 204 3403 638 645
7004 4 2 0 1 487 3782 3404 2884
7005 4 2 0 1 3402 3764 602 797
7006 4 2 0 1 2908 1758 1757 3164
7007 4 2 0 1 1758 2908 1757 1756
7008 4 2 0 1 3402 1020 3535 595
7009 4 2 0 1 2904 2667 2758 3613
7010 4 2 0 1 1601 2703 1583 3090
7011 4 2 0 1 716 628 506 3562
7012 4 2 0 1 2194 3284 1717 2368
7013 4 2 0 1 958 2904 895 1042
7014 4 2 0 1 2597 2870 2598 2871
7015 4 2 0 1 1307 3363 1308 1309
7016 4 2 0 1 197 2559 3536 195
7017 4 2 0 1 3394 2637 3573 2636
7018 4 2 0 1 781 2751 1218 670
7019 4 2 0 1 307 3598 2715 2713
7020 4 2 0 1 2307 3590 1927 2129
7021 4 2 0 1 893 2638 865 612
7022 4 2 0 1 2888 459 2967 2480
7023 4 2 0 1 694 1107 693 2728
7024 4 2 0 1 1215 3011 3014 861
7025 4 2 0 1 3163 2908 1757 3164
7026 4 2 0 1 2714 2464 2478 2717
7027 4 2 0 1 2895 2590 3003 272
7028 4 2 0 1 846 410 448 407
7029 4 2 0 1 2908 3163 1757 1756
7030 4 2 0 1 3121 3117 3027 3123
7031 4 2 0 1 1125 2903 1218 781
7032 4 2 0 1 3521 2652 2717 3483
7033 4 2 0 1 419 3813 411 413
7034 4 2 0 1 333 2713 1081 752
7035 4 2 0 1 777 3015 3529 1032
7036 4 2 0 1 3506 3569 3115 3116
7037 4 2 0 1 2646 805 2484 3578
7038 4 2 0 1 2889 451 987 459
7039 4 2 0 1 980 3781 3404 352
7040 4 2 0 1 3113 3226 3216 3310
7041 4 2 0 1 3813 409 432 3802
7042 4 2 0 1 2657 2557 2558 2831
7043 4 2 0 1 3011 3012 3014 861
7044 4 2 0 1 669 3609 2577 1102
7045 4 2 0 1 3235 2827 3135 3632
7046 4 2 0 1 3626 3632 2808 2828
7047 4 2 0 1 902 681 2512 618
7048 4 2 0 1 2757 445 396 394
7049 4 2 0 1 2991 3495 2475 2717
7050 4 2 0 1 3495 3003 2674 3014
7051 4 2 0 1 273 2792 2674 682
7052 4 2 0 1 564 2672 563 3584
7053 4 2 0 1 3520 3801 3777 3519
7054 4 2 0 1 3520 3801 3519 2906
7055 4 2 0 1 277 296 2895 1136
7056 4 2 0 1 1035 3801 784 2906
7057 4 2 0 1 3801 1035 784 370
7058 4 2 0 1 489 560 305 2475
7059 4 2 0 1 2543 3584 3012 2771
7060 4 2 0 1 1762 3200 2005 1759
7061 4 2 0 1 2599 5 3320 6
7062 4 2 0 1 805 2484 1181 693
7063 4 2 0 1 3777 3519 3801 366
7064 4 2 0 1 500 2621 499 498
7065 4 2 0 1 693 2484 1181 690
7066 4 2 0 1 3390 185 2566 186
7067 4 2 0 1 264 3775 1060 2970
7068 4 2 0 1 3402 2559 2560 3535
7069 4 2 0 1 691 2484 690 1181
7070 4 2 0 1 263 3014 266 2991
7071 4 2 0 1 3505 3235 3237 2893
7072 4 2 0 1 1032 570 861 3012
7073 4 2 0 1 3605 3604 2745 3384
7074 4 2 0 1 3800 3001 1053 801
7075 4 2 0 1 2572 2653 3540 3373
7076 4 2 0 1 2723 3489 3484 2752
7077 4 2 0 1 1045 3794 573 1174
7078 4 2 0 1 3534 2669 2576 2560
7079 4 2 0 1 719 2576 198 990
7080 4 2 0 1 3237 3505 2893 2702
7081 4 2 0 1 2723 859 860 1056
7082 4 2 0 1 1535 1356 1367 3310
7083 4 2 0 1 3800 2990 832 1053
7084 4 2 0 1 2704 2707 2705 978
7085 4 2 0 1 138 3484 2469 137
7086 4 2 0 1 1172 146 1026 2549
7087 4 2 0 1 3311 2932 1801 1800
7088 4 2 0 1 2973 3611 3738 2619
7089 4 2 0 1 3541 2916 2915 748
7090 4 2 0 1 2589 276 2902 278
7091 4 2 0 1 2932 2150 1801 1800
7092 4 2 0 1 669 3609 1102 779
7093 4 2 0 1 387 386 3814 388
7094 4 2 0 1 2645 3539 395 2816
7095 4 2 0 1 773 3603 2732 1133
7096 4 2 0 1 2251 1839 3217 1812
7097 4 2 0 1 943 2536 2816 454
7098 4 2 0 1 2733 2728 2643 2729
7099 4 2 0 1 280 2522 224 847
7100 4 2 0 1 993 384 833 2415
7101 4 2 0 1 2990 3800 609 1053
7102 4 2 0 1 1659 1660 3326 1547
7103 4 2 0 1 3800 801 1053 832
7104 4 2 0 1 972 3828 709 807
7105 4 2 0 1 1546 2649 2651 3326
7106 4 2 0 1 1117 2484 1169 733
7107 4 2 0 1 2520 847 3510 2522
7108 4 2 0 1 3800 3001 609 1053
7109 4 2 0 1 3799 539 536 538
7110 4 2 0 1 3253 3251 3214 3741
7111 4 2 0 1 1824 3641 1823 1828
7112 4 2 0 1 1732 2760 2334 2225
7113 4 2 0 1 3665 3641 2020 1823
7114 4 2 0 1 438 2889 2863 2480
7115 4 2 0 1 3641 3665 3322 1823
7116 4 2 0 1 3362 3806 3776 1491
7117 4 2 0 1 2890 68 1224 69
7118 4 2 0 1 3525 771 1048 770
7119 4 2 0 1 1491 2093 3776 1489
7120 4 2 0 1 984 3540 1155 391
7121 4 2 0 1 3619 3769 1984 3791
7122 4 2 0 1 2796 3359 3629 2897
7123 4 2 0 1 397 2757 2903 396
7124 4 2 0 1 407 2661 404 807
7125 4 2 0 1 2572 2901 3539 2816
7126 4 2 0 1 2916 748 751 878
7127 4 2 0 1 538 3799 535 536
7128 4 2 0 1 551 2915 747 748
7129 4 2 0 1 444 3785 507 3824
7130 4 2 0 1 3705 3178 3703 3112
7131 4 2 0 1 2484 727 1117 691
7132 4 2 0 1 3563 2712 2711 2710
7133 4 2 0 1 3785 3824 707 991
7134 4 2 0 1 2142 3708 3274 1842
7135 4 2 0 1 1842 3708 3274 1641
7136 4 2 0 1 3399 1103 636 871
7137 4 2 0 1 410 962 3772 807
7138 4 2 0 1 3011 2674 2792 682
7139 4 2 0 1 1161 648 3390 758
7140 4 2 0 1 545 3825 780 995
7141 4 2 0 1 2475 2990 1091 3598
7142 4 2 0 1 2404 2409 3581 2477
7143 4 2 0 1 3484 705 141 139
7144 4 2 0 1 3673 3054 3127 3674
7145 4 2 0 1 493 2477 834 494
7146 4 2 0 1 1145 1205 2412 778
7147 4 2 0 1 2348 3745 2070 1932
7148 4 2 0 1 1541 1542 3359 1543
7149 4 2 0 1 879 878 99 2916
7150 4 2 0 1 3528 566 726 770
7151 4 2 0 1 771 3528 726 770
7152 4 2 0 1 407 410 448 807
7153 4 2 0 1 1541 1543 3359 2236
7154 4 2 0 1 3195 3238 3194 3239
7155 4 2 0 1 1115 3798 926 522
7156 4 2 0 1 484 2751 1218 2937
7157 4 2 0 1 1115 926 3798 1116
7158 4 2 0 1 2661 2994 405 2903
7159 4 2 0 1 3798 3809 3819 522
7160 4 2 0 1 2771 2772 2793 2540
7161 4 2 0 1 516 3809 3798 731
7162 4 2 0 1 740 1104 2662 503
7163 4 2 0 1 994 2751 2839 781
7164 4 2 0 1 2743 2482 400 977
7165 4 2 0 1 2856 2771 2779 2782
7166 4 2 0 1 3011 3007 3010 1202
7167 4 2 0 1 3533 577 552 532
7168 4 2 0 1 3442 3445 3443 3263
7169 4 2 0 1 2025 3633 2008 1606
7170 4 2 0 1 2997 3492 2569 2640
7171 4 2 0 1 1113 838 1038 2940
7172 4 2 0 1 2479 2819 2804 2818
7173 4 2 0 1 1487 2909 3619 2910
7174 4 2 0 1 570 3528 3012 1032
7175 4 2 0 1 2472 152 156 1137
7176 4 2 0 1 1487 3619 2909 2197
7177 4 2 0 1 3387 3389 3646 2859
7178 4 2 0 1 1116 731 3798 1115
7179 4 2 0 1 2576 525 3534 1027
7180 4 2 0 1 698 3582 952 590
7181 4 2 0 1 3401 369 1040 687
7182 4 2 0 1 1067 3531 2549 2563
7183 4 2 0 1 3178 3109 3703 3112
7184 4 2 0 1 3766 537 625 339
7185 4 2 0 1 3705 3703 3113 3112
7186 4 2 0 1 1040 687 1103 3401
7187 4 2 0 1 743 2576 1034 990
7188 4 2 0 1 2583 2498 3546 876
7189 4 2 0 1 2486 2649 3503 70
7190 4 2 0 1 2523 866 328 2459
7191 4 2 0 1 3316 2865 3635 3361
7192 4 2 0 1 2516 2512 681 481
7193 4 2 0 1 78 1025 3550 8
7194 4 2 0 1 3825 3783 3804 736
7195 4 2 0 1 592 826 3622 112
7196 4 2 0 1 1798 1802 2307 3589
7197 4 2 0 1 2944 3338 33 2104
7198 4 2 0 1 2714 2991 2574 3598
7199 4 2 0 1 2981 90 831 989
7200 4 2 0 1 560 3001 825 305
7201 4 2 0 1 328 722 2459 866
7202 4 2 0 1 2495 2738 2737 2900
7203 4 2 0 1 306 2475 305 3003
7204 4 2 0 1 3804 3783 3825 780
7205 4 2 0 1 2447 3467 3464 2855
7206 4 2 0 1 2759 1666 3266 3303
7207 4 2 0 1 1765 3335 1764 1766
7208 4 2 0 1 2475 3001 305 3003
7209 4 2 0 1 3644 2305 2365 1925
7210 4 2 0 1 2572 2915 3539 3541
7211 4 2 0 1 3618 3463 2447 3410
7212 4 2 0 1 1980 3168 1936 2065
7213 4 2 0 1 2444 2869 3458 2762
7214 4 2 0 1 2799 3320 2601 3553
7215 4 2 0 1 2922 2512 681 2516
7216 4 2 0 1 3133 1902 3566 3633
7217 4 2 0 1 907 526 528 527
7218 4 2 0 1 3133 3566 1902 1889
7219 4 2 0 1 907 793 1204 526
7220 4 2 0 1 331 951 3795 488
7221 4 2 0 1 2549 934 3531 1170
7222 4 2 0 1 3388 2394 3532 2553
7223 4 2 0 1 3049 3028 3031 2428
7224 4 2 0 1 3031 3445 3263 3443
7225 4 2 0 1 652 2480 2481 3582
7226 4 2 0 1 2729 2483 3577 2484
7227 4 2 0 1 518 3815 1057 1175
7228 4 2 0 1 2515 280 715 847
7229 4 2 0 1 2520 847 2522 280
7230 4 2 0 1 2484 991 1216 2482
7231 4 2 0 1 3794 3399 2783 2415
7232 4 2 0 1 2522 280 224 226
7233 4 2 0 1 880 3794 1174 534
7234 4 2 0 1 525 2669 2576 3534
7235 4 2 0 1 599 359 858 2563
7236 4 2 0 1 3809 3819 522 588
7237 4 2 0 1 2740 423 455 424
7238 4 2 0 1 225 3517 2523 2522
7239 4 2 0 1 3031 3028 3049 3034
7240 4 2 0 1 903 2653 2528 2654
7241 4 2 0 1 3690 1868 1911 2380
7242 4 2 0 1 793 2669 1204 526
7243 4 2 0 1 329 2669 525 3534
7244 4 2 0 1 1355 1868 1911 3690
7245 4 2 0 1 3716 3480 3129 3479
7246 4 2 0 1 794 2524 839 2920
7247 4 2 0 1 3785 1171 707 913
7248 4 2 0 1 354 3834 349 880
7249 4 2 0 1 2597 3370 2799 2762
7250 4 2 0 1 211 212 3586 213
7251 4 2 0 1 3834 548 3773 880
7252 4 2 0 1 692 944 2643 689
7253 4 2 0 1 3773 346 1158 345
7254 4 2 0 1 2209 3168 3174 3230
7255 4 2 0 1 3582 698 652 590
7256 4 2 0 1 439 440 400 2864
7257 4 2 0 1 893 2635 865 2638
7258 4 2 0 1 893 865 2635 501
7259 4 2 0 1 739 608 2412 778
7260 4 2 0 1 56 1688 3797 3780
7261 4 2 0 1 2510 1131 891 98
7262 4 2 0 1 188 2566 3403 806
7263 4 2 0 1 1688 56 3797 1240
7264 4 2 0 1 705 3484 803 1137
7265 4 2 0 1 2875 3154 3637 3284
7266 4 2 0 1 2906 1080 2829 3599
7267 4 2 0 1 684 2770 127 125
7268 4 2 0 1 329 2669 3534 316
7269 4 2 0 1 3483 2531 235 2529
7270 4 2 0 1 2571 2569 2820 2567
7271 4 2 0 1 3632 1955 2623 2808
7272 4 2 0 1 131 2463 134 3545
7273 4 2 0 1 3324 1997 2340 1998
7274 4 2 0 1 2416 1004 3404 3402
7275 4 2 0 1 3782 352 3404 3781
7276 4 2 0 1 645 3404 3403 818
7277 4 2 0 1 3782 352 3781 327
7278 4 2 0 1 2407 3485 2767 2752
7279 4 2 0 1 2191 2258 2808 1955
7280 4 2 0 1 526 2576 2669 529
7281 4 2 0 1 2982 2397 3375 2983
7282 4 2 0 1 2808 2155 2968 2191
7283 4 2 0 1 732 1039 2664 2665
7284 4 2 0 1 837 2989 575 2719
7285 4 2 0 1 2944 3648 2684 2503
7286 4 2 0 1 1409 2168 3097 1408
7287 4 2 0 1 2144 2205 2796 1748
7288 4 2 0 1 3535 782 783 931
7289 4 2 0 1 141 144 3489 143
7290 4 2 0 1 2570 2770 2678 2569
7291 4 2 0 1 273 2674 3003 1054
7292 4 2 0 1 2632 2648 174 3562
7293 4 2 0 1 2805 2012 1503 2324
7294 4 2 0 1 613 2621 3542 612
7295 4 2 0 1 456 502 503 2617
7296 4 2 0 1 775 508 3787 433
7297 4 2 0 1 2750 2344 3611 1763
7298 4 2 0 1 572 2913 652 2481
7299 4 2 0 1 2736 753 754 2521
7300 4 2 0 1 2758 211 212 3586
7301 4 2 0 1 2628 100 1047 13
7302 4 2 0 1 2900 2493 2494 2516
7303 4 2 0 1 1228 2705 1797 1796
7304 4 2 0 1 797 3402 1001 1031
7305 4 2 0 1 2747 3461 935 795
7306 4 2 0 1 907 793 526 354
7307 4 2 0 1 2437 3461 77 935
7308 4 2 0 1 3461 795 77 935
7309 4 2 0 1 2667 148 124 2678
7310 4 2 0 1 566 3528 946 770
7311 4 2 0 1 3174 1512 1976 3229
7312 4 2 0 1 3155 3637 3285 3154
7313 4 2 0 1 2010 2705 2704 1797
7314 4 2 0 1 625 3534 626 1051
7315 4 2 0 1 969 3788 2590 293
7316 4 2 0 1 2092 3732 2239 2013
7317 4 2 0 1 2755 3447 2430 2746
7318 4 2 0 1 3582 3606 2824 2711
7319 4 2 0 1 267 3529 770 777
7320 4 2 0 1 3427 2423 3421 3757
7321 4 2 0 1 2688 2943 2944 2681
7322 4 2 0 1 513 3809 516 710
7323 4 2 0 1 2339 3174 3231 3171
7324 4 2 0 1 957 3605 795 3461
7325 4 2 0 1 358 1029 2721 462
7326 4 2 0 1 3153 1717 2382 1683
7327 4 2 0 1 957 3605 3461 665
7328 4 2 0 1 2531 233 235 234
7329 4 2 0 1 2530 235 2531 282
7330 4 2 0 1 3788 713 714 1118
7331 4 2 0 1 3605 665 3558 3461
7332 4 2 0 1 2857 562 2547 809
7333 4 2 0 1 2661 3564 2617 2913
7334 4 2 0 1 3483 235 2530 504
7335 4 2 0 1 3483 235 504 968
7336 4 2 0 1 1454 1455 3159 1456
7337 4 2 0 1 3580 3228 2650 3422
7338 4 2 0 1 2107 1488 3796 1917
7339 4 2 0 1 3574 2880 1089 2852
7340 4 2 0 1 3549 3551 2598 3550
7341 4 2 0 1 1100 865 2635 2638
7342 4 2 0 1 1440 1442 3796 3776
7343 4 2 0 1 1443 1442 1488 3796
7344 4 2 0 1 3399 3400 2415 2397
7345 4 2 0 1 750 984 3540 904
7346 4 2 0 1 984 904 905 3540
7347 4 2 0 1 3574 2508 2852 2639
7348 4 2 0 1 2671 587 533 2413
7349 4 2 0 1 1454 3160 3159 1455
7350 4 2 0 1 198 2576 1027 990
7351 4 2 0 1 3534 782 198 1027
7352 4 2 0 1 2723 867 1163 860
7353 4 2 0 1 2576 3534 198 1027
7354 4 2 0 1 1488 1443 3796 1917
7355 4 2 0 1 2767 2553 2474 2555
7356 4 2 0 1 472 662 663 3520
7357 4 2 0 1 2829 2985 2989 2719
7358 4 2 0 1 1490 3796 3362 2107
7359 4 2 0 1 980 3402 1031 645
7360 4 2 0 1 2205 2796 3311 1906
7361 4 2 0 1 3109 1692 1943 1694
7362 4 2 0 1 2463 2904 674 2580
7363 4 2 0 1 3776 3362 3796 1440
7364 4 2 0 1 603 2711 2748 73
7365 4 2 0 1 3402 602 1031 797
7366 4 2 0 1 2287 3638 3369 2882
7367 4 2 0 1 2928 2601 3616 2761
7368 4 2 0 1 3573 3517 2521 2636
7369 4 2 0 1 2608 246 2969 2970
7370 4 2 0 1 2914 106 2934 605
7371 4 2 0 1 1902 3566 2148 1889
7372 4 2 0 1 559 639 2411 728
7373 4 2 0 1 2038 1459 1456 3159
7374 4 2 0 1 841 221 2579 219
7375 4 2 0 1 2523 328 866 1121
7376 4 2 0 1 948 135 2612 1019
7377 4 2 0 1 3779 3402 797 3764
7378 4 2 0 1 1946 1461 1947 3159
7379 4 2 0 1 1717 2881 3284 3639
7380 4 2 0 1 408 405 2481 437
7381 4 2 0 1 2889 433 460 924
7382 4 2 0 1 1100 2635 865 501
7383 4 2 0 1 3156 3157 3155 3720
7384 4 2 0 1 2524 366 2525 635
7385 4 2 0 1 1067 3489 1021 2550
7386 4 2 0 1 3754 3378 3452 3382
7387 4 2 0 1 680 934 1170 3531
7388 4 2 0 1 3157 3153 2881 3155
7389 4 2 0 1 3031 3028 3029 2428
7390 4 2 0 1 1103 687 587 3401
7391 4 2 0 1 1045 2783 907 906
7392 4 2 0 1 3029 3028 3031 3034
7393 4 2 0 1 2988 1129 75 2984
7394 4 2 0 1 2988 1129 2984 864
7395 4 2 0 1 2988 36 2280 37
7396 4 2 0 1 1683 1717 1716 2881
7397 4 2 0 1 2661 416 418 807
7398 4 2 0 1 2768 2769 3646 2554
7399 4 2 0 1 2525 2526 2654 3518
7400 4 2 0 1 2549 2474 3532 2920
7401 4 2 0 1 3156 3157 3720 2253
7402 4 2 0 1 3153 2253 3157 2881
7403 4 2 0 1 1020 205 1173 814
7404 4 2 0 1 3790 2385 3019 3017
7405 4 2 0 1 487 3782 2884 486
7406 4 2 0 1 3011 1215 3014 682
7407 4 2 0 1 326 3781 323 324
7408 4 2 0 1 1788 3730 2057 3177
7409 4 2 0 1 1086 2888 2577 669
7410 4 2 0 1 2977 2908 3073 2979
7411 4 2 0 1 3279 2424 3067 3280
7412 4 2 0 1 1740 2234 3274 2142
7413 4 2 0 1 1689 1883 1240 3789
7414 4 2 0 1 1455 1458 1460 3159
7415 4 2 0 1 1106 3798 574 509
7416 4 2 0 1 3610 1127 1102 779
7417 4 2 0 1 3608 1925 3644 3335
7418 4 2 0 1 3644 3797 55 2167
7419 4 2 0 1 886 3606 3582 2711
7420 4 2 0 1 2228 1234 2310 2775
7421 4 2 0 1 2803 3643 2980 2775
7422 4 2 0 1 2162 1351 2112 3619
7423 4 2 0 1 2049 3818 1782 2163
7424 4 2 0 1 2488 1092 3501 2890
7425 4 2 0 1 2267 2122 3349 2119
7426 4 2 0 1 885 698 3582 886
7427 4 2 0 1 640 3563 644 1063
7428 4 2 0 1 1045 2783 3794 527
7429 4 2 0 1 2417 1182 2884 2811
7430 4 2 0 1 2500 2825 2826 3630
7431 4 2 0 1 280 2515 715 2922
7432 4 2 0 1 2634 928 2565 175
7433 4 2 0 1 880 3794 534 527
7434 4 2 0 1 880 3794 527 1045
7435 4 2 0 1 3082 3069 3065 3066
7436 4 2 0 1 2417 658 487 2884
7437 4 2 0 1 3489 1142 2550 1056
7438 4 2 0 1 2923 86 2490 1
7439 4 2 0 1 2608 1150 245 2970
7440 4 2 0 1 859 2723 2550 1056
7441 4 2 0 1 1947 3837 2360 1810
7442 4 2 0 1 2550 596 597 723
7443 4 2 0 1 596 2550 1067 723
7444 4 2 0 1 229 230 231 2521
7445 4 2 0 1 2147 2949 3650 2951
7446 4 2 0 1 2550 2563 2634 598
7447 4 2 0 1 493 3496 607 2409
7448 4 2 0 1 2393 771 937 2536
7449 4 2 0 1 1009 3794 833 2415
7450 4 2 0 1 2550 859 723 597
7451 4 2 0 1 2550 1021 1067 723
7452 4 2 0 1 3495 3014 2674 3011
7453 4 2 0 1 1202 1166 686 3010
7454 4 2 0 1 2224 3339 1546 1225
7455 4 2 0 1 1142 859 723 2550
7456 4 2 0 1 53 3610 84 579
7457 4 2 0 1 3410 3299 3425 3751
7458 4 2 0 1 2939 2747 3759 2885
7459 4 2 0 1 3790 2385 3017 2219
7460 4 2 0 1 3540 984 1141 391
7461 4 2 0 1 1788 3730 3177 3729
7462 4 2 0 1 3548 2453 3287 3444
7463 4 2 0 1 3540 2901 1141 3539
7464 4 2 0 1 2645 395 3539 2757
7465 4 2 0 1 749 3541 748 750
7466 4 2 0 1 749 3541 750 3540
7467 4 2 0 1 1740 3274 2032 2142
7468 4 2 0 1 1275 1274 3358 1273
7469 4 2 0 1 3726 3725 3346 3724
7470 4 2 0 1 2147 3650 2949 2909
7471 4 2 0 1 3346 1266 1912 3726
7472 4 2 0 1 3819 3809 516 513
7473 4 2 0 1 3319 3183 3239 3693
7474 4 2 0 1 3179 1839 2369 2043
7475 4 2 0 1 1674 1673 1518 3254
7476 4 2 0 1 3794 2415 796 833
7477 4 2 0 1 3675 1277 2131 1279
7478 4 2 0 1 3358 1275 3055 1276
7479 4 2 0 1 2038 3159 2277 1720
7480 4 2 0 1 540 3794 542 833
7481 4 2 0 1 3052 2004 3321 1282
7482 4 2 0 1 1535 1961 1991 3292
7483 4 2 0 1 3278 2229 3181 3161
7484 4 2 0 1 3032 3679 3680 3254
7485 4 2 0 1 3211 3241 3242 3715
7486 4 2 0 1 2041 1736 3341 2122
7487 4 2 0 1 3676 2131 3124 3675
7488 4 2 0 1 3303 3341 1780 3193
7489 4 2 0 1 3711 3206 3717 3144
7490 4 2 0 1 2635 2638 231 1100
7491 4 2 0 1 2760 2759 1664 3339
7492 4 2 0 1 2217 3136 1316 1778
7493 4 2 0 1 3794 2415 604 796
7494 4 2 0 1 3775 727 1060 1065
7495 4 2 0 1 3047 3668 3670 3103
7496 4 2 0 1 3087 3690 3210 3193
7497 4 2 0 1 3087 3451 1328 3689
7498 4 2 0 1 542 3794 796 833
7499 4 2 0 1 3790 2385 1347 3019
7500 4 2 0 1 1869 2029 3213 2067
7501 4 2 0 1 2095 2750 2312 2050
7502 4 2 0 1 501 2635 231 1100
7503 4 2 0 1 3738 1762 1763 1760
7504 4 2 0 1 2180 3793 2184 1852
7505 4 2 0 1 2951 3650 2948 2950
7506 4 2 0 1 3353 1695 3732 3243
7507 4 2 0 1 1996 3324 1995 1994
7508 4 2 0 1 1370 3292 3705 1361
7509 4 2 0 1 3270 3748 3273 3747
7510 4 2 0 1 1967 3749 3747 3748
7511 4 2 0 1 2116 3793 2184 3160
7512 4 2 0 1 3684 1356 3310 1367
7513 4 2 0 1 1788 3730 2123 2057
7514 4 2 0 1 64 603 2748 73
7515 4 2 0 1 3079 1373 1723 3091
7516 4 2 0 1 2767 3387 2553 2768
7517 4 2 0 1 2444 2869 3244 3223
7518 4 2 0 1 3604 2744 2745 3384
7519 4 2 0 1 3686 1340 1338 1339
7520 4 2 0 1 3232 1342 3331 2128
7521 4 2 0 1 2071 3276 3317 2007
7522 4 2 0 1 1387 3790 3019 3017
7523 4 2 0 1 2886 45 1236 46
7524 4 2 0 1 3731 3792 3704 1993
7525 4 2 0 1 3740 3160 3214 2966
7526 4 2 0 1 3731 3792 1993 2252
7527 4 2 0 1 2495 2992 2899 471
7528 4 2 0 1 441 546 470 2899
7529 4 2 0 1 2144 2704 2109 2796
7530 4 2 0 1 2013 3792 2252 1995
7531 4 2 0 1 2899 2727 3546 3603
7532 4 2 0 1 2647 2768 3387 2767
7533 4 2 0 1 1238 2110 2943 2686
7534 4 2 0 1 1563 3720 3355 3744
7535 4 2 0 1 2941 2681 2942 2943
7536 4 2 0 1 1239 2686 2169 1919
7537 4 2 0 1 3285 2874 3477 3637
7538 4 2 0 1 3274 1741 2113 3231
7539 4 2 0 1 1409 3100 1410 3097
7540 4 2 0 1 3095 3096 2689 3587
7541 4 2 0 1 1380 3791 1496 2153
7542 4 2 0 1 1010 2941 1128 1044
7543 4 2 0 1 3619 3791 1750 1751
7544 4 2 0 1 3276 3185 3215 3111
7545 4 2 0 1 94 86 2931 95
7546 4 2 0 1 3696 2168 1412 2096
7547 4 2 0 1 3362 1490 2107 1509
7548 4 2 0 1 2491 2651 2924 3503
7549 4 2 0 1 1418 3050 3034 3671
7550 4 2 0 1 3100 3696 1412 3313
7551 4 2 0 1 3313 3696 1738 3655
7552 4 2 0 1 610 2999 1144 2931
7553 4 2 0 1 3091 1323 1324 2076
7554 4 2 0 1 3808 2704 978 3778
7555 4 2 0 1 3308 2087 2703 3706
7556 4 2 0 1 3308 2087 3706 1960
7557 4 2 0 1 3019 3790 3818 1347
7558 4 2 0 1 2668 3007 286 3010
7559 4 2 0 1 1347 1871 3790 2097
7560 4 2 0 1 3273 3270 3747 3269
7561 4 2 0 1 3195 3094 3194 1498
7562 4 2 0 1 3717 1657 3711 1371
7563 4 2 0 1 3008 3007 2668 3010
7564 4 2 0 1 1451 3160 1448 3161
7565 4 2 0 1 3207 3587 3107 2689
7566 4 2 0 1 3749 2124 2364 1742
7567 4 2 0 1 1523 2139 2325 3252
7568 4 2 0 1 3190 3191 3240 1989
7569 4 2 0 1 3790 2098 2322 2097
7570 4 2 0 1 2322 2098 3790 1782
7571 4 2 0 1 3708 3707 3709 3121
7572 4 2 0 1 1292 1293 1291 3194
7573 4 2 0 1 3251 3173 3301 3170
7574 4 2 0 1 3445 3298 2455 3334
7575 4 2 0 1 1385 3790 2098 1782
7576 4 2 0 1 3010 2771 3011 3012
7577 4 2 0 1 1468 1469 1466 3158
7578 4 2 0 1 1439 3817 3106 3796
7579 4 2 0 1 3181 3217 3208 3180
7580 4 2 0 1 3810 2098 1871 1383
7581 4 2 0 1 3087 3209 3088 3193
7582 4 2 0 1 2704 2282 2109 1219
7583 4 2 0 1 3071 2235 3232 1540
7584 4 2 0 1 1938 2235 1540 3232
7585 4 2 0 1 1422 3050 2207 1423
7586 4 2 0 1 3810 2098 1383 1385
7587 4 2 0 1 2532 735 1077 1177
7588 4 2 0 1 3192 3735 3189 3736
7589 4 2 0 1 3735 2691 3190 3736
7590 4 2 0 1 3131 3192 3714 3283
7591 4 2 0 1 109 2532 2934 1177
7592 4 2 0 1 1568 1565 1675 3744
7593 4 2 0 1 1876 3638 2882 2881
7594 4 2 0 1 735 2532 109 1177
7595 4 2 0 1 760 2574 2935 3006
7596 4 2 0 1 2796 1219 1542 3359
7597 4 2 0 1 3790 1871 2098 2097
7598 4 2 0 1 3633 1902 1606 1577
7599 4 2 0 1 3644 3789 3620 2177
7600 4 2 0 1 2981 831 1188 996
7601 4 2 0 1 2981 90 1188 831
7602 4 2 0 1 2596 676 996 1188
7603 4 2 0 1 2981 2596 996 1188
7604 4 2 0 1 703 1178 594 3491
7605 4 2 0 1 3789 2167 1240 3797
7606 4 2 0 1 3078 3021 3022 3020
7607 4 2 0 1 3638 2789 3327 2628
7608 4 2 0 1 3723 1497 1432 1493
7609 4 2 0 1 1199 2942 72 761
7610 4 2 0 1 2848 1219 2794 2704
7611 4 2 0 1 3679 3680 3301 3032
7612 4 2 0 1 2230 3789 2177 1775
7613 4 2 0 1 2508 3621 2639 2853
7614 4 2 0 1 3035 3044 3040 3033
7615 4 2 0 1 1374 1967 1966 3748
7616 4 2 0 1 2684 2944 2688 3338
7617 4 2 0 1 1650 1646 3710 1731
7618 4 2 0 1 3780 57 2120 58
7619 4 2 0 1 3789 1883 1240 2167
7620 4 2 0 1 1629 1600 3090 1601
7621 4 2 0 1 56 1688 3780 57
7622 4 2 0 1 3283 1569 1571 1567
7623 4 2 0 1 2047 1588 3746 3352
7624 4 2 0 1 1285 2121 1920 3204
7625 4 2 0 1 3675 3124 3052 1284
7626 4 2 0 1 2231 12 1223 3327
7627 4 2 0 1 1478 2387 3230 2028
7628 4 2 0 1 760 2574 3006 2608
7629 4 2 0 1 2968 21 2155 3016
7630 4 2 0 1 3319 3241 3691 3195
7631 4 2 0 1 3190 1989 3240 1727
7632 4 2 0 1 3189 1619 1620 2186
7633 4 2 0 1 3231 1740 1741 1507
7634 4 2 0 1 2867 3263 3251 3318
7635 4 2 0 1 3076 1595 1596 3342
7636 4 2 0 1 2038 3159 1720 1459
7637 4 2 0 1 3742 2139 2061 3252
7638 4 2 0 1 3305 3319 3195 3241
7639 4 2 0 1 1329 3690 2332 1326
7640 4 2 0 1 2220 2041 1811 3148
7641 4 2 0 1 715 2922 2512 902
7642 4 2 0 1 3328 3316 3336 3148
7643 4 2 0 1 956 3461 2886 665
7644 4 2 0 1 2095 1963 2312 3607
7645 4 2 0 1 3157 1681 3153 1680
7646 4 2 0 1 3590 2091 1221 2182
7647 4 2 0 1 1926 3335 3644 1925
7648 4 2 0 1 3788 3765 479 313
7649 4 2 0 1 3788 3765 714 479
7650 4 2 0 1 22 23 1232 3016
7651 4 2 0 1 1337 2978 1352 3687
7652 4 2 0 1 2622 2968 2808 2623
7653 4 2 0 1 3701 3110 3699 3700
7654 4 2 0 1 1481 3186 1397 1395
7655 4 2 0 1 3186 1398 1396 3733
7656 4 2 0 1 2895 3788 999 3826
7657 4 2 0 1 1711 3732 2022 3353
7658 4 2 0 1 3557 3605 2745 3384
7659 4 2 0 1 1387 3790 3017 1385
7660 4 2 0 1 1374 1288 3052 3748
7661 4 2 0 1 1429 3215 1943 1944
7662 4 2 0 1 3725 1912 1262 2372
7663 4 2 0 1 2872 1721 3639 3327
7664 4 2 0 1 2895 3788 3826 917
7665 4 2 0 1 1047 2630 940 2628
7666 4 2 0 1 3273 3747 3748 3217
7667 4 2 0 1 3369 2628 3638 2323
7668 4 2 0 1 1315 3138 1316 1313
7669 4 2 0 1 2352 1668 1811 3148
7670 4 2 0 1 2760 1732 2078 3370
7671 4 2 0 1 2939 2938 2438 3448
7672 4 2 0 1 1472 3061 3158 3678
7673 4 2 0 1 1523 3252 1522 2061
7674 4 2 0 1 3318 3253 3263 3251
7675 4 2 0 1 3336 1795 2237 3315
7676 4 2 0 1 1806 3057 2250 1914
7677 4 2 0 1 1539 2871 2105 2800
7678 4 2 0 1 3673 3357 3358 1914
7679 4 2 0 1 101 2980 2456 2437
7680 4 2 0 1 1277 1278 3055 1276
7681 4 2 0 1 3188 3642 2045 2956
7682 4 2 0 1 1323 1373 2076 3091
7683 4 2 0 1 64 2095 63 3606
7684 4 2 0 1 2022 3353 2375 1711
7685 4 2 0 1 999 3788 714 1118
7686 4 2 0 1 1491 1508 3275 1524
7687 4 2 0 1 3358 3673 1280 3055
7688 4 2 0 1 3809 816 660 655
7689 4 2 0 1 3750 3408 2996 2861
7690 4 2 0 1 882 3787 512 945
7691 4 2 0 1 3485 803 3488 3490
7692 4 2 0 1 3419 3618 3469 3000
7693 4 2 0 1 775 419 3787 945
7694 4 2 0 1 2897 3311 2933 3051
7695 4 2 0 1 3787 518 511 775
7696 4 2 0 1 1984 3791 3769 2153
7697 4 2 0 1 1794 1795 3336 3328
7698 4 2 0 1 403 3786 2889 514
7699 4 2 0 1 3124 3302 3713 1375
7700 4 2 0 1 3203 1912 3725 1964
7701 4 2 0 1 3102 3445 2455 3334
7702 4 2 0 1 419 512 3787 945
7703 4 2 0 1 1738 1500 3696 3313
7704 4 2 0 1 2139 1946 1947 3159
7705 4 2 0 1 2049 1389 3019 1482
7706 4 2 0 1 3122 3117 3569 3120
7707 4 2 0 1 3189 2085 1620 2086
7708 4 2 0 1 3723 3231 3167 3170
7709 4 2 0 1 2941 2942 631 2940
7710 4 2 0 1 3619 3769 3791 1751
7711 4 2 0 1 1583 3090 2703 1581
7712 4 2 0 1 555 2860 556 630
7713 4 2 0 1 2512 2922 715 2515
7714 4 2 0 1 2663 3524 2666 3504
7715 4 2 0 1 2271 3342 2115 1597
7716 4 2 0 1 2988 1129 864 1023
7717 4 2 0 1 3787 518 775 945
7718 4 2 0 1 2205 1799 3311 1801
7719 4 2 0 1 2220 3147 1778 1320
7720 4 2 0 1 53 3610 52 84
7721 4 2 0 1 2776 3656 2907 2977
7722 4 2 0 1 2130 2108 1368 3688
7723 4 2 0 1 1106 3786 985 1147
7724 4 2 0 1 101 50 2456 2980
7725 4 2 0 1 3242 3145 3277 3211
7726 4 2 0 1 3657 3293 2978 3619
7727 4 2 0 1 3211 3241 3715 3138
7728 4 2 0 1 3147 3136 1778 1320
7729 4 2 0 1 3017 3019 3739 1346
7730 4 2 0 1 3241 3091 3138 3211
7731 4 2 0 1 3201 3293 2910 3331
7732 4 2 0 1 3250 3204 3730 3176
7733 4 2 0 1 2607 2996 3559 2606
7734 4 2 0 1 985 3831 2889 2967
7735 4 2 0 1 1332 3075 3072 1334
7736 4 2 0 1 1550 3166 3364 3626
7737 4 2 0 1 2827 3632 2623 2808
7738 4 2 0 1 1333 2908 1756 1331
7739 4 2 0 1 1355 3689 3690 1329
7740 4 2 0 1 3567 2684 2688 2625
7741 4 2 0 1 2471 3487 2785 3762
7742 4 2 0 1 1791 2954 2953 2175
7743 4 2 0 1 3684 1349 3225 1353
7744 4 2 0 1 1595 3706 1639 3342
7745 4 2 0 1 3574 2880 2852 2508
7746 4 2 0 1 2385 1347 3019 2218
7747 4 2 0 1 2968 2809 2627 3504
7748 4 2 0 1 660 3809 655 588
7749 4 2 0 1 3234 1585 1582 1584
7750 4 2 0 1 1486 1718 3734 1394
7751 4 2 0 1 853 3831 549 1146
7752 4 2 0 1 3831 2889 2967 403
7753 4 2 0 1 1843 3746 2159 3245
7754 4 2 0 1 2121 2348 1931 3204
7755 4 2 0 1 1791 2370 2954 2175
7756 4 2 0 1 621 619 3554 623
7757 4 2 0 1 2970 251 1196 250
7758 4 2 0 1 3043 3027 3707 3663
7759 4 2 0 1 2214 2023 1360 3704
7760 4 2 0 1 1420 3041 3050 3663
7761 4 2 0 1 1795 1794 1667 3328
7762 4 2 0 1 3113 3310 3225 3292
7763 4 2 0 1 444 3785 3824 707
7764 4 2 0 1 3100 3104 3314 3105
7765 4 2 0 1 2350 2256 3302 1375
7766 4 2 0 1 1870 2083 2164 2908
7767 4 2 0 1 3302 1375 3126 2350
7768 4 2 0 1 1300 2195 3084 2349
7769 4 2 0 1 3778 102 105 606
7770 4 2 0 1 2512 620 715 902
7771 4 2 0 1 1420 1909 3041 3663
7772 4 2 0 1 3186 3703 3112 3718
7773 4 2 0 1 985 3786 1106 2889
7774 4 2 0 1 3785 569 759 991
7775 4 2 0 1 1409 1410 3100 1411
7776 4 2 0 1 991 1171 707 3785
7777 4 2 0 1 1424 1420 3050 3663
7778 4 2 0 1 1959 2147 2909 1878
7779 4 2 0 1 3666 3668 3030 3297
7780 4 2 0 1 2357 3650 2147 1878
7781 4 2 0 1 3071 2235 1540 2034
7782 4 2 0 1 2310 1905 2456 2775
7783 4 2 0 1 3660 1388 1386 2357
7784 4 2 0 1 3703 1968 2343 1393
7785 4 2 0 1 1387 1388 1386 3660
7786 4 2 0 1 3017 1387 1386 3660
7787 4 2 0 1 1420 1424 1909 3663
7788 4 2 0 1 3051 2932 3033 3035
7789 4 2 0 1 1437 3095 1436 3362
7790 4 2 0 1 3046 3670 3035 3343
7791 4 2 0 1 1433 3096 1408 1427
7792 4 2 0 1 1508 3362 1509 1490
7793 4 2 0 1 3231 1827 1826 2141
7794 4 2 0 1 3329 2311 3308 2026
7795 4 2 0 1 2946 2835 2786 3762
7796 4 2 0 1 3709 3167 3274 3077
7797 4 2 0 1 985 3786 3831 1147
7798 4 2 0 1 1974 2796 3307 3311
7799 4 2 0 1 2549 1072 145 1170
7800 4 2 0 1 1581 3235 3133 3566
7801 4 2 0 1 2750 2344 2050 3611
7802 4 2 0 1 1662 1846 1664 3339
7803 4 2 0 1 3809 3803 3829 513
7804 4 2 0 1 2974 3426 3417 2423
7805 4 2 0 1 2125 3771 1904 1706
7806 4 2 0 1 3685 3216 3310 3225
7807 4 2 0 1 715 620 2512 2515
7808 4 2 0 1 3613 2849 2726 2679
7809 4 2 0 1 3633 2025 2008 1719
7810 4 2 0 1 3289 2055 2042 1239
7811 4 2 0 1 1828 3641 1823 2020
7812 4 2 0 1 2875 3154 3284 3729
7813 4 2 0 1 3837 1463 3158 1461
7814 4 2 0 1 1729 2341 3061 1822
7815 4 2 0 1 3036 2427 3023 3440
7816 4 2 0 1 1871 1347 3790 2219
7817 4 2 0 1 3742 3740 3214 2061
7818 4 2 0 1 3640 2260 1933 1430
7819 4 2 0 1 1439 3796 3362 1440
7820 4 2 0 1 3808 3778 105 41
7821 4 2 0 1 3778 102 606 978
7822 4 2 0 1 3305 3654 3271 3129
7823 4 2 0 1 1439 3796 1440 1441
7824 4 2 0 1 1017 606 2707 3778
7825 4 2 0 1 2242 2073 1854 3044
7826 4 2 0 1 3039 3049 3034 3050
7827 4 2 0 1 3106 3796 2107 3362
7828 4 2 0 1 38 75 978 2705
7829 4 2 0 1 1106 3798 509 2889
7830 4 2 0 1 515 3819 2889 521
7831 4 2 0 1 1904 3771 2125 3353
7832 4 2 0 1 2230 2177 3644 1926
7833 4 2 0 1 3644 3797 2167 3789
7834 4 2 0 1 55 3644 2167 54
7835 4 2 0 1 3053 1637 2241 2111
7836 4 2 0 1 1976 1476 3230 3229
7837 4 2 0 1 3229 1512 1474 2021
7838 4 2 0 1 3357 2241 3053 3672
7839 4 2 0 1 1733 3053 2241 2111
7840 4 2 0 1 3190 1635 3189 1726
7841 4 2 0 1 1089 3574 852 3509
7842 4 2 0 1 3601 3600 3492 2722
7843 4 2 0 1 1106 2889 509 557
7844 4 2 0 1 3738 2750 1763 1767
7845 4 2 0 1 3712 1783 3302 1817
7846 4 2 0 1 985 3831 2967 76
7847 4 2 0 1 3784 815 523 814
7848 4 2 0 1 2903 2757 446 396
7849 4 2 0 1 3292 1370 1991 1361
7850 4 2 0 1 3671 1422 2207 2295
7851 4 2 0 1 2013 1997 3792 1995
7852 4 2 0 1 1831 3105 2127 2170
7853 4 2 0 1 3808 39 978 2704
7854 4 2 0 1 816 3809 3836 655
7855 4 2 0 1 3234 3115 2703 3664
7856 4 2 0 1 1413 3105 1411 2170
7857 4 2 0 1 683 482 2883 843
7858 4 2 0 1 816 3819 3803 3809
7859 4 2 0 1 1729 1484 1515 3678
7860 4 2 0 1 1506 3243 3178 1962
7861 4 2 0 1 3672 1825 2263 2336
7862 4 2 0 1 435 3603 2499 434
7863 4 2 0 1 1930 1825 2263 3672
7864 4 2 0 1 3047 3641 3297 3665
7865 4 2 0 1 3794 2783 1045 906
7866 4 2 0 1 1409 3097 1407 1408
7867 4 2 0 1 3105 1831 2127 2295
7868 4 2 0 1 3671 1422 2295 2127
7869 4 2 0 1 1106 3798 2889 3786
7870 4 2 0 1 3243 2146 2022 3353
7871 4 2 0 1 1944 3185 3215 2173
7872 4 2 0 1 13 12 3327 1223
7873 4 2 0 1 2981 78 3550 8
7874 4 2 0 1 2870 2873 3549 2871
7875 4 2 0 1 2297 1828 2020 3297
7876 4 2 0 1 388 389 2901 3814
7877 4 2 0 1 1388 3660 1389 3649
7878 4 2 0 1 3519 2527 2735 2414
7879 4 2 0 1 3106 2202 3295 1940
7880 4 2 0 1 1409 1410 1407 3097
7881 4 2 0 1 3050 3043 3663 3042
7882 4 2 0 1 1904 3771 1711 1706
7883 4 2 0 1 1670 3701 1784 1785
7884 4 2 0 1 389 2901 390 388
7885 4 2 0 1 3109 3178 3703 3731
7886 4 2 0 1 1740 3723 3167 1493
7887 4 2 0 1 2494 3379 2812 3381
7888 4 2 0 1 2249 1754 2800 2156
7889 4 2 0 1 2033 1674 1518 3254
7890 4 2 0 1 3036 2422 2427 3416
7891 4 2 0 1 3709 1627 3274 1641
7892 4 2 0 1 2294 2051 3230 1477
7893 4 2 0 1 3174 1978 3171 1979
7894 4 2 0 1 3248 3245 3204 3672
7895 4 2 0 1 1274 3358 2296 1276
7896 4 2 0 1 1244 2249 2762 2800
7897 4 2 0 1 2628 3369 14 2323
7898 4 2 0 1 3139 3636 2866 3140
7899 4 2 0 1 3629 2952 2301 2956
7900 4 2 0 1 1828 3297 2172 3669
7901 4 2 0 1 2901 388 1185 627
7902 4 2 0 1 1711 3771 1904 3353
7903 4 2 0 1 780 3783 545 543
7904 4 2 0 1 3149 1829 3197 1624
7905 4 2 0 1 1586 3076 1656 3234
7906 4 2 0 1 1711 3771 1710 1706
7907 4 2 0 1 2159 1843 3245 2189
7908 4 2 0 1 1540 1367 2204 3684
7909 4 2 0 1 2959 2420 2996 3750
7910 4 2 0 1 1710 3771 1711 3353
7911 4 2 0 1 1906 2704 1797 2010
7912 4 2 0 1 2796 1542 1746 1544
7913 4 2 0 1 3071 2034 1540 1536
7914 4 2 0 1 1311 1310 1312 3144
7915 4 2 0 1 1657 1875 3711 1658
7916 4 2 0 1 3071 2235 2034 3682
7917 4 2 0 1 3063 2250 1910 3057
7918 4 2 0 1 3189 3076 2086 3737
7919 4 2 0 1 1596 2166 3737 1598
7920 4 2 0 1 2214 3702 2254 1358
7921 4 2 0 1 3722 3042 3172 2690
7922 4 2 0 1 2245 3272 3160 3161
7923 4 2 0 1 3214 3678 3032 3254
7924 4 2 0 1 1484 3061 3678 1729
7925 4 2 0 1 2133 1454 3159 1456
7926 4 2 0 1 1835 3308 1960 1609
7927 4 2 0 1 3156 2373 2882 2198
7928 4 2 0 1 2269 3707 1426 2270
7929 4 2 0 1 3783 780 696 543
7930 4 2 0 1 3356 1558 1559 1562
7931 4 2 0 1 3694 2337 1297 1669
7932 4 2 0 1 1910 2250 1808 3057
7933 4 2 0 1 3412 3549 2449 3551
7934 4 2 0 1 2598 3550 2871 3549
7935 4 2 0 1 2254 3704 3324 3702
7936 4 2 0 1 3356 1575 1558 1562
7937 4 2 0 1 3040 3023 3033 3044
7938 4 2 0 1 1808 1860 2259 3059
7939 4 2 0 1 2697 2695 2221 3590
7940 4 2 0 1 2886 45 46 665
7941 4 2 0 1 2961 2607 2821 3418
7942 4 2 0 1 3419 3647 2927 2425
7943 4 2 0 1 3418 3559 2821 3462
7944 4 2 0 1 3675 3124 1284 2131
7945 4 2 0 1 1562 3134 1575 1576
7946 4 2 0 1 3181 1534 3278 1812
7947 4 2 0 1 3771 1702 3770 1705
7948 4 2 0 1 3480 3444 3222 3286
7949 4 2 0 1 3673 3060 3057 3063
7950 4 2 0 1 2225 3553 2760 2651
7951 4 2 0 1 2268 2084 3282 2240
7952 4 2 0 1 3319 3183 3693 3279
7953 4 2 0 1 1728 1710 3770 1705
7954 4 2 0 1 2212 3234 1584 2100
7955 4 2 0 1 559 834 3494 497
7956 4 2 0 1 3771 1702 1705 1703
7957 4 2 0 1 170 3600 2648 2723
7958 4 2 0 1 2570 2569 2678 2640
7959 4 2 0 1 2771 2772 2540 2543
7960 4 2 0 1 3782 3404 320 321
7961 4 2 0 1 373 3401 2654 2525
7962 4 2 0 1 3512 3453 2785 3513
7963 4 2 0 1 336 331 327 3782
7964 4 2 0 1 1410 3665 2020 3097
7965 4 2 0 1 3234 1586 1584 2100
7966 4 2 0 1 978 39 3808 102
7967 4 2 0 1 3302 3233 3130 3162
7968 4 2 0 1 1861 1723 2039 3093
7969 4 2 0 1 3782 352 327 336
7970 4 2 0 1 2954 2446 3462 2445
7971 4 2 0 1 2225 3553 2651 2318
7972 4 2 0 1 2956 3642 3629 2823
7973 4 2 0 1 458 3781 3816 324
7974 4 2 0 1 1865 3620 2376 1984
7975 4 2 0 1 3643 2776 2775 3656
7976 4 2 0 1 3329 1639 2274 3706
7977 4 2 0 1 3633 2008 1903 2828
7978 4 2 0 1 2429 3262 3199 2973
7979 4 2 0 1 3079 1776 1373 2076
7980 4 2 0 1 3781 3404 321 1004
7981 4 2 0 1 966 352 327 3781
7982 4 2 0 1 2606 2885 3755 2995
7983 4 2 0 1 200 883 2563 360
7984 4 2 0 1 1578 1579 3133 1577
7985 4 2 0 1 2467 2997 2722 2610
7986 4 2 0 1 1576 3134 1577 3133
7987 4 2 0 1 56 93 96 3780
7988 4 2 0 1 3490 3485 3484 2474
7989 4 2 0 1 3134 3633 1577 3133
7990 4 2 0 1 2199 3077 3174 3168
7991 4 2 0 1 2542 2991 3015 2714
7992 4 2 0 1 3001 295 2895 271
7993 4 2 0 1 3780 2305 3644 93
7994 4 2 0 1 2460 3453 3513 3378
7995 4 2 0 1 3780 2305 93 59
7996 4 2 0 1 636 530 3399 871
7997 4 2 0 1 59 3780 1233 58
7998 4 2 0 1 311 2673 2590 355
7999 4 2 0 1 2992 753 2732 571
8000 4 2 0 1 1597 3342 2115 1599
8001 4 2 0 1 2929 2491 2651 2761
8002 4 2 0 1 848 3605 795 668
8003 4 2 0 1 601 3779 856 797
8004 4 2 0 1 3573 3517 2636 2637
8005 4 2 0 1 2987 3592 2986 3760
8006 4 2 0 1 601 856 3779 1105
8007 4 2 0 1 205 3779 856 890
8008 4 2 0 1 3784 205 3779 763
8009 4 2 0 1 856 1105 992 3779
8010 4 2 0 1 2231 2161 11 3327
8011 4 2 0 1 3523 3585 2468 2664
8012 4 2 0 1 100 940 2628 1047
8013 4 2 0 1 222 3510 847 2522
8014 4 2 0 1 2254 3702 2152 1358
8015 4 2 0 1 2448 3512 2785 3513
8016 4 2 0 1 1016 3778 41 105
8017 4 2 0 1 3778 42 2707 1016
8018 4 2 0 1 3482 2720 2527 2735
8019 4 2 0 1 1106 3798 3786 574
8020 4 2 0 1 3329 3342 1899 1639
8021 4 2 0 1 2686 1882 1881 3596
8022 4 2 0 1 3260 2351 1224 3354
8023 4 2 0 1 1209 600 2809 3004
8024 4 2 0 1 3354 1847 1848 2351
8025 4 2 0 1 183 2562 3390 185
8026 4 2 0 1 1017 3778 2707 1016
8027 4 2 0 1 3778 1017 105 1016
8028 4 2 0 1 3778 42 1016 41
8029 4 2 0 1 3329 1899 2064 2274
8030 4 2 0 1 2479 1046 499 792
8031 4 2 0 1 3139 3259 3636 2453
8032 4 2 0 1 2582 764 2583 2709
8033 4 2 0 1 2932 3311 2933 2706
8034 4 2 0 1 2466 2752 2467 3600
8035 4 2 0 1 2797 2556 3533 3388
8036 4 2 0 1 2152 3702 2254 3324
8037 4 2 0 1 3403 806 638 1111
8038 4 2 0 1 2883 2639 463 2852
8039 4 2 0 1 1224 1847 3354 2351
8040 4 2 0 1 566 3528 564 946
8041 4 2 0 1 3351 1651 1734 3021
8042 4 2 0 1 3351 2326 1734 1650
8043 4 2 0 1 1651 2701 3595 3593
8044 4 2 0 1 3375 2983 3373 2393
8045 4 2 0 1 2733 2713 2574 2608
8046 4 2 0 1 3218 1850 2068 2386
8047 4 2 0 1 3526 3525 2854 2541
8048 4 2 0 1 3777 369 367 370
8049 4 2 0 1 736 545 534 1174
8050 4 2 0 1 1842 2032 3274 2142
8051 4 2 0 1 551 445 550 2757
8052 4 2 0 1 2956 1886 3629 2045
8053 4 2 0 1 65 2975 2748 1176
8054 4 2 0 1 3362 3806 1491 3275
8055 4 2 0 1 2200 2956 3188 2045
8056 4 2 0 1 765 930 656 3501
8057 4 2 0 1 2688 2088 2040 2686
8058 4 2 0 1 3351 3595 3710 1650
8059 4 2 0 1 2830 3385 3409 2861
8060 4 2 0 1 1718 2956 2045 2362
8061 4 2 0 1 2093 2283 1834 3776
8062 4 2 0 1 3555 2497 2999 2513
8063 4 2 0 1 2667 2904 2678 3613
8064 4 2 0 1 3489 2474 3484 2752
8065 4 2 0 1 2777 3492 3491 2466
8066 4 2 0 1 3218 3228 3260 3326
8067 4 2 0 1 3090 1879 1601 1608
8068 4 2 0 1 3565 3568 2625 2623
8069 4 2 0 1 3004 2826 3627 2912
8070 4 2 0 1 3190 1635 1726 1644
8071 4 2 0 1 1491 2093 3806 3776
8072 4 2 0 1 1440 3776 3362 1834
8073 4 2 0 1 2695 2698 3078 1672
8074 4 2 0 1 1934 3640 3188 2260
8075 4 2 0 1 969 277 2895 1136
8076 4 2 0 1 2104 2696 2688 3338
8077 4 2 0 1 2536 454 1076 937
8078 4 2 0 1 3519 2735 2524 2414
8079 4 2 0 1 2779 2409 2395 3495
8080 4 2 0 1 903 2528 666 475
8081 4 2 0 1 2912 2675 2676 2630
8082 4 2 0 1 3640 1934 1933 2260
8083 4 2 0 1 2227 5 6 3320
8084 4 2 0 1 568 3775 2970 258
8085 4 2 0 1 2624 2535 2682 2626
8086 4 2 0 1 3274 2032 1842 1640
8087 4 2 0 1 16 17 2338 3367
8088 4 2 0 1 3080 3451 3085 2436
8089 4 2 0 1 17 16 1095 3004
8090 4 2 0 1 2403 2409 2477 608
8091 4 2 0 1 3639 1716 2881 1901
8092 4 2 0 1 969 274 2590 272
8093 4 2 0 1 2290 3156 1876 1898
8094 4 2 0 1 2944 3648 2503 2507
8095 4 2 0 1 3153 1686 1683 1681
8096 4 2 0 1 592 835 110 3623
8097 4 2 0 1 3153 2382 1682 1683
8098 4 2 0 1 357 2506 824 864
8099 4 2 0 1 1681 3153 1682 1683
8100 4 2 0 1 2907 2135 2174 1790
8101 4 2 0 1 3785 3775 1065 727
8102 4 2 0 1 1694 3215 3243 3353
8103 4 2 0 1 2830 3556 2754 2847
8104 4 2 0 1 1694 3243 3215 3109
8105 4 2 0 1 2907 2135 2774 2174
8106 4 2 0 1 3338 3648 2687 2699
8107 4 2 0 1 3431 2958 2955 2424
8108 4 2 0 1 3143 3459 3139 3480
8109 4 2 0 1 1693 3243 1694 3109
8110 4 2 0 1 1692 1693 1694 3109
8111 4 2 0 1 801 3001 700 314
8112 4 2 0 1 2879 439 466 943
8113 4 2 0 1 2619 3611 3738 2750
8114 4 2 0 1 3808 2704 3778 41
8115 4 2 0 1 265 2991 266 2475
8116 4 2 0 1 2992 471 1122 470
8117 4 2 0 1 358 1029 976 2721
8118 4 2 0 1 2562 200 788 883
8119 4 2 0 1 3771 1702 1703 1700
8120 4 2 0 1 3770 1787 1710 1728
8121 4 2 0 1 3639 1716 1901 2187
8122 4 2 0 1 2253 3156 2881 2290
8123 4 2 0 1 617 618 2512 481
8124 4 2 0 1 3149 3058 3197 3240
8125 4 2 0 1 3813 409 410 846
8126 4 2 0 1 1989 1726 1727 3190
8127 4 2 0 1 1354 3702 2152 3225
8128 4 2 0 1 3539 445 2757 394
8129 4 2 0 1 903 768 666 2528
8130 4 2 0 1 981 3774 637 646
8131 4 2 0 1 3511 2724 2725 2458
8132 4 2 0 1 2719 2984 2718 2985
8133 4 2 0 1 3774 981 637 1040
8134 4 2 0 1 3261 3760 3407 2841
8135 4 2 0 1 3195 3094 1498 3093
8136 4 2 0 1 1895 3336 2031 3147
8137 4 2 0 1 3556 662 3599 862
8138 4 2 0 1 2877 2330 1840 2272
8139 4 2 0 1 2869 2444 3368 2762
8140 4 2 0 1 2873 2874 2878 3637
8141 4 2 0 1 2745 3758 3419 3380
8142 4 2 0 1 3129 3233 3444 3480
8143 4 2 0 1 621 2519 620 622
8144 4 2 0 1 194 2561 191 195
8145 4 2 0 1 1078 749 1141 3539
8146 4 2 0 1 2184 1453 3160 3793
8147 4 2 0 1 3451 3079 2436 3080
8148 4 2 0 1 1851 3696 1852 1738
8149 4 2 0 1 540 541 542 3823
8150 4 2 0 1 542 544 796 3794
8151 4 2 0 1 3540 904 2653 3541
8152 4 2 0 1 3596 1608 1610 1613
8153 4 2 0 1 1803 1802 1800 3589
8154 4 2 0 1 2897 3296 2933 2706
8155 4 2 0 1 3351 1651 3595 1650
8156 4 2 0 1 995 742 1174 3773
8157 4 2 0 1 3183 3184 3279 2435
8158 4 2 0 1 1715 3729 2877 3284
8159 4 2 0 1 2973 3611 2619 2803
8160 4 2 0 1 2603 2441 2513 3554
8161 4 2 0 1 522 3819 521 588
8162 4 2 0 1 2531 2465 2521 2732
8163 4 2 0 1 3702 3019 3324 2152
8164 4 2 0 1 2813 3754 3453 3377
8165 4 2 0 1 1788 1712 3729 1713
8166 4 2 0 1 375 2654 373 376
8167 4 2 0 1 736 3773 880 1096
8168 4 2 0 1 1747 3642 1748 1746
8169 4 2 0 1 3433 2424 3224 3103
8170 4 2 0 1 2404 3493 3572 2405
8171 4 2 0 1 414 416 3772 415
8172 4 2 0 1 2685 2945 2626 2835
8173 4 2 0 1 3628 2502 3505 3366
8174 4 2 0 1 2877 1873 3729 1713
8175 4 2 0 1 2912 3570 3624 2630
8176 4 2 0 1 3828 416 3772 807
8177 4 2 0 1 3772 412 414 415
8178 4 2 0 1 3828 416 807 417
8179 4 2 0 1 2409 3496 2673 2395
8180 4 2 0 1 962 412 3772 415
8181 4 2 0 1 2907 2174 2083 1790
8182 4 2 0 1 2704 2144 2010 1906
8183 4 2 0 1 3353 1904 2092 2125
8184 4 2 0 1 2536 454 937 2901
8185 4 2 0 1 3600 2648 2722 3601
8186 4 2 0 1 599 900 915 3531
8187 4 2 0 1 3512 2460 3481 3516
8188 4 2 0 1 2125 3353 3771 2223
8189 4 2 0 1 2581 3544 3538 2402
8190 4 2 0 1 3771 2223 1703 2125
8191 4 2 0 1 3771 3353 3770 1700
8192 4 2 0 1 2557 2552 2553 2524
8193 4 2 0 1 1017 836 960 2906
8194 4 2 0 1 637 636 3812 3774
8195 4 2 0 1 3002 27 1082 26
8196 4 2 0 1 106 2535 2934 92
8197 4 2 0 1 1017 1212 2906 2829
8198 4 2 0 1 3206 3143 3480 3233
8199 4 2 0 1 2592 3475 3662 3024
8200 4 2 0 1 2674 3496 3495 2395
8201 4 2 0 1 2577 1102 579 1086
8202 4 2 0 1 1095 17 3004 1209
8203 4 2 0 1 406 417 972 807
8204 4 2 0 1 927 384 378 2415
8205 4 2 0 1 2740 425 3578 421
8206 4 2 0 1 1235 2954 2457 2949
8207 4 2 0 1 3557 2440 2659 2745
8208 4 2 0 1 3252 3214 3251 3741
8209 4 2 0 1 2706 2796 1906 3311
8210 4 2 0 1 3018 3685 3660 3216
8211 4 2 0 1 3408 2704 2706 2848
8212 4 2 0 1 1728 3306 2327 3770
8213 4 2 0 1 3215 1694 1698 3353
8214 4 2 0 1 2327 3306 1704 3770
8215 4 2 0 1 3503 2649 2490 70
8216 4 2 0 1 1332 3075 1334 1333
8217 4 2 0 1 2327 1704 1702 3770
8218 4 2 0 1 3496 2674 2673 2395
8219 4 2 0 1 2979 3645 2977 2908
8220 4 2 0 1 610 1070 2999 899
8221 4 2 0 1 3782 352 336 3404
8222 4 2 0 1 1352 3687 2083 1870
8223 4 2 0 1 1299 3694 1298 1297
8224 4 2 0 1 1495 3650 3649 2951
8225 4 2 0 1 1771 3769 3620 3619
8226 4 2 0 1 1890 1959 1793 2949
8227 4 2 0 1 2955 3430 2963 2424
8228 4 2 0 1 2603 3555 2513 2441
8229 4 2 0 1 2596 2604 2519 2832
8230 4 2 0 1 2011 1750 2112 3293
8231 4 2 0 1 1985 3769 2153 1984
8232 4 2 0 1 1022 694 2728 1107
8233 4 2 0 1 2599 5 6 81
8234 4 2 0 1 1771 3769 3619 1751
8235 4 2 0 1 1750 3619 2112 3293
8236 4 2 0 1 1824 2132 3307 3669
8237 4 2 0 1 1886 1887 3629 1543
8238 4 2 0 1 3307 3311 3051 1801
8239 4 2 0 1 2172 2150 3343 1922
8240 4 2 0 1 3768 3810 1379 1381
8241 4 2 0 1 3233 3444 3480 3286
8242 4 2 0 1 2463 674 2904 1042
8243 4 2 0 1 486 3795 1151 488
8244 4 2 0 1 1984 3619 1865 3620
8245 4 2 0 1 3810 3768 1379 1377
8246 4 2 0 1 206 2778 356 2667
8247 4 2 0 1 3188 3641 3099 3322
8248 4 2 0 1 1378 1377 1379 3768
8249 4 2 0 1 3395 2851 2588 2406
8250 4 2 0 1 1083 3767 869 520
8251 4 2 0 1 3123 3121 3709 3707
8252 4 2 0 1 2247 3096 3185 3095
8253 4 2 0 1 3224 3227 3288 3323
8254 4 2 0 1 3767 521 869 520
8255 4 2 0 1 3479 2455 3432 3445
8256 4 2 0 1 1151 3795 486 2884
8257 4 2 0 1 1876 2290 1686 2881
8258 4 2 0 1 3004 2826 2912 2809
8259 4 2 0 1 2338 16 3367 1548
8260 4 2 0 1 1151 3795 877 488
8261 4 2 0 1 3767 521 3833 869
8262 4 2 0 1 869 3767 657 774
8263 4 2 0 1 877 3795 1151 2884
8264 4 2 0 1 570 3528 2543 3012
8265 4 2 0 1 263 3014 2991 3015
8266 4 2 0 1 2542 2779 2478 2771
8267 4 2 0 1 1054 2674 3014 682
8268 4 2 0 1 2797 2588 2401 2851
8269 4 2 0 1 333 593 2990 1071
8270 4 2 0 1 3598 333 2990 2713
8271 4 2 0 1 1032 3015 3012 861
8272 4 2 0 1 3001 299 314 825
8273 4 2 0 1 248 247 2970 246
8274 4 2 0 1 479 714 734 3765
8275 4 2 0 1 2884 3782 3404 320
8276 4 2 0 1 713 313 917 3788
8277 4 2 0 1 2771 2542 2540 2478
8278 4 2 0 1 2654 2653 2526 2756
8279 4 2 0 1 330 2668 286 3010
8280 4 2 0 1 570 3584 564 330
8281 4 2 0 1 2847 3461 3559 2606
8282 4 2 0 1 993 384 2415 382
8283 4 2 0 1 3105 3100 3313 3314
8284 4 2 0 1 3121 3308 3329 3710
8285 4 2 0 1 3028 3023 3039 3020
8286 4 2 0 1 3171 3229 3255 3158
8287 4 2 0 1 2797 2588 2851 2400
8288 4 2 0 1 2698 2697 3078 3040
8289 4 2 0 1 348 3766 625 923
8290 4 2 0 1 923 3766 344 348
8291 4 2 0 1 1655 1827 3171 2238
8292 4 2 0 1 923 3766 341 344
8293 4 2 0 1 1418 3050 3671 1422
8294 4 2 0 1 1651 2074 1913 3593
8295 4 2 0 1 985 3831 76 1147
8296 4 2 0 1 2388 2978 1339 1855
8297 4 2 0 1 479 3765 734 877
8298 4 2 0 1 3423 2426 3420 3653
8299 4 2 0 1 3479 3305 3271 3129
8300 4 2 0 1 3270 3253 3680 3254
8301 4 2 0 1 1626 3231 2192 1628
8302 4 2 0 1 3765 3820 734 877
8303 4 2 0 1 2051 1475 1480 3061
8304 4 2 0 1 3433 3224 3288 3099
8305 4 2 0 1 911 2416 3402 1004
8306 4 2 0 1 2909 2949 2233 3658
8307 4 2 0 1 1338 3686 3688 3201
8308 4 2 0 1 3798 3819 3809 516
8309 4 2 0 1 3193 3690 3210 1327
8310 4 2 0 1 3156 1897 1898 1815
8311 4 2 0 1 3131 2179 3352 1566
8312 4 2 0 1 1147 3831 76 549
8313 4 2 0 1 3720 2253 1676 1815
8314 4 2 0 1 3234 1585 1584 1586
8315 4 2 0 1 3059 3743 3230 3061
8316 4 2 0 1 1009 3794 2415 3399
8317 4 2 0 1 3318 3681 3301 3347
8318 4 2 0 1 3100 3098 3314 3104
8319 4 2 0 1 1439 3817 3796 1441
8320 4 2 0 1 3065 1538 1880 2034
8321 4 2 0 1 3186 1393 3718 3734
8322 4 2 0 1 3243 2022 1506 2023
8323 4 2 0 1 3816 338 3764 458
8324 4 2 0 1 3109 3703 1481 3731
8325 4 2 0 1 3565 3090 3566 2893
8326 4 2 0 1 2416 1004 786 291
8327 4 2 0 1 3412 3549 3551 2598
8328 4 2 0 1 285 2416 283 3007
8329 4 2 0 1 3289 3567 2686 2893
8330 4 2 0 1 3250 3730 3204 2121
8331 4 2 0 1 2877 3177 3729 1873
8332 4 2 0 1 584 3764 601 602
8333 4 2 0 1 786 2416 283 285
8334 4 2 0 1 1453 3160 1448 1452
8335 4 2 0 1 3020 3026 3039 3041
8336 4 2 0 1 2275 2257 3126 3676
8337 4 2 0 1 2869 2444 3140 3223
8338 4 2 0 1 1875 3126 3711 1888
8339 4 2 0 1 2865 3137 3368 2031
8340 4 2 0 1 468 3816 584 326
8341 4 2 0 1 3300 3173 3172 2876
8342 4 2 0 1 3283 1571 3191 1691
8343 4 2 0 1 1571 2165 3191 1691
8344 4 2 0 1 3740 1738 3655 1501
8345 4 2 0 1 3229 1470 3158 1469
8346 4 2 0 1 880 3794 1045 1174
8347 4 2 0 1 3816 338 458 324
8348 4 2 0 1 1484 3061 1729 2054
8349 4 2 0 1 2783 604 2415 888
8350 4 2 0 1 3721 3746 3249 3198
8351 4 2 0 1 2703 1616 1610 3308
8352 4 2 0 1 2103 3168 1617 2065
8353 4 2 0 1 3077 1627 3709 3342
8354 4 2 0 1 3330 3122 3265 3120
8355 4 2 0 1 3642 1974 1933 1748
8356 4 2 0 1 1610 1616 2703 3596
8357 4 2 0 1 3190 3191 1726 3189
8358 4 2 0 1 2939 3449 2438 2437
8359 4 2 0 1 3047 3666 3297 3668
8360 4 2 0 1 3219 3045 2960 2427
8361 4 2 0 1 2456 3460 2437 2445
8362 4 2 0 1 3606 2300 2577 2749
8363 4 2 0 1 2939 2938 3448 3758
8364 4 2 0 1 765 2582 2488 3501
8365 4 2 0 1 3611 1765 1763 2344
8366 4 2 0 1 3087 3209 3080 3088
8367 4 2 0 1 1610 1608 2703 3308
8368 4 2 0 1 2939 2747 2437 2438
8369 4 2 0 1 3711 1371 3144 3717
8370 4 2 0 1 3695 2689 3207 3323
8371 4 2 0 1 2010 2705 1797 1228
8372 4 2 0 1 3102 3445 2428 3432
8373 4 2 0 1 2703 1608 1610 3596
8374 4 2 0 1 2651 71 2490 2649
8375 4 2 0 1 2766 3435 2598 3456
8376 4 2 0 1 3199 1849 1848 1229
8377 4 2 0 1 3092 2454 3081 3242
8378 4 2 0 1 3108 3150 3698 3699
8379 4 2 0 1 3110 3108 3150 3227
8380 4 2 0 1 3234 3192 3132 3117
8381 4 2 0 1 3749 1743 1742 2364
8382 4 2 0 1 1698 1694 3215 1943
8383 4 2 0 1 3190 1726 3191 1989
8384 4 2 0 1 2286 3149 3240 3230
8385 4 2 0 1 3196 2165 1569 1572
8386 4 2 0 1 3284 1715 2044 2877
8387 4 2 0 1 3687 2907 2977 2978
8388 4 2 0 1 1282 3675 1284 1279
8389 4 2 0 1 3301 3060 3677 3300
8390 4 2 0 1 3108 3150 3699 3110
8391 4 2 0 1 1870 3075 2908 1333
8392 4 2 0 1 3248 3060 3677 3054
8393 4 2 0 1 3642 1747 2045 1544
8394 4 2 0 1 2625 2684 2688 2947
8395 4 2 0 1 3208 3323 3207 3181
8396 4 2 0 1 1333 2908 2164 1756
8397 4 2 0 1 3169 3251 3741 3252
8398 4 2 0 1 3370 3320 2597 2799
8399 4 2 0 1 2245 1915 3161 3160
8400 4 2 0 1 2229 1949 3295 3161
8401 4 2 0 1 1318 1321 1319 3349
8402 4 2 0 1 3433 3224 3099 3103
8403 4 2 0 1 3302 3233 3162 3711
8404 4 2 0 1 1531 1530 1528 3181
8405 4 2 0 1 2549 934 1170 146
8406 4 2 0 1 2967 3831 403 96
8407 4 2 0 1 2625 2684 2947 2945
8408 4 2 0 1 1903 3566 1902 3633
8409 4 2 0 1 1359 3704 2023 2214
8410 4 2 0 1 1903 3632 3633 2828
8411 4 2 0 1 2102 2301 1887 2953
8412 4 2 0 1 2455 3666 3224 3103
8413 4 2 0 1 1660 1662 3326 1547
8414 4 2 0 1 2549 934 146 3532
8415 4 2 0 1 3110 3226 3699 3700
8416 4 2 0 1 2080 3357 1914 2171
8417 4 2 0 1 1281 1278 2151 3063
8418 4 2 0 1 2080 3357 2171 2353
8419 4 2 0 1 3063 2250 3057 3673
8420 4 2 0 1 2308 3168 1980 2065
8421 4 2 0 1 1726 1990 2060 3191
8422 4 2 0 1 3057 1807 3059 3149
8423 4 2 0 1 1590 3240 1989 2347
8424 4 2 0 1 2353 3357 2171 3358
8425 4 2 0 1 3236 3249 3058 3240
8426 4 2 0 1 3290 3651 3431 3151
8427 4 2 0 1 3076 1595 3342 3706
8428 4 2 0 1 3722 3173 3172 3043
8429 4 2 0 1 3644 3780 93 55
8430 4 2 0 1 2167 3797 55 1240
8431 4 2 0 1 3431 3651 3290 2952
8432 4 2 0 1 2451 3636 2870 3259
8433 4 2 0 1 1926 3644 2365 1925
8434 4 2 0 1 3360 2078 3370 3315
8435 4 2 0 1 661 3815 1036 3819
8436 4 2 0 1 1311 2217 1514 3136
8437 4 2 0 1 2981 2596 2594 3550
8438 4 2 0 1 2791 3466 3411 2449
8439 4 2 0 1 2981 2594 2596 2595
8440 4 2 0 1 383 3814 2983 3835
8441 4 2 0 1 3565 3090 2893 3289
8442 4 2 0 1 2425 3469 3419 3618
8443 4 2 0 1 3338 2507 2944 34
8444 4 2 0 1 3465 2790 3332 3471
8445 4 2 0 1 3241 3091 3211 3092
8446 4 2 0 1 2804 3394 3573 2919
8447 4 2 0 1 3641 3047 2896 3433
8448 4 2 0 1 1651 2701 3593 3021
8449 4 2 0 1 661 3815 882 1057
8450 4 2 0 1 3718 3151 3651 2948
8451 4 2 0 1 383 3814 3835 386
8452 4 2 0 1 2947 3648 2945 2684
8453 4 2 0 1 3112 3292 3699 3226
8454 4 2 0 1 519 3803 1057 1159
8455 4 2 0 1 3234 3312 3714 3192
8456 4 2 0 1 3235 3633 3133 3566
8457 4 2 0 1 1466 3171 3158 3229
8458 4 2 0 1 108 109 110 3623
8459 4 2 0 1 3165 1557 1556 1555
8460 4 2 0 1 3402 3816 3781 980
8461 4 2 0 1 3192 3234 3132 3714
8462 4 2 0 1 3006 2546 2574 2935
8463 4 2 0 1 2536 2393 2573 3373
8464 4 2 0 1 3446 2432 3447 2938
8465 4 2 0 1 3401 373 371 2525
8466 4 2 0 1 980 3781 352 1123
8467 4 2 0 1 2703 3121 3234 3664
8468 4 2 0 1 3377 3393 3372 2788
8469 4 2 0 1 2985 3408 2754 2707
8470 4 2 0 1 3514 3481 2514 2812
8471 4 2 0 1 1029 703 594 3491
8472 4 2 0 1 3394 3393 2462 3383
8473 4 2 0 1 3518 903 2528 2654
8474 4 2 0 1 2414 2815 2735 2470
8475 4 2 0 1 472 372 3520 784
8476 4 2 0 1 948 967 2612 135
8477 4 2 0 1 1167 1013 967 2581
8478 4 2 0 1 2672 564 565 566
8479 4 2 0 1 2467 3397 2610 2722
8480 4 2 0 1 2612 1187 3545 506
8481 4 2 0 1 2782 2779 2419 3008
8482 4 2 0 1 2952 2957 3651 2951
8483 4 2 0 1 2954 2949 2951 2950
8484 4 2 0 1 3402 814 1020 813
8485 4 2 0 1 3121 3329 3708 3710
8486 4 2 0 1 2422 3414 3406 2838
8487 4 2 0 1 2359 2019 2331 3020
8488 4 2 0 1 766 790 2492 767
8489 4 2 0 1 2497 2925 2513 2441
8490 4 2 0 1 437 2863 2481 408
8491 4 2 0 1 3779 3402 3764 763
8492 4 2 0 1 2604 3551 2798 2855
8493 4 2 0 1 2807 2808 2827 2622
8494 4 2 0 1 3420 3432 2964 3219
8495 4 2 0 1 3145 3142 3459 3147
8496 4 2 0 1 3432 3420 3653 3423
8497 4 2 0 1 3653 2452 2426 2962
8498 4 2 0 1 2457 3460 2456 2445
8499 4 2 0 1 3434 3456 2443 3258
8500 4 2 0 1 3402 458 813 911
8501 4 2 0 1 3611 1765 2344 2024
8502 4 2 0 1 2102 2952 2951 2957
8503 4 2 0 1 2964 3653 2424 2454
8504 4 2 0 1 3668 3045 3670 3103
8505 4 2 0 1 2260 3640 3188 1430
8506 4 2 0 1 3067 3086 3081 2452
8507 4 2 0 1 3402 3764 763 458
8508 4 2 0 1 1375 1287 3713 1284
8509 4 2 0 1 3110 3699 3226 3150
8510 4 2 0 1 3651 3718 2948 2951
8511 4 2 0 1 2311 3708 2270 2027
8512 4 2 0 1 3150 3699 3112 3698
8513 4 2 0 1 1791 1982 2951 1958
8514 4 2 0 1 2947 3648 3338 2699
8515 4 2 0 1 3449 3656 2971 2973
8516 4 2 0 1 1297 2337 3694 3179
8517 4 2 0 1 2616 1513 3340 1847
8518 4 2 0 1 2615 3449 2429 2803
8519 4 2 0 1 2414 2814 2815 2470
8520 4 2 0 1 3610 1127 2510 2980
8521 4 2 0 1 3835 383 386 385
8522 4 2 0 1 2974 3426 2423 3074
8523 4 2 0 1 3511 3512 3468 2518
8524 4 2 0 1 2651 3339 3326 2929
8525 4 2 0 1 2136 2029 3193 1781
8526 4 2 0 1 1868 2029 3163 1869
8527 4 2 0 1 2930 2497 2491 3502
8528 4 2 0 1 2729 2575 3603 2646
8529 4 2 0 1 2744 3447 2938 3446
8530 4 2 0 1 3256 3457 3257 3316
8531 4 2 0 1 1780 2136 1969 3303
8532 4 2 0 1 3715 3349 3147 3211
8533 4 2 0 1 2352 1780 1969 3303
8534 4 2 0 1 3402 1001 1031 204
8535 4 2 0 1 949 2599 998 81
8536 4 2 0 1 2836 2421 2708 3750
8537 4 2 0 1 2470 2815 2813 2814
8538 4 2 0 1 2736 2585 2918 2738
8539 4 2 0 1 3528 2672 564 2543
8540 4 2 0 1 3592 2471 2504 2986
8541 4 2 0 1 3437 3037 3416 3435
8542 4 2 0 1 3427 2961 2425 3424
8543 4 2 0 1 3696 3295 3161 3207
8544 4 2 0 1 3726 3725 3724 3175
8545 4 2 0 1 3106 3696 3207 3295
8546 4 2 0 1 3174 1512 3229 1978
8547 4 2 0 1 2675 1073 679 678
8548 4 2 0 1 2599 81 712 998
8549 4 2 0 1 3696 3821 3295 2202
8550 4 2 0 1 3034 1420 3041 3050
8551 4 2 0 1 3294 3476 3309 3477
8552 4 2 0 1 3475 3285 2874 3024
8553 4 2 0 1 2629 3120 3131 3265
8554 4 2 0 1 3696 3821 2202 2377
8555 4 2 0 1 3406 3750 3414 3299
8556 4 2 0 1 3038 2453 3287 3473
8557 4 2 0 1 3410 3415 2766 3618
8558 4 2 0 1 3185 1398 1400 1429
8559 4 2 0 1 3056 3124 3052 3675
8560 4 2 0 1 3479 3298 3271 3305
8561 4 2 0 1 1975 3203 3144 1521
8562 4 2 0 1 2715 2716 2717 3598
8563 4 2 0 1 2407 2814 3560 2768
8564 4 2 0 1 135 134 2581 3545
8565 4 2 0 1 3590 2693 2687 2182
8566 4 2 0 1 2570 2408 2997 2679
8567 4 2 0 1 2957 3718 3651 2951
8568 4 2 0 1 2500 2676 3005 3631
8569 4 2 0 1 155 2472 3574 152
8570 4 2 0 1 3415 3618 3434 2766
8571 4 2 0 1 516 3819 513 510
8572 4 2 0 1 3174 1512 1978 1977
8573 4 2 0 1 189 659 653 2418
8574 4 2 0 1 611 2969 1071 1130
8575 4 2 0 1 3809 3819 3803 513
8576 4 2 0 1 3819 3809 660 588
8577 4 2 0 1 639 948 558 2612
8578 4 2 0 1 3665 3104 3098 3100
8579 4 2 0 1 1357 3702 3225 3113
8580 4 2 0 1 2923 2999 2931 1144
8581 4 2 0 1 3665 3104 3100 1413
8582 4 2 0 1 2491 2926 3502 3455
8583 4 2 0 1 2531 233 1100 282
8584 4 2 0 1 3596 2702 3237 2893
8585 4 2 0 1 3665 3104 1413 3030
8586 4 2 0 1 3783 3825 545 736
8587 4 2 0 1 3570 3468 2832 2833
8588 4 2 0 1 2471 3760 2986 3592
8589 4 2 0 1 3665 3104 3030 3098
8590 4 2 0 1 2611 2621 2612 3494
8591 4 2 0 1 3716 3129 3480 3233
8592 4 2 0 1 2833 2518 3511 3468
8593 4 2 0 1 3471 2501 2946 3630
8594 4 2 0 1 762 632 1089 3509
8595 4 2 0 1 2448 3468 2518 2832
8596 4 2 0 1 2846 3468 3511 3512
8597 4 2 0 1 3592 2700 2471 2841
8598 4 2 0 1 761 3509 632 762
8599 4 2 0 1 2549 2474 2550 2551
8600 4 2 0 1 1059 2564 758 3390
8601 4 2 0 1 2529 2733 2731 2730
8602 4 2 0 1 3468 3511 2833 2846
8603 4 2 0 1 812 892 2675 600
8604 4 2 0 1 3596 3289 2893 3090
8605 4 2 0 1 2152 1349 3019 2218
8606 4 2 0 1 2678 684 2904 148
8607 4 2 0 1 1199 2942 761 925
8608 4 2 0 1 3121 3664 2703 3710
8609 4 2 0 1 2529 2731 2733 2464
8610 4 2 0 1 2152 3324 2002 3019
8611 4 2 0 1 3570 2631 2832 3571
8612 4 2 0 1 3703 1968 1481 3731
8613 4 2 0 1 727 3785 1117 507
8614 4 2 0 1 3824 3785 2484 991
8615 4 2 0 1 733 3785 507 1117
8616 4 2 0 1 1809 3608 3335 1925
8617 4 2 0 1 3608 1925 2299 2305
8618 4 2 0 1 2305 2577 1841 3608
8619 4 2 0 1 273 2792 682 275
8620 4 2 0 1 278 2902 283 279
8621 4 2 0 1 3502 2498 2432 2489
8622 4 2 0 1 487 3782 486 336
8623 4 2 0 1 3502 2498 2489 2493
8624 4 2 0 1 2800 1242 2156 1539
8625 4 2 0 1 2979 3428 2971 3262
8626 4 2 0 1 1256 1259 3177 2140
8627 4 2 0 1 3428 2979 2974 3074
8628 4 2 0 1 3428 2979 3074 3089
8629 4 2 0 1 3428 2979 3089 3262
8630 4 2 0 1 2850 3450 2586 2431
8631 4 2 0 1 1807 1633 2035 3149
8632 4 2 0 1 2014 1807 2035 3149
8633 4 2 0 1 2546 2541 3525 3529
8634 4 2 0 1 2813 3754 3377 2815
8635 4 2 0 1 2644 429 2499 2646
8636 4 2 0 1 973 610 2931 2999
8637 4 2 0 1 3526 2541 2854 3530
8638 4 2 0 1 3306 1707 2046 1701
8639 4 2 0 1 3427 2425 2961 3757
8640 4 2 0 1 2686 2169 1919 2291
8641 4 2 0 1 3434 3618 3415 3429
8642 4 2 0 1 3031 3291 3102 3104
8643 4 2 0 1 3306 1916 1704 2046
8644 4 2 0 1 2356 1916 3306 2046
8645 4 2 0 1 3595 1651 2074 1649
8646 4 2 0 1 1259 3346 3177 2057
8647 4 2 0 1 632 3509 761 2860
8648 4 2 0 1 1072 2549 915 3531
8649 4 2 0 1 2621 3391 2612 799
8650 4 2 0 1 2526 2657 2557 2525
8651 4 2 0 1 3568 2968 2623 3016
8652 4 2 0 1 497 496 3494 498
8653 4 2 0 1 3177 1259 2057 1874
8654 4 2 0 1 792 1046 642 2530
8655 4 2 0 1 2991 3006 2574 3598
8656 4 2 0 1 2845 2575 3450 2844
8657 4 2 0 1 435 3546 3603 2899
8658 4 2 0 1 408 409 572 2481
8659 4 2 0 1 2740 2743 2741 2617
8660 4 2 0 1 3016 2623 3568 2624
8661 4 2 0 1 3001 299 297 314
8662 4 2 0 1 2620 3537 2416 2401
8663 4 2 0 1 2864 2844 3577 3576
8664 4 2 0 1 3385 3469 3419 3409
8665 4 2 0 1 2650 2927 2887 3448
8666 4 2 0 1 3785 2484 991 759
8667 4 2 0 1 2798 3454 3554 2604
8668 4 2 0 1 2631 2519 3510 2832
8669 4 2 0 1 1090 2599 998 949
8670 4 2 0 1 2493 2497 2925 2513
8671 4 2 0 1 2503 979 925 357
8672 4 2 0 1 287 2669 288 289
8673 4 2 0 1 564 563 2672 565
8674 4 2 0 1 2792 278 2589 3007
8675 4 2 0 1 3272 1743 1674 1742
8676 4 2 0 1 962 709 3828 807
8677 4 2 0 1 2575 3577 2499 2646
8678 4 2 0 1 3114 1509 3362 1885
8679 4 2 0 1 3525 2935 2854 2546
8680 4 2 0 1 3218 2117 2068 1850
8681 4 2 0 1 3272 3269 3278 3747
8682 4 2 0 1 753 281 2521 230
8683 4 2 0 1 3525 2854 2935 2537
8684 4 2 0 1 3507 2506 3508 2718
8685 4 2 0 1 3577 2644 2499 2646
8686 4 2 0 1 14 3627 3369 2628
8687 4 2 0 1 2733 240 2608 944
8688 4 2 0 1 464 1139 2728 773
8689 4 2 0 1 241 2713 304 307
8690 4 2 0 1 2969 611 2990 1074
8691 4 2 0 1 504 643 2652 820
8692 4 2 0 1 2117 3218 2068 1869
8693 4 2 0 1 2431 2842 2585 2586
8694 4 2 0 1 3214 3032 3252 3251
8695 4 2 0 1 771 1076 2536 3525
8696 4 2 0 1 3437 3435 3416 3415
8697 4 2 0 1 3560 3646 2814 3392
8698 4 2 0 1 2654 2657 3375 2756
8699 4 2 0 1 49 1905 2456 2310
8700 4 2 0 1 2495 2738 2900 2585
8701 4 2 0 1 2067 1869 2068 3213
8702 4 2 0 1 3385 2440 2745 3419
8703 4 2 0 1 1869 3218 2068 3213
8704 4 2 0 1 3354 2485 3218 3199
8705 4 2 0 1 399 2661 2839 2741
8706 4 2 0 1 3415 3424 3429 3425
8707 4 2 0 1 3415 3424 3425 3652
8708 4 2 0 1 2969 2713 3006 2990
8709 4 2 0 1 2968 1220 2808 2079
8710 4 2 0 1 3301 3172 3347 3300
8711 4 2 0 1 3377 3516 2460 3453
8712 4 2 0 1 2968 2190 1220 2079
8713 4 2 0 1 3754 2840 3378 3382
8714 4 2 0 1 995 3825 1098 347
8715 4 2 0 1 1972 3565 3289 1768
8716 4 2 0 1 3364 3626 3365 2805
8717 4 2 0 1 2191 2968 2808 2079
8718 4 2 0 1 2190 2968 2191 2079
8719 4 2 0 1 2741 2843 2584 2709
8720 4 2 0 1 2843 2844 2584 2845
8721 4 2 0 1 2008 2828 2075 2009
8722 4 2 0 1 3218 2485 2742 3199
8723 4 2 0 1 17 3325 1503 3367
8724 4 2 0 1 762 925 3509 979
8725 4 2 0 1 3678 1856 3159 2277
8726 4 2 0 1 2031 3136 3137 2262
8727 4 2 0 1 2685 2860 2942 3509
8728 4 2 0 1 1964 3725 1306 2372
8729 4 2 0 1 3206 3725 3244 3363
8730 4 2 0 1 3725 3203 3363 3206
8731 4 2 0 1 2784 3574 2853 3509
8732 4 2 0 1 1684 1714 3250 2070
8733 4 2 0 1 3678 1856 2277 1517
8734 4 2 0 1 2763 2798 2766 2765
8735 4 2 0 1 3570 3468 2833 2676
8736 4 2 0 1 831 2981 989 10
8737 4 2 0 1 2833 2832 3570 2631
8738 4 2 0 1 3122 3119 3309 3476
8739 4 2 0 1 14 3627 2628 921
8740 4 2 0 1 2883 2852 2508 2639
8741 4 2 0 1 2774 3620 1771 1772
8742 4 2 0 1 2852 2883 2508 2880
8743 4 2 0 1 3324 3019 3703 1482
8744 4 2 0 1 2776 3350 2775 3658
8745 4 2 0 1 483 2883 2852 2880
8746 4 2 0 1 2472 155 3574 2641
8747 4 2 0 1 2503 1199 2507 357
8748 4 2 0 1 2630 2833 2676 3570
8749 4 2 0 1 2630 2833 3570 2631
8750 4 2 0 1 3574 166 3508 2641
8751 4 2 0 1 2460 3377 3453 3378
8752 4 2 0 1 1979 3174 1977 1980
8753 4 2 0 1 2815 2656 2753 3372
8754 4 2 0 1 3106 3295 3207 3107
8755 4 2 0 1 3161 3207 3295 3107
8756 4 2 0 1 3152 3733 3734 3188
8757 4 2 0 1 3017 1343 3293 1350
8758 4 2 0 1 2073 2359 3020 3041
8759 4 2 0 1 3636 2453 3259 3473
8760 4 2 0 1 2592 3039 3667 3440
8761 4 2 0 1 2703 1646 1616 3308
8762 4 2 0 1 1824 3640 1933 1430
8763 4 2 0 1 1968 1395 1393 3703
8764 4 2 0 1 3668 3030 3297 3046
8765 4 2 0 1 2448 3512 3513 2518
8766 4 2 0 1 3020 3026 3041 3021
8767 4 2 0 1 2596 2604 2832 3551
8768 4 2 0 1 3122 3330 2690 3120
8769 4 2 0 1 1946 2139 1988 3159
8770 4 2 0 1 2596 3551 2832 2791
8771 4 2 0 1 3053 1648 1632 1733
8772 4 2 0 1 3357 2080 2390 2353
8773 4 2 0 1 3681 3056 3675 3063
8774 4 2 0 1 3238 3130 3305 3712
8775 4 2 0 1 3352 1573 1570 2329
8776 4 2 0 1 3038 2453 3048 3287
8777 4 2 0 1 2833 2518 3468 2832
8778 4 2 0 1 2911 2972 2977 2433
8779 4 2 0 1 3421 2939 2445 2887
8780 4 2 0 1 2979 2433 3074 3073
8781 4 2 0 1 3511 3481 2518 3510
8782 4 2 0 1 3712 3130 3241 3162
8783 4 2 0 1 2349 1300 2178 3084
8784 4 2 0 1 3432 3653 3420 2964
8785 4 2 0 1 3596 1907 1645 3595
8786 4 2 0 1 2832 3466 3411 2791
8787 4 2 0 1 3596 1645 1907 2118
8788 4 2 0 1 2604 3551 2855 2832
8789 4 2 0 1 3082 3069 3184 3084
8790 4 2 0 1 2221 3078 2134 1672
8791 4 2 0 1 3693 3239 3227 3183
8792 4 2 0 1 2832 3466 2791 3551
8793 4 2 0 1 1249 3360 3333 3368
8794 4 2 0 1 3078 2389 2134 1672
8795 4 2 0 1 3174 1978 1979 1977
8796 4 2 0 1 3105 3313 3100 1494
8797 4 2 0 1 3272 2033 3254 1674
8798 4 2 0 1 2689 3207 3323 3181
8799 4 2 0 1 1450 3362 1834 1438
8800 4 2 0 1 2594 2791 2596 2595
8801 4 2 0 1 1915 3160 1451 3161
8802 4 2 0 1 3266 3218 3213 2145
8803 4 2 0 1 1244 2800 1242 2156
8804 4 2 0 1 1244 2249 2800 2156
8805 4 2 0 1 3243 2146 3353 1962
8806 4 2 0 1 2366 2007 3317 1872
8807 4 2 0 1 3551 2596 3550 2594
8808 4 2 0 1 922 368 635 2525
8809 4 2 0 1 432 433 3802 924
8810 4 2 0 1 1363 3699 2015 3697
8811 4 2 0 1 2451 3435 3259 2870
8812 4 2 0 1 3777 3401 371 2525
8813 4 2 0 1 1237 1883 2376 3620
8814 4 2 0 1 3681 3270 3052 3064
8815 4 2 0 1 3246 3176 2593 3478
8816 4 2 0 1 2868 3222 3175 3205
8817 4 2 0 1 2836 3414 3406 3750
8818 4 2 0 1 3203 1308 3144 1521
8819 4 2 0 1 3451 3087 3210 3080
8820 4 2 0 1 3451 3091 3080 3210
8821 4 2 0 1 2836 3414 3750 2708
8822 4 2 0 1 3619 3769 3620 1984
8823 4 2 0 1 3355 3134 3165 3356
8824 4 2 0 1 3569 3265 3119 3122
8825 4 2 0 1 3246 3719 3157 3721
8826 4 2 0 1 2316 1862 1863 3348
8827 4 2 0 1 3406 3750 3299 3751
8828 4 2 0 1 1650 2326 3710 3351
8829 4 2 0 1 3208 3101 3278 3161
8830 4 2 0 1 1296 2157 1301 3179
8831 4 2 0 1 3034 1417 1419 1418
8832 4 2 0 1 1237 3348 1865 1863
8833 4 2 0 1 2198 1876 2248 2882
8834 4 2 0 1 545 3825 1174 736
8835 4 2 0 1 1213 3783 914 539
8836 4 2 0 1 1174 3825 545 995
8837 4 2 0 1 1174 3825 3773 736
8838 4 2 0 1 3198 3192 2876 3120
8839 4 2 0 1 1932 1745 3245 2189
8840 4 2 0 1 3059 2294 2014 2051
8841 4 2 0 1 1637 3053 3245 1621
8842 4 2 0 1 432 3802 433 419
8843 4 2 0 1 2066 1673 2048 3254
8844 4 2 0 1 2232 3134 3355 3356
8845 4 2 0 1 1483 3678 3158 1986
8846 4 2 0 1 3208 3101 3161 3207
8847 4 2 0 1 3478 2593 3441 3548
8848 4 2 0 1 1619 1620 3737 3189
8849 4 2 0 1 3171 3174 3170 3255
8850 4 2 0 1 3167 1740 1493 2234
8851 4 2 0 1 2653 929 3384 3541
8852 4 2 0 1 3208 3101 3207 3314
8853 4 2 0 1 3101 3208 3269 3314
8854 4 2 0 1 3025 2690 3122 3476
8855 4 2 0 1 2897 3307 3311 3051
8856 4 2 0 1 2923 1948 1 2651
8857 4 2 0 1 3190 1635 1644 1634
8858 4 2 0 1 3153 1681 1682 1680
8859 4 2 0 1 1684 3153 1682 1680
8860 4 2 0 1 1674 3272 1742 3254
8861 4 2 0 1 3777 3401 2525 368
8862 4 2 0 1 2823 3051 3307 2897
8863 4 2 0 1 2213 2077 1814 3278
8864 4 2 0 1 2776 2774 3348 3659
8865 4 2 0 1 368 3401 2525 922
8866 4 2 0 1 3406 3472 3416 3756
8867 4 2 0 1 2221 1853 2134 3078
8868 4 2 0 1 3644 2774 3348 2776
8869 4 2 0 1 3785 1065 913 507
8870 4 2 0 1 3455 2497 3616 2441
8871 4 2 0 1 914 3783 1213 3804
8872 4 2 0 1 3190 1644 1726 1727
8873 4 2 0 1 2860 2681 2942 2941
8874 4 2 0 1 2786 3648 2503 2945
8875 4 2 0 1 2470 2473 2998 2642
8876 4 2 0 1 3020 1854 3044 3078
8877 4 2 0 1 2471 3761 2841 2946
8878 4 2 0 1 3020 1854 3078 2331
8879 4 2 0 1 2848 1219 2704 2796
8880 4 2 0 1 2301 1486 2362 2957
8881 4 2 0 1 1906 2706 1797 2704
8882 4 2 0 1 3457 3615 2760 2443
8883 4 2 0 1 2800 2870 2871 3220
8884 4 2 0 1 3406 3261 2838 2836
8885 4 2 0 1 3020 1854 2331 2359
8886 4 2 0 1 3037 3036 3416 3024
8887 4 2 0 1 1399 2260 2200 3188
8888 4 2 0 1 2200 3733 3188 3734
8889 4 2 0 1 2824 2577 3609 3606
8890 4 2 0 1 3460 956 77 3461
8891 4 2 0 1 3020 1854 2073 3044
8892 4 2 0 1 3020 2073 1854 2359
8893 4 2 0 1 2472 155 159 156
8894 4 2 0 1 3708 2027 2222 2270
8895 4 2 0 1 2463 673 674 729
8896 4 2 0 1 1426 3708 2222 2270
8897 4 2 0 1 222 847 3510 310
8898 4 2 0 1 914 3783 696 539
8899 4 2 0 1 2580 672 671 215
8900 4 2 0 1 2675 3585 3586 2664
8901 4 2 0 1 2670 2672 3400 2558
8902 4 2 0 1 3391 615 2459 624
8903 4 2 0 1 943 2536 454 1076
8904 4 2 0 1 3400 2672 2670 3583
8905 4 2 0 1 3707 3708 1426 2270
8906 4 2 0 1 2671 2558 2670 3400
8907 4 2 0 1 2884 744 1151 877
8908 4 2 0 1 2044 2330 1840 2877
8909 4 2 0 1 2670 2671 3400 3583
8910 4 2 0 1 1076 580 943 2538
8911 4 2 0 1 943 2536 1076 2538
8912 4 2 0 1 3155 3637 3154 3284
8913 4 2 0 1 2500 2663 2664 3504
8914 4 2 0 1 247 1150 2970 245
8915 4 2 0 1 244 243 245 2608
8916 4 2 0 1 3002 2626 2681 2682
8917 4 2 0 1 568 3775 258 569
8918 4 2 0 1 3350 1863 2391 3348
8919 4 2 0 1 3350 2909 3659 1867
8920 4 2 0 1 3002 2626 2682 2535
8921 4 2 0 1 3610 2577 579 3608
8922 4 2 0 1 1290 3712 3194 1291
8923 4 2 0 1 2681 3002 2683 2533
8924 4 2 0 1 3712 3194 1291 2244
8925 4 2 0 1 439 440 2864 466
8926 4 2 0 1 3526 2854 3525 2537
8927 4 2 0 1 3606 2300 2749 2345
8928 4 2 0 1 2539 2548 2573 3526
8929 4 2 0 1 2771 2772 2543 2558
8930 4 2 0 1 3128 2066 3254 3679
8931 4 2 0 1 3128 2066 3679 2266
8932 4 2 0 1 3052 1286 1284 3713
8933 4 2 0 1 1783 2256 3302 2094
8934 4 2 0 1 1699 3353 3732 2092
8935 4 2 0 1 1699 3732 2239 2092
8936 4 2 0 1 1904 1942 3732 2092
8937 4 2 0 1 1750 1751 3791 1382
8938 4 2 0 1 2001 3818 3324 1998
8939 4 2 0 1 7 1025 8 3550
8940 4 2 0 1 2591 3638 3639 2881
8941 4 2 0 1 106 2914 1207 605
8942 4 2 0 1 812 2664 2675 3586
8943 4 2 0 1 106 2934 107 92
8944 4 2 0 1 3468 2833 2676 3763
8945 4 2 0 1 3076 1595 3706 1594
8946 4 2 0 1 108 3002 92 2934
8947 4 2 0 1 3317 2183 3178 1962
8948 4 2 0 1 3254 1856 3160 3159
8949 4 2 0 1 3488 465 1156 2735
8950 4 2 0 1 3754 2986 3378 2840
8951 4 2 0 1 3171 1479 1810 1687
8952 4 2 0 1 3215 3697 3111 3109
8953 4 2 0 1 3306 2071 1951 1709
8954 4 2 0 1 502 2711 1063 884
8955 4 2 0 1 1165 2614 2975 3563
8956 4 2 0 1 2577 1520 1841 3608
8957 4 2 0 1 2816 2645 3527 2879
8958 4 2 0 1 1787 3306 2288 1951
8959 4 2 0 1 2881 3284 3155 3153
8960 4 2 0 1 3306 2053 1728 2327
8961 4 2 0 1 1906 1797 2706 1799
8962 4 2 0 1 1708 1524 3275 1709
8963 4 2 0 1 2988 1129 1023 75
8964 4 2 0 1 2988 2421 2505 2985
8965 4 2 0 1 92 3002 108 889
8966 4 2 0 1 3002 25 24 2682
8967 4 2 0 1 2155 2623 2968 3016
8968 4 2 0 1 2155 2623 3016 1232
8969 4 2 0 1 2489 973 718 95
8970 4 2 0 1 24 25 3002 889
8971 4 2 0 1 1003 973 2999 899
8972 4 2 0 1 3002 24 2535 2682
8973 4 2 0 1 1688 1689 1240 3797
8974 4 2 0 1 1524 2071 3275 1709
8975 4 2 0 1 3644 1233 2365 2305
8976 4 2 0 1 1809 3608 1925 2299
8977 4 2 0 1 3574 2508 2639 2853
8978 4 2 0 1 1520 3608 2024 2299
8979 4 2 0 1 3761 3763 2785 3468
8980 4 2 0 1 2533 3522 2853 2666
8981 4 2 0 1 3397 2467 3600 2722
8982 4 2 0 1 2682 3002 25 26
8983 4 2 0 1 2565 2781 2632 3386
8984 4 2 0 1 955 2627 2914 746
8985 4 2 0 1 2904 958 684 130
8986 4 2 0 1 2845 2575 2584 3546
8987 4 2 0 1 500 2621 612 499
8988 4 2 0 1 2570 2770 2569 2567
8989 4 2 0 1 3400 2558 2544 2657
8990 4 2 0 1 2456 2437 3460 936
8991 4 2 0 1 3160 2184 2116 3159
8992 4 2 0 1 2648 170 169 3601
8993 4 2 0 1 2356 3275 2321 3276
8994 4 2 0 1 555 2683 933 683
8995 4 2 0 1 3289 1972 1768 1654
8996 4 2 0 1 1450 3362 3276 3275
8997 4 2 0 1 2634 928 175 842
8998 4 2 0 1 2007 1508 3276 1510
8999 4 2 0 1 3095 1436 3362 2160
9000 4 2 0 1 2411 1193 3562 2632
9001 4 2 0 1 1450 3275 3276 2321
9002 4 2 0 1 3002 92 24 889
9003 4 2 0 1 2184 3160 1455 3159
9004 4 2 0 1 3001 271 3003 268
9005 4 2 0 1 2723 859 633 860
9006 4 2 0 1 1781 3690 2332 2380
9007 4 2 0 1 659 863 2418 909
9008 4 2 0 1 739 607 2412 608
9009 4 2 0 1 189 3390 2566 186
9010 4 2 0 1 990 2576 1034 719
9011 4 2 0 1 1329 3690 1911 2332
9012 4 2 0 1 196 195 2561 194
9013 4 2 0 1 3537 195 3536 2559
9014 4 2 0 1 526 2576 529 629
9015 4 2 0 1 3002 2533 2535 2934
9016 4 2 0 1 373 2654 3401 376
9017 4 2 0 1 1856 3254 2033 1518
9018 4 2 0 1 680 577 552 3531
9019 4 2 0 1 168 2476 3601 2721
9020 4 2 0 1 1077 2534 356 2532
9021 4 2 0 1 2724 215 216 3586
9022 4 2 0 1 2534 955 356 851
9023 4 2 0 1 2941 1010 2940 631
9024 4 2 0 1 3002 2626 2535 2533
9025 4 2 0 1 874 2463 1042 674
9026 4 2 0 1 3486 2849 2858 2468
9027 4 2 0 1 1149 3571 2519 757
9028 4 2 0 1 2797 3537 2620 2401
9029 4 2 0 1 2562 2401 2561 2797
9030 4 2 0 1 60 91 2577 2967
9031 4 2 0 1 497 559 558 3494
9032 4 2 0 1 3598 333 2713 315
9033 4 2 0 1 2714 2715 2717 3598
9034 4 2 0 1 2797 3537 2401 2561
9035 4 2 0 1 2733 2854 2464 2731
9036 4 2 0 1 3152 3718 3150 3651
9037 4 2 0 1 3578 805 2484 1169
9038 4 2 0 1 3416 3415 3406 2427
9039 4 2 0 1 3407 3406 3756 3472
9040 4 2 0 1 710 3829 517 513
9041 4 2 0 1 2857 3525 1048 267
9042 4 2 0 1 1086 2888 669 452
9043 4 2 0 1 2842 2738 2993 2918
9044 4 2 0 1 570 3528 564 2543
9045 4 2 0 1 1086 2888 452 2967
9046 4 2 0 1 61 60 91 2577
9047 4 2 0 1 3495 2478 2779 3009
9048 4 2 0 1 2403 2409 608 2412
9049 4 2 0 1 2478 3495 2404 3009
9050 4 2 0 1 2451 3416 3024 3037
9051 4 2 0 1 2416 1000 2620 285
9052 4 2 0 1 639 559 2411 3494
9053 4 2 0 1 2431 2850 2842 2586
9054 4 2 0 1 1233 3644 2230 3797
9055 4 2 0 1 2230 3644 2365 1926
9056 4 2 0 1 2451 3416 3037 3435
9057 4 2 0 1 93 3644 55 54
9058 4 2 0 1 1233 2230 3644 2365
9059 4 2 0 1 271 3001 3003 2895
9060 4 2 0 1 760 2608 3006 253
9061 4 2 0 1 2476 2721 976 3491
9062 4 2 0 1 3765 2589 2811 2590
9063 4 2 0 1 2658 2399 2842 2586
9064 4 2 0 1 270 254 1052 2990
9065 4 2 0 1 3001 825 305 301
9066 4 2 0 1 560 3001 894 825
9067 4 2 0 1 865 2530 282 642
9068 4 2 0 1 2479 3521 2404 2819
9069 4 2 0 1 2451 3416 3435 2450
9070 4 2 0 1 2850 2658 2842 2586
9071 4 2 0 1 1208 772 740 2913
9072 4 2 0 1 2572 2536 2573 3373
9073 4 2 0 1 2451 3416 2450 3024
9074 4 2 0 1 3470 2912 3624 2790
9075 4 2 0 1 2589 2673 2590 2674
9076 4 2 0 1 3229 1473 1471 1474
9077 4 2 0 1 875 2716 675 490
9078 4 2 0 1 2745 3758 3380 2744
9079 4 2 0 1 2789 2594 2595 2791
9080 4 2 0 1 2479 612 2621 499
9081 4 2 0 1 696 3783 914 3804
9082 4 2 0 1 376 927 3401 800
9083 4 2 0 1 376 2397 378 377
9084 4 2 0 1 2606 2885 2995 3461
9085 4 2 0 1 887 725 2982 565
9086 4 2 0 1 2728 2484 2643 2729
9087 4 2 0 1 749 3541 3540 3539
9088 4 2 0 1 329 2669 316 793
9089 4 2 0 1 2547 2854 2731 2398
9090 4 2 0 1 2537 2854 2547 2398
9091 4 2 0 1 649 484 1218 2937
9092 4 2 0 1 995 3825 780 1098
9093 4 2 0 1 2673 582 2412 2587
9094 4 2 0 1 2757 445 550 446
9095 4 2 0 1 2975 3499 3501 2616
9096 4 2 0 1 2395 2589 2674 2673
9097 4 2 0 1 2888 2967 459 452
9098 4 2 0 1 452 669 484 2888
9099 4 2 0 1 2155 2623 1232 1955
9100 4 2 0 1 2824 3582 2662 2888
9101 4 2 0 1 3402 3781 3404 980
9102 4 2 0 1 2419 2797 2401 2851
9103 4 2 0 1 2586 3450 2755 3447
9104 4 2 0 1 3644 2774 2776 2907
9105 4 2 0 1 2484 3824 991 2482
9106 4 2 0 1 980 3781 1123 3816
9107 4 2 0 1 2970 760 2643 717
9108 4 2 0 1 3008 2779 2419 2792
9109 4 2 0 1 2782 2419 2779 2851
9110 4 2 0 1 3831 3786 985 2889
9111 4 2 0 1 2863 2480 2994 2481
9112 4 2 0 1 2497 2930 2489 3502
9113 4 2 0 1 3500 2892 3447 2432
9114 4 2 0 1 3500 2894 2845 3447
9115 4 2 0 1 828 2582 765 3501
9116 4 2 0 1 764 2584 2583 2709
9117 4 2 0 1 3603 1022 546 1133
9118 4 2 0 1 3546 435 2583 876
9119 4 2 0 1 640 2614 1165 3563
9120 4 2 0 1 3787 881 924 2889
9121 4 2 0 1 2176 1689 1775 3789
9122 4 2 0 1 2755 3450 2844 2430
9123 4 2 0 1 3447 3450 2755 2430
9124 4 2 0 1 2736 753 2992 754
9125 4 2 0 1 1003 973 476 2489
9126 4 2 0 1 3454 2925 2810 2798
9127 4 2 0 1 3538 2570 2568 2610
9128 4 2 0 1 3696 3793 2377 1852
9129 4 2 0 1 826 592 3622 843
9130 4 2 0 1 2925 3454 2494 2513
9131 4 2 0 1 3495 2475 2717 3496
9132 4 2 0 1 339 3766 3832 625
9133 4 2 0 1 3655 3793 3696 1852
9134 4 2 0 1 3821 3161 3295 1447
9135 4 2 0 1 2925 2798 2441 2765
9136 4 2 0 1 1423 3043 3050 3169
9137 4 2 0 1 2928 2442 2761 3616
9138 4 2 0 1 2962 3067 3653 2452
9139 4 2 0 1 3453 2813 3398 2461
9140 4 2 0 1 3067 3280 3653 2452
9141 4 2 0 1 875 1028 3581 495
9142 4 2 0 1 3696 3161 3101 3207
9143 4 2 0 1 2824 3582 2888 2577
9144 4 2 0 1 2889 461 509 557
9145 4 2 0 1 3101 3793 3655 3160
9146 4 2 0 1 2671 533 531 532
9147 4 2 0 1 529 629 2576 743
9148 4 2 0 1 3101 3314 3696 3207
9149 4 2 0 1 3402 3816 980 602
9150 4 2 0 1 170 3600 2723 2721
9151 4 2 0 1 3696 3314 3101 3655
9152 4 2 0 1 2561 599 858 2563
9153 4 2 0 1 2844 3612 2915 2645
9154 4 2 0 1 3392 2919 2921 2462
9155 4 2 0 1 2918 2773 2465 2993
9156 4 2 0 1 2844 2915 3612 2755
9157 4 2 0 1 2983 1152 1041 2982
9158 4 2 0 1 3007 1202 286 3010
9159 4 2 0 1 3069 1538 3065 3683
9160 4 2 0 1 3013 2921 2769 3646
9161 4 2 0 1 3069 1952 1816 3084
9162 4 2 0 1 2780 2620 2782 2797
9163 4 2 0 1 2399 3372 2655 2842
9164 4 2 0 1 2414 3371 3753 2769
9165 4 2 0 1 2417 1182 2811 909
9166 4 2 0 1 3533 2834 2797 3388
9167 4 2 0 1 2808 2155 2191 1955
9168 4 2 0 1 792 2479 2652 3581
9169 4 2 0 1 3069 3065 1538 1952
9170 4 2 0 1 2407 3485 2752 2467
9171 4 2 0 1 3490 3485 2474 3488
9172 4 2 0 1 3773 3825 1174 995
9173 4 2 0 1 2555 3485 3488 2474
9174 4 2 0 1 2751 3564 2903 2994
9175 4 2 0 1 3564 2751 2662 2994
9176 4 2 0 1 27 2169 26 2682
9177 4 2 0 1 2888 2751 2937 2994
9178 4 2 0 1 2661 2994 2903 3564
9179 4 2 0 1 3069 3065 1952 3084
9180 4 2 0 1 2655 2545 3530 2756
9181 4 2 0 1 2583 428 764 449
9182 4 2 0 1 2661 2994 3564 2481
9183 4 2 0 1 3563 2975 2748 2976
9184 4 2 0 1 2903 405 2661 402
9185 4 2 0 1 3530 3371 2655 2756
9186 4 2 0 1 229 1109 2635 501
9187 4 2 0 1 2531 237 234 2529
9188 4 2 0 1 2434 3262 3164 3218
9189 4 2 0 1 2808 2155 1955 2623
9190 4 2 0 1 2631 310 2517 3510
9191 4 2 0 1 2786 2503 2700 2504
9192 4 2 0 1 3533 2556 3532 3388
9193 4 2 0 1 2550 2563 2781 2634
9194 4 2 0 1 2561 599 2563 3531
9195 4 2 0 1 3075 3070 3072 3688
9196 4 2 0 1 2975 3499 2616 2976
9197 4 2 0 1 2578 2458 2459 2402
9198 4 2 0 1 67 2975 3501 2616
9199 4 2 0 1 2432 2439 3634 2498
9200 4 2 0 1 3403 817 638 645
9201 4 2 0 1 2587 2589 582 2418
9202 4 2 0 1 3390 189 2566 2418
9203 4 2 0 1 2637 2459 2458 2402
9204 4 2 0 1 2977 2911 2433 3073
9205 4 2 0 1 3447 3446 2586 3634
9206 4 2 0 1 2459 2581 2578 2402
9207 4 2 0 1 2827 2625 2893 2947
9208 4 2 0 1 2443 3345 3344 3615
9209 4 2 0 1 2443 3345 3615 2761
9210 4 2 0 1 3366 3285 3309 3264
9211 4 2 0 1 3034 2073 1428 3028
9212 4 2 0 1 448 3830 3772 410
9213 4 2 0 1 402 399 2661 2903
9214 4 2 0 1 3034 1428 2073 1417
9215 4 2 0 1 1062 3488 3490 2920
9216 4 2 0 1 2568 2407 2814 3560
9217 4 2 0 1 763 3784 205 814
9218 4 2 0 1 2998 3398 2813 2470
9219 4 2 0 1 947 1098 3825 347
9220 4 2 0 1 780 3825 3804 1098
9221 4 2 0 1 3603 919 1107 436
9222 4 2 0 1 1009 3812 3794 3399
9223 4 2 0 1 3142 3363 3144 3206
9224 4 2 0 1 2980 2801 891 2510
9225 4 2 0 1 2670 3010 2771 2782
9226 4 2 0 1 3489 2723 1154 1056
9227 4 2 0 1 2771 3010 2670 3584
9228 4 2 0 1 2648 170 2723 171
9229 4 2 0 1 460 432 924 433
9230 4 2 0 1 312 3765 2590 313
9231 4 2 0 1 602 3816 980 1123
9232 4 2 0 1 3609 3597 779 2824
9233 4 2 0 1 3539 445 394 1078
9234 4 2 0 1 1077 1189 2914 605
9235 4 2 0 1 209 2667 208 207
9236 4 2 0 1 2535 2914 3016 106
9237 4 2 0 1 227 226 228 3517
9238 4 2 0 1 940 2628 2630 1194
9239 4 2 0 1 2548 2658 2545 2655
9240 4 2 0 1 2922 2787 2516 701
9241 4 2 0 1 785 2600 2596 676
9242 4 2 0 1 3605 2747 795 3461
9243 4 2 0 1 2901 627 1141 3539
9244 4 2 0 1 903 2653 2654 381
9245 4 2 0 1 2573 2548 2545 3526
9246 4 2 0 1 551 2757 550 747
9247 4 2 0 1 50 2980 51 2310
9248 4 2 0 1 2636 2736 2737 2521
9249 4 2 0 1 99 2510 849 1131
9250 4 2 0 1 2915 2511 2755 2844
9251 4 2 0 1 828 765 656 3501
9252 4 2 0 1 767 876 2492 2583
9253 4 2 0 1 3340 2246 66 65
9254 4 2 0 1 2740 427 426 2584
9255 4 2 0 1 2890 68 69 1092
9256 4 2 0 1 2737 281 2787 2521
9257 4 2 0 1 2710 2617 455 2709
9258 4 2 0 1 894 2475 3001 560
9259 4 2 0 1 2737 281 2521 754
9260 4 2 0 1 2531 2638 2818 2530
9261 4 2 0 1 339 3534 329 537
9262 4 2 0 1 3521 2818 2530 3483
9263 4 2 0 1 2804 2919 3573 2818
9264 4 2 0 1 2919 2465 3573 2818
9265 4 2 0 1 1101 1189 2914 746
9266 4 2 0 1 2468 3763 2846 3762
9267 4 2 0 1 2469 1198 695 123
9268 4 2 0 1 1829 3149 3197 3240
9269 4 2 0 1 89 1209 2809 18
9270 4 2 0 1 3801 165 3519 2906
9271 4 2 0 1 3508 2718 2641 822
9272 4 2 0 1 2545 2658 3376 2655
9273 4 2 0 1 3070 2433 2911 3073
9274 4 2 0 1 2818 3521 2530 2479
9275 4 2 0 1 3528 3525 2541 3529
9276 4 2 0 1 771 3525 2536 2541
9277 4 2 0 1 285 2668 2620 3007
9278 4 2 0 1 3525 771 3528 2541
9279 4 2 0 1 725 724 1041 2982
9280 4 2 0 1 3534 595 2560 3535
9281 4 2 0 1 932 3809 3836 710
9282 4 2 0 1 2466 2467 2752 3485
9283 4 2 0 1 205 3784 1173 814
9284 4 2 0 1 2393 771 2536 2541
9285 4 2 0 1 2393 3528 771 2541
9286 4 2 0 1 835 108 110 3623
9287 4 2 0 1 3596 3289 3090 1653
9288 4 2 0 1 3648 2684 2503 2945
9289 4 2 0 1 2408 2726 3602 2679
9290 4 2 0 1 2556 2936 3533 3532
9291 4 2 0 1 2559 191 195 1160
9292 4 2 0 1 1067 3531 2563 599
9293 4 2 0 1 3409 2606 2996 3755
9294 4 2 0 1 146 2549 3532 2920
9295 4 2 0 1 2633 2400 2781 2551
9296 4 2 0 1 2400 2633 3387 2551
9297 4 2 0 1 1771 3769 1751 1753
9298 4 2 0 1 2474 2549 3532 2551
9299 4 2 0 1 595 3402 2560 3535
9300 4 2 0 1 2559 1160 202 638
9301 4 2 0 1 3213 3303 2136 3193
9302 4 2 0 1 2879 908 439 943
9303 4 2 0 1 2834 3388 2551 2400
9304 4 2 0 1 3213 2136 3303 1666
9305 4 2 0 1 3401 3399 2413 587
9306 4 2 0 1 2559 191 1160 806
9307 4 2 0 1 2808 2155 2623 2968
9308 4 2 0 1 2941 28 1128 1044
9309 4 2 0 1 3633 2008 2828 1719
9310 4 2 0 1 1009 3774 646 3812
9311 4 2 0 1 933 1043 2941 1044
9312 4 2 0 1 2566 2559 3537 3403
9313 4 2 0 1 2136 3213 3193 2029
9314 4 2 0 1 1030 3775 2484 2643
9315 4 2 0 1 2566 2559 3403 806
9316 4 2 0 1 2608 2733 2643 2574
9317 4 2 0 1 2608 689 264 2643
9318 4 2 0 1 3537 195 2559 191
9319 4 2 0 1 111 735 2778 2532
9320 4 2 0 1 74 2627 2968 745
9321 4 2 0 1 117 741 2476 829
9322 4 2 0 1 2846 3487 3486 3762
9323 4 2 0 1 2777 2997 2473 3575
9324 4 2 0 1 2914 746 2627 3016
9325 4 2 0 1 74 2627 745 746
9326 4 2 0 1 3812 3794 3399 530
9327 4 2 0 1 486 658 1151 2884
9328 4 2 0 1 2595 2917 2872 3327
9329 4 2 0 1 2611 3572 2647 2859
9330 4 2 0 1 3564 2741 2712 2839
9331 4 2 0 1 924 2889 881 438
9332 4 2 0 1 2595 2872 2981 2594
9333 4 2 0 1 600 89 1209 2809
9334 4 2 0 1 3601 3492 3600 2721
9335 4 2 0 1 90 2981 2596 2595
9336 4 2 0 1 90 2596 2981 1188
9337 4 2 0 1 3570 2631 3571 2630
9338 4 2 0 1 1929 2105 2877 3281
9339 4 2 0 1 3476 2593 3477 3441
9340 4 2 0 1 2706 2705 2692 1797
9341 4 2 0 1 2997 2569 2722 2610
9342 4 2 0 1 2467 3492 3600 2722
9343 4 2 0 1 2669 793 1204 821
9344 4 2 0 1 312 3765 313 317
9345 4 2 0 1 1173 3784 205 890
9346 4 2 0 1 658 486 487 2884
9347 4 2 0 1 2473 2997 2610 2568
9348 4 2 0 1 2467 2997 3492 2722
9349 4 2 0 1 2977 3073 2908 3075
9350 4 2 0 1 2944 1038 2942 2943
9351 4 2 0 1 88 1113 2943 2940
9352 4 2 0 1 2685 2860 3509 2508
9353 4 2 0 1 2473 2610 2997 2467
9354 4 2 0 1 3489 1021 2550 1142
9355 4 2 0 1 3489 2549 2474 2550
9356 4 2 0 1 2834 3533 3532 3388
9357 4 2 0 1 2883 555 2860 2880
9358 4 2 0 1 2402 2611 2621 3391
9359 4 2 0 1 2399 3372 2842 3379
9360 4 2 0 1 3538 3560 3544 2610
9361 4 2 0 1 2671 2394 2556 2558
9362 4 2 0 1 2399 3379 2842 3380
9363 4 2 0 1 3598 1091 2991 3006
9364 4 2 0 1 2399 3379 3380 2440
9365 4 2 0 1 3407 2447 3472 3412
9366 4 2 0 1 3391 615 624 614
9367 4 2 0 1 1239 2682 3289 2055
9368 4 2 0 1 2942 2941 2943 2940
9369 4 2 0 1 815 585 992 3784
9370 4 2 0 1 273 2674 1054 682
9371 4 2 0 1 2399 3379 2440 2753
9372 4 2 0 1 3542 3391 2621 614
9373 4 2 0 1 3782 331 327 322
9374 4 2 0 1 248 611 2969 250
9375 4 2 0 1 614 3391 2621 799
9376 4 2 0 1 614 3391 799 967
9377 4 2 0 1 1009 3812 646 540
9378 4 2 0 1 2489 876 2498 2492
9379 4 2 0 1 2654 2653 905 381
9380 4 2 0 1 2536 3527 2573 3374
9381 4 2 0 1 2848 1219 2796 3359
9382 4 2 0 1 2522 225 223 2523
9383 4 2 0 1 582 3390 2564 2587
9384 4 2 0 1 460 2480 590 953
9385 4 2 0 1 2877 2272 1840 2871
9386 4 2 0 1 2740 425 421 424
9387 4 2 0 1 2585 2842 2439 2586
9388 4 2 0 1 2874 3549 2878 2449
9389 4 2 0 1 3783 540 3823 541
9390 4 2 0 1 2871 8 7 2292
9391 4 2 0 1 3509 2509 2503 2685
9392 4 2 0 1 237 236 234 2529
9393 4 2 0 1 501 229 231 2635
9394 4 2 0 1 2483 562 580 466
9395 4 2 0 1 717 2643 2970 568
9396 4 2 0 1 240 2713 2733 2608
9397 4 2 0 1 2766 3472 2447 3412
9398 4 2 0 1 3822 1173 827 3784
9399 4 2 0 1 2609 2578 2402 2458
9400 4 2 0 1 2615 2511 2712 2894
9401 4 2 0 1 3643 1127 3610 2980
9402 4 2 0 1 3428 3074 3427 3267
9403 4 2 0 1 1659 1661 3260 3326
9404 4 2 0 1 101 49 2456 50
9405 4 2 0 1 779 1127 1131 2510
9406 4 2 0 1 2666 2534 3524 3522
9407 4 2 0 1 2836 3414 2708 2838
9408 4 2 0 1 2212 3234 1578 1580
9409 4 2 0 1 1029 2721 462 1163
9410 4 2 0 1 2836 3414 2838 3406
9411 4 2 0 1 2708 3414 3750 3296
9412 4 2 0 1 2796 1219 2704 2109
9413 4 2 0 1 3451 2149 2358 3083
9414 4 2 0 1 2718 575 161 822
9415 4 2 0 1 2909 1487 2197 2137
9416 4 2 0 1 2358 2149 3451 1369
9417 4 2 0 1 179 2410 1191 2564
9418 4 2 0 1 2638 2479 2804 2818
9419 4 2 0 1 2919 2818 2773 2465
9420 4 2 0 1 1208 845 448 2913
9421 4 2 0 1 518 3815 1175 945
9422 4 2 0 1 1087 2903 402 1206
9423 4 2 0 1 2577 2749 3610 3609
9424 4 2 0 1 2916 748 878 747
9425 4 2 0 1 3541 2916 748 751
9426 4 2 0 1 2615 2429 2619 2803
9427 4 2 0 1 2711 885 884 503
9428 4 2 0 1 3335 2135 1924 1774
9429 4 2 0 1 3348 3643 3644 2776
9430 4 2 0 1 3738 2750 3200 2619
9431 4 2 0 1 3689 2358 3083 3451
9432 4 2 0 1 3383 2609 3392 2637
9433 4 2 0 1 3394 3383 3392 2637
9434 4 2 0 1 2804 3394 2919 3392
9435 4 2 0 1 1047 3571 2630 2628
9436 4 2 0 1 2913 407 448 807
9437 4 2 0 1 827 3784 1173 890
9438 4 2 0 1 2804 3394 3392 2637
9439 4 2 0 1 416 2913 448 807
9440 4 2 0 1 3393 2609 3383 2637
9441 4 2 0 1 412 410 3772 3830
9442 4 2 0 1 3394 3393 3383 2637
9443 4 2 0 1 2706 1906 2796 2704
9444 4 2 0 1 3621 2532 3623 111
9445 4 2 0 1 122 120 121 2639
9446 4 2 0 1 3451 1330 2358 1369
9447 4 2 0 1 3725 1257 1306 1258
9448 4 2 0 1 3124 1375 3713 1284
9449 4 2 0 1 2490 2923 2924 2931
9450 4 2 0 1 6 2227 2597 1539
9451 4 2 0 1 3370 3360 3361 3333
9452 4 2 0 1 688 1068 206 2778
9453 4 2 0 1 1090 2599 650 2603
9454 4 2 0 1 2778 735 356 2532
9455 4 2 0 1 2777 2680 2639 3491
9456 4 2 0 1 2869 1376 3281 1253
9457 4 2 0 1 2883 3623 3622 2508
9458 4 2 0 1 3438 3037 3259 2453
9459 4 2 0 1 2777 2639 2469 3491
9460 4 2 0 1 2640 2667 3522 2778
9461 4 2 0 1 3725 1256 1257 1258
9462 4 2 0 1 1679 3157 3745 1680
9463 4 2 0 1 2014 3059 2051 1860
9464 4 2 0 1 1272 3358 3674 2353
9465 4 2 0 1 2639 114 3622 120
9466 4 2 0 1 119 116 2680 117
9467 4 2 0 1 1826 3171 3231 1687
9468 4 2 0 1 3742 2139 3252 3159
9469 4 2 0 1 3679 1729 3678 3061
9470 4 2 0 1 116 688 124 2778
9471 4 2 0 1 3509 2503 2942 2685
9472 4 2 0 1 3498 2485 2742 3228
9473 4 2 0 1 3125 2257 3676 2320
9474 4 2 0 1 2777 2680 3491 2476
9475 4 2 0 1 2348 3745 3250 2070
9476 4 2 0 1 2777 2680 2476 2640
9477 4 2 0 1 2399 2658 3376 3384
9478 4 2 0 1 1257 1256 3363 1255
9479 4 2 0 1 1257 3363 1256 3725
9480 4 2 0 1 3244 3363 1256 1255
9481 4 2 0 1 1300 2392 2178 3084
9482 4 2 0 1 3181 1534 1812 1533
9483 4 2 0 1 2392 1299 2178 3084
9484 4 2 0 1 1809 1765 1766 3335
9485 4 2 0 1 3692 2392 1298 2384
9486 4 2 0 1 3548 3222 2868 3205
9487 4 2 0 1 3244 1256 3363 3725
9488 4 2 0 1 3726 1266 1779 1268
9489 4 2 0 1 3203 2275 2059 1975
9490 4 2 0 1 3149 1624 1625 1643
9491 4 2 0 1 3691 3138 3162 3241
9492 4 2 0 1 3748 3712 1289 3713
9493 4 2 0 1 1316 3349 3138 1317
9494 4 2 0 1 3611 1764 1763 1765
9495 4 2 0 1 531 529 528 2669
9496 4 2 0 1 1982 1791 2951 2953
9497 4 2 0 1 3418 3461 2445 2885
9498 4 2 0 1 3692 3094 3693 3093
9499 4 2 0 1 3700 1961 1537 3292
9500 4 2 0 1 2003 1816 3700 1537
9501 4 2 0 1 3350 1864 2316 2228
9502 4 2 0 1 531 2783 2669 528
9503 4 2 0 1 2003 3701 1670 1785
9504 4 2 0 1 1872 3317 2317 1950
9505 4 2 0 1 2022 3353 3732 3243
9506 4 2 0 1 2770 2569 2476 2678
9507 4 2 0 1 3418 2445 3461 3462
9508 4 2 0 1 117 119 829 2476
9509 4 2 0 1 3791 1983 3619 1884
9510 4 2 0 1 2606 3418 3461 3559
9511 4 2 0 1 2389 3593 1671 2696
9512 4 2 0 1 1387 3790 1385 1782
9513 4 2 0 1 3331 1341 1342 1340
9514 4 2 0 1 1985 3620 1883 1689
9515 4 2 0 1 2606 2885 3461 3418
9516 4 2 0 1 41 3808 1431 40
9517 4 2 0 1 3462 3461 3418 3559
9518 4 2 0 1 3224 3227 2435 3288
9519 4 2 0 1 2641 822 161 159
9520 4 2 0 1 3641 3297 3665 2020
9521 4 2 0 1 1669 3182 1892 3701
9522 4 2 0 1 1431 3808 41 2704
9523 4 2 0 1 2641 161 822 2718
9524 4 2 0 1 1431 3808 2010 40
9525 4 2 0 1 2522 225 224 223
9526 4 2 0 1 3413 2450 2874 2449
9527 4 2 0 1 2451 2874 2450 2873
9528 4 2 0 1 3096 2247 1427 3095
9529 4 2 0 1 2450 2874 2451 3024
9530 4 2 0 1 1415 3030 3029 1921
9531 4 2 0 1 2699 3752 2947 2501
9532 4 2 0 1 3399 3774 1103 3401
9533 4 2 0 1 3020 3021 2019 2331
9534 4 2 0 1 3331 3232 3661 3201
9535 4 2 0 1 2010 3808 1431 2704
9536 4 2 0 1 2010 3808 39 40
9537 4 2 0 1 2421 3408 2708 3750
9538 4 2 0 1 3098 3102 2455 3334
9539 4 2 0 1 3171 2238 2383 1465
9540 4 2 0 1 1512 1476 1976 3229
9541 4 2 0 1 2356 1945 2046 3306
9542 4 2 0 1 3628 2827 2947 2825
9543 4 2 0 1 2504 3592 2505 2700
9544 4 2 0 1 1364 2183 1962 3178
9545 4 2 0 1 3592 2694 2505 2700
9546 4 2 0 1 2093 2283 3776 1489
9547 4 2 0 1 3104 1413 3030 1415
9548 4 2 0 1 1545 3095 1434 1427
9549 4 2 0 1 3565 1953 1232 2623
9550 4 2 0 1 3661 3232 3331 3212
9551 4 2 0 1 3837 1479 3171 1463
9552 4 2 0 1 1617 3077 2199 3168
9553 4 2 0 1 3301 3060 3063 3057
9554 4 2 0 1 1286 1287 1284 3713
9555 4 2 0 1 3171 3723 3252 3170
9556 4 2 0 1 881 3815 661 3819
9557 4 2 0 1 1232 1953 3565 2056
9558 4 2 0 1 3061 1480 2054 1473
9559 4 2 0 1 2213 3278 1814 2255
9560 4 2 0 1 2278 3179 1301 2369
9561 4 2 0 1 1232 2624 3565 2623
9562 4 2 0 1 2505 2504 2506 2718
9563 4 2 0 1 1278 2151 3063 1280
9564 4 2 0 1 3796 1443 1441 3817
9565 4 2 0 1 2107 1917 3106 2203
9566 4 2 0 1 2106 3329 2027 3708
9567 4 2 0 1 3565 2624 1232 2056
9568 4 2 0 1 301 3001 3003 305
9569 4 2 0 1 3018 3201 3650 3661
9570 4 2 0 1 3170 3032 3251 3252
9571 4 2 0 1 3056 3675 3055 3676
9572 4 2 0 1 1956 2203 2303 3295
9573 4 2 0 1 3072 1336 3075 3688
9574 4 2 0 1 2133 2038 1456 3159
9575 4 2 0 1 2867 3172 3318 3251
9576 4 2 0 1 3696 1519 2096 2202
9577 4 2 0 1 2077 1534 3278 1789
9578 4 2 0 1 3181 3217 1839 1812
9579 4 2 0 1 2712 2617 2709 2741
9580 4 2 0 1 3381 3385 3463 3000
9581 4 2 0 1 3683 3310 3151 3069
9582 4 2 0 1 3074 3081 3086 3088
9583 4 2 0 1 2710 2617 2709 2712
9584 4 2 0 1 115 116 2680 113
9585 4 2 0 1 2663 2500 2664 3005
9586 4 2 0 1 1612 1549 2882 2287
9587 4 2 0 1 3381 3385 3000 2440
9588 4 2 0 1 3482 3754 2840 2461
9589 4 2 0 1 2592 3294 3309 3024
9590 4 2 0 1 3819 3803 511 3815
9591 4 2 0 1 301 3003 3001 2895
9592 4 2 0 1 3189 1691 3191 2060
9593 4 2 0 1 3189 1691 2060 1837
9594 4 2 0 1 615 614 3542 613
9595 4 2 0 1 1596 1594 3076 2086
9596 4 2 0 1 2421 2840 2861 2836
9597 4 2 0 1 2539 2844 3450 2575
9598 4 2 0 1 2730 464 2728 773
9599 4 2 0 1 2844 3577 2584 2575
9600 4 2 0 1 3342 1627 1899 2115
9601 4 2 0 1 1903 1902 3566 2148
9602 4 2 0 1 944 2608 2643 689
9603 4 2 0 1 1602 1598 1599 3737
9604 4 2 0 1 3391 615 614 3542
9605 4 2 0 1 1879 3090 1653 3596
9606 4 2 0 1 572 2480 438 408
9607 4 2 0 1 1798 1800 3589 2706
9608 4 2 0 1 1607 3308 2703 1608
9609 4 2 0 1 438 2480 572 460
9610 4 2 0 1 438 924 572 408
9611 4 2 0 1 2371 3289 1654 1972
9612 4 2 0 1 2686 1919 3289 1653
9613 4 2 0 1 3174 1976 1977 2209
9614 4 2 0 1 2113 2018 2192 3231
9615 4 2 0 1 572 924 438 460
9616 4 2 0 1 2353 1272 1305 3674
9617 4 2 0 1 1910 3063 3057 3062
9618 4 2 0 1 2080 1648 3357 1733
9619 4 2 0 1 2749 2024 1520 3608
9620 4 2 0 1 1278 1281 3675 3063
9621 4 2 0 1 3611 3608 2024 2749
9622 4 2 0 1 2387 2265 3230 2028
9623 4 2 0 1 2868 3127 3056 3347
9624 4 2 0 1 3609 779 3597 2510
9625 4 2 0 1 449 431 767 2583
9626 4 2 0 1 3580 3228 2929 2650
9627 4 2 0 1 1821 3679 1896 1822
9628 4 2 0 1 1165 2614 641 828
9629 4 2 0 1 1847 2890 2485 2616
9630 4 2 0 1 3326 3218 2145 1661
9631 4 2 0 1 2985 2421 2840 2754
9632 4 2 0 1 1959 2949 2233 2909
9633 4 2 0 1 1351 2011 3293 1341
9634 4 2 0 1 2011 1343 3293 1341
9635 4 2 0 1 1366 2183 3317 1962
9636 4 2 0 1 2861 2754 2830 2840
9637 4 2 0 1 3610 2803 2749 3611
9638 4 2 0 1 3264 3116 3155 3309
9639 4 2 0 1 212 896 2758 3586
9640 4 2 0 1 2165 1990 3191 1691
9641 4 2 0 1 2528 3376 2659 2656
9642 4 2 0 1 2758 212 211 210
9643 4 2 0 1 104 1017 2707 1016
9644 4 2 0 1 210 896 2758 212
9645 4 2 0 1 3205 3724 3474 3222
9646 4 2 0 1 3215 3353 1698 3306
9647 4 2 0 1 1904 3732 1942 1941
9648 4 2 0 1 2849 2667 3523 3522
9649 4 2 0 1 3731 3792 2252 3732
9650 4 2 0 1 674 895 2904 1042
9651 4 2 0 1 39 3808 2010 2704
9652 4 2 0 1 1637 3053 2241 3672
9653 4 2 0 1 2629 3120 3132 3131
9654 4 2 0 1 3247 3352 3198 3744
9655 4 2 0 1 3157 1681 1680 1678
9656 4 2 0 1 3822 585 3784 827
9657 4 2 0 1 2814 2768 2555 2769
9658 4 2 0 1 1573 1587 1588 3352
9659 4 2 0 1 3383 2462 3753 3372
9660 4 2 0 1 2814 2815 2813 3753
9661 4 2 0 1 2656 3753 3372 2815
9662 4 2 0 1 3731 2239 3732 2252
9663 4 2 0 1 2166 1604 3737 1598
9664 4 2 0 1 1275 1277 1737 3676
9665 4 2 0 1 3822 585 827 524
9666 4 2 0 1 3566 1581 1889 3133
9667 4 2 0 1 2759 1666 3303 1665
9668 4 2 0 1 1541 2289 3359 1219
9669 4 2 0 1 2795 2821 3559 3359
9670 4 2 0 1 2010 2705 1228 39
9671 4 2 0 1 3034 1417 1416 1415
9672 4 2 0 1 3411 3465 3332 2841
9673 4 2 0 1 2972 2457 2971 2954
9674 4 2 0 1 3611 1809 2024 3608
9675 4 2 0 1 3522 2849 2853 2666
9676 4 2 0 1 3679 1821 1896 2266
9677 4 2 0 1 2651 2225 2318 1225
9678 4 2 0 1 3091 3209 3341 3211
9679 4 2 0 1 2220 2122 3349 1320
9680 4 2 0 1 1326 1325 3210 1327
9681 4 2 0 1 3690 1868 2029 3163
9682 4 2 0 1 1387 3017 3019 3660
9683 4 2 0 1 3193 3213 3303 3614
9684 4 2 0 1 2911 3650 2950 3068
9685 4 2 0 1 3109 1398 1397 3186
9686 4 2 0 1 1802 1927 2307 3589
9687 4 2 0 1 2807 3632 2827 2808
9688 4 2 0 1 2841 3407 3332 3411
9689 4 2 0 1 3305 3319 3241 2454
9690 4 2 0 1 3566 1581 2379 1889
9691 4 2 0 1 1321 3138 1318 2081
9692 4 2 0 1 3328 3336 1811 3148
9693 4 2 0 1 3407 3411 3413 3332
9694 4 2 0 1 3100 1410 3097 3665
9695 4 2 0 1 1799 3311 1801 1800
9696 4 2 0 1 3261 3760 3592 2836
9697 4 2 0 1 1828 3641 2020 3297
9698 4 2 0 1 3077 2691 3123 3167
9699 4 2 0 1 3537 195 191 2561
9700 4 2 0 1 2780 2560 2620 3537
9701 4 2 0 1 1899 3329 1639 2274
9702 4 2 0 1 2025 3356 1575 1558
9703 4 2 0 1 2780 2561 2797 3533
9704 4 2 0 1 3063 3347 3127 3060
9705 4 2 0 1 1667 3328 1668 1665
9706 4 2 0 1 2759 1666 1665 1663
9707 4 2 0 1 2797 2588 2400 2562
9708 4 2 0 1 1857 1820 1858 3065
9709 4 2 0 1 1776 3079 1777 1819
9710 4 2 0 1 1803 2932 3040 3589
9711 4 2 0 1 3063 3127 3347 3056
9712 4 2 0 1 1336 2130 1368 3688
9713 4 2 0 1 2698 2697 2695 3078
9714 4 2 0 1 3461 2886 3559 3462
9715 4 2 0 1 3328 3303 1668 1665
9716 4 2 0 1 2753 3377 3372 3452
9717 4 2 0 1 3243 3704 3731 3732
9718 4 2 0 1 3381 2440 3379 3452
9719 4 2 0 1 3090 2371 1654 2314
9720 4 2 0 1 2788 2812 3379 3452
9721 4 2 0 1 3379 3514 2812 2788
9722 4 2 0 1 3379 3514 2788 2739
9723 4 2 0 1 1585 1593 1586 3706
9724 4 2 0 1 3506 2701 3237 3118
9725 4 2 0 1 1235 2370 2949 1793
9726 4 2 0 1 369 3777 371 370
9727 4 2 0 1 1982 2953 1236 2175
9728 4 2 0 1 3350 1864 2233 2391
9729 4 2 0 1 1242 1244 1243 2597
9730 4 2 0 1 3325 3625 2622 2805
9731 4 2 0 1 2810 2987 3405 3464
9732 4 2 0 1 2080 1733 3357 2390
9733 4 2 0 1 3056 3347 3681 3064
9734 4 2 0 1 3113 3226 3310 3292
9735 4 2 0 1 3027 3351 3664 3710
9736 4 2 0 1 1651 3593 1735 3021
9737 4 2 0 1 3521 2464 2478 2819
9738 4 2 0 1 3113 3226 3292 3112
9739 4 2 0 1 3558 665 1015 941
9740 4 2 0 1 3697 3111 3109 3698
9741 4 2 0 1 3215 1945 2173 3276
9742 4 2 0 1 3082 3319 3093 3693
9743 4 2 0 1 1431 2282 2704 41
9744 4 2 0 1 2464 3521 2818 2819
9745 4 2 0 1 3263 3445 2965 3271
9746 4 2 0 1 1916 3306 1832 3275
9747 4 2 0 1 2053 3306 1951 1709
9748 4 2 0 1 3095 1436 2160 1434
9749 4 2 0 1 3298 2965 3445 3271
9750 4 2 0 1 2966 3314 3105 3655
9751 4 2 0 1 1525 2084 1526 3114
9752 4 2 0 1 2077 1534 1814 3278
9753 4 2 0 1 1439 1437 3106 2284
9754 4 2 0 1 3323 3227 3180 3224
9755 4 2 0 1 1726 1989 1990 3191
9756 4 2 0 1 1451 1447 3161 1448
9757 4 2 0 1 3747 1814 3217 3278
9758 4 2 0 1 3291 3334 3098 3269
9759 4 2 0 1 3176 3205 3248 3202
9760 4 2 0 1 1134 606 2829 1212
9761 4 2 0 1 606 1134 2829 2707
9762 4 2 0 1 1978 3171 2114 3229
9763 4 2 0 1 2387 2158 1478 3230
9764 4 2 0 1 3190 1900 3230 1935
9765 4 2 0 1 3231 1810 1687 3171
9766 4 2 0 1 2707 1134 2829 2989
9767 4 2 0 1 3058 3149 3197 1624
9768 4 2 0 1 3057 1633 3149 3058
9769 4 2 0 1 2989 837 1134 2829
9770 4 2 0 1 2989 1134 837 964
9771 4 2 0 1 1475 2051 1477 3230
9772 4 2 0 1 1620 3737 3189 2086
9773 4 2 0 1 3818 2000 2097 1999
9774 4 2 0 1 3777 3401 368 369
9775 4 2 0 1 3127 3248 3205 3202
9776 4 2 0 1 2712 3564 2839 2751
9777 4 2 0 1 3380 2842 2439 3379
9778 4 2 0 1 1884 3768 1381 1384
9779 4 2 0 1 2751 3564 2839 2903
9780 4 2 0 1 3408 2421 2861 3750
9781 4 2 0 1 3353 1710 2375 1711
9782 4 2 0 1 1696 1993 3731 1968
9783 4 2 0 1 1941 2022 3732 1360
9784 4 2 0 1 1362 1506 3178 1364
9785 4 2 0 1 2795 2897 3359 2848
9786 4 2 0 1 371 3777 372 370
9787 4 2 0 1 3143 3459 3142 3139
9788 4 2 0 1 1483 3678 1986 1485
9789 4 2 0 1 3679 1515 2066 3678
9790 4 2 0 1 3214 3159 3160 3742
9791 4 2 0 1 2333 1457 3160 2033
9792 4 2 0 1 2038 3159 1856 2277
9793 4 2 0 1 2900 2439 2842 3379
9794 4 2 0 1 3151 3216 3718 3150
9795 4 2 0 1 3128 1281 2374 2151
9796 4 2 0 1 2080 1648 1914 3357
9797 4 2 0 1 1468 1469 3158 1470
9798 4 2 0 1 2066 3679 2266 1821
9799 4 2 0 1 3229 1470 1469 1471
9800 4 2 0 1 3346 1266 1265 1264
9801 4 2 0 1 3382 2605 2840 2830
9802 4 2 0 1 1915 2245 2333 3160
9803 4 2 0 1 1915 3160 1452 1451
9804 4 2 0 1 3382 2605 2830 2440
9805 4 2 0 1 2419 2797 2851 2782
9806 4 2 0 1 2419 2797 2782 2620
9807 4 2 0 1 3511 3481 2458 3516
9808 4 2 0 1 2851 2856 2817 3009
9809 4 2 0 1 2779 2856 2782 2851
9810 4 2 0 1 1641 3329 1899 2064
9811 4 2 0 1 2686 1919 1653 1881
9812 4 2 0 1 1420 3034 1419 1418
9813 4 2 0 1 2779 2856 2851 3009
9814 4 2 0 1 3231 2181 1507 2099
9815 4 2 0 1 2537 2483 2547 2857
9816 4 2 0 1 1575 3134 1577 1576
9817 4 2 0 1 2069 3746 1591 3245
9818 4 2 0 1 1403 1402 3322 1401
9819 4 2 0 1 3591 2706 2692 3589
9820 4 2 0 1 2896 2898 3045 3051
9821 4 2 0 1 2897 3311 3307 2796
9822 4 2 0 1 2932 3343 3035 3051
9823 4 2 0 1 1410 3665 1413 1414
9824 4 2 0 1 1365 3697 2268 1950
9825 4 2 0 1 562 467 466 2483
9826 4 2 0 1 372 3777 371 2525
9827 4 2 0 1 1839 3179 3181 2043
9828 4 2 0 1 1272 1270 1305 3674
9829 4 2 0 1 3363 3725 1257 1306
9830 4 2 0 1 2154 2275 2059 3203
9831 4 2 0 1 2154 3125 3726 1268
9832 4 2 0 1 3132 3115 3117 3569
9833 4 2 0 1 3036 2592 3662 3024
9834 4 2 0 1 3199 3340 1848 3354
9835 4 2 0 1 3476 3119 3309 3155
9836 4 2 0 1 3284 2873 3729 2877
9837 4 2 0 1 1009 3774 3812 3399
9838 4 2 0 1 2422 3036 3662 3024
9839 4 2 0 1 2044 2330 2877 1715
9840 4 2 0 1 1876 3638 2881 1901
9841 4 2 0 1 3153 1684 1682 1685
9842 4 2 0 1 3356 1560 1557 2210
9843 4 2 0 1 2591 3155 3285 3264
9844 4 2 0 1 3165 1557 1555 2210
9845 4 2 0 1 3511 2458 3481 3510
9846 4 2 0 1 2363 1478 3230 2028
9847 4 2 0 1 1830 3230 3149 2286
9848 4 2 0 1 1596 2166 2086 3737
9849 4 2 0 1 3190 1900 1935 1644
9850 4 2 0 1 1473 1475 1474 3229
9851 4 2 0 1 3303 3341 3193 3148
9852 4 2 0 1 3147 3136 1320 3349
9853 4 2 0 1 3511 3481 3516 3512
9854 4 2 0 1 3363 3136 1514 2262
9855 4 2 0 1 372 3777 784 370
9856 4 2 0 1 2591 3155 3264 2881
9857 4 2 0 1 3156 3157 2253 2881
9858 4 2 0 1 2878 3638 2591 2734
9859 4 2 0 1 1686 1683 1716 2881
9860 4 2 0 1 988 1149 2596 90
9861 4 2 0 1 2938 2894 2438 2892
9862 4 2 0 1 2618 2438 2894 2892
9863 4 2 0 1 3593 3021 3594 2698
9864 4 2 0 1 3588 3049 3287 3667
9865 4 2 0 1 3618 3410 3415 3425
9866 4 2 0 1 3291 3334 3269 3263
9867 4 2 0 1 3048 3036 2427 3416
9868 4 2 0 1 3579 2927 2650 3448
9869 4 2 0 1 3365 3638 2882 3369
9870 4 2 0 1 3626 2807 3365 2805
9871 4 2 0 1 1901 1876 1716 2881
9872 4 2 0 1 3422 2742 3228 2650
9873 4 2 0 1 3130 3233 3124 3129
9874 4 2 0 1 3497 2892 2486 2891
9875 4 2 0 1 1281 3681 3675 3063
9876 4 2 0 1 3618 3415 3429 3425
9877 4 2 0 1 2275 2154 1304 3125
9878 4 2 0 1 1830 3230 2286 2265
9879 4 2 0 1 3342 3077 3076 3709
9880 4 2 0 1 2974 2446 3421 2423
9881 4 2 0 1 2257 1737 3676 2320
9882 4 2 0 1 2899 3546 2727 2585
9883 4 2 0 1 2575 3546 3603 2499
9884 4 2 0 1 78 3550 996 2981
9885 4 2 0 1 2209 3174 1976 3230
9886 4 2 0 1 442 441 2899 435
9887 4 2 0 1 3757 2425 3755 3419
9888 4 2 0 1 3095 1435 1434 1433
9889 4 2 0 1 434 431 429 2499
9890 4 2 0 1 3757 3755 2961 3418
9891 4 2 0 1 2498 876 473 2899
9892 4 2 0 1 2115 3077 3342 1627
9893 4 2 0 1 2495 2498 473 2899
9894 4 2 0 1 1725 1618 3168 1634
9895 4 2 0 1 3770 3306 1704 1701
9896 4 2 0 1 3656 3611 2907 2973
9897 4 2 0 1 3215 3697 3178 3317
9898 4 2 0 1 3437 3037 3435 3259
9899 4 2 0 1 1440 3776 1834 2283
9900 4 2 0 1 2319 1916 1704 3306
9901 4 2 0 1 2776 3643 2907 3656
9902 4 2 0 1 3306 1832 3275 1709
9903 4 2 0 1 3658 2949 2775 2972
9904 4 2 0 1 3479 3716 3305 3129
9905 4 2 0 1 3656 3611 2973 2803
9906 4 2 0 1 3520 3777 372 2525
9907 4 2 0 1 1263 3346 1262 1261
9908 4 2 0 1 2161 10 2917 1231
9909 4 2 0 1 2519 1149 1049 785
9910 4 2 0 1 3291 3334 3263 3102
9911 4 2 0 1 1281 2381 3128 2374
9912 4 2 0 1 1967 2124 2364 3749
9913 4 2 0 1 2029 3690 1781 2380
9914 4 2 0 1 3239 3238 3194 3217
9915 4 2 0 1 2161 1721 2917 3327
9916 4 2 0 1 3239 3273 3334 3298
9917 4 2 0 1 520 3767 987 1083
9918 4 2 0 1 3715 3145 3211 3147
9919 4 2 0 1 2220 1895 1778 3147
9920 4 2 0 1 10 9 2917 1231
9921 4 2 0 1 3682 3201 3232 3688
9922 4 2 0 1 3682 3201 3688 3070
9923 4 2 0 1 987 3767 520 2889
9924 4 2 0 1 9 2872 2917 1231
9925 4 2 0 1 3480 3141 3459 3139
9926 4 2 0 1 3055 1280 1276 1278
9927 4 2 0 1 3202 2361 3346 1265
9928 4 2 0 1 3740 3105 3214 3741
9929 4 2 0 1 2939 2938 3758 2747
9930 4 2 0 1 2436 3083 3085 3066
9931 4 2 0 1 3580 2434 3422 3267
9932 4 2 0 1 2938 2432 2891 3448
9933 4 2 0 1 3186 1394 3734 1396
9934 4 2 0 1 504 643 2530 2652
9935 4 2 0 1 2939 2938 2747 2438
9936 4 2 0 1 2965 3270 3263 3064
9937 4 2 0 1 2967 2889 459 451
9938 4 2 0 1 3018 3201 3661 3682
9939 4 2 0 1 3012 3529 2540 3015
9940 4 2 0 1 3396 2613 2633 2632
9941 4 2 0 1 2937 810 2862 649
9942 4 2 0 1 3387 2553 2768 2554
9943 4 2 0 1 2207 2062 3741 2295
9944 4 2 0 1 3682 3201 3661 3232
9945 4 2 0 1 3018 3201 3682 3070
9946 4 2 0 1 2659 2605 3557 2528
9947 4 2 0 1 321 320 3782 322
9948 4 2 0 1 3068 3201 3650 3018
9949 4 2 0 1 3290 2950 2948 3068
9950 4 2 0 1 2427 3040 2933 3414
9951 4 2 0 1 2948 2950 3290 2951
9952 4 2 0 1 2592 3022 3025 3039
9953 4 2 0 1 3022 3025 3039 3026
9954 4 2 0 1 3479 3439 3432 3438
9955 4 2 0 1 3467 2841 3761 3411
9956 4 2 0 1 2414 3482 2735 2815
9957 4 2 0 1 2929 2491 2761 2442
9958 4 2 0 1 2925 3454 2513 2441
9959 4 2 0 1 71 2279 1546 2651
9960 4 2 0 1 2926 2925 2496 3502
9961 4 2 0 1 3513 3378 2812 2460
9962 4 2 0 1 2702 3505 2893 2947
9963 4 2 0 1 3470 3468 3411 2832
9964 4 2 0 1 3135 3366 3505 3506
9965 4 2 0 1 617 3554 2513 2512
9966 4 2 0 1 2449 3413 3412 3411
9967 4 2 0 1 3248 3245 3058 3249
9968 4 2 0 1 2751 2903 1218 2937
9969 4 2 0 1 996 3550 78 1025
9970 4 2 0 1 2912 2664 2809 2500
9971 4 2 0 1 552 934 2936 697
9972 4 2 0 1 2460 3481 3516 3393
9973 4 2 0 1 808 2403 608 778
9974 4 2 0 1 808 2403 834 608
9975 4 2 0 1 608 2403 2412 778
9976 4 2 0 1 3740 3214 2061 3741
9977 4 2 0 1 2540 2771 2478 2793
9978 4 2 0 1 1112 1205 983 2412
9979 4 2 0 1 3237 3135 3505 3506
9980 4 2 0 1 3248 3245 3249 3246
9981 4 2 0 1 2929 2491 2442 2650
9982 4 2 0 1 1546 2649 3326 1230
9983 4 2 0 1 2489 2487 2931 95
9984 4 2 0 1 2572 2645 3612 3527
9985 4 2 0 1 2489 973 2931 2999
9986 4 2 0 1 2599 2603 2764 650
9987 4 2 0 1 2975 67 3501 87
9988 4 2 0 1 3040 2697 1804 3589
9989 4 2 0 1 31 2944 2943 1038
9990 4 2 0 1 106 23 22 3016
9991 4 2 0 1 3004 15 16 79
9992 4 2 0 1 3628 3366 3505 2807
9993 4 2 0 1 2883 3623 2508 2683
9994 4 2 0 1 31 2944 1038 32
9995 4 2 0 1 474 870 480 2516
9996 4 2 0 1 3066 3683 3151 3069
9997 4 2 0 1 2607 3425 2996 3755
9998 4 2 0 1 2997 2467 3492 2466
9999 4 2 0 1 3462 2953 1236 2821
10000 4 2 0 1 3377 2609 3453 2813
10001 4 2 0 1 472 3520 663 784
10002 4 2 0 1 606 1017 2829 1212
10003 4 2 0 1 2916 2757 2511 2915
10004 4 2 0 1 2645 2572 3612 2915
10005 4 2 0 1 977 2482 400 440
10006 4 2 0 1 2768 3387 2554 3646
10007 4 2 0 1 3391 3544 2581 2402
10008 4 2 0 1 3376 2655 2756 2545
10009 4 2 0 1 2723 3484 3489 1154
10010 4 2 0 1 577 720 1034 3531
10011 4 2 0 1 3462 1236 2953 2175
10012 4 2 0 1 192 2723 1064 867
10013 4 2 0 1 3421 2971 2974 3428
10014 4 2 0 1 2474 2767 3485 2752
10015 4 2 0 1 2550 596 2563 597
10016 4 2 0 1 3110 3184 3069 3084
10017 4 2 0 1 191 2562 193 190
10018 4 2 0 1 2256 2350 3302 2094
10019 4 2 0 1 817 3403 638 1111
10020 4 2 0 1 3533 1034 2561 3531
10021 4 2 0 1 182 183 3390 184
10022 4 2 0 1 1161 648 659 2418
10023 4 2 0 1 2963 2962 3426 3067
10024 4 2 0 1 2562 200 883 2563
10025 4 2 0 1 2477 497 496 3494
10026 4 2 0 1 893 1109 501 2635
10027 4 2 0 1 3538 3560 2610 2568
10028 4 2 0 1 178 199 634 2410
10029 4 2 0 1 2484 991 759 1216
10030 4 2 0 1 3492 2997 2569 2722
10031 4 2 0 1 135 2581 134 1167
10032 4 2 0 1 3652 2961 2963 2962
10033 4 2 0 1 2961 3652 2963 2822
10034 4 2 0 1 621 2519 622 785
10035 4 2 0 1 3510 2458 3481 3515
10036 4 2 0 1 3558 3461 2847 3605
10037 4 2 0 1 3526 2545 2773 2548
10038 4 2 0 1 2843 2511 2844 2430
10039 4 2 0 1 2936 934 552 3531
10040 4 2 0 1 804 427 450 3578
10041 4 2 0 1 50 2980 2310 2456
10042 4 2 0 1 3470 3411 3465 2790
10043 4 2 0 1 2324 3364 1550 1548
10044 4 2 0 1 677 1025 712 3550
10045 4 2 0 1 2763 2598 2766 2602
10046 4 2 0 1 2959 3751 3425 3299
10047 4 2 0 1 2447 2765 2925 3618
10048 4 2 0 1 1230 1659 3260 3326
10049 4 2 0 1 987 3767 2863 1083
10050 4 2 0 1 2857 1048 580 1119
10051 4 2 0 1 2863 3767 987 2889
10052 4 2 0 1 405 408 2481 407
10053 4 2 0 1 985 2889 1106 557
10054 4 2 0 1 2757 2903 781 2839
10055 4 2 0 1 551 2757 747 2915
10056 4 2 0 1 450 427 425 3578
10057 4 2 0 1 403 3831 3786 1146
10058 4 2 0 1 3512 3481 3513 2518
10059 4 2 0 1 2887 2927 2939 3448
10060 4 2 0 1 2733 2464 2715 2529
10061 4 2 0 1 2742 3199 3262 3218
10062 4 2 0 1 2181 1810 3252 2325
10063 4 2 0 1 2972 2457 2954 2949
10064 4 2 0 1 492 2477 3581 2409
10065 4 2 0 1 957 3605 665 667
10066 4 2 0 1 2820 128 910 129
10067 4 2 0 1 3545 133 150 506
10068 4 2 0 1 2632 173 2634 175
10069 4 2 0 1 530 871 528 3399
10070 4 2 0 1 3605 665 667 1015
10071 4 2 0 1 2553 2557 2554 2394
10072 4 2 0 1 2484 3785 3775 759
10073 4 2 0 1 2720 3482 2461 2815
10074 4 2 0 1 2897 3311 2706 2933
10075 4 2 0 1 113 116 2680 2778
10076 4 2 0 1 3575 2408 2473 2642
10077 4 2 0 1 2863 3767 657 1083
10078 4 2 0 1 3596 1646 2703 3595
10079 4 2 0 1 3596 1646 3595 1645
10080 4 2 0 1 2904 2463 2567 3543
10081 4 2 0 1 3492 2569 2476 3601
10082 4 2 0 1 2580 2724 2578 3543
10083 4 2 0 1 1239 2682 2055 26
10084 4 2 0 1 2533 2508 2853 3623
10085 4 2 0 1 2882 1612 2373 1551
10086 4 2 0 1 2968 21 1730 2155
10087 4 2 0 1 3415 3472 3410 2766
10088 4 2 0 1 2425 3469 3618 3425
10089 4 2 0 1 2694 2697 3591 3590
10090 4 2 0 1 2794 104 2707 42
10091 4 2 0 1 3710 3595 3664 2703
10092 4 2 0 1 606 1134 2707 978
10093 4 2 0 1 3520 2906 663 784
10094 4 2 0 1 2512 2604 3454 2514
10095 4 2 0 1 993 3827 796 447
10096 4 2 0 1 2463 1066 2459 2578
10097 4 2 0 1 2506 2988 2984 864
10098 4 2 0 1 36 2988 1023 37
10099 4 2 0 1 2898 2897 2933 3051
10100 4 2 0 1 2770 2569 2567 2820
10101 4 2 0 1 2431 2727 2918 2548
10102 4 2 0 1 492 2477 2409 493
10103 4 2 0 1 2733 2728 2729 2730
10104 4 2 0 1 3776 1490 1491 1489
10105 4 2 0 1 3514 2516 2787 2737
10106 4 2 0 1 3579 2442 2926 2491
10107 4 2 0 1 2720 2719 2527 161
10108 4 2 0 1 2511 2801 2916 2746
10109 4 2 0 1 2743 401 977 400
10110 4 2 0 1 781 2751 2839 2903
10111 4 2 0 1 2474 3489 3484 3490
10112 4 2 0 1 3482 3754 2461 2815
10113 4 2 0 1 2565 2588 3390 2562
10114 4 2 0 1 2396 3371 2831 3013
10115 4 2 0 1 1984 1865 3619 1983
10116 4 2 0 1 1883 3620 1984 2376
10117 4 2 0 1 2936 934 3532 697
10118 4 2 0 1 1864 3350 1234 2228
10119 4 2 0 1 3350 2909 2233 3658
10120 4 2 0 1 3710 3595 2703 1646
10121 4 2 0 1 3610 1127 779 2510
10122 4 2 0 1 3710 3595 1646 1650
10123 4 2 0 1 2445 3449 2437 2456
10124 4 2 0 1 2628 100 14 921
10125 4 2 0 1 2807 3166 3626 3365
10126 4 2 0 1 2812 2518 3481 2514
10127 4 2 0 1 2753 2440 3452 3379
10128 4 2 0 1 3482 3754 2815 2753
10129 4 2 0 1 3532 934 2936 3531
10130 4 2 0 1 2944 34 1199 72
10131 4 2 0 1 2718 3508 2641 2504
10132 4 2 0 1 1517 3678 1485 1986
10133 4 2 0 1 3482 2718 2840 2719
10134 4 2 0 1 2289 1219 43 3359
10135 4 2 0 1 3297 3030 1921 3046
10136 4 2 0 1 2420 3408 3750 3296
10137 4 2 0 1 3559 2236 2821 1236
10138 4 2 0 1 2956 1886 2045 2362
10139 4 2 0 1 2461 2718 2840 3482
10140 4 2 0 1 2795 2607 3559 2821
10141 4 2 0 1 3415 3424 3652 2426
10142 4 2 0 1 3348 3643 2776 3350
10143 4 2 0 1 3656 3611 2803 3643
10144 4 2 0 1 3047 3641 2896 3669
10145 4 2 0 1 3544 3391 2611 2402
10146 4 2 0 1 2968 2627 2809 19
10147 4 2 0 1 2677 2724 3585 2517
10148 4 2 0 1 1189 746 955 2914
10149 4 2 0 1 1202 3011 1166 3010
10150 4 2 0 1 2769 2553 2768 2555
10151 4 2 0 1 2394 2936 2556 3532
10152 4 2 0 1 1517 1485 3678 1516
10153 4 2 0 1 2088 2040 2686 1238
10154 4 2 0 1 3678 1856 1517 1518
10155 4 2 0 1 2500 2912 3631 2826
10156 4 2 0 1 3678 1518 1517 1516
10157 4 2 0 1 1856 3254 3678 3159
10158 4 2 0 1 2989 837 575 964
10159 4 2 0 1 2719 2984 2985 2989
10160 4 2 0 1 3456 2763 2766 2928
10161 4 2 0 1 1803 1805 1804 3040
10162 4 2 0 1 823 3507 2984 864
10163 4 2 0 1 3470 2912 3631 2676
10164 4 2 0 1 2685 2860 2508 2683
10165 4 2 0 1 2503 2945 2685 2835
10166 4 2 0 1 166 155 159 2641
10167 4 2 0 1 3586 2664 3523 2665
10168 4 2 0 1 2541 3525 3374 3526
10169 4 2 0 1 1183 1120 2935 261
10170 4 2 0 1 3393 3394 2462 2993
10171 4 2 0 1 2652 504 3483 2530
10172 4 2 0 1 2579 2523 2522 223
10173 4 2 0 1 2652 332 2715 820
10174 4 2 0 1 1986 1517 3678 2277
10175 4 2 0 1 557 2967 2889 953
10176 4 2 0 1 2519 2518 2604 2515
10177 4 2 0 1 845 1208 740 2913
10178 4 2 0 1 796 3827 993 2415
10179 4 2 0 1 2886 45 665 3558
10180 4 2 0 1 2194 3284 2368 2044
10181 4 2 0 1 3164 3262 3089 2979
10182 4 2 0 1 2848 2795 3559 3359
10183 4 2 0 1 2874 2451 2875 2873
10184 4 2 0 1 3089 3262 3164 2434
10185 4 2 0 1 792 2652 2479 2530
10186 4 2 0 1 3544 2613 2612 3545
10187 4 2 0 1 3819 588 589 521
10188 4 2 0 1 698 885 3582 652
10189 4 2 0 1 2889 460 2480 438
10190 4 2 0 1 796 3827 920 447
10191 4 2 0 1 3409 3751 2996 2861
10192 4 2 0 1 2754 2707 2794 3599
10193 4 2 0 1 3296 2959 3299 3750
10194 4 2 0 1 2961 3652 3425 3424
10195 4 2 0 1 2420 3408 3296 2848
10196 4 2 0 1 1541 1219 3359 1542
10197 4 2 0 1 2571 2569 2567 2610
10198 4 2 0 1 842 2634 173 175
10199 4 2 0 1 920 3827 796 2415
10200 4 2 0 1 1347 2097 3818 2000
10201 4 2 0 1 2539 2850 3612 2573
10202 4 2 0 1 1405 3665 2020 1823
10203 4 2 0 1 3446 2744 2586 3380
10204 4 2 0 1 3006 1091 259 256
10205 4 2 0 1 848 3605 668 3604
10206 4 2 0 1 750 751 3541 748
10207 4 2 0 1 3454 2512 2513 3554
10208 4 2 0 1 3532 934 146 697
10209 4 2 0 1 920 3827 811 447
10210 4 2 0 1 254 2969 3006 2990
10211 4 2 0 1 3579 2432 2930 3502
10212 4 2 0 1 253 2969 2608 3006
10213 4 2 0 1 2607 2961 3755 3418
10214 4 2 0 1 253 2608 2969 2970
10215 4 2 0 1 3514 2922 2520 2787
10216 4 2 0 1 1152 3827 920 2415
10217 4 2 0 1 3520 2605 2528 3556
10218 4 2 0 1 296 478 2895 1136
10219 4 2 0 1 181 2565 179 2564
10220 4 2 0 1 89 873 745 2627
10221 4 2 0 1 2914 1189 1207 605
10222 4 2 0 1 2472 2642 2641 3575
10223 4 2 0 1 2682 24 1502 25
10224 4 2 0 1 2941 2860 631 2942
10225 4 2 0 1 1101 746 2914 3016
10226 4 2 0 1 1043 2683 2941 3002
10227 4 2 0 1 1101 21 74 3016
10228 4 2 0 1 2889 521 3767 520
10229 4 2 0 1 3420 2960 2964 3652
10230 4 2 0 1 89 1039 873 2627
10231 4 2 0 1 2796 2823 3629 3642
10232 4 2 0 1 2964 2960 3420 3219
10233 4 2 0 1 3421 2939 2887 2927
10234 4 2 0 1 3652 2964 3420 3653
10235 4 2 0 1 2650 2887 2927 3422
10236 4 2 0 1 19 2968 2627 745
10237 4 2 0 1 3606 2577 3609 2749
10238 4 2 0 1 578 3795 320 951
10239 4 2 0 1 3766 537 339 1108
10240 4 2 0 1 430 2901 2983 937
10241 4 2 0 1 339 341 3766 342
10242 4 2 0 1 320 3795 578 2884
10243 4 2 0 1 751 929 3541 3604
10244 4 2 0 1 3832 3766 923 625
10245 4 2 0 1 2948 3068 3018 3151
10246 4 2 0 1 3489 2723 2550 2752
10247 4 2 0 1 2948 3018 3068 3650
10248 4 2 0 1 2524 1006 2735 3519
10249 4 2 0 1 2544 3530 2831 2772
10250 4 2 0 1 162 1006 3519 2735
10251 4 2 0 1 1520 2749 3608 2577
10252 4 2 0 1 3025 3722 3027 3122
10253 4 2 0 1 3519 3520 2527 2656
10254 4 2 0 1 3465 2501 3471 3332
10255 4 2 0 1 2471 3760 3592 2841
10256 4 2 0 1 3090 3237 2893 3596
10257 4 2 0 1 3519 1006 162 165
10258 4 2 0 1 3519 2527 162 2735
10259 4 2 0 1 2529 2531 235 234
10260 4 2 0 1 2326 1909 3663 3351
10261 4 2 0 1 1425 3707 1426 2269
10262 4 2 0 1 162 2527 3519 165
10263 4 2 0 1 3170 2691 3743 3174
10264 4 2 0 1 3593 2389 1671 1913
10265 4 2 0 1 3032 3743 3170 3301
10266 4 2 0 1 1009 3399 2415 927
10267 4 2 0 1 3399 3774 3401 927
10268 4 2 0 1 2549 934 3532 3531
10269 4 2 0 1 3307 3051 2896 3343
10270 4 2 0 1 3774 3399 1103 636
10271 4 2 0 1 3253 3269 3291 2966
10272 4 2 0 1 1942 3792 2354 2216
10273 4 2 0 1 3588 3025 3039 3294
10274 4 2 0 1 1942 3792 2216 3732
10275 4 2 0 1 2252 3732 3792 2013
10276 4 2 0 1 1275 3125 2320 1273
10277 4 2 0 1 2014 1838 2294 3149
10278 4 2 0 1 3736 3123 3192 3735
10279 4 2 0 1 1360 3792 3732 2216
10280 4 2 0 1 2168 3100 3207 3696
10281 4 2 0 1 1739 1501 3740 2315
10282 4 2 0 1 3350 2776 3659 3658
10283 4 2 0 1 3792 2354 1997 2013
10284 4 2 0 1 3201 3293 3331 1340
10285 4 2 0 1 3195 2039 3691 3093
10286 4 2 0 1 1997 2354 3792 2216
10287 4 2 0 1 3307 3669 3343 2896
10288 4 2 0 1 1498 2039 3093 2208
10289 4 2 0 1 3417 2950 2951 3290
10290 4 2 0 1 2974 3417 2950 2954
10291 4 2 0 1 2181 3723 1497 3252
10292 4 2 0 1 2842 2548 2773 2655
10293 4 2 0 1 1917 3295 1449 1445
10294 4 2 0 1 2804 3542 3573 2637
10295 4 2 0 1 1495 3650 2951 2147
10296 4 2 0 1 3217 3278 1812 3181
10297 4 2 0 1 3573 3542 2804 2638
10298 4 2 0 1 3227 3182 3108 3323
10299 4 2 0 1 3329 2106 1641 3708
10300 4 2 0 1 2172 2150 2132 3343
10301 4 2 0 1 2074 3595 1649 1907
10302 4 2 0 1 1586 3076 3234 3706
10303 4 2 0 1 1575 3633 1606 1577
10304 4 2 0 1 3090 1608 2703 3596
10305 4 2 0 1 2210 3156 3165 3720
10306 4 2 0 1 2172 3669 3046 3343
10307 4 2 0 1 3668 3045 3046 3670
10308 4 2 0 1 3489 2723 1056 2550
10309 4 2 0 1 2952 3417 3426 2822
10310 4 2 0 1 1937 1567 3131 3283
10311 4 2 0 1 2822 3426 2952 2955
10312 4 2 0 1 3045 3668 3046 3033
10313 4 2 0 1 792 2652 1028 3581
10314 4 2 0 1 3714 1859 2016 3283
10315 4 2 0 1 1028 2652 792 643
10316 4 2 0 1 3135 3116 3366 3506
10317 4 2 0 1 3309 3366 3116 3506
10318 4 2 0 1 203 3402 3535 2559
10319 4 2 0 1 3247 3157 1677 3744
10320 4 2 0 1 3157 3153 3154 3250
10321 4 2 0 1 2874 2873 2875 3637
10322 4 2 0 1 3168 3077 3735 3737
10323 4 2 0 1 3163 3164 3218 2434
10324 4 2 0 1 203 3402 2559 204
10325 4 2 0 1 203 3402 204 1210
10326 4 2 0 1 2083 1918 2164 2908
10327 4 2 0 1 2978 3686 3657 2977
10328 4 2 0 1 1761 3163 3164 1869
10329 4 2 0 1 1720 2037 2281 3158
10330 4 2 0 1 203 3402 1210 3535
10331 4 2 0 1 1480 2341 2052 3061
10332 4 2 0 1 3171 2114 3229 1466
10333 4 2 0 1 1479 1655 3171 1465
10334 4 2 0 1 3701 3110 3694 3182
10335 4 2 0 1 753 2531 2732 769
10336 4 2 0 1 3214 3032 3253 3254
10337 4 2 0 1 2143 1949 3161 1451
10338 4 2 0 1 2633 2817 3387 3572
10339 4 2 0 1 3362 1450 3276 2160
10340 4 2 0 1 3698 3150 3152 3186
10341 4 2 0 1 3573 2637 3542 2635
10342 4 2 0 1 2304 3312 2085 1859
10343 4 2 0 1 3230 2691 3236 3190
10344 4 2 0 1 3673 3060 3063 3127
10345 4 2 0 1 3542 2638 3573 2635
10346 4 2 0 1 1937 3131 3355 3714
10347 4 2 0 1 2397 3401 378 3399
10348 4 2 0 1 2947 2699 3338 2696
10349 4 2 0 1 3725 3203 1306 3363
10350 4 2 0 1 2397 378 3401 376
10351 4 2 0 1 3025 2502 3118 3022
10352 4 2 0 1 1356 3292 1357 3225
10353 4 2 0 1 2502 3118 3022 2701
10354 4 2 0 1 1377 3017 2219 3810
10355 4 2 0 1 3697 3109 3112 3698
10356 4 2 0 1 3814 391 2901 1185
10357 4 2 0 1 3814 391 1185 386
10358 4 2 0 1 3139 3223 2444 3206
10359 4 2 0 1 3281 1873 2306 3177
10360 4 2 0 1 2444 3244 3368 3137
10361 4 2 0 1 1267 1970 3202 1269
10362 4 2 0 1 3238 3713 3748 3654
10363 4 2 0 1 3223 1256 3177 2869
10364 4 2 0 1 1618 1634 3737 3168
10365 4 2 0 1 3231 2199 2339 1628
10366 4 2 0 1 383 3814 386 391
10367 4 2 0 1 3119 3720 3265 2629
10368 4 2 0 1 3231 3274 3167 3077
10369 4 2 0 1 3005 2835 3762 2468
10370 4 2 0 1 1589 1590 2090 3197
10371 4 2 0 1 3077 1626 1605 1611
10372 4 2 0 1 3005 2835 2468 2663
10373 4 2 0 1 927 378 3401 3399
10374 4 2 0 1 13 1223 3327 2323
10375 4 2 0 1 2691 3231 3170 3167
10376 4 2 0 1 2867 3172 3347 3318
10377 4 2 0 1 2591 2874 3637 2878
10378 4 2 0 1 3684 2128 1348 2204
10379 4 2 0 1 3661 3685 3212 3660
10380 4 2 0 1 3212 3684 3331 3739
10381 4 2 0 1 2468 2666 2663 2835
10382 4 2 0 1 3671 3050 3741 2207
10383 4 2 0 1 927 3401 378 376
10384 4 2 0 1 3740 1738 1501 1739
10385 4 2 0 1 3005 2835 2663 2945
10386 4 2 0 1 3670 3669 3046 3297
10387 4 2 0 1 2941 27 2169 28
10388 4 2 0 1 3170 2691 3167 3173
10389 4 2 0 1 3168 3174 2308 1980
10390 4 2 0 1 3471 2501 2502 3332
10391 4 2 0 1 3596 1652 1881 1653
10392 4 2 0 1 2946 2835 3762 3005
10393 4 2 0 1 3251 3173 3170 3169
10394 4 2 0 1 1501 1831 1494 3105
10395 4 2 0 1 3030 3666 3665 3098
10396 4 2 0 1 1756 2908 3089 1331
10397 4 2 0 1 2884 3782 320 3795
10398 4 2 0 1 3233 3126 3302 3124
10399 4 2 0 1 1292 1293 3194 1294
10400 4 2 0 1 3695 3322 3096 3187
10401 4 2 0 1 2979 2974 3074 2433
10402 4 2 0 1 2594 2791 2449 3551
10403 4 2 0 1 3078 3021 3593 2698
10404 4 2 0 1 1369 3451 1328 2313
10405 4 2 0 1 3237 2703 3115 3664
10406 4 2 0 1 2689 3187 3096 3185
10407 4 2 0 1 3506 3569 3309 3118
10408 4 2 0 1 2056 2624 1232 2298
10409 4 2 0 1 2229 3107 3181 3161
10410 4 2 0 1 2435 3066 3431 3150
10411 4 2 0 1 3050 3049 3263 2867
10412 4 2 0 1 2789 2594 2791 2449
10413 4 2 0 1 3694 3693 3692 3094
10414 4 2 0 1 3142 3363 3206 3137
10415 4 2 0 1 1657 1875 3302 3711
10416 4 2 0 1 3208 3224 3180 3334
10417 4 2 0 1 2912 3570 2630 2676
10418 4 2 0 1 10 2981 989 11
10419 4 2 0 1 2600 2599 2602 3550
10420 4 2 0 1 3348 1865 1863 1866
10421 4 2 0 1 3074 3081 3088 3085
10422 4 2 0 1 2505 2693 2988 2506
10423 4 2 0 1 2505 2693 2506 2700
10424 4 2 0 1 3819 3767 2889 521
10425 4 2 0 1 1790 1764 2907 3335
10426 4 2 0 1 2095 64 3607 3606
10427 4 2 0 1 2749 1520 2024 1226
10428 4 2 0 1 3709 1627 1641 1899
10429 4 2 0 1 3168 2308 1617 2065
10430 4 2 0 1 3095 2689 3096 3185
10431 4 2 0 1 2973 3611 2907 3738
10432 4 2 0 1 2162 3619 2112 1771
10433 4 2 0 1 3134 3115 3135 3133
10434 4 2 0 1 3701 2240 3282 1892
10435 4 2 0 1 3638 2591 3264 2881
10436 4 2 0 1 2805 2012 2226 1503
10437 4 2 0 1 3115 3116 3135 3506
10438 4 2 0 1 2789 2791 3624 2790
10439 4 2 0 1 2597 2599 3550 2598
10440 4 2 0 1 515 3819 521 522
10441 4 2 0 1 3114 2084 1529 3282
10442 4 2 0 1 1222 3369 15 1548
10443 4 2 0 1 3367 1503 2324 2805
10444 4 2 0 1 2835 2468 3486 3762
10445 4 2 0 1 1582 3234 2703 3706
10446 4 2 0 1 466 943 2538 2879
10447 4 2 0 1 3521 2404 2819 2478
10448 4 2 0 1 3528 564 2672 566
10449 4 2 0 1 2773 2919 2462 2921
10450 4 2 0 1 3401 380 371 800
10451 4 2 0 1 3087 3451 3085 3080
10452 4 2 0 1 408 572 2480 2481
10453 4 2 0 1 2653 929 3541 904
10454 4 2 0 1 2531 2731 2818 2465
10455 4 2 0 1 2769 2553 2555 2557
10456 4 2 0 1 2922 280 902 715
10457 4 2 0 1 2753 2440 2399 2659
10458 4 2 0 1 2414 3482 2815 2656
10459 4 2 0 1 2620 3008 3007 2668
10460 4 2 0 1 189 1161 659 2418
10461 4 2 0 1 3533 2671 2936 2556
10462 4 2 0 1 2797 2588 2562 2401
10463 4 2 0 1 2587 2673 582 2589
10464 4 2 0 1 3572 3493 2859 2611
10465 4 2 0 1 2936 532 3533 552
10466 4 2 0 1 2936 532 552 533
10467 4 2 0 1 3761 3468 2785 2448
10468 4 2 0 1 2680 2640 3621 2778
10469 4 2 0 1 3174 2199 3168 2308
10470 4 2 0 1 3652 2959 3299 2960
10471 4 2 0 1 2708 2706 3296 3408
10472 4 2 0 1 2503 2506 2504 3508
10473 4 2 0 1 2471 3760 2841 3761
10474 4 2 0 1 3377 3754 3453 3378
10475 4 2 0 1 540 3783 539 541
10476 4 2 0 1 2421 3592 2840 2836
10477 4 2 0 1 3022 3752 2502 3594
10478 4 2 0 1 976 3491 741 2476
10479 4 2 0 1 3067 3081 3085 2436
10480 4 2 0 1 3430 2424 2964 2963
10481 4 2 0 1 976 741 3491 594
10482 4 2 0 1 3718 3186 3734 3152
10483 4 2 0 1 3280 3067 3081 2452
10484 4 2 0 1 2680 3491 2476 741
10485 4 2 0 1 3089 1355 3690 3163
10486 4 2 0 1 3086 3277 2452 2426
10487 4 2 0 1 2892 3500 2486 2432
10488 4 2 0 1 1890 1905 2949 1235
10489 4 2 0 1 2435 3066 3150 3184
10490 4 2 0 1 3224 3666 3099 3103
10491 4 2 0 1 2955 3430 2424 2958
10492 4 2 0 1 118 3491 741 594
10493 4 2 0 1 3296 2933 2706 3591
10494 4 2 0 1 3470 3411 2790 2791
10495 4 2 0 1 3455 3647 3618 2928
10496 4 2 0 1 2352 2041 3148 1811
10497 4 2 0 1 2832 2791 3470 3570
10498 4 2 0 1 3570 3468 2676 3470
10499 4 2 0 1 3479 2455 3445 3298
10500 4 2 0 1 3570 3468 3470 2832
10501 4 2 0 1 2952 2823 2958 2956
10502 4 2 0 1 2952 3417 2822 2953
10503 4 2 0 1 3034 3041 1420 1419
10504 4 2 0 1 2063 1737 2131 3126
10505 4 2 0 1 3715 3162 3138 3241
10506 4 2 0 1 2952 3417 2951 3290
10507 4 2 0 1 3290 2952 3426 2955
10508 4 2 0 1 3269 2965 3263 3334
10509 4 2 0 1 3710 2270 2311 3708
10510 4 2 0 1 3446 3447 2432 3634
10511 4 2 0 1 3761 3411 3468 3467
10512 4 2 0 1 2503 979 3508 3509
10513 4 2 0 1 3603 773 2730 2728
10514 4 2 0 1 2714 2715 3598 2574
10515 4 2 0 1 1298 3692 2384 2208
10516 4 2 0 1 1650 3710 2326 1731
10517 4 2 0 1 3710 2311 2270 1731
10518 4 2 0 1 2494 3514 2812 3379
10519 4 2 0 1 2595 1047 2628 3571
10520 4 2 0 1 2468 3763 3762 3005
10521 4 2 0 1 553 485 678 2630
10522 4 2 0 1 3139 3223 3206 3222
10523 4 2 0 1 2597 2800 3458 2870
10524 4 2 0 1 2889 521 520 515
10525 4 2 0 1 2714 2715 2574 2464
10526 4 2 0 1 3087 3085 3451 3689
10527 4 2 0 1 3629 1544 2796 3642
10528 4 2 0 1 3316 3146 3635 3147
10529 4 2 0 1 3435 2450 2766 2598
10530 4 2 0 1 3048 3420 2427 3219
10531 4 2 0 1 2185 3292 1370 1961
10532 4 2 0 1 2596 2981 996 3550
10533 4 2 0 1 2836 2421 3750 2861
10534 4 2 0 1 2511 2645 2844 2915
10535 4 2 0 1 3467 3464 2855 2448
10536 4 2 0 1 2789 2806 2790 3624
10537 4 2 0 1 1244 2597 2800 2762
10538 4 2 0 1 2714 2546 2540 2854
10539 4 2 0 1 3666 3047 3099 3103
10540 4 2 0 1 3692 1861 2384 2208
10541 4 2 0 1 2540 2478 2714 2854
10542 4 2 0 1 3094 1498 2208 1295
10543 4 2 0 1 2654 2528 2526 2653
10544 4 2 0 1 2840 2987 3382 2861
10545 4 2 0 1 3121 3308 3710 2703
10546 4 2 0 1 837 164 362 2906
10547 4 2 0 1 3556 666 3557 2528
10548 4 2 0 1 3371 2773 2462 2921
10549 4 2 0 1 2694 2687 2700 2699
10550 4 2 0 1 3488 2555 2470 2473
10551 4 2 0 1 2694 2687 2699 2695
10552 4 2 0 1 2621 3494 2479 498
10553 4 2 0 1 2414 2814 3753 2815
10554 4 2 0 1 2922 2515 2514 2520
10555 4 2 0 1 3505 2701 3506 2502
10556 4 2 0 1 3123 3709 3167 3707
10557 4 2 0 1 3594 3505 2701 2702
10558 4 2 0 1 2491 3579 2930 3502
10559 4 2 0 1 2513 2999 2489 2497
10560 4 2 0 1 2399 3380 2842 2586
10561 4 2 0 1 2799 2761 3553 2601
10562 4 2 0 1 650 3 3553 4
10563 4 2 0 1 3202 1266 1267 1265
10564 4 2 0 1 790 2487 942 1126
10565 4 2 0 1 3594 3505 2702 2947
10566 4 2 0 1 3817 1940 1444 1441
10567 4 2 0 1 3628 2502 3366 3471
10568 4 2 0 1 3475 2790 3471 3332
10569 4 2 0 1 899 85 2999 3555
10570 4 2 0 1 3123 3167 3709 3077
10571 4 2 0 1 3506 2701 3118 2502
10572 4 2 0 1 651 617 619 3554
10573 4 2 0 1 3585 3511 2846 2833
10574 4 2 0 1 3754 3377 2753 3452
10575 4 2 0 1 2399 3372 3379 2753
10576 4 2 0 1 2900 2493 2439 2494
10577 4 2 0 1 3578 805 1169 450
10578 4 2 0 1 3514 2636 2737 2787
10579 4 2 0 1 3510 855 2631 310
10580 4 2 0 1 2520 847 280 2515
10581 4 2 0 1 2654 3401 376 2397
10582 4 2 0 1 3707 3043 3167 3123
10583 4 2 0 1 2576 525 1027 629
10584 4 2 0 1 2472 159 160 156
10585 4 2 0 1 2525 3519 2524 2414
10586 4 2 0 1 3260 2351 3354 2386
10587 4 2 0 1 3775 912 3785 1065
10588 4 2 0 1 694 1139 773 2728
10589 4 2 0 1 693 2646 2484 2728
10590 4 2 0 1 394 2901 627 390
10591 4 2 0 1 2386 3260 1939 1661
10592 4 2 0 1 2653 2393 2545 2756
10593 4 2 0 1 2797 3537 2561 2780
10594 4 2 0 1 2771 2779 2782 3008
10595 4 2 0 1 2386 3260 1661 3218
10596 4 2 0 1 3388 2553 3532 2551
10597 4 2 0 1 2414 3482 2656 2527
10598 4 2 0 1 2724 2580 2578 2579
10599 4 2 0 1 2386 3260 3218 3354
10600 4 2 0 1 2663 2468 2664 2666
10601 4 2 0 1 2724 2846 2858 3585
10602 4 2 0 1 500 2621 498 799
10603 4 2 0 1 3545 3538 3544 2571
10604 4 2 0 1 1187 133 3545 506
10605 4 2 0 1 2820 2770 127 129
10606 4 2 0 1 2905 129 2820 910
10607 4 2 0 1 3572 3387 2633 2647
10608 4 2 0 1 3432 3439 3048 3438
10609 4 2 0 1 2571 2569 2610 2722
10610 4 2 0 1 1600 3090 1581 2379
10611 4 2 0 1 3486 2849 2468 2666
10612 4 2 0 1 3386 2400 2588 2562
10613 4 2 0 1 2412 2673 2587 2409
10614 4 2 0 1 3392 2402 2859 2804
10615 4 2 0 1 2401 3390 2587 2588
10616 4 2 0 1 2840 2987 3378 3382
10617 4 2 0 1 2853 2835 2666 3486
10618 4 2 0 1 2706 3311 1800 2932
10619 4 2 0 1 2706 1800 3311 1799
10620 4 2 0 1 3458 3258 2866 2762
10621 4 2 0 1 3463 3464 2987 2810
10622 4 2 0 1 3500 2892 2486 3497
10623 4 2 0 1 2603 1090 651 1190
10624 4 2 0 1 1769 3566 2379 1889
10625 4 2 0 1 2632 199 844 176
10626 4 2 0 1 2612 1187 506 1019
10627 4 2 0 1 948 639 1019 2612
10628 4 2 0 1 1581 3235 3566 3090
10629 4 2 0 1 1583 1582 1581 2703
10630 4 2 0 1 3817 1940 3805 1444
10631 4 2 0 1 2694 3261 3592 2836
10632 4 2 0 1 2937 1125 1218 649
10633 4 2 0 1 2740 2644 2584 3576
10634 4 2 0 1 3588 3667 3287 3441
10635 4 2 0 1 2671 2558 3400 2413
10636 4 2 0 1 3628 3366 2826 3471
10637 4 2 0 1 2900 2739 2738 2737
10638 4 2 0 1 3817 3295 1940 3106
10639 4 2 0 1 3400 2671 3399 2783
10640 4 2 0 1 2731 2818 2465 2773
10641 4 2 0 1 3540 2572 3373 2901
10642 4 2 0 1 2853 2835 3486 2784
10643 4 2 0 1 3400 2671 2783 3583
10644 4 2 0 1 3578 805 450 804
10645 4 2 0 1 2308 3174 1981 1980
10646 4 2 0 1 1312 3717 3144 1371
10647 4 2 0 1 3138 1894 1504 1928
10648 4 2 0 1 3817 3805 1445 1444
10649 4 2 0 1 3345 3427 2927 2425
10650 4 2 0 1 2752 2551 2781 2550
10651 4 2 0 1 113 3622 3621 2680
10652 4 2 0 1 3538 2578 2568 3543
10653 4 2 0 1 2534 955 851 873
10654 4 2 0 1 2997 3492 2640 2777
10655 4 2 0 1 3069 1537 3310 3700
10656 4 2 0 1 3069 1537 3700 1816
10657 4 2 0 1 3174 2199 2308 1981
10658 4 2 0 1 3076 1595 1594 1596
10659 4 2 0 1 3170 3043 3173 3167
10660 4 2 0 1 3150 3112 3216 3718
10661 4 2 0 1 3167 1740 2234 3274
10662 4 2 0 1 1842 1640 1641 3274
10663 4 2 0 1 3189 3735 3190 3736
10664 4 2 0 1 1879 3090 3596 1608
10665 4 2 0 1 3717 3715 3136 3142
10666 4 2 0 1 3761 3468 3411 3465
10667 4 2 0 1 2509 2835 2853 2784
10668 4 2 0 1 1080 2707 2829 3599
10669 4 2 0 1 3150 3186 3112 3718
10670 4 2 0 1 2894 3500 2582 3499
10671 4 2 0 1 2863 459 2889 987
10672 4 2 0 1 3421 2927 3427 3757
10673 4 2 0 1 2863 2889 459 2480
10674 4 2 0 1 2980 51 2310 2775
10675 4 2 0 1 2734 2874 3285 2591
10676 4 2 0 1 2976 2618 2619 2615
10677 4 2 0 1 2903 2862 2937 2994
10678 4 2 0 1 2889 403 451 2967
10679 4 2 0 1 2751 2903 2937 2994
10680 4 2 0 1 2875 3154 3477 3637
10681 4 2 0 1 3320 650 2764 3553
10682 4 2 0 1 1248 1246 3333 1247
10683 4 2 0 1 2908 1758 3164 1918
10684 4 2 0 1 1750 2011 1350 3293
10685 4 2 0 1 2203 2303 3106 1885
10686 4 2 0 1 3155 3637 3284 2591
10687 4 2 0 1 2161 1721 1231 2917
10688 4 2 0 1 2806 2628 3369 3627
10689 4 2 0 1 3470 3411 2791 2832
10690 4 2 0 1 492 2477 493 494
10691 4 2 0 1 3396 2613 2611 2633
10692 4 2 0 1 2971 2887 3262 3428
10693 4 2 0 1 1652 1615 3596 2118
10694 4 2 0 1 2025 3626 3633 3165
10695 4 2 0 1 3234 1578 1580 3133
10696 4 2 0 1 2025 3134 3633 1575
10697 4 2 0 1 2828 2191 2808 2079
10698 4 2 0 1 2025 3626 3165 1554
10699 4 2 0 1 2807 2808 2622 2805
10700 4 2 0 1 3325 1503 3367 2805
10701 4 2 0 1 3166 3135 3626 3165
10702 4 2 0 1 2807 3625 2826 3365
10703 4 2 0 1 3548 2593 3473 3474
10704 4 2 0 1 2592 3039 3440 3023
10705 4 2 0 1 2971 3262 2887 2973
10706 4 2 0 1 2921 2773 2819 2396
10707 4 2 0 1 2921 2819 2773 2919
10708 4 2 0 1 2974 3426 2433 3417
10709 4 2 0 1 3475 2592 3309 3024
10710 4 2 0 1 3728 3730 3474 3729
10711 4 2 0 1 3135 3633 3626 3165
10712 4 2 0 1 3204 3672 2263 1269
10713 4 2 0 1 3134 3633 3135 3165
10714 4 2 0 1 1982 2102 1887 2953
10715 4 2 0 1 3406 2427 3415 3299
10716 4 2 0 1 1880 3065 2108 1877
10717 4 2 0 1 1857 3083 3072 2149
10718 4 2 0 1 3020 3028 3023 3044
10719 4 2 0 1 3607 2976 2619 2802
10720 4 2 0 1 3185 1402 3322 2247
10721 4 2 0 1 3033 3023 3028 3044
10722 4 2 0 1 3755 3759 2885 3757
10723 4 2 0 1 2907 3335 3644 2774
10724 4 2 0 1 2872 2877 1840 2871
10725 4 2 0 1 3645 2907 3656 2977
10726 4 2 0 1 2871 2293 8 2292
10727 4 2 0 1 3660 3685 3212 3019
10728 4 2 0 1 3017 1384 1386 1385
10729 4 2 0 1 2709 2894 2614 2712
10730 4 2 0 1 1297 3094 1298 1295
10731 4 2 0 1 1288 1374 1966 3748
10732 4 2 0 1 3547 3300 3172 2876
10733 4 2 0 1 2709 2614 2894 2582
10734 4 2 0 1 2972 3656 3658 2977
10735 4 2 0 1 2986 2718 2461 2504
10736 4 2 0 1 3300 3173 2876 3236
10737 4 2 0 1 2972 3645 3656 2977
10738 4 2 0 1 3110 3227 3150 3184
10739 4 2 0 1 2986 2718 2504 2505
10740 4 2 0 1 2482 3576 2644 3578
10741 4 2 0 1 2435 3227 3184 3150
10742 4 2 0 1 2482 2644 3576 3577
10743 4 2 0 1 2484 2482 2644 3578
10744 4 2 0 1 3030 3029 3046 3668
10745 4 2 0 1 2484 2644 2482 3577
10746 4 2 0 1 3188 3640 3642 2823
10747 4 2 0 1 2646 2484 2644 3578
10748 4 2 0 1 3106 2303 2203 3295
10749 4 2 0 1 3102 3030 3098 3666
10750 4 2 0 1 3138 1894 3162 1504
10751 4 2 0 1 3128 2151 1896 3062
10752 4 2 0 1 2646 2644 2484 3577
10753 4 2 0 1 2810 2855 2798 2447
10754 4 2 0 1 1281 1278 3675 1279
10755 4 2 0 1 3257 3344 3457 2443
10756 4 2 0 1 1589 3196 1590 3197
10757 4 2 0 1 3673 1914 1280 2250
10758 4 2 0 1 3358 1274 2296 2171
10759 4 2 0 1 1952 2195 3084 3065
10760 4 2 0 1 3434 3257 3344 3436
10761 4 2 0 1 1535 1961 3292 1537
10762 4 2 0 1 3000 2496 2494 3379
10763 4 2 0 1 1445 3805 3817 3295
10764 4 2 0 1 2349 1816 3084 2178
10765 4 2 0 1 2195 1952 3084 2349
10766 4 2 0 1 2759 1666 1663 3266
10767 4 2 0 1 2963 3426 2962 2961
10768 4 2 0 1 3141 3423 3436 3438
10769 4 2 0 1 3336 3147 1811 3148
10770 4 2 0 1 2494 2496 3000 2925
10771 4 2 0 1 3239 3273 3298 3238
10772 4 2 0 1 3074 3081 3085 3067
10773 4 2 0 1 3693 3195 3239 3319
10774 4 2 0 1 3195 2039 3093 1498
10775 4 2 0 1 3691 1722 1372 3091
10776 4 2 0 1 2428 3033 3440 3028
10777 4 2 0 1 3195 2101 3691 2039
10778 4 2 0 1 3588 3294 3441 2690
10779 4 2 0 1 3695 3100 3665 3098
10780 4 2 0 1 3718 3152 3734 2957
10781 4 2 0 1 3243 3704 3732 2023
10782 4 2 0 1 3282 3699 3698 3697
10783 4 2 0 1 3440 2427 2428 3048
10784 4 2 0 1 1359 1357 3705 3702
10785 4 2 0 1 3215 3185 3109 3111
10786 4 2 0 1 3322 3188 3187 3099
10787 4 2 0 1 3096 1406 1408 1427
10788 4 2 0 1 3588 3025 3294 2690
10789 4 2 0 1 1585 1582 2087 3706
10790 4 2 0 1 3329 3342 1639 3706
10791 4 2 0 1 2404 3009 2405 3572
10792 4 2 0 1 3596 1646 1645 1616
10793 4 2 0 1 3121 3308 2703 3706
10794 4 2 0 1 2177 3620 1772 2176
10795 4 2 0 1 1318 3138 1928 2081
10796 4 2 0 1 3203 1975 3144 3711
10797 4 2 0 1 2256 1287 3713 1375
10798 4 2 0 1 2455 3445 3102 3432
10799 4 2 0 1 3059 3062 3301 3679
10800 4 2 0 1 3063 3301 3057 3062
10801 4 2 0 1 3081 3088 3080 3209
10802 4 2 0 1 1310 1308 3144 1309
10803 4 2 0 1 3256 2443 2799 3258
10804 4 2 0 1 2427 3219 2428 3048
10805 4 2 0 1 3143 3206 3717 3233
10806 4 2 0 1 3679 3128 2266 1896
10807 4 2 0 1 1270 1970 1305 3674
10808 4 2 0 1 3087 3209 3210 3080
10809 4 2 0 1 3679 3032 3301 3061
10810 4 2 0 1 1479 3171 1463 1465
10811 4 2 0 1 1638 1637 1825 3672
10812 4 2 0 1 3346 1912 1264 1262
10813 4 2 0 1 3223 1256 2869 3244
10814 4 2 0 1 2302 3363 1514 2262
10815 4 2 0 1 3447 2894 2938 2892
10816 4 2 0 1 3140 3281 2869 3177
10817 4 2 0 1 2207 1423 3050 3169
10818 4 2 0 1 2254 3704 3702 2214
10819 4 2 0 1 3741 2207 3050 3169
10820 4 2 0 1 3727 3176 3474 3205
10821 4 2 0 1 1711 3732 3353 1904
10822 4 2 0 1 1695 1699 3732 2239
10823 4 2 0 1 2273 3204 2263 1269
10824 4 2 0 1 2048 3254 1742 3321
10825 4 2 0 1 1344 3017 3331 3739
10826 4 2 0 1 1367 1353 2204 3684
10827 4 2 0 1 3251 3741 3050 3169
10828 4 2 0 1 3565 2624 2682 3567
10829 4 2 0 1 3214 3678 3254 3159
10830 4 2 0 1 3720 2629 3744 3265
10831 4 2 0 1 1772 3620 1753 2176
10832 4 2 0 1 3019 3685 3684 3225
10833 4 2 0 1 1367 3071 3684 1540
10834 4 2 0 1 1717 3284 2881 3153
10835 4 2 0 1 3716 3130 3305 3129
10836 4 2 0 1 3555 1003 899 616
10837 4 2 0 1 1967 2124 3749 1374
10838 4 2 0 1 3238 3130 3712 3713
10839 4 2 0 1 3272 2255 3749 3747
10840 4 2 0 1 3683 3151 3310 3018
10841 4 2 0 1 3153 1686 1681 2253
10842 4 2 0 1 3628 2827 2825 2622
10843 4 2 0 1 791 2675 2677 3586
10844 4 2 0 1 1552 3626 1719 1554
10845 4 2 0 1 3156 3157 2881 3155
10846 4 2 0 1 3804 3825 947 1098
10847 4 2 0 1 2743 3824 420 1214
10848 4 2 0 1 947 3825 3804 736
10849 4 2 0 1 2501 3628 3471 2502
10850 4 2 0 1 2242 3035 3029 3044
10851 4 2 0 1 3638 2806 3264 2734
10852 4 2 0 1 2980 2615 2803 3449
10853 4 2 0 1 3154 2593 2875 3477
10854 4 2 0 1 2972 2457 2949 2775
10855 4 2 0 1 3437 3434 3435 3415
10856 4 2 0 1 3447 2938 2894 2746
10857 4 2 0 1 1638 1930 3672 1825
10858 4 2 0 1 1753 3620 1985 2176
10859 4 2 0 1 2456 2775 2457 2971
10860 4 2 0 1 3298 3654 3271 3305
10861 4 2 0 1 2483 2482 2484 467
10862 4 2 0 1 2958 3431 2952 3152
10863 4 2 0 1 3717 1657 1371 1504
10864 4 2 0 1 3717 1657 1504 3162
10865 4 2 0 1 2827 3568 2625 2825
10866 4 2 0 1 1312 3717 1371 1314
10867 4 2 0 1 1039 2809 600 2664
10868 4 2 0 1 353 537 1108 525
10869 4 2 0 1 3332 2502 3662 3752
10870 4 2 0 1 1601 2703 3090 1608
10871 4 2 0 1 2501 3332 3752 2502
10872 4 2 0 1 3150 3066 3431 3151
10873 4 2 0 1 2025 1556 3356 1558
10874 4 2 0 1 1879 3596 1653 1613
10875 4 2 0 1 2435 3066 3184 3279
10876 4 2 0 1 3022 3021 2698 3594
10877 4 2 0 1 3594 2947 2696 3752
10878 4 2 0 1 3741 2062 1522 2061
10879 4 2 0 1 2561 1168 201 858
10880 4 2 0 1 3742 1739 3740 2061
10881 4 2 0 1 3278 1789 2229 3161
10882 4 2 0 1 2315 2062 3105 3741
10883 4 2 0 1 3671 3105 2295 3741
10884 4 2 0 1 1849 3200 2005 2072
10885 4 2 0 1 3328 1667 2193 1664
10886 4 2 0 1 3370 2760 3553 2799
10887 4 2 0 1 644 2975 1165 87
10888 4 2 0 1 3291 3214 3741 3253
10889 4 2 0 1 3562 2905 737 150
10890 4 2 0 1 3340 1847 3354 2485
10891 4 2 0 1 2678 2476 119 2680
10892 4 2 0 1 113 2680 3621 2778
10893 4 2 0 1 2823 2897 3629 2822
10894 4 2 0 1 2091 3590 2221 2695
10895 4 2 0 1 3585 2833 2676 2677
10896 4 2 0 1 306 3496 491 490
10897 4 2 0 1 2890 2649 3260 3498
10898 4 2 0 1 1987 2890 3260 1224
10899 4 2 0 1 1987 2890 1224 69
10900 4 2 0 1 2590 311 954 312
10901 4 2 0 1 3119 3719 3265 3720
10902 4 2 0 1 302 309 308 2590
10903 4 2 0 1 3719 3330 3476 3265
10904 4 2 0 1 3119 3719 3476 3265
10905 4 2 0 1 3122 3330 3265 3476
10906 4 2 0 1 3119 3122 3265 3476
10907 4 2 0 1 2483 2482 3577 2484
10908 4 2 0 1 464 2733 238 2730
10909 4 2 0 1 892 812 2675 679
10910 4 2 0 1 3562 2905 172 737
10911 4 2 0 1 126 153 2476 2820
10912 4 2 0 1 131 2463 3545 2567
10913 4 2 0 1 3022 3039 2592 3023
10914 4 2 0 1 3277 2426 3436 3423
10915 4 2 0 1 349 3834 348 346
10916 4 2 0 1 3819 508 511 510
10917 4 2 0 1 3036 3048 3038 3037
10918 4 2 0 1 1252 2869 1254 3244
10919 4 2 0 1 2796 2823 3642 3307
10920 4 2 0 1 3282 1950 3697 3114
10921 4 2 0 1 1090 2599 2603 998
10922 4 2 0 1 2800 1244 1242 2597
10923 4 2 0 1 2830 3556 2847 3557
10924 4 2 0 1 3179 2006 3194 1294
10925 4 2 0 1 3116 3309 3569 3119
10926 4 2 0 1 3797 56 55 1240
10927 4 2 0 1 3151 3066 3431 3290
10928 4 2 0 1 2776 3350 3659 3348
10929 4 2 0 1 2689 3698 3111 3282
10930 4 2 0 1 3386 2564 2588 2406
10931 4 2 0 1 3279 3067 3431 3066
10932 4 2 0 1 2689 3111 3698 3185
10933 4 2 0 1 3182 2278 3179 2337
10934 4 2 0 1 2565 2588 2562 3386
10935 4 2 0 1 2955 2952 3431 3290
10936 4 2 0 1 2385 3017 2219 1345
10937 4 2 0 1 3007 2902 278 2589
10938 4 2 0 1 2128 1938 1540 3232
10939 4 2 0 1 3684 3685 3019 3212
10940 4 2 0 1 2669 287 292 289
10941 4 2 0 1 3061 3743 3229 3255
10942 4 2 0 1 2099 3231 1687 1973
10943 4 2 0 1 2180 1453 2184 3793
10944 4 2 0 1 1965 2278 2043 3181
10945 4 2 0 1 3152 2958 3288 3188
10946 4 2 0 1 2958 3288 3188 3433
10947 4 2 0 1 3469 3755 3419 3409
10948 4 2 0 1 3755 2425 2961 3425
10949 4 2 0 1 1365 3697 1363 2015
10950 4 2 0 1 1299 3694 1297 1669
10951 4 2 0 1 3292 1357 3225 3113
10952 4 2 0 1 2183 1365 2317 3317
10953 4 2 0 1 2974 2972 2950 2433
10954 4 2 0 1 1747 3642 1933 1748
10955 4 2 0 1 3095 1545 1434 2160
10956 4 2 0 1 1329 1355 1911 3690
10957 4 2 0 1 3078 3022 3023 3020
10958 4 2 0 1 60 1520 1841 2577
10959 4 2 0 1 3335 1809 1925 1924
10960 4 2 0 1 3469 3755 3409 3425
10961 4 2 0 1 2960 2964 3045 3219
10962 4 2 0 1 1546 2649 1230 71
10963 4 2 0 1 3219 3103 3432 2964
10964 4 2 0 1 86 2923 1144 1
10965 4 2 0 1 1780 3341 2041 1736
10966 4 2 0 1 2628 3638 2323 3327
10967 4 2 0 1 9 2981 10 2917
10968 4 2 0 1 2628 3571 2630 3624
10969 4 2 0 1 2194 3284 2044 2872
10970 4 2 0 1 2628 2912 3624 2630
10971 4 2 0 1 1232 2535 23 2298
10972 4 2 0 1 3121 3329 3706 3709
10973 4 2 0 1 3234 1585 1586 3706
10974 4 2 0 1 112 592 110 3622
10975 4 2 0 1 3182 3108 3110 3227
10976 4 2 0 1 3100 3696 3314 3207
10977 4 2 0 1 2770 126 127 125
10978 4 2 0 1 2852 3574 2639 2469
10979 4 2 0 1 2641 160 2720 2470
10980 4 2 0 1 3821 3161 1448 3793
10981 4 2 0 1 2202 3821 1492 2377
10982 4 2 0 1 3036 3023 2427 2422
10983 4 2 0 1 3067 2424 2955 2963
10984 4 2 0 1 2045 1544 3629 3642
10985 4 2 0 1 2607 3755 2606 3418
10986 4 2 0 1 3116 3366 3309 3264
10987 4 2 0 1 3166 3264 3365 3366
10988 4 2 0 1 1363 1365 1364 3178
10989 4 2 0 1 3116 3366 3264 3166
10990 4 2 0 1 1696 1693 1481 3731
10991 4 2 0 1 3156 3166 3264 2882
10992 4 2 0 1 2888 2824 2577 669
10993 4 2 0 1 3020 3026 3022 3039
10994 4 2 0 1 2911 2972 2433 2950
10995 4 2 0 1 3757 2961 3755 2425
10996 4 2 0 1 1761 1868 3163 1869
10997 4 2 0 1 1959 2147 2949 2909
10998 4 2 0 1 1912 3203 1779 1964
10999 4 2 0 1 2961 3425 2425 3424
11000 4 2 0 1 2971 2972 3656 2775
11001 4 2 0 1 3218 2386 2068 1661
11002 4 2 0 1 3228 3498 2485 3260
11003 4 2 0 1 2633 2647 3387 2767
11004 4 2 0 1 1506 1362 3178 2023
11005 4 2 0 1 348 3834 344 346
11006 4 2 0 1 2117 3200 3164 2005
11007 4 2 0 1 1552 3626 1550 2012
11008 4 2 0 1 3163 3304 2434 3213
11009 4 2 0 1 2803 3610 2510 2980
11010 4 2 0 1 3409 3469 3425 3751
11011 4 2 0 1 2446 3421 3757 2445
11012 4 2 0 1 3586 2665 3523 2758
11013 4 2 0 1 3072 3689 3083 3073
11014 4 2 0 1 594 121 118 3491
11015 4 2 0 1 2633 2647 2767 2781
11016 4 2 0 1 1021 3489 142 147
11017 4 2 0 1 2630 2833 2631 2677
11018 4 2 0 1 123 2639 1198 122
11019 4 2 0 1 2583 428 431 2584
11020 4 2 0 1 150 2571 3562 2905
11021 4 2 0 1 2463 1013 134 2581
11022 4 2 0 1 134 133 131 3545
11023 4 2 0 1 1013 1167 134 2581
11024 4 2 0 1 3469 3410 3425 3751
11025 4 2 0 1 3168 3735 3190 3737
11026 4 2 0 1 2734 2790 2449 2789
11027 4 2 0 1 2961 3425 3652 2959
11028 4 2 0 1 3658 2950 2911 2909
11029 4 2 0 1 2397 2983 3373 3375
11030 4 2 0 1 2612 1187 1019 135
11031 4 2 0 1 1179 457 2906 960
11032 4 2 0 1 1156 2472 160 156
11033 4 2 0 1 3490 3484 141 3489
11034 4 2 0 1 1156 2472 2470 160
11035 4 2 0 1 2641 2720 160 161
11036 4 2 0 1 2641 160 2470 2472
11037 4 2 0 1 3392 2804 2819 2919
11038 4 2 0 1 2737 701 2787 1099
11039 4 2 0 1 2367 2048 3321 1283
11040 4 2 0 1 126 2476 2770 2820
11041 4 2 0 1 2048 3128 3321 1283
11042 4 2 0 1 2048 3128 3254 3321
11043 4 2 0 1 2048 1673 1742 3254
11044 4 2 0 1 2819 2921 3392 2919
11045 4 2 0 1 3254 3749 1742 3321
11046 4 2 0 1 2367 2048 1742 3321
11047 4 2 0 1 3820 963 734 877
11048 4 2 0 1 2401 2587 3390 2418
11049 4 2 0 1 3256 3457 3316 2760
11050 4 2 0 1 3243 3704 2023 3178
11051 4 2 0 1 3255 3252 3170 3171
11052 4 2 0 1 1810 3723 3231 2181
11053 4 2 0 1 3765 2589 2590 293
11054 4 2 0 1 3419 3757 2425 2927
11055 4 2 0 1 2403 2409 2412 3395
11056 4 2 0 1 189 2566 2418 653
11057 4 2 0 1 3316 3336 3361 3315
11058 4 2 0 1 3336 3360 3361 3315
11059 4 2 0 1 2397 2983 382 383
11060 4 2 0 1 468 3816 326 338
11061 4 2 0 1 2517 218 216 219
11062 4 2 0 1 812 791 213 3586
11063 4 2 0 1 3779 3402 763 205
11064 4 2 0 1 3586 732 2664 2665
11065 4 2 0 1 124 688 206 2778
11066 4 2 0 1 2532 3524 3522 2533
11067 4 2 0 1 3764 3779 469 1105
11068 4 2 0 1 2849 3613 2858 3523
11069 4 2 0 1 619 2512 620 3554
11070 4 2 0 1 221 841 2579 328
11071 4 2 0 1 2644 804 2646 3578
11072 4 2 0 1 3544 2611 3560 2402
11073 4 2 0 1 3620 1774 1772 2774
11074 4 2 0 1 3361 2865 3635 2866
11075 4 2 0 1 874 2463 674 729
11076 4 2 0 1 3493 2621 2611 3494
11077 4 2 0 1 959 893 3542 2635
11078 4 2 0 1 2713 240 2715 241
11079 4 2 0 1 240 2713 242 241
11080 4 2 0 1 258 505 2970 568
11081 4 2 0 1 2611 2612 2621 3391
11082 4 2 0 1 3598 2991 1091 2475
11083 4 2 0 1 2857 562 809 1119
11084 4 2 0 1 252 2969 1074 250
11085 4 2 0 1 262 2546 260 2935
11086 4 2 0 1 2484 2483 2643 2729
11087 4 2 0 1 607 3496 491 1162
11088 4 2 0 1 3423 2454 3337 2452
11089 4 2 0 1 2452 3242 3277 3081
11090 4 2 0 1 1496 3791 1984 2153
11091 4 2 0 1 311 2673 355 351
11092 4 2 0 1 295 277 296 2895
11093 4 2 0 1 868 300 2895 917
11094 4 2 0 1 3668 3031 2428 3102
11095 4 2 0 1 2780 2668 2669 2670
11096 4 2 0 1 2792 278 3007 1075
11097 4 2 0 1 3011 2792 1075 682
11098 4 2 0 1 2091 2687 3590 2695
11099 4 2 0 1 2932 2150 1803 3035
11100 4 2 0 1 2150 1803 3035 1922
11101 4 2 0 1 3014 266 2475 3003
11102 4 2 0 1 894 2475 560 982
11103 4 2 0 1 3343 2150 3035 1922
11104 4 2 0 1 398 2879 439 2864
11105 4 2 0 1 3003 302 2590 2895
11106 4 2 0 1 1564 1565 3131 1566
11107 4 2 0 1 2638 893 3542 612
11108 4 2 0 1 2802 2803 2749 3609
11109 4 2 0 1 3625 3364 3367 3627
11110 4 2 0 1 2749 2619 2803 2802
11111 4 2 0 1 3554 620 2515 2512
11112 4 2 0 1 2520 847 2515 3510
11113 4 2 0 1 3404 352 939 818
11114 4 2 0 1 3720 1568 1676 3744
11115 4 2 0 1 2179 3352 1566 1570
11116 4 2 0 1 185 3390 183 184
11117 4 2 0 1 970 489 2475 560
11118 4 2 0 1 645 3404 818 980
11119 4 2 0 1 3247 3157 3744 3721
11120 4 2 0 1 2861 3382 3463 2987
11121 4 2 0 1 2861 3463 3382 3385
11122 4 2 0 1 288 3583 971 2669
11123 4 2 0 1 3361 3256 3315 3370
11124 4 2 0 1 1484 3061 2054 1472
11125 4 2 0 1 2561 1140 3531 1034
11126 4 2 0 1 3147 3459 2865 3137
11127 4 2 0 1 3739 3017 3331 3212
11128 4 2 0 1 2699 3261 2841 3592
11129 4 2 0 1 3333 3361 2762 3368
11130 4 2 0 1 3458 3258 2762 2597
11131 4 2 0 1 525 2669 793 526
11132 4 2 0 1 2555 3485 2474 2767
11133 4 2 0 1 3489 142 147 140
11134 4 2 0 1 3426 3067 3290 2955
11135 4 2 0 1 2687 2091 1421 2695
11136 4 2 0 1 2754 2829 3599 2719
11137 4 2 0 1 3431 3290 3067 2955
11138 4 2 0 1 3661 3017 3212 3331
11139 4 2 0 1 3131 1563 3355 3744
11140 4 2 0 1 2525 2654 2526 2657
11141 4 2 0 1 3373 2654 2397 3375
11142 4 2 0 1 3400 2544 2558 2672
11143 4 2 0 1 2393 3528 2541 2544
11144 4 2 0 1 2221 2697 1804 3078
11145 4 2 0 1 3539 445 1078 551
11146 4 2 0 1 2773 3371 2462 2655
11147 4 2 0 1 2839 2511 2712 3597
11148 4 2 0 1 3530 2544 2541 2540
11149 4 2 0 1 2712 2511 2741 2843
11150 4 2 0 1 398 908 439 2879
11151 4 2 0 1 1058 764 641 2709
11152 4 2 0 1 2392 3692 1300 2384
11153 4 2 0 1 398 439 400 2864
11154 4 2 0 1 3830 412 410 411
11155 4 2 0 1 3828 416 417 415
11156 4 2 0 1 322 3782 951 320
11157 4 2 0 1 2743 977 406 1018
11158 4 2 0 1 2487 790 942 95
11159 4 2 0 1 247 248 2970 249
11160 4 2 0 1 344 3834 348 3766
11161 4 2 0 1 2653 2572 2658 2573
11162 4 2 0 1 2653 929 904 768
11163 4 2 0 1 344 3834 345 346
11164 4 2 0 1 3032 3061 3678 3158
11165 4 2 0 1 2497 3555 2999 2764
11166 4 2 0 1 2653 929 768 3384
11167 4 2 0 1 2629 3131 3355 3744
11168 4 2 0 1 3560 3392 2814 2609
11169 4 2 0 1 2747 2744 2938 3758
11170 4 2 0 1 1300 3692 2392 3084
11171 4 2 0 1 2894 3500 2845 2582
11172 4 2 0 1 2495 2738 2585 2736
11173 4 2 0 1 3831 2889 403 3786
11174 4 2 0 1 2833 2518 2832 3510
11175 4 2 0 1 787 76 2967 59
11176 4 2 0 1 1132 2862 2863 810
11177 4 2 0 1 2862 1011 649 810
11178 4 2 0 1 1011 2862 1132 810
11179 4 2 0 1 232 2531 753 769
11180 4 2 0 1 471 870 2737 2992
11181 4 2 0 1 3510 2833 3511 2517
11182 4 2 0 1 442 876 2899 473
11183 4 2 0 1 2730 2733 238 2529
11184 4 2 0 1 3518 472 374 372
11185 4 2 0 1 3557 2528 3384 2659
11186 4 2 0 1 3389 3013 2554 3646
11187 4 2 0 1 951 3782 322 331
11188 4 2 0 1 3389 3387 3572 2859
11189 4 2 0 1 2768 3387 3646 2859
11190 4 2 0 1 3403 819 818 3404
11191 4 2 0 1 3387 2633 2767 2551
11192 4 2 0 1 1004 3781 324 321
11193 4 2 0 1 2854 2478 2714 2464
11194 4 2 0 1 496 2479 499 792
11195 4 2 0 1 2814 2555 2767 2473
11196 4 2 0 1 3049 2867 3287 3443
11197 4 2 0 1 496 2479 2477 3494
11198 4 2 0 1 2407 2814 2767 2473
11199 4 2 0 1 3798 3819 516 510
11200 4 2 0 1 3798 3819 510 2889
11201 4 2 0 1 794 2524 635 586
11202 4 2 0 1 345 3773 548 742
11203 4 2 0 1 2689 3187 3698 3108
11204 4 2 0 1 548 3773 1045 742
11205 4 2 0 1 2972 2950 3658 2949
11206 4 2 0 1 2689 3698 3187 3185
11207 4 2 0 1 2952 2823 2956 3629
11208 4 2 0 1 534 3794 1174 545
11209 4 2 0 1 3629 2301 2953 1887
11210 4 2 0 1 29 2943 2110 1614
11211 4 2 0 1 2660 2399 2744 3384
11212 4 2 0 1 552 680 3531 934
11213 4 2 0 1 3754 2986 2840 2461
11214 4 2 0 1 2986 2987 3760 3405
11215 4 2 0 1 29 2110 2943 30
11216 4 2 0 1 680 720 3531 721
11217 4 2 0 1 2986 2987 3405 3378
11218 4 2 0 1 2986 2987 3378 2840
11219 4 2 0 1 2987 3592 3760 2836
11220 4 2 0 1 3012 570 861 686
11221 4 2 0 1 3155 3637 2591 3285
11222 4 2 0 1 3010 3011 2771 3008
11223 4 2 0 1 3787 2889 924 433
11224 4 2 0 1 3719 3744 3721 3265
11225 4 2 0 1 1351 2011 2112 3293
11226 4 2 0 1 3155 3284 3154 3153
11227 4 2 0 1 595 3534 325 1020
11228 4 2 0 1 1045 3773 548 880
11229 4 2 0 1 1045 3773 1174 742
11230 4 2 0 1 3479 3271 3298 3445
11231 4 2 0 1 633 859 2550 597
11232 4 2 0 1 3524 2535 3568 2626
11233 4 2 0 1 2697 3591 3040 2838
11234 4 2 0 1 2590 2674 2673 3003
11235 4 2 0 1 489 3496 306 490
11236 4 2 0 1 607 2412 2673 1014
11237 4 2 0 1 3266 2759 3615 2929
11238 4 2 0 1 3512 2460 3516 3453
11239 4 2 0 1 754 2736 2737 2992
11240 4 2 0 1 3524 3568 2535 3016
11241 4 2 0 1 2954 3460 2445 3462
11242 4 2 0 1 2624 3568 2535 2626
11243 4 2 0 1 69 2488 2890 1092
11244 4 2 0 1 2624 2535 3568 3016
11245 4 2 0 1 2891 3579 2650 3448
11246 4 2 0 1 616 2513 477 481
11247 4 2 0 1 3031 3445 3443 2428
11248 4 2 0 1 3420 3415 3437 2427
11249 4 2 0 1 1174 3773 1045 880
11250 4 2 0 1 3518 372 374 373
11251 4 2 0 1 375 373 3518 374
11252 4 2 0 1 3726 3725 3175 3203
11253 4 2 0 1 2580 673 2578 2579
11254 4 2 0 1 3835 3827 2983 382
11255 4 2 0 1 215 2580 2904 2724
11256 4 2 0 1 206 356 2778 1068
11257 4 2 0 1 126 2770 127 2820
11258 4 2 0 1 483 850 755 2852
11259 4 2 0 1 123 3491 2469 2639
11260 4 2 0 1 3726 3725 1912 3346
11261 4 2 0 1 119 117 2680 2476
11262 4 2 0 1 632 2860 2880 3509
11263 4 2 0 1 2607 3425 3755 2961
11264 4 2 0 1 482 463 2883 158
11265 4 2 0 1 483 555 2883 2880
11266 4 2 0 1 463 482 2883 483
11267 4 2 0 1 2860 761 631 2942
11268 4 2 0 1 1026 146 2920 2549
11269 4 2 0 1 2860 2880 3509 2508
11270 4 2 0 1 2671 533 2936 2413
11271 4 2 0 1 794 839 2524 586
11272 4 2 0 1 3490 141 3484 705
11273 4 2 0 1 2730 2729 3603 2728
11274 4 2 0 1 3726 1912 3725 3203
11275 4 2 0 1 2733 944 2608 2643
11276 4 2 0 1 2715 1164 307 241
11277 4 2 0 1 2983 3827 3835 811
11278 4 2 0 1 1145 2403 2410 634
11279 4 2 0 1 3394 3383 2462 3392
11280 4 2 0 1 199 2411 2632 1193
11281 4 2 0 1 2983 1152 2982 2415
11282 4 2 0 1 2542 2779 2771 3011
11283 4 2 0 1 2397 2654 905 377
11284 4 2 0 1 3016 2535 3524 2914
11285 4 2 0 1 2959 3652 3299 3425
11286 4 2 0 1 2916 748 747 2915
11287 4 2 0 1 2653 904 905 381
11288 4 2 0 1 750 929 3541 751
11289 4 2 0 1 2983 382 2415 2397
11290 4 2 0 1 2660 3604 3384 2744
11291 4 2 0 1 2693 3590 1221 2182
11292 4 2 0 1 34 357 2507 1199
11293 4 2 0 1 2989 823 1129 964
11294 4 2 0 1 414 412 3772 3830
11295 4 2 0 1 772 416 418 2661
11296 4 2 0 1 2636 2736 2521 2465
11297 4 2 0 1 853 3831 1146 3786
11298 4 2 0 1 2738 2636 2737 2739
11299 4 2 0 1 2913 2661 407 807
11300 4 2 0 1 448 3830 410 846
11301 4 2 0 1 3088 3209 3081 3277
11302 4 2 0 1 3535 203 197 931
11303 4 2 0 1 2561 196 201 719
11304 4 2 0 1 1172 3490 144 2549
11305 4 2 0 1 3695 3208 3207 3098
11306 4 2 0 1 367 3801 366 3777
11307 4 2 0 1 1152 3827 2415 2983
11308 4 2 0 1 3169 2867 3042 3050
11309 4 2 0 1 1006 364 3519 586
11310 4 2 0 1 2857 2537 2538 3525
11311 4 2 0 1 3476 3309 3025 3294
11312 4 2 0 1 2652 643 857 820
11313 4 2 0 1 3423 3479 3438 3337
11314 4 2 0 1 3476 3025 3309 3122
11315 4 2 0 1 3528 777 770 3529
11316 4 2 0 1 3403 188 806 1111
11317 4 2 0 1 3528 777 3529 1032
11318 4 2 0 1 2723 170 462 867
11319 4 2 0 1 632 2860 631 556
11320 4 2 0 1 2938 2891 2438 3448
11321 4 2 0 1 3398 2609 2725 2998
11322 4 2 0 1 2615 2618 2438 2894
11323 4 2 0 1 2813 2609 3398 2998
11324 4 2 0 1 2891 2887 2438 3448
11325 4 2 0 1 28 29 1614 2943
11326 4 2 0 1 3563 2711 2802 2748
11327 4 2 0 1 2746 2615 2438 2894
11328 4 2 0 1 2617 455 502 2710
11329 4 2 0 1 2916 2801 3604 2746
11330 4 2 0 1 3484 702 140 1154
11331 4 2 0 1 3648 2501 2945 2946
11332 4 2 0 1 2565 918 2634 598
11333 4 2 0 1 3583 2982 2783 3400
11334 4 2 0 1 2774 2174 2135 1818
11335 4 2 0 1 566 724 565 2982
11336 4 2 0 1 2632 173 175 174
11337 4 2 0 1 2820 167 910 128
11338 4 2 0 1 130 2770 127 684
11339 4 2 0 1 1002 3562 172 737
11340 4 2 0 1 3095 3587 1435 1433
11341 4 2 0 1 903 2653 381 768
11342 4 2 0 1 904 2653 905 3540
11343 4 2 0 1 2798 2855 2810 3454
11344 4 2 0 1 2814 2555 2768 2767
11345 4 2 0 1 3336 1895 2031 1251
11346 4 2 0 1 2974 3426 3074 2433
11347 4 2 0 1 3453 3512 2785 3398
11348 4 2 0 1 3768 3619 3293 1884
11349 4 2 0 1 1116 731 574 3798
11350 4 2 0 1 2760 2225 1846 2334
11351 4 2 0 1 3081 2452 2454 3280
11352 4 2 0 1 199 2411 1193 728
11353 4 2 0 1 133 134 1187 3545
11354 4 2 0 1 716 639 728 2411
11355 4 2 0 1 1193 716 728 2411
11356 4 2 0 1 2611 3572 3396 2633
11357 4 2 0 1 808 2411 634 728
11358 4 2 0 1 3494 2403 3396 2405
11359 4 2 0 1 2659 2605 2528 2656
11360 4 2 0 1 3446 2432 3758 2496
11361 4 2 0 1 2432 2926 2496 3502
11362 4 2 0 1 2605 2440 2659 3557
11363 4 2 0 1 2817 3387 3389 2554
11364 4 2 0 1 3030 1415 3031 3104
11365 4 2 0 1 2909 3658 2950 2949
11366 4 2 0 1 893 2638 3542 2635
11367 4 2 0 1 894 2475 982 609
11368 4 2 0 1 3406 3750 3751 2836
11369 4 2 0 1 2817 3389 3387 3572
11370 4 2 0 1 2927 3758 3419 2939
11371 4 2 0 1 2817 3389 3572 3009
11372 4 2 0 1 2410 3395 3396 2403
11373 4 2 0 1 2544 3530 2545 2756
11374 4 2 0 1 3489 142 143 157
11375 4 2 0 1 3017 1346 1344 1345
11376 4 2 0 1 3265 3131 3744 3198
11377 4 2 0 1 1108 3834 353 354
11378 4 2 0 1 951 3782 3795 320
11379 4 2 0 1 3402 3764 458 602
11380 4 2 0 1 763 3764 3779 469
11381 4 2 0 1 2870 2873 2451 2450
11382 4 2 0 1 2584 2575 3577 2499
11383 4 2 0 1 1662 3339 3326 1547
11384 4 2 0 1 3553 3616 2764 2601
11385 4 2 0 1 3617 3555 85 650
11386 4 2 0 1 2736 2585 2495 2899
11387 4 2 0 1 1435 3587 3095 3106
11388 4 2 0 1 355 311 954 2590
11389 4 2 0 1 2395 2589 2673 2587
11390 4 2 0 1 2763 2766 2598 3456
11391 4 2 0 1 1091 265 699 2475
11392 4 2 0 1 2584 2575 2499 3546
11393 4 2 0 1 609 2475 982 3598
11394 4 2 0 1 3366 3285 3264 2734
11395 4 2 0 1 2131 1277 3676 1737
11396 4 2 0 1 485 2675 791 679
11397 4 2 0 1 3442 3445 3263 3271
11398 4 2 0 1 2131 3676 1277 3675
11399 4 2 0 1 2872 2044 1840 2877
11400 4 2 0 1 423 2740 455 2617
11401 4 2 0 1 1926 3335 1924 1774
11402 4 2 0 1 1009 3774 3399 927
11403 4 2 0 1 2981 78 1085 831
11404 4 2 0 1 2599 5 81 949
11405 4 2 0 1 2817 3389 2856 2554
11406 4 2 0 1 3048 3036 3038 3667
11407 4 2 0 1 1805 3040 3078 1804
11408 4 2 0 1 2482 3824 991 1018
11409 4 2 0 1 596 599 2563 359
11410 4 2 0 1 1051 3534 626 1069
11411 4 2 0 1 3534 3832 625 339
11412 4 2 0 1 625 3534 339 537
11413 4 2 0 1 3518 472 372 3520
11414 4 2 0 1 1212 837 362 2906
11415 4 2 0 1 475 662 3520 3556
11416 4 2 0 1 3439 3442 3287 3444
11417 4 2 0 1 2416 3404 1093 3403
11418 4 2 0 1 1344 1346 3017 3739
11419 4 2 0 1 270 2990 1052 832
11420 4 2 0 1 490 489 2716 675
11421 4 2 0 1 3496 489 2716 490
11422 4 2 0 1 3223 3728 3222 3140
11423 4 2 0 1 1102 3610 2577 579
11424 4 2 0 1 3607 2095 3606 2749
11425 4 2 0 1 1237 3348 1863 1862
11426 4 2 0 1 3563 603 2748 1176
11427 4 2 0 1 1237 3348 1862 3644
11428 4 2 0 1 556 2860 631 630
11429 4 2 0 1 2965 3064 3654 3052
11430 4 2 0 1 3271 3439 3445 3479
11431 4 2 0 1 1128 2941 2940 29
11432 4 2 0 1 3654 3064 2965 3271
11433 4 2 0 1 3576 2844 3577 2584
11434 4 2 0 1 2584 3577 3576 2644
11435 4 2 0 1 2479 612 499 1046
11436 4 2 0 1 2172 3669 2132 1828
11437 4 2 0 1 3268 3277 3344 3457
11438 4 2 0 1 2199 3168 2308 1617
11439 4 2 0 1 1981 3174 1979 1980
11440 4 2 0 1 2968 3504 2627 3016
11441 4 2 0 1 2887 3449 2445 2971
11442 4 2 0 1 2889 2480 953 2967
11443 4 2 0 1 97 93 2967 96
11444 4 2 0 1 3257 3344 3436 3277
11445 4 2 0 1 453 2889 514 403
11446 4 2 0 1 936 3460 2456 48
11447 4 2 0 1 2457 3460 48 2456
11448 4 2 0 1 2952 2951 3417 2953
11449 4 2 0 1 3785 569 991 1171
11450 4 2 0 1 49 936 2456 48
11451 4 2 0 1 3305 3241 3712 3130
11452 4 2 0 1 492 2477 494 3581
11453 4 2 0 1 3248 3547 3347 3478
11454 4 2 0 1 3716 3130 3241 3305
11455 4 2 0 1 2620 1000 287 285
11456 4 2 0 1 3186 1396 1398 1397
11457 4 2 0 1 1200 196 3536 198
11458 4 2 0 1 307 3598 2713 315
11459 4 2 0 1 3537 191 2566 2561
11460 4 2 0 1 3721 3265 3744 3198
11461 4 2 0 1 3812 3794 530 534
11462 4 2 0 1 3749 3052 3748 1374
11463 4 2 0 1 3779 3402 205 797
11464 4 2 0 1 3727 3176 2593 3474
11465 4 2 0 1 3250 2593 3176 3474
11466 4 2 0 1 307 3598 315 332
11467 4 2 0 1 483 2883 555 482
11468 4 2 0 1 2707 1017 1080 2829
11469 4 2 0 1 145 144 2549 1172
11470 4 2 0 1 3555 898 616 899
11471 4 2 0 1 2313 2076 3091 1324
11472 4 2 0 1 85 2 2999 3617
11473 4 2 0 1 650 3555 85 898
11474 4 2 0 1 188 819 3403 1093
11475 4 2 0 1 3091 2076 2313 3079
11476 4 2 0 1 3451 1324 3091 3210
11477 4 2 0 1 188 819 817 3403
11478 4 2 0 1 145 144 143 2549
11479 4 2 0 1 2720 2718 2719 161
11480 4 2 0 1 3749 1967 1374 3748
11481 4 2 0 1 144 3489 143 2549
11482 4 2 0 1 3451 1324 3210 1328
11483 4 2 0 1 3801 363 1035 365
11484 4 2 0 1 3272 3101 3161 3278
11485 4 2 0 1 785 2600 676 621
11486 4 2 0 1 2809 17 3004 3325
11487 4 2 0 1 1539 2871 2800 2597
11488 4 2 0 1 1866 3348 2391 1863
11489 4 2 0 1 3350 1863 3348 2316
11490 4 2 0 1 3272 3101 3269 2966
11491 4 2 0 1 2511 2755 2916 2915
11492 4 2 0 1 2871 2293 2292 1840
11493 4 2 0 1 3101 3269 3208 3278
11494 4 2 0 1 2188 3360 2237 3315
11495 4 2 0 1 2227 6 2597 3320
11496 4 2 0 1 1838 2014 2035 3149
11497 4 2 0 1 3069 1816 3700 3084
11498 4 2 0 1 2869 1376 1253 1254
11499 4 2 0 1 498 2621 499 2479
11500 4 2 0 1 3494 496 2479 498
11501 4 2 0 1 2869 1376 1254 2140
11502 4 2 0 1 2762 1253 1248 2869
11503 4 2 0 1 1266 3346 1912 1264
11504 4 2 0 1 3179 2157 1301 2369
11505 4 2 0 1 3069 1816 1952 1538
11506 4 2 0 1 2892 2618 3497 3499
11507 4 2 0 1 3056 3055 3063 3127
11508 4 2 0 1 3302 3130 3124 3713
11509 4 2 0 1 3691 3162 3138 1894
11510 4 2 0 1 1822 3679 1910 2259
11511 4 2 0 1 3120 3131 3265 3198
11512 4 2 0 1 3238 3130 3713 3654
11513 4 2 0 1 3302 3233 3124 3130
11514 4 2 0 1 1371 1657 3711 1658
11515 4 2 0 1 3094 1298 1295 2208
11516 4 2 0 1 3279 3184 3082 3066
11517 4 2 0 1 3712 3195 3194 2244
11518 4 2 0 1 3092 3079 1723 3091
11519 4 2 0 1 3715 3349 3211 3138
11520 4 2 0 1 1813 1255 3363 3244
11521 4 2 0 1 3479 3337 3480 3438
11522 4 2 0 1 1514 3363 1309 3144
11523 4 2 0 1 3136 2276 2031 1778
11524 4 2 0 1 3128 3063 2151 3062
11525 4 2 0 1 2641 3398 2784 2642
11526 4 2 0 1 3209 3193 3341 3148
11527 4 2 0 1 2579 3511 3510 2458
11528 4 2 0 1 1794 3328 3336 1811
11529 4 2 0 1 3128 3063 3062 3681
11530 4 2 0 1 2313 3079 2076 2196
11531 4 2 0 1 3128 3063 3681 1281
11532 4 2 0 1 1435 3587 1519 1433
11533 4 2 0 1 2907 3738 3164 2973
11534 4 2 0 1 1337 3687 1352 1335
11535 4 2 0 1 3650 3661 3201 2910
11536 4 2 0 1 2804 3394 2637 3573
11537 4 2 0 1 2011 1343 1350 3293
11538 4 2 0 1 3128 3063 1281 2151
11539 4 2 0 1 3040 2698 3023 3078
11540 4 2 0 1 3292 1356 1357 1991
11541 4 2 0 1 3453 3516 2725 2609
11542 4 2 0 1 1519 3587 1435 3106
11543 4 2 0 1 2978 1337 2388 1339
11544 4 2 0 1 1355 3689 1329 1331
11545 4 2 0 1 3073 1331 3689 3089
11546 4 2 0 1 3512 2460 3453 3513
11547 4 2 0 1 3276 3185 3111 3095
11548 4 2 0 1 2659 2605 2656 2753
11549 4 2 0 1 1349 3739 3019 1346
11550 4 2 0 1 2634 842 192 1008
11551 4 2 0 1 3201 3293 1340 3686
11552 4 2 0 1 3182 3094 3180 3227
11553 4 2 0 1 1398 1429 3109 2328
11554 4 2 0 1 2952 3417 3290 3426
11555 4 2 0 1 3591 3040 2838 3414
11556 4 2 0 1 2671 2556 2780 2670
11557 4 2 0 1 3100 1494 1411 3105
11558 4 2 0 1 3371 2655 2756 2526
11559 4 2 0 1 2671 2394 2558 2413
11560 4 2 0 1 2172 3297 3046 3669
11561 4 2 0 1 1824 3641 1828 3669
11562 4 2 0 1 2645 2879 2864 2539
11563 4 2 0 1 2132 1824 1828 3669
11564 4 2 0 1 3696 3587 3207 2168
11565 4 2 0 1 1403 3322 1405 1823
11566 4 2 0 1 3097 1406 1405 1407
11567 4 2 0 1 2536 3527 2538 2816
11568 4 2 0 1 2645 2539 3612 3527
11569 4 2 0 1 2850 2586 3612 2658
11570 4 2 0 1 3351 1651 1650 1734
11571 4 2 0 1 3646 3753 3392 2921
11572 4 2 0 1 2699 2947 3752 2696
11573 4 2 0 1 3741 3169 3252 1522
11574 4 2 0 1 3300 3173 3236 3301
11575 4 2 0 1 1810 3723 2181 3252
11576 4 2 0 1 3171 2339 1827 3231
11577 4 2 0 1 551 2757 2915 3539
11578 4 2 0 1 2915 749 3541 748
11579 4 2 0 1 2333 1915 3160 1457
11580 4 2 0 1 2066 3679 3678 3254
11581 4 2 0 1 1885 3107 3114 1527
11582 4 2 0 1 3646 3753 2921 2769
11583 4 2 0 1 1484 3061 1472 3678
11584 4 2 0 1 2915 749 748 551
11585 4 2 0 1 3696 3587 2168 1519
11586 4 2 0 1 2915 749 551 3539
11587 4 2 0 1 2341 1480 2054 3061
11588 4 2 0 1 2168 1409 3100 1412
11589 4 2 0 1 1462 1461 3158 1463
11590 4 2 0 1 3077 1628 3231 1626
11591 4 2 0 1 3484 3491 702 704
11592 4 2 0 1 2948 3650 3649 3018
11593 4 2 0 1 3755 2995 2885 3759
11594 4 2 0 1 2909 3350 3659 3658
11595 4 2 0 1 3252 3837 3159 1947
11596 4 2 0 1 3079 1776 2196 1819
11597 4 2 0 1 3107 1956 2229 1530
11598 4 2 0 1 3450 2585 3634 2586
11599 4 2 0 1 1510 1525 1511 3114
11600 4 2 0 1 3447 3450 3634 2586
11601 4 2 0 1 1872 2007 3317 1510
11602 4 2 0 1 2305 59 2577 93
11603 4 2 0 1 2577 3610 2749 3608
11604 4 2 0 1 3491 137 2469 3484
11605 4 2 0 1 3646 3753 2769 2814
11606 4 2 0 1 3646 3753 2814 3392
11607 4 2 0 1 2822 2795 2959 2897
11608 4 2 0 1 1944 3185 2173 1992
11609 4 2 0 1 3166 1554 1553 3165
11610 4 2 0 1 3436 3258 3435 3434
11611 4 2 0 1 1562 3134 1576 2232
11612 4 2 0 1 2232 3134 1576 3714
11613 4 2 0 1 1562 3134 2232 3356
11614 4 2 0 1 3247 2179 3352 3744
11615 4 2 0 1 1564 1563 3355 3131
11616 4 2 0 1 2025 3134 1575 3356
11617 4 2 0 1 2025 3134 3356 3165
11618 4 2 0 1 3633 3134 1577 1575
11619 4 2 0 1 3259 3436 3141 3258
11620 4 2 0 1 3189 2085 1837 1620
11621 4 2 0 1 2822 2607 2959 2795
11622 4 2 0 1 2206 3234 3312 3714
11623 4 2 0 1 3234 3076 3312 3192
11624 4 2 0 1 3308 2311 3710 1646
11625 4 2 0 1 2115 3077 1627 1605
11626 4 2 0 1 1596 3076 3737 2086
11627 4 2 0 1 2103 3737 1603 3168
11628 4 2 0 1 1894 3712 3691 3162
11629 4 2 0 1 2948 2950 3650 3068
11630 4 2 0 1 2951 3650 2950 2949
11631 4 2 0 1 3565 3090 3289 1768
11632 4 2 0 1 2294 1477 3230 2028
11633 4 2 0 1 2911 2950 3650 2909
11634 4 2 0 1 1989 1590 1990 3191
11635 4 2 0 1 3196 2165 2082 3191
11636 4 2 0 1 1574 3196 2082 1590
11637 4 2 0 1 3077 1628 1626 1611
11638 4 2 0 1 2847 3605 3557 3556
11639 4 2 0 1 2909 2950 3650 2949
11640 4 2 0 1 3234 1581 3133 1580
11641 4 2 0 1 1432 2207 3169 1423
11642 4 2 0 1 3077 1627 1605 1626
11643 4 2 0 1 3737 1597 3342 1596
11644 4 2 0 1 3633 3235 3632 3566
11645 4 2 0 1 1601 2703 1608 1607
11646 4 2 0 1 3658 2775 2233 3350
11647 4 2 0 1 3022 2698 3023 3662
11648 4 2 0 1 2615 2976 2712 2802
11649 4 2 0 1 2614 3563 2712 2976
11650 4 2 0 1 2668 287 2620 2669
11651 4 2 0 1 1908 3090 1653 1879
11652 4 2 0 1 3266 1666 1663 2145
11653 4 2 0 1 3260 3218 2485 3228
11654 4 2 0 1 2780 3536 2560 3537
11655 4 2 0 1 3145 3142 3147 3715
11656 4 2 0 1 3537 3402 3403 2559
11657 4 2 0 1 1665 2759 1663 1664
11658 4 2 0 1 3272 1743 2213 1755
11659 4 2 0 1 2255 3272 3278 3747
11660 4 2 0 1 3742 2139 3159 1988
11661 4 2 0 1 3133 3132 3115 3234
11662 4 2 0 1 146 2552 794 2920
11663 4 2 0 1 794 2552 146 1055
11664 4 2 0 1 3166 3135 3165 3116
11665 4 2 0 1 1968 1696 1481 3731
11666 4 2 0 1 3166 3366 3135 3116
11667 4 2 0 1 2036 1450 2321 3275
11668 4 2 0 1 3771 2223 1700 1703
11669 4 2 0 1 3719 3744 3157 3721
11670 4 2 0 1 2465 2636 2738 2993
11671 4 2 0 1 1401 3733 3322 3188
11672 4 2 0 1 3185 1402 2247 1992
11673 4 2 0 1 1944 3185 1992 1429
11674 4 2 0 1 2465 3394 2636 2993
11675 4 2 0 1 2424 3433 2958 3430
11676 4 2 0 1 3346 1263 1265 2361
11677 4 2 0 1 3671 1418 1422 2127
11678 4 2 0 1 3172 2867 3169 3251
11679 4 2 0 1 3107 2229 3295 3161
11680 4 2 0 1 1569 3352 1572 1570
11681 4 2 0 1 3107 1956 1530 2303
11682 4 2 0 1 1572 3352 1569 3196
11683 4 2 0 1 2773 2919 2465 2993
11684 4 2 0 1 2919 3394 2465 2993
11685 4 2 0 1 3531 3532 3533 2936
11686 4 2 0 1 3524 2533 2535 2626
11687 4 2 0 1 2934 3524 2533 2535
11688 4 2 0 1 397 2839 2645 399
11689 4 2 0 1 2934 3524 2535 2914
11690 4 2 0 1 3002 2683 2533 3623
11691 4 2 0 1 2533 2934 3002 3623
11692 4 2 0 1 2511 2645 2915 2757
11693 4 2 0 1 2535 92 3002 2934
11694 4 2 0 1 2839 2645 399 2741
11695 4 2 0 1 3002 2535 24 92
11696 4 2 0 1 2617 502 455 456
11697 4 2 0 1 1487 3619 2197 1884
11698 4 2 0 1 1883 1984 3620 1985
11699 4 2 0 1 2174 3687 1352 2978
11700 4 2 0 1 2863 2862 2994 2937
11701 4 2 0 1 2268 3699 3697 2015
11702 4 2 0 1 1359 3705 1357 1361
11703 4 2 0 1 3243 1693 3731 3109
11704 4 2 0 1 2980 2615 3449 2801
11705 4 2 0 1 3731 2239 2252 1696
11706 4 2 0 1 2003 3110 3700 3084
11707 4 2 0 1 3147 2220 1811 3148
11708 4 2 0 1 2759 3457 3316 3148
11709 4 2 0 1 1667 3328 1665 1664
11710 4 2 0 1 2661 2994 2481 405
11711 4 2 0 1 1648 3057 1914 3054
11712 4 2 0 1 3679 1515 3678 1729
11713 4 2 0 1 1263 3346 1265 1264
11714 4 2 0 1 3202 3724 3346 3176
11715 4 2 0 1 652 3582 2481 2662
11716 4 2 0 1 3057 3677 3058 3149
11717 4 2 0 1 3206 3203 3363 3144
11718 4 2 0 1 953 2967 952 986
11719 4 2 0 1 3565 3566 2623 2893
11720 4 2 0 1 3623 109 2934 108
11721 4 2 0 1 952 2967 953 3582
11722 4 2 0 1 2943 3567 2682 2681
11723 4 2 0 1 3695 3208 3098 3224
11724 4 2 0 1 1401 3733 3188 1399
11725 4 2 0 1 3338 2944 2688 2104
11726 4 2 0 1 2278 2337 1301 3179
11727 4 2 0 1 3273 3278 3269 3747
11728 4 2 0 1 3623 2934 109 2532
11729 4 2 0 1 588 3809 655 654
11730 4 2 0 1 2944 2040 2688 2104
11731 4 2 0 1 1663 1660 3326 2145
11732 4 2 0 1 2246 1513 1229 3340
11733 4 2 0 1 2511 2801 3597 1186
11734 4 2 0 1 3819 3767 521 3833
11735 4 2 0 1 816 3819 3809 660
11736 4 2 0 1 2801 1186 849 3597
11737 4 2 0 1 1511 1527 1885 3114
11738 4 2 0 1 3404 3782 3781 321
11739 4 2 0 1 3597 2757 994 2839
11740 4 2 0 1 2905 2648 3601 2571
11741 4 2 0 1 2569 3492 2722 3601
11742 4 2 0 1 3201 3293 3686 2910
11743 4 2 0 1 3350 1863 2316 1864
11744 4 2 0 1 730 3836 974 932
11745 4 2 0 1 3787 2889 433 508
11746 4 2 0 1 2634 2752 2723 2648
11747 4 2 0 1 999 2895 1136 969
11748 4 2 0 1 3142 3206 3717 3143
11749 4 2 0 1 2648 2571 3562 2613
11750 4 2 0 1 969 3788 293 999
11751 4 2 0 1 3634 2585 2439 2586
11752 4 2 0 1 2909 3350 2233 1867
11753 4 2 0 1 2510 98 891 2980
11754 4 2 0 1 1698 3770 3306 3353
11755 4 2 0 1 3215 3317 3178 1962
11756 4 2 0 1 2183 2366 3317 2317
11757 4 2 0 1 2693 35 1221 36
11758 4 2 0 1 31 2944 32 2040
11759 4 2 0 1 2421 2694 2708 2692
11760 4 2 0 1 2687 2091 3590 2182
11761 4 2 0 1 2615 3449 2801 2438
11762 4 2 0 1 2701 3021 3594 3593
11763 4 2 0 1 2708 2706 3408 2692
11764 4 2 0 1 3634 2439 2585 2498
11765 4 2 0 1 3657 3293 3619 2910
11766 4 2 0 1 2831 2396 2793 2772
11767 4 2 0 1 3225 1349 3019 2152
11768 4 2 0 1 1826 3171 1687 1655
11769 4 2 0 1 2497 2764 2999 3616
11770 4 2 0 1 2491 2442 3455 3616
11771 4 2 0 1 3329 3342 3706 3709
11772 4 2 0 1 2311 3329 3308 3710
11773 4 2 0 1 1629 3090 1654 2314
11774 4 2 0 1 2442 2491 2761 3616
11775 4 2 0 1 2923 2999 2924 2931
11776 4 2 0 1 1931 1930 2273 3204
11777 4 2 0 1 3248 3204 3245 3246
11778 4 2 0 1 3357 2353 2390 1305
11779 4 2 0 1 2949 1791 2951 1958
11780 4 2 0 1 1235 1905 2949 2457
11781 4 2 0 1 3428 2974 3421 2423
11782 4 2 0 1 3632 3235 2623 3566
11783 4 2 0 1 2999 2930 2924 2931
11784 4 2 0 1 3795 3782 951 331
11785 4 2 0 1 2764 3617 2999 3616
11786 4 2 0 1 3553 3616 2601 2761
11787 4 2 0 1 2893 2623 3235 3566
11788 4 2 0 1 2813 3377 3383 3753
11789 4 2 0 1 2853 2640 3621 2639
11790 4 2 0 1 2508 3621 2853 3623
11791 4 2 0 1 2004 2367 3321 1283
11792 4 2 0 1 3681 2381 3128 1281
11793 4 2 0 1 1278 1277 3675 1279
11794 4 2 0 1 2813 3383 3377 2609
11795 4 2 0 1 2341 1729 3061 2054
11796 4 2 0 1 2503 2835 2784 3487
11797 4 2 0 1 2185 3700 3699 3292
11798 4 2 0 1 2639 3622 2680 3621
11799 4 2 0 1 3697 1365 2268 2015
11800 4 2 0 1 2640 2639 2680 3621
11801 4 2 0 1 2500 2663 2825 3630
11802 4 2 0 1 3100 1410 3665 1413
11803 4 2 0 1 1923 3707 2269 2270
11804 4 2 0 1 1607 3308 1608 1609
11805 4 2 0 1 3004 2826 2809 3625
11806 4 2 0 1 3308 1607 1960 1609
11807 4 2 0 1 3090 3235 3566 2893
11808 4 2 0 1 2912 2664 2500 2676
11809 4 2 0 1 2381 2004 3321 1283
11810 4 2 0 1 3125 2154 1304 1271
11811 4 2 0 1 1970 1971 1305 3674
11812 4 2 0 1 2825 3628 3630 2947
11813 4 2 0 1 3330 3547 3478 2690
11814 4 2 0 1 3631 3471 2946 3630
11815 4 2 0 1 2045 3642 3629 2956
11816 4 2 0 1 2110 1882 2686 1238
11817 4 2 0 1 3692 3094 3093 2208
11818 4 2 0 1 2045 3629 1544 1886
11819 4 2 0 1 1706 3771 1703 2125
11820 4 2 0 1 3353 2092 1699 2125
11821 4 2 0 1 2546 2541 2854 3525
11822 4 2 0 1 2786 2503 2504 3487
11823 4 2 0 1 3642 3188 2823 2956
11824 4 2 0 1 3189 1726 1635 2060
11825 4 2 0 1 3168 3077 2691 3735
11826 4 2 0 1 1603 3077 3168 3737
11827 4 2 0 1 2158 3168 3230 1935
11828 4 2 0 1 3640 3433 3188 3641
11829 4 2 0 1 2823 3051 2897 2898
11830 4 2 0 1 3678 1472 1484 1483
11831 4 2 0 1 2493 2497 2489 3502
11832 4 2 0 1 2223 3353 1699 2125
11833 4 2 0 1 1711 3732 1904 1941
11834 4 2 0 1 1711 3732 1941 2022
11835 4 2 0 1 2987 3381 3382 3463
11836 4 2 0 1 2136 3213 2029 2067
11837 4 2 0 1 1665 2759 1664 3328
11838 4 2 0 1 3086 3088 3081 3277
11839 4 2 0 1 3715 3349 3138 3136
11840 4 2 0 1 3381 3385 2440 3382
11841 4 2 0 1 3000 3463 3381 2810
11842 4 2 0 1 3785 1065 507 727
11843 4 2 0 1 3734 1392 1394 1393
11844 4 2 0 1 3790 2385 2219 1347
11845 4 2 0 1 3329 3308 3706 2274
11846 4 2 0 1 3196 2165 3191 1569
11847 4 2 0 1 3398 2504 2986 2461
11848 4 2 0 1 2439 3446 2432 3634
11849 4 2 0 1 1908 3289 2371 2042
11850 4 2 0 1 2486 3500 2492 2432
11851 4 2 0 1 2688 2088 2686 2702
11852 4 2 0 1 1043 27 2941 28
11853 4 2 0 1 2492 2930 2489 2487
11854 4 2 0 1 617 2513 481 2512
11855 4 2 0 1 2593 3478 3727 3548
11856 4 2 0 1 1437 3095 3362 3106
11857 4 2 0 1 3565 2056 2682 2624
11858 4 2 0 1 3632 1953 3566 2623
11859 4 2 0 1 3655 3696 1738 1852
11860 4 2 0 1 2062 1831 2315 3105
11861 4 2 0 1 3129 3654 3271 3444
11862 4 2 0 1 3381 3385 3382 3463
11863 4 2 0 1 1532 3278 2229 3181
11864 4 2 0 1 1743 3272 1674 1755
11865 4 2 0 1 973 2489 2931 95
11866 4 2 0 1 3270 3318 3263 3064
11867 4 2 0 1 1795 2188 2237 3315
11868 4 2 0 1 1535 1537 3292 3310
11869 4 2 0 1 1870 3687 2083 2908
11870 4 2 0 1 3199 3607 3340 2976
11871 4 2 0 1 3200 1762 2005 2072
11872 4 2 0 1 1963 64 65 3607
11873 4 2 0 1 3564 2712 2662 2751
11874 4 2 0 1 617 2513 616 481
11875 4 2 0 1 2257 2275 3125 3676
11876 4 2 0 1 3676 3124 2131 3126
11877 4 2 0 1 2399 2744 3384 2745
11878 4 2 0 1 3206 3142 3717 3144
11879 4 2 0 1 2063 2257 3126 1888
11880 4 2 0 1 3565 2623 2625 2893
11881 4 2 0 1 3278 1534 1532 1789
11882 4 2 0 1 3565 3568 2623 2624
11883 4 2 0 1 3697 1365 1363 3178
11884 4 2 0 1 3438 2453 3480 3439
11885 4 2 0 1 3438 2453 3439 3048
11886 4 2 0 1 1948 2279 2651 1225
11887 4 2 0 1 2625 3567 3565 2893
11888 4 2 0 1 3721 3330 3198 3249
11889 4 2 0 1 3555 2603 616 898
11890 4 2 0 1 2930 2487 2931 2489
11891 4 2 0 1 973 1003 2999 2489
11892 4 2 0 1 3246 3746 3249 3721
11893 4 2 0 1 1876 3638 1901 2248
11894 4 2 0 1 2323 1901 3638 1844
11895 4 2 0 1 1824 3641 3640 1430
11896 4 2 0 1 3565 3568 2624 3567
11897 4 2 0 1 3641 3188 3640 1430
11898 4 2 0 1 2312 2750 1767 2050
11899 4 2 0 1 3611 2024 2050 2749
11900 4 2 0 1 3377 2815 3372 3753
11901 4 2 0 1 2024 1226 2050 2749
11902 4 2 0 1 3638 2734 3264 2591
11903 4 2 0 1 1549 1222 3369 2287
11904 4 2 0 1 1721 1223 3639 3327
11905 4 2 0 1 1721 2872 2917 3327
11906 4 2 0 1 3188 2958 2823 2956
11907 4 2 0 1 3459 3145 3147 3635
11908 4 2 0 1 2958 3188 2823 3433
11909 4 2 0 1 2760 2761 2651 3553
11910 4 2 0 1 1846 1662 2224 3339
11911 4 2 0 1 2735 839 465 1006
11912 4 2 0 1 2796 2848 3359 2897
11913 4 2 0 1 3555 1003 616 2513
11914 4 2 0 1 2711 603 1063 884
11915 4 2 0 1 2662 2710 2711 2712
11916 4 2 0 1 3013 2819 3646 3389
11917 4 2 0 1 1774 3644 1926 3335
11918 4 2 0 1 2480 3582 953 2967
11919 4 2 0 1 1968 1993 3703 2343
11920 4 2 0 1 3389 2793 2856 2554
11921 4 2 0 1 2327 2319 3306 2053
11922 4 2 0 1 3095 3362 3276 2160
11923 4 2 0 1 2356 1916 3275 3306
11924 4 2 0 1 2007 1524 2071 3275
11925 4 2 0 1 3747 1814 3278 2255
11926 4 2 0 1 3272 3749 1742 3254
11927 4 2 0 1 2255 3278 3272 2213
11928 4 2 0 1 3747 1814 2255 2089
11929 4 2 0 1 3387 2553 2554 3388
11930 4 2 0 1 2800 3458 2870 3220
11931 4 2 0 1 2462 3371 3753 3372
11932 4 2 0 1 3555 1003 2513 2999
11933 4 2 0 1 3149 3236 3058 3240
11934 4 2 0 1 3165 1557 2210 3356
11935 4 2 0 1 2696 1421 2695 2687
11936 4 2 0 1 3509 2942 2503 925
11937 4 2 0 1 2091 1421 2695 1672
11938 4 2 0 1 2942 925 3509 761
11939 4 2 0 1 2694 2697 3590 2695
11940 4 2 0 1 2703 3133 3115 3234
11941 4 2 0 1 2725 2609 3398 3453
11942 4 2 0 1 3636 2870 3458 3220
11943 4 2 0 1 3438 3037 2453 3048
11944 4 2 0 1 2611 2411 3396 3494
11945 4 2 0 1 2943 3567 2681 2688
11946 4 2 0 1 2472 3484 3485 2466
11947 4 2 0 1 2813 3398 2609 3453
11948 4 2 0 1 2638 2818 2804 3573
11949 4 2 0 1 2783 604 888 906
11950 4 2 0 1 504 643 642 2530
11951 4 2 0 1 2783 888 2415 2982
11952 4 2 0 1 2883 3623 2683 1097
11953 4 2 0 1 2739 2993 2636 3393
11954 4 2 0 1 1927 1802 1804 3589
11955 4 2 0 1 2739 2636 2993 2738
11956 4 2 0 1 2783 906 888 290
11957 4 2 0 1 2712 3499 2615 2894
11958 4 2 0 1 2432 2892 3447 2938
11959 4 2 0 1 3618 3410 3425 3469
11960 4 2 0 1 2493 2497 2513 2489
11961 4 2 0 1 2498 2493 473 2489
11962 4 2 0 1 1791 2954 2951 2953
11963 4 2 0 1 828 87 3501 656
11964 4 2 0 1 2614 3499 2894 2582
11965 4 2 0 1 2712 3499 2894 2614
11966 4 2 0 1 2414 3482 2527 2735
11967 4 2 0 1 1245 3360 3370 3333
11968 4 2 0 1 1771 2162 2774 1773
11969 4 2 0 1 3142 3145 3459 3143
11970 4 2 0 1 3142 3137 3139 3459
11971 4 2 0 1 3286 3206 3480 3233
11972 4 2 0 1 3438 3479 3439 3480
11973 4 2 0 1 2690 3547 3441 3588
11974 4 2 0 1 2276 3136 2031 2262
11975 4 2 0 1 2558 2543 2544 2772
11976 4 2 0 1 3653 2452 2454 3423
11977 4 2 0 1 2672 2543 2670 3584
11978 4 2 0 1 1771 2774 2162 3619
11979 4 2 0 1 3364 3625 3365 3627
11980 4 2 0 1 3150 3431 3651 3151
11981 4 2 0 1 3485 803 3490 3484
11982 4 2 0 1 2638 2804 2479 2621
11983 4 2 0 1 388 3814 2901 1185
11984 4 2 0 1 2547 2537 2935 2854
11985 4 2 0 1 2552 2557 2394 2413
11986 4 2 0 1 2482 467 2864 440
11987 4 2 0 1 937 2393 2536 2901
11988 4 2 0 1 3527 2536 2538 3374
11989 4 2 0 1 2793 3389 3013 2554
11990 4 2 0 1 3649 1792 2951 3718
11991 4 2 0 1 2942 2503 925 1199
11992 4 2 0 1 2731 3526 2854 2773
11993 4 2 0 1 3758 2747 3759 2939
11994 4 2 0 1 2494 3514 2516 2514
11995 4 2 0 1 2731 3526 2773 2548
11996 4 2 0 1 2995 3557 2830 2847
11997 4 2 0 1 2837 3760 2836 2987
11998 4 2 0 1 2694 2697 2695 2838
11999 4 2 0 1 2440 3557 2830 2745
12000 4 2 0 1 2528 3376 2656 2526
12001 4 2 0 1 2528 3376 2526 2653
12002 4 2 0 1 2528 3376 3384 2659
12003 4 2 0 1 2471 2700 2504 2786
12004 4 2 0 1 3749 3052 1374 3321
12005 4 2 0 1 2515 280 2520 2922
12006 4 2 0 1 2518 2520 2515 3510
12007 4 2 0 1 328 841 2579 1066
12008 4 2 0 1 3159 3837 3252 3158
12009 4 2 0 1 3517 2637 2635 2523
12010 4 2 0 1 3749 3052 3321 3270
12011 4 2 0 1 1043 27 1082 3002
12012 4 2 0 1 1560 1561 3355 1559
12013 4 2 0 1 3269 2965 3334 3273
12014 4 2 0 1 3622 2883 2508 2639
12015 4 2 0 1 2586 3446 3380 2439
12016 4 2 0 1 2554 2557 2831 2558
12017 4 2 0 1 3528 2393 2982 2544
12018 4 2 0 1 69 2488 1092 82
12019 4 2 0 1 267 3525 1048 770
12020 4 2 0 1 2467 2466 2473 3485
12021 4 2 0 1 3019 3017 3739 3212
12022 4 2 0 1 2487 2488 2486 82
12023 4 2 0 1 2524 1006 3519 586
12024 4 2 0 1 2475 3598 2717 2716
12025 4 2 0 1 2717 3598 2991 2714
12026 4 2 0 1 3661 3682 3685 3018
12027 4 2 0 1 2474 2555 2553 2920
12028 4 2 0 1 2563 597 360 598
12029 4 2 0 1 2565 2562 883 2563
12030 4 2 0 1 2742 2650 2887 2891
12031 4 2 0 1 3422 2742 2650 2887
12032 4 2 0 1 2403 2405 2409 3395
12033 4 2 0 1 3019 3684 3212 3739
12034 4 2 0 1 596 597 360 2563
12035 4 2 0 1 3396 3395 2405 2403
12036 4 2 0 1 2653 3540 3373 905
12037 4 2 0 1 562 2643 2483 2547
12038 4 2 0 1 3017 3019 3660 3212
12039 4 2 0 1 3581 3521 2717 2404
12040 4 2 0 1 1187 134 135 3545
12041 4 2 0 1 3560 3646 3392 2859
12042 4 2 0 1 2531 2638 2530 282
12043 4 2 0 1 1920 1263 3346 2361
12044 4 2 0 1 2523 2458 3515 2637
12045 4 2 0 1 969 3788 999 2895
12046 4 2 0 1 3003 302 2895 301
12047 4 2 0 1 3346 1263 1920 1285
12048 4 2 0 1 3011 1215 682 1166
12049 4 2 0 1 2673 2589 2590 355
12050 4 2 0 1 303 302 308 2590
12051 4 2 0 1 303 2673 308 789
12052 4 2 0 1 906 2783 907 290
12053 4 2 0 1 3346 3204 1920 2361
12054 4 2 0 1 1920 3204 3346 1285
12055 4 2 0 1 1410 3665 1414 2020
12056 4 2 0 1 3774 981 380 800
12057 4 2 0 1 3538 2570 2610 2567
12058 4 2 0 1 2849 2640 2679 3613
12059 4 2 0 1 3774 380 981 1040
12060 4 2 0 1 3397 2467 2610 2407
12061 4 2 0 1 2477 497 3494 834
12062 4 2 0 1 383 3814 391 2983
12063 4 2 0 1 2477 497 834 494
12064 4 2 0 1 2477 497 494 496
12065 4 2 0 1 3179 2006 1294 2157
12066 4 2 0 1 2149 2358 3072 1505
12067 4 2 0 1 558 2621 3494 2612
12068 4 2 0 1 2998 2408 2568 2725
12069 4 2 0 1 2396 3389 2478 2819
12070 4 2 0 1 2407 3397 2752 2647
12071 4 2 0 1 3790 2049 3818 1782
12072 4 2 0 1 2478 2404 3495 2717
12073 4 2 0 1 2635 3542 2523 2637
12074 4 2 0 1 3602 2679 2642 2408
12075 4 2 0 1 2636 2736 2465 2738
12076 4 2 0 1 1157 258 2970 3775
12077 4 2 0 1 875 490 492 3581
12078 4 2 0 1 2149 3072 2358 3083
12079 4 2 0 1 3100 1410 1413 1411
12080 4 2 0 1 2594 2878 3549 2449
12081 4 2 0 1 848 879 935 3604
12082 4 2 0 1 3541 2916 751 3604
12083 4 2 0 1 389 3835 2983 3814
12084 4 2 0 1 3583 2982 3400 2672
12085 4 2 0 1 2549 2834 3531 3532
12086 4 2 0 1 3533 1034 3531 577
12087 4 2 0 1 2769 2553 2557 2554
12088 4 2 0 1 1135 889 3002 83
12089 4 2 0 1 108 1135 3002 835
12090 4 2 0 1 2595 2878 2789 3327
12091 4 2 0 1 108 889 3002 1135
12092 4 2 0 1 2789 2594 2449 2878
12093 4 2 0 1 3300 3248 3058 3249
12094 4 2 0 1 3547 2690 3172 3588
12095 4 2 0 1 3794 3399 530 2783
12096 4 2 0 1 3443 3667 3049 3440
12097 4 2 0 1 3294 3667 3441 3038
12098 4 2 0 1 303 306 3003 2673
12099 4 2 0 1 2662 2710 2712 2617
12100 4 2 0 1 3386 2588 2400 2406
12101 4 2 0 1 997 153 2476 1217
12102 4 2 0 1 2851 2400 2588 2406
12103 4 2 0 1 3070 3686 3688 3075
12104 4 2 0 1 837 1212 2829 2906
12105 4 2 0 1 1802 1803 1804 3589
12106 4 2 0 1 3640 3433 3641 2896
12107 4 2 0 1 43 738 1037 2794
12108 4 2 0 1 692 694 693 2728
12109 4 2 0 1 643 792 642 2530
12110 4 2 0 1 240 2715 241 239
12111 4 2 0 1 3669 3670 3343 2896
12112 4 2 0 1 2993 2842 2655 3372
12113 4 2 0 1 2731 2918 2773 2465
12114 4 2 0 1 3070 3085 3073 3083
12115 4 2 0 1 3670 3045 3051 2896
12116 4 2 0 1 451 452 459 2967
12117 4 2 0 1 2896 2898 3051 2823
12118 4 2 0 1 456 423 2617 772
12119 4 2 0 1 1116 3786 853 926
12120 4 2 0 1 2913 846 407 2481
12121 4 2 0 1 219 2724 2517 2579
12122 4 2 0 1 924 2889 438 460
12123 4 2 0 1 3498 2486 2649 3503
12124 4 2 0 1 3339 2651 2760 2929
12125 4 2 0 1 3390 189 2418 1161
12126 4 2 0 1 922 1079 587 2413
12127 4 2 0 1 3371 2462 3753 2921
12128 4 2 0 1 907 2783 1204 290
12129 4 2 0 1 3011 1215 1166 861
12130 4 2 0 1 2724 2579 671 2580
12131 4 2 0 1 312 3765 317 2811
12132 4 2 0 1 2589 2417 2418 2416
12133 4 2 0 1 2780 3536 3537 2561
12134 4 2 0 1 3202 2361 1265 1269
12135 4 2 0 1 2395 2419 2792 2589
12136 4 2 0 1 3056 3676 3055 3127
12137 4 2 0 1 1272 1271 3674 1273
12138 4 2 0 1 3357 2353 1305 3674
12139 4 2 0 1 2231 12 3327 11
12140 4 2 0 1 2664 3005 2676 3585
12141 4 2 0 1 2809 17 3325 18
12142 4 2 0 1 3025 2502 3022 2592
12143 4 2 0 1 3261 2698 2699 3332
12144 4 2 0 1 14 3627 921 15
12145 4 2 0 1 3469 3755 3425 2425
12146 4 2 0 1 1998 3818 1999 2000
12147 4 2 0 1 2442 2928 3455 3616
12148 4 2 0 1 2601 2765 3616 2441
12149 4 2 0 1 2912 2806 2826 3627
12150 4 2 0 1 2389 2698 2696 1672
12151 4 2 0 1 1204 2783 907 528
12152 4 2 0 1 1998 3818 1996 1999
12153 4 2 0 1 1998 3818 3324 1996
12154 4 2 0 1 2001 3818 1998 2000
12155 4 2 0 1 2813 3754 2815 2461
12156 4 2 0 1 1272 3358 2353 1274
12157 4 2 0 1 602 3816 1123 584
12158 4 2 0 1 823 864 2984 1129
12159 4 2 0 1 2719 2984 2989 575
12160 4 2 0 1 1270 3202 1970 3674
12161 4 2 0 1 2820 167 128 153
12162 4 2 0 1 458 3781 324 1004
12163 4 2 0 1 3346 3202 3176 3204
12164 4 2 0 1 3346 1266 3202 1265
12165 4 2 0 1 1204 2783 2669 290
12166 4 2 0 1 2605 3754 2840 3482
12167 4 2 0 1 3409 2606 3755 2995
12168 4 2 0 1 2735 2720 2527 162
12169 4 2 0 1 3816 338 324 326
12170 4 2 0 1 2685 2684 2945 2503
12171 4 2 0 1 3494 2612 639 558
12172 4 2 0 1 2656 3753 2815 2414
12173 4 2 0 1 2660 2399 3384 2658
12174 4 2 0 1 3463 2447 2810 3000
12175 4 2 0 1 3494 639 2612 2411
12176 4 2 0 1 2660 2755 3604 2744
12177 4 2 0 1 2755 2660 2586 2744
12178 4 2 0 1 2634 1064 192 2723
12179 4 2 0 1 1745 3204 1931 1932
12180 4 2 0 1 3375 2653 2393 3373
12181 4 2 0 1 1030 2483 2643 2484
12182 4 2 0 1 2652 820 2715 3483
12183 4 2 0 1 1745 1931 3204 1930
12184 4 2 0 1 2464 2529 2731 2818
12185 4 2 0 1 3146 3209 3268 3277
12186 4 2 0 1 3715 3142 3147 3136
12187 4 2 0 1 3139 3636 3140 3222
12188 4 2 0 1 3474 3221 3473 3222
12189 4 2 0 1 3206 3137 3139 3142
12190 4 2 0 1 3040 1805 3035 1803
12191 4 2 0 1 3735 3123 3192 3076
12192 4 2 0 1 2242 3035 1805 1803
12193 4 2 0 1 3745 1677 1843 3247
12194 4 2 0 1 3060 3248 3677 3300
12195 4 2 0 1 3059 3743 3061 3301
12196 4 2 0 1 3192 3722 2876 3120
12197 4 2 0 1 2883 3623 1097 3622
12198 4 2 0 1 3680 3251 3301 3032
12199 4 2 0 1 3491 123 137 136
12200 4 2 0 1 835 592 1097 3623
12201 4 2 0 1 111 112 110 3622
12202 4 2 0 1 2883 555 482 683
12203 4 2 0 1 1860 2051 3061 3059
12204 4 2 0 1 2923 1948 2651 3617
12205 4 2 0 1 2227 1242 2597 1539
12206 4 2 0 1 3481 2520 3510 3515
12207 4 2 0 1 2765 3455 2928 3616
12208 4 2 0 1 3163 1868 1355 3690
12209 4 2 0 1 3301 3743 3170 3173
12210 4 2 0 1 3650 2911 2909 2910
12211 4 2 0 1 1337 1352 2978 2388
12212 4 2 0 1 2977 3687 3686 3075
12213 4 2 0 1 2817 3388 2554 2856
12214 4 2 0 1 2460 3377 3378 3452
12215 4 2 0 1 2998 2609 2814 2813
12216 4 2 0 1 2759 3615 2760 3457
12217 4 2 0 1 2799 2761 2601 2443
12218 4 2 0 1 3266 3218 2434 3213
12219 4 2 0 1 2979 2971 3428 2974
12220 4 2 0 1 2928 3455 2765 3618
12221 4 2 0 1 899 2999 85 1070
12222 4 2 0 1 1846 2224 1225 3339
12223 4 2 0 1 3684 2128 1540 3232
12224 4 2 0 1 3607 3199 2619 2976
12225 4 2 0 1 3794 3799 540 3783
12226 4 2 0 1 1224 1847 2485 3354
12227 4 2 0 1 2592 3025 3294 3039
12228 4 2 0 1 3004 2826 3625 3627
12229 4 2 0 1 2912 2664 2676 2675
12230 4 2 0 1 3471 3475 3332 2502
12231 4 2 0 1 3288 2424 2435 3224
12232 4 2 0 1 2087 1582 2703 3706
12233 4 2 0 1 3193 3088 3304 3614
12234 4 2 0 1 3427 3428 3267 3421
12235 4 2 0 1 2943 2682 2686 2169
12236 4 2 0 1 3749 3254 3270 3321
12237 4 2 0 1 2087 2703 1582 1583
12238 4 2 0 1 1516 2066 3678 3254
12239 4 2 0 1 2367 2124 3321 1742
12240 4 2 0 1 2541 2854 3530 2540
12241 4 2 0 1 1417 1428 1415 3034
12242 4 2 0 1 603 3563 644 1176
12243 4 2 0 1 2933 3040 2932 3591
12244 4 2 0 1 603 65 2748 1176
12245 4 2 0 1 3607 64 65 2748
12246 4 2 0 1 2432 2938 3758 3448
12247 4 2 0 1 3033 2932 3040 3035
12248 4 2 0 1 423 2743 418 421
12249 4 2 0 1 2110 2291 2686 1881
12250 4 2 0 1 3684 1540 2128 2204
12251 4 2 0 1 502 2662 503 2617
12252 4 2 0 1 1087 397 399 2903
12253 4 2 0 1 885 2711 2662 503
12254 4 2 0 1 448 3772 414 416
12255 4 2 0 1 3507 575 2984 2718
12256 4 2 0 1 1134 75 2989 2707
12257 4 2 0 1 3089 3085 3087 3689
12258 4 2 0 1 448 3772 416 807
12259 4 2 0 1 823 2989 575 964
12260 4 2 0 1 2678 2569 2476 2640
12261 4 2 0 1 3383 3393 2462 3372
12262 4 2 0 1 448 3772 807 410
12263 4 2 0 1 2632 2781 2634 3561
12264 4 2 0 1 3014 266 3003 1054
12265 4 2 0 1 330 2668 3010 3584
12266 4 2 0 1 2620 3008 2668 2782
12267 4 2 0 1 2589 276 275 274
12268 4 2 0 1 3014 266 1054 335
12269 4 2 0 1 1202 286 3010 686
12270 4 2 0 1 448 3830 846 414
12271 4 2 0 1 2656 3376 2655 2526
12272 4 2 0 1 3215 3109 1943 1694
12273 4 2 0 1 3650 1386 2357 3660
12274 4 2 0 1 2656 2655 3376 2753
12275 4 2 0 1 3712 3691 3162 3241
12276 4 2 0 1 3050 3663 3043 1424
12277 4 2 0 1 203 3535 965 931
12278 4 2 0 1 3669 3047 3670 2896
12279 4 2 0 1 3043 1493 3723 1432
12280 4 2 0 1 3214 3272 2966 3160
12281 4 2 0 1 394 2901 3539 627
12282 4 2 0 1 3040 2697 3078 1804
12283 4 2 0 1 2868 3124 3233 3444
12284 4 2 0 1 1278 3055 1280 3063
12285 4 2 0 1 2979 2974 2433 2972
12286 4 2 0 1 2908 3163 3089 3164
12287 4 2 0 1 3075 1333 3073 2908
12288 4 2 0 1 3539 394 627 1078
12289 4 2 0 1 2669 2783 1204 528
12290 4 2 0 1 3689 2358 3451 1330
12291 4 2 0 1 1959 2147 1793 2949
12292 4 2 0 1 2108 2235 2211 3682
12293 4 2 0 1 3070 3683 3682 3018
12294 4 2 0 1 2787 3514 3515 2520
12295 4 2 0 1 3752 2698 2696 3594
12296 4 2 0 1 3048 2427 3036 3440
12297 4 2 0 1 2688 2702 2893 2947
12298 4 2 0 1 2787 3515 3514 2636
12299 4 2 0 1 2697 2221 2695 3078
12300 4 2 0 1 3129 3439 3479 3480
12301 4 2 0 1 1781 3690 3193 1327
12302 4 2 0 1 3665 3641 3322 3099
12303 4 2 0 1 3188 3641 3433 3099
12304 4 2 0 1 3695 3665 3100 3097
12305 4 2 0 1 3278 2245 3161 3272
12306 4 2 0 1 225 3517 2522 226
12307 4 2 0 1 3317 1525 1510 3114
12308 4 2 0 1 2523 227 225 294
12309 4 2 0 1 1402 2247 1404 3322
12310 4 2 0 1 1934 3640 1933 3642
12311 4 2 0 1 294 3542 2523 2635
12312 4 2 0 1 294 3542 2635 959
12313 4 2 0 1 3084 3694 3184 3692
12314 4 2 0 1 3243 2146 1962 1506
12315 4 2 0 1 1538 3683 2034 3065
12316 4 2 0 1 294 3542 959 866
12317 4 2 0 1 1349 3739 1346 1348
12318 4 2 0 1 1897 3156 3720 1815
12319 4 2 0 1 2191 2968 1730 2155
12320 4 2 0 1 3047 3641 3099 3433
12321 4 2 0 1 868 3826 2895 478
12322 4 2 0 1 3247 1677 1675 3744
12323 4 2 0 1 2895 3826 868 917
12324 4 2 0 1 1937 3131 3714 3283
12325 4 2 0 1 3238 3130 3654 3305
12326 4 2 0 1 294 3542 866 2523
12327 4 2 0 1 2854 2547 2574 2935
12328 4 2 0 1 3506 3569 3118 3115
12329 4 2 0 1 3626 2805 1550 2012
12330 4 2 0 1 3134 3633 3133 3135
12331 4 2 0 1 478 2895 999 3826
12332 4 2 0 1 3695 3322 3187 3099
12333 4 2 0 1 2179 2047 3352 2329
12334 4 2 0 1 2447 2765 2798 2925
12335 4 2 0 1 2574 2547 2854 2733
12336 4 2 0 1 3076 3121 3706 3709
12337 4 2 0 1 3342 3076 3706 3709
12338 4 2 0 1 3189 1691 1837 3312
12339 4 2 0 1 478 999 2895 1136
12340 4 2 0 1 1289 1288 3713 1287
12341 4 2 0 1 2629 3132 3116 3355
12342 4 2 0 1 3120 3192 3131 3198
12343 4 2 0 1 3569 3265 3122 3120
12344 4 2 0 1 3223 3222 3175 3206
12345 4 2 0 1 3222 3223 3724 3728
12346 4 2 0 1 2154 3726 1779 1268
12347 4 2 0 1 2868 3203 3126 3676
12348 4 2 0 1 1286 1288 1287 3713
12349 4 2 0 1 3115 3235 2703 3237
12350 4 2 0 1 490 492 3496 491
12351 4 2 0 1 1288 1286 3052 3713
12352 4 2 0 1 3677 3248 3058 3300
12353 4 2 0 1 1677 2047 1843 3247
12354 4 2 0 1 3120 3192 3132 3131
12355 4 2 0 1 3131 2179 1566 1565
12356 4 2 0 1 3712 1783 1817 1303
12357 4 2 0 1 3822 3535 1069 1173
12358 4 2 0 1 1783 1289 3712 3713
12359 4 2 0 1 1252 1255 1813 3244
12360 4 2 0 1 2188 3360 1251 2237
12361 4 2 0 1 3357 2241 3672 1971
12362 4 2 0 1 1581 3235 3090 2703
12363 4 2 0 1 1302 3748 3194 1290
12364 4 2 0 1 3748 3712 3713 3238
12365 4 2 0 1 3090 3237 3596 2703
12366 4 2 0 1 2895 3788 917 2590
12367 4 2 0 1 1861 3692 3093 2208
12368 4 2 0 1 3691 1722 3093 2039
12369 4 2 0 1 2435 3279 2424 3431
12370 4 2 0 1 271 277 2895 272
12371 4 2 0 1 1290 3712 1291 1289
12372 4 2 0 1 490 3496 492 3581
12373 4 2 0 1 3366 2807 3135 3505
12374 4 2 0 1 3026 3351 2701 3664
12375 4 2 0 1 3366 3135 2807 3166
12376 4 2 0 1 3704 1362 3705 1359
12377 4 2 0 1 1366 3306 2071 2288
12378 4 2 0 1 1968 1993 3731 3703
12379 4 2 0 1 3748 1289 1290 1288
12380 4 2 0 1 3130 3233 3129 3716
12381 4 2 0 1 3442 2867 3064 3263
12382 4 2 0 1 3681 2381 1281 1282
12383 4 2 0 1 3837 1463 1461 2360
12384 4 2 0 1 1483 2037 3158 1470
12385 4 2 0 1 2884 3820 2811 877
12386 4 2 0 1 3475 2874 2734 3413
12387 4 2 0 1 3090 3237 2703 3235
12388 4 2 0 1 3071 1538 3683 2034
12389 4 2 0 1 3467 3466 2832 2855
12390 4 2 0 1 3073 2908 1331 3089
12391 4 2 0 1 2618 2429 2438 2887
12392 4 2 0 1 2890 2649 3498 2486
12393 4 2 0 1 1894 2264 3162 1504
12394 4 2 0 1 3041 1734 2019 3021
12395 4 2 0 1 3071 1538 2034 1536
12396 4 2 0 1 3569 3265 3120 2629
12397 4 2 0 1 132 2567 2571 129
12398 4 2 0 1 3721 3746 3745 3246
12399 4 2 0 1 3234 3312 3076 1656
12400 4 2 0 1 3193 3163 3089 3690
12401 4 2 0 1 1303 1893 1817 3712
12402 4 2 0 1 3681 3056 3064 3052
12403 4 2 0 1 132 2567 129 131
12404 4 2 0 1 132 2567 131 3545
12405 4 2 0 1 493 3496 2409 492
12406 4 2 0 1 3291 3214 3253 2966
12407 4 2 0 1 2428 3443 3440 3048
12408 4 2 0 1 132 2567 3545 2571
12409 4 2 0 1 2837 3406 3751 2836
12410 4 2 0 1 1458 3159 1461 1946
12411 4 2 0 1 2745 3758 2747 3759
12412 4 2 0 1 3190 1635 1634 3189
12413 4 2 0 1 3059 3743 3301 3236
12414 4 2 0 1 1458 1461 3159 1459
12415 4 2 0 1 1277 1278 3675 3055
12416 4 2 0 1 3708 3167 3709 3707
12417 4 2 0 1 3043 3123 3173 3167
12418 4 2 0 1 3089 3087 3193 3690
12419 4 2 0 1 1443 1442 3796 1441
12420 4 2 0 1 3362 1508 1491 1490
12421 4 2 0 1 3163 3304 3213 3193
12422 4 2 0 1 2168 1519 2096 3696
12423 4 2 0 1 1494 1501 3313 1500
12424 4 2 0 1 2409 492 3496 3581
12425 4 2 0 1 3248 3674 3672 3202
12426 4 2 0 1 2272 1227 1840 2871
12427 4 2 0 1 1788 1873 3729 3177
12428 4 2 0 1 3125 1268 3674 3202
12429 4 2 0 1 2871 2293 1840 2872
12430 4 2 0 1 2287 3638 2882 2248
12431 4 2 0 1 2627 3523 2664 2665
12432 4 2 0 1 3722 3173 3043 3123
12433 4 2 0 1 2627 2666 3524 3504
12434 4 2 0 1 1937 1561 2232 3355
12435 4 2 0 1 3719 3744 3720 3157
12436 4 2 0 1 2777 2469 3574 2472
12437 4 2 0 1 2759 3266 1663 3339
12438 4 2 0 1 2815 3377 2813 3753
12439 4 2 0 1 2724 2726 2846 2725
12440 4 2 0 1 2891 3498 2742 2650
12441 4 2 0 1 2978 1337 1339 3686
12442 4 2 0 1 3686 1337 1339 1338
12443 4 2 0 1 2649 71 2490 70
12444 4 2 0 1 3228 3266 2929 3326
12445 4 2 0 1 1971 1970 3672 3674
12446 4 2 0 1 3256 2760 3370 2799
12447 4 2 0 1 2760 1664 2759 3328
12448 4 2 0 1 3209 3614 3268 3088
12449 4 2 0 1 3256 3457 2760 2443
12450 4 2 0 1 271 2895 3003 272
12451 4 2 0 1 3774 927 981 800
12452 4 2 0 1 3078 3021 2698 3022
12453 4 2 0 1 3078 2389 2698 3593
12454 4 2 0 1 2724 2846 2726 2858
12455 4 2 0 1 2695 2698 2696 2699
12456 4 2 0 1 3248 3674 3202 3127
12457 4 2 0 1 2799 3370 3361 2762
12458 4 2 0 1 1307 3363 1306 1308
12459 4 2 0 1 3808 39 40 102
12460 4 2 0 1 2605 2659 2440 2753
12461 4 2 0 1 3727 3474 3548 3205
12462 4 2 0 1 1265 1267 3202 1269
12463 4 2 0 1 961 3820 2811 2884
12464 4 2 0 1 3519 2525 3520 2656
12465 4 2 0 1 3762 3761 2471 2946
12466 4 2 0 1 303 306 305 3003
12467 4 2 0 1 3535 783 965 931
12468 4 2 0 1 877 2811 3765 3820
12469 4 2 0 1 3377 3516 3453 2609
12470 4 2 0 1 204 1210 3402 1001
12471 4 2 0 1 3239 3273 3238 3217
12472 4 2 0 1 3402 1020 595 813
12473 4 2 0 1 2440 2753 3452 3382
12474 4 2 0 1 1965 1528 1529 3181
12475 4 2 0 1 3402 814 813 763
12476 4 2 0 1 961 3765 2811 3820
12477 4 2 0 1 2472 2642 3575 2473
12478 4 2 0 1 1972 2682 2055 3289
12479 4 2 0 1 2424 2455 3224 3103
12480 4 2 0 1 2424 2455 3103 2964
12481 4 2 0 1 2641 160 2472 159
12482 4 2 0 1 2424 2455 2964 2454
12483 4 2 0 1 2642 2408 2998 3602
12484 4 2 0 1 303 3003 305 301
12485 4 2 0 1 3467 3412 3407 3411
12486 4 2 0 1 3227 3239 3224 3183
12487 4 2 0 1 3227 3224 3239 3180
12488 4 2 0 1 877 3765 2811 317
12489 4 2 0 1 373 2654 3518 2525
12490 4 2 0 1 3227 3094 3180 3239
12491 4 2 0 1 2421 3592 2836 2694
12492 4 2 0 1 2861 2837 3463 3751
12493 4 2 0 1 3467 3466 2855 3412
12494 4 2 0 1 3455 3647 2928 2442
12495 4 2 0 1 3647 3618 3429 2425
12496 4 2 0 1 2836 3750 3751 2861
12497 4 2 0 1 3467 3412 2855 2447
12498 4 2 0 1 3471 2806 2826 3631
12499 4 2 0 1 3475 2790 3332 3413
12500 4 2 0 1 3565 3568 3567 2625
12501 4 2 0 1 3759 2939 2885 3757
12502 4 2 0 1 2996 2959 2795 2420
12503 4 2 0 1 3408 2847 2848 2996
12504 4 2 0 1 3094 3179 3180 3239
12505 4 2 0 1 665 2886 956 46
12506 4 2 0 1 3139 3223 3140 2444
12507 4 2 0 1 1302 3748 1290 1966
12508 4 2 0 1 2426 3277 2452 3423
12509 4 2 0 1 3219 3420 3432 3048
12510 4 2 0 1 2424 3433 3430 3103
12511 4 2 0 1 3461 2445 2437 3460
12512 4 2 0 1 3666 3030 3665 3297
12513 4 2 0 1 3124 3654 3129 3444
12514 4 2 0 1 2447 3467 3407 2837
12515 4 2 0 1 2873 2875 3637 3284
12516 4 2 0 1 3050 3031 3034 3671
12517 4 2 0 1 3305 3319 2454 3239
12518 4 2 0 1 2837 3472 2447 3410
12519 4 2 0 1 3032 3743 3301 3061
12520 4 2 0 1 3677 3236 3301 3300
12521 4 2 0 1 3465 2841 3761 2946
12522 4 2 0 1 3258 3635 3141 2866
12523 4 2 0 1 3258 3141 3635 3257
12524 4 2 0 1 3036 3048 3037 3416
12525 4 2 0 1 3139 3259 2453 3141
12526 4 2 0 1 3259 2453 3141 3438
12527 4 2 0 1 2952 2102 2951 2953
12528 4 2 0 1 3421 2927 3422 3267
12529 4 2 0 1 2886 46 1236 2175
12530 4 2 0 1 3418 2821 3559 2607
12531 4 2 0 1 3141 2453 3139 3480
12532 4 2 0 1 3319 3241 2454 3092
12533 4 2 0 1 3451 1324 1328 2313
12534 4 2 0 1 2122 2267 3349 1320
12535 4 2 0 1 3088 3081 3080 3085
12536 4 2 0 1 2911 2972 2950 3658
12537 4 2 0 1 3088 3614 3267 3304
12538 4 2 0 1 2433 3067 3426 3074
12539 4 2 0 1 1242 2227 2597 3320
12540 4 2 0 1 3438 3437 3048 3420
12541 4 2 0 1 998 2600 2599 3554
12542 4 2 0 1 2764 2601 3616 2441
12543 4 2 0 1 3461 2445 2885 2437
12544 4 2 0 1 2925 3454 2441 2798
12545 4 2 0 1 2747 2885 2437 3461
12546 4 2 0 1 3291 3098 3104 3314
12547 4 2 0 1 2006 3194 1294 1292
12548 4 2 0 1 3760 3467 3405 3464
12549 4 2 0 1 3631 3471 2790 3465
12550 4 2 0 1 2754 2996 3408 2861
12551 4 2 0 1 170 2721 168 3601
12552 4 2 0 1 3027 3351 3710 3663
12553 4 2 0 1 2912 3470 3631 2790
12554 4 2 0 1 3480 3141 2453 3438
12555 4 2 0 1 3365 3638 3369 2806
12556 4 2 0 1 168 2721 170 358
12557 4 2 0 1 2454 3305 3479 3716
12558 4 2 0 1 2612 2611 3494 2411
12559 4 2 0 1 3305 3298 3239 2454
12560 4 2 0 1 2548 2842 2773 2918
12561 4 2 0 1 3267 3304 3614 2434
12562 4 2 0 1 1882 2110 2686 1881
12563 4 2 0 1 3659 2909 3658 3657
12564 4 2 0 1 632 2880 1089 3509
12565 4 2 0 1 2920 2474 3490 2549
12566 4 2 0 1 3432 3048 3439 3443
12567 4 2 0 1 167 2905 169 3601
12568 4 2 0 1 168 2476 2721 997
12569 4 2 0 1 3479 3432 3439 3445
12570 4 2 0 1 3600 3492 2466 2721
12571 4 2 0 1 3489 1021 1142 147
12572 4 2 0 1 3439 3445 3432 3443
12573 4 2 0 1 3003 3496 2674 2673
12574 4 2 0 1 2797 3537 2780 2620
12575 4 2 0 1 3287 3048 3443 3439
12576 4 2 0 1 3495 3003 3014 2475
12577 4 2 0 1 3410 3299 3751 3406
12578 4 2 0 1 3410 3299 3406 3415
12579 4 2 0 1 581 2673 582 2412
12580 4 2 0 1 335 1215 1054 3014
12581 4 2 0 1 3661 3685 3232 3212
12582 4 2 0 1 3800 3001 1192 609
12583 4 2 0 1 1138 764 765 2582
12584 4 2 0 1 2712 3499 2614 2976
12585 4 2 0 1 3522 2667 3523 2534
12586 4 2 0 1 812 2664 3586 732
12587 4 2 0 1 3001 1192 609 894
12588 4 2 0 1 894 2475 609 3001
12589 4 2 0 1 2665 209 591 851
12590 4 2 0 1 2315 2062 3741 2061
12591 4 2 0 1 3504 2500 2622 2809
12592 4 2 0 1 2503 979 3509 925
12593 4 2 0 1 2104 2696 3338 1421
12594 4 2 0 1 2315 3740 2061 3741
12595 4 2 0 1 823 3507 864 824
12596 4 2 0 1 2725 2846 3511 3512
12597 4 2 0 1 225 1121 223 2523
12598 4 2 0 1 3274 1741 3231 1740
12599 4 2 0 1 3274 2113 2192 3231
12600 4 2 0 1 2475 2990 3598 609
12601 4 2 0 1 2458 2609 2725 3516
12602 4 2 0 1 3391 615 3542 2459
12603 4 2 0 1 2479 2638 1046 2530
12604 4 2 0 1 1053 2475 699 3001
12605 4 2 0 1 2609 2998 2568 2725
12606 4 2 0 1 288 2668 2669 287
12607 4 2 0 1 2393 771 726 937
12608 4 2 0 1 530 2783 3399 528
12609 4 2 0 1 289 288 971 2669
12610 4 2 0 1 2394 2557 2558 2413
12611 4 2 0 1 2958 2952 3431 2955
12612 4 2 0 1 2834 2781 2563 2562
12613 4 2 0 1 3350 2233 1867 2391
12614 4 2 0 1 2620 3008 2782 2419
12615 4 2 0 1 3389 2817 2856 3009
12616 4 2 0 1 2952 2958 3152 2956
12617 4 2 0 1 3638 2789 2734 2878
12618 4 2 0 1 984 749 750 3540
12619 4 2 0 1 937 2983 2393 2901
12620 4 2 0 1 627 1078 1141 3539
12621 4 2 0 1 929 750 3541 904
12622 4 2 0 1 3252 3741 1522 2061
12623 4 2 0 1 904 750 3541 3540
12624 4 2 0 1 848 929 751 3604
12625 4 2 0 1 3253 3032 3251 3680
12626 4 2 0 1 2528 3384 3376 2653
12627 4 2 0 1 2660 2399 2658 2586
12628 4 2 0 1 3428 2887 3262 3422
12629 4 2 0 1 2389 1671 1672 2696
12630 4 2 0 1 2315 1739 2061 3740
12631 4 2 0 1 2416 1000 285 786
12632 4 2 0 1 3291 3214 2966 3105
12633 4 2 0 1 659 863 653 2418
12634 4 2 0 1 1191 1050 2564 180
12635 4 2 0 1 3064 3681 3318 3347
12636 4 2 0 1 3036 3037 3038 3024
12637 4 2 0 1 3203 2868 3726 3125
12638 4 2 0 1 1873 2877 1929 1749
12639 4 2 0 1 3222 2868 3206 3286
12640 4 2 0 1 3246 3176 3478 3248
12641 4 2 0 1 2603 3555 2441 2764
12642 4 2 0 1 2762 1253 2869 3281
12643 4 2 0 1 1249 1248 3333 1247
12644 4 2 0 1 2399 2753 2659 3376
12645 4 2 0 1 1035 1179 2906 784
12646 4 2 0 1 2861 3469 3751 3463
12647 4 2 0 1 3457 3146 3316 3148
12648 4 2 0 1 2847 1153 103 1015
12649 4 2 0 1 2847 1153 3556 2794
12650 4 2 0 1 103 3558 2847 1015
12651 4 2 0 1 103 3558 1015 941
12652 4 2 0 1 2776 3656 2977 3658
12653 4 2 0 1 2746 2615 2894 2511
12654 4 2 0 1 1520 2749 2577 2300
12655 4 2 0 1 1230 2649 3260 1987
12656 4 2 0 1 3032 3159 3678 3214
12657 4 2 0 1 2742 3262 2887 3422
12658 4 2 0 1 2432 2892 2938 2891
12659 4 2 0 1 3593 2074 1671 2702
12660 4 2 0 1 3626 3632 2828 3633
12661 4 2 0 1 1578 1576 1577 3133
12662 4 2 0 1 2429 3262 2973 2887
12663 4 2 0 1 2790 2791 3411 2449
12664 4 2 0 1 485 2675 678 2630
12665 4 2 0 1 940 1194 2630 678
12666 4 2 0 1 988 2596 3571 80
12667 4 2 0 1 2631 2519 2832 3571
12668 4 2 0 1 2912 2628 3624 2806
12669 4 2 0 1 2789 2791 2790 2449
12670 4 2 0 1 892 1073 679 2675
12671 4 2 0 1 695 138 151 2469
12672 4 2 0 1 3484 149 2469 1137
12673 4 2 0 1 3457 3146 3257 3316
12674 4 2 0 1 3146 3635 3257 3316
12675 4 2 0 1 1214 3824 420 443
12676 4 2 0 1 3824 3578 733 1214
12677 4 2 0 1 2386 3354 1848 2351
12678 4 2 0 1 2803 2429 2619 2973
12679 4 2 0 1 1520 60 61 2577
12680 4 2 0 1 2107 2203 3106 1885
12681 4 2 0 1 2240 2268 1786 3282
12682 4 2 0 1 3181 3182 3180 3323
12683 4 2 0 1 3236 3059 3230 3149
12684 4 2 0 1 2986 3592 2505 2504
12685 4 2 0 1 1804 3590 3589 2697
12686 4 2 0 1 2932 2150 1800 1803
12687 4 2 0 1 1132 2862 437 2863
12688 4 2 0 1 1087 2903 1012 776
12689 4 2 0 1 2743 3576 2741 400
12690 4 2 0 1 2712 2751 3597 2824
12691 4 2 0 1 710 3829 3836 711
12692 4 2 0 1 3398 2998 2642 2470
12693 4 2 0 1 3242 3145 3337 3277
12694 4 2 0 1 3661 3685 3682 3232
12695 4 2 0 1 848 879 3604 751
12696 4 2 0 1 2393 2544 2545 2756
12697 4 2 0 1 2528 3520 3518 2656
12698 4 2 0 1 795 3461 77 957
12699 4 2 0 1 2745 3758 3759 3419
12700 4 2 0 1 3606 2300 2345 62
12701 4 2 0 1 2750 2344 1767 2050
12702 4 2 0 1 2300 1520 61 2577
12703 4 2 0 1 61 3606 2300 2577
12704 4 2 0 1 3829 3809 513 710
12705 4 2 0 1 3288 3099 3188 3433
12706 4 2 0 1 1226 2095 2050 2749
12707 4 2 0 1 1862 3643 3348 2316
12708 4 2 0 1 3756 3024 2450 3416
12709 4 2 0 1 2719 2754 2605 3599
12710 4 2 0 1 3756 2450 3024 3413
12711 4 2 0 1 3398 2785 2846 3512
12712 4 2 0 1 823 2989 1129 2984
12713 4 2 0 1 556 483 755 2880
12714 4 2 0 1 2789 2806 3624 2628
12715 4 2 0 1 2806 3369 3365 3627
12716 4 2 0 1 2324 3364 1548 3367
12717 4 2 0 1 2198 3156 1876 2882
12718 4 2 0 1 3189 2060 2186 1837
12719 4 2 0 1 3156 2198 1898 1636
12720 4 2 0 1 2566 2401 2418 2416
12721 4 2 0 1 2694 3590 3591 2692
12722 4 2 0 1 1486 2102 2957 2301
12723 4 2 0 1 3186 3733 3734 3152
12724 4 2 0 1 2794 104 42 738
12725 4 2 0 1 2794 44 43 3359
12726 4 2 0 1 1010 2941 630 631
12727 4 2 0 1 663 662 862 3599
12728 4 2 0 1 1037 738 862 2794
12729 4 2 0 1 103 1037 862 2794
12730 4 2 0 1 2419 2418 2401 2416
12731 4 2 0 1 2348 3745 3204 3250
12732 4 2 0 1 3636 2866 2870 3259
12733 4 2 0 1 2866 3458 2444 3140
12734 4 2 0 1 3277 3257 3141 3436
12735 4 2 0 1 2762 1754 3281 2800
12736 4 2 0 1 2762 3281 3458 2800
12737 4 2 0 1 2869 1376 2140 3281
12738 4 2 0 1 2514 2516 2494 3454
12739 4 2 0 1 3043 1493 1432 1425
12740 4 2 0 1 3123 2691 3173 3167
12741 4 2 0 1 2986 3487 3398 2785
12742 4 2 0 1 3067 3066 2433 3290
12743 4 2 0 1 652 2480 3582 590
12744 4 2 0 1 2480 590 572 460
12745 4 2 0 1 3434 2928 2766 3618
12746 4 2 0 1 1401 3733 1399 1400
12747 4 2 0 1 3188 3641 3322 1430
12748 4 2 0 1 3761 3763 3468 3465
12749 4 2 0 1 1974 1824 3640 1933
12750 4 2 0 1 2798 3412 2602 2766
12751 4 2 0 1 1200 196 197 3536
12752 4 2 0 1 2763 2928 2601 2765
12753 4 2 0 1 2927 3427 3345 3267
12754 4 2 0 1 2607 3425 2961 2959
12755 4 2 0 1 2796 3629 3359 1542
12756 4 2 0 1 3070 3085 3083 3066
12757 4 2 0 1 2911 3068 2950 2433
12758 4 2 0 1 3460 2886 2175 47
12759 4 2 0 1 3085 3073 3083 3689
12760 4 2 0 1 1248 2869 1252 3368
12761 4 2 0 1 3271 3439 3442 3445
12762 4 2 0 1 3028 3039 3440 3049
12763 4 2 0 1 3273 3298 3238 2965
12764 4 2 0 1 1388 3649 1389 1390
12765 4 2 0 1 625 3534 537 626
12766 4 2 0 1 3405 2471 2785 3761
12767 4 2 0 1 1718 2957 3734 2956
12768 4 2 0 1 3832 337 3822 340
12769 4 2 0 1 2975 3340 66 65
12770 4 2 0 1 2975 3340 2616 66
12771 4 2 0 1 2662 2481 652 2913
12772 4 2 0 1 3435 3259 3037 2451
12773 4 2 0 1 2446 2961 3418 3757
12774 4 2 0 1 3415 3437 3434 2426
12775 4 2 0 1 1803 2242 3035 1922
12776 4 2 0 1 3181 1530 2229 1532
12777 4 2 0 1 3181 2229 1530 3107
12778 4 2 0 1 2484 3775 3785 727
12779 4 2 0 1 1825 1971 2336 3672
12780 4 2 0 1 1729 3679 1821 1822
12781 4 2 0 1 3272 2033 1674 1755
12782 4 2 0 1 1961 1370 1991 3292
12783 4 2 0 1 3310 3700 1537 3292
12784 4 2 0 1 3785 3775 759 569
12785 4 2 0 1 1538 1536 3310 1537
12786 4 2 0 1 3163 3218 1869 3213
12787 4 2 0 1 1322 1321 3091 3349
12788 4 2 0 1 67 2616 66 2975
12789 4 2 0 1 3451 1324 2313 3091
12790 4 2 0 1 1328 3690 3210 3087
12791 4 2 0 1 3163 1868 1757 1355
12792 4 2 0 1 3759 2939 3757 3419
12793 4 2 0 1 2247 1406 1404 3322
12794 4 2 0 1 2939 2927 3757 3419
12795 4 2 0 1 1405 3665 1823 3322
12796 4 2 0 1 2616 1513 67 66
12797 4 2 0 1 3438 3037 3048 3437
12798 4 2 0 1 430 2901 937 392
12799 4 2 0 1 430 2901 392 389
12800 4 2 0 1 3113 3226 3112 3216
12801 4 2 0 1 2986 3487 2785 2471
12802 4 2 0 1 1842 3708 1641 2106
12803 4 2 0 1 2783 527 907 528
12804 4 2 0 1 1560 1563 2378 3355
12805 4 2 0 1 3758 3380 2744 3446
12806 4 2 0 1 3758 3380 3446 2496
12807 4 2 0 1 2060 3189 2186 1635
12808 4 2 0 1 3385 2995 3409 3419
12809 4 2 0 1 1312 2058 1371 3144
12810 4 2 0 1 1994 3818 3324 2049
12811 4 2 0 1 2439 3446 2496 2432
12812 4 2 0 1 3702 3704 3705 1359
12813 4 2 0 1 2268 3699 2015 2335
12814 4 2 0 1 2783 527 528 530
12815 4 2 0 1 3119 3116 3309 3155
12816 4 2 0 1 323 324 3781 321
12817 4 2 0 1 2593 3250 3154 3474
12818 4 2 0 1 3246 3745 3245 3746
12819 4 2 0 1 1442 1488 3796 3776
12820 4 2 0 1 2690 3025 3294 3476
12821 4 2 0 1 3672 1970 3202 3674
12822 4 2 0 1 1970 3672 3202 1269
12823 4 2 0 1 3089 2434 3164 3163
12824 4 2 0 1 3675 1277 3055 3676
12825 4 2 0 1 3252 1523 1522 1497
12826 4 2 0 1 2696 1421 1672 2695
12827 4 2 0 1 3446 2439 2496 3380
12828 4 2 0 1 1542 2796 3629 1544
12829 4 2 0 1 2696 1421 2687 3338
12830 4 2 0 1 3640 3642 2823 3307
12831 4 2 0 1 3703 1393 1391 3718
12832 4 2 0 1 2698 2695 2696 1672
12833 4 2 0 1 2696 1421 1671 1672
12834 4 2 0 1 3703 1391 1393 2343
12835 4 2 0 1 1691 3283 3312 3191
12836 4 2 0 1 1915 1457 1452 3160
12837 4 2 0 1 3312 3283 1691 1690
12838 4 2 0 1 2985 2984 2988 75
12839 4 2 0 1 3189 1691 3312 3191
12840 4 2 0 1 3160 1454 3159 2133
12841 4 2 0 1 3273 3278 3747 3217
12842 4 2 0 1 3032 3254 3678 3679
12843 4 2 0 1 3254 3160 1856 2033
12844 4 2 0 1 1691 1837 3312 1690
12845 4 2 0 1 3456 2443 3258 2799
12846 4 2 0 1 3457 2759 3268 3148
12847 4 2 0 1 3456 2597 2598 3552
12848 4 2 0 1 2929 3615 3345 2761
12849 4 2 0 1 2443 2601 2799 3456
12850 4 2 0 1 3038 2592 3667 3036
12851 4 2 0 1 2698 3078 3022 3023
12852 4 2 0 1 2989 75 1129 2984
12853 4 2 0 1 3036 2592 3023 3662
12854 4 2 0 1 2690 3042 3172 3588
12855 4 2 0 1 2991 1091 2475 265
12856 4 2 0 1 3435 2870 2451 2450
12857 4 2 0 1 2991 260 259 263
12858 4 2 0 1 2420 3296 2959 2897
12859 4 2 0 1 3414 2422 3406 2427
12860 4 2 0 1 2932 3343 3051 1801
12861 4 2 0 1 3710 3027 3121 3664
12862 4 2 0 1 3618 3463 3469 3000
12863 4 2 0 1 3512 3516 2725 3453
12864 4 2 0 1 2440 3380 3000 3379
12865 4 2 0 1 3710 3121 3027 3707
12866 4 2 0 1 2822 2607 2795 2821
12867 4 2 0 1 2607 3425 2959 2996
12868 4 2 0 1 2447 2765 3618 2766
12869 4 2 0 1 3434 2766 3435 3415
12870 4 2 0 1 1541 2236 3359 1845
12871 4 2 0 1 790 1211 2487 2492
12872 4 2 0 1 3129 3439 3480 3444
12873 4 2 0 1 3446 2439 2586 3634
12874 4 2 0 1 3121 3027 3117 3664
12875 4 2 0 1 3123 3027 3121 3707
12876 4 2 0 1 1007 2922 681 701
12877 4 2 0 1 2985 2988 2984 2505
12878 4 2 0 1 489 970 2475 2716
12879 4 2 0 1 2988 2705 2985 75
12880 4 2 0 1 555 2683 683 2883
12881 4 2 0 1 1039 2664 2665 2627
12882 4 2 0 1 2682 2055 25 1502
12883 4 2 0 1 148 2667 124 206
12884 4 2 0 1 109 111 110 3623
12885 4 2 0 1 148 207 2667 206
12886 4 2 0 1 2305 3608 1841 2299
12887 4 2 0 1 2667 124 206 2778
12888 4 2 0 1 61 3606 2577 3582
12889 4 2 0 1 845 846 448 2913
12890 4 2 0 1 2667 207 356 206
12891 4 2 0 1 334 2677 218 217
12892 4 2 0 1 2711 502 2662 503
12893 4 2 0 1 3497 3501 2616 2890
12894 4 2 0 1 2487 82 942 1126
12895 4 2 0 1 2909 1487 2137 1878
12896 4 2 0 1 3512 3516 3511 2725
12897 4 2 0 1 1959 2909 1867 2137
12898 4 2 0 1 334 218 2677 2631
12899 4 2 0 1 216 218 2677 217
12900 4 2 0 1 2517 2677 218 2631
12901 4 2 0 1 150 2905 910 132
12902 4 2 0 1 34 3338 1421 33
12903 4 2 0 1 2463 874 130 131
12904 4 2 0 1 1355 3163 1756 1757
12905 4 2 0 1 3562 628 506 150
12906 4 2 0 1 131 134 2463 874
12907 4 2 0 1 2743 3824 2482 1018
12908 4 2 0 1 1761 1868 1757 3163
12909 4 2 0 1 263 3014 3015 335
12910 4 2 0 1 335 3015 861 3014
12911 4 2 0 1 2743 401 406 977
12912 4 2 0 1 1030 3775 2643 568
12913 4 2 0 1 2725 2846 3602 2726
12914 4 2 0 1 2570 3613 2726 2679
12915 4 2 0 1 285 2416 3007 2620
12916 4 2 0 1 3520 3599 2605 3556
12917 4 2 0 1 2957 1392 1486 3734
12918 4 2 0 1 890 827 3784 585
12919 4 2 0 1 2605 2719 3482 2840
12920 4 2 0 1 3520 2605 3599 2527
12921 4 2 0 1 3558 45 665 941
12922 4 2 0 1 1391 1392 3718 1393
12923 4 2 0 1 3821 1448 3161 1447
12924 4 2 0 1 403 3831 1146 96
12925 4 2 0 1 1354 1356 1357 3225
12926 4 2 0 1 2576 525 629 526
12927 4 2 0 1 3520 2906 2527 3599
12928 4 2 0 1 3599 2719 2829 2527
12929 4 2 0 1 2906 3599 2829 2527
12930 4 2 0 1 837 2906 2829 2527
12931 4 2 0 1 2470 2813 2815 2461
12932 4 2 0 1 3775 2643 568 2970
12933 4 2 0 1 3089 2979 3074 3073
12934 4 2 0 1 2719 837 2829 2527
12935 4 2 0 1 83 3002 1082 26
12936 4 2 0 1 798 2589 582 954
12937 4 2 0 1 2437 2747 3604 2746
12938 4 2 0 1 1475 1476 1474 3229
12939 4 2 0 1 2801 2437 3604 2746
12940 4 2 0 1 1447 1446 3821 1448
12941 4 2 0 1 2755 2744 2746 3604
12942 4 2 0 1 2966 3160 3655 3740
12943 4 2 0 1 2653 2654 3375 2756
12944 4 2 0 1 3089 2979 3073 2908
12945 4 2 0 1 1270 3202 3674 1268
12946 4 2 0 1 3375 2657 2544 2756
12947 4 2 0 1 3691 1894 2081 1724
12948 4 2 0 1 3828 416 415 3772
12949 4 2 0 1 1270 3202 1268 1267
12950 4 2 0 1 2447 3618 3410 2766
12951 4 2 0 1 3332 2422 3024 3756
12952 4 2 0 1 331 3795 486 488
12953 4 2 0 1 161 162 2527 2720
12954 4 2 0 1 2062 2207 3741 1522
12955 4 2 0 1 1831 2062 2295 3105
12956 4 2 0 1 2837 3472 3410 3406
12957 4 2 0 1 3036 2422 3416 3024
12958 4 2 0 1 3437 3048 2427 3416
12959 4 2 0 1 1754 3281 2105 1929
12960 4 2 0 1 1539 2871 2597 7
12961 4 2 0 1 3658 2775 2949 2233
12962 4 2 0 1 3674 1271 1268 3125
12963 4 2 0 1 2490 71 2651 1
12964 4 2 0 1 78 2981 996 831
12965 4 2 0 1 161 2527 162 164
12966 4 2 0 1 51 2228 2310 2775
12967 4 2 0 1 16 17 3367 3004
12968 4 2 0 1 3674 1268 1271 1270
12969 4 2 0 1 3836 710 711 932
12970 4 2 0 1 933 2860 630 2941
12971 4 2 0 1 2941 28 29 1128
12972 4 2 0 1 1748 3642 2796 1746
12973 4 2 0 1 2129 1796 2307 2692
12974 4 2 0 1 2228 3643 3350 2775
12975 4 2 0 1 2228 3643 2775 51
12976 4 2 0 1 2503 1199 357 925
12977 4 2 0 1 2228 3643 51 52
12978 4 2 0 1 1131 1127 98 2510
12979 4 2 0 1 1929 2877 2105 2272
12980 4 2 0 1 2891 2618 2887 2742
12981 4 2 0 1 2877 2871 2105 2272
12982 4 2 0 1 1127 3610 1102 84
12983 4 2 0 1 54 1237 1862 3644
12984 4 2 0 1 1689 3789 1240 3797
12985 4 2 0 1 3611 3610 3608 2749
12986 4 2 0 1 1520 2749 2300 1226
12987 4 2 0 1 2711 885 3582 886
12988 4 2 0 1 2249 1244 2762 3333
12989 4 2 0 1 3748 1289 1288 3713
12990 4 2 0 1 3284 2873 2878 3637
12991 4 2 0 1 1673 1674 1742 3254
12992 4 2 0 1 2873 3284 2872 2877
12993 4 2 0 1 89 19 2627 745
12994 4 2 0 1 1421 3338 2104 33
12995 4 2 0 1 2794 43 44 1037
12996 4 2 0 1 3056 3064 3444 3347
12997 4 2 0 1 2432 2892 2891 2486
12998 4 2 0 1 3607 2750 2072 2312
12999 4 2 0 1 68 2890 2616 3501
13000 4 2 0 1 3043 3042 3050 3169
13001 4 2 0 1 997 741 829 2476
13002 4 2 0 1 997 2721 976 2476
13003 4 2 0 1 3558 2794 103 2847
13004 4 2 0 1 704 3491 1029 2721
13005 4 2 0 1 704 1029 3491 703
13006 4 2 0 1 3050 1420 1423 1422
13007 4 2 0 1 2678 119 125 124
13008 4 2 0 1 3476 3285 3477 3154
13009 4 2 0 1 3488 465 2735 839
13010 4 2 0 1 3476 3285 3154 3155
13011 4 2 0 1 3449 2980 2775 2803
13012 4 2 0 1 3691 2081 1894 3138
13013 4 2 0 1 3794 3799 3783 534
13014 4 2 0 1 2980 2615 2801 2510
13015 4 2 0 1 2902 2884 961 2811
13016 4 2 0 1 3476 3285 3155 3309
13017 4 2 0 1 3765 2589 293 961
13018 4 2 0 1 2589 961 2811 2902
13019 4 2 0 1 457 362 2906 836
13020 4 2 0 1 961 3765 3820 1088
13021 4 2 0 1 2723 2634 2648 171
13022 4 2 0 1 192 2634 2723 171
13023 4 2 0 1 2723 192 171 867
13024 4 2 0 1 170 2723 171 867
13025 4 2 0 1 3154 3476 3719 2593
13026 4 2 0 1 961 3820 2884 578
13027 4 2 0 1 177 2410 178 179
13028 4 2 0 1 2116 3793 3160 3655
13029 4 2 0 1 758 1161 1059 3390
13030 4 2 0 1 3395 2779 2409 2587
13031 4 2 0 1 3536 3534 198 2576
13032 4 2 0 1 2560 2416 1000 2620
13033 4 2 0 1 3395 2779 3009 2409
13034 4 2 0 1 2589 961 2902 276
13035 4 2 0 1 219 2724 2579 671
13036 4 2 0 1 2589 961 276 293
13037 4 2 0 1 2632 199 176 2410
13038 4 2 0 1 3101 3793 3160 3161
13039 4 2 0 1 3740 1738 1739 2116
13040 4 2 0 1 2923 1948 3617 2
13041 4 2 0 1 2570 2904 3613 2678
13042 4 2 0 1 2495 471 2899 473
13043 4 2 0 1 2231 1721 3327 1223
13044 4 2 0 1 232 2531 234 233
13045 4 2 0 1 2621 2638 3542 612
13046 4 2 0 1 3740 1738 2116 3655
13047 4 2 0 1 3420 3415 2427 2960
13048 4 2 0 1 3006 2546 2935 260
13049 4 2 0 1 256 1091 1052 2990
13050 4 2 0 1 299 298 2895 297
13051 4 2 0 1 263 3014 335 266
13052 4 2 0 1 2632 175 2634 2565
13053 4 2 0 1 3015 263 335 1033
13054 4 2 0 1 3521 2652 3483 2530
13055 4 2 0 1 2632 177 2410 176
13056 4 2 0 1 2632 177 176 175
13057 4 2 0 1 2608 246 2970 245
13058 4 2 0 1 477 474 2516 2493
13059 4 2 0 1 2410 1145 2564 3395
13060 4 2 0 1 617 2603 1190 616
13061 4 2 0 1 2960 3415 2427 3299
13062 4 2 0 1 911 2416 1004 786
13063 4 2 0 1 2673 581 351 1014
13064 4 2 0 1 311 2673 351 308
13065 4 2 0 1 607 3496 1162 2673
13066 4 2 0 1 2475 2990 609 1053
13067 4 2 0 1 270 1110 2990 832
13068 4 2 0 1 3003 302 301 303
13069 4 2 0 1 685 801 3800 832
13070 4 2 0 1 980 3402 645 3404
13071 4 2 0 1 3534 782 537 626
13072 4 2 0 1 523 340 3822 814
13073 4 2 0 1 3791 1983 1884 1496
13074 4 2 0 1 2884 3782 3795 486
13075 4 2 0 1 3471 3628 3630 2826
13076 4 2 0 1 342 3834 344 3766
13077 4 2 0 1 3441 3477 3038 3473
13078 4 2 0 1 3472 3435 3415 3416
13079 4 2 0 1 126 2476 153 1217
13080 4 2 0 1 3791 1983 1496 1984
13081 4 2 0 1 3399 3400 3401 2413
13082 4 2 0 1 2771 2772 2558 2793
13083 4 2 0 1 3751 2837 3463 3410
13084 4 2 0 1 367 3801 370 1035
13085 4 2 0 1 2906 1179 960 663
13086 4 2 0 1 141 3489 142 143
13087 4 2 0 1 3659 2391 3348 3350
13088 4 2 0 1 2071 3306 3275 1709
13089 4 2 0 1 3320 650 4 949
13090 4 2 0 1 2799 2601 3320 3552
13091 4 2 0 1 3296 3414 2933 3591
13092 4 2 0 1 2708 3414 3296 3591
13093 4 2 0 1 3261 2837 3406 3407
13094 4 2 0 1 3296 3408 3750 2708
13095 4 2 0 1 2894 2843 2845 2430
13096 4 2 0 1 2661 399 2839 2903
13097 4 2 0 1 1222 1549 3369 1548
13098 4 2 0 1 1549 3364 1548 1550
13099 4 2 0 1 1208 772 2913 448
13100 4 2 0 1 2740 2644 3576 3578
13101 4 2 0 1 2843 2709 2845 2584
13102 4 2 0 1 2889 460 461 953
13103 4 2 0 1 450 1169 3578 733
13104 4 2 0 1 3002 83 25 26
13105 4 2 0 1 163 1043 1082 3002
13106 4 2 0 1 2570 3543 2904 2567
13107 4 2 0 1 1058 2740 455 424
13108 4 2 0 1 1058 641 455 2709
13109 4 2 0 1 2913 740 2662 2617
13110 4 2 0 1 1239 2682 26 2169
13111 4 2 0 1 765 3500 2583 766
13112 4 2 0 1 1239 2686 1919 3289
13113 4 2 0 1 1211 2489 2492 876
13114 4 2 0 1 3564 2481 2994 2662
13115 4 2 0 1 38 75 2705 37
13116 4 2 0 1 2740 2741 2584 2709
13117 4 2 0 1 2421 2988 2694 2692
13118 4 2 0 1 75 2988 2705 37
13119 4 2 0 1 1934 2260 3188 2200
13120 4 2 0 1 2708 3414 3591 2838
13121 4 2 0 1 2655 2773 2842 2993
13122 4 2 0 1 3366 3285 2734 3475
13123 4 2 0 1 2417 798 2811 2589
13124 4 2 0 1 479 317 3765 877
13125 4 2 0 1 493 3496 492 491
13126 4 2 0 1 2651 2490 2924 3503
13127 4 2 0 1 3483 235 968 2529
13128 4 2 0 1 490 3496 3581 2716
13129 4 2 0 1 982 970 3598 2475
13130 4 2 0 1 14 3627 15 3369
13131 4 2 0 1 219 2724 671 216
13132 4 2 0 1 3264 3366 2734 2806
13133 4 2 0 1 2923 86 1144 2931
13134 4 2 0 1 2491 2761 2924 2651
13135 4 2 0 1 419 3802 433 3787
13136 4 2 0 1 1332 3075 1333 3073
13137 4 2 0 1 3486 2849 2666 2853
13138 4 2 0 1 3534 595 3535 1020
13139 4 2 0 1 541 3783 696 543
13140 4 2 0 1 2685 2853 2666 2533
13141 4 2 0 1 651 623 998 3554
13142 4 2 0 1 911 2416 786 1000
13143 4 2 0 1 923 343 341 3832
13144 4 2 0 1 998 2600 3554 623
13145 4 2 0 1 105 3808 41 40
13146 4 2 0 1 2603 651 998 3554
13147 4 2 0 1 2559 3535 197 3536
13148 4 2 0 1 2795 2996 3559 2607
13149 4 2 0 1 907 1204 528 526
13150 4 2 0 1 2704 42 2794 2707
13151 4 2 0 1 3823 544 543 542
13152 4 2 0 1 2605 2719 2527 3482
13153 4 2 0 1 2935 3525 2537 2857
13154 4 2 0 1 2465 2918 2732 2731
13155 4 2 0 1 103 3558 941 44
13156 4 2 0 1 2641 2642 2784 3575
13157 4 2 0 1 2806 2826 3365 3366
13158 4 2 0 1 2849 2784 2853 3486
13159 4 2 0 1 2680 115 118 741
13160 4 2 0 1 317 350 2811 744
13161 4 2 0 1 3365 3638 2806 3264
13162 4 2 0 1 291 2902 318 279
13163 4 2 0 1 3819 3767 3833 881
13164 4 2 0 1 741 997 976 2476
13165 4 2 0 1 3370 3333 3361 2762
13166 4 2 0 1 816 3819 660 1036
13167 4 2 0 1 1073 892 3004 2675
13168 4 2 0 1 2678 684 148 125
13169 4 2 0 1 2678 684 125 2770
13170 4 2 0 1 489 3496 2716 2475
13171 4 2 0 1 3578 2484 3824 733
13172 4 2 0 1 2678 684 2770 2904
13173 4 2 0 1 816 3819 1036 3803
13174 4 2 0 1 467 2482 2484 1216
13175 4 2 0 1 3361 3368 2444 2762
13176 4 2 0 1 1154 3489 147 140
13177 4 2 0 1 2512 618 620 902
13178 4 2 0 1 867 2723 1163 462
13179 4 2 0 1 1002 174 172 3562
13180 4 2 0 1 174 2648 173 172
13181 4 2 0 1 2754 2996 2861 2830
13182 4 2 0 1 2996 2830 2847 3409
13183 4 2 0 1 2830 2840 3382 2861
13184 4 2 0 1 2614 1138 2709 641
13185 4 2 0 1 86 610 1144 2931
13186 4 2 0 1 2923 1948 2 1
13187 4 2 0 1 2444 3368 3361 2865
13188 4 2 0 1 3072 3689 3073 1332
13189 4 2 0 1 515 2889 514 453
13190 4 2 0 1 438 2863 3767 657
13191 4 2 0 1 588 3819 589 660
13192 4 2 0 1 3558 665 2886 3461
13193 4 2 0 1 1015 3556 2847 1153
13194 4 2 0 1 3622 2883 2639 158
13195 4 2 0 1 3605 848 795 2747
13196 4 2 0 1 2444 2866 3361 2762
13197 4 2 0 1 3384 3605 666 3557
13198 4 2 0 1 1539 2871 7 1227
13199 4 2 0 1 3361 2866 2444 2865
13200 4 2 0 1 2500 2622 2809 2826
13201 4 2 0 1 2905 167 169 1084
13202 4 2 0 1 2648 170 171 169
13203 4 2 0 1 3622 826 120 114
13204 4 2 0 1 2721 3492 3491 2476
13205 4 2 0 1 2905 1084 169 172
13206 4 2 0 1 3550 2597 2598 2871
13207 4 2 0 1 688 111 2778 113
13208 4 2 0 1 2973 3200 3262 3199
13209 4 2 0 1 1205 1112 180 2412
13210 4 2 0 1 1145 1205 180 2412
13211 4 2 0 1 2475 3001 3003 268
13212 4 2 0 1 2409 3496 3495 2717
13213 4 2 0 1 3001 295 1184 700
13214 4 2 0 1 3495 2714 2717 2991
13215 4 2 0 1 3625 2809 2622 2826
13216 4 2 0 1 516 3809 1024 932
13217 4 2 0 1 3829 710 517 711
13218 4 2 0 1 766 3500 2583 2492
13219 4 2 0 1 3809 522 654 588
13220 4 2 0 1 204 2559 202 638
13221 4 2 0 1 3618 2926 3455 2925
13222 4 2 0 1 3812 3399 636 530
13223 4 2 0 1 203 2559 202 204
13224 4 2 0 1 1211 876 2492 767
13225 4 2 0 1 367 3801 1035 365
13226 4 2 0 1 1487 3619 3293 2910
13227 4 2 0 1 3807 975 422 576
13228 4 2 0 1 406 3824 1018 972
13229 4 2 0 1 2468 3763 3005 3585
13230 4 2 0 1 2973 3262 3200 3164
13231 4 2 0 1 892 600 1095 3004
13232 4 2 0 1 2576 629 1027 990
13233 4 2 0 1 767 766 2583 2492
13234 4 2 0 1 576 708 3824 3807
13235 4 2 0 1 2780 3536 2561 2576
13236 4 2 0 1 3533 743 2576 1034
13237 4 2 0 1 525 2669 526 2576
13238 4 2 0 1 3455 3618 2925 2765
13239 4 2 0 1 3218 3262 3200 3199
13240 4 2 0 1 3573 2465 2636 2521
13241 4 2 0 1 2531 232 753 2521
13242 4 2 0 1 2660 2916 2755 2915
13243 4 2 0 1 2583 2498 876 2492
13244 4 2 0 1 2432 3579 2930 2891
13245 4 2 0 1 804 436 429 2646
13246 4 2 0 1 333 2969 2990 2713
13247 4 2 0 1 333 2969 2713 752
13248 4 2 0 1 2583 2498 2492 3634
13249 4 2 0 1 3604 2744 2746 2747
13250 4 2 0 1 2903 776 1087 396
13251 4 2 0 1 397 2757 396 395
13252 4 2 0 1 3634 2583 3546 2845
13253 4 2 0 1 652 2480 590 572
13254 4 2 0 1 1180 3006 261 257
13255 4 2 0 1 3634 2498 2492 2432
13256 4 2 0 1 3500 3634 2492 2432
13257 4 2 0 1 1824 3669 3307 2896
13258 4 2 0 1 59 3780 58 3811
13259 4 2 0 1 57 549 58 3811
13260 4 2 0 1 2824 2711 3606 2802
13261 4 2 0 1 2902 276 961 279
13262 4 2 0 1 961 3820 578 1088
13263 4 2 0 1 1182 2884 2811 744
13264 4 2 0 1 2620 3008 2419 3007
13265 4 2 0 1 760 2643 717 809
13266 4 2 0 1 1824 3641 3669 2896
13267 4 2 0 1 485 2675 2630 2677
13268 4 2 0 1 3640 3433 2896 2823
13269 4 2 0 1 553 940 756 2630
13270 4 2 0 1 821 971 290 2669
13271 4 2 0 1 1204 821 290 2669
13272 4 2 0 1 3640 3433 2823 3188
13273 4 2 0 1 2628 12 3327 13
13274 4 2 0 1 2596 1149 1188 90
13275 4 2 0 1 193 194 2561 191
13276 4 2 0 1 188 2566 806 187
13277 4 2 0 1 3640 1824 3307 2896
13278 4 2 0 1 3641 1824 3640 2896
13279 4 2 0 1 2639 114 120 118
13280 4 2 0 1 300 299 2895 301
13281 4 2 0 1 3608 1925 2305 3644
13282 4 2 0 1 952 91 986 2967
13283 4 2 0 1 302 300 2895 301
13284 4 2 0 1 2852 755 154 1148
13285 4 2 0 1 672 674 895 2904
13286 4 2 0 1 306 489 305 2475
13287 4 2 0 1 2988 2505 2421 2694
13288 4 2 0 1 672 2580 674 2904
13289 4 2 0 1 3003 302 303 2590
13290 4 2 0 1 1028 643 857 2652
13291 4 2 0 1 332 2652 857 820
13292 4 2 0 1 3543 3613 2904 2724
13293 4 2 0 1 2747 3604 2745 3605
13294 4 2 0 1 3543 3613 2724 2726
13295 4 2 0 1 2747 2745 3604 2744
13296 4 2 0 1 1124 857 2716 675
13297 4 2 0 1 3747 3272 3270 3749
13298 4 2 0 1 2934 3524 2914 2532
13299 4 2 0 1 2513 2493 2494 2925
13300 4 2 0 1 244 2969 246 752
13301 4 2 0 1 760 2643 809 2935
13302 4 2 0 1 970 1124 2716 675
13303 4 2 0 1 3376 2659 2656 2753
13304 4 2 0 1 1076 771 2536 937
13305 4 2 0 1 2496 2494 2493 2925
13306 4 2 0 1 394 2901 390 393
13307 4 2 0 1 398 2645 2864 400
13308 4 2 0 1 3469 3751 3463 3410
13309 4 2 0 1 3272 3254 3270 3749
13310 4 2 0 1 2861 3469 3463 3385
13311 4 2 0 1 2399 2655 2658 2842
13312 4 2 0 1 2539 2575 2548 2398
13313 4 2 0 1 2644 804 3578 427
13314 4 2 0 1 2992 571 470 1122
13315 4 2 0 1 693 2646 2728 1107
13316 4 2 0 1 3546 2575 3603 2727
13317 4 2 0 1 434 441 3603 919
13318 4 2 0 1 2487 790 2492 1126
13319 4 2 0 1 1230 71 2649 70
13320 4 2 0 1 3524 2532 2534 2914
13321 4 2 0 1 3218 3200 3262 3164
13322 4 2 0 1 2923 2490 2924 2651
13323 4 2 0 1 3354 1224 3260 2485
13324 4 2 0 1 1153 2847 103 2794
13325 4 2 0 1 2971 3449 2775 3656
13326 4 2 0 1 2888 2967 3582 2480
13327 4 2 0 1 2497 2999 2924 3616
13328 4 2 0 1 698 3582 872 952
13329 4 2 0 1 952 3582 872 91
13330 4 2 0 1 2491 2497 2924 3616
13331 4 2 0 1 2761 2491 2924 3616
13332 4 2 0 1 2999 3617 2924 3616
13333 4 2 0 1 3617 2761 2924 3616
13334 4 2 0 1 3438 3420 3432 3423
13335 4 2 0 1 3438 3420 3423 3436
13336 4 2 0 1 284 3007 278 1075
13337 4 2 0 1 312 350 954 2811
13338 4 2 0 1 1865 1237 2376 3620
13339 4 2 0 1 3643 1127 2980 51
13340 4 2 0 1 735 2532 1077 356
13341 4 2 0 1 2778 356 735 1068
13342 4 2 0 1 2534 873 851 2665
13343 4 2 0 1 3370 3256 2799 3361
13344 4 2 0 1 3159 3837 1461 1947
13345 4 2 0 1 2230 3789 1775 3797
13346 4 2 0 1 2872 2981 2594 3550
13347 4 2 0 1 2971 2775 3449 2456
13348 4 2 0 1 2479 612 1046 2638
13349 4 2 0 1 80 988 756 3571
13350 4 2 0 1 2515 622 715 620
13351 4 2 0 1 2922 1007 2787 701
13352 4 2 0 1 2516 481 2513 2512
13353 4 2 0 1 2857 2537 2935 2547
13354 4 2 0 1 617 618 619 2512
13355 4 2 0 1 366 368 367 3777
13356 4 2 0 1 367 3801 365 366
13357 4 2 0 1 2743 420 418 421
13358 4 2 0 1 399 401 2661 2741
13359 4 2 0 1 3287 3667 3038 3441
13360 4 2 0 1 2569 2770 2476 2820
13361 4 2 0 1 2905 129 910 132
13362 4 2 0 1 2679 2997 2640 3575
13363 4 2 0 1 2983 430 1041 811
13364 4 2 0 1 430 2983 389 811
13365 4 2 0 1 2983 2415 382 3827
13366 4 2 0 1 145 2549 1170 146
13367 4 2 0 1 1152 3827 2983 811
13368 4 2 0 1 3434 3257 3436 3258
13369 4 2 0 1 838 2942 1038 2940
13370 4 2 0 1 838 2942 2940 631
13371 4 2 0 1 743 629 2576 990
13372 4 2 0 1 3813 409 3802 411
13373 4 2 0 1 419 3813 413 432
13374 4 2 0 1 406 417 807 418
13375 4 2 0 1 838 2942 631 761
13376 4 2 0 1 2719 2718 575 161
13377 4 2 0 1 838 2942 761 1038
13378 4 2 0 1 1156 2735 465 160
13379 4 2 0 1 3519 2906 165 2527
13380 4 2 0 1 3728 3730 3177 3724
13381 4 2 0 1 2760 2078 2193 3315
13382 4 2 0 1 1172 3490 2549 1026
13383 4 2 0 1 2631 485 334 553
13384 4 2 0 1 3787 881 2889 3819
13385 4 2 0 1 2675 3585 2664 2676
13386 4 2 0 1 1142 859 2550 1056
13387 4 2 0 1 3730 3724 3474 3176
13388 4 2 0 1 2569 2570 2567 2610
13389 4 2 0 1 126 2820 128 153
13390 4 2 0 1 1495 2147 2951 1958
13391 4 2 0 1 3222 3724 3474 3728
13392 4 2 0 1 17 2338 3367 1503
13393 4 2 0 1 1232 2535 2298 2624
13394 4 2 0 1 2743 2661 2741 2617
13395 4 2 0 1 2740 1058 455 2709
13396 4 2 0 1 2617 2740 455 2709
13397 4 2 0 1 3205 3474 3724 3176
13398 4 2 0 1 2398 2483 2538 2539
13399 4 2 0 1 228 2521 229 3517
13400 4 2 0 1 2483 2879 2864 466
13401 4 2 0 1 1030 3775 568 759
13402 4 2 0 1 466 2538 943 580
13403 4 2 0 1 267 2857 1119 1048
13404 4 2 0 1 477 2516 474 480
13405 4 2 0 1 2516 2493 2513 477
13406 4 2 0 1 2941 1043 28 1044
13407 4 2 0 1 617 2513 2603 616
13408 4 2 0 1 933 2941 630 1044
13409 4 2 0 1 2484 692 693 2728
13410 4 2 0 1 2516 2513 481 477
13411 4 2 0 1 3548 2453 3444 3222
13412 4 2 0 1 2539 2864 3577 2483
13413 4 2 0 1 546 2732 571 2992
13414 4 2 0 1 2495 2992 471 2737
13415 4 2 0 1 1030 2483 2484 467
13416 4 2 0 1 3480 3222 3444 2453
13417 4 2 0 1 1495 3650 2147 2357
13418 4 2 0 1 2864 2844 3576 2645
13419 4 2 0 1 247 2970 1060 561
13420 4 2 0 1 1157 258 3775 912
13421 4 2 0 1 409 3802 924 432
13422 4 2 0 1 2417 798 2589 2418
13423 4 2 0 1 2479 2638 2530 2818
13424 4 2 0 1 1172 3490 1026 706
13425 4 2 0 1 1026 2920 3490 2549
13426 4 2 0 1 3725 3724 3175 3223
13427 4 2 0 1 3801 364 366 3519
13428 4 2 0 1 2524 366 635 586
13429 4 2 0 1 2645 395 908 2816
13430 4 2 0 1 924 3802 409 512
13431 4 2 0 1 440 467 2864 466
13432 4 2 0 1 3300 3173 3301 3172
13433 4 2 0 1 562 2857 580 1119
13434 4 2 0 1 1076 771 1048 3525
13435 4 2 0 1 9 2293 8 2872
13436 4 2 0 1 3325 17 3004 3367
13437 4 2 0 1 485 2631 334 2677
13438 4 2 0 1 3639 1716 2187 1717
13439 4 2 0 1 1051 3822 827 524
13440 4 2 0 1 486 3782 3795 331
13441 4 2 0 1 3652 2964 2898 2960
13442 4 2 0 1 3396 2613 2632 2411
13443 4 2 0 1 2405 3009 2409 3395
13444 4 2 0 1 2699 2694 2695 2838
13445 4 2 0 1 3709 1641 3329 1899
13446 4 2 0 1 707 444 576 3824
13447 4 2 0 1 467 2482 583 440
13448 4 2 0 1 3819 2889 508 510
13449 4 2 0 1 3576 2864 2645 400
13450 4 2 0 1 2789 2594 2878 2595
13451 4 2 0 1 1754 2800 2156 2105
13452 4 2 0 1 2681 2684 2626 2685
13453 4 2 0 1 2688 2088 2702 1499
13454 4 2 0 1 2698 2697 2838 2695
13455 4 2 0 1 2688 2943 2686 2040
13456 4 2 0 1 2944 2681 2943 2942
13457 4 2 0 1 1813 1252 3244 2030
13458 4 2 0 1 2302 3363 1309 1514
13459 4 2 0 1 3361 3315 3256 3316
13460 4 2 0 1 2539 2645 2879 3527
13461 4 2 0 1 3346 1259 1261 2057
13462 4 2 0 1 515 3819 522 3798
13463 4 2 0 1 1312 1311 3144 1313
13464 4 2 0 1 881 3815 3819 3787
13465 4 2 0 1 1260 3725 2372 1258
13466 4 2 0 1 532 2780 2669 2671
13467 4 2 0 1 1899 3329 3709 3342
13468 4 2 0 1 3195 2039 1498 1770
13469 4 2 0 1 3195 2101 2039 1770
13470 4 2 0 1 2275 1975 3126 1888
13471 4 2 0 1 3203 1964 1308 1521
13472 4 2 0 1 3203 2059 1964 1521
13473 4 2 0 1 3316 3146 3147 3148
13474 4 2 0 1 2428 3033 3029 3668
13475 4 2 0 1 3138 1894 1928 2081
13476 4 2 0 1 1373 3079 2076 3091
13477 4 2 0 1 1322 3091 3341 3349
13478 4 2 0 1 3709 1627 1899 3342
13479 4 2 0 1 1322 3091 1323 1324
13480 4 2 0 1 1321 1322 3091 1323
13481 4 2 0 1 1893 3691 2101 1724
13482 4 2 0 1 2517 218 220 840
13483 4 2 0 1 3077 3709 1627 3274
13484 4 2 0 1 2631 2517 840 218
13485 4 2 0 1 3136 3363 3137 2262
13486 4 2 0 1 1005 2519 855 1049
13487 4 2 0 1 2908 3163 1756 3089
13488 4 2 0 1 3083 3079 3451 2149
13489 4 2 0 1 2388 2978 2261 1352
13490 4 2 0 1 3656 2776 2775 3658
13491 4 2 0 1 2977 3687 3075 2908
13492 4 2 0 1 3703 3216 3113 3112
13493 4 2 0 1 3571 2631 554 2630
13494 4 2 0 1 3732 2022 3243 2023
13495 4 2 0 1 2631 553 554 2630
13496 4 2 0 1 988 757 756 3571
13497 4 2 0 1 3559 45 1845 1236
13498 4 2 0 1 2216 1941 3732 1360
13499 4 2 0 1 2428 3029 3033 3028
13500 4 2 0 1 3571 757 756 554
13501 4 2 0 1 3684 1349 1353 1348
13502 4 2 0 1 3686 1336 1338 3688
13503 4 2 0 1 1047 3571 80 756
13504 4 2 0 1 1343 3017 1344 1345
13505 4 2 0 1 3319 3241 3092 3691
13506 4 2 0 1 3092 3241 2454 3242
13507 4 2 0 1 666 3605 664 3556
13508 4 2 0 1 2200 3733 3734 1396
13509 4 2 0 1 3109 1692 1481 1397
13510 4 2 0 1 1961 2003 2185 3700
13511 4 2 0 1 1214 3824 443 733
13512 4 2 0 1 3559 45 1236 2886
13513 4 2 0 1 2385 2218 3019 1346
13514 4 2 0 1 2974 2972 2979 2971
13515 4 2 0 1 3169 3170 3251 3252
13516 4 2 0 1 1974 3640 3642 1933
13517 4 2 0 1 1402 1403 3322 1404
13518 4 2 0 1 2973 3262 2979 2971
13519 4 2 0 1 2517 2677 2631 2833
13520 4 2 0 1 1892 3181 2278 1965
13521 4 2 0 1 3182 2278 2337 1892
13522 4 2 0 1 918 1008 2634 598
13523 4 2 0 1 1860 1807 3059 1808
13524 4 2 0 1 3679 3128 3680 3254
13525 4 2 0 1 3041 3039 3034 3050
13526 4 2 0 1 3181 1534 1533 1532
13527 4 2 0 1 3042 2867 3588 3049
13528 4 2 0 1 3001 801 1192 314
13529 4 2 0 1 1917 2203 3295 3106
13530 4 2 0 1 3001 699 1053 700
13531 4 2 0 1 3215 2173 1945 1944
13532 4 2 0 1 1440 1442 1441 3796
13533 4 2 0 1 3742 3160 2116 3159
13534 4 2 0 1 1443 1444 1441 3817
13535 4 2 0 1 621 619 620 3554
13536 4 2 0 1 3229 1470 1471 1472
13537 4 2 0 1 2731 3526 2398 2854
13538 4 2 0 1 621 2519 3554 620
13539 4 2 0 1 3253 3272 3269 2966
13540 4 2 0 1 1461 3837 3159 3158
13541 4 2 0 1 3181 1534 1532 3278
13542 4 2 0 1 34 1421 3338 2687
13543 4 2 0 1 3568 2968 3016 3504
13544 4 2 0 1 3318 3172 3301 3251
13545 4 2 0 1 2014 3059 1860 1807
13546 4 2 0 1 2985 3408 2707 2705
13547 4 2 0 1 188 1093 2566 1201
13548 4 2 0 1 819 3403 1093 3404
13549 4 2 0 1 3629 2952 2822 2953
13550 4 2 0 1 2416 1093 3404 2417
13551 4 2 0 1 2707 2705 75 2985
13552 4 2 0 1 2989 2707 75 2985
13553 4 2 0 1 3629 2952 2953 2301
13554 4 2 0 1 21 854 22 3016
13555 4 2 0 1 83 889 3002 25
13556 4 2 0 1 2481 3582 2994 2662
13557 4 2 0 1 2480 3582 2994 2481
13558 4 2 0 1 2821 1887 3629 2953
13559 4 2 0 1 1850 2386 3354 1848
13560 4 2 0 1 2888 3582 2662 2994
13561 4 2 0 1 2888 2480 2994 2937
13562 4 2 0 1 3582 2480 2994 2888
13563 4 2 0 1 1079 2936 2552 697
13564 4 2 0 1 1832 1708 3275 1709
13565 4 2 0 1 1055 1079 2552 697
13566 4 2 0 1 3325 3625 3004 2809
13567 4 2 0 1 3306 1728 2053 1951
13568 4 2 0 1 972 3824 1018 708
13569 4 2 0 1 1916 2319 1832 3306
13570 4 2 0 1 3075 3070 2911 3073
13571 4 2 0 1 1535 1356 3310 3292
13572 4 2 0 1 3216 3685 3019 3225
13573 4 2 0 1 2912 921 3627 3004
13574 4 2 0 1 3328 1795 3336 3315
13575 4 2 0 1 2243 1732 3370 1243
13576 4 2 0 1 2912 921 3004 2675
13577 4 2 0 1 2912 921 2675 2628
13578 4 2 0 1 1092 930 3501 656
13579 4 2 0 1 3156 2373 2198 1636
13580 4 2 0 1 2912 921 2628 3627
13581 4 2 0 1 2934 3524 2532 2533
13582 4 2 0 1 3277 3257 3146 3141
13583 4 2 0 1 3090 1600 1581 1583
13584 4 2 0 1 1115 3809 654 730
13585 4 2 0 1 2854 3526 2398 2537
13586 4 2 0 1 2165 1990 2082 3191
13587 4 2 0 1 2680 3491 741 118
13588 4 2 0 1 1036 3819 660 661
13589 4 2 0 1 121 2639 118 3491
13590 4 2 0 1 121 120 118 2639
13591 4 2 0 1 1978 3171 1979 2342
13592 4 2 0 1 1887 2953 1236 1982
13593 4 2 0 1 2569 2820 2476 3601
13594 4 2 0 1 2558 2782 2556 2670
13595 4 2 0 1 1636 3166 3165 3156
13596 4 2 0 1 3166 3156 2373 2882
13597 4 2 0 1 117 2680 2476 741
13598 4 2 0 1 2639 114 118 2680
13599 4 2 0 1 2955 3430 2822 2963
13600 4 2 0 1 3252 1810 1947 2325
13601 4 2 0 1 897 611 2990 1071
13602 4 2 0 1 1979 3171 2126 2342
13603 4 2 0 1 611 2969 2990 1071
13604 4 2 0 1 2556 2782 2558 2856
13605 4 2 0 1 3454 2810 2925 2494
13606 4 2 0 1 3706 1585 2138 2087
13607 4 2 0 1 1604 1618 1619 3737
13608 4 2 0 1 1586 3076 3706 1594
13609 4 2 0 1 3737 1597 1596 1598
13610 4 2 0 1 3192 3131 3198 3191
13611 4 2 0 1 1663 2759 3339 1664
13612 4 2 0 1 3316 3336 3148 3147
13613 4 2 0 1 593 897 2990 1071
13614 4 2 0 1 3277 3257 3457 3146
13615 4 2 0 1 3157 1680 3153 3250
13616 4 2 0 1 2070 3745 3250 1680
13617 4 2 0 1 3157 1681 1678 2253
13618 4 2 0 1 3157 1681 2253 3153
13619 4 2 0 1 205 3779 797 856
13620 4 2 0 1 1233 3797 2230 2120
13621 4 2 0 1 3332 3662 2502 3475
13622 4 2 0 1 3769 3620 1984 1985
13623 4 2 0 1 3811 2967 93 96
13624 4 2 0 1 890 3779 856 992
13625 4 2 0 1 1704 3306 2046 1701
13626 4 2 0 1 3559 3462 1236 2821
13627 4 2 0 1 3353 2223 1699 1697
13628 4 2 0 1 3771 1706 1703 1705
13629 4 2 0 1 1043 2683 933 2941
13630 4 2 0 1 1698 3770 3353 1700
13631 4 2 0 1 405 2862 437 1206
13632 4 2 0 1 2568 2609 2402 3560
13633 4 2 0 1 2568 2402 2609 2578
13634 4 2 0 1 3691 1722 1724 1372
13635 4 2 0 1 3091 2081 1372 3691
13636 4 2 0 1 3291 3098 3314 3269
13637 4 2 0 1 3495 2714 2991 2542
13638 4 2 0 1 3067 3081 2436 3279
13639 4 2 0 1 3080 3079 3092 3091
13640 4 2 0 1 2886 3558 3461 3559
13641 4 2 0 1 3015 2542 3012 3014
13642 4 2 0 1 3011 2542 3495 3014
13643 4 2 0 1 1083 1132 657 2863
13644 4 2 0 1 2796 2823 2897 3629
13645 4 2 0 1 3510 855 310 1005
13646 4 2 0 1 1825 1971 3672 2241
13647 4 2 0 1 2592 3038 3294 3024
13648 4 2 0 1 3673 3357 3054 3674
13649 4 2 0 1 2333 3272 2033 3160
13650 4 2 0 1 3038 2592 3036 3024
13651 4 2 0 1 1763 3738 1760 1764
13652 4 2 0 1 3289 3567 2682 2686
13653 4 2 0 1 3094 3692 1298 2208
13654 4 2 0 1 1776 3079 1723 1777
13655 4 2 0 1 405 402 404 2661
13656 4 2 0 1 2593 3719 3154 3246
13657 4 2 0 1 405 2661 404 407
13658 4 2 0 1 406 417 418 420
13659 4 2 0 1 972 3828 807 417
13660 4 2 0 1 3527 3526 2573 3374
13661 4 2 0 1 2399 2744 2745 3380
13662 4 2 0 1 3293 1340 1339 1341
13663 4 2 0 1 3045 2898 2933 3051
13664 4 2 0 1 2144 2205 1906 2796
13665 4 2 0 1 2932 1803 1800 3589
13666 4 2 0 1 420 3807 417 422
13667 4 2 0 1 3559 1236 3462 2886
13668 4 2 0 1 1431 2282 2109 2704
13669 4 2 0 1 3642 1974 1748 2796
13670 4 2 0 1 1974 2205 1748 2796
13671 4 2 0 1 3837 1479 1463 2360
13672 4 2 0 1 3231 1810 2181 2099
13673 4 2 0 1 1826 3171 1655 1827
13674 4 2 0 1 3128 2374 1896 2151
13675 4 2 0 1 420 3807 422 3824
13676 4 2 0 1 406 417 420 972
13677 4 2 0 1 3678 1484 1515 1485
13678 4 2 0 1 817 3403 818 645
13679 4 2 0 1 3128 2048 2266 1283
13680 4 2 0 1 819 3403 818 817
13681 4 2 0 1 1910 3679 1896 3062
13682 4 2 0 1 2327 3306 2319 1704
13683 4 2 0 1 2366 1366 3317 2071
13684 4 2 0 1 1366 3306 3317 2071
13685 4 2 0 1 1932 3745 2070 2309
13686 4 2 0 1 3746 2047 3352 3247
13687 4 2 0 1 1679 3157 1680 1678
13688 4 2 0 1 2175 3462 1236 2886
13689 4 2 0 1 2469 1198 2852 695
13690 4 2 0 1 1645 3595 1649 1646
13691 4 2 0 1 760 2574 2608 2643
13692 4 2 0 1 2592 3022 3023 3662
13693 4 2 0 1 2600 996 676 677
13694 4 2 0 1 677 2600 623 676
13695 4 2 0 1 2742 2429 2618 2887
13696 4 2 0 1 2505 2504 2700 2506
13697 4 2 0 1 1127 3610 84 52
13698 4 2 0 1 3420 3652 3415 2960
13699 4 2 0 1 2821 2795 3629 3359
13700 4 2 0 1 760 2574 2643 2935
13701 4 2 0 1 1636 3166 3156 2373
13702 4 2 0 1 1568 1897 3720 1815
13703 4 2 0 1 1636 3166 2373 1553
13704 4 2 0 1 2643 2547 2935 2574
13705 4 2 0 1 2897 3629 2795 3359
13706 4 2 0 1 2935 2547 2643 809
13707 4 2 0 1 3591 3589 3040 2932
13708 4 2 0 1 3591 3040 3589 2697
13709 4 2 0 1 1633 3053 3058 3054
13710 4 2 0 1 1274 1275 3358 1276
13711 4 2 0 1 1376 2140 3281 2306
13712 4 2 0 1 2933 3040 3591 3414
13713 4 2 0 1 1637 3053 3672 3245
13714 4 2 0 1 3745 2348 3204 1932
13715 4 2 0 1 1941 2216 3732 1942
13716 4 2 0 1 2073 3028 3020 3044
13717 4 2 0 1 1077 2534 2532 2914
13718 4 2 0 1 2532 3524 2534 3522
13719 4 2 0 1 3111 3276 3095 3114
13720 4 2 0 1 3293 3686 2978 1339
13721 4 2 0 1 3356 1557 1559 1558
13722 4 2 0 1 2605 3754 3482 2753
13723 4 2 0 1 2190 2968 1730 2191
13724 4 2 0 1 24 2682 1502 2298
13725 4 2 0 1 3567 2626 3568 2624
13726 4 2 0 1 938 683 2683 1097
13727 4 2 0 1 2073 1428 3044 2242
13728 4 2 0 1 2073 3028 3044 1428
13729 4 2 0 1 3524 2914 2627 3016
13730 4 2 0 1 2353 3357 3358 3674
13731 4 2 0 1 3203 1912 1779 3726
13732 4 2 0 1 2914 3524 2627 2534
13733 4 2 0 1 2154 3125 1268 1271
13734 4 2 0 1 2059 3203 1975 1521
13735 4 2 0 1 603 2711 73 884
13736 4 2 0 1 2711 886 73 884
13737 4 2 0 1 2711 885 886 884
13738 4 2 0 1 1428 2242 3029 3044
13739 4 2 0 1 3028 1428 3029 3044
13740 4 2 0 1 1875 2063 3126 1888
13741 4 2 0 1 3276 3185 3095 2173
13742 4 2 0 1 3032 3159 3214 3252
13743 4 2 0 1 3095 2689 3111 3114
13744 4 2 0 1 3111 2689 3095 3185
13745 4 2 0 1 3109 1693 3731 1481
13746 4 2 0 1 672 896 2904 895
13747 4 2 0 1 1360 3792 2216 2215
13748 4 2 0 1 215 896 3586 2904
13749 4 2 0 1 3541 929 3384 3604
13750 4 2 0 1 668 3384 929 3604
13751 4 2 0 1 2660 2653 3541 2572
13752 4 2 0 1 3633 2025 1575 1606
13753 4 2 0 1 2983 1152 811 1041
13754 4 2 0 1 604 920 2415 888
13755 4 2 0 1 2783 604 906 3794
13756 4 2 0 1 1043 2683 163 933
13757 4 2 0 1 3289 3567 3565 2682
13758 4 2 0 1 3214 3252 2061 3741
13759 4 2 0 1 3096 2168 1433 1408
13760 4 2 0 1 2414 2656 3519 2527
13761 4 2 0 1 3052 1282 3681 3675
13762 4 2 0 1 969 3788 2895 2590
13763 4 2 0 1 2590 3788 917 313
13764 4 2 0 1 1310 2058 3144 1521
13765 4 2 0 1 2414 3519 2656 2525
13766 4 2 0 1 3392 2921 2819 3646
13767 4 2 0 1 3690 1781 2332 1327
13768 4 2 0 1 2750 2312 1767 2072
13769 4 2 0 1 3137 3142 3136 3147
13770 4 2 0 1 2963 2964 3652 3653
13771 4 2 0 1 3148 3209 3211 3341
13772 4 2 0 1 3061 1860 2052 1480
13773 4 2 0 1 547 2562 883 2565
13774 4 2 0 1 3681 3062 3301 3063
13775 4 2 0 1 1472 3061 2054 1473
13776 4 2 0 1 2565 181 547 183
13777 4 2 0 1 1277 1275 3055 3676
13778 4 2 0 1 1282 1281 3675 1279
13779 4 2 0 1 3715 3162 3241 3143
13780 4 2 0 1 2040 2944 32 2104
13781 4 2 0 1 336 487 3404 939
13782 4 2 0 1 3122 3722 3027 3117
13783 4 2 0 1 1589 3196 3197 3746
13784 4 2 0 1 1960 3706 2274 2138
13785 4 2 0 1 2991 1091 265 259
13786 4 2 0 1 3371 2756 3530 2831
13787 4 2 0 1 2627 2666 3504 2664
13788 4 2 0 1 2590 312 954 2811
13789 4 2 0 1 798 350 2811 954
13790 4 2 0 1 1422 3671 2207 3050
13791 4 2 0 1 1415 3671 3104 1416
13792 4 2 0 1 2947 3752 2502 2501
13793 4 2 0 1 1490 3796 2107 1488
13794 4 2 0 1 2589 355 954 2590
13795 4 2 0 1 1442 2283 3776 1440
13796 4 2 0 1 2666 2664 3523 2468
13797 4 2 0 1 2702 1907 3595 2074
13798 4 2 0 1 647 1112 983 2412
13799 4 2 0 1 2539 3612 2850 3450
13800 4 2 0 1 1128 1010 88 2940
13801 4 2 0 1 1205 739 983 2412
13802 4 2 0 1 2699 2786 2700 2841
13803 4 2 0 1 3281 1873 3177 2877
13804 4 2 0 1 1255 1252 1254 3244
13805 4 2 0 1 2800 3458 3220 3281
13806 4 2 0 1 228 2521 230 229
13807 4 2 0 1 1225 3339 2225 1846
13808 4 2 0 1 3597 2757 2839 2511
13809 4 2 0 1 1806 3057 1807 1808
13810 4 2 0 1 2257 3125 1304 2320
13811 4 2 0 1 3597 2757 2511 1186
13812 4 2 0 1 3717 3138 3162 1504
13813 4 2 0 1 3597 2757 1186 994
13814 4 2 0 1 3072 1336 2130 1334
13815 4 2 0 1 1337 3075 3686 3687
13816 4 2 0 1 2515 715 1005 847
13817 4 2 0 1 1461 3837 2360 1947
13818 4 2 0 1 3619 3657 3659 2774
13819 4 2 0 1 622 2519 1049 785
13820 4 2 0 1 1491 1524 3275 1708
13821 4 2 0 1 2356 3275 1916 2036
13822 4 2 0 1 3510 2515 1005 847
13823 4 2 0 1 2116 3793 3655 1852
13824 4 2 0 1 3160 1453 1448 3793
13825 4 2 0 1 1842 3708 2106 2222
13826 4 2 0 1 2202 3696 1851 2096
13827 4 2 0 1 310 3510 1005 847
13828 4 2 0 1 3073 3085 3089 3689
13829 4 2 0 1 3304 3088 3089 3074
13830 4 2 0 1 3714 1859 3283 3312
13831 4 2 0 1 1225 2225 3339 2651
13832 4 2 0 1 1582 3234 1584 1580
13833 4 2 0 1 3234 1586 2100 1656
13834 4 2 0 1 2760 2225 3339 1846
13835 4 2 0 1 2752 2551 2550 2474
13836 4 2 0 1 1314 3138 1315 1313
13837 4 2 0 1 3778 42 41 2704
13838 4 2 0 1 2760 3339 2225 2651
13839 4 2 0 1 936 49 2456 101
13840 4 2 0 1 2752 2551 2474 2767
13841 4 2 0 1 526 793 525 354
13842 4 2 0 1 3610 2803 3611 3643
13843 4 2 0 1 537 3534 329 525
13844 4 2 0 1 3082 3069 3084 3065
13845 4 2 0 1 228 2521 281 230
13846 4 2 0 1 1820 2195 3082 3692
13847 4 2 0 1 838 1113 88 2940
13848 4 2 0 1 1733 1971 3357 2390
13849 4 2 0 1 2195 1820 3082 3065
13850 4 2 0 1 3202 3724 3176 3205
13851 4 2 0 1 3057 1633 3058 3054
13852 4 2 0 1 1777 3082 3093 3692
13853 4 2 0 1 1777 3082 3692 1820
13854 4 2 0 1 1777 3082 1820 3079
13855 4 2 0 1 2195 3084 3082 3692
13856 4 2 0 1 97 452 451 2967
13857 4 2 0 1 3065 1880 2108 2034
13858 4 2 0 1 2330 2877 1715 1749
13859 4 2 0 1 2195 3065 3082 3084
13860 4 2 0 1 2752 2550 3489 2474
13861 4 2 0 1 2762 1754 2800 2249
13862 4 2 0 1 2284 1439 1940 3106
13863 4 2 0 1 3092 1722 1723 3093
13864 4 2 0 1 757 3571 855 554
13865 4 2 0 1 3571 2631 855 554
13866 4 2 0 1 3141 3423 3438 3337
13867 4 2 0 1 1476 2363 3230 1477
13868 4 2 0 1 3691 1722 3092 3093
13869 4 2 0 1 1777 3082 3079 3093
13870 4 2 0 1 3079 3092 3093 3082
13871 4 2 0 1 1861 1777 3093 3692
13872 4 2 0 1 3179 3194 1295 1294
13873 4 2 0 1 93 3644 54 579
13874 4 2 0 1 3348 1865 1866 3619
13875 4 2 0 1 3775 2643 2970 264
13876 4 2 0 1 1237 3348 3644 3620
13877 4 2 0 1 3775 2484 264 727
13878 4 2 0 1 333 2969 752 1071
13879 4 2 0 1 2978 2162 2774 3619
13880 4 2 0 1 2235 3232 2211 3682
13881 4 2 0 1 3611 3610 3643 3644
13882 4 2 0 1 3610 3608 579 3644
13883 4 2 0 1 333 2969 1071 2990
13884 4 2 0 1 3194 3094 3179 1295
13885 4 2 0 1 246 2969 1130 752
13886 4 2 0 1 3306 2071 2288 1951
13887 4 2 0 1 2969 752 1071 1130
13888 4 2 0 1 1550 3166 3626 1552
13889 4 2 0 1 1777 1861 3093 1723
13890 4 2 0 1 2675 2912 2809 3004
13891 4 2 0 1 2805 1550 2012 2324
13892 4 2 0 1 1194 2628 2675 921
13893 4 2 0 1 3213 3163 3218 2434
13894 4 2 0 1 3277 2452 3423 3337
13895 4 2 0 1 1858 1952 1880 3065
13896 4 2 0 1 1722 3691 2101 2039
13897 4 2 0 1 3079 1777 3093 1723
13898 4 2 0 1 1462 1720 2281 3158
13899 4 2 0 1 2925 2810 2798 2447
13900 4 2 0 1 3433 3047 2896 3103
13901 4 2 0 1 1947 1810 3252 3837
13902 4 2 0 1 487 819 1093 3404
13903 4 2 0 1 2417 487 1093 3404
13904 4 2 0 1 3670 3045 2896 3103
13905 4 2 0 1 3047 3670 2896 3103
13906 4 2 0 1 740 845 2913 1104
13907 4 2 0 1 1047 3571 756 2630
13908 4 2 0 1 2323 3369 14 1844
13909 4 2 0 1 845 652 2913 1104
13910 4 2 0 1 1549 3369 2882 2287
13911 4 2 0 1 1876 3156 2881 2882
13912 4 2 0 1 2982 2783 3400 2415
13913 4 2 0 1 398 2645 908 2879
13914 4 2 0 1 2816 2901 3539 393
13915 4 2 0 1 3075 3070 3073 3072
13916 4 2 0 1 937 454 392 2901
13917 4 2 0 1 3557 2745 2659 3384
13918 4 2 0 1 3396 3493 3572 2611
13919 4 2 0 1 2615 2429 2618 2619
13920 4 2 0 1 3075 3073 2911 2977
13921 4 2 0 1 3400 3399 3401 2397
13922 4 2 0 1 511 3819 510 513
13923 4 2 0 1 3702 3703 3705 3704
13924 4 2 0 1 475 666 3556 2528
13925 4 2 0 1 2446 2961 2821 3418
13926 4 2 0 1 3759 2995 2745 3419
13927 4 2 0 1 2925 2810 2447 3000
13928 4 2 0 1 2417 2589 2811 2902
13929 4 2 0 1 3151 3066 3069 3150
13930 4 2 0 1 254 2969 253 3006
13931 4 2 0 1 3079 3083 3451 2436
13932 4 2 0 1 3082 1857 3079 3083
13933 4 2 0 1 1820 2195 1858 3065
13934 4 2 0 1 3082 1857 3083 3065
13935 4 2 0 1 3695 3323 3099 3187
13936 4 2 0 1 3066 3069 3150 3184
13937 4 2 0 1 2447 3467 2837 3464
13938 4 2 0 1 1157 249 2970 1196
13939 4 2 0 1 633 2723 2634 2550
13940 4 2 0 1 2754 2830 2840 2605
13941 4 2 0 1 2810 3405 2987 3378
13942 4 2 0 1 310 2517 220 840
13943 4 2 0 1 2580 2463 2904 3543
13944 4 2 0 1 2523 2637 2459 2458
13945 4 2 0 1 3279 3082 3092 2436
13946 4 2 0 1 2634 1064 1008 192
13947 4 2 0 1 3279 3092 3082 3319
13948 4 2 0 1 3431 3290 3066 3067
13949 4 2 0 1 2685 2684 2503 2944
13950 4 2 0 1 2503 3508 2504 2784
13951 4 2 0 1 2500 2912 2826 2809
13952 4 2 0 1 3005 2946 2945 3630
13953 4 2 0 1 3702 3705 3703 3113
13954 4 2 0 1 2991 3006 259 260
13955 4 2 0 1 2652 332 857 2716
13956 4 2 0 1 2929 3503 2649 2651
13957 4 2 0 1 2404 3389 2819 2478
13958 4 2 0 1 3427 3429 3344 2426
13959 4 2 0 1 2512 3454 2513 2516
13960 4 2 0 1 943 2536 2538 2816
13961 4 2 0 1 449 765 2583 766
13962 4 2 0 1 2493 2900 2439 2495
13963 4 2 0 1 3344 2426 3429 3434
13964 4 2 0 1 2931 3503 2930 2924
13965 4 2 0 1 3415 3429 2426 3434
13966 4 2 0 1 2657 3400 3401 2397
13967 4 2 0 1 2488 82 1126 930
13968 4 2 0 1 3555 3617 2999 2764
13969 4 2 0 1 3500 2892 2894 3447
13970 4 2 0 1 2929 3503 2650 2649
13971 4 2 0 1 3194 3094 1295 1498
13972 4 2 0 1 3514 2922 2787 2516
13973 4 2 0 1 870 474 2737 2516
13974 4 2 0 1 870 754 2737 2992
13975 4 2 0 1 754 753 2992 571
13976 4 2 0 1 2488 1092 82 930
13977 4 2 0 1 2579 671 673 841
13978 4 2 0 1 2579 673 671 2580
13979 4 2 0 1 2900 2842 2738 2739
13980 4 2 0 1 225 1121 2523 294
13981 4 2 0 1 1072 143 2549 145
13982 4 2 0 1 2557 2657 2413 2525
13983 4 2 0 1 2657 2831 2756 2526
13984 4 2 0 1 3387 3389 2554 3646
13985 4 2 0 1 3263 3050 3741 3671
13986 4 2 0 1 3577 2398 2729 2575
13987 4 2 0 1 1094 937 2393 726
13988 4 2 0 1 1076 3525 1048 580
13989 4 2 0 1 160 2720 2735 162
13990 4 2 0 1 2539 2398 3526 2538
13991 4 2 0 1 3401 2413 2657 2525
13992 4 2 0 1 3006 1180 261 2935
13993 4 2 0 1 2605 3754 2753 3382
13994 4 2 0 1 2542 3015 3012 2540
13995 4 2 0 1 3512 2846 3398 2725
13996 4 2 0 1 3012 3529 3015 1032
13997 4 2 0 1 3375 2653 2756 2393
13998 4 2 0 1 1120 760 809 2935
13999 4 2 0 1 164 2527 162 165
14000 4 2 0 1 3382 2605 2440 2753
14001 4 2 0 1 687 922 587 3401
14002 4 2 0 1 2671 587 2413 3399
14003 4 2 0 1 3536 931 197 1200
14004 4 2 0 1 185 2566 186 187
14005 4 2 0 1 2565 2410 179 2564
14006 4 2 0 1 2561 2834 2797 3533
14007 4 2 0 1 3388 2797 2400 2834
14008 4 2 0 1 2502 3752 2947 3594
14009 4 2 0 1 3537 3403 3402 2416
14010 4 2 0 1 2834 2781 2562 2400
14011 4 2 0 1 3533 743 1034 577
14012 4 2 0 1 2834 2550 2781 2551
14013 4 2 0 1 743 529 532 2576
14014 4 2 0 1 3514 2516 2737 2900
14015 4 2 0 1 2494 2900 3379 2439
14016 4 2 0 1 754 2992 1122 571
14017 4 2 0 1 2844 2430 3450 2845
14018 4 2 0 1 441 3603 546 2899
14019 4 2 0 1 1714 2348 3250 2070
14020 4 2 0 1 3364 1551 1550 1549
14021 4 2 0 1 3176 3246 3250 3204
14022 4 2 0 1 3055 3673 1280 3063
14023 4 2 0 1 3294 3476 3477 3441
14024 4 2 0 1 1549 3364 2882 3369
14025 4 2 0 1 3284 2591 3637 2878
14026 4 2 0 1 3498 3503 2650 2891
14027 4 2 0 1 3464 2447 2855 2810
14028 4 2 0 1 3465 2501 3332 2841
14029 4 2 0 1 2583 428 449 431
14030 4 2 0 1 2698 3593 2696 3594
14031 4 2 0 1 2539 2844 2645 3612
14032 4 2 0 1 2488 930 765 3501
14033 4 2 0 1 2843 2741 2584 2844
14034 4 2 0 1 65 3607 2976 3340
14035 4 2 0 1 3465 3332 2790 3411
14036 4 2 0 1 764 1138 641 2709
14037 4 2 0 1 2688 2696 1671 2702
14038 4 2 0 1 3235 2827 3632 2623
14039 4 2 0 1 3090 3237 3235 2893
14040 4 2 0 1 3465 2501 2841 2946
14041 4 2 0 1 2830 3382 2440 3385
14042 4 2 0 1 1402 3733 3185 3322
14043 4 2 0 1 2945 2663 2626 2835
14044 4 2 0 1 152 149 1137 2469
14045 4 2 0 1 1109 893 959 2635
14046 4 2 0 1 2944 1038 32 72
14047 4 2 0 1 613 2621 612 500
14048 4 2 0 1 225 3517 226 227
14049 4 2 0 1 3185 1402 1992 1400
14050 4 2 0 1 3447 2894 2845 2430
14051 4 2 0 1 2645 3539 2816 2572
14052 4 2 0 1 2740 3576 2584 2741
14053 4 2 0 1 1402 3733 3322 1401
14054 4 2 0 1 849 1186 994 3597
14055 4 2 0 1 956 3461 665 957
14056 4 2 0 1 2071 3276 2007 3275
14057 4 2 0 1 3317 2071 2007 2366
14058 4 2 0 1 3086 3268 3267 3088
14059 4 2 0 1 2555 2414 2735 2470
14060 4 2 0 1 3162 3302 3712 3130
14061 4 2 0 1 600 1039 2664 732
14062 4 2 0 1 746 1101 74 3016
14063 4 2 0 1 1039 2809 2664 2627
14064 4 2 0 1 3504 3524 2627 3016
14065 4 2 0 1 2758 567 896 210
14066 4 2 0 1 2758 567 210 208
14067 4 2 0 1 873 2665 1039 591
14068 4 2 0 1 2664 2468 3005 3585
14069 4 2 0 1 2944 1038 72 2942
14070 4 2 0 1 3713 3712 3302 3130
14071 4 2 0 1 3585 3511 2833 2517
14072 4 2 0 1 215 214 216 3586
14073 4 2 0 1 2468 2849 3523 2666
14074 4 2 0 1 3465 2501 2946 3471
14075 4 2 0 1 3524 2663 2626 3568
14076 4 2 0 1 3002 2626 2533 2681
14077 4 2 0 1 2945 2501 2947 3630
14078 4 2 0 1 1882 2088 2686 1238
14079 4 2 0 1 2694 2421 2708 2836
14080 4 2 0 1 2986 2718 2505 2840
14081 4 2 0 1 2959 3296 3299 2933
14082 4 2 0 1 2986 2718 2840 2461
14083 4 2 0 1 2989 823 575 2984
14084 4 2 0 1 3592 2986 2505 2840
14085 4 2 0 1 154 1148 151 2469
14086 4 2 0 1 511 518 3803 517
14087 4 2 0 1 2705 39 2704 978
14088 4 2 0 1 2705 39 978 38
14089 4 2 0 1 511 518 3815 3803
14090 4 2 0 1 511 513 517 3803
14091 4 2 0 1 104 42 1016 2707
14092 4 2 0 1 3819 511 3803 513
14093 4 2 0 1 3695 2689 3323 3187
14094 4 2 0 1 2464 3521 2717 3483
14095 4 2 0 1 2636 2737 2787 2521
14096 4 2 0 1 236 237 238 2529
14097 4 2 0 1 237 2730 238 2529
14098 4 2 0 1 328 2523 2459 2579
14099 4 2 0 1 3430 2898 2823 2822
14100 4 2 0 1 1066 2579 2459 2578
14101 4 2 0 1 2998 3602 2725 3398
14102 4 2 0 1 2734 2874 2591 2878
14103 4 2 0 1 2981 9 2872 2917
14104 4 2 0 1 6 2599 3550 2597
14105 4 2 0 1 1721 3639 1223 2187
14106 4 2 0 1 2874 3549 2449 2450
14107 4 2 0 1 2595 1047 3571 80
14108 4 2 0 1 2981 10 2917 11
14109 4 2 0 1 1721 2872 1231 2917
14110 4 2 0 1 2654 377 381 905
14111 4 2 0 1 2658 3376 3384 2653
14112 4 2 0 1 3605 666 3557 3556
14113 4 2 0 1 3755 2607 2606 2996
14114 4 2 0 1 3801 165 2906 363
14115 4 2 0 1 2989 837 2829 2719
14116 4 2 0 1 2505 2718 2984 2985
14117 4 2 0 1 2754 2829 2719 2985
14118 4 2 0 1 2746 3447 2744 2755
14119 4 2 0 1 837 1134 2829 1212
14120 4 2 0 1 2754 2829 2985 2707
14121 4 2 0 1 2715 2574 2713 3598
14122 4 2 0 1 85 2999 2 1070
14123 4 2 0 1 2599 650 2764 3320
14124 4 2 0 1 2929 3615 2761 2760
14125 4 2 0 1 2744 3447 3446 2586
14126 4 2 0 1 3579 2491 2930 3503
14127 4 2 0 1 2925 2497 3455 2441
14128 4 2 0 1 1003 2493 477 2513
14129 4 2 0 1 2603 3555 2764 650
14130 4 2 0 1 3584 288 2668 3583
14131 4 2 0 1 3585 3511 2517 2724
14132 4 2 0 1 2654 3401 2397 2657
14133 4 2 0 1 2421 3592 2505 2840
14134 4 2 0 1 3388 2797 2782 2851
14135 4 2 0 1 2395 2419 2589 2587
14136 4 2 0 1 3282 3698 3699 3108
14137 4 2 0 1 2780 3536 2576 2560
14138 4 2 0 1 3697 3698 3282 3111
14139 4 2 0 1 1093 2418 2417 2416
14140 4 2 0 1 2715 2574 2733 2713
14141 4 2 0 1 2618 3499 2894 2615
14142 4 2 0 1 2894 3499 2618 2892
14143 4 2 0 1 3069 3150 3110 3226
14144 4 2 0 1 3178 2183 1365 1364
14145 4 2 0 1 3178 1365 3317 3697
14146 4 2 0 1 3385 3463 3000 3469
14147 4 2 0 1 3514 3481 2812 2460
14148 4 2 0 1 3760 3467 3464 2837
14149 4 2 0 1 2448 2810 2518 3513
14150 4 2 0 1 837 164 2906 2527
14151 4 2 0 1 2906 3520 663 3599
14152 4 2 0 1 2995 3557 2847 3605
14153 4 2 0 1 2830 3556 3557 2605
14154 4 2 0 1 3741 3050 3263 3251
14155 4 2 0 1 91 3582 2577 2967
14156 4 2 0 1 2833 2518 3510 3511
14157 4 2 0 1 2862 1011 1132 1012
14158 4 2 0 1 2582 2614 3499 3501
14159 4 2 0 1 779 3597 2510 849
14160 4 2 0 1 3420 3415 3652 2426
14161 4 2 0 1 994 2751 781 670
14162 4 2 0 1 3219 3103 2964 3045
14163 4 2 0 1 3530 2544 2831 2756
14164 4 2 0 1 2396 3530 2772 2831
14165 4 2 0 1 2588 2587 2401 2851
14166 4 2 0 1 2560 2416 2620 3537
14167 4 2 0 1 3552 2763 2598 3456
14168 4 2 0 1 3089 3193 3087 3088
14169 4 2 0 1 3564 2741 2839 2661
14170 4 2 0 1 397 2839 399 2903
14171 4 2 0 1 1854 3078 1805 3044
14172 4 2 0 1 3564 2741 2661 2617
14173 4 2 0 1 1805 3078 1854 1853
14174 4 2 0 1 3026 3118 3022 3025
14175 4 2 0 1 2615 3609 2803 2802
14176 4 2 0 1 3501 2582 2488 3499
14177 4 2 0 1 64 2748 3606 73
14178 4 2 0 1 3499 2976 2615 2618
14179 4 2 0 1 3607 2802 2749 3606
14180 4 2 0 1 3288 3188 3099 3187
14181 4 2 0 1 2483 467 466 2864
14182 4 2 0 1 3577 2398 2575 2539
14183 4 2 0 1 71 2279 2651 1
14184 4 2 0 1 3187 3288 3188 3152
14185 4 2 0 1 394 2901 393 3539
14186 4 2 0 1 2645 397 399 398
14187 4 2 0 1 3152 2958 3188 2956
14188 4 2 0 1 3371 2655 2773 3530
14189 4 2 0 1 805 2484 1169 1181
14190 4 2 0 1 692 2484 690 2643
14191 4 2 0 1 3594 2696 2947 2702
14192 4 2 0 1 264 689 690 2643
14193 4 2 0 1 44 2794 3559 3359
14194 4 2 0 1 3026 3022 3118 2701
14195 4 2 0 1 804 436 2646 1107
14196 4 2 0 1 2990 685 609 3800
14197 4 2 0 1 3725 3346 1260 1262
14198 4 2 0 1 1685 3250 1712 3729
14199 4 2 0 1 3558 2794 2847 3559
14200 4 2 0 1 2694 2697 2838 3591
14201 4 2 0 1 2836 2694 2838 2708
14202 4 2 0 1 3668 3031 3102 3030
14203 4 2 0 1 3242 2454 3716 3241
14204 4 2 0 1 254 2969 2990 252
14205 4 2 0 1 2879 3527 2538 2539
14206 4 2 0 1 254 2969 252 253
14207 4 2 0 1 2936 3532 2552 697
14208 4 2 0 1 2801 3449 2437 2438
14209 4 2 0 1 3427 3428 3421 2423
14210 4 2 0 1 2802 3606 3609 2749
14211 4 2 0 1 1110 2990 611 1074
14212 4 2 0 1 1110 611 2990 897
14213 4 2 0 1 2717 2715 2464 3483
14214 4 2 0 1 3398 2998 3602 2642
14215 4 2 0 1 2533 3524 2666 2626
14216 4 2 0 1 291 2416 3404 2902
14217 4 2 0 1 2884 318 961 578
14218 4 2 0 1 2264 1657 3162 1504
14219 4 2 0 1 2416 1004 291 3404
14220 4 2 0 1 2589 798 2811 954
14221 4 2 0 1 3238 3305 3298 3239
14222 4 2 0 1 2590 3765 3788 313
14223 4 2 0 1 2417 798 2418 909
14224 4 2 0 1 3403 3402 2416 3404
14225 4 2 0 1 3471 3366 2826 2806
14226 4 2 0 1 3471 3475 2502 3366
14227 4 2 0 1 3022 2701 3021 3594
14228 4 2 0 1 2786 2945 2503 2835
14229 4 2 0 1 2825 3628 2826 3630
14230 4 2 0 1 1891 2243 2318 3553
14231 4 2 0 1 1546 2649 71 2651
14232 4 2 0 1 406 3824 972 420
14233 4 2 0 1 2714 2715 2464 2717
14234 4 2 0 1 3652 2822 2898 2963
14235 4 2 0 1 2639 3575 2777 3574
14236 4 2 0 1 2578 2724 2725 3543
14237 4 2 0 1 955 2627 746 873
14238 4 2 0 1 2905 1084 172 737
14239 4 2 0 1 3651 3290 2952 2951
14240 4 2 0 1 3203 2868 3125 3676
14241 4 2 0 1 3542 3391 2459 2402
14242 4 2 0 1 2846 2468 2858 3585
14243 4 2 0 1 3824 3578 1214 2743
14244 4 2 0 1 1235 2954 2949 2370
14245 4 2 0 1 3251 3050 3263 2867
14246 4 2 0 1 2427 3416 3415 3437
14247 4 2 0 1 2454 3081 3279 3092
14248 4 2 0 1 3448 2926 3758 2432
14249 4 2 0 1 1235 3460 48 2457
14250 4 2 0 1 3293 3686 1339 1340
14251 4 2 0 1 2897 2959 2822 2898
14252 4 2 0 1 3652 2959 2960 2898
14253 4 2 0 1 2987 3381 3463 2810
14254 4 2 0 1 3652 2822 2959 2898
14255 4 2 0 1 2931 3503 2924 2490
14256 4 2 0 1 3496 489 306 2475
14257 4 2 0 1 489 970 2716 675
14258 4 2 0 1 2608 1150 2970 264
14259 4 2 0 1 1657 2264 3162 3302
14260 4 2 0 1 1982 1791 2953 2175
14261 4 2 0 1 2978 3293 1339 1351
14262 4 2 0 1 2821 1887 2953 1236
14263 4 2 0 1 2979 2977 2972 2433
14264 4 2 0 1 2434 2742 3422 3262
14265 4 2 0 1 2420 2795 2897 2959
14266 4 2 0 1 2174 3687 2978 2907
14267 4 2 0 1 3021 2701 3022 3026
14268 4 2 0 1 3360 1249 3333 1247
14269 4 2 0 1 2188 1249 3360 1247
14270 4 2 0 1 1245 3360 3333 1247
14271 4 2 0 1 2506 2503 2700 2507
14272 4 2 0 1 2988 2506 2984 2505
14273 4 2 0 1 435 3603 434 441
14274 4 2 0 1 2728 944 2643 692
14275 4 2 0 1 3532 2920 2552 146
14276 4 2 0 1 474 870 2737 471
14277 4 2 0 1 2900 2493 2516 2495
14278 4 2 0 1 2810 2812 3378 3381
14279 4 2 0 1 27 2941 2682 3002
14280 4 2 0 1 27 1043 2941 3002
14281 4 2 0 1 1245 2188 3360 1247
14282 4 2 0 1 1307 3363 1257 1306
14283 4 2 0 1 2681 3002 2941 2683
14284 4 2 0 1 2860 2941 631 630
14285 4 2 0 1 3522 3621 3623 2853
14286 4 2 0 1 3504 2663 2664 2666
14287 4 2 0 1 570 330 686 3010
14288 4 2 0 1 335 3015 1033 861
14289 4 2 0 1 2419 2797 2620 2401
14290 4 2 0 1 3583 290 887 971
14291 4 2 0 1 2645 3539 2915 2757
14292 4 2 0 1 3729 3177 2877 3220
14293 4 2 0 1 3281 2877 3177 3220
14294 4 2 0 1 2422 3414 3040 2427
14295 4 2 0 1 3045 2960 2933 2898
14296 4 2 0 1 3036 2592 3440 3023
14297 4 2 0 1 3719 3157 3720 3155
14298 4 2 0 1 2609 2568 2814 3560
14299 4 2 0 1 2814 2568 2609 2998
14300 4 2 0 1 3725 3203 1964 1306
14301 4 2 0 1 3177 3346 3724 3730
14302 4 2 0 1 2534 2758 2667 3523
14303 4 2 0 1 2404 2405 2409 2477
14304 4 2 0 1 1418 3050 1422 1420
14305 4 2 0 1 2403 2409 2405 2477
14306 4 2 0 1 3118 3506 2502 3309
14307 4 2 0 1 1425 2234 3167 1493
14308 4 2 0 1 1413 3105 2170 1416
14309 4 2 0 1 3100 1413 3104 3105
14310 4 2 0 1 1415 3034 3029 3031
14311 4 2 0 1 1476 1512 1474 3229
14312 4 2 0 1 3171 3174 3255 3229
14313 4 2 0 1 3143 3716 3233 3162
14314 4 2 0 1 435 876 2899 442
14315 4 2 0 1 3229 3061 3255 3158
14316 4 2 0 1 3174 1512 1977 1976
14317 4 2 0 1 3571 3624 3570 2630
14318 4 2 0 1 3141 3423 3337 3277
14319 4 2 0 1 2978 1351 1339 1855
14320 4 2 0 1 2907 1764 1790 1918
14321 4 2 0 1 3204 1930 2273 2263
14322 4 2 0 1 435 2899 876 3546
14323 4 2 0 1 2866 3259 3258 2870
14324 4 2 0 1 1328 3210 3690 1326
14325 4 2 0 1 3571 3570 3624 2791
14326 4 2 0 1 3079 3092 3082 2436
14327 4 2 0 1 3141 3423 3277 3436
14328 4 2 0 1 1322 3210 3091 1324
14329 4 2 0 1 3690 3087 1328 3689
14330 4 2 0 1 3257 3344 3277 3457
14331 4 2 0 1 3060 3301 3677 3057
14332 4 2 0 1 2912 3570 2676 3470
14333 4 2 0 1 3470 3624 3570 2791
14334 4 2 0 1 80 90 2596 2595
14335 4 2 0 1 3059 3062 3679 1910
14336 4 2 0 1 3063 2250 3673 1280
14337 4 2 0 1 1398 3185 3109 1429
14338 4 2 0 1 1527 1528 3114 1526
14339 4 2 0 1 3056 3681 3347 3063
14340 4 2 0 1 3587 3095 3106 3114
14341 4 2 0 1 3063 2250 1280 1910
14342 4 2 0 1 1646 2311 3710 1731
14343 4 2 0 1 3351 3595 2701 3664
14344 4 2 0 1 3043 3707 3027 3123
14345 4 2 0 1 3025 3722 3122 2690
14346 4 2 0 1 3251 3173 3169 3172
14347 4 2 0 1 3286 2868 3233 3444
14348 4 2 0 1 80 2596 90 988
14349 4 2 0 1 3124 3129 3233 3444
14350 4 2 0 1 2738 2900 2585 2842
14351 4 2 0 1 3636 2453 3473 3222
14352 4 2 0 1 3423 2426 3436 3420
14353 4 2 0 1 34 3338 2507 2687
14354 4 2 0 1 3037 2451 3038 3024
14355 4 2 0 1 1289 1303 3712 1291
14356 4 2 0 1 2688 2696 2702 2947
14357 4 2 0 1 1481 3186 1395 3703
14358 4 2 0 1 3527 3526 3374 2538
14359 4 2 0 1 1290 3712 1289 3748
14360 4 2 0 1 3101 3793 3161 3696
14361 4 2 0 1 2688 2696 2947 3338
14362 4 2 0 1 1839 2251 3217 2006
14363 4 2 0 1 2615 2511 2801 3597
14364 4 2 0 1 3736 3123 3735 2691
14365 4 2 0 1 1620 3737 2086 2166
14366 4 2 0 1 938 2683 163 3002
14367 4 2 0 1 2102 2951 1792 2957
14368 4 2 0 1 1814 3278 1812 3217
14369 4 2 0 1 163 2683 938 683
14370 4 2 0 1 3179 3180 3217 3181
14371 4 2 0 1 3693 3227 3239 3094
14372 4 2 0 1 3701 1784 1892 1669
14373 4 2 0 1 1292 1290 1302 3194
14374 4 2 0 1 3189 2086 3076 3312
14375 4 2 0 1 3234 3192 3117 3076
14376 4 2 0 1 2006 3194 1292 1302
14377 4 2 0 1 3342 1596 3076 3737
14378 4 2 0 1 1599 3077 3737 3342
14379 4 2 0 1 1314 3138 1313 3717
14380 4 2 0 1 1762 3200 1767 2072
14381 4 2 0 1 2976 3199 2619 2618
14382 4 2 0 1 2435 3150 3152 3288
14383 4 2 0 1 3645 2972 2973 2979
14384 4 2 0 1 3143 3242 3337 3716
14385 4 2 0 1 3241 3091 3092 3691
14386 4 2 0 1 2752 2551 2767 2781
14387 4 2 0 1 3568 3504 3016 3524
14388 4 2 0 1 2762 1754 2249 1253
14389 4 2 0 1 1376 1754 3281 1253
14390 4 2 0 1 3419 3647 2926 2927
14391 4 2 0 1 2618 2892 3497 2891
14392 4 2 0 1 2649 3498 3503 2650
14393 4 2 0 1 2429 3262 2887 2742
14394 4 2 0 1 3648 2507 3338 2687
14395 4 2 0 1 3052 3681 1282 3321
14396 4 2 0 1 3568 3504 3524 2663
14397 4 2 0 1 3679 3301 3680 3062
14398 4 2 0 1 3098 3269 3334 3208
14399 4 2 0 1 3196 3198 3240 3197
14400 4 2 0 1 2047 1677 1675 3247
14401 4 2 0 1 3721 3247 3198 3744
14402 4 2 0 1 3504 2825 2622 2500
14403 4 2 0 1 3568 2968 3504 2622
14404 4 2 0 1 3458 3258 2597 2870
14405 4 2 0 1 1248 2869 3368 2762
14406 4 2 0 1 1464 1468 1466 3158
14407 4 2 0 1 1415 3029 3034 1428
14408 4 2 0 1 3291 3214 3105 3741
14409 4 2 0 1 3298 3654 3305 3238
14410 4 2 0 1 1501 1831 3105 2315
14411 4 2 0 1 2765 2928 2766 2763
14412 4 2 0 1 2572 3612 2658 2573
14413 4 2 0 1 3298 3654 3238 2965
14414 4 2 0 1 2142 3708 1842 2222
14415 4 2 0 1 3269 3272 3270 3747
14416 4 2 0 1 3269 2965 3273 3270
14417 4 2 0 1 2133 2038 3159 1856
14418 4 2 0 1 3339 2224 1546 1547
14419 4 2 0 1 2437 3604 935 879
14420 4 2 0 1 2658 3612 2572 2660
14421 4 2 0 1 2545 3526 3530 2541
14422 4 2 0 1 2264 1817 3162 3302
14423 4 2 0 1 2279 1546 2651 1225
14424 4 2 0 1 1338 3688 1368 2211
14425 4 2 0 1 3232 1342 2128 1938
14426 4 2 0 1 2128 1344 1342 3331
14427 4 2 0 1 1338 1336 1368 3688
14428 4 2 0 1 3619 3657 2774 2978
14429 4 2 0 1 1817 2264 3162 1894
14430 4 2 0 1 3292 3705 1357 3113
14431 4 2 0 1 3215 3697 3109 3178
14432 4 2 0 1 3243 3704 3178 3731
14433 4 2 0 1 3243 2146 1506 2022
14434 4 2 0 1 3153 3157 3154 3155
14435 4 2 0 1 2526 2557 3371 2414
14436 4 2 0 1 227 229 2635 3517
14437 4 2 0 1 2603 2599 3554 998
14438 4 2 0 1 3367 3369 15 3627
14439 4 2 0 1 1894 3712 3162 1817
14440 4 2 0 1 2366 2183 3317 1366
14441 4 2 0 1 2084 1950 3114 1525
14442 4 2 0 1 227 2635 229 1109
14443 4 2 0 1 1894 3712 1817 1893
14444 4 2 0 1 3362 1508 3275 1491
14445 4 2 0 1 3317 3306 1962 3215
14446 4 2 0 1 3712 1817 3302 3162
14447 4 2 0 1 2944 3648 2507 3338
14448 4 2 0 1 2201 3325 18 1220
14449 4 2 0 1 1894 3712 1893 3691
14450 4 2 0 1 2148 3566 1903 1954
14451 4 2 0 1 17 2201 3325 18
14452 4 2 0 1 3032 3743 3061 3255
14453 4 2 0 1 2421 2692 3408 2705
14454 4 2 0 1 3475 2790 3413 2734
14455 4 2 0 1 3347 3441 3287 3548
14456 4 2 0 1 2437 935 3604 2747
14457 4 2 0 1 828 2582 3501 2614
14458 4 2 0 1 1847 3340 2616 2485
14459 4 2 0 1 3499 2976 2618 2616
14460 4 2 0 1 2497 2491 3502 3455
14461 4 2 0 1 2486 3498 2890 3497
14462 4 2 0 1 3059 3062 3057 3301
14463 4 2 0 1 3246 3176 3250 2593
14464 4 2 0 1 2495 2516 474 2493
14465 4 2 0 1 79 892 1095 3004
14466 4 2 0 1 2025 3626 1554 1719
14467 4 2 0 1 2260 1399 1401 3188
14468 4 2 0 1 1402 3733 1401 1400
14469 4 2 0 1 1402 3733 1400 3185
14470 4 2 0 1 2828 2191 2079 2009
14471 4 2 0 1 2439 2900 2585 2495
14472 4 2 0 1 3364 1551 1549 2882
14473 4 2 0 1 3371 2396 3530 2773
14474 4 2 0 1 2850 2658 2548 2842
14475 4 2 0 1 615 866 3542 2459
14476 4 2 0 1 2657 2544 2756 2831
14477 4 2 0 1 3530 2544 2545 2541
14478 4 2 0 1 2919 2773 2462 2993
14479 4 2 0 1 2993 2462 3372 2655
14480 4 2 0 1 2512 2604 2514 2515
14481 4 2 0 1 2830 3385 2745 2995
14482 4 2 0 1 2834 2561 2797 2562
14483 4 2 0 1 3389 3009 2856 2793
14484 4 2 0 1 3388 2834 2551 3532
14485 4 2 0 1 2767 2553 2555 2768
14486 4 2 0 1 615 3542 866 959
14487 4 2 0 1 2834 2781 2400 2551
14488 4 2 0 1 2439 2585 2900 2842
14489 4 2 0 1 2477 3493 2405 3494
14490 4 2 0 1 2884 744 877 2811
14491 4 2 0 1 3188 3322 1401 1430
14492 4 2 0 1 3183 2455 3239 3224
14493 4 2 0 1 1059 2564 1050 758
14494 4 2 0 1 2260 3188 1401 1430
14495 4 2 0 1 1112 647 2564 2412
14496 4 2 0 1 2733 464 2728 2730
14497 4 2 0 1 3183 2455 3224 2424
14498 4 2 0 1 189 2566 653 186
14499 4 2 0 1 2587 2412 2409 3395
14500 4 2 0 1 3395 2587 2564 2588
14501 4 2 0 1 1156 2735 160 2470
14502 4 2 0 1 803 3488 3490 1062
14503 4 2 0 1 3441 3347 3478 3548
14504 4 2 0 1 3100 2168 1412 3696
14505 4 2 0 1 3095 3096 1433 1427
14506 4 2 0 1 3007 2902 2589 2416
14507 4 2 0 1 3096 1427 2247 1406
14508 4 2 0 1 2902 291 318 3404
14509 4 2 0 1 2902 291 283 279
14510 4 2 0 1 2884 318 578 320
14511 4 2 0 1 3618 3463 3410 3469
14512 4 2 0 1 3441 3478 3347 3547
14513 4 2 0 1 2996 2830 3409 2861
14514 4 2 0 1 2526 3371 2557 2831
14515 4 2 0 1 3414 2427 3406 3299
14516 4 2 0 1 2598 3412 2766 2602
14517 4 2 0 1 3472 3435 3416 2450
14518 4 2 0 1 2443 3256 3257 3258
14519 4 2 0 1 2728 944 1139 464
14520 4 2 0 1 3274 1741 1740 2032
14521 4 2 0 1 3274 2113 2032 1640
14522 4 2 0 1 2409 3009 3495 2779
14523 4 2 0 1 3647 3618 2425 3419
14524 4 2 0 1 389 390 2901 392
14525 4 2 0 1 2443 3256 2799 2760
14526 4 2 0 1 3647 2928 3429 3618
14527 4 2 0 1 3082 3069 3066 3184
14528 4 2 0 1 3434 2443 3456 2928
14529 4 2 0 1 226 2787 802 3517
14530 4 2 0 1 226 2787 3517 2522
14531 4 2 0 1 3666 3695 3665 3098
14532 4 2 0 1 3430 2424 3103 2964
14533 4 2 0 1 1508 2007 3276 3275
14534 4 2 0 1 2828 2191 2009 2258
14535 4 2 0 1 3487 2846 3398 2785
14536 4 2 0 1 3445 3443 2428 3432
14537 4 2 0 1 2444 2869 3140 3458
14538 4 2 0 1 2436 3092 3081 3080
14539 4 2 0 1 3263 3442 2867 3443
14540 4 2 0 1 3442 3287 2867 3443
14541 4 2 0 1 3031 3445 2428 3102
14542 4 2 0 1 1849 3354 1850 3218
14543 4 2 0 1 2429 3199 2618 2619
14544 4 2 0 1 2949 1905 2233 2775
14545 4 2 0 1 2821 2446 3462 3417
14546 4 2 0 1 3089 1355 3163 1756
14547 4 2 0 1 3213 3193 3304 3614
14548 4 2 0 1 3428 2974 2423 3074
14549 4 2 0 1 1905 1234 2233 2775
14550 4 2 0 1 2939 3449 2437 2445
14551 4 2 0 1 2803 2429 2973 3449
14552 4 2 0 1 1918 2907 2083 1790
14553 4 2 0 1 2493 2439 2498 2495
14554 4 2 0 1 2957 1792 3718 2951
14555 4 2 0 1 1982 2102 2951 1958
14556 4 2 0 1 2828 2191 2258 2808
14557 4 2 0 1 1003 2513 477 616
14558 4 2 0 1 2493 1003 2489 2513
14559 4 2 0 1 1529 1965 3181 1892
14560 4 2 0 1 2687 3648 2700 2699
14561 4 2 0 1 3580 2442 3345 2927
14562 4 2 0 1 2442 3647 3345 2927
14563 4 2 0 1 3437 3420 3436 2426
14564 4 2 0 1 3617 650 3 3553
14565 4 2 0 1 2700 3648 2687 2507
14566 4 2 0 1 2442 2928 3345 3647
14567 4 2 0 1 2448 3761 3405 2785
14568 4 2 0 1 3463 3464 2810 2447
14569 4 2 0 1 2503 3648 2700 2507
14570 4 2 0 1 3463 3464 2447 2837
14571 4 2 0 1 1275 3125 3055 3676
14572 4 2 0 1 2436 3080 3081 3085
14573 4 2 0 1 2700 3648 2503 2786
14574 4 2 0 1 2827 3628 3505 2807
14575 4 2 0 1 2528 2653 768 3384
14576 4 2 0 1 2501 3628 2502 2947
14577 4 2 0 1 3440 3033 3023 3028
14578 4 2 0 1 3660 1391 3649 3718
14579 4 2 0 1 3039 3034 3020 3041
14580 4 2 0 1 3166 1554 3165 3626
14581 4 2 0 1 2502 2592 3309 3475
14582 4 2 0 1 2422 3023 3040 2698
14583 4 2 0 1 3209 3088 3268 3277
14584 4 2 0 1 3660 3649 1391 1389
14585 4 2 0 1 3145 3142 3715 3143
14586 4 2 0 1 3193 1327 3210 3341
14587 4 2 0 1 3145 3143 3715 3242
14588 4 2 0 1 1736 2122 2119 3341
14589 4 2 0 1 1321 1322 1319 3349
14590 4 2 0 1 1390 3649 1391 3718
14591 4 2 0 1 2518 2520 3510 3481
14592 4 2 0 1 2835 2786 3762 3487
14593 4 2 0 1 2855 3464 2810 2448
14594 4 2 0 1 3463 3464 2837 2987
14595 4 2 0 1 2855 2514 2518 2810
14596 4 2 0 1 3405 2471 3761 3760
14597 4 2 0 1 2796 2823 3307 2897
14598 4 2 0 1 1390 1391 3649 1389
14599 4 2 0 1 2468 2663 2664 3005
14600 4 2 0 1 3160 1455 1453 2184
14601 4 2 0 1 3699 3698 3697 3112
14602 4 2 0 1 2396 2772 2540 2793
14603 4 2 0 1 3491 137 3484 702
14604 4 2 0 1 2679 3602 2784 3486
14605 4 2 0 1 2784 3602 2679 2642
14606 4 2 0 1 1987 2890 69 2649
14607 4 2 0 1 1230 2649 1987 70
14608 4 2 0 1 2615 2803 3609 2510
14609 4 2 0 1 3498 2891 2742 3497
14610 4 2 0 1 2492 2930 2487 2486
14611 4 2 0 1 474 2493 473 2495
14612 4 2 0 1 2483 2857 580 562
14613 4 2 0 1 3522 3621 2853 2640
14614 4 2 0 1 2943 2682 2169 2941
14615 4 2 0 1 2700 3592 2699 2841
14616 4 2 0 1 3522 3621 2640 2778
14617 4 2 0 1 2169 2941 28 2943
14618 4 2 0 1 2581 3538 2578 2402
14619 4 2 0 1 123 2639 122 121
14620 4 2 0 1 116 688 2778 113
14621 4 2 0 1 3567 2684 2625 2626
14622 4 2 0 1 2578 3538 2581 2463
14623 4 2 0 1 3556 2754 3599 2605
14624 4 2 0 1 1917 2203 1449 3295
14625 4 2 0 1 2714 2542 2540 3015
14626 4 2 0 1 2771 2542 3012 2540
14627 4 2 0 1 3528 2543 3012 2540
14628 4 2 0 1 3012 3529 1032 3528
14629 4 2 0 1 2543 2771 3012 2540
14630 4 2 0 1 2660 2653 2572 2658
14631 4 2 0 1 2557 2657 2526 2831
14632 4 2 0 1 2536 2393 3373 2901
14633 4 2 0 1 2536 2572 2573 3527
14634 4 2 0 1 2660 2653 2658 3384
14635 4 2 0 1 3380 3000 2496 3419
14636 4 2 0 1 3182 2278 1892 3181
14637 4 2 0 1 3768 3293 1750 1350
14638 4 2 0 1 3114 3107 2689 3181
14639 4 2 0 1 1875 2350 2094 3302
14640 4 2 0 1 325 3534 337 1020
14641 4 2 0 1 967 2581 2612 135
14642 4 2 0 1 2479 612 2638 2621
14643 4 2 0 1 1528 3114 1529 3181
14644 4 2 0 1 1453 1455 3160 1454
14645 4 2 0 1 2549 2834 3532 2551
14646 4 2 0 1 2633 2632 3386 2406
14647 4 2 0 1 2767 2553 3387 2551
14648 4 2 0 1 3396 2613 2411 2611
14649 4 2 0 1 533 1079 697 2936
14650 4 2 0 1 2873 2870 3549 2450
14651 4 2 0 1 3551 3466 3412 2855
14652 4 2 0 1 2763 2798 2765 2441
14653 4 2 0 1 3284 2872 3639 2878
14654 4 2 0 1 2497 3555 2764 2441
14655 4 2 0 1 2598 3551 2602 3550
14656 4 2 0 1 3617 650 3553 2764
14657 4 2 0 1 3398 2641 2470 2642
14658 4 2 0 1 794 146 2920 1026
14659 4 2 0 1 3107 3114 1528 3181
14660 4 2 0 1 3768 3017 1384 1884
14661 4 2 0 1 3408 2847 2754 2794
14662 4 2 0 1 1104 885 2662 503
14663 4 2 0 1 1892 1529 3282 3181
14664 4 2 0 1 2782 3010 3008 2668
14665 4 2 0 1 2751 2712 3597 2839
14666 4 2 0 1 1892 3182 3181 3282
14667 4 2 0 1 3114 1529 3181 3282
14668 4 2 0 1 2827 3568 2825 2622
14669 4 2 0 1 2782 3008 3010 2771
14670 4 2 0 1 2689 3114 3181 3282
14671 4 2 0 1 2754 2996 2830 2847
14672 4 2 0 1 2158 3168 1935 1936
14673 4 2 0 1 1972 3565 1768 2056
14674 4 2 0 1 1600 1629 3090 1631
14675 4 2 0 1 1631 3090 1768 1654
14676 4 2 0 1 2209 3168 1936 1980
14677 4 2 0 1 2433 3068 2950 3290
14678 4 2 0 1 2411 2403 2410 3396
14679 4 2 0 1 2537 2483 2857 2538
14680 4 2 0 1 2174 2261 2774 2978
14681 4 2 0 1 2767 2553 2551 2474
14682 4 2 0 1 2610 3544 2647 3560
14683 4 2 0 1 2962 3424 3652 2961
14684 4 2 0 1 431 434 435 2499
14685 4 2 0 1 3546 431 435 2499
14686 4 2 0 1 3615 3266 3580 3267
14687 4 2 0 1 3266 3615 3580 2929
14688 4 2 0 1 635 794 1055 2552
14689 4 2 0 1 2866 3259 3141 3258
14690 4 2 0 1 3267 3344 3345 3615
14691 4 2 0 1 485 2675 679 678
14692 4 2 0 1 2158 1976 1478 3230
14693 4 2 0 1 812 2675 791 3586
14694 4 2 0 1 2667 208 207 148
14695 4 2 0 1 3174 3743 3229 3230
14696 4 2 0 1 841 219 2579 671
14697 4 2 0 1 3172 3042 3169 2867
14698 4 2 0 1 3157 3719 3154 3155
14699 4 2 0 1 3412 2449 3466 3551
14700 4 2 0 1 2774 2907 2174 2978
14701 4 2 0 1 3430 2896 3103 3433
14702 4 2 0 1 2875 3474 2593 3154
14703 4 2 0 1 2294 1838 2028 3149
14704 4 2 0 1 2832 3468 3411 3467
14705 4 2 0 1 2656 3753 2414 3371
14706 4 2 0 1 1651 2701 3021 3351
14707 4 2 0 1 3236 3249 3240 2876
14708 4 2 0 1 1651 3595 2074 3593
14709 4 2 0 1 3584 2670 2771 2543
14710 4 2 0 1 3484 705 803 3490
14711 4 2 0 1 1080 2906 960 663
14712 4 2 0 1 1017 1080 2906 960
14713 4 2 0 1 3603 1022 773 2728
14714 4 2 0 1 2728 944 692 1139
14715 4 2 0 1 2730 464 773 237
14716 4 2 0 1 3603 919 546 1022
14717 4 2 0 1 2465 2736 2521 2732
14718 4 2 0 1 2399 2655 3376 2658
14719 4 2 0 1 3384 666 3605 668
14720 4 2 0 1 2658 2653 2545 3376
14721 4 2 0 1 3467 3466 3412 3411
14722 4 2 0 1 2559 2560 3536 3537
14723 4 2 0 1 2849 2667 2640 3613
14724 4 2 0 1 3574 2880 2508 3509
14725 4 2 0 1 3371 2656 2526 2414
14726 4 2 0 1 3249 3547 2876 3300
14727 4 2 0 1 1989 2286 3240 1727
14728 4 2 0 1 2096 3696 1851 1500
14729 4 2 0 1 2557 2555 2414 2524
14730 4 2 0 1 2974 2446 2423 3417
14731 4 2 0 1 794 839 1026 2920
14732 4 2 0 1 3768 3293 1350 3017
14733 4 2 0 1 2404 3572 2859 3389
14734 4 2 0 1 2558 2670 2771 2782
14735 4 2 0 1 3768 3017 1350 1377
14736 4 2 0 1 3388 2556 2394 2856
14737 4 2 0 1 2762 1244 3370 3333
14738 4 2 0 1 2762 3370 1244 2597
14739 4 2 0 1 2636 2736 2738 2737
14740 4 2 0 1 2842 2739 3372 2993
14741 4 2 0 1 2439 2493 2496 2494
14742 4 2 0 1 2513 2489 2999 1003
14743 4 2 0 1 2954 2445 3460 2457
14744 4 2 0 1 2809 17 18 1209
14745 4 2 0 1 2789 2806 2628 3638
14746 4 2 0 1 3475 2790 2734 3471
14747 4 2 0 1 3135 3134 3165 3116
14748 4 2 0 1 3345 3429 3647 2928
14749 4 2 0 1 2500 2676 2664 3005
14750 4 2 0 1 2663 2945 2825 3630
14751 4 2 0 1 2827 3568 2622 2623
14752 4 2 0 1 3434 3257 3258 2443
14753 4 2 0 1 3438 3037 3437 3259
14754 4 2 0 1 3031 2428 3443 3049
14755 4 2 0 1 794 2524 2552 635
14756 4 2 0 1 3231 1973 1826 1687
14757 4 2 0 1 1826 1973 3231 2018
14758 4 2 0 1 1738 3696 1500 1851
14759 4 2 0 1 1694 1695 3243 1693
14760 4 2 0 1 3284 1685 3729 3153
14761 4 2 0 1 1694 3243 1695 3353
14762 4 2 0 1 3557 2440 2830 2605
14763 4 2 0 1 2558 2771 2670 2543
14764 4 2 0 1 3636 3220 3221 2873
14765 4 2 0 1 1901 1223 2323 3638
14766 4 2 0 1 3192 3132 3131 3714
14767 4 2 0 1 3413 2449 2734 2790
14768 4 2 0 1 3471 2734 2806 2790
14769 4 2 0 1 2978 1351 2162 3619
14770 4 2 0 1 1237 3789 3644 2167
14771 4 2 0 1 3198 3196 3240 3191
14772 4 2 0 1 1127 98 2980 51
14773 4 2 0 1 1962 3306 3353 3215
14774 4 2 0 1 2944 3648 3338 2684
14775 4 2 0 1 3355 3131 3132 3714
14776 4 2 0 1 2232 3134 3714 3355
14777 4 2 0 1 2986 3487 2471 2504
14778 4 2 0 1 3190 3191 3189 3736
14779 4 2 0 1 2686 1919 1881 2291
14780 4 2 0 1 3714 3134 1576 3133
14781 4 2 0 1 3653 2424 3067 2963
14782 4 2 0 1 3653 2424 2963 2964
14783 4 2 0 1 3355 3744 3720 2629
14784 4 2 0 1 2457 1905 2775 2456
14785 4 2 0 1 3619 1865 1866 1983
14786 4 2 0 1 1563 3720 1568 2378
14787 4 2 0 1 2137 1959 2909 1878
14788 4 2 0 1 1774 2135 1818 2774
14789 4 2 0 1 3687 2907 2083 2908
14790 4 2 0 1 3026 3042 3039 3041
14791 4 2 0 1 3505 2701 2702 3237
14792 4 2 0 1 2745 2830 2440 3385
14793 4 2 0 1 2454 3279 3183 3319
14794 4 2 0 1 2455 3666 3103 3102
14795 4 2 0 1 3588 3025 2690 3042
14796 4 2 0 1 1884 3619 2197 1983
14797 4 2 0 1 3171 1467 2355 2342
14798 4 2 0 1 3430 3045 2964 3103
14799 4 2 0 1 3183 2455 2454 3239
14800 4 2 0 1 3294 3667 2592 3039
14801 4 2 0 1 2355 1467 3171 2238
14802 4 2 0 1 3107 1527 1528 3114
14803 4 2 0 1 1464 3158 1462 2281
14804 4 2 0 1 3129 3439 3444 3271
14805 4 2 0 1 3166 3116 3165 3156
14806 4 2 0 1 3270 3681 3318 3064
14807 4 2 0 1 1272 3358 1274 1273
14808 4 2 0 1 3206 3203 3144 3711
14809 4 2 0 1 2275 3203 3126 1975
14810 4 2 0 1 3742 3252 2061 3214
14811 4 2 0 1 1505 1857 1877 3072
14812 4 2 0 1 3127 3726 3125 3202
14813 4 2 0 1 3685 3212 3684 3232
14814 4 2 0 1 1464 1462 3158 1463
14815 4 2 0 1 3067 2436 3085 3066
14816 4 2 0 1 3424 3429 3425 2425
14817 4 2 0 1 3089 1355 1756 1331
14818 4 2 0 1 2907 3645 2908 2977
14819 4 2 0 1 3723 3169 3252 3170
14820 4 2 0 1 2003 1816 2178 3084
14821 4 2 0 1 3009 2406 2817 2851
14822 4 2 0 1 3693 3195 3319 3093
14823 4 2 0 1 3195 2101 1770 1893
14824 4 2 0 1 2962 3424 2961 3427
14825 4 2 0 1 3252 1947 3159 2139
14826 4 2 0 1 3138 1314 1928 1504
14827 4 2 0 1 3255 3252 3171 3158
14828 4 2 0 1 2003 3701 1785 3700
14829 4 2 0 1 1696 1695 1693 3731
14830 4 2 0 1 1362 1363 1364 3178
14831 4 2 0 1 3029 3034 1428 3028
14832 4 2 0 1 3185 3215 3109 1429
14833 4 2 0 1 2185 1961 3700 3292
14834 4 2 0 1 3104 3671 3031 3291
14835 4 2 0 1 3324 3704 3703 3702
14836 4 2 0 1 3109 3186 3112 3698
14837 4 2 0 1 2946 2835 3005 2945
14838 4 2 0 1 1787 3306 1962 2288
14839 4 2 0 1 3216 3718 3112 3703
14840 4 2 0 1 1275 3125 3676 2320
14841 4 2 0 1 3203 2154 3726 1779
14842 4 2 0 1 3104 3671 3291 3105
14843 4 2 0 1 1737 1275 3676 2320
14844 4 2 0 1 3056 3124 3675 3676
14845 4 2 0 1 2257 1737 3126 3676
14846 4 2 0 1 1322 3210 1324 1325
14847 4 2 0 1 1530 3107 1528 3181
14848 4 2 0 1 3132 3115 3234 3117
14849 4 2 0 1 2629 3132 3355 3131
14850 4 2 0 1 2962 2426 3653 3652
14851 4 2 0 1 2144 1748 2796 1746
14852 4 2 0 1 2253 3156 2290 1815
14853 4 2 0 1 3156 2253 3720 1815
14854 4 2 0 1 2198 1612 2373 2882
14855 4 2 0 1 2210 3156 3720 1897
14856 4 2 0 1 3723 1432 3169 3043
14857 4 2 0 1 1425 1432 3043 1423
14858 4 2 0 1 3745 3246 3250 3157
14859 4 2 0 1 3420 3653 2426 3652
14860 4 2 0 1 3332 3407 3261 3756
14861 4 2 0 1 3346 3176 3724 3730
14862 4 2 0 1 3407 3413 3411 3412
14863 4 2 0 1 1684 3153 3250 1685
14864 4 2 0 1 3346 3177 3724 3725
14865 4 2 0 1 1554 1553 3165 1555
14866 4 2 0 1 2848 2897 2706 3296
14867 4 2 0 1 3168 2691 3230 3190
14868 4 2 0 1 1556 1554 3165 1555
14869 4 2 0 1 3701 1670 1784 1669
14870 4 2 0 1 3720 3157 3744 1676
14871 4 2 0 1 3407 3332 3413 3756
14872 4 2 0 1 3077 1627 1626 3274
14873 4 2 0 1 3170 2691 3173 3743
14874 4 2 0 1 1807 3057 3059 1808
14875 4 2 0 1 3679 1910 2259 3059
14876 4 2 0 1 3413 3407 2450 3412
14877 4 2 0 1 3009 2406 2851 3395
14878 4 2 0 1 2115 3077 1605 1599
14879 4 2 0 1 3272 2255 2213 1743
14880 4 2 0 1 2694 3261 2836 2838
14881 4 2 0 1 3272 2255 1743 3749
14882 4 2 0 1 2307 3590 2692 3589
14883 4 2 0 1 1796 2705 2692 37
14884 4 2 0 1 2694 3261 2838 2699
14885 4 2 0 1 2694 3261 2699 3592
14886 4 2 0 1 3261 2698 2422 2838
14887 4 2 0 1 1783 3713 2256 1289
14888 4 2 0 1 3593 2389 2698 2696
14889 4 2 0 1 3395 2779 2851 3009
14890 4 2 0 1 3755 2995 3759 3419
14891 4 2 0 1 2861 2754 2840 2421
14892 4 2 0 1 2754 2829 2707 3599
14893 4 2 0 1 2450 3472 3407 3756
14894 4 2 0 1 3463 2837 2447 3410
14895 4 2 0 1 1334 3075 3072 1336
14896 4 2 0 1 3409 3751 3425 2996
14897 4 2 0 1 3512 2460 3513 3481
14898 4 2 0 1 2790 2791 3624 3470
14899 4 2 0 1 1089 3574 2852 154
14900 4 2 0 1 1334 3075 1336 1335
14901 4 2 0 1 3405 2471 3760 2986
14902 4 2 0 1 1241 1891 4 3320
14903 4 2 0 1 2372 3725 1306 1258
14904 4 2 0 1 1572 1573 1570 3352
14905 4 2 0 1 2044 2872 1840 1231
14906 4 2 0 1 1567 3131 1569 1566
14907 4 2 0 1 531 2783 528 3399
14908 4 2 0 1 1567 1564 3131 1566
14909 4 2 0 1 1912 3725 1964 2372
14910 4 2 0 1 1912 3346 3725 1262
14911 4 2 0 1 1629 3090 1631 1654
14912 4 2 0 1 2179 3352 1570 2329
14913 4 2 0 1 3766 537 1108 353
14914 4 2 0 1 170 358 2721 462
14915 4 2 0 1 2531 2731 2465 2732
14916 4 2 0 1 1809 3608 2299 2024
14917 4 2 0 1 3168 2103 1617 1603
14918 4 2 0 1 59 3780 3811 93
14919 4 2 0 1 2526 3518 2656 2528
14920 4 2 0 1 2103 3737 3168 1618
14921 4 2 0 1 640 2710 502 455
14922 4 2 0 1 3563 2975 1165 644
14923 4 2 0 1 1603 3077 1605 1611
14924 4 2 0 1 531 2783 3399 2671
14925 4 2 0 1 640 3563 1165 644
14926 4 2 0 1 1604 1598 1602 3737
14927 4 2 0 1 2530 235 282 504
14928 4 2 0 1 1638 3204 3245 3672
14929 4 2 0 1 1638 3204 1745 3245
14930 4 2 0 1 1744 1638 1745 3245
14931 4 2 0 1 3053 1625 1633 3058
14932 4 2 0 1 3053 1625 3058 1622
14933 4 2 0 1 3053 1625 1622 1632
14934 4 2 0 1 2565 2781 3386 2562
14935 4 2 0 1 561 1065 912 3775
14936 4 2 0 1 2652 1028 3581 857
14937 4 2 0 1 3149 3058 1625 1624
14938 4 2 0 1 3053 1625 1632 1633
14939 4 2 0 1 436 2646 2499 429
14940 4 2 0 1 3149 2286 1829 1830
14941 4 2 0 1 2956 2301 2362 2957
14942 4 2 0 1 3620 1772 1753 1771
14943 4 2 0 1 3248 3176 3202 3204
14944 4 2 0 1 3058 1622 1625 1624
14945 4 2 0 1 1633 3058 1625 3149
14946 4 2 0 1 3090 3289 1768 1654
14947 4 2 0 1 1252 2869 1253 1254
14948 4 2 0 1 1857 3083 3065 3072
14949 4 2 0 1 2671 587 3399 531
14950 4 2 0 1 3146 3209 3277 3211
14951 4 2 0 1 3145 3146 3277 3211
14952 4 2 0 1 1668 3303 1969 1665
14953 4 2 0 1 3303 1666 1969 1665
14954 4 2 0 1 3079 1820 1777 1819
14955 4 2 0 1 1679 3157 1678 1677
14956 4 2 0 1 1677 3157 1678 1676
14957 4 2 0 1 1563 3720 2378 3355
14958 4 2 0 1 1358 3702 1359 2214
14959 4 2 0 1 3209 3092 3080 3081
14960 4 2 0 1 3097 1406 1407 1408
14961 4 2 0 1 2568 2998 2814 2473
14962 4 2 0 1 3264 3155 3156 2881
14963 4 2 0 1 3095 1436 1434 1435
14964 4 2 0 1 3139 3223 3222 3140
14965 4 2 0 1 1469 1466 3158 3229
14966 4 2 0 1 3264 3116 3156 3155
14967 4 2 0 1 3206 3139 3222 3480
14968 4 2 0 1 1617 3077 3168 1603
14969 4 2 0 1 3255 3252 3032 3170
14970 4 2 0 1 2124 3749 3321 1742
14971 4 2 0 1 3286 3206 3222 3480
14972 4 2 0 1 3502 3455 2925 2497
14973 4 2 0 1 2051 1475 3061 3230
14974 4 2 0 1 1766 3335 1764 1790
14975 4 2 0 1 1476 1475 3230 3229
14976 4 2 0 1 1475 1476 3230 1477
14977 4 2 0 1 2994 2863 437 2862
14978 4 2 0 1 3430 2896 3433 2823
14979 4 2 0 1 1997 2216 3792 2340
14980 4 2 0 1 2470 2473 2814 2998
14981 4 2 0 1 3198 3192 3736 2876
14982 4 2 0 1 3701 2240 1892 1784
14983 4 2 0 1 3284 2878 2873 2872
14984 4 2 0 1 3701 1784 1785 1786
14985 4 2 0 1 2981 831 1085 10
14986 4 2 0 1 2467 2473 2466 2997
14987 4 2 0 1 3282 3701 2335 1786
14988 4 2 0 1 3736 3236 3190 3240
14989 4 2 0 1 1232 2535 2624 3016
14990 4 2 0 1 437 2863 2994 2481
14991 4 2 0 1 74 2627 746 3016
14992 4 2 0 1 3804 830 696 780
14993 4 2 0 1 536 3783 539 3799
14994 4 2 0 1 534 3783 736 1213
14995 4 2 0 1 2210 2378 3720 3355
14996 4 2 0 1 2942 2503 2944 2685
14997 4 2 0 1 72 761 2942 1038
14998 4 2 0 1 3736 3123 2691 2876
14999 4 2 0 1 1804 3590 2697 2221
15000 4 2 0 1 2210 3720 2378 1897
15001 4 2 0 1 2052 3061 1822 2259
15002 4 2 0 1 3248 3058 3245 3053
15003 4 2 0 1 3197 3746 3249 3245
15004 4 2 0 1 3079 1857 2149 3083
15005 4 2 0 1 55 3780 93 56
15006 4 2 0 1 1599 3077 1605 1603
15007 4 2 0 1 3563 2975 644 1176
15008 4 2 0 1 3746 3246 3249 3245
15009 4 2 0 1 2975 65 66 1176
15010 4 2 0 1 533 552 2936 697
15011 4 2 0 1 2975 644 66 87
15012 4 2 0 1 3149 1838 1830 1643
15013 4 2 0 1 3165 2210 3355 3356
15014 4 2 0 1 828 2582 2614 1138
15015 4 2 0 1 2614 1138 641 828
15016 4 2 0 1 3198 3746 3197 3196
15017 4 2 0 1 101 2801 99 891
15018 4 2 0 1 3217 3239 3180 3179
15019 4 2 0 1 98 50 2980 51
15020 4 2 0 1 735 111 109 2532
15021 4 2 0 1 2682 2055 26 25
15022 4 2 0 1 111 3622 110 3623
15023 4 2 0 1 2883 463 2639 158
15024 4 2 0 1 2532 2533 3522 3623
15025 4 2 0 1 482 2883 843 158
15026 4 2 0 1 463 2639 158 122
15027 4 2 0 1 557 2967 953 986
15028 4 2 0 1 158 3622 843 826
15029 4 2 0 1 787 985 986 2967
15030 4 2 0 1 120 3622 2639 158
15031 4 2 0 1 3165 3355 2210 3720
15032 4 2 0 1 2463 3538 3545 2567
15033 4 2 0 1 3608 93 2305 2577
15034 4 2 0 1 1067 3489 2550 2549
15035 4 2 0 1 923 3766 3832 341
15036 4 2 0 1 244 2713 752 1081
15037 4 2 0 1 3545 133 132 150
15038 4 2 0 1 3259 3435 3258 2870
15039 4 2 0 1 244 2713 1081 242
15040 4 2 0 1 2969 2713 244 2608
15041 4 2 0 1 2870 3456 2597 2598
15042 4 2 0 1 2693 2507 2687 35
15043 4 2 0 1 1259 3177 2140 1874
15044 4 2 0 1 2721 1029 704 1163
15045 4 2 0 1 3508 3507 822 824
15046 4 2 0 1 3154 3250 3729 3474
15047 4 2 0 1 2382 3284 3153 1685
15048 4 2 0 1 164 362 2906 165
15049 4 2 0 1 3573 2818 2531 2638
15050 4 2 0 1 2411 3562 1193 716
15051 4 2 0 1 3837 1463 3171 3158
15052 4 2 0 1 2565 177 175 928
15053 4 2 0 1 1873 3177 1874 2306
15054 4 2 0 1 34 35 2182 2687
15055 4 2 0 1 3362 2107 3106 1885
15056 4 2 0 1 3362 1509 2107 1885
15057 4 2 0 1 3390 189 1161 1059
15058 4 2 0 1 1050 182 179 2564
15059 4 2 0 1 547 2562 2565 183
15060 4 2 0 1 3535 782 931 198
15061 4 2 0 1 3536 3534 2576 2560
15062 4 2 0 1 2247 3096 1406 3322
15063 4 2 0 1 3536 931 1200 198
15064 4 2 0 1 2904 958 567 1114
15065 4 2 0 1 2151 1910 1896 3062
15066 4 2 0 1 3096 3322 3097 1406
15067 4 2 0 1 148 2904 1114 684
15068 4 2 0 1 567 2904 1114 208
15069 4 2 0 1 958 2904 684 1114
15070 4 2 0 1 1599 3077 1603 3737
15071 4 2 0 1 3590 2687 2694 2695
15072 4 2 0 1 222 310 3510 220
15073 4 2 0 1 1617 3077 1603 1611
15074 4 2 0 1 673 841 1066 2579
15075 4 2 0 1 3021 1651 1734 1735
15076 4 2 0 1 1651 1735 3593 1913
15077 4 2 0 1 228 2521 3517 281
15078 4 2 0 1 471 2992 2899 470
15079 4 2 0 1 2519 757 855 1049
15080 4 2 0 1 2969 244 2713 752
15081 4 2 0 1 2638 2531 1100 282
15082 4 2 0 1 2174 3687 2907 2083
15083 4 2 0 1 281 802 3517 228
15084 4 2 0 1 2713 2715 307 241
15085 4 2 0 1 2717 2991 3598 2475
15086 4 2 0 1 2927 3421 3427 3267
15087 4 2 0 1 3001 699 1184 268
15088 4 2 0 1 2733 240 944 238
15089 4 2 0 1 3748 3712 3238 3194
15090 4 2 0 1 2908 1758 1918 2164
15091 4 2 0 1 2908 1758 2164 1756
15092 4 2 0 1 3800 3001 801 1192
15093 4 2 0 1 3281 1873 2877 1929
15094 4 2 0 1 1120 2857 809 1119
15095 4 2 0 1 1376 3281 1929 2306
15096 4 2 0 1 2991 265 263 259
15097 4 2 0 1 265 2991 263 266
15098 4 2 0 1 1376 1754 1929 3281
15099 4 2 0 1 2800 1539 2156 2105
15100 4 2 0 1 3273 3238 3748 2965
15101 4 2 0 1 3765 2589 961 2811
15102 4 2 0 1 2589 2590 954 2811
15103 4 2 0 1 277 969 2895 272
15104 4 2 0 1 969 2590 2895 272
15105 4 2 0 1 298 478 2895 296
15106 4 2 0 1 3402 595 1000 911
15107 4 2 0 1 291 2416 2902 283
15108 4 2 0 1 437 405 2994 2862
15109 4 2 0 1 2792 278 1075 275
15110 4 2 0 1 2620 2401 2416 2419
15111 4 2 0 1 330 286 686 3010
15112 4 2 0 1 288 287 286 2668
15113 4 2 0 1 2965 3654 3748 3052
15114 4 2 0 1 1290 3712 3748 3194
15115 4 2 0 1 1110 685 2990 832
15116 4 2 0 1 3654 2965 3748 3238
15117 4 2 0 1 2608 246 245 244
15118 4 2 0 1 820 332 2715 307
15119 4 2 0 1 1164 820 2715 307
15120 4 2 0 1 3231 2099 1741 1973
15121 4 2 0 1 3001 314 1192 894
15122 4 2 0 1 3067 3280 3081 3279
15123 4 2 0 1 204 3402 645 1031
15124 4 2 0 1 1004 321 319 3404
15125 4 2 0 1 2994 405 437 2481
15126 4 2 0 1 3534 537 1027 525
15127 4 2 0 1 3279 2436 3066 3082
15128 4 2 0 1 339 537 329 1108
15129 4 2 0 1 329 793 1108 525
15130 4 2 0 1 537 329 1108 525
15131 4 2 0 1 405 2903 2862 1206
15132 4 2 0 1 1993 3792 3704 3324
15133 4 2 0 1 2001 3324 2254 2215
15134 4 2 0 1 405 2862 2903 2994
15135 4 2 0 1 581 2673 355 582
15136 4 2 0 1 3279 2436 3067 3066
15137 4 2 0 1 3496 306 491 1162
15138 4 2 0 1 3108 3323 3187 3288
15139 4 2 0 1 3227 3323 3108 3288
15140 4 2 0 1 2435 2958 3288 3152
15141 4 2 0 1 863 2417 487 1093
15142 4 2 0 1 457 2906 960 836
15143 4 2 0 1 362 1212 2906 836
15144 4 2 0 1 3227 2435 3288 3150
15145 4 2 0 1 1993 3792 3324 1995
15146 4 2 0 1 2552 635 2524 2525
15147 4 2 0 1 2557 2526 2525 2414
15148 4 2 0 1 373 376 3401 800
15149 4 2 0 1 2532 2533 3623 2934
15150 4 2 0 1 3288 3698 3152 3187
15151 4 2 0 1 3288 3698 3187 3108
15152 4 2 0 1 2783 888 2982 887
15153 4 2 0 1 1861 3692 2384 2017
15154 4 2 0 1 3150 3227 3108 3288
15155 4 2 0 1 2572 2536 2901 2816
15156 4 2 0 1 749 984 1141 3540
15157 4 2 0 1 3288 2424 3224 3433
15158 4 2 0 1 2757 394 396 395
15159 4 2 0 1 397 1087 396 2903
15160 4 2 0 1 2910 3017 3331 3293
15161 4 2 0 1 1976 2363 1478 3230
15162 4 2 0 1 2910 3331 3017 3661
15163 4 2 0 1 2743 401 2661 406
15164 4 2 0 1 423 2661 2743 2617
15165 4 2 0 1 3691 3319 3093 3092
15166 4 2 0 1 2920 1062 706 3490
15167 4 2 0 1 733 3785 1117 2484
15168 4 2 0 1 706 1062 2920 839
15169 4 2 0 1 3092 3319 3093 3082
15170 4 2 0 1 3718 2948 3018 3151
15171 4 2 0 1 706 1026 2920 3490
15172 4 2 0 1 772 2661 2617 2913
15173 4 2 0 1 435 3603 3546 2499
15174 4 2 0 1 2920 1026 706 839
15175 4 2 0 1 2575 2729 3577 2646
15176 4 2 0 1 3605 1015 667 664
15177 4 2 0 1 2743 2482 3576 400
15178 4 2 0 1 3704 1362 1359 2023
15179 4 2 0 1 3704 1362 2023 3178
15180 4 2 0 1 2645 399 2741 400
15181 4 2 0 1 2743 3576 3578 2740
15182 4 2 0 1 1546 3339 2651 1225
15183 4 2 0 1 1015 3556 1153 664
15184 4 2 0 1 484 2824 2751 2888
15185 4 2 0 1 2480 3582 590 953
15186 4 2 0 1 2117 3218 1869 3164
15187 4 2 0 1 763 3784 814 815
15188 4 2 0 1 56 3780 96 57
15189 4 2 0 1 2174 3687 2083 1352
15190 4 2 0 1 3114 3276 3095 3362
15191 4 2 0 1 2907 2135 1790 3335
15192 4 2 0 1 2907 2135 3335 2774
15193 4 2 0 1 3520 3801 2906 784
15194 4 2 0 1 475 662 472 3520
15195 4 2 0 1 3114 1509 1885 1511
15196 4 2 0 1 3605 666 664 667
15197 4 2 0 1 3371 2656 3372 2655
15198 4 2 0 1 1015 3556 664 3605
15199 4 2 0 1 3114 1509 1511 1510
15200 4 2 0 1 3033 3029 3046 3035
15201 4 2 0 1 3837 1810 3252 3171
15202 4 2 0 1 1754 2800 2105 3281
15203 4 2 0 1 614 500 799 2621
15204 4 2 0 1 3220 2105 3281 2877
15205 4 2 0 1 2482 467 583 1216
15206 4 2 0 1 467 1216 2484 1030
15207 4 2 0 1 3740 3160 3655 2116
15208 4 2 0 1 3835 385 3827 382
15209 4 2 0 1 3736 3236 3240 2876
15210 4 2 0 1 3794 3799 534 3812
15211 4 2 0 1 1045 3794 906 573
15212 4 2 0 1 3736 3236 2876 2691
15213 4 2 0 1 3071 1538 1536 3310
15214 4 2 0 1 3631 3471 3630 2826
15215 4 2 0 1 1413 3104 3105 1416
15216 4 2 0 1 1535 1536 1537 3310
15217 4 2 0 1 3308 1960 3706 2274
15218 4 2 0 1 3827 385 3835 447
15219 4 2 0 1 1607 1583 2703 2087
15220 4 2 0 1 1367 3071 1540 1536
15221 4 2 0 1 3799 534 535 536
15222 4 2 0 1 3308 2087 1960 1607
15223 4 2 0 1 93 2577 579 1086
15224 4 2 0 1 1356 1535 1991 3292
15225 4 2 0 1 1505 1332 2358 3072
15226 4 2 0 1 3113 3310 3216 3225
15227 4 2 0 1 3072 3689 1332 2358
15228 4 2 0 1 1996 3324 1997 1995
15229 4 2 0 1 3001 314 894 825
15230 4 2 0 1 3003 266 2475 268
15231 4 2 0 1 3024 3309 3477 3294
15232 4 2 0 1 802 226 3517 228
15233 4 2 0 1 2471 2786 3487 3762
15234 4 2 0 1 237 2730 2732 773
15235 4 2 0 1 581 647 2412 582
15236 4 2 0 1 3163 1869 3218 3164
15237 4 2 0 1 2412 1112 180 2564
15238 4 2 0 1 2673 581 1014 2412
15239 4 2 0 1 1630 3283 1567 1937
15240 4 2 0 1 2857 3525 267 2935
15241 4 2 0 1 361 593 609 2990
15242 4 2 0 1 2393 3528 726 771
15243 4 2 0 1 108 3002 2934 3623
15244 4 2 0 1 301 299 3001 825
15245 4 2 0 1 624 3391 614 967
15246 4 2 0 1 301 3001 299 2895
15247 4 2 0 1 3818 2002 3324 3019
15248 4 2 0 1 3358 1914 2296 1280
15249 4 2 0 1 3818 2002 3019 1347
15250 4 2 0 1 2561 201 1140 719
15251 4 2 0 1 196 3536 198 719
15252 4 2 0 1 1367 3071 1536 3310
15253 4 2 0 1 3400 3375 2544 2982
15254 4 2 0 1 3528 2672 2544 2982
15255 4 2 0 1 1914 3358 2296 2171
15256 4 2 0 1 2672 566 565 2982
15257 4 2 0 1 2507 35 2506 357
15258 4 2 0 1 3790 2049 1782 1387
15259 4 2 0 1 200 2562 788 190
15260 4 2 0 1 2693 2507 35 2506
15261 4 2 0 1 1367 1535 3310 1536
15262 4 2 0 1 2566 1201 653 186
15263 4 2 0 1 3684 1356 1367 1353
15264 4 2 0 1 2507 35 357 34
15265 4 2 0 1 2589 798 582 2418
15266 4 2 0 1 320 318 319 3404
15267 4 2 0 1 3421 2971 3428 2887
15268 4 2 0 1 3792 3324 1997 2340
15269 4 2 0 1 2760 3328 2193 1664
15270 4 2 0 1 3684 1356 1353 3225
15271 4 2 0 1 1853 1805 3078 1804
15272 4 2 0 1 484 2824 2888 669
15273 4 2 0 1 669 779 670 2824
15274 4 2 0 1 2660 2916 2915 3541
15275 4 2 0 1 3421 2971 2887 2445
15276 4 2 0 1 1805 3044 3078 3040
15277 4 2 0 1 2954 2446 2445 2974
15278 4 2 0 1 2733 2728 464 944
15279 4 2 0 1 2569 2571 3601 2722
15280 4 2 0 1 2905 2648 2571 3562
15281 4 2 0 1 1996 1997 3324 1998
15282 4 2 0 1 3484 3489 1154 140
15283 4 2 0 1 2001 3324 2340 1998
15284 4 2 0 1 3484 141 140 139
15285 4 2 0 1 3792 1997 3324 1995
15286 4 2 0 1 607 3496 2673 2409
15287 4 2 0 1 2078 1795 2193 3315
15288 4 2 0 1 2188 2078 3360 3315
15289 4 2 0 1 563 2672 887 3583
15290 4 2 0 1 1876 3638 2248 2882
15291 4 2 0 1 3583 290 971 2669
15292 4 2 0 1 2672 563 887 565
15293 4 2 0 1 2974 2445 2954 2971
15294 4 2 0 1 3421 2971 2445 2974
15295 4 2 0 1 3656 2973 2972 2971
15296 4 2 0 1 2594 2872 3550 3549
15297 4 2 0 1 2873 2872 3549 2871
15298 4 2 0 1 3550 2872 2871 3549
15299 4 2 0 1 3677 3301 3236 3059
15300 4 2 0 1 2937 1125 649 2862
15301 4 2 0 1 402 1087 399 2903
15302 4 2 0 1 3166 3364 3626 3365
15303 4 2 0 1 3008 3007 2792 2419
15304 4 2 0 1 3603 2727 2732 2899
15305 4 2 0 1 2495 2992 2737 2736
15306 4 2 0 1 2031 2030 3137 3368
15307 4 2 0 1 2575 2729 3603 2727
15308 4 2 0 1 3166 3364 3365 2882
15309 4 2 0 1 2979 2972 2973 2971
15310 4 2 0 1 3799 539 538 540
15311 4 2 0 1 3478 3330 2593 3246
15312 4 2 0 1 3390 2564 2587 2588
15313 4 2 0 1 2834 3531 2563 2549
15314 4 2 0 1 2677 214 216 217
15315 4 2 0 1 2834 2563 3531 2561
15316 4 2 0 1 3555 1003 2999 899
15317 4 2 0 1 3273 3208 3278 3217
15318 4 2 0 1 225 3517 227 2523
15319 4 2 0 1 2737 701 1099 870
15320 4 2 0 1 232 230 2521 231
15321 4 2 0 1 3585 2724 3586 2858
15322 4 2 0 1 585 815 523 3784
15323 4 2 0 1 3822 3535 1173 1020
15324 4 2 0 1 339 3534 337 329
15325 4 2 0 1 3822 1020 1173 814
15326 4 2 0 1 3402 814 763 205
15327 4 2 0 1 3595 3237 2703 3596
15328 4 2 0 1 2575 2850 3450 2539
15329 4 2 0 1 3180 3273 3208 3334
15330 4 2 0 1 2506 3507 824 864
15331 4 2 0 1 2506 979 357 824
15332 4 2 0 1 545 3794 573 544
15333 4 2 0 1 3507 2506 824 3508
15334 4 2 0 1 3794 3799 3812 540
15335 4 2 0 1 1135 3002 835 938
15336 4 2 0 1 2914 2535 2934 106
15337 4 2 0 1 835 3002 2683 938
15338 4 2 0 1 3574 3508 3509 2784
15339 4 2 0 1 3273 3208 3334 3269
15340 4 2 0 1 2532 111 109 3623
15341 4 2 0 1 3711 2058 1975 3144
15342 4 2 0 1 3273 3208 3269 3278
15343 4 2 0 1 416 417 418 807
15344 4 2 0 1 1325 1736 2119 3341
15345 4 2 0 1 572 2913 2481 846
15346 4 2 0 1 1081 2713 304 242
15347 4 2 0 1 249 1157 2970 561
15348 4 2 0 1 1325 1327 3341 3210
15349 4 2 0 1 1325 1736 3341 1327
15350 4 2 0 1 2119 1322 3341 3349
15351 4 2 0 1 2267 1319 2119 3349
15352 4 2 0 1 1322 1325 2119 3341
15353 4 2 0 1 295 277 2895 271
15354 4 2 0 1 713 868 3826 917
15355 4 2 0 1 3597 2824 3609 2802
15356 4 2 0 1 1186 2801 99 2916
15357 4 2 0 1 2980 2801 101 891
15358 4 2 0 1 936 2437 77 935
15359 4 2 0 1 3461 2747 935 2437
15360 4 2 0 1 1322 3210 1325 3341
15361 4 2 0 1 3090 1879 2314 1601
15362 4 2 0 1 1629 3090 2314 1601
15363 4 2 0 1 1321 3138 2081 3091
15364 4 2 0 1 1321 3138 3091 3349
15365 4 2 0 1 3559 2236 1236 1845
15366 4 2 0 1 2584 427 426 428
15367 4 2 0 1 764 1058 426 2709
15368 4 2 0 1 901 450 425 3578
15369 4 2 0 1 285 2668 287 2620
15370 4 2 0 1 2584 764 428 426
15371 4 2 0 1 406 2743 418 2661
15372 4 2 0 1 2743 420 406 418
15373 4 2 0 1 2644 804 427 429
15374 4 2 0 1 3535 1069 783 3534
15375 4 2 0 1 247 1150 1060 2970
15376 4 2 0 1 3712 3691 3195 1893
15377 4 2 0 1 2030 1252 3368 1250
15378 4 2 0 1 1252 2030 3368 3244
15379 4 2 0 1 1269 3672 2263 2336
15380 4 2 0 1 1930 3204 3672 2263
15381 4 2 0 1 3151 3226 3310 3216
15382 4 2 0 1 3736 3198 3240 3191
15383 4 2 0 1 3190 3191 3736 3240
15384 4 2 0 1 3150 3216 3112 3226
15385 4 2 0 1 2552 146 697 3532
15386 4 2 0 1 3189 1726 2060 3191
15387 4 2 0 1 1252 1248 3368 1250
15388 4 2 0 1 2889 3798 514 3786
15389 4 2 0 1 2031 2030 3368 1251
15390 4 2 0 1 1905 1235 48 2457
15391 4 2 0 1 2747 848 795 935
15392 4 2 0 1 957 3605 667 795
15393 4 2 0 1 2538 3525 3526 3374
15394 4 2 0 1 3711 2058 1658 1975
15395 4 2 0 1 956 3461 957 77
15396 4 2 0 1 672 2580 673 674
15397 4 2 0 1 3798 510 516 509
15398 4 2 0 1 2458 2579 2578 2459
15399 4 2 0 1 722 615 624 2459
15400 4 2 0 1 558 2621 2612 799
15401 4 2 0 1 2536 3525 3374 2541
15402 4 2 0 1 3690 2029 1868 2380
15403 4 2 0 1 2896 2898 2823 3430
15404 4 2 0 1 2332 3690 1911 2380
15405 4 2 0 1 2393 2536 2573 3374
15406 4 2 0 1 2707 75 2705 978
15407 4 2 0 1 1134 75 2707 978
15408 4 2 0 1 2595 1047 80 12
15409 4 2 0 1 2393 2536 3374 2541
15410 4 2 0 1 1983 3619 2197 1866
15411 4 2 0 1 2573 3526 2545 3374
15412 4 2 0 1 2393 2573 2545 3374
15413 4 2 0 1 3659 2391 3350 1867
15414 4 2 0 1 3712 1783 3713 3302
15415 4 2 0 1 3659 2391 1867 1866
15416 4 2 0 1 2611 2621 2859 2402
15417 4 2 0 1 652 2480 572 2481
15418 4 2 0 1 111 3622 113 112
15419 4 2 0 1 2727 2730 3603 2732
15420 4 2 0 1 441 919 546 3603
15421 4 2 0 1 3392 2402 2804 2637
15422 4 2 0 1 2621 2804 2859 2402
15423 4 2 0 1 870 754 2992 1122
15424 4 2 0 1 3542 2621 2402 2804
15425 4 2 0 1 237 2531 2732 2529
15426 4 2 0 1 2637 3542 2402 2804
15427 4 2 0 1 2544 2772 2831 2558
15428 4 2 0 1 1215 335 861 3014
15429 4 2 0 1 3178 3317 1365 2183
15430 4 2 0 1 3069 1537 1816 1538
15431 4 2 0 1 2941 1010 630 1044
15432 4 2 0 1 2860 555 933 630
15433 4 2 0 1 2772 2793 2831 2558
15434 4 2 0 1 2557 2394 2558 2554
15435 4 2 0 1 3478 2593 3330 2690
15436 4 2 0 1 2930 2497 2999 2924
15437 4 2 0 1 2524 3488 839 2920
15438 4 2 0 1 533 1079 2413 587
15439 4 2 0 1 2552 3532 2553 2920
15440 4 2 0 1 3084 3700 3069 3110
15441 4 2 0 1 3226 3700 3069 3310
15442 4 2 0 1 2463 2580 673 2578
15443 4 2 0 1 2962 2423 3427 2961
15444 4 2 0 1 3226 3069 3700 3110
15445 4 2 0 1 605 2934 1177 107
15446 4 2 0 1 22 2155 3016 1232
15447 4 2 0 1 21 1101 854 3016
15448 4 2 0 1 3491 137 702 136
15449 4 2 0 1 274 2589 293 2590
15450 4 2 0 1 3046 3045 3035 3670
15451 4 2 0 1 3788 916 999 714
15452 4 2 0 1 350 798 2811 909
15453 4 2 0 1 137 3484 702 140
15454 4 2 0 1 2516 681 701 480
15455 4 2 0 1 2581 2463 1143 2459
15456 4 2 0 1 733 3578 2484 1169
15457 4 2 0 1 681 2922 2516 701
15458 4 2 0 1 511 3787 3819 3815
15459 4 2 0 1 2713 307 315 304
15460 4 2 0 1 3426 2961 3417 2423
15461 4 2 0 1 2434 2742 3262 3218
15462 4 2 0 1 2434 2742 3218 3228
15463 4 2 0 1 3598 609 2990 361
15464 4 2 0 1 2889 433 508 461
15465 4 2 0 1 328 1066 2459 722
15466 4 2 0 1 673 1066 2578 2579
15467 4 2 0 1 2434 2742 3228 3422
15468 4 2 0 1 2922 1007 681 902
15469 4 2 0 1 2903 405 402 1206
15470 4 2 0 1 2757 445 446 396
15471 4 2 0 1 589 869 3833 521
15472 4 2 0 1 2976 2615 2619 2802
15473 4 2 0 1 2863 438 437 657
15474 4 2 0 1 438 881 774 3767
15475 4 2 0 1 881 3815 3787 882
15476 4 2 0 1 2871 2597 2870 2800
15477 4 2 0 1 3580 2434 3267 3266
15478 4 2 0 1 722 615 2459 866
15479 4 2 0 1 881 3815 882 661
15480 4 2 0 1 2541 3526 3374 2545
15481 4 2 0 1 1066 1143 2459 722
15482 4 2 0 1 3489 1154 147 1056
15483 4 2 0 1 463 483 2852 850
15484 4 2 0 1 2446 2821 3462 3418
15485 4 2 0 1 2975 3499 2976 2614
15486 4 2 0 1 640 2614 3563 2710
15487 4 2 0 1 2954 3462 2175 3460
15488 4 2 0 1 640 2614 2710 641
15489 4 2 0 1 3787 881 882 924
15490 4 2 0 1 2393 2541 3374 2545
15491 4 2 0 1 67 2975 66 87
15492 4 2 0 1 644 2975 66 1176
15493 4 2 0 1 2246 1513 3340 66
15494 4 2 0 1 134 2463 2581 3545
15495 4 2 0 1 2463 2581 3545 3538
15496 4 2 0 1 3544 2613 3545 2571
15497 4 2 0 1 2820 153 2476 3601
15498 4 2 0 1 131 133 132 3545
15499 4 2 0 1 2860 2681 2941 2683
15500 4 2 0 1 1293 3195 3194 1498
15501 4 2 0 1 79 1073 3004 921
15502 4 2 0 1 3350 1234 2228 2775
15503 4 2 0 1 215 214 3586 212
15504 4 2 0 1 2500 3504 2664 2809
15505 4 2 0 1 3596 3289 1653 2686
15506 4 2 0 1 2293 9 1231 2872
15507 4 2 0 1 2044 2194 2872 1231
15508 4 2 0 1 1234 1905 2310 2775
15509 4 2 0 1 2762 1754 1253 3281
15510 4 2 0 1 2949 1905 2775 2457
15511 4 2 0 1 3491 704 703 702
15512 4 2 0 1 2140 2869 3281 3177
15513 4 2 0 1 3600 2723 2466 2752
15514 4 2 0 1 2723 3600 2466 2721
15515 4 2 0 1 2997 2777 2640 3575
15516 4 2 0 1 2256 1289 3713 1287
15517 4 2 0 1 3357 1971 3672 3674
15518 4 2 0 1 2881 2882 3264 3638
15519 4 2 0 1 3125 3726 1268 3202
15520 4 2 0 1 1276 3358 2296 1280
15521 4 2 0 1 3061 3679 1822 2259
15522 4 2 0 1 3128 2381 1283 2374
15523 4 2 0 1 3098 3207 3314 3208
15524 4 2 0 1 2630 2833 2677 2676
15525 4 2 0 1 1314 1371 1504 3717
15526 4 2 0 1 3052 2004 1282 1286
15527 4 2 0 1 3233 3126 3124 2868
15528 4 2 0 1 3143 3241 3716 3162
15529 4 2 0 1 3694 3094 3692 1298
15530 4 2 0 1 2392 3694 3084 3692
15531 4 2 0 1 1777 1820 3692 2017
15532 4 2 0 1 2433 3085 3067 3074
15533 4 2 0 1 2392 3694 3692 1298
15534 4 2 0 1 1794 1795 2237 3336
15535 4 2 0 1 1308 3363 3144 1309
15536 4 2 0 1 1794 3336 2237 1895
15537 4 2 0 1 3161 3181 3208 3207
15538 4 2 0 1 3136 3363 1514 3144
15539 4 2 0 1 3161 3208 3181 3278
15540 4 2 0 1 3233 3126 2868 3711
15541 4 2 0 1 1847 2890 2616 68
15542 4 2 0 1 1311 3136 1514 3144
15543 4 2 0 1 2122 2220 3349 3341
15544 4 2 0 1 67 68 1847 2616
15545 4 2 0 1 1315 3138 1317 1316
15546 4 2 0 1 2030 1250 3368 1251
15547 4 2 0 1 2267 1320 1317 3349
15548 4 2 0 1 3497 3501 2890 2488
15549 4 2 0 1 3689 2358 1330 1332
15550 4 2 0 1 1505 1857 3072 2149
15551 4 2 0 1 3451 2196 3079 2313
15552 4 2 0 1 3126 3302 2350 1875
15553 4 2 0 1 2616 1513 1847 67
15554 4 2 0 1 1722 3092 1723 3091
15555 4 2 0 1 3232 1342 1938 1340
15556 4 2 0 1 1344 2128 3739 3331
15557 4 2 0 1 1343 3017 3331 1344
15558 4 2 0 1 3331 1341 1340 3293
15559 4 2 0 1 1332 3075 3073 3072
15560 4 2 0 1 3380 2439 2496 3379
15561 4 2 0 1 3232 3071 1540 3684
15562 4 2 0 1 3000 3380 2496 3379
15563 4 2 0 1 2366 1872 3317 2317
15564 4 2 0 1 1516 2066 1515 3678
15565 4 2 0 1 1302 3748 1966 3217
15566 4 2 0 1 2741 400 399 401
15567 4 2 0 1 2718 2840 2985 2505
15568 4 2 0 1 2741 400 401 2743
15569 4 2 0 1 2200 2956 2045 1718
15570 4 2 0 1 1386 2910 1487 3017
15571 4 2 0 1 3126 1875 2350 2063
15572 4 2 0 1 3208 3224 3334 3098
15573 4 2 0 1 1388 1495 2357 3649
15574 4 2 0 1 3660 1388 2357 3649
15575 4 2 0 1 3187 3733 3185 3698
15576 4 2 0 1 1398 3733 1399 1396
15577 4 2 0 1 2957 1392 3734 3718
15578 4 2 0 1 3529 1183 267 2935
15579 4 2 0 1 3250 3474 3730 3729
15580 4 2 0 1 2494 2812 2810 3381
15581 4 2 0 1 2705 39 38 1228
15582 4 2 0 1 3529 1183 777 267
15583 4 2 0 1 3596 2088 1882 2118
15584 4 2 0 1 2494 2812 2514 2810
15585 4 2 0 1 2524 3488 2920 2555
15586 4 2 0 1 794 2524 2920 2552
15587 4 2 0 1 2026 3308 1836 1642
15588 4 2 0 1 3596 1882 2088 2686
15589 4 2 0 1 3528 777 1032 946
15590 4 2 0 1 3730 3474 3250 3176
15591 4 2 0 1 3308 1835 1836 1642
15592 4 2 0 1 2694 2988 2505 2693
15593 4 2 0 1 3595 1645 1649 1907
15594 4 2 0 1 1398 3733 1400 1399
15595 4 2 0 1 3733 1398 1400 3185
15596 4 2 0 1 2247 3096 3322 3185
15597 4 2 0 1 3733 3188 3187 3322
15598 4 2 0 1 1992 3185 1400 1429
15599 4 2 0 1 2778 2667 2534 356
15600 4 2 0 1 2532 2778 2534 356
15601 4 2 0 1 3522 2667 2534 2778
15602 4 2 0 1 1490 3796 1488 3776
15603 4 2 0 1 2532 3522 2534 2778
15604 4 2 0 1 2861 2987 2836 2840
15605 4 2 0 1 1450 3806 2346 1834
15606 4 2 0 1 1450 3806 1834 3362
15607 4 2 0 1 1437 3095 3106 1435
15608 4 2 0 1 868 300 298 2895
15609 4 2 0 1 2143 3278 2077 2245
15610 4 2 0 1 2861 2837 3751 2836
15611 4 2 0 1 1457 1454 1452 3160
15612 4 2 0 1 1789 1949 2229 3161
15613 4 2 0 1 3105 2966 3291 3314
15614 4 2 0 1 3737 1634 3190 3168
15615 4 2 0 1 3737 3190 1634 3189
15616 4 2 0 1 3177 1873 1874 1788
15617 4 2 0 1 1472 3229 3158 3061
15618 4 2 0 1 2667 2849 3523 3613
15619 4 2 0 1 2990 1074 1110 270
15620 4 2 0 1 3174 2209 1977 1980
15621 4 2 0 1 2556 2394 2856 2558
15622 4 2 0 1 3722 2690 2876 3120
15623 4 2 0 1 1743 3272 3749 1742
15624 4 2 0 1 2415 2982 888 1152
15625 4 2 0 1 3679 1515 1729 1821
15626 4 2 0 1 3388 2394 2554 2856
15627 4 2 0 1 3722 2876 2690 3172
15628 4 2 0 1 3388 2553 2554 2394
15629 4 2 0 1 3387 2553 3388 2551
15630 4 2 0 1 3302 2256 3713 1375
15631 4 2 0 1 1050 1112 758 2564
15632 4 2 0 1 2102 1982 2951 2953
15633 4 2 0 1 2200 3733 1396 1399
15634 4 2 0 1 3650 2147 1878 2909
15635 4 2 0 1 3732 2022 2023 1360
15636 4 2 0 1 3732 2239 2013 2252
15637 4 2 0 1 2254 3704 2214 2215
15638 4 2 0 1 2587 2412 3395 2564
15639 4 2 0 1 3702 3704 1359 2214
15640 4 2 0 1 3679 1515 1821 2066
15641 4 2 0 1 3678 1720 3159 3158
15642 4 2 0 1 1457 1454 3160 2133
15643 4 2 0 1 3214 3160 3159 3254
15644 4 2 0 1 2116 1460 1988 3159
15645 4 2 0 1 3742 2116 1988 3159
15646 4 2 0 1 3678 1720 3158 1986
15647 4 2 0 1 3694 3094 1297 3179
15648 4 2 0 1 3678 1720 1986 2277
15649 4 2 0 1 3678 1720 2277 3159
15650 4 2 0 1 181 182 3390 2564
15651 4 2 0 1 182 181 179 2564
15652 4 2 0 1 3137 2865 3368 2444
15653 4 2 0 1 3032 3159 3252 3158
15654 4 2 0 1 2763 2798 2441 2602
15655 4 2 0 1 3032 3159 3158 3678
15656 4 2 0 1 1549 1612 2882 1551
15657 4 2 0 1 1550 3166 1552 1551
15658 4 2 0 1 191 2562 190 2566
15659 4 2 0 1 3369 3364 3367 1548
15660 4 2 0 1 3244 3137 3206 3363
15661 4 2 0 1 760 1180 3006 2935
15662 4 2 0 1 3714 1859 3312 2206
15663 4 2 0 1 2857 809 2547 2935
15664 4 2 0 1 3714 1859 2206 2016
15665 4 2 0 1 2828 2008 1903 2009
15666 4 2 0 1 3714 1937 2232 3355
15667 4 2 0 1 1589 1574 3196 1587
15668 4 2 0 1 1950 3317 3697 3114
15669 4 2 0 1 3352 3131 3198 3744
15670 4 2 0 1 1589 3196 3746 1587
15671 4 2 0 1 760 1120 1180 2935
15672 4 2 0 1 3746 2069 1587 1588
15673 4 2 0 1 1923 1731 3710 2270
15674 4 2 0 1 1600 3090 1601 1583
15675 4 2 0 1 3163 3304 3193 3089
15676 4 2 0 1 2854 2546 2935 2574
15677 4 2 0 1 3634 2583 2845 3500
15678 4 2 0 1 1960 3706 2138 2087
15679 4 2 0 1 1596 3342 1595 1597
15680 4 2 0 1 1595 3706 1594 1593
15681 4 2 0 1 3342 2271 1595 1597
15682 4 2 0 1 3450 3447 3634 2845
15683 4 2 0 1 3163 3304 3089 2434
15684 4 2 0 1 3077 1628 1611 2199
15685 4 2 0 1 2925 2447 3618 3000
15686 4 2 0 1 2582 3500 2845 2583
15687 4 2 0 1 3511 2724 2846 2725
15688 4 2 0 1 2074 3593 1671 1913
15689 4 2 0 1 3308 2311 1646 2026
15690 4 2 0 1 2845 2575 2844 2584
15691 4 2 0 1 1617 3077 1611 2199
15692 4 2 0 1 1640 1641 3274 1627
15693 4 2 0 1 1626 1640 3274 1627
15694 4 2 0 1 2549 157 915 1067
15695 4 2 0 1 3634 2583 3500 2492
15696 4 2 0 1 3304 3193 3089 3088
15697 4 2 0 1 3176 3346 3204 3730
15698 4 2 0 1 2584 3546 2583 2845
15699 4 2 0 1 3248 3053 3672 3054
15700 4 2 0 1 3745 1843 1679 2309
15701 4 2 0 1 3346 1285 3204 3730
15702 4 2 0 1 2019 3021 1734 1735
15703 4 2 0 1 1909 2326 1734 3351
15704 4 2 0 1 3707 3708 3710 3121
15705 4 2 0 1 3308 2026 1646 1616
15706 4 2 0 1 915 157 2549 1072
15707 4 2 0 1 2168 3100 3096 3207
15708 4 2 0 1 3595 1651 1649 1650
15709 4 2 0 1 1662 1663 3326 3339
15710 4 2 0 1 3228 2649 2650 3498
15711 4 2 0 1 3260 2351 2386 1939
15712 4 2 0 1 2618 2485 2742 3497
15713 4 2 0 1 2088 2118 3596 1907
15714 4 2 0 1 2702 1907 2074 1499
15715 4 2 0 1 1671 2074 1499 2702
15716 4 2 0 1 2686 1614 2943 2169
15717 4 2 0 1 1671 2688 2702 1499
15718 4 2 0 1 1950 3697 3317 1365
15719 4 2 0 1 3157 1680 3250 3745
15720 4 2 0 1 1684 2070 3250 1680
15721 4 2 0 1 2628 13 3327 2323
15722 4 2 0 1 2689 3282 3108 3698
15723 4 2 0 1 1623 1637 3245 1621
15724 4 2 0 1 3731 2239 1696 1695
15725 4 2 0 1 2954 2175 3462 2953
15726 4 2 0 1 3118 3027 3664 3117
15727 4 2 0 1 3018 3216 3660 3718
15728 4 2 0 1 1700 3353 1698 1697
15729 4 2 0 1 3771 1702 1700 3770
15730 4 2 0 1 3754 3377 3452 3378
15731 4 2 0 1 3154 3153 3284 3729
15732 4 2 0 1 2140 3177 3281 2306
15733 4 2 0 1 2873 3220 3729 2877
15734 4 2 0 1 2874 2591 3637 3285
15735 4 2 0 1 1475 3061 3230 3229
15736 4 2 0 1 3197 1829 2090 1624
15737 4 2 0 1 3743 3061 3229 3230
15738 4 2 0 1 2798 2600 2604 3554
15739 4 2 0 1 3249 3240 3198 3197
15740 4 2 0 1 2798 2600 3554 2602
15741 4 2 0 1 2602 3554 2441 2603
15742 4 2 0 1 2158 3168 1936 2209
15743 4 2 0 1 3196 3131 1569 3191
15744 4 2 0 1 3330 3198 3249 2876
15745 4 2 0 1 1590 3196 3240 3197
15746 4 2 0 1 3202 1266 3726 1268
15747 4 2 0 1 2599 2603 3554 2602
15748 4 2 0 1 3118 3664 3027 3026
15749 4 2 0 1 2923 3617 2651 2924
15750 4 2 0 1 2058 1975 3144 1521
15751 4 2 0 1 1312 3717 1314 1313
15752 4 2 0 1 3126 1975 3711 1888
15753 4 2 0 1 3182 3282 3108 2689
15754 4 2 0 1 2497 2764 3616 2441
15755 4 2 0 1 2497 2930 2491 2924
15756 4 2 0 1 1410 3097 2020 1407
15757 4 2 0 1 1747 1934 1933 3642
15758 4 2 0 1 1293 3195 1498 1770
15759 4 2 0 1 2827 2625 2947 2825
15760 4 2 0 1 1849 3199 3218 3200
15761 4 2 0 1 2827 3568 2623 2625
15762 4 2 0 1 3195 1893 2244 3712
15763 4 2 0 1 2624 1232 3016 2623
15764 4 2 0 1 1293 3195 1770 2244
15765 4 2 0 1 1303 3712 1291 2244
15766 4 2 0 1 2632 2648 3561 2634
15767 4 2 0 1 2768 3560 2647 2859
15768 4 2 0 1 1326 3690 2332 1327
15769 4 2 0 1 3109 3733 3186 3698
15770 4 2 0 1 2948 3290 3651 2951
15771 4 2 0 1 1387 1388 3660 1389
15772 4 2 0 1 2168 3096 3100 3097
15773 4 2 0 1 2611 3544 3560 2647
15774 4 2 0 1 3109 3733 3698 3185
15775 4 2 0 1 2242 3035 1922 3029
15776 4 2 0 1 3066 3683 3069 3065
15777 4 2 0 1 2467 3397 3600 2752
15778 4 2 0 1 3397 2648 3600 2752
15779 4 2 0 1 3128 2381 3321 1283
15780 4 2 0 1 3747 1814 2089 3217
15781 4 2 0 1 3195 3238 3239 3305
15782 4 2 0 1 1783 3712 1289 1303
15783 4 2 0 1 3046 3035 3045 3033
15784 4 2 0 1 1967 3749 2255 3747
15785 4 2 0 1 1930 1638 3672 3204
15786 4 2 0 1 3745 3246 3245 3204
15787 4 2 0 1 3070 3683 3018 3151
15788 4 2 0 1 3066 3683 3065 3070
15789 4 2 0 1 1285 2121 3204 3730
15790 4 2 0 1 3329 3308 1836 2026
15791 4 2 0 1 3308 3329 1836 1835
15792 4 2 0 1 3066 3683 3070 3151
15793 4 2 0 1 3329 2311 2027 3708
15794 4 2 0 1 1417 3034 1416 1418
15795 4 2 0 1 3709 1641 3274 3708
15796 4 2 0 1 3308 1835 1960 2274
15797 4 2 0 1 2618 2485 3497 2616
15798 4 2 0 1 3688 3072 3065 3070
15799 4 2 0 1 3260 2351 1939 1224
15800 4 2 0 1 69 2488 82 2486
15801 4 2 0 1 2929 2442 3345 3580
15802 4 2 0 1 1467 2114 3171 2383
15803 4 2 0 1 1952 1538 1880 3065
15804 4 2 0 1 1880 1858 3065 1877
15805 4 2 0 1 1030 3775 759 2484
15806 4 2 0 1 717 568 1030 2643
15807 4 2 0 1 2490 2923 1 2651
15808 4 2 0 1 3775 2643 264 2484
15809 4 2 0 1 2608 2970 2643 264
15810 4 2 0 1 3266 1663 3326 2145
15811 4 2 0 1 1661 3218 2145 2068
15812 4 2 0 1 3051 3035 3045 3670
15813 4 2 0 1 1858 1857 3065 1877
15814 4 2 0 1 3317 1525 3114 1950
15815 4 2 0 1 1857 3072 3065 1877
15816 4 2 0 1 3171 2114 1467 2342
15817 4 2 0 1 1241 2227 1242 3320
15818 4 2 0 1 1241 1242 1243 3320
15819 4 2 0 1 5 2227 1241 3320
15820 4 2 0 1 3317 1525 1950 1872
15821 4 2 0 1 1030 2483 467 562
15822 4 2 0 1 562 717 1030 2643
15823 4 2 0 1 3171 2238 1467 2383
15824 4 2 0 1 3051 3045 3035 3033
15825 4 2 0 1 2949 2147 1793 1958
15826 4 2 0 1 2828 2808 2075 2079
15827 4 2 0 1 3633 3626 1719 2828
15828 4 2 0 1 3109 3733 3185 1398
15829 4 2 0 1 666 768 3384 2528
15830 4 2 0 1 2845 2584 2709 2583
15831 4 2 0 1 2359 2073 1419 3041
15832 4 2 0 1 1853 3078 2331 2134
15833 4 2 0 1 3608 93 2577 579
15834 4 2 0 1 3611 1809 3608 3335
15835 4 2 0 1 2894 2845 2709 2582
15836 4 2 0 1 3023 3078 3044 3040
15837 4 2 0 1 423 456 2617 455
15838 4 2 0 1 3023 3044 3078 3020
15839 4 2 0 1 1622 3197 1621 1592
15840 4 2 0 1 2712 2751 2824 2662
15841 4 2 0 1 2711 2712 2824 2662
15842 4 2 0 1 570 3012 3584 3010
15843 4 2 0 1 1439 3796 3106 3362
15844 4 2 0 1 1519 2202 3106 2284
15845 4 2 0 1 2409 2779 2395 2587
15846 4 2 0 1 2382 3284 1685 1957
15847 4 2 0 1 495 875 492 3581
15848 4 2 0 1 1715 3729 3284 1685
15849 4 2 0 1 2382 3284 1957 1717
15850 4 2 0 1 3284 1715 1685 1957
15851 4 2 0 1 3216 3660 3703 3019
15852 4 2 0 1 3216 3703 3113 3225
15853 4 2 0 1 1693 1692 1481 3109
15854 4 2 0 1 2583 2709 2845 2582
15855 4 2 0 1 3584 3012 570 2543
15856 4 2 0 1 3003 3496 306 2475
15857 4 2 0 1 1935 2158 1900 3230
15858 4 2 0 1 3495 3003 2475 3496
15859 4 2 0 1 2681 2533 2683 2685
15860 4 2 0 1 2681 2533 2685 2626
15861 4 2 0 1 1620 3737 2166 1604
15862 4 2 0 1 3000 3419 3385 3469
15863 4 2 0 1 3109 3733 1398 3186
15864 4 2 0 1 3567 2893 2688 2686
15865 4 2 0 1 3567 2626 2624 2682
15866 4 2 0 1 3196 2165 1572 2082
15867 4 2 0 1 2706 2705 1797 2704
15868 4 2 0 1 1993 3792 1995 2252
15869 4 2 0 1 2706 1798 1797 2692
15870 4 2 0 1 1798 1796 1797 2692
15871 4 2 0 1 3324 2001 2340 2215
15872 4 2 0 1 1560 3356 1557 1559
15873 4 2 0 1 2129 1796 2692 2280
15874 4 2 0 1 3292 3705 1361 1357
15875 4 2 0 1 3702 3019 2152 3225
15876 4 2 0 1 3590 2280 2692 2693
15877 4 2 0 1 3232 1342 1340 3331
15878 4 2 0 1 1354 3702 3225 1357
15879 4 2 0 1 3590 2280 2693 1221
15880 4 2 0 1 2952 2823 3629 2822
15881 4 2 0 1 1972 3565 2056 2682
15882 4 2 0 1 1953 1769 3566 1768
15883 4 2 0 1 1908 3090 1879 2314
15884 4 2 0 1 3632 1955 2808 2258
15885 4 2 0 1 3595 3237 3596 2702
15886 4 2 0 1 1903 3632 2828 2258
15887 4 2 0 1 1780 1781 3193 1327
15888 4 2 0 1 1780 3341 1736 1327
15889 4 2 0 1 3628 2502 2947 3505
15890 4 2 0 1 2029 3690 3193 1781
15891 4 2 0 1 1732 2760 2078 2334
15892 4 2 0 1 3115 3135 3235 3237
15893 4 2 0 1 2352 3341 3303 3148
15894 4 2 0 1 3135 3115 3506 3237
15895 4 2 0 1 2929 3503 2491 2650
15896 4 2 0 1 1967 3747 2255 2089
15897 4 2 0 1 2717 2715 3483 2652
15898 4 2 0 1 2716 3581 2717 3496
15899 4 2 0 1 3375 2982 2393 2544
15900 4 2 0 1 3052 3654 3748 3713
15901 4 2 0 1 3234 2100 3312 1656
15902 4 2 0 1 2991 1091 259 3006
15903 4 2 0 1 3355 3165 3134 3116
15904 4 2 0 1 361 982 950 3598
15905 4 2 0 1 3598 333 315 361
15906 4 2 0 1 2393 2982 3375 2983
15907 4 2 0 1 3598 333 361 2990
15908 4 2 0 1 2715 2716 3598 332
15909 4 2 0 1 2060 1990 1691 3191
15910 4 2 0 1 3197 1624 2090 1592
15911 4 2 0 1 2716 950 3598 332
15912 4 2 0 1 2217 2276 3136 1778
15913 4 2 0 1 3666 3047 3665 3099
15914 4 2 0 1 3598 609 361 982
15915 4 2 0 1 3459 2444 3139 2866
15916 4 2 0 1 3145 3242 3715 3211
15917 4 2 0 1 2715 2716 332 2652
15918 4 2 0 1 3742 2139 1988 2061
15919 4 2 0 1 2985 3408 2705 2421
15920 4 2 0 1 3652 2962 2963 3653
15921 4 2 0 1 2796 2848 2897 2706
15922 4 2 0 1 2796 1219 2109 1542
15923 4 2 0 1 2648 2571 3397 2722
15924 4 2 0 1 2648 2571 2722 3601
15925 4 2 0 1 2648 3397 2571 2613
15926 4 2 0 1 3312 1656 2086 3076
15927 4 2 0 1 2699 2694 3592 2700
15928 4 2 0 1 1594 1656 3076 2086
15929 4 2 0 1 1634 1619 3737 3189
15930 4 2 0 1 1599 1602 3737 1603
15931 4 2 0 1 1619 3737 1620 1604
15932 4 2 0 1 2304 3312 2086 2085
15933 4 2 0 1 3312 2085 3189 2086
15934 4 2 0 1 2842 2431 2918 2548
15935 4 2 0 1 3075 2977 2911 3686
15936 4 2 0 1 3737 1597 1598 1599
15937 4 2 0 1 3348 3619 2774 3620
15938 4 2 0 1 71 86 2490 94
15939 4 2 0 1 2727 2730 2732 2731
15940 4 2 0 1 1237 54 2167 3644
15941 4 2 0 1 2930 2489 2931 2999
15942 4 2 0 1 1862 3643 2316 53
15943 4 2 0 1 1246 1245 3333 1247
15944 4 2 0 1 2404 2479 2859 3493
15945 4 2 0 1 2872 2873 2877 2871
15946 4 2 0 1 2426 3344 3277 3436
15947 4 2 0 1 1245 2078 3370 3360
15948 4 2 0 1 2103 1725 3168 2065
15949 4 2 0 1 2426 3277 3344 3086
15950 4 2 0 1 2398 2727 2731 2729
15951 4 2 0 1 3231 2018 2192 1628
15952 4 2 0 1 3166 1554 3626 1552
15953 4 2 0 1 3166 1554 1552 1553
15954 4 2 0 1 1636 3166 1553 3165
15955 4 2 0 1 1556 2025 3165 1554
15956 4 2 0 1 3734 3152 2956 2957
15957 4 2 0 1 2727 2730 2731 2729
15958 4 2 0 1 1425 1426 3167 2234
15959 4 2 0 1 2956 3152 3734 3188
15960 4 2 0 1 2706 1798 2692 3589
15961 4 2 0 1 2988 2693 2692 2280
15962 4 2 0 1 2698 2389 3078 1672
15963 4 2 0 1 3714 2206 1647 2016
15964 4 2 0 1 3135 3633 3133 3235
15965 4 2 0 1 3714 1937 2016 2232
15966 4 2 0 1 1630 1937 2016 3283
15967 4 2 0 1 3498 2742 2485 3497
15968 4 2 0 1 3340 2618 2485 3199
15969 4 2 0 1 3360 3336 2237 3315
15970 4 2 0 1 2890 2485 2616 3497
15971 4 2 0 1 3498 2890 3497 2485
15972 4 2 0 1 3270 3321 3681 3052
15973 4 2 0 1 3705 3702 1357 3113
15974 4 2 0 1 2613 3544 2611 2647
15975 4 2 0 1 3544 3397 2613 2571
15976 4 2 0 1 3168 3230 2691 3174
15977 4 2 0 1 2816 908 943 454
15978 4 2 0 1 2407 2768 3560 2647
15979 4 2 0 1 2407 2610 2647 3560
15980 4 2 0 1 3544 3397 2571 2610
15981 4 2 0 1 1813 1307 2302 3363
15982 4 2 0 1 3361 3368 3336 2865
15983 4 2 0 1 3680 3321 3681 3270
15984 4 2 0 1 622 2519 1005 1049
15985 4 2 0 1 3479 2455 3298 2454
15986 4 2 0 1 2287 3638 2248 1844
15987 4 2 0 1 2535 23 2298 24
15988 4 2 0 1 3568 2968 2622 2623
15989 4 2 0 1 3298 3479 2454 3305
15990 4 2 0 1 24 2535 2682 2298
15991 4 2 0 1 3530 2396 2854 2773
15992 4 2 0 1 2736 2465 2738 2918
15993 4 2 0 1 1679 3157 1677 3745
15994 4 2 0 1 1275 1277 3055 1276
15995 4 2 0 1 3745 2070 1679 1680
15996 4 2 0 1 406 2661 418 807
15997 4 2 0 1 3103 2964 2455 3432
15998 4 2 0 1 2454 2455 2964 3432
15999 4 2 0 1 3025 3118 3309 3122
16000 4 2 0 1 1804 3590 2221 1927
16001 4 2 0 1 2684 2947 3338 2688
16002 4 2 0 1 2464 2854 2773 2731
16003 4 2 0 1 3338 2947 2684 3648
16004 4 2 0 1 3054 3248 3058 3677
16005 4 2 0 1 3054 3058 3248 3053
16006 4 2 0 1 1721 2161 2231 3327
16007 4 2 0 1 2780 2668 2670 2782
16008 4 2 0 1 2856 2771 2782 2558
16009 4 2 0 1 2851 2856 2782 3388
16010 4 2 0 1 3353 2146 2375 1787
16011 4 2 0 1 3317 1962 3306 1366
16012 4 2 0 1 2851 2856 3388 2817
16013 4 2 0 1 3046 3029 3033 3668
16014 4 2 0 1 1847 3340 3354 1848
16015 4 2 0 1 3761 3763 3465 2946
16016 4 2 0 1 2907 3657 2776 2977
16017 4 2 0 1 67 68 2616 3501
16018 4 2 0 1 1939 1659 3260 1987
16019 4 2 0 1 1513 3340 1847 1848
16020 4 2 0 1 724 1094 1041 2982
16021 4 2 0 1 1094 430 1041 2983
16022 4 2 0 1 2776 2774 3657 2907
16023 4 2 0 1 2668 288 2669 3583
16024 4 2 0 1 3467 3412 2447 3407
16025 4 2 0 1 2570 2408 2679 2726
16026 4 2 0 1 3538 3560 2568 2402
16027 4 2 0 1 3621 2532 111 2778
16028 4 2 0 1 2681 2684 2944 2688
16029 4 2 0 1 2570 2770 2567 2904
16030 4 2 0 1 2905 167 2820 3601
16031 4 2 0 1 2570 2408 2726 2568
16032 4 2 0 1 2417 487 3404 2884
16033 4 2 0 1 2417 2902 3404 2416
16034 4 2 0 1 3758 3380 2496 3419
16035 4 2 0 1 2742 2429 3199 2618
16036 4 2 0 1 2894 2938 2438 2746
16037 4 2 0 1 2892 2618 2438 2891
16038 4 2 0 1 2938 2892 2438 2891
16039 4 2 0 1 3658 2776 3657 2977
16040 4 2 0 1 2907 3645 3656 2973
16041 4 2 0 1 3267 3428 3304 2434
16042 4 2 0 1 3658 3657 2776 3659
16043 4 2 0 1 2615 3597 3609 2802
16044 4 2 0 1 416 2661 2913 807
16045 4 2 0 1 2926 3758 2432 2496
16046 4 2 0 1 408 2480 2863 2481
16047 4 2 0 1 3493 2621 3494 2479
16048 4 2 0 1 861 1166 3012 686
16049 4 2 0 1 861 3012 1166 3011
16050 4 2 0 1 3588 3294 3039 3667
16051 4 2 0 1 3177 2869 3140 3223
16052 4 2 0 1 2044 3284 2368 1957
16053 4 2 0 1 7 1227 2871 2292
16054 4 2 0 1 3010 3012 1166 686
16055 4 2 0 1 3010 1166 3012 3011
16056 4 2 0 1 2569 3492 2476 2640
16057 4 2 0 1 3609 3610 2803 2749
16058 4 2 0 1 2799 2597 2762 3258
16059 4 2 0 1 2866 3361 2762 3258
16060 4 2 0 1 705 706 803 3490
16061 4 2 0 1 123 137 138 2469
16062 4 2 0 1 803 3488 1062 1156
16063 4 2 0 1 3609 2803 3610 2510
16064 4 2 0 1 3456 2597 3552 2799
16065 4 2 0 1 1206 2862 437 1012
16066 4 2 0 1 1425 3167 1426 3707
16067 4 2 0 1 2862 1132 437 1012
16068 4 2 0 1 2937 810 649 459
16069 4 2 0 1 2956 1886 2362 2301
16070 4 2 0 1 1083 1132 2863 810
16071 4 2 0 1 3267 3344 3615 3268
16072 4 2 0 1 2928 2601 2765 3616
16073 4 2 0 1 2190 2968 19 20
16074 4 2 0 1 3493 2621 2479 2859
16075 4 2 0 1 3596 1646 1616 2703
16076 4 2 0 1 2956 1886 2301 3629
16077 4 2 0 1 1645 3596 1616 1615
16078 4 2 0 1 531 2669 532 529
16079 4 2 0 1 2849 2640 3522 2853
16080 4 2 0 1 266 3003 1054 269
16081 4 2 0 1 2681 2944 2685 2942
16082 4 2 0 1 2853 2685 3509 2508
16083 4 2 0 1 2737 474 2495 2516
16084 4 2 0 1 3542 2523 2637 2459
16085 4 2 0 1 281 802 1099 2787
16086 4 2 0 1 1039 2809 2627 89
16087 4 2 0 1 464 2730 238 237
16088 4 2 0 1 2968 20 21 74
16089 4 2 0 1 239 2733 2715 2529
16090 4 2 0 1 2605 3754 3382 2840
16091 4 2 0 1 3560 3392 2609 2402
16092 4 2 0 1 3483 2531 2529 2818
16093 4 2 0 1 2529 2464 3483 2818
16094 4 2 0 1 3483 968 504 820
16095 4 2 0 1 496 494 3581 495
16096 4 2 0 1 2544 2543 2540 2772
16097 4 2 0 1 3528 777 946 770
16098 4 2 0 1 3325 2968 2622 2809
16099 4 2 0 1 2968 3504 2622 2809
16100 4 2 0 1 408 409 2481 407
16101 4 2 0 1 2733 2854 2731 2547
16102 4 2 0 1 1067 3489 2549 157
16103 4 2 0 1 531 532 2669 2671
16104 4 2 0 1 3393 2993 2462 3372
16105 4 2 0 1 2634 1064 633 1008
16106 4 2 0 1 1334 3075 1335 1333
16107 4 2 0 1 2723 859 2550 633
16108 4 2 0 1 2723 1154 1056 704
16109 4 2 0 1 595 3534 2560 292
16110 4 2 0 1 3534 2669 2560 292
16111 4 2 0 1 292 595 1000 2560
16112 4 2 0 1 595 3402 1000 2560
16113 4 2 0 1 2396 2921 2773 3371
16114 4 2 0 1 716 3562 2612 2411
16115 4 2 0 1 2462 3371 3372 2655
16116 4 2 0 1 2725 2458 3516 3511
16117 4 2 0 1 2576 532 2669 529
16118 4 2 0 1 2579 3511 2458 2724
16119 4 2 0 1 3430 2896 3045 3103
16120 4 2 0 1 2458 2522 3510 2579
16121 4 2 0 1 2579 3511 2724 2517
16122 4 2 0 1 3768 3293 3017 1884
16123 4 2 0 1 2394 2856 2558 2554
16124 4 2 0 1 2671 2780 2669 2670
16125 4 2 0 1 2851 3388 2400 2817
16126 4 2 0 1 2769 2553 2554 2768
16127 4 2 0 1 2589 2587 2419 2418
16128 4 2 0 1 911 2416 1000 3402
16129 4 2 0 1 3011 3007 1202 1075
16130 4 2 0 1 1877 3688 2108 2130
16131 4 2 0 1 3027 3351 3026 3664
16132 4 2 0 1 2589 3007 2419 2792
16133 4 2 0 1 2566 3390 2418 2401
16134 4 2 0 1 1248 1249 3333 3368
16135 4 2 0 1 3006 2546 260 2991
16136 4 2 0 1 3006 1091 256 2990
16137 4 2 0 1 2715 2716 2652 2717
16138 4 2 0 1 3288 2424 3433 2958
16139 4 2 0 1 572 2913 845 652
16140 4 2 0 1 2609 2637 3393 2458
16141 4 2 0 1 2629 3131 3744 3265
16142 4 2 0 1 1677 3157 1676 3744
16143 4 2 0 1 3330 3719 3721 3265
16144 4 2 0 1 3249 3240 3197 3058
16145 4 2 0 1 3166 2373 1553 1551
16146 4 2 0 1 3134 3115 3133 3132
16147 4 2 0 1 3514 2922 2516 2514
16148 4 2 0 1 2448 3512 2518 3468
16149 4 2 0 1 2350 1375 3126 2063
16150 4 2 0 1 3274 1741 2032 2113
16151 4 2 0 1 3394 2465 3573 2919
16152 4 2 0 1 2719 2754 2985 2840
16153 4 2 0 1 2719 2754 2840 2605
16154 4 2 0 1 2539 2573 2548 2850
16155 4 2 0 1 3228 2649 3260 3326
16156 4 2 0 1 2618 2485 3199 2742
16157 4 2 0 1 864 357 2506 35
16158 4 2 0 1 2586 2660 3612 2658
16159 4 2 0 1 2650 2891 3503 3579
16160 4 2 0 1 2655 2545 2548 2773
16161 4 2 0 1 2537 2483 2538 2398
16162 4 2 0 1 2537 2483 2398 2547
16163 4 2 0 1 2483 466 580 2538
16164 4 2 0 1 3494 2411 808 559
16165 4 2 0 1 3011 3007 1075 2792
16166 4 2 0 1 1202 3011 1075 1166
16167 4 2 0 1 971 289 2669 821
16168 4 2 0 1 3066 3068 2433 3290
16169 4 2 0 1 3070 2433 3066 3068
16170 4 2 0 1 2849 3522 3523 2666
16171 4 2 0 1 2786 2503 3487 2835
16172 4 2 0 1 2596 2604 3551 2600
16173 4 2 0 1 3575 2408 2642 2679
16174 4 2 0 1 2579 2523 2459 2458
16175 4 2 0 1 3494 808 2411 2403
16176 4 2 0 1 3432 2454 3423 3653
16177 4 2 0 1 3685 3310 3683 3071
16178 4 2 0 1 2596 2604 2600 2519
16179 4 2 0 1 3475 3285 3024 3309
16180 4 2 0 1 2019 1909 3041 1419
16181 4 2 0 1 2706 2705 2704 3408
16182 4 2 0 1 2705 1796 2692 1797
16183 4 2 0 1 2988 2280 2692 37
16184 4 2 0 1 2706 2705 3408 2692
16185 4 2 0 1 3024 3285 2874 3477
16186 4 2 0 1 2796 2848 2706 2704
16187 4 2 0 1 2897 3311 2796 2706
16188 4 2 0 1 3683 3310 3685 3018
16189 4 2 0 1 529 2669 526 528
16190 4 2 0 1 3683 3682 3685 3071
16191 4 2 0 1 2735 1156 3488 2470
16192 4 2 0 1 3762 3761 2946 3763
16193 4 2 0 1 3434 3257 2443 3344
16194 4 2 0 1 1698 3770 1700 1701
16195 4 2 0 1 3508 2641 2504 2784
16196 4 2 0 1 1787 3770 3306 1728
16197 4 2 0 1 1204 526 2669 528
16198 4 2 0 1 2398 2727 2729 2575
16199 4 2 0 1 2731 2918 2548 2773
16200 4 2 0 1 3070 3686 3075 2911
16201 4 2 0 1 3413 2790 3411 2449
16202 4 2 0 1 2531 232 2521 231
16203 4 2 0 1 229 2635 2521 231
16204 4 2 0 1 802 1099 2787 701
16205 4 2 0 1 3685 3682 3683 3018
16206 4 2 0 1 3481 2520 3515 3514
16207 4 2 0 1 64 603 65 2748
16208 4 2 0 1 2712 3499 2976 2615
16209 4 2 0 1 2095 2345 63 3606
16210 4 2 0 1 401 2743 2661 2741
16211 4 2 0 1 2916 2757 2915 747
16212 4 2 0 1 908 2816 943 2879
16213 4 2 0 1 3070 3686 2911 3201
16214 4 2 0 1 3639 1901 1223 2187
16215 4 2 0 1 2903 776 396 446
16216 4 2 0 1 3299 2933 2960 2959
16217 4 2 0 1 1921 3297 1414 3030
16218 4 2 0 1 2606 2847 2996 3559
16219 4 2 0 1 3639 1901 3638 1223
16220 4 2 0 1 2414 2814 2555 2769
16221 4 2 0 1 2817 3387 2554 3388
16222 4 2 0 1 3327 1223 3639 3638
16223 4 2 0 1 156 1156 2472 803
16224 4 2 0 1 3484 149 1137 705
16225 4 2 0 1 803 3488 1156 2472
16226 4 2 0 1 152 155 154 3574
16227 4 2 0 1 2905 2648 3562 172
16228 4 2 0 1 2445 2939 3757 2885
16229 4 2 0 1 3708 3167 3707 1426
16230 4 2 0 1 3558 45 941 44
16231 4 2 0 1 2794 1219 3359 43
16232 4 2 0 1 3599 2707 2794 862
16233 4 2 0 1 2638 2621 3542 2804
16234 4 2 0 1 3030 3102 3098 3104
16235 4 2 0 1 2445 2939 2885 2437
16236 4 2 0 1 1152 3827 811 920
16237 4 2 0 1 3552 2602 2601 2599
16238 4 2 0 1 280 2922 1007 2787
16239 4 2 0 1 718 2489 876 473
16240 4 2 0 1 2995 2747 3461 2885
16241 4 2 0 1 2922 280 2520 2787
16242 4 2 0 1 3641 3665 3047 3099
16243 4 2 0 1 2995 3461 2747 3605
16244 4 2 0 1 3605 2747 2995 2745
16245 4 2 0 1 3325 1503 2805 2226
16246 4 2 0 1 2828 3626 1719 2075
16247 4 2 0 1 3505 2827 2893 2947
16248 4 2 0 1 854 106 22 3016
16249 4 2 0 1 532 2669 2780 2576
16250 4 2 0 1 2825 2945 2947 3630
16251 4 2 0 1 3567 2684 2626 2681
16252 4 2 0 1 3567 2684 2681 2688
16253 4 2 0 1 3759 2747 2995 2885
16254 4 2 0 1 3023 3033 2427 3040
16255 4 2 0 1 3648 2501 2946 2699
16256 4 2 0 1 3005 2663 3630 2945
16257 4 2 0 1 3296 2420 2848 2897
16258 4 2 0 1 1037 44 2794 103
16259 4 2 0 1 3429 2425 3618 3425
16260 4 2 0 1 2861 3469 3385 3409
16261 4 2 0 1 2707 3408 2754 2794
16262 4 2 0 1 3759 2995 2747 2745
16263 4 2 0 1 3454 2798 2855 2604
16264 4 2 0 1 3413 2450 2449 3412
16265 4 2 0 1 60 787 91 2967
16266 4 2 0 1 2903 446 1125 776
16267 4 2 0 1 776 2862 1012 1011
16268 4 2 0 1 3564 2913 2481 2662
16269 4 2 0 1 2888 452 459 484
16270 4 2 0 1 3220 2105 2877 2871
16271 4 2 0 1 3456 2597 2799 3258
16272 4 2 0 1 3497 3501 2488 3499
16273 4 2 0 1 2881 3639 2591 3284
16274 4 2 0 1 3218 1850 2386 3354
16275 4 2 0 1 1224 2890 3260 2485
16276 4 2 0 1 994 2751 3597 2839
16277 4 2 0 1 2617 2740 2709 2741
16278 4 2 0 1 2928 3344 3429 3434
16279 4 2 0 1 2132 3307 3343 1801
16280 4 2 0 1 3345 3429 2928 3344
16281 4 2 0 1 2595 2878 3327 2872
16282 4 2 0 1 3311 2932 2933 3051
16283 4 2 0 1 1035 1179 457 2906
16284 4 2 0 1 3639 1901 2881 3638
16285 4 2 0 1 3801 364 363 365
16286 4 2 0 1 582 3390 2587 2418
16287 4 2 0 1 2916 2757 747 1186
16288 4 2 0 1 582 3390 2418 648
16289 4 2 0 1 2595 2917 3327 11
16290 4 2 0 1 1186 878 747 2916
16291 4 2 0 1 2916 2757 1186 2511
16292 4 2 0 1 2801 879 99 2916
16293 4 2 0 1 2594 2878 2595 2872
16294 4 2 0 1 2511 2801 1186 2916
16295 4 2 0 1 3380 3000 3419 2440
16296 4 2 0 1 3385 2995 3419 2745
16297 4 2 0 1 3288 3698 3108 3150
16298 4 2 0 1 3186 3152 3698 3733
16299 4 2 0 1 2442 3579 2927 2650
16300 4 2 0 1 2442 3579 2926 2927
16301 4 2 0 1 3615 3267 3580 3345
16302 4 2 0 1 900 599 1168 3531
16303 4 2 0 1 3567 2688 2893 2625
16304 4 2 0 1 3288 3698 3150 3152
16305 4 2 0 1 647 582 2564 2412
16306 4 2 0 1 582 647 2564 648
16307 4 2 0 1 1113 31 30 2943
16308 4 2 0 1 2412 582 2564 2587
16309 4 2 0 1 2686 1614 2169 2291
16310 4 2 0 1 28 2941 29 2943
16311 4 2 0 1 3187 3698 3152 3733
16312 4 2 0 1 2973 3200 2619 3738
16313 4 2 0 1 1791 2949 1793 1958
16314 4 2 0 1 3653 2964 3432 2454
16315 4 2 0 1 2973 2619 3200 3199
16316 4 2 0 1 3322 3187 3733 3185
16317 4 2 0 1 3459 2444 2866 2865
16318 4 2 0 1 2964 3430 2963 2898
16319 4 2 0 1 3733 3187 3188 3152
16320 4 2 0 1 3193 3163 3690 2029
16321 4 2 0 1 3193 3163 2029 3213
16322 4 2 0 1 3089 3085 3074 3088
16323 4 2 0 1 3417 2974 2950 2433
16324 4 2 0 1 3088 3267 3614 3268
16325 4 2 0 1 3082 3083 3066 3065
16326 4 2 0 1 3218 3266 2434 3228
16327 4 2 0 1 2974 2446 2445 3421
16328 4 2 0 1 2803 3643 2775 3656
16329 4 2 0 1 582 3390 648 2564
16330 4 2 0 1 3350 2776 2775 3643
16331 4 2 0 1 3025 3027 3042 3026
16332 4 2 0 1 3026 3042 3025 3039
16333 4 2 0 1 3761 3467 2448 3405
16334 4 2 0 1 2812 2518 2514 2810
16335 4 2 0 1 3760 2837 3464 2987
16336 4 2 0 1 3261 3760 2841 3592
16337 4 2 0 1 2442 3580 2650 2927
16338 4 2 0 1 2745 2747 3758 2744
16339 4 2 0 1 3446 2432 2938 3758
16340 4 2 0 1 2744 3446 2938 3758
16341 4 2 0 1 3025 3722 2690 3042
16342 4 2 0 1 2557 2552 2394 2553
16343 4 2 0 1 3588 3025 3042 3039
16344 4 2 0 1 2761 2760 2651 2929
16345 4 2 0 1 1189 955 1077 2914
16346 4 2 0 1 211 732 3586 2665
16347 4 2 0 1 2627 2666 2664 3523
16348 4 2 0 1 2758 211 3586 2665
16349 4 2 0 1 955 2627 873 2534
16350 4 2 0 1 2804 2819 2859 3392
16351 4 2 0 1 2422 3036 3023 3662
16352 4 2 0 1 3185 2173 1545 3095
16353 4 2 0 1 3185 1545 2173 1992
16354 4 2 0 1 3048 3443 3440 3667
16355 4 2 0 1 3506 3366 3505 2502
16356 4 2 0 1 1299 3694 3110 3084
16357 4 2 0 1 3110 3694 1299 3701
16358 4 2 0 1 1670 1299 3110 3084
16359 4 2 0 1 3437 3434 2426 3436
16360 4 2 0 1 3332 3261 2422 3756
16361 4 2 0 1 2242 1428 3029 1922
16362 4 2 0 1 3047 3433 3099 3103
16363 4 2 0 1 3666 3047 3103 3668
16364 4 2 0 1 2819 3389 2404 2859
16365 4 2 0 1 3057 3673 2250 1914
16366 4 2 0 1 3053 3357 3054 1648
16367 4 2 0 1 3053 3357 1648 1733
16368 4 2 0 1 3053 1733 1632 2111
16369 4 2 0 1 1633 1648 3053 3054
16370 4 2 0 1 3082 1857 3065 1820
16371 4 2 0 1 1722 1723 3093 2039
16372 4 2 0 1 3110 1299 1670 3701
16373 4 2 0 1 3192 3120 3132 3117
16374 4 2 0 1 3639 1716 1717 2881
16375 4 2 0 1 1618 1619 3737 1634
16376 4 2 0 1 3192 3312 3189 3076
16377 4 2 0 1 1604 1618 3737 1602
16378 4 2 0 1 3274 3167 1426 2234
16379 4 2 0 1 1670 3110 2003 3084
16380 4 2 0 1 3056 3444 2868 3347
16381 4 2 0 1 2003 3110 1670 3701
16382 4 2 0 1 3322 3641 1823 1430
16383 4 2 0 1 3444 3548 3222 2868
16384 4 2 0 1 3444 3548 2868 3347
16385 4 2 0 1 3096 2168 1408 3097
16386 4 2 0 1 1406 3096 1408 3097
16387 4 2 0 1 2819 2479 2859 2404
16388 4 2 0 1 2143 1915 1451 3161
16389 4 2 0 1 2966 3101 3655 3160
16390 4 2 0 1 2966 3105 3740 3655
16391 4 2 0 1 2315 1501 3740 3105
16392 4 2 0 1 2859 2479 2819 2804
16393 4 2 0 1 3174 2126 1979 3171
16394 4 2 0 1 2497 2491 3455 3616
16395 4 2 0 1 2426 3086 3427 2962
16396 4 2 0 1 1648 3057 3054 1633
16397 4 2 0 1 3153 1686 2253 2881
16398 4 2 0 1 3025 3722 3042 3027
16399 4 2 0 1 3174 2126 3171 2339
16400 4 2 0 1 2025 1556 3165 3356
16401 4 2 0 1 3569 3265 2629 3119
16402 4 2 0 1 3633 1902 1577 3133
16403 4 2 0 1 3234 3714 3133 3132
16404 4 2 0 1 1648 3057 1633 1806
16405 4 2 0 1 3434 3456 3435 2766
16406 4 2 0 1 3715 3162 3143 3717
16407 4 2 0 1 1293 3195 2244 3194
16408 4 2 0 1 3357 2241 1971 1733
16409 4 2 0 1 3053 3357 3672 3054
16410 4 2 0 1 3177 3223 3724 3725
16411 4 2 0 1 3284 3729 2873 2875
16412 4 2 0 1 2875 3154 3729 3474
16413 4 2 0 1 3432 2455 3103 3102
16414 4 2 0 1 3270 2965 3052 3064
16415 4 2 0 1 1497 3723 1507 1493
16416 4 2 0 1 3416 2427 3406 2422
16417 4 2 0 1 3224 2435 3227 3183
16418 4 2 0 1 3180 3273 3334 3239
16419 4 2 0 1 2039 1861 3093 2208
16420 4 2 0 1 3208 3323 3181 3180
16421 4 2 0 1 3094 3182 3694 3227
16422 4 2 0 1 3231 1827 2141 2339
16423 4 2 0 1 1230 1659 3326 1547
16424 4 2 0 1 3646 2819 2859 3389
16425 4 2 0 1 2136 3213 2067 1666
16426 4 2 0 1 2598 2870 2450 3549
16427 4 2 0 1 3209 3146 3268 3148
16428 4 2 0 1 3057 3060 3673 3054
16429 4 2 0 1 3646 2859 2819 3392
16430 4 2 0 1 3580 2927 3267 3422
16431 4 2 0 1 3086 3267 3268 3344
16432 4 2 0 1 2117 1849 1850 3218
16433 4 2 0 1 3611 3643 2907 3644
16434 4 2 0 1 3070 2433 3068 2911
16435 4 2 0 1 3322 3695 3665 3099
16436 4 2 0 1 3269 2965 3270 3263
16437 4 2 0 1 2435 2424 3279 3183
16438 4 2 0 1 3745 3246 3204 3250
16439 4 2 0 1 747 2757 550 994
16440 4 2 0 1 2619 3200 3607 2750
16441 4 2 0 1 973 610 2999 899
16442 4 2 0 1 3518 903 2654 375
16443 4 2 0 1 3448 2926 2432 3579
16444 4 2 0 1 852 3508 979 3509
16445 4 2 0 1 3448 2926 3579 2927
16446 4 2 0 1 3448 2926 2927 3758
16447 4 2 0 1 2898 2822 3430 2963
16448 4 2 0 1 3424 3429 2425 3427
16449 4 2 0 1 2896 2898 3430 3045
16450 4 2 0 1 3025 2502 2592 3309
16451 4 2 0 1 1715 3729 1685 1713
16452 4 2 0 1 1717 2194 2187 3639
16453 4 2 0 1 1721 2194 3639 2187
16454 4 2 0 1 3035 1922 3046 3343
16455 4 2 0 1 1531 1530 3181 1532
16456 4 2 0 1 3217 1814 2251 1812
16457 4 2 0 1 3046 1922 3035 3029
16458 4 2 0 1 2734 2789 2449 2878
16459 4 2 0 1 2870 3220 2873 2871
16460 4 2 0 1 1539 2105 2871 1227
16461 4 2 0 1 3518 903 375 374
16462 4 2 0 1 2874 3549 2450 2873
16463 4 2 0 1 2874 3549 2873 2878
16464 4 2 0 1 2256 3713 1783 3302
16465 4 2 0 1 2868 3205 3127 3347
16466 4 2 0 1 3053 1637 2111 1621
16467 4 2 0 1 1744 1623 1638 3245
16468 4 2 0 1 2104 2688 1499 2040
16469 4 2 0 1 3412 3549 2598 2450
16470 4 2 0 1 3048 2453 3439 3287
16471 4 2 0 1 2124 3749 1374 3321
16472 4 2 0 1 3763 3468 2846 2785
16473 4 2 0 1 3412 3549 2450 2449
16474 4 2 0 1 3410 3299 3415 3425
16475 4 2 0 1 2798 3551 2600 2602
16476 4 2 0 1 3466 2449 3412 3411
16477 4 2 0 1 1805 3035 3044 3040
16478 4 2 0 1 2798 3551 2602 3412
16479 4 2 0 1 2794 104 738 862
16480 4 2 0 1 2136 1780 3193 3303
16481 4 2 0 1 2794 104 862 2707
16482 4 2 0 1 2760 2759 3316 3328
16483 4 2 0 1 2352 3341 3148 2041
16484 4 2 0 1 2352 3341 2041 1780
16485 4 2 0 1 2809 600 2675 3004
16486 4 2 0 1 2205 1974 3311 2796
16487 4 2 0 1 2932 3343 1801 2150
16488 4 2 0 1 1413 1414 3665 3030
16489 4 2 0 1 2809 2675 600 2664
16490 4 2 0 1 3668 3047 3670 3297
16491 4 2 0 1 2172 3343 3046 1922
16492 4 2 0 1 2465 3394 3573 2636
16493 4 2 0 1 3763 2846 3468 2833
16494 4 2 0 1 3320 3370 2243 3553
16495 4 2 0 1 3512 2846 3468 2785
16496 4 2 0 1 3715 3349 3136 3147
16497 4 2 0 1 2794 1219 43 42
16498 4 2 0 1 2794 1219 42 2704
16499 4 2 0 1 516 3809 932 710
16500 4 2 0 1 3574 166 2641 155
16501 4 2 0 1 1662 1663 3339 1664
16502 4 2 0 1 1667 1794 1668 3328
16503 4 2 0 1 3256 3635 3316 3257
16504 4 2 0 1 3669 2132 3343 2172
16505 4 2 0 1 3316 2865 3361 3336
16506 4 2 0 1 2759 3615 3457 3268
16507 4 2 0 1 3457 2759 3316 2760
16508 4 2 0 1 2467 2473 2610 2407
16509 4 2 0 1 1921 1414 3297 2297
16510 4 2 0 1 1804 3590 1927 3589
16511 4 2 0 1 3591 2932 2706 3589
16512 4 2 0 1 2104 2696 1421 1671
16513 4 2 0 1 3574 3508 2784 2641
16514 4 2 0 1 3132 3115 3569 3116
16515 4 2 0 1 1923 1424 3663 1909
16516 4 2 0 1 1586 3076 1594 1656
16517 4 2 0 1 2622 2827 2623 2808
16518 4 2 0 1 2326 1923 3663 1909
16519 4 2 0 1 2568 2407 3560 2610
16520 4 2 0 1 2501 3628 2947 3630
16521 4 2 0 1 1895 3336 2237 1251
16522 4 2 0 1 3574 166 155 852
16523 4 2 0 1 3360 3370 3361 3315
16524 4 2 0 1 3788 713 3826 917
16525 4 2 0 1 2078 2760 3370 3315
16526 4 2 0 1 2568 2407 2610 2473
16527 4 2 0 1 3370 3320 1243 2597
16528 4 2 0 1 3320 2243 3370 1243
16529 4 2 0 1 2243 1241 1243 3320
16530 4 2 0 1 1242 2597 1243 3320
16531 4 2 0 1 2605 3556 3557 2528
16532 4 2 0 1 2605 2719 3599 2527
16533 4 2 0 1 779 3597 849 670
16534 4 2 0 1 3574 166 852 3508
16535 4 2 0 1 2639 3575 3574 2853
16536 4 2 0 1 2850 2548 2431 2842
16537 4 2 0 1 2757 994 747 1186
16538 4 2 0 1 2658 2655 2548 2842
16539 4 2 0 1 2418 2587 2419 2401
16540 4 2 0 1 2566 2559 806 191
16541 4 2 0 1 2560 287 1000 292
16542 4 2 0 1 300 302 2895 917
16543 4 2 0 1 3542 3391 2402 2621
16544 4 2 0 1 3594 3505 2947 2502
16545 4 2 0 1 3594 3505 2502 2701
16546 4 2 0 1 1735 2134 3593 1913
16547 4 2 0 1 2134 3021 3593 3078
16548 4 2 0 1 2720 2470 2461 2641
16549 4 2 0 1 3597 2801 2510 849
16550 4 2 0 1 3648 2501 2699 2947
16551 4 2 0 1 364 3519 586 366
16552 4 2 0 1 2985 3408 2421 2754
16553 4 2 0 1 3408 2708 2692 2421
16554 4 2 0 1 2838 2699 2698 2695
16555 4 2 0 1 2506 2505 2718 2984
16556 4 2 0 1 2698 2697 3040 2838
16557 4 2 0 1 2447 2765 2766 2798
16558 4 2 0 1 2693 2507 2506 2700
16559 4 2 0 1 3615 2929 3345 3580
16560 4 2 0 1 3409 2606 2995 2847
16561 4 2 0 1 3463 3618 2447 3000
16562 4 2 0 1 3751 3750 2996 2861
16563 4 2 0 1 2289 1541 3359 1845
16564 4 2 0 1 2937 1125 2862 2903
16565 4 2 0 1 2370 3460 2954 2175
16566 4 2 0 1 2939 3449 2445 2887
16567 4 2 0 1 2962 2423 2961 3426
16568 4 2 0 1 2693 2507 2700 2687
16569 4 2 0 1 2509 2835 2784 2503
16570 4 2 0 1 2822 2795 2897 3629
16571 4 2 0 1 3074 3086 3427 3267
16572 4 2 0 1 2822 2607 2821 2961
16573 4 2 0 1 2427 2933 3040 3033
16574 4 2 0 1 2822 2795 3629 2821
16575 4 2 0 1 2839 2511 2741 2712
16576 4 2 0 1 168 2476 153 3601
16577 4 2 0 1 2709 2712 2741 2843
16578 4 2 0 1 2827 2625 2623 2893
16579 4 2 0 1 2929 2759 2760 3339
16580 4 2 0 1 2929 2760 2759 3615
16581 4 2 0 1 2427 3033 3023 3440
16582 4 2 0 1 2854 2714 2574 2464
16583 4 2 0 1 3089 3085 3088 3087
16584 4 2 0 1 2574 2714 2854 2546
16585 4 2 0 1 3332 3024 3413 3756
16586 4 2 0 1 3510 2579 220 2517
16587 4 2 0 1 2579 3510 222 2522
16588 4 2 0 1 3415 3652 3299 2960
16589 4 2 0 1 3028 2428 3049 3440
16590 4 2 0 1 3050 3031 3671 3263
16591 4 2 0 1 2822 2607 2961 2959
16592 4 2 0 1 2560 287 292 2669
16593 4 2 0 1 3174 2126 2339 1981
16594 4 2 0 1 2560 287 2669 2620
16595 4 2 0 1 2429 3199 2619 2973
16596 4 2 0 1 3164 3738 3200 2973
16597 4 2 0 1 2102 2951 1958 1792
16598 4 2 0 1 2977 2979 3073 2433
16599 4 2 0 1 1011 2862 649 1125
16600 4 2 0 1 2909 2137 2197 1867
16601 4 2 0 1 2615 3449 2438 2429
16602 4 2 0 1 3100 3098 3695 3207
16603 4 2 0 1 2560 287 2620 1000
16604 4 2 0 1 3178 3697 3112 3705
16605 4 2 0 1 2427 2422 3023 3040
16606 4 2 0 1 2952 2823 2822 2958
16607 4 2 0 1 170 3600 2721 3601
16608 4 2 0 1 3401 922 587 2413
16609 4 2 0 1 3186 3703 3109 3112
16610 4 2 0 1 3735 3123 3076 3077
16611 4 2 0 1 2926 3758 2496 3419
16612 4 2 0 1 2464 2773 2819 2818
16613 4 2 0 1 3604 2660 3384 3541
16614 4 2 0 1 2819 2773 2464 2396
16615 4 2 0 1 2870 3456 2598 3435
16616 4 2 0 1 3415 3652 3425 3299
16617 4 2 0 1 3436 3435 3258 3259
16618 4 2 0 1 3146 3145 3141 3635
16619 4 2 0 1 3434 3456 3258 3435
16620 4 2 0 1 3748 3238 3217 3194
16621 4 2 0 1 3041 1734 3021 3351
16622 4 2 0 1 2509 2835 2503 2685
16623 4 2 0 1 3748 3217 3238 3273
16624 4 2 0 1 2598 2450 2766 3412
16625 4 2 0 1 1853 2221 1804 3078
16626 4 2 0 1 3041 1909 3351 3663
16627 4 2 0 1 484 2824 669 670
16628 4 2 0 1 484 2824 670 2751
16629 4 2 0 1 3361 3258 3256 2799
16630 4 2 0 1 3749 1743 2364 2255
16631 4 2 0 1 3789 3620 1689 1883
16632 4 2 0 1 3256 3258 3361 3635
16633 4 2 0 1 2965 3052 3748 3270
16634 4 2 0 1 3180 3273 3239 3217
16635 4 2 0 1 2671 2558 2556 2670
16636 4 2 0 1 3330 3547 2876 3249
16637 4 2 0 1 2876 3547 3330 2690
16638 4 2 0 1 777 3015 1032 1033
16639 4 2 0 1 2854 2478 2396 2540
16640 4 2 0 1 2396 2478 2854 2464
16641 4 2 0 1 3530 2854 2396 2540
16642 4 2 0 1 2555 3485 2767 2473
16643 4 2 0 1 2854 2773 2396 2464
16644 4 2 0 1 1172 3490 706 144
16645 4 2 0 1 2402 2637 2609 2458
16646 4 2 0 1 2642 2998 2408 2473
16647 4 2 0 1 3589 3591 3590 2692
16648 4 2 0 1 2477 2403 834 3494
16649 4 2 0 1 808 559 834 3494
16650 4 2 0 1 2403 808 834 3494
16651 4 2 0 1 765 3500 2488 2582
16652 4 2 0 1 790 766 2492 1126
16653 4 2 0 1 3400 2671 2413 3399
16654 4 2 0 1 3590 3591 3589 2697
16655 4 2 0 1 2488 765 930 766
16656 4 2 0 1 3500 765 2488 766
16657 4 2 0 1 449 766 2583 767
16658 4 2 0 1 2605 3482 2656 2753
16659 4 2 0 1 764 765 2583 449
16660 4 2 0 1 2486 3498 3497 2891
16661 4 2 0 1 2210 3156 1897 1636
16662 4 2 0 1 2518 2520 3481 2514
16663 4 2 0 1 3517 2637 2523 3515
16664 4 2 0 1 3481 2458 3393 3515
16665 4 2 0 1 1237 3789 2167 1883
16666 4 2 0 1 1237 3789 1883 3620
16667 4 2 0 1 3118 3237 3115 3664
16668 4 2 0 1 3514 2737 2636 2739
16669 4 2 0 1 3127 3726 2868 3125
16670 4 2 0 1 2654 375 373 3518
16671 4 2 0 1 3601 2571 2820 2905
16672 4 2 0 1 3650 1386 3660 2910
16673 4 2 0 1 1647 3714 2212 2206
16674 4 2 0 1 2910 3660 3650 3661
16675 4 2 0 1 2483 2482 467 2864
16676 4 2 0 1 2746 2615 2511 2801
16677 4 2 0 1 2393 2653 2545 2573
16678 4 2 0 1 3576 2844 2584 2741
16679 4 2 0 1 3714 1578 1576 1647
16680 4 2 0 1 2549 145 1172 146
16681 4 2 0 1 3671 3291 3741 3263
16682 4 2 0 1 2998 2408 2473 2568
16683 4 2 0 1 2724 2578 2725 2458
16684 4 2 0 1 3586 3613 2724 2904
16685 4 2 0 1 2610 3544 3538 2571
16686 4 2 0 1 127 2820 129 128
16687 4 2 0 1 3538 2570 2567 3543
16688 4 2 0 1 2904 2770 2567 130
16689 4 2 0 1 2463 130 2567 131
16690 4 2 0 1 2910 3660 3661 3017
16691 4 2 0 1 3013 2819 2921 3646
16692 4 2 0 1 2206 3234 3714 2212
16693 4 2 0 1 3562 2613 3545 2612
16694 4 2 0 1 2396 3013 2819 2921
16695 4 2 0 1 2749 2619 2802 3607
16696 4 2 0 1 3026 3351 3663 3041
16697 4 2 0 1 3552 2763 2601 2602
16698 4 2 0 1 2206 3234 2212 2100
16699 4 2 0 1 1891 3320 2243 3553
16700 4 2 0 1 2600 2599 3554 2602
16701 4 2 0 1 2243 3320 1891 1241
16702 4 2 0 1 662 3520 3556 3599
16703 4 2 0 1 2396 3371 3013 2921
16704 4 2 0 1 2407 3397 2647 2610
16705 4 2 0 1 2568 2407 2473 2814
16706 4 2 0 1 3544 3397 2610 2647
16707 4 2 0 1 3391 2581 2459 2402
16708 4 2 0 1 2633 2781 3561 2647
16709 4 2 0 1 2475 268 699 3001
16710 4 2 0 1 2613 2648 2632 3562
16711 4 2 0 1 2780 2560 2576 2669
16712 4 2 0 1 288 971 3583 563
16713 4 2 0 1 2475 699 268 265
16714 4 2 0 1 1586 1593 1594 3706
16715 4 2 0 1 185 2562 2566 190
16716 4 2 0 1 1646 3308 2703 3710
16717 4 2 0 1 2533 2508 2683 2685
16718 4 2 0 1 2030 3244 3137 3368
16719 4 2 0 1 2755 2916 3604 2746
16720 4 2 0 1 2844 3577 2575 2539
16721 4 2 0 1 1718 2957 2956 2362
16722 4 2 0 1 2991 3495 2542 3014
16723 4 2 0 1 494 495 492 3581
16724 4 2 0 1 2464 2396 2478 2819
16725 4 2 0 1 3521 2404 2478 2717
16726 4 2 0 1 2200 2956 1718 3734
16727 4 2 0 1 3590 2280 1221 2129
16728 4 2 0 1 610 973 2931 95
16729 4 2 0 1 3590 2280 2129 2692
16730 4 2 0 1 2418 3390 1161 648
16731 4 2 0 1 94 2490 2487 2931
16732 4 2 0 1 2500 2663 3630 3005
16733 4 2 0 1 2946 2501 2945 3630
16734 4 2 0 1 1936 3168 1935 1725
16735 4 2 0 1 3061 3032 3255 3158
16736 4 2 0 1 3723 3171 3231 3170
16737 4 2 0 1 185 2562 190 788
16738 4 2 0 1 3396 3493 2405 3572
16739 4 2 0 1 2395 2419 2587 2779
16740 4 2 0 1 3596 1652 1653 1613
16741 4 2 0 1 1908 1919 1653 3289
16742 4 2 0 1 94 2487 2490 70
16743 4 2 0 1 3396 3493 3494 2405
16744 4 2 0 1 1615 1645 3596 2118
16745 4 2 0 1 2491 2930 3503 2924
16746 4 2 0 1 3579 2491 3503 2650
16747 4 2 0 1 3484 2752 3485 2466
16748 4 2 0 1 2723 3484 2466 2752
16749 4 2 0 1 2613 3562 3545 2571
16750 4 2 0 1 2905 129 132 2571
16751 4 2 0 1 3545 3538 2571 2567
16752 4 2 0 1 150 2571 2905 132
16753 4 2 0 1 2749 2619 3607 2750
16754 4 2 0 1 2423 2446 3421 3757
16755 4 2 0 1 3228 2650 2649 2929
16756 4 2 0 1 2409 2395 2673 2587
16757 4 2 0 1 2442 2929 2650 3580
16758 4 2 0 1 3320 1891 4 3553
16759 4 2 0 1 3520 2605 2656 2528
16760 4 2 0 1 885 2662 652 1104
16761 4 2 0 1 2802 2824 3609 3606
16762 4 2 0 1 3332 3475 3024 3662
16763 4 2 0 1 652 2662 885 3582
16764 4 2 0 1 2976 3563 2712 2802
16765 4 2 0 1 2939 2887 3448 2438
16766 4 2 0 1 2843 2511 2894 2712
16767 4 2 0 1 2645 3539 2572 2915
16768 4 2 0 1 3328 3316 3315 3336
16769 4 2 0 1 3256 3457 2443 3257
16770 4 2 0 1 1668 3328 1811 3148
16771 4 2 0 1 3142 3137 3459 3147
16772 4 2 0 1 2220 3147 1320 3349
16773 4 2 0 1 3520 2605 2527 2656
16774 4 2 0 1 2702 2088 3596 1907
16775 4 2 0 1 2702 2088 1907 1499
16776 4 2 0 1 3441 3478 2690 2593
16777 4 2 0 1 3583 2982 2672 887
16778 4 2 0 1 3449 2429 2887 2438
16779 4 2 0 1 2702 2893 3596 2686
16780 4 2 0 1 2243 3370 2760 3553
16781 4 2 0 1 2809 17 1209 3004
16782 4 2 0 1 2807 3628 2826 2622
16783 4 2 0 1 3625 2807 2826 2622
16784 4 2 0 1 2827 3628 2807 2622
16785 4 2 0 1 3625 2807 2622 2805
16786 4 2 0 1 2780 2668 2782 2620
16787 4 2 0 1 3013 2769 2921 3371
16788 4 2 0 1 2243 2760 3370 1732
16789 4 2 0 1 3632 1953 2623 1955
16790 4 2 0 1 2755 2511 2916 2746
16791 4 2 0 1 2938 2747 2438 2746
16792 4 2 0 1 2437 2801 2438 2746
16793 4 2 0 1 2747 2437 2438 2746
16794 4 2 0 1 3287 2867 3588 3347
16795 4 2 0 1 3220 3636 3728 3140
16796 4 2 0 1 3139 3480 2453 3222
16797 4 2 0 1 3286 3222 2868 3444
16798 4 2 0 1 2783 888 887 290
16799 4 2 0 1 2870 3220 3636 2873
16800 4 2 0 1 2873 3220 2877 2871
16801 4 2 0 1 1300 3692 2195 2017
16802 4 2 0 1 3220 3728 3221 3729
16803 4 2 0 1 3640 1974 3642 3307
16804 4 2 0 1 2932 3343 2150 3035
16805 4 2 0 1 3668 3666 3102 3103
16806 4 2 0 1 1079 533 2413 2936
16807 4 2 0 1 2578 3538 2568 2402
16808 4 2 0 1 2429 3449 2887 2973
16809 4 2 0 1 3632 1953 1955 1954
16810 4 2 0 1 2195 3692 1300 3084
16811 4 2 0 1 2643 562 809 2547
16812 4 2 0 1 2643 809 562 717
16813 4 2 0 1 3287 3444 2453 3439
16814 4 2 0 1 2455 3666 3102 3098
16815 4 2 0 1 3480 2453 3444 3439
16816 4 2 0 1 53 54 1862 3644
16817 4 2 0 1 3350 1863 1864 2391
16818 4 2 0 1 3611 3335 3608 3644
16819 4 2 0 1 2162 2978 2774 2261
16820 4 2 0 1 3350 1234 2775 2233
16821 4 2 0 1 3076 3123 3192 3117
16822 4 2 0 1 1472 3229 3061 1473
16823 4 2 0 1 3041 1734 3351 1909
16824 4 2 0 1 2359 2019 3041 1419
16825 4 2 0 1 3039 3020 3023 3022
16826 4 2 0 1 2951 2948 3649 3718
16827 4 2 0 1 2948 3018 3649 3718
16828 4 2 0 1 3042 3026 3027 3663
16829 4 2 0 1 3670 3668 3297 3046
16830 4 2 0 1 1974 2205 3311 1801
16831 4 2 0 1 3036 2592 3667 3440
16832 4 2 0 1 2834 2550 2551 2549
16833 4 2 0 1 1270 1271 3674 1272
16834 4 2 0 1 2602 2764 2603 2441
16835 4 2 0 1 2602 2603 2764 2599
16836 4 2 0 1 3357 2241 1733 3053
16837 4 2 0 1 3176 3246 3204 3248
16838 4 2 0 1 2874 2449 2878 2734
16839 4 2 0 1 3590 2694 2687 2693
16840 4 2 0 1 3214 3272 3160 3254
16841 4 2 0 1 3249 3245 3058 3197
16842 4 2 0 1 1954 3632 3566 1903
16843 4 2 0 1 3753 3392 2462 3383
16844 4 2 0 1 3680 3321 3270 3254
16845 4 2 0 1 3071 1538 3310 3683
16846 4 2 0 1 3753 2462 3392 2921
16847 4 2 0 1 3701 2003 3110 3700
16848 4 2 0 1 3087 3690 3089 3689
16849 4 2 0 1 1355 3689 1331 3089
16850 4 2 0 1 3082 3083 3079 2436
16851 4 2 0 1 3082 3083 2436 3066
16852 4 2 0 1 2392 3694 1298 1299
16853 4 2 0 1 3094 3694 1297 1298
16854 4 2 0 1 3195 2101 1893 3691
16855 4 2 0 1 3110 3227 3184 3694
16856 4 2 0 1 3632 2258 2808 2828
16857 4 2 0 1 3323 3224 3099 3288
16858 4 2 0 1 2874 2449 2734 3413
16859 4 2 0 1 3745 2189 3245 1843
16860 4 2 0 1 3181 3180 3182 3179
16861 4 2 0 1 3207 3587 2689 3096
16862 4 2 0 1 3329 2311 3708 3710
16863 4 2 0 1 3708 3707 3710 2270
16864 4 2 0 1 3664 3595 2701 3237
16865 4 2 0 1 3305 3654 3129 3130
16866 4 2 0 1 2006 3194 1302 3217
16867 4 2 0 1 3270 3273 3748 2965
16868 4 2 0 1 3745 2189 1843 2309
16869 4 2 0 1 3745 2189 2309 1932
16870 4 2 0 1 2807 3632 2808 3626
16871 4 2 0 1 138 3484 137 139
16872 4 2 0 1 3239 3298 3334 2455
16873 4 2 0 1 2619 3611 2750 2749
16874 4 2 0 1 3056 3681 3675 3052
16875 4 2 0 1 3745 2189 1932 3245
16876 4 2 0 1 2374 3128 2266 1283
16877 4 2 0 1 3166 3364 2882 1551
16878 4 2 0 1 3444 3548 3347 3287
16879 4 2 0 1 3357 3054 3674 3672
16880 4 2 0 1 3222 3206 2868 3175
16881 4 2 0 1 1550 3166 1551 3364
16882 4 2 0 1 3125 1275 3358 1273
16883 4 2 0 1 3060 3248 3127 3054
16884 4 2 0 1 3223 3222 3724 3175
16885 4 2 0 1 3725 3223 3175 3206
16886 4 2 0 1 3166 2373 1551 2882
16887 4 2 0 1 3323 3180 3227 3182
16888 4 2 0 1 3323 3108 2689 3182
16889 4 2 0 1 3107 2689 3181 3207
16890 4 2 0 1 1528 1531 3181 1965
16891 4 2 0 1 2278 3179 2043 3181
16892 4 2 0 1 1551 1553 3166 1552
16893 4 2 0 1 1288 1286 1374 3052
16894 4 2 0 1 2698 3261 2699 2838
16895 4 2 0 1 2385 1346 3017 1345
16896 4 2 0 1 1288 3052 3748 3713
16897 4 2 0 1 3017 1346 2385 3019
16898 4 2 0 1 2986 3487 2504 3398
16899 4 2 0 1 3313 3105 3314 3655
16900 4 2 0 1 1453 2180 1448 3793
16901 4 2 0 1 1915 2245 3161 2143
16902 4 2 0 1 3196 1573 3352 1587
16903 4 2 0 1 3745 1843 3746 3247
16904 4 2 0 1 2737 701 2516 2787
16905 4 2 0 1 3186 1394 1396 1395
16906 4 2 0 1 2047 3746 1588 2159
16907 4 2 0 1 3746 2047 3247 1843
16908 4 2 0 1 1744 1745 2189 3245
16909 4 2 0 1 3086 3067 2962 2452
16910 4 2 0 1 1145 2412 2564 3395
16911 4 2 0 1 3241 3091 3691 3138
16912 4 2 0 1 2200 1396 3734 1394
16913 4 2 0 1 3146 3457 3268 3148
16914 4 2 0 1 3347 3287 3441 3588
16915 4 2 0 1 2410 2564 1145 1191
16916 4 2 0 1 3264 3155 3285 3309
16917 4 2 0 1 3294 3667 3038 2592
16918 4 2 0 1 2558 2544 2543 2672
16919 4 2 0 1 3442 3271 3263 3064
16920 4 2 0 1 2737 870 1099 754
16921 4 2 0 1 2524 1006 586 839
16922 4 2 0 1 2609 3383 2814 2813
16923 4 2 0 1 3332 2422 3662 3024
16924 4 2 0 1 3467 3760 3407 2837
16925 4 2 0 1 2987 3592 2836 2840
16926 4 2 0 1 2926 3758 3419 2927
16927 4 2 0 1 2995 3755 3409 3419
16928 4 2 0 1 2961 2446 2423 3757
16929 4 2 0 1 2524 1006 839 2735
16930 4 2 0 1 2910 2911 3657 3686
16931 4 2 0 1 2429 3262 2742 3199
16932 4 2 0 1 3380 2440 3419 2745
16933 4 2 0 1 2435 3431 3152 3150
16934 4 2 0 1 2743 420 421 1214
16935 4 2 0 1 59 2577 2967 60
16936 4 2 0 1 59 2577 60 1841
16937 4 2 0 1 901 733 3578 1214
16938 4 2 0 1 2608 1150 264 689
16939 4 2 0 1 669 1102 2577 1086
16940 4 2 0 1 3566 1769 1631 1768
16941 4 2 0 1 93 2577 1086 2967
16942 4 2 0 1 2737 281 754 1099
16943 4 2 0 1 1870 3075 1333 1335
16944 4 2 0 1 1870 3075 1335 3687
16945 4 2 0 1 2910 3657 2911 2909
16946 4 2 0 1 3687 2907 2908 2977
16947 4 2 0 1 1849 3200 2072 1229
16948 4 2 0 1 2344 2750 1767 1763
16949 4 2 0 1 1870 3075 3687 2908
16950 4 2 0 1 1918 2907 2908 2083
16951 4 2 0 1 3563 603 644 1063
16952 4 2 0 1 1094 724 726 2982
16953 4 2 0 1 2710 1063 640 502
16954 4 2 0 1 2983 1094 2393 2982
16955 4 2 0 1 3528 2982 2393 726
16956 4 2 0 1 3528 566 2982 726
16957 4 2 0 1 1024 731 3809 516
16958 4 2 0 1 566 724 2982 726
16959 4 2 0 1 2737 281 1099 2787
16960 4 2 0 1 2393 1094 726 2982
16961 4 2 0 1 1215 1054 3014 682
16962 4 2 0 1 2674 1054 3014 3003
16963 4 2 0 1 2840 2505 2421 2985
16964 4 2 0 1 2777 2680 2640 2639
16965 4 2 0 1 2639 3575 2853 2640
16966 4 2 0 1 3491 121 136 1178
16967 4 2 0 1 1193 3562 2632 844
16968 4 2 0 1 628 716 844 3562
16969 4 2 0 1 123 3491 2639 121
16970 4 2 0 1 174 1002 844 3562
16971 4 2 0 1 634 2411 2403 2410
16972 4 2 0 1 178 177 176 2410
16973 4 2 0 1 3012 570 686 3010
16974 4 2 0 1 2782 2668 2670 3010
16975 4 2 0 1 570 3584 330 3010
16976 4 2 0 1 2780 2668 2620 2669
16977 4 2 0 1 798 659 2418 909
16978 4 2 0 1 2417 798 909 2811
16979 4 2 0 1 3055 3063 3675 3056
16980 4 2 0 1 3021 3078 2331 3020
16981 4 2 0 1 3055 3675 3063 1278
16982 4 2 0 1 1235 3460 47 48
16983 4 2 0 1 1305 1971 3357 3674
16984 4 2 0 1 3505 2807 3135 2827
16985 4 2 0 1 1305 3357 1971 2390
16986 4 2 0 1 763 3764 469 338
16987 4 2 0 1 3204 1931 1920 2273
16988 4 2 0 1 1920 1931 3204 2121
16989 4 2 0 1 1714 2121 2123 3250
16990 4 2 0 1 3202 3724 3205 3726
16991 4 2 0 1 1254 3244 1256 1255
16992 4 2 0 1 3102 3263 3291 3031
16993 4 2 0 1 1684 1714 1712 3250
16994 4 2 0 1 2877 2330 2272 1749
16995 4 2 0 1 1254 1256 3244 2869
16996 4 2 0 1 1909 1420 3041 1419
16997 4 2 0 1 2073 3020 3034 3041
16998 4 2 0 1 3223 1256 3244 3725
16999 4 2 0 1 2723 2466 704 2721
17000 4 2 0 1 1235 47 3460 2370
17001 4 2 0 1 3050 3031 3263 3049
17002 4 2 0 1 3324 2001 2254 2002
17003 4 2 0 1 2001 3818 2000 2002
17004 4 2 0 1 3050 3031 3049 3034
17005 4 2 0 1 1787 1728 3306 1951
17006 4 2 0 1 3178 3704 3703 3731
17007 4 2 0 1 2092 1942 3732 2013
17008 4 2 0 1 2023 3732 1360 3704
17009 4 2 0 1 2723 704 2466 3484
17010 4 2 0 1 3041 3042 3050 3663
17011 4 2 0 1 1419 2073 3034 3041
17012 4 2 0 1 3059 3062 1910 3057
17013 4 2 0 1 3484 3491 704 2466
17014 4 2 0 1 3061 2259 1860 3059
17015 4 2 0 1 3061 1860 2259 2052
17016 4 2 0 1 3484 3491 2466 2469
17017 4 2 0 1 1511 1525 1526 3114
17018 4 2 0 1 2521 2737 754 2736
17019 4 2 0 1 3068 3201 3018 3070
17020 4 2 0 1 3317 1365 2317 1950
17021 4 2 0 1 3292 1370 3699 2185
17022 4 2 0 1 2808 2226 3325 2805
17023 4 2 0 1 3070 3083 3073 3072
17024 4 2 0 1 3070 3083 3072 3065
17025 4 2 0 1 3070 3083 3065 3066
17026 4 2 0 1 2142 3708 2222 1426
17027 4 2 0 1 3329 2026 1836 2027
17028 4 2 0 1 3329 2311 2026 2027
17029 4 2 0 1 3070 3085 3066 2433
17030 4 2 0 1 1759 1758 3164 1757
17031 4 2 0 1 3591 2694 2708 2838
17032 4 2 0 1 1329 3689 3690 1328
17033 4 2 0 1 475 3518 903 2528
17034 4 2 0 1 1761 2117 3164 2005
17035 4 2 0 1 3326 1660 1661 2145
17036 4 2 0 1 2808 3325 2226 1220
17037 4 2 0 1 3266 1666 2145 3213
17038 4 2 0 1 2912 2664 2675 2809
17039 4 2 0 1 3078 2389 3593 2134
17040 4 2 0 1 3617 1948 3 2
17041 4 2 0 1 2615 2510 3597 2801
17042 4 2 0 1 3323 3224 3695 3099
17043 4 2 0 1 3510 220 2579 222
17044 4 2 0 1 554 2631 855 840
17045 4 2 0 1 3369 1222 15 14
17046 4 2 0 1 2631 218 840 334
17047 4 2 0 1 3322 3665 3695 3097
17048 4 2 0 1 3757 3418 2445 2885
17049 4 2 0 1 3757 2445 3418 2446
17050 4 2 0 1 38 2705 1796 37
17051 4 2 0 1 3462 3418 2445 2446
17052 4 2 0 1 2268 3699 2335 3282
17053 4 2 0 1 2687 2091 2182 1421
17054 4 2 0 1 46 2886 956 47
17055 4 2 0 1 2423 2961 3417 2446
17056 4 2 0 1 2886 3460 2175 3462
17057 4 2 0 1 56 3797 55 3780
17058 4 2 0 1 3644 3780 55 3797
17059 4 2 0 1 3780 2305 59 1233
17060 4 2 0 1 787 985 2967 76
17061 4 2 0 1 97 403 96 2967
17062 4 2 0 1 3292 3705 3112 3699
17063 4 2 0 1 3460 3462 3461 2445
17064 4 2 0 1 1849 3354 3218 3199
17065 4 2 0 1 2732 571 753 769
17066 4 2 0 1 3226 3700 3292 3699
17067 4 2 0 1 93 97 2967 1086
17068 4 2 0 1 3610 779 3609 2510
17069 4 2 0 1 3108 3182 3110 3701
17070 4 2 0 1 3506 3366 2502 3309
17071 4 2 0 1 3024 3285 3477 3309
17072 4 2 0 1 735 111 2778 688
17073 4 2 0 1 3621 2532 2778 3522
17074 4 2 0 1 3025 3027 3026 3118
17075 4 2 0 1 3025 3027 3118 3122
17076 4 2 0 1 2678 116 119 124
17077 4 2 0 1 2678 2667 2778 124
17078 4 2 0 1 3461 3462 3460 2886
17079 4 2 0 1 3741 3291 3671 3105
17080 4 2 0 1 3170 3032 3301 3251
17081 4 2 0 1 3562 3545 506 2612
17082 4 2 0 1 1167 2581 967 135
17083 4 2 0 1 2540 2543 2544 3528
17084 4 2 0 1 2793 2558 2554 2831
17085 4 2 0 1 900 720 3531 1140
17086 4 2 0 1 2554 2558 2793 2856
17087 4 2 0 1 3547 3172 2690 2876
17088 4 2 0 1 2474 3489 3490 2549
17089 4 2 0 1 2546 2541 3529 2540
17090 4 2 0 1 1067 3489 157 1021
17091 4 2 0 1 170 168 169 3601
17092 4 2 0 1 2595 11 12 989
17093 4 2 0 1 2565 181 3390 2564
17094 4 2 0 1 2405 3572 2406 3396
17095 4 2 0 1 607 739 2412 1014
17096 4 2 0 1 2595 11 989 2981
17097 4 2 0 1 2801 891 2510 99
17098 4 2 0 1 2595 2917 11 2981
17099 4 2 0 1 183 2562 185 788
17100 4 2 0 1 185 2562 3390 2566
17101 4 2 0 1 3148 3328 2759 3303
17102 4 2 0 1 2561 1168 1140 201
17103 4 2 0 1 2561 196 719 3536
17104 4 2 0 1 3328 3303 3148 1668
17105 4 2 0 1 3535 782 198 3534
17106 4 2 0 1 210 208 209 2758
17107 4 2 0 1 485 334 217 2677
17108 4 2 0 1 3303 2352 3148 1668
17109 4 2 0 1 791 214 213 3586
17110 4 2 0 1 2522 225 226 224
17111 4 2 0 1 2579 2523 2458 2522
17112 4 2 0 1 221 328 2579 223
17113 4 2 0 1 3542 2459 2637 2402
17114 4 2 0 1 237 2531 234 769
17115 4 2 0 1 2531 232 234 769
17116 4 2 0 1 2608 243 245 689
17117 4 2 0 1 254 256 1052 2990
17118 4 2 0 1 1053 2475 3001 609
17119 4 2 0 1 777 3015 1033 262
17120 4 2 0 1 262 3015 2546 3529
17121 4 2 0 1 3525 267 2935 3529
17122 4 2 0 1 2546 3015 2540 3529
17123 4 2 0 1 273 2792 275 2589
17124 4 2 0 1 3449 2980 2456 2775
17125 4 2 0 1 2954 2446 2974 3417
17126 4 2 0 1 3007 284 283 285
17127 4 2 0 1 2437 3449 2980 2456
17128 4 2 0 1 2971 2445 2954 2457
17129 4 2 0 1 1093 2417 2418 863
17130 4 2 0 1 284 3007 283 278
17131 4 2 0 1 3695 3322 3097 3096
17132 4 2 0 1 2690 3722 3122 3120
17133 4 2 0 1 1093 2566 1201 653
17134 4 2 0 1 2668 3584 2670 3010
17135 4 2 0 1 3534 325 329 316
17136 4 2 0 1 2437 2980 3449 2801
17137 4 2 0 1 329 2669 793 525
17138 4 2 0 1 511 3787 775 508
17139 4 2 0 1 3819 3787 508 2889
17140 4 2 0 1 309 313 2590 917
17141 4 2 0 1 3730 1712 3729 1788
17142 4 2 0 1 2673 581 355 351
17143 4 2 0 1 3728 3220 3177 3729
17144 4 2 0 1 463 2639 122 1198
17145 4 2 0 1 607 2673 789 1014
17146 4 2 0 1 309 311 308 2590
17147 4 2 0 1 3593 2389 1913 2134
17148 4 2 0 1 326 3781 324 3816
17149 4 2 0 1 2627 2809 2664 3504
17150 4 2 0 1 1788 2057 1874 3177
17151 4 2 0 1 2608 246 244 2969
17152 4 2 0 1 247 245 2970 246
17153 4 2 0 1 2878 3638 3327 3639
17154 4 2 0 1 354 3834 880 548
17155 4 2 0 1 347 947 1096 3825
17156 4 2 0 1 3773 346 345 3834
17157 4 2 0 1 3327 2878 3639 2872
17158 4 2 0 1 2589 2673 582 355
17159 4 2 0 1 582 2589 355 954
17160 4 2 0 1 1179 2906 784 663
17161 4 2 0 1 2289 43 44 3359
17162 4 2 0 1 3777 3519 366 2525
17163 4 2 0 1 380 3774 800 3401
17164 4 2 0 1 2594 2878 2872 3549
17165 4 2 0 1 376 2654 2397 377
17166 4 2 0 1 375 2654 376 377
17167 4 2 0 1 2952 2956 3152 2957
17168 4 2 0 1 3399 927 378 2415
17169 4 2 0 1 3597 670 994 849
17170 4 2 0 1 3247 3746 3198 3352
17171 4 2 0 1 3577 2729 2484 2646
17172 4 2 0 1 994 2751 670 3597
17173 4 2 0 1 3746 3247 3198 3721
17174 4 2 0 1 3236 3249 2876 3300
17175 4 2 0 1 3300 3547 3248 3249
17176 4 2 0 1 3794 530 527 2783
17177 4 2 0 1 541 3823 543 542
17178 4 2 0 1 2617 2712 2662 3564
17179 4 2 0 1 416 772 2913 2661
17180 4 2 0 1 2531 2731 2732 2529
17181 4 2 0 1 3098 3207 3100 3314
17182 4 2 0 1 3106 3696 3295 2202
17183 4 2 0 1 3104 3105 3291 3314
17184 4 2 0 1 2966 3314 3655 3101
17185 4 2 0 1 3428 2434 3089 3304
17186 4 2 0 1 2889 433 461 460
17187 4 2 0 1 775 419 433 3787
17188 4 2 0 1 421 901 3578 1214
17189 4 2 0 1 901 450 3578 733
17190 4 2 0 1 1117 691 1169 2484
17191 4 2 0 1 2856 2771 2558 2793
17192 4 2 0 1 430 2901 389 2983
17193 4 2 0 1 2536 3525 2538 3374
17194 4 2 0 1 454 2901 2816 393
17195 4 2 0 1 2906 164 165 2527
17196 4 2 0 1 3580 2434 3266 3228
17197 4 2 0 1 1006 364 165 3519
17198 4 2 0 1 2472 156 803 1137
17199 4 2 0 1 3485 803 3484 2472
17200 4 2 0 1 3626 2805 2075 2808
17201 4 2 0 1 2489 876 473 2498
17202 4 2 0 1 891 2510 99 1131
17203 4 2 0 1 474 471 2737 2495
17204 4 2 0 1 2884 318 320 3404
17205 4 2 0 1 863 658 487 2417
17206 4 2 0 1 3420 2960 2427 3219
17207 4 2 0 1 558 2621 799 498
17208 4 2 0 1 3597 2510 2615 3609
17209 4 2 0 1 558 2621 498 3494
17210 4 2 0 1 510 2889 508 509
17211 4 2 0 1 2889 508 509 461
17212 4 2 0 1 515 3819 3798 2889
17213 4 2 0 1 3775 3785 912 569
17214 4 2 0 1 2889 515 520 453
17215 4 2 0 1 2913 652 2662 1104
17216 4 2 0 1 3767 2889 438 881
17217 4 2 0 1 2394 2936 3532 2552
17218 4 2 0 1 2671 2394 2413 2936
17219 4 2 0 1 3121 3308 3706 3329
17220 4 2 0 1 3026 3021 2701 3351
17221 4 2 0 1 2226 2075 2805 2808
17222 4 2 0 1 3197 3746 1591 1589
17223 4 2 0 1 2472 2466 2469 3484
17224 4 2 0 1 3775 759 569 568
17225 4 2 0 1 3528 570 564 946
17226 4 2 0 1 3752 2698 2699 2696
17227 4 2 0 1 971 563 887 3583
17228 4 2 0 1 3583 2982 887 2783
17229 4 2 0 1 3171 3170 3174 3231
17230 4 2 0 1 2469 2466 2472 2777
17231 4 2 0 1 137 3484 140 139
17232 4 2 0 1 713 479 3788 714
17233 4 2 0 1 3371 2656 2655 2526
17234 4 2 0 1 2524 366 586 3519
17235 4 2 0 1 3788 479 713 313
17236 4 2 0 1 3488 465 839 1062
17237 4 2 0 1 3032 3743 3255 3170
17238 4 2 0 1 3174 3743 3170 3255
17239 4 2 0 1 2565 181 928 547
17240 4 2 0 1 2634 928 842 918
17241 4 2 0 1 1067 3531 599 915
17242 4 2 0 1 633 2550 598 597
17243 4 2 0 1 647 581 2412 983
17244 4 2 0 1 3775 727 264 1060
17245 4 2 0 1 493 2409 607 608
17246 4 2 0 1 2403 2477 834 608
17247 4 2 0 1 493 2477 2409 608
17248 4 2 0 1 2477 493 834 608
17249 4 2 0 1 3454 2798 3554 2441
17250 4 2 0 1 677 2599 712 998
17251 4 2 0 1 2512 618 619 620
17252 4 2 0 1 67 68 3501 656
17253 4 2 0 1 2417 658 909 863
17254 4 2 0 1 640 2614 641 1165
17255 4 2 0 1 2226 2808 1220 2079
17256 4 2 0 1 2613 2611 2633 2647
17257 4 2 0 1 2908 3164 3089 2979
17258 4 2 0 1 3818 2002 1347 2000
17259 4 2 0 1 1621 3053 3058 1622
17260 4 2 0 1 572 2913 846 845
17261 4 2 0 1 2913 2661 2481 407
17262 4 2 0 1 2636 3393 2993 3394
17263 4 2 0 1 2710 1063 502 2711
17264 4 2 0 1 3520 3777 2525 3519
17265 4 2 0 1 3801 165 363 364
17266 4 2 0 1 3520 662 663 3599
17267 4 2 0 1 2605 3482 2527 2656
17268 4 2 0 1 3006 2546 2991 2574
17269 4 2 0 1 42 738 43 2794
17270 4 2 0 1 538 3812 637 535
17271 4 2 0 1 958 2904 1042 130
17272 4 2 0 1 896 2904 895 567
17273 4 2 0 1 896 3586 2904 2758
17274 4 2 0 1 2834 2400 2562 2797
17275 4 2 0 1 1945 2356 2321 3276
17276 4 2 0 1 2356 1945 3306 3276
17277 4 2 0 1 560 3001 305 2475
17278 4 2 0 1 2173 1945 2321 3276
17279 4 2 0 1 3215 1945 3276 3306
17280 4 2 0 1 3215 1945 3306 1707
17281 4 2 0 1 3804 830 780 1098
17282 4 2 0 1 3804 830 1098 947
17283 4 2 0 1 830 914 947 3804
17284 4 2 0 1 2991 2546 260 3015
17285 4 2 0 1 3215 1945 1707 1944
17286 4 2 0 1 1944 3185 1429 3215
17287 4 2 0 1 2482 977 1018 583
17288 4 2 0 1 420 3824 422 443
17289 4 2 0 1 2661 406 404 807
17290 4 2 0 1 2645 399 400 398
17291 4 2 0 1 401 402 2661 404
17292 4 2 0 1 2321 2173 3276 2160
17293 4 2 0 1 2173 3095 3276 2160
17294 4 2 0 1 2489 2493 473 476
17295 4 2 0 1 474 471 2495 473
17296 4 2 0 1 2900 2516 2737 2495
17297 4 2 0 1 2495 2738 2736 2737
17298 4 2 0 1 2463 1066 729 1143
17299 4 2 0 1 2463 673 729 1066
17300 4 2 0 1 354 1045 527 907
17301 4 2 0 1 2480 2863 2994 2937
17302 4 2 0 1 641 2710 455 2709
17303 4 2 0 1 1086 2888 2967 2577
17304 4 2 0 1 2710 1063 2711 3563
17305 4 2 0 1 3441 2593 3477 3473
17306 4 2 0 1 354 1045 907 548
17307 4 2 0 1 2451 3473 3477 2875
17308 4 2 0 1 3539 445 551 2757
17309 4 2 0 1 3038 3294 3477 3441
17310 4 2 0 1 354 1045 548 880
17311 4 2 0 1 546 571 2732 1133
17312 4 2 0 1 1022 3603 773 1133
17313 4 2 0 1 3520 3801 784 3777
17314 4 2 0 1 368 2525 3777 366
17315 4 2 0 1 3801 364 365 366
17316 4 2 0 1 3520 3777 784 372
17317 4 2 0 1 1891 3 4 3553
17318 4 2 0 1 3605 665 1015 3558
17319 4 2 0 1 3605 3604 3384 668
17320 4 2 0 1 354 1045 880 527
17321 4 2 0 1 929 848 668 3604
17322 4 2 0 1 3320 650 3553 4
17323 4 2 0 1 2116 1852 3655 1738
17324 4 2 0 1 2116 3793 1852 2184
17325 4 2 0 1 188 2566 187 1201
17326 4 2 0 1 1160 2559 806 638
17327 4 2 0 1 3220 2105 2871 2800
17328 4 2 0 1 2559 3403 806 638
17329 4 2 0 1 3535 2559 2560 3536
17330 4 2 0 1 819 3404 939 818
17331 4 2 0 1 2814 2414 3753 2769
17332 4 2 0 1 1227 2105 2871 2272
17333 4 2 0 1 188 3403 817 1111
17334 4 2 0 1 2997 2570 2610 2568
17335 4 2 0 1 2645 397 398 395
17336 4 2 0 1 371 2525 373 372
17337 4 2 0 1 1165 2614 828 2975
17338 4 2 0 1 3497 2486 2488 2890
17339 4 2 0 1 828 2582 1138 765
17340 4 2 0 1 3485 803 2472 3488
17341 4 2 0 1 2474 2553 3532 2920
17342 4 2 0 1 3488 465 1062 1156
17343 4 2 0 1 123 695 2469 138
17344 4 2 0 1 2741 2511 2844 2843
17345 4 2 0 1 3805 1492 1444 1940
17346 4 2 0 1 1444 1492 3805 1446
17347 4 2 0 1 2777 2472 3574 3575
17348 4 2 0 1 2172 3297 1921 3046
17349 4 2 0 1 3011 682 1075 1166
17350 4 2 0 1 2589 273 2674 2590
17351 4 2 0 1 1828 2172 3297 2297
17352 4 2 0 1 3007 284 286 1202
17353 4 2 0 1 2172 3297 2297 1921
17354 4 2 0 1 284 3007 286 285
17355 4 2 0 1 3420 3415 2426 3437
17356 4 2 0 1 3301 3680 3062 3681
17357 4 2 0 1 2561 599 3531 1168
17358 4 2 0 1 596 599 1067 2563
17359 4 2 0 1 2642 2784 3602 3398
17360 4 2 0 1 2561 2834 2563 2562
17361 4 2 0 1 2983 383 1155 391
17362 4 2 0 1 1155 2397 3373 905
17363 4 2 0 1 3602 3487 3398 2784
17364 4 2 0 1 269 273 3003 1054
17365 4 2 0 1 3602 3487 2784 3486
17366 4 2 0 1 2590 3788 3765 293
17367 4 2 0 1 3572 2633 2611 2647
17368 4 2 0 1 3058 3053 1621 3245
17369 4 2 0 1 1009 3812 540 3794
17370 4 2 0 1 3251 3173 3172 3301
17371 4 2 0 1 383 379 382 2397
17372 4 2 0 1 386 3835 385 387
17373 4 2 0 1 2397 379 378 377
17374 4 2 0 1 3362 3095 3114 3106
17375 4 2 0 1 83 163 3002 938
17376 4 2 0 1 1135 83 3002 938
17377 4 2 0 1 2599 650 3320 949
17378 4 2 0 1 2599 1090 650 949
17379 4 2 0 1 1918 3164 3738 1760
17380 4 2 0 1 5 1241 4 3320
17381 4 2 0 1 5 3320 4 949
17382 4 2 0 1 3738 3164 1918 2907
17383 4 2 0 1 3738 1764 1918 1760
17384 4 2 0 1 1510 3362 3276 3114
17385 4 2 0 1 2760 3256 3370 3315
17386 4 2 0 1 3328 2760 2193 3315
17387 4 2 0 1 1771 3769 1753 3620
17388 4 2 0 1 3584 288 3583 563
17389 4 2 0 1 563 3584 2672 3583
17390 4 2 0 1 1918 1764 3738 2907
17391 4 2 0 1 593 685 609 2990
17392 4 2 0 1 1795 3328 2193 3315
17393 4 2 0 1 3328 2760 3315 3316
17394 4 2 0 1 801 3001 1053 700
17395 4 2 0 1 2182 35 2693 2687
17396 4 2 0 1 2723 2550 2752 2634
17397 4 2 0 1 273 2590 3003 2674
17398 4 2 0 1 2760 3256 3315 3316
17399 4 2 0 1 3695 2689 3187 3096
17400 4 2 0 1 3619 2112 3293 1351
17401 4 2 0 1 725 887 2982 888
17402 4 2 0 1 2415 384 378 382
17403 4 2 0 1 3794 1174 545 573
17404 4 2 0 1 2397 3399 378 2415
17405 4 2 0 1 2182 2693 35 1221
17406 4 2 0 1 2689 3108 3323 3187
17407 4 2 0 1 318 291 319 3404
17408 4 2 0 1 291 1004 319 3404
17409 4 2 0 1 321 320 319 3404
17410 4 2 0 1 3557 3384 2528 666
17411 4 2 0 1 2718 2641 161 2720
17412 4 2 0 1 662 1153 3556 664
17413 4 2 0 1 2524 3488 2555 2735
17414 4 2 0 1 3232 1340 3201 3331
17415 4 2 0 1 3201 3661 3331 2910
17416 4 2 0 1 2821 3417 2961 2446
17417 4 2 0 1 144 705 3490 706
17418 4 2 0 1 2555 2474 3488 2920
17419 4 2 0 1 2641 160 159 161
17420 4 2 0 1 635 1079 2552 1055
17421 4 2 0 1 3556 1153 862 2794
17422 4 2 0 1 2704 2707 2794 3408
17423 4 2 0 1 3558 2794 3559 44
17424 4 2 0 1 1799 3311 2706 1906
17425 4 2 0 1 3559 2236 1845 3359
17426 4 2 0 1 3684 2128 3232 3331
17427 4 2 0 1 3528 570 946 1032
17428 4 2 0 1 3212 3684 3232 3331
17429 4 2 0 1 3431 2958 2424 2435
17430 4 2 0 1 3437 3259 3435 3436
17431 4 2 0 1 2816 2879 3527 2538
17432 4 2 0 1 2955 3067 3431 2424
17433 4 2 0 1 3433 2823 2958 3430
17434 4 2 0 1 1751 2112 3619 1771
17435 4 2 0 1 547 2562 183 788
17436 4 2 0 1 3431 2958 2435 3152
17437 4 2 0 1 2923 2 1144 1
17438 4 2 0 1 2425 3647 2927 3345
17439 4 2 0 1 1090 2603 898 1190
17440 4 2 0 1 339 3766 341 3832
17441 4 2 0 1 113 3621 111 2778
17442 4 2 0 1 113 111 3621 3622
17443 4 2 0 1 2713 241 304 242
17444 4 2 0 1 3766 1108 339 342
17445 4 2 0 1 3795 963 877 488
17446 4 2 0 1 69 2488 2486 2890
17447 4 2 0 1 2488 1092 930 3501
17448 4 2 0 1 766 2488 2492 1126
17449 4 2 0 1 87 67 3501 656
17450 4 2 0 1 636 3774 1040 1103
17451 4 2 0 1 373 3401 371 800
17452 4 2 0 1 3116 3355 3165 3720
17453 4 2 0 1 384 927 1009 2415
17454 4 2 0 1 566 3528 2982 2672
17455 4 2 0 1 2888 2751 484 2937
17456 4 2 0 1 2807 3365 3366 3166
17457 4 2 0 1 3166 3365 3264 2882
17458 4 2 0 1 3621 2532 3522 3623
17459 4 2 0 1 3623 3621 111 3622
17460 4 2 0 1 453 2889 451 987
17461 4 2 0 1 502 2711 884 503
17462 4 2 0 1 2757 781 2903 446
17463 4 2 0 1 314 3001 700 297
17464 4 2 0 1 298 299 2895 300
17465 4 2 0 1 3392 2814 3383 3753
17466 4 2 0 1 1718 2957 2362 1486
17467 4 2 0 1 1718 2957 1486 3734
17468 4 2 0 1 3383 2814 3392 2609
17469 4 2 0 1 2399 3372 2753 2655
17470 4 2 0 1 2788 3379 3372 3452
17471 4 2 0 1 3230 2051 3059 3061
17472 4 2 0 1 3773 1096 349 880
17473 4 2 0 1 3059 2294 2051 3230
17474 4 2 0 1 2656 3753 3371 3372
17475 4 2 0 1 3371 2769 2921 3753
17476 4 2 0 1 3058 3197 1621 1622
17477 4 2 0 1 2585 2431 2586 3450
17478 4 2 0 1 3015 262 2546 260
17479 4 2 0 1 255 1180 257 3006
17480 4 2 0 1 262 260 261 2935
17481 4 2 0 1 2632 2781 3561 2633
17482 4 2 0 1 2771 2779 2478 2793
17483 4 2 0 1 1918 3164 1760 1758
17484 4 2 0 1 648 647 2564 758
17485 4 2 0 1 285 2668 3007 286
17486 4 2 0 1 633 1008 598 2634
17487 4 2 0 1 285 2668 286 287
17488 4 2 0 1 830 914 3804 696
17489 4 2 0 1 2634 928 918 2565
17490 4 2 0 1 918 842 2634 1008
17491 4 2 0 1 3149 3230 2028 2294
17492 4 2 0 1 1462 3158 3159 1720
17493 4 2 0 1 1939 1224 1987 3260
17494 4 2 0 1 3218 3326 3260 1661
17495 4 2 0 1 3159 3158 1462 1461
17496 4 2 0 1 82 2486 70 69
17497 4 2 0 1 3514 2788 2739 3393
17498 4 2 0 1 3514 2788 3393 2460
17499 4 2 0 1 49 1905 48 2456
17500 4 2 0 1 760 717 2970 505
17501 4 2 0 1 3360 3333 3368 3361
17502 4 2 0 1 2762 1253 2249 1248
17503 4 2 0 1 2870 3456 3435 3258
17504 4 2 0 1 2597 2800 2762 3458
17505 4 2 0 1 1252 2869 3244 3368
17506 4 2 0 1 1244 1245 3370 3333
17507 4 2 0 1 1813 1255 1257 3363
17508 4 2 0 1 1307 1813 1257 3363
17509 4 2 0 1 1964 3203 1308 1306
17510 4 2 0 1 3159 1459 1462 1720
17511 4 2 0 1 1462 1459 3159 1461
17512 4 2 0 1 2784 3574 2641 3575
17513 4 2 0 1 760 253 2970 2608
17514 4 2 0 1 3474 3548 3222 3473
17515 4 2 0 1 2970 253 760 505
17516 4 2 0 1 1912 1266 1779 3726
17517 4 2 0 1 1839 2157 3179 2369
17518 4 2 0 1 871 531 528 3399
17519 4 2 0 1 3179 1839 3217 2006
17520 4 2 0 1 2089 1814 2251 3217
17521 4 2 0 1 531 871 587 3399
17522 4 2 0 1 2004 2124 3321 2367
17523 4 2 0 1 2278 3179 2369 2043
17524 4 2 0 1 2671 587 531 533
17525 4 2 0 1 3363 1813 3244 3137
17526 4 2 0 1 3145 3459 3337 3141
17527 4 2 0 1 3142 3363 3137 3136
17528 4 2 0 1 3206 2868 3711 3233
17529 4 2 0 1 2220 2041 3341 2122
17530 4 2 0 1 3451 2196 2313 1369
17531 4 2 0 1 3079 1776 2076 2196
17532 4 2 0 1 1337 3075 3687 1335
17533 4 2 0 1 1352 3687 1870 1335
17534 4 2 0 1 2451 2875 2873 3221
17535 4 2 0 1 1337 3075 1335 1336
17536 4 2 0 1 2987 3592 2840 2986
17537 4 2 0 1 3151 3216 3018 3718
17538 4 2 0 1 3216 3019 3703 3225
17539 4 2 0 1 2837 3472 3406 3407
17540 4 2 0 1 2128 1344 3739 1348
17541 4 2 0 1 3548 2453 3222 3473
17542 4 2 0 1 3685 3225 3310 3684
17543 4 2 0 1 2421 3592 2694 2505
17544 4 2 0 1 2466 2472 2473 3485
17545 4 2 0 1 3242 3209 3092 3211
17546 4 2 0 1 1367 3071 3310 3684
17547 4 2 0 1 3225 1349 2152 1354
17548 4 2 0 1 3071 3685 3684 3232
17549 4 2 0 1 1348 3684 2204 1353
17550 4 2 0 1 3242 3209 3211 3277
17551 4 2 0 1 3406 3472 3410 3415
17552 4 2 0 1 3768 1380 1379 1378
17553 4 2 0 1 1381 3810 1379 1383
17554 4 2 0 1 1890 1905 2233 2949
17555 4 2 0 1 3151 3216 3310 3018
17556 4 2 0 1 2473 2472 2466 2777
17557 4 2 0 1 3791 1884 1381 1496
17558 4 2 0 1 3017 1377 1345 1350
17559 4 2 0 1 1495 1792 3649 1390
17560 4 2 0 1 1486 2102 2285 2957
17561 4 2 0 1 3661 3685 3660 3018
17562 4 2 0 1 2810 3378 3513 3405
17563 4 2 0 1 1093 2566 2416 3403
17564 4 2 0 1 2450 3472 3756 3416
17565 4 2 0 1 2466 2997 2473 2777
17566 4 2 0 1 2450 3407 3413 3756
17567 4 2 0 1 1413 3100 1411 3105
17568 4 2 0 1 1501 3313 1500 1738
17569 4 2 0 1 1973 3231 2113 1741
17570 4 2 0 1 1494 1831 2170 3105
17571 4 2 0 1 3671 3105 2127 2295
17572 4 2 0 1 2234 3274 2142 1426
17573 4 2 0 1 1740 3723 1493 1507
17574 4 2 0 1 1973 2113 3231 2018
17575 4 2 0 1 3043 1432 3169 1423
17576 4 2 0 1 2396 3389 2793 2478
17577 4 2 0 1 2745 2399 2440 2659
17578 4 2 0 1 3242 3209 3277 3081
17579 4 2 0 1 3096 3587 3095 1433
17580 4 2 0 1 2966 3269 3291 3314
17581 4 2 0 1 2962 3424 3427 2426
17582 4 2 0 1 2962 3424 2426 3652
17583 4 2 0 1 3242 3209 3081 3092
17584 4 2 0 1 1459 1458 1456 3159
17585 4 2 0 1 3427 3429 2425 3345
17586 4 2 0 1 3086 2426 3427 3344
17587 4 2 0 1 3160 3742 2116 3740
17588 4 2 0 1 3742 1739 2116 3740
17589 4 2 0 1 3086 3267 3344 3427
17590 4 2 0 1 1643 3149 1624 1829
17591 4 2 0 1 444 3785 707 913
17592 4 2 0 1 3267 3344 3427 3345
17593 4 2 0 1 444 3785 913 507
17594 4 2 0 1 1512 1978 2021 3229
17595 4 2 0 1 2158 2209 1976 3230
17596 4 2 0 1 3319 3082 3279 3693
17597 4 2 0 1 3209 3193 3210 3341
17598 4 2 0 1 2396 3389 3013 2793
17599 4 2 0 1 3080 3079 2436 3092
17600 4 2 0 1 3785 912 569 1171
17601 4 2 0 1 1564 1937 3355 1561
17602 4 2 0 1 3116 3355 3720 2629
17603 4 2 0 1 2632 176 844 174
17604 4 2 0 1 1671 2688 1499 2104
17605 4 2 0 1 3701 2240 1784 1786
17606 4 2 0 1 3362 1508 1509 1510
17607 4 2 0 1 1508 2007 3275 1524
17608 4 2 0 1 1529 2084 3114 1526
17609 4 2 0 1 3697 3111 3114 3317
17610 4 2 0 1 2035 3149 1625 1643
17611 4 2 0 1 1531 1965 2043 3181
17612 4 2 0 1 1839 1533 3181 1812
17613 4 2 0 1 1534 3278 1812 1814
17614 4 2 0 1 844 2632 174 3562
17615 4 2 0 1 1532 1531 1533 3181
17616 4 2 0 1 3271 2965 3263 3064
17617 4 2 0 1 1886 1543 3629 1544
17618 4 2 0 1 3205 3176 3478 3727
17619 4 2 0 1 3127 3726 3202 3205
17620 4 2 0 1 3127 3726 3205 2868
17621 4 2 0 1 3441 2690 3478 3547
17622 4 2 0 1 1543 1542 3629 1544
17623 4 2 0 1 2745 2440 2399 3380
17624 4 2 0 1 1553 3165 1555 1636
17625 4 2 0 1 3546 2584 431 2499
17626 4 2 0 1 3196 3746 1587 3352
17627 4 2 0 1 3714 3134 3133 3132
17628 4 2 0 1 3131 3352 1569 1566
17629 4 2 0 1 2378 1560 3355 2210
17630 4 2 0 1 1569 3352 3131 3196
17631 4 2 0 1 1902 1579 1577 3133
17632 4 2 0 1 3714 1578 1647 2212
17633 4 2 0 1 1560 1563 3355 1561
17634 4 2 0 1 3234 1581 1580 1582
17635 4 2 0 1 2868 3127 3125 3676
17636 4 2 0 1 1843 3745 3746 3245
17637 4 2 0 1 3719 3744 3265 3720
17638 4 2 0 1 3248 3060 3127 3347
17639 4 2 0 1 3248 3060 3347 3300
17640 4 2 0 1 2115 3077 1599 3342
17641 4 2 0 1 3308 1835 1642 1609
17642 4 2 0 1 2026 3308 1642 1616
17643 4 2 0 1 1615 3596 1610 1613
17644 4 2 0 1 3547 3248 3347 3300
17645 4 2 0 1 3283 1630 1690 1859
17646 4 2 0 1 3579 2432 3448 2891
17647 4 2 0 1 3072 3689 2358 3083
17648 4 2 0 1 3125 3676 3127 3055
17649 4 2 0 1 1972 2682 2056 1502
17650 4 2 0 1 3125 3674 3127 3202
17651 4 2 0 1 1608 3308 1610 1609
17652 4 2 0 1 2887 2891 2650 3448
17653 4 2 0 1 1616 3308 1642 1610
17654 4 2 0 1 2927 3580 2650 3422
17655 4 2 0 1 3090 1653 3289 1908
17656 4 2 0 1 3596 3289 2686 2893
17657 4 2 0 1 1332 3689 1331 1330
17658 4 2 0 1 3127 3358 3125 3055
17659 4 2 0 1 2686 3596 1881 1653
17660 4 2 0 1 3388 2782 2556 2856
17661 4 2 0 1 1910 3063 3062 2151
17662 4 2 0 1 1846 2760 2193 1664
17663 4 2 0 1 2760 1846 2193 2334
17664 4 2 0 1 3428 2887 3422 3421
17665 4 2 0 1 1910 3063 2151 1280
17666 4 2 0 1 3695 3096 3100 3207
17667 4 2 0 1 3695 2689 3096 3207
17668 4 2 0 1 1568 3720 1676 1815
17669 4 2 0 1 3131 2179 1565 3744
17670 4 2 0 1 3192 3722 3120 3117
17671 4 2 0 1 3746 1587 3352 1588
17672 4 2 0 1 2882 3156 2881 3264
17673 4 2 0 1 3580 3267 2927 3345
17674 4 2 0 1 2194 1721 3639 2872
17675 4 2 0 1 1621 3197 3058 3245
17676 4 2 0 1 2494 3379 2496 2439
17677 4 2 0 1 3157 1676 2253 1678
17678 4 2 0 1 3043 3722 3042 3172
17679 4 2 0 1 2797 2556 3388 2782
17680 4 2 0 1 2805 3626 2075 2012
17681 4 2 0 1 2835 2468 2666 3486
17682 4 2 0 1 2443 2601 3456 2928
17683 4 2 0 1 2968 20 1730 21
17684 4 2 0 1 2968 2190 1730 20
17685 4 2 0 1 3231 1810 2099 1687
17686 4 2 0 1 3255 3252 3158 3032
17687 4 2 0 1 3696 2377 1851 1852
17688 4 2 0 1 3157 2253 1676 3720
17689 4 2 0 1 2443 3345 2761 2928
17690 4 2 0 1 336 3782 486 331
17691 4 2 0 1 2750 3607 2072 3200
17692 4 2 0 1 2750 2095 2749 2050
17693 4 2 0 1 2135 3335 1766 1790
17694 4 2 0 1 1759 3738 3164 1760
17695 4 2 0 1 1774 1773 2774 1818
17696 4 2 0 1 3610 3611 3608 3644
17697 4 2 0 1 3701 3108 3282 3699
17698 4 2 0 1 2548 2575 2850 2431
17699 4 2 0 1 2548 2850 2575 2539
17700 4 2 0 1 2708 2706 2692 3591
17701 4 2 0 1 1803 3040 1804 3589
17702 4 2 0 1 3341 3148 2220 3147
17703 4 2 0 1 2832 3466 3551 2855
17704 4 2 0 1 2220 3148 3341 2041
17705 4 2 0 1 3631 3005 2946 3465
17706 4 2 0 1 2847 3605 3461 2995
17707 4 2 0 1 3024 2422 3416 3756
17708 4 2 0 1 3151 3066 3290 3068
17709 4 2 0 1 3699 1785 3700 2185
17710 4 2 0 1 3699 1785 2185 2335
17711 4 2 0 1 3548 3473 2593 3441
17712 4 2 0 1 3461 2606 2847 2995
17713 4 2 0 1 2981 9 8 2872
17714 4 2 0 1 3119 3719 3720 3155
17715 4 2 0 1 3169 3042 3172 3043
17716 4 2 0 1 2901 3373 391 2983
17717 4 2 0 1 1798 1796 2692 2307
17718 4 2 0 1 53 54 3644 579
17719 4 2 0 1 2901 391 3373 3540
17720 4 2 0 1 2919 3394 2462 3392
17721 4 2 0 1 3281 1873 1929 2306
17722 4 2 0 1 1155 391 3373 2983
17723 4 2 0 1 2877 2272 1929 1749
17724 4 2 0 1 1380 1382 3791 2153
17725 4 2 0 1 1153 662 3556 862
17726 4 2 0 1 1487 3017 3293 1884
17727 4 2 0 1 1384 3017 1487 1884
17728 4 2 0 1 2550 633 598 2634
17729 4 2 0 1 1751 1752 1753 3769
17730 4 2 0 1 3699 1785 2335 3701
17731 4 2 0 1 2188 1249 1251 3360
17732 4 2 0 1 3699 1785 3701 3700
17733 4 2 0 1 3183 3184 2435 3227
17734 4 2 0 1 1895 1811 3147 2220
17735 4 2 0 1 2581 2463 2459 2578
17736 4 2 0 1 2666 2534 3522 3523
17737 4 2 0 1 2679 2849 3486 2784
17738 4 2 0 1 3183 3184 3227 3693
17739 4 2 0 1 3822 585 524 523
17740 4 2 0 1 703 702 136 3491
17741 4 2 0 1 138 3484 139 149
17742 4 2 0 1 1318 3138 1315 1928
17743 4 2 0 1 86 71 2490 1
17744 4 2 0 1 1659 3260 1661 1939
17745 4 2 0 1 3326 1546 1230 1547
17746 4 2 0 1 3326 1546 1547 3339
17747 4 2 0 1 2649 2651 3326 2929
17748 4 2 0 1 2418 1093 863 653
17749 4 2 0 1 1155 3373 391 3540
17750 4 2 0 1 1178 121 594 3491
17751 4 2 0 1 2007 3317 1510 3276
17752 4 2 0 1 2680 3491 118 2639
17753 4 2 0 1 1528 1529 3114 1526
17754 4 2 0 1 3151 3226 3216 3150
17755 4 2 0 1 291 2416 283 786
17756 4 2 0 1 1356 3225 3310 3292
17757 4 2 0 1 3114 3111 3282 2689
17758 4 2 0 1 3573 2531 2465 2521
17759 4 2 0 1 3151 3226 3150 3069
17760 4 2 0 1 3110 3701 3699 3108
17761 4 2 0 1 1816 2003 3700 3084
17762 4 2 0 1 1417 3034 1419 2073
17763 4 2 0 1 2674 2779 3495 3011
17764 4 2 0 1 1460 3159 1946 1988
17765 4 2 0 1 2674 2779 3011 2792
17766 4 2 0 1 2731 3526 2548 2398
17767 4 2 0 1 3769 3620 1985 1753
17768 4 2 0 1 3791 1380 1378 1382
17769 4 2 0 1 1460 1946 3159 1458
17770 4 2 0 1 2496 2926 3000 2925
17771 4 2 0 1 293 3765 1088 916
17772 4 2 0 1 3011 2542 3014 3012
17773 4 2 0 1 317 3765 313 479
17774 4 2 0 1 1349 2218 1346 3019
17775 4 2 0 1 3431 3152 3651 2952
17776 4 2 0 1 2957 3651 3152 2952
17777 4 2 0 1 3216 3685 3660 3019
17778 4 2 0 1 2117 3200 2005 1849
17779 4 2 0 1 3200 1759 3164 2005
17780 4 2 0 1 2117 3200 1849 3218
17781 4 2 0 1 3283 1937 2016 3714
17782 4 2 0 1 3283 1630 1859 2016
17783 4 2 0 1 3283 1571 1690 1630
17784 4 2 0 1 2085 3312 1690 1859
17785 4 2 0 1 3028 3039 3049 3034
17786 4 2 0 1 3118 3026 2701 3664
17787 4 2 0 1 3312 2304 2206 1859
17788 4 2 0 1 2686 1614 2291 2110
17789 4 2 0 1 3703 1389 1391 1482
17790 4 2 0 1 2625 2688 2893 2947
17791 4 2 0 1 3295 1447 1449 1445
17792 4 2 0 1 2468 2846 2858 3486
17793 4 2 0 1 1347 2218 2002 3019
17794 4 2 0 1 510 3798 2889 509
17795 4 2 0 1 3109 1692 2328 1943
17796 4 2 0 1 2957 1792 2285 3718
17797 4 2 0 1 1495 1388 1390 3649
17798 4 2 0 1 1634 1619 3189 1635
17799 4 2 0 1 2319 3306 2053 1832
17800 4 2 0 1 1412 1500 3696 2096
17801 4 2 0 1 3202 1266 1268 1267
17802 4 2 0 1 1832 3306 2053 1709
17803 4 2 0 1 2503 2506 2700 2504
17804 4 2 0 1 1450 3806 3362 3275
17805 4 2 0 1 3362 1440 1834 1438
17806 4 2 0 1 516 3798 574 731
17807 4 2 0 1 1450 2321 3276 2160
17808 4 2 0 1 2104 2696 1671 2688
17809 4 2 0 1 2221 2091 2695 1672
17810 4 2 0 1 72 2944 33 32
17811 4 2 0 1 32 2944 33 2104
17812 4 2 0 1 34 2944 3338 33
17813 4 2 0 1 2771 3010 3584 3012
17814 4 2 0 1 3308 1609 1642 1610
17815 4 2 0 1 3696 1500 1412 3313
17816 4 2 0 1 2448 2785 3405 3513
17817 4 2 0 1 2810 2448 3405 3513
17818 4 2 0 1 2874 3024 2450 3413
17819 4 2 0 1 2018 3231 2141 1628
17820 4 2 0 1 2448 3512 3468 2785
17821 4 2 0 1 3348 1865 3619 3620
17822 4 2 0 1 2900 3514 3379 2739
17823 4 2 0 1 1343 3017 3293 3331
17824 4 2 0 1 3608 93 579 3644
17825 4 2 0 1 2298 2535 2682 2624
17826 4 2 0 1 3120 3122 3117 3722
17827 4 2 0 1 2458 2522 2523 3515
17828 4 2 0 1 2522 2520 3515 3510
17829 4 2 0 1 2522 2523 3515 3517
17830 4 2 0 1 3011 2542 3012 2771
17831 4 2 0 1 2522 3510 3515 2458
17832 4 2 0 1 3745 1677 1679 1843
17833 4 2 0 1 3196 1573 1587 1574
17834 4 2 0 1 226 2787 2522 280
17835 4 2 0 1 226 2787 280 802
17836 4 2 0 1 1930 1638 3204 1745
17837 4 2 0 1 1727 3230 3240 3190
17838 4 2 0 1 1727 3240 3230 2286
17839 4 2 0 1 3523 3585 2664 3586
17840 4 2 0 1 2685 2835 2626 2666
17841 4 2 0 1 3231 2018 2141 1826
17842 4 2 0 1 3671 1418 2127 1416
17843 4 2 0 1 2835 2663 2626 2666
17844 4 2 0 1 2542 2779 3011 3495
17845 4 2 0 1 1829 3197 2347 3240
17846 4 2 0 1 2339 3174 1981 2199
17847 4 2 0 1 3231 1626 2192 3274
17848 4 2 0 1 3274 2113 1640 2192
17849 4 2 0 1 1626 1640 2192 3274
17850 4 2 0 1 3586 3613 2758 3523
17851 4 2 0 1 1885 3107 1527 2303
17852 4 2 0 1 3107 3106 3295 2303
17853 4 2 0 1 1885 3107 2303 3106
17854 4 2 0 1 3586 2858 3613 3523
17855 4 2 0 1 2071 3276 3306 3317
17856 4 2 0 1 2528 2654 2526 3518
17857 4 2 0 1 1435 1437 2284 3106
17858 4 2 0 1 3822 1173 3784 814
17859 4 2 0 1 3317 3276 3306 3215
17860 4 2 0 1 2214 1360 2215 3704
17861 4 2 0 1 3149 2028 1830 1838
17862 4 2 0 1 3324 1993 1995 1994
17863 4 2 0 1 2658 2545 2653 2573
17864 4 2 0 1 2662 2710 2617 502
17865 4 2 0 1 2822 2953 3417 2821
17866 4 2 0 1 1433 3095 1427 1434
17867 4 2 0 1 1545 3095 1427 2247
17868 4 2 0 1 2248 1844 3638 1901
17869 4 2 0 1 3185 1545 2247 3095
17870 4 2 0 1 1545 1992 3185 2247
17871 4 2 0 1 2968 3325 2622 2808
17872 4 2 0 1 2672 2670 2543 2558
17873 4 2 0 1 2258 2828 1903 2009
17874 4 2 0 1 1954 3632 1903 2258
17875 4 2 0 1 2793 3013 2831 2554
17876 4 2 0 1 2831 2793 2396 3013
17877 4 2 0 1 1424 3707 3043 1425
17878 4 2 0 1 1424 3707 1425 2269
17879 4 2 0 1 1923 1424 3707 3663
17880 4 2 0 1 1923 3707 1424 2269
17881 4 2 0 1 3159 1460 2184 2116
17882 4 2 0 1 1424 3707 3663 3043
17883 4 2 0 1 2694 3590 2692 2693
17884 4 2 0 1 3030 1921 3046 3029
17885 4 2 0 1 31 2944 2040 2943
17886 4 2 0 1 2169 28 1614 2943
17887 4 2 0 1 31 2040 1238 2943
17888 4 2 0 1 3159 2184 1460 1455
17889 4 2 0 1 781 2757 2839 994
17890 4 2 0 1 2688 2943 2040 2944
17891 4 2 0 1 2831 3371 2756 2526
17892 4 2 0 1 2217 2276 1514 3136
17893 4 2 0 1 2287 3638 1844 3369
17894 4 2 0 1 3679 3678 3032 3061
17895 4 2 0 1 1322 3210 3341 3091
17896 4 2 0 1 3402 3816 602 458
17897 4 2 0 1 1330 3451 3689 1328
17898 4 2 0 1 3087 3451 3210 1328
17899 4 2 0 1 781 2757 994 550
17900 4 2 0 1 2012 2805 2226 2075
17901 4 2 0 1 3367 2324 1503 2338
17902 4 2 0 1 3367 16 15 1548
17903 4 2 0 1 3369 3367 15 1548
17904 4 2 0 1 2674 2779 2792 2395
17905 4 2 0 1 3705 3697 3112 3699
17906 4 2 0 1 2395 2419 2779 2792
17907 4 2 0 1 2419 2587 2779 2851
17908 4 2 0 1 3703 1389 3660 1391
17909 4 2 0 1 781 2757 550 446
17910 4 2 0 1 1916 1832 1833 3275
17911 4 2 0 1 1708 1832 3275 1833
17912 4 2 0 1 2036 3806 2346 1450
17913 4 2 0 1 3496 2409 3495 2395
17914 4 2 0 1 1386 2910 3017 3660
17915 4 2 0 1 3657 3293 2910 3686
17916 4 2 0 1 3475 3285 2734 2874
17917 4 2 0 1 1387 3017 1386 1385
17918 4 2 0 1 3284 1715 1957 2044
17919 4 2 0 1 3154 3476 2593 3477
17920 4 2 0 1 3402 3781 458 1004
17921 4 2 0 1 3703 1389 3019 3660
17922 4 2 0 1 1769 3566 1631 2379
17923 4 2 0 1 3566 1581 3090 2379
17924 4 2 0 1 3566 1769 2148 1889
17925 4 2 0 1 1578 1579 1580 3133
17926 4 2 0 1 3566 3090 1631 2379
17927 4 2 0 1 3090 1600 1631 2379
17928 4 2 0 1 2395 2589 2792 2674
17929 4 2 0 1 3125 1271 1304 1273
17930 4 2 0 1 1270 3202 1267 1970
17931 4 2 0 1 3007 2620 2416 2419
17932 4 2 0 1 2560 2416 3537 3402
17933 4 2 0 1 2562 3390 2401 2588
17934 4 2 0 1 3390 2562 2401 2566
17935 4 2 0 1 3583 2668 2670 2669
17936 4 2 0 1 2468 2846 3486 3762
17937 4 2 0 1 3401 380 369 371
17938 4 2 0 1 1759 3738 1762 3200
17939 4 2 0 1 2959 3751 3750 2996
17940 4 2 0 1 3407 3406 3261 3756
17941 4 2 0 1 3401 369 380 1040
17942 4 2 0 1 2525 922 2413 635
17943 4 2 0 1 1248 2249 2762 3333
17944 4 2 0 1 2525 2413 922 3401
17945 4 2 0 1 3140 3281 3177 3220
17946 4 2 0 1 3220 3458 3636 3140
17947 4 2 0 1 3728 3636 3222 3140
17948 4 2 0 1 3668 3031 3030 3029
17949 4 2 0 1 3479 3423 3432 2454
17950 4 2 0 1 3013 2769 2557 2554
17951 4 2 0 1 2454 3183 3279 2424
17952 4 2 0 1 1759 3738 1760 1762
17953 4 2 0 1 753 281 754 2521
17954 4 2 0 1 3573 3517 2637 2635
17955 4 2 0 1 2736 753 2521 2732
17956 4 2 0 1 769 237 2732 773
17957 4 2 0 1 2531 237 2732 769
17958 4 2 0 1 2557 3371 3013 2831
17959 4 2 0 1 2842 2739 2993 2738
17960 4 2 0 1 333 2713 315 304
17961 4 2 0 1 2991 2546 3015 2714
17962 4 2 0 1 3006 260 2935 261
17963 4 2 0 1 1022 1107 3603 919
17964 4 2 0 1 2483 2857 2538 580
17965 4 2 0 1 3243 1962 3215 3178
17966 4 2 0 1 255 760 3006 253
17967 4 2 0 1 692 2484 693 690
17968 4 2 0 1 2557 2831 3013 2554
17969 4 2 0 1 766 3500 2492 2488
17970 4 2 0 1 2491 3579 3502 2926
17971 4 2 0 1 2424 3279 2454 3280
17972 4 2 0 1 2787 2636 2521 3517
17973 4 2 0 1 3215 1962 3243 3353
17974 4 2 0 1 2635 229 2521 3517
17975 4 2 0 1 232 753 2521 230
17976 4 2 0 1 1972 2682 1502 2055
17977 4 2 0 1 2787 281 3517 2521
17978 4 2 0 1 3573 2531 2521 2638
17979 4 2 0 1 2531 2638 231 2521
17980 4 2 0 1 2155 21 22 3016
17981 4 2 0 1 693 2646 1107 804
17982 4 2 0 1 3228 2742 3218 2485
17983 4 2 0 1 2408 2997 2473 2568
17984 4 2 0 1 2398 2539 3526 2548
17985 4 2 0 1 2537 3525 3526 2538
17986 4 2 0 1 3387 3388 2400 2551
17987 4 2 0 1 3488 1062 839 2920
17988 4 2 0 1 2552 2553 2524 2920
17989 4 2 0 1 3488 2474 3490 2920
17990 4 2 0 1 1140 720 3531 1034
17991 4 2 0 1 2561 599 1168 858
17992 4 2 0 1 2418 1093 2566 2416
17993 4 2 0 1 596 2550 2563 1067
17994 4 2 0 1 2850 3450 3612 2586
17995 4 2 0 1 2573 2548 2850 2658
17996 4 2 0 1 2739 2900 2842 3379
17997 4 2 0 1 3527 2539 3612 2573
17998 4 2 0 1 2660 2915 2755 3612
17999 4 2 0 1 3576 2844 2741 2645
18000 4 2 0 1 766 930 2488 1126
18001 4 2 0 1 3340 2618 3199 2976
18002 4 2 0 1 3215 3109 3243 3178
18003 4 2 0 1 309 313 312 2590
18004 4 2 0 1 311 309 312 2590
18005 4 2 0 1 1428 1415 3029 1921
18006 4 2 0 1 3487 2835 3486 3762
18007 4 2 0 1 2404 2409 3009 3495
18008 4 2 0 1 2599 3320 2764 2601
18009 4 2 0 1 1333 3073 1331 1332
18010 4 2 0 1 3645 2908 3164 2907
18011 4 2 0 1 3392 2402 2637 2609
18012 4 2 0 1 2417 2589 2902 2416
18013 4 2 0 1 498 496 2479 499
18014 4 2 0 1 2404 2717 2409 3495
18015 4 2 0 1 2767 2407 2752 2647
18016 4 2 0 1 2581 3544 2612 3545
18017 4 2 0 1 2648 2634 2752 3561
18018 4 2 0 1 3504 2825 2500 2663
18019 4 2 0 1 2413 3400 2657 2558
18020 4 2 0 1 3752 2699 3332 2501
18021 4 2 0 1 2633 2817 3572 2406
18022 4 2 0 1 2410 2565 2632 3386
18023 4 2 0 1 3397 2613 3561 2647
18024 4 2 0 1 2613 2633 3561 2647
18025 4 2 0 1 3752 3332 2699 2698
18026 4 2 0 1 2632 2781 2633 3386
18027 4 2 0 1 716 1193 844 3562
18028 4 2 0 1 852 3508 166 979
18029 4 2 0 1 2453 3037 3259 3473
18030 4 2 0 1 3538 2570 3543 2568
18031 4 2 0 1 3565 3566 1953 2623
18032 4 2 0 1 3565 1768 2056 1953
18033 4 2 0 1 2298 2056 2682 1502
18034 4 2 0 1 3565 1768 1953 3566
18035 4 2 0 1 375 2654 377 381
18036 4 2 0 1 375 903 2654 381
18037 4 2 0 1 2928 3429 3618 3434
18038 4 2 0 1 2399 2753 3376 2655
18039 4 2 0 1 475 3518 374 903
18040 4 2 0 1 2753 2655 3372 2656
18041 4 2 0 1 846 409 572 432
18042 4 2 0 1 409 846 2481 407
18043 4 2 0 1 2913 846 448 407
18044 4 2 0 1 406 401 2661 404
18045 4 2 0 1 402 401 2661 399
18046 4 2 0 1 1331 3073 1333 2908
18047 4 2 0 1 3375 3400 2544 2657
18048 4 2 0 1 3528 2543 2544 2672
18049 4 2 0 1 3219 3103 3045 2428
18050 4 2 0 1 2397 3400 2415 2982
18051 4 2 0 1 2860 2681 2683 2685
18052 4 2 0 1 2681 3002 2682 2941
18053 4 2 0 1 3602 3487 3486 2846
18054 4 2 0 1 852 762 3509 979
18055 4 2 0 1 1043 2683 3002 163
18056 4 2 0 1 163 683 933 2683
18057 4 2 0 1 592 3622 843 1097
18058 4 2 0 1 835 2683 3623 1097
18059 4 2 0 1 2657 2557 2413 2558
18060 4 2 0 1 2883 683 843 1097
18061 4 2 0 1 3043 1493 1425 3167
18062 4 2 0 1 1425 3707 3043 3167
18063 4 2 0 1 3723 3043 3170 3167
18064 4 2 0 1 2688 2088 1499 2040
18065 4 2 0 1 3338 2687 2696 2699
18066 4 2 0 1 3595 2701 2702 3593
18067 4 2 0 1 2074 3595 2702 3593
18068 4 2 0 1 2702 2088 2686 3596
18069 4 2 0 1 3103 3102 2428 3432
18070 4 2 0 1 397 2839 2903 2757
18071 4 2 0 1 2431 2575 3450 2585
18072 4 2 0 1 3576 2864 400 2482
18073 4 2 0 1 2839 2645 2741 2511
18074 4 2 0 1 3484 2723 704 1154
18075 4 2 0 1 123 3491 121 136
18076 4 2 0 1 2428 3102 3103 3668
18077 4 2 0 1 2852 3574 2469 154
18078 4 2 0 1 3037 3038 2451 3473
18079 4 2 0 1 2430 3447 3450 2845
18080 4 2 0 1 3653 2454 2452 3280
18081 4 2 0 1 2736 2727 2732 2918
18082 4 2 0 1 632 2860 556 2880
18083 4 2 0 1 2424 2454 3653 3280
18084 4 2 0 1 3424 3429 3427 2426
18085 4 2 0 1 2428 3219 2427 3045
18086 4 2 0 1 2662 2710 502 2711
18087 4 2 0 1 2494 2513 2516 2493
18088 4 2 0 1 423 2661 418 2743
18089 4 2 0 1 2427 3033 2428 3045
18090 4 2 0 1 2634 2781 2752 3561
18091 4 2 0 1 2633 2781 2767 2551
18092 4 2 0 1 468 469 3764 338
18093 4 2 0 1 3560 2611 2647 2859
18094 4 2 0 1 468 3764 469 1105
18095 4 2 0 1 3455 3647 2442 2926
18096 4 2 0 1 3555 2497 2513 2441
18097 4 2 0 1 2298 2682 2056 2624
18098 4 2 0 1 2839 2645 2511 2757
18099 4 2 0 1 1914 1648 3054 3357
18100 4 2 0 1 2396 3389 2819 3013
18101 4 2 0 1 2657 2654 2526 2756
18102 4 2 0 1 2393 2544 2541 2545
18103 4 2 0 1 1648 3057 1806 1914
18104 4 2 0 1 2552 635 2525 2413
18105 4 2 0 1 3703 1389 1482 3019
18106 4 2 0 1 2613 2632 2648 3561
18107 4 2 0 1 3397 2648 2752 3561
18108 4 2 0 1 1914 3673 3054 3057
18109 4 2 0 1 3013 2769 2554 3646
18110 4 2 0 1 2817 3388 2400 3387
18111 4 2 0 1 2400 2633 2781 3386
18112 4 2 0 1 1914 3054 3673 3357
18113 4 2 0 1 2516 2513 2494 3454
18114 4 2 0 1 2503 357 2507 2506
18115 4 2 0 1 2633 2817 2406 2400
18116 4 2 0 1 1491 3806 1708 3275
18117 4 2 0 1 2874 2875 3477 3637
18118 4 2 0 1 1491 1708 3806 2093
18119 4 2 0 1 1244 1245 1243 3370
18120 4 2 0 1 1245 1732 1243 3370
18121 4 2 0 1 2799 2761 2443 2760
18122 4 2 0 1 2249 1248 1246 3333
18123 4 2 0 1 1244 2249 1246 3333
18124 4 2 0 1 1833 1708 3806 3275
18125 4 2 0 1 3456 2601 2799 3552
18126 4 2 0 1 3636 3728 3222 3221
18127 4 2 0 1 1902 3633 1606 1903
18128 4 2 0 1 3325 2968 1220 2808
18129 4 2 0 1 1833 3806 1708 2093
18130 4 2 0 1 3049 3443 3263 2867
18131 4 2 0 1 2807 2808 2805 3626
18132 4 2 0 1 2998 2814 2470 2813
18133 4 2 0 1 2555 3485 2473 3488
18134 4 2 0 1 3049 3263 3443 3031
18135 4 2 0 1 2407 3485 2467 2473
18136 4 2 0 1 3488 3485 2473 2472
18137 4 2 0 1 2954 2953 3462 3417
18138 4 2 0 1 3559 44 45 3558
18139 4 2 0 1 2418 1093 653 2566
18140 4 2 0 1 2435 3183 3224 2424
18141 4 2 0 1 2566 2562 2401 2561
18142 4 2 0 1 3068 3201 3070 2911
18143 4 2 0 1 2886 46 2175 47
18144 4 2 0 1 2797 2556 2782 2780
18145 4 2 0 1 2859 2647 3387 3572
18146 4 2 0 1 3261 2837 3407 3760
18147 4 2 0 1 3068 3201 2911 3650
18148 4 2 0 1 3387 2647 2859 2768
18149 4 2 0 1 3470 3631 2790 3465
18150 4 2 0 1 2501 3628 3630 3471
18151 4 2 0 1 2573 2548 2658 2545
18152 4 2 0 1 1112 1050 180 2564
18153 4 2 0 1 1145 2412 180 2564
18154 4 2 0 1 2674 2779 2395 3495
18155 4 2 0 1 2724 2725 3543 2726
18156 4 2 0 1 3657 3293 3686 2978
18157 4 2 0 1 2666 2534 3523 2627
18158 4 2 0 1 672 896 215 2904
18159 4 2 0 1 3348 3619 3659 2774
18160 4 2 0 1 3680 3321 3254 3128
18161 4 2 0 1 3131 1567 1937 1564
18162 4 2 0 1 2604 3551 2600 2798
18163 4 2 0 1 3318 3253 3251 3680
18164 4 2 0 1 3150 3112 3699 3226
18165 4 2 0 1 2593 3473 3474 2875
18166 4 2 0 1 3361 3635 3258 2866
18167 4 2 0 1 3695 3208 3224 3323
18168 4 2 0 1 3728 3730 3729 3177
18169 4 2 0 1 3220 2105 2800 3281
18170 4 2 0 1 2884 318 3404 2902
18171 4 2 0 1 3527 3526 2539 2573
18172 4 2 0 1 969 274 293 2590
18173 4 2 0 1 276 2589 293 274
18174 4 2 0 1 312 3765 2811 2590
18175 4 2 0 1 3555 3617 2764 650
18176 4 2 0 1 2601 3320 2764 3553
18177 4 2 0 1 2763 3456 2601 2928
18178 4 2 0 1 2798 3412 2447 2855
18179 4 2 0 1 3208 3224 3323 3180
18180 4 2 0 1 394 2757 3539 395
18181 4 2 0 1 2536 454 2901 2816
18182 4 2 0 1 2572 2645 3527 2816
18183 4 2 0 1 3540 2572 2901 3539
18184 4 2 0 1 2536 2572 3527 2816
18185 4 2 0 1 1340 3686 1338 3201
18186 4 2 0 1 3650 1386 2910 1878
18187 4 2 0 1 3334 3224 2455 3098
18188 4 2 0 1 475 3520 2528 3556
18189 4 2 0 1 1948 1891 2318 3553
18190 4 2 0 1 3650 1386 1878 2357
18191 4 2 0 1 1386 2910 1878 1487
18192 4 2 0 1 3527 3526 2538 2539
18193 4 2 0 1 3614 3148 3303 3193
18194 4 2 0 1 2735 2555 2524 2414
18195 4 2 0 1 302 917 2590 2895
18196 4 2 0 1 368 3401 922 687
18197 4 2 0 1 2606 2885 3418 3755
18198 4 2 0 1 2843 2844 2845 2430
18199 4 2 0 1 3614 3303 3148 2759
18200 4 2 0 1 3607 2619 3199 3200
18201 4 2 0 1 2930 2432 2891 2486
18202 4 2 0 1 483 755 2880 2852
18203 4 2 0 1 3421 2939 2927 3757
18204 4 2 0 1 2786 2841 2471 2700
18205 4 2 0 1 2699 2786 2841 2946
18206 4 2 0 1 2590 917 302 309
18207 4 2 0 1 2946 2835 2945 2786
18208 4 2 0 1 3718 3151 3150 3651
18209 4 2 0 1 2200 2956 3734 3188
18210 4 2 0 1 2200 3733 1399 3188
18211 4 2 0 1 2851 2400 3388 2797
18212 4 2 0 1 632 755 1089 2880
18213 4 2 0 1 3717 3136 3144 3142
18214 4 2 0 1 3052 2004 1286 1374
18215 4 2 0 1 3740 3105 2966 3214
18216 4 2 0 1 2975 87 3501 828
18217 4 2 0 1 3340 2618 2976 2616
18218 4 2 0 1 3340 2618 2616 2485
18219 4 2 0 1 65 2976 3607 2748
18220 4 2 0 1 3717 3136 3715 3138
18221 4 2 0 1 3717 3136 3138 1313
18222 4 2 0 1 65 2975 2976 2748
18223 4 2 0 1 3577 2398 2483 2729
18224 4 2 0 1 3717 3136 1313 3144
18225 4 2 0 1 605 2532 1077 1177
18226 4 2 0 1 209 2665 2534 851
18227 4 2 0 1 732 1039 2665 591
18228 4 2 0 1 1077 2534 2914 955
18229 4 2 0 1 356 207 2534 851
18230 4 2 0 1 1077 2534 955 356
18231 4 2 0 1 270 254 2990 252
18232 4 2 0 1 259 256 257 3006
18233 4 2 0 1 2848 3559 2795 2996
18234 4 2 0 1 2713 2990 3598 3006
18235 4 2 0 1 2847 2848 2996 3559
18236 4 2 0 1 270 252 2990 1074
18237 4 2 0 1 2761 3617 2924 2651
18238 4 2 0 1 2497 2930 2999 2489
18239 4 2 0 1 610 1144 2999 1070
18240 4 2 0 1 86 2923 2490 2931
18241 4 2 0 1 2103 3737 1618 1602
18242 4 2 0 1 2103 3737 1602 1603
18243 4 2 0 1 2403 2477 2405 3494
18244 4 2 0 1 2632 2411 2410 3396
18245 4 2 0 1 3395 2779 2587 2851
18246 4 2 0 1 2410 3395 2406 3396
18247 4 2 0 1 3493 2477 2405 2404
18248 4 2 0 1 3577 2398 2539 2483
18249 4 2 0 1 44 3359 3559 1845
18250 4 2 0 1 3703 3702 3113 3225
18251 4 2 0 1 1387 1389 3019 2049
18252 4 2 0 1 1387 3660 3019 1389
18253 4 2 0 1 3194 1291 1292 1290
18254 4 2 0 1 3595 3237 2702 2701
18255 4 2 0 1 3668 3666 3030 3102
18256 4 2 0 1 3031 3445 3102 3263
18257 4 2 0 1 3134 3115 3132 3116
18258 4 2 0 1 3479 2455 2454 3432
18259 4 2 0 1 3095 3114 3587 2689
18260 4 2 0 1 3026 3042 3041 3663
18261 4 2 0 1 3140 3281 3220 3458
18262 4 2 0 1 3139 3636 3222 2453
18263 4 2 0 1 3107 3587 3114 2689
18264 4 2 0 1 3728 3221 3474 3222
18265 4 2 0 1 3149 3236 3240 3230
18266 4 2 0 1 3283 1569 1567 3131
18267 4 2 0 1 2286 1829 2347 3240
18268 4 2 0 1 3151 3070 3066 3068
18269 4 2 0 1 1829 3197 2090 2347
18270 4 2 0 1 3684 1356 3225 3310
18271 4 2 0 1 3136 1313 1311 2217
18272 4 2 0 1 3026 3021 3351 3041
18273 4 2 0 1 2242 1805 3044 1854
18274 4 2 0 1 3147 3211 3349 3341
18275 4 2 0 1 3063 3347 3301 3681
18276 4 2 0 1 1759 1758 1760 3164
18277 4 2 0 1 3063 3301 3347 3060
18278 4 2 0 1 3641 1824 1823 1430
18279 4 2 0 1 3183 2455 2424 2454
18280 4 2 0 1 3182 3181 3282 2689
18281 4 2 0 1 3572 2633 2406 3396
18282 4 2 0 1 2632 2410 2406 3396
18283 4 2 0 1 1364 1506 3178 1962
18284 4 2 0 1 3243 1506 3178 2023
18285 4 2 0 1 1601 2703 1607 1583
18286 4 2 0 1 3711 2058 3144 1371
18287 4 2 0 1 3124 1375 1284 2131
18288 4 2 0 1 3768 1750 1378 1350
18289 4 2 0 1 3748 3747 1966 3217
18290 4 2 0 1 3124 2868 3126 3676
18291 4 2 0 1 2755 2511 2746 2430
18292 4 2 0 1 3363 3203 1308 3144
18293 4 2 0 1 3124 3654 3130 3129
18294 4 2 0 1 3242 2454 3337 3716
18295 4 2 0 1 3211 3241 3092 3242
18296 4 2 0 1 3748 1966 3747 1967
18297 4 2 0 1 3146 3209 3211 3148
18298 4 2 0 1 1319 1318 3349 1317
18299 4 2 0 1 3146 3147 3148 3211
18300 4 2 0 1 1318 3138 3349 1317
18301 4 2 0 1 2592 3025 3309 3294
18302 4 2 0 1 3165 2210 1555 1636
18303 4 2 0 1 1937 1564 3355 3131
18304 4 2 0 1 2591 3155 2881 3284
18305 4 2 0 1 3264 3116 3166 3156
18306 4 2 0 1 3664 3595 3237 2703
18307 4 2 0 1 2691 3231 3167 3077
18308 4 2 0 1 3117 3722 3027 3123
18309 4 2 0 1 2089 1966 3747 3217
18310 4 2 0 1 3728 3223 3724 3177
18311 4 2 0 1 3533 743 577 532
18312 4 2 0 1 3533 2576 2780 2561
18313 4 2 0 1 3673 3060 3127 3054
18314 4 2 0 1 3248 3674 3127 3054
18315 4 2 0 1 3347 3548 2868 3205
18316 4 2 0 1 3474 3222 3548 3205
18317 4 2 0 1 3205 3478 3176 3248
18318 4 2 0 1 3473 3441 3548 3287
18319 4 2 0 1 1398 1692 3109 1397
18320 4 2 0 1 3186 3150 3112 3698
18321 4 2 0 1 3197 1590 2090 2347
18322 4 2 0 1 2746 2615 2801 2438
18323 4 2 0 1 2430 2511 2746 2894
18324 4 2 0 1 3230 2691 3174 3743
18325 4 2 0 1 3735 3168 3190 2691
18326 4 2 0 1 3696 3587 1519 3106
18327 4 2 0 1 2168 3587 3207 3096
18328 4 2 0 1 685 2990 897 1110
18329 4 2 0 1 2168 3587 3096 1433
18330 4 2 0 1 2168 3587 1433 1519
18331 4 2 0 1 2004 2124 1374 3321
18332 4 2 0 1 2089 3747 1966 1967
18333 4 2 0 1 3291 3334 3102 3098
18334 4 2 0 1 3506 3569 3116 3309
18335 4 2 0 1 3180 3273 3217 3208
18336 4 2 0 1 3533 2576 532 2780
18337 4 2 0 1 2936 552 3533 3531
18338 4 2 0 1 3235 2827 2623 2893
18339 4 2 0 1 1302 3748 3217 3194
18340 4 2 0 1 1326 1325 1324 3210
18341 4 2 0 1 3070 3683 3065 3682
18342 4 2 0 1 2037 1483 3158 1986
18343 4 2 0 1 2286 3149 1829 3240
18344 4 2 0 1 2677 214 217 791
18345 4 2 0 1 2454 3092 3279 3319
18346 4 2 0 1 3722 3173 3123 2876
18347 4 2 0 1 3223 3725 3244 3206
18348 4 2 0 1 2866 3458 2762 2444
18349 4 2 0 1 485 2675 2677 791
18350 4 2 0 1 2865 3336 2031 3368
18351 4 2 0 1 2454 3279 3081 3280
18352 4 2 0 1 3120 3330 3198 3265
18353 4 2 0 1 3678 1518 1516 3254
18354 4 2 0 1 685 897 2990 593
18355 4 2 0 1 3120 3198 3330 2876
18356 4 2 0 1 3118 3237 3506 3115
18357 4 2 0 1 2003 1785 2185 3700
18358 4 2 0 1 1076 3525 580 2538
18359 4 2 0 1 3301 3679 3061 3059
18360 4 2 0 1 3050 3042 3049 2867
18361 4 2 0 1 3209 3614 3088 3193
18362 4 2 0 1 3148 2759 3268 3614
18363 4 2 0 1 3253 3741 3263 3251
18364 4 2 0 1 2071 3276 3275 3306
18365 4 2 0 1 2641 166 822 159
18366 4 2 0 1 3762 2846 2785 3763
18367 4 2 0 1 3130 3233 3716 3162
18368 4 2 0 1 3716 3130 3162 3241
18369 4 2 0 1 2908 1333 2164 1870
18370 4 2 0 1 3719 3119 3476 3155
18371 4 2 0 1 1329 3689 1328 1330
18372 4 2 0 1 2966 3269 3314 3101
18373 4 2 0 1 2756 2545 2653 3376
18374 4 2 0 1 2857 580 3525 2538
18375 4 2 0 1 3047 3669 3670 3297
18376 4 2 0 1 3669 3641 1828 3297
18377 4 2 0 1 2641 822 166 3508
18378 4 2 0 1 3589 1798 2692 2307
18379 4 2 0 1 1329 3689 1330 1331
18380 4 2 0 1 2954 3417 2951 2953
18381 4 2 0 1 1830 3230 2265 2028
18382 4 2 0 1 3301 3680 3681 3318
18383 4 2 0 1 3190 1900 1644 1727
18384 4 2 0 1 3249 3240 2876 3198
18385 4 2 0 1 3061 3679 2259 3059
18386 4 2 0 1 2014 3059 1807 3149
18387 4 2 0 1 1824 1974 3307 2132
18388 4 2 0 1 1235 2954 2370 3460
18389 4 2 0 1 3642 1974 2796 3307
18390 4 2 0 1 3106 3696 2202 1519
18391 4 2 0 1 3696 3587 3106 3207
18392 4 2 0 1 3269 3098 3314 3208
18393 4 2 0 1 2370 2954 2949 1791
18394 4 2 0 1 3128 2066 2048 3254
18395 4 2 0 1 2945 2625 2663 2825
18396 4 2 0 1 2519 2518 2515 3510
18397 4 2 0 1 2945 2663 2625 2626
18398 4 2 0 1 3322 1403 1430 1823
18399 4 2 0 1 3020 3026 3021 3022
18400 4 2 0 1 3568 2663 2625 2825
18401 4 2 0 1 3607 2802 3606 2748
18402 4 2 0 1 3128 2066 2266 2048
18403 4 2 0 1 3383 3753 3377 3372
18404 4 2 0 1 3457 3615 3344 3268
18405 4 2 0 1 3088 3086 3074 3267
18406 4 2 0 1 3568 2625 2663 2626
18407 4 2 0 1 2443 3345 2928 3344
18408 4 2 0 1 2760 2761 2443 3615
18409 4 2 0 1 1311 1313 3136 3144
18410 4 2 0 1 3260 2485 3218 3354
18411 4 2 0 1 2502 2701 3022 3594
18412 4 2 0 1 3498 3228 2742 2650
18413 4 2 0 1 1847 2890 68 1224
18414 4 2 0 1 2324 2338 3367 1548
18415 4 2 0 1 3688 2211 2108 1368
18416 4 2 0 1 3625 3367 3364 2805
18417 4 2 0 1 3628 2825 2826 2622
18418 4 2 0 1 600 892 2675 3004
18419 4 2 0 1 2655 2545 2773 3530
18420 4 2 0 1 3394 2919 2462 2993
18421 4 2 0 1 3688 2108 2211 3682
18422 4 2 0 1 2352 3341 1780 3303
18423 4 2 0 1 2855 2448 2518 2832
18424 4 2 0 1 3760 3467 3761 3405
18425 4 2 0 1 2986 3405 2785 3378
18426 4 2 0 1 3464 3467 3405 2448
18427 4 2 0 1 3405 2471 2986 2785
18428 4 2 0 1 2812 3378 3513 2810
18429 4 2 0 1 2514 3514 2812 2494
18430 4 2 0 1 368 635 2525 366
18431 4 2 0 1 3396 3493 2611 3494
18432 4 2 0 1 3398 2504 2784 3487
18433 4 2 0 1 2633 2400 2406 3386
18434 4 2 0 1 2834 2550 2549 2563
18435 4 2 0 1 3593 3594 2702 2696
18436 4 2 0 1 2702 3594 3593 2701
18437 4 2 0 1 436 3603 434 2499
18438 4 2 0 1 2814 2768 2769 3646
18439 4 2 0 1 3481 2460 3513 2812
18440 4 2 0 1 434 3603 436 919
18441 4 2 0 1 2645 395 398 908
18442 4 2 0 1 3505 3235 2893 2827
18443 4 2 0 1 3585 3511 2724 2846
18444 4 2 0 1 2719 164 837 2527
18445 4 2 0 1 3762 3761 3763 2785
18446 4 2 0 1 2654 3401 2657 2525
18447 4 2 0 1 2657 3400 2413 3401
18448 4 2 0 1 3261 2422 3406 2838
18449 4 2 0 1 2422 3414 2838 3040
18450 4 2 0 1 2698 2422 2838 3040
18451 4 2 0 1 2719 164 2527 161
18452 4 2 0 1 2719 164 161 575
18453 4 2 0 1 2719 164 575 837
18454 4 2 0 1 2599 3552 2602 2598
18455 4 2 0 1 3434 3456 2766 2928
18456 4 2 0 1 3472 2450 3407 3412
18457 4 2 0 1 3531 721 1072 1170
18458 4 2 0 1 3531 1072 721 915
18459 4 2 0 1 3011 3007 2792 3008
18460 4 2 0 1 3074 3081 3067 3086
18461 4 2 0 1 3067 3279 3431 2424
18462 4 2 0 1 3288 2424 2958 2435
18463 4 2 0 1 2792 278 275 2589
18464 4 2 0 1 3008 3011 2779 2792
18465 4 2 0 1 3143 3145 3337 3242
18466 4 2 0 1 3008 2779 3011 2771
18467 4 2 0 1 3219 3103 2428 3432
18468 4 2 0 1 403 3786 514 1146
18469 4 2 0 1 3420 3437 3048 2427
18470 4 2 0 1 2766 3410 2447 3472
18471 4 2 0 1 2987 3381 2810 3378
18472 4 2 0 1 2459 722 1143 624
18473 4 2 0 1 2073 3028 3034 3020
18474 4 2 0 1 2512 2604 2515 3554
18475 4 2 0 1 3038 2453 3473 3037
18476 4 2 0 1 3730 1712 1788 2123
18477 4 2 0 1 3459 3143 3337 3480
18478 4 2 0 1 3554 2604 2515 2519
18479 4 2 0 1 2440 3379 3000 3381
18480 4 2 0 1 3383 3393 3377 2609
18481 4 2 0 1 2864 2844 2645 2539
18482 4 2 0 1 3377 3393 3383 3372
18483 4 2 0 1 3546 2584 2583 431
18484 4 2 0 1 434 436 2499 429
18485 4 2 0 1 3076 3123 3709 3077
18486 4 2 0 1 2830 3556 2605 2754
18487 4 2 0 1 2442 2929 3345 2761
18488 4 2 0 1 2928 2442 3345 2761
18489 4 2 0 1 3580 2434 3228 3422
18490 4 2 0 1 3428 3267 3422 2434
18491 4 2 0 1 3076 3709 3123 3121
18492 4 2 0 1 3084 3692 3184 3082
18493 4 2 0 1 3575 2640 2849 2853
18494 4 2 0 1 3455 3647 2926 3618
18495 4 2 0 1 3076 3123 3117 3121
18496 4 2 0 1 3284 1957 1717 2368
18497 4 2 0 1 3705 3704 3703 3178
18498 4 2 0 1 2514 2515 2922 2512
18499 4 2 0 1 2618 2891 2887 2438
18500 4 2 0 1 2908 3645 3164 2979
18501 4 2 0 1 2382 3284 1717 3153
18502 4 2 0 1 2830 2847 3409 2995
18503 4 2 0 1 2959 3751 2996 3425
18504 4 2 0 1 3381 3000 2494 3379
18505 4 2 0 1 3347 3547 3588 3441
18506 4 2 0 1 2593 2690 3441 3476
18507 4 2 0 1 3381 2494 3000 2810
18508 4 2 0 1 3835 383 385 382
18509 4 2 0 1 3520 2525 3518 2656
18510 4 2 0 1 3423 2454 3479 3337
18511 4 2 0 1 3835 383 382 2983
18512 4 2 0 1 3145 3459 3141 3635
18513 4 2 0 1 3457 3146 3268 3277
18514 4 2 0 1 58 3811 76 59
18515 4 2 0 1 3146 3635 3141 3257
18516 4 2 0 1 58 76 3811 549
18517 4 2 0 1 3088 3086 3268 3277
18518 4 2 0 1 2580 672 215 2904
18519 4 2 0 1 2463 2580 2578 3543
18520 4 2 0 1 2858 2724 3586 3613
18521 4 2 0 1 2304 2100 3312 2206
18522 4 2 0 1 2304 3312 2100 1656
18523 4 2 0 1 2570 2408 2568 2997
18524 4 2 0 1 3484 2474 3485 2752
18525 4 2 0 1 2565 2781 2562 2563
18526 4 2 0 1 2555 2814 2470 2473
18527 4 2 0 1 2555 2735 3488 2470
18528 4 2 0 1 2407 2814 2768 2767
18529 4 2 0 1 3397 2467 2407 2752
18530 4 2 0 1 2613 2632 3561 2633
18531 4 2 0 1 2206 3234 2100 3312
18532 4 2 0 1 3084 2003 1670 2178
18533 4 2 0 1 2342 2355 3171 2126
18534 4 2 0 1 144 3489 3490 141
18535 4 2 0 1 705 144 3490 141
18536 4 2 0 1 3510 2519 1005 2515
18537 4 2 0 1 2475 3496 2716 2717
18538 4 2 0 1 3495 3003 3496 2674
18539 4 2 0 1 3495 2714 2542 2478
18540 4 2 0 1 3510 855 1005 2519
18541 4 2 0 1 3575 2849 2640 2679
18542 4 2 0 1 2975 3499 2614 3501
18543 4 2 0 1 2975 2614 828 3501
18544 4 2 0 1 68 2890 3501 1092
18545 4 2 0 1 1856 3254 1518 3678
18546 4 2 0 1 2987 3381 3378 3382
18547 4 2 0 1 1518 1516 3254 1673
18548 4 2 0 1 2693 2694 2700 2505
18549 4 2 0 1 1908 2371 3090 2314
18550 4 2 0 1 864 2693 36 35
18551 4 2 0 1 3090 2371 1908 3289
18552 4 2 0 1 2526 2414 2656 2525
18553 4 2 0 1 3634 3500 3447 2432
18554 4 2 0 1 1281 3681 1282 3675
18555 4 2 0 1 1827 3171 2355 2126
18556 4 2 0 1 1066 328 2459 2579
18557 4 2 0 1 3681 2381 1282 3321
18558 4 2 0 1 2678 116 124 2778
18559 4 2 0 1 2502 3475 3662 2592
18560 4 2 0 1 2849 2640 2667 3522
18561 4 2 0 1 3524 2663 2666 2626
18562 4 2 0 1 2835 2784 3487 3486
18563 4 2 0 1 2533 2508 3623 2683
18564 4 2 0 1 2546 2541 2540 2854
18565 4 2 0 1 1827 2355 3171 2238
18566 4 2 0 1 1079 635 2552 2413
18567 4 2 0 1 2394 2936 2552 2413
18568 4 2 0 1 2552 3532 2394 2553
18569 4 2 0 1 3777 3401 369 371
18570 4 2 0 1 2524 3488 2735 839
18571 4 2 0 1 3681 2381 3321 3128
18572 4 2 0 1 368 3401 687 369
18573 4 2 0 1 2720 2470 160 2735
18574 4 2 0 1 3038 3024 3477 3294
18575 4 2 0 1 2977 2911 3686 3657
18576 4 2 0 1 2653 2572 3540 3541
18577 4 2 0 1 795 3605 667 668
18578 4 2 0 1 3605 666 667 668
18579 4 2 0 1 2468 3763 3585 2846
18580 4 2 0 1 303 306 2673 1162
18581 4 2 0 1 1323 3091 1372 1373
18582 4 2 0 1 3496 306 1162 2673
18583 4 2 0 1 3146 3147 3211 3145
18584 4 2 0 1 3341 3211 3148 3147
18585 4 2 0 1 3246 3250 3154 2593
18586 4 2 0 1 3782 3781 322 327
18587 4 2 0 1 3157 3246 3250 3154
18588 4 2 0 1 3719 3246 3157 3154
18589 4 2 0 1 1948 1891 3553 3
18590 4 2 0 1 3547 3347 3172 3300
18591 4 2 0 1 2542 2991 3014 3015
18592 4 2 0 1 2798 3412 2766 2447
18593 4 2 0 1 768 666 3384 668
18594 4 2 0 1 3510 2833 2517 2631
18595 4 2 0 1 2473 2472 2470 3488
18596 4 2 0 1 3196 1573 1574 1572
18597 4 2 0 1 2712 2711 2824 2802
18598 4 2 0 1 3196 1573 1572 3352
18599 4 2 0 1 2345 2095 2749 3606
18600 4 2 0 1 3535 1069 1173 783
18601 4 2 0 1 1226 2095 2749 2345
18602 4 2 0 1 2943 3567 2688 2686
18603 4 2 0 1 3746 2047 1843 2159
18604 4 2 0 1 3505 3235 2827 3135
18605 4 2 0 1 2631 553 334 554
18606 4 2 0 1 1149 3571 757 988
18607 4 2 0 1 2628 2675 2912 2630
18608 4 2 0 1 553 940 2630 678
18609 4 2 0 1 783 1173 3535 965
18610 4 2 0 1 3575 2408 2679 2997
18611 4 2 0 1 3510 2833 2631 2832
18612 4 2 0 1 2556 2780 2670 2782
18613 4 2 0 1 2997 3492 2777 2466
18614 4 2 0 1 1073 921 2675 3004
18615 4 2 0 1 3413 2874 3024 3475
18616 4 2 0 1 3266 3339 2929 3326
18617 4 2 0 1 2649 3228 2929 3326
18618 4 2 0 1 1663 1662 3326 1660
18619 4 2 0 1 2675 921 1073 1194
18620 4 2 0 1 2890 2649 2486 69
18621 4 2 0 1 3266 1663 3339 3326
18622 4 2 0 1 1079 922 635 2413
18623 4 2 0 1 3533 2671 2556 2780
18624 4 2 0 1 3631 3470 2676 3465
18625 4 2 0 1 3533 2671 2780 532
18626 4 2 0 1 3182 3181 2689 3323
18627 4 2 0 1 3686 2910 2911 3201
18628 4 2 0 1 3774 927 800 3401
18629 4 2 0 1 3028 3039 3034 3020
18630 4 2 0 1 3634 3447 3500 2845
18631 4 2 0 1 2428 3668 3045 3033
18632 4 2 0 1 3670 3669 3343 3046
18633 4 2 0 1 2708 2706 3591 3296
18634 4 2 0 1 3059 3677 3149 3236
18635 4 2 0 1 2716 950 332 1124
18636 4 2 0 1 2715 2574 2464 2733
18637 4 2 0 1 1120 1180 2935 261
18638 4 2 0 1 760 255 3006 1180
18639 4 2 0 1 3662 3022 2502 2592
18640 4 2 0 1 3058 3149 3677 3236
18641 4 2 0 1 3602 2998 2725 2408
18642 4 2 0 1 2408 2726 2568 2725
18643 4 2 0 1 3091 3209 3080 3210
18644 4 2 0 1 3538 3560 2402 3544
18645 4 2 0 1 2609 2578 2458 2725
18646 4 2 0 1 2578 2609 2568 2725
18647 4 2 0 1 2660 2399 2586 2744
18648 4 2 0 1 3385 3000 2440 3419
18649 4 2 0 1 2399 2744 3380 2586
18650 4 2 0 1 2755 3450 3612 2844
18651 4 2 0 1 2586 3450 3612 2755
18652 4 2 0 1 2572 2660 3612 2915
18653 4 2 0 1 2572 3527 3612 2573
18654 4 2 0 1 1156 2470 2472 3488
18655 4 2 0 1 2572 2660 2915 3541
18656 4 2 0 1 1473 3061 1475 3229
18657 4 2 0 1 2925 2810 3000 2494
18658 4 2 0 1 1475 3061 1473 1480
18659 4 2 0 1 2972 2457 2775 2971
18660 4 2 0 1 3472 3435 2450 2766
18661 4 2 0 1 2450 3472 2766 3412
18662 4 2 0 1 3002 835 2683 3623
18663 4 2 0 1 3002 108 835 3623
18664 4 2 0 1 1189 1101 2914 1207
18665 4 2 0 1 3367 3625 3004 3325
18666 4 2 0 1 3625 3364 3365 2805
18667 4 2 0 1 3366 3471 2734 2806
18668 4 2 0 1 3369 2882 3365 3364
18669 4 2 0 1 3631 3471 2806 2790
18670 4 2 0 1 2628 2806 2912 3627
18671 4 2 0 1 3365 3638 3264 2882
18672 4 2 0 1 2301 1886 1887 3629
18673 4 2 0 1 2822 2953 2821 3629
18674 4 2 0 1 2657 2544 2831 2558
18675 4 2 0 1 3559 45 44 1845
18676 4 2 0 1 2754 2847 3556 2794
18677 4 2 0 1 3409 2606 2847 2996
18678 4 2 0 1 444 3824 422 576
18679 4 2 0 1 2420 3408 2848 2996
18680 4 2 0 1 1153 103 862 2794
18681 4 2 0 1 3558 2794 44 103
18682 4 2 0 1 3139 2444 3140 2866
18683 4 2 0 1 3223 3206 3244 2444
18684 4 2 0 1 422 3824 444 443
18685 4 2 0 1 3177 3223 3140 3728
18686 4 2 0 1 3220 3177 3140 3728
18687 4 2 0 1 1349 3739 3684 3019
18688 4 2 0 1 3459 3139 3141 2866
18689 4 2 0 1 3154 3285 3477 3637
18690 4 2 0 1 3024 3332 3413 3475
18691 4 2 0 1 3005 2946 3465 3763
18692 4 2 0 1 3264 2734 3285 2591
18693 4 2 0 1 3465 2676 3005 3763
18694 4 2 0 1 2630 756 554 3571
18695 4 2 0 1 3638 2789 2878 3327
18696 4 2 0 1 2630 554 756 553
18697 4 2 0 1 3783 3794 534 545
18698 4 2 0 1 534 3783 545 736
18699 4 2 0 1 3179 1297 1295 3094
18700 4 2 0 1 3179 1295 1297 1296
18701 4 2 0 1 1918 3164 2908 2907
18702 4 2 0 1 2993 2773 2462 2655
18703 4 2 0 1 2933 2932 2706 3591
18704 4 2 0 1 1080 2906 663 3599
18705 4 2 0 1 2427 3414 2933 3299
18706 4 2 0 1 511 3819 3787 508
18707 4 2 0 1 2960 3045 2964 2898
18708 4 2 0 1 2539 2844 3612 3450
18709 4 2 0 1 3018 3660 3649 3718
18710 4 2 0 1 2948 3290 3151 3651
18711 4 2 0 1 3694 3693 3094 3227
18712 4 2 0 1 3694 3693 3227 3184
18713 4 2 0 1 3068 2948 3290 3151
18714 4 2 0 1 2786 2471 3487 2504
18715 4 2 0 1 572 409 924 432
18716 4 2 0 1 2949 2147 1958 2951
18717 4 2 0 1 2977 2978 2907 3657
18718 4 2 0 1 1501 3105 3655 3740
18719 4 2 0 1 1501 3313 3655 3105
18720 4 2 0 1 3313 1501 3655 1738
18721 4 2 0 1 3332 2698 3752 3662
18722 4 2 0 1 2422 3332 3662 2698
18723 4 2 0 1 2422 3023 2698 3662
18724 4 2 0 1 2422 3332 2698 3261
18725 4 2 0 1 3048 3443 3667 3287
18726 4 2 0 1 3287 2867 3049 3588
18727 4 2 0 1 3473 3441 3287 3038
18728 4 2 0 1 3038 2453 3037 3048
18729 4 2 0 1 2874 2451 3477 2875
18730 4 2 0 1 3347 3547 3172 3588
18731 4 2 0 1 3172 3042 2867 3588
18732 4 2 0 1 2099 3231 1741 1507
18733 4 2 0 1 924 409 572 408
18734 4 2 0 1 2428 3443 3049 3440
18735 4 2 0 1 924 460 572 432
18736 4 2 0 1 3677 3057 3058 3054
18737 4 2 0 1 3677 3060 3057 3054
18738 4 2 0 1 3270 3681 3680 3318
18739 4 2 0 1 3172 2867 3347 3588
18740 4 2 0 1 2315 3105 3740 3741
18741 4 2 0 1 1113 1038 2943 2940
18742 4 2 0 1 1332 3689 3073 1331
18743 4 2 0 1 2943 1038 1113 31
18744 4 2 0 1 3092 3079 3093 1723
18745 4 2 0 1 2720 3482 2815 2735
18746 4 2 0 1 3695 3100 3096 3097
18747 4 2 0 1 3082 1857 1820 3079
18748 4 2 0 1 3325 3625 2809 2622
18749 4 2 0 1 1439 3362 3106 1437
18750 4 2 0 1 3107 3587 3106 3114
18751 4 2 0 1 2472 2642 2470 2641
18752 4 2 0 1 3696 3313 3314 3655
18753 4 2 0 1 3704 3324 3703 1993
18754 4 2 0 1 3626 3632 3633 3135
18755 4 2 0 1 3402 1020 205 3535
18756 4 2 0 1 1695 3732 3243 3731
18757 4 2 0 1 3402 813 595 911
18758 4 2 0 1 1391 3703 1482 2343
18759 4 2 0 1 2472 2642 2473 2470
18760 4 2 0 1 3342 3077 3737 3076
18761 4 2 0 1 3308 2087 1607 2703
18762 4 2 0 1 1568 1675 1676 3744
18763 4 2 0 1 3478 3246 3248 3249
18764 4 2 0 1 1573 3352 1588 2329
18765 4 2 0 1 2232 3356 1559 1562
18766 4 2 0 1 3283 1569 3131 3191
18767 4 2 0 1 2534 2758 3523 2665
18768 4 2 0 1 307 3598 332 2715
18769 4 2 0 1 315 332 3598 950
18770 4 2 0 1 1390 1392 2285 3718
18771 4 2 0 1 315 361 950 3598
18772 4 2 0 1 3198 3736 3240 2876
18773 4 2 0 1 3196 1590 3240 3191
18774 4 2 0 1 2534 2758 2665 209
18775 4 2 0 1 2873 3636 2451 3221
18776 4 2 0 1 2534 2758 209 2667
18777 4 2 0 1 2667 209 2534 207
18778 4 2 0 1 3381 3452 3378 3382
18779 4 2 0 1 3378 3452 3381 2812
18780 4 2 0 1 2789 2790 2806 2734
18781 4 2 0 1 2930 2432 2489 3502
18782 4 2 0 1 2451 3037 3473 3259
18783 4 2 0 1 61 3606 3582 62
18784 4 2 0 1 2824 3582 2711 2662
18785 4 2 0 1 3152 3718 3651 2957
18786 4 2 0 1 3692 3082 3093 3693
18787 4 2 0 1 3150 3186 3718 3152
18788 4 2 0 1 3672 3204 3202 1269
18789 4 2 0 1 3203 2868 3206 3175
18790 4 2 0 1 2868 3203 3726 3175
18791 4 2 0 1 3330 3246 3478 3249
18792 4 2 0 1 2868 3726 3205 3175
18793 4 2 0 1 3127 3358 3055 3673
18794 4 2 0 1 2502 3022 3662 3752
18795 4 2 0 1 3153 3154 3250 3729
18796 4 2 0 1 3435 2870 2450 2598
18797 4 2 0 1 3730 1712 2123 3250
18798 4 2 0 1 61 3582 2577 91
18799 4 2 0 1 3615 3457 3344 2443
18800 4 2 0 1 3479 3423 3438 3432
18801 4 2 0 1 61 3582 91 872
18802 4 2 0 1 3480 3716 3233 3143
18803 4 2 0 1 3636 3221 3222 3473
18804 4 2 0 1 3480 3337 3141 3438
18805 4 2 0 1 3480 3141 3337 3459
18806 4 2 0 1 1059 2564 3390 182
18807 4 2 0 1 1059 2564 182 1050
18808 4 2 0 1 3438 3437 3420 3436
18809 4 2 0 1 2406 3386 2564 2410
18810 4 2 0 1 2933 3040 3033 2932
18811 4 2 0 1 2420 2795 2848 2897
18812 4 2 0 1 2420 3296 3750 2959
18813 4 2 0 1 2795 2420 2848 2996
18814 4 2 0 1 3385 2830 3409 2995
18815 4 2 0 1 2925 2493 2496 3502
18816 4 2 0 1 2565 2588 3386 2564
18817 4 2 0 1 2565 2564 3386 2410
18818 4 2 0 1 2593 3719 3330 3476
18819 4 2 0 1 2416 3537 2566 2401
18820 4 2 0 1 3289 3567 2893 3565
18821 4 2 0 1 2962 2423 3426 3074
18822 4 2 0 1 3074 3428 3304 3267
18823 4 2 0 1 2962 2423 3074 3427
18824 4 2 0 1 2962 3074 3426 3067
18825 4 2 0 1 3088 3074 3304 3267
18826 4 2 0 1 2962 3074 3067 3086
18827 4 2 0 1 2962 3074 3086 3427
18828 4 2 0 1 2557 2524 2525 2552
18829 4 2 0 1 3418 3755 2885 3757
18830 4 2 0 1 3754 3377 2815 2753
18831 4 2 0 1 2953 2821 3462 3417
18832 4 2 0 1 2599 5 949 3320
18833 4 2 0 1 2441 3454 2513 3554
18834 4 2 0 1 1149 2596 1188 785
18835 4 2 0 1 2519 1149 785 2596
18836 4 2 0 1 2416 2566 3537 3403
18837 4 2 0 1 2600 996 677 3550
18838 4 2 0 1 2525 2524 2557 2414
18839 4 2 0 1 2730 2733 2731 2729
18840 4 2 0 1 2547 2733 2643 2729
18841 4 2 0 1 83 163 1082 3002
18842 4 2 0 1 2733 2547 2731 2729
18843 4 2 0 1 2483 2547 2729 2398
18844 4 2 0 1 2432 2492 2489 2498
18845 4 2 0 1 2667 2640 2678 2778
18846 4 2 0 1 3622 2883 843 1097
18847 4 2 0 1 835 938 2683 1097
18848 4 2 0 1 2680 2678 2640 2778
18849 4 2 0 1 2861 2754 2421 3408
18850 4 2 0 1 3447 2894 2430 2746
18851 4 2 0 1 3330 3719 2593 3246
18852 4 2 0 1 2660 2916 3541 3604
18853 4 2 0 1 2841 3407 3261 3332
18854 4 2 0 1 2584 764 426 2709
18855 4 2 0 1 2925 2926 3000 3618
18856 4 2 0 1 695 1148 2469 151
18857 4 2 0 1 114 113 2680 3622
18858 4 2 0 1 122 120 2639 158
18859 4 2 0 1 3330 2690 2593 3476
18860 4 2 0 1 483 2852 2883 463
18861 4 2 0 1 2469 1198 2639 2852
18862 4 2 0 1 3507 3508 822 2718
18863 4 2 0 1 852 155 3574 154
18864 4 2 0 1 2926 3419 3000 3618
18865 4 2 0 1 114 2680 113 115
18866 4 2 0 1 2853 2835 2685 2666
18867 4 2 0 1 75 2989 1129 964
18868 4 2 0 1 75 1134 2989 964
18869 4 2 0 1 3381 2440 3452 3382
18870 4 2 0 1 3379 2753 3372 3452
18871 4 2 0 1 2460 3378 2812 3452
18872 4 2 0 1 3114 1509 1510 3362
18873 4 2 0 1 2716 2652 2717 3581
18874 4 2 0 1 3114 1885 3362 3106
18875 4 2 0 1 2825 2500 2826 2622
18876 4 2 0 1 2509 2835 2685 2853
18877 4 2 0 1 3367 3625 3325 2805
18878 4 2 0 1 3514 2922 2514 2520
18879 4 2 0 1 2806 2826 3627 3365
18880 4 2 0 1 2826 3625 3627 3365
18881 4 2 0 1 251 258 2970 1196
18882 4 2 0 1 3631 2912 2806 2826
18883 4 2 0 1 2969 248 2970 246
18884 4 2 0 1 251 505 253 2970
18885 4 2 0 1 2784 3509 2853 2509
18886 4 2 0 1 251 2969 253 252
18887 4 2 0 1 1030 2483 562 2643
18888 4 2 0 1 2784 3574 3575 2853
18889 4 2 0 1 2900 2737 3514 2739
18890 4 2 0 1 3459 3635 2866 3141
18891 4 2 0 1 3361 2799 2762 3258
18892 4 2 0 1 3146 3147 3145 3635
18893 4 2 0 1 677 2599 998 2600
18894 4 2 0 1 3459 2865 2866 3635
18895 4 2 0 1 677 2600 998 623
18896 4 2 0 1 523 343 3822 340
18897 4 2 0 1 3330 3246 3249 3721
18898 4 2 0 1 3458 3258 2870 2866
18899 4 2 0 1 3822 3534 1020 337
18900 4 2 0 1 2866 3458 3636 2870
18901 4 2 0 1 3832 337 340 339
18902 4 2 0 1 2784 2853 3575 2849
18903 4 2 0 1 2483 2482 2864 3577
18904 4 2 0 1 2482 440 2864 400
18905 4 2 0 1 1009 3794 540 833
18906 4 2 0 1 749 3540 1141 3539
18907 4 2 0 1 2736 2727 2585 2899
18908 4 2 0 1 3366 3264 3365 2806
18909 4 2 0 1 2736 2727 2918 2585
18910 4 2 0 1 2415 2397 382 378
18911 4 2 0 1 2465 2736 2732 2918
18912 4 2 0 1 2585 2842 2918 2738
18913 4 2 0 1 924 3787 433 3802
18914 4 2 0 1 3296 3414 3750 3299
18915 4 2 0 1 3296 3414 3299 2933
18916 4 2 0 1 1659 1660 1661 3326
18917 4 2 0 1 3266 1666 3213 3303
18918 4 2 0 1 3547 3478 3248 3249
18919 4 2 0 1 3464 3760 2987 3405
18920 4 2 0 1 3802 411 512 419
18921 4 2 0 1 3045 2933 2960 2427
18922 4 2 0 1 3802 512 411 409
18923 4 2 0 1 2959 2898 2933 2960
18924 4 2 0 1 3299 2933 2427 2960
18925 4 2 0 1 70 82 2487 2486
18926 4 2 0 1 1384 3017 1386 1487
18927 4 2 0 1 70 2487 82 94
18928 4 2 0 1 2653 2393 3373 2573
18929 4 2 0 1 3100 1494 3313 1412
18930 4 2 0 1 3565 3090 1768 3566
18931 4 2 0 1 3460 936 77 48
18932 4 2 0 1 2271 3342 1899 2115
18933 4 2 0 1 3209 3092 3211 3091
18934 4 2 0 1 77 47 3460 48
18935 4 2 0 1 3667 3048 3287 3038
18936 4 2 0 1 719 2561 2576 1034
18937 4 2 0 1 3714 1578 2212 3234
18938 4 2 0 1 3043 3050 1424 1423
18939 4 2 0 1 1424 1420 1423 3050
18940 4 2 0 1 719 2576 2561 3536
18941 4 2 0 1 557 2967 986 985
18942 4 2 0 1 3428 3089 2434 3262
18943 4 2 0 1 1652 1882 3596 1881
18944 4 2 0 1 677 1025 3550 996
18945 4 2 0 1 90 989 2595 80
18946 4 2 0 1 3551 3549 2594 3550
18947 4 2 0 1 1095 600 1209 3004
18948 4 2 0 1 15 3367 3627 3004
18949 4 2 0 1 2627 2809 19 89
18950 4 2 0 1 2628 100 921 1194
18951 4 2 0 1 15 3627 921 3004
18952 4 2 0 1 3248 3204 3202 3672
18953 4 2 0 1 2941 29 2943 2940
18954 4 2 0 1 1010 838 2940 631
18955 4 2 0 1 1128 29 2940 88
18956 4 2 0 1 2943 2942 2940 1038
18957 4 2 0 1 2282 2704 41 42
18958 4 2 0 1 3202 2361 1269 3204
18959 4 2 0 1 1431 2144 2010 2704
18960 4 2 0 1 2010 2705 39 2704
18961 4 2 0 1 3169 3173 3170 3043
18962 4 2 0 1 3643 1127 51 52
18963 4 2 0 1 557 2967 985 2889
18964 4 2 0 1 3348 3643 3350 2316
18965 4 2 0 1 3064 2867 3347 3318
18966 4 2 0 1 3608 1520 1841 2299
18967 4 2 0 1 3172 3318 3301 3347
18968 4 2 0 1 872 3582 886 62
18969 4 2 0 1 3169 3173 3043 3172
18970 4 2 0 1 3582 3606 2577 2824
18971 4 2 0 1 2829 2985 2707 2989
18972 4 2 0 1 61 3582 872 62
18973 4 2 0 1 61 3606 62 2300
18974 4 2 0 1 3073 3089 3085 3074
18975 4 2 0 1 3385 2830 3382 2861
18976 4 2 0 1 3607 64 2748 3606
18977 4 2 0 1 3606 62 2345 63
18978 4 2 0 1 2504 2641 2461 3398
18979 4 2 0 1 73 3606 886 2711
18980 4 2 0 1 886 3606 63 62
18981 4 2 0 1 73 886 3606 63
18982 4 2 0 1 3643 1127 52 3610
18983 4 2 0 1 1211 2489 718 95
18984 4 2 0 1 1211 2487 2489 95
18985 4 2 0 1 3643 2228 2316 52
18986 4 2 0 1 2487 94 2931 95
18987 4 2 0 1 23 2535 106 92
18988 4 2 0 1 115 2680 118 114
18989 4 2 0 1 3492 2721 3491 2466
18990 4 2 0 1 358 168 2721 997
18991 4 2 0 1 3397 2648 2722 3600
18992 4 2 0 1 2820 167 153 3601
18993 4 2 0 1 3164 2973 3262 2979
18994 4 2 0 1 3428 3304 3089 3074
18995 4 2 0 1 872 886 3582 698
18996 4 2 0 1 1142 3489 147 1056
18997 4 2 0 1 3164 3645 2973 2979
18998 4 2 0 1 3214 3272 3254 3253
18999 4 2 0 1 1722 3691 3092 3091
19000 4 2 0 1 141 3489 3484 140
19001 4 2 0 1 1084 2905 910 737
19002 4 2 0 1 1846 3339 2760 1664
19003 4 2 0 1 2397 1155 383 379
19004 4 2 0 1 150 2571 132 3545
19005 4 2 0 1 3545 3562 506 150
19006 4 2 0 1 465 1006 162 2735
19007 4 2 0 1 3507 823 822 824
19008 4 2 0 1 3507 823 575 822
19009 4 2 0 1 3801 165 364 3519
19010 4 2 0 1 2397 383 1155 2983
19011 4 2 0 1 166 3508 822 824
19012 4 2 0 1 2775 51 3643 2980
19013 4 2 0 1 168 2476 997 153
19014 4 2 0 1 174 2648 172 3562
19015 4 2 0 1 2648 173 172 171
19016 4 2 0 1 918 2565 883 598
19017 4 2 0 1 192 2634 171 173
19018 4 2 0 1 2561 201 194 858
19019 4 2 0 1 2566 190 191 187
19020 4 2 0 1 340 341 3832 339
19021 4 2 0 1 340 3832 341 343
19022 4 2 0 1 1067 3531 915 2549
19023 4 2 0 1 1354 3702 1357 1358
19024 4 2 0 1 3402 205 1001 1210
19025 4 2 0 1 3225 1349 1354 1353
19026 4 2 0 1 3702 3019 3225 3703
19027 4 2 0 1 2631 485 2630 2677
19028 4 2 0 1 2677 2724 2517 216
19029 4 2 0 1 2677 214 791 3586
19030 4 2 0 1 1354 3702 1358 2152
19031 4 2 0 1 2527 2719 2720 3482
19032 4 2 0 1 2572 2653 3373 2573
19033 4 2 0 1 2718 2720 2719 3482
19034 4 2 0 1 802 281 3517 2787
19035 4 2 0 1 3707 1923 3710 2270
19036 4 2 0 1 3573 3517 2635 2521
19037 4 2 0 1 1121 2523 294 866
19038 4 2 0 1 3707 1923 3663 3710
19039 4 2 0 1 239 2733 2529 238
19040 4 2 0 1 1164 2715 968 239
19041 4 2 0 1 2464 2773 2818 2731
19042 4 2 0 1 3351 2326 3710 3663
19043 4 2 0 1 442 471 2899 470
19044 4 2 0 1 3027 3351 3663 3026
19045 4 2 0 1 2608 1150 689 245
19046 4 2 0 1 3663 3707 3710 3027
19047 4 2 0 1 1923 2326 3710 1731
19048 4 2 0 1 252 2969 2990 1074
19049 4 2 0 1 2326 1923 3710 3663
19050 4 2 0 1 2969 611 1074 250
19051 4 2 0 1 3015 262 260 1033
19052 4 2 0 1 3015 263 1033 260
19053 4 2 0 1 3015 263 260 2991
19054 4 2 0 1 2986 3453 3378 2785
19055 4 2 0 1 269 271 3003 272
19056 4 2 0 1 2590 273 3003 272
19057 4 2 0 1 699 3001 1184 700
19058 4 2 0 1 269 266 3003 268
19059 4 2 0 1 271 269 3003 268
19060 4 2 0 1 295 3001 1184 271
19061 4 2 0 1 3630 2500 3631 2826
19062 4 2 0 1 496 2477 3581 494
19063 4 2 0 1 2715 2464 3483 2529
19064 4 2 0 1 3660 3216 3703 3718
19065 4 2 0 1 1391 3660 3703 3718
19066 4 2 0 1 236 2529 968 235
19067 4 2 0 1 3630 3631 2500 3005
19068 4 2 0 1 2397 2654 3373 905
19069 4 2 0 1 1948 2318 2651 3553
19070 4 2 0 1 2716 950 1124 970
19071 4 2 0 1 970 2475 2716 3598
19072 4 2 0 1 2574 2713 3598 3006
19073 4 2 0 1 2716 950 970 3598
19074 4 2 0 1 3723 1522 1432 1497
19075 4 2 0 1 3723 1522 1497 3252
19076 4 2 0 1 3402 763 813 458
19077 4 2 0 1 3837 1479 1810 3171
19078 4 2 0 1 864 2693 35 2506
19079 4 2 0 1 1810 3723 3252 3171
19080 4 2 0 1 1523 1497 3252 2181
19081 4 2 0 1 3832 337 339 3534
19082 4 2 0 1 3213 2145 2068 2067
19083 4 2 0 1 3822 1020 814 337
19084 4 2 0 1 3822 3535 1020 3534
19085 4 2 0 1 2507 35 34 2687
19086 4 2 0 1 2873 3220 3221 3729
19087 4 2 0 1 3728 3221 3729 3474
19088 4 2 0 1 995 347 1158 3825
19089 4 2 0 1 736 1174 534 880
19090 4 2 0 1 2561 193 858 194
19091 4 2 0 1 3221 2875 3729 3474
19092 4 2 0 1 2873 2875 3729 3221
19093 4 2 0 1 1396 3186 3733 3734
19094 4 2 0 1 3186 1394 1395 1393
19095 4 2 0 1 1396 3186 1395 1397
19096 4 2 0 1 1533 1839 3181 2043
19097 4 2 0 1 2986 3453 2785 3398
19098 4 2 0 1 3064 3444 3347 3442
19099 4 2 0 1 3186 1393 1395 3703
19100 4 2 0 1 3213 2068 2145 3218
19101 4 2 0 1 3347 3248 3478 3205
19102 4 2 0 1 768 904 2653 381
19103 4 2 0 1 903 2653 768 2528
19104 4 2 0 1 2901 454 392 393
19105 4 2 0 1 394 395 3539 393
19106 4 2 0 1 2632 176 174 175
19107 4 2 0 1 1652 3596 1882 2118
19108 4 2 0 1 926 1146 514 3786
19109 4 2 0 1 1775 1688 2120 3797
19110 4 2 0 1 2480 2888 459 2937
19111 4 2 0 1 3347 3248 3205 3127
19112 4 2 0 1 2889 514 3798 515
19113 4 2 0 1 2864 2844 2539 3577
19114 4 2 0 1 3478 3727 3548 3205
19115 4 2 0 1 3347 3478 3548 3205
19116 4 2 0 1 3822 585 523 3784
19117 4 2 0 1 2743 2482 3578 3576
19118 4 2 0 1 2632 177 175 2565
19119 4 2 0 1 2740 425 424 426
19120 4 2 0 1 421 901 425 3578
19121 4 2 0 1 3576 2864 2482 3577
19122 4 2 0 1 2646 805 3578 804
19123 4 2 0 1 1067 2563 2549 2550
19124 4 2 0 1 3230 1900 2265 2387
19125 4 2 0 1 2265 1900 3230 1727
19126 4 2 0 1 435 3603 441 2899
19127 4 2 0 1 427 2584 429 428
19128 4 2 0 1 2644 429 427 2584
19129 4 2 0 1 3399 587 1103 871
19130 4 2 0 1 2499 2584 2644 3577
19131 4 2 0 1 2632 177 2565 2410
19132 4 2 0 1 3540 2572 3539 3541
19133 4 2 0 1 2615 2429 2438 2618
19134 4 2 0 1 2775 2803 3656 3449
19135 4 2 0 1 3436 3257 3141 3258
19136 4 2 0 1 3402 911 1004 458
19137 4 2 0 1 3620 3348 3644 2774
19138 4 2 0 1 3404 980 352 818
19139 4 2 0 1 815 3779 469 763
19140 4 2 0 1 2422 3261 3406 3756
19141 4 2 0 1 2264 1657 2094 3302
19142 4 2 0 1 815 3779 763 3784
19143 4 2 0 1 3402 814 205 1020
19144 4 2 0 1 2603 1190 616 898
19145 4 2 0 1 2647 2767 2781 2752
19146 4 2 0 1 2737 701 870 2516
19147 4 2 0 1 2493 1003 477 476
19148 4 2 0 1 480 2516 481 477
19149 4 2 0 1 3287 3347 3444 3442
19150 4 2 0 1 3291 3098 3102 3104
19151 4 2 0 1 493 3496 491 607
19152 4 2 0 1 3104 3030 3102 3031
19153 4 2 0 1 2973 3656 2803 3449
19154 4 2 0 1 2711 885 2662 3582
19155 4 2 0 1 423 2743 2740 2617
19156 4 2 0 1 3829 3809 710 3836
19157 4 2 0 1 2162 1773 2261 2774
19158 4 2 0 1 3668 3031 3029 2428
19159 4 2 0 1 1856 2033 3160 1457
19160 4 2 0 1 2813 3754 2461 3453
19161 4 2 0 1 3376 2399 3384 2659
19162 4 2 0 1 3482 2753 2815 2656
19163 4 2 0 1 2842 2739 3379 3372
19164 4 2 0 1 3487 2846 2785 3762
19165 4 2 0 1 2661 3564 2913 2481
19166 4 2 0 1 2641 2718 2504 2461
19167 4 2 0 1 2661 405 2481 407
19168 4 2 0 1 2484 727 691 264
19169 4 2 0 1 717 505 568 2970
19170 4 2 0 1 247 249 2970 561
19171 4 2 0 1 262 1183 2935 261
19172 4 2 0 1 3408 2848 2847 2794
19173 4 2 0 1 1856 2133 3160 3159
19174 4 2 0 1 452 97 1086 2967
19175 4 2 0 1 91 787 986 2967
19176 4 2 0 1 952 3582 91 2967
19177 4 2 0 1 2887 2927 3422 3421
19178 4 2 0 1 3160 2133 1856 1457
19179 4 2 0 1 2794 2848 3559 3359
19180 4 2 0 1 3582 952 590 953
19181 4 2 0 1 2889 460 953 2480
19182 4 2 0 1 461 2889 953 557
19183 4 2 0 1 3764 458 338 763
19184 4 2 0 1 1563 3131 1565 3744
19185 4 2 0 1 2794 3559 2848 2847
19186 4 2 0 1 2774 2261 2174 1818
19187 4 2 0 1 406 3824 420 2743
19188 4 2 0 1 406 3824 2743 1018
19189 4 2 0 1 865 2530 642 1046
19190 4 2 0 1 3158 1465 1463 3171
19191 4 2 0 1 2954 1791 2951 2949
19192 4 2 0 1 2986 3453 3398 2461
19193 4 2 0 1 3158 1465 3171 1466
19194 4 2 0 1 3550 2599 2602 2598
19195 4 2 0 1 3754 2986 2461 3453
19196 4 2 0 1 2654 2653 3373 905
19197 4 2 0 1 619 651 3554 623
19198 4 2 0 1 617 2512 619 3554
19199 4 2 0 1 2632 173 174 2648
19200 4 2 0 1 2589 2418 2419 2416
19201 4 2 0 1 3007 2589 2419 2416
19202 4 2 0 1 819 487 939 3404
19203 4 2 0 1 3007 2902 2416 283
19204 4 2 0 1 336 3404 352 939
19205 4 2 0 1 3402 204 645 3403
19206 4 2 0 1 3402 3781 1004 3404
19207 4 2 0 1 2455 3666 3098 3224
19208 4 2 0 1 2601 2602 2764 2599
19209 4 2 0 1 3402 3816 458 3781
19210 4 2 0 1 3007 2902 283 278
19211 4 2 0 1 3261 2837 3760 2836
19212 4 2 0 1 475 662 3556 664
19213 4 2 0 1 2837 3472 3407 2447
19214 4 2 0 1 2653 2654 3373 3375
19215 4 2 0 1 929 768 3384 668
19216 4 2 0 1 3158 1465 1466 1464
19217 4 2 0 1 666 475 3556 664
19218 4 2 0 1 1015 3556 3605 2847
19219 4 2 0 1 3158 1465 1464 1463
19220 4 2 0 1 1194 2675 2630 678
19221 4 2 0 1 485 791 2677 217
19222 4 2 0 1 2677 2724 216 3586
19223 4 2 0 1 1194 2628 2630 2675
19224 4 2 0 1 944 243 2608 689
19225 4 2 0 1 251 258 505 2970
19226 4 2 0 1 3406 2422 3756 3416
19227 4 2 0 1 2484 691 690 264
19228 4 2 0 1 685 2990 832 3800
19229 4 2 0 1 2938 2746 2744 2747
19230 4 2 0 1 3428 2434 3422 3262
19231 4 2 0 1 328 2523 2579 223
19232 4 2 0 1 2746 2744 3447 2938
19233 4 2 0 1 328 2523 223 1121
19234 4 2 0 1 3757 3419 3755 3759
19235 4 2 0 1 2595 1047 12 2628
19236 4 2 0 1 733 3824 443 507
19237 4 2 0 1 3824 3578 2743 2482
19238 4 2 0 1 350 317 2811 312
19239 4 2 0 1 3765 1203 1088 916
19240 4 2 0 1 961 3765 1088 293
19241 4 2 0 1 2678 116 2778 2680
19242 4 2 0 1 2639 3575 2640 2777
19243 4 2 0 1 2955 3430 2958 2822
19244 4 2 0 1 463 2639 1198 2852
19245 4 2 0 1 925 761 762 3509
19246 4 2 0 1 2613 2632 2411 3562
19247 4 2 0 1 2582 3500 2488 3499
19248 4 2 0 1 3497 3501 3499 2616
19249 4 2 0 1 3158 2281 1468 2037
19250 4 2 0 1 2823 3430 2822 2958
19251 4 2 0 1 1468 2281 3158 1464
19252 4 2 0 1 3520 2527 2906 3519
19253 4 2 0 1 771 3525 3528 770
19254 4 2 0 1 3525 3528 770 3529
19255 4 2 0 1 267 3525 770 3529
19256 4 2 0 1 2952 2958 2822 2955
19257 4 2 0 1 547 2562 788 883
19258 4 2 0 1 1565 3131 1563 1564
19259 4 2 0 1 3486 2726 2846 2858
19260 4 2 0 1 497 3494 558 498
19261 4 2 0 1 716 639 2612 1019
19262 4 2 0 1 60 787 2967 59
19263 4 2 0 1 2889 453 451 403
19264 4 2 0 1 2441 2602 2764 2601
19265 4 2 0 1 3534 2669 292 316
19266 4 2 0 1 2669 292 316 289
19267 4 2 0 1 3534 292 325 316
19268 4 2 0 1 2990 1091 1052 1053
19269 4 2 0 1 801 685 3800 1192
19270 4 2 0 1 3484 149 705 139
19271 4 2 0 1 2860 632 631 761
19272 4 2 0 1 1954 3632 2258 1955
19273 4 2 0 1 23 2535 3016 106
19274 4 2 0 1 2638 1046 865 612
19275 4 2 0 1 2464 3521 3483 2818
19276 4 2 0 1 1211 2487 2492 2489
19277 4 2 0 1 2730 237 2732 2529
19278 4 2 0 1 2495 2498 2585 2439
19279 4 2 0 1 2495 2992 2736 2899
19280 4 2 0 1 2548 2727 2918 2731
19281 4 2 0 1 2493 474 473 476
19282 4 2 0 1 476 2489 718 473
19283 4 2 0 1 3111 3276 3317 3215
19284 4 2 0 1 3794 530 534 527
19285 4 2 0 1 2603 898 650 1090
19286 4 2 0 1 3502 2498 2439 2432
19287 4 2 0 1 863 2417 2418 909
19288 4 2 0 1 2417 1182 909 658
19289 4 2 0 1 1182 350 2811 909
19290 4 2 0 1 920 604 2415 796
19291 4 2 0 1 2432 2439 3502 2496
19292 4 2 0 1 544 604 796 3794
19293 4 2 0 1 3502 2498 2493 2439
19294 4 2 0 1 3794 906 573 604
19295 4 2 0 1 2672 3400 2544 2982
19296 4 2 0 1 387 447 3835 385
19297 4 2 0 1 3168 1935 3190 3230
19298 4 2 0 1 3535 203 965 1210
19299 4 2 0 1 2846 2726 3486 3602
19300 4 2 0 1 94 2487 942 95
19301 4 2 0 1 94 82 942 2487
19302 4 2 0 1 2492 2930 2486 2432
19303 4 2 0 1 2487 2488 82 1126
19304 4 2 0 1 2487 2488 1126 2492
19305 4 2 0 1 2487 2488 2492 2486
19306 4 2 0 1 3129 3439 3271 3479
19307 4 2 0 1 3507 2506 2718 2984
19308 4 2 0 1 3271 3439 3444 3442
19309 4 2 0 1 2727 2575 2548 2431
19310 4 2 0 1 2398 2727 2575 2548
19311 4 2 0 1 3507 2506 2984 864
19312 4 2 0 1 2719 2984 575 2718
19313 4 2 0 1 807 962 3772 3828
19314 4 2 0 1 442 441 470 2899
19315 4 2 0 1 3439 3442 3445 3443
19316 4 2 0 1 3439 3442 3443 3287
19317 4 2 0 1 571 2992 470 546
19318 4 2 0 1 2849 2726 3486 2858
19319 4 2 0 1 2849 3486 2726 2679
19320 4 2 0 1 3602 2726 3486 2679
19321 4 2 0 1 2493 3502 2439 2496
19322 4 2 0 1 395 2816 3539 393
19323 4 2 0 1 2730 2529 2732 2731
19324 4 2 0 1 167 153 3601 168
19325 4 2 0 1 2570 2997 2640 2679
19326 4 2 0 1 1217 119 2476 829
19327 4 2 0 1 3491 704 2466 2721
19328 4 2 0 1 883 2563 360 598
19329 4 2 0 1 2411 2612 2613 3562
19330 4 2 0 1 185 3390 184 186
19331 4 2 0 1 3431 3150 3651 3152
19332 4 2 0 1 2398 2727 2548 2731
19333 4 2 0 1 189 3390 184 1059
19334 4 2 0 1 716 1019 2612 506
19335 4 2 0 1 3607 2246 1963 1229
19336 4 2 0 1 2564 1050 1191 179
19337 4 2 0 1 3544 3391 2612 2611
19338 4 2 0 1 2612 1187 135 3545
19339 4 2 0 1 3380 2439 2842 2586
19340 4 2 0 1 2411 2611 2613 2612
19341 4 2 0 1 2613 3544 2612 2611
19342 4 2 0 1 912 258 3775 569
19343 4 2 0 1 2788 2460 2812 3452
19344 4 2 0 1 1094 2983 1041 2982
19345 4 2 0 1 2672 887 2982 565
19346 4 2 0 1 3377 2460 2788 3452
19347 4 2 0 1 1321 3091 1372 1323
19348 4 2 0 1 2081 3691 1724 1372
19349 4 2 0 1 3139 3259 3141 2866
19350 4 2 0 1 2475 2990 1053 1091
19351 4 2 0 1 1722 1373 1372 3091
19352 4 2 0 1 603 2711 3563 2748
19353 4 2 0 1 603 3563 2711 1063
19354 4 2 0 1 2469 2777 3491 2466
19355 4 2 0 1 2479 3494 3493 2477
19356 4 2 0 1 258 1157 2970 1196
19357 4 2 0 1 251 2969 252 250
19358 4 2 0 1 251 2969 250 2970
19359 4 2 0 1 249 248 2970 250
19360 4 2 0 1 9 2981 1085 10
19361 4 2 0 1 78 2981 1085 9
19362 4 2 0 1 3834 3773 548 345
19363 4 2 0 1 736 3773 1096 3825
19364 4 2 0 1 342 344 3834 345
19365 4 2 0 1 3766 1108 342 3834
19366 4 2 0 1 548 342 3834 345
19367 4 2 0 1 2646 805 804 693
19368 4 2 0 1 2484 264 690 2643
19369 4 2 0 1 2646 805 693 2484
19370 4 2 0 1 689 692 690 2643
19371 4 2 0 1 3762 3761 2785 2471
19372 4 2 0 1 3470 3468 2676 3465
19373 4 2 0 1 2852 755 1089 154
19374 4 2 0 1 2852 755 2880 1089
19375 4 2 0 1 2988 2693 2694 2692
19376 4 2 0 1 2988 75 1023 37
19377 4 2 0 1 864 2988 1023 36
19378 4 2 0 1 2884 1182 1151 744
19379 4 2 0 1 658 1182 1151 2884
19380 4 2 0 1 3765 1203 916 734
19381 4 2 0 1 3607 2246 65 1963
19382 4 2 0 1 3443 3048 2428 3432
19383 4 2 0 1 1014 2673 789 351
19384 4 2 0 1 303 2590 2673 3003
19385 4 2 0 1 2900 3379 3514 2494
19386 4 2 0 1 271 3001 1184 268
19387 4 2 0 1 265 266 268 2475
19388 4 2 0 1 2479 2804 2859 2621
19389 4 2 0 1 908 454 2816 393
19390 4 2 0 1 2451 3473 3038 3477
19391 4 2 0 1 2451 2874 3477 3024
19392 4 2 0 1 3024 2451 3038 3477
19393 4 2 0 1 438 408 2863 437
19394 4 2 0 1 776 2862 1011 1125
19395 4 2 0 1 126 2476 1217 119
19396 4 2 0 1 126 2678 119 125
19397 4 2 0 1 3493 2621 2859 2611
19398 4 2 0 1 2773 3526 2854 3530
19399 4 2 0 1 1447 1949 3295 1449
19400 4 2 0 1 1919 3289 2042 1239
19401 4 2 0 1 1908 1919 3289 2042
19402 4 2 0 1 2682 27 3002 26
19403 4 2 0 1 1956 2203 3295 1449
19404 4 2 0 1 3334 3224 3180 3239
19405 4 2 0 1 3289 2371 2042 1972
19406 4 2 0 1 3334 3224 3239 2455
19407 4 2 0 1 3360 3336 1251 2237
19408 4 2 0 1 2461 3398 2641 2470
19409 4 2 0 1 1245 1244 1246 3333
19410 4 2 0 1 2871 8 2872 3550
19411 4 2 0 1 3177 3346 3730 2057
19412 4 2 0 1 2140 3177 2306 1874
19413 4 2 0 1 1415 3671 1416 3034
19414 4 2 0 1 1685 3153 3250 3729
19415 4 2 0 1 1285 3346 2057 3730
19416 4 2 0 1 2872 2981 3550 8
19417 4 2 0 1 395 908 2816 393
19418 4 2 0 1 3325 18 19 2809
19419 4 2 0 1 3325 1220 19 18
19420 4 2 0 1 2968 3325 19 2809
19421 4 2 0 1 3325 2968 19 1220
19422 4 2 0 1 2461 3398 2470 2813
19423 4 2 0 1 1657 1875 2094 3302
19424 4 2 0 1 3076 3189 3735 3737
19425 4 2 0 1 1472 3229 1473 1471
19426 4 2 0 1 3735 3189 3076 3192
19427 4 2 0 1 1296 2157 3179 1294
19428 4 2 0 1 3735 3077 3076 3737
19429 4 2 0 1 2081 1321 3091 1372
19430 4 2 0 1 2154 3203 2059 1779
19431 4 2 0 1 3735 3123 3077 2691
19432 4 2 0 1 3197 1622 1624 1592
19433 4 2 0 1 1316 3349 1317 1320
19434 4 2 0 1 1318 3138 1317 1315
19435 4 2 0 1 3091 3138 3211 3349
19436 4 2 0 1 1477 2363 3230 2028
19437 4 2 0 1 1329 3690 1326 1328
19438 4 2 0 1 2396 3530 2540 2772
19439 4 2 0 1 3686 1337 1338 1336
19440 4 2 0 1 1337 3075 1336 3686
19441 4 2 0 1 2861 2837 2836 2987
19442 4 2 0 1 3293 1351 1341 1339
19443 4 2 0 1 2861 2837 2987 3463
19444 4 2 0 1 886 3606 62 3582
19445 4 2 0 1 1351 2978 2162 1855
19446 4 2 0 1 2472 152 1137 2469
19447 4 2 0 1 3000 3419 2926 2496
19448 4 2 0 1 3682 3688 3232 2211
19449 4 2 0 1 1348 1344 3739 1346
19450 4 2 0 1 3190 1900 1727 3230
19451 4 2 0 1 1962 3306 1366 2288
19452 4 2 0 1 3232 1338 1340 2211
19453 4 2 0 1 3142 3363 3136 3144
19454 4 2 0 1 74 2627 3016 2968
19455 4 2 0 1 2968 20 745 19
19456 4 2 0 1 1381 3791 1496 1380
19457 4 2 0 1 20 2968 745 74
19458 4 2 0 1 3186 1394 1393 3734
19459 4 2 0 1 1718 2200 3734 1394
19460 4 2 0 1 1994 3324 1482 2049
19461 4 2 0 1 3324 1993 1482 3703
19462 4 2 0 1 650 3617 3 85
19463 4 2 0 1 3617 2 3 85
19464 4 2 0 1 1403 3322 1404 1405
19465 4 2 0 1 1407 3097 2020 1405
19466 4 2 0 1 3248 3674 3054 3672
19467 4 2 0 1 1413 1414 3030 1415
19468 4 2 0 1 1414 3030 1415 1921
19469 4 2 0 1 2852 2469 1148 154
19470 4 2 0 1 3671 3263 3031 3291
19471 4 2 0 1 2852 2469 695 1148
19472 4 2 0 1 3555 3617 85 2999
19473 4 2 0 1 3708 3167 1426 3274
19474 4 2 0 1 3708 3167 3274 3709
19475 4 2 0 1 3708 2106 2222 2027
19476 4 2 0 1 3042 3039 3041 3050
19477 4 2 0 1 3039 3042 3049 3050
19478 4 2 0 1 2472 152 2469 3574
19479 4 2 0 1 1439 3817 1441 1940
19480 4 2 0 1 1089 3574 154 852
19481 4 2 0 1 2286 1989 3240 2347
19482 4 2 0 1 108 2934 92 107
19483 4 2 0 1 1454 1453 1452 3160
19484 4 2 0 1 3160 1451 1448 1452
19485 4 2 0 1 109 2934 107 1177
19486 4 2 0 1 1455 1456 1458 3159
19487 4 2 0 1 3252 3742 3159 3214
19488 4 2 0 1 3742 1739 1988 2116
19489 4 2 0 1 109 108 107 2934
19490 4 2 0 1 130 131 129 2567
19491 4 2 0 1 3229 1470 1472 3158
19492 4 2 0 1 3711 2058 1371 1658
19493 4 2 0 1 1695 3243 1693 3731
19494 4 2 0 1 1481 3186 3703 3109
19495 4 2 0 1 1395 1968 1481 3703
19496 4 2 0 1 1696 1993 2252 3731
19497 4 2 0 1 3731 3792 3732 3704
19498 4 2 0 1 2905 129 2571 2820
19499 4 2 0 1 3821 2180 1492 2377
19500 4 2 0 1 3821 2180 3793 1448
19501 4 2 0 1 2820 2567 129 2571
19502 4 2 0 1 3325 1503 2226 2201
19503 4 2 0 1 3364 3369 3367 3627
19504 4 2 0 1 16 79 1095 3004
19505 4 2 0 1 17 1503 3325 2201
19506 4 2 0 1 2267 1319 3349 1317
19507 4 2 0 1 1310 1311 1309 3144
19508 4 2 0 1 149 152 151 2469
19509 4 2 0 1 3107 1530 1527 2303
19510 4 2 0 1 3111 3276 3114 3317
19511 4 2 0 1 2240 1529 3282 1892
19512 4 2 0 1 3317 1525 1872 1510
19513 4 2 0 1 3226 3310 3292 3700
19514 4 2 0 1 2003 1961 1537 3700
19515 4 2 0 1 138 149 151 2469
19516 4 2 0 1 2754 2996 2847 3408
19517 4 2 0 1 152 3574 154 2469
19518 4 2 0 1 3071 3685 3310 3684
19519 4 2 0 1 3276 3114 3317 1510
19520 4 2 0 1 3143 3242 3716 3241
19521 4 2 0 1 3218 3266 3228 3326
19522 4 2 0 1 1662 2224 3339 1547
19523 4 2 0 1 3305 2454 3241 3716
19524 4 2 0 1 3453 3378 2785 3513
19525 4 2 0 1 182 1059 184 3390
19526 4 2 0 1 1160 2559 202 195
19527 4 2 0 1 3479 2454 3716 3337
19528 4 2 0 1 2179 1565 3744 1675
19529 4 2 0 1 3115 3135 3133 3235
19530 4 2 0 1 3513 3378 2785 3405
19531 4 2 0 1 1579 1580 3133 1581
19532 4 2 0 1 1581 3235 2703 3133
19533 4 2 0 1 3234 1581 1582 2703
19534 4 2 0 1 2616 3497 2618 3499
19535 4 2 0 1 3204 1745 3245 1932
19536 4 2 0 1 222 223 2579 2522
19537 4 2 0 1 3053 3248 3672 3245
19538 4 2 0 1 3735 3189 3190 3737
19539 4 2 0 1 222 2579 223 221
19540 4 2 0 1 3737 1597 1599 3342
19541 4 2 0 1 3426 2961 2963 2822
19542 4 2 0 1 2544 2540 3530 2772
19543 4 2 0 1 1615 1616 1610 3596
19544 4 2 0 1 2891 2618 2742 3497
19545 4 2 0 1 3426 2955 2963 3067
19546 4 2 0 1 2930 2487 2486 3503
19547 4 2 0 1 3273 3298 2965 3334
19548 4 2 0 1 239 2733 238 240
19549 4 2 0 1 1589 3197 2090 1592
19550 4 2 0 1 1591 3197 1589 1592
19551 4 2 0 1 236 2529 238 239
19552 4 2 0 1 2969 248 250 2970
19553 4 2 0 1 1591 3197 1592 1621
19554 4 2 0 1 2363 1476 3230 1976
19555 4 2 0 1 2486 2930 3503 2891
19556 4 2 0 1 1120 2857 1119 267
19557 4 2 0 1 2158 3168 2209 3230
19558 4 2 0 1 3309 3122 3569 3119
19559 4 2 0 1 3041 1734 1909 2019
19560 4 2 0 1 3309 3569 3122 3118
19561 4 2 0 1 2257 2275 3126 1888
19562 4 2 0 1 1888 1975 3711 1658
19563 4 2 0 1 1783 1817 2094 3302
19564 4 2 0 1 2063 3126 2131 1375
19565 4 2 0 1 1975 3203 3126 3711
19566 4 2 0 1 959 1109 2635 294
19567 4 2 0 1 2995 3557 2745 2830
19568 4 2 0 1 1109 2635 294 227
19569 4 2 0 1 3363 1307 2302 1309
19570 4 2 0 1 2692 2421 2988 2705
19571 4 2 0 1 2523 227 294 2635
19572 4 2 0 1 2523 227 2635 3517
19573 4 2 0 1 3328 1794 1668 1811
19574 4 2 0 1 2669 289 316 821
19575 4 2 0 1 793 2669 316 821
19576 4 2 0 1 3476 3285 3309 3477
19577 4 2 0 1 2565 2588 2564 3390
19578 4 2 0 1 2085 3312 3189 1837
19579 4 2 0 1 3192 3131 3191 3283
19580 4 2 0 1 3192 3312 3283 3191
19581 4 2 0 1 2965 3334 3298 3445
19582 4 2 0 1 2995 3557 3605 2745
19583 4 2 0 1 3215 1707 1698 1943
19584 4 2 0 1 3298 3654 2965 3271
19585 4 2 0 1 1945 1707 2046 3306
19586 4 2 0 1 3574 2508 2853 3509
19587 4 2 0 1 3353 1697 1694 1698
19588 4 2 0 1 1707 3306 1698 1701
19589 4 2 0 1 1715 2877 1713 1749
19590 4 2 0 1 1873 1788 3729 1713
19591 4 2 0 1 2121 1285 2123 3730
19592 4 2 0 1 1285 3730 2057 2123
19593 4 2 0 1 2520 2522 3515 2787
19594 4 2 0 1 2636 3514 3393 3515
19595 4 2 0 1 3469 3755 2425 3419
19596 4 2 0 1 2985 2988 2421 2705
19597 4 2 0 1 3195 3319 3093 3691
19598 4 2 0 1 3693 3195 3093 3094
19599 4 2 0 1 2134 3021 3078 2331
19600 4 2 0 1 2134 3021 2331 1735
19601 4 2 0 1 2637 2458 3515 3393
19602 4 2 0 1 2134 3021 1735 3593
19603 4 2 0 1 3595 1649 1646 1650
19604 4 2 0 1 2636 2637 3515 3393
19605 4 2 0 1 3021 2019 2331 1735
19606 4 2 0 1 2636 2787 3515 3517
19607 4 2 0 1 2961 3426 3417 2822
19608 4 2 0 1 2557 2552 2525 2413
19609 4 2 0 1 1355 3689 3089 3690
19610 4 2 0 1 3754 2986 3453 3378
19611 4 2 0 1 2957 2301 2952 2956
19612 4 2 0 1 3768 3791 1380 1378
19613 4 2 0 1 2978 1337 3686 3687
19614 4 2 0 1 3232 1338 2211 3688
19615 4 2 0 1 3738 1762 3200 1767
19616 4 2 0 1 2750 3738 3200 1767
19617 4 2 0 1 2952 2301 2957 2102
19618 4 2 0 1 2740 426 424 1058
19619 4 2 0 1 3141 3145 3277 3337
19620 4 2 0 1 2584 426 2740 2709
19621 4 2 0 1 2740 1058 2709 426
19622 4 2 0 1 3074 3428 3427 2423
19623 4 2 0 1 2603 1090 998 651
19624 4 2 0 1 3278 1532 2229 1789
19625 4 2 0 1 1956 1949 3295 2229
19626 4 2 0 1 1800 2932 3589 2706
19627 4 2 0 1 2150 2132 3343 1801
19628 4 2 0 1 2132 1974 3307 1801
19629 4 2 0 1 1974 3311 3307 1801
19630 4 2 0 1 2863 2480 459 2937
19631 4 2 0 1 3141 3277 3145 3146
19632 4 2 0 1 3677 3057 3059 3149
19633 4 2 0 1 1822 3679 1896 1910
19634 4 2 0 1 649 484 2937 459
19635 4 2 0 1 484 2888 2937 459
19636 4 2 0 1 2036 1916 1833 3275
19637 4 2 0 1 3369 1222 14 1844
19638 4 2 0 1 1612 2198 2248 2882
19639 4 2 0 1 2937 810 459 2863
19640 4 2 0 1 1612 2882 2248 2287
19641 4 2 0 1 2479 496 3581 792
19642 4 2 0 1 2477 2479 3581 2404
19643 4 2 0 1 2978 2162 1855 2261
19644 4 2 0 1 2388 2978 1855 2261
19645 4 2 0 1 2479 496 2477 3581
19646 4 2 0 1 3611 1764 1765 3335
19647 4 2 0 1 2909 1959 1867 2233
19648 4 2 0 1 2158 2387 1900 3230
19649 4 2 0 1 2909 1487 1878 2910
19650 4 2 0 1 359 200 2563 360
19651 4 2 0 1 3573 2531 2818 2465
19652 4 2 0 1 200 193 359 2563
19653 4 2 0 1 596 359 2563 360
19654 4 2 0 1 3688 2108 3065 1877
19655 4 2 0 1 1505 3072 2130 1334
19656 4 2 0 1 2521 3573 2638 2635
19657 4 2 0 1 359 193 858 2563
19658 4 2 0 1 1648 1633 3053 1632
19659 4 2 0 1 193 2561 858 2563
19660 4 2 0 1 2562 2561 193 2563
19661 4 2 0 1 3628 2826 3366 2807
19662 4 2 0 1 200 2562 193 2563
19663 4 2 0 1 3329 2106 1836 2064
19664 4 2 0 1 1835 3329 1836 2064
19665 4 2 0 1 2106 3329 1641 2064
19666 4 2 0 1 3308 3329 1835 2274
19667 4 2 0 1 3342 2271 1639 1595
19668 4 2 0 1 2822 3417 2961 2821
19669 4 2 0 1 3128 3681 3062 3680
19670 4 2 0 1 1921 2172 3046 1922
19671 4 2 0 1 3029 1921 3046 1922
19672 4 2 0 1 2541 2540 2544 3528
19673 4 2 0 1 1623 2069 1591 3245
19674 4 2 0 1 3746 2069 2159 3245
19675 4 2 0 1 2069 1744 2159 3245
19676 4 2 0 1 2566 2401 3537 2561
19677 4 2 0 1 2566 2559 191 3537
19678 4 2 0 1 1698 3770 1701 3306
19679 4 2 0 1 2565 918 883 547
19680 4 2 0 1 2682 2681 3567 2626
19681 4 2 0 1 2963 2955 3426 2822
19682 4 2 0 1 559 639 558 3494
19683 4 2 0 1 1707 3215 1698 3306
19684 4 2 0 1 1695 3353 1697 1694
19685 4 2 0 1 2452 3242 3081 2454
19686 4 2 0 1 2470 2815 2720 2461
19687 4 2 0 1 3633 2008 1606 1903
19688 4 2 0 1 1769 3566 2148 1954
19689 4 2 0 1 1769 1953 3566 1954
19690 4 2 0 1 1531 1533 3181 2043
19691 4 2 0 1 3427 3429 3345 3344
19692 4 2 0 1 2470 2720 2815 2735
19693 4 2 0 1 3059 2294 3230 3149
19694 4 2 0 1 2037 1986 3158 1720
19695 4 2 0 1 3228 3498 3260 2649
19696 4 2 0 1 2483 2879 466 2538
19697 4 2 0 1 1659 1230 3260 1987
19698 4 2 0 1 2649 1230 3260 3326
19699 4 2 0 1 3480 3716 3143 3337
19700 4 2 0 1 2483 2879 2538 2539
19701 4 2 0 1 3613 2858 2724 2726
19702 4 2 0 1 2665 211 591 209
19703 4 2 0 1 3666 3695 3098 3224
19704 4 2 0 1 3418 2607 3559 2606
19705 4 2 0 1 3626 2012 1719 2075
19706 4 2 0 1 2009 2828 2075 2079
19707 4 2 0 1 2075 2808 2226 2079
19708 4 2 0 1 1472 1483 3158 1470
19709 4 2 0 1 2828 2008 2075 1719
19710 4 2 0 1 2927 2425 3427 3757
19711 4 2 0 1 2307 3590 3589 1927
19712 4 2 0 1 38 2705 1228 1796
19713 4 2 0 1 3147 1895 1778 2031
19714 4 2 0 1 3136 3147 1778 2031
19715 4 2 0 1 3336 2031 3368 1251
19716 4 2 0 1 3137 3136 2031 3147
19717 4 2 0 1 3581 3521 2404 2479
19718 4 2 0 1 2030 1813 2262 3137
19719 4 2 0 1 3336 2865 2031 3147
19720 4 2 0 1 2865 3137 2031 3147
19721 4 2 0 1 2055 3289 2042 1972
19722 4 2 0 1 893 3542 612 613
19723 4 2 0 1 323 3781 322 321
19724 4 2 0 1 893 959 3542 613
19725 4 2 0 1 613 2621 500 614
19726 4 2 0 1 613 2621 614 3542
19727 4 2 0 1 1143 2581 2459 624
19728 4 2 0 1 1595 3706 1593 1639
19729 4 2 0 1 1593 1639 3706 2138
19730 4 2 0 1 3626 2828 2808 2075
19731 4 2 0 1 2201 3325 1220 2226
19732 4 2 0 1 1013 2581 1143 624
19733 4 2 0 1 624 3391 967 2581
19734 4 2 0 1 2581 1013 967 624
19735 4 2 0 1 3666 3695 3224 3099
19736 4 2 0 1 3552 2763 2602 2598
19737 4 2 0 1 3551 2598 2602 3412
19738 4 2 0 1 3072 1505 2130 1877
19739 4 2 0 1 2034 3065 3682 2108
19740 4 2 0 1 2220 3147 3349 3341
19741 4 2 0 1 3091 3341 3209 3210
19742 4 2 0 1 1336 3686 3075 3688
19743 4 2 0 1 3068 3018 3151 3070
19744 4 2 0 1 3543 3613 2726 2570
19745 4 2 0 1 3543 3613 2570 2904
19746 4 2 0 1 3174 2126 1981 1979
19747 4 2 0 1 523 3822 3784 814
19748 4 2 0 1 646 3774 927 981
19749 4 2 0 1 3077 1628 2199 3231
19750 4 2 0 1 2141 3231 2339 1628
19751 4 2 0 1 1132 2863 437 657
19752 4 2 0 1 2817 2400 2851 2406
19753 4 2 0 1 1994 3818 2049 2163
19754 4 2 0 1 3631 2790 2806 2912
19755 4 2 0 1 3790 2049 1387 3019
19756 4 2 0 1 1994 3818 2163 1996
19757 4 2 0 1 2582 3500 2583 765
19758 4 2 0 1 3624 2806 2790 2912
19759 4 2 0 1 2261 2978 2174 1352
19760 4 2 0 1 2443 3434 3344 2928
19761 4 2 0 1 3551 2600 2602 3550
19762 4 2 0 1 2977 3687 2978 3686
19763 4 2 0 1 2848 2706 3408 3296
19764 4 2 0 1 3455 2765 2441 3616
19765 4 2 0 1 3451 2196 1369 2149
19766 4 2 0 1 1857 3079 2149 1819
19767 4 2 0 1 3455 2925 2441 2765
19768 4 2 0 1 2763 2798 2602 2766
19769 4 2 0 1 2763 2601 2602 2441
19770 4 2 0 1 3547 3330 3478 3249
19771 4 2 0 1 2599 3552 3320 2601
19772 4 2 0 1 3671 1418 1416 3034
19773 4 2 0 1 2599 6 712 81
19774 4 2 0 1 1349 3739 1348 3684
19775 4 2 0 1 3320 3552 2599 2597
19776 4 2 0 1 2810 2448 3464 3405
19777 4 2 0 1 3324 2254 2152 2002
19778 4 2 0 1 6 2599 712 3550
19779 4 2 0 1 7 1025 3550 712
19780 4 2 0 1 70 2487 2490 3503
19781 4 2 0 1 2218 2152 2002 3019
19782 4 2 0 1 3581 3521 2479 2652
19783 4 2 0 1 6 7 3550 712
19784 4 2 0 1 1009 3774 927 646
19785 4 2 0 1 2084 2240 1529 3282
19786 4 2 0 1 2601 2763 2765 2441
19787 4 2 0 1 2931 3503 2490 2487
19788 4 2 0 1 3701 2240 1786 3282
19789 4 2 0 1 3701 1785 2335 1786
19790 4 2 0 1 3282 2268 1786 2335
19791 4 2 0 1 3107 3207 3181 3161
19792 4 2 0 1 1290 3748 1288 1966
19793 4 2 0 1 2157 1839 3179 2006
19794 4 2 0 1 2931 3503 2487 2930
19795 4 2 0 1 2251 3217 2006 1302
19796 4 2 0 1 3217 2089 1302 2251
19797 4 2 0 1 3261 2837 2836 3406
19798 4 2 0 1 2030 2031 3137 2262
19799 4 2 0 1 3467 2841 3411 3407
19800 4 2 0 1 2752 3397 3561 2647
19801 4 2 0 1 2781 2752 3561 2647
19802 4 2 0 1 3125 1304 2320 1273
19803 4 2 0 1 1875 1888 3711 1658
19804 4 2 0 1 2534 2665 3523 2627
19805 4 2 0 1 1437 3095 1435 1436
19806 4 2 0 1 3107 1956 2303 3295
19807 4 2 0 1 1527 1511 1526 3114
19808 4 2 0 1 1039 2809 89 600
19809 4 2 0 1 2437 2939 2885 2747
19810 4 2 0 1 605 2532 1177 2934
19811 4 2 0 1 746 873 2627 745
19812 4 2 0 1 1047 2630 756 940
19813 4 2 0 1 2583 2498 3634 3546
19814 4 2 0 1 3252 2325 1523 2181
19815 4 2 0 1 2403 1145 2412 778
19816 4 2 0 1 2403 1145 778 634
19817 4 2 0 1 808 2403 778 634
19818 4 2 0 1 1285 3346 1261 2057
19819 4 2 0 1 303 1162 2673 789
19820 4 2 0 1 3042 3588 3039 3049
19821 4 2 0 1 1692 1398 3109 2328
19822 4 2 0 1 3109 1943 1429 3215
19823 4 2 0 1 3109 1429 1943 2328
19824 4 2 0 1 3206 3139 3143 3142
19825 4 2 0 1 3171 2339 2126 1827
19826 4 2 0 1 1516 3678 1515 1485
19827 4 2 0 1 390 2901 392 393
19828 4 2 0 1 3203 3206 2868 3711
19829 4 2 0 1 3499 3497 3500 2488
19830 4 2 0 1 920 2415 888 1152
19831 4 2 0 1 725 1041 1152 2982
19832 4 2 0 1 423 2661 2617 772
19833 4 2 0 1 1259 3725 1258 1256
19834 4 2 0 1 3500 3497 3499 2892
19835 4 2 0 1 3823 3794 544 542
19836 4 2 0 1 3346 1263 1262 1264
19837 4 2 0 1 3346 1260 1262 1261
19838 4 2 0 1 423 2661 772 418
19839 4 2 0 1 772 740 2913 2617
19840 4 2 0 1 544 573 604 3794
19841 4 2 0 1 3823 3794 542 540
19842 4 2 0 1 772 456 740 2617
19843 4 2 0 1 2662 740 503 2617
19844 4 2 0 1 740 456 503 2617
19845 4 2 0 1 2936 1079 2552 2413
19846 4 2 0 1 2671 2394 2936 2556
19847 4 2 0 1 3400 2783 3399 2415
19848 4 2 0 1 2668 3584 3583 2670
19849 4 2 0 1 2565 2632 2781 2634
19850 4 2 0 1 2632 2410 3386 2406
19851 4 2 0 1 2633 2632 2406 3396
19852 4 2 0 1 647 1112 2564 758
19853 4 2 0 1 2633 2817 2400 3387
19854 4 2 0 1 3564 2913 2662 2617
19855 4 2 0 1 2519 757 3571 855
19856 4 2 0 1 2631 2519 3571 855
19857 4 2 0 1 3415 3424 2426 3429
19858 4 2 0 1 3344 3434 3436 2426
19859 4 2 0 1 3667 3039 3588 3049
19860 4 2 0 1 3372 2753 2815 3377
19861 4 2 0 1 2959 2933 2898 2897
19862 4 2 0 1 2406 3572 3009 2817
19863 4 2 0 1 2406 3009 3572 2405
19864 4 2 0 1 2632 173 2648 2634
19865 4 2 0 1 936 101 2437 935
19866 4 2 0 1 2575 2585 2431 2727
19867 4 2 0 1 3206 3143 3139 3480
19868 4 2 0 1 3605 848 2747 3604
19869 4 2 0 1 2791 3570 2832 3571
19870 4 2 0 1 2812 2518 2810 3513
19871 4 2 0 1 2596 2791 2832 3571
19872 4 2 0 1 3468 3467 2832 2448
19873 4 2 0 1 3451 3091 3079 3080
19874 4 2 0 1 3467 2855 2832 2448
19875 4 2 0 1 2519 2596 2832 3571
19876 4 2 0 1 2523 3542 866 2459
19877 4 2 0 1 624 3391 2581 2459
19878 4 2 0 1 2469 1198 123 2639
19879 4 2 0 1 762 852 3509 1089
19880 4 2 0 1 3009 2406 3395 2405
19881 4 2 0 1 3451 3091 2313 3079
19882 4 2 0 1 2542 2714 2540 2478
19883 4 2 0 1 1313 1316 3136 3138
19884 4 2 0 1 2929 3503 2651 2491
19885 4 2 0 1 2892 3500 2894 3499
19886 4 2 0 1 1313 3136 1316 2217
19887 4 2 0 1 2947 2625 2945 2825
19888 4 2 0 1 3837 3171 3252 3158
19889 4 2 0 1 3837 1479 2360 1810
$EndElements
