$MeshFormat
2.2 0 8
$EndMeshFormat
$Nodes
2379
1 132.8468322753906 191.1219635009766 148.6496734619141
2 136.029942715753 196.2628278980764 148.2741267015098
3 138.5638763163956 201.9938960784812 149.8478201920523
4 141.8573214908403 206.0529652591064 152.7310377632639
5 147.476679481611 206.5155179334845 153.8041224862569
6 151.7110382194103 203.5737212614484 155.9403877674169
7 154.2857684966824 199.4364214468372 153.3667358361158
8 156.7479837507322 193.6107479467533 152.9941928807294
9 158.6994702838585 188.3063811886381 152.2916528353372
10 160.6790339308564 181.9982918111323 151.8070105064925
11 162.5821380210698 177.7585513840566 149.6091635945159
12 163.9303977962411 171.2989222664526 149.6139537298575
13 163.8299803264886 164.7681611621487 151.5146545034729
14 163.0405258854609 158.9021229134048 152.6283854068102
15 161.9526720258758 152.8011596167206 153.6180418247647
16 160.6676620940287 147.4582669972218 153.9761588629939
17 159.3605963448014 141.6971702738379 151.6175710791348
18 156.8835618260941 135.6370264196711 150.6026814464615
19 154.2674940174847 129.4881786787455 149.7480492767552
20 151.3562386470873 124.3373522704526 150.1889017793246
21 148.6018108504247 118.9511727997102 147.4136163442111
22 146.0816617751334 113.8777191193286 144.0494472613482
23 142.783541165525 108.2496511398734 142.2223141768851
24 138.2905602392427 103.131438139148 142.4806512523302
25 133.781947968225 98.71501126339538 141.0050071345824
26 130.72333544579 94.86481786714312 136.463090622617
27 125.5557881829065 92.7697009701308 134.6323130506011
28 124.2102843941596 91.08864927470552 129.2411648595755
29 123.2231485806425 89.7861294175799 124.6046865840353
30 121.7510822484193 87.79993347802308 119.118198224565
31 117.4431044274328 85.57290755493494 114.2689074491985
32 112.6332135606788 84.10946244552308 109.8671836658202
33 106.9271708196823 84.1682308390549 106.0981446147107
34 103.0553779372008 85.74985997156374 100.8132036392531
35 100.5061388225624 89.91671110539838 96.1330275441601
36 98.33254903291127 95.50283013408895 93.30361070300197
37 96.39601168987849 101.453185750459 91.50562769884979
38 97.56207513245883 107.2428117346261 91.61732129734264
39 96.12187092940455 113.3484060738288 90.92050764129051
40 97.09920706152792 118.1751267732947 92.23449343930621
41 96.76728208663324 123.8502528512119 92.23478852822313
42 96.15378782699989 130.6514881956078 91.55790482756811
43 95.50683859283531 137.4485889593597 91.06078648107838
44 94.33816426860292 143.8321162587933 90.73461853029573
45 93.61431227995469 150.1986970928794 91.01773255363049
46 94.60725420512267 156.5003903126985 91.87849533255589
47 96.54508908961368 162.6258921756562 92.84524568956671
48 102.2788232278012 165.0461118287816 95.04301309542238
49 100.9941208412711 169.9341471634485 98.07127272980016
50 97.68705681928414 172.2045396225798 102.3828338297184
51 99.48946329645942 174.0936157037665 108.1186282197693
52 101.4274665622766 176.5905373295298 114.0241950202807
53 105.8362703171538 178.6386420144919 118.056948739925
54 109.3796421684922 180.8801184016066 123.2389728466896
55 113.0476306408668 182.9000576196842 128.0929124535771
56 116.1274040094463 183.7206561775446 133.4085771569621
57 120.4869931830098 183.7649389623584 138.3615818218385
58 124.7748989698546 183.5854638843129 143.2954484373658
59 127.9819201126085 186.7299798843252 147.8337086646057
60 114.4986819864327 183.985150656466 140.9964475742292
61 157.9611879911795 189.7222529344292 157.6120394548702
62 142.795263862618 109.828576953879 149.7307234885713
63 157.3056371659304 138.1698404523216 158.2703940682432
64 116.1409236810089 88.68129991785898 121.9776399189486
65 160.837977006939 158.1426958869719 161.9907613304395
66 161.1555178450156 178.4436331731905 155.915442029808
67 135.9205502806484 200.015628406656 155.242921342932
68 134.8973626542476 101.7079551863461 148.1317373058506
69 148.6800146378743 206.2101701932448 161.1171807573968
70 96.79790549853577 90.34365373050557 102.6300453588808
71 89.70085082468697 153.716123594505 90.59501789823268
72 89.37452083716406 131.8435703262569 87.29165982573528
73 84.83474042859899 111.7468496762398 89.20394902115768
74 91.74902215618545 98.65524923455339 93.68015203176235
75 106.2255249414615 87.52255450464443 111.2553467519003
76 147.4053893885746 117.3252516422796 154.2968141813339
77 151.8383841099427 126.1346413326871 155.7767785541205
78 162.4391057251425 169.2464140864397 156.5736380980572
79 93.49101200093469 120.1490279284669 89.08395493907236
80 152.8973859285707 200.4988219185428 161.0947855112906
81 150.3846112950382 202.7765074181053 166.7663141419789
82 153.7195365847063 195.8840159951883 166.8294130581547
83 151.1113375705761 199.8338969370306 173.2450185326453
84 153.5470784241087 192.8459812522227 174.6507710640251
85 150.2615180689735 197.197824273966 180.4510787207131
86 152.6055650774359 189.1986160524556 182.7116684268684
87 147.4662709045596 193.9050344338183 187.0847191866869
88 148.4462143020118 186.8919858828719 188.9158078423903
89 145.341595353761 190.7084001753515 192.4212966540829
90 145.7053361644974 183.2382694834585 193.7005397066036
91 137.8862130782003 188.2598441508123 199.8243513149235
92 143.6509169413148 197.8897348454372 191.0318807472521
93 151.8651618895266 177.2820749306657 186.5109014724779
94 148.9878977752417 173.530630248553 191.2888676833473
95 147.1874561956948 205.654431219897 172.098135589391
96 155.6851935012799 185.2622062219713 174.4314436736156
97 122.2637236396545 185.3284126607373 148.404038547069
98 124.6118001692484 189.5709013612383 153.0551615580591
99 118.1672206042977 187.2328223469893 155.1829696597596
100 95.52301429888342 177.626152753675 112.3106692751925
101 121.6370557076495 191.924918025197 158.6070823907765
102 116.4138518514965 188.1641088448374 161.169670621333
103 111.4188598415654 186.8836916725017 156.8968825018841
104 109.7772173808569 190.3793971930576 162.4239221882116
105 106.3233847843602 193.2412115814952 156.7348291937004
106 103.5140243098367 194.6311145295195 163.2617326467578
107 99.12517607263322 197.4170274990703 156.5335850367875
108 96.63231325917968 193.5034947879934 163.0998385665735
109 101.0919283736633 190.9244961578707 169.1019275815862
110 96.22636357497112 186.9528146427347 166.0791443051682
111 100.1812743082479 184.6941691235259 172.0919507473266
112 96.67187116485788 180.1405066389569 167.9878865536035
113 100.2660181716351 177.8984098390798 173.785262598591
114 97.07200699824841 173.4681642814343 169.4380564186731
115 100.36632624061 171.1721461700563 175.3557351851419
116 97.52888123747071 166.8108166728886 170.6647359961228
117 100.6278962933984 164.4236331354735 176.6735125833235
118 98.28691063481099 159.9498776304156 171.5188177247849
119 94.66917780066352 162.3109998620614 165.7583267036976
120 95.82794061822537 155.4680461419114 166.3501092117657
121 92.57506541806147 157.8477345242326 160.3145359604511
122 93.76005780687728 151.0246170459622 160.8374549726985
123 90.62364257130523 153.3626516032678 154.6757012936715
124 91.59458648926481 146.3548437421782 155.3020925136335
125 101.4502209416992 157.6201528868151 177.3347691865477
126 88.05018813673976 148.7627447124872 149.0727721422068
127 89.14760419796671 140.7312397889368 149.3348365376386
128 87.60650726846589 156.0085618481272 148.725501505399
129 95.2213510402823 144.2644620054174 161.0968053515218
130 85.46993541913511 151.8151574462265 143.1513165358136
131 103.8194408473991 162.2299282904923 182.3184236335954
132 104.9063222225463 155.2392342342148 182.7166188501704
133 107.8115455433411 159.8050260836317 187.0330524297595
134 109.3659326306117 152.8059233754649 187.2142320089472
135 92.82484143788416 189.0881202206023 160.4599933090377
136 84.90227834991521 158.9328597545602 142.9160905768967
137 83.23447914041657 155.0329240668757 137.0371624841527
138 105.4540758788238 182.1298958114551 127.8801275845221
139 115.3593058501357 190.4483748433091 167.2439344873933
140 83.99173660114941 147.9386199199019 137.3024077648082
141 81.8526334934388 151.1808882697857 131.091178293846
142 82.66479964055466 144.1118849766646 131.2785601378787
143 80.42839035622936 147.2248850093546 125.2465320746791
144 81.25007776618337 140.1442518034713 125.3064774012701
145 96.04321961310987 169.1729137400903 96.0435787364141
146 90.01380991513578 172.9738830208694 101.0323183550243
147 113.1115442862759 157.5666340688281 190.3950615539239
148 114.9932993190878 150.6041429958907 190.3200987696184
149 111.5656292924991 145.8790642990305 186.5586857163459
150 117.5339032560866 143.429956403494 189.6995895104028
151 114.2088160964846 139.0040520714554 185.0647954351626
152 120.625135382252 135.409104419574 188.1880635365843
153 115.8028590076077 132.1251633814607 183.4245324023651
154 124.0075812271154 141.5031199902971 192.5196305495202
155 127.8635890743755 134.6846109518033 191.1509692646935
156 130.8807406013202 140.9343240008098 194.2731271125388
157 112.0831900723484 164.2159633212452 189.9412793912339
158 135.9765677662001 134.9099395775733 191.2669433927715
159 132.2511326156865 128.8517943553307 188.6438831125379
160 79.08196413134669 143.1834460763224 119.2236332800092
161 80.39225299177534 136.1289095847523 119.2843841498705
162 82.25111245970044 132.9482056856232 125.5269664129573
163 82.06326431744378 129.1774496138374 119.4637130466088
164 83.83247181239234 125.7511281784646 125.513044897451
165 83.80385543652206 122.1852726590745 119.4665977124952
166 86.08614496840035 118.729202492489 125.347972672891
167 137.8938732447556 142.3398581466235 194.1167869963167
168 142.7887203467784 138.756305471855 188.5002259631745
169 85.98081814671039 115.2809188523434 119.0732414866685
170 89.00239649645543 112.1283318596912 124.5230293164456
171 123.5938285727774 94.16188539378379 139.1898901533574
172 88.93988924036715 115.1696122054545 130.9634133745909
173 92.35595612232106 108.7418559901283 130.2479510883706
174 92.10385041702827 111.9967539545466 136.4619748020075
175 117.2501996774156 162.0991210747178 193.3673419909566
176 115.78508168456 168.6901647601718 192.9050609915699
177 79.97319647513123 154.1656536017163 125.0627854678055
178 82.57420871187367 162.1336452573194 136.9683620603028
179 95.99841564165078 105.8020311680837 135.8689814467318
180 95.95540075848066 109.3188034803163 141.6957316012874
181 84.65585883317044 165.9631527002867 142.6999775981838
182 120.9850127546214 166.6704953622328 196.4816592082317
183 81.41732889784593 125.1519673954753 113.7886603023501
184 78.47140424083562 139.0932188193659 113.2404033771541
185 77.3438958303077 146.2365893848962 113.1302815527221
186 103.963763773006 182.4216261795285 177.5785417646507
187 82.28251722188845 169.2631744754445 136.807708592114
188 143.7630905726607 146.1497181916621 191.8694898134603
189 147.4416949057213 144.3088612961448 185.5133663262125
190 147.404859720754 138.0380028191578 181.8963903131338
191 103.4446025324059 193.4901721873813 150.1779240883321
192 92.89771061766332 115.9639948624246 141.9481934816006
193 96.92691576249122 113.5235518419759 147.003888621445
194 100.1933216563547 106.9734114215699 146.7224666649096
195 100.9253731690606 111.1885188694665 152.0403991264972
196 104.9436387861921 105.1372119694179 151.4678731029641
197 105.2576553534016 109.1623205110421 157.1003520573441
198 101.5108800324878 115.2163003169825 157.3348329198201
199 106.4010961238043 113.6638098511134 162.1451260730992
200 110.4516621165419 107.6538789416807 161.5066287051495
201 111.7321808813616 112.3990062682185 166.4771614551422
202 110.5740151520923 135.1236756860972 180.3947178594098
203 116.3003899848199 106.969280790481 165.3593003301294
204 117.4165062254251 111.7104319059275 170.493809250974
205 122.2190500055533 107.0624263360324 168.8270322954168
206 76.54333380380591 142.4146003310204 106.9509864315392
207 75.72690987705971 149.5224552208225 107.1477161681557
208 74.79588062784231 145.9812097872367 100.7181522130846
209 84.8211581798913 172.8550265390573 142.3018332819289
210 82.22106437149625 176.3429651812267 136.7470597110592
211 80.35105838114433 172.894804871449 130.7112981952221
212 97.98941872103691 196.6685810523468 149.7566352431637
213 119.3401761202649 173.3555047011857 196.0643183652026
214 103.1817532749466 119.8406406931354 162.3021902930764
215 88.34720652271763 109.0007840521741 118.0938251458407
216 74.1568596544933 153.2668552168778 101.0522974921817
217 74.88902391265796 156.4557543703834 107.266202198477
218 96.81839383251379 102.8527168120726 129.3137908743552
219 100.9273358057411 100.5522982936926 134.7286477361061
220 93.56044931472962 175.7412318334066 163.985314888712
221 139.0715594467556 148.9290908044172 196.0004576739981
222 123.2543303424252 112.1722861556058 173.9656893140404
223 129.0455580213641 108.5391452922578 170.6890156247395
224 84.49996439486728 179.5373925399393 142.0416402508102
225 82.37300581449497 183.3738290585009 136.896236833129
226 150.7813671522374 142.947768299982 178.6482032009978
227 150.8659634473255 149.5449609916427 181.435785198659
228 98.44746836964407 121.4013368521937 157.3905183183224
229 115.2677683887028 102.607431422876 159.9751014494258
230 85.30969262142338 111.7438369746507 112.8776106865443
231 84.59322669712761 129.5852974142089 131.3928952522858
232 125.0169572311298 171.673368974512 199.2649180637588
233 144.620759766348 152.8260982394294 193.5518467980128
234 150.8687943790557 136.3704345381504 175.7355618085465
235 146.9131527505617 131.9430036690054 178.5607598713424
236 100.6269087908872 192.6814290162209 143.4049345536931
237 140.0376715765323 155.7895259957067 197.3452374803048
238 102.8753088017974 150.8154420216757 177.3397200639727
239 134.4508027396036 153.4245704758792 198.8371509339757
240 113.5118051002081 117.1588406816492 170.8251430120778
241 90.54421316759641 167.3407838952446 93.60814450583302
242 85.37829674546308 172.1556263412501 95.61189511854602
243 88.14629436524692 105.4884382175557 111.9043785371551
244 123.4164010605317 178.4954161169508 198.4465755613832
245 118.0533854778599 180.1445261084042 194.4200833659753
246 122.0034710595238 185.3652877024257 196.6049621058741
247 117.2967525044359 186.5920103129885 190.747226058696
248 121.1823729417638 191.8259037263467 193.5253491289403
249 118.2795243640617 192.7912259058799 186.561303218903
250 121.2297794016898 198.2384681349643 189.6470267399936
251 119.6978585716524 199.1960571635549 182.3116130257509
252 129.4385086736019 114.14138436865 176.5173676800219
253 135.6870220837341 113.3228822790289 172.8302180051251
254 135.7552975533558 109.0342678079816 166.73671209627
255 86.86043912143188 169.7235110990695 148.122317754882
256 124.700661735905 197.3258490333788 195.9189647222377
257 123.9765820985469 203.3061773905746 191.8389083328962
258 75.39965292029633 138.7944107007355 100.5718360342017
259 76.53214065282768 142.6867621211294 94.75484620074056
260 100.305118262768 125.990132355237 161.7598118837694
261 101.2728391664928 97.53075202465658 128.466693711517
262 106.8329522315941 95.48010153242002 133.4363823012103
263 153.7592018924358 148.1624775000698 174.8157792721927
264 154.1537124400297 154.4341995808649 177.4133523731457
265 95.32953700881632 195.6884254646853 142.9123762281452
266 97.69885634619965 191.0918441749271 136.7876991274076
267 118.9143890039615 91.72277054164222 133.6199445651326
268 105.7786571170015 93.22135535675937 126.9572806582684
269 111.2868410781961 170.7914664664812 188.9684661075172
270 123.69575494783 116.9860850601066 178.8792826885622
271 84.90290860926319 109.0495160377665 106.9212114779529
272 96.12656609194535 127.7386703132657 157.2005809124638
273 73.80697817310698 160.2163838027971 101.1477375784651
274 74.8255110142472 163.1830616859765 107.3263016453419
275 150.1157419751918 130.5501903230564 172.0377617700534
276 97.22447403715015 98.89220912573336 123.2734270951802
277 140.8688646092515 113.9288046877997 167.6818118147041
278 84.85488053378086 140.889091487199 137.1191096745884
279 135.2291956005763 117.6042829046655 177.7962970627568
280 115.8407106210958 94.57888433532 141.1232233303217
281 123.3174515550327 96.00014824931341 145.4253788358293
282 135.7016719618966 159.7852457468784 199.7228465806959
283 104.2723387371323 101.2257865390274 146.0488609352173
284 151.3706382925815 156.2032215324469 183.3787685519455
285 154.7773575409159 160.5579758660767 179.4879770948029
286 145.0290046760664 159.4929983653508 194.8121831842521
287 91.31147752627719 195.2184929473505 148.4351932946671
288 145.5947527046563 126.4938797469885 175.7661391205709
289 129.4555755626638 176.9186069438712 200.3677233840758
290 105.8850483479568 124.7477405321016 167.0780668576727
291 102.5662299764486 130.4476990720103 165.9953040955574
292 82.35462658837213 115.2418236714864 107.9291268645421
293 91.56170044965751 164.6820207859693 159.7187753641167
294 77.2253322514749 135.6684261259356 94.12510811521099
295 76.36830589657119 131.6934028630714 99.38816635790434
296 78.26214142596521 128.7850365788555 93.33134479757982
297 128.2727378962053 202.2517642789929 197.7564610805766
298 129.0375884335016 207.3645902131328 193.010737426685
299 125.853619098151 206.8322921132287 185.8976367796907
300 132.0906447154073 209.1000417895547 186.2545464309371
301 128.8071538538341 208.0210769790309 179.0881045656533
302 135.2126526663182 210.0851856898407 179.9429353672004
303 133.1044484419869 209.0132370168708 172.1885131725871
304 126.111238190623 205.2582780101464 172.7814598889311
305 112.1527022429533 128.7310237299712 178.6824604223679
306 77.77484226570469 124.6974282828415 98.4129810540764
307 129.5565266465718 195.4793915973542 199.4464695291407
308 109.3155118391391 99.9130883199977 150.616640903978
309 98.99708706641175 179.8835176100367 119.0279733001406
310 91.76285747230702 182.4319688272547 115.6895649550617
311 93.52628786456114 184.9194799750267 122.0574200140303
312 88.11016868430559 186.7526770831086 118.9290734327001
313 86.11076859163001 184.5696926778817 112.9511154496228
314 90.07436870254979 189.3015772274698 125.1491100154892
315 81.7558513652217 185.5930628297723 118.1439217697425
316 80.13421423405049 182.1204685109464 112.4347468154199
317 77.87252907116017 180.4336191784365 118.1701746488675
318 79.73048010482898 183.5510626568388 124.6369534031807
319 76.91699955244376 176.7704018505377 111.8309438762101
320 76.85567685581267 174.237862729067 118.0689119355283
321 141.679728609435 128.724291226688 182.3723505380095
322 140.7691532732171 110.5523289603302 161.5203409087868
323 136.0818506686016 105.533385094672 159.8419587161873
324 151.5639871625134 163.1714227541992 185.324736566974
325 154.6514461434334 167.1306552663776 180.642414984767
326 157.4169850509069 164.638311442076 174.5602953599993
327 157.297249672982 171.0887165668868 175.6370412272235
328 75.88562751783154 157.185212527789 95.21786561082719
329 76.07343790549538 159.698059545338 113.2350578072961
330 122.6330399265099 159.9508216443408 196.4436638750783
331 129.6863903893597 205.2593841133852 166.7812407629959
332 134.3959580519566 209.0370432075764 165.0116360568267
333 142.2125158858553 209.6956157658597 158.0048190108952
334 104.1753879686664 187.5279297006132 138.8526393926383
335 159.273707318201 168.7563527603344 169.332528296335
336 80.82010333181476 139.4630596780144 90.69838194640204
337 113.0832966457925 187.2529940274923 183.9063657158682
338 88.54707896526764 102.6571801485664 105.7107940780417
339 92.35723747666482 99.96269077071196 111.8155805026977
340 88.73962801050124 193.9537770182536 141.8184075102561
341 79.48516459772928 121.9048799385319 92.93436293880625
342 140.6171491112677 194.5709161494356 197.2405285563202
343 148.8466443515535 124.9491481480174 167.7238823151949
344 138.5262684697816 208.4089827100267 184.7355902292107
345 93.93524460299338 120.0228707762054 147.1844772088747
346 90.53155227648887 122.8388019955217 141.993041575268
347 87.35491512524428 189.5638097942743 147.9451332403924
348 84.6340428412993 106.4405037983115 100.6330083763025
349 79.92022906460636 178.0085103082985 106.2833940326328
350 156.4639207711159 153.1022019611939 170.987231608627
351 156.3677936856022 146.5374925672742 168.6280352392989
352 138.6093138577116 201.6987664615203 194.4333259691703
353 91.51457624385517 126.5442983476164 147.1267546711063
354 88.55967312149494 129.7090933549579 141.7811407068681
355 76.12352059514764 164.9244702720576 95.79197331869436
356 158.6881658634883 175.2175510462957 169.9562553530519
357 116.6637611155413 193.0994605941228 179.6425130643501
358 124.4458956260023 200.9483959953245 167.0166928877316
359 152.2919705946037 130.5787388496551 165.7034229637258
360 80.92830513862732 160.655161798562 91.96773332368016
361 131.1574857679381 169.759834456285 200.4507570923944
362 135.9122068037515 175.0653195936879 200.3216561038443
363 110.9472251276116 189.7239741519229 178.2442072596164
364 117.2598855953391 125.624817756405 181.5431838668481
365 107.7262262151174 131.8262445900054 175.2222541147187
366 105.9207839100553 137.7057559040165 176.4696501357831
367 160.3263987692763 150.7473808578942 159.1406685170285
368 82.40748653391383 146.7129121724608 90.72161342380511
369 144.6817839155157 209.8633720782439 166.1366393016654
370 139.0496907570581 210.4617811105132 175.1334562726002
371 155.9030298631593 195.5024895293173 158.5811730648467
372 137.5503570420443 166.8565144624814 199.6637505106052
373 79.57232605151 117.777355110334 98.31214421870651
374 125.6640968729338 128.7294569810012 187.7483688497859
375 130.3332137751058 123.4481740134209 184.940800001121
376 95.84706930520625 187.0102099126132 127.9880783387215
377 121.2451353566836 200.7497158040889 172.7600149443992
378 126.8519782898226 146.9550781584706 195.4477531570507
379 127.1913387172171 195.398899818993 156.4318696397229
380 161.0609197306202 172.012553112106 163.6972190778091
381 160.2652098650021 178.7851658307437 162.9440953615341
382 77.8849659528173 126.963504471499 104.2817434384916
383 145.598596529368 200.5351293676657 184.8271601164597
384 121.287345758253 102.5152605203928 162.7565347139408
385 121.0612614880642 99.62001338046807 156.984077856049
386 127.0169660923011 100.949845895168 158.8437420348534
387 86.30726892273009 122.2141661939445 131.3196184527359
388 140.8679913310578 132.9234405049652 186.4168396005103
389 109.2932693228476 126.4247581313251 173.0929435277716
390 75.89948669436589 165.7306898365272 112.9446119044306
391 77.54537290052606 163.2641795792924 119.1538121580469
392 114.2189847002916 184.0307036137754 150.1263660479313
393 89.59753080966942 133.2631026440714 147.0552011211819
394 118.6033331012457 90.15869136686256 127.594409758493
395 112.1035869621861 91.1205178011226 128.4280459344906
396 93.89849112588715 109.2104220621124 89.41537819230841
397 80.35953638323812 180.1694683198141 130.8524971507224
398 81.7502559455624 186.7492427100557 130.9033049639051
399 92.67263817988693 191.9136436770995 131.8262335482408
400 140.4844027471373 117.8220116587261 173.1926225909593
401 154.4618112212767 131.5355051565825 157.975959640558
402 75.92306491182909 172.8372694570684 106.2011885058323
403 97.09503581521199 148.7324791755004 166.6793073453079
404 98.76716923741705 142.3056998621382 166.5746882468376
405 96.80342646488657 137.9283087386774 161.2531311899471
406 100.4123666565093 146.4034909660916 172.1993664315399
407 102.0051840936732 94.17539416295283 122.4305465256689
408 97.92428265574532 95.58603182557663 116.1382394938957
409 108.320503293544 90.65639774117992 121.749092037712
410 127.1449794817843 98.77264431304361 152.1701606485065
411 86.06595151771201 104.5719620276041 93.4067289139401
412 89.90024650959782 160.3402665600297 154.2985181420172
413 92.27936856239322 96.59333737352796 104.5171654430376
414 96.77131764907043 93.58738840794781 108.9728519160534
415 82.62783611719425 126.6060549113107 88.49706418851386
416 83.00114589511226 119.2142280195384 88.39489107562051
417 159.3161127770919 162.1981741964481 168.1248711195362
418 92.77737316699356 105.2479296021345 122.8649609604669
419 145.2681138922234 115.4087722891241 161.498332424573
420 84.20867993561433 190.0891387223578 136.6282629673336
421 151.7487149468571 169.830200108896 186.4445251107045
422 148.490420979356 165.8517108630113 191.9106014831095
423 109.3361895617502 97.30912747763524 144.6110200268663
424 115.8297459005208 96.22221561419089 147.9147952243013
425 77.51835600296988 134.1548124478167 106.9542178717732
426 89.90973979634161 191.176847227899 154.0884060358197
427 88.16179150861363 185.0861391503409 151.6675594335279
428 94.49326895973877 170.9856376504638 99.16443930369579
429 144.2505613906726 112.2271086381004 155.5472038417116
430 131.0377243808676 104.5791808955228 164.0628652607674
431 90.23654518209462 139.8812776755322 88.47864598166707
432 78.58637540347041 177.0191980817807 124.3616640318302
433 78.63621724158685 168.9420059339083 123.7064940287819
434 80.78046459582708 165.4710965300567 130.8165749954834
435 113.0781450503575 181.4257095020649 188.3525366222738
436 133.9502308348373 182.5168044232344 200.4399620685229
437 78.38477115985023 150.1446048582313 119.2533706113326
438 154.6403248905621 182.0695682097097 180.8663221538157
439 154.5354027720543 174.2655542271933 181.291370469077
440 90.06604873987317 160.5333154899687 91.40717155018001
441 86.27080388258356 144.643894346551 143.2321582455685
442 92.92507710074032 139.7940234069466 156.1298842437071
443 155.753020945998 188.7590022067217 168.9252500402836
444 142.0376583309546 172.6650658255388 198.0075475909298
445 132.852757783826 101.7985565036463 154.6044503853365
446 138.2841007723797 105.1776452656296 152.7516716052709
447 81.32835108757735 158.1877554753369 131.0770586345295
448 110.9054850643205 184.3378473589036 135.9014403773606
449 103.8300257333674 175.8545638658422 179.5770224204735
450 106.111882823909 189.1216167890807 145.4435454998385
451 120.3931945939793 195.7523766698285 167.3495247125518
452 135.9933623095137 125.3781935407446 184.26467210798
453 153.8544127246893 141.4192562787842 172.0330385166545
454 92.88042487652804 175.0321634677213 106.9303564495013
455 82.98000357302809 118.5839597557431 113.5773372398928
456 80.25006232697234 121.8165175796155 107.964624327878
457 109.054949394358 141.807238749304 181.3495019797795
458 93.67275770563005 100.528669641394 118.2766255032282
459 79.94299132393397 132.0837742040187 113.7016195742246
460 99.6333952085979 183.0504504076225 125.4614261583208
461 83.51474436124907 136.9240351611809 131.3205009941374
462 122.4674772539335 204.2993728977015 178.752161606154
463 92.09781520042669 104.1034047431063 90.29301078084649
464 85.94353312219562 133.4863142392169 136.9037982444176
465 100.048693743724 103.3331667087039 141.0320653004507
466 108.406398433484 180.4884670405445 183.4531572116353
467 107.9172829103999 192.0492517593056 168.4284047918607
468 148.2146693404044 151.0875387833127 187.6726972853722
469 126.6835502352415 164.8107362644223 199.2935294163524
470 129.4935258003687 98.37879104691389 145.8522035829697
471 127.711866292584 183.613522701938 199.6606784368854
472 131.7499742667947 188.9606607127633 200.3045081861732
473 103.7001488028094 169.0096212829972 181.0733080566225
474 108.191027091026 118.3561066872344 166.5066646226115
475 118.097345221252 194.608232328471 172.932004806077
476 129.1104997052167 157.9832249901469 199.2784113636201
477 123.9938729365989 153.0791388757661 195.8211510512421
478 100.9852618230157 186.4215591427145 132.6939159956067
479 87.29502861453724 177.377915293526 105.2922553022991
480 106.775626208476 148.4013910881865 182.3995378403057
481 133.1448045103826 204.4117255393664 159.9594577370755
482 81.53521117425389 153.4005750662272 91.22906328076863
483 76.61392048023171 149.8652401383353 94.64114778372505
484 99.15725082743737 153.1190539267438 172.0913579574987
485 156.1716410182775 140.4250689235929 165.2253871869483
486 81.89342538180739 112.7038576047212 102.2216270195855
487 158.8426129652462 144.6504190251212 160.3641277424375
488 140.9209341734855 181.0001260187246 198.560948642861
489 93.36184587171996 194.545803089174 158.0718710034483
490 93.78513226529341 93.73070186074494 97.78407836219034
491 101.3377775138757 88.3711641756544 106.9952203316009
492 86.73362943486339 176.2688434702771 147.5824359937468
493 88.55661815000805 173.2370254800065 153.5355726003206
494 156.6653674761627 178.4092646959053 175.8078644106824
495 81.91620981952991 167.7432526642262 92.64938475554958
496 78.38547441054642 171.8737192439119 96.27477298752804
497 74.27709336497541 168.3158595270215 102.0598475545521
498 149.2025532609523 121.1783738783465 160.0341305948149
499 135.6562814700465 206.8954022327549 191.7277922976643
500 114.1836313426602 122.0176249926315 175.881438791748
501 93.35490996028348 182.3204617855798 162.5754903182101
502 90.54197859399324 177.6973576196533 158.3839211239176
503 118.7121080693015 155.4280292244563 193.4056615368594
504 141.027437719122 203.8311092015587 188.6072073134795
505 93.88043868738356 169.2348990196844 164.9307622576267
506 134.423803238599 199.4215179172637 198.7781642101961
507 105.438396284284 189.0114758985212 174.576051186194
508 110.8159755581192 87.705624892979 115.9629034529158
509 112.7439438029321 93.59604507419262 135.6121930657313
510 81.98441709166239 133.0499834344067 89.55308549188692
511 88.94043114274017 146.6869042462232 89.44488329573963
512 118.5010538271226 116.5017122782968 174.9406639308334
513 162.3502763580749 161.9397030100976 157.1429496061506
514 161.381603401712 165.4081400517516 162.4989692632826
515 104.8212666891039 98.84118453912593 140.1242450842483
516 84.82568812204283 186.7877155344301 142.352545636172
517 104.0983096523496 90.94596024044273 116.683922810012
518 115.1495663935615 99.16955675832452 154.0605522948861
519 87.25465218517822 163.0006022199653 148.4521188604629
520 145.1521967698877 118.9161981430914 167.5820598243583
521 79.51117133055597 160.8725973239625 125.1367060412651
522 143.5869359510398 166.0795609372264 196.8047080711111
523 125.805247063154 190.519424029846 198.0782814499654
524 104.4401670115741 144.1664878557692 177.0908134212142
525 97.66983193203427 117.5074601020907 152.3157927477656
526 77.84734544510941 156.6964279816656 119.0734086137814
527 76.56908067749235 153.1159577600106 113.2365600654419
528 153.2227578779147 135.4617071681406 168.6788308479619
529 81.06692912681811 115.6590064275303 92.35703620055438
530 87.91862332668305 117.4075139439067 86.48249383074075
531 89.3571052463726 118.8995609934383 136.7447888831306
532 148.8357123768402 158.179693326155 189.2167641071261
533 109.8619442470248 103.6895509915942 156.0770475377841
534 93.11119666706864 126.1983833816432 88.90037012753771
535 103.9342973307352 134.1806866126556 171.0945152635201
536 107.3271748509815 166.5603695245759 186.1649663752764
537 87.08790603874053 137.5115827612125 142.5477798746762
538 114.5095743979467 175.1420860762869 191.7597218738832
539 133.9995217694699 194.5987876622187 153.517440969987
540 129.5075523288286 118.5644420436441 180.91648934824
541 120.7993383880493 148.4584844908144 193.0747241232561
542 108.1351079936491 188.6259001929051 151.1994296367003
543 159.6648285093606 184.169994287358 157.5152795477043
544 92.60458253204375 130.0951292590519 152.1228303865003
545 90.92964320233307 171.2492316884274 159.2365901158337
546 140.237621397112 209.1623626959171 180.0565256914099
547 83.17011769399734 175.8317235388382 100.2636083467385
548 88.31580496896527 99.85508647076304 99.36817748476257
549 157.5848964473498 181.9688066116611 169.4315661402427
550 147.1211594072192 202.9363290659354 178.4291888414421
551 89.08240331715265 166.8073486140082 153.8710173548171
552 87.44123231320799 126.0421153605933 136.7129812990169
553 158.8345290060965 151.7480623840348 165.0873418905362
554 156.8178779493149 158.6753028725885 173.1915889851537
555 158.2915225207013 185.7317094102401 163.5346890705985
556 137.5787616504282 205.5806111289188 155.7897566719651
557 107.4982070603738 173.3218460471485 184.6401011004669
558 133.0457965337234 147.236364037908 196.8817488927098
559 139.93836961933 122.2859015213284 178.7212295698903
560 90.46770377357144 183.9526426427019 157.2128766376941
561 94.41771892212213 133.7268373449244 156.7592246137161
562 88.40999932497552 179.3753173861726 152.7482234107549
563 94.8542903225227 123.8712511988149 152.4278568160569
564 139.5948321180582 105.6720963311837 146.830248962458
565 135.371494489582 193.6955133287253 199.9168337189932
566 127.9533179984832 200.654907698986 161.9439855270665
567 123.3835992084394 122.8730211429403 183.5393936042215
568 140.7977675153163 161.1316847516478 197.7582695307325
569 83.84676142294524 188.3927929297003 124.4497953257094
570 156.3882576721734 191.2897055040828 163.3550869327611
571 139.0475603809206 211.064586206283 163.4309656557021
572 81.9887884718388 111.1844826492982 95.88461639785993
573 108.9725777275845 186.0808513464018 141.7623415964585
574 120.855779398348 97.41250970425945 151.1948988853897
575 155.120903675645 135.3461171934584 163.2122708682095
576 145.9492013040563 114.463118087628 150.1441723394218
577 138.9029065384769 211.113425664546 168.9427911370469
578 89.77711114621854 180.0759748302142 109.898039020144
579 105.918794069559 129.3476551857375 170.1194681435573
580 88.74609031471481 193.4611508019482 135.5793834270864
581 86.20758870309568 191.3607125777271 130.5889431871972
582 133.4826067399849 204.606226641776 196.6082419895768
583 143.2566183191355 205.7465779617965 182.1755505542434
584 151.5240040292793 126.3503614261151 161.8262131628854
585 121.6336887171911 202.5763995353348 185.8401809898375
586 123.0716473540251 196.6017918117 162.1849744260927
587 158.7926994520637 156.7359309217539 167.2407995074524
588 98.44961730581515 132.0249567934975 161.5248857333599
589 119.1095975940374 120.5690053982364 179.499587593312
590 107.7959425177135 185.8677482451792 180.1280549736751
591 162.373480520236 174.2712135563607 153.696037181427
592 142.7671501789494 209.4476172495802 172.1757809071686
593 132.0345273970188 163.8413105462065 200.3934198671571
594 102.0300703554098 140.0926665040799 171.8713537758102
595 76.79923508251262 168.667885270733 117.283508980984
596 101.2645128399506 90.92443066905896 111.5750557239779
597 91.2805162814203 135.5399337231347 152.2794072138216
598 86.22630278909466 182.7616226402738 146.7079817568859
599 77.61124570610782 174.5511424987044 101.5050052896582
600 161.6450234067202 155.7114365563788 157.1378116173864
601 128.275941390848 96.29608594980044 141.2834536802899
602 140.7367922633848 108.4465229824666 156.2179481719338
603 90.99238639388599 170.4058980369821 97.03439567032527
604 88.11359070183387 123.3701104399451 86.35671587487093
605 120.437717827868 128.8581928774446 185.1975169569894
606 145.4892586468084 177.0479680199634 194.8964989214499
607 119.4084019305408 198.3307254610843 176.9977146705808
608 161.6656372905217 174.2348922643554 158.7106873730356
609 143.3541847810094 207.5765647449533 177.1066088454579
610 106.7301390120083 184.1498646083428 132.7453465012712
611 131.6728143868817 102.8197118592109 159.3680079000249
612 75.81689579127257 171.1986526579764 112.3013512947113
613 85.34359076372264 137.1755636828095 88.60369265343931
614 103.9388270831294 180.4703533085975 122.9245634586137
615 80.33993511770828 117.6825033808203 103.6861816433194
616 110.0736702882427 185.7285617705217 146.2661837596127
617 129.3995974462628 151.7086379783445 197.7540626150326
618 92.96432152710312 194.2154413842408 137.6659456824864
619 110.9978471014055 176.4420286600561 187.7346643534648
620 100.6218645356738 136.1999418901202 166.1947439643481
621 112.6262256347209 191.2926949657623 172.1803659365819
622 85.65100377196168 157.2213075168966 90.61898102229122
623 88.94628996374425 107.6066377683238 89.1620338067797
624 119.3365317090311 182.8720443842427 144.5717935470163
625 144.3637960166049 133.7701497623043 183.1216204599138
626 85.62386038851984 163.5264713775904 91.28745019687726
627 137.449537818256 129.2811467180838 186.4585382337078
628 136.1456331848723 208.6164422017011 159.75946199413
629 93.83704739407595 196.3074113934282 153.174263105517
630 85.44947196638283 142.1556437731397 89.13537838078369
631 125.6060794636311 103.8326860798169 165.1428489393952
632 142.9995328418401 187.4263576002388 197.0105899421595
633 85.99467449117688 150.6397792879966 90.35423013790469
634 133.8647266045073 121.0046499797414 181.7931091604858
635 90.42305751818678 104.0178526514023 116.5936381005816
636 79.46020409145986 127.9139720656975 109.788270692143
637 129.7354671652865 190.6217563383561 152.2799597411108
638 149.5539555583719 121.4866821986898 153.2650797464942
639 151.8900390352934 183.0727803084291 185.8829810090778
640 78.83511105729644 121.7099541138357 102.572567920353
641 148.8644534358209 180.1053120849832 190.4115886771516
642 96.66385111637581 189.0432203266972 132.3279365524587
643 144.835208122028 121.7786403742425 171.9798378741285
644 110.3340780806128 121.6121677068635 170.498501967277
645 146.3433257115834 170.1623043649101 194.9162176793141
646 75.14164200584594 168.3090945567424 108.1526361441719
647 131.5410073301542 199.154105572989 157.6617933034043
648 92.0438039705171 114.1987294701123 88.21282860184409
649 109.7384753875573 95.96828682934481 138.9920139475272
650 119.4689834087876 191.8942628332289 163.3208595754709
651 84.56689042874265 181.3543398833203 108.7622965202246
652 108.1891051730277 176.9755088750543 113.6094079190347
653 125.3235288592051 86.63997712527434 115.0522669317911
654 151.2449322748358 122.1852141947057 143.4176727635195
655 161.1782413188457 144.8663615631133 147.4627892050561
656 141.7619933956216 105.4173606181231 136.2643562804133
657 128.984531791364 186.5234243943531 141.0955228682025
658 138.9011515637977 206.3745920801895 147.4780952458262
659 99.90086563555586 151.7890180096041 93.83600698322223
660 163.9219366678148 175.5221550391356 144.1344559473047
661 133.0747467100163 93.98943783793638 128.2674780338982
662 117.6319520657058 82.0319161684961 101.5731589007421
663 100.7319967769017 121.9469977499804 95.1712283940734
664 101.3335881519161 104.8275540380158 93.76847852913062
665 100.6573304860124 135.1132391366321 94.76989235274436
666 164.4937572898105 160.3066013018864 146.8527030402629
667 119.3429623425851 183.2585819499742 128.147736691982
668 157.1094666068364 132.6188936513775 143.663768725552
669 158.4477442514387 191.13565019322 149.1704704556882
670 102.4495220681904 172.8868335765347 105.0936778974997
671 151.2637442992685 204.6423884338738 149.3200937513712
672 162.3347843258023 180.8364765341575 146.6992305084773
673 164.5925034443305 178.8664007187535 136.7657005920564
674 106.1988945817353 88.30653854442605 95.873765147326
675 101.9229910793518 116.3373953554369 95.55711219968285
676 107.1605693461098 121.421980195961 98.04540238390439
677 109.7856650107001 115.4033356963673 98.64308158342932
678 112.5700297909803 120.6418080970828 99.56724075311207
679 116.3328233498727 116.3629192944058 100.0815988689329
680 118.039375466881 123.3666186139307 100.4256636530733
681 122.3364054421233 118.1112932255655 100.3260089482619
682 123.9487032335418 123.4483517759757 100.3442699750526
683 128.3591446568016 120.7117249163064 99.49853376413475
684 127.9337524317031 126.6447554491756 99.60379434832247
685 133.5935265464207 124.4434677831335 98.19840760614493
686 132.4453907332239 130.3086758787258 98.34691784193726
687 134.292211047175 118.1413823566339 97.635008667124
688 138.0875725376614 128.6657606540485 96.16181890769182
689 136.5836948461248 134.337497658121 96.58516465978947
690 141.7678190608765 133.0548731637329 93.73075373815821
691 139.8198114891605 137.8874499055468 94.43699649420392
692 144.3427444768798 138.3965983489828 90.93078724415574
693 139.8545695800672 143.4978114165408 93.29920969886197
694 146.5665117550692 132.4671482721027 89.60672967769156
695 146.01472988354 144.3940140263202 88.32575754980095
696 142.0914952343477 149.5733127599652 90.37314979723513
697 146.9713815870384 150.4404895573213 85.60342379947912
698 143.2423923582398 155.3473019929476 87.54076710373761
699 147.6882106508573 156.5482083964419 82.70540169475217
700 143.8773566712846 161.5391951145319 84.41508475598002
701 148.1530097240083 162.3479582107583 80.09648348307027
702 144.4384964601005 167.2412438842359 81.15674348383065
703 149.073795645446 167.7260048041093 76.71863546165665
704 145.2279512310916 172.0795433670665 77.59273751943738
705 149.8267066863594 172.7715164093614 73.58013193212643
706 144.904046499091 177.592349569955 74.37420668392056
707 154.1469576060303 167.5898712109792 72.71029868020614
708 156.324929920527 174.6903257680089 69.54020847347502
709 160.725399258325 167.7665253295652 71.05789583762623
710 163.3445448103137 174.7133152394291 73.44686562513138
711 167.5349620666182 165.5876908536395 78.25497588280207
712 135.6440146054835 177.8185886433042 80.70746455434056
713 150.3080942007508 145.2048430547244 83.17295944797959
714 107.7676882692663 171.0123764050967 98.41471947449611
715 111.3931800439983 163.1915003136534 95.11432014761115
716 126.3876843726559 132.3134735015967 99.5059852604364
717 136.7764331277407 149.0365465166734 93.71283604501248
718 120.5190721690049 111.1736220862756 99.58750642743338
719 156.6773288312086 160.22948032356 72.47611092537109
720 106.5957011409188 160.1846189258787 95.44968652331946
721 112.6734354102079 157.2650970424526 95.63239576987525
722 117.0202550737056 161.8918685680594 93.82867007829407
723 118.6885940331508 155.824066537504 95.30333359156641
724 122.7514647934415 160.742562325997 93.32564570556792
725 121.2799998940412 166.9926868219945 92.47097830981038
726 128.3794023203643 166.0180536165931 90.73547360618772
727 114.2479082425546 150.6855019917626 97.12282652563113
728 124.4196627063761 171.9525197473854 90.49421794008526
729 120.5197167519494 150.0493029351375 96.99067831416019
730 115.9090763003726 144.86463471167 98.30525296218349
731 161.3057667810948 179.250756621882 68.79301516614569
732 164.2102596136634 180.8541414497844 77.79172469992103
733 111.3499965995915 126.9765613063859 99.31730721343159
734 138.8633201538012 166.7590821667823 85.85717569572796
735 155.2903917768035 200.3524542772614 146.8803775036733
736 152.8255524302974 204.5191015108919 142.0767394722245
737 156.6864540114066 198.9302597928288 140.2405697898786
738 154.027068333927 202.4407263944597 135.6128152807821
739 158.4375124761153 196.768372412034 134.1726563667939
740 156.4914489903288 201.1438394892896 129.9249427670636
741 151.0871228879238 205.9052802280485 131.0130480589222
742 153.1421986522126 204.0816323138872 124.8971311415642
743 157.8314112870427 199.7835418457771 123.9452584180488
744 154.2686240839412 201.6115577892768 118.9311327807324
745 157.9163369427188 196.6623064974219 118.6263044838735
746 155.9902595767348 199.4105634480772 113.4689555907927
747 159.9562896354921 194.2990157766853 113.1260827408798
748 151.2898152728771 203.5507070445984 113.7088105653305
749 153.8099068780272 201.1702698577899 107.6736852193544
750 149.4447582825948 204.4615628108111 108.6870883395297
751 145.8065518660217 206.9452183103419 113.2512028998675
752 145.0725980909374 206.179595421232 106.0444050539679
753 139.9487713747092 204.8746419687705 110.7008625146743
754 139.4582243180885 204.1311709733481 104.4885027604111
755 136.4076239531116 199.2757461512468 108.5164984446938
756 136.7567551781308 198.4244083089348 102.2966346279501
757 135.2166369299576 192.8508587562489 106.0945153366521
758 136.3629934849434 201.1907800199167 114.9332975723171
759 135.2010449491418 192.3620834489665 98.85368943921691
760 134.9232675525229 198.3896612593209 96.75761287559985
761 131.5467472288812 188.004797138421 103.8377294709143
762 130.124393664333 194.4684359800622 94.29480696870445
763 131.9278033505651 199.1056793049777 92.79393337287254
764 143.9674532674355 205.8622418267189 99.89460150437569
765 161.3630055196722 191.0841189395042 119.5870174046604
766 162.8351799326286 188.67262968519 113.5599684698208
767 161.2524527985553 191.2459963445652 107.9611999570297
768 164.4196313497007 185.3386287292188 108.6148914689469
769 165.5437462379533 182.7698741168103 114.2781837924751
770 167.0791113284531 178.8199506165042 109.5458505598825
771 167.4123215249311 175.9904259708425 116.3763885325317
772 168.8494426442845 172.0557416000421 110.9064122003598
773 168.4994068989411 168.4418622856378 118.0145454452123
774 169.454183082204 165.1777211481192 111.9504941784865
775 168.6637006023282 161.0641904267981 118.5651017552752
776 169.4574969585478 158.4548853476757 112.2831236252662
777 168.416740417396 153.6343969117658 118.7728799052999
778 169.4689450622911 151.4033890018649 111.1072019895521
779 167.9304377719888 145.3232937307736 116.4967886082921
780 168.8685791987683 144.6767271265355 108.8275749470615
781 167.2308454385021 138.8678085489706 112.6019092583213
782 169.4582404339455 149.3066940493115 104.3855795781808
783 168.061551235341 139.2110759657715 106.3495938178505
784 166.0169514002539 132.1936807093877 108.687920930982
785 164.8984461832102 132.3697678146116 116.2850995478291
786 162.8630505981812 125.9172026071722 114.3079650764165
787 167.4532089555779 174.4877179328582 105.0035516871109
788 162.2551539998256 187.0296117939583 102.3456269355686
789 167.2678963462848 147.6244075472417 123.8116302420999
790 163.5737096939305 124.6184818326659 107.2358918615351
791 160.5658094522587 119.4747705561105 112.3881543446654
792 159.5875570521967 120.9485165464229 119.0565156424597
793 156.9616496527566 114.8042253046654 116.8354790409523
794 158.0305000699196 113.2487745910756 109.9344746312309
795 153.8955899975394 108.669477531599 114.3973274954435
796 168.0808790018822 165.3627036452685 124.0514313631242
797 132.5994932790306 188.1443753350376 111.2394805133984
798 155.3132519194576 106.9781436327827 106.8436906856591
799 158.5106136196628 111.8074006766724 103.4305104018641
800 150.515014114739 103.0500669922955 110.7309072471421
801 151.9924903268896 101.1880123323663 103.3603399053636
802 146.6810079264616 97.84282669854409 107.2364029293852
803 155.8576154033047 116.6932441184785 123.7148985815042
804 158.580098299877 122.5696839106335 125.5998376005576
805 127.8780943158637 196.3076603136323 88.68913610084789
806 129.2458135655743 201.5586370627729 87.11084675215855
807 127.1188724904698 199.0294369135593 81.69618624363028
808 131.7806281611621 205.744532898514 82.11496630767127
809 128.5495892435285 202.188763741456 75.54516183334243
810 133.9024227522884 206.4047639763622 74.21207735964902
811 138.9367836419177 207.5917658454705 80.59416898507703
812 141.3178170270758 205.6657527037657 73.65695494777071
813 145.1814312608938 205.1480201586189 79.57339342184295
814 147.6954398414362 202.335242200862 73.66668698589926
815 151.1150721529807 201.4025304269147 79.91793587610414
816 136.3405207287732 203.1906163922363 68.73919856212723
817 153.576344708466 198.5337628341696 74.69388746003054
818 149.2487132362591 198.2753079496599 68.74692752439623
819 128.4047141136509 194.4670982651648 76.83289892763646
820 145.3227203271592 99.12644059023765 114.3555387780327
821 126.5049046099738 185.4723600725405 109.0819059136055
822 141.1587013929409 94.73434478481464 110.5396128324706
823 142.0343530239402 93.12189953904723 103.7643598695864
824 126.8903779967736 190.4266498071838 90.82227677734909
825 156.0737103484914 196.5747389610671 80.85956215957599
826 153.9476100682249 199.499587925583 86.22336489919056
827 158.1654454756486 194.7825674723046 86.70441295584737
828 169.3963419276294 161.9738752296146 106.6915286271512
829 125.4590136362009 186.4885442388547 101.5179758873122
830 165.5350344949158 129.0691028157238 102.0194883107125
831 156.0423959418737 197.8758728535851 91.57864326322139
832 136.4749724622286 90.2721751949726 106.8627907066312
833 136.393326782917 90.1424031315926 100.3130748210248
834 141.3324510477223 93.21336493884341 96.61916773032763
835 134.2580069748062 93.81655987464076 95.27314761955617
836 138.7899695201015 98.51446667324346 92.48430199531794
837 132.5180130203639 100.2804335031374 94.92426610369002
838 127.5721934118302 95.13167651233572 95.29916723560157
839 148.3977711631693 208.7493276952526 125.5265146153691
840 146.1833392377748 210.1023726112912 131.7590005350475
841 142.3092442461724 210.66296459959 126.6580261091476
842 139.8299181496564 210.0291688103413 132.9115045685488
843 131.7605755199606 195.4185532148351 144.0704750399429
844 136.8795501132941 207.257145917956 127.8403841949811
845 163.5013030764027 122.714352102973 101.1596606460028
846 165.0144411378228 126.7987556641079 96.29395799089941
847 162.968238782962 120.5063932701275 95.46955040157124
848 166.8655341493842 133.092404848767 96.8991203578215
849 166.7011394298387 130.5826143107881 91.28758686469818
850 168.4240557732131 137.0506640413756 91.73750824911301
851 167.5839824526448 134.4142179210453 85.79215430672173
852 169.0163178797325 141.018155587123 86.02653213410916
853 165.3842478252825 127.9390193285574 85.85933689136922
854 164.9064734276359 132.1520079082157 80.61340875524319
855 169.5704069629666 143.7309406180323 92.42055915019682
856 169.6980249575805 147.5125209660477 86.62558860024025
857 168.1844968002956 144.9816894807998 80.73599905928432
858 170.3646777582271 149.8899681531731 93.12790194414008
859 154.6286058077559 194.4914745547497 69.72148985938452
860 128.9197490802692 182.6302742530571 116.015086383638
861 134.7295224299464 186.658255179298 118.428641131402
862 136.2853954711219 206.7115775501907 87.97925704730287
863 168.9175191379961 152.2589010685705 81.17418341548722
864 165.7206830442882 149.4101324353271 76.07468967929219
865 121.949259462764 181.705279915267 113.8540679346332
866 165.5326548878485 180.7661915499645 121.2980295816823
867 147.7042532225402 209.3262097181108 142.6404370681205
868 131.1293062853032 86.62946149176614 103.062611872783
869 149.3047299296268 192.6224293706339 66.28761474331867
870 134.3111085122798 206.2887284311604 133.9206559906282
871 133.9582312588805 200.6559026905115 128.9152006075698
872 136.992732891841 105.2643974712385 93.76317248699633
873 164.1433779441665 142.3022784178583 76.5487198828709
874 161.0771383220651 126.3766106857468 81.46770124375594
875 159.1471237022677 131.7099446818534 78.26116331196584
876 139.1062005127619 160.1295270107292 88.70861795301991
877 140.2880335489785 95.37539711916078 117.9457379924469
878 143.7590823828476 100.0667545109274 120.7782476243799
879 135.1481186605185 96.82266941024689 133.8869866847971
880 118.8874340186754 173.0326920621916 95.06481470138392
881 154.2099231217871 119.0611475396916 129.9453953522592
882 156.5987659663733 124.8661741263737 132.5639418521398
883 160.8121183736414 128.2791170716889 128.1731027532531
884 150.9545499953979 113.3134556036935 128.1804147452817
885 150.5556914067495 203.5460025752487 102.2731066087723
886 122.7604620221734 178.4649338381986 93.31452141089559
887 126.3576944542554 177.5669482901754 87.10244428316769
888 143.1521326123872 103.9540958013994 90.42569847739509
889 141.1021557245656 110.2670865644245 92.29011213302569
890 147.0245653687947 109.5307707492838 88.49519999479791
891 145.2594620496683 115.6905932785664 90.03843260842791
892 150.7292617364383 115.4269806459953 86.17453162684157
893 153.5378724081199 109.8114029232655 88.58388133182885
894 128.8193849137914 183.6205960320757 122.6046624852634
895 131.9936811424634 188.6035475957664 124.8578134578584
896 128.9232004812535 159.1251356100133 93.30151871190427
897 153.756268406325 126.6865859119921 144.9496535197929
898 129.9761150304795 183.5147444306963 129.639182956553
899 159.2417740378802 192.9779423839463 138.9042874457263
900 161.6688468121192 191.070426329604 133.5997031515279
901 138.905626677768 207.3162032043871 116.7495580982785
902 125.8295312813962 101.4432411184694 97.46017601979344
903 121.0079066488662 96.3293367233604 96.82291586734455
904 122.978862971176 89.9382580342469 96.09801448064617
905 109.4613006405118 145.3876261641003 97.76729530703751
906 111.3774898104442 139.22012350725 98.73428874992248
907 166.6575594513487 156.1079399237834 76.48904785376342
908 148.5527033578665 120.9807376575229 87.1262944302736
909 154.9803317058044 126.9604482410261 81.40926268365982
910 153.5033729908268 134.5822473307067 80.67471557133358
911 154.2455032914046 180.2027139331038 67.15274097080355
912 157.7383528853653 185.154631937502 67.00034329477273
913 130.5813786448739 190.1258980463081 131.6914201663607
914 148.4400113691025 204.4648704960898 95.84393274708398
915 159.938590765566 191.3011838210348 81.6660419768032
916 161.3768897212976 189.5262637877349 88.51784957273775
917 149.2387498634869 115.9327557824217 134.1406941923332
918 122.4472376248019 143.9290735645076 98.33438972325281
919 168.0561691332735 158.5102755078181 124.5858825492426
920 168.3323197790982 162.2491789999605 130.5683099085433
921 167.5498668940283 155.560912043481 131.2275906182915
922 167.6467947322586 169.6666096821303 129.4888673044211
923 166.5870744801448 166.376011313548 136.7507220455788
924 117.1303182715208 129.3507160168576 100.2755634588803
925 143.5682357194845 195.7352617862972 66.10306079865764
926 143.3794115715302 189.1317687624074 68.03034753257731
927 138.0062497878898 192.6148791429542 68.3899168452914
928 138.3039505271829 187.0742287178564 72.54277150983563
929 155.9365705839205 198.6549920455389 102.2731572008413
930 159.8482082815562 147.1644854329629 74.67438821636527
931 166.3827868054512 142.1359995010906 122.8019632055322
932 166.1909130118785 143.2928368474148 128.8918225546565
933 116.3987359202942 90.48433006570275 95.64558116247825
934 113.1008990453634 97.29939794711754 97.06104087052091
935 168.7042393154904 159.8665425911888 81.54011872228688
936 129.6123645970731 172.3060467410613 87.41572412491621
937 127.0108214970336 191.1004837795251 83.18680568804453
938 129.707965351935 187.7171935691283 78.71511123558922
939 117.9531056351568 177.3905525637649 99.11870615537259
940 157.7746919310425 116.3504187925305 85.56059451845135
941 158.6819811264746 112.4548155450994 91.31574982847177
942 155.5574636713246 106.5863630452601 93.46565426683736
943 135.1850677624978 139.8977723126196 96.33266693401487
944 123.1953031602529 84.14288587265253 109.6066669650174
945 147.6784784040448 96.27603898381419 99.66973916333241
946 130.5524388394273 200.6697018709022 135.2235476296053
947 151.7767302690386 157.4395452770759 77.859512025843
948 114.1947625165767 109.8385203014747 99.28478792455581
949 158.7057296298303 130.6848500950125 135.836843098514
950 135.1151340954668 192.4933103666079 121.0283066412714
951 165.0385247949225 137.8098783501242 126.4570437950071
952 163.4800991288523 139.2106917439335 133.6578134699654
953 164.7003695576437 145.0736408104402 135.2443410035205
954 137.6408855417874 97.39989559781728 128.0901913303595
955 152.8011568091805 110.6694910611137 121.6444994254509
956 147.919498768701 107.9602539857665 125.551446780131
957 127.1974822033884 148.1409479533587 96.8067791225497
958 131.7311330767951 205.5381120205255 139.3221973442647
959 148.6582236888901 203.7432176643711 85.56579065050312
960 167.5010809932947 172.9820633196923 123.0197835052205
961 131.6008025632166 197.3111170778887 70.64472708599143
962 143.3055103157484 127.5009749803053 92.75582410495396
963 139.3839169739333 122.8363371965638 95.42745265335593
964 157.6957967155636 139.5178704067542 76.86199273519762
965 166.6052841427088 177.686553149397 129.386501957043
966 165.1156681691667 183.7328877326472 127.0805700060107
967 131.2893357343518 89.68096660551379 118.2094256789113
968 162.3732788676901 141.1985701905705 138.6511572132075
969 162.2156785045995 121.0609913408854 85.81309739482862
970 142.0598662235137 207.1064346024874 94.20123077062354
971 135.9940949957558 193.5869238953711 113.9739617039462
972 100.2623189028053 110.6225476148549 93.87143449667505
973 164.6339862315766 167.3930629864822 144.1955519463805
974 133.3915307565212 202.1231583050225 145.0512661635072
975 148.7560266404839 104.7368808268251 119.5334236430949
976 99.4351549506797 141.541756217507 93.65383887088024
977 119.0963085835713 103.8563253520969 98.61744088676849
978 100.9297366335022 128.6155822207614 95.20139373089702
979 161.9558081131468 126.9605724950175 120.9012616217322
980 163.2177241175449 184.316130522512 71.75642536655505
981 125.8394451938216 184.4315139604077 88.00338590245198
982 169.4658136104643 146.5167801567175 98.28488156824758
983 105.4739802272773 94.58122166085393 94.15463429982104
984 129.3377529672602 181.8153643321769 82.5745307709105
985 115.0467337974246 182.6427438317832 122.6925175855925
986 122.5280170642983 181.9296369430857 121.3947584593769
987 146.2372553247987 98.14915742062207 92.79135616927731
988 153.3590372963811 120.8465165100812 83.50012384347363
989 161.6376164974078 186.6786573874527 138.8813562912927
990 133.9194225529471 163.2657039718646 90.28495097356519
991 106.7784282008454 108.7226542882338 97.03586267305484
992 106.9272418397744 101.4217005362475 95.93817538285356
993 166.7378712838087 158.6710958566029 136.0127388343565
994 165.8594284168854 151.5779498587365 135.8490983191107
995 130.1046796882 87.14821651619607 110.2021376802487
996 120.3146266182144 181.7781470682986 105.7058910888915
997 115.0086545990355 179.0280867707692 112.2117990051166
998 114.8578992621502 176.6400212640125 104.9455264723886
999 160.7085574084991 196.2354645458735 128.7819164715299
1000 135.1905645589143 203.0589051906663 121.6885688133598
1001 150.383339457129 103.8774911718947 90.08767253199724
1002 144.1611366030379 209.9039260409199 120.2508160997082
1003 130.777363651143 106.5321303448063 97.21087969751493
1004 135.435327223127 93.20349289497209 122.6797374831218
1005 137.2413428953565 209.2037741647575 138.0894806941772
1006 104.3318433659319 171.792749066423 100.9897287088097
1007 139.6715152591831 101.0753897766483 131.9153439881229
1008 160.9665063542752 116.5529006776628 100.3271799572544
1009 163.5296312934058 155.4570214868228 148.8548326676918
1010 165.334960363072 180.8978985779922 103.4643835731004
1011 166.8382694413521 176.324403859374 99.17879009156961
1012 168.2347535612027 170.1445174020804 100.1843243557469
1013 168.3808864434744 171.5368766220171 93.99943643006529
1014 169.389404149014 165.1197358809511 96.33483126265355
1015 166.2535403679853 177.6908450249992 92.27682125713081
1016 169.3547529725924 166.271159979682 90.08937355586949
1017 170.2503047065764 160.449188915897 92.46692648615095
1018 169.5879513837985 159.2983244289717 99.31785919254153
1019 163.8257397222295 182.9605617296035 97.52746530853331
1020 160.9556743276653 189.4674582193741 95.90747376111301
1021 167.5531490949928 172.5420486879249 87.30394037237153
1022 164.4833404121146 178.5480417441696 85.2917106586422
1023 166.3194900018975 172.8677090722364 79.88546630875338
1024 117.7247535811907 139.0404624131391 99.31157613970998
1025 107.6513190082698 166.5360341961872 95.84679947239597
1026 160.7001795482076 185.8952900162692 147.2983733183326
1027 164.7801271392004 161.8437749859804 73.16259781068928
1028 102.5190085757028 100.2740018048107 93.66520639806403
1029 128.7122956665136 91.3660099311922 125.7626875267645
1030 143.5363646960866 211.0469029936632 137.248971033846
1031 150.0991862668754 185.600825642512 67.02361588248722
1032 170.1304397570344 155.1428531499732 87.89321352220671
1033 152.4774751783832 100.9082468222965 95.96734516877547
1034 166.5687244444003 173.0950865844416 134.2901964789554
1035 99.96014956442403 158.3070664494869 94.06090344114835
1036 124.6699012208986 185.2230555069516 94.71545488720975
1037 138.0819567662822 203.3340563533986 98.90926894554761
1038 149.6436131674706 138.1697784975828 85.45774763453483
1039 151.208589064848 151.4783540455549 80.30836097799899
1040 129.7965618213947 89.12840410272719 97.24171793206794
1041 124.251935168888 84.90408679328256 100.1588411707705
1042 142.8509266668338 201.6644919470934 68.25292419055643
1043 149.6108202976103 207.7862680814099 136.7459134764468
1044 136.2776948110243 91.37419757567409 114.1885957940226
1045 135.76335996119 203.5585469585328 94.43562100507214
1046 127.6115580570534 113.3994618684971 99.12035441438465
1047 161.8135697354033 117.5835523306279 90.5204691843045
1048 155.5326205618797 152.7064161220375 75.30403056263918
1049 159.3497751788164 192.8713680833705 102.3244815541259
1050 128.9637325007344 189.2665824815116 97.45642351303439
1051 106.5018918205402 152.5685285082787 96.13629292272755
1052 142.7212108570483 207.2877530342257 87.09529168427585
1053 163.8274184868629 186.2476549333032 122.8935326725854
1054 158.3180852637756 193.5353997814061 75.75742236034498
1055 149.8812486633808 206.3897765183708 119.1417829856371
1056 160.0470315966247 139.7067583076962 144.7080614158781
1057 108.9646718632113 173.518405514554 103.7248438490202
1058 140.0436003502142 171.7883105731891 82.25093332165065
1059 132.3886127394864 194.088345805013 127.1216158176958
1060 145.9757818699712 111.8496554425451 138.4318153497533
1061 168.3648007626468 139.9124043804844 98.7965188706298
1062 135.49192813766 111.3386097991346 96.16751109797394
1063 162.5555111276741 150.1036751799237 148.0103185949603
1064 164.5623843384422 154.8280919103214 142.6002289340865
1065 144.7781671745911 207.7848697764898 148.8092393810131
1066 132.543069517138 190.8370091820468 73.99161387133326
1067 133.9704809030715 184.1843936776372 77.44091491618448
1068 139.8976228971241 181.3915806036733 75.5753018086485
1069 104.9869607520178 139.4740042633031 96.97107061648725
1070 106.6085464083777 132.8928564520693 97.90147059808464
1071 153.6303108846912 200.5872877375357 96.31258726053179
1072 105.3661338597284 174.3378099551574 109.100476340963
1073 152.2317814437388 121.4670398483605 136.7225596470971
1074 150.57168943615 130.6700466712088 84.88002709468238
1075 143.9738989054948 183.0828932901479 71.34638674117558
1076 111.2851709668348 180.2805399882464 117.7972444783024
1077 161.5123617094578 154.2515227129102 73.19914759900566
1078 166.9933809188855 149.215391460683 130.6719772648081
1079 126.1234823770372 88.73565753853721 120.1834217111215
1080 125.0148604068745 154.5486680242696 95.23020287109949
1081 113.5824648970807 169.2070304013418 95.41309700276972
1082 169.4978981398833 155.5661763004896 105.2464188165954
1083 118.5642688328894 85.2837413044669 97.16761954263356
1084 111.2856147990058 84.22170353106554 98.35228812850141
1085 128.8884281010676 142.0282998372722 97.83041918854204
1086 162.3963474865332 185.2662746036981 83.28025394923449
1087 141.0724970409101 176.0895620439872 78.19119274439537
1088 134.6886144209249 172.8293292216114 84.67133697944708
1089 159.8343283345905 190.7238730869696 143.541319393102
1090 158.0831998045397 195.5325758172389 144.9839379376191
1091 154.2267411231297 146.0042910626318 78.21013016761844
1092 161.3349656091675 118.6472420285886 106.1467515287977
1093 162.0821092043987 187.6305823244418 76.97525371100105
1094 141.7651230288798 100.6989162642986 126.2601116636344
1095 168.4566475583219 166.9449534125706 84.24423168829732
1096 168.6532805352618 168.1613070235462 106.106997084991
1097 169.6908879914092 152.3239617582337 99.17318866698258
1098 158.2973303934693 111.1069768340159 97.31750343749079
1099 122.3643258103868 128.4588388675528 100.3978296042009
1100 123.9679922458472 183.3783139579382 133.346711018916
1101 163.1444579855742 136.4753893607832 77.47259793217839
1102 124.966594215738 107.2815391161772 98.77643970868573
1103 163.3240350249035 183.5143374722876 90.89365313136233
1104 129.9981280964329 185.6363019711186 135.5068375310281
1105 129.8195502388217 192.9501139162726 138.1730471192711
1106 164.6282575479422 123.9587180989426 90.78909302972131
1107 163.1367926670306 146.2737594477175 141.7784880490329
1108 138.1440347309523 154.3008356701603 91.54838759728713
1109 131.2691434835562 152.9493966718537 94.64291192673241
1110 112.1376904032119 104.0629497037647 98.02583494505645
1111 97.80828339038354 146.9777979632442 92.68595383965732
1112 155.7332866501244 106.1147654907378 99.89337277651113
1113 125.0500409605384 182.2170533382383 127.1923528858784
1114 167.0208346696381 138.5308552933996 81.00306975190828
1115 168.8847440016582 143.9657025066536 103.1529661901046
1116 131.6778514353549 202.7041999575346 71.22798307785408
1117 112.7901426598225 82.11821881192481 104.4312489798113
1118 113.8664988011081 133.6035193579691 99.51494843990338
1119 169.5754276583752 161.3259682439599 87.23167507318639
1120 163.7172292516596 132.4593932437104 123.5750273618933
1121 140.8556386951088 210.6399919243098 143.0089239893506
1122 154.9686742759029 126.7896156024947 139.2462851010973
1123 159.2621127949336 189.871353616367 70.47393398175993
1124 151.9208958838121 163.0404599870456 75.8488374633165
1125 110.9275957643352 175.0538490734435 109.1602586398881
1126 126.4095626844765 84.70094264658174 105.2741705289546
1127 130.8525676205358 195.5334792766562 132.4164172366602
1128 163.0085922493975 189.9739213678733 126.6146491380112
1129 133.9908207113047 158.1901799917075 92.34124084082111
1130 121.8813064387049 182.1346146099331 98.95700481810498
1131 138.782982712831 208.7617166399499 122.3759458882711
1132 151.4236689660125 202.0305311367383 91.0749772301545
1133 138.1217581701082 100.6540426232551 137.5071431177389
1134 140.2088166579117 116.560938217749 94.20709379109354
1135 110.5255312536943 91.55755596215678 95.30105958184589
1136 147.4124826106369 126.4214107018613 88.60403881293277
1137 150.8122033572519 125.2231153402506 84.74005640675364
1138 146.0353695524282 109.9681590734262 132.1008572309585
1139 160.4442103219787 135.8886344265386 138.6266429112526
1140 165.05326422865 161.3236623777174 141.1294255634192
1141 164.134765467586 184.2111775333897 133.491008221279
1142 102.9700045893579 146.2791151125652 95.52426646791854
1143 153.028933382006 140.6902531364504 80.5581715511268
1144 167.5602297873274 152.9651259246051 125.5274526749932
1145 167.0782816659269 134.8043768443712 102.2744909294238
1146 162.5941846915514 181.8124935832334 142.2598674015676
1147 124.335807943367 137.9949014465398 99.24017530611275
1148 138.2144366247757 198.2655460950499 66.47663705715399
1149 162.2513577375846 133.8275704862227 131.3190055340106
1150 143.7302500162275 104.8103230638264 129.2072651262166
1151 130.783383974353 190.3282728487244 143.9325142291095
1152 165.3455375760871 168.7824457670193 74.34480987257066
1153 129.8142785431354 199.1089511558901 140.7836317346167
1154 134.4901859017684 197.4009458666853 123.3903778395296
1155 167.2532864790665 160.8806548014165 77.19937884632421
1156 158.1072298500488 196.8190834811834 107.8751048626004
1157 133.6402488584141 168.4875080426965 88.09361690843268
1158 149.4019134762346 178.4175882406606 70.29437557353876
1159 155.884542076393 196.8021769157277 150.2790190836309
1160 146.7359671206374 205.4625561891729 90.54789012716203
1161 160.5234679833387 194.9972948704634 123.4152110333858
1162 144.3002827681045 121.5993126647362 91.579201339847
1163 128.7702616792838 92.8764443638876 131.7995467815275
1164 117.4374528390957 82.57442488987316 107.2976468109491
1165 130.7888694520011 136.2600807457174 98.27991629808916
1166 154.4695310687763 189.9858961839739 67.09244875893852
1167 140.0439960783264 97.33687156382521 123.0783199866435
1168 165.0049323344308 172.131411718786 139.3194182197764
1169 159.6300565239211 193.8062300140378 92.08874594152448
1170 165.946279166775 137.8169585145057 118.8349430776063
1171 163.7516492622066 185.9786475081777 118.1383261995796
1172 120.2220660364048 133.7325052814934 99.91887788281311
1173 148.8026432940916 117.5068140915276 141.7406941527526
1174 98.85034199259682 114.6021693274306 93.24775243807433
1175 127.667393623234 185.9551821773435 83.39406603632222
1176 163.9043343756076 179.7402742556349 72.84524415510027
1177 135.4910381781075 207.6081624561742 142.9234178526136
1178 135.5828136657239 196.9025869837166 118.5522128523423
1179 160.6947116949824 115.5417222716947 94.92597346513314
1180 113.5089184424813 174.3055515726088 99.21336377985097
1181 168.8604501940082 164.9664558974735 101.5452813343564
1182 158.1136087977166 195.9693468272904 97.14622258538566
1183 105.4545647738998 126.4540299816655 97.45260179433966
1184 132.7959437485342 145.2057741325446 96.14861276928116
1185 145.1575941768455 103.7459229137106 124.2673803675485
1186 121.8826562444412 83.1350689968456 104.5986335989731
1187 126.11883040398 183.3743828654754 138.4569668334849
1188 158.2749192511652 121.8458351610556 82.65990447416002
1189 133.1020958481897 202.886428816829 91.01236927453446
1190 116.6472460910734 181.5820951576503 117.0501789584543
1191 131.1340184825163 176.6001531064834 83.97520235492371
1192 170.3383211700283 155.3720722088294 94.52480424474814
1193 122.7254847278796 155.5516798660324 129.7619394616126
1194 118.4102417674039 170.2594659135025 129.1873078410897
1195 148.6962069337431 159.4304563919742 112.4906993416746
1196 106.8884697466233 168.0793125684018 129.0790644414196
1197 107.7814075028182 161.4606987438438 113.7526347580572
1198 96.30127405996936 168.3666607441722 129.3181695818843
1199 96.97949508597947 156.1390214085972 132.2707285033992
1200 95.04760942826121 141.9941731916583 127.7108688683282
1201 120.9938504859342 135.3603796866929 135.0875628237816
1202 97.29137393437176 165.4591555260301 141.1298699893661
1203 124.1867921039734 158.1920634358425 157.3548225127008
1204 92.65762559872722 172.7134041577173 114.950026904217
1205 92.41317466949955 175.8290639281248 142.432429757759
1206 125.5886763469003 136.750194590488 160.5605020099764
1207 144.5079940526186 156.8894562289179 133.0936092282829
1208 96.54209508258259 152.129586066953 112.0451771222109
1209 127.0870484359296 139.6508269874937 174.1982518894142
1210 132.0269049055288 130.3699887134816 164.4095515814988
1211 118.8776612920584 124.2168016749676 171.7564582757942
1212 141.8656178731961 130.6683877473916 153.2831711787901
1213 134.1913649833338 131.5137044244717 154.5497237069401
1214 132.6269998393736 133.3611658714746 142.2998580639025
1215 140.1473536102827 140.0592870441594 149.6488553034812
1216 143.0448494396571 150.4576666766685 147.6086210267277
1217 141.51355045307 143.7633654098764 140.1452255603631
1218 143.7044531992927 133.2000858401677 141.4647537156367
1219 141.2379520445737 130.7669416069135 132.3901438694912
1220 153.450323342173 139.9265536953424 127.7871133589224
1221 144.0773687132382 142.720539649602 165.3255515988583
1222 132.8664148047825 139.030585320889 161.4235796853584
1223 145.2641278320965 153.7157960036128 163.8074793696538
1224 139.8029062200939 163.6522641082285 161.5904495447788
1225 152.0959994147455 164.0355150522597 152.5625712751292
1226 153.6387803215753 154.4239584112797 151.951245764767
1227 133.5361067899129 119.5582483086976 156.2608924889978
1228 122.8976357373775 108.7188333268868 140.8528059203063
1229 130.2330569421311 120.8931071668969 141.3834386345127
1230 129.0791314951353 107.3677190727541 118.2368888498166
1231 126.548607537683 177.9595896429743 178.7000931719303
1232 118.2118088601005 166.0630995927035 118.683827512352
1233 119.871282902059 179.0945085474761 148.002081829981
1234 108.8230576483452 157.9063513621905 131.2097220370291
1235 106.4851216851177 144.8816014292965 131.033045121346
1236 107.2084287668631 155.4834803758292 143.670370677186
1237 108.0036352386512 155.4512802325849 118.986849797005
1238 108.8167887833606 169.2217364243103 141.6034317896987
1239 107.4398258992345 171.5568426275714 157.5621794767077
1240 107.8436045152564 176.1580926045768 134.026745337435
1241 101.1760789542892 175.4042441368782 153.9571430526766
1242 142.2627459614455 180.6144527104251 143.1568990952154
1243 126.9504553352201 174.5743721605324 155.2944062939251
1244 114.8061536792019 163.0017065077362 136.8105892152148
1245 139.5298804086609 174.8515774385409 192.1977115922896
1246 129.5188113511443 182.4823747860746 191.448613659378
1247 132.4751376665259 166.5441137033768 188.6111070906957
1248 143.743006858082 179.1582574628409 172.7406357911426
1249 145.9985682257077 169.5434526737787 177.8619289918519
1250 150.0763782542276 175.485454226774 178.8952449948142
1251 140.789956330523 174.5109779440107 160.8674084250191
1252 130.8105354360645 180.0237531305399 162.3633320862197
1253 120.6172775336434 104.6875670270743 127.3812718065194
1254 114.4943300082876 107.4810909959396 116.4342860689944
1255 133.0955335597611 168.1594768467597 129.4785717048845
1256 116.3428421551622 151.7476302166343 126.702865873068
1257 119.3413371461694 174.8305195065078 166.5612170563723
1258 115.3510923881027 163.7881009354206 179.4754278016902
1259 107.4876517744614 162.5793955736454 161.9755990854445
1260 107.6878550568263 109.1734510627851 118.8267420835056
1261 104.1223325328653 117.2026591382215 119.1307968299784
1262 114.0096531274159 113.7673876836887 117.962644055214
1263 121.066917523802 133.6796454358019 116.9347597083457
1264 108.1564729616325 132.6740652534737 115.211198345043
1265 109.6873859207726 116.9331983942885 125.7136272209176
1266 96.12195196169459 105.1817717721226 111.2228856914687
1267 93.79901541848211 132.7616040317487 115.5534324972488
1268 96.57820708910594 116.5154688537165 107.5159634997877
1269 92.47250818192283 128.7457585633265 103.9142352667526
1270 142.6156953803997 155.3188763594205 171.8898949929297
1271 118.9776593355038 115.764205087657 126.6664608791256
1272 133.8832311064764 115.7227626390032 126.6059610549474
1273 119.1697997942457 128.9646375398706 126.4409849021041
1274 122.1752725876318 122.0157043552745 139.0472241175829
1275 120.5487306143448 96.46556114489879 131.7652704421414
1276 119.0766172418302 129.833304081288 138.8028576641659
1277 119.5087685877672 120.9870307597175 156.4161981664402
1278 121.3746552210174 96.02201920850182 125.3167357991637
1279 115.9822381693928 167.7569647543886 162.7011423491851
1280 131.3814290609524 168.9844834806034 166.7741624076284
1281 118.926795559792 152.9515176347422 167.5365608040896
1282 115.8500159294224 162.9194998765246 148.3882148167667
1283 103.3814150106227 152.0546931461774 149.3240277991109
1284 130.6171125931243 156.404443182615 163.1590770668788
1285 113.5917867515029 154.6763502519196 153.3410477646682
1286 94.95087472983232 136.9264239454011 150.5473266476519
1287 104.8099374839287 139.7378843132026 151.6384237802856
1288 117.8735776857132 142.6727842496435 154.0216049467207
1289 120.6767534243736 144.9229310498985 143.258536432057
1290 104.7545067099985 131.1392028002342 145.2260136563342
1291 102.4230373337368 140.2123416925167 142.8428829930052
1292 96.63184526858048 144.2591149180711 118.4753592297659
1293 133.646288057317 150.8893973564511 149.3949287276962
1294 142.1297578485657 167.0069419735224 152.5099053430118
1295 143.8939645217678 155.428939121674 140.0891775208315
1296 152.6313241007283 165.2842423973799 139.8097530099644
1297 151.2375471141898 153.9125175458627 136.793068464872
1298 152.5715505276223 152.2311324822116 132.0125240113018
1299 95.14479410283992 142.927101125951 106.5739011724231
1300 97.09038963681907 119.3678809233435 137.649123155808
1301 102.7559400838211 130.377099944469 131.8878890678016
1302 94.06391737034055 126.1429753104687 139.0131545257115
1303 94.77090138471605 122.9212872451614 131.4566336372119
1304 134.252510216514 156.4880927606865 178.7436659812485
1305 140.1668167222443 183.9746370357456 191.2029996837954
1306 146.5958980044298 183.9043202685359 181.2947513578134
1307 108.8485333513392 150.431616035934 103.2522760344245
1308 107.1938393335418 144.5285839264864 118.9082094477991
1309 119.7574655760236 154.4920207117173 179.6868455890178
1310 119.9003765414501 144.4283836830436 167.1748225116367
1311 115.376268965499 125.117517115402 150.7838023801297
1312 97.01111212589397 150.173230713905 101.3752072398487
1313 87.69671978085779 161.7087809196586 124.3583265149018
1314 118.8942520437463 168.9888446096926 184.7990607592271
1315 132.7028465162909 170.992228395035 174.8689021618023
1316 144.8353989027686 124.8482852082301 156.7263958853508
1317 89.11045344166179 166.889377270973 136.7732187696692
1318 149.40272810402 193.7836159603334 159.1770597975588
1319 95.42329643219269 161.5663366412268 155.2005792727898
1320 128.9086796075662 163.9924116520097 154.588380308135
1321 109.8463233336204 179.6296191954817 158.4905216344102
1322 111.0780627927111 155.5575891930434 180.2517271526119
1323 94.61203470085982 163.7613334645407 99.20269266788675
1324 131.1353015827509 134.3004885954054 184.5658804023945
1325 131.8341659326697 139.328754749262 179.025165977528
1326 131.7755336614764 129.5389334442162 178.2923037445446
1327 139.0224594187361 141.0082385404358 184.8384047088294
1328 137.6001756971683 143.9862452787138 178.0180956416208
1329 138.9850766837696 136.7655698194558 178.9525618034478
1330 143.2035894524975 134.4246786113827 173.3846251028714
1331 138.8790220633886 130.5849187737704 178.9035689733986
1332 141.5043042262987 128.0308374759074 169.6610108408228
1333 143.9905630718496 179.3407798762022 154.0027862487397
1334 143.023418992868 119.625170362382 117.8161336574431
1335 84.94732878094096 168.6978426507623 126.9764682944253
1336 155.0429289694334 179.465638987928 159.3405575979192
1337 148.4001942429413 174.692270775594 142.9759305122353
1338 92.51885388005655 150.6787467350073 143.478289651387
1339 115.3082063061057 151.0346741037738 143.2095222891493
1340 89.65790967017617 150.4319415154415 138.2073587206686
1341 156.9235075370564 168.0021777696243 159.6754531497069
1342 152.4441856785395 164.6141987031622 164.3665377043005
1343 98.09317690616712 188.8598622130709 152.7473561108723
1344 90.6179282321597 144.072906294574 137.3575869657907
1345 96.96021711883033 146.1515559773302 139.210275910855
1346 131.400504815275 145.413731162608 142.2378543290085
1347 118.7423169478453 146.2318152301824 129.9375576379373
1348 133.2737358751722 168.3238651192527 141.6763363629655
1349 123.042870101843 182.4321137316934 152.9601089523107
1350 145.0117459123818 140.9887495111302 176.904355198408
1351 98.45298267474891 149.2666701983762 155.5480062827752
1352 112.3203328793761 107.6300506821837 149.3949575903067
1353 105.0087573742471 117.1398558035933 151.3837386413496
1354 144.6987444033159 186.6115989192601 169.15545134127
1355 151.8992780758236 180.4040560094579 166.3110998228595
1356 152.0440101755886 186.4058086417152 161.2140262720334
1357 102.120503714491 167.1802514747498 166.7788284608505
1358 101.2446614188629 160.4765987059164 167.2284188945951
1359 115.3491199326437 178.8381332967408 134.9950011699589
1360 113.3802058742315 169.8737366139996 134.9904403396606
1361 111.3096820541602 102.6041292451727 140.1875157329
1362 142.8055057641034 168.5585785823214 141.8029755312119
1363 153.8348225991887 166.7143037834074 126.1842825769558
1364 152.8811073035471 178.0480179996137 127.4077975005197
1365 144.3876471430356 198.6870542948544 154.5273594843421
1366 82.64696271691702 170.2662904354302 110.4403978253386
1367 81.85507802218041 161.0014094603932 109.5992538065146
1368 84.8469342398737 169.2455874805523 119.4412879449346
1369 130.120077599154 167.2189769168159 116.9020620187152
1370 120.1402717131084 150.7412455195596 114.0581276140377
1371 153.3319686077447 182.8612974481174 154.0207471190187
1372 155.3086732641787 185.7464391751747 145.8098938765379
1373 91.29205324934597 112.8141940048235 94.3273285166384
1374 85.26460084852287 134.0035136278796 113.7689172388621
1375 100.3238485134068 133.7408142395929 155.6984661818724
1376 92.51768031322494 167.8778624295664 144.8425683300469
1377 108.6483173767476 170.0744152490374 170.81922080459
1378 100.8286667474871 175.5315500390604 163.2688444952371
1379 129.2560983579084 167.6156300538376 106.403485754448
1380 115.2560675328784 149.9038125439304 102.6768801467045
1381 89.2672186587735 125.2388186199582 121.4758313469142
1382 151.978551561137 191.3610792014203 152.5633289057821
1383 87.27242199957132 124.0790393409334 108.9961579848472
1384 107.6232033571121 181.1800626280715 152.43268264067
1385 95.09502772474038 106.1587443325626 100.356702131655
1386 92.73234976472764 130.3163526874349 133.1570343010386
1387 112.0962523941078 89.67619324657116 104.1207585064857
1388 136.4766277989077 186.3721613134713 144.6576376394113
1389 126.1649133200482 179.1492874238019 148.201407919106
1390 95.79434227558279 151.4547111712432 149.4372799104111
1391 87.28243787974351 114.9709572636988 100.8178180622962
1392 83.65556754200038 123.4929427275275 101.2222795587244
1393 84.19751569101157 144.1448257790951 118.3247476363455
1394 90.03395304963962 148.2960107352122 117.9481489928956
1395 120.0338816443982 141.2630238946689 115.8017958163202
1396 89.77957386144753 126.508091815961 127.8259669157512
1397 89.97291610394902 157.0724611760217 137.0726707803422
1398 153.7301111237074 153.910275975208 162.1584819848698
1399 126.4822469507778 154.6335040152092 191.7391621310957
1400 89.85732786565011 114.0720143080279 110.6591032420299
1401 93.55946443229669 183.6846643654179 145.0323850456935
1402 116.3621313322822 181.0386968536988 157.2567460960504
1403 130.5440306309705 170.874167502643 195.0410022367032
1404 102.6519034954624 168.2701231969903 105.9688426089258
1405 96.18187357418699 166.3176777474198 107.8720128396365
1406 89.84200931669051 137.9973101138505 132.1204970982252
1407 156.1241516869353 174.4507584807137 154.7284131290946
1408 157.3636631638999 178.7174784011203 149.140865724664
1409 150.1320013667377 181.9764414111397 109.8655095286774
1410 123.341320829318 183.3507296389376 159.7616422760842
1411 114.5461477954754 174.3954875576393 160.2342867763454
1412 109.6323642412929 181.8449519930543 168.8348621175954
1413 140.095449573736 202.6716955706584 163.6527664537543
1414 84.5254874808912 160.2244124072038 118.4500388146273
1415 132.9870996696566 149.2094584218713 191.1486346777378
1416 123.5639787146361 149.5709002204321 187.0469537078103
1417 151.9168640570732 161.5567282709074 173.2723040522209
1418 147.8536455332533 146.6228369690994 169.9065188475121
1419 83.67464799861827 146.2260803722712 109.0003794443689
1420 90.90279531095116 160.6211154645441 142.7286697559679
1421 97.72205590549697 128.1260651227649 99.51918373718158
1422 84.64155655813978 152.9476449613778 116.0163107050827
1423 124.7078881365981 194.5067556529128 174.7654562262387
1424 142.9037674452803 155.1678677330276 184.852770591272
1425 155.8788241919482 150.3064849372345 154.6556085279035
1426 152.4108900645683 146.2964968338048 156.532374515116
1427 148.2513109784185 154.0976364151981 155.3019509640414
1428 134.4624687681376 143.7826550909585 154.5187796904117
1429 143.1583241947487 142.9204662373698 126.0409070013913
1430 156.6397755453768 156.9398557052321 154.897795123336
1431 157.3517211634609 149.0421780106693 148.2014238459982
1432 157.7734196081449 147.5996531006633 142.3291563959464
1433 151.4012331978039 145.2237307818046 115.9286069416506
1434 157.4853951371195 163.5084293308771 154.1121233704175
1435 152.1449445054338 161.0188256330904 156.9661475662192
1436 146.4298592147654 162.2161375463343 152.9962309500626
1437 158.0645263526819 169.5616678148668 152.7705156742683
1438 156.9529484417273 160.8434131734151 160.4910431546044
1439 158.773546713423 161.3635294048423 148.7737431928308
1440 156.6301845788418 162.6106353116229 142.3287172964152
1441 102.5704560172562 183.5750167412579 159.6780984373809
1442 108.366541968561 179.6567499751144 140.6130483221908
1443 90.33430705540957 176.163084300427 123.5959050904795
1444 89.28670692606104 179.4753037558843 130.2313175901012
1445 146.2142619233004 163.6025593361955 183.1869829598208
1446 141.954843738365 191.6501686800431 151.1485576936534
1447 151.2027145598531 194.7022463574128 145.1406657997499
1448 128.5939156128045 99.79056007457842 130.3460879384862
1449 129.2003845943147 114.7644501869696 114.1892827664494
1450 127.951167867628 132.8130571601878 113.0133078928754
1451 114.9616379974053 101.9330880655431 119.1445218121898
1452 121.9300413970117 93.87752249604165 118.6526552009399
1453 119.146118615538 90.5023305572481 112.0738448040846
1454 86.34031934815319 154.0581531984987 124.7309511985317
1455 88.85862146958361 122.5542130763721 94.59171305010329
1456 98.12389334710404 121.5387440563989 99.60593216834282
1457 116.8954024661241 108.9794466222152 156.8128737226904
1458 120.8677732963488 102.9621629193743 147.7829375106798
1459 107.7779521402512 162.9159524975219 178.8780101160824
1460 140.774056568603 119.6296926216316 150.3085872386883
1461 131.3924021157647 130.0450773112122 126.8717061142
1462 139.2114123714695 133.0359407224797 114.4765715726089
1463 150.9777185385459 175.8809784108898 171.8328573119343
1464 92.28461979905723 154.1461911548498 97.76047662581313
1465 144.6402776686069 200.7488102793598 146.7088123671539
1466 146.7929481417457 194.1474839322593 166.8596622874566
1467 141.0031313896571 148.6437099807915 186.0118396071933
1468 121.2799405176086 117.758454254564 169.4409540306575
1469 120.4032273529395 112.856417368928 163.6772341249271
1470 90.73774522491951 121.593479571813 102.6524458090829
1471 150.3838957188344 154.5429724253771 171.0522931259856
1472 94.8229082852657 174.6426316992882 156.0151318968134
1473 138.3132942397093 204.1264032575239 176.6121261331539
1474 139.5281460756322 195.4076508762438 177.1677392208172
1475 96.33167051448613 181.1096160372182 155.3013032078707
1476 99.12469492437465 180.2850397371184 135.8883125688172
1477 135.415688632661 112.6128106856784 158.3194566644354
1478 140.7569571338918 117.5430876916425 157.1780876332445
1479 148.0663474695404 137.6467356797998 167.8732657741929
1480 99.23932060803897 173.7746979880193 121.3071738853468
1481 101.2576805704734 167.11522581135 123.570591283445
1482 99.26597363540776 125.8731614688149 150.1719275171756
1483 99.08541744822951 121.4611201173125 144.1757496779059
1484 135.2282372000877 157.4059690861521 191.4932639246147
1485 133.847143762457 150.3856714580006 183.7223357526662
1486 133.2582396115446 107.2477400852561 143.277545876459
1487 137.8419058222352 113.1598029419017 144.5817059206059
1488 117.3186193756868 178.7198299503523 141.5573160921558
1489 123.637550600311 178.5514552624028 141.9515867653154
1490 120.401602670846 174.3356422530302 142.5479822045311
1491 127.0690618140637 100.809411446356 138.669391422718
1492 111.3312213695625 130.7835138274384 167.9399788553161
1493 107.8173808140162 138.8701289847018 167.4022923305528
1494 143.2086788958961 167.5951261277623 114.0744696931036
1495 131.6534451851506 155.013831548597 119.2893134744934
1496 113.0019344872967 174.7568353143423 118.0297553649632
1497 108.147576460035 168.9347928470681 119.0879379207618
1498 117.7428100692636 176.7129124966222 124.4191603200676
1499 114.8302125153003 169.6159429404442 123.8784419577409
1500 107.9593985938484 175.0518111472105 125.2089148474447
1501 139.3139791223736 166.2621756738523 192.2229063996307
1502 138.8583306485599 192.3167655243438 159.6217747428165
1503 123.5561719051141 172.6725621855686 191.3623126982053
1504 117.865522631685 178.3268807218168 185.3728440730824
1505 112.2830948549415 175.8516631417374 179.3299498070156
1506 83.18607517097539 155.2859787972069 98.79779218225232
1507 149.9582163747949 175.8984651962643 154.9466808726987
1508 157.3073913783063 173.2000425152864 147.2230770533619
1509 102.2418212513358 182.1589532528746 146.0875092427519
1510 113.50633405568 179.2796869380231 146.2870914978532
1511 123.2253620108402 173.416187851645 147.7705178597484
1512 119.6328319495707 168.1155330086281 147.952296729096
1513 136.7543030691846 186.7993208847111 152.7171287128599
1514 131.0318684675508 181.6135136997071 153.2140169229189
1515 131.3880007168167 187.5993109495148 159.448274392335
1516 129.7809157499854 193.6239295897103 166.2414495373322
1517 89.57147868395947 168.3226223148072 105.0134300980794
1518 150.7992183748817 139.9321709835867 103.190490521586
1519 157.1590379022039 150.8764771578943 102.3424904386255
1520 157.4100981187721 180.2827002706968 95.11526108098315
1521 155.3566382367569 177.5438200848162 103.2805814327272
1522 137.1564177645922 166.4305387644002 101.083423584601
1523 130.2190390385214 154.8288224924205 106.473254144996
1524 149.2967743551922 127.7934874322644 100.9154999623202
1525 142.2518418126037 141.7047911058322 102.9258015816824
1526 142.6349339797758 197.400555016307 99.7514525430764
1527 162.0302723162515 138.3660017134281 88.98171580867606
1528 154.8698579819574 142.2267941469394 87.62250001857483
1529 154.619496438824 132.9255129200875 88.63726993562373
1530 153.228315417616 137.0629405976494 93.20919600179474
1531 144.0546993752317 140.4628685552323 118.2965888523561
1532 141.7126686472826 152.3466062543434 102.5910575967173
1533 103.4026055050154 148.8093057433045 100.3740860428536
1534 155.1848161852373 164.5182410672323 98.15550023120144
1535 139.7797687737652 160.4849673049098 95.77744722344849
1536 141.4982173783055 153.8617261159905 119.4011192042411
1537 141.421639687422 153.1742424559103 129.2464868573604
1538 159.638880780057 159.3613401061929 81.03236818318597
1539 102.9914798346732 155.1624115455567 99.5098783358517
1540 102.7255434629795 145.8992082689032 105.4888527496955
1541 157.0502341654797 155.4476156575589 143.1985974630951
1542 150.882157989358 152.4510577256593 113.6836008719978
1543 139.7920240059985 167.7684218993219 127.6093164806752
1544 150.6764870927871 167.7328398803063 112.9439742335761
1545 150.2368978338646 111.8904324293756 98.04046562287311
1546 164.0121332733065 155.0017232941692 103.7793834164063
1547 131.5566199045668 144.7404788267822 118.3299648486207
1548 115.854357447398 169.9616546037952 104.5791398801277
1549 108.4134562845785 169.3679668195915 105.2971688168868
1550 108.9993356544497 163.5378908835499 107.4765628042555
1551 108.5181578473789 169.8846214140274 111.9362329021738
1552 102.4858808031436 162.4006074772478 107.1771029144571
1553 102.2100324568589 168.8020515026487 113.9236122577683
1554 132.094476657744 143.1907778522444 131.3591966110473
1555 132.18345024074 155.865052209918 131.0044271485201
1556 139.7949307821784 185.4984301745791 126.2990630792338
1557 136.8442668107625 144.332674093237 99.70718189507792
1558 118.8005908147642 110.5412707848384 104.799811783427
1559 112.3428158758505 129.7638997393696 105.7159041139761
1560 112.66924123992 125.6928943720198 112.4960560377958
1561 150.5285531437919 194.1006500033303 96.15977050360968
1562 135.1972334111888 191.8686437797035 139.361724801043
1563 161.2681420329012 168.6403285948348 129.1226985564708
1564 154.0906661709307 189.6858676442025 124.1594607605101
1565 158.3630875319311 176.0610851552278 132.1299294245677
1566 144.2021751593769 197.5231357662444 108.5273694890685
1567 161.8290830349034 137.7415520905602 103.3346360286364
1568 162.1210450534361 156.2087621918221 118.1532371892878
1569 154.673764972799 158.658840085849 119.1447536300283
1570 156.1836775422237 124.6728424858224 89.36274795697808
1571 160.5953791456591 130.2577747116038 86.93520326117162
1572 97.74064231967235 156.6029314887762 99.35680260238782
1573 159.7063925676784 155.5940017945305 125.5352464340067
1574 113.2753623735781 121.3777635563689 106.3196643791739
1575 125.2672841672008 134.7603382672527 104.4708350666444
1576 157.6036329120126 143.97203085155 122.9288920805415
1577 153.2349857349012 151.7939355996515 89.61287441382133
1578 142.3041785171977 148.5955875822509 98.52939105284531
1579 151.3494771033511 124.0563436602231 124.0516402741004
1580 100.8611435856181 162.2646334127549 101.192696559478
1581 144.6284647071852 188.3128702352251 116.2965284325433
1582 136.963143657469 131.2426273632404 101.9295100755137
1583 135.9670539449952 138.3003668864112 101.3737973556938
1584 137.6100600457976 190.4672438506951 86.13451374114739
1585 162.5817335324485 148.6706062781368 123.4233915313532
1586 157.5186604039878 149.8040447460213 125.7461827695026
1587 161.8409345949593 165.808074611143 119.2382510378152
1588 154.7754459494332 167.7337206359695 119.6995279006706
1589 133.037881944076 95.58000488028132 104.3166445340753
1590 158.8226101337628 136.118488013701 123.0306021882579
1591 158.2620480115542 131.7073094508741 108.7990336513673
1592 154.1932224599223 189.0398210398356 87.7855777252045
1593 131.8179460508331 149.2476583367603 100.989961795601
1594 143.4581216311648 203.1836806365582 124.1728295387221
1595 136.2409364296723 156.4403466785301 101.1996602864341
1596 163.4962426018501 165.8278457183756 111.7811513522691
1597 157.7329988415975 168.9554693561368 113.407701688228
1598 126.6717643621529 127.3868552765147 105.9426208928516
1599 119.634019512048 125.6655124578273 107.1474004477626
1600 119.6348034876556 118.4812769457891 106.0255868559199
1601 120.336552136289 128.0451491446726 113.728095103246
1602 161.0141091162087 174.5059023098329 118.7831712460572
1603 154.8180115217239 177.2258377467302 117.9307972419891
1604 157.5091658160921 124.4734591481349 99.34566786608848
1605 158.0356133354243 183.2135295751224 118.617443836367
1606 161.8425766351157 137.0610099666531 109.372831926081
1607 154.8938455879461 137.9415447879506 107.1574447924286
1608 150.7928224398772 197.4898960215077 130.4577345011296
1609 119.9718625637835 155.2456640246016 100.9783610142488
1610 119.9811395512314 147.6844368188659 105.505810470995
1611 142.5136691557341 125.9898810386071 100.5088060147023
1612 137.510143767954 126.7090073820899 107.4020946532806
1613 157.4947169527011 187.3853095597283 113.1464313588246
1614 139.8235135029978 204.5480965376761 139.5084459714633
1615 141.3172832045039 197.5727840858243 138.1826467256037
1616 143.3655930725775 204.451128478448 131.811376613485
1617 143.1256508308192 198.4802912028946 118.1870155831938
1618 161.3334737465509 145.2525489606996 115.9263650191785
1619 154.8235321527761 118.0902661264138 93.31967857434678
1620 158.3334088784709 169.1864219321344 80.23098951082675
1621 154.452515901828 161.3876532942861 88.8627803000101
1622 148.5566707118771 174.1402099484629 81.32883813120844
1623 148.068805860289 167.8613926051559 86.15302164846253
1624 146.7921242667065 161.3022252887904 91.61001740585169
1625 157.4077254374986 142.1694896623461 136.6097831461539
1626 162.0727212538475 157.3374748438071 131.0795982494579
1627 155.724896360318 156.0425793741021 132.3110842397845
1628 161.0076550087852 162.0064148166612 124.5100653603071
1629 154.4728869647743 160.4974162285264 124.8026697252901
1630 147.8238064286661 121.5043962690246 95.65081950804947
1631 145.7129018234528 185.5003584367877 149.067260175147
1632 158.4685936726266 144.2760919684126 129.8932333746966
1633 139.2701761779728 111.7804000156972 132.059385045958
1634 104.7361472860176 121.9911398025338 104.0869043897914
1635 142.7086201028871 132.8273970497687 100.234613094826
1636 140.9913053521743 119.5675867292479 102.9111275967893
1637 143.5792061427503 129.0592385092764 106.9228114245629
1638 163.5189239182448 146.4281524327226 101.2038990277106
1639 157.1920184303583 142.7543155696529 101.7657087186415
1640 134.2064370023006 105.5926708286188 136.3621273395911
1641 138.7221222061458 113.0623065961643 138.0996385501991
1642 164.2795737314257 155.0639000752066 88.52796534035579
1643 161.4331967797601 164.0097582772751 136.4402179182214
1644 114.7802777939786 103.9390779721032 106.0490317545112
1645 163.0016478841235 163.8496884009054 96.70354016236263
1646 160.350583971456 132.8398830295738 95.67541973352023
1647 139.9580947948438 193.7255431430898 128.4777381348901
1648 141.7977319293053 200.4198192700598 91.83827092733063
1649 159.2664964186881 136.750391249605 83.20587365221769
1650 112.8989377329845 155.0838191218254 100.520895028829
1651 107.9081903228757 158.6280278544951 101.2364476324617
1652 111.7494640521908 155.9163537578621 106.7907524496369
1653 163.7749292565856 162.839895898128 88.79005431490748
1654 163.7102747961212 169.0454862623492 90.29714645541468
1655 157.0614156523708 167.9471236198316 90.88394522098977
1656 162.5355245206678 171.1211964081779 95.55843584624843
1657 102.7333175124427 97.59264741918206 101.2372842278178
1658 151.9732465030228 119.1706309258607 101.8256893149717
1659 113.1550684448014 110.0013655497503 106.2581864378615
1660 113.5957387609932 114.9080073305839 103.9403808486476
1661 111.0794810285077 109.456220478238 111.559474987538
1662 156.6190076888794 172.369808441176 98.52588629571947
1663 162.8329767503623 168.3372458566905 103.0906315187697
1664 161.8072585597358 173.6201523858375 107.8707385071439
1665 160.6130494358302 143.024291154797 81.60817229277212
1666 162.1799368277968 150.3590056300293 130.0976343803614
1667 156.9607526223068 151.1262218812805 130.2179990178553
1668 158.3525785375518 150.6734221212204 136.1649211782921
1669 86.1401928549114 131.3313943460603 98.86305491445077
1670 139.961420380977 107.5690776369966 126.4104975820429
1671 139.397034205636 104.8629399357047 120.7076760651375
1672 125.7770856169874 148.1930466768176 103.2403247368825
1673 155.842996782591 180.9277487722857 141.3250655706836
1674 113.5182177682584 162.4661263795073 101.5888128951542
1675 106.668255885219 164.7775435500569 100.1508935126184
1676 127.3614140190659 154.804320273362 100.4619453072114
1677 97.1178812314874 114.8106945726407 99.35754249847994
1678 152.382091433667 194.5355928017941 115.961764001881
1679 151.7486925289589 197.2759421842671 123.6246448048612
1680 162.6565534739881 140.2027014728225 96.06642826094458
1681 126.3868709344364 118.9134386209105 106.1023016036297
1682 122.1351631145145 114.9658585266511 110.6696822885013
1683 154.508941639487 182.4340706854831 76.77075334602819
1684 131.7196435104659 128.2050476401794 103.483052773337
1685 125.2755878967423 127.2139419913444 111.4513618045642
1686 139.3237517356628 136.4623954762004 107.5136409306865
1687 127.8805408549781 95.22071778068762 121.7710676437293
1688 131.9299373812853 134.050890914475 105.9176395358394
1689 163.5819328606842 149.6845770614059 95.28937083487232
1690 155.6224707001429 168.4585087892041 106.4177537934718
1691 119.9989937396812 155.6040418995081 107.6603741513901
1692 162.4368862569381 143.4120238627942 107.4388339065156
1693 155.4365513426645 144.7441403938354 107.869469963428
1694 163.7276226253997 150.8519762301395 109.9288597780863
1695 119.0974671635083 164.0234425120979 100.1434974947122
1696 107.1293498551747 113.9760568022831 105.1008112506188
1697 115.122082355337 114.9729432420306 110.1653353491714
1698 88.48310405530876 147.0294804633588 97.72508925026209
1699 161.9415169254616 157.0847917707571 95.9704157142846
1700 149.9602825851695 178.7621790517465 148.2420319198198
1701 101.3706156229707 138.3840753445046 107.1053988871955
1702 151.1620408496057 150.4578088419147 149.0028682322478
1703 158.5555648040384 155.281013848341 149.1297883910563
1704 122.7099653422094 172.450862859799 115.1809563624501
1705 160.2703446904759 160.9261603809991 104.1795607288705
1706 132.9480276922708 144.3366873786268 106.0301456069434
1707 152.9037843694666 193.5965990954157 108.0587664346117
1708 157.1598792090616 185.4986019064374 103.6797650851239
1709 131.803960240727 121.9588531170607 104.4471695055081
1710 124.1833169496804 121.2459773253449 112.0040448232486
1711 120.2923343999567 132.95159917851 107.5537312474825
1712 121.5983405986022 141.1050968410299 105.2219004300246
1713 127.7910698910278 140.3860955653316 104.1486781619201
1714 138.8395346216434 121.0415277222054 143.062518414266
1715 145.8459424254457 126.3519617750426 145.9907219184755
1716 144.3776077172391 119.5748194086862 137.5903229221107
1717 143.5689023347832 189.9545158073614 142.7091800049326
1718 139.0760547903026 184.4434262277958 135.7005214908056
1719 131.4364948188021 180.5532729645973 142.7989394482858
1720 133.2498418355844 155.6902931355193 141.4832241387884
1721 127.1943746480051 172.9539913608473 142.0741200274447
1722 129.7423771246696 176.7781334806628 135.1660681238478
1723 96.003314637692 135.8120755525352 99.91030622868905
1724 97.72883986046662 143.4410950051656 99.2089509507187
1725 116.489155091892 157.8954320946169 130.9718333440019
1726 113.4497715778506 164.5140749396168 129.2462363470149
1727 112.1896332460235 150.6996878027643 131.6342089842203
1728 120.5025515071714 165.4305188870216 132.5458163950673
1729 121.4336224670338 160.2055806346092 136.3823480457763
1730 119.2768759476069 151.7414271001574 136.004571787199
1731 119.8760799641493 156.3104582539253 120.9750557512615
1732 119.9001768272572 162.8599551014157 125.5703192996911
1733 106.8696311598253 161.34670836199 123.9233045863407
1734 112.8266046305044 157.0092434315016 125.1761857067405
1735 113.4688640314262 161.027009787555 119.2820993701446
1736 143.2308070293757 155.6341084779147 106.9327413836169
1737 151.468453707894 156.3426254284746 106.7444082337617
1738 149.7188175568344 162.8794863832716 105.450260468109
1739 136.702606960298 155.9417750228779 109.5326728258295
1740 133.8708733919549 161.8851810948958 106.2913245348158
1741 137.588324173029 149.6236691020515 105.5814910179633
1742 141.4952456881196 162.380777399711 106.1615643078597
1743 145.8532196588413 171.1063311936449 106.5515319419507
1744 143.5728658409011 147.5347785288618 106.0716035216494
1745 142.5854644847854 159.1215156689118 115.0294376854876
1746 143.8370283487818 156.2072150081769 98.79036297514121
1747 96.44817516576103 161.4012175677558 125.5891473155983
1748 101.1171278907849 155.4738177515659 125.0109539285367
1749 102.165507941529 161.5663302573824 130.8530170753977
1750 100.9190359466044 161.6891310649503 137.2291651006201
1751 101.1036790883796 159.3632264661649 118.447322021688
1752 98.66983768234337 160.2362565797309 112.1211097401766
1753 104.8913875466408 155.1844401569329 113.2675124662862
1754 103.1793951343889 155.1363334496809 106.3256513678369
1755 91.95753799327126 167.9891592015383 123.9328984171158
1756 92.8116012182943 154.7127045862335 125.5066843209219
1757 92.70338197193628 157.201029260261 119.0345558758449
1758 89.8340782033609 161.7122000372717 130.4948148034506
1759 94.40587708454723 164.8138000663524 117.9960617984781
1760 88.87218751358999 146.6325060935331 125.3779284903075
1761 97.22301053262859 149.3238634391992 126.2852743839702
1762 96.39331405338174 151.3513705673246 120.2365930371204
1763 90.137340349417 150.3277069266942 131.9134437589351
1764 90.69190335169732 147.521692157886 109.2732608526453
1765 88.24250811701218 138.9019266451673 123.4382760247238
1766 99.89834020298154 137.7847749505057 123.6818707531067
1767 95.30802981941765 131.3102769552813 125.1914981833625
1768 95.41538925755403 137.1942758705493 119.3887461655108
1769 87.99461872151426 132.5243103952432 127.3071307057605
1770 88.62790954839903 131.8228914276022 120.9304083920759
1771 90.30572343289001 139.9185736082192 114.4678414621251
1772 121.826997264169 131.5079850288811 130.8181569893819
1773 127.080137462339 133.0732822599805 128.7114313257399
1774 132.805654985559 133.1193518678394 132.4946204583334
1775 115.0434688990243 133.5410153151653 130.284350927042
1776 114.9549260174672 125.2540371308265 129.1731108063816
1777 120.2168275146574 140.3178832331303 132.1087571862775
1778 120.0522537317472 138.2871275472204 139.9770131716733
1779 121.6023899539125 123.7490072220222 130.4556499837092
1780 121.3941543492519 132.7758313368361 123.5153462238712
1781 95.62872982241848 163.0267447512116 134.9682605389886
1782 119.4400678376612 153.7055082600402 155.7516314216483
1783 126.4521091389816 152.093191364874 155.3383040140397
1784 134.0476631109665 156.8438601923017 154.0890511720835
1785 106.5699208726608 157.6296226545834 156.7347348818756
1786 111.7354372911997 162.5957994989338 154.7818560235684
1787 113.8457903337453 148.4365676457005 154.6144927128541
1788 118.6626662509497 160.1310582269381 154.7903700442509
1789 119.2076404439437 168.5096289388465 154.363473572709
1790 123.1876085381847 162.8988036818409 148.1027277413125
1791 119.6610755502153 147.8521172773046 156.3928696611071
1792 121.8276992706822 156.5404000706663 162.7542440428113
1793 121.5916877344677 156.1838896062764 149.750980159127
1794 90.09412804847837 161.8569658622027 111.7849787962054
1795 88.37277789199672 153.9973859470543 106.5625740317494
1796 88.99975531100547 160.5215298636153 103.1810907038305
1797 88.90370210529822 176.0533465869753 137.0803732729641
1798 95.59522191305818 172.0740497232416 136.0649144488943
1799 92.25546558655306 184.4708141473601 136.1317552416932
1800 89.45649221472621 171.9814793032509 131.0801447073233
1801 120.7419539339182 129.3084900799854 155.5003820087519
1802 126.9794308993325 132.1131252111 156.2708252195229
1803 113.7291328832051 129.3033698079876 155.5765065202511
1804 110.7294487744134 124.0337192090744 159.8782087986375
1805 121.4453849110485 137.2768793154124 155.0980509414187
1806 119.7685013325826 130.5443326683417 163.2827698542741
1807 120.3358795510996 132.2575708958662 148.5153068762318
1808 150.2981123493333 156.8175494214177 129.747958841064
1809 147.809219301565 161.5722043074207 131.0263930056835
1810 150.4270514926999 155.6265407435521 123.516987648551
1811 138.0068274830935 156.3563692734836 130.48504119583
1812 141.9768304748818 160.6940404229005 128.9941142353055
1813 143.1110771161749 162.9551504909314 135.3644374304907
1814 146.6729308069285 151.6390597810449 132.0799542289002
1815 143.9901718348044 146.0032632129594 131.4756317167133
1816 144.520229710172 156.5857461893756 124.7995952545657
1817 134.210666210802 135.3258183535895 172.3416431276108
1818 133.2581257097026 143.8025415989352 170.7703807610331
1819 134.5027324243681 126.4952241816288 171.9917950782977
1820 118.6585361376737 137.4637073007763 174.0198257449707
1821 116.5590318287763 130.249934028521 175.2783182597335
1822 125.6299787044626 145.6126403175647 172.8752039198214
1823 122.8926112355949 143.0702574326803 181.188509628838
1824 125.8753197164041 130.6670777824181 171.8964798411337
1825 128.519391616889 121.9172382731269 175.813144812396
1826 123.7981851140983 128.7220741466567 180.100967602915
1827 124.4038295022105 135.0827941702732 178.9325971876836
1828 125.4786141096185 138.7508215137063 167.1498252181596
1829 128.5059471549655 124.3455191585239 158.5945667380571
1830 136.856333358383 121.066783568831 164.3226942591753
1831 122.7478434043301 120.6403842175596 163.4489254853102
1832 129.1059828562491 113.8323909312386 165.2133445309726
1833 128.9912762204161 121.1764192220195 168.528617656537
1834 114.8106275814946 121.071325758903 164.9528829795521
1835 107.710052165976 131.0826114615082 160.5917528647561
1836 139.5949423814272 126.5396102426057 149.8164692122617
1837 133.2720878188256 126.2726057819046 149.2130465531972
1838 138.942073185008 133.5002512482193 147.2439411160535
1839 137.2628963766383 125.1846844676189 156.6561288070502
1840 136.9428086747478 127.9444395347089 143.1401546087313
1841 125.5820238421185 126.849272020995 151.4651159592329
1842 121.6842905326045 122.1396452971037 146.4583027254977
1843 129.5480246427645 132.5957827386988 148.7008027779828
1844 128.8593622479673 120.4934499738306 149.9745353667809
1845 127.2334567834935 127.9532819032211 143.3973842935551
1846 126.2306745700509 127.7065229828713 135.5212673714796
1847 133.2944731007356 127.3725504601766 137.2708795771152
1848 126.5985067043248 133.5808942761504 137.1366558590025
1849 127.8733137633197 120.1085058606146 131.1617590829964
1850 128.5415150652873 126.8915568073473 130.2958978074516
1851 145.2463800134349 157.1546871651508 147.0576081695055
1852 144.7337631863802 142.4187111439131 145.0948903026849
1853 137.6053638226292 156.1466965406056 146.7029745004969
1854 141.2083649330079 156.229312872378 152.7791672175085
1855 137.5869809351615 145.2628872549639 147.9732222108292
1856 140.3906787591946 149.8531029735032 156.0742416018438
1857 138.4480614695258 148.9967324552887 141.8192088424968
1858 138.2360339960412 139.2569414650747 137.0441456209855
1859 144.2054633948092 139.3787253883401 137.2996525287966
1860 151.2576904004823 134.6278187354596 141.2232481085388
1861 131.9804119460453 139.0884247337331 137.6452523603955
1862 138.0816090650789 144.6454686695373 136.0227380491922
1863 137.8558305109599 133.7326662708316 138.2598920751405
1864 137.9576910393935 140.1367895110558 142.4600044982859
1865 139.1090011399559 138.4651337064387 130.5671883909901
1866 141.3463865160893 126.6344771978888 137.8440298038788
1867 149.3876981147235 128.9587939153554 134.5093684083913
1868 146.4725017455856 122.1088051190009 130.4483814305792
1869 136.2415884415835 122.8393755167902 132.1524249391499
1870 140.4558196063619 123.146966140669 124.7554548917493
1871 147.1881450770077 137.8810965729541 124.839048473115
1872 144.8353959323218 131.4087549557028 124.7734045563285
1873 149.6169323271472 144.3069115438383 125.1708813810361
1874 151.021527088795 149.953458754847 127.1626320160028
1875 151.5968957300139 145.9090901718068 134.5735169000884
1876 152.7512792684833 132.8899176739679 126.1755962763725
1877 150.9328102382413 132.8644263806857 119.1126931676799
1878 148.4664058498586 138.0060816899694 131.4868108131619
1879 156.91996069966 136.2673581341831 131.5936409084275
1880 152.2807749652541 139.4439611305991 120.9203545484361
1881 140.7564418657948 143.2899120287709 159.5583821310531
1882 148.6550850138775 138.4013380274895 160.3355816878721
1883 148.442560872963 136.2600821844182 150.732028007233
1884 142.2354291933788 130.1695091559874 161.7608756899279
1885 139.7958583410171 137.7973453781962 165.7502776932617
1886 140.0114049092923 137.1150887836832 155.713317737564
1887 119.4007324491579 138.945651155126 161.2247365710018
1888 124.8042990982416 143.8920230077525 159.2649916153286
1889 128.4423166257154 138.0017117885119 153.0722773506225
1890 148.6747696251665 146.3905756901752 162.1081122969117
1891 132.9467492252526 148.9176222442969 160.3968531555779
1892 138.9590945189345 156.5687852964127 159.570080959758
1893 138.0753225224265 162.2203298981836 155.0212261793301
1894 139.2344349253853 148.8159331979717 165.4994342903964
1895 139.73922803609 148.5579595629108 171.9851761893031
1896 152.0382894059082 160.0043635299196 148.9561318502879
1897 144.4651310615752 164.6954788575518 147.0008949611545
1898 148.6681286664425 167.1355266871999 150.2042590654762
1899 156.2030307345877 166.7236905299592 148.6451901021262
1900 151.4110897535397 171.8023770183711 150.312083921804
1901 151.739204329905 167.9310608512593 155.984315198059
1902 150.7696345023653 168.2336955863243 144.4620984737693
1903 150.7394601589416 157.0917026067864 143.1358677900842
1904 147.7011576780033 162.4638665226597 142.0281880960325
1905 151.5044948135296 160.355899853389 136.7682205533526
1906 132.9459407539374 114.37675382674 150.2988438050184
1907 134.7712655935071 108.0606080728251 151.4504664566828
1908 122.2120619716105 112.9597086279855 149.9140218670676
1909 128.1660818433369 106.2389919617403 148.2953922110043
1910 127.336497872788 107.2836409058749 156.9257439766843
1911 126.2703551347292 115.5592908239634 156.8982685241529
1912 126.5993134890822 114.7290783123411 143.8252286979972
1913 119.3400825046319 101.9940433512844 136.6912047319522
1914 111.4448129731428 109.8600235977021 134.2624624291778
1915 112.7493015768741 101.0681317582788 132.0475515262723
1916 122.5503096491767 115.8172821527762 135.8052648079995
1917 131.7559058266756 114.4856083114224 137.0217101333517
1918 126.4761127032075 109.3789624781358 132.1173667289815
1919 125.4914683339012 103.4435246619311 111.3991994247763
1920 131.3279131162313 100.237838436554 111.8853195508771
1921 139.1851154673829 101.583685574541 111.1864820813424
1922 133.0275016494217 107.6284313814549 112.4909694845487
1923 133.4665819999473 99.13794809384721 119.9809650216836
1924 119.958202748327 104.1783977236932 114.6181610796433
1925 115.4196868753907 103.5254311584438 112.148972641973
1926 118.7233164811898 109.1930101824545 111.3498590354762
1927 118.9519043806746 97.57948858680362 110.7164103935562
1928 121.5719241994652 103.8915383430964 106.3101203441804
1929 124.4931390405453 109.0522727055936 113.9021753899906
1930 127.4281233354572 94.34141949696195 114.1527016107148
1931 125.9887438865888 95.80593321273756 105.5880543222628
1932 124.7036024949701 101.6572390715688 119.6198774952706
1933 128.1088673915653 103.1985238317046 105.6492934255222
1934 125.8480023695338 176.1731609139464 171.8391513831778
1935 137.0145341439896 175.2432984378667 168.1134312097305
1936 132.5133227436544 182.4000250590327 171.4190847601417
1937 118.4297430264692 174.7574151610048 174.8960622969358
1938 123.1142130697744 182.7824617653391 168.3844075737564
1939 124.6198818736782 169.357893518768 173.7677805245737
1940 125.7699151142168 175.2630200227391 186.0066864297374
1941 127.4647043366996 174.7518200079597 165.7257617772302
1942 115.345992587399 161.7421290458341 109.1449018177194
1943 120.0653657198121 160.8284657632311 114.0796482354695
1944 126.1869964507266 163.9918880548521 113.3197887539287
1945 114.7033519033068 168.1187577368337 112.3770696242826
1946 113.8021731000812 154.9200186760583 113.4824323938732
1947 116.882786021536 173.8216323642719 147.2328955033884
1948 107.9002408882634 175.0817856617477 147.4587486176497
1949 113.2801561053083 169.0917357391342 148.3314537934089
1950 113.6330098223509 176.0965174737769 152.6965400595488
1951 120.430763475926 176.1018842131846 153.6813654849973
1952 113.9821842131593 173.8621273873433 140.9718969588742
1953 102.8126746853883 149.1243999732775 126.9125080303614
1954 108.2339440528114 151.0616613012907 125.2747111927406
1955 102.8402713194886 143.7315674517309 124.7196270450358
1956 103.2847700061886 152.2366121417782 131.7407033359478
1957 102.9579729009641 150.1584679643832 118.9068661033873
1958 97.93425882298371 151.8567474364779 137.2836009799026
1959 107.7386227663717 150.9395951475746 137.9608107679567
1960 103.8040607380393 156.6911276436197 137.3308036659373
1961 103.8316081455903 145.9205997054255 137.6355899298287
1962 100.9637569043273 150.0909025759752 143.5167683808845
1963 102.8863134564799 150.2430809192615 111.3719196156415
1964 108.4625577310496 148.7468534286356 111.195724434419
1965 101.9288144270177 144.3565724180862 112.3634301396666
1966 102.4418459744566 163.2267782876591 153.4493409521125
1967 107.9304437144638 165.7428072039635 148.9680248779265
1968 107.5074005520754 158.3196551312121 149.9076000208722
1969 95.87960673734082 163.0098722498188 148.6132341231412
1970 93.60284957628596 157.5696108839792 148.9891640895656
1971 101.402129255631 169.3326526675967 148.8460175090036
1972 100.7375533832094 157.3274716314108 147.6654325038266
1973 99.28648055683077 156.1518961062263 154.3965217682704
1974 103.5574650727686 163.1076840414839 143.5861899194398
1975 101.1033674280011 174.2765222056225 135.3689341437251
1976 102.6536995718517 168.2651020618562 135.5202051007809
1977 101.1688558171137 173.4038552519728 141.7479648826915
1978 100.1350158856014 175.0803306343187 129.0966449406447
1979 101.4605223184863 175.1158074370436 147.7588209207618
1980 94.72308286401902 175.3082442299706 149.0058862164357
1981 137.6397872964121 174.6890306116051 141.8036177308216
1982 144.4781657401865 175.3845862992499 136.6071960603283
1983 138.0992620901467 168.8287230745594 135.5620534729271
1984 137.9827113421602 176.3092889252386 130.0226183302447
1985 131.7152861207559 174.0400639851863 148.4491414429202
1986 126.9152505297893 168.0547100792405 147.6429341876449
1987 107.7942667272926 162.9359071335784 136.6787883182976
1988 113.0283212230181 156.5251271577569 138.0480433466281
1989 111.697218487818 162.3068065847729 143.384567601522
1990 119.9028842950559 158.5180049946608 142.7231836582719
1991 132.62646951649 173.2551139359405 189.1123906872192
1992 132.7043081527485 174.2415068025588 182.9392691150086
1993 139.1965996652644 178.3273527732344 186.0661060591431
1994 144.8968754883142 172.5548580071282 186.1000373873469
1995 137.6594940974246 187.0316808120904 182.7076420422664
1996 138.5207319403629 169.5884553287653 183.3586129397304
1997 139.3440934489031 176.4272208852103 178.403960298223
1998 124.8773156792444 162.9889758722646 184.5171479617547
1999 132.0115389694699 163.6411333018275 182.3584517794147
2000 139.0329444528063 161.6046506215066 184.7879532620279
2001 118.7088807314701 159.2318830087575 185.9574307163219
2002 127.1184079990523 169.377176166988 183.5801529653037
2003 127.7530165163098 156.5294512169461 184.9909527926911
2004 125.6697220306202 163.3419247628459 191.1105727963483
2005 125.140113929567 161.8970939649633 177.9269758562291
2006 140.5245013760576 162.1692267794423 170.4673294114723
2007 145.3318777400973 162.5492926233473 173.3729641613847
2008 147.5434488237447 159.8883570358724 167.4192048371515
2009 132.9081555229326 163.0544270600919 171.1138746351934
2010 141.556093042572 169.4855469716052 172.3896146983853
2011 138.3510258559247 168.0486885629492 165.8416664135784
2012 135.8108110255196 156.085286523797 170.8635802897121
2013 139.3011162967987 162.8685258111875 177.0122134043871
2014 139.5105677722501 159.3298981845509 165.6223448405104
2015 145.6078006984098 171.1994889976049 156.1599865990709
2016 152.9016477559674 173.3330978179436 160.9323796464486
2017 146.887154013084 179.7435299999848 160.4642239391421
2018 145.1999194856489 167.9667105958567 161.7669167542356
2019 146.4919567716177 172.9624296269067 165.9726378850771
2020 133.6907940143826 173.2659710549108 160.5535976066029
2021 137.678422845623 181.2444888940641 157.5048578135981
2022 138.570856016197 182.5985343044471 164.2954962078529
2023 138.6640118444602 167.9299329258743 157.8371549579054
2024 137.3666707868518 173.6191064072781 153.8311448157221
2025 121.452098739006 174.4564531519949 159.7447269474204
2026 125.6945005687538 168.8025752347901 161.0299596719854
2027 114.7042787445794 99.47609277864902 126.1888699252779
2028 107.067617850557 101.5705893489032 126.6429478404919
2029 113.2166444634572 108.0598283301292 124.7342559907299
2030 110.9586502540627 95.44814255735922 119.704809484659
2031 126.0869436961782 162.8912268852555 124.9826032335941
2032 131.4906754851739 162.468279483947 123.8209746753329
2033 126.2592237085588 171.6976468841509 125.1740859276755
2034 126.7275037116176 156.058634603883 124.1736224631875
2035 127.4802146103701 162.1924312112536 131.1671492580995
2036 125.5559711969105 162.6977670204813 119.2026522159617
2037 121.3081472489583 148.6925368654184 123.332581751908
2038 113.4896820521276 144.8398223049547 124.7167067046318
2039 113.4829980602988 150.0131921951593 119.1875412996092
2040 111.8247099797785 161.1999801073294 173.7403141800418
2041 118.6585849530924 162.8397618541718 170.6810945108015
2042 106.2789964727909 158.3059946890143 171.6214206087165
2043 114.7175216789125 154.7021198706512 173.5510762362887
2044 113.6138460766282 159.3541677137696 166.2979276597309
2045 99.38882184947629 160.2399934911461 160.7278112542985
2046 98.65515440877863 168.666858038968 158.9735983424748
2047 104.3024686781625 154.410669841433 162.9721365475207
2048 103.3233661045739 98.77418395467325 112.9463358984193
2049 108.7846135352265 103.4632425081402 113.5584211353763
2050 103.4496946970282 109.8611717058611 111.6619432781545
2051 101.9091500859503 102.8512738964944 120.0465782995463
2052 107.1343055654296 104.6377444743262 105.3457459633216
2053 102.568925808147 116.5906206399677 111.3118147578674
2054 108.9526239738628 118.2654019484898 112.8129292120426
2055 97.05363121178455 112.9615300320829 116.5105511667647
2056 100.1202743342226 121.731227166684 113.9879076638066
2057 104.5468264090877 128.0991434716969 109.4953810506915
2058 103.0606795100707 110.4586029662556 125.3037549840761
2059 108.1131346928569 126.183344840497 119.4576051633296
2060 115.2386923616623 133.0231944319135 112.3852113964578
2061 118.097117332783 121.0826452223592 114.2311629599077
2062 114.1759725824224 120.706725178188 120.6143217951022
2063 115.1085841023005 127.6335075137463 117.4463708834187
2064 89.11520167348709 127.6690003525351 115.2441705868548
2065 96.71291246945262 128.2759626067196 113.3855355676739
2066 94.54406360834811 127.0888363021419 118.8396057716593
2067 95.60590428758753 124.9663907384012 107.9564310690803
2068 89.7192293864687 131.9274963009302 108.2644442990292
2069 91.0450470720516 120.7437935122291 115.9444065631398
2070 121.6665383091044 114.5536461161587 117.2460921720679
2071 126.5319825737413 111.558923459799 123.8235252442927
2072 132.3699244369523 105.8981709338248 126.4532855144594
2073 136.2742529317275 112.4277376697998 119.7435610635175
2074 125.8496500677608 119.5607469348348 121.0357432087299
2075 113.5784649497165 126.2490826433757 122.445244462436
2076 119.5394313452726 125.7872346265678 121.8751562670222
2077 107.9723046167927 126.2775168690102 126.8287559414312
2078 114.0017527454128 131.6400129505396 122.4042898033933
2079 114.8359547639582 120.0881167115408 135.2318369819433
2080 100.327936751551 112.6484546508183 139.2651789658651
2081 107.3977548712557 119.0133227550217 140.7273106075392
2082 105.8649379650128 110.9359464417018 144.603144158136
2083 116.337714521835 115.0065205588025 142.451368812911
2084 109.9081812291074 128.5962584297846 137.5664926480088
2085 101.0873905777938 126.5958983953005 138.1491681660295
2086 107.5215047313887 124.239479004856 146.0001572361097
2087 114.8333236341195 123.8190950020428 143.2620960821841
2088 113.1722002453146 118.2784320425691 149.8008981996888
2089 110.4010264858516 115.9783942309623 158.4011917901509
2090 115.5796262088587 161.1803398837078 159.8030583138374
2091 121.1944315614052 163.2459336840002 160.8601264556158
2092 113.6827332933885 153.8350121142591 159.9601965751558
2093 126.6685850890843 162.1244233173152 161.4110018089358
2094 133.4386109226519 163.687483603545 161.9211406628733
2095 125.3996022844965 164.6135257051013 167.2168295239136
2096 120.2863970248077 149.7076569083757 161.7217969119393
2097 108.3229271919685 146.6818863004553 160.972328112469
2098 106.3139055664892 150.3093948063616 155.0280725379477
2099 114.7016976352904 143.7138666773348 160.6610812338689
2100 113.1819941606686 148.6852908301159 166.9380342653195
2101 126.4026433372333 150.8249784668326 161.2091377499734
2102 126.0553791216026 148.634937585167 166.5159493421979
2103 111.0520033000214 150.8884530087195 149.2077910760098
2104 119.018370742571 149.3210500812067 149.9676990511825
2105 107.6657514570159 146.0790070449488 145.7457638514271
2106 114.2994580388032 156.6572809252018 147.8591585672423
2107 114.2937378629306 144.3169675352456 147.7010261326638
2108 100.596056996039 135.6875913296449 149.0713846693068
2109 108.962691612135 137.8003597486797 148.3404593225929
2110 101.8441152455594 145.6308965861403 149.9801279438522
2111 95.58450765903999 144.4502239389161 148.7821668375989
2112 93.89642678934966 140.2140278650422 143.8415476421211
2113 96.18759141135342 131.813041592212 144.1698291336291
2114 95.27929187259444 140.3434437403355 136.5621555854512
2115 115.3817768545062 138.231191968107 150.0351837381456
2116 120.5875428135783 140.0833745850137 147.8746761864098
2117 112.0989358595261 131.0786562132621 147.8018018250293
2118 114.1853013601907 135.933356821211 155.7881756607426
2119 107.4565672935733 134.0936241142945 153.4594142587343
2120 112.8146535618137 137.3696553785612 142.8356416882047
2121 114.9666355724435 136.7660500314445 136.2049019684189
2122 107.8762718308088 137.9760990729424 134.8617173617261
2123 113.5959013498309 144.407644684799 137.7867756300687
2124 112.7812957404954 141.3680584554714 131.0788478946111
2125 101.3422500214606 140.5726170549511 135.8679429538417
2126 103.3186157359575 133.8640318636658 138.5611703317996
2127 95.76895633218933 134.258817881244 137.943438282283
2128 99.9197321619871 137.2986664947556 130.6367518363137
2129 125.8666304677617 151.3759066656118 149.3798060902929
2130 128.4220805852556 157.0238307292602 147.4916342778796
2131 126.3998114855234 144.8021975901474 150.3134007232081
2132 125.2723868223597 150.9783218152234 143.3326151427677
2133 139.819386668457 161.1848539174644 149.3106876019728
2134 132.7105165841493 162.1566655636776 147.5154932363123
2135 136.9001520302229 167.6214314701465 148.4947231201898
2136 138.5812740018409 162.2557162545249 142.0685419633938
2137 139.8888042589611 151.4525203135277 134.5238516615211
2138 145.3160759529049 147.5051021719981 138.3642804383681
2139 132.5484662146442 150.023344926707 136.2427348485461
2140 138.0442965060858 157.4985166351804 135.9277104073626
2141 136.8024715038038 148.7532380574289 129.2027944595645
2142 90.43135927571353 139.0759638593735 95.16160607785132
2143 82.5585273221662 140.130084778144 97.63346192305026
2144 87.60359365904299 138.7345121841017 105.5571532547105
2145 104.7899317522845 119.7364061736549 132.6769603340167
2146 101.993899099565 108.5450882855328 132.7687673584134
2147 102.3027362456652 119.4920344401871 125.5283981200251
2148 100.5789218388908 125.6587642852746 126.9352979590868
2149 95.47043120727911 121.375348182323 123.164286661586
2150 102.5108768751878 131.2602050495336 124.9598077362129
2151 100.7562199784183 132.9215782305247 119.8617409449633
2152 101.0738798437148 126.2574771273785 119.2590263294516
2153 96.94451296158168 114.2945514069845 131.393448297641
2154 94.54311391598762 113.724429226707 123.8691575901344
2155 131.8407906587674 150.7258895016767 171.171573046029
2156 119.5513659606581 148.1626339191366 173.4727808521354
2157 125.5064303553814 155.5626707331714 171.7129746074071
2158 126.7440485953767 151.2348922199466 179.0886439951175
2159 101.9678197021534 138.9919145592408 117.5400942927094
2160 107.3065391617103 139.9668675558589 114.2671804144867
2161 108.2516643174539 138.7355085059629 106.9312839691047
2162 96.10292470231937 138.0442509509157 112.1556965948385
2163 101.5388961841132 133.7447612121478 113.2668691614759
2164 113.4748012989509 148.2021895608895 173.3089991856361
2165 106.8159851321366 148.0369190169443 171.2459760220885
2166 112.1958363330266 141.647229336655 174.0798428474668
2167 113.4079641204529 147.7586285150799 180.1607660616243
2168 112.8295322726471 136.3145421942597 162.4218327302177
2169 105.0855617711882 138.3202392352621 160.1810365955039
2170 115.819442353751 138.7842857602104 166.923793630222
2171 105.6650271392058 126.107577534521 153.9113604606086
2172 147.9537815546174 130.8718405773504 155.854213846158
2173 94.7353116685078 169.4000970708638 152.892210117179
2174 127.6518714670263 162.7941245603261 141.3375030795715
2175 83.21276127720509 166.3320236492063 100.4123758811396
2176 131.0544560095212 146.452782868694 177.5701878726578
2177 130.790195670687 143.4702475369625 185.9892040194027
2178 137.7938299472739 150.6944122334206 177.1907766914065
2179 145.4013727813044 148.8975728337563 176.9338418252557
2180 141.1369770567298 141.8795244848755 171.6977724500667
2181 137.7292538585037 173.7039225006935 148.3242266424665
2182 144.0477128079241 172.7289517523857 148.5845478981124
2183 138.5848607826197 179.5099189360059 149.0795350442066
2184 137.6843518078784 115.1723348241083 113.8953486506629
2185 148.0211441909619 114.8994507911592 116.9342118719734
2186 143.8565954760269 118.8170269867929 110.4732878388726
2187 143.5446047537591 108.0916806075907 114.0036536385145
2188 144.2732704733077 113.9890903933994 124.0977353032241
2189 130.9887327622637 122.0537994044118 112.7103715078695
2190 137.708046124994 120.7245784672729 111.2132910584431
2191 135.9493703401619 120.3318415526257 119.1289855492754
2192 135.3163072863976 113.8095112238433 106.6290084282626
2193 144.9560084251164 186.7124170928633 157.868415133847
2194 143.9256124242738 178.7271840421971 165.9987141923949
2195 154.4760227790288 172.2757454115751 166.9534758666188
2196 154.4603555533303 175.0847356549469 138.0295951459688
2197 156.4242763575726 167.5111554342221 135.8149718066732
2198 148.3465523134643 182.1879304456005 139.7861898539276
2199 149.2757053020993 168.4126147144132 136.5940447326262
2200 146.6271044006809 168.5273721633455 129.051616016331
2201 149.1766506360521 174.73682394422 131.0298890062323
2202 97.568126914494 157.5621945244742 141.7265515569013
2203 113.5682890115737 150.854402127861 137.4138437878673
2204 145.0866503023764 161.9022553372068 159.3226959118871
2205 144.6206296448993 165.2226539050042 166.7700715738333
2206 151.3378315722709 167.8721660702877 171.6423679100353
2207 98.67590301219273 146.0439181347481 132.1442922221042
2208 124.942983289219 138.8954930795956 136.7709709509322
2209 124.7356492567845 145.0171399930084 137.0645244297515
2210 126.3662174629662 137.7536551797239 143.7275903027754
2211 126.6880006882018 138.6897302700058 131.2860969682623
2212 114.8652836284775 138.3645003242345 126.0081758947145
2213 121.1108210897033 139.2064389819515 125.0371748998293
2214 107.6113708758356 136.6435444967111 124.46285857322
2215 113.7986379724992 138.7078604939986 119.1586354369757
2216 132.6738962480703 162.5547592803197 136.5240370925984
2217 127.2941193605654 168.3680302544316 135.6629791848194
2218 126.5933480133741 155.540757640612 137.1758875060507
2219 100.188590148735 142.4857094271269 156.176708554203
2220 109.6652216778887 143.0251656496972 153.8035119705355
2221 101.7040265575447 148.0738025584538 163.7139030014956
2222 121.4387918070637 175.4140533139911 134.8356888605417
2223 113.7424836795695 174.3824257074312 129.7866249162005
2224 137.8383905754228 162.7424493759285 136.2185850958305
2225 136.1351137125318 162.4722094301641 131.3535567615702
2226 149.1104141441558 162.236217638838 124.3501936949809
2227 154.4545807191937 154.7442726312653 126.6270358137047
2228 155.2994948617478 162.1129389124829 130.731960415509
2229 143.4443305077408 163.7151497863182 121.9905462326349
2230 147.0245532317629 169.3132533747921 121.4700048319239
2231 148.944391989233 163.3144592860943 117.7742441157722
2232 147.9075963265726 156.5238024658383 118.6027247937521
2233 148.6787010931558 175.6891376530949 124.3302797115454
2234 154.592362482671 173.5936791481392 124.6589491196248
2235 141.5665324001263 177.4623388194178 122.634085646768
2236 150.6508223882435 181.4681980300093 121.869988272603
2237 148.2258550276436 175.0741516367841 116.7279622460969
2238 114.8372869499555 145.3222497853406 112.5517902831083
2239 114.5834525049667 150.0568074565778 108.3412387730377
2240 125.2952338537648 163.1466042193385 98.63645992880021
2241 131.6455002945028 161.541737469628 98.97381094345452
2242 123.7215212720711 174.4402422685955 104.7406520917921
2243 124.2264703127149 162.3635007903883 106.7220991835233
2244 121.6265079379044 90.01347399966973 103.4458778168832
2245 120.3134188796986 98.86341070184717 103.3787985914208
2246 114.7306037674463 97.37899081370553 103.0015094399679
2247 109.825211859305 95.72133738218766 110.3123463266871
2248 112.9902332713072 138.7051466337564 112.794182347382
2249 114.8106600452991 140.8546512335834 105.4250525108265
2250 154.3385428589525 173.960371561109 111.8765734607582
2251 140.5526463047709 179.0777663727701 112.7965187136746
2252 150.0507474945593 170.1958175421486 100.3786463844801
2253 121.5538865869683 186.1766142649866 176.8366680933972
2254 130.8621345201451 195.2182049614026 189.4867937536508
2255 145.7393817324159 156.9866647694011 178.3156064311085
2256 146.1809528908305 143.717490021831 153.0117590582389
2257 133.3438309202294 138.8165537372258 147.8479704278457
2258 139.8717536416313 137.4771602167631 123.3446490797673
2259 132.2475920318087 137.6508777319437 125.3576579739708
2260 137.0053757894583 143.6096125557412 123.837081931461
2261 137.0038349367582 131.097942169877 124.4163617903592
2262 135.0608119217272 138.4066403990001 118.4554673152429
2263 150.606399772703 150.2037632699573 142.3993560829286
2264 153.4849400194321 142.0138904054318 144.2399354003866
2265 150.7213175981371 139.623050633225 113.0153372245587
2266 157.1552542570961 139.0139077969343 114.3918668709968
2267 159.8615350471015 133.0380537371545 115.5753534508863
2268 144.2853130230007 140.8245478052744 111.2126897394063
2269 148.8356169945356 144.4432268686995 108.3531682945292
2270 149.1978221983706 132.6426626753823 111.7869622714431
2271 153.0855877218149 123.5773602269432 115.1811275566965
2272 150.6639796084569 132.7041322786177 104.9691504189462
2273 146.9364520514892 137.1551603882458 106.3731124979916
2274 147.8926643880393 136.1517235766854 98.27045928440455
2275 157.3432243404998 169.174421248943 141.6669174501782
2276 156.7441116538644 162.2408194112192 136.6380860390908
2277 159.2121964125438 157.6259161183452 137.0393374335264
2278 120.0809850555959 108.4554432096028 119.6844010663631
2279 125.4090247290241 127.2137837790266 125.3077887174832
2280 131.5493749158584 124.3755159441699 123.6956955544841
2281 129.0465236478707 132.1893424370673 121.4050904339732
2282 126.0008695278028 126.7217083316249 117.7563596914058
2283 136.3986226272087 125.7259281447093 113.7857218592792
2284 143.0092317586583 126.2355973820933 116.0564755345812
2285 131.8080103086974 128.2842811724381 110.77345873154
2286 133.9711586885749 128.2398251085296 118.1983233335178
2287 137.8113496627291 162.2046986062241 111.8282678666509
2288 131.5686085140969 161.4412320205872 113.1244459758801
2289 134.781375690056 172.4172228276276 109.3930283640902
2290 136.51528550329 155.440065248012 115.5945594619185
2291 137.2929778151677 162.0117468381592 118.7890809776231
2292 125.9852326407509 150.4941910715829 109.8924200391612
2293 132.1800813795141 149.468394963915 112.6450404512793
2294 126.9190497166667 155.895023552795 113.8574309980941
2295 125.5900621295412 144.500784540901 110.9987952442888
2296 126.0979703918392 148.9990816122324 117.8381547974659
2297 119.4759505516399 167.6468128118033 141.812526817394
2298 151.0866816062425 155.480440165563 97.22783681206641
2299 146.270734751889 163.7899062402159 99.22199300387322
2300 148.7348414895659 144.5009931763481 98.45682573808409
2301 148.9435505233527 150.6065616669779 104.5006109413581
2302 147.1165179932986 173.6084865299368 88.79087907342584
2303 156.5106690979126 175.8784213755769 88.39205913017129
2304 138.8205911427214 173.0741661605377 90.43492316982903
2305 144.7973341849026 180.9084034760905 86.90253345068209
2306 148.9543663854802 175.7361716027179 95.35187477187436
2307 150.6725736865133 168.5849970494511 93.66215851725346
2308 130.3127017541299 171.6521496418032 95.87609826101937
2309 142.5863548908183 168.09100621561 94.64453060821361
2310 149.944374612498 184.5204158999626 99.22365059259398
2311 139.3284597424215 185.7609903872605 101.6373463240877
2312 162.97484873932 146.048961878957 88.65941126242578
2313 155.7152846353283 144.4454753404968 94.24433075269803
2314 150.7348584061667 130.0753934738766 94.79121739382467
2315 156.210682531539 130.948220281161 101.8163473524476
2316 155.0638292565072 137.5894560856412 99.38693190970328
2317 138.7197306627547 138.9657070419942 113.4186226184527
2318 132.1358122876371 139.595130658799 111.7329550353073
2319 138.1026285319855 144.4435447397718 111.9471967544643
2320 136.8477134772992 151.1061738741041 98.61996502267797
2321 137.6453867162259 150.4026787892154 112.4456369865411
2322 143.8948731025144 151.0254058256739 112.6741156624686
2323 137.7468582368254 148.7301621336082 118.9143897333235
2324 142.8987899517221 149.8176378879887 125.5726082190624
2325 130.9624881182292 149.2756799483326 124.4045714524827
2326 136.9580638118256 155.0246025978787 124.3397379677526
2327 160.3170533168194 150.4159848525366 81.89995256065646
2328 95.61014736155821 158.1721895322886 105.4412490357191
2329 137.4705148471361 162.0809187339644 125.3496199917718
2330 135.479840824524 171.2011692999454 120.8808051002113
2331 155.6721136899558 163.0807170706962 112.6836349230915
2332 157.6774120150233 156.5252898392369 111.4130997541662
2333 143.5924614761882 109.6889278249322 102.832385525786
2334 151.7190626760351 115.197250560038 108.6804738832102
2335 125.5566146807968 138.0444320940509 110.509857292016
2336 126.9185215655382 138.8245152465601 118.5071346261552
2337 126.7481706192696 137.1383081783045 124.5013122188696
2338 126.7116147102645 143.5237172366645 124.9785355754781
2339 126.7051832203347 148.5877579618663 130.6317629101667
2340 125.7772581453205 111.153352502922 106.1268921319948
2341 153.7969916081692 170.2497760154318 131.2730633155271
2342 150.5113316041097 190.8291744747493 136.2583079938578
2343 149.2626603958145 182.0656112805169 130.6964158240751
2344 157.364952501722 189.2919029941388 131.5950037549603
2345 155.9983421155123 183.3149560382268 135.0003397594999
2346 158.4911152037634 181.9459867251771 126.2833073830948
2347 154.7418551603153 151.3179836257887 119.9310608417598
2348 146.2599071058901 148.9875853665495 120.318537623278
2349 155.8175222988416 149.9679567078711 111.3052278339073
2350 97.24198198198781 133.1102975080937 107.2781268060845
2351 134.2872661913367 104.6153551964033 103.3796824192974
2352 155.3255031208559 124.8386538750365 107.2040140840008
2353 148.5145280660493 124.2839761473979 107.4258640558386
2354 141.9362641416326 176.6699091772315 100.0862708394786
2355 159.8443140055074 179.7123343923938 110.8652136006358
2356 89.50424631442105 189.2827001695026 136.6828664126165
2357 103.2429233806494 187.7935383993401 165.3492158510206
2358 84.08373371148839 176.7891526561905 112.531867861202
2359 131.8064292154951 202.6637907105958 191.251624630895
2360 87.14522972225626 185.8155930687506 130.5947313179148
2361 154.7218845568606 188.33024536917 71.87979837520601
2362 131.3979481738018 196.6548013279789 81.68624382096795
2363 133.4288495108788 200.7785351282844 74.47742116308179
2364 85.54777981617517 179.8003678198932 118.3857301964075
2365 149.2073064090357 106.5592824164947 94.7618934462982
2366 144.2574360099572 197.8287887682877 70.91060017551882
2367 136.8163879771615 200.5893286218855 84.54984286542999
2368 94.10171289834967 190.9467073042912 148.5198524837337
2369 99.50366515229365 190.6910372994561 159.4921462319705
2370 147.1283811154951 192.296312027251 75.32535577549402
2371 152.8459220576924 112.6177480596762 92.03505172640864
2372 133.0152914750525 180.3774070800465 90.71353907372665
2373 144.8362040045067 102.1154519219387 96.74857674281319
2374 92.26939029483236 190.16529270428 142.491376811184
2375 138.6706881729061 200.4335134573642 69.15096900355702
2376 87.51189572550051 184.1968254284653 124.2749122239592
2377 139.1983350447725 98.8255341471304 99.02962552630429
2378 132.8632254299529 202.6097214478387 182.8502369586188
2379 129.9825461396875 180.75064612592 101.2149734455722
$EndNodes
$Elements
12664
1 15 2 0 1 1
2 1 2 0 3 1 2
3 1 2 0 3 2 3
4 1 2 0 3 3 4
5 1 2 0 3 4 5
6 1 2 0 3 5 6
7 1 2 0 3 6 7
8 1 2 0 3 7 8
9 1 2 0 3 8 9
10 1 2 0 3 9 10
11 1 2 0 3 10 11
12 1 2 0 3 11 12
13 1 2 0 3 12 13
14 1 2 0 3 13 14
15 1 2 0 3 14 15
16 1 2 0 3 15 16
17 1 2 0 3 16 17
18 1 2 0 3 17 18
19 1 2 0 3 18 19
20 1 2 0 3 19 20
21 1 2 0 3 20 21
22 1 2 0 3 21 22
23 1 2 0 3 22 23
24 1 2 0 3 23 24
25 1 2 0 3 24 25
26 1 2 0 3 25 26
27 1 2 0 3 26 27
28 1 2 0 3 27 28
29 1 2 0 3 28 29
30 1 2 0 3 29 30
31 1 2 0 3 30 31
32 1 2 0 3 31 32
33 1 2 0 3 32 33
34 1 2 0 3 33 34
35 1 2 0 3 34 35
36 1 2 0 3 35 36
37 1 2 0 3 36 37
38 1 2 0 3 37 38
39 1 2 0 3 38 39
40 1 2 0 3 39 40
41 1 2 0 3 40 41
42 1 2 0 3 41 42
43 1 2 0 3 42 43
44 1 2 0 3 43 44
45 1 2 0 3 44 45
46 1 2 0 3 45 46
47 1 2 0 3 46 47
48 1 2 0 3 47 48
49 1 2 0 3 48 49
50 1 2 0 3 49 50
51 1 2 0 3 50 51
52 1 2 0 3 51 52
53 1 2 0 3 52 53
54 1 2 0 3 53 54
55 1 2 0 3 54 55
56 1 2 0 3 55 56
57 1 2 0 3 56 57
58 1 2 0 3 57 58
59 1 2 0 3 58 59
60 1 2 0 3 59 1
61 2 2 0 2 397 398 318
62 2 2 0 2 91 632 342
63 2 2 0 2 318 432 397
64 2 2 0 2 374 605 567
65 2 2 0 2 342 632 89
66 2 2 0 2 17 63 18
67 2 2 0 2 68 445 410
68 2 2 0 2 410 470 68
69 2 2 0 2 301 462 299
70 2 2 0 2 460 478 138
71 2 2 0 2 94 421 93
72 2 2 0 2 152 374 155
73 2 2 0 2 29 394 64
74 2 2 0 2 6 80 7
75 2 2 0 2 315 569 312
76 2 2 0 2 81 369 95
77 2 2 0 2 342 565 91
78 2 2 0 2 87 89 88
79 2 2 0 2 55 448 56
80 2 2 0 2 357 363 337
81 2 2 0 2 85 87 86
82 2 2 0 2 339 414 408
83 2 2 0 2 87 88 86
84 2 2 0 2 462 585 299
85 2 2 0 2 317 432 318
86 2 2 0 2 155 159 158
87 2 2 0 2 487 553 351
88 2 2 0 2 286 532 422
89 2 2 0 2 189 468 188
90 2 2 0 2 27 267 28
91 2 2 0 2 105 191 107
92 2 2 0 2 118 484 125
93 2 2 0 2 69 369 81
94 2 2 0 2 89 90 88
95 2 2 0 2 127 537 393
96 2 2 0 2 420 516 340
97 2 2 0 2 223 631 430
98 2 2 0 2 55 610 448
99 2 2 0 2 30 64 31
100 2 2 0 2 152 605 374
101 2 2 0 2 468 532 233
102 2 2 0 2 16 487 17
103 2 2 0 2 530 604 79
104 2 2 0 2 408 458 339
105 2 2 0 2 346 552 531
106 2 2 0 2 416 604 530
107 2 2 0 2 188 468 233
108 2 2 0 2 205 631 223
109 2 2 0 2 639 641 93
110 2 2 0 2 105 107 106
111 2 2 0 2 376 478 460
112 2 2 0 2 72 431 43
113 2 2 0 2 42 72 43
114 2 2 0 2 89 632 90
115 2 2 0 2 567 605 364
116 2 2 0 2 421 439 93
117 2 2 0 2 422 532 324
118 2 2 0 2 395 409 64
119 2 2 0 2 413 548 490
120 2 2 0 2 373 572 486
121 2 2 0 2 85 86 84
122 2 2 0 2 328 483 216
123 2 2 0 2 17 487 63
124 2 2 0 2 63 401 18
125 2 2 0 2 395 509 262
126 2 2 0 2 164 387 231
127 2 2 0 2 320 432 317
128 2 2 0 2 374 567 375
129 2 2 0 2 295 425 258
130 2 2 0 2 216 483 208
131 2 2 0 2 382 425 295
132 2 2 0 2 39 648 40
133 2 2 0 2 391 521 433
134 2 2 0 2 359 584 401
135 2 2 0 2 70 491 414
136 2 2 0 2 318 569 315
137 2 2 0 2 393 597 127
138 2 2 0 2 536 557 473
139 2 2 0 2 158 168 167
140 2 2 0 2 393 537 354
141 2 2 0 2 485 487 351
142 2 2 0 2 5 333 69
143 2 2 0 2 416 530 73
144 2 2 0 2 415 510 72
145 2 2 0 2 73 529 416
146 2 2 0 2 64 508 31
147 2 2 0 2 394 395 64
148 2 2 0 2 472 523 471
149 2 2 0 2 333 369 69
150 2 2 0 2 369 592 95
151 2 2 0 2 249 357 337
152 2 2 0 2 354 537 464
153 2 2 0 2 233 532 286
154 2 2 0 2 340 516 347
155 2 2 0 2 29 64 30
156 2 2 0 2 19 77 20
157 2 2 0 2 413 490 70
158 2 2 0 2 307 523 472
159 2 2 0 2 70 414 413
160 2 2 0 2 93 439 438
161 2 2 0 2 170 418 173
162 2 2 0 2 91 565 472
163 2 2 0 2 274 497 273
164 2 2 0 2 86 96 84
165 2 2 0 2 223 430 254
166 2 2 0 2 352 506 342
167 2 2 0 2 155 158 156
168 2 2 0 2 529 572 373
169 2 2 0 2 215 418 170
170 2 2 0 2 187 434 178
171 2 2 0 2 282 568 372
172 2 2 0 2 303 577 332
173 2 2 0 2 343 520 498
174 2 2 0 2 87 92 89
175 2 2 0 2 370 577 303
176 2 2 0 2 80 371 7
177 2 2 0 2 293 412 121
178 2 2 0 2 105 106 104
179 2 2 0 2 300 301 299
180 2 2 0 2 125 484 238
181 2 2 0 2 158 388 168
182 2 2 0 2 372 593 282
183 2 2 0 2 47 440 241
184 2 2 0 2 171 280 267
185 2 2 0 2 269 557 536
186 2 2 0 2 171 267 27
187 2 2 0 2 241 495 242
188 2 2 0 2 388 627 321
189 2 2 0 2 499 504 344
190 2 2 0 2 434 447 178
191 2 2 0 2 191 212 107
192 2 2 0 2 2 67 3
193 2 2 0 2 508 517 75
194 2 2 0 2 426 560 135
195 2 2 0 2 62 602 446
196 2 2 0 2 74 548 411
197 2 2 0 2 392 624 60
198 2 2 0 2 409 517 508
199 2 2 0 2 5 69 6
200 2 2 0 2 168 189 188
201 2 2 0 2 120 484 118
202 2 2 0 2 19 401 77
203 2 2 0 2 88 641 639
204 2 2 0 2 531 552 387
205 2 2 0 2 114 505 116
206 2 2 0 2 355 496 495
207 2 2 0 2 433 521 434
208 2 2 0 2 355 497 496
209 2 2 0 2 60 616 392
210 2 2 0 2 66 543 381
211 2 2 0 2 87 383 92
212 2 2 0 2 83 85 84
213 2 2 0 2 401 584 77
214 2 2 0 2 140 441 130
215 2 2 0 2 180 465 194
216 2 2 0 2 238 484 406
217 2 2 0 2 409 508 64
218 2 2 0 2 151 153 152
219 2 2 0 2 401 575 359
220 2 2 0 2 254 277 253
221 2 2 0 2 387 552 231
222 2 2 0 2 357 621 363
223 2 2 0 2 380 514 78
224 2 2 0 2 427 560 426
225 2 2 0 2 337 466 435
226 2 2 0 2 429 602 62
227 2 2 0 2 73 648 623
228 2 2 0 2 411 463 74
229 2 2 0 2 273 497 355
230 2 2 0 2 267 394 28
231 2 2 0 2 256 257 250
232 2 2 0 2 421 422 324
233 2 2 0 2 278 441 140
234 2 2 0 2 152 155 154
235 2 2 0 2 268 395 262
236 2 2 0 2 168 190 189
237 2 2 0 2 435 538 245
238 2 2 0 2 422 522 286
239 2 2 0 2 97 99 98
240 2 2 0 2 303 304 301
241 2 2 0 2 253 400 279
242 2 2 0 2 123 124 122
243 2 2 0 2 398 569 318
244 2 2 0 2 406 524 238
245 2 2 0 2 223 254 253
246 2 2 0 2 241 626 495
247 2 2 0 2 190 226 189
248 2 2 0 2 151 152 150
249 2 2 0 2 190 234 226
250 2 2 0 2 300 302 301
251 2 2 0 2 82 371 80
252 2 2 0 2 496 547 242
253 2 2 0 2 337 590 466
254 2 2 0 2 126 127 124
255 2 2 0 2 121 123 122
256 2 2 0 2 123 126 124
257 2 2 0 2 475 621 357
258 2 2 0 2 321 625 388
259 2 2 0 2 352 504 499
260 2 2 0 2 194 196 195
261 2 2 0 2 312 569 314
262 2 2 0 2 320 433 432
263 2 2 0 2 121 122 120
264 2 2 0 2 559 643 288
265 2 2 0 2 72 604 415
266 2 2 0 2 549 555 443
267 2 2 0 2 86 438 96
268 2 2 0 2 496 599 547
269 2 2 0 2 381 608 66
270 2 2 0 2 18 401 19
271 2 2 0 2 94 422 421
272 2 2 0 2 281 424 280
273 2 2 0 2 168 188 167
274 2 2 0 2 400 643 559
275 2 2 0 2 121 412 123
276 2 2 0 2 107 108 106
277 2 2 0 2 149 150 148
278 2 2 0 2 273 328 216
279 2 2 0 2 320 612 595
280 2 2 0 2 441 537 127
281 2 2 0 2 490 548 74
282 2 2 0 2 119 121 120
283 2 2 0 2 281 470 410
284 2 2 0 2 122 403 120
285 2 2 0 2 106 467 104
286 2 2 0 2 99 101 98
287 2 2 0 2 179 465 180
288 2 2 0 2 247 435 245
289 2 2 0 2 259 294 258
290 2 2 0 2 83 84 82
291 2 2 0 2 82 570 371
292 2 2 0 2 149 151 150
293 2 2 0 2 155 374 159
294 2 2 0 2 90 641 88
295 2 2 0 2 159 627 158
296 2 2 0 2 91 472 436
297 2 2 0 2 116 505 119
298 2 2 0 2 119 120 118
299 2 2 0 2 200 203 201
300 2 2 0 2 208 483 259
301 2 2 0 2 97 392 99
302 2 2 0 2 166 387 164
303 2 2 0 2 168 625 190
304 2 2 0 2 203 205 204
305 2 2 0 2 251 585 462
306 2 2 0 2 56 448 60
307 2 2 0 2 173 418 218
308 2 2 0 2 280 424 423
309 2 2 0 2 12 78 13
310 2 2 0 2 194 283 196
311 2 2 0 2 498 584 343
312 2 2 0 2 90 632 488
313 2 2 0 2 302 370 303
314 2 2 0 2 383 504 92
315 2 2 0 2 191 236 212
316 2 2 0 2 203 384 205
317 2 2 0 2 506 565 342
318 2 2 0 2 500 644 240
319 2 2 0 2 388 625 168
320 2 2 0 2 2 539 67
321 2 2 0 2 595 612 390
322 2 2 0 2 158 167 156
323 2 2 0 2 335 514 380
324 2 2 0 2 267 509 395
325 2 2 0 2 138 610 55
326 2 2 0 2 130 441 126
327 2 2 0 2 124 129 122
328 2 2 0 2 52 309 53
329 2 2 0 2 208 259 258
330 2 2 0 2 290 644 389
331 2 2 0 2 439 494 438
332 2 2 0 2 240 512 500
333 2 2 0 2 9 543 10
334 2 2 0 2 445 446 323
335 2 2 0 2 491 596 414
336 2 2 0 2 40 648 79
337 2 2 0 2 56 60 57
338 2 2 0 2 177 437 143
339 2 2 0 2 211 434 187
340 2 2 0 2 92 342 89
341 2 2 0 2 389 579 290
342 2 2 0 2 151 202 153
343 2 2 0 2 367 553 487
344 2 2 0 2 277 400 253
345 2 2 0 2 196 197 195
346 2 2 0 2 236 334 266
347 2 2 0 2 303 331 304
348 2 2 0 2 273 355 328
349 2 2 0 2 169 170 166
350 2 2 0 2 184 459 161
351 2 2 0 2 85 383 87
352 2 2 0 2 163 164 162
353 2 2 0 2 304 462 301
354 2 2 0 2 235 288 275
355 2 2 0 2 165 166 164
356 2 2 0 2 78 608 380
357 2 2 0 2 414 596 408
358 2 2 0 2 109 467 106
359 2 2 0 2 494 549 96
360 2 2 0 2 129 442 405
361 2 2 0 2 378 541 154
362 2 2 0 2 236 265 212
363 2 2 0 2 263 453 351
364 2 2 0 2 397 432 211
365 2 2 0 2 248 249 247
366 2 2 0 2 124 442 129
367 2 2 0 2 162 461 144
368 2 2 0 2 254 430 323
369 2 2 0 2 261 262 219
370 2 2 0 2 50 428 146
371 2 2 0 2 519 551 255
372 2 2 0 2 354 552 346
373 2 2 0 2 119 293 121
374 2 2 0 2 203 204 201
375 2 2 0 2 153 605 152
376 2 2 0 2 258 425 206
377 2 2 0 2 81 83 82
378 2 2 0 2 249 337 247
379 2 2 0 2 165 169 166
380 2 2 0 2 32 508 75
381 2 2 0 2 220 505 114
382 2 2 0 2 48 145 49
383 2 2 0 2 321 627 452
384 2 2 0 2 488 632 91
385 2 2 0 2 163 165 164
386 2 2 0 2 205 222 204
387 2 2 0 2 7 371 8
388 2 2 0 2 205 223 222
389 2 2 0 2 93 641 94
390 2 2 0 2 438 494 96
391 2 2 0 2 382 636 425
392 2 2 0 2 419 429 76
393 2 2 0 2 135 489 426
394 2 2 0 2 197 533 200
395 2 2 0 2 436 471 289
396 2 2 0 2 231 552 464
397 2 2 0 2 268 409 395
398 2 2 0 2 24 68 25
399 2 2 0 2 223 253 252
400 2 2 0 2 200 201 199
401 2 2 0 2 169 215 170
402 2 2 0 2 254 322 277
403 2 2 0 2 298 300 299
404 2 2 0 2 155 156 154
405 2 2 0 2 126 441 127
406 2 2 0 2 208 258 206
407 2 2 0 2 103 105 104
408 2 2 0 2 81 82 80
409 2 2 0 2 259 368 336
410 2 2 0 2 510 613 72
411 2 2 0 2 256 297 257
412 2 2 0 2 127 442 124
413 2 2 0 2 392 542 103
414 2 2 0 2 173 179 174
415 2 2 0 2 171 281 280
416 2 2 0 2 38 396 39
417 2 2 0 2 173 218 179
418 2 2 0 2 210 397 211
419 2 2 0 2 261 268 262
420 2 2 0 2 180 194 193
421 2 2 0 2 197 200 199
422 2 2 0 2 294 295 258
423 2 2 0 2 88 639 86
424 2 2 0 2 139 475 451
425 2 2 0 2 438 639 93
426 2 2 0 2 46 440 47
427 2 2 0 2 231 461 162
428 2 2 0 2 116 119 118
429 2 2 0 2 355 360 328
430 2 2 0 2 143 144 142
431 2 2 0 2 32 75 33
432 2 2 0 2 141 143 142
433 2 2 0 2 226 227 189
434 2 2 0 2 134 149 148
435 2 2 0 2 36 74 37
436 2 2 0 2 300 499 344
437 2 2 0 2 226 453 263
438 2 2 0 2 261 407 268
439 2 2 0 2 246 247 245
440 2 2 0 2 411 548 348
441 2 2 0 2 235 321 288
442 2 2 0 2 97 98 59
443 2 2 0 2 146 454 50
444 2 2 0 2 244 245 213
445 2 2 0 2 65 514 417
446 2 2 0 2 165 455 169
447 2 2 0 2 352 582 506
448 2 2 0 2 143 160 144
449 2 2 0 2 302 303 301
450 2 2 0 2 97 624 392
451 2 2 0 2 128 130 126
452 2 2 0 2 123 128 126
453 2 2 0 2 321 559 288
454 2 2 0 2 410 574 281
455 2 2 0 2 425 459 184
456 2 2 0 2 230 243 215
457 2 2 0 2 191 450 236
458 2 2 0 2 96 443 84
459 2 2 0 2 436 472 471
460 2 2 0 2 200 229 203
461 2 2 0 2 478 610 138
462 2 2 0 2 486 615 373
463 2 2 0 2 236 266 265
464 2 2 0 2 436 488 91
465 2 2 0 2 190 235 234
466 2 2 0 2 423 424 308
467 2 2 0 2 330 476 469
468 2 2 0 2 400 559 279
469 2 2 0 2 143 437 160
470 2 2 0 2 144 461 142
471 2 2 0 2 183 455 165
472 2 2 0 2 423 649 280
473 2 2 0 2 254 323 322
474 2 2 0 2 293 551 412
475 2 2 0 2 141 177 143
476 2 2 0 2 407 409 268
477 2 2 0 2 161 459 163
478 2 2 0 2 141 142 140
479 2 2 0 2 158 627 388
480 2 2 0 2 498 520 419
481 2 2 0 2 107 489 108
482 2 2 0 2 132 480 134
483 2 2 0 2 497 599 496
484 2 2 0 2 298 499 300
485 2 2 0 2 355 495 360
486 2 2 0 2 129 403 122
487 2 2 0 2 34 70 35
488 2 2 0 2 210 211 187
489 2 2 0 2 142 278 140
490 2 2 0 2 160 161 144
491 2 2 0 2 84 443 82
492 2 2 0 2 236 450 334
493 2 2 0 2 170 173 172
494 2 2 0 2 3 556 4
495 2 2 0 2 179 180 174
496 2 2 0 2 209 210 187
497 2 2 0 2 231 464 461
498 2 2 0 2 68 470 25
499 2 2 0 2 202 305 153
500 2 2 0 2 543 555 381
501 2 2 0 2 435 619 538
502 2 2 0 2 353 563 544
503 2 2 0 2 451 475 377
504 2 2 0 2 452 559 321
505 2 2 0 2 314 399 376
506 2 2 0 2 244 246 245
507 2 2 0 2 530 648 73
508 2 2 0 2 164 231 162
509 2 2 0 2 250 251 249
510 2 2 0 2 433 595 391
511 2 2 0 2 223 252 222
512 2 2 0 2 196 533 197
513 2 2 0 2 178 447 137
514 2 2 0 2 194 195 193
515 2 2 0 2 72 613 431
516 2 2 0 2 472 565 307
517 2 2 0 2 152 154 150
518 2 2 0 2 562 598 492
519 2 2 0 2 234 453 226
520 2 2 0 2 389 644 500
521 2 2 0 2 65 553 367
522 2 2 0 2 194 465 283
523 2 2 0 2 151 457 202
524 2 2 0 2 134 480 149
525 2 2 0 2 134 148 147
526 2 2 0 2 362 436 289
527 2 2 0 2 207 208 206
528 2 2 0 2 417 514 335
529 2 2 0 2 149 457 151
530 2 2 0 2 325 439 421
531 2 2 0 2 424 518 308
532 2 2 0 2 411 572 73
533 2 2 0 2 108 135 110
534 2 2 0 2 262 515 219
535 2 2 0 2 230 271 243
536 2 2 0 2 486 572 348
537 2 2 0 2 169 230 215
538 2 2 0 2 141 447 177
539 2 2 0 2 259 336 294
540 2 2 0 2 209 224 210
541 2 2 0 2 215 635 418
542 2 2 0 2 103 104 102
543 2 2 0 2 248 250 249
544 2 2 0 2 464 552 354
545 2 2 0 2 403 484 120
546 2 2 0 2 402 599 497
547 2 2 0 2 340 580 420
548 2 2 0 2 163 183 165
549 2 2 0 2 446 564 62
550 2 2 0 2 67 556 3
551 2 2 0 2 594 620 535
552 2 2 0 2 277 520 400
553 2 2 0 2 305 364 153
554 2 2 0 2 183 456 455
555 2 2 0 2 303 332 331
556 2 2 0 2 92 352 342
557 2 2 0 2 206 425 184
558 2 2 0 2 380 608 381
559 2 2 0 2 109 507 467
560 2 2 0 2 108 110 109
561 2 2 0 2 160 184 161
562 2 2 0 2 418 458 276
563 2 2 0 2 453 485 351
564 2 2 0 2 425 636 459
565 2 2 0 2 99 102 101
566 2 2 0 2 136 178 137
567 2 2 0 2 229 385 384
568 2 2 0 2 361 362 289
569 2 2 0 2 201 474 199
570 2 2 0 2 259 483 368
571 2 2 0 2 329 527 526
572 2 2 0 2 348 572 411
573 2 2 0 2 309 614 53
574 2 2 0 2 251 357 249
575 2 2 0 2 503 541 477
576 2 2 0 2 218 276 261
577 2 2 0 2 101 379 98
578 2 2 0 2 432 433 211
579 2 2 0 2 185 206 184
580 2 2 0 2 202 365 305
581 2 2 0 2 296 415 341
582 2 2 0 2 129 404 403
583 2 2 0 2 322 419 277
584 2 2 0 2 476 593 469
585 2 2 0 2 353 393 354
586 2 2 0 2 136 137 130
587 2 2 0 2 360 482 328
588 2 2 0 2 226 263 227
589 2 2 0 2 128 136 130
590 2 2 0 2 343 359 275
591 2 2 0 2 374 375 159
592 2 2 0 2 51 454 100
593 2 2 0 2 412 551 519
594 2 2 0 2 358 377 304
595 2 2 0 2 76 498 419
596 2 2 0 2 142 461 278
597 2 2 0 2 235 275 234
598 2 2 0 2 363 590 337
599 2 2 0 2 170 172 166
600 2 2 0 2 362 488 436
601 2 2 0 2 380 381 356
602 2 2 0 2 73 623 411
603 2 2 0 2 99 392 103
604 2 2 0 2 181 187 178
605 2 2 0 2 218 418 276
606 2 2 0 2 266 618 265
607 2 2 0 2 404 620 594
608 2 2 0 2 274 646 497
609 2 2 0 2 237 239 221
610 2 2 0 2 137 141 140
611 2 2 0 2 334 478 266
612 2 2 0 2 202 457 366
613 2 2 0 2 408 596 517
614 2 2 0 2 337 435 247
615 2 2 0 2 96 549 443
616 2 2 0 2 169 455 230
617 2 2 0 2 353 354 346
618 2 2 0 2 137 447 141
619 2 2 0 2 267 395 394
620 2 2 0 2 375 452 159
621 2 2 0 2 415 416 341
622 2 2 0 2 333 571 369
623 2 2 0 2 257 585 250
624 2 2 0 2 253 279 252
625 2 2 0 2 10 66 11
626 2 2 0 2 361 372 362
627 2 2 0 2 300 344 302
628 2 2 0 2 288 343 275
629 2 2 0 2 347 427 426
630 2 2 0 2 154 541 150
631 2 2 0 2 410 445 386
632 2 2 0 2 335 356 327
633 2 2 0 2 230 292 271
634 2 2 0 2 384 631 205
635 2 2 0 2 148 541 503
636 2 2 0 2 238 480 132
637 2 2 0 2 365 389 305
638 2 2 0 2 499 582 352
639 2 2 0 2 246 248 247
640 2 2 0 2 372 444 362
641 2 2 0 2 322 429 419
642 2 2 0 2 544 563 272
643 2 2 0 2 329 390 274
644 2 2 0 2 289 471 244
645 2 2 0 2 163 459 183
646 2 2 0 2 327 439 325
647 2 2 0 2 290 291 260
648 2 2 0 2 176 269 157
649 2 2 0 2 381 555 549
650 2 2 0 2 202 366 365
651 2 2 0 2 137 140 130
652 2 2 0 2 217 329 274
653 2 2 0 2 331 358 304
654 2 2 0 2 217 274 273
655 2 2 0 2 173 174 172
656 2 2 0 2 404 406 403
657 2 2 0 2 453 528 485
658 2 2 0 2 99 103 102
659 2 2 0 2 181 209 187
660 2 2 0 2 108 109 106
661 2 2 0 2 263 264 227
662 2 2 0 2 161 162 144
663 2 2 0 2 186 507 111
664 2 2 0 2 69 80 6
665 2 2 0 2 230 455 292
666 2 2 0 2 433 434 211
667 2 2 0 2 237 282 239
668 2 2 0 2 330 477 476
669 2 2 0 2 338 413 339
670 2 2 0 2 8 61 9
671 2 2 0 2 329 391 390
672 2 2 0 2 218 261 219
673 2 2 0 2 240 474 201
674 2 2 0 2 391 526 521
675 2 2 0 2 225 420 398
676 2 2 0 2 326 417 335
677 2 2 0 2 461 464 278
678 2 2 0 2 347 426 287
679 2 2 0 2 451 650 139
680 2 2 0 2 477 541 378
681 2 2 0 2 156 378 154
682 2 2 0 2 554 587 417
683 2 2 0 2 285 326 325
684 2 2 0 2 214 290 260
685 2 2 0 2 455 456 292
686 2 2 0 2 263 351 350
687 2 2 0 2 276 408 407
688 2 2 0 2 502 545 220
689 2 2 0 2 160 185 184
690 2 2 0 2 312 314 311
691 2 2 0 2 136 181 178
692 2 2 0 2 452 634 559
693 2 2 0 2 161 163 162
694 2 2 0 2 34 491 70
695 2 2 0 2 110 111 109
696 2 2 0 2 345 353 346
697 2 2 0 2 149 480 457
698 2 2 0 2 123 412 128
699 2 2 0 2 129 405 404
700 2 2 0 2 306 382 295
701 2 2 0 2 521 526 177
702 2 2 0 2 310 313 312
703 2 2 0 2 132 134 133
704 2 2 0 2 217 273 216
705 2 2 0 2 276 458 408
706 2 2 0 2 473 557 449
707 2 2 0 2 320 595 433
708 2 2 0 2 41 534 42
709 2 2 0 2 326 335 327
710 2 2 0 2 177 526 437
711 2 2 0 2 207 216 208
712 2 2 0 2 160 437 185
713 2 2 0 2 471 523 246
714 2 2 0 2 424 574 518
715 2 2 0 2 134 147 133
716 2 2 0 2 62 576 429
717 2 2 0 2 115 449 113
718 2 2 0 2 326 554 417
719 2 2 0 2 282 476 239
720 2 2 0 2 507 621 467
721 2 2 0 2 283 308 196
722 2 2 0 2 244 471 246
723 2 2 0 2 372 522 444
724 2 2 0 2 292 486 271
725 2 2 0 2 275 528 234
726 2 2 0 2 377 462 304
727 2 2 0 2 214 260 228
728 2 2 0 2 338 339 243
729 2 2 0 2 413 414 339
730 2 2 0 2 225 398 397
731 2 2 0 2 518 533 308
732 2 2 0 2 305 500 364
733 2 2 0 2 283 423 308
734 2 2 0 2 234 528 453
735 2 2 0 2 326 327 325
736 2 2 0 2 70 490 35
737 2 2 0 2 340 347 287
738 2 2 0 2 416 529 341
739 2 2 0 2 367 600 65
740 2 2 0 2 131 473 117
741 2 2 0 2 271 338 243
742 2 2 0 2 260 272 228
743 2 2 0 2 434 521 447
744 2 2 0 2 399 618 266
745 2 2 0 2 406 484 403
746 2 2 0 2 172 387 166
747 2 2 0 2 245 538 213
748 2 2 0 2 115 473 449
749 2 2 0 2 188 221 167
750 2 2 0 2 229 518 385
751 2 2 0 2 252 270 222
752 2 2 0 2 113 449 186
753 2 2 0 2 86 639 438
754 2 2 0 2 526 527 437
755 2 2 0 2 204 240 201
756 2 2 0 2 488 606 90
757 2 2 0 2 264 284 227
758 2 2 0 2 207 217 216
759 2 2 0 2 449 466 186
760 2 2 0 2 479 547 349
761 2 2 0 2 218 219 179
762 2 2 0 2 495 496 242
763 2 2 0 2 482 483 328
764 2 2 0 2 15 367 16
765 2 2 0 2 427 598 562
766 2 2 0 2 341 373 306
767 2 2 0 2 513 600 14
768 2 2 0 2 63 575 401
769 2 2 0 2 298 299 257
770 2 2 0 2 212 629 107
771 2 2 0 2 100 309 52
772 2 2 0 2 349 402 319
773 2 2 0 2 112 220 114
774 2 2 0 2 181 255 209
775 2 2 0 2 263 350 264
776 2 2 0 2 214 474 290
777 2 2 0 2 185 207 206
778 2 2 0 2 319 320 317
779 2 2 0 2 232 361 289
780 2 2 0 2 294 296 295
781 2 2 0 2 265 287 212
782 2 2 0 2 255 493 492
783 2 2 0 2 363 621 507
784 2 2 0 2 407 517 409
785 2 2 0 2 248 256 250
786 2 2 0 2 111 507 109
787 2 2 0 2 573 616 60
788 2 2 0 2 310 311 309
789 2 2 0 2 110 112 111
790 2 2 0 2 314 581 399
791 2 2 0 2 296 306 295
792 2 2 0 2 339 635 243
793 2 2 0 2 180 192 174
794 2 2 0 2 456 636 382
795 2 2 0 2 220 545 505
796 2 2 0 2 238 524 480
797 2 2 0 2 313 315 312
798 2 2 0 2 345 346 192
799 2 2 0 2 132 133 131
800 2 2 0 2 314 376 311
801 2 2 0 2 271 348 338
802 2 2 0 2 389 500 305
803 2 2 0 2 458 635 339
804 2 2 0 2 462 607 251
805 2 2 0 2 197 198 195
806 2 2 0 2 338 548 413
807 2 2 0 2 276 407 261
808 2 2 0 2 296 510 415
809 2 2 0 2 119 505 293
810 2 2 0 2 308 533 196
811 2 2 0 2 217 527 329
812 2 2 0 2 224 225 210
813 2 2 0 2 199 474 214
814 2 2 0 2 283 515 423
815 2 2 0 2 232 469 361
816 2 2 0 2 214 228 198
817 2 2 0 2 454 578 100
818 2 2 0 2 385 386 384
819 2 2 0 2 117 473 115
820 2 2 0 2 444 488 362
821 2 2 0 2 105 542 191
822 2 2 0 2 100 310 309
823 2 2 0 2 112 501 220
824 2 2 0 2 408 517 407
825 2 2 0 2 325 421 324
826 2 2 0 2 108 489 135
827 2 2 0 2 294 510 296
828 2 2 0 2 103 542 105
829 2 2 0 2 330 469 182
830 2 2 0 2 186 590 507
831 2 2 0 2 450 573 334
832 2 2 0 2 417 587 65
833 2 2 0 2 8 371 61
834 2 2 0 2 392 616 542
835 2 2 0 2 271 486 348
836 2 2 0 2 336 510 294
837 2 2 0 2 282 593 476
838 2 2 0 2 26 171 27
839 2 2 0 2 28 394 29
840 2 2 0 2 209 492 224
841 2 2 0 2 346 531 192
842 2 2 0 2 175 330 182
843 2 2 0 2 385 410 386
844 2 2 0 2 296 341 306
845 2 2 0 2 50 454 51
846 2 2 0 2 182 469 232
847 2 2 0 2 330 503 477
848 2 2 0 2 307 506 297
849 2 2 0 2 36 490 74
850 2 2 0 2 225 397 210
851 2 2 0 2 418 635 458
852 2 2 0 2 280 509 267
853 2 2 0 2 419 520 277
854 2 2 0 2 310 312 311
855 2 2 0 2 351 553 350
856 2 2 0 2 348 548 338
857 2 2 0 2 255 551 493
858 2 2 0 2 135 501 110
859 2 2 0 2 335 380 356
860 2 2 0 2 278 537 441
861 2 2 0 2 446 602 323
862 2 2 0 2 38 463 396
863 2 2 0 2 255 492 209
864 2 2 0 2 364 589 567
865 2 2 0 2 125 132 131
866 2 2 0 2 501 502 220
867 2 2 0 2 199 214 198
868 2 2 0 2 372 568 522
869 2 2 0 2 232 289 244
870 2 2 0 2 229 384 203
871 2 2 0 2 110 501 112
872 2 2 0 2 316 317 315
873 2 2 0 2 447 521 177
874 2 2 0 2 317 318 315
875 2 2 0 2 197 199 198
876 2 2 0 2 219 465 179
877 2 2 0 2 112 113 111
878 2 2 0 2 334 573 448
879 2 2 0 2 457 524 366
880 2 2 0 2 356 549 494
881 2 2 0 2 327 494 439
882 2 2 0 2 188 233 221
883 2 2 0 2 466 619 435
884 2 2 0 2 233 237 221
885 2 2 0 2 150 541 148
886 2 2 0 2 280 649 509
887 2 2 0 2 250 585 251
888 2 2 0 2 475 607 377
889 2 2 0 2 92 504 352
890 2 2 0 2 40 79 41
891 2 2 0 2 518 574 385
892 2 2 0 2 125 238 132
893 2 2 0 2 360 626 622
894 2 2 0 2 266 642 399
895 2 2 0 2 118 125 117
896 2 2 0 2 448 610 334
897 2 2 0 2 242 547 146
898 2 2 0 2 193 345 192
899 2 2 0 2 427 562 560
900 2 2 0 2 219 515 465
901 2 2 0 2 43 431 44
902 2 2 0 2 113 186 111
903 2 2 0 2 376 460 311
904 2 2 0 2 112 114 113
905 2 2 0 2 225 516 420
906 2 2 0 2 148 503 147
907 2 2 0 2 412 519 128
908 2 2 0 2 331 566 358
909 2 2 0 2 63 487 485
910 2 2 0 2 239 558 221
911 2 2 0 2 319 612 320
912 2 2 0 2 347 598 427
913 2 2 0 2 54 138 55
914 2 2 0 2 125 131 117
915 2 2 0 2 316 349 319
916 2 2 0 2 31 508 32
917 2 2 0 2 358 451 377
918 2 2 0 2 114 116 115
919 2 2 0 2 465 515 283
920 2 2 0 2 200 533 229
921 2 2 0 2 270 512 222
922 2 2 0 2 21 638 76
923 2 2 0 2 42 534 72
924 2 2 0 2 285 324 284
925 2 2 0 2 361 593 372
926 2 2 0 2 493 545 502
927 2 2 0 2 561 597 544
928 2 2 0 2 20 638 21
929 2 2 0 2 420 581 398
930 2 2 0 2 233 286 237
931 2 2 0 2 131 536 473
932 2 2 0 2 128 519 136
933 2 2 0 2 356 494 327
934 2 2 0 2 71 440 46
935 2 2 0 2 116 118 117
936 2 2 0 2 181 519 255
937 2 2 0 2 147 157 133
938 2 2 0 2 1 539 2
939 2 2 0 2 297 298 257
940 2 2 0 2 51 100 52
941 2 2 0 2 235 625 321
942 2 2 0 2 367 487 16
943 2 2 0 2 555 570 443
944 2 2 0 2 513 514 65
945 2 2 0 2 176 538 269
946 2 2 0 2 622 626 440
947 2 2 0 2 313 316 315
948 2 2 0 2 114 115 113
949 2 2 0 2 4 333 5
950 2 2 0 2 269 536 157
951 2 2 0 2 329 526 391
952 2 2 0 2 284 468 227
953 2 2 0 2 442 561 405
954 2 2 0 2 222 512 204
955 2 2 0 2 349 651 479
956 2 2 0 2 192 531 174
957 2 2 0 2 229 533 518
958 2 2 0 2 332 481 331
959 2 2 0 2 359 528 275
960 2 2 0 2 180 193 192
961 2 2 0 2 480 524 457
962 2 2 0 2 341 529 373
963 2 2 0 2 107 629 489
964 2 2 0 2 191 542 450
965 2 2 0 2 264 285 284
966 2 2 0 2 481 566 331
967 2 2 0 2 167 558 156
968 2 2 0 2 265 340 287
969 2 2 0 2 12 591 78
970 2 2 0 2 193 525 345
971 2 2 0 2 307 565 506
972 2 2 0 2 481 556 67
973 2 2 0 2 227 468 189
974 2 2 0 2 232 244 213
975 2 2 0 2 430 631 386
976 2 2 0 2 345 563 353
977 2 2 0 2 198 525 195
978 2 2 0 2 136 519 181
979 2 2 0 2 285 325 324
980 2 2 0 2 182 232 213
981 2 2 0 2 316 319 317
982 2 2 0 2 382 640 456
983 2 2 0 2 175 503 330
984 2 2 0 2 207 527 217
985 2 2 0 2 522 568 286
986 2 2 0 2 366 535 365
987 2 2 0 2 156 558 378
988 2 2 0 2 545 551 293
989 2 2 0 2 224 516 225
990 2 2 0 2 58 97 59
991 2 2 0 2 104 139 102
992 2 2 0 2 350 587 554
993 2 2 0 2 183 636 456
994 2 2 0 2 493 551 545
995 2 2 0 2 284 532 468
996 2 2 0 2 292 615 486
997 2 2 0 2 474 644 290
998 2 2 0 2 297 582 298
999 2 2 0 2 228 525 198
1000 2 2 0 2 443 570 82
1001 2 2 0 2 65 587 553
1002 2 2 0 2 25 601 26
1003 2 2 0 2 65 600 513
1004 2 2 0 2 68 446 445
1005 2 2 0 2 365 579 389
1006 2 2 0 2 146 603 242
1007 2 2 0 2 442 597 561
1008 2 2 0 2 516 598 347
1009 2 2 0 2 437 527 185
1010 2 2 0 2 377 607 462
1011 2 2 0 2 133 536 131
1012 2 2 0 2 256 307 297
1013 2 2 0 2 302 546 370
1014 2 2 0 2 116 117 115
1015 2 2 0 2 550 583 383
1016 2 2 0 2 512 589 500
1017 2 2 0 2 464 537 278
1018 2 2 0 2 33 491 34
1019 2 2 0 2 49 428 50
1020 2 2 0 2 311 460 309
1021 2 2 0 2 323 611 445
1022 2 2 0 2 147 175 157
1023 2 2 0 2 370 609 592
1024 2 2 0 2 204 512 240
1025 2 2 0 2 195 525 193
1026 2 2 0 2 182 213 176
1027 2 2 0 2 502 562 493
1028 2 2 0 2 172 531 387
1029 2 2 0 2 546 609 370
1030 2 2 0 2 37 463 38
1031 2 2 0 2 157 536 133
1032 2 2 0 2 35 490 36
1033 2 2 0 2 213 538 176
1034 2 2 0 2 175 182 176
1035 2 2 0 2 185 527 207
1036 2 2 0 2 281 574 424
1037 2 2 0 2 22 62 23
1038 2 2 0 2 350 554 264
1039 2 2 0 2 411 623 463
1040 2 2 0 2 357 607 475
1041 2 2 0 2 557 619 466
1042 2 2 0 2 445 611 386
1043 2 2 0 2 285 554 326
1044 2 2 0 2 353 544 393
1045 2 2 0 2 381 549 356
1046 2 2 0 2 239 617 558
1047 2 2 0 2 431 511 44
1048 2 2 0 2 368 483 482
1049 2 2 0 2 83 550 85
1050 2 2 0 2 104 467 139
1051 2 2 0 2 550 609 583
1052 2 2 0 2 242 603 241
1053 2 2 0 2 560 562 502
1054 2 2 0 2 506 582 297
1055 2 2 0 2 334 610 478
1056 2 2 0 2 175 176 157
1057 2 2 0 2 79 534 41
1058 2 2 0 2 504 583 344
1059 2 2 0 2 524 594 366
1060 2 2 0 2 174 531 172
1061 2 2 0 2 101 586 379
1062 2 2 0 2 138 614 460
1063 2 2 0 2 85 550 383
1064 2 2 0 2 520 643 400
1065 2 2 0 2 146 479 454
1066 2 2 0 2 45 511 71
1067 2 2 0 2 385 574 410
1068 2 2 0 2 386 631 384
1069 2 2 0 2 69 81 80
1070 2 2 0 2 429 576 76
1071 2 2 0 2 246 523 248
1072 2 2 0 2 336 630 613
1073 2 2 0 2 534 604 72
1074 2 2 0 2 299 585 257
1075 2 2 0 2 404 594 406
1076 2 2 0 2 264 554 285
1077 2 2 0 2 279 540 252
1078 2 2 0 2 61 543 9
1079 2 2 0 2 252 540 270
1080 2 2 0 2 580 581 420
1081 2 2 0 2 492 598 224
1082 2 2 0 2 493 562 492
1083 2 2 0 2 559 634 279
1084 2 2 0 2 528 575 485
1085 2 2 0 2 11 591 12
1086 2 2 0 2 460 614 309
1087 2 2 0 2 479 578 454
1088 2 2 0 2 221 558 167
1089 2 2 0 2 426 629 287
1090 2 2 0 2 59 637 1
1091 2 2 0 2 260 588 272
1092 2 2 0 2 383 583 504
1093 2 2 0 2 146 547 479
1094 2 2 0 2 147 503 175
1095 2 2 0 2 310 578 313
1096 2 2 0 2 569 581 314
1097 2 2 0 2 323 602 322
1098 2 2 0 2 525 563 345
1099 2 2 0 2 291 588 260
1100 2 2 0 2 76 576 21
1101 2 2 0 2 495 626 360
1102 2 2 0 2 94 645 422
1103 2 2 0 2 78 513 13
1104 2 2 0 2 406 594 524
1105 2 2 0 2 489 629 426
1106 2 2 0 2 286 568 237
1107 2 2 0 2 78 514 513
1108 2 2 0 2 344 546 302
1109 2 2 0 2 14 600 15
1110 2 2 0 2 228 563 525
1111 2 2 0 2 74 463 37
1112 2 2 0 2 324 532 284
1113 2 2 0 2 26 601 171
1114 2 2 0 2 505 545 293
1115 2 2 0 2 343 584 359
1116 2 2 0 2 558 617 378
1117 2 2 0 2 466 590 186
1118 2 2 0 2 556 628 333
1119 2 2 0 2 298 582 499
1120 2 2 0 2 98 637 59
1121 2 2 0 2 243 635 215
1122 2 2 0 2 272 563 228
1123 2 2 0 2 23 564 24
1124 2 2 0 2 449 557 466
1125 2 2 0 2 386 611 430
1126 2 2 0 2 248 523 256
1127 2 2 0 2 44 511 45
1128 2 2 0 2 333 628 571
1129 2 2 0 2 336 613 510
1130 2 2 0 2 288 643 343
1131 2 2 0 2 586 650 451
1132 2 2 0 2 75 491 33
1133 2 2 0 2 379 637 98
1134 2 2 0 2 501 560 502
1135 2 2 0 2 256 523 307
1136 2 2 0 2 497 646 402
1137 2 2 0 2 430 611 323
1138 2 2 0 2 398 581 569
1139 2 2 0 2 415 604 416
1140 2 2 0 2 444 645 606
1141 2 2 0 2 57 624 58
1142 2 2 0 2 580 618 399
1143 2 2 0 2 391 595 390
1144 2 2 0 2 270 589 512
1145 2 2 0 2 237 568 282
1146 2 2 0 2 13 513 14
1147 2 2 0 2 67 647 481
1148 2 2 0 2 135 560 501
1149 2 2 0 2 378 617 477
1150 2 2 0 2 507 590 363
1151 2 2 0 2 376 642 478
1152 2 2 0 2 606 645 94
1153 2 2 0 2 553 587 350
1154 2 2 0 2 290 579 291
1155 2 2 0 2 322 602 429
1156 2 2 0 2 364 605 153
1157 2 2 0 2 509 649 262
1158 2 2 0 2 281 601 470
1159 2 2 0 2 373 640 306
1160 2 2 0 2 511 633 71
1161 2 2 0 2 127 597 442
1162 2 2 0 2 477 617 476
1163 2 2 0 2 73 572 529
1164 2 2 0 2 500 589 364
1165 2 2 0 2 171 601 281
1166 2 2 0 2 535 620 291
1167 2 2 0 2 390 646 274
1168 2 2 0 2 272 561 544
1169 2 2 0 2 21 576 22
1170 2 2 0 2 66 591 11
1171 2 2 0 2 45 71 46
1172 2 2 0 2 101 650 586
1173 2 2 0 2 291 620 588
1174 2 2 0 2 368 630 336
1175 2 2 0 2 375 634 452
1176 2 2 0 2 79 604 534
1177 2 2 0 2 476 617 239
1178 2 2 0 2 316 651 349
1179 2 2 0 2 402 612 319
1180 2 2 0 2 360 622 482
1181 2 2 0 2 190 625 235
1182 2 2 0 2 399 642 376
1183 2 2 0 2 306 640 382
1184 2 2 0 2 379 586 566
1185 2 2 0 2 448 573 60
1186 2 2 0 2 53 614 54
1187 2 2 0 2 358 586 451
1188 2 2 0 2 22 576 62
1189 2 2 0 2 10 543 66
1190 2 2 0 2 62 564 23
1191 2 2 0 2 440 626 241
1192 2 2 0 2 368 633 511
1193 2 2 0 2 539 637 379
1194 2 2 0 2 95 550 83
1195 2 2 0 2 265 618 340
1196 2 2 0 2 79 648 530
1197 2 2 0 2 511 630 368
1198 2 2 0 2 344 583 546
1199 2 2 0 2 375 567 540
1200 2 2 0 2 81 95 83
1201 2 2 0 2 452 627 159
1202 2 2 0 2 77 638 20
1203 2 2 0 2 547 599 349
1204 2 2 0 2 444 606 488
1205 2 2 0 2 332 577 571
1206 2 2 0 2 469 593 361
1207 2 2 0 2 535 579 365
1208 2 2 0 2 456 615 292
1209 2 2 0 2 61 570 555
1210 2 2 0 2 359 575 528
1211 2 2 0 2 71 622 440
1212 2 2 0 2 145 428 49
1213 2 2 0 2 272 588 561
1214 2 2 0 2 498 638 77
1215 2 2 0 2 139 650 102
1216 2 2 0 2 68 564 446
1217 2 2 0 2 613 630 431
1218 2 2 0 2 578 651 313
1219 2 2 0 2 332 628 481
1220 2 2 0 2 370 592 577
1221 2 2 0 2 405 620 404
1222 2 2 0 2 481 647 566
1223 2 2 0 2 24 564 68
1224 2 2 0 2 54 614 138
1225 2 2 0 2 566 586 358
1226 2 2 0 2 522 645 444
1227 2 2 0 2 583 609 546
1228 2 2 0 2 340 618 580
1229 2 2 0 2 540 567 270
1230 2 2 0 2 459 636 183
1231 2 2 0 2 478 642 266
1232 2 2 0 2 485 575 63
1233 2 2 0 2 470 601 25
1234 2 2 0 2 240 644 474
1235 2 2 0 2 588 620 405
1236 2 2 0 2 291 579 535
1237 2 2 0 2 399 581 580
1238 2 2 0 2 539 647 67
1239 2 2 0 2 366 594 535
1240 2 2 0 2 371 570 61
1241 2 2 0 2 100 578 310
1242 2 2 0 2 251 607 357
1243 2 2 0 2 482 633 368
1244 2 2 0 2 431 630 511
1245 2 2 0 2 76 638 498
1246 2 2 0 2 224 598 516
1247 2 2 0 2 479 651 578
1248 2 2 0 2 60 624 57
1249 2 2 0 2 544 597 393
1250 2 2 0 2 4 556 333
1251 2 2 0 2 262 649 515
1252 2 2 0 2 540 634 375
1253 2 2 0 2 571 577 369
1254 2 2 0 2 343 643 520
1255 2 2 0 2 515 649 423
1256 2 2 0 2 349 599 402
1257 2 2 0 2 287 629 212
1258 2 2 0 2 542 616 450
1259 2 2 0 2 517 596 75
1260 2 2 0 2 241 603 145
1261 2 2 0 2 467 621 139
1262 2 2 0 2 538 619 269
1263 2 2 0 2 571 628 332
1264 2 2 0 2 561 588 405
1265 2 2 0 2 77 584 498
1266 2 2 0 2 61 555 543
1267 2 2 0 2 15 600 367
1268 2 2 0 2 622 633 482
1269 2 2 0 2 591 608 78
1270 2 2 0 2 102 650 101
1271 2 2 0 2 567 589 270
1272 2 2 0 2 577 592 369
1273 2 2 0 2 379 647 539
1274 2 2 0 2 139 621 475
1275 2 2 0 2 269 619 557
1276 2 2 0 2 450 616 573
1277 2 2 0 2 75 596 491
1278 2 2 0 2 566 647 379
1279 2 2 0 2 422 645 522
1280 2 2 0 2 313 651 316
1281 2 2 0 2 615 640 373
1282 2 2 0 2 612 646 390
1283 2 2 0 2 481 628 556
1284 2 2 0 2 58 624 97
1285 2 2 0 2 279 634 540
1286 2 2 0 2 1 637 539
1287 2 2 0 2 95 609 550
1288 2 2 0 2 592 609 95
1289 2 2 0 2 71 633 622
1290 2 2 0 2 606 641 90
1291 2 2 0 2 463 623 396
1292 2 2 0 2 428 603 146
1293 2 2 0 2 396 648 39
1294 2 2 0 2 94 641 606
1295 2 2 0 2 66 608 591
1296 2 2 0 2 456 640 615
1297 2 2 0 2 402 646 612
1298 2 2 0 2 145 603 428
1299 2 2 0 2 47 241 48
1300 2 2 0 2 48 241 145
1301 2 2 0 2 623 648 396
1302 2 2 0 3 1046 1062 1003
1303 2 2 0 3 46 659 45
1304 2 2 0 3 910 964 875
1305 2 2 0 3 711 1095 935
1306 2 2 0 3 806 808 807
1307 2 2 0 3 1084 1135 933
1308 2 2 0 3 719 1048 947
1309 2 2 0 3 18 1056 17
1310 2 2 0 3 732 1023 710
1311 2 2 0 3 996 1130 939
1312 2 2 0 3 687 1062 1046
1313 2 2 0 3 660 1168 673
1314 2 2 0 3 935 1155 711
1315 2 2 0 3 34 1084 33
1316 2 2 0 3 808 809 807
1317 2 2 0 3 983 992 934
1318 2 2 0 3 939 998 996
1319 2 2 0 3 26 1163 879
1320 2 2 0 3 886 981 887
1321 2 2 0 3 7 671 6
1322 2 2 0 3 759 1050 761
1323 2 2 0 3 834 987 945
1324 2 2 0 3 886 1036 981
1325 2 2 0 3 692 1038 694
1326 2 2 0 3 905 1142 1051
1327 2 2 0 3 879 1163 661
1328 2 2 0 3 876 990 734
1329 2 2 0 3 806 1189 808
1330 2 2 0 3 1095 1119 935
1331 2 2 0 3 1051 1142 659
1332 2 2 0 3 944 995 653
1333 2 2 0 3 1064 1140 666
1334 2 2 0 3 811 812 810
1335 2 2 0 3 993 1140 1064
1336 2 2 0 3 1086 1103 1022
1337 2 2 0 3 934 1135 983
1338 2 2 0 3 829 1050 1036
1339 2 2 0 3 798 1112 799
1340 2 2 0 3 673 1146 660
1341 2 2 0 3 927 1066 961
1342 2 2 0 3 808 1189 862
1343 2 2 0 3 752 885 764
1344 2 2 0 3 944 1126 995
1345 2 2 0 3 793 955 795
1346 2 2 0 3 964 1101 875
1347 2 2 0 3 708 710 709
1348 2 2 0 3 945 1033 801
1349 2 2 0 3 1022 1023 732
1350 2 2 0 3 865 986 860
1351 2 2 0 3 1004 1029 967
1352 2 2 0 3 673 1168 1034
1353 2 2 0 3 1082 1097 1018
1354 2 2 0 3 1083 1084 933
1355 2 2 0 3 947 1124 719
1356 2 2 0 3 722 1081 725
1357 2 2 0 3 808 811 810
1358 2 2 0 3 937 981 824
1359 2 2 0 3 677 991 675
1360 2 2 0 3 1020 1103 916
1361 2 2 0 3 759 761 757
1362 2 2 0 3 685 963 687
1363 2 2 0 3 762 1050 759
1364 2 2 0 3 805 937 824
1365 2 2 0 3 695 1038 692
1366 2 2 0 3 1072 1125 1057
1367 2 2 0 3 800 975 820
1368 2 2 0 3 965 1034 922
1369 2 2 0 3 1033 1112 801
1370 2 2 0 3 675 991 972
1371 2 2 0 3 834 945 823
1372 2 2 0 3 670 1072 1057
1373 2 2 0 3 1085 1165 1147
1374 2 2 0 3 24 1133 656
1375 2 2 0 3 24 656 23
1376 2 2 0 3 1002 1055 751
1377 2 2 0 3 755 971 758
1378 2 2 0 3 960 965 922
1379 2 2 0 3 1004 1044 877
1380 2 2 0 3 674 1135 1084
1381 2 2 0 3 816 1148 961
1382 2 2 0 3 898 1113 1100
1383 2 2 0 3 951 1149 1120
1384 2 2 0 3 943 1184 693
1385 2 2 0 3 955 975 795
1386 2 2 0 3 785 786 784
1387 2 2 0 3 782 1097 1082
1388 2 2 0 3 700 876 734
1389 2 2 0 3 718 977 948
1390 2 2 0 3 916 1103 1086
1391 2 2 0 3 751 1055 748
1392 2 2 0 3 733 924 680
1393 2 2 0 3 885 914 764
1394 2 2 0 3 1100 1104 898
1395 2 2 0 3 1031 1166 912
1396 2 2 0 3 1120 1149 883
1397 2 2 0 3 1104 1105 913
1398 2 2 0 3 799 1092 794
1399 2 2 0 3 796 960 922
1400 2 2 0 3 813 1052 959
1401 2 2 0 3 7 735 671
1402 2 2 0 3 765 1161 1128
1403 2 2 0 3 812 816 810
1404 2 2 0 3 668 1056 18
1405 2 2 0 3 673 1034 965
1406 2 2 0 3 757 971 755
1407 2 2 0 3 1061 1115 783
1408 2 2 0 3 708 709 707
1409 2 2 0 3 693 696 695
1410 2 2 0 3 965 1141 673
1411 2 2 0 3 781 785 784
1412 2 2 0 3 719 1077 1048
1413 2 2 0 3 775 919 777
1414 2 2 0 3 969 1106 1047
1415 2 2 0 3 48 1035 47
1416 2 2 0 3 919 1144 777
1417 2 2 0 3 967 1044 1004
1418 2 2 0 3 949 1139 668
1419 2 2 0 3 705 708 707
1420 2 2 0 3 860 986 894
1421 2 2 0 3 668 1122 949
1422 2 2 0 3 678 733 680
1423 2 2 0 3 1049 1156 767
1424 2 2 0 3 725 1081 880
1425 2 2 0 3 928 1067 1066
1426 2 2 0 3 1147 1165 716
1427 2 2 0 3 928 1066 927
1428 2 2 0 3 803 955 793
1429 2 2 0 3 1120 1170 951
1430 2 2 0 3 860 861 797
1431 2 2 0 3 795 975 800
1432 2 2 0 3 781 784 783
1433 2 2 0 3 708 731 710
1434 2 2 0 3 783 1145 1061
1435 2 2 0 3 46 1035 659
1436 2 2 0 3 674 1084 34
1437 2 2 0 3 911 1031 912
1438 2 2 0 3 1038 1074 694
1439 2 2 0 3 811 1052 813
1440 2 2 0 3 56 1100 667
1441 2 2 0 3 765 1128 1053
1442 2 2 0 3 808 862 811
1443 2 2 0 3 951 1170 931
1444 2 2 0 3 860 894 861
1445 2 2 0 3 657 1105 1104
1446 2 2 0 3 3 974 2
1447 2 2 0 3 1026 1146 989
1448 2 2 0 3 1047 1106 847
1449 2 2 0 3 966 1141 965
1450 2 2 0 3 792 793 791
1451 2 2 0 3 1029 1079 967
1452 2 2 0 3 961 1148 927
1453 2 2 0 3 693 1184 717
1454 2 2 0 3 708 911 731
1455 2 2 0 3 989 1089 1026
1456 2 2 0 3 862 1045 970
1457 2 2 0 3 929 1156 1049
1458 2 2 0 3 789 1078 932
1459 2 2 0 3 829 1130 996
1460 2 2 0 3 710 1176 732
1461 2 2 0 3 696 697 695
1462 2 2 0 3 911 912 731
1463 2 2 0 3 1036 1130 829
1464 2 2 0 3 756 759 757
1465 2 2 0 3 653 995 967
1466 2 2 0 3 809 819 807
1467 2 2 0 3 801 1112 798
1468 2 2 0 3 820 975 878
1469 2 2 0 3 804 979 883
1470 2 2 0 3 1063 1107 1064
1471 2 2 0 3 750 885 752
1472 2 2 0 3 971 1178 758
1473 2 2 0 3 937 1175 981
1474 2 2 0 3 792 803 793
1475 2 2 0 3 43 665 42
1476 2 2 0 3 1105 1153 946
1477 2 2 0 3 23 1060 22
1478 2 2 0 3 1057 1125 998
1479 2 2 0 3 946 1127 1105
1480 2 2 0 3 861 971 797
1481 2 2 0 3 720 1035 48
1482 2 2 0 3 718 1102 977
1483 2 2 0 3 1066 1067 938
1484 2 2 0 3 1019 1103 1020
1485 2 2 0 3 916 1169 1020
1486 2 2 0 3 1139 1149 952
1487 2 2 0 3 901 1002 751
1488 2 2 0 3 659 1111 45
1489 2 2 0 3 21 654 20
1490 2 2 0 3 940 1188 969
1491 2 2 0 3 956 975 955
1492 2 2 0 3 777 789 779
1493 2 2 0 3 662 1083 1041
1494 2 2 0 3 771 773 772
1495 2 2 0 3 1100 1113 667
1496 2 2 0 3 961 1116 816
1497 2 2 0 3 828 1082 1018
1498 2 2 0 3 822 823 802
1499 2 2 0 3 792 804 803
1500 2 2 0 3 950 971 861
1501 2 2 0 3 779 1170 781
1502 2 2 0 3 691 943 693
1503 2 2 0 3 987 1033 945
1504 2 2 0 3 963 1134 687
1505 2 2 0 3 959 1160 1132
1506 2 2 0 3 1084 1117 33
1507 2 2 0 3 740 999 743
1508 2 2 0 3 931 1170 779
1509 2 2 0 3 712 1191 984
1510 2 2 0 3 792 979 804
1511 2 2 0 3 859 869 818
1512 2 2 0 3 786 792 791
1513 2 2 0 3 1023 1152 710
1514 2 2 0 3 655 1063 16
1515 2 2 0 3 789 1144 1078
1516 2 2 0 3 809 961 819
1517 2 2 0 3 773 960 796
1518 2 2 0 3 869 1166 1031
1519 2 2 0 3 658 974 3
1520 2 2 0 3 760 762 759
1521 2 2 0 3 1008 1092 799
1522 2 2 0 3 789 932 931
1523 2 2 0 3 777 1144 789
1524 2 2 0 3 709 719 707
1525 2 2 0 3 984 1067 712
1526 2 2 0 3 786 790 784
1527 2 2 0 3 822 832 823
1528 2 2 0 3 813 815 814
1529 2 2 0 3 1015 1019 1011
1530 2 2 0 3 932 951 931
1531 2 2 0 3 1027 1152 711
1532 2 2 0 3 905 1051 727
1533 2 2 0 3 956 1185 975
1534 2 2 0 3 784 1145 783
1535 2 2 0 3 823 945 802
1536 2 2 0 3 813 959 815
1537 2 2 0 3 808 810 809
1538 2 2 0 3 693 717 696
1539 2 2 0 3 826 831 827
1540 2 2 0 3 773 774 772
1541 2 2 0 3 676 677 675
1542 2 2 0 3 959 1132 826
1543 2 2 0 3 719 1124 707
1544 2 2 0 3 938 1067 984
1545 2 2 0 3 815 817 814
1546 2 2 0 3 826 827 825
1547 2 2 0 3 1109 1184 957
1548 2 2 0 3 844 1000 871
1549 2 2 0 3 1031 1158 1075
1550 2 2 0 3 930 1077 864
1551 2 2 0 3 970 1052 862
1552 2 2 0 3 820 822 802
1553 2 2 0 3 799 1112 1098
1554 2 2 0 3 698 1108 876
1555 2 2 0 3 773 775 774
1556 2 2 0 3 899 900 739
1557 2 2 0 3 708 1158 911
1558 2 2 0 3 705 1158 708
1559 2 2 0 3 756 757 755
1560 2 2 0 3 900 1141 1128
1561 2 2 0 3 17 1056 655
1562 2 2 0 3 910 1143 964
1563 2 2 0 3 786 979 792
1564 2 2 0 3 761 1050 829
1565 2 2 0 3 6 671 5
1566 2 2 0 3 973 1140 923
1567 2 2 0 3 775 777 776
1568 2 2 0 3 862 1052 811
1569 2 2 0 3 924 1099 680
1570 2 2 0 3 785 979 786
1571 2 2 0 3 771 960 773
1572 2 2 0 3 827 915 825
1573 2 2 0 3 832 833 823
1574 2 2 0 3 17 655 16
1575 2 2 0 3 804 881 803
1576 2 2 0 3 42 978 41
1577 2 2 0 3 1128 1141 966
1578 2 2 0 3 912 980 731
1579 2 2 0 3 979 1120 883
1580 2 2 0 3 790 845 830
1581 2 2 0 3 923 1168 973
1582 2 2 0 3 717 1184 1109
1583 2 2 0 3 696 1108 698
1584 2 2 0 3 667 986 985
1585 2 2 0 3 732 1086 1022
1586 2 2 0 3 715 1081 722
1587 2 2 0 3 19 897 668
1588 2 2 0 3 769 866 771
1589 2 2 0 3 793 794 791
1590 2 2 0 3 910 1074 1038
1591 2 2 0 3 761 821 797
1592 2 2 0 3 948 991 677
1593 2 2 0 3 917 1138 884
1594 2 2 0 3 868 1041 1040
1595 2 2 0 3 897 1122 668
1596 2 2 0 3 654 897 20
1597 2 2 0 3 769 1171 866
1598 2 2 0 3 781 783 780
1599 2 2 0 3 969 1047 940
1600 2 2 0 3 949 1149 1139
1601 2 2 0 3 1169 1182 1020
1602 2 2 0 3 36 983 35
1603 2 2 0 3 761 797 757
1604 2 2 0 3 804 882 881
1605 2 2 0 3 1024 1172 1118
1606 2 2 0 3 777 779 778
1607 2 2 0 3 984 1175 938
1608 2 2 0 3 739 999 740
1609 2 2 0 3 802 945 801
1610 2 2 0 3 821 865 860
1611 2 2 0 3 994 1107 953
1612 2 2 0 3 800 802 801
1613 2 2 0 3 790 830 784
1614 2 2 0 3 753 901 751
1615 2 2 0 3 711 1152 1023
1616 2 2 0 3 773 796 775
1617 2 2 0 3 926 1075 928
1618 2 2 0 3 1003 1102 1046
1619 2 2 0 3 827 916 915
1620 2 2 0 3 31 944 653
1621 2 2 0 3 886 887 728
1622 2 2 0 3 720 1051 1035
1623 2 2 0 3 789 931 779
1624 2 2 0 3 815 959 826
1625 2 2 0 3 980 1093 732
1626 2 2 0 3 866 960 771
1627 2 2 0 3 800 820 802
1628 2 2 0 3 786 791 790
1629 2 2 0 3 926 928 927
1630 2 2 0 3 723 729 727
1631 2 2 0 3 865 1190 986
1632 2 2 0 3 988 1188 940
1633 2 2 0 3 881 884 803
1634 2 2 0 3 811 813 812
1635 2 2 0 3 838 1040 904
1636 2 2 0 3 820 877 822
1637 2 2 0 3 775 776 774
1638 2 2 0 3 19 668 18
1639 2 2 0 3 821 860 797
1640 2 2 0 3 736 867 671
1641 2 2 0 3 732 1176 980
1642 2 2 0 3 656 1060 23
1643 2 2 0 3 934 977 903
1644 2 2 0 3 705 707 703
1645 2 2 0 3 993 994 921
1646 2 2 0 3 968 1139 952
1647 2 2 0 3 735 736 671
1648 2 2 0 3 20 897 19
1649 2 2 0 3 866 965 960
1650 2 2 0 3 812 1042 816
1651 2 2 0 3 833 834 823
1652 2 2 0 3 688 963 685
1653 2 2 0 3 869 1031 926
1654 2 2 0 3 1009 1064 666
1655 2 2 0 3 16 1063 15
1656 2 2 0 3 1035 1051 659
1657 2 2 0 3 1041 1186 662
1658 2 2 0 3 766 769 768
1659 2 2 0 3 817 818 814
1660 2 2 0 3 51 670 50
1661 2 2 0 3 796 922 920
1662 2 2 0 3 799 1098 1008
1663 2 2 0 3 866 1171 1053
1664 2 2 0 3 793 795 794
1665 2 2 0 3 1005 1121 1030
1666 2 2 0 3 995 1044 967
1667 2 2 0 3 1000 1178 1154
1668 2 2 0 3 894 895 861
1669 2 2 0 3 779 781 780
1670 2 2 0 3 869 926 925
1671 2 2 0 3 1098 1179 1008
1672 2 2 0 3 1020 1182 1049
1673 2 2 0 3 864 1077 907
1674 2 2 0 3 769 770 768
1675 2 2 0 3 1027 1077 719
1676 2 2 0 3 1128 1161 999
1677 2 2 0 3 906 1070 1069
1678 2 2 0 3 933 934 903
1679 2 2 0 3 836 987 834
1680 2 2 0 3 907 1077 1027
1681 2 2 0 3 888 1001 987
1682 2 2 0 3 936 1157 726
1683 2 2 0 3 769 771 770
1684 2 2 0 3 655 1107 1063
1685 2 2 0 3 889 890 888
1686 2 2 0 3 698 700 699
1687 2 2 0 3 800 801 798
1688 2 2 0 3 986 1190 985
1689 2 2 0 3 726 990 896
1690 2 2 0 3 666 973 13
1691 2 2 0 3 884 955 803
1692 2 2 0 3 839 1002 841
1693 2 2 0 3 1040 1041 904
1694 2 2 0 3 832 1044 995
1695 2 2 0 3 819 937 807
1696 2 2 0 3 698 876 700
1697 2 2 0 3 1064 1107 994
1698 2 2 0 3 678 680 679
1699 2 2 0 3 43 976 665
1700 2 2 0 3 44 976 43
1701 2 2 0 3 877 1044 822
1702 2 2 0 3 835 836 834
1703 2 2 0 3 926 927 925
1704 2 2 0 3 700 701 699
1705 2 2 0 3 779 780 778
1706 2 2 0 3 953 968 952
1707 2 2 0 3 816 1116 810
1708 2 2 0 3 797 971 757
1709 2 2 0 3 776 828 774
1710 2 2 0 3 972 991 664
1711 2 2 0 3 820 878 877
1712 2 2 0 3 665 978 42
1713 2 2 0 3 920 993 921
1714 2 2 0 3 1011 1019 1010
1715 2 2 0 3 872 888 836
1716 2 2 0 3 856 858 855
1717 2 2 0 3 796 920 919
1718 2 2 0 3 794 1092 791
1719 2 2 0 3 962 963 688
1720 2 2 0 3 815 826 825
1721 2 2 0 3 872 889 888
1722 2 2 0 3 737 899 739
1723 2 2 0 3 1073 1173 917
1724 2 2 0 3 771 772 770
1725 2 2 0 3 697 713 695
1726 2 2 0 3 922 923 920
1727 2 2 0 3 710 1152 709
1728 2 2 0 3 680 1099 682
1729 2 2 0 3 804 883 882
1730 2 2 0 3 903 977 902
1731 2 2 0 3 27 1163 26
1732 2 2 0 3 837 1003 872
1733 2 2 0 3 908 988 892
1734 2 2 0 3 667 985 55
1735 2 2 0 3 912 1123 980
1736 2 2 0 3 837 872 836
1737 2 2 0 3 914 970 764
1738 2 2 0 3 942 1033 1001
1739 2 2 0 3 866 966 965
1740 2 2 0 3 758 1178 1000
1741 2 2 0 3 1134 1162 891
1742 2 2 0 3 939 1180 998
1743 2 2 0 3 830 1145 784
1744 2 2 0 3 942 1001 893
1745 2 2 0 3 10 1026 9
1746 2 2 0 3 791 1092 790
1747 2 2 0 3 652 1076 997
1748 2 2 0 3 55 985 54
1749 2 2 0 3 932 953 952
1750 2 2 0 3 711 1155 1027
1751 2 2 0 3 888 987 836
1752 2 2 0 3 765 766 747
1753 2 2 0 3 902 1003 837
1754 2 2 0 3 928 1068 1067
1755 2 2 0 3 745 765 747
1756 2 2 0 3 869 925 818
1757 2 2 0 3 59 657 58
1758 2 2 0 3 730 905 727
1759 2 2 0 3 991 992 664
1760 2 2 0 3 822 1044 832
1761 2 2 0 3 932 952 951
1762 2 2 0 3 835 1040 838
1763 2 2 0 3 1019 1020 788
1764 2 2 0 3 852 856 855
1765 2 2 0 3 661 954 879
1766 2 2 0 3 709 1152 1027
1767 2 2 0 3 679 948 677
1768 2 2 0 3 697 1039 713
1769 2 2 0 3 730 906 905
1770 2 2 0 3 663 1183 676
1771 2 2 0 3 729 730 727
1772 2 2 0 3 807 937 805
1773 2 2 0 3 943 1165 1085
1774 2 2 0 3 777 778 776
1775 2 2 0 3 709 1027 719
1776 2 2 0 3 912 1166 1123
1777 2 2 0 3 900 999 739
1778 2 2 0 3 665 1070 978
1779 2 2 0 3 873 930 864
1780 2 2 0 3 880 886 728
1781 2 2 0 3 920 921 919
1782 2 2 0 3 701 947 699
1783 2 2 0 3 734 1088 1058
1784 2 2 0 3 690 962 688
1785 2 2 0 3 1073 1122 654
1786 2 2 0 3 1075 1158 706
1787 2 2 0 3 31 653 30
1788 2 2 0 3 845 847 846
1789 2 2 0 3 854 1114 851
1790 2 2 0 3 881 917 884
1791 2 2 0 3 982 1115 1061
1792 2 2 0 3 735 737 736
1793 2 2 0 3 693 695 692
1794 2 2 0 3 1021 1023 1022
1795 2 2 0 3 838 903 902
1796 2 2 0 3 898 913 895
1797 2 2 0 3 998 1180 1057
1798 2 2 0 3 37 1028 36
1799 2 2 0 3 740 741 738
1800 2 2 0 3 48 1025 720
1801 2 2 0 3 838 904 903
1802 2 2 0 3 909 910 875
1803 2 2 0 3 656 1133 1007
1804 2 2 0 3 13 973 12
1805 2 2 0 3 35 983 674
1806 2 2 0 3 838 902 837
1807 2 2 0 3 844 1131 1000
1808 2 2 0 3 1001 1033 987
1809 2 2 0 3 832 868 833
1810 2 2 0 3 1118 1172 924
1811 2 2 0 3 1041 1083 904
1812 2 2 0 3 1060 1173 22
1813 2 2 0 3 1005 1030 842
1814 2 2 0 3 1017 1192 1032
1815 2 2 0 3 906 1069 905
1816 2 2 0 3 873 964 930
1817 2 2 0 3 885 1071 914
1818 2 2 0 3 923 993 920
1819 2 2 0 3 977 1110 948
1820 2 2 0 3 978 1183 663
1821 2 2 0 3 29 1079 1029
1822 2 2 0 3 889 891 890
1823 2 2 0 3 858 982 855
1824 2 2 0 3 832 995 868
1825 2 2 0 3 1014 1018 1017
1826 2 2 0 3 1010 1019 788
1827 2 2 0 3 845 1008 847
1828 2 2 0 3 883 949 882
1829 2 2 0 3 661 1029 1004
1830 2 2 0 3 1059 1127 871
1831 2 2 0 3 1088 1191 712
1832 2 2 0 3 890 1001 888
1833 2 2 0 3 904 933 903
1834 2 2 0 3 846 848 830
1835 2 2 0 3 821 996 865
1836 2 2 0 3 845 846 830
1837 2 2 0 3 728 936 726
1838 2 2 0 3 756 760 759
1839 2 2 0 3 868 1040 833
1840 2 2 0 3 873 1101 964
1841 2 2 0 3 700 734 702
1842 2 2 0 3 954 1007 879
1843 2 2 0 3 859 1166 869
1844 2 2 0 3 741 1043 738
1845 2 2 0 3 833 835 834
1846 2 2 0 3 1042 1148 816
1847 2 2 0 3 723 727 721
1848 2 2 0 3 795 798 794
1849 2 2 0 3 817 1054 859
1850 2 2 0 3 729 957 918
1851 2 2 0 3 996 997 865
1852 2 2 0 3 925 1042 818
1853 2 2 0 3 891 892 890
1854 2 2 0 3 1012 1013 1011
1855 2 2 0 3 729 918 730
1856 2 2 0 3 685 687 683
1857 2 2 0 3 982 1097 782
1858 2 2 0 3 781 1170 785
1859 2 2 0 3 1013 1015 1011
1860 2 2 0 3 1048 1077 930
1861 2 2 0 3 996 998 997
1862 2 2 0 3 817 859 818
1863 2 2 0 3 1021 1022 1015
1864 2 2 0 3 892 988 940
1865 2 2 0 3 819 938 937
1866 2 2 0 3 1014 1017 1016
1867 2 2 0 3 1022 1103 1015
1868 2 2 0 3 14 666 13
1869 2 2 0 3 884 956 955
1870 2 2 0 3 52 1072 51
1871 2 2 0 3 684 716 686
1872 2 2 0 3 893 1001 890
1873 2 2 0 3 853 1106 969
1874 2 2 0 3 864 907 863
1875 2 2 0 3 899 989 900
1876 2 2 0 3 734 1157 1088
1877 2 2 0 3 827 1169 916
1878 2 2 0 3 857 873 864
1879 2 2 0 3 658 1177 974
1880 2 2 0 3 796 919 775
1881 2 2 0 3 1005 1177 1121
1882 2 2 0 3 1014 1016 1013
1883 2 2 0 3 935 1032 863
1884 2 2 0 3 790 1092 845
1885 2 2 0 3 758 1000 901
1886 2 2 0 3 891 908 892
1887 2 2 0 3 867 1043 1030
1888 2 2 0 3 1013 1021 1015
1889 2 2 0 3 1060 1138 917
1890 2 2 0 3 922 1034 923
1891 2 2 0 3 997 1125 652
1892 2 2 0 3 662 1084 1083
1893 2 2 0 3 856 1032 858
1894 2 2 0 3 835 837 836
1895 2 2 0 3 906 1118 1070
1896 2 2 0 3 941 942 893
1897 2 2 0 3 852 855 850
1898 2 2 0 3 895 950 861
1899 2 2 0 3 694 962 690
1900 2 2 0 3 833 1040 835
1901 2 2 0 3 940 941 893
1902 2 2 0 3 857 864 863
1903 2 2 0 3 907 935 863
1904 2 2 0 3 1032 1119 1017
1905 2 2 0 3 36 1028 983
1906 2 2 0 3 908 1162 1136
1907 2 2 0 3 1058 1088 712
1908 2 2 0 3 942 1112 1033
1909 2 2 0 3 26 879 25
1910 2 2 0 3 699 1039 697
1911 2 2 0 3 1024 1118 906
1912 2 2 0 3 1136 1162 962
1913 2 2 0 3 15 1009 14
1914 2 2 0 3 57 1100 56
1915 2 2 0 3 661 1004 954
1916 2 2 0 3 726 1157 990
1917 2 2 0 3 736 1043 867
1918 2 2 0 3 740 742 741
1919 2 2 0 3 758 901 753
1920 2 2 0 3 1003 1062 872
1921 2 2 0 3 761 829 821
1922 2 2 0 3 795 800 798
1923 2 2 0 3 1018 1181 828
1924 2 2 0 3 871 946 870
1925 2 2 0 3 782 1115 982
1926 2 2 0 3 844 871 870
1927 2 2 0 3 798 799 794
1928 2 2 0 3 825 1054 817
1929 2 2 0 3 835 838 837
1930 2 2 0 3 818 1042 814
1931 2 2 0 3 813 814 812
1932 2 2 0 3 849 853 851
1933 2 2 0 3 718 948 679
1934 2 2 0 3 990 1157 734
1935 2 2 0 3 1093 1123 1054
1936 2 2 0 3 1016 1021 1013
1937 2 2 0 3 787 1012 1011
1938 2 2 0 3 946 958 870
1939 2 2 0 3 868 1126 1041
1940 2 2 0 3 1012 1014 1013
1941 2 2 0 3 1015 1103 1019
1942 2 2 0 3 950 1178 971
1943 2 2 0 3 734 1058 702
1944 2 2 0 3 892 893 890
1945 2 2 0 3 892 940 893
1946 2 2 0 3 654 1122 897
1947 2 2 0 3 852 857 856
1948 2 2 0 3 1023 1095 711
1949 2 2 0 3 967 1079 653
1950 2 2 0 3 1030 1043 840
1951 2 2 0 3 958 1005 870
1952 2 2 0 3 887 936 728
1953 2 2 0 3 989 1146 673
1954 2 2 0 3 994 1078 921
1955 2 2 0 3 663 676 675
1956 2 2 0 3 839 1055 1002
1957 2 2 0 3 38 664 37
1958 2 2 0 3 770 1010 768
1959 2 2 0 3 853 854 851
1960 2 2 0 3 842 1030 840
1961 2 2 0 3 963 1162 1134
1962 2 2 0 3 925 1148 1042
1963 2 2 0 3 935 1119 1032
1964 2 2 0 3 780 782 778
1965 2 2 0 3 857 863 856
1966 2 2 0 3 673 1141 989
1967 2 2 0 3 953 1078 994
1968 2 2 0 3 928 1075 1068
1969 2 2 0 3 826 1132 831
1970 2 2 0 3 1132 1160 914
1971 2 2 0 3 1032 1192 858
1972 2 2 0 3 993 1064 994
1973 2 2 0 3 787 1011 1010
1974 2 2 0 3 35 674 34
1975 2 2 0 3 863 1032 856
1976 2 2 0 3 41 978 663
1977 2 2 0 3 713 1038 695
1978 2 2 0 3 934 1110 977
1979 2 2 0 3 889 1134 891
1980 2 2 0 3 670 1006 50
1981 2 2 0 3 977 1102 902
1982 2 2 0 3 1094 1185 1150
1983 2 2 0 3 1036 1050 824
1984 2 2 0 3 948 1110 991
1985 2 2 0 3 1070 1183 978
1986 2 2 0 3 1150 1185 956
1987 2 2 0 3 1080 1109 957
1988 2 2 0 3 687 1046 683
1989 2 2 0 3 815 825 817
1990 2 2 0 3 805 824 762
1991 2 2 0 3 726 896 724
1992 2 2 0 3 853 969 874
1993 2 2 0 3 787 1010 770
1994 2 2 0 3 881 1073 917
1995 2 2 0 3 898 1104 913
1996 2 2 0 3 947 1039 699
1997 2 2 0 3 809 1116 961
1998 2 2 0 3 749 929 885
1999 2 2 0 3 911 1158 1031
2000 2 2 0 3 660 1146 672
2001 2 2 0 3 2 843 1
2002 2 2 0 3 909 1188 988
2003 2 2 0 3 720 1025 715
2004 2 2 0 3 841 842 840
2005 2 2 0 3 50 1006 49
2006 2 2 0 3 717 1108 696
2007 2 2 0 3 874 909 875
2008 2 2 0 3 2 974 843
2009 2 2 0 3 853 874 854
2010 2 2 0 3 727 1051 721
2011 2 2 0 3 1002 1131 841
2012 2 2 0 3 772 787 770
2013 2 2 0 3 896 1109 1080
2014 2 2 0 3 983 1028 992
2015 2 2 0 3 704 706 705
2016 2 2 0 3 702 1058 704
2017 2 2 0 3 725 880 728
2018 2 2 0 3 841 844 842
2019 2 2 0 3 814 1042 812
2020 2 2 0 3 916 1086 915
2021 2 2 0 3 870 1005 842
2022 2 2 0 3 4 1065 658
2023 2 2 0 3 981 1036 824
2024 2 2 0 3 1000 1131 901
2025 2 2 0 3 12 660 11
2026 2 2 0 3 871 1127 946
2027 2 2 0 3 680 681 679
2028 2 2 0 3 970 1037 764
2029 2 2 0 3 915 1093 1054
2030 2 2 0 3 1031 1075 926
2031 2 2 0 3 39 972 38
2032 2 2 0 3 746 748 744
2033 2 2 0 3 882 1073 881
2034 2 2 0 3 767 1156 747
2035 2 2 0 3 738 1043 736
2036 2 2 0 3 737 739 738
2037 2 2 0 3 45 1111 44
2038 2 2 0 3 675 1174 40
2039 2 2 0 3 930 1091 1048
2040 2 2 0 3 871 1154 1059
2041 2 2 0 3 933 1135 934
2042 2 2 0 3 918 1024 730
2043 2 2 0 3 829 996 821
2044 2 2 0 3 652 1072 52
2045 2 2 0 3 755 758 753
2046 2 2 0 3 730 1024 906
2047 2 2 0 3 748 1055 744
2048 2 2 0 3 664 1028 37
2049 2 2 0 3 884 1138 956
2050 2 2 0 3 872 1062 889
2051 2 2 0 3 917 1173 1060
2052 2 2 0 3 764 1037 754
2053 2 2 0 3 54 1076 53
2054 2 2 0 3 929 1071 885
2055 2 2 0 3 851 1114 852
2056 2 2 0 3 737 738 736
2057 2 2 0 3 787 1096 1012
2058 2 2 0 3 1061 1145 848
2059 2 2 0 3 999 1161 743
2060 2 2 0 3 876 1129 990
2061 2 2 0 3 47 1035 46
2062 2 2 0 3 681 1046 718
2063 2 2 0 3 995 1126 868
2064 2 2 0 3 980 1176 731
2065 2 2 0 3 866 1053 966
2066 2 2 0 3 1020 1049 788
2067 2 2 0 3 1105 1127 913
2068 2 2 0 3 681 718 679
2069 2 2 0 3 831 1182 1169
2070 2 2 0 3 992 1110 934
2071 2 2 0 3 874 875 854
2072 2 2 0 3 844 870 842
2073 2 2 0 3 961 1066 819
2074 2 2 0 3 684 1099 716
2075 2 2 0 3 846 849 848
2076 2 2 0 3 1000 1154 871
2077 2 2 0 3 32 1164 31
2078 2 2 0 3 894 898 895
2079 2 2 0 3 768 1010 788
2080 2 2 0 3 904 1083 933
2081 2 2 0 3 59 1151 657
2082 2 2 0 3 894 1113 898
2083 2 2 0 3 785 1170 1120
2084 2 2 0 3 915 1054 825
2085 2 2 0 3 1030 1121 867
2086 2 2 0 3 776 1082 828
2087 2 2 0 3 855 1061 850
2088 2 2 0 3 970 1045 1037
2089 2 2 0 3 988 1137 909
2090 2 2 0 3 991 1110 992
2091 2 2 0 3 940 1047 941
2092 2 2 0 3 739 740 738
2093 2 2 0 3 742 839 741
2094 2 2 0 3 689 690 688
2095 2 2 0 3 654 1173 1073
2096 2 2 0 3 733 1118 924
2097 2 2 0 3 840 1043 741
2098 2 2 0 3 1021 1095 1023
2099 2 2 0 3 4 658 3
2100 2 2 0 3 849 1106 853
2101 2 2 0 3 981 984 887
2102 2 2 0 3 857 1114 873
2103 2 2 0 3 31 1164 944
2104 2 2 0 3 909 1074 910
2105 2 2 0 3 839 841 840
2106 2 2 0 3 663 675 40
2107 2 2 0 3 766 767 747
2108 2 2 0 3 683 1046 681
2109 2 2 0 3 1048 1091 1039
2110 2 2 0 3 989 1141 900
2111 2 2 0 3 1069 1142 905
2112 2 2 0 3 982 1061 855
2113 2 2 0 3 729 1080 957
2114 2 2 0 3 913 1059 895
2115 2 2 0 3 712 1087 1058
2116 2 2 0 3 49 1025 48
2117 2 2 0 3 722 723 721
2118 2 2 0 3 715 722 721
2119 2 2 0 3 29 1029 28
2120 2 2 0 3 716 1165 686
2121 2 2 0 3 839 840 741
2122 2 2 0 3 1034 1168 923
2123 2 2 0 3 44 1111 976
2124 2 2 0 3 715 721 720
2125 2 2 0 3 901 1131 1002
2126 2 2 0 3 1 1151 59
2127 2 2 0 3 731 1176 710
2128 2 2 0 3 896 1080 724
2129 2 2 0 3 752 764 754
2130 2 2 0 3 721 1051 720
2131 2 2 0 3 908 1137 988
2132 2 2 0 3 676 678 677
2133 2 2 0 3 754 1037 756
2134 2 2 0 3 990 1129 896
2135 2 2 0 3 941 1098 942
2136 2 2 0 3 858 1097 982
2137 2 2 0 3 845 1092 1008
2138 2 2 0 3 1101 1114 854
2139 2 2 0 3 742 1055 839
2140 2 2 0 3 953 1107 968
2141 2 2 0 3 902 1102 1003
2142 2 2 0 3 952 1149 951
2143 2 2 0 3 964 1091 930
2144 2 2 0 3 850 1061 848
2145 2 2 0 3 824 1050 762
2146 2 2 0 3 667 1113 986
2147 2 2 0 3 704 1087 706
2148 2 2 0 3 986 1113 894
2149 2 2 0 3 788 1049 767
2150 2 2 0 3 932 1078 953
2151 2 2 0 3 1121 1177 658
2152 2 2 0 3 947 1048 1039
2153 2 2 0 3 847 1106 846
2154 2 2 0 3 1056 1107 655
2155 2 2 0 3 1014 1181 1018
2156 2 2 0 3 774 1096 772
2157 2 2 0 3 880 939 886
2158 2 2 0 3 746 749 748
2159 2 2 0 3 980 1123 1093
2160 2 2 0 3 1065 1121 658
2161 2 2 0 3 56 667 55
2162 2 2 0 3 1123 1166 859
2163 2 2 0 3 676 733 678
2164 2 2 0 3 668 1139 1056
2165 2 2 0 3 768 788 767
2166 2 2 0 3 785 1120 979
2167 2 2 0 3 849 850 848
2168 2 2 0 3 957 1085 918
2169 2 2 0 3 737 1090 899
2170 2 2 0 3 723 1080 729
2171 2 2 0 3 714 1025 49
2172 2 2 0 3 946 1153 958
2173 2 2 0 3 851 852 850
2174 2 2 0 3 828 1096 774
2175 2 2 0 3 717 1109 1108
2176 2 2 0 3 941 1179 1098
2177 2 2 0 3 783 1115 780
2178 2 2 0 3 772 1096 787
2179 2 2 0 3 782 1082 778
2180 2 2 0 3 662 1117 1084
2181 2 2 0 3 882 1122 1073
2182 2 2 0 3 724 1080 723
2183 2 2 0 3 1067 1068 712
2184 2 2 0 3 725 726 724
2185 2 2 0 3 1046 1102 718
2186 2 2 0 3 831 1169 827
2187 2 2 0 3 862 1189 1045
2188 2 2 0 3 879 1133 25
2189 2 2 0 3 1038 1143 910
2190 2 2 0 3 30 1079 29
2191 2 2 0 3 1070 1118 733
2192 2 2 0 3 1109 1129 1108
2193 2 2 0 3 706 1087 1068
2194 2 2 0 3 1085 1147 918
2195 2 2 0 3 874 1188 909
2196 2 2 0 3 744 1055 742
2197 2 2 0 3 8 1159 7
2198 2 2 0 3 25 1133 24
2199 2 2 0 3 722 724 723
2200 2 2 0 3 669 1159 8
2201 2 2 0 3 867 1065 671
2202 2 2 0 3 843 1153 1105
2203 2 2 0 3 1090 1159 669
2204 2 2 0 3 954 1094 1007
2205 2 2 0 3 678 679 677
2206 2 2 0 3 28 1163 27
2207 2 2 0 3 1017 1119 1016
2208 2 2 0 3 740 743 742
2209 2 2 0 3 849 851 850
2210 2 2 0 3 1078 1144 921
2211 2 2 0 3 707 1124 703
2212 2 2 0 3 819 1066 938
2213 2 2 0 3 733 1183 1070
2214 2 2 0 3 1025 1081 715
2215 2 2 0 3 1058 1087 704
2216 2 2 0 3 778 1082 776
2217 2 2 0 3 1069 1070 665
2218 2 2 0 3 883 1149 949
2219 2 2 0 3 914 1160 970
2220 2 2 0 3 886 1130 1036
2221 2 2 0 3 686 689 688
2222 2 2 0 3 687 1134 1062
2223 2 2 0 3 701 1124 947
2224 2 2 0 3 848 1145 830
2225 2 2 0 3 949 1122 882
2226 2 2 0 3 7 1159 735
2227 2 2 0 3 766 768 767
2228 2 2 0 3 766 1171 769
2229 2 2 0 3 873 1114 1101
2230 2 2 0 3 725 728 726
2231 2 2 0 3 895 1059 950
2232 2 2 0 3 694 1136 962
2233 2 2 0 3 659 1142 1111
2234 2 2 0 3 975 1185 878
2235 2 2 0 3 672 1146 1026
2236 2 2 0 3 33 1117 32
2237 2 2 0 3 962 1162 963
2238 2 2 0 3 682 1099 684
2239 2 2 0 3 1016 1095 1021
2240 2 2 0 3 750 751 748
2241 2 2 0 3 692 694 690
2242 2 2 0 3 806 807 805
2243 2 2 0 3 49 1006 714
2244 2 2 0 3 877 1167 1004
2245 2 2 0 3 1016 1119 1095
2246 2 2 0 3 939 1130 886
2247 2 2 0 3 852 1114 857
2248 2 2 0 3 735 1090 737
2249 2 2 0 3 684 685 683
2250 2 2 0 3 780 1115 782
2251 2 2 0 3 12 973 660
2252 2 2 0 3 1052 1160 959
2253 2 2 0 3 983 1135 674
2254 2 2 0 3 666 1140 973
2255 2 2 0 3 921 1144 919
2256 2 2 0 3 745 1161 765
2257 2 2 0 3 1063 1064 1009
2258 2 2 0 3 1054 1123 859
2259 2 2 0 3 1018 1192 1017
2260 2 2 0 3 810 1116 809
2261 2 2 0 3 923 1140 993
2262 2 2 0 3 58 1187 57
2263 2 2 0 3 968 1107 1056
2264 2 2 0 3 998 1125 997
2265 2 2 0 3 1154 1178 950
2266 2 2 0 3 875 1101 854
2267 2 2 0 3 660 672 11
2268 2 2 0 3 927 1148 925
2269 2 2 0 3 976 1069 665
2270 2 2 0 3 704 705 703
2271 2 2 0 3 15 1063 1009
2272 2 2 0 3 891 1162 908
2273 2 2 0 3 652 1125 1072
2274 2 2 0 3 1008 1179 847
2275 2 2 0 3 743 744 742
2276 2 2 0 3 846 1106 849
2277 2 2 0 3 985 1076 54
2278 2 2 0 3 732 1093 1086
2279 2 2 0 3 1096 1181 1012
2280 2 2 0 3 867 1121 1065
2281 2 2 0 3 22 1173 21
2282 2 2 0 3 722 725 724
2283 2 2 0 3 53 652 52
2284 2 2 0 3 689 943 691
2285 2 2 0 3 957 1184 1085
2286 2 2 0 3 749 1156 929
2287 2 2 0 3 1039 1091 713
2288 2 2 0 3 1068 1087 712
2289 2 2 0 3 1094 1167 878
2290 2 2 0 3 682 684 683
2291 2 2 0 3 1026 1089 669
2292 2 2 0 3 958 1177 1005
2293 2 2 0 3 760 763 762
2294 2 2 0 3 1004 1167 954
2295 2 2 0 3 714 1180 1081
2296 2 2 0 3 713 1143 1038
2297 2 2 0 3 41 663 40
2298 2 2 0 3 14 1009 666
2299 2 2 0 3 878 1167 877
2300 2 2 0 3 756 1037 760
2301 2 2 0 3 754 756 755
2302 2 2 0 3 676 1183 733
2303 2 2 0 3 1098 1112 942
2304 2 2 0 3 1068 1075 706
2305 2 2 0 3 907 1155 935
2306 2 2 0 3 714 1081 1025
2307 2 2 0 3 828 1181 1096
2308 2 2 0 3 1027 1155 907
2309 2 2 0 3 763 805 762
2310 2 2 0 3 831 1132 1071
2311 2 2 0 3 1108 1129 876
2312 2 2 0 3 929 1182 1071
2313 2 2 0 3 1086 1093 915
2314 2 2 0 3 918 1147 1024
2315 2 2 0 3 958 1153 974
2316 2 2 0 3 900 1128 999
2317 2 2 0 3 1099 1172 716
2318 2 2 0 3 992 1028 664
2319 2 2 0 3 686 688 685
2320 2 2 0 3 745 746 744
2321 2 2 0 3 5 1065 4
2322 2 2 0 3 691 693 692
2323 2 2 0 3 706 1158 705
2324 2 2 0 3 745 747 746
2325 2 2 0 3 1089 1090 669
2326 2 2 0 3 954 1167 1094
2327 2 2 0 3 1007 1150 656
2328 2 2 0 3 754 755 753
2329 2 2 0 3 997 1190 865
2330 2 2 0 3 841 1131 844
2331 2 2 0 3 1007 1133 879
2332 2 2 0 3 887 1191 936
2333 2 2 0 3 656 1138 1060
2334 2 2 0 3 1057 1180 714
2335 2 2 0 3 1053 1128 966
2336 2 2 0 3 1105 1151 843
2337 2 2 0 3 969 1188 874
2338 2 2 0 3 1062 1134 889
2339 2 2 0 3 896 1129 1109
2340 2 2 0 3 700 702 701
2341 2 2 0 3 899 1089 989
2342 2 2 0 3 671 1065 5
2343 2 2 0 3 1071 1132 914
2344 2 2 0 3 9 1026 669
2345 2 2 0 3 703 1124 701
2346 2 2 0 3 964 1143 1091
2347 2 2 0 3 970 1160 1052
2348 2 2 0 3 672 1026 10
2349 2 2 0 3 752 753 751
2350 2 2 0 3 843 1151 1
2351 2 2 0 3 657 1151 1105
2352 2 2 0 3 686 1165 689
2353 2 2 0 3 760 1045 763
2354 2 2 0 3 1012 1181 1014
2355 2 2 0 3 716 1172 1147
2356 2 2 0 3 973 1168 660
2357 2 2 0 3 1071 1182 831
2358 2 2 0 3 11 672 10
2359 2 2 0 3 53 1076 652
2360 2 2 0 3 974 1177 958
2361 2 2 0 3 938 1175 937
2362 2 2 0 3 743 745 744
2363 2 2 0 3 702 704 703
2364 2 2 0 3 702 703 701
2365 2 2 0 3 21 1173 654
2366 2 2 0 3 1088 1157 936
2367 2 2 0 3 749 885 750
2368 2 2 0 3 878 1185 1094
2369 2 2 0 3 1053 1171 765
2370 2 2 0 3 1138 1150 956
2371 2 2 0 3 1076 1190 997
2372 2 2 0 3 689 1165 943
2373 2 2 0 3 880 1180 939
2374 2 2 0 3 765 1171 766
2375 2 2 0 3 1059 1154 950
2376 2 2 0 3 746 1156 749
2377 2 2 0 3 9 669 8
2378 2 2 0 3 1091 1143 713
2379 2 2 0 3 974 1153 843
2380 2 2 0 3 1081 1180 880
2381 2 2 0 3 913 1127 1059
2382 2 2 0 3 976 1142 1069
2383 2 2 0 3 750 752 751
2384 2 2 0 3 899 1090 1089
2385 2 2 0 3 51 1072 670
2386 2 2 0 3 662 1164 1117
2387 2 2 0 3 909 1137 1074
2388 2 2 0 3 689 691 690
2389 2 2 0 3 749 750 748
2390 2 2 0 3 1037 1045 760
2391 2 2 0 3 752 754 753
2392 2 2 0 3 670 1057 1006
2393 2 2 0 3 1136 1137 908
2394 2 2 0 3 743 1161 745
2395 2 2 0 3 684 686 685
2396 2 2 0 3 763 806 805
2397 2 2 0 3 1049 1182 929
2398 2 2 0 3 1085 1184 943
2399 2 2 0 3 1074 1136 694
2400 2 2 0 3 698 699 697
2401 2 2 0 3 1047 1179 941
2402 2 2 0 3 696 698 697
2403 2 2 0 3 847 1179 1047
2404 2 2 0 3 682 683 681
2405 2 2 0 3 981 1175 984
2406 2 2 0 3 657 1187 58
2407 2 2 0 3 1117 1164 32
2408 2 2 0 3 735 1159 1090
2409 2 2 0 3 39 1174 972
2410 2 2 0 3 1094 1150 1007
2411 2 2 0 3 40 1174 39
2412 2 2 0 3 1126 1186 1041
2413 2 2 0 3 747 1156 746
2414 2 2 0 3 1111 1142 976
2415 2 2 0 3 936 1191 1088
2416 2 2 0 3 1097 1192 1018
2417 2 2 0 3 972 1174 675
2418 2 2 0 3 858 1192 1097
2419 2 2 0 3 691 692 690
2420 2 2 0 3 680 682 681
2421 2 2 0 3 1074 1137 1136
2422 2 2 0 3 1045 1189 763
2423 2 2 0 3 38 972 664
2424 2 2 0 3 662 1186 1164
2425 2 2 0 3 924 1172 1099
2426 2 2 0 3 984 1191 887
2427 2 2 0 3 653 1079 30
2428 2 2 0 3 1147 1172 1024
2429 2 2 0 3 656 1150 1138
2430 2 2 0 3 1104 1187 657
2431 2 2 0 3 985 1190 1076
2432 2 2 0 3 1056 1139 968
2433 2 2 0 3 944 1186 1126
2434 2 2 0 3 1164 1186 944
2435 2 2 0 3 1006 1057 714
2436 2 2 0 3 1029 1163 28
2437 2 2 0 3 57 1187 1100
2438 2 2 0 3 1100 1187 1104
2439 2 2 0 3 763 1189 806
2440 2 2 0 3 661 1163 1029
2441 4 2 0 1 2177 378 1415 1416
2442 4 2 0 1 515 1361 423 649
2443 4 2 0 1 1360 1240 1976 1238
2444 4 2 0 1 654 1867 1715 1122
2445 4 2 0 1 1970 519 412 1969
2446 4 2 0 1 1415 2003 1399 1484
2447 4 2 0 1 2185 975 2187 795
2448 4 2 0 1 1640 2072 1918 1633
2449 4 2 0 1 1801 1311 1841 1277
2450 4 2 0 1 1361 280 423 649
2451 4 2 0 1 1361 509 280 649
2452 4 2 0 1 1759 1747 1313 1757
2453 4 2 0 1 1397 1781 2202 1199
2454 4 2 0 1 1832 1831 1833 1829
2455 4 2 0 1 1817 1210 1824 1828
2456 4 2 0 1 1335 433 521 434
2457 4 2 0 1 1335 211 433 434
2458 4 2 0 1 1335 1755 1758 1313
2459 4 2 0 1 2125 2207 2128 2114
2460 4 2 0 1 1806 1820 1824 1828
2461 4 2 0 1 1476 1977 1442 1509
2462 4 2 0 1 1756 1762 1757 1748
2463 4 2 0 1 1679 744 743 745
2464 4 2 0 1 2096 1888 1791 1783
2465 4 2 0 1 2321 2319 1741 2322
2466 4 2 0 1 1669 295 425 2143
2467 4 2 0 1 1565 1563 965 1034
2468 4 2 0 1 986 667 1498 1113
2469 4 2 0 1 1975 1798 1976 1977
2470 4 2 0 1 249 1246 2253 2254
2471 4 2 0 1 904 2244 933 1083
2472 4 2 0 1 294 2143 258 295
2473 4 2 0 1 1458 1908 1910 1909
2474 4 2 0 1 1980 1509 1977 1205
2475 4 2 0 1 1317 1335 1758 434
2476 4 2 0 1 1907 602 1477 323
2477 4 2 0 1 62 564 446 1907
2478 4 2 0 1 1980 1401 1509 1205
2479 4 2 0 1 981 937 824 1584
2480 4 2 0 1 1908 1458 1457 1352
2481 4 2 0 1 1216 1854 1293 1856
2482 4 2 0 1 93 1250 421 1994
2483 4 2 0 1 1394 1756 1760 1762
2484 4 2 0 1 445 1909 1910 1907
2485 4 2 0 1 445 1909 1907 68
2486 4 2 0 1 1908 1458 1352 1228
2487 4 2 0 1 1392 1383 636 456
2488 4 2 0 1 1383 183 636 456
2489 4 2 0 1 1394 1756 1762 1757
2490 4 2 0 1 201 1834 1469 2089
2491 4 2 0 1 2257 1838 1214 1864
2492 4 2 0 1 1319 293 121 2045
2493 4 2 0 1 1156 749 1707 746
2494 4 2 0 1 1756 1762 1761 1760
2495 4 2 0 1 1841 1311 1801 1807
2496 4 2 0 1 1479 1330 1885 1332
2497 4 2 0 1 1756 1762 1748 1761
2498 4 2 0 1 2315 2314 2274 2316
2499 4 2 0 1 812 2367 1066 813
2500 4 2 0 1 1125 1549 1548 1945
2501 4 2 0 1 1550 1404 1675 1552
2502 4 2 0 1 288 1330 1332 1331
2503 4 2 0 1 2006 1270 2013 2012
2504 4 2 0 1 2251 861 1581 797
2505 4 2 0 1 2244 944 1126 995
2506 4 2 0 1 383 504 1473 1474
2507 4 2 0 1 1375 1835 2119 2169
2508 4 2 0 1 1394 1756 1757 1454
2509 4 2 0 1 2193 1631 1513 1446
2510 4 2 0 1 2353 2271 2270 2284
2511 4 2 0 1 2202 1781 1750 1199
2512 4 2 0 1 83 1466 81 82
2513 4 2 0 1 2367 811 2363 808
2514 4 2 0 1 256 307 523 2254
2515 4 2 0 1 2202 1199 1750 1960
2516 4 2 0 1 1941 1280 1315 1939
2517 4 2 0 1 812 2367 813 811
2518 4 2 0 1 1954 1734 1727 1256
2519 4 2 0 1 1835 2168 1806 2118
2520 4 2 0 1 106 2357 104 467
2521 4 2 0 1 1785 2045 2047 1259
2522 4 2 0 1 58 97 1233 1389
2523 4 2 0 1 113 1378 1412 1377
2524 4 2 0 1 1069 976 1723 1724
2525 4 2 0 1 2249 1711 1395 2060
2526 4 2 0 1 1669 425 2144 2143
2527 4 2 0 1 135 1441 1343 2369
2528 4 2 0 1 1515 1516 1938 1936
2529 4 2 0 1 1506 1698 208 483
2530 4 2 0 1 1887 2170 2099 2168
2531 4 2 0 1 95 1466 1474 1413
2532 4 2 0 1 248 1246 246 247
2533 4 2 0 1 987 2373 834 945
2534 4 2 0 1 2115 2220 2109 2118
2535 4 2 0 1 1250 327 439 325
2536 4 2 0 1 1416 2158 2003 1485
2537 4 2 0 1 898 1722 1718 1104
2538 4 2 0 1 1459 2040 2042 1377
2539 4 2 0 1 1516 304 1474 331
2540 4 2 0 1 2367 959 1648 1584
2541 4 2 0 1 352 2359 504 2254
2542 4 2 0 1 1179 1008 1619 1098
2543 4 2 0 1 2357 507 1412 467
2544 4 2 0 1 1634 1421 1183 1456
2545 4 2 0 1 1750 1202 1781 2202
2546 4 2 0 1 1240 55 448 1359
2547 4 2 0 1 2086 1290 2085 1483
2548 4 2 0 1 1974 2202 1750 1960
2549 4 2 0 1 1559 2249 2161 2060
2550 4 2 0 1 2016 2015 2018 2019
2551 4 2 0 1 2091 1203 1788 1320
2552 4 2 0 1 1199 1781 1750 1749
2553 4 2 0 1 2342 1447 899 737
2554 4 2 0 1 2002 1999 2004 1998
2555 4 2 0 1 1427 1854 2204 1436
2556 4 2 0 1 135 426 489 1343
2557 4 2 0 1 1190 1498 1496 1704
2558 4 2 0 1 63 485 487 1882
2559 4 2 0 1 1796 1795 1794 1367
2560 4 2 0 1 426 629 489 1343
2561 4 2 0 1 1199 1749 1750 1960
2562 4 2 0 1 1376 255 181 519
2563 4 2 0 1 844 1131 1594 1000
2564 4 2 0 1 1821 500 389 1211
2565 4 2 0 1 1156 1707 767 747
2566 4 2 0 1 1105 1562 913 1127
2567 4 2 0 1 1331 1819 1332 559
2568 4 2 0 1 1821 500 1211 364
2569 4 2 0 1 568 282 372 1501
2570 4 2 0 1 1159 1382 7 1447
2571 4 2 0 1 364 1826 1211 1821
2572 4 2 0 1 1767 1386 1406 1769
2573 4 2 0 1 2252 1521 1743 1690
2574 4 2 0 1 1564 745 765 1678
2575 4 2 0 1 1445 2007 1417 2255
2576 4 2 0 1 1749 1987 1960 1234
2577 4 2 0 1 990 1522 2309 2308
2578 4 2 0 1 1283 1390 1972 1962
2579 4 2 0 1 1311 2086 2171 2117
2580 4 2 0 1 2242 2379 886 1130
2581 4 2 0 1 1445 2007 2255 2013
2582 4 2 0 1 240 1211 1468 1834
2583 4 2 0 1 1841 1311 1842 1277
2584 4 2 0 1 1939 2009 2095 1280
2585 4 2 0 1 575 63 401 1882
2586 4 2 0 1 1433 1542 2269 2322
2587 4 2 0 1 1505 557 466 449
2588 4 2 0 1 1991 1940 1992 2002
2589 4 2 0 1 1676 1595 1109 2241
2590 4 2 0 1 2142 431 44 43
2591 4 2 0 1 452 1331 559 1326
2592 4 2 0 1 245 538 1504 1503
2593 4 2 0 1 1851 1854 1216 1427
2594 4 2 0 1 1997 1935 1248 2010
2595 4 2 0 1 1823 154 1324 2177
2596 4 2 0 1 1536 2348 2324 2323
2597 4 2 0 1 2368 427 1401 1343
2598 4 2 0 1 1031 2361 912 1166
2599 4 2 0 1 1130 1036 2379 886
2600 4 2 0 1 2214 2128 1955 1766
2601 4 2 0 1 1723 1299 1701 1724
2602 4 2 0 1 1801 1277 1841 1829
2603 4 2 0 1 1962 1345 1291 2111
2604 4 2 0 1 1881 1890 1882 2256
2605 4 2 0 1 1691 1610 1609 1672
2606 4 2 0 1 1468 1825 1833 1211
2607 4 2 0 1 1935 1280 1941 2020
2608 4 2 0 1 1445 1501 286 422
2609 4 2 0 1 1793 2129 2132 2130
2610 4 2 0 1 1614 870 842 1616
2611 4 2 0 1 2377 2333 2373 872
2612 4 2 0 1 532 233 286 1424
2613 4 2 0 1 1317 1376 181 1420
2614 4 2 0 1 1382 7 371 8
2615 4 2 0 1 1351 2219 2221 129
2616 4 2 0 1 2049 2051 1451 1260
2617 4 2 0 1 1457 197 200 2089
2618 4 2 0 1 958 870 1005 1614
2619 4 2 0 1 1395 2336 2335 2295
2620 4 2 0 1 1886 1889 1428 2257
2621 4 2 0 1 1676 1595 1593 1109
2622 4 2 0 1 1457 197 2089 1352
2623 4 2 0 1 2082 1352 2088 1353
2624 4 2 0 1 1589 837 2377 835
2625 4 2 0 1 1969 1974 1966 1972
2626 4 2 0 1 1839 1460 1837 1836
2627 4 2 0 1 139 102 1412 104
2628 4 2 0 1 1325 1324 1823 1827
2629 4 2 0 1 2240 880 2242 2308
2630 4 2 0 1 570 1466 1356 443
2631 4 2 0 1 1048 1091 930 2327
2632 4 2 0 1 2021 2020 2024 1251
2633 4 2 0 1 833 1589 2377 835
2634 4 2 0 1 1352 196 308 533
2635 4 2 0 1 2101 1888 2096 1783
2636 4 2 0 1 2049 2050 1260 1661
2637 4 2 0 1 597 393 127 1286
2638 4 2 0 1 1416 1485 1415 2177
2639 4 2 0 1 158 155 1324 159
2640 4 2 0 1 1475 1509 1241 1980
2641 4 2 0 1 1471 1398 350 351
2642 4 2 0 1 1314 2002 1503 2004
2643 4 2 0 1 563 272 1482 544
2644 4 2 0 1 375 1825 1826 1326
2645 4 2 0 1 1649 1038 1528 1143
2646 4 2 0 1 1702 1896 1851 1427
2647 4 2 0 1 2051 2050 2049 2048
2648 4 2 0 1 1598 1099 1599 1711
2649 4 2 0 1 833 2377 834 835
2650 4 2 0 1 2051 2049 2050 1260
2651 4 2 0 1 1842 1311 1841 1807
2652 4 2 0 1 1995 92 1474 2254
2653 4 2 0 1 2058 1265 1260 1261
2654 4 2 0 1 122 1351 124 123
2655 4 2 0 1 2360 376 1799 1444
2656 4 2 0 1 2044 1281 2043 2100
2657 4 2 0 1 1888 1887 1206 1828
2658 4 2 0 1 2029 2058 1265 1260
2659 4 2 0 1 95 1466 1413 81
2660 4 2 0 1 1271 1776 2076 2062
2661 4 2 0 1 326 1417 325 2206
2662 4 2 0 1 1046 2192 2351 1062
2663 4 2 0 1 1238 1442 1977 1948
2664 4 2 0 1 311 376 1444 460
2665 4 2 0 1 1413 303 1473 577
2666 4 2 0 1 999 1679 1564 1608
2667 4 2 0 1 2357 104 105 106
2668 4 2 0 1 460 1476 138 478
2669 4 2 0 1 1778 1201 1848 1276
2670 4 2 0 1 367 1398 600 1430
2671 4 2 0 1 1521 1743 1409 2354
2672 4 2 0 1 1243 2025 1410 1951
2673 4 2 0 1 1974 1236 1968 1972
2674 4 2 0 1 2115 2220 2118 1288
2675 4 2 0 1 1670 2072 1007 1633
2676 4 2 0 1 2119 1803 2117 2118
2677 4 2 0 1 1798 1202 1976 1977
2678 4 2 0 1 1778 2120 2121 1276
2679 4 2 0 1 2079 1265 2145 1776
2680 4 2 0 1 128 123 1970 412
2681 4 2 0 1 1779 2079 1776 1271
2682 4 2 0 1 1733 1234 1734 1726
2683 4 2 0 1 315 2376 318 2364
2684 4 2 0 1 1481 1480 1497 1553
2685 4 2 0 1 559 1819 1332 400
2686 4 2 0 1 464 1386 552 231
2687 4 2 0 1 1770 162 164 1769
2688 4 2 0 1 320 595 1366 1368
2689 4 2 0 1 2076 2062 2074 1271
2690 4 2 0 1 1249 325 1417 2206
2691 4 2 0 1 2071 1272 2074 1849
2692 4 2 0 1 1271 2076 1776 1779
2693 4 2 0 1 1789 2091 1320 2026
2694 4 2 0 1 2021 2193 2017 1333
2695 4 2 0 1 1351 2219 129 124
2696 4 2 0 1 1786 1949 1282 1967
2697 4 2 0 1 1234 1725 1734 1726
2698 4 2 0 1 1491 1448 1640 879
2699 4 2 0 1 1675 1025 715 720
2700 4 2 0 1 59 1389 1719 1514
2701 4 2 0 1 2169 2097 1493 2099
2702 4 2 0 1 651 316 2358 313
2703 4 2 0 1 2074 2280 2191 2189
2704 4 2 0 1 1786 1949 1967 1239
2705 4 2 0 1 2280 2074 2282 2189
2706 4 2 0 1 597 1286 561 544
2707 4 2 0 1 1367 646 1366 2175
2708 4 2 0 1 1496 1704 1499 1232
2709 4 2 0 1 838 1589 1931 1040
2710 4 2 0 1 1196 1360 1240 1976
2711 4 2 0 1 1336 1371 1407 1507
2712 4 2 0 1 2376 1443 318 2364
2713 4 2 0 1 311 2364 312 310
2714 4 2 0 1 1277 2089 1457 1469
2715 4 2 0 1 921 920 1626 993
2716 4 2 0 1 1526 914 1561 1648
2717 4 2 0 1 2326 2290 2323 1495
2718 4 2 0 1 1755 1335 1800 1443
2719 4 2 0 1 1481 1747 1733 1749
2720 4 2 0 1 1728 2033 1732 1194
2721 4 2 0 1 315 2376 2364 312
2722 4 2 0 1 2256 1216 1852 1855
2723 4 2 0 1 1246 1995 2253 2254
2724 4 2 0 1 524 480 457 2167
2725 4 2 0 1 1193 1725 1728 1732
2726 4 2 0 1 1438 1342 1398 587
2727 4 2 0 1 592 1413 1473 577
2728 4 2 0 1 1443 432 318 2364
2729 4 2 0 1 1595 1736 1746 1742
2730 4 2 0 1 2175 497 646 402
2731 4 2 0 1 1304 2003 1484 1999
2732 4 2 0 1 868 2244 1931 1040
2733 4 2 0 1 647 1516 566 379
2734 4 2 0 1 393 2113 2112 1286
2735 4 2 0 1 2130 1784 1853 2134
2736 4 2 0 1 2130 1853 1784 1293
2737 4 2 0 1 1704 2033 1498 1499
2738 4 2 0 1 478 1476 138 610
2739 4 2 0 1 211 1335 433 432
2740 4 2 0 1 1240 448 55 610
2741 4 2 0 1 448 56 1359 55
2742 4 2 0 1 2061 1600 1599 1710
2743 4 2 0 1 1909 68 1486 1907
2744 4 2 0 1 590 507 1412 186
2745 4 2 0 1 834 2373 987 836
2746 4 2 0 1 834 2373 2377 945
2747 4 2 0 1 1488 1947 1952 1490
2748 4 2 0 1 802 2373 801 945
2749 4 2 0 1 1726 1499 1194 1732
2750 4 2 0 1 331 332 1413 481
2751 4 2 0 1 1277 2088 1842 1908
2752 4 2 0 1 2191 2286 2283 2189
2753 4 2 0 1 1086 2303 1592 1683
2754 4 2 0 1 1830 400 1833 253
2755 4 2 0 1 1348 1721 1722 2217
2756 4 2 0 1 166 1303 172 2149
2757 4 2 0 1 172 387 531 1303
2758 4 2 0 1 1302 531 1303 1300
2759 4 2 0 1 387 552 531 1303
2760 4 2 0 1 1899 1898 1225 1901
2761 4 2 0 1 1300 531 2153 174
2762 4 2 0 1 1509 1384 1948 616
2763 4 2 0 1 1464 1796 1506 1795
2764 4 2 0 1 1872 1219 1865 2261
2765 4 2 0 1 343 520 643 1332
2766 4 2 0 1 1935 1997 1248 1936
2767 4 2 0 1 2275 1899 1440 973
2768 4 2 0 1 1644 1927 2247 2246
2769 4 2 0 1 2031 2036 2032 2034
2770 4 2 0 1 326 1417 554 285
2771 4 2 0 1 288 343 643 1332
2772 4 2 0 1 2154 172 173 2153
2773 4 2 0 1 261 2028 262 268
2774 4 2 0 1 1654 1645 1656 1655
2775 4 2 0 1 62 564 1907 1487
2776 4 2 0 1 848 846 830 1646
2777 4 2 0 1 1923 661 1448 1687
2778 4 2 0 1 1826 364 605 153
2779 4 2 0 1 1658 1098 799 1545
2780 4 2 0 1 1723 42 1421 1669
2781 4 2 0 1 1467 1350 1328 2179
2782 4 2 0 1 870 1614 842 1005
2783 4 2 0 1 172 531 2153 1303
2784 4 2 0 1 2146 2058 218 2153
2785 4 2 0 1 2354 2372 2311 2305
2786 4 2 0 1 1264 2159 2163 2151
2787 4 2 0 1 1383 1669 636 2068
2788 4 2 0 1 1584 928 1067 1066
2789 4 2 0 1 1467 1350 1327 1328
2790 4 2 0 1 838 2244 904 1040
2791 4 2 0 1 2290 1536 2322 1745
2792 4 2 0 1 1368 1759 1313 1414
2793 4 2 0 1 1015 1520 1103 2303
2794 4 2 0 1 1755 1759 1313 1368
2795 4 2 0 1 22 1641 1487 1716
2796 4 2 0 1 298 299 300 2359
2797 4 2 0 1 1570 1136 1137 908
2798 4 2 0 1 1675 1549 1550 1674
2799 4 2 0 1 942 1112 1098 1545
2800 4 2 0 1 1898 2182 2015 1900
2801 4 2 0 1 1096 828 774 1596
2802 4 2 0 1 887 2372 1191 984
2803 4 2 0 1 1136 1570 1630 908
2804 4 2 0 1 2344 1608 2342 739
2805 4 2 0 1 1757 1756 1313 1454
2806 4 2 0 1 712 2372 1584 984
2807 4 2 0 1 1607 2273 2269 1518
2808 4 2 0 1 1825 1468 512 1211
2809 4 2 0 1 893 2365 942 2371
2810 4 2 0 1 540 375 634 1825
2811 4 2 0 1 277 419 1478 520
2812 4 2 0 1 512 1825 589 270
2813 4 2 0 1 1678 745 747 746
2814 4 2 0 1 2303 1520 1592 2305
2815 4 2 0 1 1709 2190 2189 2192
2816 4 2 0 1 2306 2304 2309 2354
2817 4 2 0 1 1620 1655 1623 1621
2818 4 2 0 1 942 1098 2371 1545
2819 4 2 0 1 1415 2003 1484 1485
2820 4 2 0 1 1278 1451 1932 1452
2821 4 2 0 1 1363 2230 2234 1588
2822 4 2 0 1 1825 222 512 1468
2823 4 2 0 1 1920 1919 1931 1930
2824 4 2 0 1 222 1825 512 270
2825 4 2 0 1 1461 2261 1869 2280
2826 4 2 0 1 1008 1604 847 1619
2827 4 2 0 1 1386 552 1303 1302
2828 4 2 0 1 1230 2071 1449 2070
2829 4 2 0 1 152 1826 1827 1324
2830 4 2 0 1 553 487 351 1398
2831 4 2 0 1 1926 1254 1262 1661
2832 4 2 0 1 893 2365 2371 890
2833 4 2 0 1 799 1658 1545 2334
2834 4 2 0 1 1797 1476 1444 1799
2835 4 2 0 1 1325 1329 1324 1326
2836 4 2 0 1 327 2195 1463 356
2837 4 2 0 1 1378 501 112 1441
2838 4 2 0 1 1570 1619 908 988
2839 4 2 0 1 1096 772 1596 774
2840 4 2 0 1 1103 1520 1592 2303
2841 4 2 0 1 1502 1516 2022 1354
2842 4 2 0 1 1262 1254 1926 2278
2843 4 2 0 1 2192 2351 1062 2333
2844 4 2 0 1 1329 190 1327 625
2845 4 2 0 1 1311 1803 1807 2117
2846 4 2 0 1 1283 2103 2105 1236
2847 4 2 0 1 961 2363 809 819
2848 4 2 0 1 2285 1709 1612 2189
2849 4 2 0 1 2214 2078 2215 2212
2850 4 2 0 1 1611 1658 2353 1636
2851 4 2 0 1 2192 1046 1709 687
2852 4 2 0 1 2237 1603 2234 1588
2853 4 2 0 1 2143 208 483 259
2854 4 2 0 1 1768 1200 1292 1765
2855 4 2 0 1 1356 1382 61 1371
2856 4 2 0 1 1256 1730 1727 1347
2857 4 2 0 1 1046 683 1709 687
2858 4 2 0 1 1616 1030 842 1614
2859 4 2 0 1 997 2242 1704 1548
2860 4 2 0 1 2362 808 806 2367
2861 4 2 0 1 1887 1805 1806 2118
2862 4 2 0 1 1514 1243 2020 1252
2863 4 2 0 1 980 1093 1683 732
2864 4 2 0 1 889 1134 1062 2333
2865 4 2 0 1 826 815 1584 959
2866 4 2 0 1 1046 2351 1003 1062
2867 4 2 0 1 1896 1702 1541 1703
2868 4 2 0 1 1707 1678 748 1566
2869 4 2 0 1 2074 2061 2282 1710
2870 4 2 0 1 1916 1779 1274 1849
2871 4 2 0 1 1636 1062 1134 2333
2872 4 2 0 1 359 1332 1479 1884
2873 4 2 0 1 321 288 559 1331
2874 4 2 0 1 2362 808 2367 2363
2875 4 2 0 1 1325 1326 1324 1827
2876 4 2 0 1 397 210 211 1444
2877 4 2 0 1 2239 1610 1691 1370
2878 4 2 0 1 2011 2009 2094 2014
2879 4 2 0 1 1811 1207 1812 2140
2880 4 2 0 1 2271 1877 2284 1579
2881 4 2 0 1 959 1648 1132 1160
2882 4 2 0 1 1535 1624 2309 2299
2883 4 2 0 1 2362 809 2363 819
2884 4 2 0 1 1642 935 863 1538
2885 4 2 0 1 730 905 906 2249
2886 4 2 0 1 1262 1254 1260 1661
2887 4 2 0 1 749 1566 885 1707
2888 4 2 0 1 1119 1032 1017 1642
2889 4 2 0 1 2177 378 1416 154
2890 4 2 0 1 353 2113 1482 1483
2891 4 2 0 1 2373 889 888 872
2892 4 2 0 1 1577 1039 699 1538
2893 4 2 0 1 54 1500 1498 55
2894 4 2 0 1 2370 925 927 2366
2895 4 2 0 1 2370 1066 927 928
2896 4 2 0 1 2184 2185 1334 2073
2897 4 2 0 1 2186 2185 1334 2184
2898 4 2 0 1 2191 2184 1334 2073
2899 4 2 0 1 2190 2186 1334 2184
2900 4 2 0 1 1651 715 720 1675
2901 4 2 0 1 1675 1025 1081 715
2902 4 2 0 1 925 2370 869 818
2903 4 2 0 1 2360 397 318 1444
2904 4 2 0 1 551 1319 2173 293
2905 4 2 0 1 2041 2040 2043 1258
2906 4 2 0 1 1620 708 1683 710
2907 4 2 0 1 2180 1895 1328 2179
2908 4 2 0 1 671 7 6 1365
2909 4 2 0 1 1192 1699 1018 1017
2910 4 2 0 1 1767 2148 1303 2149
2911 4 2 0 1 2218 1193 1555 2339
2912 4 2 0 1 1764 1419 1771 1394
2913 4 2 0 1 705 1620 708 1683
2914 4 2 0 1 2033 1232 1732 1499
2915 4 2 0 1 1365 1502 539 1446
2916 4 2 0 1 869 2370 925 926
2917 4 2 0 1 584 498 1316 77
2918 4 2 0 1 582 506 2359 352
2919 4 2 0 1 1338 2112 1345 2111
2920 4 2 0 1 1371 9 10 1372
2921 4 2 0 1 2114 1344 2112 1345
2922 4 2 0 1 543 1371 10 66
2923 4 2 0 1 582 2359 506 297
2924 4 2 0 1 1338 1340 1345 1344
2925 4 2 0 1 503 175 330 2004
2926 4 2 0 1 1617 1594 1647 1679
2927 4 2 0 1 315 2364 316 313
2928 4 2 0 1 2077 2084 1776 1775
2929 4 2 0 1 1661 2054 1697 1696
2930 4 2 0 1 1391 529 1373 572
2931 4 2 0 1 1218 1219 1867 1866
2932 4 2 0 1 2359 298 582 499
2933 4 2 0 1 2177 378 154 156
2934 4 2 0 1 613 2143 630 336
2935 4 2 0 1 1741 1523 1593 1706
2936 4 2 0 1 740 741 742 1608
2937 4 2 0 1 1584 712 984 1067
2938 4 2 0 1 1679 740 742 1608
2939 4 2 0 1 869 2361 859 2370
2940 4 2 0 1 1421 663 978 1183
2941 4 2 0 1 744 1679 743 742
2942 4 2 0 1 1676 729 957 1672
2943 4 2 0 1 2298 1738 1534 2299
2944 4 2 0 1 2355 1010 1521 1708
2945 4 2 0 1 1958 1340 1345 1338
2946 4 2 0 1 1679 740 743 742
2947 4 2 0 1 1238 1244 2297 1989
2948 4 2 0 1 298 2359 582 297
2949 4 2 0 1 2359 499 582 352
2950 4 2 0 1 1705 2298 1519 1737
2951 4 2 0 1 679 678 677 1660
2952 4 2 0 1 1571 854 874 875
2953 4 2 0 1 1251 1935 2194 2022
2954 4 2 0 1 1483 525 1353 1482
2955 4 2 0 1 2362 1066 1584 938
2956 4 2 0 1 2036 1495 2032 2034
2957 4 2 0 1 603 145 428 1323
2958 4 2 0 1 805 2367 1584 2362
2959 4 2 0 1 2362 938 819 1066
2960 4 2 0 1 1037 1526 760 1648
2961 4 2 0 1 2177 167 1327 1415
2962 4 2 0 1 1248 2019 1935 2194
2963 4 2 0 1 2378 2359 504 499
2964 4 2 0 1 1915 2027 1275 395
2965 4 2 0 1 1867 654 1073 1122
2966 4 2 0 1 1356 1336 1355 2017
2967 4 2 0 1 595 433 391 1368
2968 4 2 0 1 905 1540 2161 1307
2969 4 2 0 1 353 2113 354 393
2970 4 2 0 1 2017 1354 1356 2193
2971 4 2 0 1 2029 1254 1262 2278
2972 4 2 0 1 2037 2325 2034 2339
2973 4 2 0 1 2287 2289 1494 1742
2974 4 2 0 1 1565 2201 1364 2234
2975 4 2 0 1 2311 1584 1050 759
2976 4 2 0 1 1743 2252 2299 2309
2977 4 2 0 1 1675 1580 720 1651
2978 4 2 0 1 1693 1519 1692 1639
2979 4 2 0 1 2290 1495 2291 2288
2980 4 2 0 1 2378 344 504 1473
2981 4 2 0 1 1393 144 143 160
2982 4 2 0 1 51 1404 1072 1553
2983 4 2 0 1 1635 2273 2274 1525
2984 4 2 0 1 278 464 461 1406
2985 4 2 0 1 2077 2084 1775 1301
2986 4 2 0 1 2017 1356 1354 1355
2987 4 2 0 1 2049 1254 1260 1451
2988 4 2 0 1 1068 2370 1584 1683
2989 4 2 0 1 2378 344 499 504
2990 4 2 0 1 2029 1254 2278 1451
2991 4 2 0 1 2 1465 1365 1446
2992 4 2 0 1 110 2369 108 2357
2993 4 2 0 1 1502 2193 1513 1446
2994 4 2 0 1 1479 1884 1885 1882
2995 4 2 0 1 1365 1502 1446 1318
2996 4 2 0 1 37 36 1028 1657
2997 4 2 0 1 359 1479 528 575
2998 4 2 0 1 1526 914 1648 764
2999 4 2 0 1 1867 1716 1715 1866
3000 4 2 0 1 1086 1093 732 1683
3001 4 2 0 1 975 2187 820 878
3002 4 2 0 1 284 227 468 1424
3003 4 2 0 1 189 188 1327 168
3004 4 2 0 1 754 1566 753 755
3005 4 2 0 1 1486 1912 1917 1228
3006 4 2 0 1 67 2 1365 539
3007 4 2 0 1 1847 1869 1866 1714
3008 4 2 0 1 1631 1388 1513 1446
3009 4 2 0 1 1699 1192 1642 1017
3010 4 2 0 1 1365 1502 1318 1413
3011 4 2 0 1 1683 2370 1592 825
3012 4 2 0 1 1047 1179 847 1619
3013 4 2 0 1 757 1581 1566 971
3014 4 2 0 1 544 1286 1375 2108
3015 4 2 0 1 2211 1774 2259 1554
3016 4 2 0 1 2083 1361 1914 1228
3017 4 2 0 1 1654 1645 1655 1653
3018 4 2 0 1 793 2271 792 791
3019 4 2 0 1 2344 1608 739 999
3020 4 2 0 1 2049 1644 2052 1661
3021 4 2 0 1 1079 1930 967 653
3022 4 2 0 1 2013 1315 2009 1999
3023 4 2 0 1 1742 2299 1738 1746
3024 4 2 0 1 2369 1441 1343 105
3025 4 2 0 1 1809 1808 2228 1905
3026 4 2 0 1 2119 2109 2108 1287
3027 4 2 0 1 2357 108 110 109
3028 4 2 0 1 1417 1342 417 587
3029 4 2 0 1 827 915 916 1592
3030 4 2 0 1 1833 222 1468 1832
3031 4 2 0 1 784 783 1567 1606
3032 4 2 0 1 2369 1441 105 2357
3033 4 2 0 1 271 348 1391 1385
3034 4 2 0 1 855 1680 2312 1527
3035 4 2 0 1 1513 637 539 1
3036 4 2 0 1 2357 1441 105 104
3037 4 2 0 1 1464 1796 1795 2328
3038 4 2 0 1 316 2364 315 317
3039 4 2 0 1 1657 1266 1385 413
3040 4 2 0 1 1372 2198 1717 2342
3041 4 2 0 1 485 487 1890 351
3042 4 2 0 1 1063 1431 655 16
3043 4 2 0 1 734 2309 2304 990
3044 4 2 0 1 2018 2011 1251 2023
3045 4 2 0 1 1717 2198 1718 2342
3046 4 2 0 1 128 1390 123 126
3047 4 2 0 1 999 1128 1564 1161
3048 4 2 0 1 490 1385 413 1657
3049 4 2 0 1 1615 1614 1465 736
3050 4 2 0 1 404 2165 1493 2221
3051 4 2 0 1 1417 2007 2206 2008
3052 4 2 0 1 1929 1919 2340 1922
3053 4 2 0 1 1272 2280 2191 2074
3054 4 2 0 1 1847 1863 1774 1214
3055 4 2 0 1 591 1437 78 1407
3056 4 2 0 1 2120 1289 2107 2116
3057 4 2 0 1 805 2367 2362 806
3058 4 2 0 1 805 806 2362 807
3059 4 2 0 1 163 161 1770 1374
3060 4 2 0 1 2011 2018 2019 2205
3061 4 2 0 1 1299 1764 2144 1771
3062 4 2 0 1 1658 2352 1092 1604
3063 4 2 0 1 837 2377 835 836
3064 4 2 0 1 1548 1704 1945 2243
3065 4 2 0 1 1550 1549 1551 1945
3066 4 2 0 1 1081 1695 1548 1674
3067 4 2 0 1 96 1250 1463 494
3068 4 2 0 1 835 2377 834 836
3069 4 2 0 1 1567 830 1591 2315
3070 4 2 0 1 837 872 2377 836
3071 4 2 0 1 1463 327 356 494
3072 4 2 0 1 1231 1995 1936 2253
3073 4 2 0 1 1354 96 1355 443
3074 4 2 0 1 1145 784 1567 830
3075 4 2 0 1 128 1390 1970 123
3076 4 2 0 1 1194 1498 1499 2223
3077 4 2 0 1 1198 1196 1978 1976
3078 4 2 0 1 1526 914 764 885
3079 4 2 0 1 2142 42 1669 72
3080 4 2 0 1 498 343 1316 520
3081 4 2 0 1 78 1437 1341 1407
3082 4 2 0 1 81 1466 80 82
3083 4 2 0 1 2315 790 1591 2352
3084 4 2 0 1 1567 1591 830 784
3085 4 2 0 1 954 1167 1671 1094
3086 4 2 0 1 1887 1288 2099 1888
3087 4 2 0 1 2011 2018 1224 2023
3088 4 2 0 1 2293 1495 2323 2290
3089 4 2 0 1 1770 163 2064 1381
3090 4 2 0 1 548 348 1385 411
3091 4 2 0 1 493 545 2173 1472
3092 4 2 0 1 316 2364 2358 313
3093 4 2 0 1 2061 1601 2282 1710
3094 4 2 0 1 607 475 1423 357
3095 4 2 0 1 2215 2038 2213 1395
3096 4 2 0 1 1234 1987 1244 1726
3097 4 2 0 1 7 1382 371 1318
3098 4 2 0 1 2098 1785 1973 2047
3099 4 2 0 1 1848 1847 1214 1845
3100 4 2 0 1 2167 2043 2156 2164
3101 4 2 0 1 1364 2201 2233 2234
3102 4 2 0 1 2139 1862 2141 2137
3103 4 2 0 1 2212 1777 2213 1347
3104 4 2 0 1 2377 2373 834 836
3105 4 2 0 1 1624 1535 1746 2299
3106 4 2 0 1 1772 1773 1780 2213
3107 4 2 0 1 802 2373 945 2377
3108 4 2 0 1 177 1414 1454 1422
3109 4 2 0 1 1676 1691 1609 1672
3110 4 2 0 1 1077 1048 2327 1538
3111 4 2 0 1 359 575 401 1882
3112 4 2 0 1 1996 1997 1992 1993
3113 4 2 0 1 1304 1485 1424 1484
3114 4 2 0 1 1601 1685 2282 1710
3115 4 2 0 1 2319 2262 1547 2318
3116 4 2 0 1 1911 1277 1457 1469
3117 4 2 0 1 1601 2061 1599 1710
3118 4 2 0 1 2164 2165 2166 2167
3119 4 2 0 1 2316 1639 2313 2300
3120 4 2 0 1 476 1399 2004 1484
3121 4 2 0 1 479 2358 349 1366
3122 4 2 0 1 909 1570 874 1571
3123 4 2 0 1 1804 1492 1835 290
3124 4 2 0 1 1858 1862 1861 1864
3125 4 2 0 1 587 1438 417 65
3126 4 2 0 1 1107 1063 1064 1432
3127 4 2 0 1 2298 1534 1738 1705
3128 4 2 0 1 2238 2248 1395 2215
3129 4 2 0 1 139 467 1412 621
3130 4 2 0 1 1820 151 1823 2166
3131 4 2 0 1 1304 2012 2009 2013
3132 4 2 0 1 1317 1376 209 181
3133 4 2 0 1 1767 2128 1301 2150
3134 4 2 0 1 1570 909 874 1188
3135 4 2 0 1 1387 32 33 1117
3136 4 2 0 1 1442 610 1240 1476
3137 4 2 0 1 1570 1571 846 1106
3138 4 2 0 1 2115 2120 2107 2116
3139 4 2 0 1 2260 1865 2141 1554
3140 4 2 0 1 1443 460 1978 1480
3141 4 2 0 1 114 1357 116 505
3142 4 2 0 1 316 651 2358 349
3143 4 2 0 1 1660 678 1696 1574
3144 4 2 0 1 231 1406 464 1386
3145 4 2 0 1 1234 1734 1954 1733
3146 4 2 0 1 278 142 1344 1406
3147 4 2 0 1 1872 1219 2261 1870
3148 4 2 0 1 142 278 461 1406
3149 4 2 0 1 1335 1755 1368 1443
3150 4 2 0 1 309 310 1443 311
3151 4 2 0 1 1224 2018 2011 2205
3152 4 2 0 1 315 2376 312 569
3153 4 2 0 1 1068 2370 1683 1075
3154 4 2 0 1 1946 1753 1197 1652
3155 4 2 0 1 1924 1929 1932 1919
3156 4 2 0 1 1049 1020 788 1708
3157 4 2 0 1 1340 1397 1958 1763
3158 4 2 0 1 1157 936 2308 2304
3159 4 2 0 1 805 1584 762 824
3160 4 2 0 1 2373 2333 802 801
3161 4 2 0 1 569 2376 312 314
3162 4 2 0 1 782 1694 1692 780
3163 4 2 0 1 2245 2244 1927 2246
3164 4 2 0 1 1792 2096 1281 2092
3165 4 2 0 1 1912 1487 1486 1917
3166 4 2 0 1 1825 375 1826 567
3167 4 2 0 1 2204 1294 2015 1436
3168 4 2 0 1 1917 1487 1641 1714
3169 4 2 0 1 1562 1153 1615 946
3170 4 2 0 1 2033 898 1984 894
3171 4 2 0 1 239 617 476 1484
3172 4 2 0 1 1908 1458 1228 1909
3173 4 2 0 1 2115 1805 1807 2116
3174 4 2 0 1 1996 1991 1993 1992
3175 4 2 0 1 1356 2193 1466 1318
3176 4 2 0 1 286 568 1484 237
3177 4 2 0 1 492 255 1980 493
3178 4 2 0 1 1224 2018 2204 2023
3179 4 2 0 1 1240 1476 610 138
3180 4 2 0 1 1148 2366 1042 2375
3181 4 2 0 1 754 753 1566 752
3182 4 2 0 1 2175 241 1323 440
3183 4 2 0 1 1648 914 1132 1160
3184 4 2 0 1 2188 975 956 1671
3185 4 2 0 1 1109 1129 896 2241
3186 4 2 0 1 2372 1088 2304 936
3187 4 2 0 1 1999 2003 2004 1998
3188 4 2 0 1 2179 1895 1270 1418
3189 4 2 0 1 282 568 237 1484
3190 4 2 0 1 1440 1439 666 973
3191 4 2 0 1 1140 1643 923 993
3192 4 2 0 1 1655 1620 1623 2303
3193 4 2 0 1 1676 1109 896 2241
3194 4 2 0 1 388 1329 1331 1324
3195 4 2 0 1 1676 1080 896 1109
3196 4 2 0 1 2013 1996 1999 2000
3197 4 2 0 1 1948 1442 1977 1509
3198 4 2 0 1 650 1516 451 1423
3199 4 2 0 1 1475 1980 1241 1472
3200 4 2 0 1 1621 1645 1699 1653
3201 4 2 0 1 812 816 2375 2363
3202 4 2 0 1 418 2058 2154 218
3203 4 2 0 1 719 1048 1077 1538
3204 4 2 0 1 1930 1923 1044 1920
3205 4 2 0 1 1866 1219 1868 1869
3206 4 2 0 1 1432 1875 1625 2264
3207 4 2 0 1 2375 816 1148 961
3208 4 2 0 1 196 2082 1352 283
3209 4 2 0 1 1209 1817 1824 1828
3210 4 2 0 1 1299 1292 1771 2162
3211 4 2 0 1 2366 812 1042 2375
3212 4 2 0 1 125 1322 1459 132
3213 4 2 0 1 1484 286 233 1424
3214 4 2 0 1 1703 1431 15 1425
3215 4 2 0 1 487 17 1426 1425
3216 4 2 0 1 1918 1272 2071 1849
3217 4 2 0 1 1421 2057 2067 1634
3218 4 2 0 1 1717 2 1615 1562
3219 4 2 0 1 2180 1328 1350 2179
3220 4 2 0 1 2097 2219 2169 2221
3221 4 2 0 1 559 1825 400 279
3222 4 2 0 1 1085 1672 957 918
3223 4 2 0 1 1626 921 994 1666
3224 4 2 0 1 1526 1648 1561 1584
3225 4 2 0 1 2289 860 2330 2251
3226 4 2 0 1 2046 220 1378 1472
3227 4 2 0 1 1314 2005 2001 1258
3228 4 2 0 1 1148 2366 2375 927
3229 4 2 0 1 100 51 52 1204
3230 4 2 0 1 1566 1707 1561 885
3231 4 2 0 1 52 1480 1553 53
3232 4 2 0 1 1500 1240 1196 2223
3233 4 2 0 1 1551 1125 1496 1945
3234 4 2 0 1 161 144 162 1765
3235 4 2 0 1 1420 1970 1338 2202
3236 4 2 0 1 2366 812 2375 927
3237 4 2 0 1 1803 1801 1807 2118
3238 4 2 0 1 1019 788 1708 1010
3239 4 2 0 1 2133 1897 2135 1294
3240 4 2 0 1 922 1563 923 1034
3241 4 2 0 1 969 1571 1570 1106
3242 4 2 0 1 1579 1876 979 1877
3243 4 2 0 1 1872 2284 1877 1579
3244 4 2 0 1 2227 1586 2347 1573
3245 4 2 0 1 1488 1947 1490 1233
3246 4 2 0 1 1611 1658 1636 1630
3247 4 2 0 1 2013 2009 1315 2010
3248 4 2 0 1 2374 287 347 2368
3249 4 2 0 1 1526 1566 1561 885
3250 4 2 0 1 847 1604 845 846
3251 4 2 0 1 503 1416 1399 541
3252 4 2 0 1 1480 1500 53 614
3253 4 2 0 1 860 2033 986 1704
3254 4 2 0 1 487 1426 17 63
3255 4 2 0 1 1204 309 310 1443
3256 4 2 0 1 2217 2174 2297 1729
3257 4 2 0 1 2204 2018 1224 2205
3258 4 2 0 1 1288 2220 2099 1787
3259 4 2 0 1 309 1480 460 1443
3260 4 2 0 1 1047 1619 940 941
3261 4 2 0 1 1801 1805 1807 2118
3262 4 2 0 1 1886 2172 1884 1212
3263 4 2 0 1 2177 158 156 1324
3264 4 2 0 1 1244 1988 1729 1990
3265 4 2 0 1 1313 1747 1756 1757
3266 4 2 0 1 1377 449 473 1505
3267 4 2 0 1 2147 2148 2145 2077
3268 4 2 0 1 760 1648 763 1045
3269 4 2 0 1 1456 1421 1183 663
3270 4 2 0 1 1654 1021 1016 1095
3271 4 2 0 1 1145 848 830 1646
3272 4 2 0 1 1383 1669 1470 1392
3273 4 2 0 1 1685 2282 1710 2189
3274 4 2 0 1 2292 1523 1691 2294
3275 4 2 0 1 1381 1396 2149 1767
3276 4 2 0 1 2247 1657 2246 1387
3277 4 2 0 1 986 865 860 1704
3278 4 2 0 1 1508 1900 1337 1902
3279 4 2 0 1 1553 1497 1197 1551
3280 4 2 0 1 2333 2186 2187 2334
3281 4 2 0 1 1277 1311 1842 2088
3282 4 2 0 1 1714 1840 1715 1866
3283 4 2 0 1 2340 681 1681 1046
3284 4 2 0 1 2374 516 347 340
3285 4 2 0 1 803 2185 2188 1579
3286 4 2 0 1 1530 2314 1529 1646
3287 4 2 0 1 2290 2322 2323 2321
3288 4 2 0 1 1799 2374 516 1401
3289 4 2 0 1 1371 1407 1507 1700
3290 4 2 0 1 1055 751 748 1617
3291 4 2 0 1 1407 1900 1700 1508
3292 4 2 0 1 1542 2301 2322 1737
3293 4 2 0 1 537 278 1344 1406
3294 4 2 0 1 1611 685 1636 1612
3295 4 2 0 1 1035 1539 720 1580
3296 4 2 0 1 1541 1439 1896 1703
3297 4 2 0 1 1342 1438 417 587
3298 4 2 0 1 2207 2114 1345 1344
3299 4 2 0 1 1702 1426 17 1425
3300 4 2 0 1 1043 1615 736 1614
3301 4 2 0 1 2 1717 1465 1446
3302 4 2 0 1 1431 1702 17 1425
3303 4 2 0 1 1039 947 699 1538
3304 4 2 0 1 301 302 1473 303
3305 4 2 0 1 1643 1140 923 973
3306 4 2 0 1 287 2374 347 340
3307 4 2 0 1 1851 1854 1427 1436
3308 4 2 0 1 2133 1854 1436 1893
3309 4 2 0 1 2133 1854 1893 1784
3310 4 2 0 1 1614 867 736 1043
3311 4 2 0 1 2235 860 2330 894
3312 4 2 0 1 2185 975 795 955
3313 4 2 0 1 1911 1277 1844 1908
3314 4 2 0 1 1475 502 501 560
3315 4 2 0 1 1015 1013 1011 1656
3316 4 2 0 1 1897 2133 1851 1436
3317 4 2 0 1 1635 689 688 1582
3318 4 2 0 1 1851 1854 2133 1853
3319 4 2 0 1 1851 2133 1854 1436
3320 4 2 0 1 2052 2050 1661 1696
3321 4 2 0 1 1833 222 1832 252
3322 4 2 0 1 2377 2333 872 2351
3323 4 2 0 1 1230 1919 1922 1920
3324 4 2 0 1 1486 23 1640 1641
3325 4 2 0 1 1721 1389 1985 1719
3326 4 2 0 1 722 1081 715 1674
3327 4 2 0 1 1374 1770 1267 1771
3328 4 2 0 1 1919 1924 1927 1932
3329 4 2 0 1 2192 1046 687 1062
3330 4 2 0 1 1669 1383 1269 2068
3331 4 2 0 1 685 686 1582 688
3332 4 2 0 1 2310 2311 1409 1566
3333 4 2 0 1 1678 748 1617 744
3334 4 2 0 1 1550 1549 1548 1674
3335 4 2 0 1 1615 871 1647 1127
3336 4 2 0 1 13 14 1439 666
3337 4 2 0 1 1085 1713 1672 918
3338 4 2 0 1 1518 1525 2269 2300
3339 4 2 0 1 1955 2159 1292 1308
3340 4 2 0 1 1361 283 465 515
3341 4 2 0 1 2208 1777 2209 2211
3342 4 2 0 1 1804 1492 290 1834
3343 4 2 0 1 1899 1439 1440 973
3344 4 2 0 1 475 607 1423 377
3345 4 2 0 1 1777 2124 1775 2121
3346 4 2 0 1 1643 1140 973 1440
3347 4 2 0 1 1643 2275 2197 1440
3348 4 2 0 1 1926 1644 1928 1925
3349 4 2 0 1 1772 1850 1846 1779
3350 4 2 0 1 1670 2188 1138 956
3351 4 2 0 1 948 1659 2052 1644
3352 4 2 0 1 2006 2008 1270 2014
3353 4 2 0 1 1643 2275 1440 973
3354 4 2 0 1 1250 327 325 2206
3355 4 2 0 1 1643 2275 973 1168
3356 4 2 0 1 1643 2275 1168 2197
3357 4 2 0 1 2205 1342 2019 2206
3358 4 2 0 1 1353 1352 197 196
3359 4 2 0 1 1512 1282 1949 2297
3360 4 2 0 1 1449 2192 2189 2184
3361 4 2 0 1 2370 1066 928 1584
3362 4 2 0 1 1338 2112 2111 441
3363 4 2 0 1 502 1475 501 220
3364 4 2 0 1 1301 2122 2214 2128
3365 4 2 0 1 2211 2338 2339 1554
3366 4 2 0 1 1442 610 1476 334
3367 4 2 0 1 2159 1768 1766 1292
3368 4 2 0 1 1402 392 1384 103
3369 4 2 0 1 1401 2368 2374 347
3370 4 2 0 1 1717 1388 1631 1446
3371 4 2 0 1 1735 1734 1237 2039
3372 4 2 0 1 1447 1717 1631 1446
3373 4 2 0 1 1476 266 1799 1401
3374 4 2 0 1 1603 2355 2250 1409
3375 4 2 0 1 1575 1688 1450 1598
3376 4 2 0 1 2373 2365 1033 1001
3377 4 2 0 1 1382 2193 1318 1446
3378 4 2 0 1 1238 1442 1948 1952
3379 4 2 0 1 1549 1404 670 1006
3380 4 2 0 1 828 1181 1018 1705
3381 4 2 0 1 1648 1052 1160 959
3382 4 2 0 1 1057 1549 670 1006
3383 4 2 0 1 1197 1652 1753 1754
3384 4 2 0 1 2193 1631 1446 1382
3385 4 2 0 1 1351 2219 2098 2221
3386 4 2 0 1 1958 2207 1345 1763
3387 4 2 0 1 1382 2193 1371 1356
3388 4 2 0 1 1776 1265 2145 2077
3389 4 2 0 1 1557 1593 1741 2320
3390 4 2 0 1 1959 1962 1960 1958
3391 4 2 0 1 1314 157 176 269
3392 4 2 0 1 2365 801 2373 1033
3393 4 2 0 1 2050 2054 1260 1661
3394 4 2 0 1 1888 1288 2099 1791
3395 4 2 0 1 1971 1376 2173 1980
3396 4 2 0 1 801 2373 1033 945
3397 4 2 0 1 1845 1842 1841 1807
3398 4 2 0 1 2373 987 1033 945
3399 4 2 0 1 1652 1609 1380 1650
3400 4 2 0 1 1675 1549 714 1006
3401 4 2 0 1 1940 1314 2002 1503
3402 4 2 0 1 2005 2041 1258 1939
3403 4 2 0 1 1549 1675 1404 1006
3404 4 2 0 1 1784 1783 1293 1891
3405 4 2 0 1 1780 2212 2213 2215
3406 4 2 0 1 334 1442 1509 1476
3407 4 2 0 1 862 1648 1045 1189
3408 4 2 0 1 513 1430 1434 14
3409 4 2 0 1 863 1642 1538 2327
3410 4 2 0 1 1653 935 1642 1538
3411 4 2 0 1 1326 1819 1824 1817
3412 4 2 0 1 1500 1496 1498 1499
3413 4 2 0 1 392 1950 1510 1233
3414 4 2 0 1 1417 1445 285 325
3415 4 2 0 1 1654 1645 1653 1014
3416 4 2 0 1 1192 1032 1642 1017
3417 4 2 0 1 856 1642 2312 858
3418 4 2 0 1 1584 1068 1683 2305
3419 4 2 0 1 990 1522 2308 2241
3420 4 2 0 1 2247 491 1657 1387
3421 4 2 0 1 2365 801 1033 1112
3422 4 2 0 1 1675 48 1580 49
3423 4 2 0 1 2142 1299 2144 1723
3424 4 2 0 1 987 2373 1033 1001
3425 4 2 0 1 1392 640 373 615
3426 4 2 0 1 1814 2324 1874 1815
3427 4 2 0 1 104 139 467 1412
3428 4 2 0 1 2001 1309 1322 1258
3429 4 2 0 1 1540 1069 1701 1724
3430 4 2 0 1 2169 2168 1835 2118
3431 4 2 0 1 1974 2202 1236 1972
3432 4 2 0 1 416 529 1455 341
3433 4 2 0 1 1257 102 1402 1412
3434 4 2 0 1 1702 1431 1541 1703
3435 4 2 0 1 1571 849 853 851
3436 4 2 0 1 686 1688 1582 1165
3437 4 2 0 1 2105 2123 1959 1339
3438 4 2 0 1 529 416 1455 1373
3439 4 2 0 1 373 529 341 1455
3440 4 2 0 1 2052 1661 2050 2049
3441 4 2 0 1 1708 788 768 1010
3442 4 2 0 1 2246 934 1657 1110
3443 4 2 0 1 712 2372 984 1191
3444 4 2 0 1 190 168 1327 625
3445 4 2 0 1 1427 1435 1896 1436
3446 4 2 0 1 2180 1895 1818 1328
3447 4 2 0 1 1985 1389 1511 1243
3448 4 2 0 1 1467 227 189 2179
3449 4 2 0 1 1886 1885 1884 1882
3450 4 2 0 1 1670 1185 956 1150
3451 4 2 0 1 2372 981 886 1036
3452 4 2 0 1 2222 2217 1721 2297
3453 4 2 0 1 1661 2054 1260 1262
3454 4 2 0 1 13 1439 973 666
3455 4 2 0 1 1836 1316 1839 1460
3456 4 2 0 1 24 68 564 1486
3457 4 2 0 1 450 334 1509 236
3458 4 2 0 1 1392 373 341 1455
3459 4 2 0 1 1391 373 1392 1455
3460 4 2 0 1 327 326 325 2206
3461 4 2 0 1 1467 227 468 189
3462 4 2 0 1 1330 1331 235 1329
3463 4 2 0 1 1985 1389 1243 1514
3464 4 2 0 1 1624 699 1621 1577
3465 4 2 0 1 2266 1576 1880 1590
3466 4 2 0 1 78 513 514 1341
3467 4 2 0 1 2262 2281 2261 2259
3468 4 2 0 1 1541 2277 1905 1440
3469 4 2 0 1 2138 1875 1815 1814
3470 4 2 0 1 1461 1850 2279 2280
3471 4 2 0 1 2222 1721 2217 1722
3472 4 2 0 1 1391 529 572 373
3473 4 2 0 1 1596 772 773 774
3474 4 2 0 1 1743 1521 2252 2354
3475 4 2 0 1 1391 615 1392 373
3476 4 2 0 1 1129 1595 1109 1108
3477 4 2 0 1 23 1486 564 1487
3478 4 2 0 1 1634 733 1183 1070
3479 4 2 0 1 701 700 699 1621
3480 4 2 0 1 1513 1515 2021 1502
3481 4 2 0 1 1207 1808 1809 1905
3482 4 2 0 1 1461 2280 2281 2261
3483 4 2 0 1 2172 359 401 1882
3484 4 2 0 1 15 14 1703 1430
3485 4 2 0 1 1570 1619 1604 1630
3486 4 2 0 1 80 1466 81 1413
3487 4 2 0 1 2057 1560 1574 1559
3488 4 2 0 1 157 1258 1314 2001
3489 4 2 0 1 2093 1792 2091 1203
3490 4 2 0 1 503 2001 175 2004
3491 4 2 0 1 551 1319 293 412
3492 4 2 0 1 1476 1978 1240 1975
3493 4 2 0 1 1315 1992 2002 1999
3494 4 2 0 1 133 1322 1459 1258
3495 4 2 0 1 1884 1830 520 1332
3496 4 2 0 1 1836 1316 1460 1715
3497 4 2 0 1 1219 1774 1865 2261
3498 4 2 0 1 1502 2193 1466 1354
3499 4 2 0 1 1422 185 437 527
3500 4 2 0 1 78 1434 1341 1437
3501 4 2 0 1 2121 1201 1276 1775
3502 4 2 0 1 806 763 2367 1189
3503 4 2 0 1 1462 2285 1612 2283
3504 4 2 0 1 882 883 1579 1867
3505 4 2 0 1 493 2173 545 551
3506 4 2 0 1 1393 184 161 160
3507 4 2 0 1 408 1266 2048 414
3508 4 2 0 1 661 1923 954 1004
3509 4 2 0 1 822 802 1921 820
3510 4 2 0 1 1516 1502 1466 1354
3511 4 2 0 1 1502 1516 1466 1413
3512 4 2 0 1 962 2314 1635 1524
3513 4 2 0 1 2336 2338 2296 1395
3514 4 2 0 1 1869 1917 1641 1714
3515 4 2 0 1 1163 1448 1275 27
3516 4 2 0 1 1644 2245 2246 977
3517 4 2 0 1 2314 1136 1570 1630
3518 4 2 0 1 1228 2083 1916 1914
3519 4 2 0 1 1935 1280 2020 2011
3520 4 2 0 1 1423 249 2253 2254
3521 4 2 0 1 1245 488 606 1305
3522 4 2 0 1 2128 1767 1766 2150
3523 4 2 0 1 2222 1359 1360 1952
3524 4 2 0 1 1991 1403 1503 1247
3525 4 2 0 1 554 1417 417 587
3526 4 2 0 1 1189 2367 808 862
3527 4 2 0 1 1843 1889 1802 1213
3528 4 2 0 1 2128 2125 2127 2126
3529 4 2 0 1 2020 1320 1243 2024
3530 4 2 0 1 933 1387 1084 1083
3531 4 2 0 1 1545 2371 1619 1098
3532 4 2 0 1 260 272 1375 2171
3533 4 2 0 1 1284 2012 2009 2157
3534 4 2 0 1 2076 1776 2078 2075
3535 4 2 0 1 178 1317 181 1420
3536 4 2 0 1 1836 1714 1715 1460
3537 4 2 0 1 942 2371 1098 941
3538 4 2 0 1 1253 2072 2071 1918
3539 4 2 0 1 1391 572 1373 348
3540 4 2 0 1 1474 1423 2253 2254
3541 4 2 0 1 1205 1376 1980 255
3542 4 2 0 1 2371 1619 1098 941
3543 4 2 0 1 1582 1637 1686 1612
3544 4 2 0 1 2227 1586 1874 2347
3545 4 2 0 1 1371 1356 2193 2017
3546 4 2 0 1 2366 2370 925 818
3547 4 2 0 1 1496 652 53 1076
3548 4 2 0 1 2370 927 925 926
3549 4 2 0 1 1616 844 841 1594
3550 4 2 0 1 1135 1387 1084 933
3551 4 2 0 1 1490 1511 2297 1721
3552 4 2 0 1 2174 2218 2035 2216
3553 4 2 0 1 1208 1753 1751 1957
3554 4 2 0 1 2186 2271 2353 2284
3555 4 2 0 1 1309 2005 2041 1258
3556 4 2 0 1 1279 2025 2026 1789
3557 4 2 0 1 12 1437 1899 13
3558 4 2 0 1 1670 954 1671 1094
3559 4 2 0 1 940 1570 1188 988
3560 4 2 0 1 2119 1287 2108 1375
3561 4 2 0 1 1333 1251 2024 2015
3562 4 2 0 1 1778 2120 2123 2121
3563 4 2 0 1 1094 1670 1007 1150
3564 4 2 0 1 1556 2235 894 861
3565 4 2 0 1 928 2370 1075 926
3566 4 2 0 1 232 244 289 1403
3567 4 2 0 1 1294 1898 2182 2015
3568 4 2 0 1 1940 1314 1503 1504
3569 4 2 0 1 1031 2370 1683 2361
3570 4 2 0 1 2021 1251 2017 2022
3571 4 2 0 1 1875 1298 1297 1668
3572 4 2 0 1 1935 2022 1936 1248
3573 4 2 0 1 1511 1985 1986 1721
3574 4 2 0 1 1378 1357 2046 1239
3575 4 2 0 1 1244 1728 2297 1729
3576 4 2 0 1 1294 2135 1893 2023
3577 4 2 0 1 869 2361 2370 1031
3578 4 2 0 1 1413 1516 1466 1474
3579 4 2 0 1 1243 1349 1514 1389
3580 4 2 0 1 5 333 1413 69
3581 4 2 0 1 24 25 1640 1133
3582 4 2 0 1 504 383 1473 583
3583 4 2 0 1 25 1640 879 1491
3584 4 2 0 1 25 879 1640 1133
3585 4 2 0 1 249 1246 2254 248
3586 4 2 0 1 1518 2272 2274 2316
3587 4 2 0 1 1453 1164 1387 2244
3588 4 2 0 1 173 2154 418 170
3589 4 2 0 1 2212 1777 1347 2124
3590 4 2 0 1 2072 1670 1671 2073
3591 4 2 0 1 248 1246 2254 523
3592 4 2 0 1 593 476 2004 1484
3593 4 2 0 1 282 476 593 1484
3594 4 2 0 1 1855 1428 2256 1856
3595 4 2 0 1 1985 1389 1514 1719
3596 4 2 0 1 1247 1999 1484 2004
3597 4 2 0 1 551 1319 412 1969
3598 4 2 0 1 1259 1785 2092 2047
3599 4 2 0 1 588 272 561 1375
3600 4 2 0 1 537 2127 1406 2114
3601 4 2 0 1 2166 2165 1493 594
3602 4 2 0 1 382 640 306 1392
3603 4 2 0 1 2080 2082 2081 1483
3604 4 2 0 1 1462 2285 2283 2286
3605 4 2 0 1 1761 1956 1199 2207
3606 4 2 0 1 1923 967 1687 1930
3607 4 2 0 1 1720 2218 2174 2216
3608 4 2 0 1 991 948 2052 1110
3609 4 2 0 1 2000 1247 1999 1484
3610 4 2 0 1 1518 2272 2316 1607
3611 4 2 0 1 508 2030 1453 2247
3612 4 2 0 1 2199 1809 1813 2200
3613 4 2 0 1 2062 2070 2061 2074
3614 4 2 0 1 892 988 1619 940
3615 4 2 0 1 1933 1589 2351 1920
3616 4 2 0 1 2029 2058 1260 2028
3617 4 2 0 1 2148 2147 1303 2149
3618 4 2 0 1 162 1769 1765 461
3619 4 2 0 1 2169 620 588 291
3620 4 2 0 1 162 161 1770 163
3621 4 2 0 1 2108 1482 2113 1290
3622 4 2 0 1 1489 57 2222 1488
3623 4 2 0 1 1828 1210 1806 1206
3624 4 2 0 1 1264 2063 2060 2078
3625 4 2 0 1 2262 2319 2317 2318
3626 4 2 0 1 394 267 1275 395
3627 4 2 0 1 292 1470 1383 1400
3628 4 2 0 1 2377 2333 2351 802
3629 4 2 0 1 1501 282 593 1484
3630 4 2 0 1 1825 540 252 279
3631 4 2 0 1 2157 2155 2158 1822
3632 4 2 0 1 1491 1458 1913 281
3633 4 2 0 1 689 686 1582 1165
3634 4 2 0 1 2372 936 2304 2308
3635 4 2 0 1 1625 1875 1668 1632
3636 4 2 0 1 1741 2293 2319 2321
3637 4 2 0 1 2054 1560 2057 2059
3638 4 2 0 1 2229 2230 1494 2330
3639 4 2 0 1 674 1135 983 1657
3640 4 2 0 1 542 1441 103 105
3641 4 2 0 1 2062 2061 2070 1262
3642 4 2 0 1 1357 1377 114 115
3643 4 2 0 1 241 2175 626 440
3644 4 2 0 1 293 1319 2173 2046
3645 4 2 0 1 1768 2159 1766 2151
3646 4 2 0 1 1312 1208 1795 1764
3647 4 2 0 1 2117 2120 1807 1276
3648 4 2 0 1 79 530 1455 604
3649 4 2 0 1 2214 1775 2077 2078
3650 4 2 0 1 1212 1884 1213 1839
3651 4 2 0 1 274 1367 390 329
3652 4 2 0 1 1848 1772 2211 1773
3653 4 2 0 1 1256 1731 2037 2039
3654 4 2 0 1 2097 2169 1493 2221
3655 4 2 0 1 231 1406 1386 1769
3656 4 2 0 1 1335 521 1368 1313
3657 4 2 0 1 1301 1386 1303 2085
3658 4 2 0 1 1140 2277 1440 1643
3659 4 2 0 1 2336 2338 1547 2296
3660 4 2 0 1 2140 2225 2216 2224
3661 4 2 0 1 2273 2268 2269 1525
3662 4 2 0 1 1015 2303 1022 1021
3663 4 2 0 1 97 98 99 1349
3664 4 2 0 1 2176 1209 1822 1818
3665 4 2 0 1 1388 1718 1717 1242
3666 4 2 0 1 1777 2338 2339 2211
3667 4 2 0 1 40 1174 675 1677
3668 4 2 0 1 1717 1615 2 1465
3669 4 2 0 1 1822 1209 2176 1823
3670 4 2 0 1 1742 2299 1746 1535
3671 4 2 0 1 2235 2251 1494 2330
3672 4 2 0 1 2361 1123 912 1166
3673 4 2 0 1 2148 2147 2149 2152
3674 4 2 0 1 1971 1974 1238 1967
3675 4 2 0 1 76 576 1478 1460
3676 4 2 0 1 2230 2235 1494 2330
3677 4 2 0 1 1506 1795 1796 1367
3678 4 2 0 1 2074 2061 2076 2282
3679 4 2 0 1 1760 141 1454 143
3680 4 2 0 1 1954 1234 1956 1727
3681 4 2 0 1 2077 2084 1301 2145
3682 4 2 0 1 1770 164 1396 1769
3683 4 2 0 1 2149 172 2153 1303
3684 4 2 0 1 1792 1782 2092 1788
3685 4 2 0 1 1856 2256 1890 1881
3686 4 2 0 1 1629 2227 1573 2228
3687 4 2 0 1 71 1506 440 622
3688 4 2 0 1 2113 353 354 1302
3689 4 2 0 1 1329 190 625 235
3690 4 2 0 1 375 634 1825 1326
3691 4 2 0 1 222 1468 204 512
3692 4 2 0 1 2083 1842 2088 1908
3693 4 2 0 1 1325 2176 1328 1818
3694 4 2 0 1 2111 1286 127 2112
3695 4 2 0 1 1428 2257 2131 1855
3696 4 2 0 1 1916 1779 1849 1271
3697 4 2 0 1 1422 1393 1454 143
3698 4 2 0 1 1614 871 1615 946
3699 4 2 0 1 2171 1835 1804 1803
3700 4 2 0 1 2257 1889 1843 1213
3701 4 2 0 1 465 179 180 2080
3702 4 2 0 1 1479 1418 1890 1221
3703 4 2 0 1 1910 1832 430 1477
3704 4 2 0 1 86 639 1306 438
3705 4 2 0 1 1604 1008 845 1092
3706 4 2 0 1 2262 2336 2318 1450
3707 4 2 0 1 685 683 687 1709
3708 4 2 0 1 1684 684 1709 1598
3709 4 2 0 1 2285 1688 1612 1684
3710 4 2 0 1 1925 1924 1927 1928
3711 4 2 0 1 1886 1215 2256 1883
3712 4 2 0 1 1104 1562 913 1105
3713 4 2 0 1 1055 1679 742 1594
3714 4 2 0 1 2208 1778 2210 2209
3715 4 2 0 1 2370 1066 1584 813
3716 4 2 0 1 1647 1059 913 1127
3717 4 2 0 1 2251 2235 1494 2237
3718 4 2 0 1 2325 1555 2339 2141
3719 4 2 0 1 1996 1245 1993 1991
3720 4 2 0 1 1625 952 1139 1879
3721 4 2 0 1 1576 1585 1586 1632
3722 4 2 0 1 1565 2197 2196 2341
3723 4 2 0 1 1530 694 692 1038
3724 4 2 0 1 974 1465 1615 1614
3725 4 2 0 1 1107 953 968 1625
3726 4 2 0 1 1759 1405 1553 1752
3727 4 2 0 1 178 1317 1758 434
3728 4 2 0 1 2173 1971 1980 1241
3729 4 2 0 1 1994 1249 1997 1250
3730 4 2 0 1 2357 2369 108 106
3731 4 2 0 1 1416 150 2167 1823
3732 4 2 0 1 1531 2348 2322 2323
3733 4 2 0 1 833 1589 823 2377
3734 4 2 0 1 1508 1902 2196 2275
3735 4 2 0 1 1372 2198 2342 1673
3736 4 2 0 1 2336 1263 2213 1395
3737 4 2 0 1 2281 2286 2261 2280
3738 4 2 0 1 1694 782 1546 1082
3739 4 2 0 1 1753 1964 1957 1963
3740 4 2 0 1 1256 1731 2039 1734
3741 4 2 0 1 1432 1107 1668 1064
3742 4 2 0 1 933 2246 1387 2244
3743 4 2 0 1 2031 2033 1732 2035
3744 4 2 0 1 2086 2084 2117 2087
3745 4 2 0 1 1007 1640 656 1633
3746 4 2 0 1 1943 1735 1945 1942
3747 4 2 0 1 832 1589 833 868
3748 4 2 0 1 2159 1965 1292 1308
3749 4 2 0 1 1768 1267 1770 1771
3750 4 2 0 1 1586 1585 2347 1573
3751 4 2 0 1 1642 935 1119 1032
3752 4 2 0 1 1707 748 1678 746
3753 4 2 0 1 1080 1676 896 2240
3754 4 2 0 1 2236 1556 2343 1564
3755 4 2 0 1 107 106 108 2369
3756 4 2 0 1 1695 2240 2242 2243
3757 4 2 0 1 1630 1524 962 1611
3758 4 2 0 1 1426 63 487 1882
3759 4 2 0 1 2211 2209 1861 1554
3760 4 2 0 1 1124 707 1620 719
3761 4 2 0 1 2225 1811 1812 2140
3762 4 2 0 1 1251 1935 2022 2020
3763 4 2 0 1 62 1460 22 1487
3764 4 2 0 1 1060 1716 1633 1641
3765 4 2 0 1 1688 2285 1450 1598
3766 4 2 0 1 1595 1522 2241 1740
3767 4 2 0 1 1680 1639 2316 1567
3768 4 2 0 1 1668 2263 1297 1875
3769 4 2 0 1 931 1618 1576 1585
3770 4 2 0 1 1862 1859 1864 1858
3771 4 2 0 1 1146 673 660 1673
3772 4 2 0 1 591 1437 1407 1508
3773 4 2 0 1 2305 1058 2304 712
3774 4 2 0 1 1575 1688 2335 1450
3775 4 2 0 1 1601 1263 2282 1450
3776 4 2 0 1 2059 2054 2056 2057
3777 4 2 0 1 970 1052 1160 1648
3778 4 2 0 1 1576 1586 2347 1874
3779 4 2 0 1 1012 1011 1663 787
3780 4 2 0 1 16 1431 655 17
3781 4 2 0 1 1755 1747 1758 1313
3782 4 2 0 1 1065 1614 1121 867
3783 4 2 0 1 1689 1519 1699 1577
3784 4 2 0 1 2237 2230 1494 1544
3785 4 2 0 1 1561 1169 831 1182
3786 4 2 0 1 860 2033 1704 2330
3787 4 2 0 1 271 486 292 1391
3788 4 2 0 1 969 1571 1106 853
3789 4 2 0 1 1607 2265 2269 2273
3790 4 2 0 1 592 95 1473 1413
3791 4 2 0 1 2251 1743 1409 2237
3792 4 2 0 1 2358 2364 316 317
3793 4 2 0 1 789 932 1078 1585
3794 4 2 0 1 1520 1019 1011 1015
3795 4 2 0 1 1048 2327 930 1077
3796 4 2 0 1 1542 2301 2269 2322
3797 4 2 0 1 1808 1207 1297 1905
3798 4 2 0 1 669 1372 1382 1447
3799 4 2 0 1 2140 2139 1555 2137
3800 4 2 0 1 589 1826 1211 364
3801 4 2 0 1 777 1568 1144 919
3802 4 2 0 1 652 1551 1497 1553
3803 4 2 0 1 1563 1628 1363 1588
3804 4 2 0 1 1124 719 1620 1538
3805 4 2 0 1 1019 1520 1011 1521
3806 4 2 0 1 2349 2301 2269 1542
3807 4 2 0 1 2038 2215 1308 2039
3808 4 2 0 1 1443 1978 460 1444
3809 4 2 0 1 2328 1752 1208 1754
3810 4 2 0 1 1768 1770 1765 1771
3811 4 2 0 1 1585 932 1078 1666
3812 4 2 0 1 2307 2252 1534 1662
3813 4 2 0 1 2185 2271 2334 2186
3814 4 2 0 1 1590 1120 951 1149
3815 4 2 0 1 1380 905 730 2249
3816 4 2 0 1 588 1835 2169 291
3817 4 2 0 1 1447 1090 737 735
3818 4 2 0 1 1590 883 1120 1149
3819 4 2 0 1 1879 1590 951 1149
3820 4 2 0 1 1590 1879 883 1149
3821 4 2 0 1 2235 2230 1494 2237
3822 4 2 0 1 1775 1201 1276 1772
3823 4 2 0 1 1720 2139 1555 2140
3824 4 2 0 1 2097 2219 2221 2098
3825 4 2 0 1 1986 1320 1243 1789
3826 4 2 0 1 619 269 1505 1504
3827 4 2 0 1 1928 1926 1919 2340
3828 4 2 0 1 2352 2353 2334 2271
3829 4 2 0 1 619 1505 269 557
3830 4 2 0 1 1682 1681 1449 2340
3831 4 2 0 1 2186 2271 2334 2353
3832 4 2 0 1 604 72 1455 534
3833 4 2 0 1 443 96 1355 549
3834 4 2 0 1 719 1027 1620 1538
3835 4 2 0 1 901 753 1617 758
3836 4 2 0 1 1314 1937 1504 1231
3837 4 2 0 1 1564 1053 2346 1605
3838 4 2 0 1 1602 1603 2250 1588
3839 4 2 0 1 287 265 212 2368
3840 4 2 0 1 1409 1581 1605 1613
3841 4 2 0 1 2079 2083 2081 1914
3842 4 2 0 1 167 156 558 1415
3843 4 2 0 1 1151 657 1105 1562
3844 4 2 0 1 1255 2329 2032 2330
3845 4 2 0 1 765 1564 1613 1605
3846 4 2 0 1 1619 1658 1630 1545
3847 4 2 0 1 2244 838 1931 1040
3848 4 2 0 1 2346 1603 1602 2234
3849 4 2 0 1 1570 1047 1619 940
3850 4 2 0 1 2243 1740 2288 1523
3851 4 2 0 1 801 2365 1545 1112
3852 4 2 0 1 498 520 1316 1478
3853 4 2 0 1 102 139 1412 1938
3854 4 2 0 1 1509 1948 1384 1241
3855 4 2 0 1 1306 85 1474 87
3856 4 2 0 1 1314 1505 1504 1937
3857 4 2 0 1 2253 1231 1937 1938
3858 4 2 0 1 1402 1411 1950 1951
3859 4 2 0 1 1763 1756 1761 1760
3860 4 2 0 1 1222 1885 1818 1817
3861 4 2 0 1 96 1250 1306 1248
3862 4 2 0 1 1802 1806 1805 1801
3863 4 2 0 1 2028 2027 1451 2029
3864 4 2 0 1 1589 837 835 838
3865 4 2 0 1 1561 1020 1182 1049
3866 4 2 0 1 1933 1922 2351 2340
3867 4 2 0 1 271 1391 292 1400
3868 4 2 0 1 265 287 2374 2368
3869 4 2 0 1 1527 1530 1646 1680
3870 4 2 0 1 1740 1523 1739 2288
3871 4 2 0 1 1733 1735 1497 1499
3872 4 2 0 1 2035 2033 2032 2031
3873 4 2 0 1 1651 1650 1674 1652
3874 4 2 0 1 1795 1422 1208 1794
3875 4 2 0 1 2286 2262 2261 1462
3876 4 2 0 1 761 2311 1050 759
3877 4 2 0 1 320 595 612 1366
3878 4 2 0 1 1603 2355 1409 1605
3879 4 2 0 1 1803 1801 1311 1807
3880 4 2 0 1 98 1515 1410 1514
3881 4 2 0 1 1244 1728 1729 1725
3882 4 2 0 1 2284 1334 2191 2190
3883 4 2 0 1 1670 1138 1633 1150
3884 4 2 0 1 2110 2105 1291 1962
3885 4 2 0 1 2350 2057 2163 2065
3886 4 2 0 1 54 53 1496 1500
3887 4 2 0 1 679 1660 1558 1600
3888 4 2 0 1 1286 2219 2111 442
3889 4 2 0 1 2142 72 1669 613
3890 4 2 0 1 1648 1052 2367 862
3891 4 2 0 1 1382 1371 1631 1372
3892 4 2 0 1 1602 1588 1563 2234
3893 4 2 0 1 69 1365 80 1413
3894 4 2 0 1 1939 1314 1937 1258
3895 4 2 0 1 1516 1410 101 1515
3896 4 2 0 1 1052 811 2367 862
3897 4 2 0 1 377 607 1423 462
3898 4 2 0 1 1294 2182 2024 2015
3899 4 2 0 1 422 1994 421 1445
3900 4 2 0 1 302 370 1473 303
3901 4 2 0 1 1159 1382 1447 669
3902 4 2 0 1 1423 1516 451 358
3903 4 2 0 1 1759 1204 1794 1368
3904 4 2 0 1 1414 1422 1367 1794
3905 4 2 0 1 1285 1785 2098 2092
3906 4 2 0 1 1614 658 1177 974
3907 4 2 0 1 438 1250 439 93
3908 4 2 0 1 2035 2225 1555 2032
3909 4 2 0 1 1752 1208 1757 1794
3910 4 2 0 1 1376 551 1969 2173
3911 4 2 0 1 1795 2328 1796 1794
3912 4 2 0 1 2168 1887 1806 2118
3913 4 2 0 1 2124 2121 2122 1775
3914 4 2 0 1 538 619 1504 269
3915 4 2 0 1 326 327 335 2206
3916 4 2 0 1 85 84 1474 83
3917 4 2 0 1 1236 2106 1988 1989
3918 4 2 0 1 1366 1367 1794 1414
3919 4 2 0 1 1196 1733 1234 1749
3920 4 2 0 1 1747 1748 1733 1749
3921 4 2 0 1 2225 1811 2140 1555
3922 4 2 0 1 1414 1422 1794 1757
3923 4 2 0 1 1971 1948 1238 1977
3924 4 2 0 1 1357 1378 505 114
3925 4 2 0 1 331 304 1473 303
3926 4 2 0 1 1614 1030 842 1005
3927 4 2 0 1 2194 2022 1248 1354
3928 4 2 0 1 2042 238 484 2165
3929 4 2 0 1 1509 1979 1948 1241
3930 4 2 0 1 1881 1882 1890 1221
3931 4 2 0 1 1426 1427 2256 1890
3932 4 2 0 1 2001 1416 1309 2003
3933 4 2 0 1 1479 485 575 1882
3934 4 2 0 1 150 1416 148 541
3935 4 2 0 1 359 1332 1884 343
3936 4 2 0 1 1371 1336 2017 1507
3937 4 2 0 1 2177 158 1324 1327
3938 4 2 0 1 2113 393 544 1286
3939 4 2 0 1 1575 1712 1713 1147
3940 4 2 0 1 1852 1857 1864 1855
3941 4 2 0 1 2114 537 1344 1406
3942 4 2 0 1 833 823 834 2377
3943 4 2 0 1 1264 2063 2078 2059
3944 4 2 0 1 1070 1069 1701 2161
3945 4 2 0 1 164 166 1381 1396
3946 4 2 0 1 1912 1487 1917 1229
3947 4 2 0 1 826 1561 1584 1592
3948 4 2 0 1 1299 1965 1208 1292
3949 4 2 0 1 1767 2148 2149 2152
3950 4 2 0 1 1216 1293 1854 1853
3951 4 2 0 1 675 1696 1634 1677
3952 4 2 0 1 166 2154 170 169
3953 4 2 0 1 174 179 2080 180
3954 4 2 0 1 2055 1266 1400 1268
3955 4 2 0 1 822 877 820 1921
3956 4 2 0 1 2029 1253 1271 1914
3957 4 2 0 1 1648 862 2367 1189
3958 4 2 0 1 2086 1482 2171 1290
3959 4 2 0 1 1261 2054 2059 2062
3960 4 2 0 1 1630 2314 1604 1570
3961 4 2 0 1 1896 1702 1226 1427
3962 4 2 0 1 1702 1896 1226 1703
3963 4 2 0 1 2238 2239 1610 2249
3964 4 2 0 1 15 14 1430 600
3965 4 2 0 1 1392 382 456 636
3966 4 2 0 1 1567 2315 1646 830
3967 4 2 0 1 15 1703 14 1009
3968 4 2 0 1 1204 2358 1366 1368
3969 4 2 0 1 2253 1937 1231 1504
3970 4 2 0 1 488 1245 1246 1305
3971 4 2 0 1 1467 227 2179 1424
3972 4 2 0 1 1431 2264 655 17
3973 4 2 0 1 1467 1350 2179 189
3974 4 2 0 1 1223 1471 1270 1418
3975 4 2 0 1 2155 1894 1895 1818
3976 4 2 0 1 1833 1830 1829 1210
3977 4 2 0 1 15 367 600 1430
3978 4 2 0 1 201 1457 1469 203
3979 4 2 0 1 2357 507 467 109
3980 4 2 0 1 63 1882 2256 1883
3981 4 2 0 1 1966 1786 1968 1967
3982 4 2 0 1 1277 1311 2088 1804
3983 4 2 0 1 2238 1964 1308 2039
3984 4 2 0 1 1726 1360 1728 1194
3985 4 2 0 1 2005 1304 1999 2003
3986 4 2 0 1 1248 2194 1354 1355
3987 4 2 0 1 289 232 1403 361
3988 4 2 0 1 69 80 81 1413
3989 4 2 0 1 1959 2203 1339 2123
3990 4 2 0 1 877 878 820 1921
3991 4 2 0 1 1954 2038 1308 2039
3992 4 2 0 1 2150 2059 2151 2214
3993 4 2 0 1 206 2144 425 2143
3994 4 2 0 1 2202 1958 1960 1962
3995 4 2 0 1 1042 925 818 2366
3996 4 2 0 1 1074 910 1038 1529
3997 4 2 0 1 1691 1946 1652 2239
3998 4 2 0 1 1946 1735 1237 2039
3999 4 2 0 1 910 1649 1038 1529
4000 4 2 0 1 1964 1946 1237 2039
4001 4 2 0 1 1237 1954 1957 2039
4002 4 2 0 1 1516 1474 1936 1354
4003 4 2 0 1 1537 2141 2326 2324
4004 4 2 0 1 1285 1786 2092 1788
4005 4 2 0 1 1356 443 1466 1354
4006 4 2 0 1 1459 2040 1377 1258
4007 4 2 0 1 1315 1997 1935 1936
4008 4 2 0 1 1515 1252 2022 1936
4009 4 2 0 1 1148 2366 927 925
4010 4 2 0 1 80 1466 1318 82
4011 4 2 0 1 504 383 92 1474
4012 4 2 0 1 1789 1279 2090 2091
4013 4 2 0 1 2292 1523 2294 2293
4014 4 2 0 1 1570 1571 1646 846
4015 4 2 0 1 1645 1012 1014 1656
4016 4 2 0 1 782 1097 1546 1082
4017 4 2 0 1 814 2370 2366 818
4018 4 2 0 1 1997 1248 1249 2010
4019 4 2 0 1 1512 1790 1789 1282
4020 4 2 0 1 490 1385 1657 74
4021 4 2 0 1 1159 1382 669 8
4022 4 2 0 1 983 36 1657 1028
4023 4 2 0 1 1387 75 33 32
4024 4 2 0 1 2042 1357 1377 1259
4025 4 2 0 1 2352 2272 2353 2270
4026 4 2 0 1 2044 2042 1377 1259
4027 4 2 0 1 1418 1471 263 351
4028 4 2 0 1 1119 1017 1653 1642
4029 4 2 0 1 1329 1327 1350 1328
4030 4 2 0 1 1336 381 555 1355
4031 4 2 0 1 1516 304 331 358
4032 4 2 0 1 1485 1304 1424 2178
4033 4 2 0 1 1418 226 2179 1350
4034 4 2 0 1 2378 302 344 1473
4035 4 2 0 1 1342 514 1438 1341
4036 4 2 0 1 1146 672 1372 1673
4037 4 2 0 1 1248 2019 2010 1935
4038 4 2 0 1 1382 2193 1356 1318
4039 4 2 0 1 78 1341 608 1407
4040 4 2 0 1 2008 587 1342 1417
4041 4 2 0 1 1813 1295 1904 2136
4042 4 2 0 1 1815 1537 2324 2141
4043 4 2 0 1 1467 1424 2179 2178
4044 4 2 0 1 1293 1854 1853 1784
4045 4 2 0 1 1306 1250 93 1994
4046 4 2 0 1 78 12 13 1437
4047 4 2 0 1 1729 2035 2218 1193
4048 4 2 0 1 1447 1090 1159 669
4049 4 2 0 1 1966 1239 2046 1259
4050 4 2 0 1 1445 2007 2013 1249
4051 4 2 0 1 1418 226 1350 453
4052 4 2 0 1 2178 2255 2179 1270
4053 4 2 0 1 2046 293 545 2173
4054 4 2 0 1 129 2219 2221 404
4055 4 2 0 1 408 1266 414 339
4056 4 2 0 1 2155 2012 2178 1895
4057 4 2 0 1 1791 2092 2099 2096
4058 4 2 0 1 267 1275 280 171
4059 4 2 0 1 2117 2086 2171 1290
4060 4 2 0 1 733 1574 680 1559
4061 4 2 0 1 2147 2154 2149 1261
4062 4 2 0 1 1792 2090 2092 2044
4063 4 2 0 1 548 1385 74 411
4064 4 2 0 1 2044 2047 2100 2042
4065 4 2 0 1 354 1386 464 2127
4066 4 2 0 1 1786 1785 2092 1259
4067 4 2 0 1 1222 1888 1828 2102
4068 4 2 0 1 1786 2090 2092 1788
4069 4 2 0 1 174 1300 2080 2153
4070 4 2 0 1 1792 2090 2044 2091
4071 4 2 0 1 2096 2092 2099 2100
4072 4 2 0 1 1250 1306 1997 1994
4073 4 2 0 1 1505 1314 536 1258
4074 4 2 0 1 1578 1525 1741 1557
4075 4 2 0 1 2316 2272 2274 2315
4076 4 2 0 1 1996 1501 2000 1445
4077 4 2 0 1 1299 1764 1771 1292
4078 4 2 0 1 249 250 248 2254
4079 4 2 0 1 2273 1637 1635 2272
4080 4 2 0 1 1398 1342 1435 2204
4081 4 2 0 1 1953 1235 1956 2207
4082 4 2 0 1 74 1657 37 1385
4083 4 2 0 1 1915 262 1361 219
4084 4 2 0 1 1033 2365 942 1001
4085 4 2 0 1 1767 2128 1200 1406
4086 4 2 0 1 1374 1267 2068 1771
4087 4 2 0 1 893 2365 890 1001
4088 4 2 0 1 64 395 1278 2030
4089 4 2 0 1 1383 1374 2064 2068
4090 4 2 0 1 933 2246 2244 903
4091 4 2 0 1 134 147 148 1322
4092 4 2 0 1 2160 1965 2161 1701
4093 4 2 0 1 1292 1394 1771 1765
4094 4 2 0 1 888 2365 2373 1001
4095 4 2 0 1 354 552 1302 346
4096 4 2 0 1 2165 524 2166 2167
4097 4 2 0 1 2042 238 2165 1322
4098 4 2 0 1 1505 449 466 186
4099 4 2 0 1 2127 1386 1301 2085
4100 4 2 0 1 354 1386 2127 1302
4101 4 2 0 1 2365 888 890 1001
4102 4 2 0 1 2041 1309 2157 2005
4103 4 2 0 1 1518 1525 2274 2273
4104 4 2 0 1 2119 2169 1835 2118
4105 4 2 0 1 1825 222 252 270
4106 4 2 0 1 1453 1164 2244 944
4107 4 2 0 1 1278 29 64 1452
4108 4 2 0 1 354 1386 1302 552
4109 4 2 0 1 2351 837 1003 872
4110 4 2 0 1 29 1079 30 1452
4111 4 2 0 1 903 2244 933 904
4112 4 2 0 1 1336 381 543 555
4113 4 2 0 1 1505 1937 2253 1504
4114 4 2 0 1 2121 1201 1775 1777
4115 4 2 0 1 1576 1880 1873 1433
4116 4 2 0 1 1912 1906 1908 1909
4117 4 2 0 1 2218 1193 2035 1555
4118 4 2 0 1 2133 2134 1893 2135
4119 4 2 0 1 1233 1402 1950 1951
4120 4 2 0 1 1295 1853 1851 2136
4121 4 2 0 1 1815 1537 2141 2137
4122 4 2 0 1 1886 2172 1212 1883
4123 4 2 0 1 1250 96 438 494
4124 4 2 0 1 315 2364 313 312
4125 4 2 0 1 1825 1826 1824 1211
4126 4 2 0 1 1780 1273 2279 1772
4127 4 2 0 1 2005 1304 2157 2009
4128 4 2 0 1 1469 205 204 203
4129 4 2 0 1 571 577 1413 369
4130 4 2 0 1 474 1804 290 1834
4131 4 2 0 1 24 68 1486 25
4132 4 2 0 1 1888 1288 1791 2131
4133 4 2 0 1 2364 318 315 317
4134 4 2 0 1 2105 2107 1339 2103
4135 4 2 0 1 1413 331 1474 1473
4136 4 2 0 1 2279 1273 1780 2076
4137 4 2 0 1 2328 1464 1323 1572
4138 4 2 0 1 570 1356 1466 1318
4139 4 2 0 1 1795 1698 1464 1312
4140 4 2 0 1 590 1505 466 186
4141 4 2 0 1 2294 1523 2243 2288
4142 4 2 0 1 1589 838 835 1040
4143 4 2 0 1 376 2376 311 1444
4144 4 2 0 1 404 2169 1493 620
4145 4 2 0 1 225 2356 1799 2360
4146 4 2 0 1 436 488 362 1246
4147 4 2 0 1 1822 2176 2155 2158
4148 4 2 0 1 1937 1934 1939 1257
4149 4 2 0 1 2254 506 297 307
4150 4 2 0 1 284 1445 2255 1424
4151 4 2 0 1 2328 1464 1572 1312
4152 4 2 0 1 2007 2010 2206 2205
4153 4 2 0 1 1885 2180 1894 1818
4154 4 2 0 1 1206 1210 1806 1802
4155 4 2 0 1 2102 1284 2157 2155
4156 4 2 0 1 420 398 581 2360
4157 4 2 0 1 1464 1796 2328 1323
4158 4 2 0 1 1507 1333 1700 2182
4159 4 2 0 1 1834 240 1469 1468
4160 4 2 0 1 2082 195 196 1353
4161 4 2 0 1 509 1913 1915 1361
4162 4 2 0 1 430 323 1910 1477
4163 4 2 0 1 2015 1507 1333 2017
4164 4 2 0 1 1326 1826 1324 1827
4165 4 2 0 1 2110 1291 2111 1962
4166 4 2 0 1 2024 2182 1333 2015
4167 4 2 0 1 1584 815 813 959
4168 4 2 0 1 816 961 2363 1116
4169 4 2 0 1 1914 2079 2145 2081
4170 4 2 0 1 816 961 2375 2363
4171 4 2 0 1 1631 2183 1513 1388
4172 4 2 0 1 1941 1243 1410 1252
4173 4 2 0 1 35 34 674 1657
4174 4 2 0 1 1700 1631 2183 1333
4175 4 2 0 1 1212 1884 1316 2172
4176 4 2 0 1 1577 1689 1642 1699
4177 4 2 0 1 1371 1631 1700 1333
4178 4 2 0 1 244 1403 1503 1246
4179 4 2 0 1 279 1825 400 253
4180 4 2 0 1 250 249 251 2254
4181 4 2 0 1 2180 1479 1330 1885
4182 4 2 0 1 1445 422 286 532
4183 4 2 0 1 361 1403 362 372
4184 4 2 0 1 142 1765 1760 1406
4185 4 2 0 1 464 1386 1406 2127
4186 4 2 0 1 1765 1769 1406 461
4187 4 2 0 1 2083 1361 1228 1352
4188 4 2 0 1 2172 20 77 1316
4189 4 2 0 1 1116 2363 810 809
4190 4 2 0 1 537 1406 2127 464
4191 4 2 0 1 1200 2114 2207 1344
4192 4 2 0 1 1611 685 1582 688
4193 4 2 0 1 2279 1273 1779 1772
4194 4 2 0 1 1496 997 1125 652
4195 4 2 0 1 1200 1765 1406 1760
4196 4 2 0 1 1200 1761 1292 1760
4197 4 2 0 1 1678 744 745 746
4198 4 2 0 1 141 447 1763 1454
4199 4 2 0 1 1481 1759 1751 1747
4200 4 2 0 1 1354 1355 96 1248
4201 4 2 0 1 1961 2105 2123 1959
4202 4 2 0 1 679 678 1574 680
4203 4 2 0 1 2073 1230 1922 1671
4204 4 2 0 1 2065 2151 2152 2163
4205 4 2 0 1 1555 2325 2034 2326
4206 4 2 0 1 1301 2122 2128 2126
4207 4 2 0 1 2336 2338 1395 2213
4208 4 2 0 1 988 1570 1137 908
4209 4 2 0 1 2193 2022 1502 2021
4210 4 2 0 1 1684 1582 686 1688
4211 4 2 0 1 382 425 636 1669
4212 4 2 0 1 2193 2022 2021 2017
4213 4 2 0 1 1779 1273 2279 2076
4214 4 2 0 1 356 1463 1355 2195
4215 4 2 0 1 2034 1193 2037 2339
4216 4 2 0 1 1649 964 875 910
4217 4 2 0 1 782 1638 982 1115
4218 4 2 0 1 1124 707 703 1620
4219 4 2 0 1 2017 2019 1251 2015
4220 4 2 0 1 974 1615 1465 2
4221 4 2 0 1 1946 1731 1943 1735
4222 4 2 0 1 2235 2201 2200 2233
4223 4 2 0 1 1809 1808 2226 2228
4224 4 2 0 1 1528 1529 1527 1530
4225 4 2 0 1 1736 1737 1746 1738
4226 4 2 0 1 1685 1601 1450 1711
4227 4 2 0 1 1762 1208 1751 1957
4228 4 2 0 1 2363 810 809 808
4229 4 2 0 1 2363 810 808 811
4230 4 2 0 1 1434 1439 1430 1896
4231 4 2 0 1 2266 1576 1590 1618
4232 4 2 0 1 1629 2226 1588 1569
4233 4 2 0 1 2344 1564 2343 2342
4234 4 2 0 1 1523 2292 1706 2293
4235 4 2 0 1 1588 2231 2331 1569
4236 4 2 0 1 2352 2272 2270 1591
4237 4 2 0 1 1253 2072 1918 1448
4238 4 2 0 1 1905 1627 1808 2228
4239 4 2 0 1 1423 1516 1474 2253
4240 4 2 0 1 1053 1564 765 1605
4241 4 2 0 1 2144 1669 2142 1723
4242 4 2 0 1 1383 183 1374 636
4243 4 2 0 1 1002 751 1055 1594
4244 4 2 0 1 183 459 1374 636
4245 4 2 0 1 2065 1267 2064 2066
4246 4 2 0 1 2065 2067 2068 2350
4247 4 2 0 1 2235 860 861 2251
4248 4 2 0 1 1387 674 1084 34
4249 4 2 0 1 1347 2209 2339 1730
4250 4 2 0 1 735 1447 7 1465
4251 4 2 0 1 1723 1269 2350 2068
4252 4 2 0 1 1675 48 49 1025
4253 4 2 0 1 1596 773 1602 1587
4254 4 2 0 1 570 371 1318 82
4255 4 2 0 1 2144 1669 1723 2068
4256 4 2 0 1 768 2355 770 769
4257 4 2 0 1 735 736 1465 671
4258 4 2 0 1 1546 828 1018 1705
4259 4 2 0 1 714 1025 1675 49
4260 4 2 0 1 1516 101 1410 650
4261 4 2 0 1 2293 1739 1741 1523
4262 4 2 0 1 1666 921 1078 1144
4263 4 2 0 1 1204 100 454 578
4264 4 2 0 1 1510 616 1948 1384
4265 4 2 0 1 1948 1384 1239 1950
4266 4 2 0 1 1540 1963 1754 1208
4267 4 2 0 1 2287 1745 2291 2290
4268 4 2 0 1 392 1950 1233 1402
4269 4 2 0 1 2237 1588 1544 2250
4270 4 2 0 1 2287 1745 2290 1739
4271 4 2 0 1 1950 1948 1510 1947
4272 4 2 0 1 1640 1917 1641 1633
4273 4 2 0 1 1921 800 2333 2187
4274 4 2 0 1 1567 2315 2316 1646
4275 4 2 0 1 1665 964 930 873
4276 4 2 0 1 849 1527 1571 1646
4277 4 2 0 1 1008 847 1604 845
4278 4 2 0 1 240 1211 1834 644
4279 4 2 0 1 1950 1510 1948 1384
4280 4 2 0 1 1779 1273 1776 1772
4281 4 2 0 1 1566 755 757 971
4282 4 2 0 1 1875 1859 1815 1878
4283 4 2 0 1 1538 1027 907 1077
4284 4 2 0 1 2245 903 2246 977
4285 4 2 0 1 1862 2138 1815 2137
4286 4 2 0 1 1762 1760 1292 1761
4287 4 2 0 1 1767 1768 1770 1765
4288 4 2 0 1 1383 2069 1268 2067
4289 4 2 0 1 348 411 572 1373
4290 4 2 0 1 1926 1644 1925 1661
4291 4 2 0 1 1305 88 641 1306
4292 4 2 0 1 1761 1200 1292 1955
4293 4 2 0 1 629 212 107 1343
4294 4 2 0 1 244 232 1503 1403
4295 4 2 0 1 1544 2230 1588 2237
4296 4 2 0 1 1333 1251 2015 2017
4297 4 2 0 1 741 839 742 1594
4298 4 2 0 1 849 1527 1646 850
4299 4 2 0 1 1229 1840 1847 1845
4300 4 2 0 1 734 2309 990 876
4301 4 2 0 1 656 24 1640 1133
4302 4 2 0 1 1020 916 1592 1169
4303 4 2 0 1 1628 1563 1363 2228
4304 4 2 0 1 1549 1057 670 1072
4305 4 2 0 1 1433 2348 1873 2347
4306 4 2 0 1 1796 1517 1405 1323
4307 4 2 0 1 1522 1379 2289 2308
4308 4 2 0 1 1491 1909 1486 1228
4309 4 2 0 1 1649 1571 910 875
4310 4 2 0 1 1535 1129 1108 1595
4311 4 2 0 1 53 652 1497 1553
4312 4 2 0 1 744 1679 742 1055
4313 4 2 0 1 2273 1637 2272 2270
4314 4 2 0 1 937 2362 819 807
4315 4 2 0 1 920 1643 1626 993
4316 4 2 0 1 1721 1722 1489 1719
4317 4 2 0 1 1615 1616 1608 1647
4318 4 2 0 1 860 2033 2330 894
4319 4 2 0 1 1405 2328 1580 1552
4320 4 2 0 1 1372 672 1408 1673
4321 4 2 0 1 2344 1608 999 1564
4322 4 2 0 1 1556 861 894 895
4323 4 2 0 1 1323 2328 1405 1796
4324 4 2 0 1 521 1335 434 1313
4325 4 2 0 1 730 1024 2249 906
4326 4 2 0 1 1686 2270 2273 2268
4327 4 2 0 1 1568 777 775 919
4328 4 2 0 1 1776 1273 1779 2076
4329 4 2 0 1 1676 957 1593 1672
4330 4 2 0 1 1570 1619 988 940
4331 4 2 0 1 177 1422 143 437
4332 4 2 0 1 1743 1409 2237 2250
4333 4 2 0 1 67 3 556 1365
4334 4 2 0 1 1517 1204 1794 1405
4335 4 2 0 1 1796 1517 1794 1405
4336 4 2 0 1 2034 2031 1732 2035
4337 4 2 0 1 1794 1405 2328 1796
4338 4 2 0 1 1759 1405 1752 1794
4339 4 2 0 1 2227 1874 1808 1810
4340 4 2 0 1 2230 2229 1543 2330
4341 4 2 0 1 1462 2268 1531 2270
4342 4 2 0 1 177 1414 1422 526
4343 4 2 0 1 1235 1956 2207 1961
4344 4 2 0 1 931 789 1585 932
4345 4 2 0 1 2021 2024 2020 1514
4346 4 2 0 1 784 1567 783 1145
4347 4 2 0 1 532 284 468 1424
4348 4 2 0 1 2240 723 1080 1609
4349 4 2 0 1 1426 1427 1398 1425
4350 4 2 0 1 227 263 226 2179
4351 4 2 0 1 944 2244 1126 1186
4352 4 2 0 1 2232 2348 2322 1542
4353 4 2 0 1 2183 2021 1513 1514
4354 4 2 0 1 233 532 468 1424
4355 4 2 0 1 2240 723 1609 1695
4356 4 2 0 1 1645 1699 1653 1017
4357 4 2 0 1 558 617 1415 378
4358 4 2 0 1 445 1909 68 410
4359 4 2 0 1 2183 2021 1514 2024
4360 4 2 0 1 1526 914 885 1561
4361 4 2 0 1 1501 568 1484 286
4362 4 2 0 1 1900 1437 1901 1899
4363 4 2 0 1 617 239 1415 1484
4364 4 2 0 1 1811 2329 1812 2326
4365 4 2 0 1 1407 2016 1507 1901
4366 4 2 0 1 844 1616 841 842
4367 4 2 0 1 1679 1608 1594 1647
4368 4 2 0 1 1154 871 1647 1594
4369 4 2 0 1 2344 739 2342 899
4370 4 2 0 1 1002 901 751 1594
4371 4 2 0 1 1439 1703 1430 1896
4372 4 2 0 1 2275 2199 2197 1296
4373 4 2 0 1 1450 1575 1711 2335
4374 4 2 0 1 1816 2229 1812 2226
4375 4 2 0 1 764 752 1526 885
4376 4 2 0 1 612 320 1366 319
4377 4 2 0 1 1764 1299 1312 1208
4378 4 2 0 1 2294 1943 1731 2036
4379 4 2 0 1 783 1145 1567 1061
4380 4 2 0 1 685 1709 687 1636
4381 4 2 0 1 705 708 1620 707
4382 4 2 0 1 892 1619 988 908
4383 4 2 0 1 870 871 844 1616
4384 4 2 0 1 1463 2206 2010 2019
4385 4 2 0 1 2204 1294 1436 1893
4386 4 2 0 1 1683 2370 825 1054
4387 4 2 0 1 1743 2289 1522 1742
4388 4 2 0 1 2289 1743 1494 1742
4389 4 2 0 1 1680 1639 1567 1638
4390 4 2 0 1 871 870 1614 1616
4391 4 2 0 1 771 772 773 1596
4392 4 2 0 1 1621 1577 699 1538
4393 4 2 0 1 591 608 66 1407
4394 4 2 0 1 2030 1452 64 1453
4395 4 2 0 1 869 2361 1031 1166
4396 4 2 0 1 1917 1912 1229 1916
4397 4 2 0 1 1263 2282 1780 2076
4398 4 2 0 1 1589 1920 1931 1930
4399 4 2 0 1 833 1589 1040 868
4400 4 2 0 1 321 1331 625 235
4401 4 2 0 1 1659 2052 1661 1696
4402 4 2 0 1 1453 1164 944 31
4403 4 2 0 1 805 2367 806 763
4404 4 2 0 1 1341 1438 1435 1434
4405 4 2 0 1 1250 1997 1306 1248
4406 4 2 0 1 1043 1615 1614 1616
4407 4 2 0 1 641 1993 1994 1245
4408 4 2 0 1 2013 1996 1445 1249
4409 4 2 0 1 2013 2006 2009 2010
4410 4 2 0 1 1031 1683 2370 1075
4411 4 2 0 1 1434 1438 1435 1430
4412 4 2 0 1 1781 1198 1758 1317
4413 4 2 0 1 757 1581 971 797
4414 4 2 0 1 1483 1300 2085 2081
4415 4 2 0 1 1651 1539 1307 1754
4416 4 2 0 1 1087 1058 704 1622
4417 4 2 0 1 2372 1088 936 1191
4418 4 2 0 1 447 521 1313 1454
4419 4 2 0 1 1582 1637 1611 1635
4420 4 2 0 1 1299 2144 2350 2162
4421 4 2 0 1 2190 2192 2186 2184
4422 4 2 0 1 1031 2370 869 926
4423 4 2 0 1 876 1129 1108 1535
4424 4 2 0 1 849 1646 1571 846
4425 4 2 0 1 2287 2291 1745 1494
4426 4 2 0 1 782 778 1694 780
4427 4 2 0 1 1556 1647 913 1718
4428 4 2 0 1 767 1613 1707 1708
4429 4 2 0 1 1031 2370 926 1075
4430 4 2 0 1 1454 1414 521 1313
4431 4 2 0 1 939 2242 880 886
4432 4 2 0 1 1181 1645 1705 1663
4433 4 2 0 1 1602 1603 1588 2234
4434 4 2 0 1 1570 988 909 1188
4435 4 2 0 1 1144 1626 919 1573
4436 4 2 0 1 1894 1881 1856 1890
4437 4 2 0 1 2263 1295 1297 2138
4438 4 2 0 1 2264 1139 1860 1625
4439 4 2 0 1 1128 2346 2344 1564
4440 4 2 0 1 753 1566 752 751
4441 4 2 0 1 447 434 1758 1313
4442 4 2 0 1 44 2142 1724 1698
4443 4 2 0 1 447 521 434 1313
4444 4 2 0 1 1312 1142 1111 659
4445 4 2 0 1 5 4 1465 1365
4446 4 2 0 1 1624 734 2309 1623
4447 4 2 0 1 2268 2273 2269 2265
4448 4 2 0 1 1184 1085 943 1557
4449 4 2 0 1 2267 1591 2271 2270
4450 4 2 0 1 700 701 702 1623
4451 4 2 0 1 2193 1631 1382 1371
4452 4 2 0 1 1349 59 1514 1389
4453 4 2 0 1 381 1336 2016 1355
4454 4 2 0 1 1431 15 1425 16
4455 4 2 0 1 1168 1643 923 973
4456 4 2 0 1 2021 2193 1333 1513
4457 4 2 0 1 2139 2209 2218 2339
4458 4 2 0 1 1566 751 753 1617
4459 4 2 0 1 1516 101 586 379
4460 4 2 0 1 2114 2127 1291 2112
4461 4 2 0 1 4 1065 5 1465
4462 4 2 0 1 1442 573 60 448
4463 4 2 0 1 4 1465 658 1065
4464 4 2 0 1 1514 1985 1719 2183
4465 4 2 0 1 128 130 136 1420
4466 4 2 0 1 3 2 1465 1365
4467 4 2 0 1 2285 1688 1684 1598
4468 4 2 0 1 1686 1688 1583 1582
4469 4 2 0 1 2227 1667 1874 1586
4470 4 2 0 1 1831 1468 1469 1832
4471 4 2 0 1 2193 1502 1318 1446
4472 4 2 0 1 498 419 520 1478
4473 4 2 0 1 1413 303 577 332
4474 4 2 0 1 1731 1232 1943 1735
4475 4 2 0 1 1825 1826 1326 1824
4476 4 2 0 1 2239 1964 1946 1652
4477 4 2 0 1 2271 2284 1877 2270
4478 4 2 0 1 1955 1308 1292 1957
4479 4 2 0 1 1388 1104 1562 1718
4480 4 2 0 1 2379 2289 2242 2308
4481 4 2 0 1 2358 2364 578 313
4482 4 2 0 1 854 1101 875 1649
4483 4 2 0 1 2319 1744 1741 2322
4484 4 2 0 1 2238 1946 2039 1370
4485 4 2 0 1 1690 1705 2331 1738
4486 4 2 0 1 2236 1603 2234 2237
4487 4 2 0 1 2024 1985 1243 1514
4488 4 2 0 1 2235 2236 2237 1581
4489 4 2 0 1 1664 1597 1602 2250
4490 4 2 0 1 2045 122 2047 120
4491 4 2 0 1 1559 2249 2060 1711
4492 4 2 0 1 1562 1388 1718 1717
4493 4 2 0 1 1821 500 364 305
4494 4 2 0 1 1817 1210 1828 1222
4495 4 2 0 1 1748 1953 1956 1761
4496 4 2 0 1 1913 280 171 281
4497 4 2 0 1 1859 1867 1878 1860
4498 4 2 0 1 2079 1265 1776 1271
4499 4 2 0 1 1140 2277 1643 993
4500 4 2 0 1 1445 284 2255 285
4501 4 2 0 1 1586 1666 1667 1632
4502 4 2 0 1 1716 1869 1641 1714
4503 4 2 0 1 2075 2059 2062 2077
4504 4 2 0 1 2079 2083 1916 1274
4505 4 2 0 1 2029 1253 2278 1271
4506 4 2 0 1 1334 2271 2185 2186
4507 4 2 0 1 1413 303 332 331
4508 4 2 0 1 2185 793 955 795
4509 4 2 0 1 2183 2021 2024 1333
4510 4 2 0 1 2294 1739 1523 2288
4511 4 2 0 1 1506 626 2175 440
4512 4 2 0 1 24 23 1486 564
4513 4 2 0 1 1282 1967 1989 1968
4514 4 2 0 1 1779 2079 1274 1276
4515 4 2 0 1 1969 2202 1970 1420
4516 4 2 0 1 112 2357 1412 1441
4517 4 2 0 1 997 1190 1076 1496
4518 4 2 0 1 85 383 550 1474
4519 4 2 0 1 1947 1490 1233 1511
4520 4 2 0 1 2244 2245 1927 1931
4521 4 2 0 1 345 353 1482 1483
4522 4 2 0 1 1998 2005 1999 2003
4523 4 2 0 1 641 639 93 1306
4524 4 2 0 1 1471 350 263 351
4525 4 2 0 1 1770 2064 163 1374
4526 4 2 0 1 1930 1923 1920 1932
4527 4 2 0 1 2185 2187 2188 2073
4528 4 2 0 1 1300 346 1483 1302
4529 4 2 0 1 2280 2191 2286 1870
4530 4 2 0 1 1007 1670 1633 1150
4531 4 2 0 1 29 1278 1687 1452
4532 4 2 0 1 1456 1421 1470 2067
4533 4 2 0 1 2048 2030 2049 2051
4534 4 2 0 1 2210 1214 1848 1861
4535 4 2 0 1 518 1457 385 1458
4536 4 2 0 1 4 658 1465 3
4537 4 2 0 1 1906 1911 1844 1908
4538 4 2 0 1 346 1483 192 1300
4539 4 2 0 1 812 2367 2363 1066
4540 4 2 0 1 1357 2045 119 2046
4541 4 2 0 1 178 136 1420 181
4542 4 2 0 1 2084 2081 2085 2145
4543 4 2 0 1 128 519 1420 136
4544 4 2 0 1 1474 1516 1936 2253
4545 4 2 0 1 1200 2114 1344 1406
4546 4 2 0 1 1513 1388 1 1446
4547 4 2 0 1 2012 1284 1894 2155
4548 4 2 0 1 1467 227 1424 468
4549 4 2 0 1 192 345 193 1483
4550 4 2 0 1 2101 1284 1891 1783
4551 4 2 0 1 606 645 444 1245
4552 4 2 0 1 2360 398 569 318
4553 4 2 0 1 1341 513 514 1438
4554 4 2 0 1 1357 2042 1358 1259
4555 4 2 0 1 78 1434 1437 13
4556 4 2 0 1 2024 1514 1243 2020
4557 4 2 0 1 392 1950 1402 1384
4558 4 2 0 1 1223 1894 1856 1890
4559 4 2 0 1 346 192 1483 345
4560 4 2 0 1 1204 2358 1368 2364
4561 4 2 0 1 2082 195 1353 193
4562 4 2 0 1 2080 192 193 1483
4563 4 2 0 1 469 330 182 2004
4564 4 2 0 1 2271 791 786 792
4565 4 2 0 1 2024 2183 2182 2181
4566 4 2 0 1 2168 2170 1492 1806
4567 4 2 0 1 1884 1210 1222 1213
4568 4 2 0 1 1281 2044 2092 2100
4569 4 2 0 1 1209 1820 1822 1828
4570 4 2 0 1 1804 1492 1834 1806
4571 4 2 0 1 254 277 1832 253
4572 4 2 0 1 217 1367 329 527
4573 4 2 0 1 1066 2366 2370 927
4574 4 2 0 1 1390 2110 1351 2111
4575 4 2 0 1 1937 1505 1377 1258
4576 4 2 0 1 1204 310 309 100
4577 4 2 0 1 1200 2114 2128 2207
4578 4 2 0 1 346 353 1483 1302
4579 4 2 0 1 135 1475 560 1343
4580 4 2 0 1 2138 1295 1814 2137
4581 4 2 0 1 1388 1104 657 1562
4582 4 2 0 1 1778 1289 2120 2116
4583 4 2 0 1 710 1176 731 1683
4584 4 2 0 1 1464 659 46 1572
4585 4 2 0 1 2014 1223 2204 2008
4586 4 2 0 1 331 1516 566 1413
4587 4 2 0 1 345 353 1483 346
4588 4 2 0 1 965 1602 1563 2234
4589 4 2 0 1 570 1356 555 443
4590 4 2 0 1 1997 1315 1935 2010
4591 4 2 0 1 1794 2328 1405 1752
4592 4 2 0 1 2175 1366 402 646
4593 4 2 0 1 366 524 2166 594
4594 4 2 0 1 404 2165 2221 406
4595 4 2 0 1 210 211 1800 187
4596 4 2 0 1 420 398 2360 225
4597 4 2 0 1 1293 2129 2131 1783
4598 4 2 0 1 619 466 435 1504
4599 4 2 0 1 2024 2183 2181 1985
4600 4 2 0 1 1399 2001 2004 2003
4601 4 2 0 1 1770 164 162 163
4602 4 2 0 1 157 1314 176 175
4603 4 2 0 1 1506 71 633 622
4604 4 2 0 1 459 161 163 1374
4605 4 2 0 1 2144 1723 2350 2068
4606 4 2 0 1 647 1515 1516 379
4607 4 2 0 1 2119 2109 1287 2220
4608 4 2 0 1 1301 2084 2085 2145
4609 4 2 0 1 1515 637 379 539
4610 4 2 0 1 1614 958 974 1177
4611 4 2 0 1 1476 334 610 478
4612 4 2 0 1 1516 1515 2022 1936
4613 4 2 0 1 1441 2357 1412 104
4614 4 2 0 1 1782 2096 1791 1783
4615 4 2 0 1 2 3 1465 974
4616 4 2 0 1 1194 1498 2223 2222
4617 4 2 0 1 1403 469 2004 593
4618 4 2 0 1 1341 608 2016 380
4619 4 2 0 1 352 504 2359 499
4620 4 2 0 1 354 2113 537 393
4621 4 2 0 1 1643 2197 2276 1440
4622 4 2 0 1 63 1426 2256 1882
4623 4 2 0 1 300 2359 2378 499
4624 4 2 0 1 2208 1201 1848 1778
4625 4 2 0 1 421 324 1445 325
4626 4 2 0 1 2007 2206 2010 1249
4627 4 2 0 1 1341 2016 1407 1901
4628 4 2 0 1 1885 1881 1894 1221
4629 4 2 0 1 298 2359 300 499
4630 4 2 0 1 1341 78 380 514
4631 4 2 0 1 363 1412 2253 1505
4632 4 2 0 1 69 1365 1413 5
4633 4 2 0 1 1388 1719 1514 59
4634 4 2 0 1 843 1562 1153 1615
4635 4 2 0 1 1411 1402 2025 1951
4636 4 2 0 1 95 592 1473 609
4637 4 2 0 1 991 1677 972 1385
4638 4 2 0 1 1769 1396 231 164
4639 4 2 0 1 817 2370 814 818
4640 4 2 0 1 1516 1515 1938 1410
4641 4 2 0 1 2084 2079 2145 1776
4642 4 2 0 1 348 271 1391 486
4643 4 2 0 1 284 1445 324 285
4644 4 2 0 1 2001 1998 2004 2003
4645 4 2 0 1 239 617 1415 558
4646 4 2 0 1 288 1330 1331 235
4647 4 2 0 1 536 133 131 1459
4648 4 2 0 1 1997 1995 1992 1993
4649 4 2 0 1 1488 1359 2222 1952
4650 4 2 0 1 1365 80 1413 1318
4651 4 2 0 1 4 3 1465 1365
4652 4 2 0 1 1607 2315 2272 2316
4653 4 2 0 1 114 1378 505 220
4654 4 2 0 1 404 2165 406 594
4655 4 2 0 1 453 1418 263 351
4656 4 2 0 1 232 469 1403 361
4657 4 2 0 1 1937 1257 1377 1412
4658 4 2 0 1 678 1634 1696 1574
4659 4 2 0 1 1471 1270 2255 2007
4660 4 2 0 1 2165 2166 1493 2100
4661 4 2 0 1 1263 1601 2076 2063
4662 4 2 0 1 1863 1214 1864 1861
4663 4 2 0 1 1720 1346 2132 2139
4664 4 2 0 1 2093 2094 1284 1320
4665 4 2 0 1 1730 2203 2123 1339
4666 4 2 0 1 574 518 385 1458
4667 4 2 0 1 1501 568 286 522
4668 4 2 0 1 378 1416 154 541
4669 4 2 0 1 1111 1464 45 1698
4670 4 2 0 1 1378 501 1441 1475
4671 4 2 0 1 2352 1092 1604 790
4672 4 2 0 1 1991 1940 2002 1503
4673 4 2 0 1 790 1092 1604 845
4674 4 2 0 1 1570 846 1646 1604
4675 4 2 0 1 1412 507 363 621
4676 4 2 0 1 1934 1941 1315 1939
4677 4 2 0 1 1744 1736 1741 2322
4678 4 2 0 1 2230 2231 1494 1544
4679 4 2 0 1 2302 2303 1623 1622
4680 4 2 0 1 2057 2161 2163 1264
4681 4 2 0 1 1635 2272 1524 2274
4682 4 2 0 1 1366 547 349 479
4683 4 2 0 1 1683 2370 1054 2361
4684 4 2 0 1 2054 1560 1574 2057
4685 4 2 0 1 2326 2034 1555 2032
4686 4 2 0 1 1308 1965 1292 1957
4687 4 2 0 1 2252 1521 1690 1662
4688 4 2 0 1 1653 935 1538 1095
4689 4 2 0 1 1366 599 547 2175
4690 4 2 0 1 727 1380 905 730
4691 4 2 0 1 51 100 454 1204
4692 4 2 0 1 1777 1778 2123 2121
4693 4 2 0 1 2296 2037 1370 1395
4694 4 2 0 1 1851 1897 1904 2136
4695 4 2 0 1 1272 1670 2073 2188
4696 4 2 0 1 1366 599 2175 402
4697 4 2 0 1 1364 2201 2343 2233
4698 4 2 0 1 1733 1748 1237 1954
4699 4 2 0 1 2208 1777 2211 1201
4700 4 2 0 1 2024 2183 1985 1514
4701 4 2 0 1 320 2364 1368 2358
4702 4 2 0 1 2128 2214 1301 2150
4703 4 2 0 1 1811 2329 2225 1812
4704 4 2 0 1 1941 1257 1938 1410
4705 4 2 0 1 2199 1337 2196 1982
4706 4 2 0 1 2197 1563 2228 2341
4707 4 2 0 1 1059 1647 950 1154
4708 4 2 0 1 2342 2345 2344 899
4709 4 2 0 1 1294 2182 2135 2024
4710 4 2 0 1 2267 1590 1170 2266
4711 4 2 0 1 2191 2286 2284 2283
4712 4 2 0 1 1942 1550 1548 1674
4713 4 2 0 1 2061 2062 2076 2063
4714 4 2 0 1 1872 2258 2261 1865
4715 4 2 0 1 847 1604 846 1570
4716 4 2 0 1 1412 1321 1411 1239
4717 4 2 0 1 1013 1654 1015 1021
4718 4 2 0 1 1650 1051 1651 721
4719 4 2 0 1 1057 1549 1548 1125
4720 4 2 0 1 916 827 1592 1169
4721 4 2 0 1 844 1131 841 1594
4722 4 2 0 1 727 723 721 1650
4723 4 2 0 1 1157 734 1088 2304
4724 4 2 0 1 2183 2021 1333 1513
4725 4 2 0 1 2237 1603 1588 2250
4726 4 2 0 1 1521 2355 1409 2250
4727 4 2 0 1 320 2364 2358 317
4728 4 2 0 1 651 2358 578 313
4729 4 2 0 1 1734 1725 1731 1732
4730 4 2 0 1 1810 2227 1874 2347
4731 4 2 0 1 1879 883 1149 949
4732 4 2 0 1 1680 1145 1061 1567
4733 4 2 0 1 711 1538 1155 935
4734 4 2 0 1 2348 1816 2324 1874
4735 4 2 0 1 790 1591 2352 786
4736 4 2 0 1 1411 1321 1412 1402
4737 4 2 0 1 1899 1900 1902 1898
4738 4 2 0 1 1664 1597 2250 1690
4739 4 2 0 1 1090 1447 1089 669
4740 4 2 0 1 1618 931 1576 1590
4741 4 2 0 1 1571 1527 1529 1646
4742 4 2 0 1 2143 1698 368 483
4743 4 2 0 1 1411 1321 1950 1239
4744 4 2 0 1 2143 483 368 259
4745 4 2 0 1 1629 1810 1569 2227
4746 4 2 0 1 1770 164 163 1381
4747 4 2 0 1 338 348 1385 548
4748 4 2 0 1 1570 909 1137 1074
4749 4 2 0 1 1736 1746 1742 1738
4750 4 2 0 1 2357 507 109 111
4751 4 2 0 1 1481 1759 1747 1755
4752 4 2 0 1 2237 1494 2251 1743
4753 4 2 0 1 2033 1728 1732 2035
4754 4 2 0 1 1694 779 777 1618
4755 4 2 0 1 1552 1752 1553 1405
4756 4 2 0 1 2301 1744 1578 2300
4757 4 2 0 1 2199 1337 1982 1362
4758 4 2 0 1 1542 2332 1569 2347
4759 4 2 0 1 1664 1690 1662 1663
4760 4 2 0 1 1678 744 1679 745
4761 4 2 0 1 1550 1197 1553 1552
4762 4 2 0 1 767 1613 1708 768
4763 4 2 0 1 880 2308 725 728
4764 4 2 0 1 1618 1694 1693 2349
4765 4 2 0 1 1197 1550 1553 1551
4766 4 2 0 1 2201 2200 2233 2234
4767 4 2 0 1 1550 1675 1674 1651
4768 4 2 0 1 1664 772 787 770
4769 4 2 0 1 2348 1531 2322 1433
4770 4 2 0 1 1647 1059 950 895
4771 4 2 0 1 2357 507 111 1412
4772 4 2 0 1 2357 111 109 110
4773 4 2 0 1 1552 1651 1754 1580
4774 4 2 0 1 2227 1810 1569 2347
4775 4 2 0 1 188 1467 468 189
4776 4 2 0 1 1596 2332 2331 1705
4777 4 2 0 1 1709 2190 1612 2189
4778 4 2 0 1 106 109 2357 467
4779 4 2 0 1 962 1611 688 963
4780 4 2 0 1 2285 1685 1450 1598
4781 4 2 0 1 780 783 781 1692
4782 4 2 0 1 682 1709 1681 683
4783 4 2 0 1 1278 394 1275 395
4784 4 2 0 1 214 1353 2171 2089
4785 4 2 0 1 1808 1629 2228 2227
4786 4 2 0 1 789 1585 1078 1144
4787 4 2 0 1 1688 1575 2335 1713
4788 4 2 0 1 696 1577 697 698
4789 4 2 0 1 1880 1876 1871 1877
4790 4 2 0 1 1537 2137 1811 2141
4791 4 2 0 1 1667 1627 1573 2227
4792 4 2 0 1 1739 1736 1742 1745
4793 4 2 0 1 1561 1071 929 1182
4794 4 2 0 1 757 2311 797 761
4795 4 2 0 1 569 2360 581 398
4796 4 2 0 1 580 618 340 2356
4797 4 2 0 1 1950 1321 1411 1402
4798 4 2 0 1 1372 2198 1673 1700
4799 4 2 0 1 871 844 1594 1000
4800 4 2 0 1 1626 1627 1573 1667
4801 4 2 0 1 2236 1364 2343 2233
4802 4 2 0 1 1586 1667 1573 2227
4803 4 2 0 1 1995 1246 1231 1992
4804 4 2 0 1 245 247 1504 435
4805 4 2 0 1 771 866 1602 960
4806 4 2 0 1 1035 1580 720 48
4807 4 2 0 1 1586 1666 1632 1585
4808 4 2 0 1 254 277 1477 1832
4809 4 2 0 1 420 580 340 2356
4810 4 2 0 1 2336 1450 2335 2318
4811 4 2 0 1 2029 2058 2028 1914
4812 4 2 0 1 2172 584 1884 1316
4813 4 2 0 1 1666 1626 1573 1667
4814 4 2 0 1 44 1724 2142 976
4815 4 2 0 1 1879 1625 952 1632
4816 4 2 0 1 1197 1733 1497 1751
4817 4 2 0 1 1669 425 295 382
4818 4 2 0 1 1464 659 1572 1312
4819 4 2 0 1 1586 1666 1585 1573
4820 4 2 0 1 2175 496 242 495
4821 4 2 0 1 1549 1057 1548 714
4822 4 2 0 1 685 1684 1709 1612
4823 4 2 0 1 1905 1627 1297 1808
4824 4 2 0 1 1053 866 2346 1605
4825 4 2 0 1 1978 1196 1240 1976
4826 4 2 0 1 1857 1346 1864 1855
4827 4 2 0 1 2372 1050 2379 2311
4828 4 2 0 1 1607 2315 2316 1567
4829 4 2 0 1 1195 2332 1569 1542
4830 4 2 0 1 757 2311 759 1526
4831 4 2 0 1 1643 1563 2228 2197
4832 4 2 0 1 2074 1449 1710 2189
4833 4 2 0 1 1532 2320 1746 1578
4834 4 2 0 1 1645 1534 1705 1663
4835 4 2 0 1 1800 1755 1443 1198
4836 4 2 0 1 1299 1965 1292 2162
4837 4 2 0 1 1759 1480 1481 1553
4838 4 2 0 1 1759 1480 1553 1204
4839 4 2 0 1 1390 128 1970 1338
4840 4 2 0 1 1749 1960 1987 1750
4841 4 2 0 1 1299 2144 2162 1771
4842 4 2 0 1 1351 122 129 2221
4843 4 2 0 1 2038 2037 2213 1395
4844 4 2 0 1 2038 2215 2213 2212
4845 4 2 0 1 2298 2301 1737 1746
4846 4 2 0 1 1860 1867 1122 1715
4847 4 2 0 1 1535 1595 1108 1746
4848 4 2 0 1 42 1455 1421 1669
4849 4 2 0 1 2298 698 696 1746
4850 4 2 0 1 1888 1791 1783 2131
4851 4 2 0 1 2293 2295 1547 2296
4852 4 2 0 1 2286 1462 2284 2283
4853 4 2 0 1 1875 1625 1860 1878
4854 4 2 0 1 1684 1582 1688 1612
4855 4 2 0 1 2186 1637 1636 1612
4856 4 2 0 1 1198 1800 1758 1317
4857 4 2 0 1 2298 1624 1746 2299
4858 4 2 0 1 1950 1321 1384 1239
4859 4 2 0 1 1036 1050 829 2379
4860 4 2 0 1 1747 1781 1198 1758
4861 4 2 0 1 441 1340 1338 1344
4862 4 2 0 1 487 1426 1398 1425
4863 4 2 0 1 2091 2093 2026 2095
4864 4 2 0 1 1234 1734 1727 1954
4865 4 2 0 1 2083 1912 1228 1916
4866 4 2 0 1 1184 1085 1557 1593
4867 4 2 0 1 1948 1442 1509 616
4868 4 2 0 1 1752 2328 1208 1794
4869 4 2 0 1 1377 1357 1239 1259
4870 4 2 0 1 1731 1735 2039 1734
4871 4 2 0 1 2320 1109 1184 1593
4872 4 2 0 1 1335 433 1368 521
4873 4 2 0 1 2320 1184 1109 717
4874 4 2 0 1 771 1664 772 1596
4875 4 2 0 1 771 773 960 1602
4876 4 2 0 1 1745 1195 1742 1494
4877 4 2 0 1 2014 2204 2205 2008
4878 4 2 0 1 981 937 1584 1175
4879 4 2 0 1 1140 2277 993 1064
4880 4 2 0 1 513 1438 600 65
4881 4 2 0 1 953 932 952 1632
4882 4 2 0 1 1505 536 1459 1258
4883 4 2 0 1 381 356 2195 380
4884 4 2 0 1 297 2254 2359 506
4885 4 2 0 1 1432 1875 2264 2263
4886 4 2 0 1 1215 1886 2256 1428
4887 4 2 0 1 1334 1870 2188 1579
4888 4 2 0 1 1384 1321 1950 1402
4889 4 2 0 1 967 1079 1029 1687
4890 4 2 0 1 1610 1712 1672 2295
4891 4 2 0 1 1334 1870 1579 2284
4892 4 2 0 1 2165 2164 2043 2167
4893 4 2 0 1 1467 1424 1484 233
4894 4 2 0 1 535 365 1493 366
4895 4 2 0 1 1784 1856 1892 1891
4896 4 2 0 1 1818 2102 1828 1822
4897 4 2 0 1 1821 305 153 202
4898 4 2 0 1 1211 1826 1824 1821
4899 4 2 0 1 205 1832 631 1469
4900 4 2 0 1 1581 1707 1613 1409
4901 4 2 0 1 1212 1316 1884 1839
4902 4 2 0 1 1802 1210 1806 1829
4903 4 2 0 1 1523 1706 2292 1672
4904 4 2 0 1 1825 279 252 253
4905 4 2 0 1 1867 1716 654 1715
4906 4 2 0 1 1837 1838 1843 1213
4907 4 2 0 1 1778 1289 2210 2209
4908 4 2 0 1 1776 2062 2077 2075
4909 4 2 0 1 1197 1946 1942 1735
4910 4 2 0 1 955 884 2188 956
4911 4 2 0 1 2220 2107 2109 2105
4912 4 2 0 1 920 1628 796 919
4913 4 2 0 1 1462 2262 2318 1450
4914 4 2 0 1 1277 1842 1844 1908
4915 4 2 0 1 921 1626 1144 1666
4916 4 2 0 1 1541 1439 1703 666
4917 4 2 0 1 1282 1790 1793 1990
4918 4 2 0 1 2102 1310 1828 1822
4919 4 2 0 1 1563 920 1643 1626
4920 4 2 0 1 1234 1725 1988 1727
4921 4 2 0 1 1581 1707 1409 1566
4922 4 2 0 1 1713 2318 2335 1688
4923 4 2 0 1 2356 266 1799 399
4924 4 2 0 1 1775 1201 1772 1777
4925 4 2 0 1 789 777 1585 1144
4926 4 2 0 1 2200 2226 2228 1809
4927 4 2 0 1 2352 1524 1658 2353
4928 4 2 0 1 1630 1658 1604 1524
4929 4 2 0 1 1576 1618 2347 1585
4930 4 2 0 1 2037 2338 2325 2339
4931 4 2 0 1 1486 1917 1487 1641
4932 4 2 0 1 1495 2036 2294 2034
4933 4 2 0 1 1693 1607 2269 1518
4934 4 2 0 1 1773 2337 2259 2281
4935 4 2 0 1 1619 1658 1604 1630
4936 4 2 0 1 487 1398 1890 351
4937 4 2 0 1 1799 2374 1401 266
4938 4 2 0 1 2093 1792 1203 1284
4939 4 2 0 1 2344 739 899 900
4940 4 2 0 1 2352 1658 1524 1604
4941 4 2 0 1 110 2369 135 108
4942 4 2 0 1 1658 2333 1636 1630
4943 4 2 0 1 1709 2190 2192 1636
4944 4 2 0 1 2181 2182 1981 2183
4945 4 2 0 1 1857 1293 1853 1720
4946 4 2 0 1 2199 1904 1813 1905
4947 4 2 0 1 1318 1466 80 1413
4948 4 2 0 1 1212 1883 2172 1715
4949 4 2 0 1 1223 1471 1418 1398
4950 4 2 0 1 2190 2186 1636 1612
4951 4 2 0 1 2172 19 1715 1883
4952 4 2 0 1 1820 1310 1822 1828
4953 4 2 0 1 1837 1844 1227 1829
4954 4 2 0 1 201 1457 203 200
4955 4 2 0 1 2150 2059 2214 2077
4956 4 2 0 1 1850 1847 1849 1869
4957 4 2 0 1 1611 1658 1630 1524
4958 4 2 0 1 1842 1229 1844 1912
4959 4 2 0 1 661 1923 1004 1687
4960 4 2 0 1 684 716 1099 1598
4961 4 2 0 1 243 271 1400 1266
4962 4 2 0 1 1600 1681 1599 1710
4963 4 2 0 1 1868 1872 1870 1219
4964 4 2 0 1 1869 1917 1633 1641
4965 4 2 0 1 1592 2370 1683 1584
4966 4 2 0 1 2115 2117 1807 2118
4967 4 2 0 1 2249 1395 1711 1712
4968 4 2 0 1 948 991 2052 1696
4969 4 2 0 1 2084 2126 1301 2085
4970 4 2 0 1 2006 2011 2205 2014
4971 4 2 0 1 1250 327 494 439
4972 4 2 0 1 1624 2307 1621 1623
4973 4 2 0 1 1821 365 1492 389
4974 4 2 0 1 2014 1894 1270 2012
4975 4 2 0 1 2302 1058 1623 2304
4976 4 2 0 1 1341 1342 2016 1901
4977 4 2 0 1 1759 1553 1751 1752
4978 4 2 0 1 2203 1727 1988 1730
4979 4 2 0 1 1694 1638 1692 1519
4980 4 2 0 1 1333 2193 2017 1371
4981 4 2 0 1 1393 1760 1454 143
4982 4 2 0 1 1959 1960 1962 1236
4983 4 2 0 1 260 228 272 2171
4984 4 2 0 1 2214 2078 2212 1775
4985 4 2 0 1 1769 162 1765 1770
4986 4 2 0 1 657 58 1719 59
4987 4 2 0 1 1988 1960 1236 1987
4988 4 2 0 1 624 392 1233 97
4989 4 2 0 1 2130 1793 1990 2132
4990 4 2 0 1 1624 734 1623 700
4991 4 2 0 1 1750 1202 2202 1974
4992 4 2 0 1 2307 2302 2306 2303
4993 4 2 0 1 1974 1969 2202 1972
4994 4 2 0 1 2111 1338 1962 1345
4995 4 2 0 1 1276 2210 1848 1778
4996 4 2 0 1 1876 1872 1867 1878
4997 4 2 0 1 376 1476 1444 460
4998 4 2 0 1 997 865 1190 1704
4999 4 2 0 1 997 1190 1496 1704
5000 4 2 0 1 1517 1323 50 1405
5001 4 2 0 1 1205 255 492 209
5002 4 2 0 1 2365 2333 889 2373
5003 4 2 0 1 827 1592 825 915
5004 4 2 0 1 595 320 433 1368
5005 4 2 0 1 1368 521 1414 1313
5006 4 2 0 1 1248 1463 1249 2010
5007 4 2 0 1 590 507 363 1412
5008 4 2 0 1 1224 2094 2023 1893
5009 4 2 0 1 1592 2370 826 825
5010 4 2 0 1 2195 1342 335 2206
5011 4 2 0 1 1341 608 1407 2016
5012 4 2 0 1 1626 2277 1668 994
5013 4 2 0 1 1647 871 1059 1127
5014 4 2 0 1 1683 825 1592 915
5015 4 2 0 1 1246 245 247 1504
5016 4 2 0 1 2359 2254 297 257
5017 4 2 0 1 585 250 251 2254
5018 4 2 0 1 1245 1991 1403 1246
5019 4 2 0 1 476 1399 330 2004
5020 4 2 0 1 1432 1107 1625 1668
5021 4 2 0 1 1064 1107 1668 994
5022 4 2 0 1 1310 1888 2096 2102
5023 4 2 0 1 538 245 1504 435
5024 4 2 0 1 1666 1626 1668 994
5025 4 2 0 1 1862 1865 1861 1554
5026 4 2 0 1 1252 1515 1938 1936
5027 4 2 0 1 1205 255 1980 492
5028 4 2 0 1 2258 1462 2261 2262
5029 4 2 0 1 2097 1787 2099 2220
5030 4 2 0 1 1219 1868 1869 1870
5031 4 2 0 1 403 129 2221 404
5032 4 2 0 1 2359 2254 352 506
5033 4 2 0 1 1816 2324 1814 1537
5034 4 2 0 1 1510 392 1233 624
5035 4 2 0 1 404 2165 594 1493
5036 4 2 0 1 1357 114 116 115
5037 4 2 0 1 1311 1842 2087 1807
5038 4 2 0 1 1677 1696 1268 1385
5039 4 2 0 1 410 470 281 1458
5040 4 2 0 1 1214 1847 1840 1845
5041 4 2 0 1 2151 2214 2059 1264
5042 4 2 0 1 256 2254 257 297
5043 4 2 0 1 1765 1767 1406 1769
5044 4 2 0 1 1713 2318 2295 2335
5045 4 2 0 1 1553 1197 1751 1752
5046 4 2 0 1 701 1124 1538 947
5047 4 2 0 1 1344 1340 1345 1763
5048 4 2 0 1 2134 1320 1986 1790
5049 4 2 0 1 1897 2133 2135 2136
5050 4 2 0 1 2005 1309 2001 1258
5051 4 2 0 1 135 1441 2369 110
5052 4 2 0 1 331 1516 1413 1474
5053 4 2 0 1 1929 1449 1922 2340
5054 4 2 0 1 41 1421 663 978
5055 4 2 0 1 1929 1230 2278 1932
5056 4 2 0 1 2286 2280 1870 2261
5057 4 2 0 1 2120 2115 1807 2116
5058 4 2 0 1 924 1099 1711 1599
5059 4 2 0 1 701 1538 1124 1620
5060 4 2 0 1 2261 2284 1870 2286
5061 4 2 0 1 1837 1843 1845 1841
5062 4 2 0 1 1471 1270 2179 2255
5063 4 2 0 1 1644 2246 2052 1110
5064 4 2 0 1 1918 2071 1271 1849
5065 4 2 0 1 944 1453 31 653
5066 4 2 0 1 1640 1917 1918 1228
5067 4 2 0 1 887 2308 728 936
5068 4 2 0 1 1394 1208 1757 1762
5069 4 2 0 1 1872 1868 1579 1867
5070 4 2 0 1 975 800 820 2187
5071 4 2 0 1 1888 1222 1891 2102
5072 4 2 0 1 880 2308 728 886
5073 4 2 0 1 1869 1633 1917 1272
5074 4 2 0 1 1778 2210 2116 1807
5075 4 2 0 1 1452 2030 1451 1927
5076 4 2 0 1 1302 1300 1303 2085
5077 4 2 0 1 1350 235 190 1329
5078 4 2 0 1 1490 1721 2222 1489
5079 4 2 0 1 1848 2211 1772 1201
5080 4 2 0 1 2350 2057 2065 2067
5081 4 2 0 1 2258 1871 1429 1865
5082 4 2 0 1 1560 1601 2063 2061
5083 4 2 0 1 2258 1462 2262 1531
5084 4 2 0 1 2084 2086 2085 2081
5085 4 2 0 1 1792 2101 2102 2096
5086 4 2 0 1 1774 2259 1865 2261
5087 4 2 0 1 1467 188 468 233
5088 4 2 0 1 372 1245 1501 1403
5089 4 2 0 1 1309 2158 2156 2157
5090 4 2 0 1 1411 1239 1789 1279
5091 4 2 0 1 2097 1787 2220 2098
5092 4 2 0 1 1467 188 1327 189
5093 4 2 0 1 1277 1801 1806 1829
5094 4 2 0 1 726 728 2308 936
5095 4 2 0 1 2170 1493 2100 2099
5096 4 2 0 1 1818 1828 2102 1222
5097 4 2 0 1 2009 2011 1280 1315
5098 4 2 0 1 2091 1279 2026 1789
5099 4 2 0 1 1888 2101 2096 2102
5100 4 2 0 1 2166 1492 1493 2170
5101 4 2 0 1 1821 1211 1492 1806
5102 4 2 0 1 1783 2130 1784 1293
5103 4 2 0 1 1835 2168 1492 1806
5104 4 2 0 1 135 2369 489 108
5105 4 2 0 1 1081 722 1695 1674
5106 4 2 0 1 2167 2156 2043 1309
5107 4 2 0 1 1361 2082 465 283
5108 4 2 0 1 1748 1747 1756 1199
5109 4 2 0 1 1650 1652 1609 1674
5110 4 2 0 1 2257 1346 2210 2131
5111 4 2 0 1 1338 1390 2111 1962
5112 4 2 0 1 1681 1598 1710 2189
5113 4 2 0 1 1601 1685 1599 1711
5114 4 2 0 1 1390 2202 1338 1970
5115 4 2 0 1 1301 2214 2122 1775
5116 4 2 0 1 1768 1292 2162 1771
5117 4 2 0 1 1217 1862 1857 2138
5118 4 2 0 1 1586 1666 1573 1667
5119 4 2 0 1 1857 2138 2137 1295
5120 4 2 0 1 1427 1435 1430 1896
5121 4 2 0 1 2308 725 728 726
5122 4 2 0 1 1693 1519 1639 2300
5123 4 2 0 1 2210 2209 1861 2208
5124 4 2 0 1 1793 2129 2130 1783
5125 4 2 0 1 1228 1912 1908 1909
5126 4 2 0 1 1799 399 266 642
5127 4 2 0 1 2028 261 218 2051
5128 4 2 0 1 262 515 1361 219
5129 4 2 0 1 1197 1550 1942 1652
5130 4 2 0 1 2080 2146 2153 2145
5131 4 2 0 1 531 1300 346 192
5132 4 2 0 1 1387 1084 674 1135
5133 4 2 0 1 458 276 2051 418
5134 4 2 0 1 2048 407 2051 408
5135 4 2 0 1 1782 1783 2104 1793
5136 4 2 0 1 1387 34 1084 33
5137 4 2 0 1 183 2069 1383 2064
5138 4 2 0 1 1218 1883 1860 1852
5139 4 2 0 1 1627 1667 1298 2227
5140 4 2 0 1 1656 1655 1534 1662
5141 4 2 0 1 2303 1655 1656 1662
5142 4 2 0 1 1852 1883 1860 2264
5143 4 2 0 1 1868 1872 1219 1867
5144 4 2 0 1 19 1883 1860 1715
5145 4 2 0 1 2306 1520 1662 2303
5146 4 2 0 1 1433 2349 1542 2347
5147 4 2 0 1 2306 2307 2303 1662
5148 4 2 0 1 1655 2307 1534 1662
5149 4 2 0 1 1485 2158 2003 1304
5150 4 2 0 1 288 1331 1332 559
5151 4 2 0 1 18 1860 1883 2264
5152 4 2 0 1 2044 2047 2042 1259
5153 4 2 0 1 1838 2257 1214 1843
5154 4 2 0 1 1918 1916 1917 1849
5155 4 2 0 1 1877 2265 2266 2270
5156 4 2 0 1 2315 2352 1524 1604
5157 4 2 0 1 1606 2267 2266 1591
5158 4 2 0 1 2307 1655 2303 1662
5159 4 2 0 1 1427 1426 1398 1890
5160 4 2 0 1 1629 1628 1569 1588
5161 4 2 0 1 929 1049 1561 1182
5162 4 2 0 1 1808 1629 2226 2228
5163 4 2 0 1 2198 1673 2196 2345
5164 4 2 0 1 2199 1809 2200 2228
5165 4 2 0 1 1653 1119 1095 1016
5166 4 2 0 1 1336 2016 2017 1507
5167 4 2 0 1 2014 1270 1894 1223
5168 4 2 0 1 78 1434 13 513
5169 4 2 0 1 1418 1894 1890 1221
5170 4 2 0 1 1631 2198 1717 1372
5171 4 2 0 1 1892 1224 2094 2014
5172 4 2 0 1 2018 1251 2011 2019
5173 4 2 0 1 1673 2342 899 2345
5174 4 2 0 1 2079 2083 1274 2087
5175 4 2 0 1 2337 1780 2281 1773
5176 4 2 0 1 1263 1601 2060 1711
5177 4 2 0 1 1889 1843 1807 2210
5178 4 2 0 1 489 2369 135 1343
5179 4 2 0 1 1264 2248 2160 2215
5180 4 2 0 1 2078 1263 2076 2063
5181 4 2 0 1 1200 1765 1760 1292
5182 4 2 0 1 1725 1193 1731 1732
5183 4 2 0 1 2057 1701 2350 2163
5184 4 2 0 1 1747 1755 1198 1481
5185 4 2 0 1 2106 1285 2104 1793
5186 4 2 0 1 1863 1858 1865 1861
5187 4 2 0 1 489 2369 107 108
5188 4 2 0 1 993 2277 1643 1626
5189 4 2 0 1 2033 1728 2217 2222
5190 4 2 0 1 1625 1879 1860 1878
5191 4 2 0 1 1631 2198 1372 1700
5192 4 2 0 1 2307 2306 2309 2252
5193 4 2 0 1 1255 2329 2330 1543
5194 4 2 0 1 2266 1576 1618 1433
5195 4 2 0 1 1510 392 624 60
5196 4 2 0 1 1653 935 1095 1119
5197 4 2 0 1 854 1571 874 853
5198 4 2 0 1 1631 2198 1700 1242
5199 4 2 0 1 1372 2342 1717 1447
5200 4 2 0 1 1387 662 1084 1083
5201 4 2 0 1 1114 1527 1649 851
5202 4 2 0 1 1656 1013 1011 1012
5203 4 2 0 1 1569 1195 2231 2331
5204 4 2 0 1 1565 2197 2341 1563
5205 4 2 0 1 1673 2342 2345 2198
5206 4 2 0 1 1736 1195 1742 1745
5207 4 2 0 1 1341 2016 2195 380
5208 4 2 0 1 1929 1449 2340 1682
5209 4 2 0 1 445 1909 410 1910
5210 4 2 0 1 1046 1102 2351 2340
5211 4 2 0 1 1399 378 1415 617
5212 4 2 0 1 275 1330 235 234
5213 4 2 0 1 1933 1102 1928 2340
5214 4 2 0 1 107 2369 489 1343
5215 4 2 0 1 2351 1933 2340 1102
5216 4 2 0 1 2259 2258 1865 2261
5217 4 2 0 1 2188 2187 1671 2073
5218 4 2 0 1 2272 2315 1591 2352
5219 4 2 0 1 2329 2032 2291 2326
5220 4 2 0 1 1285 1787 2103 2104
5221 4 2 0 1 2337 1780 1773 2213
5222 4 2 0 1 2372 824 1050 1584
5223 4 2 0 1 1903 1440 1905 1904
5224 4 2 0 1 1063 1107 655 1432
5225 4 2 0 1 1136 1162 1630 962
5226 4 2 0 1 1618 1693 1433 2349
5227 4 2 0 1 1671 1167 878 1094
5228 4 2 0 1 1706 1583 1525 1686
5229 4 2 0 1 931 1618 779 1170
5230 4 2 0 1 140 278 142 1344
5231 4 2 0 1 2372 1050 2311 1584
5232 4 2 0 1 912 2361 980 1123
5233 4 2 0 1 2372 824 1584 981
5234 4 2 0 1 849 1646 846 848
5235 4 2 0 1 2325 2338 1547 2260
5236 4 2 0 1 2061 1601 2076 2282
5237 4 2 0 1 2034 2339 1555 1193
5238 4 2 0 1 1347 1193 1730 2339
5239 4 2 0 1 1578 1525 2300 1744
5240 4 2 0 1 2260 2348 2323 2324
5241 4 2 0 1 1946 1197 1942 1652
5242 4 2 0 1 1494 1743 1738 1742
5243 4 2 0 1 656 1060 1138 1633
5244 4 2 0 1 304 2378 1474 1473
5245 4 2 0 1 2355 1708 1409 1613
5246 4 2 0 1 1721 2174 2297 2217
5247 4 2 0 1 2161 2248 2060 2249
5248 4 2 0 1 2348 1429 2260 1531
5249 4 2 0 1 1271 2278 1262 2070
5250 4 2 0 1 729 1672 918 957
5251 4 2 0 1 1529 1136 1074 1570
5252 4 2 0 1 1525 693 1578 2300
5253 4 2 0 1 1744 1532 1578 1741
5254 4 2 0 1 1423 2378 2254 1474
5255 4 2 0 1 1253 2071 2278 1271
5256 4 2 0 1 734 1058 1088 2304
5257 4 2 0 1 856 1642 858 1032
5258 4 2 0 1 711 1620 1095 1023
5259 4 2 0 1 1181 1096 1012 1663
5260 4 2 0 1 1546 1699 1705 1018
5261 4 2 0 1 1571 1649 1529 1527
5262 4 2 0 1 1658 2352 2353 2334
5263 4 2 0 1 2294 2290 1495 2293
5264 4 2 0 1 982 1638 1061 1115
5265 4 2 0 1 2289 2330 1369 2291
5266 4 2 0 1 1532 2301 1746 1736
5267 4 2 0 1 2235 1556 1984 2343
5268 4 2 0 1 1554 1346 1862 2139
5269 4 2 0 1 1772 1273 1775 1780
5270 4 2 0 1 1676 729 1672 1609
5271 4 2 0 1 1115 782 1692 780
5272 4 2 0 1 909 1571 874 875
5273 4 2 0 1 2310 2306 1521 2354
5274 4 2 0 1 2342 738 1608 1615
5275 4 2 0 1 2036 2294 1943 1944
5276 4 2 0 1 1664 1597 1690 1596
5277 4 2 0 1 1740 1739 2287 2288
5278 4 2 0 1 1695 2240 2243 1609
5279 4 2 0 1 1128 2346 1564 1053
5280 4 2 0 1 1495 2325 2323 2326
5281 4 2 0 1 1462 2262 1531 2317
5282 4 2 0 1 2229 1812 1543 2329
5283 4 2 0 1 883 882 949 1867
5284 4 2 0 1 1693 2301 2269 2349
5285 4 2 0 1 2190 2191 2284 2283
5286 4 2 0 1 1049 1707 929 1561
5287 4 2 0 1 980 2361 912 1683
5288 4 2 0 1 788 1019 1708 1020
5289 4 2 0 1 2342 2345 2198 2343
5290 4 2 0 1 1664 1521 1690 2250
5291 4 2 0 1 2230 2231 1588 2226
5292 4 2 0 1 980 2361 1093 1123
5293 4 2 0 1 1517 50 1323 428
5294 4 2 0 1 1549 1675 714 1674
5295 4 2 0 1 304 2378 1473 301
5296 4 2 0 1 2251 2237 1409 1581
5297 4 2 0 1 2251 2235 2237 1581
5298 4 2 0 1 695 696 1577 697
5299 4 2 0 1 1969 2202 1420 1202
5300 4 2 0 1 2219 442 405 129
5301 4 2 0 1 1317 178 187 434
5302 4 2 0 1 1581 2311 1409 2251
5303 4 2 0 1 1581 2311 2251 797
5304 4 2 0 1 1376 1969 1420 1202
5305 4 2 0 1 1645 1014 1181 1018
5306 4 2 0 1 1534 1656 1662 1663
5307 4 2 0 1 1648 760 1037 1045
5308 4 2 0 1 2367 811 808 862
5309 4 2 0 1 1663 828 1705 1181
5310 4 2 0 1 1663 828 1181 1096
5311 4 2 0 1 1556 2235 1581 2236
5312 4 2 0 1 2298 1534 1705 1699
5313 4 2 0 1 2358 319 320 317
5314 4 2 0 1 826 2370 1592 1584
5315 4 2 0 1 1621 2298 1699 1534
5316 4 2 0 1 1906 1229 1714 1487
5317 4 2 0 1 1229 1917 1869 1714
5318 4 2 0 1 1917 1229 1487 1714
5319 4 2 0 1 1229 1840 1845 1837
5320 4 2 0 1 1229 1840 1837 1714
5321 4 2 0 1 750 1566 752 885
5322 4 2 0 1 1515 98 637 1514
5323 4 2 0 1 898 1556 894 895
5324 4 2 0 1 2 843 974 1615
5325 4 2 0 1 333 69 369 1413
5326 4 2 0 1 1703 15 1430 1425
5327 4 2 0 1 1618 777 1694 1568
5328 4 2 0 1 13 1899 973 1439
5329 4 2 0 1 1702 1425 1427 1426
5330 4 2 0 1 2277 1626 1668 1627
5331 4 2 0 1 1229 1837 1844 1714
5332 4 2 0 1 1353 2081 1483 2086
5333 4 2 0 1 213 232 182 1503
5334 4 2 0 1 410 574 385 1458
5335 4 2 0 1 190 189 226 1350
5336 4 2 0 1 1270 1471 2179 1418
5337 4 2 0 1 1906 1229 1844 1714
5338 4 2 0 1 1826 375 1326 1324
5339 4 2 0 1 1677 1391 1470 1455
5340 4 2 0 1 2030 409 64 395
5341 4 2 0 1 2050 1696 2052 1385
5342 4 2 0 1 76 21 1460 638
5343 4 2 0 1 339 414 413 1266
5344 4 2 0 1 1366 2175 1517 1367
5345 4 2 0 1 2036 1704 1232 2033
5346 4 2 0 1 1760 141 1763 1454
5347 4 2 0 1 1269 2067 2350 2068
5348 4 2 0 1 829 2379 1050 761
5349 4 2 0 1 1069 1533 1724 1540
5350 4 2 0 1 2354 2379 2289 2311
5351 4 2 0 1 1312 1540 1724 1533
5352 4 2 0 1 2017 2194 1355 1354
5353 4 2 0 1 43 976 1723 665
5354 4 2 0 1 2142 976 1723 43
5355 4 2 0 1 530 416 1455 604
5356 4 2 0 1 1767 1267 1768 2151
5357 4 2 0 1 1162 1134 891 1630
5358 4 2 0 1 2142 42 72 43
5359 4 2 0 1 2033 1232 1499 1704
5360 4 2 0 1 1093 2361 980 1683
5361 4 2 0 1 1987 1988 1244 1989
5362 4 2 0 1 438 639 1306 93
5363 4 2 0 1 1447 1090 899 737
5364 4 2 0 1 996 2379 2242 1130
5365 4 2 0 1 1093 2361 1054 1123
5366 4 2 0 1 2189 2192 1681 1709
5367 4 2 0 1 1230 1923 1920 1922
5368 4 2 0 1 2218 2130 2174 1990
5369 4 2 0 1 565 2254 506 342
5370 4 2 0 1 2012 2006 2009 2013
5371 4 2 0 1 1777 2124 2123 1347
5372 4 2 0 1 1729 2174 2297 1990
5373 4 2 0 1 1937 1505 1412 1377
5374 4 2 0 1 1966 1319 2046 2173
5375 4 2 0 1 239 221 1484 237
5376 4 2 0 1 272 544 561 1375
5377 4 2 0 1 122 1351 129 124
5378 4 2 0 1 484 2047 2042 2165
5379 4 2 0 1 2218 1730 1729 1193
5380 4 2 0 1 2009 2095 2157 2005
5381 4 2 0 1 1310 2170 2100 2099
5382 4 2 0 1 1941 2095 2026 1280
5383 4 2 0 1 565 506 2254 307
5384 4 2 0 1 551 1376 519 255
5385 4 2 0 1 484 406 2221 2165
5386 4 2 0 1 484 2221 406 403
5387 4 2 0 1 1595 1736 1742 1739
5388 4 2 0 1 503 2001 148 147
5389 4 2 0 1 1739 2321 2322 2290
5390 4 2 0 1 821 860 2242 2289
5391 4 2 0 1 1736 2301 1746 1737
5392 4 2 0 1 1761 1763 1200 2207
5393 4 2 0 1 1506 626 360 2175
5394 4 2 0 1 1418 2180 1895 1894
5395 4 2 0 1 305 365 202 1821
5396 4 2 0 1 1108 1595 2320 1746
5397 4 2 0 1 1399 378 617 477
5398 4 2 0 1 321 388 625 1331
5399 4 2 0 1 2029 1265 1262 1260
5400 4 2 0 1 2187 2186 2192 2184
5401 4 2 0 1 1185 1671 878 1094
5402 4 2 0 1 698 2298 1624 1746
5403 4 2 0 1 696 1108 1746 698
5404 4 2 0 1 1881 1222 1894 1891
5405 4 2 0 1 1535 698 1624 1746
5406 4 2 0 1 1768 1200 1766 1292
5407 4 2 0 1 1197 1752 1753 1751
5408 4 2 0 1 211 210 1800 1444
5409 4 2 0 1 1385 37 463 38
5410 4 2 0 1 1358 118 120 484
5411 4 2 0 1 1795 1422 1794 1367
5412 4 2 0 1 1527 850 851 852
5413 4 2 0 1 62 22 1460 576
5414 4 2 0 1 2328 1312 1754 1208
5415 4 2 0 1 1304 2013 1999 2000
5416 4 2 0 1 1911 1906 1477 1910
5417 4 2 0 1 1385 463 37 74
5418 4 2 0 1 1277 1834 1804 2089
5419 4 2 0 1 1302 1300 2085 1483
5420 4 2 0 1 509 1915 1275 395
5421 4 2 0 1 1533 1540 1307 1754
5422 4 2 0 1 1283 1351 2098 1973
5423 4 2 0 1 1054 2361 1093 1683
5424 4 2 0 1 1376 1205 1798 1317
5425 4 2 0 1 1600 1660 1558 1697
5426 4 2 0 1 917 1060 1633 1138
5427 4 2 0 1 1752 1197 1753 1754
5428 4 2 0 1 201 1457 200 2089
5429 4 2 0 1 1211 1821 1492 389
5430 4 2 0 1 151 202 457 2166
5431 4 2 0 1 142 1765 1406 461
5432 4 2 0 1 1921 1923 1044 877
5433 4 2 0 1 1825 634 279 559
5434 4 2 0 1 641 1994 1306 93
5435 4 2 0 1 568 282 1501 1484
5436 4 2 0 1 167 1467 1415 221
5437 4 2 0 1 1314 2002 2004 1998
5438 4 2 0 1 1231 1504 1246 2253
5439 4 2 0 1 144 1765 1393 1760
5440 4 2 0 1 118 117 125 2042
5441 4 2 0 1 1060 1633 1716 917
5442 4 2 0 1 2001 1314 2004 1998
5443 4 2 0 1 1314 1505 269 1504
5444 4 2 0 1 133 2001 147 1322
5445 4 2 0 1 91 436 1246 488
5446 4 2 0 1 551 1376 1969 519
5447 4 2 0 1 1958 1397 1199 1763
5448 4 2 0 1 2319 2321 2323 2322
5449 4 2 0 1 2207 1344 1345 1763
5450 4 2 0 1 123 1390 124 126
5451 4 2 0 1 1510 1948 1442 1952
5452 4 2 0 1 320 2364 317 432
5453 4 2 0 1 1758 1763 447 1454
5454 4 2 0 1 309 1480 52 53
5455 4 2 0 1 1510 1442 616 60
5456 4 2 0 1 1537 1811 2326 2141
5457 4 2 0 1 810 811 2363 812
5458 4 2 0 1 2358 454 1366 479
5459 4 2 0 1 968 1625 1139 1056
5460 4 2 0 1 1867 1716 1868 1073
5461 4 2 0 1 1832 1830 1833 253
5462 4 2 0 1 452 1331 1324 627
5463 4 2 0 1 2338 2325 1547 2296
5464 4 2 0 1 452 375 159 1324
5465 4 2 0 1 261 276 2051 407
5466 4 2 0 1 189 2179 226 1350
5467 4 2 0 1 793 794 2334 791
5468 4 2 0 1 1398 1471 1418 351
5469 4 2 0 1 367 15 1425 1430
5470 4 2 0 1 877 1923 1671 1921
5471 4 2 0 1 1769 1767 1770 1765
5472 4 2 0 1 1383 2067 2068 2064
5473 4 2 0 1 1997 1995 1936 1231
5474 4 2 0 1 1354 84 1466 1474
5475 4 2 0 1 2262 1462 2318 2317
5476 4 2 0 1 2336 2337 2338 2213
5477 4 2 0 1 2212 1777 2124 1775
5478 4 2 0 1 1263 2281 2336 1780
5479 4 2 0 1 1263 2281 1780 2282
5480 4 2 0 1 1531 2319 2268 2317
5481 4 2 0 1 1777 1347 2338 2213
5482 4 2 0 1 1777 2338 2211 2213
5483 4 2 0 1 1197 1733 1751 1237
5484 4 2 0 1 1416 150 154 541
5485 4 2 0 1 634 452 559 1326
5486 4 2 0 1 2338 2337 2211 2213
5487 4 2 0 1 1636 1062 2333 2192
5488 4 2 0 1 1331 1329 625 235
5489 4 2 0 1 1327 388 158 1324
5490 4 2 0 1 1239 1786 1789 1279
5491 4 2 0 1 506 342 2254 352
5492 4 2 0 1 1949 1512 1789 1282
5493 4 2 0 1 2020 1320 2026 1243
5494 4 2 0 1 1987 1974 1976 1750
5495 4 2 0 1 256 2254 297 307
5496 4 2 0 1 1975 1476 1798 1977
5497 4 2 0 1 266 1401 334 236
5498 4 2 0 1 1987 1360 1976 1238
5499 4 2 0 1 757 1581 797 2311
5500 4 2 0 1 359 1332 343 275
5501 4 2 0 1 359 584 343 1884
5502 4 2 0 1 1971 1979 1948 1977
5503 4 2 0 1 1834 1804 1806 1277
5504 4 2 0 1 1804 1492 1806 1835
5505 4 2 0 1 1297 1541 1668 2277
5506 4 2 0 1 2086 1482 1290 1483
5507 4 2 0 1 2147 2154 1261 2058
5508 4 2 0 1 2141 1555 2326 2325
5509 4 2 0 1 2338 2259 2211 2337
5510 4 2 0 1 2271 793 2334 791
5511 4 2 0 1 2154 2055 2149 1261
5512 4 2 0 1 1393 184 1419 1374
5513 4 2 0 1 2338 2259 2260 1554
5514 4 2 0 1 238 2165 1322 2167
5515 4 2 0 1 2178 2176 1818 1328
5516 4 2 0 1 2156 2166 1823 2167
5517 4 2 0 1 1209 1820 1823 1822
5518 4 2 0 1 667 1113 1100 2222
5519 4 2 0 1 1581 2311 1566 1409
5520 4 2 0 1 1820 1209 1823 1827
5521 4 2 0 1 1462 2268 1686 2317
5522 4 2 0 1 1584 2362 2367 1066
5523 4 2 0 1 714 1675 1006 49
5524 4 2 0 1 2367 1584 1066 813
5525 4 2 0 1 166 1303 2149 1396
5526 4 2 0 1 1176 710 732 1683
5527 4 2 0 1 142 144 143 1760
5528 4 2 0 1 1401 492 598 224
5529 4 2 0 1 1822 2158 2156 1823
5530 4 2 0 1 1825 400 253 1833
5531 4 2 0 1 691 1557 943 1583
5532 4 2 0 1 1583 1713 1688 1706
5533 4 2 0 1 1511 1986 1243 1789
5534 4 2 0 1 1085 943 1557 1583
5535 4 2 0 1 1923 661 954 1448
5536 4 2 0 1 29 30 64 1452
5537 4 2 0 1 2082 1361 465 1914
5538 4 2 0 1 273 1367 1506 2175
5539 4 2 0 1 2117 1803 1807 2118
5540 4 2 0 1 1806 1824 1820 1821
5541 4 2 0 1 1837 1214 1840 1845
5542 4 2 0 1 40 79 648 1373
5543 4 2 0 1 216 1506 207 208
5544 4 2 0 1 1655 2307 1621 1534
5545 4 2 0 1 2271 1877 1579 979
5546 4 2 0 1 1014 1645 1017 1018
5547 4 2 0 1 1838 1837 1840 1836
5548 4 2 0 1 1837 1838 1840 1214
5549 4 2 0 1 1675 48 1025 720
5550 4 2 0 1 1863 1838 1864 1214
5551 4 2 0 1 557 1505 466 619
5552 4 2 0 1 122 403 129 2221
5553 4 2 0 1 1863 1838 1214 1840
5554 4 2 0 1 1988 1960 1987 1234
5555 4 2 0 1 1863 1838 1840 1218
5556 4 2 0 1 1850 1773 1846 1774
5557 4 2 0 1 1912 1906 1844 1908
5558 4 2 0 1 343 1884 1316 520
5559 4 2 0 1 1847 1850 1846 1774
5560 4 2 0 1 144 1393 143 1760
5561 4 2 0 1 1848 1276 1846 1845
5562 4 2 0 1 1530 1528 692 2313
5563 4 2 0 1 640 1392 456 615
5564 4 2 0 1 1955 1761 1957 1292
5565 4 2 0 1 1274 1229 1849 1846
5566 4 2 0 1 342 89 2254 92
5567 4 2 0 1 1306 85 87 86
5568 4 2 0 1 1215 2257 1886 1428
5569 4 2 0 1 1070 1421 978 1183
5570 4 2 0 1 1634 2053 2056 1268
5571 4 2 0 1 1722 1100 1187 1104
5572 4 2 0 1 1383 183 456 455
5573 4 2 0 1 2257 1215 1855 1428
5574 4 2 0 1 1421 2057 1634 1070
5575 4 2 0 1 137 140 1763 1340
5576 4 2 0 1 1759 1405 1794 1204
5577 4 2 0 1 319 402 1366 612
5578 4 2 0 1 1037 1526 1648 764
5579 4 2 0 1 1886 2172 1883 1882
5580 4 2 0 1 1883 1215 2256 1852
5581 4 2 0 1 1817 1210 1222 1885
5582 4 2 0 1 1886 1885 1882 1881
5583 4 2 0 1 1888 1889 1222 1206
5584 4 2 0 1 2048 407 408 517
5585 4 2 0 1 1886 1889 2257 1213
5586 4 2 0 1 2138 1859 1862 1815
5587 4 2 0 1 1774 1865 1863 1219
5588 4 2 0 1 2155 2176 1818 2178
5589 4 2 0 1 2042 2047 2100 2165
5590 4 2 0 1 2154 172 2153 2149
5591 4 2 0 1 551 1319 1969 2173
5592 4 2 0 1 551 1969 412 519
5593 4 2 0 1 123 1319 1970 412
5594 4 2 0 1 1373 1391 1385 1677
5595 4 2 0 1 2352 1092 791 2334
5596 4 2 0 1 889 888 890 2365
5597 4 2 0 1 1774 2211 1848 1861
5598 4 2 0 1 2289 1704 1379 1369
5599 4 2 0 1 503 1416 541 148
5600 4 2 0 1 1774 1863 1865 1861
5601 4 2 0 1 1774 1848 2211 1773
5602 4 2 0 1 1245 488 362 444
5603 4 2 0 1 2002 2004 1999 1247
5604 4 2 0 1 1472 562 502 1475
5605 4 2 0 1 692 695 2313 1528
5606 4 2 0 1 1811 1555 2141 2137
5607 4 2 0 1 2080 180 193 192
5608 4 2 0 1 1953 1235 2207 1955
5609 4 2 0 1 1704 2289 2330 1369
5610 4 2 0 1 1576 1632 1874 1873
5611 4 2 0 1 2258 2259 1865 2260
5612 4 2 0 1 393 597 544 1286
5613 4 2 0 1 1875 1859 1860 2264
5614 4 2 0 1 1875 1859 2264 2138
5615 4 2 0 1 518 1352 308 533
5616 4 2 0 1 1272 2191 2073 2074
5617 4 2 0 1 1875 1859 2138 1815
5618 4 2 0 1 2169 405 1375 588
5619 4 2 0 1 509 1913 1361 280
5620 4 2 0 1 189 226 2179 227
5621 4 2 0 1 195 1353 197 196
5622 4 2 0 1 1906 1486 1487 1907
5623 4 2 0 1 2028 261 2051 407
5624 4 2 0 1 1810 2348 1816 2232
5625 4 2 0 1 559 400 1332 643
5626 4 2 0 1 2348 1873 2347 1874
5627 4 2 0 1 1995 1997 1936 1248
5628 4 2 0 1 82 443 1466 570
5629 4 2 0 1 1576 1586 1874 1632
5630 4 2 0 1 2048 408 414 596
5631 4 2 0 1 2054 2050 1261 2053
5632 4 2 0 1 1284 1892 1894 1891
5633 4 2 0 1 2112 2111 1291 1345
5634 4 2 0 1 508 1387 2247 1453
5635 4 2 0 1 1886 1885 1881 1222
5636 4 2 0 1 1212 1836 1838 1715
5637 4 2 0 1 650 101 586 1516
5638 4 2 0 1 377 1423 451 358
5639 4 2 0 1 21 20 1715 638
5640 4 2 0 1 1368 1366 1414 391
5641 4 2 0 1 1401 562 427 598
5642 4 2 0 1 20 1316 1715 638
5643 4 2 0 1 741 738 1616 1608
5644 4 2 0 1 1055 1679 1594 1617
5645 4 2 0 1 1460 1316 1839 1478
5646 4 2 0 1 738 1616 1043 741
5647 4 2 0 1 638 21 1460 1715
5648 4 2 0 1 1836 1316 1715 1212
5649 4 2 0 1 377 475 451 1423
5650 4 2 0 1 1944 1379 2243 1704
5651 4 2 0 1 76 1316 1460 1478
5652 4 2 0 1 1892 1284 1784 1891
5653 4 2 0 1 1580 1539 720 1651
5654 4 2 0 1 2152 2147 2149 1261
5655 4 2 0 1 2143 613 1669 510
5656 4 2 0 1 1379 2243 1704 2242
5657 4 2 0 1 2271 2352 786 791
5658 4 2 0 1 1427 1856 1890 1223
5659 4 2 0 1 1427 1856 1223 1892
5660 4 2 0 1 1577 1519 2300 2313
5661 4 2 0 1 2271 1877 2267 2270
5662 4 2 0 1 1659 1661 1697 1696
5663 4 2 0 1 1449 2071 2074 2070
5664 4 2 0 1 1900 1437 1899 1508
5665 4 2 0 1 1145 1567 1646 830
5666 4 2 0 1 1570 1047 847 1619
5667 4 2 0 1 1680 850 1646 1527
5668 4 2 0 1 1032 1192 1642 858
5669 4 2 0 1 2018 1251 2019 2015
5670 4 2 0 1 2024 2182 2135 2181
5671 4 2 0 1 1899 2275 1508 973
5672 4 2 0 1 1402 392 99 1349
5673 4 2 0 1 1598 1685 1599 1710
5674 4 2 0 1 1162 1630 891 908
5675 4 2 0 1 1901 1341 1434 1437
5676 4 2 0 1 2284 1334 2190 2186
5677 4 2 0 1 1598 1099 682 1599
5678 4 2 0 1 2205 1342 2018 2019
5679 4 2 0 1 1294 2024 2135 2023
5680 4 2 0 1 1068 2370 1075 928
5681 4 2 0 1 1580 1035 1323 48
5682 4 2 0 1 1334 1870 2284 2191
5683 4 2 0 1 813 1584 2370 815
5684 4 2 0 1 445 323 1910 611
5685 4 2 0 1 1081 722 725 1695
5686 4 2 0 1 2354 1522 2309 1743
5687 4 2 0 1 1394 1422 1757 1208
5688 4 2 0 1 1532 2320 1578 1741
5689 4 2 0 1 1654 1013 1016 1021
5690 4 2 0 1 50 1580 1404 1405
5691 4 2 0 1 1739 2290 2287 2288
5692 4 2 0 1 1405 1580 2328 1323
5693 4 2 0 1 145 1323 48 49
5694 4 2 0 1 1693 2301 1519 2300
5695 4 2 0 1 1946 1753 1652 1964
5696 4 2 0 1 1987 1360 1726 1196
5697 4 2 0 1 1458 1910 1908 1457
5698 4 2 0 1 1906 1486 1907 1909
5699 4 2 0 1 2346 2236 2234 1364
5700 4 2 0 1 1146 1026 989 1372
5701 4 2 0 1 1486 1906 1912 1909
5702 4 2 0 1 1508 12 973 660
5703 4 2 0 1 1577 695 1528 2313
5704 4 2 0 1 2300 1530 2274 692
5705 4 2 0 1 756 755 1566 754
5706 4 2 0 1 740 738 741 1608
5707 4 2 0 1 1037 760 1526 756
5708 4 2 0 1 1525 1578 693 1557
5709 4 2 0 1 2251 860 861 797
5710 4 2 0 1 1491 1913 1228 1918
5711 4 2 0 1 2367 959 1584 813
5712 4 2 0 1 1926 1929 2340 1682
5713 4 2 0 1 1931 2245 1928 902
5714 4 2 0 1 1942 1550 1674 1652
5715 4 2 0 1 2305 1058 712 1087
5716 4 2 0 1 1334 2271 2186 2284
5717 4 2 0 1 1566 1526 752 885
5718 4 2 0 1 2355 771 1602 1664
5719 4 2 0 1 2246 1387 1927 2247
5720 4 2 0 1 2244 1387 1927 2246
5721 4 2 0 1 2370 825 1054 817
5722 4 2 0 1 771 1664 1596 1602
5723 4 2 0 1 1602 866 769 1605
5724 4 2 0 1 1938 1934 1936 1231
5725 4 2 0 1 965 1563 1602 960
5726 4 2 0 1 1934 1315 1936 1231
5727 4 2 0 1 1252 1935 2022 1936
5728 4 2 0 1 1941 1935 1936 1315
5729 4 2 0 1 1654 1655 2303 1620
5730 4 2 0 1 1252 1941 1936 1938
5731 4 2 0 1 1173 1716 917 1060
5732 4 2 0 1 2285 1709 2189 1598
5733 4 2 0 1 1646 846 830 1604
5734 4 2 0 1 1431 1063 15 16
5735 4 2 0 1 1935 1280 2011 1315
5736 4 2 0 1 1830 1477 277 1832
5737 4 2 0 1 1941 1934 1936 1938
5738 4 2 0 1 1934 1941 1936 1315
5739 4 2 0 1 1942 1695 2243 1691
5740 4 2 0 1 1942 1695 1548 2243
5741 4 2 0 1 1943 1942 2243 1691
5742 4 2 0 1 2370 813 815 814
5743 4 2 0 1 1740 2289 2288 2287
5744 4 2 0 1 1691 1695 2243 1609
5745 4 2 0 1 309 311 1443 460
5746 4 2 0 1 826 1561 1592 831
5747 4 2 0 1 2287 2289 2288 2291
5748 4 2 0 1 948 1558 1660 1659
5749 4 2 0 1 78 1434 513 1341
5750 4 2 0 1 2240 1676 2241 2243
5751 4 2 0 1 2294 2290 2293 1739
5752 4 2 0 1 677 1634 1696 678
5753 4 2 0 1 2240 1676 2243 1609
5754 4 2 0 1 948 1660 1558 679
5755 4 2 0 1 903 2244 904 838
5756 4 2 0 1 1269 1470 2067 1383
5757 4 2 0 1 2240 2308 2242 1379
5758 4 2 0 1 1986 1511 1512 1789
5759 4 2 0 1 969 1570 874 1188
5760 4 2 0 1 1920 1589 1921 1044
5761 4 2 0 1 1638 1689 2313 1519
5762 4 2 0 1 1349 97 1389 1233
5763 4 2 0 1 1676 729 1609 1080
5764 4 2 0 1 2377 2333 802 2373
5765 4 2 0 1 1199 1756 1763 1758
5766 4 2 0 1 658 1614 1065 1465
5767 4 2 0 1 1808 1627 2227 2228
5768 4 2 0 1 2240 2308 1379 2241
5769 4 2 0 1 2240 2308 2241 726
5770 4 2 0 1 986 2033 894 1113
5771 4 2 0 1 2294 1370 2296 1731
5772 4 2 0 1 2 1717 1446 1388
5773 4 2 0 1 1404 1549 670 1072
5774 4 2 0 1 1778 2123 2120 1289
5775 4 2 0 1 2120 1289 2123 2107
5776 4 2 0 1 2113 1290 1291 2108
5777 4 2 0 1 54 1496 53 1076
5778 4 2 0 1 447 141 1763 137
5779 4 2 0 1 1283 2103 1236 1968
5780 4 2 0 1 1850 1869 1774 1847
5781 4 2 0 1 2286 2285 2283 2189
5782 4 2 0 1 1530 1528 1038 692
5783 4 2 0 1 485 1418 1479 453
5784 4 2 0 1 2103 2098 1285 1968
5785 4 2 0 1 1477 62 1478 429
5786 4 2 0 1 2308 725 726 2240
5787 4 2 0 1 781 1692 2266 1618
5788 4 2 0 1 1571 1649 910 1529
5789 4 2 0 1 2036 1704 2033 1369
5790 4 2 0 1 1941 2020 1280 2026
5791 4 2 0 1 1589 832 823 822
5792 4 2 0 1 795 2185 2334 2187
5793 4 2 0 1 2244 1041 1126 1186
5794 4 2 0 1 1442 1488 1952 1359
5795 4 2 0 1 1709 2192 687 1636
5796 4 2 0 1 2352 1591 2271 786
5797 4 2 0 1 1360 1238 2297 1952
5798 4 2 0 1 1949 1238 1952 2297
5799 4 2 0 1 1749 1781 1976 1198
5800 4 2 0 1 1781 1798 1976 1198
5801 4 2 0 1 1000 1178 1617 1154
5802 4 2 0 1 1520 1019 1015 1103
5803 4 2 0 1 1520 1019 1103 1020
5804 4 2 0 1 1781 1798 1198 1317
5805 4 2 0 1 1054 2370 817 859
5806 4 2 0 1 2370 815 825 817
5807 4 2 0 1 1718 1982 1242 1981
5808 4 2 0 1 1718 1242 1719 1981
5809 4 2 0 1 1491 601 171 26
5810 4 2 0 1 2314 1530 2274 2316
5811 4 2 0 1 1463 356 1355 549
5812 4 2 0 1 41 42 534 1455
5813 4 2 0 1 2033 1232 2036 1732
5814 4 2 0 1 2314 1524 2274 1635
5815 4 2 0 1 1524 1611 1635 962
5816 4 2 0 1 46 1035 1572 659
5817 4 2 0 1 2200 1984 1983 1982
5818 4 2 0 1 1388 1719 2183 1514
5819 4 2 0 1 1620 708 710 709
5820 4 2 0 1 911 1031 1683 912
5821 4 2 0 1 1966 1968 1786 1785
5822 4 2 0 1 2362 809 819 807
5823 4 2 0 1 1762 1757 1751 1208
5824 4 2 0 1 1002 839 1594 1055
5825 4 2 0 1 2352 790 786 791
5826 4 2 0 1 1989 1236 1974 1987
5827 4 2 0 1 1558 1644 977 1928
5828 4 2 0 1 2049 1644 1661 1925
5829 4 2 0 1 1451 1253 1932 2278
5830 4 2 0 1 2377 2351 837 1589
5831 4 2 0 1 576 21 22 1460
5832 4 2 0 1 2027 2030 2028 1451
5833 4 2 0 1 1657 2048 2247 2052
5834 4 2 0 1 1915 2028 1914 2029
5835 4 2 0 1 1394 1393 1765 1760
5836 4 2 0 1 1974 1967 1968 1989
5837 4 2 0 1 1782 1791 2104 1783
5838 4 2 0 1 739 738 740 1608
5839 4 2 0 1 1052 811 813 2367
5840 4 2 0 1 943 1085 1165 1583
5841 4 2 0 1 469 476 330 2004
5842 4 2 0 1 1315 2005 2009 1999
5843 4 2 0 1 1304 2013 2009 1999
5844 4 2 0 1 1762 1751 1757 1748
5845 4 2 0 1 1517 603 428 1323
5846 4 2 0 1 49 1675 1404 1580
5847 4 2 0 1 1538 907 1027 1155
5848 4 2 0 1 1370 2294 1691 1943
5849 4 2 0 1 1741 2319 2293 1706
5850 4 2 0 1 2286 2262 1462 1450
5851 4 2 0 1 1013 1654 1656 1015
5852 4 2 0 1 1663 828 1096 1596
5853 4 2 0 1 1538 1027 1077 719
5854 4 2 0 1 876 1129 1535 990
5855 4 2 0 1 1924 1929 1919 1926
5856 4 2 0 1 1634 2053 1268 1696
5857 4 2 0 1 2005 1304 2009 1999
5858 4 2 0 1 2285 2283 2189 1612
5859 4 2 0 1 40 1456 1455 1677
5860 4 2 0 1 1854 1893 2204 1436
5861 4 2 0 1 1449 2191 2189 2074
5862 4 2 0 1 1268 1470 2067 1456
5863 4 2 0 1 2014 2204 1223 1892
5864 4 2 0 1 1108 717 696 1578
5865 4 2 0 1 991 1696 1385 2052
5866 4 2 0 1 1933 1589 1920 1931
5867 4 2 0 1 1639 2316 1518 2300
5868 4 2 0 1 1532 2301 1736 1744
5869 4 2 0 1 1250 96 1463 1248
5870 4 2 0 1 1223 1892 2204 1427
5871 4 2 0 1 2214 2059 1264 2078
5872 4 2 0 1 1741 1595 1523 1739
5873 4 2 0 1 1704 860 2242 865
5874 4 2 0 1 1736 2301 2322 1744
5875 4 2 0 1 421 93 1994 94
5876 4 2 0 1 1524 1637 1635 1611
5877 4 2 0 1 1556 1647 1718 2342
5878 4 2 0 1 1349 1243 1514 1410
5879 4 2 0 1 1242 2183 1719 1981
5880 4 2 0 1 1481 1747 1751 1733
5881 4 2 0 1 1693 1618 2266 1692
5882 4 2 0 1 887 981 886 2372
5883 4 2 0 1 1511 1233 1951 1389
5884 4 2 0 1 1623 2309 1624 2307
5885 4 2 0 1 1437 1341 1407 1901
5886 4 2 0 1 986 2033 1113 1498
5887 4 2 0 1 1704 2330 2289 860
5888 4 2 0 1 2256 2264 1883 1852
5889 4 2 0 1 2315 2314 2316 1646
5890 4 2 0 1 691 1557 1583 1525
5891 4 2 0 1 1233 1349 1951 1389
5892 4 2 0 1 1606 1607 2266 1692
5893 4 2 0 1 1619 1179 1098 941
5894 4 2 0 1 1145 1680 1646 1567
5895 4 2 0 1 2021 1515 1514 1252
5896 4 2 0 1 1435 1901 1436 2204
5897 4 2 0 1 1883 2264 17 18
5898 4 2 0 1 1515 637 1513 1514
5899 4 2 0 1 2362 809 807 808
5900 4 2 0 1 899 1447 1372 1089
5901 4 2 0 1 2257 2210 1861 1214
5902 4 2 0 1 672 1408 660 11
5903 4 2 0 1 1011 1656 1012 1663
5904 4 2 0 1 1787 1285 2098 2092
5905 4 2 0 1 1039 1577 2327 1538
5906 4 2 0 1 151 2167 457 149
5907 4 2 0 1 2303 1620 1622 1683
5908 4 2 0 1 1351 2098 1973 2047
5909 4 2 0 1 805 2367 763 1584
5910 4 2 0 1 2302 2306 2305 2304
5911 4 2 0 1 2097 2098 2221 2047
5912 4 2 0 1 1584 984 938 1067
5913 4 2 0 1 1785 2045 1259 1966
5914 4 2 0 1 2367 1189 808 806
5915 4 2 0 1 2098 1351 2221 2047
5916 4 2 0 1 2320 1184 1557 1593
5917 4 2 0 1 2240 1676 896 2241
5918 4 2 0 1 1152 1620 1023 710
5919 4 2 0 1 1649 964 1143 1665
5920 4 2 0 1 1048 947 1039 1538
5921 4 2 0 1 1273 1772 1775 1776
5922 4 2 0 1 1449 2070 2074 1710
5923 4 2 0 1 1589 1930 995 1044
5924 4 2 0 1 35 674 983 1657
5925 4 2 0 1 1453 2030 1927 2247
5926 4 2 0 1 1930 1923 1932 1687
5927 4 2 0 1 2166 1492 2170 1820
5928 4 2 0 1 938 984 1584 1175
5929 4 2 0 1 1389 58 1719 1489
5930 4 2 0 1 2247 491 1387 75
5931 4 2 0 1 1146 1372 989 1673
5932 4 2 0 1 2201 1565 1364 2343
5933 4 2 0 1 1402 1410 2025 1951
5934 4 2 0 1 860 2033 894 986
5935 4 2 0 1 1359 55 667 2223
5936 4 2 0 1 1242 1631 2183 1700
5937 4 2 0 1 762 805 763 1584
5938 4 2 0 1 414 491 70 1657
5939 4 2 0 1 1703 1063 1009 15
5940 4 2 0 1 1623 703 1622 1620
5941 4 2 0 1 1359 667 55 56
5942 4 2 0 1 491 414 596 1657
5943 4 2 0 1 992 934 1110 1657
5944 4 2 0 1 2254 472 307 523
5945 4 2 0 1 34 35 70 1657
5946 4 2 0 1 1387 491 33 75
5947 4 2 0 1 1585 1568 2347 1573
5948 4 2 0 1 2201 2199 2200 2341
5949 4 2 0 1 1264 2151 2152 2059
5950 4 2 0 1 1408 672 660 1673
5951 4 2 0 1 2354 2379 2311 2372
5952 4 2 0 1 300 299 2378 2359
5953 4 2 0 1 2194 1935 1248 2022
5954 4 2 0 1 1735 1733 1726 1499
5955 4 2 0 1 1595 1129 1109 2241
5956 4 2 0 1 769 866 1171 1605
5957 4 2 0 1 1142 1312 1533 659
5958 4 2 0 1 1691 1695 1609 1674
5959 4 2 0 1 2289 1704 860 2242
5960 4 2 0 1 1688 716 1575 1165
5961 4 2 0 1 1184 1109 957 1593
5962 4 2 0 1 1734 1735 1732 1731
5963 4 2 0 1 166 2154 2069 2149
5964 4 2 0 1 2198 2196 1673 1337
5965 4 2 0 1 1770 2064 2066 1381
5966 4 2 0 1 1723 1299 2350 1701
5967 4 2 0 1 672 1372 1408 10
5968 4 2 0 1 849 1646 848 850
5969 4 2 0 1 1623 703 1620 701
5970 4 2 0 1 987 888 2373 1001
5971 4 2 0 1 307 472 2254 565
5972 4 2 0 1 1285 1782 2104 1793
5973 4 2 0 1 1267 1768 2151 2163
5974 4 2 0 1 1577 2300 1519 2298
5975 4 2 0 1 1705 1519 2298 1699
5976 4 2 0 1 1858 1862 1865 1861
5977 4 2 0 1 1836 1316 1212 1839
5978 4 2 0 1 1488 1947 1233 1510
5979 4 2 0 1 2219 2169 404 405
5980 4 2 0 1 275 1330 234 1479
5981 4 2 0 1 1805 1888 1889 2131
5982 4 2 0 1 1577 2300 2298 696
5983 4 2 0 1 1848 2208 1861 2211
5984 4 2 0 1 1218 1863 1866 1840
5985 4 2 0 1 1709 2190 1636 1612
5986 4 2 0 1 1791 1783 2131 2104
5987 4 2 0 1 1820 2170 1828 1806
5988 4 2 0 1 68 1907 445 446
5989 4 2 0 1 375 452 634 1326
5990 4 2 0 1 1830 277 1478 520
5991 4 2 0 1 1224 2011 2014 2205
5992 4 2 0 1 1428 1888 1222 1891
5993 4 2 0 1 2069 2065 2064 2066
5994 4 2 0 1 1686 1462 2317 2318
5995 4 2 0 1 2000 1247 1484 1501
5996 4 2 0 1 2180 1329 1330 1350
5997 4 2 0 1 1385 1657 37 664
5998 4 2 0 1 2289 1743 2251 1494
5999 4 2 0 1 2294 2290 1739 2288
6000 4 2 0 1 1500 1496 1497 53
6001 4 2 0 1 2047 2098 2092 2097
6002 4 2 0 1 2033 1255 2217 2035
6003 4 2 0 1 1730 2209 2339 2218
6004 4 2 0 1 503 2001 147 175
6005 4 2 0 1 163 183 1374 2064
6006 4 2 0 1 2008 587 1417 1471
6007 4 2 0 1 1249 325 2206 1250
6008 4 2 0 1 2180 1329 1350 1328
6009 4 2 0 1 1314 2005 2002 1998
6010 4 2 0 1 2008 587 1471 1398
6011 4 2 0 1 2162 1267 1771 2068
6012 4 2 0 1 1992 2002 1999 1247
6013 4 2 0 1 1244 1728 1360 2297
6014 4 2 0 1 1988 1730 1729 1990
6015 4 2 0 1 1875 1859 1878 1860
6016 4 2 0 1 1923 1920 1922 1921
6017 4 2 0 1 1442 1488 1510 1952
6018 4 2 0 1 2215 2214 2212 2038
6019 4 2 0 1 1312 1540 1754 1208
6020 4 2 0 1 2144 1299 2350 1723
6021 4 2 0 1 355 1506 2175 273
6022 4 2 0 1 1388 2183 1513 1514
6023 4 2 0 1 416 530 1455 1373
6024 4 2 0 1 1698 2142 2144 2143
6025 4 2 0 1 2069 1383 2064 2067
6026 4 2 0 1 1253 1915 1913 1914
6027 4 2 0 1 1491 1913 171 281
6028 4 2 0 1 2048 2247 2052 2049
6029 4 2 0 1 2027 2030 395 2028
6030 4 2 0 1 2035 1193 1729 1728
6031 4 2 0 1 1720 1293 1853 2130
6032 4 2 0 1 1291 2122 1961 2123
6033 4 2 0 1 1730 1289 2132 1339
6034 4 2 0 1 1889 2257 1843 2210
6035 4 2 0 1 1848 1847 1845 1846
6036 4 2 0 1 194 465 180 2080
6037 4 2 0 1 1300 2145 2153 1303
6038 4 2 0 1 1664 1662 1690 1521
6039 4 2 0 1 1272 1670 2188 1633
6040 4 2 0 1 97 58 59 1389
6041 4 2 0 1 2354 2372 2305 2304
6042 4 2 0 1 1272 1670 1633 2072
6043 4 2 0 1 1887 1288 1888 1805
6044 4 2 0 1 1869 1917 1229 1849
6045 4 2 0 1 1791 2092 1787 2099
6046 4 2 0 1 227 2255 264 2179
6047 4 2 0 1 1887 2099 2170 1310
6048 4 2 0 1 1822 2176 2158 1823
6049 4 2 0 1 706 2305 1683 1068
6050 4 2 0 1 1314 536 157 269
6051 4 2 0 1 1987 1360 1244 1726
6052 4 2 0 1 1983 1813 2136 2224
6053 4 2 0 1 1311 2086 2117 2087
6054 4 2 0 1 524 2166 2167 457
6055 4 2 0 1 2041 1939 2005 2095
6056 4 2 0 1 2036 2031 2032 2033
6057 4 2 0 1 1329 190 1350 1327
6058 4 2 0 1 2062 1271 2070 2074
6059 4 2 0 1 1894 1881 1890 1221
6060 4 2 0 1 1566 1678 1617 1581
6061 4 2 0 1 1832 1911 1829 1227
6062 4 2 0 1 487 1426 1890 1398
6063 4 2 0 1 1457 1469 384 1910
6064 4 2 0 1 1906 62 1487 1460
6065 4 2 0 1 1887 1206 1806 1805
6066 4 2 0 1 1284 1792 2157 2095
6067 4 2 0 1 1773 1461 2279 2281
6068 4 2 0 1 2281 1773 1780 2279
6069 4 2 0 1 1371 10 9 543
6070 4 2 0 1 1365 80 1318 7
6071 4 2 0 1 2308 2372 886 2379
6072 4 2 0 1 2205 2011 2010 2019
6073 4 2 0 1 1772 1850 1779 2279
6074 4 2 0 1 1702 1703 1425 1431
6075 4 2 0 1 1850 2280 1849 2279
6076 4 2 0 1 1912 1842 2083 1908
6077 4 2 0 1 1458 574 424 281
6078 4 2 0 1 1912 1842 1908 1844
6079 4 2 0 1 706 2305 1068 1087
6080 4 2 0 1 1915 509 262 395
6081 4 2 0 1 1449 2071 2073 2074
6082 4 2 0 1 2071 1271 2074 2070
6083 4 2 0 1 25 601 1491 26
6084 4 2 0 1 410 470 1458 1909
6085 4 2 0 1 166 1303 1396 387
6086 4 2 0 1 166 1381 2149 2069
6087 4 2 0 1 738 1447 1615 2342
6088 4 2 0 1 1371 1382 9 1372
6089 4 2 0 1 1922 1921 2192 2187
6090 4 2 0 1 1388 59 1513 1
6091 4 2 0 1 2166 151 2167 457
6092 4 2 0 1 1356 1371 61 543
6093 4 2 0 1 1614 867 1465 736
6094 4 2 0 1 735 7 1447 1159
6095 4 2 0 1 1371 9 61 543
6096 4 2 0 1 1896 1427 1226 1430
6097 4 2 0 1 2192 1921 1922 2351
6098 4 2 0 1 162 161 1765 1770
6099 4 2 0 1 972 1174 39 1373
6100 4 2 0 1 41 1456 1421 1455
6101 4 2 0 1 1908 1906 1910 1909
6102 4 2 0 1 1391 529 373 1455
6103 4 2 0 1 1376 1969 1202 1971
6104 4 2 0 1 1276 2084 1776 2079
6105 4 2 0 1 897 19 1860 1715
6106 4 2 0 1 2041 2044 1377 1279
6107 4 2 0 1 1509 1475 1384 1343
6108 4 2 0 1 1411 2025 1279 1789
6109 4 2 0 1 1314 538 1504 269
6110 4 2 0 1 1969 1319 1973 1966
6111 4 2 0 1 897 1860 19 668
6112 4 2 0 1 1792 2101 2096 1783
6113 4 2 0 1 59 58 1719 1389
6114 4 2 0 1 370 546 302 1473
6115 4 2 0 1 1948 1239 1384 1241
6116 4 2 0 1 2025 1411 1951 1789
6117 4 2 0 1 40 675 1456 1677
6118 4 2 0 1 1987 1234 1244 1988
6119 4 2 0 1 624 58 97 1233
6120 4 2 0 1 2218 1193 2339 1730
6121 4 2 0 1 950 1581 1617 1647
6122 4 2 0 1 1887 1288 1805 2118
6123 4 2 0 1 1550 1404 1552 1553
6124 4 2 0 1 1305 1246 91 2254
6125 4 2 0 1 206 2144 2143 1419
6126 4 2 0 1 437 1422 527 526
6127 4 2 0 1 612 1366 646 402
6128 4 2 0 1 1456 675 40 663
6129 4 2 0 1 1310 1888 2099 2096
6130 4 2 0 1 392 542 1384 103
6131 4 2 0 1 2294 1943 1944 2243
6132 4 2 0 1 1678 1564 1613 765
6133 4 2 0 1 1971 1239 1948 1241
6134 4 2 0 1 1799 376 399 642
6135 4 2 0 1 777 1585 1618 779
6136 4 2 0 1 1310 1887 2099 1888
6137 4 2 0 1 1756 1760 1763 1454
6138 4 2 0 1 1244 1360 1238 2297
6139 4 2 0 1 2120 2105 2123 1291
6140 4 2 0 1 1340 1397 1338 1958
6141 4 2 0 1 2061 1262 1697 2070
6142 4 2 0 1 777 1618 1585 1568
6143 4 2 0 1 716 1688 1598 1684
6144 4 2 0 1 846 845 830 1604
6145 4 2 0 1 2272 2315 2352 1524
6146 4 2 0 1 1462 1531 1877 2270
6147 4 2 0 1 618 2356 2374 340
6148 4 2 0 1 1473 370 577 303
6149 4 2 0 1 13 1899 1439 1434
6150 4 2 0 1 2372 2379 1036 886
6151 4 2 0 1 1283 2105 2110 1962
6152 4 2 0 1 1479 453 1418 1350
6153 4 2 0 1 645 1501 422 522
6154 4 2 0 1 1418 1223 1890 1894
6155 4 2 0 1 1222 1817 1818 1828
6156 4 2 0 1 51 1404 670 1072
6157 4 2 0 1 652 1125 1551 1072
6158 4 2 0 1 1204 309 1443 1480
6159 4 2 0 1 839 840 841 1616
6160 4 2 0 1 2372 824 981 1036
6161 4 2 0 1 1979 1509 1948 1977
6162 4 2 0 1 2105 2120 2123 2107
6163 4 2 0 1 229 1457 384 385
6164 4 2 0 1 1235 1959 2123 1727
6165 4 2 0 1 410 386 445 1910
6166 4 2 0 1 540 375 1825 567
6167 4 2 0 1 1473 577 370 592
6168 4 2 0 1 1338 2112 441 1344
6169 4 2 0 1 2112 441 1344 537
6170 4 2 0 1 2186 1637 1612 2284
6171 4 2 0 1 1264 2214 2078 2215
6172 4 2 0 1 2240 2241 1379 2243
6173 4 2 0 1 2171 1835 1803 2119
6174 4 2 0 1 1748 1954 1956 1953
6175 4 2 0 1 1441 1241 1384 1239
6176 4 2 0 1 821 865 2242 860
6177 4 2 0 1 1236 1283 1968 1972
6178 4 2 0 1 2084 2120 1290 2117
6179 4 2 0 1 1759 1480 1204 1755
6180 4 2 0 1 1388 1104 1718 1719
6181 4 2 0 1 1049 929 1707 1156
6182 4 2 0 1 839 1616 841 1594
6183 4 2 0 1 2086 2084 1290 2117
6184 4 2 0 1 929 1707 885 1561
6185 4 2 0 1 2226 2231 1588 1569
6186 4 2 0 1 1579 1876 1877 1872
6187 4 2 0 1 2065 2151 2066 2152
6188 4 2 0 1 1735 1734 1732 1726
6189 4 2 0 1 2063 2060 1601 1560
6190 4 2 0 1 2057 1701 1070 2350
6191 4 2 0 1 1394 1422 1419 1393
6192 4 2 0 1 1695 1942 1548 1674
6193 4 2 0 1 1366 2175 547 1517
6194 4 2 0 1 1419 208 2143 206
6195 4 2 0 1 1366 599 402 349
6196 4 2 0 1 905 1540 1307 1533
6197 4 2 0 1 1442 610 334 448
6198 4 2 0 1 1987 1749 1750 1976
6199 4 2 0 1 1676 1523 2241 2243
6200 4 2 0 1 1581 1679 1564 1678
6201 4 2 0 1 826 1648 1584 1561
6202 4 2 0 1 1491 26 171 27
6203 4 2 0 1 929 885 1707 749
6204 4 2 0 1 2236 2235 2237 2233
6205 4 2 0 1 1290 2109 1291 2108
6206 4 2 0 1 2226 1629 1363 2228
6207 4 2 0 1 931 1590 951 1576
6208 4 2 0 1 1638 1097 982 1689
6209 4 2 0 1 1528 1529 1530 1038
6210 4 2 0 1 1204 1755 1480 1443
6211 4 2 0 1 1524 1637 1611 2353
6212 4 2 0 1 2328 1795 1208 1794
6213 4 2 0 1 1198 1755 1480 1481
6214 4 2 0 1 2143 1698 630 368
6215 4 2 0 1 1198 1480 1755 1443
6216 4 2 0 1 699 1538 701 1621
6217 4 2 0 1 2298 696 2300 1578
6218 4 2 0 1 1640 2072 1633 1007
6219 4 2 0 1 1867 1218 1860 1859
6220 4 2 0 1 1212 2172 1316 1715
6221 4 2 0 1 1220 1625 1878 1879
6222 4 2 0 1 1264 2063 2059 1560
6223 4 2 0 1 1449 1710 2189 1681
6224 4 2 0 1 1456 663 676 675
6225 4 2 0 1 1162 1136 1630 908
6226 4 2 0 1 1582 1637 1635 1686
6227 4 2 0 1 699 701 1538 947
6228 4 2 0 1 2370 815 817 814
6229 4 2 0 1 2108 2112 1291 2113
6230 4 2 0 1 1620 701 1538 1621
6231 4 2 0 1 1496 1190 1076 985
6232 4 2 0 1 49 1404 1675 1006
6233 4 2 0 1 2358 454 479 578
6234 4 2 0 1 677 1634 678 676
6235 4 2 0 1 1658 1098 1545 1619
6236 4 2 0 1 2187 1671 1921 878
6237 4 2 0 1 470 601 281 1491
6238 4 2 0 1 1630 1162 963 962
6239 4 2 0 1 1658 1098 1619 1008
6240 4 2 0 1 1092 794 791 2334
6241 4 2 0 1 1295 1720 2136 2140
6242 4 2 0 1 2302 2309 1623 2307
6243 4 2 0 1 675 1696 1677 991
6244 4 2 0 1 709 710 1620 1152
6245 4 2 0 1 1903 2263 1297 1541
6246 4 2 0 1 1673 1700 1508 1408
6247 4 2 0 1 2197 1440 1905 2276
6248 4 2 0 1 1543 1813 2200 1983
6249 4 2 0 1 2227 1874 1667 1298
6250 4 2 0 1 1638 1097 1689 1546
6251 4 2 0 1 1195 1736 1738 1737
6252 4 2 0 1 1638 1689 1519 1546
6253 4 2 0 1 1607 2315 1567 1591
6254 4 2 0 1 2265 1693 2269 1433
6255 4 2 0 1 1295 1720 2140 1857
6256 4 2 0 1 2058 2154 218 2153
6257 4 2 0 1 531 172 2153 174
6258 4 2 0 1 2301 2298 1519 2300
6259 4 2 0 1 2145 1301 1303 2085
6260 4 2 0 1 664 992 1657 1028
6261 4 2 0 1 2058 2055 2154 1261
6262 4 2 0 1 1767 1267 1770 1768
6263 4 2 0 1 1620 708 709 707
6264 4 2 0 1 1487 1716 1641 1714
6265 4 2 0 1 1558 1926 1928 2340
6266 4 2 0 1 1779 1772 1776 1276
6267 4 2 0 1 1185 1670 1671 1094
6268 4 2 0 1 1167 1923 1671 877
6269 4 2 0 1 740 739 1608 999
6270 4 2 0 1 166 2069 2154 169
6271 4 2 0 1 1372 1371 1408 10
6272 4 2 0 1 1562 1615 1127 946
6273 4 2 0 1 1616 1030 1614 1043
6274 4 2 0 1 1456 1677 1470 1455
6275 4 2 0 1 546 370 609 1473
6276 4 2 0 1 1597 1690 2331 1544
6277 4 2 0 1 1645 1014 1017 1653
6278 4 2 0 1 1705 1519 1699 1546
6279 4 2 0 1 1556 1718 2343 2342
6280 4 2 0 1 1057 1549 1125 1072
6281 4 2 0 1 50 1580 1405 1323
6282 4 2 0 1 2154 2069 2149 2055
6283 4 2 0 1 2328 1580 1552 1754
6284 4 2 0 1 905 1380 1307 2249
6285 4 2 0 1 1020 1561 1708 1049
6286 4 2 0 1 1903 1440 1904 1896
6287 4 2 0 1 1568 1573 1144 919
6288 4 2 0 1 485 1418 453 351
6289 4 2 0 1 2078 2076 1263 1780
6290 4 2 0 1 680 733 1559 924
6291 4 2 0 1 1506 368 482 633
6292 4 2 0 1 1926 1661 1262 1697
6293 4 2 0 1 1946 1753 1964 1237
6294 4 2 0 1 1394 1760 1454 1393
6295 4 2 0 1 2146 179 2153 218
6296 4 2 0 1 2063 1601 2060 1263
6297 4 2 0 1 2224 1813 2136 2140
6298 4 2 0 1 2134 2130 1790 2174
6299 4 2 0 1 1347 1777 2339 2209
6300 4 2 0 1 1678 744 1617 1679
6301 4 2 0 1 482 368 1506 483
6302 4 2 0 1 1995 1474 2253 2254
6303 4 2 0 1 1293 1346 1855 2131
6304 4 2 0 1 1210 1828 1222 1206
6305 4 2 0 1 1321 1441 103 1384
6306 4 2 0 1 1733 1734 1237 1735
6307 4 2 0 1 179 173 2153 218
6308 4 2 0 1 1961 2105 1959 1962
6309 4 2 0 1 1285 2106 2104 2103
6310 4 2 0 1 2124 1777 2123 2121
6311 4 2 0 1 1720 2140 1555 2216
6312 4 2 0 1 1347 1256 2038 1727
6313 4 2 0 1 52 51 1553 1204
6314 4 2 0 1 2307 2302 2303 1623
6315 4 2 0 1 2071 1272 2073 2074
6316 4 2 0 1 1790 1788 1320 1789
6317 4 2 0 1 2056 2065 2152 2057
6318 4 2 0 1 1520 2303 1656 1662
6319 4 2 0 1 1535 698 1746 1108
6320 4 2 0 1 2066 2065 2152 2056
6321 4 2 0 1 1740 1739 1742 2287
6322 4 2 0 1 95 1466 81 83
6323 4 2 0 1 1690 1743 1544 2250
6324 4 2 0 1 1500 1196 1497 1499
6325 4 2 0 1 2147 2059 1261 2152
6326 4 2 0 1 2054 1262 2061 2062
6327 4 2 0 1 2038 1256 1347 2037
6328 4 2 0 1 142 1765 461 144
6329 4 2 0 1 1208 1752 1753 1754
6330 4 2 0 1 2147 2059 2152 2077
6331 4 2 0 1 131 133 132 1459
6332 4 2 0 1 1340 441 130 140
6333 4 2 0 1 1755 1758 1747 1198
6334 4 2 0 1 1958 1961 1962 1345
6335 4 2 0 1 1386 1396 1769 1767
6336 4 2 0 1 1381 2069 2064 2066
6337 4 2 0 1 2150 2148 1767 2152
6338 4 2 0 1 1959 1234 1727 1956
6339 4 2 0 1 2103 2107 1339 2104
6340 4 2 0 1 1753 1957 1964 1237
6341 4 2 0 1 1261 2056 2152 2059
6342 4 2 0 1 2202 1236 1972 1962
6343 4 2 0 1 2028 2058 1260 2051
6344 4 2 0 1 2037 2338 2213 1395
6345 4 2 0 1 941 2371 940 893
6346 4 2 0 1 2121 1201 1777 1778
6347 4 2 0 1 1235 1959 1727 1956
6348 4 2 0 1 2088 1277 2089 1457
6349 4 2 0 1 940 2371 941 1619
6350 4 2 0 1 940 2371 892 893
6351 4 2 0 1 1315 1992 1231 2002
6352 4 2 0 1 892 2371 940 1619
6353 4 2 0 1 1282 2106 1989 1990
6354 4 2 0 1 1397 1340 1338 130
6355 4 2 0 1 2151 1264 2152 2163
6356 4 2 0 1 1203 1793 1783 1782
6357 4 2 0 1 1491 1909 1228 1458
6358 4 2 0 1 1457 197 1352 533
6359 4 2 0 1 588 1835 291 260
6360 4 2 0 1 1842 1844 1845 1841
6361 4 2 0 1 2110 2219 2108 1287
6362 4 2 0 1 2088 1804 1311 2171
6363 4 2 0 1 1625 1875 1860 2264
6364 4 2 0 1 2019 1248 1355 2194
6365 4 2 0 1 2257 1838 1864 1215
6366 4 2 0 1 2171 1835 260 1804
6367 4 2 0 1 2007 2013 2010 2006
6368 4 2 0 1 188 167 1327 168
6369 4 2 0 1 892 2371 890 893
6370 4 2 0 1 364 1211 589 500
6371 4 2 0 1 240 1469 1468 204
6372 4 2 0 1 2367 763 1648 1189
6373 4 2 0 1 1648 763 2367 1584
6374 4 2 0 1 2087 2117 1807 1276
6375 4 2 0 1 1288 1791 2131 2104
6376 4 2 0 1 511 1698 71 633
6377 4 2 0 1 1912 1487 1229 1906
6378 4 2 0 1 1727 2203 2123 1730
6379 4 2 0 1 511 71 1698 45
6380 4 2 0 1 2144 1419 1374 1771
6381 4 2 0 1 1560 2062 2061 2063
6382 4 2 0 1 2056 2069 2149 2066
6383 4 2 0 1 1240 1360 1196 2223
6384 4 2 0 1 1431 1063 1432 1541
6385 4 2 0 1 1811 2329 2326 1555
6386 4 2 0 1 1295 2263 1851 1216
6387 4 2 0 1 1295 1903 1297 1905
6388 4 2 0 1 2283 2190 1612 2284
6389 4 2 0 1 2035 2032 2033 1255
6390 4 2 0 1 1880 1220 1576 1873
6391 4 2 0 1 1627 1626 1668 1667
6392 4 2 0 1 1193 1256 1731 2037
6393 4 2 0 1 1857 1295 2137 2140
6394 4 2 0 1 1845 1274 1846 1229
6395 4 2 0 1 2348 1429 1531 1873
6396 4 2 0 1 2258 2262 2260 1531
6397 4 2 0 1 636 1383 2068 1374
6398 4 2 0 1 1518 2272 1607 2273
6399 4 2 0 1 1147 1712 1713 918
6400 4 2 0 1 962 1635 2314 690
6401 4 2 0 1 1639 1607 1518 2316
6402 4 2 0 1 2268 1462 1531 2317
6403 4 2 0 1 1371 1336 1407 66
6404 4 2 0 1 1889 2210 2116 2131
6405 4 2 0 1 2091 2041 2095 1279
6406 4 2 0 1 891 2371 892 1619
6407 4 2 0 1 1839 1210 1830 1884
6408 4 2 0 1 2041 1937 1939 1257
6409 4 2 0 1 1288 1787 2104 2107
6410 4 2 0 1 2220 1288 2107 1787
6411 4 2 0 1 1069 1540 1701 2161
6412 4 2 0 1 2199 2341 2196 2197
6413 4 2 0 1 2346 2345 1141 2344
6414 4 2 0 1 1299 1965 1701 1540
6415 4 2 0 1 12 1899 1508 973
6416 4 2 0 1 13 14 1434 1439
6417 4 2 0 1 2276 1643 1440 2277
6418 4 2 0 1 2141 1555 2339 2139
6419 4 2 0 1 836 2373 888 872
6420 4 2 0 1 953 1632 1668 1666
6421 4 2 0 1 1377 1505 1459 1258
6422 4 2 0 1 1219 1847 1866 1863
6423 4 2 0 1 1421 2067 2350 1269
6424 4 2 0 1 1911 1277 1908 1457
6425 4 2 0 1 2071 1253 1918 1271
6426 4 2 0 1 1712 2238 1610 2249
6427 4 2 0 1 888 2373 836 987
6428 4 2 0 1 470 1491 281 1458
6429 4 2 0 1 1847 1863 1214 1840
6430 4 2 0 1 1311 2086 2087 2088
6431 4 2 0 1 1457 200 533 229
6432 4 2 0 1 2246 1644 2052 2247
6433 4 2 0 1 1923 967 1930 1044
6434 4 2 0 1 1644 2245 977 1928
6435 4 2 0 1 2171 1353 228 1482
6436 4 2 0 1 2049 1644 1925 2247
6437 4 2 0 1 2088 2089 2171 1353
6438 4 2 0 1 1154 950 1617 1647
6439 4 2 0 1 2020 1251 2023 2024
6440 4 2 0 1 1563 1168 1643 923
6441 4 2 0 1 2086 1482 1483 1353
6442 4 2 0 1 1502 1413 1466 1318
6443 4 2 0 1 2086 1482 1353 2171
6444 4 2 0 1 1353 2086 2171 2088
6445 4 2 0 1 2041 1937 1257 1377
6446 4 2 0 1 2102 1822 2157 2156
6447 4 2 0 1 1438 1342 1435 1398
6448 4 2 0 1 378 1416 541 1399
6449 4 2 0 1 1245 641 1305 606
6450 4 2 0 1 1643 1168 1563 2197
6451 4 2 0 1 1151 843 1562 1105
6452 4 2 0 1 376 1476 460 478
6453 4 2 0 1 318 2360 2376 569
6454 4 2 0 1 1731 1232 1735 1732
6455 4 2 0 1 1954 1256 2038 2039
6456 4 2 0 1 2294 2293 2296 2292
6457 4 2 0 1 2239 2238 1370 1946
6458 4 2 0 1 1773 1772 2211 2213
6459 4 2 0 1 1322 2040 2043 2042
6460 4 2 0 1 1134 1545 1630 2333
6461 4 2 0 1 733 1574 1559 1634
6462 4 2 0 1 455 1383 1400 292
6463 4 2 0 1 2161 2248 2249 2238
6464 4 2 0 1 1134 1545 2333 889
6465 4 2 0 1 1353 2081 2086 2088
6466 4 2 0 1 1767 2128 1766 1200
6467 4 2 0 1 1204 2358 2364 578
6468 4 2 0 1 1322 2042 125 1459
6469 4 2 0 1 184 2144 1419 1374
6470 4 2 0 1 1422 1394 1419 1764
6471 4 2 0 1 1955 1957 1761 1953
6472 4 2 0 1 1235 2125 2128 2122
6473 4 2 0 1 2376 2360 318 1444
6474 4 2 0 1 1778 1777 2123 2209
6475 4 2 0 1 2218 2130 1990 2132
6476 4 2 0 1 1793 2129 1783 2104
6477 4 2 0 1 1353 2081 2088 2082
6478 4 2 0 1 1240 1500 55 2223
6479 4 2 0 1 1575 1712 2335 1713
6480 4 2 0 1 1304 1485 2176 2178
6481 4 2 0 1 624 1489 1233 1488
6482 4 2 0 1 2344 1608 1564 2342
6483 4 2 0 1 2358 454 578 1204
6484 4 2 0 1 1975 1978 1240 1976
6485 4 2 0 1 334 1401 1509 236
6486 4 2 0 1 1407 1900 1901 1507
6487 4 2 0 1 1683 1592 1584 2305
6488 4 2 0 1 1991 1245 1403 1501
6489 4 2 0 1 2001 157 147 175
6490 4 2 0 1 1403 469 593 361
6491 4 2 0 1 1111 1464 1698 1312
6492 4 2 0 1 1304 2012 2178 2155
6493 4 2 0 1 1111 1464 1312 659
6494 4 2 0 1 2376 2360 314 569
6495 4 2 0 1 2012 1895 1270 2178
6496 4 2 0 1 1102 1558 1928 2340
6497 4 2 0 1 2282 2074 1710 2189
6498 4 2 0 1 1224 2094 2014 2011
6499 4 2 0 1 1854 1892 2204 1893
6500 4 2 0 1 2346 1603 2234 2236
6501 4 2 0 1 2230 2235 2200 2233
6502 4 2 0 1 866 1602 2346 1605
6503 4 2 0 1 1348 1722 1981 1983
6504 4 2 0 1 101 1515 1410 98
6505 4 2 0 1 2024 2182 2183 1333
6506 4 2 0 1 571 1413 333 369
6507 4 2 0 1 1252 1941 1938 1410
6508 4 2 0 1 899 2345 989 1673
6509 4 2 0 1 1239 1971 1967 1966
6510 4 2 0 1 1971 1974 1967 1966
6511 4 2 0 1 2230 2229 1494 2231
6512 4 2 0 1 2222 1359 2223 1360
6513 4 2 0 1 1722 2033 2217 2222
6514 4 2 0 1 2229 1816 2232 2226
6515 4 2 0 1 2329 1816 2326 2291
6516 4 2 0 1 1626 1666 1668 1667
6517 4 2 0 1 2324 1816 2326 1537
6518 4 2 0 1 1817 2180 1885 1818
6519 4 2 0 1 2102 1222 1891 1818
6520 4 2 0 1 2133 1854 1784 1853
6521 4 2 0 1 1140 1440 2277 1541
6522 4 2 0 1 2097 1787 2098 2092
6523 4 2 0 1 1792 2090 2091 1788
6524 4 2 0 1 571 1413 628 333
6525 4 2 0 1 838 903 1931 902
6526 4 2 0 1 1271 2071 2278 2070
6527 4 2 0 1 1659 1926 1697 1661
6528 4 2 0 1 96 549 1463 1355
6529 4 2 0 1 376 2376 1444 2360
6530 4 2 0 1 314 2360 581 569
6531 4 2 0 1 1657 2247 2048 596
6532 4 2 0 1 2030 2028 407 268
6533 4 2 0 1 2048 407 517 2030
6534 4 2 0 1 1444 1797 210 1800
6535 4 2 0 1 408 1266 458 2051
6536 4 2 0 1 2050 2054 1661 1696
6537 4 2 0 1 1261 2054 2053 2056
6538 4 2 0 1 2083 1361 1352 2082
6539 4 2 0 1 2356 2360 420 581
6540 4 2 0 1 2318 2336 2295 2335
6541 4 2 0 1 2238 2239 1964 1946
6542 4 2 0 1 1678 765 747 745
6543 4 2 0 1 1463 549 96 494
6544 4 2 0 1 1347 1256 1193 2037
6545 4 2 0 1 2121 2084 1775 1276
6546 4 2 0 1 1581 1679 1678 1617
6547 4 2 0 1 2337 1780 2213 2336
6548 4 2 0 1 1761 1953 1956 2207
6549 4 2 0 1 2154 215 2055 418
6550 4 2 0 1 2154 215 418 170
6551 4 2 0 1 1843 1837 1845 1214
6552 4 2 0 1 1917 1486 1640 1641
6553 4 2 0 1 1377 117 1357 2042
6554 4 2 0 1 2083 1912 1916 1274
6555 4 2 0 1 2188 917 1633 1138
6556 4 2 0 1 1375 1482 2171 272
6557 4 2 0 1 1271 2071 2074 1849
6558 4 2 0 1 2088 1277 1804 2089
6559 4 2 0 1 1352 424 1458 518
6560 4 2 0 1 1449 2191 2074 2073
6561 4 2 0 1 1834 1277 1469 2089
6562 4 2 0 1 2169 1287 2219 2220
6563 4 2 0 1 2187 2186 2184 2185
6564 4 2 0 1 1246 91 2254 472
6565 4 2 0 1 1564 1556 2343 2342
6566 4 2 0 1 1352 2082 1361 283
6567 4 2 0 1 125 1322 132 238
6568 4 2 0 1 2041 2095 1257 1939
6569 4 2 0 1 1346 1289 2209 2210
6570 4 2 0 1 1888 1889 2131 1428
6571 4 2 0 1 2134 1986 2174 1790
6572 4 2 0 1 1357 117 115 116
6573 4 2 0 1 2114 2128 2127 1406
6574 4 2 0 1 2109 2105 1287 2220
6575 4 2 0 1 2214 1955 2128 1235
6576 4 2 0 1 2197 2275 1168 2196
6577 4 2 0 1 142 1765 144 1760
6578 4 2 0 1 2346 2345 2344 2343
6579 4 2 0 1 1857 1862 2139 2137
6580 4 2 0 1 535 365 1492 1493
6581 4 2 0 1 1417 264 1471 554
6582 4 2 0 1 441 140 1344 278
6583 4 2 0 1 354 1386 552 464
6584 4 2 0 1 2119 1803 2171 2117
6585 4 2 0 1 2150 2148 2077 1301
6586 4 2 0 1 1815 1537 2137 1814
6587 4 2 0 1 2079 2084 2087 1276
6588 4 2 0 1 1953 1235 1955 1954
6589 4 2 0 1 2359 2378 2254 299
6590 4 2 0 1 1215 1855 1852 1864
6591 4 2 0 1 1417 264 554 285
6592 4 2 0 1 2254 2378 2359 504
6593 4 2 0 1 2378 462 2254 299
6594 4 2 0 1 133 134 132 1322
6595 4 2 0 1 1806 1210 1833 1829
6596 4 2 0 1 640 382 456 1392
6597 4 2 0 1 1718 2198 2343 2342
6598 4 2 0 1 177 1422 437 526
6599 4 2 0 1 497 2175 599 402
6600 4 2 0 1 2256 2264 1852 1702
6601 4 2 0 1 496 2175 355 495
6602 4 2 0 1 482 1506 633 622
6603 4 2 0 1 51 50 1404 1405
6604 4 2 0 1 1454 447 1758 1313
6605 4 2 0 1 2057 2161 1264 1559
6606 4 2 0 1 2119 1290 2117 2171
6607 4 2 0 1 2159 1768 1292 2162
6608 4 2 0 1 1556 2235 2236 2343
6609 4 2 0 1 2142 42 43 1723
6610 4 2 0 1 1601 2061 2076 2063
6611 4 2 0 1 1723 42 43 665
6612 4 2 0 1 2342 2345 2343 2344
6613 4 2 0 1 18 63 1883 401
6614 4 2 0 1 1560 1264 2060 1559
6615 4 2 0 1 1772 1777 2211 2213
6616 4 2 0 1 2208 1777 1201 1778
6617 4 2 0 1 2147 2058 2145 2153
6618 4 2 0 1 2078 2215 1780 1263
6619 4 2 0 1 1767 2066 2151 2152
6620 4 2 0 1 1493 365 2166 366
6621 4 2 0 1 224 1401 1799 516
6622 4 2 0 1 2169 2219 404 2221
6623 4 2 0 1 2042 238 1322 125
6624 4 2 0 1 1342 2205 2204 2008
6625 4 2 0 1 496 2175 547 599
6626 4 2 0 1 319 1366 402 349
6627 4 2 0 1 511 2142 44 1698
6628 4 2 0 1 1474 2378 2254 504
6629 4 2 0 1 1901 2015 1436 2204
6630 4 2 0 1 497 496 2175 355
6631 4 2 0 1 2205 1342 2204 2018
6632 4 2 0 1 2014 2205 2204 1224
6633 4 2 0 1 2124 2214 2212 1775
6634 4 2 0 1 52 51 1072 1553
6635 4 2 0 1 1347 2124 2038 2212
6636 4 2 0 1 2138 1862 1859 1217
6637 4 2 0 1 511 2142 1698 630
6638 4 2 0 1 1486 1917 1640 1228
6639 4 2 0 1 1686 1688 1582 1612
6640 4 2 0 1 2124 2214 2038 2212
6641 4 2 0 1 1872 2258 1865 1871
6642 4 2 0 1 1255 2033 1984 2330
6643 4 2 0 1 2378 301 462 299
6644 4 2 0 1 1193 1347 2037 2339
6645 4 2 0 1 1718 1615 1717 2342
6646 4 2 0 1 1306 85 86 84
6647 4 2 0 1 103 1441 104 105
6648 4 2 0 1 2326 2324 1536 1816
6649 4 2 0 1 1782 1285 2092 1788
6650 4 2 0 1 1285 1782 2092 1787
6651 4 2 0 1 1376 519 181 1420
6652 4 2 0 1 2202 1781 1420 1202
6653 4 2 0 1 447 178 1758 434
6654 4 2 0 1 1966 1786 1967 1239
6655 4 2 0 1 1782 2096 1783 1792
6656 4 2 0 1 2115 2220 1288 2107
6657 4 2 0 1 1203 1793 1782 1788
6658 4 2 0 1 511 2142 630 431
6659 4 2 0 1 2324 2348 1874 1873
6660 4 2 0 1 1761 1200 1955 2207
6661 4 2 0 1 1832 1833 1831 1468
6662 4 2 0 1 2119 1290 2171 2108
6663 4 2 0 1 1953 1235 1954 1956
6664 4 2 0 1 1351 122 1973 123
6665 4 2 0 1 1420 1338 1397 2202
6666 4 2 0 1 511 2142 431 44
6667 4 2 0 1 1432 1431 1541 2263
6668 4 2 0 1 1544 1690 2331 1738
6669 4 2 0 1 1899 2275 1440 1902
6670 4 2 0 1 673 1565 965 1034
6671 4 2 0 1 1333 1251 2017 2021
6672 4 2 0 1 1853 1720 2134 2136
6673 4 2 0 1 1629 1628 1363 2228
6674 4 2 0 1 2338 1347 2037 2213
6675 4 2 0 1 1454 1414 1313 1757
6676 4 2 0 1 1197 1752 1552 1754
6677 4 2 0 1 1773 2337 2213 2211
6678 4 2 0 1 2037 1347 2038 2213
6679 4 2 0 1 1238 1989 2297 1949
6680 4 2 0 1 2161 2248 2238 2160
6681 4 2 0 1 858 2312 856 855
6682 4 2 0 1 1292 1764 1771 1394
6683 4 2 0 1 425 2144 184 1374
6684 4 2 0 1 2295 2336 2296 1395
6685 4 2 0 1 1689 855 2312 858
6686 4 2 0 1 1691 1946 2239 1370
6687 4 2 0 1 1689 855 858 982
6688 4 2 0 1 866 1053 2346 966
6689 4 2 0 1 2235 1556 1581 861
6690 4 2 0 1 2259 1865 2260 1554
6691 4 2 0 1 2222 1728 2217 2297
6692 4 2 0 1 797 2379 2311 2289
6693 4 2 0 1 1504 337 466 435
6694 4 2 0 1 1504 466 337 1505
6695 4 2 0 1 1257 1411 2025 1279
6696 4 2 0 1 2172 359 1882 1884
6697 4 2 0 1 1332 1210 1817 1885
6698 4 2 0 1 2044 2047 1259 2092
6699 4 2 0 1 1332 1210 1885 1884
6700 4 2 0 1 1442 1488 1359 60
6701 4 2 0 1 215 169 1400 230
6702 4 2 0 1 2318 2295 2336 1547
6703 4 2 0 1 2290 1536 1745 2291
6704 4 2 0 1 2182 1507 1900 1700
6705 4 2 0 1 1684 716 684 1598
6706 4 2 0 1 430 386 1910 611
6707 4 2 0 1 1263 2281 2282 1450
6708 4 2 0 1 1334 2271 2284 1579
6709 4 2 0 1 215 1400 169 2055
6710 4 2 0 1 1637 1462 2284 2270
6711 4 2 0 1 691 689 1635 1583
6712 4 2 0 1 1675 1081 714 1674
6713 4 2 0 1 1102 1558 977 1928
6714 4 2 0 1 1085 1147 1713 918
6715 4 2 0 1 2239 2249 1964 1307
6716 4 2 0 1 1488 1947 1510 1952
6717 4 2 0 1 1363 2341 2200 2228
6718 4 2 0 1 1442 1488 60 1510
6719 4 2 0 1 2310 1592 2305 1561
6720 4 2 0 1 36 35 983 1657
6721 4 2 0 1 1728 2217 2297 1729
6722 4 2 0 1 1705 2332 1546 776
6723 4 2 0 1 977 1558 1102 718
6724 4 2 0 1 1265 2147 2145 2077
6725 4 2 0 1 1733 1196 1726 1499
6726 4 2 0 1 2310 1561 1708 1020
6727 4 2 0 1 1944 1379 1704 1369
6728 4 2 0 1 224 516 1799 225
6729 4 2 0 1 927 2370 928 926
6730 4 2 0 1 2372 936 2308 887
6731 4 2 0 1 1691 1610 2292 1370
6732 4 2 0 1 2327 1665 930 864
6733 4 2 0 1 1450 1688 2335 2318
6734 4 2 0 1 2348 1429 1873 2324
6735 4 2 0 1 1602 1563 1588 1587
6736 4 2 0 1 1234 1733 1954 1748
6737 4 2 0 1 712 1058 2304 1088
6738 4 2 0 1 1955 2159 1766 1292
6739 4 2 0 1 2173 1969 1971 1966
6740 4 2 0 1 1946 1197 1237 1735
6741 4 2 0 1 1946 1753 1237 1197
6742 4 2 0 1 1496 1500 1497 1499
6743 4 2 0 1 1500 1978 1481 1196
6744 4 2 0 1 2065 2069 2056 2066
6745 4 2 0 1 1288 2104 1787 1791
6746 4 2 0 1 1956 1958 1199 2207
6747 4 2 0 1 2238 2248 2249 1395
6748 4 2 0 1 442 597 1286 561
6749 4 2 0 1 695 713 1577 1528
6750 4 2 0 1 771 866 769 1602
6751 4 2 0 1 2259 2262 1547 2260
6752 4 2 0 1 1585 1666 1078 1144
6753 4 2 0 1 2298 698 1577 696
6754 4 2 0 1 1736 1595 1741 1739
6755 4 2 0 1 1364 2236 2234 2233
6756 4 2 0 1 556 67 1413 481
6757 4 2 0 1 1473 2378 1474 504
6758 4 2 0 1 1869 2280 2261 1870
6759 4 2 0 1 263 1471 2179 264
6760 4 2 0 1 1567 1607 1591 1606
6761 4 2 0 1 74 1657 36 37
6762 4 2 0 1 1267 1768 2162 1771
6763 4 2 0 1 1066 2366 927 812
6764 4 2 0 1 965 1565 2346 2234
6765 4 2 0 1 2144 2162 1771 2068
6766 4 2 0 1 749 1156 1707 929
6767 4 2 0 1 695 1577 713 697
6768 4 2 0 1 1565 1563 2234 965
6769 4 2 0 1 1027 711 1620 1538
6770 4 2 0 1 2240 880 2308 725
6771 4 2 0 1 2240 880 725 1695
6772 4 2 0 1 1180 1081 1548 714
6773 4 2 0 1 74 36 1657 490
6774 4 2 0 1 997 1496 1945 1704
6775 4 2 0 1 427 1475 1343 560
6776 4 2 0 1 1376 1205 209 255
6777 4 2 0 1 2175 497 274 646
6778 4 2 0 1 1551 1496 1125 652
6779 4 2 0 1 441 2111 127 2112
6780 4 2 0 1 1953 1761 1955 2207
6781 4 2 0 1 2032 1495 2288 2291
6782 4 2 0 1 376 2376 2360 314
6783 4 2 0 1 1476 1978 1444 460
6784 4 2 0 1 2243 1740 1523 2241
6785 4 2 0 1 51 1204 454 1405
6786 4 2 0 1 882 949 1867 1122
6787 4 2 0 1 553 1398 351 350
6788 4 2 0 1 1140 1440 666 973
6789 4 2 0 1 1274 1842 1276 2087
6790 4 2 0 1 1716 1173 1073 654
6791 4 2 0 1 1278 29 1687 1029
6792 4 2 0 1 1698 1795 1506 1419
6793 4 2 0 1 998 1057 1548 1125
6794 4 2 0 1 2299 1522 1742 1743
6795 4 2 0 1 2049 1254 1451 1925
6796 4 2 0 1 1452 653 30 1453
6797 4 2 0 1 1842 1229 1912 1274
6798 4 2 0 1 2274 694 1530 2314
6799 4 2 0 1 2274 694 2314 690
6800 4 2 0 1 2274 694 690 692
6801 4 2 0 1 2274 694 692 1530
6802 4 2 0 1 816 2363 810 1116
6803 4 2 0 1 2314 1136 1630 962
6804 4 2 0 1 2144 1374 2068 1771
6805 4 2 0 1 733 1634 1183 676
6806 4 2 0 1 1797 1476 1798 1444
6807 4 2 0 1 1391 572 348 486
6808 4 2 0 1 1404 1551 1553 1550
6809 4 2 0 1 1153 1614 1615 946
6810 4 2 0 1 810 2363 816 812
6811 4 2 0 1 2044 1792 2041 1281
6812 4 2 0 1 650 139 2253 1423
6813 4 2 0 1 1479 234 275 528
6814 4 2 0 1 2091 2041 1279 2044
6815 4 2 0 1 363 2253 1412 621
6816 4 2 0 1 2157 2041 1792 1281
6817 4 2 0 1 1173 1716 1073 917
6818 4 2 0 1 1937 1412 2253 1938
6819 4 2 0 1 1937 1505 2253 1412
6820 4 2 0 1 650 1516 2253 1938
6821 4 2 0 1 1516 650 2253 1423
6822 4 2 0 1 2157 1792 2041 2095
6823 4 2 0 1 1305 90 632 488
6824 4 2 0 1 1795 1698 1764 1419
6825 4 2 0 1 1356 570 555 61
6826 4 2 0 1 2035 2225 2032 1255
6827 4 2 0 1 1764 1698 2144 1419
6828 4 2 0 1 2133 1897 1294 1436
6829 4 2 0 1 1878 1429 1873 1871
6830 4 2 0 1 2012 2006 2014 2009
6831 4 2 0 1 1401 1509 1343 1475
6832 4 2 0 1 1578 696 2300 693
6833 4 2 0 1 1680 1527 2313 2312
6834 4 2 0 1 562 502 1475 560
6835 4 2 0 1 1700 2198 1337 1242
6836 4 2 0 1 2374 1401 266 236
6837 4 2 0 1 1577 1689 2313 2312
6838 4 2 0 1 1402 1411 1257 1412
6839 4 2 0 1 1377 1357 114 1378
6840 4 2 0 1 1971 2046 2173 1966
6841 4 2 0 1 2157 2158 2155 1304
6842 4 2 0 1 1472 2173 1241 2046
6843 4 2 0 1 1744 2301 2269 2300
6844 4 2 0 1 2045 293 121 119
6845 4 2 0 1 2168 2169 1835 1493
6846 4 2 0 1 2219 442 129 124
6847 4 2 0 1 1351 1390 124 123
6848 4 2 0 1 1390 2202 1970 1972
6849 4 2 0 1 2147 2145 1303 2153
6850 4 2 0 1 2169 405 588 620
6851 4 2 0 1 1366 1367 1414 391
6852 4 2 0 1 618 2374 265 340
6853 4 2 0 1 1919 1929 1932 1230
6854 4 2 0 1 1969 1376 1420 519
6855 4 2 0 1 578 2364 310 313
6856 4 2 0 1 1304 1485 1484 2003
6857 4 2 0 1 1826 375 374 567
6858 4 2 0 1 150 152 1823 154
6859 4 2 0 1 618 2374 266 265
6860 4 2 0 1 365 1820 202 1821
6861 4 2 0 1 480 134 149 2167
6862 4 2 0 1 1299 2142 2144 1698
6863 4 2 0 1 2282 2074 2279 2076
6864 4 2 0 1 1396 166 387 164
6865 4 2 0 1 2079 2084 2145 2081
6866 4 2 0 1 1779 2074 1271 2076
6867 4 2 0 1 1262 2054 2061 1697
6868 4 2 0 1 2280 2074 1849 2279
6869 4 2 0 1 1266 408 458 339
6870 4 2 0 1 199 474 2089 214
6871 4 2 0 1 1925 1661 1254 1926
6872 4 2 0 1 1373 463 396 38
6873 4 2 0 1 2049 1254 1925 1661
6874 4 2 0 1 1367 646 2175 274
6875 4 2 0 1 184 161 459 1374
6876 4 2 0 1 642 266 1799 478
6877 4 2 0 1 989 1673 673 1146
6878 4 2 0 1 2198 1337 1982 2196
6879 4 2 0 1 2356 266 399 618
6880 4 2 0 1 1995 92 2254 89
6881 4 2 0 1 338 339 413 1266
6882 4 2 0 1 2219 1351 2111 124
6883 4 2 0 1 474 1804 1834 2089
6884 4 2 0 1 35 36 490 1657
6885 4 2 0 1 1358 2045 1259 2047
6886 4 2 0 1 1353 228 1482 525
6887 4 2 0 1 518 1457 533 229
6888 4 2 0 1 206 2144 1419 184
6889 4 2 0 1 185 207 527 1419
6890 4 2 0 1 2229 1745 1816 2291
6891 4 2 0 1 2229 1745 2291 1494
6892 4 2 0 1 976 2142 44 43
6893 4 2 0 1 591 1437 12 78
6894 4 2 0 1 1422 185 527 1419
6895 4 2 0 1 1759 1752 1757 1794
6896 4 2 0 1 2231 1745 2232 2229
6897 4 2 0 1 1292 1768 1765 1771
6898 4 2 0 1 2375 2363 927 812
6899 4 2 0 1 1368 521 391 1414
6900 4 2 0 1 927 2363 2375 961
6901 4 2 0 1 151 150 2167 149
6902 4 2 0 1 2229 1745 2232 1816
6903 4 2 0 1 1910 1832 1477 1911
6904 4 2 0 1 1832 430 1477 254
6905 4 2 0 1 1712 1713 918 1672
6906 4 2 0 1 1324 155 154 152
6907 4 2 0 1 418 2058 218 2051
6908 4 2 0 1 1610 1712 918 1672
6909 4 2 0 1 2002 1247 1503 2004
6910 4 2 0 1 1910 1832 1911 1469
6911 4 2 0 1 537 441 127 2112
6912 4 2 0 1 1353 2089 198 197
6913 4 2 0 1 244 289 1246 471
6914 4 2 0 1 337 590 1505 466
6915 4 2 0 1 91 436 472 1246
6916 4 2 0 1 1941 1935 2020 1252
6917 4 2 0 1 1832 631 1469 1910
6918 4 2 0 1 1940 1314 1504 1231
6919 4 2 0 1 509 267 1275 280
6920 4 2 0 1 261 276 218 2051
6921 4 2 0 1 2075 2059 2077 2078
6922 4 2 0 1 2083 2082 2081 1914
6923 4 2 0 1 2050 2054 1696 2053
6924 4 2 0 1 1942 1695 1691 1674
6925 4 2 0 1 2310 1592 1561 1020
6926 4 2 0 1 1031 2361 1683 912
6927 4 2 0 1 1900 2182 1337 1902
6928 4 2 0 1 1031 1075 1158 1683
6929 4 2 0 1 588 1835 260 1375
6930 4 2 0 1 124 442 127 2111
6931 4 2 0 1 2005 2158 2003 1309
6932 4 2 0 1 2124 1727 2123 1347
6933 4 2 0 1 1799 225 2360 1444
6934 4 2 0 1 2089 1352 197 1353
6935 4 2 0 1 1561 1584 1592 2305
6936 4 2 0 1 196 2082 283 194
6937 4 2 0 1 1486 470 1491 25
6938 4 2 0 1 2310 1592 1020 1520
6939 4 2 0 1 1228 1361 1913 1458
6940 4 2 0 1 2065 2069 2064 2067
6941 4 2 0 1 182 1403 1503 232
6942 4 2 0 1 857 2312 2327 1665
6943 4 2 0 1 134 148 149 2167
6944 4 2 0 1 152 155 374 1324
6945 4 2 0 1 689 1165 1582 1583
6946 4 2 0 1 1826 152 1827 153
6947 4 2 0 1 2166 1492 1820 365
6948 4 2 0 1 1689 1577 1642 2312
6949 4 2 0 1 2175 497 355 273
6950 4 2 0 1 145 1323 49 428
6951 4 2 0 1 1577 1528 2327 2312
6952 4 2 0 1 496 497 2175 599
6953 4 2 0 1 1694 779 1618 780
6954 4 2 0 1 1398 553 587 350
6955 4 2 0 1 1995 89 1305 88
6956 4 2 0 1 927 2363 1066 812
6957 4 2 0 1 991 664 1385 972
6958 4 2 0 1 983 1135 934 1657
6959 4 2 0 1 2154 2069 2055 169
6960 4 2 0 1 992 991 664 1657
6961 4 2 0 1 2148 1301 1303 2145
6962 4 2 0 1 225 2356 2360 420
6963 4 2 0 1 1736 1195 1738 1742
6964 4 2 0 1 2290 1739 1745 2322
6965 4 2 0 1 630 1698 511 368
6966 4 2 0 1 1204 1366 454 1517
6967 4 2 0 1 440 1796 1506 1464
6968 4 2 0 1 355 1506 273 328
6969 4 2 0 1 2268 1531 1433 2322
6970 4 2 0 1 2319 1531 2268 2322
6971 4 2 0 1 1299 1764 1292 1208
6972 4 2 0 1 1433 2268 2322 2269
6973 4 2 0 1 2328 1464 1312 1795
6974 4 2 0 1 1698 2143 2144 1419
6975 4 2 0 1 443 84 1466 1354
6976 4 2 0 1 1744 2268 2322 2319
6977 4 2 0 1 2254 257 585 250
6978 4 2 0 1 2231 1745 2229 1494
6979 4 2 0 1 144 161 160 1393
6980 4 2 0 1 1422 185 1419 1393
6981 4 2 0 1 826 2370 815 825
6982 4 2 0 1 1269 1383 2067 2068
6983 4 2 0 1 1315 1996 1992 1999
6984 4 2 0 1 1235 2125 2122 1961
6985 4 2 0 1 2147 2154 2153 2149
6986 4 2 0 1 1842 2087 1807 1276
6987 4 2 0 1 177 1422 1454 143
6988 4 2 0 1 2237 1494 1743 1544
6989 4 2 0 1 2108 1482 1290 2171
6990 4 2 0 1 1720 1853 2134 2130
6991 4 2 0 1 1319 293 2045 2046
6992 4 2 0 1 1247 1403 2004 593
6993 4 2 0 1 372 1245 1403 362
6994 4 2 0 1 2251 2289 1494 2330
6995 4 2 0 1 2188 2191 1334 2073
6996 4 2 0 1 2231 1745 1494 1195
6997 4 2 0 1 1383 1268 1400 1470
6998 4 2 0 1 585 257 2254 299
6999 4 2 0 1 2158 1309 1416 2003
7000 4 2 0 1 355 1506 328 360
7001 4 2 0 1 139 650 451 1423
7002 4 2 0 1 2210 1861 2209 1346
7003 4 2 0 1 2257 1214 1861 1864
7004 4 2 0 1 1812 2225 1543 2329
7005 4 2 0 1 1066 2363 927 961
7006 4 2 0 1 1346 2257 1861 1864
7007 4 2 0 1 1770 161 1765 1374
7008 4 2 0 1 2149 2147 1303 2153
7009 4 2 0 1 1761 1748 1756 1199
7010 4 2 0 1 997 1496 1076 652
7011 4 2 0 1 1196 1500 1497 1481
7012 4 2 0 1 1781 1749 1976 1750
7013 4 2 0 1 1948 1947 1949 1952
7014 4 2 0 1 57 56 1359 60
7015 4 2 0 1 1725 1730 1729 1988
7016 4 2 0 1 2046 220 1472 545
7017 4 2 0 1 701 1124 703 1620
7018 4 2 0 1 1723 1269 2068 1669
7019 4 2 0 1 1024 1712 1172 1147
7020 4 2 0 1 2162 2144 2350 2068
7021 4 2 0 1 1767 1267 2066 1770
7022 4 2 0 1 518 1457 229 385
7023 4 2 0 1 1569 1195 2232 2231
7024 4 2 0 1 1491 1909 1458 470
7025 4 2 0 1 2046 220 545 505
7026 4 2 0 1 24 23 1640 1486
7027 4 2 0 1 1491 1448 879 26
7028 4 2 0 1 1491 1448 26 27
7029 4 2 0 1 628 332 1413 571
7030 4 2 0 1 2332 1568 2331 1569
7031 4 2 0 1 1588 2331 2231 1544
7032 4 2 0 1 1814 1875 1815 1874
7033 4 2 0 1 1615 871 1127 946
7034 4 2 0 1 2005 2158 1304 2003
7035 4 2 0 1 1516 647 566 1413
7036 4 2 0 1 1797 1800 1798 1317
7037 4 2 0 1 1971 2173 1376 1969
7038 4 2 0 1 1472 562 1475 1980
7039 4 2 0 1 447 177 521 1454
7040 4 2 0 1 1576 1585 2347 1586
7041 4 2 0 1 2227 1573 2347 1569
7042 4 2 0 1 612 1366 390 646
7043 4 2 0 1 1991 1403 1247 1501
7044 4 2 0 1 221 1467 233 188
7045 4 2 0 1 1342 514 1341 335
7046 4 2 0 1 2046 545 293 505
7047 4 2 0 1 1341 1342 2195 2016
7048 4 2 0 1 2183 1242 1700 2182
7049 4 2 0 1 356 1463 494 549
7050 4 2 0 1 2226 1810 2232 1569
7051 4 2 0 1 2082 194 465 283
7052 4 2 0 1 937 1584 805 824
7053 4 2 0 1 415 416 1455 341
7054 4 2 0 1 1835 1492 1493 291
7055 4 2 0 1 2044 2040 2042 2043
7056 4 2 0 1 1377 473 449 115
7057 4 2 0 1 2364 318 317 432
7058 4 2 0 1 1445 2255 1424 2000
7059 4 2 0 1 2304 2308 2309 2354
7060 4 2 0 1 2354 2372 2304 2308
7061 4 2 0 1 46 1035 47 1323
7062 4 2 0 1 1204 309 1480 52
7063 4 2 0 1 46 47 440 1323
7064 4 2 0 1 1970 519 1969 1420
7065 4 2 0 1 2354 2379 2308 2289
7066 4 2 0 1 2306 2304 2354 2305
7067 4 2 0 1 2310 2306 2354 2305
7068 4 2 0 1 2310 2306 2305 1520
7069 4 2 0 1 1327 158 388 168
7070 4 2 0 1 1487 1906 1460 1714
7071 4 2 0 1 1705 1596 1690 2331
7072 4 2 0 1 644 1492 1834 290
7073 4 2 0 1 2173 545 2046 1472
7074 4 2 0 1 1978 1476 1240 138
7075 4 2 0 1 2298 1705 1738 1737
7076 4 2 0 1 1195 2332 2331 1569
7077 4 2 0 1 265 2368 2374 236
7078 4 2 0 1 1368 2364 432 1443
7079 4 2 0 1 1190 1498 1704 986
7080 4 2 0 1 2325 1495 2034 2326
7081 4 2 0 1 287 265 2374 340
7082 4 2 0 1 128 1390 126 1338
7083 4 2 0 1 2298 2299 1746 1738
7084 4 2 0 1 738 1447 2342 737
7085 4 2 0 1 2198 1982 1718 2343
7086 4 2 0 1 1372 1026 989 1089
7087 4 2 0 1 1587 1597 1596 2331
7088 4 2 0 1 12 1508 11 660
7089 4 2 0 1 1294 1898 2015 1436
7090 4 2 0 1 1657 1387 674 1135
7091 4 2 0 1 254 430 1477 323
7092 4 2 0 1 1457 1911 1910 1908
7093 4 2 0 1 1460 1316 638 1715
7094 4 2 0 1 1819 1825 1824 1833
7095 4 2 0 1 2175 241 495 242
7096 4 2 0 1 2159 2214 1955 1766
7097 4 2 0 1 1267 2162 2350 2068
7098 4 2 0 1 1422 185 1393 437
7099 4 2 0 1 292 1470 1400 1391
7100 4 2 0 1 738 1447 737 736
7101 4 2 0 1 1737 2298 1746 1738
7102 4 2 0 1 1157 936 2304 1088
7103 4 2 0 1 1657 674 1387 34
7104 4 2 0 1 1959 2203 1988 1339
7105 4 2 0 1 624 1489 1488 57
7106 4 2 0 1 1738 2252 1534 2299
7107 4 2 0 1 990 1522 2241 1535
7108 4 2 0 1 2033 1499 1732 1194
7109 4 2 0 1 990 2309 1535 876
7110 4 2 0 1 1367 646 274 390
7111 4 2 0 1 2230 2235 1543 2200
7112 4 2 0 1 1205 224 492 1401
7113 4 2 0 1 392 1402 1233 1349
7114 4 2 0 1 1514 1243 1252 1410
7115 4 2 0 1 2195 1341 380 335
7116 4 2 0 1 624 1489 57 58
7117 4 2 0 1 1603 2355 1605 1602
7118 4 2 0 1 1513 2021 1515 1514
7119 4 2 0 1 1507 1371 1333 2017
7120 4 2 0 1 2134 2135 2136 1348
7121 4 2 0 1 1151 657 1562 1388
7122 4 2 0 1 397 210 1444 225
7123 4 2 0 1 2344 739 900 999
7124 4 2 0 1 2257 1346 1861 2210
7125 4 2 0 1 1064 1432 1541 1668
7126 4 2 0 1 1432 1431 2263 2264
7127 4 2 0 1 932 1576 1632 1585
7128 4 2 0 1 2172 20 1316 1715
7129 4 2 0 1 1726 1735 1499 1732
7130 4 2 0 1 1876 1879 1867 883
7131 4 2 0 1 1559 680 1599 1574
7132 4 2 0 1 2235 2230 1543 2330
7133 4 2 0 1 1558 977 1644 948
7134 4 2 0 1 1589 868 1931 1040
7135 4 2 0 1 1712 1024 2249 730
7136 4 2 0 1 898 1722 1984 1718
7137 4 2 0 1 2061 1600 1710 1682
7138 4 2 0 1 1718 1722 1984 1981
7139 4 2 0 1 1260 2055 2050 2051
7140 4 2 0 1 1718 1982 1981 1984
7141 4 2 0 1 894 2033 2330 1984
7142 4 2 0 1 2264 1860 1852 1859
7143 4 2 0 1 1684 684 686 685
7144 4 2 0 1 2201 2235 2200 1984
7145 4 2 0 1 992 983 1657 1028
7146 4 2 0 1 1675 48 720 1580
7147 4 2 0 1 1431 1063 1703 15
7148 4 2 0 1 700 701 1623 1621
7149 4 2 0 1 1554 1346 2139 2209
7150 4 2 0 1 441 2111 126 127
7151 4 2 0 1 1523 1676 1593 1672
7152 4 2 0 1 2139 2339 2141 1554
7153 4 2 0 1 863 907 1538 935
7154 4 2 0 1 624 1489 58 1233
7155 4 2 0 1 2139 2209 2339 1554
7156 4 2 0 1 2325 2260 2141 1554
7157 4 2 0 1 1691 1652 1609 1380
7158 4 2 0 1 857 856 863 2327
7159 4 2 0 1 2348 1536 2322 2323
7160 4 2 0 1 1461 1869 2261 1774
7161 4 2 0 1 1838 1218 1864 1852
7162 4 2 0 1 2308 2304 2309 990
7163 4 2 0 1 1218 1883 1852 1838
7164 4 2 0 1 2310 1707 1409 1708
7165 4 2 0 1 2252 1690 1534 1662
7166 4 2 0 1 1401 1476 1509 1205
7167 4 2 0 1 1026 672 10 1372
7168 4 2 0 1 2325 2338 2260 1554
7169 4 2 0 1 1707 1678 747 746
7170 4 2 0 1 1171 765 1613 1605
7171 4 2 0 1 2036 1495 2288 2032
7172 4 2 0 1 1565 2345 2343 2196
7173 4 2 0 1 1648 1189 763 1045
7174 4 2 0 1 1679 1608 1647 1564
7175 4 2 0 1 1218 1852 1860 1859
7176 4 2 0 1 1218 1852 1859 1864
7177 4 2 0 1 1550 1197 1942 1945
7178 4 2 0 1 2339 2325 2141 1554
7179 4 2 0 1 2377 2351 1589 823
7180 4 2 0 1 1148 2366 925 1042
7181 4 2 0 1 2338 2325 2339 1554
7182 4 2 0 1 1617 1647 1594 1154
7183 4 2 0 1 982 855 1061 1680
7184 4 2 0 1 1556 1564 1581 1647
7185 4 2 0 1 854 1101 1649 1114
7186 4 2 0 1 240 512 1211 500
7187 4 2 0 1 1590 1618 1170 2266
7188 4 2 0 1 950 1556 1647 895
7189 4 2 0 1 1816 1810 2232 2226
7190 4 2 0 1 1581 1679 1617 1647
7191 4 2 0 1 1564 1556 2342 1647
7192 4 2 0 1 91 1305 632 488
7193 4 2 0 1 1508 2196 1902 1337
7194 4 2 0 1 2232 1542 1569 2347
7195 4 2 0 1 2188 884 803 1579
7196 4 2 0 1 240 1211 512 1468
7197 4 2 0 1 931 1618 1170 1590
7198 4 2 0 1 625 388 1327 1329
7199 4 2 0 1 2054 1634 2056 2057
7200 4 2 0 1 2054 1634 2057 1574
7201 4 2 0 1 625 1327 388 168
7202 4 2 0 1 2061 1599 1560 1601
7203 4 2 0 1 2061 1560 1599 1574
7204 4 2 0 1 1367 526 1414 391
7205 4 2 0 1 1713 2318 1688 1706
7206 4 2 0 1 1713 2295 1706 1672
7207 4 2 0 1 2318 2293 1706 2295
7208 4 2 0 1 777 1568 775 776
7209 4 2 0 1 944 1453 653 995
7210 4 2 0 1 151 1823 152 1827
7211 4 2 0 1 893 2365 1001 942
7212 4 2 0 1 1589 1920 1930 1044
7213 4 2 0 1 1598 1685 1710 2189
7214 4 2 0 1 782 1638 1692 1694
7215 4 2 0 1 1570 969 1047 940
7216 4 2 0 1 1672 2295 1706 2292
7217 4 2 0 1 1343 191 450 236
7218 4 2 0 1 1647 1556 913 895
7219 4 2 0 1 1000 1154 1617 1594
7220 4 2 0 1 1000 901 1594 1617
7221 4 2 0 1 1131 901 1594 1000
7222 4 2 0 1 812 2367 811 2363
7223 4 2 0 1 2236 1564 1605 1581
7224 4 2 0 1 687 685 1636 963
7225 4 2 0 1 1585 1666 1144 1573
7226 4 2 0 1 1409 2236 1605 1581
7227 4 2 0 1 1145 848 1680 1061
7228 4 2 0 1 1535 698 1108 876
7229 4 2 0 1 1253 2071 1932 2278
7230 4 2 0 1 152 1823 151 150
7231 4 2 0 1 1743 2237 1544 2250
7232 4 2 0 1 942 893 2371 941
7233 4 2 0 1 41 1456 1455 40
7234 4 2 0 1 1449 2191 2073 2184
7235 4 2 0 1 2333 2186 2334 1636
7236 4 2 0 1 421 1249 325 1445
7237 4 2 0 1 177 1414 526 521
7238 4 2 0 1 1597 1690 1544 2250
7239 4 2 0 1 768 766 1613 769
7240 4 2 0 1 767 1613 768 766
7241 4 2 0 1 1628 1568 919 1573
7242 4 2 0 1 1101 964 875 1649
7243 4 2 0 1 1559 1070 1118 733
7244 4 2 0 1 778 1694 776 1082
7245 4 2 0 1 940 1188 1570 969
7246 4 2 0 1 1571 909 910 875
7247 4 2 0 1 828 1596 1705 776
7248 4 2 0 1 976 1069 1723 665
7249 4 2 0 1 2173 493 1472 1980
7250 4 2 0 1 1421 41 42 978
7251 4 2 0 1 2355 1605 769 1613
7252 4 2 0 1 2141 2324 2260 2323
7253 4 2 0 1 1226 1703 1430 1425
7254 4 2 0 1 112 1441 501 110
7255 4 2 0 1 931 932 1585 1576
7256 4 2 0 1 2173 493 1980 255
7257 4 2 0 1 1880 1220 1873 1871
7258 4 2 0 1 433 521 391 1368
7259 4 2 0 1 2173 493 255 551
7260 4 2 0 1 591 1408 1508 1407
7261 4 2 0 1 591 1408 1407 66
7262 4 2 0 1 694 2314 690 962
7263 4 2 0 1 1146 672 1673 660
7264 4 2 0 1 1532 2301 1744 1578
7265 4 2 0 1 1688 1462 1686 2318
7266 4 2 0 1 2071 1230 2278 2070
7267 4 2 0 1 2345 2198 2343 2196
7268 4 2 0 1 62 23 1487 22
7269 4 2 0 1 21 1173 22 1714
7270 4 2 0 1 1836 1714 1837 1840
7271 4 2 0 1 68 470 1486 25
7272 4 2 0 1 2280 2281 2282 2279
7273 4 2 0 1 1602 965 2346 2234
7274 4 2 0 1 2252 1743 2354 2309
7275 4 2 0 1 673 1565 1141 965
7276 4 2 0 1 1716 22 1714 1487
7277 4 2 0 1 771 1664 770 772
7278 4 2 0 1 866 965 1602 960
7279 4 2 0 1 1085 1184 957 1593
7280 4 2 0 1 815 2370 826 1584
7281 4 2 0 1 2191 2184 2190 1334
7282 4 2 0 1 1070 1118 906 2161
7283 4 2 0 1 2048 1657 596 414
7284 4 2 0 1 1581 1564 1605 1613
7285 4 2 0 1 2267 784 785 786
7286 4 2 0 1 799 794 2334 798
7287 4 2 0 1 1689 1097 982 858
7288 4 2 0 1 1519 1689 2313 1577
7289 4 2 0 1 1607 2265 2273 2270
7290 4 2 0 1 1665 1114 873 857
7291 4 2 0 1 2036 1731 2034 1732
7292 4 2 0 1 1678 1564 1581 1613
7293 4 2 0 1 1676 1523 2243 1691
7294 4 2 0 1 1921 800 2187 820
7295 4 2 0 1 2303 2306 2305 2302
7296 4 2 0 1 1140 2277 1064 1541
7297 4 2 0 1 2355 768 1613 769
7298 4 2 0 1 167 1467 221 188
7299 4 2 0 1 1541 1439 666 1440
7300 4 2 0 1 2355 1708 1613 768
7301 4 2 0 1 1871 1872 1878 1865
7302 4 2 0 1 700 1624 1621 1623
7303 4 2 0 1 245 1246 1503 1504
7304 4 2 0 1 1698 45 1111 44
7305 4 2 0 1 1312 1299 1724 1540
7306 4 2 0 1 1022 2303 1683 1620
7307 4 2 0 1 1156 1707 1049 767
7308 4 2 0 1 734 2309 1623 2304
7309 4 2 0 1 1587 1597 2331 1588
7310 4 2 0 1 854 1649 851 1114
7311 4 2 0 1 870 958 946 1614
7312 4 2 0 1 1759 1405 1204 1553
7313 4 2 0 1 1116 2363 809 961
7314 4 2 0 1 1624 734 700 876
7315 4 2 0 1 667 986 1498 985
7316 4 2 0 1 2071 1272 1918 2072
7317 4 2 0 1 1655 1654 1653 1620
7318 4 2 0 1 1496 54 1498 985
7319 4 2 0 1 1382 1371 9 61
7320 4 2 0 1 12 13 1899 973
7321 4 2 0 1 1702 1896 1541 1903
7322 4 2 0 1 1101 1665 1649 1114
7323 4 2 0 1 1491 1448 1913 1918
7324 4 2 0 1 1869 1272 1870 1633
7325 4 2 0 1 1447 736 735 737
7326 4 2 0 1 1408 10 66 11
7327 4 2 0 1 591 1408 66 11
7328 4 2 0 1 826 1592 825 827
7329 4 2 0 1 915 1086 916 1592
7330 4 2 0 1 1694 779 780 778
7331 4 2 0 1 2172 584 77 401
7332 4 2 0 1 485 1418 351 1890
7333 4 2 0 1 1432 1625 1056 2264
7334 4 2 0 1 1054 2370 859 2361
7335 4 2 0 1 1663 828 1596 1705
7336 4 2 0 1 584 2172 77 1316
7337 4 2 0 1 2372 981 1584 984
7338 4 2 0 1 434 1335 1758 1313
7339 4 2 0 1 2295 2238 1712 1395
7340 4 2 0 1 1921 800 820 802
7341 4 2 0 1 1649 964 910 1143
7342 4 2 0 1 1152 711 1620 1027
7343 4 2 0 1 711 1152 1620 1023
7344 4 2 0 1 19 2172 77 401
7345 4 2 0 1 2172 20 1715 19
7346 4 2 0 1 1445 285 325 324
7347 4 2 0 1 1306 1995 88 87
7348 4 2 0 1 881 1868 1579 884
7349 4 2 0 1 1655 1645 1656 1534
7350 4 2 0 1 1995 89 88 87
7351 4 2 0 1 1549 1125 1551 1945
7352 4 2 0 1 2305 2372 2311 1584
7353 4 2 0 1 2197 1905 1440 1296
7354 4 2 0 1 86 1306 88 87
7355 4 2 0 1 86 639 88 1306
7356 4 2 0 1 769 1171 1613 1605
7357 4 2 0 1 1520 1015 1011 1656
7358 4 2 0 1 1868 1579 2188 1870
7359 4 2 0 1 2050 1266 1268 1385
7360 4 2 0 1 1868 1869 1870 1633
7361 4 2 0 1 2310 1707 1561 1566
7362 4 2 0 1 1272 2188 2073 2191
7363 4 2 0 1 191 542 105 1343
7364 4 2 0 1 392 1402 99 103
7365 4 2 0 1 1402 102 99 103
7366 4 2 0 1 2188 884 1868 917
7367 4 2 0 1 283 1361 308 423
7368 4 2 0 1 280 1458 1361 424
7369 4 2 0 1 2244 1126 868 995
7370 4 2 0 1 1272 2188 2191 1870
7371 4 2 0 1 1272 2188 1870 1633
7372 4 2 0 1 2097 2165 2047 2221
7373 4 2 0 1 888 889 2373 2365
7374 4 2 0 1 1868 2188 1579 884
7375 4 2 0 1 1112 799 1545 798
7376 4 2 0 1 832 1589 823 833
7377 4 2 0 1 877 1671 878 1921
7378 4 2 0 1 50 1404 1006 670
7379 4 2 0 1 2166 151 1823 2167
7380 4 2 0 1 1167 1923 877 1004
7381 4 2 0 1 881 804 1579 882
7382 4 2 0 1 2333 2351 802 1921
7383 4 2 0 1 1278 1253 1448 1932
7384 4 2 0 1 1404 1551 1550 1549
7385 4 2 0 1 1577 1621 1642 1538
7386 4 2 0 1 1987 1360 1196 1976
7387 4 2 0 1 448 1442 1240 1359
7388 4 2 0 1 50 1006 1404 49
7389 4 2 0 1 2175 1796 1517 1367
7390 4 2 0 1 1429 2324 1815 1873
7391 4 2 0 1 1607 1591 2266 2270
7392 4 2 0 1 2272 1607 2270 1591
7393 4 2 0 1 1896 1702 1851 1903
7394 4 2 0 1 1434 1896 1899 1439
7395 4 2 0 1 1372 1371 1700 1408
7396 4 2 0 1 1584 981 1175 984
7397 4 2 0 1 993 2277 1626 994
7398 4 2 0 1 1541 2263 1668 1432
7399 4 2 0 1 773 960 1587 796
7400 4 2 0 1 1899 1900 1898 1901
7401 4 2 0 1 62 1906 1487 1907
7402 4 2 0 1 1847 1850 1849 1846
7403 4 2 0 1 485 1479 528 453
7404 4 2 0 1 343 288 275 1332
7405 4 2 0 1 21 1714 22 1460
7406 4 2 0 1 1545 2365 2371 942
7407 4 2 0 1 1621 1577 1642 1699
7408 4 2 0 1 1842 1229 1274 1845
7409 4 2 0 1 1912 1274 1229 1916
7410 4 2 0 1 1751 1757 1748 1747
7411 4 2 0 1 1274 1779 1276 1846
7412 4 2 0 1 1723 665 1070 1421
7413 4 2 0 1 1352 424 518 308
7414 4 2 0 1 1831 1211 1833 1806
7415 4 2 0 1 1112 2365 1545 942
7416 4 2 0 1 334 1442 448 573
7417 4 2 0 1 1377 117 2042 1459
7418 4 2 0 1 1475 1509 1384 1241
7419 4 2 0 1 1257 102 1412 1938
7420 4 2 0 1 1966 1974 1967 1968
7421 4 2 0 1 1974 1969 1202 2202
7422 4 2 0 1 156 1324 154 2177
7423 4 2 0 1 1401 1476 1205 1799
7424 4 2 0 1 1397 1317 1781 1758
7425 4 2 0 1 96 1306 1354 1248
7426 4 2 0 1 1257 102 1938 1410
7427 4 2 0 1 1336 608 1407 66
7428 4 2 0 1 96 84 443 1354
7429 4 2 0 1 1723 1070 665 1069
7430 4 2 0 1 98 1349 1514 1410
7431 4 2 0 1 1333 1251 2021 2024
7432 4 2 0 1 1654 1095 1653 1620
7433 4 2 0 1 2212 1777 1775 2213
7434 4 2 0 1 877 822 1044 1921
7435 4 2 0 1 1378 501 220 112
7436 4 2 0 1 2295 2336 1547 2296
7437 4 2 0 1 155 1324 154 156
7438 4 2 0 1 215 1266 1400 2055
7439 4 2 0 1 1933 1922 2340 1919
7440 4 2 0 1 597 442 1286 127
7441 4 2 0 1 2365 2333 2373 801
7442 4 2 0 1 1654 1653 1095 1016
7443 4 2 0 1 2337 1780 2336 2281
7444 4 2 0 1 2150 2148 2152 2077
7445 4 2 0 1 1560 1264 1559 2057
7446 4 2 0 1 2120 2084 2121 1276
7447 4 2 0 1 1538 1653 1095 1620
7448 4 2 0 1 1538 1577 2327 1642
7449 4 2 0 1 1288 2107 2104 2116
7450 4 2 0 1 2095 2041 2157 2005
7451 4 2 0 1 1881 1886 1428 2256
7452 4 2 0 1 2155 2102 1891 1818
7453 4 2 0 1 2024 1294 2015 2023
7454 4 2 0 1 1342 1341 1435 1901
7455 4 2 0 1 2275 1899 1508 1902
7456 4 2 0 1 2224 2225 2216 1983
7457 4 2 0 1 1983 2224 2136 2216
7458 4 2 0 1 2139 1857 2137 2140
7459 4 2 0 1 2140 2224 2216 2136
7460 4 2 0 1 1411 1789 1239 1950
7461 4 2 0 1 1577 2312 2327 1642
7462 4 2 0 1 1619 891 1545 1630
7463 4 2 0 1 2253 249 357 337
7464 4 2 0 1 289 244 1246 1403
7465 4 2 0 1 1939 1937 1314 1231
7466 4 2 0 1 1033 2365 1112 942
7467 4 2 0 1 1224 2094 2011 2023
7468 4 2 0 1 2090 1786 1789 1788
7469 4 2 0 1 1066 2362 2363 819
7470 4 2 0 1 2244 868 1041 1040
7471 4 2 0 1 1511 1243 1951 1789
7472 4 2 0 1 1505 1314 1258 1937
7473 4 2 0 1 2041 1937 1377 1258
7474 4 2 0 1 1041 868 2244 1126
7475 4 2 0 1 1270 2007 2013 2255
7476 4 2 0 1 1817 1824 1210 1819
7477 4 2 0 1 1325 2176 1209 1823
7478 4 2 0 1 1823 1324 154 152
7479 4 2 0 1 1999 2004 2003 1484
7480 4 2 0 1 2363 2362 1066 2367
7481 4 2 0 1 1017 1699 1653 1642
7482 4 2 0 1 58 1233 1489 1389
7483 4 2 0 1 1565 673 2345 2196
7484 4 2 0 1 1899 1901 1434 1437
7485 4 2 0 1 591 78 608 1407
7486 4 2 0 1 1904 1295 1851 2136
7487 4 2 0 1 1734 1733 1237 1954
7488 4 2 0 1 1283 2103 1968 2098
7489 4 2 0 1 1378 1377 1239 1412
7490 4 2 0 1 475 139 451 1423
7491 4 2 0 1 2090 1786 2092 1259
7492 4 2 0 1 1410 1402 99 1349
7493 4 2 0 1 908 891 1619 1630
7494 4 2 0 1 1621 1620 1653 1538
7495 4 2 0 1 1496 652 1497 53
7496 4 2 0 1 1204 1366 1517 1794
7497 4 2 0 1 175 176 182 2004
7498 4 2 0 1 1698 1795 1764 1312
7499 4 2 0 1 1552 1651 1580 1675
7500 4 2 0 1 547 146 479 1517
7501 4 2 0 1 1619 891 908 892
7502 4 2 0 1 950 1556 895 861
7503 4 2 0 1 1335 1800 187 1317
7504 4 2 0 1 211 1335 187 434
7505 4 2 0 1 1335 211 187 1800
7506 4 2 0 1 1353 228 525 198
7507 4 2 0 1 2356 266 2374 1799
7508 4 2 0 1 977 903 2246 934
7509 4 2 0 1 1797 1317 209 187
7510 4 2 0 1 1797 1205 209 1317
7511 4 2 0 1 1041 2244 904 1083
7512 4 2 0 1 1468 240 204 512
7513 4 2 0 1 1977 1205 1476 1798
7514 4 2 0 1 56 448 1359 60
7515 4 2 0 1 1397 447 1763 137
7516 4 2 0 1 2088 1804 2171 2089
7517 4 2 0 1 1550 1404 1549 1675
7518 4 2 0 1 2342 1447 1615 1717
7519 4 2 0 1 591 1408 11 1508
7520 4 2 0 1 1356 1336 543 555
7521 4 2 0 1 1655 1620 1653 1621
7522 4 2 0 1 1631 2198 1242 1717
7523 4 2 0 1 13 513 1434 14
7524 4 2 0 1 1702 1427 1425 1226
7525 4 2 0 1 1690 1705 1534 1663
7526 4 2 0 1 1249 325 1445 1417
7527 4 2 0 1 1879 949 1139 1860
7528 4 2 0 1 1295 2138 2263 1216
7529 4 2 0 1 1251 2011 1935 2020
7530 4 2 0 1 882 1868 1867 1579
7531 4 2 0 1 1463 2195 2019 1355
7532 4 2 0 1 1293 1857 1853 1216
7533 4 2 0 1 623 1373 463 396
7534 4 2 0 1 463 1373 623 411
7535 4 2 0 1 1427 1226 1430 1425
7536 4 2 0 1 2020 2011 2094 2023
7537 4 2 0 1 367 1398 65 600
7538 4 2 0 1 2138 1875 1814 1297
7539 4 2 0 1 2133 2134 1784 1893
7540 4 2 0 1 1445 1424 286 2000
7541 4 2 0 1 637 59 1513 1514
7542 4 2 0 1 2020 2094 2011 1280
7543 4 2 0 1 1225 1436 1435 1901
7544 4 2 0 1 1790 1282 1793 1788
7545 4 2 0 1 1792 1203 1788 2091
7546 4 2 0 1 2362 809 808 2363
7547 4 2 0 1 542 1509 1384 1343
7548 4 2 0 1 1205 1797 1798 1317
7549 4 2 0 1 1596 1705 1690 1663
7550 4 2 0 1 1275 267 27 171
7551 4 2 0 1 135 1475 1343 1441
7552 4 2 0 1 118 119 116 1358
7553 4 2 0 1 231 1406 1769 461
7554 4 2 0 1 280 1361 423 424
7555 4 2 0 1 231 461 1769 162
7556 4 2 0 1 2045 1966 2046 1259
7557 4 2 0 1 231 1406 461 464
7558 4 2 0 1 1652 1942 1691 1674
7559 4 2 0 1 240 1469 204 201
7560 4 2 0 1 1832 222 1468 1469
7561 4 2 0 1 430 1832 223 254
7562 4 2 0 1 1469 1457 384 203
7563 4 2 0 1 722 715 721 1674
7564 4 2 0 1 296 1455 1669 1392
7565 4 2 0 1 117 118 116 1358
7566 4 2 0 1 1454 1414 1757 1422
7567 4 2 0 1 376 2376 314 311
7568 4 2 0 1 1240 1975 1976 1977
7569 4 2 0 1 296 1455 1392 341
7570 4 2 0 1 1480 309 460 614
7571 4 2 0 1 1441 1412 103 104
7572 4 2 0 1 1651 1650 721 1674
7573 4 2 0 1 1448 661 954 879
7574 4 2 0 1 25 1491 879 26
7575 4 2 0 1 1600 679 680 681
7576 4 2 0 1 470 601 1491 25
7577 4 2 0 1 103 1412 1441 1321
7578 4 2 0 1 2295 2296 1370 1395
7579 4 2 0 1 2294 2296 1370 2292
7580 4 2 0 1 1651 715 1675 1674
7581 4 2 0 1 1780 2212 2215 2078
7582 4 2 0 1 1208 1965 1957 1292
7583 4 2 0 1 1759 1480 1755 1481
7584 4 2 0 1 1830 277 400 253
7585 4 2 0 1 1506 216 273 328
7586 4 2 0 1 2193 2022 2017 1354
7587 4 2 0 1 350 1471 263 264
7588 4 2 0 1 304 377 1423 462
7589 4 2 0 1 1471 350 554 264
7590 4 2 0 1 1251 2194 2019 2017
7591 4 2 0 1 1650 723 721 1674
7592 4 2 0 1 650 139 102 1938
7593 4 2 0 1 1529 1136 1570 2314
7594 4 2 0 1 1570 1571 1529 1646
7595 4 2 0 1 1571 909 1529 910
7596 4 2 0 1 694 1074 1038 1529
7597 4 2 0 1 2332 1195 1737 1542
7598 4 2 0 1 1479 485 528 575
7599 4 2 0 1 2365 2333 801 1545
7600 4 2 0 1 2365 2333 1545 889
7601 4 2 0 1 2273 1637 2270 1686
7602 4 2 0 1 723 722 721 1674
7603 4 2 0 1 1043 1615 1616 738
7604 4 2 0 1 1679 740 1608 999
7605 4 2 0 1 1412 1505 590 186
7606 4 2 0 1 1693 1694 1692 1519
7607 4 2 0 1 1565 2197 1563 1168
7608 4 2 0 1 1707 1156 746 747
7609 4 2 0 1 767 1707 1613 747
7610 4 2 0 1 1526 756 757 1566
7611 4 2 0 1 1996 2013 1445 2000
7612 4 2 0 1 1669 294 2143 510
7613 4 2 0 1 1810 2348 2232 2347
7614 4 2 0 1 1562 657 1105 1104
7615 4 2 0 1 2277 1643 1626 2228
7616 4 2 0 1 2362 808 807 806
7617 4 2 0 1 1669 294 510 296
7618 4 2 0 1 1490 1488 2222 1952
7619 4 2 0 1 1875 1667 1874 1298
7620 4 2 0 1 2379 2242 886 2308
7621 4 2 0 1 1475 502 1472 220
7622 4 2 0 1 1744 2268 2319 1525
7623 4 2 0 1 2315 790 2352 1604
7624 4 2 0 1 1618 1693 1694 1692
7625 4 2 0 1 1527 1646 1530 1529
7626 4 2 0 1 717 2320 1557 1578
7627 4 2 0 1 749 1707 746 748
7628 4 2 0 1 556 3 4 1365
7629 4 2 0 1 1615 1616 1647 871
7630 4 2 0 1 1625 1139 952 968
7631 4 2 0 1 1541 1668 2263 1297
7632 4 2 0 1 2294 1731 2296 2034
7633 4 2 0 1 1903 1295 1904 1905
7634 4 2 0 1 2079 1265 1914 2145
7635 4 2 0 1 932 953 1666 1632
7636 4 2 0 1 1637 2186 2353 2284
7637 4 2 0 1 1639 1567 1638 1692
7638 4 2 0 1 1604 1008 1092 1658
7639 4 2 0 1 800 2187 2334 2333
7640 4 2 0 1 2315 1646 830 1604
7641 4 2 0 1 1639 1567 1692 1607
7642 4 2 0 1 1680 1567 2316 1646
7643 4 2 0 1 1639 1607 1692 1693
7644 4 2 0 1 304 2378 301 462
7645 4 2 0 1 2145 2081 1300 2080
7646 4 2 0 1 1947 1233 1950 1951
7647 4 2 0 1 1385 1400 1391 271
7648 4 2 0 1 1567 1607 1606 1692
7649 4 2 0 1 508 2030 2247 517
7650 4 2 0 1 1352 424 308 1361
7651 4 2 0 1 1014 1016 1017 1653
7652 4 2 0 1 1097 1546 1018 1699
7653 4 2 0 1 696 2298 1746 1578
7654 4 2 0 1 1530 1528 2313 1527
7655 4 2 0 1 1085 1672 1706 1593
7656 4 2 0 1 1365 1502 67 539
7657 4 2 0 1 863 1642 2327 856
7658 4 2 0 1 1352 424 1361 1458
7659 4 2 0 1 1694 779 778 777
7660 4 2 0 1 2363 961 1066 819
7661 4 2 0 1 1111 1464 659 45
7662 4 2 0 1 2329 2229 2291 2330
7663 4 2 0 1 146 454 1517 50
7664 4 2 0 1 2239 1380 1307 1652
7665 4 2 0 1 865 986 1190 1704
7666 4 2 0 1 996 2379 1130 829
7667 4 2 0 1 1423 2378 1474 304
7668 4 2 0 1 2061 1697 1682 2070
7669 4 2 0 1 950 1556 861 1581
7670 4 2 0 1 455 1400 169 230
7671 4 2 0 1 2075 2078 2076 2063
7672 4 2 0 1 2062 1265 2077 2059
7673 4 2 0 1 1660 1659 1558 1697
7674 4 2 0 1 2264 1056 655 17
7675 4 2 0 1 1579 2271 979 792
7676 4 2 0 1 783 1115 1692 780
7677 4 2 0 1 783 1606 1692 1567
7678 4 2 0 1 855 850 1061 1680
7679 4 2 0 1 1366 599 349 547
7680 4 2 0 1 1721 1490 2222 2297
7681 4 2 0 1 60 57 1488 1359
7682 4 2 0 1 1901 1434 1341 1435
7683 4 2 0 1 2021 2193 1513 1502
7684 4 2 0 1 316 2358 319 349
7685 4 2 0 1 2235 2251 861 1581
7686 4 2 0 1 1318 1382 1446 1365
7687 4 2 0 1 1055 751 1617 1594
7688 4 2 0 1 2358 1366 319 349
7689 4 2 0 1 1596 2332 1705 776
7690 4 2 0 1 916 1086 1103 1592
7691 4 2 0 1 1010 1019 1011 1521
7692 4 2 0 1 866 965 2346 1602
7693 4 2 0 1 2299 2252 1534 2307
7694 4 2 0 1 2225 2224 1813 1983
7695 4 2 0 1 169 1400 455 2069
7696 4 2 0 1 2082 195 193 194
7697 4 2 0 1 1069 1533 1540 905
7698 4 2 0 1 2328 1580 1754 1572
7699 4 2 0 1 2214 2159 1308 2160
7700 4 2 0 1 1484 233 286 237
7701 4 2 0 1 1580 1539 1651 1754
7702 4 2 0 1 1480 52 1553 1204
7703 4 2 0 1 1488 1490 2222 1489
7704 4 2 0 1 1988 1960 1234 1959
7705 4 2 0 1 1728 1193 1732 2035
7706 4 2 0 1 1193 2034 2035 1555
7707 4 2 0 1 196 2082 1353 1352
7708 4 2 0 1 1362 1348 2136 2135
7709 4 2 0 1 1726 1728 1725 1732
7710 4 2 0 1 2302 2309 2307 2306
7711 4 2 0 1 1739 2321 2290 2293
7712 4 2 0 1 1639 1607 1693 1518
7713 4 2 0 1 831 1132 1561 1071
7714 4 2 0 1 1962 1291 1345 1961
7715 4 2 0 1 1390 2110 2111 1962
7716 4 2 0 1 1701 2162 2350 2163
7717 4 2 0 1 1764 1698 1312 1299
7718 4 2 0 1 1279 1257 2026 2025
7719 4 2 0 1 1069 905 1540 2161
7720 4 2 0 1 1747 1759 1313 1755
7721 4 2 0 1 432 1335 433 1368
7722 4 2 0 1 1335 432 1443 1368
7723 4 2 0 1 330 175 182 2004
7724 4 2 0 1 211 1800 1443 1444
7725 4 2 0 1 826 1561 831 1132
7726 4 2 0 1 1421 1456 1470 1455
7727 4 2 0 1 185 206 207 1419
7728 4 2 0 1 2271 803 792 1579
7729 4 2 0 1 1157 936 726 2308
7730 4 2 0 1 2190 2191 2283 2189
7731 4 2 0 1 2258 2262 2259 2260
7732 4 2 0 1 1410 99 102 101
7733 4 2 0 1 1260 2054 1261 1262
7734 4 2 0 1 1219 1847 1863 1774
7735 4 2 0 1 1340 1958 1345 1763
7736 4 2 0 1 1610 2249 1380 730
7737 4 2 0 1 1234 1748 1956 1749
7738 4 2 0 1 1397 1317 1758 178
7739 4 2 0 1 1394 1422 1454 1757
7740 4 2 0 1 1748 1237 1957 1751
7741 4 2 0 1 2168 2170 2099 1493
7742 4 2 0 1 2165 2164 2100 2043
7743 4 2 0 1 1206 1805 1889 1802
7744 4 2 0 1 1282 1989 2297 1990
7745 4 2 0 1 1346 1289 2210 2131
7746 4 2 0 1 306 1392 341 296
7747 4 2 0 1 1476 1978 1798 1444
7748 4 2 0 1 1380 2249 1610 2239
7749 4 2 0 1 140 141 1763 142
7750 4 2 0 1 1401 1343 1509 236
7751 4 2 0 1 1218 1219 1866 1863
7752 4 2 0 1 1941 1257 1410 2025
7753 4 2 0 1 1597 1602 1587 1596
7754 4 2 0 1 1555 2139 2141 2137
7755 4 2 0 1 953 1666 994 1078
7756 4 2 0 1 2200 2228 2226 1363
7757 4 2 0 1 1790 1793 1320 1788
7758 4 2 0 1 2229 2230 1543 2200
7759 4 2 0 1 14 666 1703 1439
7760 4 2 0 1 1703 666 14 1009
7761 4 2 0 1 2032 2036 1369 2288
7762 4 2 0 1 589 1826 567 1825
7763 4 2 0 1 1989 1244 2297 1990
7764 4 2 0 1 1304 2158 2176 1485
7765 4 2 0 1 1817 1209 1818 1828
7766 4 2 0 1 1270 2013 1304 2255
7767 4 2 0 1 155 159 374 1324
7768 4 2 0 1 1833 1819 1210 1824
7769 4 2 0 1 535 620 1493 291
7770 4 2 0 1 1223 1892 1856 1894
7771 4 2 0 1 148 2167 150 149
7772 4 2 0 1 2097 2219 2098 2220
7773 4 2 0 1 1827 1817 1326 1824
7774 4 2 0 1 619 1505 466 1504
7775 4 2 0 1 2169 1287 2220 2119
7776 4 2 0 1 1272 2280 1849 1869
7777 4 2 0 1 2105 2107 2123 1339
7778 4 2 0 1 1881 1894 1856 1891
7779 4 2 0 1 1274 2079 2087 1276
7780 4 2 0 1 1346 1289 2131 2132
7781 4 2 0 1 2121 1201 1778 1276
7782 4 2 0 1 1865 1815 2141 1862
7783 4 2 0 1 18 1860 2264 668
7784 4 2 0 1 2138 1875 2263 2264
7785 4 2 0 1 22 1641 1716 1060
7786 4 2 0 1 1838 1215 1886 1883
7787 4 2 0 1 1882 63 401 1883
7788 4 2 0 1 2263 1702 1541 1903
7789 4 2 0 1 2208 1201 2211 1848
7790 4 2 0 1 1858 1863 1864 1861
7791 4 2 0 1 1236 2103 2105 1339
7792 4 2 0 1 359 1479 575 1882
7793 4 2 0 1 1888 1310 1828 2102
7794 4 2 0 1 2319 2293 2323 2321
7795 4 2 0 1 441 1340 130 1338
7796 4 2 0 1 1390 124 126 2111
7797 4 2 0 1 150 2167 148 1416
7798 4 2 0 1 734 1157 990 2304
7799 4 2 0 1 1058 702 704 1622
7800 4 2 0 1 1433 1880 1531 2265
7801 4 2 0 1 1597 1602 1588 1587
7802 4 2 0 1 2215 2214 1308 2160
7803 4 2 0 1 950 1556 1581 1647
7804 4 2 0 1 2285 1709 1598 1684
7805 4 2 0 1 1670 1185 1671 956
7806 4 2 0 1 2036 1704 1369 1944
7807 4 2 0 1 2319 2318 1686 2317
7808 4 2 0 1 1601 1263 2076 2282
7809 4 2 0 1 2374 2356 516 340
7810 4 2 0 1 1943 1704 2036 1944
7811 4 2 0 1 2087 2084 2117 1276
7812 4 2 0 1 1229 1906 1844 1912
7813 4 2 0 1 2107 1289 1339 2104
7814 4 2 0 1 1331 1819 559 1326
7815 4 2 0 1 2263 1702 1851 1216
7816 4 2 0 1 1398 1438 600 1430
7817 4 2 0 1 1295 1216 1851 1853
7818 4 2 0 1 1223 1270 2008 2014
7819 4 2 0 1 1398 1427 1435 1430
7820 4 2 0 1 1901 2018 2016 2015
7821 4 2 0 1 2158 1822 2156 2157
7822 4 2 0 1 1943 2036 1704 1232
7823 4 2 0 1 1892 1284 2094 1784
7824 4 2 0 1 2129 2130 1783 1293
7825 4 2 0 1 251 585 2254 462
7826 4 2 0 1 1420 1338 130 1397
7827 4 2 0 1 2126 2113 1291 2127
7828 4 2 0 1 1427 1702 1426 2256
7829 4 2 0 1 1915 509 1361 262
7830 4 2 0 1 1449 1710 1681 1682
7831 4 2 0 1 702 703 704 1622
7832 4 2 0 1 1933 1919 1931 1920
7833 4 2 0 1 2192 1046 2351 2340
7834 4 2 0 1 1926 1697 2070 1682
7835 4 2 0 1 1230 2071 1932 2072
7836 4 2 0 1 248 256 523 2254
7837 4 2 0 1 2253 249 337 247
7838 4 2 0 1 383 92 1474 87
7839 4 2 0 1 718 948 977 1558
7840 4 2 0 1 2017 2194 2019 1355
7841 4 2 0 1 1924 1929 1926 2278
7842 4 2 0 1 1545 2371 890 891
7843 4 2 0 1 1786 2090 1789 1279
7844 4 2 0 1 2041 1257 2095 1279
7845 4 2 0 1 703 705 704 1622
7846 4 2 0 1 1259 1377 1279 1239
7847 4 2 0 1 1402 1410 99 102
7848 4 2 0 1 516 2356 2374 1799
7849 4 2 0 1 2230 2226 1588 1363
7850 4 2 0 1 2252 2306 2309 2354
7851 4 2 0 1 2319 1686 2318 1706
7852 4 2 0 1 1312 1539 1572 1754
7853 4 2 0 1 880 1548 939 1180
7854 4 2 0 1 1698 45 44 511
7855 4 2 0 1 1299 2162 2350 1701
7856 4 2 0 1 1422 1394 1454 1393
7857 4 2 0 1 2295 2238 1395 1370
7858 4 2 0 1 621 357 363 2253
7859 4 2 0 1 1035 1539 1580 1572
7860 4 2 0 1 2047 2092 2098 1785
7861 4 2 0 1 1958 2207 1956 1961
7862 4 2 0 1 1783 2130 1320 1784
7863 4 2 0 1 1282 1786 2106 1788
7864 4 2 0 1 1489 57 58 1187
7865 4 2 0 1 1562 843 1153 1105
7866 4 2 0 1 1194 1360 2222 2223
7867 4 2 0 1 965 866 2346 966
7868 4 2 0 1 357 337 363 2253
7869 4 2 0 1 1624 2307 2309 2299
7870 4 2 0 1 2036 2032 1369 2033
7871 4 2 0 1 2182 1507 2015 1900
7872 4 2 0 1 1812 1537 2326 1816
7873 4 2 0 1 289 436 1246 471
7874 4 2 0 1 590 337 1505 363
7875 4 2 0 1 2044 2040 1377 2042
7876 4 2 0 1 2177 158 167 156
7877 4 2 0 1 880 939 1548 2242
7878 4 2 0 1 1854 1892 1856 1427
7879 4 2 0 1 1505 337 2253 363
7880 4 2 0 1 157 1258 2001 133
7881 4 2 0 1 998 939 1548 1180
7882 4 2 0 1 1245 641 606 94
7883 4 2 0 1 421 1249 1445 1994
7884 4 2 0 1 2044 2041 2043 1281
7885 4 2 0 1 1257 2041 1377 1279
7886 4 2 0 1 117 125 1459 131
7887 4 2 0 1 1231 1246 1504 1940
7888 4 2 0 1 1342 2195 2019 2206
7889 4 2 0 1 998 2242 1548 939
7890 4 2 0 1 1445 2007 1249 1417
7891 4 2 0 1 2007 2010 2013 1249
7892 4 2 0 1 1356 1336 555 1355
7893 4 2 0 1 641 1994 93 94
7894 4 2 0 1 1242 1388 1719 2183
7895 4 2 0 1 1427 1216 2256 1856
7896 4 2 0 1 1631 1513 2183 1333
7897 4 2 0 1 2106 1285 1793 1788
7898 4 2 0 1 2329 1816 2291 2229
7899 4 2 0 1 539 1513 1 1446
7900 4 2 0 1 1447 1382 1631 1372
7901 4 2 0 1 2048 1266 2051 2050
7902 4 2 0 1 1954 1235 1955 2038
7903 4 2 0 1 1816 1536 2326 2291
7904 4 2 0 1 1773 1774 2259 2211
7905 4 2 0 1 717 1108 2320 1578
7906 4 2 0 1 1347 2038 2213 2212
7907 4 2 0 1 1085 1713 1706 1672
7908 4 2 0 1 1780 2212 2078 1775
7909 4 2 0 1 1889 2210 1807 2116
7910 4 2 0 1 241 2175 495 626
7911 4 2 0 1 1826 152 374 1324
7912 4 2 0 1 2094 1320 1893 1784
7913 4 2 0 1 2354 1522 1743 2289
7914 4 2 0 1 1378 1357 505 2046
7915 4 2 0 1 158 388 627 1324
7916 4 2 0 1 215 1400 1266 243
7917 4 2 0 1 4 1413 333 556
7918 4 2 0 1 1329 1331 1324 1326
7919 4 2 0 1 1644 1558 948 1659
7920 4 2 0 1 859 2361 1123 1054
7921 4 2 0 1 2051 2028 1451 1260
7922 4 2 0 1 2126 2125 1291 2122
7923 4 2 0 1 1768 1767 1200 1765
7924 4 2 0 1 159 375 374 1324
7925 4 2 0 1 1690 1743 1738 1544
7926 4 2 0 1 1712 1395 1711 2335
7927 4 2 0 1 2192 2351 1922 2340
7928 4 2 0 1 2338 2336 1547 2259
7929 4 2 0 1 859 1123 2361 1166
7930 4 2 0 1 681 1558 1600 679
7931 4 2 0 1 2048 1657 414 1266
7932 4 2 0 1 2319 1741 1525 1706
7933 4 2 0 1 296 1455 341 415
7934 4 2 0 1 1315 1992 1996 1997
7935 4 2 0 1 2327 1077 907 864
7936 4 2 0 1 243 338 1266 339
7937 4 2 0 1 1060 656 1641 1633
7938 4 2 0 1 2258 1462 1531 1872
7939 4 2 0 1 1452 1278 1687 1932
7940 4 2 0 1 2327 907 1077 1538
7941 4 2 0 1 168 167 1327 158
7942 4 2 0 1 1519 1638 1692 1639
7943 4 2 0 1 2028 261 262 219
7944 4 2 0 1 1923 1448 1932 1687
7945 4 2 0 1 1847 1869 1229 1849
7946 4 2 0 1 1250 327 1463 494
7947 4 2 0 1 1263 2281 1450 2336
7948 4 2 0 1 937 2362 1584 938
7949 4 2 0 1 2012 1894 1895 2155
7950 4 2 0 1 508 2030 409 64
7951 4 2 0 1 2078 2075 1776 2077
7952 4 2 0 1 937 1584 2362 805
7953 4 2 0 1 1471 1418 263 2179
7954 4 2 0 1 1253 2027 2029 1451
7955 4 2 0 1 1764 1299 2144 1698
7956 4 2 0 1 1910 384 385 386
7957 4 2 0 1 1776 1265 2077 2062
7958 4 2 0 1 2133 1853 1784 2134
7959 4 2 0 1 2206 2205 2010 2019
7960 4 2 0 1 1910 385 384 1457
7961 4 2 0 1 1856 2256 1427 1890
7962 4 2 0 1 261 2028 268 407
7963 4 2 0 1 2048 407 2030 2051
7964 4 2 0 1 1387 2244 1927 1453
7965 4 2 0 1 1839 1210 1884 1213
7966 4 2 0 1 1885 1479 1882 1221
7967 4 2 0 1 1479 1882 1221 1890
7968 4 2 0 1 238 2167 524 2165
7969 4 2 0 1 1820 1821 1824 1827
7970 4 2 0 1 1223 1398 1418 1890
7971 4 2 0 1 1351 2219 2111 2110
7972 4 2 0 1 1959 1235 1961 1956
7973 4 2 0 1 442 2219 405 1375
7974 4 2 0 1 2255 1471 264 2179
7975 4 2 0 1 1686 2319 1525 1706
7976 4 2 0 1 883 979 1590 1120
7977 4 2 0 1 2121 2084 2122 1775
7978 4 2 0 1 2169 1287 2119 1375
7979 4 2 0 1 2280 2074 2279 2282
7980 4 2 0 1 1256 1730 1347 1193
7981 4 2 0 1 1234 1725 1727 1734
7982 4 2 0 1 2103 1285 2098 1787
7983 4 2 0 1 1969 1974 1971 1966
7984 4 2 0 1 1590 979 883 1876
7985 4 2 0 1 1888 2101 1891 1783
7986 4 2 0 1 1741 1557 1525 1706
7987 4 2 0 1 1812 2229 1543 2200
7988 4 2 0 1 1900 1437 1508 1407
7989 4 2 0 1 2319 2262 1531 2323
7990 4 2 0 1 1875 2138 2263 1297
7991 4 2 0 1 1905 1627 2228 2277
7992 4 2 0 1 1434 1225 1896 1435
7993 4 2 0 1 2230 2237 2234 1588
7994 4 2 0 1 2066 1767 2149 2152
7995 4 2 0 1 183 1383 1374 2064
7996 4 2 0 1 2059 2056 2054 1261
7997 4 2 0 1 2096 1888 2099 1791
7998 4 2 0 1 2012 1284 2155 2157
7999 4 2 0 1 1309 1823 2167 2156
8000 4 2 0 1 2245 977 1928 902
8001 4 2 0 1 1279 2091 2026 2095
8002 4 2 0 1 1822 2102 2157 2155
8003 4 2 0 1 2092 2097 2099 2100
8004 4 2 0 1 1706 1525 1583 1557
8005 4 2 0 1 2177 2158 2176 1823
8006 4 2 0 1 2115 2109 2117 2118
8007 4 2 0 1 972 1373 39 38
8008 4 2 0 1 1822 2176 1818 2155
8009 4 2 0 1 2145 2081 2080 1914
8010 4 2 0 1 1209 1325 1817 1818
8011 4 2 0 1 2177 2158 1823 1416
8012 4 2 0 1 1827 1325 1209 1823
8013 4 2 0 1 1309 1823 2156 2158
8014 4 2 0 1 1401 1205 1980 492
8015 4 2 0 1 551 1376 255 2173
8016 4 2 0 1 1813 1295 2136 2140
8017 4 2 0 1 1225 1434 1901 1435
8018 4 2 0 1 1892 1224 2014 2204
8019 4 2 0 1 2267 979 1590 1877
8020 4 2 0 1 1225 1436 1901 1898
8021 4 2 0 1 1295 2138 1814 1297
8022 4 2 0 1 1914 2145 2146 2080
8023 4 2 0 1 656 23 1640 24
8024 4 2 0 1 716 1575 1099 1598
8025 4 2 0 1 2271 2352 791 2334
8026 4 2 0 1 1583 1713 1165 1688
8027 4 2 0 1 877 1167 878 1671
8028 4 2 0 1 1688 1686 1583 1706
8029 4 2 0 1 1964 1237 1957 2039
8030 4 2 0 1 1590 979 2267 1120
8031 4 2 0 1 2346 2345 2343 1565
8032 4 2 0 1 1583 1713 1706 1085
8033 4 2 0 1 1350 235 234 190
8034 4 2 0 1 1669 2142 613 2143
8035 4 2 0 1 549 381 1355 555
8036 4 2 0 1 421 1249 1994 1250
8037 4 2 0 1 1610 1380 729 730
8038 4 2 0 1 1070 1634 1559 2057
8039 4 2 0 1 1070 1559 1634 733
8040 4 2 0 1 2350 1070 1723 1701
8041 4 2 0 1 2142 72 613 431
8042 4 2 0 1 1265 1261 2059 2062
8043 4 2 0 1 1826 374 605 567
8044 4 2 0 1 1739 2321 2293 1741
8045 4 2 0 1 2230 2226 1363 2200
8046 4 2 0 1 1495 1547 2293 2323
8047 4 2 0 1 2201 2235 1984 2343
8048 4 2 0 1 717 1184 693 1557
8049 4 2 0 1 1255 2329 1543 2225
8050 4 2 0 1 630 613 2142 2143
8051 4 2 0 1 1583 1713 1085 1165
8052 4 2 0 1 1255 1722 1984 2033
8053 4 2 0 1 2346 2345 1565 1141
8054 4 2 0 1 2054 1560 2061 1574
8055 4 2 0 1 1919 1230 1932 1920
8056 4 2 0 1 1915 2027 2028 2029
8057 4 2 0 1 31 30 653 1453
8058 4 2 0 1 1448 1163 26 27
8059 4 2 0 1 2159 1965 1308 2160
8060 4 2 0 1 1923 967 1044 1004
8061 4 2 0 1 2354 2379 2372 2308
8062 4 2 0 1 2239 1652 1691 1380
8063 4 2 0 1 998 997 1125 1548
8064 4 2 0 1 2354 1522 2289 2308
8065 4 2 0 1 1722 1255 2217 2033
8066 4 2 0 1 541 503 477 1399
8067 4 2 0 1 422 1501 286 522
8068 4 2 0 1 2005 1315 2002 1999
8069 4 2 0 1 2301 1693 2269 2300
8070 4 2 0 1 2048 2030 517 2247
8071 4 2 0 1 1432 1063 1064 1541
8072 4 2 0 1 2048 2030 2247 2049
8073 4 2 0 1 1903 1440 1896 1541
8074 4 2 0 1 1805 1889 1802 1807
8075 4 2 0 1 2048 2247 517 596
8076 4 2 0 1 1348 2174 2216 2136
8077 4 2 0 1 485 63 575 1882
8078 4 2 0 1 1881 1428 1891 1856
8079 4 2 0 1 1877 2265 2270 1531
8080 4 2 0 1 1637 2272 2270 2353
8081 4 2 0 1 1462 2268 2270 1686
8082 4 2 0 1 2293 1523 1741 1706
8083 4 2 0 1 2269 1744 2300 1525
8084 4 2 0 1 21 1173 1714 1715
8085 4 2 0 1 1871 1880 1877 1531
8086 4 2 0 1 2209 2211 2339 1554
8087 4 2 0 1 2262 2258 2259 2261
8088 4 2 0 1 1581 1707 1566 1678
8089 4 2 0 1 1720 2140 2216 2136
8090 4 2 0 1 1595 1522 1740 1742
8091 4 2 0 1 630 2142 613 431
8092 4 2 0 1 1532 2301 1578 1746
8093 4 2 0 1 2346 1603 2236 1605
8094 4 2 0 1 2332 1694 1546 776
8095 4 2 0 1 1694 1638 1519 1546
8096 4 2 0 1 419 498 76 1478
8097 4 2 0 1 602 322 429 1477
8098 4 2 0 1 1096 1664 1596 772
8099 4 2 0 1 15 367 1425 16
8100 4 2 0 1 863 1642 856 1032
8101 4 2 0 1 990 1522 1535 2309
8102 4 2 0 1 1520 1011 1521 1662
8103 4 2 0 1 2251 2311 2354 2289
8104 4 2 0 1 1707 2310 1409 1566
8105 4 2 0 1 1522 1379 1740 2289
8106 4 2 0 1 2160 1965 1308 1964
8107 4 2 0 1 1623 1058 1622 702
8108 4 2 0 1 1623 1058 702 734
8109 4 2 0 1 790 845 1604 830
8110 4 2 0 1 2267 1606 784 1591
8111 4 2 0 1 1107 1432 1056 655
8112 4 2 0 1 2314 1136 962 694
8113 4 2 0 1 1872 2284 1579 1870
8114 4 2 0 1 1812 1537 1816 1207
8115 4 2 0 1 1812 1537 1207 1811
8116 4 2 0 1 2326 1536 2324 2323
8117 4 2 0 1 1880 1433 1531 1873
8118 4 2 0 1 932 1585 1632 1666
8119 4 2 0 1 2271 803 1579 2185
8120 4 2 0 1 2261 2284 2286 1462
8121 4 2 0 1 2370 818 859 869
8122 4 2 0 1 883 1876 979 1579
8123 4 2 0 1 62 602 429 1477
8124 4 2 0 1 2307 2306 2252 1662
8125 4 2 0 1 1163 1448 26 879
8126 4 2 0 1 1494 1195 1742 1738
8127 4 2 0 1 41 1456 663 1421
8128 4 2 0 1 1464 46 71 440
8129 4 2 0 1 1506 1464 71 440
8130 4 2 0 1 1296 1440 1904 1905
8131 4 2 0 1 1324 1329 1327 388
8132 4 2 0 1 1643 2197 2228 2276
8133 4 2 0 1 1628 920 1563 1626
8134 4 2 0 1 1590 1576 1220 1632
8135 4 2 0 1 1737 1195 2331 1738
8136 4 2 0 1 1694 2332 2349 1568
8137 4 2 0 1 1628 1629 1569 1573
8138 4 2 0 1 1298 1808 1874 1814
8139 4 2 0 1 1877 2265 1531 1880
8140 4 2 0 1 1573 1568 2347 1569
8141 4 2 0 1 1714 21 1715 1460
8142 4 2 0 1 859 818 2370 817
8143 4 2 0 1 1907 602 323 446
8144 4 2 0 1 2311 2251 2354 1409
8145 4 2 0 1 708 710 731 1683
8146 4 2 0 1 1266 458 635 339
8147 4 2 0 1 1907 602 446 62
8148 4 2 0 1 762 1584 1050 824
8149 4 2 0 1 1568 1628 1587 1569
8150 4 2 0 1 458 1266 418 2051
8151 4 2 0 1 511 368 1698 633
8152 4 2 0 1 1174 40 1373 1677
8153 4 2 0 1 1516 650 451 586
8154 4 2 0 1 173 172 174 2153
8155 4 2 0 1 2369 1441 2357 110
8156 4 2 0 1 1660 678 677 1696
8157 4 2 0 1 1516 304 358 1423
8158 4 2 0 1 1373 648 39 396
8159 4 2 0 1 304 377 358 1423
8160 4 2 0 1 34 491 33 1387
8161 4 2 0 1 1453 32 508 1387
8162 4 2 0 1 484 2042 2047 1358
8163 4 2 0 1 1266 2050 2052 1385
8164 4 2 0 1 118 2042 484 1358
8165 4 2 0 1 1564 745 1678 1679
8166 4 2 0 1 2042 238 125 484
8167 4 2 0 1 2193 2022 1354 1502
8168 4 2 0 1 1639 1693 2300 1518
8169 4 2 0 1 2009 2011 1315 2010
8170 4 2 0 1 118 2042 125 484
8171 4 2 0 1 182 1403 232 469
8172 4 2 0 1 1397 1781 1199 1758
8173 4 2 0 1 414 1266 1657 413
8174 4 2 0 1 1312 1698 1111 1724
8175 4 2 0 1 44 976 1111 1724
8176 4 2 0 1 1698 44 1111 1724
8177 4 2 0 1 2349 1618 1568 2347
8178 4 2 0 1 1244 1728 1725 1726
8179 4 2 0 1 2247 75 1387 508
8180 4 2 0 1 1035 46 1572 1323
8181 4 2 0 1 1752 1208 1753 1751
8182 4 2 0 1 2247 75 508 517
8183 4 2 0 1 2247 75 517 596
8184 4 2 0 1 1497 1553 1751 1481
8185 4 2 0 1 1479 453 234 528
8186 4 2 0 1 1725 1988 1729 1244
8187 4 2 0 1 1718 1982 1984 2343
8188 4 2 0 1 1153 1614 974 1615
8189 4 2 0 1 67 1502 1365 1413
8190 4 2 0 1 1647 1059 895 913
8191 4 2 0 1 696 717 693 1578
8192 4 2 0 1 516 2356 420 340
8193 4 2 0 1 67 1502 647 539
8194 4 2 0 1 1544 2231 1195 2331
8195 4 2 0 1 1481 1497 1733 1751
8196 4 2 0 1 344 546 583 1473
8197 4 2 0 1 344 504 1473 583
8198 4 2 0 1 1481 1196 1733 1497
8199 4 2 0 1 748 751 750 1566
8200 4 2 0 1 1842 1845 1276 1807
8201 4 2 0 1 1397 1340 137 1763
8202 4 2 0 1 2126 2120 1290 2084
8203 4 2 0 1 2081 2085 2145 1300
8204 4 2 0 1 2110 2219 1287 2220
8205 4 2 0 1 2357 105 2369 106
8206 4 2 0 1 1540 1312 1754 1533
8207 4 2 0 1 1314 538 269 176
8208 4 2 0 1 1312 1539 1754 1533
8209 4 2 0 1 645 1245 1501 444
8210 4 2 0 1 609 1473 550 583
8211 4 2 0 1 620 535 1493 594
8212 4 2 0 1 289 436 362 1246
8213 4 2 0 1 404 620 1493 594
8214 4 2 0 1 1423 249 2254 251
8215 4 2 0 1 1205 224 209 492
8216 4 2 0 1 323 1907 1910 1477
8217 4 2 0 1 1397 1317 178 1420
8218 4 2 0 1 1476 266 1401 334
8219 4 2 0 1 1196 1500 2223 1499
8220 4 2 0 1 1441 1378 1241 1239
8221 4 2 0 1 119 1357 116 1358
8222 4 2 0 1 2045 119 120 1358
8223 4 2 0 1 1785 2045 1966 1973
8224 4 2 0 1 1761 1200 1763 1760
8225 4 2 0 1 1907 602 62 1477
8226 4 2 0 1 1200 1344 2207 1763
8227 4 2 0 1 140 1340 137 130
8228 4 2 0 1 1050 1584 762 759
8229 4 2 0 1 397 2360 225 1444
8230 4 2 0 1 140 142 1763 1344
8231 4 2 0 1 1340 140 1763 1344
8232 4 2 0 1 46 1464 1572 1323
8233 4 2 0 1 496 2175 242 547
8234 4 2 0 1 270 1825 589 567
8235 4 2 0 1 1760 1200 1763 1406
8236 4 2 0 1 2358 454 1204 1366
8237 4 2 0 1 2358 319 317 316
8238 4 2 0 1 2138 1852 1859 2264
8239 4 2 0 1 19 20 1715 897
8240 4 2 0 1 542 392 1384 616
8241 4 2 0 1 1940 1314 1231 2002
8242 4 2 0 1 189 168 1327 190
8243 4 2 0 1 568 1501 372 522
8244 4 2 0 1 321 288 1331 235
8245 4 2 0 1 388 1329 625 1331
8246 4 2 0 1 616 1384 1510 392
8247 4 2 0 1 1269 1470 1383 1669
8248 4 2 0 1 542 1509 450 616
8249 4 2 0 1 2058 2146 218 2028
8250 4 2 0 1 1859 1852 2138 1217
8251 4 2 0 1 616 1509 1384 542
8252 4 2 0 1 1302 531 1300 346
8253 4 2 0 1 159 452 1324 627
8254 4 2 0 1 190 189 1350 1327
8255 4 2 0 1 1222 1888 1206 1828
8256 4 2 0 1 200 199 201 2089
8257 4 2 0 1 199 474 201 2089
8258 4 2 0 1 1200 1344 1763 1406
8259 4 2 0 1 142 1760 1763 1406
8260 4 2 0 1 1344 142 1763 1406
8261 4 2 0 1 1375 1482 2108 2171
8262 4 2 0 1 420 2356 581 580
8263 4 2 0 1 562 1401 492 598
8264 4 2 0 1 191 107 1343 105
8265 4 2 0 1 107 212 191 1343
8266 4 2 0 1 1333 2193 1371 1631
8267 4 2 0 1 1393 1374 1771 1765
8268 4 2 0 1 1834 1831 1468 1469
8269 4 2 0 1 1393 1419 1771 1374
8270 4 2 0 1 2346 1565 1364 2234
8271 4 2 0 1 201 1834 2089 474
8272 4 2 0 1 1539 1533 1307 1754
8273 4 2 0 1 1772 1850 1773 1846
8274 4 2 0 1 1629 1810 2226 1569
8275 4 2 0 1 1394 1393 1771 1765
8276 4 2 0 1 1419 1393 1771 1394
8277 4 2 0 1 1397 178 136 1420
8278 4 2 0 1 139 650 2253 1938
8279 4 2 0 1 178 1397 137 447
8280 4 2 0 1 293 551 545 2173
8281 4 2 0 1 1533 1539 1307 1051
8282 4 2 0 1 472 1246 523 2254
8283 4 2 0 1 1408 1508 660 11
8284 4 2 0 1 1314 2001 175 157
8285 4 2 0 1 1508 1408 660 1673
8286 4 2 0 1 2201 1565 2343 2196
8287 4 2 0 1 436 471 472 1246
8288 4 2 0 1 488 1246 1245 362
8289 4 2 0 1 1475 1378 220 1472
8290 4 2 0 1 585 299 2254 462
8291 4 2 0 1 2277 1626 1627 2228
8292 4 2 0 1 24 1486 1640 25
8293 4 2 0 1 1200 2114 1406 2128
8294 4 2 0 1 1351 1390 2111 124
8295 4 2 0 1 2201 2199 2341 2196
8296 4 2 0 1 2275 1508 973 660
8297 4 2 0 1 1168 2275 973 660
8298 4 2 0 1 1305 91 1246 488
8299 4 2 0 1 1403 1991 1503 1246
8300 4 2 0 1 337 1505 2253 1504
8301 4 2 0 1 178 1397 447 1758
8302 4 2 0 1 372 1245 362 444
8303 4 2 0 1 1399 503 330 2004
8304 4 2 0 1 1397 136 178 137
8305 4 2 0 1 647 481 566 1413
8306 4 2 0 1 85 550 83 1474
8307 4 2 0 1 344 546 1473 302
8308 4 2 0 1 1873 1576 2347 1874
8309 4 2 0 1 1413 67 556 1365
8310 4 2 0 1 1681 1600 682 681
8311 4 2 0 1 1755 1204 1368 1443
8312 4 2 0 1 1190 1498 986 985
8313 4 2 0 1 1628 1587 1569 1588
8314 4 2 0 1 519 136 181 1420
8315 4 2 0 1 2356 2360 581 399
8316 4 2 0 1 1118 924 1711 1559
8317 4 2 0 1 397 432 318 1444
8318 4 2 0 1 521 526 391 1414
8319 4 2 0 1 1316 1830 1884 1839
8320 4 2 0 1 576 76 1478 429
8321 4 2 0 1 1786 1949 1239 1789
8322 4 2 0 1 654 1122 1715 897
8323 4 2 0 1 1043 741 1616 840
8324 4 2 0 1 1788 1786 1789 1282
8325 4 2 0 1 1786 1949 1789 1282
8326 4 2 0 1 1239 1950 1789 1949
8327 4 2 0 1 720 1651 1051 721
8328 4 2 0 1 1720 2218 1555 2139
8329 4 2 0 1 1539 1533 659 1051
8330 4 2 0 1 1651 715 1674 721
8331 4 2 0 1 1252 1515 1514 1410
8332 4 2 0 1 92 342 352 2254
8333 4 2 0 1 2143 294 336 510
8334 4 2 0 1 1650 1051 721 727
8335 4 2 0 1 1947 1512 1789 1949
8336 4 2 0 1 355 1506 360 2175
8337 4 2 0 1 1533 1142 659 1051
8338 4 2 0 1 1533 905 1051 1307
8339 4 2 0 1 1142 905 1051 1533
8340 4 2 0 1 208 2143 258 259
8341 4 2 0 1 1950 1947 1789 1949
8342 4 2 0 1 2001 133 147 157
8343 4 2 0 1 1947 1950 1789 1951
8344 4 2 0 1 617 476 1399 477
8345 4 2 0 1 366 524 457 2166
8346 4 2 0 1 738 1447 736 1615
8347 4 2 0 1 1947 1512 1949 2297
8348 4 2 0 1 67 481 647 1413
8349 4 2 0 1 1511 1947 1789 1951
8350 4 2 0 1 83 1466 82 84
8351 4 2 0 1 1205 224 1401 1799
8352 4 2 0 1 749 1566 1707 748
8353 4 2 0 1 155 1324 156 158
8354 4 2 0 1 1826 152 605 374
8355 4 2 0 1 319 2358 320 1366
8356 4 2 0 1 901 1617 753 751
8357 4 2 0 1 388 1331 627 1324
8358 4 2 0 1 1678 748 744 746
8359 4 2 0 1 1566 758 1617 753
8360 4 2 0 1 1566 758 753 755
8361 4 2 0 1 1970 519 128 412
8362 4 2 0 1 762 760 759 1584
8363 4 2 0 1 399 2360 581 314
8364 4 2 0 1 1486 68 564 1907
8365 4 2 0 1 2249 2161 1964 1307
8366 4 2 0 1 1460 1906 1478 1227
8367 4 2 0 1 2218 1720 1555 2216
8368 4 2 0 1 76 1316 1478 498
8369 4 2 0 1 1994 1249 1445 1996
8370 4 2 0 1 606 90 641 1305
8371 4 2 0 1 2355 771 1664 770
8372 4 2 0 1 768 2355 1010 770
8373 4 2 0 1 266 265 2374 236
8374 4 2 0 1 1978 1500 1481 1480
8375 4 2 0 1 2355 1664 1010 770
8376 4 2 0 1 225 1797 1799 224
8377 4 2 0 1 1010 1664 787 770
8378 4 2 0 1 70 1657 490 413
8379 4 2 0 1 309 1480 53 614
8380 4 2 0 1 652 52 1072 1553
8381 4 2 0 1 2019 1355 1248 1463
8382 4 2 0 1 2199 1904 1905 1296
8383 4 2 0 1 443 1356 1355 1354
8384 4 2 0 1 2295 2238 1610 1712
8385 4 2 0 1 479 2358 578 651
8386 4 2 0 1 1664 1096 787 772
8387 4 2 0 1 1618 779 781 780
8388 4 2 0 1 1540 1963 1964 1754
8389 4 2 0 1 779 1618 781 1170
8390 4 2 0 1 1366 547 479 1517
8391 4 2 0 1 146 454 479 1517
8392 4 2 0 1 454 1366 479 1517
8393 4 2 0 1 1698 1795 1464 1506
8394 4 2 0 1 74 1385 463 411
8395 4 2 0 1 2120 2109 1291 1290
8396 4 2 0 1 2154 172 170 173
8397 4 2 0 1 179 2146 219 218
8398 4 2 0 1 2080 1300 192 1483
8399 4 2 0 1 1638 782 1692 1115
8400 4 2 0 1 1607 1693 2266 1692
8401 4 2 0 1 2267 785 979 786
8402 4 2 0 1 1699 1645 1705 1018
8403 4 2 0 1 2271 803 2185 793
8404 4 2 0 1 224 1797 1799 1205
8405 4 2 0 1 2161 2238 2249 1964
8406 4 2 0 1 487 16 17 1425
8407 4 2 0 1 421 1250 439 325
8408 4 2 0 1 487 1398 367 1425
8409 4 2 0 1 584 343 1884 1316
8410 4 2 0 1 1212 1883 1715 1838
8411 4 2 0 1 1229 1840 1714 1847
8412 4 2 0 1 225 1797 224 210
8413 4 2 0 1 804 883 979 1579
8414 4 2 0 1 883 1876 1579 1867
8415 4 2 0 1 955 884 803 2188
8416 4 2 0 1 813 2366 812 814
8417 4 2 0 1 647 1502 67 1413
8418 4 2 0 1 1634 2053 1696 2054
8419 4 2 0 1 1068 2370 928 1584
8420 4 2 0 1 641 1993 1245 1305
8421 4 2 0 1 509 1913 280 1275
8422 4 2 0 1 343 584 498 1316
8423 4 2 0 1 1331 452 1324 1326
8424 4 2 0 1 834 823 945 2377
8425 4 2 0 1 452 321 559 1331
8426 4 2 0 1 1485 2177 1327 1415
8427 4 2 0 1 2377 802 2351 823
8428 4 2 0 1 854 1571 853 851
8429 4 2 0 1 225 1797 210 1444
8430 4 2 0 1 1843 2210 1845 1807
8431 4 2 0 1 1373 1385 463 38
8432 4 2 0 1 1562 1104 913 1718
8433 4 2 0 1 969 1571 853 874
8434 4 2 0 1 1373 463 1385 411
8435 4 2 0 1 1276 2210 1778 1807
8436 4 2 0 1 1276 2210 1807 1845
8437 4 2 0 1 2182 1507 1333 2015
8438 4 2 0 1 1692 1115 1567 1638
8439 4 2 0 1 214 2089 2171 1804
8440 4 2 0 1 784 2267 781 1606
8441 4 2 0 1 777 789 1585 779
8442 4 2 0 1 1276 2210 1845 1848
8443 4 2 0 1 2141 1429 2260 2324
8444 4 2 0 1 1875 1873 1878 1815
8445 4 2 0 1 68 564 1907 446
8446 4 2 0 1 641 1993 1305 1306
8447 4 2 0 1 1467 1485 1327 1415
8448 4 2 0 1 2197 1296 2199 1905
8449 4 2 0 1 1878 1873 1429 1815
8450 4 2 0 1 214 1353 2089 198
8451 4 2 0 1 2333 798 1545 2334
8452 4 2 0 1 993 921 994 1626
8453 4 2 0 1 1218 1883 1838 1715
8454 4 2 0 1 2141 1429 2324 1815
8455 4 2 0 1 112 2357 1441 110
8456 4 2 0 1 1444 1797 1800 1798
8457 4 2 0 1 106 108 2357 109
8458 4 2 0 1 1375 1482 544 2108
8459 4 2 0 1 1500 1240 138 1978
8460 4 2 0 1 1973 2098 1968 1785
8461 4 2 0 1 1482 2113 1290 1483
8462 4 2 0 1 1216 1702 1851 1427
8463 4 2 0 1 1758 447 1763 1397
8464 4 2 0 1 1883 1852 1838 1215
8465 4 2 0 1 443 1356 555 1355
8466 4 2 0 1 608 381 2016 380
8467 4 2 0 1 2240 880 1695 2242
8468 4 2 0 1 1413 95 1473 1474
8469 4 2 0 1 1996 1991 1992 1247
8470 4 2 0 1 1296 1440 1902 1904
8471 4 2 0 1 2002 1991 1503 1247
8472 4 2 0 1 1081 1695 725 880
8473 4 2 0 1 1996 1991 1247 1501
8474 4 2 0 1 880 2308 886 2242
8475 4 2 0 1 1698 2142 2143 630
8476 4 2 0 1 1299 1540 1701 1724
8477 4 2 0 1 821 2379 829 761
8478 4 2 0 1 1298 1808 1814 1297
8479 4 2 0 1 581 2356 399 580
8480 4 2 0 1 1827 1326 1817 1325
8481 4 2 0 1 96 86 1306 438
8482 4 2 0 1 84 96 86 1306
8483 4 2 0 1 2199 1809 1905 1813
8484 4 2 0 1 1218 1883 1715 1860
8485 4 2 0 1 1996 1245 1991 1501
8486 4 2 0 1 652 1496 1497 1551
8487 4 2 0 1 1987 1234 1749 1196
8488 4 2 0 1 1476 1442 1977 1240
8489 4 2 0 1 1864 1838 1852 1215
8490 4 2 0 1 1806 1210 1824 1833
8491 4 2 0 1 991 948 677 1696
8492 4 2 0 1 1828 1210 1824 1806
8493 4 2 0 1 1839 1227 1829 1837
8494 4 2 0 1 348 271 338 1385
8495 4 2 0 1 2182 1900 1337 1700
8496 4 2 0 1 1227 1839 1460 1837
8497 4 2 0 1 1213 1837 1839 1829
8498 4 2 0 1 1839 1210 1213 1829
8499 4 2 0 1 933 2246 903 934
8500 4 2 0 1 733 1574 1634 678
8501 4 2 0 1 1839 1227 1478 1830
8502 4 2 0 1 1712 1024 1172 2249
8503 4 2 0 1 2215 2248 1395 2060
8504 4 2 0 1 2333 798 2334 800
8505 4 2 0 1 685 1611 1582 1612
8506 4 2 0 1 1833 222 252 1825
8507 4 2 0 1 1450 1575 1598 1711
8508 4 2 0 1 2299 1522 1535 1742
8509 4 2 0 1 1787 2107 2103 2104
8510 4 2 0 1 698 2298 1577 1624
8511 4 2 0 1 1833 222 1825 1468
8512 4 2 0 1 253 252 1833 1832
8513 4 2 0 1 1839 1227 1830 1829
8514 4 2 0 1 1620 1021 1095 1023
8515 4 2 0 1 1623 703 701 702
8516 4 2 0 1 1561 1169 1020 1592
8517 4 2 0 1 1843 1845 1841 1807
8518 4 2 0 1 1802 1801 1841 1829
8519 4 2 0 1 1801 1802 1841 1807
8520 4 2 0 1 826 1592 827 831
8521 4 2 0 1 2247 1657 2052 2246
8522 4 2 0 1 253 1833 252 1825
8523 4 2 0 1 1779 1274 1849 1846
8524 4 2 0 1 795 794 798 2334
8525 4 2 0 1 793 2185 2334 795
8526 4 2 0 1 1505 1412 590 363
8527 4 2 0 1 2185 2271 793 2334
8528 4 2 0 1 1665 1527 2312 1528
8529 4 2 0 1 1080 2240 896 724
8530 4 2 0 1 1669 415 72 1455
8531 4 2 0 1 1836 1714 1460 1837
8532 4 2 0 1 1091 1665 930 2327
8533 4 2 0 1 1916 1918 1271 1849
8534 4 2 0 1 856 1642 2327 2312
8535 4 2 0 1 2 1717 1388 1562
8536 4 2 0 1 1002 1131 901 1594
8537 4 2 0 1 1178 971 758 1617
8538 4 2 0 1 1916 1779 1271 2079
8539 4 2 0 1 1627 2277 1297 1668
8540 4 2 0 1 695 692 2313 2300
8541 4 2 0 1 1880 1871 1873 1531
8542 4 2 0 1 1866 1219 1867 1868
8543 4 2 0 1 948 1644 1110 977
8544 4 2 0 1 1295 1207 1813 1905
8545 4 2 0 1 1219 1847 1774 1869
8546 4 2 0 1 951 952 1632 1879
8547 4 2 0 1 1491 1275 171 1913
8548 4 2 0 1 1608 1615 1647 2342
8549 4 2 0 1 839 741 840 1616
8550 4 2 0 1 1623 1058 734 2304
8551 4 2 0 1 2240 2241 896 726
8552 4 2 0 1 797 2379 2289 821
8553 4 2 0 1 1219 1847 1869 1866
8554 4 2 0 1 756 755 757 1566
8555 4 2 0 1 860 821 797 2289
8556 4 2 0 1 2311 2251 797 2289
8557 4 2 0 1 738 1615 1616 1608
8558 4 2 0 1 1618 1694 2349 1568
8559 4 2 0 1 1875 1667 1298 1668
8560 4 2 0 1 1929 1449 1230 1922
8561 4 2 0 1 960 965 1563 922
8562 4 2 0 1 2264 1139 1625 1056
8563 4 2 0 1 799 1658 2334 1092
8564 4 2 0 1 1398 367 1425 1430
8565 4 2 0 1 1590 1876 1877 979
8566 4 2 0 1 1808 1810 1874 1816
8567 4 2 0 1 896 2241 990 726
8568 4 2 0 1 800 801 802 2333
8569 4 2 0 1 1129 2241 990 896
8570 4 2 0 1 1814 1816 1808 1874
8571 4 2 0 1 1814 1808 1816 1207
8572 4 2 0 1 1923 1230 1671 1922
8573 4 2 0 1 120 484 2221 2047
8574 4 2 0 1 1690 1534 1662 1663
8575 4 2 0 1 1889 1802 1213 1222
8576 4 2 0 1 2303 1592 1683 2305
8577 4 2 0 1 1620 705 707 703
8578 4 2 0 1 1664 1011 1663 1662
8579 4 2 0 1 713 1577 1039 697
8580 4 2 0 1 1534 1699 1645 1705
8581 4 2 0 1 931 1590 1170 951
8582 4 2 0 1 1664 1596 1690 1663
8583 4 2 0 1 1664 1010 787 1011
8584 4 2 0 1 1645 1012 1656 1663
8585 4 2 0 1 120 2221 484 403
8586 4 2 0 1 1230 1923 1671 2072
8587 4 2 0 1 1054 915 825 1683
8588 4 2 0 1 257 2359 2254 299
8589 4 2 0 1 783 1567 1115 1061
8590 4 2 0 1 1639 1567 1607 2316
8591 4 2 0 1 1293 1428 1856 1891
8592 4 2 0 1 857 2312 1665 852
8593 4 2 0 1 1563 1168 923 1034
8594 4 2 0 1 1293 1783 1428 1891
8595 4 2 0 1 1192 1097 1018 1699
8596 4 2 0 1 1713 2318 1706 2295
8597 4 2 0 1 2004 1503 176 182
8598 4 2 0 1 2004 176 1503 1314
8599 4 2 0 1 1097 1689 1192 858
8600 4 2 0 1 1562 1647 913 1127
8601 4 2 0 1 757 1581 2311 1566
8602 4 2 0 1 1428 1888 1891 1783
8603 4 2 0 1 1898 1897 2182 1902
8604 4 2 0 1 1440 1896 1899 1902
8605 4 2 0 1 1108 1109 2320 1595
8606 4 2 0 1 2235 860 894 861
8607 4 2 0 1 2294 1731 1943 1370
8608 4 2 0 1 1440 1899 1896 1439
8609 4 2 0 1 1230 2072 1671 2073
8610 4 2 0 1 1388 59 1 1151
8611 4 2 0 1 1432 1107 1056 1625
8612 4 2 0 1 1933 1589 1931 902
8613 4 2 0 1 1659 1926 1661 1644
8614 4 2 0 1 1362 2182 1981 2135
8615 4 2 0 1 1362 2182 2135 1897
8616 4 2 0 1 1362 2182 1897 1902
8617 4 2 0 1 1108 2320 1109 717
8618 4 2 0 1 1349 1243 1951 1389
8619 4 2 0 1 1590 1120 1170 951
8620 4 2 0 1 2264 1139 1056 668
8621 4 2 0 1 1240 1359 1360 2223
8622 4 2 0 1 1734 1733 1726 1735
8623 4 2 0 1 860 2235 2330 2251
8624 4 2 0 1 1484 593 1247 2004
8625 4 2 0 1 2299 1743 1742 1738
8626 4 2 0 1 2264 1139 668 1860
8627 4 2 0 1 2134 1720 2174 2136
8628 4 2 0 1 2159 1965 1701 2162
8629 4 2 0 1 386 410 385 1910
8630 4 2 0 1 1517 603 1323 2175
8631 4 2 0 1 1247 593 1484 1501
8632 4 2 0 1 2305 1058 1087 1622
8633 4 2 0 1 826 1648 959 1584
8634 4 2 0 1 1596 1568 776 775
8635 4 2 0 1 1071 1561 831 1182
8636 4 2 0 1 769 766 1613 1171
8637 4 2 0 1 1458 1457 385 1910
8638 4 2 0 1 953 932 1666 1078
8639 4 2 0 1 410 1458 385 1910
8640 4 2 0 1 1620 732 710 1683
8641 4 2 0 1 1914 1918 1271 1916
8642 4 2 0 1 1914 1271 1918 1253
8643 4 2 0 1 953 1666 1668 994
8644 4 2 0 1 1310 1281 2100 2156
8645 4 2 0 1 953 1668 1632 1625
8646 4 2 0 1 1913 1228 1918 1914
8647 4 2 0 1 2182 1242 1981 2183
8648 4 2 0 1 1066 2366 812 813
8649 4 2 0 1 1253 1913 1918 1914
8650 4 2 0 1 1919 1933 1931 1928
8651 4 2 0 1 1218 1219 1863 1859
8652 4 2 0 1 1659 1926 1644 1558
8653 4 2 0 1 1926 1644 1558 1928
8654 4 2 0 1 1433 2348 1531 1873
8655 4 2 0 1 1644 2245 1928 1927
8656 4 2 0 1 1220 1875 1873 1878
8657 4 2 0 1 1644 1927 1928 1925
8658 4 2 0 1 1664 1597 1596 1602
8659 4 2 0 1 1596 1597 1690 2331
8660 4 2 0 1 1645 1012 1663 1181
8661 4 2 0 1 1021 1620 2303 1022
8662 4 2 0 1 1927 1931 1919 1930
8663 4 2 0 1 866 1053 1171 1605
8664 4 2 0 1 1867 949 1860 1122
8665 4 2 0 1 949 668 1860 1122
8666 4 2 0 1 1021 2303 1620 1654
8667 4 2 0 1 422 1994 1445 1501
8668 4 2 0 1 95 609 1473 550
8669 4 2 0 1 882 1868 1579 881
8670 4 2 0 1 2138 1814 1815 2137
8671 4 2 0 1 1692 1567 1115 783
8672 4 2 0 1 1016 1119 1017 1653
8673 4 2 0 1 1716 1868 1073 917
8674 4 2 0 1 1563 920 923 1643
8675 4 2 0 1 1417 2007 1249 2206
8676 4 2 0 1 1079 29 1029 1687
8677 4 2 0 1 1387 1453 1927 2247
8678 4 2 0 1 1046 1102 2340 718
8679 4 2 0 1 1880 1220 1590 1576
8680 4 2 0 1 1640 879 1007 1133
8681 4 2 0 1 1452 1079 1930 1687
8682 4 2 0 1 1927 1919 1931 1928
8683 4 2 0 1 2218 1730 1990 1729
8684 4 2 0 1 225 2360 397 398
8685 4 2 0 1 1382 1447 1631 1446
8686 4 2 0 1 1640 2072 1007 1448
8687 4 2 0 1 921 920 919 1626
8688 4 2 0 1 1086 2303 1683 1022
8689 4 2 0 1 1413 95 81 369
8690 4 2 0 1 2129 1293 2131 2132
8691 4 2 0 1 1568 1628 919 775
8692 4 2 0 1 381 2016 2195 1355
8693 4 2 0 1 2 539 1446 1365
8694 4 2 0 1 1526 756 1566 754
8695 4 2 0 1 1648 970 1037 764
8696 4 2 0 1 1144 919 1626 921
8697 4 2 0 1 751 1566 752 750
8698 4 2 0 1 920 1628 919 1626
8699 4 2 0 1 1947 1512 1511 1789
8700 4 2 0 1 1628 1626 1573 919
8701 4 2 0 1 1997 1992 1231 1315
8702 4 2 0 1 2222 1360 2297 1952
8703 4 2 0 1 843 2 1562 1615
8704 4 2 0 1 711 1027 1155 1538
8705 4 2 0 1 334 1442 573 1509
8706 4 2 0 1 1619 1570 908 1630
8707 4 2 0 1 2119 1290 2108 2109
8708 4 2 0 1 2147 2148 2077 2152
8709 4 2 0 1 1602 2355 1605 769
8710 4 2 0 1 691 2300 1525 2274
8711 4 2 0 1 2177 2158 1485 2176
8712 4 2 0 1 2265 1693 1433 2266
8713 4 2 0 1 691 2300 2274 692
8714 4 2 0 1 1145 848 1646 1680
8715 4 2 0 1 784 2267 1591 786
8716 4 2 0 1 850 855 852 1527
8717 4 2 0 1 685 1611 1636 963
8718 4 2 0 1 799 1658 1092 1008
8719 4 2 0 1 1103 1520 1020 1592
8720 4 2 0 1 1158 1031 1683 911
8721 4 2 0 1 788 767 1049 1708
8722 4 2 0 1 855 856 852 2312
8723 4 2 0 1 1649 1571 851 1527
8724 4 2 0 1 1125 1549 1551 1072
8725 4 2 0 1 1551 1496 1497 1945
8726 4 2 0 1 1759 1553 1481 1751
8727 4 2 0 1 1404 1580 1552 1405
8728 4 2 0 1 1413 4 5 1365
8729 4 2 0 1 2159 1768 2162 2163
8730 4 2 0 1 2272 1607 2273 2270
8731 4 2 0 1 1634 675 1677 1456
8732 4 2 0 1 42 1421 1455 41
8733 4 2 0 1 2356 2360 399 1799
8734 4 2 0 1 1528 1577 2313 2312
8735 4 2 0 1 1310 1281 2096 2100
8736 4 2 0 1 1176 980 731 1683
8737 4 2 0 1 2108 2112 2111 1291
8738 4 2 0 1 1723 42 665 1421
8739 4 2 0 1 1291 2125 1961 2122
8740 4 2 0 1 2249 1118 1172 1711
8741 4 2 0 1 1570 909 1529 1571
8742 4 2 0 1 2315 790 1604 830
8743 4 2 0 1 1688 1575 1713 1165
8744 4 2 0 1 1898 1899 1225 1896
8745 4 2 0 1 1197 1550 1551 1945
8746 4 2 0 1 1551 1197 1945 1497
8747 4 2 0 1 920 1563 923 922
8748 4 2 0 1 1735 1497 1232 1945
8749 4 2 0 1 1561 914 885 1071
8750 4 2 0 1 104 1412 103 102
8751 4 2 0 1 1947 1490 2297 1952
8752 4 2 0 1 1447 1372 1089 669
8753 4 2 0 1 2303 1620 1623 1622
8754 4 2 0 1 1199 1958 1763 2207
8755 4 2 0 1 1747 1781 1758 1199
8756 4 2 0 1 1310 1281 2102 2096
8757 4 2 0 1 1323 1580 48 49
8758 4 2 0 1 1781 1202 1317 1420
8759 4 2 0 1 1246 471 472 523
8760 4 2 0 1 797 2379 821 761
8761 4 2 0 1 1524 1637 2353 2272
8762 4 2 0 1 1199 1749 1956 1748
8763 4 2 0 1 1782 2096 2092 1791
8764 4 2 0 1 1748 1747 1199 1749
8765 4 2 0 1 1322 480 2167 134
8766 4 2 0 1 756 1526 757 759
8767 4 2 0 1 1886 1884 1222 1213
8768 4 2 0 1 1750 1202 1974 1976
8769 4 2 0 1 1322 480 134 132
8770 4 2 0 1 442 2111 1286 127
8771 4 2 0 1 1202 1376 1798 1317
8772 4 2 0 1 2091 2090 1789 1788
8773 4 2 0 1 1747 1748 1751 1733
8774 4 2 0 1 1264 2063 1560 2060
8775 4 2 0 1 1838 2257 1843 1213
8776 4 2 0 1 1714 1487 22 1460
8777 4 2 0 1 1906 1844 1460 1714
8778 4 2 0 1 2170 1887 1828 1806
8779 4 2 0 1 2060 1264 2078 2215
8780 4 2 0 1 1272 1670 2072 2073
8781 4 2 0 1 2177 2158 1416 1485
8782 4 2 0 1 1284 2012 2014 2009
8783 4 2 0 1 156 167 2177 1415
8784 4 2 0 1 2133 1294 1893 1436
8785 4 2 0 1 1228 1916 1918 1914
8786 4 2 0 1 1820 2156 1310 2166
8787 4 2 0 1 2150 1767 1766 2151
8788 4 2 0 1 1497 1751 1553 1197
8789 4 2 0 1 1959 1234 1956 1960
8790 4 2 0 1 1760 1394 1292 1765
8791 4 2 0 1 1802 1210 1213 1222
8792 4 2 0 1 331 304 1474 1473
8793 4 2 0 1 546 609 583 1473
8794 4 2 0 1 246 471 1246 523
8795 4 2 0 1 1718 1388 1719 1242
8796 4 2 0 1 2188 1870 1633 1868
8797 4 2 0 1 1411 1377 1257 1412
8798 4 2 0 1 1997 1995 1231 1992
8799 4 2 0 1 507 111 1412 186
8800 4 2 0 1 1884 1885 1222 1210
8801 4 2 0 1 111 113 1412 186
8802 4 2 0 1 1560 1559 1599 1574
8803 4 2 0 1 1456 663 1183 676
8804 4 2 0 1 338 271 1266 1385
8805 4 2 0 1 2067 2069 2056 2065
8806 4 2 0 1 1888 1887 1805 1206
8807 4 2 0 1 1210 1802 1206 1222
8808 4 2 0 1 1792 1782 1788 1203
8809 4 2 0 1 2006 1270 2012 2014
8810 4 2 0 1 2102 1792 2157 1284
8811 4 2 0 1 1635 1686 1583 1582
8812 4 2 0 1 1790 2130 1320 1793
8813 4 2 0 1 135 1475 1441 501
8814 4 2 0 1 1491 1228 1913 1458
8815 4 2 0 1 1402 1410 1257 2025
8816 4 2 0 1 1203 1793 1788 1320
8817 4 2 0 1 1357 2045 2046 1259
8818 4 2 0 1 2090 2044 1279 1259
8819 4 2 0 1 1966 1972 1968 1973
8820 4 2 0 1 1421 2057 1070 2350
8821 4 2 0 1 1386 2128 2127 1301
8822 4 2 0 1 2029 1915 1253 1914
8823 4 2 0 1 1352 2082 2088 2083
8824 4 2 0 1 1886 1889 1213 1222
8825 4 2 0 1 2169 1287 1375 2219
8826 4 2 0 1 1688 716 1165 686
8827 4 2 0 1 1375 1835 260 2171
8828 4 2 0 1 290 1804 214 260
8829 4 2 0 1 2121 2124 2122 2123
8830 4 2 0 1 2126 2128 1301 2127
8831 4 2 0 1 2029 2058 1914 1265
8832 4 2 0 1 1069 1070 1701 1723
8833 4 2 0 1 262 509 1361 649
8834 4 2 0 1 1286 2219 442 1375
8835 4 2 0 1 354 353 346 1302
8836 4 2 0 1 2111 124 126 127
8837 4 2 0 1 2084 2126 2085 1290
8838 4 2 0 1 705 1158 1683 708
8839 4 2 0 1 1330 1331 1329 1817
8840 4 2 0 1 1211 1831 1833 1468
8841 4 2 0 1 1826 1326 1824 1827
8842 4 2 0 1 1548 1081 880 1695
8843 4 2 0 1 1211 1831 1468 1834
8844 4 2 0 1 1548 880 1081 1180
8845 4 2 0 1 365 305 389 1821
8846 4 2 0 1 493 502 545 1472
8847 4 2 0 1 1411 1377 1412 1239
8848 4 2 0 1 2130 1790 2174 1990
8849 4 2 0 1 1820 2156 1822 1310
8850 4 2 0 1 1969 1974 1202 1971
8851 4 2 0 1 1233 1510 1947 1950
8852 4 2 0 1 22 1641 1060 23
8853 4 2 0 1 1211 1824 1833 1806
8854 4 2 0 1 1222 1894 1885 1881
8855 4 2 0 1 2180 1418 1221 1894
8856 4 2 0 1 1885 1330 1817 1332
8857 4 2 0 1 343 1884 520 1332
8858 4 2 0 1 2093 1203 2091 1320
8859 4 2 0 1 1815 1537 1814 2324
8860 4 2 0 1 1294 2133 1893 2135
8861 4 2 0 1 1341 513 1438 1434
8862 4 2 0 1 1435 1434 1430 1896
8863 4 2 0 1 1892 1224 2204 1893
8864 4 2 0 1 2180 1479 1221 1418
8865 4 2 0 1 1716 22 1060 1173
8866 4 2 0 1 260 228 2171 214
8867 4 2 0 1 2312 1527 2313 1528
8868 4 2 0 1 776 1694 777 1568
8869 4 2 0 1 2109 2119 2118 2220
8870 4 2 0 1 2180 1885 1894 1221
8871 4 2 0 1 2180 1479 1885 1221
8872 4 2 0 1 353 563 345 1482
8873 4 2 0 1 777 1694 776 778
8874 4 2 0 1 2181 1985 1981 2135
8875 4 2 0 1 1563 1643 2228 1626
8876 4 2 0 1 1251 2011 2020 2023
8877 4 2 0 1 1223 1427 2204 1398
8878 4 2 0 1 1543 1813 1983 2225
8879 4 2 0 1 1348 1983 2136 2216
8880 4 2 0 1 1057 1180 1548 714
8881 4 2 0 1 1429 2258 1865 2260
8882 4 2 0 1 723 1695 1674 1609
8883 4 2 0 1 1146 672 1026 1372
8884 4 2 0 1 1362 1337 1981 2182
8885 4 2 0 1 823 2351 1921 802
8886 4 2 0 1 2275 2199 1296 1902
8887 4 2 0 1 1090 1447 899 1089
8888 4 2 0 1 12 591 11 1508
8889 4 2 0 1 1372 2342 1447 899
8890 4 2 0 1 2199 1904 1296 1902
8891 4 2 0 1 1676 1691 2243 1609
8892 4 2 0 1 1565 673 1141 2345
8893 4 2 0 1 425 2144 1374 2068
8894 4 2 0 1 1921 2351 823 1589
8895 4 2 0 1 1200 1955 1766 1292
8896 4 2 0 1 1770 2066 2064 1267
8897 4 2 0 1 1268 1456 1677 1470
8898 4 2 0 1 1391 1268 1677 1470
8899 4 2 0 1 723 722 1674 1695
8900 4 2 0 1 1704 1943 1232 1945
8901 4 2 0 1 1497 1496 1232 1945
8902 4 2 0 1 1652 1691 1609 1674
8903 4 2 0 1 1921 822 823 802
8904 4 2 0 1 1496 997 1945 1125
8905 4 2 0 1 998 2242 997 1548
8906 4 2 0 1 1991 1940 1503 1246
8907 4 2 0 1 1620 705 1622 1683
8908 4 2 0 1 467 507 1412 621
8909 4 2 0 1 1695 2242 880 1548
8910 4 2 0 1 2046 220 505 1378
8911 4 2 0 1 213 538 1503 176
8912 4 2 0 1 823 822 1921 1589
8913 4 2 0 1 1324 152 1823 1827
8914 4 2 0 1 1473 383 550 583
8915 4 2 0 1 1721 1981 1719 1985
8916 4 2 0 1 1248 2022 1936 1354
8917 4 2 0 1 1941 1934 1938 1257
8918 4 2 0 1 1349 59 1389 97
8919 4 2 0 1 1388 1104 1719 657
8920 4 2 0 1 1995 1354 1936 1474
8921 4 2 0 1 2266 1576 1433 1880
8922 4 2 0 1 1618 1170 2266 781
8923 4 2 0 1 1195 2232 2322 1542
8924 4 2 0 1 2298 2301 1578 2300
8925 4 2 0 1 1433 1880 2265 2266
8926 4 2 0 1 574 410 281 1458
8927 4 2 0 1 1335 211 1443 432
8928 4 2 0 1 211 1335 1443 1800
8929 4 2 0 1 399 2356 618 580
8930 4 2 0 1 595 1366 1368 391
8931 4 2 0 1 903 2244 2245 2246
8932 4 2 0 1 1325 2176 1823 2177
8933 4 2 0 1 662 2244 1387 1164
8934 4 2 0 1 903 2245 1931 902
8935 4 2 0 1 1418 2180 1350 2179
8936 4 2 0 1 443 549 1355 555
8937 4 2 0 1 2007 2205 2206 2008
8938 4 2 0 1 1463 2206 1249 2010
8939 4 2 0 1 1342 1398 2008 2204
8940 4 2 0 1 250 256 2254 257
8941 4 2 0 1 1939 2009 1280 1315
8942 4 2 0 1 1305 1995 1246 2254
8943 4 2 0 1 2041 1281 2157 2043
8944 4 2 0 1 1304 1999 1484 2000
8945 4 2 0 1 1438 1398 1435 1430
8946 4 2 0 1 2011 2094 2009 1280
8947 4 2 0 1 1901 1898 1436 2015
8948 4 2 0 1 1892 1284 2014 2094
8949 4 2 0 1 327 1250 1463 2206
8950 4 2 0 1 1721 1981 1985 1348
8951 4 2 0 1 1747 1481 1198 1749
8952 4 2 0 1 1199 1761 2207 1763
8953 4 2 0 1 1747 1781 1199 1749
8954 4 2 0 1 1041 2244 662 1186
8955 4 2 0 1 1894 2180 1895 1818
8956 4 2 0 1 518 1352 1457 1458
8957 4 2 0 1 1375 1482 272 544
8958 4 2 0 1 261 2028 218 219
8959 4 2 0 1 1915 1361 1913 1914
8960 4 2 0 1 1361 1228 1913 1914
8961 4 2 0 1 1272 1918 1917 1849
8962 4 2 0 1 213 245 1503 538
8963 4 2 0 1 1231 1938 2253 1936
8964 4 2 0 1 1209 1827 1824 1817
8965 4 2 0 1 2044 2040 2043 2041
8966 4 2 0 1 1246 1995 1231 2253
8967 4 2 0 1 392 97 99 1349
8968 4 2 0 1 2376 311 312 314
8969 4 2 0 1 1240 1476 1975 1977
8970 4 2 0 1 2102 2096 1281 1792
8971 4 2 0 1 1377 1357 1378 1239
8972 4 2 0 1 2091 2041 2044 1792
8973 4 2 0 1 1937 1934 1231 1939
8974 4 2 0 1 2170 1310 2100 2166
8975 4 2 0 1 1971 2046 1966 1239
8976 4 2 0 1 1512 1282 2297 1790
8977 4 2 0 1 1560 2062 2059 2054
8978 4 2 0 1 1041 662 2244 1083
8979 4 2 0 1 1735 1946 1942 1943
8980 4 2 0 1 821 2379 2289 2242
8981 4 2 0 1 2307 1655 1621 1623
8982 4 2 0 1 1942 1946 1652 1691
8983 4 2 0 1 1563 965 1034 922
8984 4 2 0 1 1693 2349 2269 1433
8985 4 2 0 1 1528 1529 1038 1649
8986 4 2 0 1 1312 1299 1540 1208
8987 4 2 0 1 1312 1142 1533 1724
8988 4 2 0 1 2159 2162 1701 2163
8989 4 2 0 1 1650 1051 727 1307
8990 4 2 0 1 2142 1299 1723 1724
8991 4 2 0 1 1394 1422 1208 1764
8992 4 2 0 1 1464 46 440 1323
8993 4 2 0 1 454 1204 1517 1405
8994 4 2 0 1 1404 1552 1553 1405
8995 4 2 0 1 706 2305 1087 1622
8996 4 2 0 1 1237 1197 1753 1751
8997 4 2 0 1 1500 53 614 54
8998 4 2 0 1 1204 51 1553 1405
8999 4 2 0 1 2020 2021 1514 1252
9000 4 2 0 1 2097 2165 1493 2100
9001 4 2 0 1 1360 1987 1244 1238
9002 4 2 0 1 1348 1983 2216 2217
9003 4 2 0 1 2356 266 618 2374
9004 4 2 0 1 1349 59 97 98
9005 4 2 0 1 1388 657 1719 59
9006 4 2 0 1 1552 1651 1675 1550
9007 4 2 0 1 1035 1580 1323 1572
9008 4 2 0 1 1517 603 2175 146
9009 4 2 0 1 2165 2042 2043 2100
9010 4 2 0 1 2311 2310 2354 2305
9011 4 2 0 1 706 1622 1087 704
9012 4 2 0 1 2261 2284 1462 1872
9013 4 2 0 1 1630 2314 962 1524
9014 4 2 0 1 1658 1098 1008 799
9015 4 2 0 1 2146 179 2080 2153
9016 4 2 0 1 1872 2284 1462 1877
9017 4 2 0 1 771 1596 773 1602
9018 4 2 0 1 2236 1564 2346 1605
9019 4 2 0 1 2214 2077 1775 1301
9020 4 2 0 1 1628 1563 1587 1588
9021 4 2 0 1 2302 1058 1622 1623
9022 4 2 0 1 2200 2230 2233 2234
9023 4 2 0 1 962 688 1635 690
9024 4 2 0 1 2230 2200 1363 2234
9025 4 2 0 1 920 1628 1563 796
9026 4 2 0 1 1595 2320 1593 1109
9027 4 2 0 1 1535 1129 1595 2241
9028 4 2 0 1 962 1635 688 1611
9029 4 2 0 1 1253 2029 2278 1451
9030 4 2 0 1 2358 1368 320 1366
9031 4 2 0 1 695 713 1528 1038
9032 4 2 0 1 1038 695 692 1528
9033 4 2 0 1 2364 1204 578 310
9034 4 2 0 1 932 931 951 1576
9035 4 2 0 1 1620 732 1683 1022
9036 4 2 0 1 1451 1925 1254 1924
9037 4 2 0 1 1260 2055 2051 2058
9038 4 2 0 1 685 1709 1636 1612
9039 4 2 0 1 1112 799 1098 1545
9040 4 2 0 1 1925 2049 2247 1451
9041 4 2 0 1 2244 1041 904 1040
9042 4 2 0 1 1773 1772 1780 2279
9043 4 2 0 1 777 1585 1144 1568
9044 4 2 0 1 781 2266 1692 1606
9045 4 2 0 1 717 1557 693 1578
9046 4 2 0 1 1451 1925 1924 1927
9047 4 2 0 1 1569 1587 2331 1588
9048 4 2 0 1 691 1525 1635 2274
9049 4 2 0 1 2049 2030 1451 2051
9050 4 2 0 1 1593 1523 1672 1706
9051 4 2 0 1 1069 1533 905 1142
9052 4 2 0 1 2238 2239 2249 1964
9053 4 2 0 1 1423 249 251 357
9054 4 2 0 1 1552 1651 1550 1754
9055 4 2 0 1 1685 1601 1599 1710
9056 4 2 0 1 1685 1598 1599 1711
9057 4 2 0 1 1659 948 2052 1696
9058 4 2 0 1 1659 1926 1558 1697
9059 4 2 0 1 2057 1634 1559 1574
9060 4 2 0 1 1579 792 979 804
9061 4 2 0 1 975 800 2187 795
9062 4 2 0 1 2030 2028 1451 2051
9063 4 2 0 1 1185 975 878 1671
9064 4 2 0 1 2340 681 1046 718
9065 4 2 0 1 1665 1527 1528 1649
9066 4 2 0 1 1654 1015 2303 1656
9067 4 2 0 1 855 850 1680 1527
9068 4 2 0 1 1114 1527 851 852
9069 4 2 0 1 2301 2349 1737 1542
9070 4 2 0 1 2145 2058 1914 2146
9071 4 2 0 1 1086 2303 1022 1103
9072 4 2 0 1 1015 1520 2303 1656
9073 4 2 0 1 1020 916 1103 1592
9074 4 2 0 1 1264 2160 2161 2163
9075 4 2 0 1 2145 1914 2058 1265
9076 4 2 0 1 1753 1963 1957 1208
9077 4 2 0 1 1211 1825 1833 1824
9078 4 2 0 1 1301 2148 1303 1767
9079 4 2 0 1 251 1423 357 607
9080 4 2 0 1 2058 2147 2145 1265
9081 4 2 0 1 1530 1680 2313 2316
9082 4 2 0 1 1518 1525 2300 2274
9083 4 2 0 1 2078 1263 2063 2060
9084 4 2 0 1 1887 1310 2170 1828
9085 4 2 0 1 1776 1265 2062 1271
9086 4 2 0 1 1725 1256 1731 1193
9087 4 2 0 1 1461 2259 2261 2281
9088 4 2 0 1 2225 1812 1813 2140
9089 4 2 0 1 2292 1523 1672 1691
9090 4 2 0 1 2061 2074 2076 2062
9091 4 2 0 1 1207 1295 1297 1905
9092 4 2 0 1 2142 72 431 43
9093 4 2 0 1 1720 1346 2139 1857
9094 4 2 0 1 1600 2061 1697 1682
9095 4 2 0 1 2032 1495 2291 2326
9096 4 2 0 1 2062 2075 1776 2076
9097 4 2 0 1 57 1359 2222 1488
9098 4 2 0 1 2031 2036 2034 1732
9099 4 2 0 1 57 1187 2222 1100
9100 4 2 0 1 1721 1389 1719 1489
9101 4 2 0 1 1236 2103 1339 2106
9102 4 2 0 1 1234 1987 1726 1196
9103 4 2 0 1 1733 1234 1726 1196
9104 4 2 0 1 1549 1550 1548 1945
9105 4 2 0 1 1057 998 1548 1180
9106 4 2 0 1 2142 42 1723 1669
9107 4 2 0 1 1744 2268 1525 2269
9108 4 2 0 1 1024 1712 1147 918
9109 4 2 0 1 2372 1088 1191 712
9110 4 2 0 1 2232 2348 1542 2347
9111 4 2 0 1 1433 2349 2269 1542
9112 4 2 0 1 1876 1220 1878 1879
9113 4 2 0 1 1745 1536 2322 2232
9114 4 2 0 1 2301 1744 2269 2322
9115 4 2 0 1 2330 1704 1369 2033
9116 4 2 0 1 2036 2294 1944 2288
9117 4 2 0 1 2076 2078 1776 1273
9118 4 2 0 1 1958 1959 1956 1960
9119 4 2 0 1 1394 1762 1292 1208
9120 4 2 0 1 2084 2120 2117 1276
9121 4 2 0 1 2374 1401 347 516
9122 4 2 0 1 416 1373 73 530
9123 4 2 0 1 1366 595 390 391
9124 4 2 0 1 1748 1761 1956 1199
9125 4 2 0 1 1748 1956 1954 1234
9126 4 2 0 1 1394 1756 1454 1760
9127 4 2 0 1 1965 1963 1540 1208
9128 4 2 0 1 1396 1381 1770 1767
9129 4 2 0 1 1197 1733 1237 1735
9130 4 2 0 1 1381 2066 1770 1767
9131 4 2 0 1 1775 2078 1776 2077
9132 4 2 0 1 2215 1263 2213 1780
9133 4 2 0 1 1844 1837 1841 1829
9134 4 2 0 1 2220 2169 2118 2099
9135 4 2 0 1 1288 2220 2118 2099
9136 4 2 0 1 1338 2112 1344 1345
9137 4 2 0 1 1958 1959 1961 1956
9138 4 2 0 1 691 2300 693 1525
9139 4 2 0 1 1842 1229 1845 1844
9140 4 2 0 1 1099 1575 1172 1711
9141 4 2 0 1 416 73 1373 529
9142 4 2 0 1 691 1557 1525 693
9143 4 2 0 1 691 1557 693 943
9144 4 2 0 1 1236 1283 1972 1962
9145 4 2 0 1 1319 1966 2046 2045
9146 4 2 0 1 1357 2045 1259 1358
9147 4 2 0 1 1357 2045 1358 119
9148 4 2 0 1 526 1367 329 391
9149 4 2 0 1 137 1763 140 141
9150 4 2 0 1 217 1506 527 207
9151 4 2 0 1 273 1367 2175 274
9152 4 2 0 1 547 2175 146 1517
9153 4 2 0 1 1208 1422 1757 1794
9154 4 2 0 1 2169 2168 2099 1493
9155 4 2 0 1 1385 1400 1268 1391
9156 4 2 0 1 1786 1285 1968 2106
9157 4 2 0 1 1889 1888 1222 1428
9158 4 2 0 1 1787 2104 1782 1791
9159 4 2 0 1 1888 1288 2131 1805
9160 4 2 0 1 1831 1806 1833 1829
9161 4 2 0 1 2227 1627 1573 2228
9162 4 2 0 1 1362 1337 2182 1902
9163 4 2 0 1 907 1538 935 1155
9164 4 2 0 1 2198 1718 1242 1717
9165 4 2 0 1 1295 1216 1853 1857
9166 4 2 0 1 1507 2016 2015 1901
9167 4 2 0 1 490 1385 74 548
9168 4 2 0 1 620 2169 1493 291
9169 4 2 0 1 151 1820 1823 1827
9170 4 2 0 1 1300 2080 2153 2145
9171 4 2 0 1 1961 2125 1291 1345
9172 4 2 0 1 366 365 2166 202
9173 4 2 0 1 2165 2097 1493 2221
9174 4 2 0 1 442 1286 1375 561
9175 4 2 0 1 238 524 2167 480
9176 4 2 0 1 1881 1885 1882 1221
9177 4 2 0 1 159 158 627 1324
9178 4 2 0 1 1817 2180 1818 1328
9179 4 2 0 1 2160 2159 1701 2163
9180 4 2 0 1 282 239 476 1484
9181 4 2 0 1 1439 14 1434 1430
9182 4 2 0 1 2277 1064 1668 994
9183 4 2 0 1 1348 2174 2217 2216
9184 4 2 0 1 1346 2257 1864 1855
9185 4 2 0 1 1431 1702 2263 2264
9186 4 2 0 1 1716 1714 1715 1866
9187 4 2 0 1 2257 1215 1864 1855
9188 4 2 0 1 1914 2082 2081 2080
9189 4 2 0 1 2146 2058 1914 2028
9190 4 2 0 1 1286 2113 2108 544
9191 4 2 0 1 2278 1926 1262 2070
9192 4 2 0 1 1912 1842 1274 2083
9193 4 2 0 1 490 1385 548 413
9194 4 2 0 1 1730 2209 2218 2132
9195 4 2 0 1 2210 1289 2116 2131
9196 4 2 0 1 2134 1720 2130 2174
9197 4 2 0 1 1850 1779 1849 1846
9198 4 2 0 1 1862 1864 1859 1217
9199 4 2 0 1 1227 1460 1839 1478
9200 4 2 0 1 1774 1773 1846 1848
9201 4 2 0 1 1274 1916 1849 1229
9202 4 2 0 1 2189 1681 2192 1449
9203 4 2 0 1 1465 974 658 1614
9204 4 2 0 1 733 1574 678 680
9205 4 2 0 1 2286 2262 1450 2281
9206 4 2 0 1 1465 658 974 3
9207 4 2 0 1 1886 2172 1882 1884
9208 4 2 0 1 1204 578 310 100
9209 4 2 0 1 2049 1254 1661 1260
9210 4 2 0 1 1882 1426 2256 1890
9211 4 2 0 1 2172 359 1884 584
9212 4 2 0 1 283 308 1352 196
9213 4 2 0 1 283 1352 308 1361
9214 4 2 0 1 1887 1828 1806 1206
9215 4 2 0 1 1886 1885 1222 1884
9216 4 2 0 1 1606 2267 781 2266
9217 4 2 0 1 2282 2281 1780 2279
9218 4 2 0 1 1173 1716 1715 654
9219 4 2 0 1 784 781 2267 785
9220 4 2 0 1 2174 1720 2216 2136
9221 4 2 0 1 1170 781 2267 2266
9222 4 2 0 1 1217 1859 1852 1864
9223 4 2 0 1 1911 1832 1477 1227
9224 4 2 0 1 2168 1887 2170 1806
9225 4 2 0 1 1107 953 1625 1668
9226 4 2 0 1 2074 2061 1710 2070
9227 4 2 0 1 1508 1337 1673 2196
9228 4 2 0 1 1900 1437 1407 1901
9229 4 2 0 1 1703 1896 1226 1430
9230 4 2 0 1 1170 2267 781 785
9231 4 2 0 1 1702 2263 1851 1903
9232 4 2 0 1 272 260 1375 588
9233 4 2 0 1 1291 1287 2108 2109
9234 4 2 0 1 574 518 1458 424
9235 4 2 0 1 1911 1457 1910 1469
9236 4 2 0 1 1228 1352 1361 1458
9237 4 2 0 1 1286 2219 1375 2108
9238 4 2 0 1 1924 1451 1927 1932
9239 4 2 0 1 542 1509 1343 450
9240 4 2 0 1 858 1689 1642 2312
9241 4 2 0 1 858 1642 1689 1192
9242 4 2 0 1 25 1486 1640 1491
9243 4 2 0 1 682 1709 684 1598
9244 4 2 0 1 2120 1290 2117 2109
9245 4 2 0 1 2227 1808 1874 1298
9246 4 2 0 1 2030 409 407 517
9247 4 2 0 1 2324 1873 1874 1815
9248 4 2 0 1 1463 96 1355 1248
9249 4 2 0 1 2345 673 1673 2196
9250 4 2 0 1 2255 1445 2013 2000
9251 4 2 0 1 722 724 725 1695
9252 4 2 0 1 2240 1379 2242 2243
9253 4 2 0 1 1650 1651 1307 1652
9254 4 2 0 1 2150 2059 2152 2151
9255 4 2 0 1 1651 715 721 720
9256 4 2 0 1 1610 2239 1691 1380
9257 4 2 0 1 1946 1370 1691 1943
9258 4 2 0 1 1472 562 1980 493
9259 4 2 0 1 1238 1948 1949 1952
9260 4 2 0 1 1954 1235 1727 1956
9261 4 2 0 1 1291 1287 2109 2105
9262 4 2 0 1 441 130 126 1338
9263 4 2 0 1 588 1835 1375 2169
9264 4 2 0 1 2240 723 1695 724
9265 4 2 0 1 2171 2119 2108 1375
9266 4 2 0 1 2105 2110 1287 2220
9267 4 2 0 1 2219 442 124 2111
9268 4 2 0 1 1673 673 660 2196
9269 4 2 0 1 2239 1380 2249 1307
9270 4 2 0 1 1080 2240 1609 1676
9271 4 2 0 1 1307 1540 1964 1754
9272 4 2 0 1 2238 2248 2215 2160
9273 4 2 0 1 1947 1490 1511 2297
9274 4 2 0 1 1704 1496 1945 1232
9275 4 2 0 1 1198 1196 1976 1749
9276 4 2 0 1 1419 208 206 207
9277 4 2 0 1 1987 1196 1749 1976
9278 4 2 0 1 1718 1615 2342 1647
9279 4 2 0 1 2198 1982 1242 1718
9280 4 2 0 1 1673 1508 2196 660
9281 4 2 0 1 2344 1564 2346 2343
9282 4 2 0 1 1873 1875 1874 1815
9283 4 2 0 1 1718 898 1104 913
9284 4 2 0 1 1238 1967 1989 1949
9285 4 2 0 1 1803 1804 1806 1835
9286 4 2 0 1 1881 1428 1856 2256
9287 4 2 0 1 2103 2106 2104 1339
9288 4 2 0 1 1941 2095 1280 1939
9289 4 2 0 1 1284 2094 1784 1320
9290 4 2 0 1 1419 208 1506 1698
9291 4 2 0 1 2006 2205 2007 2008
9292 4 2 0 1 1897 1851 1896 1436
9293 4 2 0 1 1632 1875 1874 1873
9294 4 2 0 1 915 1086 1683 1093
9295 4 2 0 1 645 606 94 1245
9296 4 2 0 1 1995 1305 1306 88
9297 4 2 0 1 1586 1667 1874 1632
9298 4 2 0 1 1305 641 88 90
9299 4 2 0 1 1898 2182 1900 1902
9300 4 2 0 1 1417 1471 2007 2008
9301 4 2 0 1 1892 1224 1893 2094
9302 4 2 0 1 326 1417 2206 417
9303 4 2 0 1 2016 381 2195 380
9304 4 2 0 1 1336 1356 1371 2017
9305 4 2 0 1 1336 608 66 381
9306 4 2 0 1 1242 2182 1337 1700
9307 4 2 0 1 1336 608 381 2016
9308 4 2 0 1 1985 1348 1986 1721
9309 4 2 0 1 1411 1402 1257 2025
9310 4 2 0 1 1943 2294 1691 2243
9311 4 2 0 1 2338 2037 2325 2296
9312 4 2 0 1 122 123 121 1973
9313 4 2 0 1 2348 1429 2324 2260
9314 4 2 0 1 2002 1939 1315 2005
9315 4 2 0 1 2097 2169 2220 2099
9316 4 2 0 1 1816 2324 1874 1814
9317 4 2 0 1 2001 1416 2003 1399
9318 4 2 0 1 1782 2096 1792 2092
9319 4 2 0 1 2055 2056 1261 2053
9320 4 2 0 1 37 664 38 1385
9321 4 2 0 1 1333 2193 1631 1513
9322 4 2 0 1 1659 1644 1661 2052
9323 4 2 0 1 1165 1147 1575 1713
9324 4 2 0 1 1575 1147 1165 716
9325 4 2 0 1 1267 1767 2066 2151
9326 4 2 0 1 1395 2248 2249 2060
9327 4 2 0 1 2075 2059 2078 2063
9328 4 2 0 1 1455 72 42 534
9329 4 2 0 1 464 278 537 1406
9330 4 2 0 1 1455 42 72 1669
9331 4 2 0 1 881 1868 884 917
9332 4 2 0 1 2215 2214 2160 1264
9333 4 2 0 1 881 1868 917 1073
9334 4 2 0 1 1634 2056 2057 2067
9335 4 2 0 1 1770 1374 1765 1771
9336 4 2 0 1 1660 1696 1697 1574
9337 4 2 0 1 1838 1218 1715 1840
9338 4 2 0 1 1863 1838 1218 1864
9339 4 2 0 1 1235 1959 1961 2123
9340 4 2 0 1 1299 1965 1540 1208
9341 4 2 0 1 1660 1600 1574 1697
9342 4 2 0 1 2002 1939 2005 1314
9343 4 2 0 1 1685 2285 2282 2189
9344 4 2 0 1 2089 1352 1353 2088
9345 4 2 0 1 1295 1207 1814 2137
9346 4 2 0 1 1934 1941 1939 1257
9347 4 2 0 1 2079 1916 1914 1271
9348 4 2 0 1 2107 1289 2123 1339
9349 4 2 0 1 1844 1842 1277 1841
9350 4 2 0 1 1944 1379 1369 2288
9351 4 2 0 1 1274 1276 1842 1845
9352 4 2 0 1 2025 1243 2026 1789
9353 4 2 0 1 1657 991 1110 992
9354 4 2 0 1 1721 2174 2217 1348
9355 4 2 0 1 1257 1941 2026 2025
9356 4 2 0 1 1986 1790 1320 1789
9357 4 2 0 1 1792 2101 1783 1284
9358 4 2 0 1 2106 1793 2104 1339
9359 4 2 0 1 2105 2110 2220 2098
9360 4 2 0 1 2209 1289 2132 1730
9361 4 2 0 1 2219 2110 2108 2111
9362 4 2 0 1 1790 1788 1789 1282
9363 4 2 0 1 2115 1805 1288 2118
9364 4 2 0 1 1805 1801 1806 2118
9365 4 2 0 1 1291 1287 2105 2110
9366 4 2 0 1 1234 1749 1956 1960
9367 4 2 0 1 1657 1110 991 2052
9368 4 2 0 1 1987 1974 1750 1960
9369 4 2 0 1 1243 1320 2026 1789
9370 4 2 0 1 1958 2202 1199 1397
9371 4 2 0 1 1319 1969 2173 1966
9372 4 2 0 1 1802 1210 1829 1213
9373 4 2 0 1 1526 760 1584 759
9374 4 2 0 1 1834 1806 1492 1211
9375 4 2 0 1 1289 1730 2123 1339
9376 4 2 0 1 2170 1820 1492 1806
9377 4 2 0 1 1526 760 759 756
9378 4 2 0 1 2124 2214 1775 2122
9379 4 2 0 1 2086 1483 2085 2081
9380 4 2 0 1 1301 2122 2126 2084
9381 4 2 0 1 1537 2137 1207 1811
9382 4 2 0 1 2006 1270 2007 2013
9383 4 2 0 1 1730 2218 1990 2132
9384 4 2 0 1 1257 1279 2026 2095
9385 4 2 0 1 1515 1252 1938 1410
9386 4 2 0 1 1479 485 1882 1890
9387 4 2 0 1 2024 1985 2181 2135
9388 4 2 0 1 2024 1320 1985 2135
9389 4 2 0 1 2128 2214 1235 2122
9390 4 2 0 1 1237 1753 1957 1751
9391 4 2 0 1 206 2143 258 208
9392 4 2 0 1 2214 2124 1235 2122
9393 4 2 0 1 1965 2159 1292 2162
9394 4 2 0 1 1208 1957 1965 1963
9395 4 2 0 1 1670 1185 1150 1094
9396 4 2 0 1 1570 1074 1137 1136
9397 4 2 0 1 1965 1963 1957 1964
9398 4 2 0 1 371 80 1318 82
9399 4 2 0 1 2169 2219 1375 405
9400 4 2 0 1 1940 1246 1504 1503
9401 4 2 0 1 2128 2214 2150 1766
9402 4 2 0 1 1263 2215 1395 2060
9403 4 2 0 1 2214 2159 2160 1264
9404 4 2 0 1 1380 727 729 730
9405 4 2 0 1 191 542 1343 450
9406 4 2 0 1 1264 2248 2215 2060
9407 4 2 0 1 733 1118 1559 924
9408 4 2 0 1 1046 2351 1102 1003
9409 4 2 0 1 1575 716 1172 1147
9410 4 2 0 1 2054 1634 1574 1696
9411 4 2 0 1 1365 80 7 6
9412 4 2 0 1 684 1099 682 1598
9413 4 2 0 1 7 371 80 1318
9414 4 2 0 1 1637 1462 1612 2284
9415 4 2 0 1 1802 1213 1829 1841
9416 4 2 0 1 225 2356 516 1799
9417 4 2 0 1 1830 1884 1210 1332
9418 4 2 0 1 469 476 2004 593
9419 4 2 0 1 2188 1670 1671 956
9420 4 2 0 1 1453 32 1387 1164
9421 4 2 0 1 2192 2190 2189 2184
9422 4 2 0 1 1526 760 1648 1584
9423 4 2 0 1 1589 2351 1920 1921
9424 4 2 0 1 1633 1868 917 2188
9425 4 2 0 1 1930 1452 1932 1927
9426 4 2 0 1 1515 1516 2022 1502
9427 4 2 0 1 543 1356 555 61
9428 4 2 0 1 1257 1937 1938 1412
9429 4 2 0 1 1257 102 1410 1402
9430 4 2 0 1 1362 1897 2136 1904
9431 4 2 0 1 2209 1289 1730 2123
9432 4 2 0 1 1749 1199 1956 1960
9433 4 2 0 1 2367 959 813 1052
9434 4 2 0 1 1238 1987 1244 1989
9435 4 2 0 1 2126 2113 2127 2085
9436 4 2 0 1 2034 2032 2035 1555
9437 4 2 0 1 1256 2037 2038 2039
9438 4 2 0 1 2367 959 1052 1648
9439 4 2 0 1 1725 1256 1727 1734
9440 4 2 0 1 1888 1428 2131 1783
9441 4 2 0 1 1293 1720 2132 2130
9442 4 2 0 1 2124 1727 1347 2038
9443 4 2 0 1 2119 2169 2118 2220
9444 4 2 0 1 278 441 537 1344
9445 4 2 0 1 1510 60 624 1488
9446 4 2 0 1 1804 1803 1806 1277
9447 4 2 0 1 902 1102 2351 1003
9448 4 2 0 1 2092 2100 2096 1281
9449 4 2 0 1 1620 705 703 1622
9450 4 2 0 1 2042 2047 1358 1259
9451 4 2 0 1 2115 1805 2118 1807
9452 4 2 0 1 2097 1493 2099 2100
9453 4 2 0 1 441 1340 1344 140
9454 4 2 0 1 2351 1102 902 1933
9455 4 2 0 1 2290 2323 2322 1536
9456 4 2 0 1 1501 1403 1247 593
9457 4 2 0 1 2231 1745 1195 2232
9458 4 2 0 1 1429 1531 1873 1871
9459 4 2 0 1 1531 2262 2260 2323
9460 4 2 0 1 1743 1494 1738 1544
9461 4 2 0 1 1391 529 1455 1373
9462 4 2 0 1 1946 1731 1735 2039
9463 4 2 0 1 2216 2174 2217 2035
9464 4 2 0 1 722 723 724 1695
9465 4 2 0 1 938 1175 1584 937
9466 4 2 0 1 1273 2078 1775 1780
9467 4 2 0 1 1712 1610 730 2249
9468 4 2 0 1 1772 1775 2213 1780
9469 4 2 0 1 1236 1283 1962 2105
9470 4 2 0 1 1560 1264 2057 2059
9471 4 2 0 1 2280 1461 2281 2279
9472 4 2 0 1 2037 2038 2039 1395
9473 4 2 0 1 145 1323 241 48
9474 4 2 0 1 1694 2332 1568 776
9475 4 2 0 1 47 241 1323 48
9476 4 2 0 1 2302 2309 2306 2304
9477 4 2 0 1 1429 1531 1871 2258
9478 4 2 0 1 1461 2259 2281 1773
9479 4 2 0 1 1777 1772 2211 1201
9480 4 2 0 1 1218 1863 1864 1859
9481 4 2 0 1 1871 1220 1873 1878
9482 4 2 0 1 2282 1780 2076 2279
9483 4 2 0 1 1704 1496 1499 1498
9484 4 2 0 1 1461 2259 1773 1774
9485 4 2 0 1 2190 2192 1636 2186
9486 4 2 0 1 2265 1693 2266 1607
9487 4 2 0 1 1518 2316 2274 2300
9488 4 2 0 1 1184 717 2320 1557
9489 4 2 0 1 18 1860 668 19
9490 4 2 0 1 1325 2176 2177 1328
9491 4 2 0 1 2197 2276 1905 2228
9492 4 2 0 1 2201 2341 2200 2234
9493 4 2 0 1 1785 1966 1968 1973
9494 4 2 0 1 50 1580 49 1404
9495 4 2 0 1 955 975 956 2188
9496 4 2 0 1 2038 2215 2039 1395
9497 4 2 0 1 1779 2074 2076 2279
9498 4 2 0 1 2185 975 955 2188
9499 4 2 0 1 882 804 1579 883
9500 4 2 0 1 1867 1218 1866 1715
9501 4 2 0 1 2215 2238 1308 2039
9502 4 2 0 1 2208 1777 1778 2209
9503 4 2 0 1 2238 2160 1308 1964
9504 4 2 0 1 2105 2220 2103 2098
9505 4 2 0 1 1869 1219 1870 2261
9506 4 2 0 1 2037 2039 1370 1395
9507 4 2 0 1 2338 2037 2296 1395
9508 4 2 0 1 2220 2105 2103 2107
9509 4 2 0 1 831 1592 827 1169
9510 4 2 0 1 1620 732 1022 1023
9511 4 2 0 1 1519 1689 1699 1546
9512 4 2 0 1 1642 935 1032 863
9513 4 2 0 1 1325 1327 1329 1328
9514 4 2 0 1 1325 1327 1328 2177
9515 4 2 0 1 887 981 2372 984
9516 4 2 0 1 1485 1467 1328 2178
9517 4 2 0 1 1068 1584 928 1067
9518 4 2 0 1 1467 1485 1328 1327
9519 4 2 0 1 938 1584 1067 1066
9520 4 2 0 1 2349 2301 1737 1519
9521 4 2 0 1 690 2314 2274 1635
9522 4 2 0 1 2273 1637 1686 1635
9523 4 2 0 1 1519 1639 2300 2313
9524 4 2 0 1 1812 1537 1811 2326
9525 4 2 0 1 1522 2289 1740 1742
9526 4 2 0 1 1879 1625 1860 1139
9527 4 2 0 1 2329 1816 2229 1812
9528 4 2 0 1 1865 1429 2260 2141
9529 4 2 0 1 2329 1816 1812 2326
9530 4 2 0 1 1531 2319 2323 2322
9531 4 2 0 1 2294 2036 1731 2034
9532 4 2 0 1 2106 1282 1989 1968
9533 4 2 0 1 1898 1899 1896 1902
9534 4 2 0 1 1718 1615 1647 1562
9535 4 2 0 1 1570 2314 1604 1646
9536 4 2 0 1 794 793 2334 795
9537 4 2 0 1 794 799 2334 1092
9538 4 2 0 1 1529 1136 2314 694
9539 4 2 0 1 690 689 1635 691
9540 4 2 0 1 2298 1534 1624 2299
9541 4 2 0 1 2372 936 887 1191
9542 4 2 0 1 1325 1327 2177 1324
9543 4 2 0 1 1325 1327 1324 1329
9544 4 2 0 1 2254 91 565 472
9545 4 2 0 1 1561 914 1071 1132
9546 4 2 0 1 1564 2236 2346 2343
9547 4 2 0 1 7 735 1465 671
9548 4 2 0 1 2203 1988 1339 1730
9549 4 2 0 1 1720 1346 1857 1293
9550 4 2 0 1 129 2219 404 405
9551 4 2 0 1 1720 2218 2139 2132
9552 4 2 0 1 1878 1815 1865 1859
9553 4 2 0 1 2254 565 91 342
9554 4 2 0 1 2128 2114 2127 2125
9555 4 2 0 1 2108 2112 2113 1286
9556 4 2 0 1 1786 1282 1968 1967
9557 4 2 0 1 2164 2156 2100 2043
9558 4 2 0 1 2209 2139 2218 2132
9559 4 2 0 1 404 2169 620 405
9560 4 2 0 1 535 366 1493 594
9561 4 2 0 1 2125 2126 1291 2127
9562 4 2 0 1 1340 1397 137 130
9563 4 2 0 1 2129 2131 2104 2132
9564 4 2 0 1 2351 1003 1062 872
9565 4 2 0 1 1634 675 1456 676
9566 4 2 0 1 2351 872 1062 2333
9567 4 2 0 1 2016 1336 1407 1507
9568 4 2 0 1 2375 816 1042 1148
9569 4 2 0 1 1304 2012 2155 2157
9570 4 2 0 1 669 1382 1372 9
9571 4 2 0 1 1372 1026 669 9
9572 4 2 0 1 1218 1219 1859 1867
9573 4 2 0 1 1836 1714 1840 1715
9574 4 2 0 1 221 239 1484 1415
9575 4 2 0 1 20 1316 638 77
9576 4 2 0 1 227 2255 2179 1424
9577 4 2 0 1 1568 1585 1144 1573
9578 4 2 0 1 1836 1838 1715 1840
9579 4 2 0 1 1330 1479 1350 234
9580 4 2 0 1 2180 1479 1350 1330
9581 4 2 0 1 2030 1278 64 1452
9582 4 2 0 1 1004 967 1029 1687
9583 4 2 0 1 2094 2093 1284 2095
9584 4 2 0 1 1452 653 1453 1930
9585 4 2 0 1 1452 653 1930 1079
9586 4 2 0 1 2178 2255 1270 1304
9587 4 2 0 1 2180 1418 1895 2179
9588 4 2 0 1 1024 1118 1172 2249
9589 4 2 0 1 1712 2249 1172 1711
9590 4 2 0 1 1712 1172 1575 1711
9591 4 2 0 1 1978 614 1480 460
9592 4 2 0 1 1797 1476 1799 1205
9593 4 2 0 1 1811 1207 2140 2137
9594 4 2 0 1 1879 1590 1220 1632
9595 4 2 0 1 1125 997 1945 1548
9596 4 2 0 1 997 1704 1945 1548
9597 4 2 0 1 1480 1500 1497 53
9598 4 2 0 1 70 414 1657 413
9599 4 2 0 1 1194 1498 2222 2033
9600 4 2 0 1 2049 1644 2247 2052
9601 4 2 0 1 508 2030 517 409
9602 4 2 0 1 1456 1634 1268 1677
9603 4 2 0 1 515 465 1361 219
9604 4 2 0 1 2375 816 812 1042
9605 4 2 0 1 1250 438 1306 93
9606 4 2 0 1 1500 1240 1978 1196
9607 4 2 0 1 1725 1734 1726 1732
9608 4 2 0 1 1726 1728 1732 1194
9609 4 2 0 1 1498 1500 2223 55
9610 4 2 0 1 1985 1511 1986 1243
9611 4 2 0 1 392 97 1349 1233
9612 4 2 0 1 1411 1950 1951 1789
9613 4 2 0 1 927 961 2375 1148
9614 4 2 0 1 2181 2135 1981 2182
9615 4 2 0 1 1886 1881 1428 1222
9616 4 2 0 1 2289 1740 2288 1379
9617 4 2 0 1 2093 1792 2095 2091
9618 4 2 0 1 57 624 60 1488
9619 4 2 0 1 1442 448 60 1359
9620 4 2 0 1 2036 1495 2294 2288
9621 4 2 0 1 2036 1944 1369 2288
9622 4 2 0 1 1944 2294 2243 2288
9623 4 2 0 1 2330 2032 1369 2291
9624 4 2 0 1 134 1322 148 2167
9625 4 2 0 1 2033 2032 1369 2330
9626 4 2 0 1 629 107 489 1343
9627 4 2 0 1 1591 2267 2266 2270
9628 4 2 0 1 727 723 1650 1609
9629 4 2 0 1 118 117 2042 1358
9630 4 2 0 1 1358 120 2047 484
9631 4 2 0 1 122 403 2221 120
9632 4 2 0 1 119 118 120 1358
9633 4 2 0 1 2105 1959 1962 1236
9634 4 2 0 1 437 1422 143 1393
9635 4 2 0 1 524 238 2165 406
9636 4 2 0 1 125 131 132 1459
9637 4 2 0 1 526 1367 527 329
9638 4 2 0 1 1338 441 2111 126
9639 4 2 0 1 119 2045 120 121
9640 4 2 0 1 141 1760 1763 142
9641 4 2 0 1 1397 130 136 137
9642 4 2 0 1 714 1081 1548 1674
9643 4 2 0 1 1747 1748 1756 1757
9644 4 2 0 1 1367 329 391 390
9645 4 2 0 1 130 128 126 1338
9646 4 2 0 1 723 1080 1609 729
9647 4 2 0 1 2166 1492 365 1493
9648 4 2 0 1 151 1820 202 2166
9649 4 2 0 1 2240 723 724 1080
9650 4 2 0 1 375 1826 374 1324
9651 4 2 0 1 1310 1820 2170 1828
9652 4 2 0 1 375 452 1326 1324
9653 4 2 0 1 152 1826 605 153
9654 4 2 0 1 1719 58 1187 1489
9655 4 2 0 1 1211 500 512 589
9656 4 2 0 1 1386 1396 231 1769
9657 4 2 0 1 1719 1187 58 657
9658 4 2 0 1 1722 1187 2222 1489
9659 4 2 0 1 387 1396 164 231
9660 4 2 0 1 162 1769 231 164
9661 4 2 0 1 2058 2146 2145 2153
9662 4 2 0 1 1386 1301 1303 1767
9663 4 2 0 1 1396 552 1303 1386
9664 4 2 0 1 2364 1204 310 1443
9665 4 2 0 1 1516 1474 1354 1466
9666 4 2 0 1 144 161 1393 1765
9667 4 2 0 1 1939 2009 2005 2095
9668 4 2 0 1 1104 657 1187 1719
9669 4 2 0 1 217 216 1506 207
9670 4 2 0 1 1722 1187 1489 1719
9671 4 2 0 1 1393 185 1419 184
9672 4 2 0 1 1393 185 184 160
9673 4 2 0 1 1393 185 160 437
9674 4 2 0 1 214 1353 198 228
9675 4 2 0 1 200 199 2089 197
9676 4 2 0 1 2143 425 258 295
9677 4 2 0 1 320 2364 432 1368
9678 4 2 0 1 1489 57 1187 2222
9679 4 2 0 1 1397 1199 1763 1758
9680 4 2 0 1 2069 2055 169 1400
9681 4 2 0 1 2028 2058 2051 218
9682 4 2 0 1 1153 1614 958 974
9683 4 2 0 1 1153 958 1614 946
9684 4 2 0 1 408 1266 2051 2048
9685 4 2 0 1 2029 1254 1451 1260
9686 4 2 0 1 276 218 2051 418
9687 4 2 0 1 1391 615 292 1392
9688 4 2 0 1 1457 197 533 200
9689 4 2 0 1 196 1352 197 533
9690 4 2 0 1 518 1352 533 1457
9691 4 2 0 1 540 1825 252 270
9692 4 2 0 1 1209 1820 1824 1827
9693 4 2 0 1 290 1492 291 579
9694 4 2 0 1 1821 500 305 389
9695 4 2 0 1 1211 644 1492 1834
9696 4 2 0 1 404 403 406 2221
9697 4 2 0 1 1383 455 456 292
9698 4 2 0 1 615 1392 456 292
9699 4 2 0 1 1943 1945 1735 1232
9700 4 2 0 1 542 1441 105 1343
9701 4 2 0 1 1830 1819 1833 400
9702 4 2 0 1 1550 1942 1548 1945
9703 4 2 0 1 408 276 407 2051
9704 4 2 0 1 230 271 292 1400
9705 4 2 0 1 2028 2030 395 268
9706 4 2 0 1 29 1278 64 394
9707 4 2 0 1 217 216 273 1506
9708 4 2 0 1 273 1367 274 217
9709 4 2 0 1 230 455 1400 292
9710 4 2 0 1 360 1506 328 482
9711 4 2 0 1 1678 1707 747 1613
9712 4 2 0 1 1363 1563 1588 2234
9713 4 2 0 1 1895 1270 2178 2179
9714 4 2 0 1 1819 1833 400 1825
9715 4 2 0 1 2237 1603 2250 1409
9716 4 2 0 1 1996 1245 1501 1994
9717 4 2 0 1 1417 1471 2255 2007
9718 4 2 0 1 1171 1053 765 1605
9719 4 2 0 1 1270 2012 1894 1895
9720 4 2 0 1 1830 1819 400 1332
9721 4 2 0 1 2125 2114 1291 1345
9722 4 2 0 1 1588 1597 1544 2250
9723 4 2 0 1 2236 1603 2237 1409
9724 4 2 0 1 1678 747 765 1613
9725 4 2 0 1 1819 1825 1326 1824
9726 4 2 0 1 1396 552 1386 231
9727 4 2 0 1 1581 1707 1678 1613
9728 4 2 0 1 2143 368 336 259
9729 4 2 0 1 40 79 1373 1455
9730 4 2 0 1 1396 552 231 387
9731 4 2 0 1 1669 294 296 295
9732 4 2 0 1 1444 211 432 1443
9733 4 2 0 1 1420 1338 1970 128
9734 4 2 0 1 1420 1338 128 130
9735 4 2 0 1 1444 432 211 397
9736 4 2 0 1 311 2364 310 1443
9737 4 2 0 1 315 2376 569 318
9738 4 2 0 1 432 1443 318 1444
9739 4 2 0 1 1410 102 1938 650
9740 4 2 0 1 311 2364 1443 2376
9741 4 2 0 1 1202 1376 1317 1420
9742 4 2 0 1 79 40 41 1455
9743 4 2 0 1 294 2143 336 259
9744 4 2 0 1 243 1266 635 339
9745 4 2 0 1 135 1441 110 501
9746 4 2 0 1 367 487 1425 16
9747 4 2 0 1 70 35 490 1657
9748 4 2 0 1 166 1303 387 172
9749 4 2 0 1 1342 1417 2206 2008
9750 4 2 0 1 288 1330 235 275
9751 4 2 0 1 1225 1436 1898 1896
9752 4 2 0 1 1398 553 367 65
9753 4 2 0 1 1702 1425 1703 1226
9754 4 2 0 1 1851 1897 1896 1904
9755 4 2 0 1 1434 1899 1896 1225
9756 4 2 0 1 1403 361 593 372
9757 4 2 0 1 1607 2265 2270 2266
9758 4 2 0 1 16 1431 17 1425
9759 4 2 0 1 550 1474 95 83
9760 4 2 0 1 570 371 61 1318
9761 4 2 0 1 1043 1615 738 736
9762 4 2 0 1 95 1474 550 1473
9763 4 2 0 1 1223 1398 2204 2008
9764 4 2 0 1 1516 586 451 358
9765 4 2 0 1 356 381 1355 549
9766 4 2 0 1 1378 112 220 114
9767 4 2 0 1 113 1378 1377 114
9768 4 2 0 1 64 1278 395 394
9769 4 2 0 1 509 1913 1275 1915
9770 4 2 0 1 113 1378 114 112
9771 4 2 0 1 449 113 186 1412
9772 4 2 0 1 1505 449 186 1412
9773 4 2 0 1 1377 113 449 1412
9774 4 2 0 1 1505 1377 449 1412
9775 4 2 0 1 1163 1278 1275 1448
9776 4 2 0 1 502 1472 220 545
9777 4 2 0 1 2114 2112 1291 1345
9778 4 2 0 1 474 1804 2089 214
9779 4 2 0 1 353 2113 393 544
9780 4 2 0 1 2318 2293 2295 1547
9781 4 2 0 1 613 2143 336 510
9782 4 2 0 1 1342 1901 1435 2204
9783 4 2 0 1 2318 2293 1547 2319
9784 4 2 0 1 1669 415 296 510
9785 4 2 0 1 1669 294 295 2143
9786 4 2 0 1 427 1475 560 562
9787 4 2 0 1 1516 586 566 379
9788 4 2 0 1 542 1441 1343 1384
9789 4 2 0 1 1085 1557 1706 1583
9790 4 2 0 1 1688 1686 1706 2318
9791 4 2 0 1 1557 1741 1593 1706
9792 4 2 0 1 586 1516 566 358
9793 4 2 0 1 1830 1477 1832 1227
9794 4 2 0 1 1316 1830 1839 1478
9795 4 2 0 1 419 76 429 1478
9796 4 2 0 1 96 1250 438 1306
9797 4 2 0 1 322 277 1478 1477
9798 4 2 0 1 133 2001 1322 1258
9799 4 2 0 1 113 1377 449 115
9800 4 2 0 1 131 117 473 1459
9801 4 2 0 1 1505 536 473 1459
9802 4 2 0 1 1786 2090 1279 1259
9803 4 2 0 1 902 2351 837 1003
9804 4 2 0 1 2005 2158 1309 2157
9805 4 2 0 1 397 398 2360 318
9806 4 2 0 1 2376 1443 311 1444
9807 4 2 0 1 1316 1830 1478 520
9808 4 2 0 1 113 1378 112 1412
9809 4 2 0 1 604 415 1455 72
9810 4 2 0 1 1516 1938 1936 2253
9811 4 2 0 1 837 2351 902 1589
9812 4 2 0 1 530 79 1455 1373
9813 4 2 0 1 79 604 1455 534
9814 4 2 0 1 1197 1735 1945 1497
9815 4 2 0 1 1506 1698 368 633
9816 4 2 0 1 1325 1827 1209 1817
9817 4 2 0 1 255 1376 1980 2173
9818 4 2 0 1 1844 1906 1460 1227
9819 4 2 0 1 576 62 1478 1460
9820 4 2 0 1 62 576 1478 429
9821 4 2 0 1 1906 62 1460 1478
9822 4 2 0 1 62 1906 1477 1478
9823 4 2 0 1 2020 2021 1252 2022
9824 4 2 0 1 1511 1490 1489 1721
9825 4 2 0 1 1233 1511 1489 1389
9826 4 2 0 1 1490 1233 1511 1489
9827 4 2 0 1 465 2082 1914 2080
9828 4 2 0 1 2028 1915 1914 219
9829 4 2 0 1 2028 1915 219 262
9830 4 2 0 1 2146 2028 1914 219
9831 4 2 0 1 1353 2082 193 1483
9832 4 2 0 1 1546 828 1705 776
9833 4 2 0 1 497 2175 274 273
9834 4 2 0 1 612 595 390 1366
9835 4 2 0 1 1803 1801 1806 1277
9836 4 2 0 1 1546 828 776 1082
9837 4 2 0 1 1973 1968 2098 1283
9838 4 2 0 1 217 1367 274 329
9839 4 2 0 1 1359 1240 55 2223
9840 4 2 0 1 1795 1422 1367 527
9841 4 2 0 1 2120 1291 2123 2122
9842 4 2 0 1 1497 1735 1232 1499
9843 4 2 0 1 1496 1497 1232 1499
9844 4 2 0 1 2372 824 1036 1050
9845 4 2 0 1 1622 2303 1683 2305
9846 4 2 0 1 1390 2110 1962 1283
9847 4 2 0 1 2048 1657 1266 2052
9848 4 2 0 1 2247 491 75 596
9849 4 2 0 1 1113 1100 1722 898
9850 4 2 0 1 2079 1265 1271 1914
9851 4 2 0 1 1104 1722 1100 898
9852 4 2 0 1 1976 1974 1238 1977
9853 4 2 0 1 1819 1825 400 559
9854 4 2 0 1 1238 1442 1952 1240
9855 4 2 0 1 1240 1976 1238 1977
9856 4 2 0 1 1979 1971 1980 1977
9857 4 2 0 1 540 634 279 1825
9858 4 2 0 1 223 1832 252 253
9859 4 2 0 1 1238 1442 1240 1977
9860 4 2 0 1 299 298 257 2359
9861 4 2 0 1 2332 2349 1737 1519
9862 4 2 0 1 1447 1465 1446 1365
9863 4 2 0 1 2332 1694 2349 1519
9864 4 2 0 1 1693 1694 1519 2349
9865 4 2 0 1 640 1392 373 306
9866 4 2 0 1 2301 1693 1519 2349
9867 4 2 0 1 372 1245 444 1501
9868 4 2 0 1 1614 1030 867 1043
9869 4 2 0 1 84 96 1306 1354
9870 4 2 0 1 694 1530 1529 1038
9871 4 2 0 1 1090 1447 1159 735
9872 4 2 0 1 1371 10 66 1408
9873 4 2 0 1 1530 694 1529 2314
9874 4 2 0 1 1197 1752 1553 1552
9875 4 2 0 1 1529 1136 694 1074
9876 4 2 0 1 440 1796 1464 1323
9877 4 2 0 1 19 401 1883 2172
9878 4 2 0 1 19 1883 401 18
9879 4 2 0 1 1615 1616 871 1614
9880 4 2 0 1 1877 2265 1880 2266
9881 4 2 0 1 2314 1570 1529 1646
9882 4 2 0 1 907 863 1538 2327
9883 4 2 0 1 1735 1197 1945 1942
9884 4 2 0 1 1332 1817 1210 1819
9885 4 2 0 1 1359 1240 1360 1952
9886 4 2 0 1 1669 1383 636 1392
9887 4 2 0 1 382 1669 636 1392
9888 4 2 0 1 1393 184 1374 161
9889 4 2 0 1 1610 730 918 1712
9890 4 2 0 1 1669 2144 425 2068
9891 4 2 0 1 1211 1834 1806 1831
9892 4 2 0 1 996 2379 829 821
9893 4 2 0 1 1320 1985 1986 1243
9894 4 2 0 1 1577 697 699 1039
9895 4 2 0 1 996 2379 821 2242
9896 4 2 0 1 59 637 1513 1
9897 4 2 0 1 1577 697 698 699
9898 4 2 0 1 2021 1515 2022 1502
9899 4 2 0 1 333 628 556 1413
9900 4 2 0 1 1624 699 1577 698
9901 4 2 0 1 1518 1693 2300 2269
9902 4 2 0 1 958 1614 1005 1177
9903 4 2 0 1 1005 1614 1121 1177
9904 4 2 0 1 671 1465 867 736
9905 4 2 0 1 1300 2080 2081 1483
9906 4 2 0 1 671 867 1465 1065
9907 4 2 0 1 1382 8 9 669
9908 4 2 0 1 465 2146 179 2080
9909 4 2 0 1 1159 1382 8 7
9910 4 2 0 1 465 2146 219 179
9911 4 2 0 1 1931 2245 1927 1928
9912 4 2 0 1 2061 2054 1574 1697
9913 4 2 0 1 678 679 1574 1660
9914 4 2 0 1 1575 1099 1598 1711
9915 4 2 0 1 680 1600 1599 1574
9916 4 2 0 1 733 678 1634 676
9917 4 2 0 1 1660 679 1574 1600
9918 4 2 0 1 681 1558 679 718
9919 4 2 0 1 681 1558 718 2340
9920 4 2 0 1 1091 1665 713 1143
9921 4 2 0 1 2273 2272 1635 2274
9922 4 2 0 1 1634 2053 2054 2056
9923 4 2 0 1 1696 2054 1697 1574
9924 4 2 0 1 1479 453 1350 234
9925 4 2 0 1 2231 2226 2232 1569
9926 4 2 0 1 1705 2332 2331 1737
9927 4 2 0 1 1195 1544 2331 1738
9928 4 2 0 1 863 857 2327 864
9929 4 2 0 1 884 881 803 1579
9930 4 2 0 1 1399 378 477 541
9931 4 2 0 1 964 1091 1143 1665
9932 4 2 0 1 1649 910 1038 1143
9933 4 2 0 1 2240 725 726 724
9934 4 2 0 1 1655 1645 1534 1621
9935 4 2 0 1 465 2146 1914 219
9936 4 2 0 1 882 1868 881 1073
9937 4 2 0 1 1448 1491 1275 27
9938 4 2 0 1 1035 47 1323 48
9939 4 2 0 1 1565 1563 2341 2234
9940 4 2 0 1 378 1416 1399 1415
9941 4 2 0 1 2231 1494 1544 1195
9942 4 2 0 1 300 344 499 2378
9943 4 2 0 1 1492 291 535 1493
9944 4 2 0 1 2330 2289 1494 2291
9945 4 2 0 1 924 680 1599 1559
9946 4 2 0 1 839 741 1616 1594
9947 4 2 0 1 1099 680 1599 924
9948 4 2 0 1 1678 748 1566 1617
9949 4 2 0 1 1492 535 291 579
9950 4 2 0 1 757 2311 1526 1566
9951 4 2 0 1 2311 1526 1584 759
9952 4 2 0 1 757 759 2311 761
9953 4 2 0 1 1099 680 682 1599
9954 4 2 0 1 680 1600 682 1599
9955 4 2 0 1 1681 1598 682 1599
9956 4 2 0 1 1501 1403 593 372
9957 4 2 0 1 1600 1681 682 1599
9958 4 2 0 1 1676 729 1080 957
9959 4 2 0 1 1610 729 1609 1672
9960 4 2 0 1 723 727 729 1609
9961 4 2 0 1 767 788 768 1708
9962 4 2 0 1 767 1613 766 747
9963 4 2 0 1 1591 2267 2271 786
9964 4 2 0 1 1380 727 1650 1609
9965 4 2 0 1 1607 1606 2266 1591
9966 4 2 0 1 950 971 1617 1581
9967 4 2 0 1 1120 2267 1170 785
9968 4 2 0 1 2314 2315 1604 1646
9969 4 2 0 1 1630 2314 1524 1604
9970 4 2 0 1 1178 971 1617 950
9971 4 2 0 1 1114 1527 852 1665
9972 4 2 0 1 1392 382 295 306
9973 4 2 0 1 1178 950 1617 1154
9974 4 2 0 1 2314 1530 2316 1646
9975 4 2 0 1 1604 1008 1658 1619
9976 4 2 0 1 1566 758 755 971
9977 4 2 0 1 1112 1545 801 798
9978 4 2 0 1 2352 1658 1092 2334
9979 4 2 0 1 180 174 192 2080
9980 4 2 0 1 2333 2186 1636 2192
9981 4 2 0 1 1566 758 971 1617
9982 4 2 0 1 1611 685 688 963
9983 4 2 0 1 2377 802 823 945
9984 4 2 0 1 1545 799 2334 798
9985 4 2 0 1 295 382 1392 1669
9986 4 2 0 1 800 795 798 2334
9987 4 2 0 1 295 296 1392 306
9988 4 2 0 1 1392 296 295 1669
9989 4 2 0 1 1300 531 174 192
9990 4 2 0 1 1707 1049 1708 1561
9991 4 2 0 1 1442 1240 1359 1952
9992 4 2 0 1 872 2373 2377 836
9993 4 2 0 1 2373 2333 889 872
9994 4 2 0 1 2365 890 1545 2371
9995 4 2 0 1 1977 1476 1205 1509
9996 4 2 0 1 411 1373 73 572
9997 4 2 0 1 465 2146 2080 1914
9998 4 2 0 1 891 2371 890 892
9999 4 2 0 1 1611 1635 688 1582
10000 4 2 0 1 2272 2315 1524 2274
10001 4 2 0 1 847 1604 1570 1619
10002 4 2 0 1 2314 2315 1524 1604
10003 4 2 0 1 1611 1630 963 962
10004 4 2 0 1 1718 1615 1562 1717
10005 4 2 0 1 1152 1027 1620 709
10006 4 2 0 1 411 73 1373 623
10007 4 2 0 1 1621 2298 1534 1624
10008 4 2 0 1 857 2312 852 856
10009 4 2 0 1 1571 854 1649 851
10010 4 2 0 1 849 1527 850 851
10011 4 2 0 1 1561 2305 2311 1584
10012 4 2 0 1 67 2 3 1365
10013 4 2 0 1 2311 2305 1561 2310
10014 4 2 0 1 1447 736 1615 1465
10015 4 2 0 1 871 1059 1154 1647
10016 4 2 0 1 1562 1615 1647 1127
10017 4 2 0 1 1671 975 878 2187
10018 4 2 0 1 1230 1449 2073 1922
10019 4 2 0 1 822 1589 1044 1921
10020 4 2 0 1 1570 988 1137 909
10021 4 2 0 1 1380 1609 729 727
10022 4 2 0 1 1563 2341 1363 2228
10023 4 2 0 1 1875 1667 1668 1632
10024 4 2 0 1 2365 1545 890 889
10025 4 2 0 1 1636 1062 2192 687
10026 4 2 0 1 1658 2353 1636 2334
10027 4 2 0 1 1686 2268 2273 1525
10028 4 2 0 1 2377 2351 872 837
10029 4 2 0 1 1480 1978 1443 1198
10030 4 2 0 1 1380 729 1609 1610
10031 4 2 0 1 1432 1875 2263 1668
10032 4 2 0 1 1372 1026 1089 669
10033 4 2 0 1 705 706 1683 1158
10034 4 2 0 1 899 2344 900 989
10035 4 2 0 1 2344 1141 900 989
10036 4 2 0 1 740 1679 743 999
10037 4 2 0 1 1432 1875 1668 1625
10038 4 2 0 1 1266 2052 1657 1385
10039 4 2 0 1 887 2308 886 728
10040 4 2 0 1 2055 1266 1268 2050
10041 4 2 0 1 991 2052 1385 1657
10042 4 2 0 1 920 1563 922 796
10043 4 2 0 1 1385 1400 271 1266
10044 4 2 0 1 267 1275 27 28
10045 4 2 0 1 2372 1088 712 2304
10046 4 2 0 1 1643 920 923 993
10047 4 2 0 1 889 1545 890 891
10048 4 2 0 1 2244 1387 933 1083
10049 4 2 0 1 2244 662 1387 1083
10050 4 2 0 1 267 394 1275 28
10051 4 2 0 1 1930 1452 1927 1453
10052 4 2 0 1 1452 653 1079 30
10053 4 2 0 1 1253 2072 1448 1932
10054 4 2 0 1 1923 1230 1932 2072
10055 4 2 0 1 1230 1923 1932 1920
10056 4 2 0 1 662 2244 1164 1186
10057 4 2 0 1 1660 1659 1697 1696
10058 4 2 0 1 2244 944 1164 1186
10059 4 2 0 1 1271 2029 1262 2278
10060 4 2 0 1 1261 2054 2062 1262
10061 4 2 0 1 2271 803 793 792
10062 4 2 0 1 1025 1675 1081 714
10063 4 2 0 1 2185 2188 1334 2073
10064 4 2 0 1 975 1185 956 1671
10065 4 2 0 1 1978 1480 1481 1198
10066 4 2 0 1 1782 1791 2092 1787
10067 4 2 0 1 2346 1141 1128 2344
10068 4 2 0 1 1128 2346 1053 966
10069 4 2 0 1 779 931 1585 1618
10070 4 2 0 1 1141 2346 966 965
10071 4 2 0 1 2355 771 770 769
10072 4 2 0 1 1559 924 1711 1599
10073 4 2 0 1 779 1585 931 789
10074 4 2 0 1 1926 1697 1262 2070
10075 4 2 0 1 1978 1800 1443 1198
10076 4 2 0 1 1723 1269 1669 1421
10077 4 2 0 1 790 1591 786 784
10078 4 2 0 1 1747 1313 1756 1758
10079 4 2 0 1 271 243 338 1266
10080 4 2 0 1 530 79 1373 648
10081 4 2 0 1 41 1456 40 663
10082 4 2 0 1 2144 1669 2143 2142
10083 4 2 0 1 57 1359 1100 2222
10084 4 2 0 1 1357 119 116 505
10085 4 2 0 1 837 1589 902 838
10086 4 2 0 1 2344 900 1128 999
10087 4 2 0 1 1264 2248 2060 2161
10088 4 2 0 1 1679 999 1564 1161
10089 4 2 0 1 1564 1128 1053 765
10090 4 2 0 1 790 1591 784 830
10091 4 2 0 1 1390 2110 1283 1351
10092 4 2 0 1 902 1102 1928 1933
10093 4 2 0 1 2355 1708 768 1010
10094 4 2 0 1 1520 2306 1662 1521
10095 4 2 0 1 2310 1707 1708 1561
10096 4 2 0 1 902 1928 1102 977
10097 4 2 0 1 1015 1654 2303 1021
10098 4 2 0 1 2302 1058 2304 2305
10099 4 2 0 1 2307 1655 1623 2303
10100 4 2 0 1 716 1575 1172 1099
10101 4 2 0 1 1621 1699 1642 1653
10102 4 2 0 1 713 1038 1143 1528
10103 4 2 0 1 924 1118 1711 1172
10104 4 2 0 1 1686 2273 1635 1525
10105 4 2 0 1 2299 2252 2307 2309
10106 4 2 0 1 1721 1389 1489 1511
10107 4 2 0 1 2252 2306 2354 1521
10108 4 2 0 1 1689 1192 1642 1699
10109 4 2 0 1 1721 1389 1511 1985
10110 4 2 0 1 1230 2071 2073 1449
10111 4 2 0 1 1981 2183 1985 2181
10112 4 2 0 1 381 356 1355 2195
10113 4 2 0 1 998 2242 939 996
10114 4 2 0 1 1981 1985 2183 1719
10115 4 2 0 1 1336 1356 543 1371
10116 4 2 0 1 2071 1230 2073 2072
10117 4 2 0 1 1679 745 743 1161
10118 4 2 0 1 2032 2329 1555 2326
10119 4 2 0 1 1158 911 1683 708
10120 4 2 0 1 2032 2225 1555 2329
10121 4 2 0 1 1929 1919 1922 1230
10122 4 2 0 1 2218 2139 2339 1555
10123 4 2 0 1 911 708 731 1683
10124 4 2 0 1 997 2242 996 865
10125 4 2 0 1 2126 2120 2084 2122
10126 4 2 0 1 998 2242 996 997
10127 4 2 0 1 212 2368 629 287
10128 4 2 0 1 637 1515 1513 539
10129 4 2 0 1 1065 5 1465 671
10130 4 2 0 1 2126 2120 2122 1291
10131 4 2 0 1 1865 2141 1815 1429
10132 4 2 0 1 854 1571 1649 875
10133 4 2 0 1 1811 2326 2141 1555
10134 4 2 0 1 40 1373 648 39
10135 4 2 0 1 2052 2246 1657 1110
10136 4 2 0 1 1253 1915 2027 1275
10137 4 2 0 1 1638 1680 1061 1567
10138 4 2 0 1 1814 1875 1874 1298
10139 4 2 0 1 1047 1179 1619 941
10140 4 2 0 1 1255 2216 2217 2035
10141 4 2 0 1 1545 2371 891 1619
10142 4 2 0 1 1522 1379 2308 2241
10143 4 2 0 1 1712 1713 1672 2295
10144 4 2 0 1 1549 714 1548 1674
10145 4 2 0 1 1736 1741 1595 1532
10146 4 2 0 1 2294 2293 1523 1739
10147 4 2 0 1 1610 729 918 730
10148 4 2 0 1 997 2242 865 1704
10149 4 2 0 1 2035 2225 1255 2216
10150 4 2 0 1 2265 1693 1607 2269
10151 4 2 0 1 803 2185 793 955
10152 4 2 0 1 1431 1702 2264 17
10153 4 2 0 1 813 2366 814 2370
10154 4 2 0 1 1731 1232 1732 2036
10155 4 2 0 1 1731 1232 2036 1943
10156 4 2 0 1 1066 2366 813 2370
10157 4 2 0 1 1535 1595 1746 1742
10158 4 2 0 1 758 901 1000 1617
10159 4 2 0 1 748 751 1566 1617
10160 4 2 0 1 1595 1522 1742 1535
10161 4 2 0 1 1917 1916 1229 1849
10162 4 2 0 1 764 752 754 1526
10163 4 2 0 1 1648 914 970 764
10164 4 2 0 1 1964 1963 1753 1754
10165 4 2 0 1 1830 1819 1332 1210
10166 4 2 0 1 1539 1035 1051 659
10167 4 2 0 1 976 1142 1111 1724
10168 4 2 0 1 57 56 1100 1359
10169 4 2 0 1 1069 1533 1142 1724
10170 4 2 0 1 976 1069 1142 1724
10171 4 2 0 1 1759 1747 1757 1751
10172 4 2 0 1 1359 667 1100 2222
10173 4 2 0 1 1187 1722 2222 1100
10174 4 2 0 1 1184 943 693 1557
10175 4 2 0 1 1830 1819 1210 1833
10176 4 2 0 1 2368 427 1343 426
10177 4 2 0 1 376 1476 478 1799
10178 4 2 0 1 1208 1752 1757 1751
10179 4 2 0 1 662 1387 1084 1117
10180 4 2 0 1 1266 458 418 635
10181 4 2 0 1 1474 1306 87 1995
10182 4 2 0 1 1755 1800 1758 1198
10183 4 2 0 1 1387 33 1084 1117
10184 4 2 0 1 1387 1164 32 1117
10185 4 2 0 1 1387 662 1164 1117
10186 4 2 0 1 1800 1335 1758 1317
10187 4 2 0 1 1130 1036 829 2379
10188 4 2 0 1 1528 1529 1649 1527
10189 4 2 0 1 1755 1335 1758 1800
10190 4 2 0 1 1335 1755 1313 1368
10191 4 2 0 1 1930 967 995 1044
10192 4 2 0 1 1759 1757 1313 1414
10193 4 2 0 1 1768 1767 1766 1200
10194 4 2 0 1 2245 903 977 902
10195 4 2 0 1 833 1589 835 1040
10196 4 2 0 1 1652 1550 1674 1651
10197 4 2 0 1 1500 1480 1497 1481
10198 4 2 0 1 1767 1768 1766 2151
10199 4 2 0 1 2243 1942 1945 1548
10200 4 2 0 1 1197 1733 1735 1497
10201 4 2 0 1 1755 1759 1368 1204
10202 4 2 0 1 1204 309 52 100
10203 4 2 0 1 2243 1945 1942 1943
10204 4 2 0 1 1759 1757 1414 1794
10205 4 2 0 1 2159 2214 1766 2151
10206 4 2 0 1 2214 2150 1766 2151
10207 4 2 0 1 1272 2071 2073 2072
10208 4 2 0 1 1372 899 989 1673
10209 4 2 0 1 1367 1796 1517 1794
10210 4 2 0 1 1748 1953 1761 1957
10211 4 2 0 1 1372 989 899 1089
10212 4 2 0 1 1652 1307 1964 1754
10213 4 2 0 1 2310 1592 1520 2305
10214 4 2 0 1 1633 917 1868 1716
10215 4 2 0 1 1880 1876 1877 1590
10216 4 2 0 1 1353 2081 2082 1483
10217 4 2 0 1 2364 1204 1443 1368
10218 4 2 0 1 1491 1448 1918 1640
10219 4 2 0 1 1915 1361 1914 219
10220 4 2 0 1 1923 954 2072 1448
10221 4 2 0 1 1921 1044 1923 1920
10222 4 2 0 1 2285 1685 1598 2189
10223 4 2 0 1 56 667 1100 1359
10224 4 2 0 1 1378 1472 1241 2046
10225 4 2 0 1 1239 1786 1279 1259
10226 4 2 0 1 1783 1284 1784 1320
10227 4 2 0 1 1510 1947 1948 1952
10228 4 2 0 1 1721 1722 2222 1489
10229 4 2 0 1 1941 2020 1243 1252
10230 4 2 0 1 1867 1716 1073 654
10231 4 2 0 1 1243 1511 1951 1389
10232 4 2 0 1 59 1388 1513 1514
10233 4 2 0 1 1934 1937 1938 1257
10234 4 2 0 1 1941 1935 1252 1936
10235 4 2 0 1 2193 1356 1466 1354
10236 4 2 0 1 2078 1273 2076 1780
10237 4 2 0 1 1914 1265 1271 2029
10238 4 2 0 1 2319 2268 1686 1525
10239 4 2 0 1 2067 2056 2069 1268
10240 4 2 0 1 1268 1391 1400 1470
10241 4 2 0 1 1770 1374 1267 2064
10242 4 2 0 1 1278 394 28 1275
10243 4 2 0 1 1020 1182 1169 1561
10244 4 2 0 1 1915 1253 1913 1275
10245 4 2 0 1 2083 1912 1908 1228
10246 4 2 0 1 1909 68 410 470
10247 4 2 0 1 1448 1491 1913 1275
10248 4 2 0 1 1320 2134 1893 1784
10249 4 2 0 1 1801 1803 1806 2118
10250 4 2 0 1 1909 68 470 1486
10251 4 2 0 1 1983 1255 2216 2217
10252 4 2 0 1 1236 1959 1988 1339
10253 4 2 0 1 2165 2164 2166 2100
10254 4 2 0 1 2156 1281 2100 2043
10255 4 2 0 1 1787 1782 2104 1285
10256 4 2 0 1 2113 2127 2085 1302
10257 4 2 0 1 1982 2201 1984 2343
10258 4 2 0 1 2230 2229 2231 2226
10259 4 2 0 1 1809 1207 1813 1812
10260 4 2 0 1 98 59 637 1514
10261 4 2 0 1 1997 1995 1306 1248
10262 4 2 0 1 2195 1463 2019 2206
10263 4 2 0 1 2195 2016 2019 1355
10264 4 2 0 1 2079 2083 2087 2081
10265 4 2 0 1 1515 2021 2022 1252
10266 4 2 0 1 2022 1516 1936 1354
10267 4 2 0 1 62 23 564 1487
10268 4 2 0 1 564 1486 1907 1487
10269 4 2 0 1 419 277 1478 322
10270 4 2 0 1 1477 322 429 1478
10271 4 2 0 1 1222 1894 1891 1818
10272 4 2 0 1 1912 1487 1906 1486
10273 4 2 0 1 1167 1923 1004 954
10274 4 2 0 1 322 419 429 1478
10275 4 2 0 1 1825 634 559 1326
10276 4 2 0 1 1819 1825 559 1326
10277 4 2 0 1 359 1479 275 528
10278 4 2 0 1 1330 1331 1817 1332
10279 4 2 0 1 1821 1826 1824 1827
10280 4 2 0 1 275 1330 1479 1332
10281 4 2 0 1 1167 1923 954 1671
10282 4 2 0 1 1673 1508 1700 1337
10283 4 2 0 1 2198 1982 1337 1242
10284 4 2 0 1 1305 342 2254 91
10285 4 2 0 1 2141 1862 1815 2137
10286 4 2 0 1 2277 1541 1905 1297
10287 4 2 0 1 1510 624 1233 1488
10288 4 2 0 1 1348 1722 1983 2217
10289 4 2 0 1 1305 342 91 632
10290 4 2 0 1 2216 2218 2035 1555
10291 4 2 0 1 1207 1295 1813 2140
10292 4 2 0 1 1790 1282 2297 1990
10293 4 2 0 1 1990 1339 2132 1793
10294 4 2 0 1 2083 2088 2087 2081
10295 4 2 0 1 1941 2095 1939 1257
10296 4 2 0 1 2045 122 120 121
10297 4 2 0 1 1358 2045 2047 120
10298 4 2 0 1 1319 123 1970 1973
10299 4 2 0 1 134 133 147 1322
10300 4 2 0 1 1506 1795 1367 527
10301 4 2 0 1 2079 2087 2084 2081
10302 4 2 0 1 2175 1506 1796 1367
10303 4 2 0 1 273 1367 217 1506
10304 4 2 0 1 1475 1378 1472 1241
10305 4 2 0 1 1441 1475 1384 1241
10306 4 2 0 1 1475 1378 1241 1441
10307 4 2 0 1 1305 342 632 89
10308 4 2 0 1 1897 1904 1902 1896
10309 4 2 0 1 839 1055 742 1594
10310 4 2 0 1 861 971 950 1581
10311 4 2 0 1 867 1614 1465 1065
10312 4 2 0 1 1539 1651 1051 720
10313 4 2 0 1 2088 2086 2087 2081
10314 4 2 0 1 2087 2086 2084 2081
10315 4 2 0 1 513 514 1438 65
10316 4 2 0 1 487 553 367 1398
10317 4 2 0 1 1438 1398 600 65
10318 4 2 0 1 1398 1427 1430 1425
10319 4 2 0 1 1398 1438 587 65
10320 4 2 0 1 12 1437 1508 1899
10321 4 2 0 1 1507 1700 1333 1371
10322 4 2 0 1 1982 2201 2343 2196
10323 4 2 0 1 381 1336 543 66
10324 4 2 0 1 1305 342 89 2254
10325 4 2 0 1 1899 1434 1901 1225
10326 4 2 0 1 1895 2178 1328 2179
10327 4 2 0 1 1485 2176 1328 2177
10328 4 2 0 1 2176 1485 1328 2178
10329 4 2 0 1 1418 226 453 263
10330 4 2 0 1 92 2254 504 1474
10331 4 2 0 1 2006 2205 2008 2014
10332 4 2 0 1 2177 158 1327 167
10333 4 2 0 1 1485 2177 1328 1327
10334 4 2 0 1 485 1418 1890 1479
10335 4 2 0 1 1702 2263 1852 1216
10336 4 2 0 1 2161 1559 2060 1264
10337 4 2 0 1 1860 1122 897 1715
10338 4 2 0 1 504 2254 92 352
10339 4 2 0 1 359 1479 1882 1884
10340 4 2 0 1 1882 1886 1881 2256
10341 4 2 0 1 2147 2059 1265 1261
10342 4 2 0 1 2133 1853 2134 2136
10343 4 2 0 1 2197 2275 1296 1440
10344 4 2 0 1 1225 1436 1896 1435
10345 4 2 0 1 706 2305 1622 1683
10346 4 2 0 1 1875 1667 1632 1874
10347 4 2 0 1 1063 1431 1703 1541
10348 4 2 0 1 1079 29 1687 1452
10349 4 2 0 1 267 509 1275 395
10350 4 2 0 1 1004 661 1687 1029
10351 4 2 0 1 2378 301 299 300
10352 4 2 0 1 1260 2055 2058 1261
10353 4 2 0 1 1930 1079 967 1687
10354 4 2 0 1 1278 1448 1029 1687
10355 4 2 0 1 1278 1163 28 1029
10356 4 2 0 1 1452 30 64 1453
10357 4 2 0 1 903 2244 838 1931
10358 4 2 0 1 2372 1050 1036 2379
10359 4 2 0 1 386 445 1910 611
10360 4 2 0 1 1228 1486 1912 1909
10361 4 2 0 1 423 1361 308 424
10362 4 2 0 1 1486 1491 1228 1640
10363 4 2 0 1 2342 739 737 899
10364 4 2 0 1 323 430 1910 611
10365 4 2 0 1 205 1832 1469 222
10366 4 2 0 1 205 1832 222 223
10367 4 2 0 1 201 1469 204 203
10368 4 2 0 1 2095 2026 2094 2093
10369 4 2 0 1 2126 2120 1291 1290
10370 4 2 0 1 540 1825 270 567
10371 4 2 0 1 250 256 248 2254
10372 4 2 0 1 1515 1502 1513 539
10373 4 2 0 1 1683 912 731 911
10374 4 2 0 1 2342 738 737 739
10375 4 2 0 1 1035 1539 1051 720
10376 4 2 0 1 1413 303 331 1473
10377 4 2 0 1 1447 7 1365 1382
10378 4 2 0 1 1334 1870 2191 2188
10379 4 2 0 1 1872 2258 1871 1531
10380 4 2 0 1 1272 2280 1869 1870
10381 4 2 0 1 1461 1850 2280 1869
10382 4 2 0 1 454 1517 50 1405
10383 4 2 0 1 1560 2062 2054 2061
10384 4 2 0 1 1752 1759 1757 1751
10385 4 2 0 1 1971 1977 1376 1980
10386 4 2 0 1 2159 1965 2160 1701
10387 4 2 0 1 672 10 1408 11
10388 4 2 0 1 591 1437 1508 12
10389 4 2 0 1 1508 1900 1700 1337
10390 4 2 0 1 1362 1982 1983 1981
10391 4 2 0 1 51 454 50 1405
10392 4 2 0 1 1965 1299 1701 2162
10393 4 2 0 1 1549 1057 714 1006
10394 4 2 0 1 2115 1805 2116 1288
10395 4 2 0 1 1530 1680 2316 1646
10396 4 2 0 1 849 1527 851 1571
10397 4 2 0 1 1114 1527 1665 1649
10398 4 2 0 1 909 1570 1529 1074
10399 4 2 0 1 848 850 1646 1680
10400 4 2 0 1 1539 1651 1307 1051
10401 4 2 0 1 1810 2348 2347 1874
10402 4 2 0 1 1554 1346 2209 1861
10403 4 2 0 1 1346 1862 2139 1857
10404 4 2 0 1 1207 1816 1814 1537
10405 4 2 0 1 1638 1097 1546 782
10406 4 2 0 1 782 1638 1694 1546
10407 4 2 0 1 1638 1097 782 982
10408 4 2 0 1 1971 1376 1977 1202
10409 4 2 0 1 1011 1656 1663 1662
10410 4 2 0 1 2305 2372 1584 712
10411 4 2 0 1 1195 1542 2322 1737
10412 4 2 0 1 1686 1635 1583 1525
10413 4 2 0 1 2322 1195 1737 1736
10414 4 2 0 1 2326 2290 1495 2291
10415 4 2 0 1 1676 1523 1691 1672
10416 4 2 0 1 2350 1723 1070 1421
10417 4 2 0 1 2348 1433 2322 1542
10418 4 2 0 1 1368 1366 1794 1414
10419 4 2 0 1 1698 1299 1724 1312
10420 4 2 0 1 1606 784 1591 1567
10421 4 2 0 1 783 1606 781 1692
10422 4 2 0 1 1680 1530 2313 1527
10423 4 2 0 1 1680 1639 1638 2313
10424 4 2 0 1 1618 780 781 1692
10425 4 2 0 1 2044 1377 1279 1259
10426 4 2 0 1 843 1 1562 2
10427 4 2 0 1 1638 1519 2313 1639
10428 4 2 0 1 1810 2232 1569 2347
10429 4 2 0 1 843 1562 1 1151
10430 4 2 0 1 2349 2332 1542 2347
10431 4 2 0 1 1204 1366 1794 1368
10432 4 2 0 1 1666 1626 1144 1573
10433 4 2 0 1 747 766 765 1613
10434 4 2 0 1 1388 1562 1 2
10435 4 2 0 1 706 1622 704 705
10436 4 2 0 1 765 1128 1161 1564
10437 4 2 0 1 1388 1 1562 1151
10438 4 2 0 1 1171 766 1613 765
10439 4 2 0 1 976 2142 1723 1724
10440 4 2 0 1 1712 2238 2249 1395
10441 4 2 0 1 906 905 2161 2249
10442 4 2 0 1 1264 2159 2151 2214
10443 4 2 0 1 413 338 1385 548
10444 4 2 0 1 1712 1575 1172 1147
10445 4 2 0 1 1839 1210 1829 1830
10446 4 2 0 1 1069 1070 906 2161
10447 4 2 0 1 1264 2248 2161 2160
10448 4 2 0 1 2078 2215 1263 2060
10449 4 2 0 1 1153 1562 1105 946
10450 4 2 0 1 1886 1838 2257 1215
10451 4 2 0 1 1240 610 55 138
10452 4 2 0 1 1447 736 1465 735
10453 4 2 0 1 413 1385 338 1266
10454 4 2 0 1 1447 1615 1717 1465
10455 4 2 0 1 1362 1348 2135 1981
10456 4 2 0 1 1666 921 994 1078
10457 4 2 0 1 2126 2113 1290 1291
10458 4 2 0 1 2199 1982 2200 1983
10459 4 2 0 1 1626 1628 1573 2228
10460 4 2 0 1 1808 1629 2227 1810
10461 4 2 0 1 993 2277 994 1064
10462 4 2 0 1 1677 1373 972 1385
10463 4 2 0 1 1808 1627 1298 2227
10464 4 2 0 1 2276 1643 2277 2228
10465 4 2 0 1 2315 790 830 1591
10466 4 2 0 1 1630 1611 963 1636
10467 4 2 0 1 1677 972 1373 1174
10468 4 2 0 1 691 1635 1525 1583
10469 4 2 0 1 689 943 1165 1583
10470 4 2 0 1 2333 2186 2192 2187
10471 4 2 0 1 1637 2186 1636 2353
10472 4 2 0 1 1411 1377 1279 1257
10473 4 2 0 1 1886 2257 1838 1213
10474 4 2 0 1 686 1684 716 684
10475 4 2 0 1 1655 1654 2303 1656
10476 4 2 0 1 1596 828 774 776
10477 4 2 0 1 1013 1654 1014 1656
10478 4 2 0 1 1019 1520 1708 1020
10479 4 2 0 1 1645 1181 1705 1018
10480 4 2 0 1 1518 1525 2273 2269
10481 4 2 0 1 2307 1624 1534 2299
10482 4 2 0 1 716 1684 686 1688
10483 4 2 0 1 2332 1195 2331 1737
10484 4 2 0 1 1403 1245 1246 362
10485 4 2 0 1 1664 1521 2250 2355
10486 4 2 0 1 1808 1629 1810 2226
10487 4 2 0 1 1568 1628 1569 1573
10488 4 2 0 1 796 1628 775 919
10489 4 2 0 1 1611 1658 1524 2353
10490 4 2 0 1 1667 1666 1668 1632
10491 4 2 0 1 1212 1838 1213 1886
10492 4 2 0 1 1905 1627 2277 1297
10493 4 2 0 1 1265 2058 2147 1261
10494 4 2 0 1 1923 967 1004 1687
10495 4 2 0 1 1644 1927 1925 2247
10496 4 2 0 1 1046 2192 1709 1681
10497 4 2 0 1 1681 2192 1449 2340
10498 4 2 0 1 1681 1598 1599 1710
10499 4 2 0 1 2286 2191 2284 1870
10500 4 2 0 1 1600 2061 1599 1574
10501 4 2 0 1 1600 2061 1574 1697
10502 4 2 0 1 1685 1601 2282 1450
10503 4 2 0 1 2262 2281 2259 2336
10504 4 2 0 1 1196 1733 1497 1499
10505 4 2 0 1 1944 1379 2288 2243
10506 4 2 0 1 2033 1728 2222 1194
10507 4 2 0 1 2036 2031 2033 1732
10508 4 2 0 1 2287 2290 2291 2288
10509 4 2 0 1 2289 1704 2242 1379
10510 4 2 0 1 1650 723 1674 1609
10511 4 2 0 1 2294 2290 2288 1495
10512 4 2 0 1 1212 1836 1839 1213
10513 4 2 0 1 1608 1594 742 1679
10514 4 2 0 1 1037 1526 764 754
10515 4 2 0 1 1616 1030 1043 840
10516 4 2 0 1 1608 742 1594 741
10517 4 2 0 1 1920 2351 1922 1921
10518 4 2 0 1 1658 2333 1630 1545
10519 4 2 0 1 684 1684 1709 685
10520 4 2 0 1 683 684 1709 685
10521 4 2 0 1 2154 173 218 2153
10522 4 2 0 1 2251 1743 2289 2354
10523 4 2 0 1 1684 1582 685 686
10524 4 2 0 1 1261 1265 1262 2062
10525 4 2 0 1 2277 2276 1905 1440
10526 4 2 0 1 1954 1734 1256 2039
10527 4 2 0 1 2159 2214 1308 1955
10528 4 2 0 1 1256 1725 1731 1734
10529 4 2 0 1 1308 1964 1957 2039
10530 4 2 0 1 1302 2113 1483 2085
10531 4 2 0 1 2224 2225 1813 2140
10532 4 2 0 1 2354 1522 2308 2309
10533 4 2 0 1 2214 2124 2038 1235
10534 4 2 0 1 1777 1347 2123 2209
10535 4 2 0 1 2238 2215 1308 2160
10536 4 2 0 1 1954 1953 1957 1955
10537 4 2 0 1 2260 2348 1531 2323
10538 4 2 0 1 2114 2125 1291 2127
10539 4 2 0 1 1954 1256 1727 2038
10540 4 2 0 1 1235 1954 1727 2038
10541 4 2 0 1 2325 2141 2323 2326
10542 4 2 0 1 2293 2295 2296 2292
10543 4 2 0 1 1676 1595 2241 1523
10544 4 2 0 1 2238 2239 1370 1610
10545 4 2 0 1 1595 1736 1532 1746
10546 4 2 0 1 1195 1745 2322 2232
10547 4 2 0 1 1946 1731 2039 1370
10548 4 2 0 1 2105 1959 1236 1339
10549 4 2 0 1 1988 1960 1959 1236
10550 4 2 0 1 2214 2215 1308 2038
10551 4 2 0 1 1397 1317 1420 1781
10552 4 2 0 1 1974 1987 1236 1960
10553 4 2 0 1 1399 617 1415 1484
10554 4 2 0 1 1987 1976 1974 1238
10555 4 2 0 1 1974 2202 1960 1236
10556 4 2 0 1 1763 1761 1756 1199
10557 4 2 0 1 1317 181 209 187
10558 4 2 0 1 1987 1974 1989 1238
10559 4 2 0 1 1957 1762 1208 1292
10560 4 2 0 1 1762 1761 1292 1957
10561 4 2 0 1 2144 1764 1419 1771
10562 4 2 0 1 1839 1837 1213 1836
10563 4 2 0 1 1747 1756 1199 1758
10564 4 2 0 1 459 183 1374 163
10565 4 2 0 1 141 1760 142 143
10566 4 2 0 1 1386 2128 1301 1767
10567 4 2 0 1 1461 1850 1774 1773
10568 4 2 0 1 1850 1774 1869 1461
10569 4 2 0 1 2337 2336 2338 2259
10570 4 2 0 1 1495 2294 2296 2034
10571 4 2 0 1 571 332 1413 577
10572 4 2 0 1 1461 2259 1774 2261
10573 4 2 0 1 1784 1856 1891 1293
10574 4 2 0 1 1415 2003 1416 1399
10575 4 2 0 1 1783 2129 2131 2104
10576 4 2 0 1 679 948 1660 677
10577 4 2 0 1 1597 1602 2250 1588
10578 4 2 0 1 1728 2033 2217 2035
10579 4 2 0 1 1954 1955 1308 2038
10580 4 2 0 1 1441 1378 1239 1412
10581 4 2 0 1 1203 1793 1320 1783
10582 4 2 0 1 1696 1660 948 677
10583 4 2 0 1 1792 2090 1788 2092
10584 4 2 0 1 1539 1035 659 1572
10585 4 2 0 1 1211 1824 1806 1821
10586 4 2 0 1 1212 1836 1213 1838
10587 4 2 0 1 1801 1805 1802 1807
10588 4 2 0 1 1288 2115 2107 2116
10589 4 2 0 1 2169 2168 2118 2099
10590 4 2 0 1 1889 1843 1802 1807
10591 4 2 0 1 1293 1216 1856 1855
10592 4 2 0 1 1886 1889 1222 1428
10593 4 2 0 1 1802 1805 1806 1206
10594 4 2 0 1 1362 1904 2199 1902
10595 4 2 0 1 1407 1408 1508 1700
10596 4 2 0 1 1837 1838 1213 1836
10597 4 2 0 1 1898 1897 1902 1896
10598 4 2 0 1 1696 948 1660 1659
10599 4 2 0 1 1107 953 1668 994
10600 4 2 0 1 1209 1820 1828 1824
10601 4 2 0 1 2176 1325 1209 1818
10602 4 2 0 1 1310 2102 2156 1822
10603 4 2 0 1 1329 1331 1326 1817
10604 4 2 0 1 1332 400 520 643
10605 4 2 0 1 1332 520 400 1830
10606 4 2 0 1 1779 2074 2279 1849
10607 4 2 0 1 1222 1885 1894 1818
10608 4 2 0 1 1820 1310 2170 2166
10609 4 2 0 1 1295 1813 1904 1905
10610 4 2 0 1 2102 1822 1818 2155
10611 4 2 0 1 1311 1803 2117 2171
10612 4 2 0 1 1808 1627 1297 1298
10613 4 2 0 1 1211 240 500 644
10614 4 2 0 1 389 1211 500 644
10615 4 2 0 1 1298 1668 1627 1297
10616 4 2 0 1 1245 641 94 1994
10617 4 2 0 1 1298 1627 1668 1667
10618 4 2 0 1 1843 2257 1214 2210
10619 4 2 0 1 1837 1838 1214 1843
10620 4 2 0 1 2109 2120 2115 2117
10621 4 2 0 1 1857 2138 1295 1216
10622 4 2 0 1 2277 1064 1541 1668
10623 4 2 0 1 18 1860 19 1883
10624 4 2 0 1 2049 2030 2247 1451
10625 4 2 0 1 1865 1859 1862 1858
10626 4 2 0 1 1876 1879 883 1590
10627 4 2 0 1 951 1632 952 932
10628 4 2 0 1 1879 1632 951 1590
10629 4 2 0 1 2338 2259 1547 2260
10630 4 2 0 1 1863 1774 1214 1861
10631 4 2 0 1 1880 1876 1590 1220
10632 4 2 0 1 1576 1632 951 932
10633 4 2 0 1 2264 18 1056 17
10634 4 2 0 1 1879 883 949 1867
10635 4 2 0 1 1576 951 1632 1590
10636 4 2 0 1 2258 1462 1872 2261
10637 4 2 0 1 23 656 1640 1641
10638 4 2 0 1 1876 1872 1579 1867
10639 4 2 0 1 1868 1872 1579 1870
10640 4 2 0 1 1312 1539 659 1572
10641 4 2 0 1 2172 20 19 77
10642 4 2 0 1 2172 1882 401 1883
10643 4 2 0 1 1498 667 985 55
10644 4 2 0 1 2325 1547 2323 2260
10645 4 2 0 1 1219 1774 2261 1869
10646 4 2 0 1 1911 1844 1277 1829
10647 4 2 0 1 1325 1329 1326 1817
10648 4 2 0 1 1324 1325 1823 2177
10649 4 2 0 1 1209 1822 1818 1828
10650 4 2 0 1 1802 1889 1206 1222
10651 4 2 0 1 1223 1270 1894 1418
10652 4 2 0 1 1894 1892 1856 1891
10653 4 2 0 1 1310 1887 1888 1828
10654 4 2 0 1 150 151 2167 1823
10655 4 2 0 1 2158 1304 2176 2155
10656 4 2 0 1 2030 1278 1452 1451
10657 4 2 0 1 1467 1350 189 1327
10658 4 2 0 1 2263 1295 1851 1903
10659 4 2 0 1 1899 1900 1508 1902
10660 4 2 0 1 1995 92 89 87
10661 4 2 0 1 1483 2113 1290 2085
10662 4 2 0 1 2263 1295 1903 1297
10663 4 2 0 1 1628 1563 2228 1626
10664 4 2 0 1 1628 1629 1573 2228
10665 4 2 0 1 1253 1278 1448 1275
10666 4 2 0 1 1361 465 1914 219
10667 4 2 0 1 1253 2027 1278 1275
10668 4 2 0 1 1912 1916 1917 1228
10669 4 2 0 1 2237 2236 2233 2234
10670 4 2 0 1 2254 1995 89 1305
10671 4 2 0 1 76 1316 498 638
10672 4 2 0 1 2244 903 2245 1931
10673 4 2 0 1 1919 1920 1932 1930
10674 4 2 0 1 838 1589 902 1931
10675 4 2 0 1 31 30 1453 64
10676 4 2 0 1 1933 1589 902 2351
10677 4 2 0 1 1427 1398 1435 2204
10678 4 2 0 1 2030 2027 1278 1451
10679 4 2 0 1 2180 1329 1328 1817
10680 4 2 0 1 1278 1448 1687 1932
10681 4 2 0 1 1817 1328 1818 1325
10682 4 2 0 1 832 1589 1044 822
10683 4 2 0 1 2002 1939 1314 1231
10684 4 2 0 1 1895 2178 1818 1328
10685 4 2 0 1 1314 538 176 1503
10686 4 2 0 1 1582 1637 1612 1611
10687 4 2 0 1 1721 2174 1348 1986
10688 4 2 0 1 1790 1986 2297 1512
10689 4 2 0 1 76 1316 638 1460
10690 4 2 0 1 544 353 1482 563
10691 4 2 0 1 570 1466 82 1318
10692 4 2 0 1 1978 1198 1976 1798
10693 4 2 0 1 544 1482 353 2113
10694 4 2 0 1 2161 905 1307 2249
10695 4 2 0 1 2193 1502 1466 1318
10696 4 2 0 1 2295 2238 1370 1610
10697 4 2 0 1 475 2253 139 1423
10698 4 2 0 1 1134 1630 963 1636
10699 4 2 0 1 905 1069 906 2161
10700 4 2 0 1 1550 1652 1197 1754
10701 4 2 0 1 1733 1748 1751 1237
10702 4 2 0 1 54 1498 985 55
10703 4 2 0 1 83 1466 84 1474
10704 4 2 0 1 2215 2238 2039 1395
10705 4 2 0 1 1263 2336 2213 1780
10706 4 2 0 1 2194 2017 2022 1354
10707 4 2 0 1 1198 1196 1749 1481
10708 4 2 0 1 1895 2155 1818 2178
10709 4 2 0 1 1509 1401 1980 1475
10710 4 2 0 1 1688 1462 1612 1686
10711 4 2 0 1 1781 1798 1317 1202
10712 4 2 0 1 1442 573 1509 616
10713 4 2 0 1 1750 1202 1976 1781
10714 4 2 0 1 562 492 1980 493
10715 4 2 0 1 1472 562 493 502
10716 4 2 0 1 562 1401 1980 492
10717 4 2 0 1 1401 562 1980 1475
10718 4 2 0 1 1800 1978 1798 1198
10719 4 2 0 1 573 334 1509 450
10720 4 2 0 1 475 2253 1423 357
10721 4 2 0 1 1978 1800 1798 1444
10722 4 2 0 1 1974 1967 1989 1238
10723 4 2 0 1 1800 1198 1798 1317
10724 4 2 0 1 1985 1320 1986 2135
10725 4 2 0 1 1320 2134 1986 2135
10726 4 2 0 1 2024 1320 1243 1985
10727 4 2 0 1 650 1516 1938 1410
10728 4 2 0 1 1348 1985 1986 2135
10729 4 2 0 1 2134 1348 1986 2135
10730 4 2 0 1 421 1249 1250 325
10731 4 2 0 1 421 422 1445 324
10732 4 2 0 1 2006 2011 2014 2009
10733 4 2 0 1 1992 1991 2002 1247
10734 4 2 0 1 1991 1940 1246 1992
10735 4 2 0 1 1251 1935 2019 2194
10736 4 2 0 1 1817 1328 1325 1329
10737 4 2 0 1 182 1403 469 2004
10738 4 2 0 1 2005 2002 1998 1999
10739 4 2 0 1 245 1246 247 246
10740 4 2 0 1 475 2253 357 621
10741 4 2 0 1 2042 2044 2043 2100
10742 4 2 0 1 1284 2101 1891 2102
10743 4 2 0 1 2005 2158 2157 1304
10744 4 2 0 1 2016 2015 2017 1507
10745 4 2 0 1 1242 1631 1717 1388
10746 4 2 0 1 1382 7 1365 1318
10747 4 2 0 1 2236 1603 1409 1605
10748 4 2 0 1 93 421 1250 439
10749 4 2 0 1 1251 2011 2019 1935
10750 4 2 0 1 326 417 2206 335
10751 4 2 0 1 175 1314 176 2004
10752 4 2 0 1 1995 1354 1474 1306
10753 4 2 0 1 475 2253 621 139
10754 4 2 0 1 1451 1924 2278 1932
10755 4 2 0 1 1917 1916 1918 1228
10756 4 2 0 1 1491 1640 1918 1228
10757 4 2 0 1 1560 2062 2063 2059
10758 4 2 0 1 2339 2325 2034 1555
10759 4 2 0 1 2294 2296 2293 1495
10760 4 2 0 1 1955 2214 1308 2038
10761 4 2 0 1 1235 2214 1955 2038
10762 4 2 0 1 2294 1691 2292 1370
10763 4 2 0 1 1964 2238 1946 2039
10764 4 2 0 1 2037 2296 2034 2325
10765 4 2 0 1 1285 1785 2092 1786
10766 4 2 0 1 1966 1786 1239 1259
10767 4 2 0 1 1966 1786 1259 1785
10768 4 2 0 1 2044 1792 1281 2092
10769 4 2 0 1 2044 2047 2092 2100
10770 4 2 0 1 2159 2160 1264 2163
10771 4 2 0 1 2161 1540 1964 1307
10772 4 2 0 1 679 1558 948 718
10773 4 2 0 1 1260 2055 1261 2050
10774 4 2 0 1 2058 2055 2051 418
10775 4 2 0 1 2051 2055 2050 1266
10776 4 2 0 1 1386 2128 1767 1406
10777 4 2 0 1 1272 2072 1633 1918
10778 4 2 0 1 1916 1779 2079 1274
10779 4 2 0 1 112 2357 110 111
10780 4 2 0 1 1779 2079 1276 1776
10781 4 2 0 1 2062 1265 1262 1271
10782 4 2 0 1 1600 679 1574 680
10783 4 2 0 1 1929 1449 1682 2070
10784 4 2 0 1 1710 2061 1682 2070
10785 4 2 0 1 1924 1926 1254 2278
10786 4 2 0 1 2050 2054 1261 1260
10787 4 2 0 1 1924 1925 1254 1926
10788 4 2 0 1 1451 1452 1927 1932
10789 4 2 0 1 112 2357 111 1412
10790 4 2 0 1 1134 1162 963 1630
10791 4 2 0 1 954 1923 2072 1671
10792 4 2 0 1 1670 954 2072 1671
10793 4 2 0 1 1223 1427 1398 1890
10794 4 2 0 1 2285 1709 1684 1612
10795 4 2 0 1 2082 2088 2083 2081
10796 4 2 0 1 1483 525 1482 345
10797 4 2 0 1 2146 2028 219 218
10798 4 2 0 1 2083 2079 1916 1914
10799 4 2 0 1 525 1353 198 195
10800 4 2 0 1 563 525 345 1482
10801 4 2 0 1 563 228 525 1482
10802 4 2 0 1 2180 1329 1817 1330
10803 4 2 0 1 690 689 688 1635
10804 4 2 0 1 2080 2082 1483 193
10805 4 2 0 1 2000 1247 1996 1999
10806 4 2 0 1 2083 1842 1274 2087
10807 4 2 0 1 1848 1847 1846 1774
10808 4 2 0 1 1276 1274 1846 1845
10809 4 2 0 1 2257 1889 1428 2131
10810 4 2 0 1 405 588 561 1375
10811 4 2 0 1 1935 2011 2010 1315
10812 4 2 0 1 1935 1280 1315 1941
10813 4 2 0 1 2078 2214 2059 2077
10814 4 2 0 1 1811 2140 1555 2137
10815 4 2 0 1 1892 1893 1784 2094
10816 4 2 0 1 1894 1284 1891 2155
10817 4 2 0 1 1784 1856 1293 1854
10818 4 2 0 1 2379 2311 1050 761
10819 4 2 0 1 1892 1854 1784 1893
10820 4 2 0 1 2220 1787 2103 2098
10821 4 2 0 1 1889 2257 2210 2131
10822 4 2 0 1 1346 2257 1855 2131
10823 4 2 0 1 2129 1293 2132 2130
10824 4 2 0 1 1339 1289 2132 2104
10825 4 2 0 1 1882 1890 487 1426
10826 4 2 0 1 1293 1428 2131 1855
10827 4 2 0 1 1293 1346 2131 2132
10828 4 2 0 1 2125 2207 2114 1345
10829 4 2 0 1 1882 487 1890 485
10830 4 2 0 1 1958 2202 1397 1338
10831 4 2 0 1 1961 2105 1962 1291
10832 4 2 0 1 2109 2105 2120 1291
10833 4 2 0 1 1843 1837 1213 1841
10834 4 2 0 1 1256 1730 1193 1725
10835 4 2 0 1 1290 2086 2085 2084
10836 4 2 0 1 1286 2219 2108 2111
10837 4 2 0 1 1284 2093 1320 1203
10838 4 2 0 1 2020 2094 1280 2026
10839 4 2 0 1 1279 2044 2090 2091
10840 4 2 0 1 1283 1972 1973 1968
10841 4 2 0 1 1782 1792 1783 1203
10842 4 2 0 1 515 262 1361 649
10843 4 2 0 1 1284 1203 1320 1783
10844 4 2 0 1 2285 1685 2282 1450
10845 4 2 0 1 1812 1207 1813 2140
10846 4 2 0 1 1244 1728 1726 1360
10847 4 2 0 1 1595 2320 1741 1593
10848 4 2 0 1 2352 2272 1524 2353
10849 4 2 0 1 1790 2130 1793 1990
10850 4 2 0 1 675 1696 991 677
10851 4 2 0 1 1731 1370 2296 2037
10852 4 2 0 1 1946 1731 1370 1943
10853 4 2 0 1 1774 2211 1861 1554
10854 4 2 0 1 1865 1862 1859 1815
10855 4 2 0 1 1865 1774 1861 1554
10856 4 2 0 1 1769 1396 1770 1767
10857 4 2 0 1 675 1696 677 1634
10858 4 2 0 1 1974 1971 1238 1977
10859 4 2 0 1 503 1416 148 2001
10860 4 2 0 1 2161 2160 1701 2163
10861 4 2 0 1 831 1592 1169 1561
10862 4 2 0 1 2057 1264 2152 2059
10863 4 2 0 1 1946 1942 1943 1691
10864 4 2 0 1 1304 2176 2155 2178
10865 4 2 0 1 1319 1969 1970 412
10866 4 2 0 1 1304 2012 1270 2178
10867 4 2 0 1 2178 2255 1304 1424
10868 4 2 0 1 1418 1270 1894 1895
10869 4 2 0 1 1817 2180 1330 1885
10870 4 2 0 1 1469 205 203 384
10871 4 2 0 1 365 1820 2166 202
10872 4 2 0 1 2169 1835 1493 291
10873 4 2 0 1 1970 519 1420 128
10874 4 2 0 1 1322 2040 2042 1459
10875 4 2 0 1 2012 1304 2009 2157
10876 4 2 0 1 1322 2165 2043 2167
10877 4 2 0 1 1830 1832 1829 1227
10878 4 2 0 1 1309 1322 2043 2167
10879 4 2 0 1 1857 1862 2137 2138
10880 4 2 0 1 1811 2329 1555 2225
10881 4 2 0 1 2093 1792 1284 2095
10882 4 2 0 1 1792 1284 1783 1203
10883 4 2 0 1 1790 1986 1512 1789
10884 4 2 0 1 1844 1277 1829 1841
10885 4 2 0 1 1722 1718 1104 1719
10886 4 2 0 1 1722 1104 1187 1719
10887 4 2 0 1 1801 1802 1806 1829
10888 4 2 0 1 1985 1348 1981 2135
10889 4 2 0 1 1556 1718 1984 2343
10890 4 2 0 1 1168 1565 2196 673
10891 4 2 0 1 2275 2199 1902 2196
10892 4 2 0 1 1140 1064 666 1541
10893 4 2 0 1 1919 1933 1928 2340
10894 4 2 0 1 683 1046 1709 1681
10895 4 2 0 1 803 2185 955 2188
10896 4 2 0 1 1681 1709 1598 2189
10897 4 2 0 1 1850 1779 2279 1849
10898 4 2 0 1 2134 2133 2136 2135
10899 4 2 0 1 2230 2229 2226 2200
10900 4 2 0 1 1543 1813 2225 1812
10901 4 2 0 1 1404 1551 1072 1553
10902 4 2 0 1 635 1266 215 418
10903 4 2 0 1 2023 2018 2204 2015
10904 4 2 0 1 1248 2019 1463 2010
10905 4 2 0 1 1223 1471 1398 2008
10906 4 2 0 1 1892 1223 2014 1894
10907 4 2 0 1 2217 1728 2035 1729
10908 4 2 0 1 1862 1346 1861 1864
10909 4 2 0 1 1312 1539 1533 659
10910 4 2 0 1 1339 1793 2104 2132
10911 4 2 0 1 2034 2037 1193 1731
10912 4 2 0 1 1347 2338 2037 2339
10913 4 2 0 1 1495 2032 2034 2326
10914 4 2 0 1 1808 1810 1816 2226
10915 4 2 0 1 1816 1809 2226 1812
10916 4 2 0 1 1816 1809 1812 1207
10917 4 2 0 1 1816 1809 1207 1808
10918 4 2 0 1 1816 1809 1808 2226
10919 4 2 0 1 2346 2236 1364 2343
10920 4 2 0 1 1708 1707 1409 1613
10921 4 2 0 1 1614 1030 1121 867
10922 4 2 0 1 1556 898 894 1984
10923 4 2 0 1 1277 1829 1806 1831
10924 4 2 0 1 2235 894 2330 1984
10925 4 2 0 1 2330 2235 1984 1543
10926 4 2 0 1 2200 1983 1984 1543
10927 4 2 0 1 2235 1556 894 1984
10928 4 2 0 1 1930 1453 1927 1931
10929 4 2 0 1 1266 2055 215 418
10930 4 2 0 1 1831 1911 1829 1832
10931 4 2 0 1 1924 1919 1927 1928
10932 4 2 0 1 1387 1135 934 933
10933 4 2 0 1 664 37 1028 1657
10934 4 2 0 1 1398 1418 1890 351
10935 4 2 0 1 1449 2191 2184 2189
10936 4 2 0 1 1831 1911 1832 1469
10937 4 2 0 1 205 222 1469 204
10938 4 2 0 1 1245 1305 1993 1246
10939 4 2 0 1 1305 1995 1993 1246
10940 4 2 0 1 1947 1949 1952 2297
10941 4 2 0 1 2006 2011 2009 2010
10942 4 2 0 1 1270 2013 2012 1304
10943 4 2 0 1 1857 1293 1855 1216
10944 4 2 0 1 2138 2263 1216 1852
10945 4 2 0 1 1030 1614 1121 1005
10946 4 2 0 1 2314 2315 2274 1524
10947 4 2 0 1 1635 689 1582 1583
10948 4 2 0 1 1680 1639 2313 2316
10949 4 2 0 1 1607 2315 1591 2272
10950 4 2 0 1 1694 1618 1692 780
10951 4 2 0 1 1246 1995 1993 1992
10952 4 2 0 1 1429 1531 2258 2260
10953 4 2 0 1 1688 716 1598 1575
10954 4 2 0 1 1685 1450 1598 1711
10955 4 2 0 1 682 1709 683 684
10956 4 2 0 1 222 1468 1469 204
10957 4 2 0 1 1502 1513 539 1446
10958 4 2 0 1 2291 2032 1369 2288
10959 4 2 0 1 1991 1245 1993 1246
10960 4 2 0 1 1991 1246 1993 1992
10961 4 2 0 1 1495 1547 2323 2325
10962 4 2 0 1 1464 45 46 659
10963 4 2 0 1 1554 1346 1861 1862
10964 4 2 0 1 1108 2320 1578 1746
10965 4 2 0 1 658 1614 1121 1065
10966 4 2 0 1 2319 1744 1525 1741
10967 4 2 0 1 1518 2272 2273 2274
10968 4 2 0 1 1282 2106 1793 1788
10969 4 2 0 1 1276 1772 1848 1846
10970 4 2 0 1 2308 2372 887 886
10971 4 2 0 1 2308 2289 2242 1379
10972 4 2 0 1 1624 876 1535 2309
10973 4 2 0 1 1738 2252 2299 1743
10974 4 2 0 1 1683 731 912 980
10975 4 2 0 1 1129 1535 990 2241
10976 4 2 0 1 1779 1772 1276 1846
10977 4 2 0 1 1134 687 1636 963
10978 4 2 0 1 690 691 2274 692
10979 4 2 0 1 1688 1165 1583 1582
10980 4 2 0 1 1772 1773 1848 1846
10981 4 2 0 1 1536 2348 2322 2232
10982 4 2 0 1 1816 1536 2291 1745
10983 4 2 0 1 1495 1547 2325 2296
10984 4 2 0 1 1704 1943 1945 2243
10985 4 2 0 1 2326 2290 2291 1536
10986 4 2 0 1 1863 1219 1865 1859
10987 4 2 0 1 1207 1295 2140 2137
10988 4 2 0 1 1712 1395 2335 2295
10989 4 2 0 1 1773 2337 2211 2259
10990 4 2 0 1 2337 2336 2259 2281
10991 4 2 0 1 1630 1134 2333 1636
10992 4 2 0 1 872 889 1062 2333
10993 4 2 0 1 1636 1062 687 1134
10994 4 2 0 1 800 795 2334 2187
10995 4 2 0 1 1658 2333 1545 2334
10996 4 2 0 1 1744 2268 2269 2322
10997 4 2 0 1 686 689 1582 688
10998 4 2 0 1 943 689 691 1583
10999 4 2 0 1 1637 1611 1636 1612
11000 4 2 0 1 1285 1782 1793 1788
11001 4 2 0 1 1508 2275 2196 660
11002 4 2 0 1 629 2368 212 1343
11003 4 2 0 1 1564 745 1679 1161
11004 4 2 0 1 1772 1850 2279 1773
11005 4 2 0 1 23 656 1641 1060
11006 4 2 0 1 1334 2271 1579 2185
11007 4 2 0 1 1216 1857 1852 1855
11008 4 2 0 1 2271 786 979 792
11009 4 2 0 1 2271 1877 979 2267
11010 4 2 0 1 1218 1840 1866 1715
11011 4 2 0 1 1867 1716 1866 1868
11012 4 2 0 1 348 411 1373 1385
11013 4 2 0 1 1417 326 325 285
11014 4 2 0 1 90 89 1305 632
11015 4 2 0 1 1453 32 1164 31
11016 4 2 0 1 1140 1541 666 1440
11017 4 2 0 1 2027 1278 1275 395
11018 4 2 0 1 2027 2030 1278 395
11019 4 2 0 1 508 1387 32 75
11020 4 2 0 1 2289 2287 1494 2291
11021 4 2 0 1 1857 1217 2138 1852
11022 4 2 0 1 146 1517 428 50
11023 4 2 0 1 1081 1675 715 1674
11024 4 2 0 1 2165 524 406 594
11025 4 2 0 1 1349 59 98 1514
11026 4 2 0 1 1786 1285 2106 1788
11027 4 2 0 1 1738 2252 1743 1690
11028 4 2 0 1 657 1151 59 1388
11029 4 2 0 1 5 1465 671 1365
11030 4 2 0 1 2182 1700 2183 1333
11031 4 2 0 1 1670 2188 1671 2073
11032 4 2 0 1 2168 1887 2118 2099
11033 4 2 0 1 1382 1447 1446 1365
11034 4 2 0 1 101 1515 379 1516
11035 4 2 0 1 2020 1941 1243 2026
11036 4 2 0 1 249 1246 248 247
11037 4 2 0 1 619 538 1504 435
11038 4 2 0 1 1251 2194 2017 2022
11039 4 2 0 1 1703 1064 1009 1063
11040 4 2 0 1 1306 84 1354 1474
11041 4 2 0 1 1994 1249 1996 1997
11042 4 2 0 1 1670 2188 1633 1138
11043 4 2 0 1 293 119 2046 505
11044 4 2 0 1 2185 1579 1334 2188
11045 4 2 0 1 1378 112 1412 1441
11046 4 2 0 1 1475 1441 1384 1343
11047 4 2 0 1 1740 2289 2287 1742
11048 4 2 0 1 111 112 1412 113
11049 4 2 0 1 1402 102 103 1412
11050 4 2 0 1 392 1950 1384 1510
11051 4 2 0 1 101 98 1410 99
11052 4 2 0 1 473 117 1377 1459
11053 4 2 0 1 1971 2046 1239 1241
11054 4 2 0 1 1219 1859 1878 1865
11055 4 2 0 1 1844 1837 1845 1841
11056 4 2 0 1 133 1322 132 1459
11057 4 2 0 1 1284 2095 2157 2009
11058 4 2 0 1 503 1416 2001 1399
11059 4 2 0 1 1357 117 116 1358
11060 4 2 0 1 1859 1219 1878 1867
11061 4 2 0 1 1411 1377 1239 1279
11062 4 2 0 1 1397 1781 1420 2202
11063 4 2 0 1 130 1397 136 1420
11064 4 2 0 1 1975 1978 1976 1798
11065 4 2 0 1 1872 1219 1878 1865
11066 4 2 0 1 1205 1376 209 1317
11067 4 2 0 1 1376 255 209 181
11068 4 2 0 1 178 1317 187 181
11069 4 2 0 1 1219 1872 1878 1867
11070 4 2 0 1 1515 101 379 98
11071 4 2 0 1 1515 98 379 637
11072 4 2 0 1 2143 294 258 259
11073 4 2 0 1 232 244 1503 213
11074 4 2 0 1 245 244 1503 1246
11075 4 2 0 1 2001 503 1399 2004
11076 4 2 0 1 2275 1168 2196 660
11077 4 2 0 1 2199 1337 1362 1902
11078 4 2 0 1 1903 1440 1541 1905
11079 4 2 0 1 2154 215 170 169
11080 4 2 0 1 1541 1439 1440 1896
11081 4 2 0 1 166 172 170 2154
11082 4 2 0 1 1627 1626 1573 2228
11083 4 2 0 1 1266 243 635 215
11084 4 2 0 1 1311 2086 2088 2171
11085 4 2 0 1 228 563 272 1482
11086 4 2 0 1 2360 376 314 399
11087 4 2 0 1 427 1475 562 1401
11088 4 2 0 1 1640 2072 1448 1918
11089 4 2 0 1 1321 1402 1384 103
11090 4 2 0 1 427 1475 1401 1343
11091 4 2 0 1 426 427 1343 560
11092 4 2 0 1 1820 151 202 153
11093 4 2 0 1 152 151 1827 153
11094 4 2 0 1 1826 364 153 1821
11095 4 2 0 1 151 1820 1827 153
11096 4 2 0 1 1821 1826 1827 153
11097 4 2 0 1 364 305 153 1821
11098 4 2 0 1 557 1505 473 449
11099 4 2 0 1 167 221 1415 558
11100 4 2 0 1 1644 977 2246 1110
11101 4 2 0 1 1443 311 1444 460
11102 4 2 0 1 1800 1978 1443 1444
11103 4 2 0 1 1401 2368 1343 236
11104 4 2 0 1 1401 427 347 598
11105 4 2 0 1 1476 266 334 478
11106 4 2 0 1 645 1994 1501 1245
11107 4 2 0 1 1331 1819 1326 1817
11108 4 2 0 1 1837 1844 1460 1227
11109 4 2 0 1 1331 1819 1817 1332
11110 4 2 0 1 1350 235 1329 1330
11111 4 2 0 1 2246 977 934 1110
11112 4 2 0 1 247 1246 1504 2253
11113 4 2 0 1 1046 2192 1681 2340
11114 4 2 0 1 681 1558 2340 1600
11115 4 2 0 1 2340 681 1600 1681
11116 4 2 0 1 1933 1922 1919 1920
11117 4 2 0 1 2030 2028 2051 407
11118 4 2 0 1 1671 1921 1923 1922
11119 4 2 0 1 1703 1064 666 1009
11120 4 2 0 1 1738 2252 1690 1534
11121 4 2 0 1 1432 1431 2264 655
11122 4 2 0 1 1924 1929 2278 1932
11123 4 2 0 1 1930 1452 1687 1932
11124 4 2 0 1 288 1330 275 1332
11125 4 2 0 1 1911 1844 1829 1227
11126 4 2 0 1 277 1830 400 520
11127 4 2 0 1 1930 1919 1927 1932
11128 4 2 0 1 2170 2168 1492 1493
11129 4 2 0 1 2002 1939 1231 1315
11130 4 2 0 1 1432 2264 1056 655
11131 4 2 0 1 1820 365 1492 1821
11132 4 2 0 1 364 1826 605 567
11133 4 2 0 1 2143 1698 483 208
11134 4 2 0 1 301 304 303 1473
11135 4 2 0 1 1851 1854 1853 1216
11136 4 2 0 1 1284 2102 1891 2155
11137 4 2 0 1 1950 1239 1948 1949
11138 4 2 0 1 1947 1950 1948 1949
11139 4 2 0 1 629 2368 426 287
11140 4 2 0 1 426 2368 629 1343
11141 4 2 0 1 426 2368 347 287
11142 4 2 0 1 348 1391 1385 1373
11143 4 2 0 1 2364 310 313 312
11144 4 2 0 1 1091 964 930 1665
11145 4 2 0 1 311 2364 2376 312
11146 4 2 0 1 1427 1854 1216 1856
11147 4 2 0 1 1491 1909 470 1486
11148 4 2 0 1 1832 631 1910 430
11149 4 2 0 1 1832 631 430 223
11150 4 2 0 1 1948 1967 1971 1238
11151 4 2 0 1 135 426 1343 560
11152 4 2 0 1 1948 1967 1238 1949
11153 4 2 0 1 1948 1967 1949 1239
11154 4 2 0 1 1948 1967 1239 1971
11155 4 2 0 1 1762 1760 1394 1292
11156 4 2 0 1 1556 898 913 895
11157 4 2 0 1 1431 1063 655 1432
11158 4 2 0 1 573 1442 60 616
11159 4 2 0 1 2368 212 1343 236
11160 4 2 0 1 174 1300 192 2080
11161 4 2 0 1 2311 2310 1409 2354
11162 4 2 0 1 327 2195 356 335
11163 4 2 0 1 1422 1795 1208 1764
11164 4 2 0 1 1342 1341 2195 335
11165 4 2 0 1 284 1445 532 324
11166 4 2 0 1 417 1342 2206 335
11167 4 2 0 1 1342 514 335 417
11168 4 2 0 1 1342 514 417 1438
11169 4 2 0 1 1341 514 380 335
11170 4 2 0 1 327 2195 335 2206
11171 4 2 0 1 78 1341 380 608
11172 4 2 0 1 224 1797 1205 209
11173 4 2 0 1 553 1398 587 65
11174 4 2 0 1 1438 514 417 65
11175 4 2 0 1 1107 1625 968 1056
11176 4 2 0 1 1834 240 644 474
11177 4 2 0 1 1539 1580 1572 1754
11178 4 2 0 1 1652 1550 1651 1754
11179 4 2 0 1 1970 1969 1973 1972
11180 4 2 0 1 1416 150 1823 154
11181 4 2 0 1 239 221 558 1415
11182 4 2 0 1 1319 1969 1973 1970
11183 4 2 0 1 644 1492 290 389
11184 4 2 0 1 589 1826 364 567
11185 4 2 0 1 1283 1390 1973 1972
11186 4 2 0 1 359 1332 275 1479
11187 4 2 0 1 1884 1479 1885 1332
11188 4 2 0 1 2120 1778 2116 1807
11189 4 2 0 1 529 73 1373 572
11190 4 2 0 1 1391 572 486 373
11191 4 2 0 1 1351 1390 1973 1283
11192 4 2 0 1 123 1390 1970 1973
11193 4 2 0 1 1351 1390 123 1973
11194 4 2 0 1 1418 226 263 2179
11195 4 2 0 1 2235 2200 1984 1543
11196 4 2 0 1 1983 1982 1984 1981
11197 4 2 0 1 1501 372 522 444
11198 4 2 0 1 2360 376 399 1799
11199 4 2 0 1 1722 1255 1984 1983
11200 4 2 0 1 437 1393 143 160
11201 4 2 0 1 526 1422 1367 1414
11202 4 2 0 1 447 177 1454 141
11203 4 2 0 1 320 432 433 1368
11204 4 2 0 1 177 1414 521 1454
11205 4 2 0 1 1756 1454 1758 1313
11206 4 2 0 1 225 1797 1444 1799
11207 4 2 0 1 90 606 488 1305
11208 4 2 0 1 1721 1981 1348 1722
11209 4 2 0 1 682 1709 1598 1681
11210 4 2 0 1 2106 1282 1793 1990
11211 4 2 0 1 1234 1725 1244 1988
11212 4 2 0 1 288 559 1332 643
11213 4 2 0 1 1403 289 362 1246
11214 4 2 0 1 1725 1234 1244 1726
11215 4 2 0 1 1986 1790 2297 2174
11216 4 2 0 1 2069 183 1383 455
11217 4 2 0 1 292 1470 1391 1392
11218 4 2 0 1 1729 2218 2035 2174
11219 4 2 0 1 1392 1383 456 292
11220 4 2 0 1 1723 1269 1421 2350
11221 4 2 0 1 164 1381 166 165
11222 4 2 0 1 183 2069 165 455
11223 4 2 0 1 224 1797 209 210
11224 4 2 0 1 139 1412 1938 2253
11225 4 2 0 1 477 503 330 1399
11226 4 2 0 1 182 1403 2004 1503
11227 4 2 0 1 1681 683 681 682
11228 4 2 0 1 1997 1996 1994 1993
11229 4 2 0 1 1485 1467 1424 1484
11230 4 2 0 1 221 233 1484 237
11231 4 2 0 1 2177 378 156 1415
11232 4 2 0 1 69 1365 5 6
11233 4 2 0 1 1306 1993 1995 1997
11234 4 2 0 1 1306 1993 1997 1994
11235 4 2 0 1 289 1403 362 361
11236 4 2 0 1 213 1503 182 176
11237 4 2 0 1 1996 1501 1445 1994
11238 4 2 0 1 1996 1245 1994 1993
11239 4 2 0 1 641 1993 1306 1994
11240 4 2 0 1 1306 1993 1305 1995
11241 4 2 0 1 4 1413 556 1365
11242 4 2 0 1 248 1246 523 246
11243 4 2 0 1 2003 1399 1484 2004
11244 4 2 0 1 1600 680 682 681
11245 4 2 0 1 221 1467 1415 1484
11246 4 2 0 1 1698 1506 368 483
11247 4 2 0 1 2143 630 336 368
11248 4 2 0 1 225 2356 420 516
11249 4 2 0 1 221 1467 1484 233
11250 4 2 0 1 1467 1485 1415 1484
11251 4 2 0 1 1415 2003 1485 1416
11252 4 2 0 1 2094 2009 1280 2095
11253 4 2 0 1 2094 2009 2095 1284
11254 4 2 0 1 1694 2332 1546 1519
11255 4 2 0 1 1445 284 532 1424
11256 4 2 0 1 2012 1284 2014 1894
11257 4 2 0 1 2172 359 584 401
11258 4 2 0 1 1284 1892 2014 1894
11259 4 2 0 1 1467 233 468 1424
11260 4 2 0 1 227 284 2255 1424
11261 4 2 0 1 2000 1247 1501 1996
11262 4 2 0 1 1336 1371 543 66
11263 4 2 0 1 1245 488 444 606
11264 4 2 0 1 1407 1371 66 1408
11265 4 2 0 1 2094 2009 1284 2014
11266 4 2 0 1 1403 1247 2004 1503
11267 4 2 0 1 1320 2020 2023 2024
11268 4 2 0 1 2094 1320 2023 1893
11269 4 2 0 1 645 1994 1245 94
11270 4 2 0 1 2205 1342 2206 2008
11271 4 2 0 1 327 2195 2206 1463
11272 4 2 0 1 326 1417 417 554
11273 4 2 0 1 1423 2378 304 462
11274 4 2 0 1 1941 1243 2026 2025
11275 4 2 0 1 2135 1320 1893 2023
11276 4 2 0 1 2024 1320 2135 2023
11277 4 2 0 1 2247 1925 1451 1927
11278 4 2 0 1 2030 2247 1451 1927
11279 4 2 0 1 1316 1830 520 1884
11280 4 2 0 1 1716 1869 1714 1866
11281 4 2 0 1 1911 1906 1844 1227
11282 4 2 0 1 1218 1867 1860 1715
11283 4 2 0 1 350 1471 554 587
11284 4 2 0 1 1398 1471 350 587
11285 4 2 0 1 1471 1417 554 587
11286 4 2 0 1 2008 587 1398 1342
11287 4 2 0 1 1278 1451 1253 1932
11288 4 2 0 1 2027 1253 1278 1451
11289 4 2 0 1 1401 224 598 516
11290 4 2 0 1 598 1401 516 347
11291 4 2 0 1 1954 1308 1957 2039
11292 4 2 0 1 1995 1474 1936 2253
11293 4 2 0 1 1516 304 1423 1474
11294 4 2 0 1 1498 2222 2033 1113
11295 4 2 0 1 592 370 1473 609
11296 4 2 0 1 5 671 6 1365
11297 4 2 0 1 2238 2160 1964 2161
11298 4 2 0 1 1835 290 1492 291
11299 4 2 0 1 1835 290 291 260
11300 4 2 0 1 290 1804 260 1835
11301 4 2 0 1 2221 122 120 2047
11302 4 2 0 1 2108 1482 544 2113
11303 4 2 0 1 2045 122 121 1973
11304 4 2 0 1 205 1832 223 631
11305 4 2 0 1 200 1457 203 229
11306 4 2 0 1 1469 205 384 631
11307 4 2 0 1 201 1834 474 240
11308 4 2 0 1 1906 1907 1477 1910
11309 4 2 0 1 1907 1906 1909 1910
11310 4 2 0 1 323 1907 446 445
11311 4 2 0 1 1401 2368 236 2374
11312 4 2 0 1 2368 427 426 347
11313 4 2 0 1 201 1834 240 1469
11314 4 2 0 1 2045 1973 121 1319
11315 4 2 0 1 1799 376 642 478
11316 4 2 0 1 2045 122 1973 2047
11317 4 2 0 1 2045 1973 1319 1966
11318 4 2 0 1 1785 2045 1973 2047
11319 4 2 0 1 29 1278 28 1029
11320 4 2 0 1 122 1351 1973 2047
11321 4 2 0 1 1351 122 2221 2047
11322 4 2 0 1 1240 55 1500 138
11323 4 2 0 1 1387 2246 934 1657
11324 4 2 0 1 491 34 70 1657
11325 4 2 0 1 292 1470 1392 1383
11326 4 2 0 1 1135 1387 934 1657
11327 4 2 0 1 1696 991 1385 1677
11328 4 2 0 1 2048 1266 2050 2052
11329 4 2 0 1 34 491 1387 1657
11330 4 2 0 1 1494 1195 1738 1544
11331 4 2 0 1 1174 675 1677 972
11332 4 2 0 1 1383 2069 455 1400
11333 4 2 0 1 1498 2222 1113 667
11334 4 2 0 1 1194 1498 2033 1499
11335 4 2 0 1 1147 1085 1713 1165
11336 4 2 0 1 2160 1965 1964 2161
11337 4 2 0 1 2056 2149 2069 2055
11338 4 2 0 1 166 172 2154 2149
11339 4 2 0 1 2069 1381 2149 2066
11340 4 2 0 1 2069 183 165 2064
11341 4 2 0 1 1535 698 876 1624
11342 4 2 0 1 1381 2069 165 2064
11343 4 2 0 1 1624 699 698 700
11344 4 2 0 1 1624 699 700 1621
11345 4 2 0 1 645 1994 94 422
11346 4 2 0 1 1021 1022 1023 1620
11347 4 2 0 1 1620 732 1023 710
11348 4 2 0 1 1645 1656 1534 1663
11349 4 2 0 1 914 1648 970 1160
11350 4 2 0 1 1015 1103 1022 2303
11351 4 2 0 1 1101 1665 1114 873
11352 4 2 0 1 163 1381 165 2064
11353 4 2 0 1 183 163 165 2064
11354 4 2 0 1 2054 1661 1697 1262
11355 4 2 0 1 2029 1254 1260 1262
11356 4 2 0 1 1265 2029 1262 1271
11357 4 2 0 1 2062 1271 1262 2070
11358 4 2 0 1 1929 1230 2070 2278
11359 4 2 0 1 1929 1449 2070 1230
11360 4 2 0 1 1768 1267 2162 2163
11361 4 2 0 1 1926 1929 2070 2278
11362 4 2 0 1 1929 1926 2070 1682
11363 4 2 0 1 1445 422 532 324
11364 4 2 0 1 884 917 2188 1138
11365 4 2 0 1 2161 1559 1070 1118
11366 4 2 0 1 2185 975 2188 2187
11367 4 2 0 1 871 1616 1647 1594
11368 4 2 0 1 1002 1131 1594 841
11369 4 2 0 1 1372 2342 899 1673
11370 4 2 0 1 1963 1965 1540 1964
11371 4 2 0 1 1359 667 2222 2223
11372 4 2 0 1 1634 1421 1456 2067
11373 4 2 0 1 647 1515 379 539
11374 4 2 0 1 1465 7 671 1365
11375 4 2 0 1 1526 1566 752 754
11376 4 2 0 1 647 1515 539 1502
11377 4 2 0 1 282 1501 593 372
11378 4 2 0 1 479 2358 651 349
11379 4 2 0 1 2083 1352 1908 2088
11380 4 2 0 1 1457 1352 2088 1908
11381 4 2 0 1 762 760 1584 763
11382 4 2 0 1 760 1648 1584 763
11383 4 2 0 1 2088 1277 1457 1908
11384 4 2 0 1 1421 2057 2350 2067
11385 4 2 0 1 862 1648 1052 970
11386 4 2 0 1 862 1648 970 1045
11387 4 2 0 1 2089 1352 2088 1457
11388 4 2 0 1 773 796 1587 775
11389 4 2 0 1 796 1628 1587 775
11390 4 2 0 1 1634 1421 1070 1183
11391 4 2 0 1 1596 773 1587 775
11392 4 2 0 1 2333 798 800 801
11393 4 2 0 1 2287 1745 1742 1494
11394 4 2 0 1 2277 2276 2228 1905
11395 4 2 0 1 1629 2227 1569 1573
11396 4 2 0 1 592 95 1413 369
11397 4 2 0 1 1694 1546 776 1082
11398 4 2 0 1 1628 1568 1587 775
11399 4 2 0 1 290 1492 579 389
11400 4 2 0 1 2130 2134 1320 1784
11401 4 2 0 1 2134 2130 1320 1790
11402 4 2 0 1 1390 2202 1962 1338
11403 4 2 0 1 2366 812 814 1042
11404 4 2 0 1 623 73 1373 648
11405 4 2 0 1 647 1515 1502 1516
11406 4 2 0 1 2218 2130 2132 1720
11407 4 2 0 1 2116 1289 2104 2131
11408 4 2 0 1 2107 1289 2104 2116
11409 4 2 0 1 2209 1346 2139 2132
11410 4 2 0 1 1559 2249 1711 1118
11411 4 2 0 1 280 1458 424 281
11412 4 2 0 1 2111 2110 2108 1291
11413 4 2 0 1 1275 1913 280 171
11414 4 2 0 1 537 2114 2112 2127
11415 4 2 0 1 2113 537 2112 2127
11416 4 2 0 1 1130 939 2242 996
11417 4 2 0 1 1765 1406 1767 1200
11418 4 2 0 1 865 821 2242 996
11419 4 2 0 1 1616 840 841 842
11420 4 2 0 1 871 1000 1594 1154
11421 4 2 0 1 839 1002 1594 841
11422 4 2 0 1 2114 537 2112 1344
11423 4 2 0 1 2124 1727 2038 1235
11424 4 2 0 1 2124 1727 1235 2123
11425 4 2 0 1 1346 1289 2132 2209
11426 4 2 0 1 1862 2139 2141 1554
11427 4 2 0 1 2338 2211 2259 1554
11428 4 2 0 1 1865 1862 2141 1554
11429 4 2 0 1 2202 1958 1199 1960
11430 4 2 0 1 1665 1527 852 2312
11431 4 2 0 1 855 1527 2312 852
11432 4 2 0 1 1634 1456 1183 676
11433 4 2 0 1 2259 1774 1865 1554
11434 4 2 0 1 937 938 819 2362
11435 4 2 0 1 2147 2154 2058 2153
11436 4 2 0 1 937 805 2362 807
11437 4 2 0 1 2055 2056 2149 1261
11438 4 2 0 1 2127 2113 1291 2112
11439 4 2 0 1 474 1834 290 644
11440 4 2 0 1 1314 1505 536 269
11441 4 2 0 1 2056 2152 2149 1261
11442 4 2 0 1 2056 2066 2149 2152
11443 4 2 0 1 1101 1665 873 964
11444 4 2 0 1 1101 1665 964 1649
11445 4 2 0 1 947 1048 719 1538
11446 4 2 0 1 531 1300 2153 1303
11447 4 2 0 1 2187 975 2188 1671
11448 4 2 0 1 2237 2230 2234 2233
11449 4 2 0 1 1302 531 346 552
11450 4 2 0 1 1505 557 536 269
11451 4 2 0 1 1579 792 804 803
11452 4 2 0 1 2310 2306 1520 1521
11453 4 2 0 1 1863 1847 1866 1840
11454 4 2 0 1 1608 1616 1594 1647
11455 4 2 0 1 1581 1679 1647 1564
11456 4 2 0 1 1521 2310 2354 1409
11457 4 2 0 1 1792 2102 2157 1281
11458 4 2 0 1 2156 1309 2157 2043
11459 4 2 0 1 1309 2041 2157 2043
11460 4 2 0 1 1322 1309 148 2167
11461 4 2 0 1 1309 1416 148 2167
11462 4 2 0 1 1521 2310 1409 1708
11463 4 2 0 1 201 1457 2089 1469
11464 4 2 0 1 1309 1823 2158 1416
11465 4 2 0 1 1521 2310 1708 1520
11466 4 2 0 1 1409 2355 1521 1708
11467 4 2 0 1 425 2143 258 206
11468 4 2 0 1 1157 2308 990 2304
11469 4 2 0 1 2242 1704 1548 2243
11470 4 2 0 1 2289 1379 2288 1369
11471 4 2 0 1 2310 1520 1020 1708
11472 4 2 0 1 2243 1740 2241 1379
11473 4 2 0 1 2237 2236 1409 1581
11474 4 2 0 1 2210 1214 1845 1848
11475 4 2 0 1 1581 797 861 971
11476 4 2 0 1 744 1055 748 1617
11477 4 2 0 1 2251 860 797 2289
11478 4 2 0 1 797 2379 761 2311
11479 4 2 0 1 1618 1576 2347 1433
11480 4 2 0 1 2349 1618 2347 1433
11481 4 2 0 1 1412 139 621 2253
11482 4 2 0 1 949 1879 1139 1149
11483 4 2 0 1 2192 1449 1922 2184
11484 4 2 0 1 2187 2192 1922 2184
11485 4 2 0 1 2247 491 596 1657
11486 4 2 0 1 992 983 934 1657
11487 4 2 0 1 73 530 1373 648
11488 4 2 0 1 991 972 1677 675
11489 4 2 0 1 40 1174 1373 39
11490 4 2 0 1 1268 2067 1470 1383
11491 4 2 0 1 2185 2187 2073 2184
11492 4 2 0 1 2187 2186 2185 2334
11493 4 2 0 1 38 1373 39 396
11494 4 2 0 1 416 415 1455 604
11495 4 2 0 1 1373 623 648 396
11496 4 2 0 1 933 2246 934 1387
11497 4 2 0 1 1644 948 1110 2052
11498 4 2 0 1 1138 656 1633 1150
11499 4 2 0 1 656 1007 1633 1150
11500 4 2 0 1 1198 1196 1481 1978
11501 4 2 0 1 1781 1798 1202 1976
11502 4 2 0 1 2187 1922 2073 2184
11503 4 2 0 1 2333 798 801 1545
11504 4 2 0 1 1426 63 2256 17
11505 4 2 0 1 1616 1030 840 842
11506 4 2 0 1 1105 1562 1127 946
11507 4 2 0 1 741 1608 1616 1594
11508 4 2 0 1 2187 1671 2073 1922
11509 4 2 0 1 1922 1449 2073 2184
11510 4 2 0 1 719 707 1620 709
11511 4 2 0 1 2191 2184 2189 2190
11512 4 2 0 1 1614 658 1121 1177
11513 4 2 0 1 870 844 842 1616
11514 4 2 0 1 1011 1664 1521 1662
11515 4 2 0 1 1149 1879 1139 952
11516 4 2 0 1 1654 1013 1014 1016
11517 4 2 0 1 1242 2182 1981 1337
11518 4 2 0 1 1538 1621 1642 1653
11519 4 2 0 1 2368 427 347 1401
11520 4 2 0 1 1114 1665 852 857
11521 4 2 0 1 1982 1242 1981 1337
11522 4 2 0 1 1897 1362 1902 1904
11523 4 2 0 1 1440 1904 1896 1902
11524 4 2 0 1 1665 2312 2327 1528
11525 4 2 0 1 2199 1337 1902 2196
11526 4 2 0 1 863 907 864 2327
11527 4 2 0 1 1665 1649 1528 1143
11528 4 2 0 1 691 690 2274 1635
11529 4 2 0 1 1362 2199 1904 1813
11530 4 2 0 1 2199 2341 2228 2200
11531 4 2 0 1 1958 2207 1961 1345
11532 4 2 0 1 767 1707 1049 1708
11533 4 2 0 1 1019 1010 1708 1521
11534 4 2 0 1 1520 1019 1708 1521
11535 4 2 0 1 1238 1360 1240 1952
11536 4 2 0 1 1007 656 1640 1133
11537 4 2 0 1 2125 2207 1345 1961
11538 4 2 0 1 2188 884 1138 956
11539 4 2 0 1 2261 2284 1872 1870
11540 4 2 0 1 1869 1716 1641 1633
11541 4 2 0 1 1665 873 930 864
11542 4 2 0 1 1013 1014 1012 1656
11543 4 2 0 1 1520 1656 1011 1662
11544 4 2 0 1 778 782 1694 1082
11545 4 2 0 1 1235 2125 1961 2207
11546 4 2 0 1 2128 1955 1766 1200
11547 4 2 0 1 1955 1200 2128 2207
11548 4 2 0 1 2344 1141 1128 900
11549 4 2 0 1 2346 1128 1141 966
11550 4 2 0 1 1027 719 1620 709
11551 4 2 0 1 869 2361 1166 859
11552 4 2 0 1 1022 1086 732 1683
11553 4 2 0 1 1086 2303 1103 1592
11554 4 2 0 1 1086 915 1683 1592
11555 4 2 0 1 1068 706 1075 1683
11556 4 2 0 1 706 1075 1683 1158
11557 4 2 0 1 1054 915 1683 1093
11558 4 2 0 1 1718 898 913 1556
11559 4 2 0 1 1647 1562 913 1718
11560 4 2 0 1 1992 1940 1231 2002
11561 4 2 0 1 2128 1955 2207 1235
11562 4 2 0 1 1722 1113 2222 1100
11563 4 2 0 1 2201 2199 1982 2200
11564 4 2 0 1 2174 2218 1990 1729
11565 4 2 0 1 2218 2130 1720 2174
11566 4 2 0 1 1989 1988 1244 1990
11567 4 2 0 1 1314 538 1503 1504
11568 4 2 0 1 1490 1233 1489 1488
11569 4 2 0 1 1490 2222 2297 1952
11570 4 2 0 1 2031 2032 2035 2034
11571 4 2 0 1 848 850 1680 1061
11572 4 2 0 1 1638 982 1061 1680
11573 4 2 0 1 18 668 2264 1056
11574 4 2 0 1 2035 2225 2216 1555
11575 4 2 0 1 1316 498 638 77
11576 4 2 0 1 1638 1567 1061 1115
11577 4 2 0 1 2199 1809 2228 1905
11578 4 2 0 1 2199 2197 1905 2228
11579 4 2 0 1 2199 2341 2197 2228
11580 4 2 0 1 2089 199 214 198
11581 4 2 0 1 1392 1391 1455 1470
11582 4 2 0 1 1772 1777 2213 1775
11583 4 2 0 1 1780 2212 1775 2213
11584 4 2 0 1 1246 1940 1231 1992
11585 4 2 0 1 2039 2238 1370 1395
11586 4 2 0 1 2089 199 198 197
11587 4 2 0 1 1576 1433 1873 2347
11588 4 2 0 1 195 1353 198 197
11589 4 2 0 1 1682 1558 1600 2340
11590 4 2 0 1 947 1124 1538 719
11591 4 2 0 1 1764 1394 1292 1208
11592 4 2 0 1 1654 1014 1653 1016
11593 4 2 0 1 1021 1654 1620 1095
11594 4 2 0 1 2201 2341 1565 2196
11595 4 2 0 1 2229 2330 1494 2291
11596 4 2 0 1 1275 1491 171 27
11597 4 2 0 1 999 1679 743 1161
11598 4 2 0 1 1682 1558 2340 1926
11599 4 2 0 1 1702 1216 1852 2256
11600 4 2 0 1 1427 1702 2256 1216
11601 4 2 0 1 2082 195 194 196
11602 4 2 0 1 1215 1855 2256 1852
11603 4 2 0 1 1855 1215 2256 1428
11604 4 2 0 1 969 1571 874 1570
11605 4 2 0 1 804 881 1579 803
11606 4 2 0 1 843 1153 974 1615
11607 4 2 0 1 1693 1618 1433 2266
11608 4 2 0 1 2201 2199 2196 1982
11609 4 2 0 1 1645 1012 1181 1014
11610 4 2 0 1 1784 1856 1854 1892
11611 4 2 0 1 1590 1880 2266 1877
11612 4 2 0 1 2267 1590 2266 1877
11613 4 2 0 1 1682 1558 1926 1697
11614 4 2 0 1 2267 1877 2266 2270
11615 4 2 0 1 1462 1877 2284 2270
11616 4 2 0 1 272 228 1482 2171
11617 4 2 0 1 1282 1786 1968 2106
11618 4 2 0 1 2020 2094 2026 1320
11619 4 2 0 1 2025 1243 1789 1951
11620 4 2 0 1 1483 525 345 193
11621 4 2 0 1 2174 1790 2297 1990
11622 4 2 0 1 2134 1348 2174 1986
11623 4 2 0 1 1792 2101 1284 2102
11624 4 2 0 1 1037 1526 754 756
11625 4 2 0 1 1335 1317 187 434
11626 4 2 0 1 1289 1778 2210 2116
11627 4 2 0 1 1772 1201 1276 1848
11628 4 2 0 1 1837 1229 1844 1845
11629 4 2 0 1 524 2165 2166 594
11630 4 2 0 1 2082 194 193 2080
11631 4 2 0 1 1173 1716 1714 1715
11632 4 2 0 1 1314 2005 1258 1939
11633 4 2 0 1 1294 2182 1897 2135
11634 4 2 0 1 1407 1900 1507 1700
11635 4 2 0 1 1898 1900 2015 1901
11636 4 2 0 1 1860 668 897 1122
11637 4 2 0 1 1438 1341 1435 1342
11638 4 2 0 1 1401 1476 334 1509
11639 4 2 0 1 2204 1294 1893 2023
11640 4 2 0 1 1235 2124 2123 2122
11641 4 2 0 1 1428 1293 2131 1783
11642 4 2 0 1 1283 2103 2098 2105
11643 4 2 0 1 2222 1728 2297 1360
11644 4 2 0 1 2041 1937 1258 1939
11645 4 2 0 1 826 1648 1561 1132
11646 4 2 0 1 1958 2202 1338 1962
11647 4 2 0 1 2121 2120 2123 2122
11648 4 2 0 1 245 244 213 1503
11649 4 2 0 1 1501 1445 286 2000
11650 4 2 0 1 210 1800 1797 187
11651 4 2 0 1 1800 1797 187 1317
11652 4 2 0 1 473 1377 117 115
11653 4 2 0 1 2005 1314 2001 1998
11654 4 2 0 1 356 2195 380 335
11655 4 2 0 1 1322 2042 2043 2165
11656 4 2 0 1 1322 2040 1459 1258
11657 4 2 0 1 1939 2009 1315 2005
11658 4 2 0 1 1937 1934 1938 1231
11659 4 2 0 1 210 1797 209 187
11660 4 2 0 1 184 206 185 1419
11661 4 2 0 1 184 425 1374 459
11662 4 2 0 1 826 1648 1132 959
11663 4 2 0 1 2148 1301 2145 2077
11664 4 2 0 1 2055 2069 1268 1400
11665 4 2 0 1 1941 2095 1257 2026
11666 4 2 0 1 2094 2093 2026 1320
11667 4 2 0 1 1934 1939 1315 1231
11668 4 2 0 1 1281 2156 2157 2043
11669 4 2 0 1 2102 2156 2157 1281
11670 4 2 0 1 2091 2041 1792 2095
11671 4 2 0 1 2209 1347 2123 1730
11672 4 2 0 1 2128 2125 2126 2122
11673 4 2 0 1 2113 393 2112 537
11674 4 2 0 1 2122 1235 1961 2123
11675 4 2 0 1 1301 2122 2084 1775
11676 4 2 0 1 1235 2125 2207 2128
11677 4 2 0 1 2084 2120 2121 2122
11678 4 2 0 1 2244 868 1931 995
11679 4 2 0 1 2150 1767 2151 2152
11680 4 2 0 1 1804 260 2171 214
11681 4 2 0 1 592 1413 577 369
11682 4 2 0 1 1396 1386 1303 1767
11683 4 2 0 1 2147 2148 1303 2145
11684 4 2 0 1 1273 2078 1776 1775
11685 4 2 0 1 1178 758 1000 1617
11686 4 2 0 1 2051 2055 1266 418
11687 4 2 0 1 1842 2088 1311 2087
11688 4 2 0 1 1889 1805 2116 1807
11689 4 2 0 1 1778 2120 1276 1807
11690 4 2 0 1 2115 2120 1807 2117
11691 4 2 0 1 2083 1842 2087 2088
11692 4 2 0 1 1311 1803 2171 1804
11693 4 2 0 1 1311 2087 2117 1807
11694 4 2 0 1 47 241 440 1323
11695 4 2 0 1 1571 849 846 1106
11696 4 2 0 1 1322 480 132 238
11697 4 2 0 1 1309 1823 1416 2167
11698 4 2 0 1 1251 2024 2015 2023
11699 4 2 0 1 849 1571 853 1106
11700 4 2 0 1 1509 1343 450 236
11701 4 2 0 1 212 191 1343 236
11702 4 2 0 1 1506 626 622 360
11703 4 2 0 1 2368 265 212 236
11704 4 2 0 1 751 901 1617 1594
11705 4 2 0 1 1306 85 84 1474
11706 4 2 0 1 1717 1447 1465 1446
11707 4 2 0 1 1995 1354 1306 1248
11708 4 2 0 1 383 1473 550 1474
11709 4 2 0 1 69 1413 81 369
11710 4 2 0 1 146 2175 242 603
11711 4 2 0 1 82 443 84 1466
11712 4 2 0 1 249 1246 247 2253
11713 4 2 0 1 1423 251 2254 462
11714 4 2 0 1 2229 2329 1543 2330
11715 4 2 0 1 1591 2352 2271 2270
11716 4 2 0 1 1565 2346 1364 2343
11717 4 2 0 1 960 922 1563 796
11718 4 2 0 1 1812 1809 2226 2200
11719 4 2 0 1 2229 1812 2226 2200
11720 4 2 0 1 1809 1813 2200 1812
11721 4 2 0 1 1897 1898 1436 1896
11722 4 2 0 1 1896 1851 1427 1436
11723 4 2 0 1 664 972 38 1385
11724 4 2 0 1 1901 2018 2015 2204
11725 4 2 0 1 1901 2018 2204 1342
11726 4 2 0 1 471 244 246 1246
11727 4 2 0 1 1506 626 440 622
11728 4 2 0 1 1564 745 1161 765
11729 4 2 0 1 244 245 246 1246
11730 4 2 0 1 247 1504 337 2253
11731 4 2 0 1 425 459 636 1374
11732 4 2 0 1 360 1506 482 622
11733 4 2 0 1 1506 1795 527 1419
11734 4 2 0 1 1374 1267 2064 2068
11735 4 2 0 1 1965 1540 2161 1701
11736 4 2 0 1 2162 1267 2350 2163
11737 4 2 0 1 969 1570 1047 1106
11738 4 2 0 1 161 1393 1765 1374
11739 4 2 0 1 51 1404 1553 1405
11740 4 2 0 1 1294 1898 1436 1897
11741 4 2 0 1 1831 1834 1806 1277
11742 4 2 0 1 1650 1051 1307 1651
11743 4 2 0 1 1752 2328 1405 1552
11744 4 2 0 1 1404 1551 1549 1072
11745 4 2 0 1 1675 1580 1552 1404
11746 4 2 0 1 52 652 53 1553
11747 4 2 0 1 1963 1753 1754 1208
11748 4 2 0 1 2190 2186 1612 2284
11749 4 2 0 1 1356 1382 1318 61
11750 4 2 0 1 2378 302 1473 301
11751 4 2 0 1 628 332 481 1413
11752 4 2 0 1 481 628 1413 556
11753 4 2 0 1 1462 2283 1612 2284
11754 4 2 0 1 2273 2268 2270 2265
11755 4 2 0 1 2049 2048 2050 2052
11756 4 2 0 1 1634 1696 1268 1677
11757 4 2 0 1 230 243 1400 215
11758 4 2 0 1 1637 1462 2270 1686
11759 4 2 0 1 1385 1400 1266 1268
11760 4 2 0 1 1047 1570 847 1106
11761 4 2 0 1 1637 1462 1686 1612
11762 4 2 0 1 2154 215 169 2055
11763 4 2 0 1 653 1930 995 1453
11764 4 2 0 1 13 1437 1899 1434
11765 4 2 0 1 1665 873 864 857
11766 4 2 0 1 832 1589 868 995
11767 4 2 0 1 2071 1230 1932 2278
11768 4 2 0 1 1703 14 1439 1430
11769 4 2 0 1 1435 1427 2204 1436
11770 4 2 0 1 1610 1691 2292 1672
11771 4 2 0 1 1476 266 478 1799
11772 4 2 0 1 1453 2244 1927 1931
11773 4 2 0 1 1452 2030 1927 1453
11774 4 2 0 1 1453 32 31 508
11775 4 2 0 1 508 31 1453 64
11776 4 2 0 1 508 1453 2030 64
11777 4 2 0 1 1366 1367 1517 1794
11778 4 2 0 1 2175 603 1323 241
11779 4 2 0 1 2295 1610 1370 2292
11780 4 2 0 1 1610 2295 1672 2292
11781 4 2 0 1 2296 2295 1370 2292
11782 4 2 0 1 1796 2175 1517 1323
11783 4 2 0 1 868 1589 1931 995
11784 4 2 0 1 1517 603 146 428
11785 4 2 0 1 119 1357 2046 505
11786 4 2 0 1 1971 1979 1980 1241
11787 4 2 0 1 512 589 1825 1211
11788 4 2 0 1 1321 1441 1239 1412
11789 4 2 0 1 2173 1980 1472 1241
11790 4 2 0 1 293 2045 2046 119
11791 4 2 0 1 1971 2046 1241 2173
11792 4 2 0 1 194 2082 465 2080
11793 4 2 0 1 1396 1767 1303 2149
11794 4 2 0 1 354 2113 1302 2127
11795 4 2 0 1 173 179 2153 174
11796 4 2 0 1 194 180 193 2080
11797 4 2 0 1 1300 2145 1303 2085
11798 4 2 0 1 1375 1835 2171 2119
11799 4 2 0 1 1917 1272 1633 1918
11800 4 2 0 1 544 1286 561 1375
11801 4 2 0 1 644 1492 389 1211
11802 4 2 0 1 579 365 389 1492
11803 4 2 0 1 2168 1835 1492 1493
11804 4 2 0 1 535 579 1492 365
11805 4 2 0 1 2169 404 1493 2221
11806 4 2 0 1 691 2300 692 693
11807 4 2 0 1 1423 607 251 462
11808 4 2 0 1 2378 302 301 300
11809 4 2 0 1 2378 302 300 344
11810 4 2 0 1 1250 1463 1249 1248
11811 4 2 0 1 832 1589 995 1044
11812 4 2 0 1 2044 2090 2092 1259
11813 4 2 0 1 1923 877 1004 1044
11814 4 2 0 1 1989 1282 2297 1949
11815 4 2 0 1 1295 1720 1857 1853
11816 4 2 0 1 1990 2132 1339 1730
11817 4 2 0 1 1193 1725 1729 1728
11818 4 2 0 1 1653 935 1119 1642
11819 4 2 0 1 1676 1595 1523 1593
11820 4 2 0 1 1532 1744 1736 1741
11821 4 2 0 1 692 695 693 2300
11822 4 2 0 1 2295 2293 1706 2292
11823 4 2 0 1 1741 1523 1595 1593
11824 4 2 0 1 1676 957 1080 1109
11825 4 2 0 1 1312 2328 1754 1572
11826 4 2 0 1 603 145 1323 241
11827 4 2 0 1 1752 2328 1552 1754
11828 4 2 0 1 696 695 2300 693
11829 4 2 0 1 1299 2142 1698 1724
11830 4 2 0 1 1142 1312 1111 1724
11831 4 2 0 1 1431 1702 1541 2263
11832 4 2 0 1 1703 1064 1063 1541
11833 4 2 0 1 1703 1064 1541 666
11834 4 2 0 1 1296 2275 1902 1440
11835 4 2 0 1 1901 2018 1342 2016
11836 4 2 0 1 1892 1854 2204 1427
11837 4 2 0 1 1551 652 1072 1553
11838 4 2 0 1 53 1480 1553 1497
11839 4 2 0 1 51 1404 50 670
11840 4 2 0 1 1628 1629 1363 1588
11841 4 2 0 1 2230 1544 1588 2231
11842 4 2 0 1 2226 1629 1588 1363
11843 4 2 0 1 1608 2342 1647 1564
11844 4 2 0 1 2355 771 769 1602
11845 4 2 0 1 999 2344 1564 1128
11846 4 2 0 1 1141 2346 965 1565
11847 4 2 0 1 1628 796 1587 1563
11848 4 2 0 1 2232 1195 1569 1542
11849 4 2 0 1 2187 2192 2333 1921
11850 4 2 0 1 1312 1208 2328 1795
11851 4 2 0 1 1448 661 1029 1687
11852 4 2 0 1 1652 1651 1307 1754
11853 4 2 0 1 1550 1197 1552 1754
11854 4 2 0 1 1680 1689 2312 2313
11855 4 2 0 1 1538 711 1095 935
11856 4 2 0 1 2236 1556 1564 1581
11857 4 2 0 1 970 1648 1037 1045
11858 4 2 0 1 1680 1689 2313 1638
11859 4 2 0 1 749 1566 748 750
11860 4 2 0 1 971 1566 1617 1581
11861 4 2 0 1 1538 711 1620 1095
11862 4 2 0 1 2303 2305 2306 1520
11863 4 2 0 1 2192 2351 2333 1921
11864 4 2 0 1 1921 800 802 2333
11865 4 2 0 1 701 1620 1623 1621
11866 4 2 0 1 885 1071 929 1561
11867 4 2 0 1 1561 914 1132 1648
11868 4 2 0 1 1176 980 1683 732
11869 4 2 0 1 2341 1563 1363 2234
11870 4 2 0 1 1705 1737 2331 1738
11871 4 2 0 1 1597 1544 2331 1588
11872 4 2 0 1 2355 1605 1613 1409
11873 4 2 0 1 1743 1521 1409 2250
11874 4 2 0 1 2332 2349 1568 2347
11875 4 2 0 1 960 773 1587 1602
11876 4 2 0 1 796 960 1587 1563
11877 4 2 0 1 960 1602 1587 1563
11878 4 2 0 1 1637 2353 1636 1611
11879 4 2 0 1 1658 2333 2334 1636
11880 4 2 0 1 2311 1526 1561 1584
11881 4 2 0 1 2353 2186 1636 2334
11882 4 2 0 1 1524 1637 2272 1635
11883 4 2 0 1 1433 2268 2269 2265
11884 4 2 0 1 1684 1582 1612 685
11885 4 2 0 1 1688 2285 1612 1462
11886 4 2 0 1 1534 1699 1621 1645
11887 4 2 0 1 1012 1096 787 1663
11888 4 2 0 1 2311 2310 1561 1566
11889 4 2 0 1 321 388 1331 627
11890 4 2 0 1 1623 703 702 1622
11891 4 2 0 1 2302 1058 2305 1622
11892 4 2 0 1 700 876 698 1624
11893 4 2 0 1 452 321 1331 627
11894 4 2 0 1 1407 1371 1408 1700
11895 4 2 0 1 1372 1408 1700 1673
11896 4 2 0 1 1526 2311 1561 1566
11897 4 2 0 1 1717 1372 1447 1631
11898 4 2 0 1 2198 1982 2343 2196
11899 4 2 0 1 1448 1253 1913 1918
11900 4 2 0 1 1253 2072 1932 2071
11901 4 2 0 1 2244 1453 995 1931
11902 4 2 0 1 23 1486 1487 1641
11903 4 2 0 1 2001 1416 148 1309
11904 4 2 0 1 1670 954 1094 1007
11905 4 2 0 1 280 1458 1913 1361
11906 4 2 0 1 2001 1309 148 1322
11907 4 2 0 1 727 1380 1307 905
11908 4 2 0 1 1380 727 1307 1650
11909 4 2 0 1 2328 1580 1572 1323
11910 4 2 0 1 944 1453 995 2244
11911 4 2 0 1 1965 1540 1964 2161
11912 4 2 0 1 1698 1506 71 633
11913 4 2 0 1 1652 1964 1753 1754
11914 4 2 0 1 2126 2113 2085 1290
11915 4 2 0 1 1850 1461 2279 1773
11916 4 2 0 1 147 2001 148 1322
11917 4 2 0 1 2048 408 596 517
11918 4 2 0 1 276 408 458 2051
11919 4 2 0 1 1610 1691 1609 1380
11920 4 2 0 1 729 1610 918 1672
11921 4 2 0 1 1672 1085 957 1593
11922 4 2 0 1 1712 1024 730 918
11923 4 2 0 1 1665 857 864 2327
11924 4 2 0 1 2262 2281 2336 1450
11925 4 2 0 1 1676 957 1109 1593
11926 4 2 0 1 1046 683 681 1681
11927 4 2 0 1 323 1907 445 1910
11928 4 2 0 1 1681 1600 2340 1682
11929 4 2 0 1 2262 2336 2259 1547
11930 4 2 0 1 2352 2353 2271 2270
11931 4 2 0 1 1449 2192 1922 2340
11932 4 2 0 1 1644 2245 1927 2246
11933 4 2 0 1 1682 1558 1697 1600
11934 4 2 0 1 2307 1624 1621 1534
11935 4 2 0 1 1602 2355 1664 2250
11936 4 2 0 1 1655 1645 1621 1653
11937 4 2 0 1 601 1491 171 281
11938 4 2 0 1 1699 1645 1018 1017
11939 4 2 0 1 1689 1097 1192 1699
11940 4 2 0 1 1097 1689 1546 1699
11941 4 2 0 1 1577 1519 1699 2298
11942 4 2 0 1 1621 2298 1624 1577
11943 4 2 0 1 1621 2298 1577 1699
11944 4 2 0 1 1521 1690 2250 1743
11945 4 2 0 1 1096 1664 787 1663
11946 4 2 0 1 2306 2252 1662 1521
11947 4 2 0 1 2251 1743 2354 1409
11948 4 2 0 1 1011 1664 1663 787
11949 4 2 0 1 2349 2332 1737 1542
11950 4 2 0 1 1664 1096 1596 1663
11951 4 2 0 1 1879 1867 1860 1878
11952 4 2 0 1 1361 283 515 423
11953 4 2 0 1 1220 1625 1879 1632
11954 4 2 0 1 2332 1568 1569 2347
11955 4 2 0 1 1220 1625 1632 1875
11956 4 2 0 1 1722 1255 1983 2217
11957 4 2 0 1 631 386 384 1910
11958 4 2 0 1 1496 1076 54 985
11959 4 2 0 1 2133 1897 1851 2136
11960 4 2 0 1 1928 1919 1926 1924
11961 4 2 0 1 1722 1113 2033 2222
11962 4 2 0 1 2165 238 484 406
11963 4 2 0 1 1362 1348 1983 2136
11964 4 2 0 1 1541 1903 1905 1297
11965 4 2 0 1 1347 1727 2123 1730
11966 4 2 0 1 1505 557 473 536
11967 4 2 0 1 405 442 1375 561
11968 4 2 0 1 1108 696 1746 1578
11969 4 2 0 1 2301 2298 1578 1746
11970 4 2 0 1 2299 1522 1743 2309
11971 4 2 0 1 1875 1298 1814 1297
11972 4 2 0 1 1377 1505 473 1459
11973 4 2 0 1 1595 1522 1535 2241
11974 4 2 0 1 1596 2332 776 1568
11975 4 2 0 1 2299 1522 2309 1535
11976 4 2 0 1 1532 1595 1746 2320
11977 4 2 0 1 1739 1736 1745 2322
11978 4 2 0 1 1705 2332 1737 1519
11979 4 2 0 1 2231 2229 2232 2226
11980 4 2 0 1 2301 2298 1737 1519
11981 4 2 0 1 135 1475 501 560
11982 4 2 0 1 2275 2199 2196 2197
11983 4 2 0 1 1733 1234 1749 1748
11984 4 2 0 1 2191 2280 2286 2189
11985 4 2 0 1 1965 1964 1957 1308
11986 4 2 0 1 1207 1814 1808 1297
11987 4 2 0 1 1748 1762 1751 1957
11988 4 2 0 1 1377 117 115 1357
11989 4 2 0 1 1196 1481 1733 1749
11990 4 2 0 1 386 430 1910 631
11991 4 2 0 1 1748 1761 1762 1957
11992 4 2 0 1 1734 1954 1237 2039
11993 4 2 0 1 1748 1954 1957 1237
11994 4 2 0 1 1954 1955 1957 1308
11995 4 2 0 1 1370 1731 2039 2037
11996 4 2 0 1 1748 1953 1957 1954
11997 4 2 0 1 1770 164 1381 1396
11998 4 2 0 1 1207 1814 1297 1295
11999 4 2 0 1 21 1173 1715 654
12000 4 2 0 1 1386 2127 1302 2085
12001 4 2 0 1 1654 1645 1014 1656
12002 4 2 0 1 2208 2209 1861 2211
12003 4 2 0 1 1537 2137 1814 1207
12004 4 2 0 1 2170 2166 2100 1493
12005 4 2 0 1 1310 1281 2156 2102
12006 4 2 0 1 1809 1813 1207 1905
12007 4 2 0 1 2109 2119 2117 2118
12008 4 2 0 1 2097 1787 2092 2099
12009 4 2 0 1 2164 2156 2166 2100
12010 4 2 0 1 2047 2097 2092 2100
12011 4 2 0 1 1978 1476 1798 1975
12012 4 2 0 1 1510 1442 1948 616
12013 4 2 0 1 573 450 1509 616
12014 4 2 0 1 1454 1756 1758 1763
12015 4 2 0 1 1797 1476 1205 1798
12016 4 2 0 1 1462 1688 1450 2318
12017 4 2 0 1 1747 1781 1749 1198
12018 4 2 0 1 1979 1509 1977 1980
12019 4 2 0 1 360 2175 495 355
12020 4 2 0 1 547 2175 242 146
12021 4 2 0 1 1803 1801 1277 1311
12022 4 2 0 1 1804 1803 1277 1311
12023 4 2 0 1 1820 1821 1492 1806
12024 4 2 0 1 1888 1805 1889 1206
12025 4 2 0 1 366 2166 1493 594
12026 4 2 0 1 513 1430 1438 1434
12027 4 2 0 1 1813 1362 2136 1904
12028 4 2 0 1 2225 1255 2216 1983
12029 4 2 0 1 2140 2216 2225 1555
12030 4 2 0 1 1596 2332 1568 2331
12031 4 2 0 1 1720 1857 2139 2140
12032 4 2 0 1 1362 1897 2135 2136
12033 4 2 0 1 542 1441 1384 103
12034 4 2 0 1 1893 1224 2204 2023
12035 4 2 0 1 2167 480 457 149
12036 4 2 0 1 2156 1310 2166 2100
12037 4 2 0 1 2165 2097 2047 2100
12038 4 2 0 1 2178 1467 1328 2179
12039 4 2 0 1 1831 1911 1469 1277
12040 4 2 0 1 1906 1911 1477 1227
12041 4 2 0 1 1830 1477 1227 1478
12042 4 2 0 1 1832 1830 1829 1833
12043 4 2 0 1 2101 1888 1891 2102
12044 4 2 0 1 1831 1277 1469 1834
12045 4 2 0 1 2055 2056 2053 1268
12046 4 2 0 1 1831 1911 1277 1829
12047 4 2 0 1 1039 1048 1538 2327
12048 4 2 0 1 21 576 76 1460
12049 4 2 0 1 1091 1048 1039 2327
12050 4 2 0 1 1868 1716 1866 1869
12051 4 2 0 1 1906 1477 1478 1227
12052 4 2 0 1 1134 1545 891 1630
12053 4 2 0 1 602 322 1477 323
12054 4 2 0 1 1845 1847 1229 1846
12055 4 2 0 1 1276 1772 1776 1775
12056 4 2 0 1 1837 1213 1841 1829
12057 4 2 0 1 1843 1213 1802 1841
12058 4 2 0 1 1467 1485 1424 2178
12059 4 2 0 1 2208 1778 1848 2210
12060 4 2 0 1 1596 1568 1587 2331
12061 4 2 0 1 1848 1847 1774 1214
12062 4 2 0 1 1863 1858 1864 1859
12063 4 2 0 1 2208 2210 1848 1861
12064 4 2 0 1 1346 1293 1855 1857
12065 4 2 0 1 2263 1702 1852 2264
12066 4 2 0 1 20 21 1715 654
12067 4 2 0 1 227 263 2179 264
12068 4 2 0 1 1862 1346 1864 1857
12069 4 2 0 1 1852 1864 1857 1217
12070 4 2 0 1 1217 1862 1864 1857
12071 4 2 0 1 2174 2217 2035 1729
12072 4 2 0 1 1220 1576 1873 1632
12073 4 2 0 1 1618 1585 1568 2347
12074 4 2 0 1 1875 1220 1873 1632
12075 4 2 0 1 1587 1568 1569 2331
12076 4 2 0 1 513 1430 600 1438
12077 4 2 0 1 882 1868 1073 1867
12078 4 2 0 1 2319 2262 2323 1547
12079 4 2 0 1 513 1430 14 600
12080 4 2 0 1 1547 2262 2323 2260
12081 4 2 0 1 2293 2319 2323 1547
12082 4 2 0 1 2180 1479 1418 1350
12083 4 2 0 1 1212 1883 1838 1886
12084 4 2 0 1 645 1994 422 1501
12085 4 2 0 1 1882 1886 2256 1883
12086 4 2 0 1 1293 1855 1856 1428
12087 4 2 0 1 2300 1530 692 2313
12088 4 2 0 1 1881 1428 1222 1891
12089 4 2 0 1 1783 1284 1891 1784
12090 4 2 0 1 2256 1216 1855 1856
12091 4 2 0 1 1894 2155 1891 1818
12092 4 2 0 1 673 1168 660 2196
12093 4 2 0 1 1371 1372 1700 1631
12094 4 2 0 1 713 1577 2327 1039
12095 4 2 0 1 1722 1718 1719 1981
12096 4 2 0 1 1168 1565 673 1034
12097 4 2 0 1 1168 1565 1034 1563
12098 4 2 0 1 1565 2197 1168 2196
12099 4 2 0 1 1362 1337 1982 1981
12100 4 2 0 1 1982 2201 2200 1984
12101 4 2 0 1 1367 1366 390 391
12102 4 2 0 1 570 1356 1318 61
12103 4 2 0 1 1469 631 384 1910
12104 4 2 0 1 713 1577 1528 2327
12105 4 2 0 1 1911 1906 1910 1908
12106 4 2 0 1 2300 1530 2313 2316
12107 4 2 0 1 1228 1352 1908 2083
12108 4 2 0 1 905 727 1051 1307
12109 4 2 0 1 1253 1448 1913 1275
12110 4 2 0 1 1915 2027 2029 1253
12111 4 2 0 1 2263 2138 2264 1852
12112 4 2 0 1 1915 2027 395 2028
12113 4 2 0 1 1665 713 1528 2327
12114 4 2 0 1 2280 1850 1849 1869
12115 4 2 0 1 1933 1922 1920 2351
12116 4 2 0 1 1925 1924 1928 1926
12117 4 2 0 1 1929 1919 1926 2340
12118 4 2 0 1 1933 1931 1928 902
12119 4 2 0 1 1463 1250 1249 2206
12120 4 2 0 1 1995 1354 1248 1936
12121 4 2 0 1 1251 2020 2022 2021
12122 4 2 0 1 331 1516 358 566
12123 4 2 0 1 1997 1315 1231 1936
12124 4 2 0 1 1935 2020 1252 2022
12125 4 2 0 1 1964 2239 1307 1652
12126 4 2 0 1 7 1447 1365 1465
12127 4 2 0 1 1380 1650 1307 1652
12128 4 2 0 1 1464 45 1698 71
12129 4 2 0 1 2291 2289 2288 1369
12130 4 2 0 1 1091 713 2327 1039
12131 4 2 0 1 1509 1979 1241 1980
12132 4 2 0 1 2069 1383 1268 1400
12133 4 2 0 1 1511 1233 1947 1951
12134 4 2 0 1 1349 1243 1410 1951
12135 4 2 0 1 1464 45 71 46
12136 4 2 0 1 1979 1971 1948 1241
12137 4 2 0 1 1506 1698 71 1464
12138 4 2 0 1 1390 2202 1972 1962
12139 4 2 0 1 1915 2028 395 262
12140 4 2 0 1 1857 2138 1216 1852
12141 4 2 0 1 1199 1958 1956 1960
12142 4 2 0 1 2202 1236 1962 1960
12143 4 2 0 1 1287 2219 2108 1375
12144 4 2 0 1 1958 1959 1962 1961
12145 4 2 0 1 2221 2165 2047 484
12146 4 2 0 1 2202 1969 1970 1972
12147 4 2 0 1 1785 1285 1968 1786
12148 4 2 0 1 123 1319 121 1973
12149 4 2 0 1 1729 1244 1990 2297
12150 4 2 0 1 1577 2300 696 695
12151 4 2 0 1 1577 2300 695 2313
12152 4 2 0 1 667 1498 2223 55
12153 4 2 0 1 2300 1530 2316 2274
12154 4 2 0 1 1442 610 448 1240
12155 4 2 0 1 1664 2355 1010 1521
12156 4 2 0 1 1498 2222 667 2223
12157 4 2 0 1 1696 2050 1268 1385
12158 4 2 0 1 2235 2230 2237 2233
12159 4 2 0 1 1543 1813 1812 2200
12160 4 2 0 1 1362 2199 1813 1983
12161 4 2 0 1 1362 1982 2199 1983
12162 4 2 0 1 1410 1402 1349 1951
12163 4 2 0 1 2203 1959 1988 1727
12164 4 2 0 1 1959 1234 1988 1727
12165 4 2 0 1 1134 1545 889 891
12166 4 2 0 1 1787 2220 2103 2107
12167 4 2 0 1 202 366 457 2166
12168 4 2 0 1 167 1467 188 1327
12169 4 2 0 1 1091 1665 2327 713
12170 4 2 0 1 2005 1309 2003 2001
12171 4 2 0 1 156 558 1415 378
12172 4 2 0 1 2005 2001 2003 1998
12173 4 2 0 1 1471 1270 2007 2008
12174 4 2 0 1 1223 1471 2008 1270
12175 4 2 0 1 1510 392 60 616
12176 4 2 0 1 1294 1898 1897 2182
12177 4 2 0 1 2286 2280 2282 2189
12178 4 2 0 1 2 539 1 1446
12179 4 2 0 1 1388 2 1 1446
12180 4 2 0 1 1242 1631 1388 2183
12181 4 2 0 1 1068 1584 712 2305
12182 4 2 0 1 744 1679 1055 1617
12183 4 2 0 1 2095 2094 2026 1280
12184 4 2 0 1 1789 1320 2091 1788
12185 4 2 0 1 2020 2094 1320 2023
12186 4 2 0 1 661 1448 1163 879
12187 4 2 0 1 1402 1233 1349 1951
12188 4 2 0 1 1357 2046 1239 1259
12189 4 2 0 1 1310 2096 2099 2100
12190 4 2 0 1 1190 1498 985 1496
12191 4 2 0 1 870 871 1614 946
12192 4 2 0 1 1496 1500 1498 54
12193 4 2 0 1 844 871 1594 1616
12194 4 2 0 1 614 1500 54 138
12195 4 2 0 1 1887 1288 2118 2099
12196 4 2 0 1 986 2033 1498 1704
12197 4 2 0 1 1721 1981 1722 1719
12198 4 2 0 1 2040 2041 1377 1258
12199 4 2 0 1 2040 2044 1377 2041
12200 4 2 0 1 1321 1441 1384 1239
12201 4 2 0 1 1241 1378 2046 1239
12202 4 2 0 1 2336 1263 2335 1450
12203 4 2 0 1 1357 117 1358 2042
12204 4 2 0 1 1263 2336 2335 1395
12205 4 2 0 1 409 2030 407 268
12206 4 2 0 1 1263 1450 1711 2335
12207 4 2 0 1 2154 173 418 218
12208 4 2 0 1 1395 1263 1711 2335
12209 4 2 0 1 2058 2055 418 2154
12210 4 2 0 1 2033 898 894 1113
12211 4 2 0 1 1391 615 486 292
12212 4 2 0 1 1269 1470 1669 1421
12213 4 2 0 1 2069 2055 1268 2056
12214 4 2 0 1 2150 2059 2077 2152
12215 4 2 0 1 1269 1470 1421 2067
12216 4 2 0 1 1983 1722 1981 1984
12217 4 2 0 1 1884 1212 1213 1886
12218 4 2 0 1 2268 1433 1531 2265
12219 4 2 0 1 1634 1456 1268 2067
12220 4 2 0 1 2056 1634 1268 2067
12221 4 2 0 1 1068 712 1584 1067
12222 4 2 0 1 1448 1923 1932 2072
12223 4 2 0 1 1278 1163 1029 1448
12224 4 2 0 1 2083 1361 2082 1914
12225 4 2 0 1 262 2028 395 268
12226 4 2 0 1 1640 1917 1633 1918
12227 4 2 0 1 2028 2029 1451 1260
12228 4 2 0 1 1451 1924 1254 2278
12229 4 2 0 1 1272 1917 1869 1849
12230 4 2 0 1 2065 2151 2163 1267
12231 4 2 0 1 2147 2059 2077 1265
12232 4 2 0 1 2056 2057 2152 2059
12233 4 2 0 1 2075 2062 2063 2076
12234 4 2 0 1 2057 1701 2163 2161
12235 4 2 0 1 2057 2065 2152 2163
12236 4 2 0 1 179 174 2080 2153
12237 4 2 0 1 2084 1276 1776 1775
12238 4 2 0 1 989 673 1673 2345
12239 4 2 0 1 1386 1302 1303 2085
12240 4 2 0 1 1077 2327 930 864
12241 4 2 0 1 2150 2148 1301 1767
12242 4 2 0 1 673 1141 2345 989
12243 4 2 0 1 1759 1368 1794 1414
12244 4 2 0 1 2344 899 2345 989
12245 4 2 0 1 1243 1941 1410 2025
12246 4 2 0 1 2091 2093 1320 2026
12247 4 2 0 1 101 650 102 1410
12248 4 2 0 1 2110 2219 2220 2098
12249 4 2 0 1 1351 2219 2110 2098
12250 4 2 0 1 2105 1283 2110 2098
12251 4 2 0 1 1283 1351 2110 2098
12252 4 2 0 1 1793 2129 2104 2132
12253 4 2 0 1 1288 2116 2104 2131
12254 4 2 0 1 1803 1835 1806 2118
12255 4 2 0 1 1803 2119 1835 2118
12256 4 2 0 1 2109 2120 2107 2115
12257 4 2 0 1 2109 2105 2107 2120
12258 4 2 0 1 1381 166 2149 1396
12259 4 2 0 1 1291 1287 2110 2108
12260 4 2 0 1 1889 1805 2131 2116
12261 4 2 0 1 1805 1288 2131 2116
12262 4 2 0 1 1289 2131 2132 2104
12263 4 2 0 1 1483 525 193 1353
12264 4 2 0 1 354 464 537 2127
12265 4 2 0 1 2113 354 537 2127
12266 4 2 0 1 1163 661 1029 1448
12267 4 2 0 1 1302 531 552 1303
12268 4 2 0 1 2113 353 1302 1483
12269 4 2 0 1 2235 2236 2343 2233
12270 4 2 0 1 1010 1664 1521 1011
12271 4 2 0 1 1900 1507 2015 1901
12272 4 2 0 1 1391 1677 1268 1385
12273 4 2 0 1 2134 1320 1893 2135
12274 4 2 0 1 664 991 1385 1657
12275 4 2 0 1 1141 2344 2345 989
12276 4 2 0 1 207 1506 527 1419
12277 4 2 0 1 1700 2198 1673 1337
12278 4 2 0 1 1396 552 387 1303
12279 4 2 0 1 1634 675 676 677
12280 4 2 0 1 2126 2127 1301 2085
12281 4 2 0 1 2075 2059 2063 2062
12282 4 2 0 1 2066 1381 2149 1767
12283 4 2 0 1 589 1826 1825 1211
12284 4 2 0 1 2056 2065 2057 2067
12285 4 2 0 1 1275 1163 27 28
12286 4 2 0 1 2077 2084 2145 1776
12287 4 2 0 1 2267 1170 1590 1120
12288 4 2 0 1 2115 2220 2107 2109
12289 4 2 0 1 1391 615 373 486
12290 4 2 0 1 2108 2112 1286 2111
12291 4 2 0 1 1820 2156 2166 1823
12292 4 2 0 1 2156 2164 2166 2167
12293 4 2 0 1 2177 1416 1823 154
12294 4 2 0 1 2201 2235 2343 2233
12295 4 2 0 1 1637 2353 2270 2284
12296 4 2 0 1 1820 2156 1823 1822
12297 4 2 0 1 1322 480 238 2167
12298 4 2 0 1 656 1640 1641 1633
12299 4 2 0 1 1847 1714 1866 1840
12300 4 2 0 1 1462 1872 1877 1531
12301 4 2 0 1 2283 2190 2189 1612
12302 4 2 0 1 1373 1391 1677 1455
12303 4 2 0 1 2011 1935 2010 2019
12304 4 2 0 1 1457 229 384 203
12305 4 2 0 1 2204 1294 2023 2015
12306 4 2 0 1 2018 1251 2015 2023
12307 4 2 0 1 2016 2015 2019 2017
12308 4 2 0 1 1546 828 1082 1018
12309 4 2 0 1 1360 1196 2223 1726
12310 4 2 0 1 1778 1289 2209 2123
12311 4 2 0 1 1727 1725 1988 1730
12312 4 2 0 1 1725 1730 1193 1729
12313 4 2 0 1 1256 1730 1725 1727
12314 4 2 0 1 1961 2105 1291 2123
12315 4 2 0 1 2203 1959 1727 2123
12316 4 2 0 1 1214 1774 1848 1861
12317 4 2 0 1 1858 1863 1865 1859
12318 4 2 0 1 1220 1625 1875 1878
12319 4 2 0 1 1726 1196 2223 1499
12320 4 2 0 1 1462 2285 2286 1450
12321 4 2 0 1 2285 1688 1450 1462
12322 4 2 0 1 2097 2219 2220 2169
12323 4 2 0 1 1546 1097 1018 1082
12324 4 2 0 1 1285 1785 1968 2098
12325 4 2 0 1 1390 1970 1973 1972
12326 4 2 0 1 2106 1285 1968 2103
12327 4 2 0 1 1969 1966 1973 1972
12328 4 2 0 1 1278 29 28 394
12329 4 2 0 1 1816 1536 1745 2232
12330 4 2 0 1 2141 2324 2323 2326
12331 4 2 0 1 2348 1433 1542 2347
12332 4 2 0 1 1810 2348 1874 1816
12333 4 2 0 1 2348 1816 2232 1536
12334 4 2 0 1 2348 1816 1536 2324
12335 4 2 0 1 1556 898 1984 1718
12336 4 2 0 1 1735 1232 1499 1732
12337 4 2 0 1 22 1641 23 1487
12338 4 2 0 1 1740 1523 2241 1595
12339 4 2 0 1 1740 1523 1595 1739
12340 4 2 0 1 2240 725 724 1695
12341 4 2 0 1 1157 2308 726 990
12342 4 2 0 1 1495 1547 2296 2293
12343 4 2 0 1 2287 1745 1739 1742
12344 4 2 0 1 2032 1255 2330 2033
12345 4 2 0 1 954 1448 1007 2072
12346 4 2 0 1 924 1099 1172 1711
12347 4 2 0 1 1263 1395 1711 2060
12348 4 2 0 1 1559 2249 1118 2161
12349 4 2 0 1 1601 1263 1450 1711
12350 4 2 0 1 906 1118 2249 2161
12351 4 2 0 1 1163 1278 28 1275
12352 4 2 0 1 1118 1024 906 2249
12353 4 2 0 1 954 1448 879 1007
12354 4 2 0 1 1423 2378 462 2254
12355 4 2 0 1 1423 249 357 2253
12356 4 2 0 1 1448 1640 879 1007
12357 4 2 0 1 1360 1726 2223 1194
12358 4 2 0 1 1879 951 952 1149
12359 4 2 0 1 2285 2286 2282 2189
12360 4 2 0 1 42 1421 978 665
12361 4 2 0 1 2286 2285 2282 1450
12362 4 2 0 1 1557 1085 1706 1593
12363 4 2 0 1 2281 2286 2280 2282
12364 4 2 0 1 2281 2286 2282 1450
12365 4 2 0 1 1670 954 1007 2072
12366 4 2 0 1 1736 1739 1741 2322
12367 4 2 0 1 2332 1705 1546 1519
12368 4 2 0 1 1603 2355 1602 2250
12369 4 2 0 1 2322 1195 1736 1745
12370 4 2 0 1 1868 1716 1869 1633
12371 4 2 0 1 1739 2321 1741 2322
12372 4 2 0 1 2141 2325 2323 2260
12373 4 2 0 1 1726 1499 2223 1194
12374 4 2 0 1 718 1102 2340 1558
12375 4 2 0 1 1449 2070 1710 1682
12376 4 2 0 1 1921 2187 1922 1671
12377 4 2 0 1 1600 1681 1710 1682
12378 4 2 0 1 1943 1704 1944 2243
12379 4 2 0 1 1695 2242 1548 2243
12380 4 2 0 1 724 2240 896 726
12381 4 2 0 1 1522 1379 2241 1740
12382 4 2 0 1 2293 2290 2323 2321
12383 4 2 0 1 2262 2319 1531 2317
12384 4 2 0 1 1713 1712 2335 2295
12385 4 2 0 1 2268 2319 1686 2317
12386 4 2 0 1 1575 1712 1711 2335
12387 4 2 0 1 2262 2336 1547 2318
12388 4 2 0 1 939 1130 2242 886
12389 4 2 0 1 2057 1701 2161 1070
12390 4 2 0 1 1669 1421 1470 1455
12391 4 2 0 1 2308 2241 726 990
12392 4 2 0 1 700 734 1623 702
12393 4 2 0 1 1624 734 876 2309
12394 4 2 0 1 2302 2309 2304 1623
12395 4 2 0 1 2302 2303 1622 2305
12396 4 2 0 1 706 1622 705 1683
12397 4 2 0 1 1689 855 982 1680
12398 4 2 0 1 857 2312 856 2327
12399 4 2 0 1 713 1665 1528 1143
12400 4 2 0 1 1680 1689 1638 982
12401 4 2 0 1 1689 855 1680 2312
12402 4 2 0 1 1736 2301 1737 2322
12403 4 2 0 1 2326 2290 1536 2323
12404 4 2 0 1 2318 2293 2319 1706
12405 4 2 0 1 1578 1525 1744 1741
12406 4 2 0 1 1557 2320 1741 1578
12407 4 2 0 1 1532 1595 2320 1741
12408 4 2 0 1 1813 2199 2200 1983
12409 4 2 0 1 1705 1690 1534 1738
12410 4 2 0 1 2329 2032 2330 2291
12411 4 2 0 1 1272 2280 1870 2191
12412 4 2 0 1 1523 2294 2243 1691
12413 4 2 0 1 1739 1595 1740 1742
12414 4 2 0 1 2243 1740 1379 2288
12415 4 2 0 1 878 2187 820 1921
12416 4 2 0 1 2286 2262 2281 2261
12417 4 2 0 1 1853 2133 1851 2136
12418 4 2 0 1 1777 1347 2339 2338
12419 4 2 0 1 2209 1777 2339 2211
12420 4 2 0 1 1720 1346 1293 2132
12421 4 2 0 1 2325 1495 2296 2034
12422 4 2 0 1 2037 1731 2034 2296
12423 4 2 0 1 2201 2341 2234 1565
12424 4 2 0 1 2200 2341 1363 2234
12425 4 2 0 1 2346 1603 1605 1602
12426 4 2 0 1 2268 1531 2270 2265
12427 4 2 0 1 2057 2161 1559 1070
12428 4 2 0 1 2057 2163 2152 1264
12429 4 2 0 1 1876 1871 1877 1872
12430 4 2 0 1 2271 2267 979 786
12431 4 2 0 1 1429 1871 1878 1865
12432 4 2 0 1 1872 1871 1877 1531
12433 4 2 0 1 1876 1220 1871 1878
12434 4 2 0 1 1768 2159 2151 2163
12435 4 2 0 1 2065 2151 1267 2066
12436 4 2 0 1 1453 1930 995 1931
12437 4 2 0 1 2065 1267 2163 2350
12438 4 2 0 1 1606 783 781 784
12439 4 2 0 1 2342 738 739 1608
12440 4 2 0 1 1568 1596 1587 775
12441 4 2 0 1 1338 1958 1962 1345
12442 4 2 0 1 296 1455 415 1669
12443 4 2 0 1 773 1596 774 775
12444 4 2 0 1 1974 1966 1972 1968
12445 4 2 0 1 909 1074 1529 910
12446 4 2 0 1 2352 1092 790 791
12447 4 2 0 1 1989 1236 1987 1988
12448 4 2 0 1 1236 2106 1989 1968
12449 4 2 0 1 293 1319 121 412
12450 4 2 0 1 1989 1236 1968 1974
12451 4 2 0 1 1236 2103 2106 1968
12452 4 2 0 1 474 1804 214 290
12453 4 2 0 1 1236 2106 1339 1988
12454 4 2 0 1 2119 1290 2109 2117
12455 4 2 0 1 2150 2214 1301 2077
12456 4 2 0 1 1876 1879 1878 1867
12457 4 2 0 1 1202 1974 1976 1977
12458 4 2 0 1 1390 1338 2111 126
12459 4 2 0 1 1974 1202 1971 1977
12460 4 2 0 1 1445 532 286 1424
12461 4 2 0 1 645 1501 522 444
12462 4 2 0 1 1376 1205 1977 1798
12463 4 2 0 1 1205 1376 1977 1980
12464 4 2 0 1 1202 1376 1977 1798
12465 4 2 0 1 2033 898 1113 1722
12466 4 2 0 1 2033 898 1722 1984
12467 4 2 0 1 438 1250 494 439
12468 4 2 0 1 1255 2329 2225 2032
12469 4 2 0 1 1042 2366 818 814
12470 4 2 0 1 1255 1543 2330 1984
12471 4 2 0 1 949 668 1139 1860
12472 4 2 0 1 1255 1543 1984 1983
12473 4 2 0 1 1255 1543 1983 2225
12474 4 2 0 1 1986 1511 2297 1512
12475 4 2 0 1 774 1596 776 775
12476 4 2 0 1 1721 2174 1986 2297
12477 4 2 0 1 1721 1511 2297 1986
12478 4 2 0 1 1988 2106 1339 1990
12479 4 2 0 1 1730 1988 1339 1990
12480 4 2 0 1 1988 2106 1990 1989
12481 4 2 0 1 2106 1793 1339 1990
12482 4 2 0 1 1424 1304 1484 2000
12483 4 2 0 1 1008 1179 1619 847
12484 4 2 0 1 2255 1304 1424 2000
12485 4 2 0 1 1304 2255 2013 2000
12486 4 2 0 1 286 1424 1484 2000
12487 4 2 0 1 2267 1120 979 785
12488 4 2 0 1 1501 286 1484 2000
12489 4 2 0 1 2013 1996 2010 1315
12490 4 2 0 1 1336 608 2016 1407
12491 4 2 0 1 1880 1876 1220 1871
12492 4 2 0 1 1026 1372 10 9
12493 4 2 0 1 1996 1997 2010 1315
12494 4 2 0 1 1996 2013 2010 1249
12495 4 2 0 1 1997 1996 2010 1249
12496 4 2 0 1 882 1867 1073 1122
12497 4 2 0 1 1844 1837 1460 1714
12498 4 2 0 1 1716 22 1173 1714
12499 4 2 0 1 1068 712 1087 2305
12500 4 2 0 1 20 654 1715 897
12501 4 2 0 1 1802 1843 1841 1807
12502 4 2 0 1 2006 2011 2010 2205
12503 4 2 0 1 2006 2008 2007 1270
12504 4 2 0 1 2006 2205 2010 2007
12505 4 2 0 1 1342 2016 2018 2019
12506 4 2 0 1 2016 1342 2195 2019
12507 4 2 0 1 1355 2017 2016 2019
12508 4 2 0 1 2030 409 395 268
12509 4 2 0 1 1355 2016 2017 1336
12510 4 2 0 1 1876 1871 1872 1878
12511 4 2 0 1 1069 1723 1701 1724
12512 4 2 0 1 1070 1421 665 978
12513 4 2 0 1 1876 1220 1879 1590
12514 4 2 0 1 2034 1732 1193 2035
12515 4 2 0 1 2034 1193 1732 1731
12516 4 2 0 1 1878 1865 1815 1429
12517 4 2 0 1 1476 1978 460 138
12518 4 2 0 1 376 1476 1799 1444
12519 4 2 0 1 63 1883 2256 17
12520 4 2 0 1 63 18 1883 17
12521 4 2 0 1 1500 54 138 55
12522 4 2 0 1 1417 1342 2206 417
12523 4 2 0 1 1702 1426 2256 17
12524 4 2 0 1 2256 2264 1702 17
12525 4 2 0 1 2256 2264 17 1883
12526 4 2 0 1 277 254 1477 322
12527 4 2 0 1 1906 62 1477 1907
12528 4 2 0 1 1830 1477 1478 277
12529 4 2 0 1 1458 410 1909 1910
12530 4 2 0 1 322 254 1477 323
12531 4 2 0 1 1995 92 87 1474
12532 4 2 0 1 639 641 88 1306
12533 4 2 0 1 1570 846 847 1106
12534 4 2 0 1 1879 949 1860 1867
12535 4 2 0 1 89 90 1305 88
12536 4 2 0 1 1322 1309 2043 1258
12537 4 2 0 1 1967 1282 1989 1949
12538 4 2 0 1 2130 1783 1320 1793
12539 4 2 0 1 1309 2041 2043 1258
12540 4 2 0 1 481 331 566 1413
12541 4 2 0 1 157 1258 133 536
12542 4 2 0 1 1349 98 99 1410
12543 4 2 0 1 536 133 1459 1258
12544 4 2 0 1 1378 501 1475 220
12545 4 2 0 1 383 85 87 1474
12546 4 2 0 1 157 1258 536 1314
12547 4 2 0 1 2050 1696 1268 2053
12548 4 2 0 1 1983 2136 1813 1362
12549 4 2 0 1 50 1580 1323 49
12550 4 2 0 1 1348 2134 2174 2136
12551 4 2 0 1 1791 1288 2099 1787
12552 4 2 0 1 1319 123 121 412
12553 4 2 0 1 5 1413 333 4
12554 4 2 0 1 117 2042 1459 125
12555 4 2 0 1 1362 1348 1981 1983
12556 4 2 0 1 1322 2040 1258 2043
12557 4 2 0 1 1377 113 114 115
12558 4 2 0 1 536 131 473 1459
12559 4 2 0 1 1323 428 50 49
12560 4 2 0 1 8 1382 9 61
12561 4 2 0 1 1382 371 1318 61
12562 4 2 0 1 1382 8 371 61
12563 4 2 0 1 1194 1360 1728 2222
12564 4 2 0 1 141 177 1454 143
12565 4 2 0 1 144 162 1765 461
12566 4 2 0 1 1263 2215 2213 1395
12567 4 2 0 1 1386 2128 1406 2127
12568 4 2 0 1 1821 1820 202 153
12569 4 2 0 1 1820 1821 1827 153
12570 4 2 0 1 1392 1669 1470 1455
12571 4 2 0 1 1903 1851 1896 1904
12572 4 2 0 1 2069 169 165 455
12573 4 2 0 1 1904 1295 1903 1851
12574 4 2 0 1 166 2069 169 165
12575 4 2 0 1 166 1381 2069 165
12576 4 2 0 1 2055 2050 1268 2053
12577 4 2 0 1 1381 163 165 164
12578 4 2 0 1 167 1467 1327 1415
12579 4 2 0 1 1315 1996 1999 2013
12580 4 2 0 1 239 282 237 1484
12581 4 2 0 1 1314 2001 2004 175
12582 4 2 0 1 476 617 1399 1484
12583 4 2 0 1 1996 1992 1999 1247
12584 4 2 0 1 1295 1720 1853 2136
12585 4 2 0 1 2357 104 467 1412
12586 4 2 0 1 1321 1402 103 1412
12587 4 2 0 1 613 1669 510 72
12588 4 2 0 1 1669 415 510 72
12589 4 2 0 1 280 1458 281 1913
12590 4 2 0 1 214 1353 228 2171
12591 4 2 0 1 525 1353 195 193
12592 4 2 0 1 2050 2055 1261 2053
12593 4 2 0 1 1930 653 995 967
12594 4 2 0 1 216 1506 483 328
12595 4 2 0 1 1419 208 1698 2143
12596 4 2 0 1 216 1506 208 483
12597 4 2 0 1 328 1506 483 482
12598 4 2 0 1 1419 1506 208 207
12599 4 2 0 1 1589 1930 1931 995
12600 4 2 0 1 1373 972 1385 38
12601 4 2 0 1 271 243 1400 230
12602 4 2 0 1 1847 1229 1869 1714
12603 4 2 0 1 1599 1559 2060 1711
12604 4 2 0 1 440 1796 1323 2175
12605 4 2 0 1 2280 1272 1849 2074
12606 4 2 0 1 2175 603 241 242
12607 4 2 0 1 2305 2372 712 2304
12608 4 2 0 1 2175 360 495 626
12609 4 2 0 1 440 1796 2175 1506
12610 4 2 0 1 1832 222 223 252
12611 4 2 0 1 277 1830 1832 253
12612 4 2 0 1 95 1466 83 1474
12613 4 2 0 1 422 1994 94 421
12614 4 2 0 1 223 254 1832 253
12615 4 2 0 1 1229 1847 1849 1846
12616 4 2 0 1 1350 235 1330 234
12617 4 2 0 1 453 234 226 1350
12618 4 2 0 1 234 190 226 1350
12619 4 2 0 1 749 1566 750 885
12620 4 2 0 1 1997 1250 1249 1248
12621 4 2 0 1 1947 1512 2297 1511
12622 4 2 0 1 1417 1445 2255 285
12623 4 2 0 1 107 2369 1343 105
12624 4 2 0 1 1367 646 390 1366
12625 4 2 0 1 107 106 2369 105
12626 4 2 0 1 1560 1559 2060 1599
12627 4 2 0 1 1422 1419 527 1795
12628 4 2 0 1 1601 1599 2060 1711
12629 4 2 0 1 1422 1419 1795 1764
12630 4 2 0 1 2255 284 264 285
12631 4 2 0 1 1417 264 285 2255
12632 4 2 0 1 1601 1560 2060 1599
12633 4 2 0 1 2067 2065 2068 2064
12634 4 2 0 1 227 284 264 2255
12635 4 2 0 1 2178 2255 1424 2179
12636 4 2 0 1 1267 2065 2068 2350
12637 4 2 0 1 1417 264 2255 1471
12638 4 2 0 1 2065 1267 2068 2064
12639 4 2 0 1 1779 2074 1849 1271
12640 4 2 0 1 425 636 2068 1374
12641 4 2 0 1 425 1669 2068 636
12642 4 2 0 1 41 79 1455 534
12643 4 2 0 1 1265 1260 1261 1262
12644 4 2 0 1 1392 306 341 373
12645 4 2 0 1 1625 953 952 1632
12646 4 2 0 1 1373 40 1455 1677
12647 4 2 0 1 953 1625 952 968
12648 4 2 0 1 247 337 1504 435
12649 4 2 0 1 476 477 330 1399
12650 4 2 0 1 393 1286 2112 127
12651 4 2 0 1 537 393 2112 127
12652 4 2 0 1 298 257 2359 297
12653 4 2 0 1 69 1365 6 80
12654 4 2 0 1 1978 614 460 138
12655 4 2 0 1 1500 1498 2223 1499
12656 4 2 0 1 1670 956 1138 1150
12657 4 2 0 1 1978 614 138 1500
12658 4 2 0 1 1978 614 1500 1480
12659 4 2 0 1 2376 1443 1444 318
12660 4 2 0 1 2210 1843 1845 1214
12661 4 2 0 1 1506 217 527 1367
12662 4 2 0 1 526 1422 527 1367
12663 4 2 0 1 206 2144 184 425
12664 4 2 0 1 1516 1502 647 1413
$EndElements
